0,111,-0
-3.7007e-14,111,-0.00026167
7.3175,111,-0.00052308
-3.0871,111,-0.00078422
-15.922,111,-0.0010451
-18.013,111,-0.0013057
-17.647,111,-0.0015661
-19.412,111,-0.0018262
-22.109,111,-0.002086
-25.064,111,-0.0023456
-28.093,111,-0.0026049
-31.149,111,-0.002864
-34.214,111,-0.0031228
-37.284,111,-0.0033814
-40.355,111,-0.0036397
-43.425,111,-0.0038977
-46.493,111,-0.0041555
-49.557,111,-0.004413
-52.615,111,-0.0046702
-55.667,111,-0.0049272
-58.711,111,-0.005184
-61.747,111,-0.0054405
-64.771,111,-0.0056967
-67.785,111,-0.0059527
-70.785,111,-0.0062084
-73.772,111,-0.0064638
-76.744,111,-0.0067191
-79.7,111,-0.006974
-82.639,111,-0.0072287
-85.559,111,-0.0074832
-88.46,111,-0.0077373
-91.34,111,-0.0079913
-94.2,111,-0.008245
-97.037,111,-0.0084984
-99.851,111,-0.0087516
-102.64,111,-0.0090045
-105.41,111,-0.0092571
-108.14,111,-0.0095096
-110.86,111,-0.0097617
-113.54,111,-0.010014
-116.2,111,-0.010265
-118.83,111,-0.010517
-121.43,111,-0.010768
-124,111,-0.011019
-126.54,111,-0.011269
-129.05,111,-0.01152
-131.53,111,-0.01177
-133.98,111,-0.01202
-136.39,111,-0.01227
-138.77,111,-0.012519
-141.13,111,-0.012768
-143.45,111,-0.013017
-145.73,111,-0.013266
-147.99,111,-0.013514
-150.21,111,-0.013762
-152.4,111,-0.01401
-154.55,111,-0.014258
-156.68,111,-0.014505
-158.77,111,-0.014752
-160.83,111,-0.014999
-162.86,111,-0.015246
-164.85,111,-0.015492
-166.82,111,-0.015739
-168.75,111,-0.015985
-170.65,111,-0.01623
-172.53,111,-0.016476
-174.37,111,-0.016721
-176.18,111,-0.016966
-177.97,111,-0.017211
-179.73,111,-0.017455
-181.46,111,-0.017699
-183.16,111,-0.017943
-184.83,111,-0.018187
-186.48,111,-0.01843
-188.11,111,-0.018674
-189.71,111,-0.018917
-191.28,111,-0.019159
-192.84,111,-0.019402
-194.37,111,-0.019644
-195.88,111,-0.019886
-197.37,111,-0.020128
-198.83,111,-0.02037
-200.28,111,-0.020611
-201.71,111,-0.020852
-203.12,111,-0.021093
-204.52,111,-0.021333
-205.9,111,-0.021574
-207.26,111,-0.021814
-208.61,111,-0.022054
-209.94,111,-0.022293
-211.26,111,-0.022533
-212.57,111,-0.022772
-213.87,111,-0.023011
-215.15,111,-0.023249
-216.43,111,-0.023488
-217.69,111,-0.023726
-218.95,111,-0.023964
-220.19,111,-0.024202
-221.43,111,-0.024439
-222.66,111,-0.024677
-223.89,111,-0.024914
-225.1,111,-0.02515
-226.31,111,-0.025387
-227.52,111,-0.025623
-228.72,111,-0.025859
-229.92,111,-0.026095
-231.11,111,-0.026331
-232.3,111,-0.026566
-233.49,111,-0.026801
-234.67,111,-0.027036
-235.85,111,-0.027271
-237.03,111,-0.027505
-238.21,111,-0.027739
-239.39,111,-0.027973
-240.56,111,-0.028207
-241.73,111,-0.02844
-242.9,111,-0.028674
-244.07,111,-0.028907
-245.24,111,-0.029139
-246.41,111,-0.029372
-247.58,111,-0.029604
-248.75,111,-0.029836
-249.91,111,-0.030068
-251.08,111,-0.0303
-252.24,111,-0.030531
-253.41,111,-0.030762
-254.57,111,-0.030993
-255.73,111,-0.031224
-256.9,111,-0.031454
-258.06,111,-0.031685
-259.22,111,-0.031915
-260.37,111,-0.032144
-261.53,111,-0.032374
-262.69,111,-0.032603
-263.84,111,-0.032832
-264.99,111,-0.033061
-266.14,111,-0.03329
-267.29,111,-0.033518
-268.44,111,-0.033746
-269.58,111,-0.033974
-270.72,111,-0.034202
-271.86,111,-0.034429
-272.99,111,-0.034657
-274.12,111,-0.034884
-275.25,111,-0.035111
-276.38,111,-0.035337
-277.5,111,-0.035563
-278.61,111,-0.03579
-279.73,111,-0.036015
-280.84,111,-0.036241
-281.94,111,-0.036467
-283.04,111,-0.036692
-284.13,111,-0.036917
-285.22,111,-0.037142
-286.31,111,-0.037366
-287.39,111,-0.03759
-288.46,111,-0.037815
-289.53,111,-0.038038
-290.6,111,-0.038262
-291.66,111,-0.038485
-292.71,111,-0.038709
-293.76,111,-0.038932
-294.8,111,-0.039154
-295.84,111,-0.039377
-296.87,111,-0.039599
-297.9,111,-0.039821
-298.92,111,-0.040043
-299.93,111,-0.040265
-300.94,111,-0.040486
-301.95,111,-0.040707
-302.95,111,-0.040928
-303.94,111,-0.041149
-304.93,111,-0.04137
-305.92,111,-0.04159
-306.9,111,-0.04181
-307.87,111,-0.04203
-308.85,111,-0.04225
-309.81,111,-0.042469
-310.78,111,-0.042688
-311.74,111,-0.042907
-312.7,111,-0.043126
-313.65,111,-0.043345
-314.6,111,-0.043563
-315.55,111,-0.043781
-316.49,111,-0.043999
-317.44,111,-0.044217
-318.38,111,-0.044434
-319.32,111,-0.044652
-320.26,111,-0.044869
-321.2,111,-0.045085
-322.14,111,-0.045302
-323.07,111,-0.045518
-324.01,111,-0.045735
-324.95,111,-0.045951
-325.89,111,-0.046166
-326.82,111,-0.046382
-327.77,111,-0.046597
-328.71,111,-0.046812
-329.65,111,-0.047027
-330.6,111,-0.047242
-331.55,111,-0.047456
-332.5,111,-0.04767
-333.46,111,-0.047884
-334.42,111,-0.048098
-335.39,111,-0.048312
-336.36,111,-0.048525
-337.33,111,-0.048738
-338.31,111,-0.048951
-339.3,111,-0.049164
-340.29,111,-0.049377
-341.29,111,-0.049589
-342.29,111,-0.049801
-343.3,111,-0.050013
-344.32,111,-0.050225
-345.35,111,-0.050436
-346.39,111,-0.050647
-347.43,111,-0.050858
-348.48,111,-0.051069
-349.54,111,-0.05128
-350.61,111,-0.05149
-351.69,111,-0.0517
-352.78,111,-0.05191
-353.88,111,-0.05212
-354.99,111,-0.05233
-356.11,111,-0.052539
-357.24,111,-0.052748
-358.38,111,-0.052957
-359.53,111,-0.053166
-360.7,111,-0.053375
-361.87,111,-0.053583
-363.06,111,-0.053791
-364.25,111,-0.053999
-365.47,111,-0.054207
-366.69,111,-0.054414
-367.92,111,-0.054621
-369.17,111,-0.054828
-370.43,111,-0.055035
-371.7,111,-0.055242
-372.98,111,-0.055448
-374.28,111,-0.055655
-375.59,111,-0.055861
-376.91,111,-0.056067
-378.25,111,-0.056272
-379.6,111,-0.056478
-380.96,111,-0.056683
-382.33,111,-0.056888
-383.72,111,-0.057093
-385.12,111,-0.057297
-386.53,111,-0.057502
-387.96,111,-0.057706
-389.4,111,-0.05791
-390.85,111,-0.058114
-392.32,111,-0.058317
-393.79,111,-0.058521
-395.28,111,-0.058724
-396.79,111,-0.058927
-398.3,111,-0.059129
-399.83,111,-0.059332
-401.37,111,-0.059534
-402.92,111,-0.059737
-404.49,111,-0.059939
-406.07,111,-0.06014
-407.66,111,-0.060342
-409.26,111,-0.060543
-410.87,111,-0.060744
-412.5,111,-0.060945
-414.14,111,-0.061146
-415.79,111,-0.061347
-417.45,111,-0.061547
-419.12,111,-0.061747
-420.8,111,-0.061947
-422.5,111,-0.062147
-424.2,111,-0.062346
-425.92,111,-0.062546
-427.64,111,-0.062745
-429.38,111,-0.062944
-431.13,111,-0.063143
-432.89,111,-0.063341
-434.66,111,-0.06354
-436.43,111,-0.063738
-438.22,111,-0.063936
-440.02,111,-0.064133
-441.83,111,-0.064331
-443.65,111,-0.064528
-445.47,111,-0.064726
-447.31,111,-0.064923
-449.15,111,-0.065119
-451.01,111,-0.065316
-452.87,111,-0.065512
-454.74,111,-0.065708
-456.62,111,-0.065904
-458.51,111,-0.0661
-460.41,111,-0.066296
-462.31,111,-0.066491
-464.23,111,-0.066686
-466.15,111,-0.066881
-468.08,111,-0.067076
-470.02,111,-0.067271
-471.96,111,-0.067465
-473.91,111,-0.06766
-475.87,111,-0.067854
-477.84,111,-0.068047
-479.81,111,-0.068241
-481.8,111,-0.068435
-483.78,111,-0.068628
-485.78,111,-0.068821
-487.78,111,-0.069014
-489.79,111,-0.069207
-491.81,111,-0.069399
-493.83,111,-0.069591
-495.86,111,-0.069783
-497.89,111,-0.069975
-499.93,111,-0.070167
-501.98,111,-0.070359
-504.04,111,-0.07055
-506.09,111,-0.070741
-508.16,111,-0.070932
-510.23,111,-0.071123
-512.31,111,-0.071313
-514.39,111,-0.071504
-516.48,111,-0.071694
-518.57,111,-0.071884
-520.67,111,-0.072074
-522.78,111,-0.072263
-524.89,111,-0.072453
-527,111,-0.072642
-529.12,111,-0.072831
-531.24,111,-0.07302
-533.37,111,-0.073209
-535.51,111,-0.073397
-537.65,111,-0.073586
-539.79,111,-0.073774
-541.94,111,-0.073962
-544.09,111,-0.074149
-546.25,111,-0.074337
-548.41,111,-0.074524
-550.58,111,-0.074711
-552.75,111,-0.074898
-554.92,111,-0.075085
-557.1,111,-0.075272
-559.28,111,-0.075458
-561.47,111,-0.075645
-563.66,111,-0.075831
-565.85,111,-0.076017
-568.04,111,-0.076202
-570.24,111,-0.076388
-572.45,111,-0.076573
-574.65,111,-0.076758
-576.86,111,-0.076943
-579.07,111,-0.077128
-581.29,111,-0.077312
-583.51,111,-0.077497
-585.73,111,-0.077681
-587.95,111,-0.077865
-590.18,111,-0.078049
-592.4,111,-0.078233
-594.64,111,-0.078416
-596.87,111,-0.078599
-599.1,111,-0.078782
-601.34,111,-0.078965
-603.58,111,-0.079148
-605.82,111,-0.079331
-608.06,111,-0.079513
-610.3,111,-0.079695
-612.54,111,-0.079877
-614.79,111,-0.080059
-617.03,111,-0.080241
-619.28,111,-0.080422
-621.53,111,-0.080604
-623.77,111,-0.080785
-626.02,111,-0.080966
-628.27,111,-0.081146
-630.52,111,-0.081327
-632.77,111,-0.081507
-635.02,111,-0.081687
-637.27,111,-0.081867
-639.52,111,-0.082047
-641.76,111,-0.082227
-644.01,111,-0.082406
-646.26,111,-0.082586
-648.5,111,-0.082765
-650.75,111,-0.082944
-652.99,111,-0.083123
-655.23,111,-0.083301
-657.48,111,-0.08348
-659.71,111,-0.083658
-661.95,111,-0.083836
-664.19,111,-0.084014
-666.42,111,-0.084191
-668.65,111,-0.084369
-670.88,111,-0.084546
-673.11,111,-0.084723
-675.33,111,-0.0849
-677.55,111,-0.085077
-679.77,111,-0.085254
-681.98,111,-0.08543
-684.19,111,-0.085607
-686.4,111,-0.085783
-688.61,111,-0.085959
-690.81,111,-0.086134
-693,111,-0.08631
-695.2,111,-0.086485
-697.39,111,-0.086661
-699.57,111,-0.086836
-701.75,111,-0.087011
-703.93,111,-0.087185
-706.1,111,-0.08736
-708.26,111,-0.087534
-710.42,111,-0.087708
-712.58,111,-0.087882
-714.73,111,-0.088056
-716.88,111,-0.08823
-719.02,111,-0.088403
-721.15,111,-0.088577
-723.28,111,-0.08875
-725.41,111,-0.088923
-727.52,111,-0.089095
-729.63,111,-0.089268
-731.74,111,-0.089441
-733.84,111,-0.089613
-735.93,111,-0.089785
-738.01,111,-0.089957
-740.09,111,-0.090129
-742.16,111,-0.0903
-744.23,111,-0.090472
-746.29,111,-0.090643
-748.34,111,-0.090814
-750.38,111,-0.090985
-752.41,111,-0.091156
-754.44,111,-0.091326
-756.46,111,-0.091497
-758.48,111,-0.091667
-760.48,111,-0.091837
-762.48,111,-0.092007
-764.47,111,-0.092176
-766.45,111,-0.092346
-768.42,111,-0.092515
-770.38,111,-0.092684
-772.34,111,-0.092853
-774.28,111,-0.093022
-776.22,111,-0.093191
-778.15,111,-0.09336
-780.07,111,-0.093528
-781.98,111,-0.093696
-783.88,111,-0.093864
-785.78,111,-0.094032
-787.66,111,-0.0942
-789.54,111,-0.094367
-791.4,111,-0.094535
-793.26,111,-0.094702
-795.1,111,-0.094869
-796.94,111,-0.095036
-798.77,111,-0.095202
-800.58,111,-0.095369
-802.39,111,-0.095535
-804.19,111,-0.095701
-805.97,111,-0.095867
-807.75,111,-0.096033
-809.52,111,-0.096199
-811.27,111,-0.096364
-813.02,111,-0.09653
-814.76,111,-0.096695
-816.48,111,-0.09686
-818.2,111,-0.097025
-819.9,111,-0.097189
-821.59,111,-0.097354
-823.28,111,-0.097518
-824.95,111,-0.097683
-826.61,111,-0.097847
-828.26,111,-0.09801
-829.9,111,-0.098174
-831.53,111,-0.098338
-833.14,111,-0.098501
-834.75,111,-0.098664
-836.34,111,-0.098827
-837.93,111,-0.09899
-839.5,111,-0.099153
-841.06,111,-0.099316
-842.61,111,-0.099478
-844.15,111,-0.09964
-845.67,111,-0.099802
-847.19,111,-0.099964
-848.69,111,-0.10013
-850.18,111,-0.10029
-851.66,111,-0.10045
-853.13,111,-0.10061
-854.58,111,-0.10077
-856.03,111,-0.10093
-857.46,111,-0.10109
-858.88,111,-0.10125
-860.29,111,-0.10141
-861.69,111,-0.10157
-863.07,111,-0.10173
-864.44,111,-0.10189
-865.8,111,-0.10205
-867.15,111,-0.10221
-868.49,111,-0.10237
-869.81,111,-0.10253
-871.12,111,-0.10269
-872.42,111,-0.10285
-873.71,111,-0.10301
-874.98,111,-0.10317
-876.24,111,-0.10333
-877.49,111,-0.10349
-878.73,111,-0.10364
-879.95,111,-0.1038
-881.17,111,-0.10396
-882.37,111,-0.10412
-883.55,111,-0.10428
-884.73,111,-0.10443
-885.89,111,-0.10459
-887.04,111,-0.10475
-888.18,111,-0.1049
-889.3,111,-0.10506
-890.41,111,-0.10522
-891.51,111,-0.10537
-892.6,111,-0.10553
-893.67,111,-0.10569
-894.73,111,-0.10584
-895.78,111,-0.106
-896.81,111,-0.10615
-897.83,111,-0.10631
-898.84,111,-0.10647
-899.84,111,-0.10662
-900.83,111,-0.10678
-901.8,111,-0.10693
-902.75,111,-0.10709
-903.7,111,-0.10724
-904.63,111,-0.10739
-905.55,111,-0.10755
-906.46,111,-0.1077
-907.35,111,-0.10786
-908.24,111,-0.10801
-909.11,111,-0.10816
-909.96,111,-0.10832
-910.8,111,-0.10847
-911.63,111,-0.10862
-912.45,111,-0.10878
-913.26,111,-0.10893
-914.05,111,-0.10908
-914.83,111,-0.10924
-915.59,111,-0.10939
-916.35,111,-0.10954
-917.09,111,-0.10969
-917.82,111,-0.10985
-918.53,111,-0.11
-919.24,111,-0.11015
-919.93,111,-0.1103
-920.6,111,-0.11045
-921.27,111,-0.1106
-921.92,111,-0.11075
-922.56,111,-0.11091
-923.19,111,-0.11106
-923.8,111,-0.11121
-924.41,111,-0.11136
-925,111,-0.11151
-925.57,111,-0.11166
-926.14,111,-0.11181
-926.69,111,-0.11196
-927.23,111,-0.11211
-927.76,111,-0.11226
-928.28,111,-0.11241
-928.78,111,-0.11256
-929.27,111,-0.11271
-929.75,111,-0.11285
-930.22,111,-0.113
-930.67,111,-0.11315
-931.11,111,-0.1133
-931.54,111,-0.11345
-931.96,111,-0.1136
-932.37,111,-0.11375
-932.76,111,-0.11389
-933.15,111,-0.11404
-933.52,111,-0.11419
-933.88,111,-0.11434
-934.22,111,-0.11448
-934.56,111,-0.11463
-934.88,111,-0.11478
-935.2,111,-0.11492
-935.5,111,-0.11507
-935.79,111,-0.11522
-936.07,111,-0.11536
-936.33,111,-0.11551
-936.59,111,-0.11566
-936.83,111,-0.1158
-937.07,111,-0.11595
-937.29,111,-0.1161
-937.5,111,-0.11624
-937.7,111,-0.11639
-937.89,111,-0.11653
-938.07,111,-0.11668
-938.23,111,-0.11682
-938.39,111,-0.11697
-938.54,111,-0.11711
-938.67,111,-0.11726
-938.79,111,-0.1174
-938.91,111,-0.11754
-939.01,111,-0.11769
-939.11,111,-0.11783
-939.19,111,-0.11798
-939.26,111,-0.11812
-939.32,111,-0.11826
-939.38,111,-0.11841
-939.42,111,-0.11855
-939.45,111,-0.11869
-939.47,111,-0.11884
-939.48,111,-0.11898
-939.49,111,-0.11912
-939.48,111,-0.11927
-939.46,111,-0.11941
-939.44,111,-0.11955
-939.4,111,-0.11969
-939.36,111,-0.11983
-939.3,111,-0.11998
-939.24,111,-0.12012
-939.17,111,-0.12026
-939.08,111,-0.1204
-938.99,111,-0.12054
-938.89,111,-0.12068
-938.79,111,-0.12082
-938.67,111,-0.12097
-938.54,111,-0.12111
-938.41,111,-0.12125
-938.27,111,-0.12139
-938.11,111,-0.12153
-937.96,111,-0.12167
-937.79,111,-0.12181
-937.61,111,-0.12195
-937.43,111,-0.12209
-937.23,111,-0.12223
-937.03,111,-0.12237
-936.83,111,-0.12251
-936.61,111,-0.12265
-936.39,111,-0.12278
-936.16,111,-0.12292
-935.92,111,-0.12306
-935.67,111,-0.1232
-935.42,111,-0.12334
-935.16,111,-0.12348
-934.89,111,-0.12362
-934.62,111,-0.12375
-934.34,111,-0.12389
-934.05,111,-0.12403
-933.75,111,-0.12417
-933.45,111,-0.12431
-933.14,111,-0.12444
-932.83,111,-0.12458
-932.51,111,-0.12472
-932.18,111,-0.12485
-931.85,111,-0.12499
-931.51,111,-0.12513
-931.16,111,-0.12526
-930.81,111,-0.1254
-930.45,111,-0.12554
-930.09,111,-0.12567
-929.72,111,-0.12581
-929.35,111,-0.12595
-928.97,111,-0.12608
-928.58,111,-0.12622
-928.19,111,-0.12635
-927.8,111,-0.12649
-927.4,111,-0.12662
-926.99,111,-0.12676
-926.58,111,-0.12689
-926.16,111,-0.12703
-925.74,111,-0.12716
-925.32,111,-0.1273
-924.89,111,-0.12743
-924.46,111,-0.12757
-924.02,111,-0.1277
-923.58,111,-0.12783
-923.13,111,-0.12797
-922.68,111,-0.1281
-922.23,111,-0.12824
-921.77,111,-0.12837
-921.31,111,-0.1285
-920.84,111,-0.12864
-920.37,111,-0.12877
-919.9,111,-0.1289
-919.42,111,-0.12903
-918.94,111,-0.12917
-918.46,111,-0.1293
-917.98,111,-0.12943
-917.49,111,-0.12956
-917,111,-0.1297
-916.5,111,-0.12983
-916.01,111,-0.12996
-915.51,111,-0.13009
-915.01,111,-0.13022
-914.5,111,-0.13036
-914,111,-0.13049
-913.49,111,-0.13062
-912.98,111,-0.13075
-912.46,111,-0.13088
-911.95,111,-0.13101
-911.43,111,-0.13114
-910.91,111,-0.13127
-910.39,111,-0.1314
-909.87,111,-0.13153
-909.35,111,-0.13166
-908.82,111,-0.13179
-908.3,111,-0.13192
-907.77,111,-0.13205
-907.24,111,-0.13218
-906.72,111,-0.13231
-906.19,111,-0.13244
-905.66,111,-0.13257
-905.12,111,-0.1327
-904.59,111,-0.13283
-904.06,111,-0.13296
-903.53,111,-0.13309
-902.99,111,-0.13322
-902.46,111,-0.13334
-901.93,111,-0.13347
-901.39,111,-0.1336
-900.86,111,-0.13373
-900.33,111,-0.13386
-899.79,111,-0.13399
-899.26,111,-0.13411
-898.73,111,-0.13424
-898.2,111,-0.13437
-897.66,111,-0.1345
-897.13,111,-0.13462
-896.6,111,-0.13475
-896.07,111,-0.13488
-895.54,111,-0.135
-895.02,111,-0.13513
-894.49,111,-0.13526
-893.96,111,-0.13538
-893.44,111,-0.13551
-892.92,111,-0.13564
-892.4,111,-0.13576
-891.88,111,-0.13589
-891.36,111,-0.13601
-890.84,111,-0.13614
-890.32,111,-0.13627
-889.81,111,-0.13639
-889.3,111,-0.13652
-888.79,111,-0.13664
-888.28,111,-0.13677
-887.78,111,-0.13689
-887.27,111,-0.13702
-886.77,111,-0.13714
-886.27,111,-0.13727
-885.78,111,-0.13739
-885.28,111,-0.13751
-884.79,111,-0.13764
-884.3,111,-0.13776
-883.82,111,-0.13789
-883.33,111,-0.13801
-882.85,111,-0.13813
-882.38,111,-0.13826
-881.9,111,-0.13838
-881.43,111,-0.1385
-880.96,111,-0.13863
-880.5,111,-0.13875
-880.04,111,-0.13887
-879.58,111,-0.139
-879.12,111,-0.13912
-878.67,111,-0.13924
-878.22,111,-0.13936
-877.78,111,-0.13949
-877.34,111,-0.13961
-876.9,111,-0.13973
-876.47,111,-0.13985
-876.04,111,-0.13998
-875.61,111,-0.1401
-875.19,111,-0.14022
-874.77,111,-0.14034
-874.36,111,-0.14046
-873.95,111,-0.14058
-873.54,111,-0.1407
-873.14,111,-0.14083
-872.75,111,-0.14095
-872.35,111,-0.14107
-871.97,111,-0.14119
-871.58,111,-0.14131
-871.21,111,-0.14143
-870.83,111,-0.14155
-870.46,111,-0.14167
-870.1,111,-0.14179
-869.74,111,-0.14191
-869.38,111,-0.14203
-869.03,111,-0.14215
-868.69,111,-0.14227
-868.34,111,-0.14239
-868.01,111,-0.14251
-867.68,111,-0.14263
-867.35,111,-0.14275
-867.03,111,-0.14286
-866.72,111,-0.14298
-866.41,111,-0.1431
-866.1,111,-0.14322
-865.8,111,-0.14334
-865.51,111,-0.14346
-865.22,111,-0.14358
-864.94,111,-0.14369
-864.66,111,-0.14381
-864.39,111,-0.14393
-864.12,111,-0.14405
-863.86,111,-0.14417
-863.6,111,-0.14428
-863.35,111,-0.1444
-863.11,111,-0.14452
-862.87,111,-0.14463
-862.64,111,-0.14475
-862.41,111,-0.14487
-862.19,111,-0.14499
-861.97,111,-0.1451
-861.76,111,-0.14522
-861.56,111,-0.14534
-861.36,111,-0.14545
-861.17,111,-0.14557
-860.98,111,-0.14568
-860.8,111,-0.1458
-860.63,111,-0.14592
-860.46,111,-0.14603
-860.29,111,-0.14615
-860.14,111,-0.14626
-859.99,111,-0.14638
-859.84,111,-0.14649
-859.71,111,-0.14661
-859.57,111,-0.14673
-859.45,111,-0.14684
-859.33,111,-0.14695
-859.22,111,-0.14707
-859.11,111,-0.14718
-859.01,111,-0.1473
-858.91,111,-0.14741
-858.83,111,-0.14753
-858.74,111,-0.14764
-858.67,111,-0.14776
-858.6,111,-0.14787
-858.53,111,-0.14798
-858.48,111,-0.1481
-858.43,111,-0.14821
-858.38,111,-0.14832
-858.34,111,-0.14844
-858.31,111,-0.14855
-858.29,111,-0.14866
-858.27,111,-0.14878
-858.26,111,-0.14889
-858.25,111,-0.149
-858.25,111,-0.14912
-858.26,111,-0.14923
-858.27,111,-0.14934
-858.29,111,-0.14945
-858.31,111,-0.14957
-858.34,111,-0.14968
-858.38,111,-0.14979
-858.43,111,-0.1499
-858.48,111,-0.15001
-858.53,111,-0.15013
-858.6,111,-0.15024
-858.67,111,-0.15035
-858.74,111,-0.15046
-858.83,111,-0.15057
-858.91,111,-0.15068
-859.01,111,-0.15079
-859.11,111,-0.1509
-859.22,111,-0.15102
-859.33,111,-0.15113
-859.45,111,-0.15124
-859.58,111,-0.15135
-859.71,111,-0.15146
-859.85,111,-0.15157
-859.99,111,-0.15168
-860.14,111,-0.15179
-860.3,111,-0.1519
-860.46,111,-0.15201
-860.63,111,-0.15212
-860.81,111,-0.15223
-860.99,111,-0.15234
-861.18,111,-0.15245
-861.37,111,-0.15256
-861.57,111,-0.15267
-861.78,111,-0.15277
-861.99,111,-0.15288
-862.21,111,-0.15299
-862.43,111,-0.1531
-862.66,111,-0.15321
-862.89,111,-0.15332
-863.13,111,-0.15343
-863.38,111,-0.15353
-863.63,111,-0.15364
-863.89,111,-0.15375
-864.16,111,-0.15386
-864.43,111,-0.15397
-864.7,111,-0.15407
-864.98,111,-0.15418
-865.27,111,-0.15429
-865.56,111,-0.1544
-865.86,111,-0.1545
-866.17,111,-0.15461
-866.47,111,-0.15472
-866.79,111,-0.15483
-867.11,111,-0.15493
-867.43,111,-0.15504
-867.77,111,-0.15515
-868.1,111,-0.15525
-868.44,111,-0.15536
-868.79,111,-0.15547
-869.14,111,-0.15557
-869.5,111,-0.15568
-869.86,111,-0.15578
-870.23,111,-0.15589
-870.6,111,-0.156
-870.98,111,-0.1561
-871.36,111,-0.15621
-871.75,111,-0.15631
-872.14,111,-0.15642
-872.54,111,-0.15652
-872.94,111,-0.15663
-873.35,111,-0.15673
-873.76,111,-0.15684
-874.17,111,-0.15694
-874.6,111,-0.15705
-875.02,111,-0.15715
-875.45,111,-0.15726
-875.89,111,-0.15736
-876.32,111,-0.15747
-876.77,111,-0.15757
-877.22,111,-0.15768
-877.67,111,-0.15778
-878.12,111,-0.15788
-878.58,111,-0.15799
-879.05,111,-0.15809
-879.52,111,-0.1582
-879.99,111,-0.1583
-880.47,111,-0.1584
-880.95,111,-0.15851
-881.43,111,-0.15861
-881.92,111,-0.15871
-882.42,111,-0.15881
-882.91,111,-0.15892
-883.41,111,-0.15902
-883.92,111,-0.15912
-884.42,111,-0.15923
-884.94,111,-0.15933
-885.45,111,-0.15943
-885.97,111,-0.15953
-886.49,111,-0.15964
-887.02,111,-0.15974
-887.54,111,-0.15984
-888.08,111,-0.15994
-888.61,111,-0.16004
-889.15,111,-0.16015
-889.69,111,-0.16025
-890.23,111,-0.16035
-890.78,111,-0.16045
-891.33,111,-0.16055
-891.88,111,-0.16065
-892.44,111,-0.16075
-893,111,-0.16085
-893.56,111,-0.16096
-894.12,111,-0.16106
-894.69,111,-0.16116
-895.26,111,-0.16126
-895.83,111,-0.16136
-896.4,111,-0.16146
-896.98,111,-0.16156
-897.56,111,-0.16166
-898.14,111,-0.16176
-898.72,111,-0.16186
-899.3,111,-0.16196
-899.89,111,-0.16206
-900.48,111,-0.16216
-901.07,111,-0.16226
-901.66,111,-0.16236
-902.26,111,-0.16246
-902.86,111,-0.16256
-903.45,111,-0.16265
-904.05,111,-0.16275
-904.65,111,-0.16285
-905.26,111,-0.16295
-905.86,111,-0.16305
-906.47,111,-0.16315
-907.08,111,-0.16325
-907.68,111,-0.16335
-908.29,111,-0.16344
-908.9,111,-0.16354
-909.52,111,-0.16364
-910.13,111,-0.16374
-910.74,111,-0.16384
-911.36,111,-0.16394
-911.97,111,-0.16403
-912.59,111,-0.16413
-913.21,111,-0.16423
-913.83,111,-0.16433
-914.44,111,-0.16442
-915.06,111,-0.16452
-915.68,111,-0.16462
-916.3,111,-0.16472
-916.92,111,-0.16481
-917.54,111,-0.16491
-918.17,111,-0.16501
-918.79,111,-0.1651
-919.41,111,-0.1652
-920.03,111,-0.1653
-920.65,111,-0.16539
-921.27,111,-0.16549
-921.89,111,-0.16559
-922.52,111,-0.16568
-923.14,111,-0.16578
-923.76,111,-0.16587
-924.38,111,-0.16597
-925,111,-0.16606
-925.62,111,-0.16616
-926.24,111,-0.16626
-926.85,111,-0.16635
-927.47,111,-0.16645
-928.09,111,-0.16654
-928.71,111,-0.16664
-929.32,111,-0.16673
-929.94,111,-0.16683
-930.55,111,-0.16692
-931.16,111,-0.16702
-931.77,111,-0.16711
-932.38,111,-0.16721
-932.99,111,-0.1673
-933.6,111,-0.1674
-934.21,111,-0.16749
-934.81,111,-0.16758
-935.42,111,-0.16768
-936.02,111,-0.16777
-936.62,111,-0.16787
-937.22,111,-0.16796
-937.82,111,-0.16805
-938.42,111,-0.16815
-939.01,111,-0.16824
-939.6,111,-0.16834
-940.2,111,-0.16843
-940.78,111,-0.16852
-941.37,111,-0.16862
-941.96,111,-0.16871
-942.54,111,-0.1688
-943.12,111,-0.16889
-943.7,111,-0.16899
-944.28,111,-0.16908
-944.85,111,-0.16917
-945.42,111,-0.16927
-945.99,111,-0.16936
-946.56,111,-0.16945
-947.12,111,-0.16954
-947.69,111,-0.16963
-948.24,111,-0.16973
-948.8,111,-0.16982
-949.36,111,-0.16991
-949.91,111,-0.17
-950.46,111,-0.17009
-951,111,-0.17019
-951.54,111,-0.17028
-952.08,111,-0.17037
-952.62,111,-0.17046
-953.15,111,-0.17055
-953.68,111,-0.17064
-954.21,111,-0.17073
-954.74,111,-0.17082
-955.26,111,-0.17092
-955.78,111,-0.17101
-956.29,111,-0.1711
-956.8,111,-0.17119
-957.31,111,-0.17128
-957.81,111,-0.17137
-958.31,111,-0.17146
-958.81,111,-0.17155
-959.3,111,-0.17164
-959.79,111,-0.17173
-960.28,111,-0.17182
-960.76,111,-0.17191
-961.24,111,-0.172
-961.72,111,-0.17209
-962.19,111,-0.17218
-962.65,111,-0.17227
-963.12,111,-0.17236
-963.57,111,-0.17245
-964.03,111,-0.17254
-964.48,111,-0.17263
-964.93,111,-0.17272
-965.37,111,-0.1728
-965.81,111,-0.17289
-966.24,111,-0.17298
-966.67,111,-0.17307
-967.1,111,-0.17316
-967.52,111,-0.17325
-967.93,111,-0.17334
-968.35,111,-0.17343
-968.75,111,-0.17351
-969.16,111,-0.1736
-969.56,111,-0.17369
-969.95,111,-0.17378
-970.34,111,-0.17387
-970.72,111,-0.17395
-971.1,111,-0.17404
-971.48,111,-0.17413
-971.85,111,-0.17422
-972.22,111,-0.1743
-972.58,111,-0.17439
-972.93,111,-0.17448
-973.29,111,-0.17457
-973.63,111,-0.17465
-973.97,111,-0.17474
-974.31,111,-0.17483
-974.64,111,-0.17491
-974.97,111,-0.175
-975.29,111,-0.17509
-975.61,111,-0.17518
-975.92,111,-0.17526
-976.22,111,-0.17535
-976.52,111,-0.17543
-976.82,111,-0.17552
-977.11,111,-0.17561
-977.39,111,-0.17569
-977.67,111,-0.17578
-977.95,111,-0.17587
-978.22,111,-0.17595
-978.48,111,-0.17604
-978.74,111,-0.17612
-978.99,111,-0.17621
-979.24,111,-0.17629
-979.48,111,-0.17638
-979.72,111,-0.17646
-979.95,111,-0.17655
-980.18,111,-0.17664
-980.4,111,-0.17672
-980.61,111,-0.17681
-980.82,111,-0.17689
-981.03,111,-0.17698
-981.22,111,-0.17706
-981.42,111,-0.17714
-981.6,111,-0.17723
-981.78,111,-0.17731
-981.96,111,-0.1774
-982.13,111,-0.17748
-982.29,111,-0.17757
-982.45,111,-0.17765
-982.6,111,-0.17774
-982.75,111,-0.17782
-982.89,111,-0.1779
-983.03,111,-0.17799
-983.16,111,-0.17807
-983.28,111,-0.17815
-983.4,111,-0.17824
-983.51,111,-0.17832
-983.62,111,-0.17841
-983.72,111,-0.17849
-983.81,111,-0.17857
-983.9,111,-0.17866
-983.98,111,-0.17874
-984.06,111,-0.17882
-984.13,111,-0.1789
-984.2,111,-0.17899
-984.26,111,-0.17907
-984.31,111,-0.17915
-984.36,111,-0.17923
-984.4,111,-0.17932
-984.43,111,-0.1794
-984.46,111,-0.17948
-984.49,111,-0.17956
-984.5,111,-0.17965
-984.52,111,-0.17973
-984.52,111,-0.17981
-984.52,111,-0.17989
-984.52,111,-0.17997
-984.5,111,-0.18006
-984.48,111,-0.18014
-984.46,111,-0.18022
-984.43,111,-0.1803
-984.39,111,-0.18038
-984.35,111,-0.18046
-984.3,111,-0.18055
-984.25,111,-0.18063
-984.19,111,-0.18071
-984.12,111,-0.18079
-984.05,111,-0.18087
-983.97,111,-0.18095
-983.89,111,-0.18103
-983.8,111,-0.18111
-983.71,111,-0.18119
-983.6,111,-0.18127
-983.5,111,-0.18135
-983.38,111,-0.18143
-983.26,111,-0.18151
-983.14,111,-0.18159
-983.01,111,-0.18168
-982.87,111,-0.18176
-982.73,111,-0.18184
-982.58,111,-0.18192
-982.42,111,-0.18199
-982.26,111,-0.18207
-982.09,111,-0.18215
-981.92,111,-0.18223
-981.74,111,-0.18231
-981.56,111,-0.18239
-981.37,111,-0.18247
-981.17,111,-0.18255
-980.97,111,-0.18263
-980.76,111,-0.18271
-980.55,111,-0.18279
-980.33,111,-0.18287
-980.1,111,-0.18295
-979.87,111,-0.18303
-979.64,111,-0.1831
-979.39,111,-0.18318
-979.14,111,-0.18326
-978.89,111,-0.18334
-978.63,111,-0.18342
-978.37,111,-0.1835
-978.09,111,-0.18358
-977.82,111,-0.18365
-977.54,111,-0.18373
-977.25,111,-0.18381
-976.95,111,-0.18389
-976.65,111,-0.18397
-976.35,111,-0.18404
-976.04,111,-0.18412
-975.72,111,-0.1842
-975.4,111,-0.18428
-975.08,111,-0.18435
-974.74,111,-0.18443
-974.4,111,-0.18451
-974.06,111,-0.18459
-973.71,111,-0.18466
-973.36,111,-0.18474
-973,111,-0.18482
-972.63,111,-0.18489
-972.26,111,-0.18497
-971.89,111,-0.18505
-971.51,111,-0.18512
-971.12,111,-0.1852
-970.73,111,-0.18528
-970.33,111,-0.18535
-969.93,111,-0.18543
-969.52,111,-0.18551
-969.11,111,-0.18558
-968.69,111,-0.18566
-968.27,111,-0.18574
-967.84,111,-0.18581
-967.4,111,-0.18589
-966.97,111,-0.18596
-966.52,111,-0.18604
-966.07,111,-0.18611
-965.62,111,-0.18619
-965.16,111,-0.18627
-964.7,111,-0.18634
-964.23,111,-0.18642
-963.76,111,-0.18649
-963.28,111,-0.18657
-962.79,111,-0.18664
-962.31,111,-0.18672
-961.81,111,-0.18679
-961.31,111,-0.18687
-960.81,111,-0.18694
-960.3,111,-0.18702
-959.79,111,-0.18709
-959.28,111,-0.18717
-958.75,111,-0.18724
-958.23,111,-0.18732
-957.7,111,-0.18739
-957.16,111,-0.18746
-956.62,111,-0.18754
-956.08,111,-0.18761
-955.53,111,-0.18769
-954.97,111,-0.18776
-954.42,111,-0.18784
-953.85,111,-0.18791
-953.29,111,-0.18798
-952.72,111,-0.18806
-952.14,111,-0.18813
-951.56,111,-0.1882
-950.98,111,-0.18828
-950.39,111,-0.18835
-949.79,111,-0.18842
-949.2,111,-0.1885
-948.6,111,-0.18857
-947.99,111,-0.18864
-947.38,111,-0.18872
-946.77,111,-0.18879
-946.15,111,-0.18886
-945.53,111,-0.18894
-944.9,111,-0.18901
-944.27,111,-0.18908
-943.64,111,-0.18915
-943,111,-0.18923
-942.36,111,-0.1893
-941.72,111,-0.18937
-941.07,111,-0.18944
-940.41,111,-0.18952
-939.76,111,-0.18959
-939.1,111,-0.18966
-938.43,111,-0.18973
-937.76,111,-0.18981
-937.09,111,-0.18988
-936.42,111,-0.18995
-935.74,111,-0.19002
-935.05,111,-0.19009
-934.37,111,-0.19016
-933.68,111,-0.19024
-932.99,111,-0.19031
-932.29,111,-0.19038
-931.59,111,-0.19045
-930.89,111,-0.19052
-930.18,111,-0.19059
-929.47,111,-0.19066
-928.76,111,-0.19074
-928.04,111,-0.19081
-927.32,111,-0.19088
-926.6,111,-0.19095
-925.87,111,-0.19102
-925.14,111,-0.19109
-924.41,111,-0.19116
-923.67,111,-0.19123
-922.93,111,-0.1913
-922.19,111,-0.19137
-921.45,111,-0.19144
-920.7,111,-0.19151
-919.95,111,-0.19158
-919.2,111,-0.19165
-918.44,111,-0.19172
-917.68,111,-0.19179
-916.92,111,-0.19186
-916.15,111,-0.19193
-915.38,111,-0.192
-914.61,111,-0.19207
-913.84,111,-0.19214
-913.06,111,-0.19221
-912.29,111,-0.19228
-911.5,111,-0.19235
-910.72,111,-0.19242
-909.93,111,-0.19249
-909.15,111,-0.19256
-908.35,111,-0.19263
-907.56,111,-0.1927
-906.76,111,-0.19277
-905.97,111,-0.19284
-905.16,111,-0.1929
-904.36,111,-0.19297
-903.55,111,-0.19304
-902.75,111,-0.19311
-901.94,111,-0.19318
-901.12,111,-0.19325
-900.31,111,-0.19332
-899.49,111,-0.19339
-898.67,111,-0.19345
-897.85,111,-0.19352
-897.03,111,-0.19359
-896.2,111,-0.19366
-895.37,111,-0.19373
-894.54,111,-0.19379
-893.71,111,-0.19386
-892.88,111,-0.19393
-892.04,111,-0.194
-891.2,111,-0.19407
-890.36,111,-0.19413
-889.52,111,-0.1942
-888.68,111,-0.19427
-887.84,111,-0.19434
-886.99,111,-0.1944
-886.14,111,-0.19447
-885.29,111,-0.19454
-884.44,111,-0.19461
-883.58,111,-0.19467
-882.73,111,-0.19474
-881.87,111,-0.19481
-881.01,111,-0.19487
-880.15,111,-0.19494
-879.29,111,-0.19501
-878.43,111,-0.19507
-877.56,111,-0.19514
-876.7,111,-0.19521
-875.83,111,-0.19527
-874.96,111,-0.19534
-874.09,111,-0.19541
-873.22,111,-0.19547
-872.34,111,-0.19554
-871.47,111,-0.19561
-870.59,111,-0.19567
-869.72,111,-0.19574
-868.84,111,-0.1958
-867.96,111,-0.19587
-867.08,111,-0.19594
-866.2,111,-0.196
-865.31,111,-0.19607
-864.43,111,-0.19613
-863.54,111,-0.1962
-862.66,111,-0.19626
-861.77,111,-0.19633
-860.88,111,-0.1964
-859.99,111,-0.19646
-859.1,111,-0.19653
-858.21,111,-0.19659
-857.31,111,-0.19666
-856.42,111,-0.19672
-855.53,111,-0.19679
-854.63,111,-0.19685
-853.73,111,-0.19692
-852.84,111,-0.19698
-851.94,111,-0.19705
-851.04,111,-0.19711
-850.14,111,-0.19718
-849.24,111,-0.19724
-848.34,111,-0.1973
-847.43,111,-0.19737
-846.53,111,-0.19743
-845.63,111,-0.1975
-844.72,111,-0.19756
-843.82,111,-0.19763
-842.91,111,-0.19769
-842.01,111,-0.19775
-841.1,111,-0.19782
-840.19,111,-0.19788
-839.28,111,-0.19795
-838.38,111,-0.19801
-837.47,111,-0.19807
-836.56,111,-0.19814
-835.65,111,-0.1982
-834.74,111,-0.19827
-833.82,111,-0.19833
-832.91,111,-0.19839
-832,111,-0.19846
-831.09,111,-0.19852
-830.18,111,-0.19858
-829.26,111,-0.19865
-828.35,111,-0.19871
-827.43,111,-0.19877
-826.52,111,-0.19883
-825.6,111,-0.1989
-824.69,111,-0.19896
-823.77,111,-0.19902
-822.86,111,-0.19909
-821.94,111,-0.19915
-821.03,111,-0.19921
-820.11,111,-0.19927
-819.19,111,-0.19934
-818.28,111,-0.1994
-817.36,111,-0.19946
-816.44,111,-0.19952
-815.52,111,-0.19959
-814.61,111,-0.19965
-813.69,111,-0.19971
-812.77,111,-0.19977
-811.85,111,-0.19983
-810.93,111,-0.1999
-810.02,111,-0.19996
-809.1,111,-0.20002
-808.18,111,-0.20008
-807.26,111,-0.20014
-806.34,111,-0.2002
-805.42,111,-0.20027
-804.5,111,-0.20033
-803.58,111,-0.20039
-802.67,111,-0.20045
-801.75,111,-0.20051
-800.83,111,-0.20057
-799.91,111,-0.20063
-798.99,111,-0.2007
-798.07,111,-0.20076
-797.15,111,-0.20082
-796.23,111,-0.20088
-795.31,111,-0.20094
-794.4,111,-0.201
-793.48,111,-0.20106
-792.56,111,-0.20112
-791.64,111,-0.20118
-790.72,111,-0.20124
-789.8,111,-0.2013
-788.88,111,-0.20136
-787.97,111,-0.20142
-787.05,111,-0.20148
-786.13,111,-0.20154
-785.21,111,-0.20161
-784.3,111,-0.20167
-783.38,111,-0.20173
-782.46,111,-0.20179
-781.54,111,-0.20185
-780.63,111,-0.20191
-779.71,111,-0.20197
-778.79,111,-0.20202
-777.88,111,-0.20208
-776.96,111,-0.20214
-776.05,111,-0.2022
-775.13,111,-0.20226
-774.21,111,-0.20232
-773.3,111,-0.20238
-772.38,111,-0.20244
-771.47,111,-0.2025
-770.55,111,-0.20256
-769.64,111,-0.20262
-768.72,111,-0.20268
-767.81,111,-0.20274
-766.9,111,-0.2028
-765.98,111,-0.20286
-765.07,111,-0.20291
-764.16,111,-0.20297
-763.24,111,-0.20303
-762.33,111,-0.20309
-761.42,111,-0.20315
-760.51,111,-0.20321
-759.6,111,-0.20327
-758.68,111,-0.20333
-757.77,111,-0.20338
-756.86,111,-0.20344
-755.95,111,-0.2035
-755.04,111,-0.20356
-754.13,111,-0.20362
-753.22,111,-0.20368
-752.31,111,-0.20373
-751.4,111,-0.20379
-750.49,111,-0.20385
-749.58,111,-0.20391
-748.67,111,-0.20397
-747.77,111,-0.20402
-746.86,111,-0.20408
-745.95,111,-0.20414
-745.04,111,-0.2042
-744.14,111,-0.20425
-743.23,111,-0.20431
-742.32,111,-0.20437
-741.41,111,-0.20443
-740.51,111,-0.20448
-739.6,111,-0.20454
-738.7,111,-0.2046
-737.79,111,-0.20466
-736.89,111,-0.20471
-735.98,111,-0.20477
-735.08,111,-0.20483
-734.17,111,-0.20488
-733.27,111,-0.20494
-732.37,111,-0.205
-731.46,111,-0.20505
-730.56,111,-0.20511
-729.66,111,-0.20517
-728.75,111,-0.20522
-727.85,111,-0.20528
-726.95,111,-0.20534
-726.05,111,-0.20539
-725.14,111,-0.20545
-724.24,111,-0.20551
-723.34,111,-0.20556
-722.44,111,-0.20562
-721.54,111,-0.20567
-720.64,111,-0.20573
-719.74,111,-0.20579
-718.84,111,-0.20584
-717.94,111,-0.2059
-717.04,111,-0.20595
-716.14,111,-0.20601
-715.24,111,-0.20607
-714.34,111,-0.20612
-713.44,111,-0.20618
-712.54,111,-0.20623
-711.65,111,-0.20629
-710.75,111,-0.20634
-709.85,111,-0.2064
-708.95,111,-0.20645
-708.05,111,-0.20651
-707.16,111,-0.20657
-706.26,111,-0.20662
-705.36,111,-0.20668
-704.46,111,-0.20673
-703.57,111,-0.20679
-702.67,111,-0.20684
-701.77,111,-0.2069
-700.88,111,-0.20695
-699.98,111,-0.20701
-699.09,111,-0.20706
-698.19,111,-0.20711
-697.29,111,-0.20717
-696.4,111,-0.20722
-695.5,111,-0.20728
-694.61,111,-0.20733
-693.71,111,-0.20739
-692.81,111,-0.20744
-691.92,111,-0.2075
-691.02,111,-0.20755
-690.13,111,-0.2076
-689.23,111,-0.20766
-688.34,111,-0.20771
-687.44,111,-0.20777
-686.55,111,-0.20782
-685.65,111,-0.20788
-684.76,111,-0.20793
-683.86,111,-0.20798
-682.97,111,-0.20804
-682.07,111,-0.20809
-681.18,111,-0.20814
-680.28,111,-0.2082
-679.39,111,-0.20825
-678.49,111,-0.2083
-677.6,111,-0.20836
-676.7,111,-0.20841
-675.81,111,-0.20847
-674.91,111,-0.20852
-674.02,111,-0.20857
-673.12,111,-0.20862
-672.23,111,-0.20868
-671.33,111,-0.20873
-670.44,111,-0.20878
-669.54,111,-0.20884
-668.64,111,-0.20889
-667.75,111,-0.20894
-666.85,111,-0.209
-665.96,111,-0.20905
-665.06,111,-0.2091
-664.17,111,-0.20915
-663.27,111,-0.20921
-662.37,111,-0.20926
-661.48,111,-0.20931
-660.58,111,-0.20936
-659.68,111,-0.20942
-658.79,111,-0.20947
-657.89,111,-0.20952
-656.99,111,-0.20957
-656.1,111,-0.20963
-655.2,111,-0.20968
-654.3,111,-0.20973
-653.4,111,-0.20978
-652.5,111,-0.20983
-651.61,111,-0.20989
-650.71,111,-0.20994
-649.81,111,-0.20999
-648.91,111,-0.21004
-648.01,111,-0.21009
-647.11,111,-0.21014
-646.21,111,-0.2102
-645.31,111,-0.21025
-644.41,111,-0.2103
-643.51,111,-0.21035
-642.61,111,-0.2104
-641.71,111,-0.21045
-640.81,111,-0.21051
-639.9,111,-0.21056
-639,111,-0.21061
-638.1,111,-0.21066
-637.2,111,-0.21071
-636.29,111,-0.21076
-635.39,111,-0.21081
-634.49,111,-0.21086
-633.58,111,-0.21091
-632.68,111,-0.21096
-631.77,111,-0.21102
-630.87,111,-0.21107
-629.96,111,-0.21112
-629.06,111,-0.21117
-628.15,111,-0.21122
-627.24,111,-0.21127
-626.34,111,-0.21132
-625.43,111,-0.21137
-624.52,111,-0.21142
-623.61,111,-0.21147
-622.7,111,-0.21152
-621.79,111,-0.21157
-620.88,111,-0.21162
-619.97,111,-0.21167
-619.06,111,-0.21172
-618.15,111,-0.21177
-617.24,111,-0.21182
-616.33,111,-0.21187
-615.42,111,-0.21192
-614.5,111,-0.21197
-613.59,111,-0.21202
-612.68,111,-0.21207
-611.76,111,-0.21212
-610.85,111,-0.21217
-609.93,111,-0.21222
-609.01,111,-0.21227
-608.1,111,-0.21232
-607.18,111,-0.21237
-606.26,111,-0.21242
-605.34,111,-0.21247
-604.43,111,-0.21252
-603.51,111,-0.21257
-602.59,111,-0.21261
-601.67,111,-0.21266
-600.75,111,-0.21271
-599.82,111,-0.21276
-598.9,111,-0.21281
-597.98,111,-0.21286
-597.06,111,-0.21291
-596.13,111,-0.21296
-595.21,111,-0.21301
-594.28,111,-0.21306
-593.36,111,-0.2131
-592.43,111,-0.21315
-591.5,111,-0.2132
-590.58,111,-0.21325
-589.65,111,-0.2133
-588.72,111,-0.21335
-587.79,111,-0.2134
-586.86,111,-0.21344
-585.93,111,-0.21349
-585,111,-0.21354
-584.06,111,-0.21359
-583.13,111,-0.21364
-582.2,111,-0.21369
-581.26,111,-0.21373
-580.33,111,-0.21378
-579.39,111,-0.21383
-578.46,111,-0.21388
-577.52,111,-0.21393
-576.58,111,-0.21397
-575.64,111,-0.21402
-574.71,111,-0.21407
-573.77,111,-0.21412
-572.83,111,-0.21416
-571.88,111,-0.21421
-570.94,111,-0.21426
-570,111,-0.21431
-569.06,111,-0.21435
-568.11,111,-0.2144
-567.17,111,-0.21445
-566.22,111,-0.2145
-565.28,111,-0.21454
-564.33,111,-0.21459
-563.38,111,-0.21464
-562.43,111,-0.21468
-561.48,111,-0.21473
-560.54,111,-0.21478
-559.58,111,-0.21483
-558.63,111,-0.21487
-557.68,111,-0.21492
-556.73,111,-0.21497
-555.77,111,-0.21501
-554.82,111,-0.21506
-553.87,111,-0.21511
-552.91,111,-0.21515
-551.95,111,-0.2152
-551,111,-0.21525
-550.04,111,-0.21529
-549.08,111,-0.21534
-548.12,111,-0.21539
-547.16,111,-0.21543
-546.2,111,-0.21548
-545.24,111,-0.21553
-544.27,111,-0.21557
-543.31,111,-0.21562
-542.34,111,-0.21566
-541.38,111,-0.21571
-540.41,111,-0.21576
-539.45,111,-0.2158
-538.48,111,-0.21585
-537.51,111,-0.21589
-536.54,111,-0.21594
-535.57,111,-0.21599
-534.6,111,-0.21603
-533.63,111,-0.21608
-532.66,111,-0.21612
-531.69,111,-0.21617
-530.71,111,-0.21621
-529.74,111,-0.21626
-528.76,111,-0.21631
-527.79,111,-0.21635
-526.81,111,-0.2164
-525.83,111,-0.21644
-524.85,111,-0.21649
-523.87,111,-0.21653
-522.89,111,-0.21658
-521.91,111,-0.21662
-520.93,111,-0.21667
-519.95,111,-0.21671
-518.97,111,-0.21676
-517.98,111,-0.2168
-517,111,-0.21685
-516.01,111,-0.21689
-515.03,111,-0.21694
-514.04,111,-0.21698
-513.05,111,-0.21703
-512.06,111,-0.21707
-511.07,111,-0.21712
-510.08,111,-0.21716
-509.09,111,-0.21721
-508.1,111,-0.21725
-507.11,111,-0.2173
-506.12,111,-0.21734
-505.12,111,-0.21738
-504.13,111,-0.21743
-503.13,111,-0.21747
-502.14,111,-0.21752
-501.14,111,-0.21756
-500.14,111,-0.21761
-499.14,111,-0.21765
-498.14,111,-0.21769
-497.14,111,-0.21774
-496.14,111,-0.21778
-495.14,111,-0.21783
-494.14,111,-0.21787
-493.14,111,-0.21791
-492.13,111,-0.21796
-491.13,111,-0.218
-490.13,111,-0.21805
-489.12,111,-0.21809
-488.11,111,-0.21813
-487.11,111,-0.21818
-486.1,111,-0.21822
-485.09,111,-0.21826
-484.08,111,-0.21831
-483.07,111,-0.21835
-482.06,111,-0.21839
-481.05,111,-0.21844
-480.04,111,-0.21848
-479.02,111,-0.21852
-478.01,111,-0.21857
-477,111,-0.21861
-475.98,111,-0.21865
-474.97,111,-0.2187
-473.95,111,-0.21874
-472.93,111,-0.21878
-471.92,111,-0.21883
-470.9,111,-0.21887
-469.88,111,-0.21891
-468.86,111,-0.21895
-467.84,111,-0.219
-466.82,111,-0.21904
-465.8,111,-0.21908
-464.78,111,-0.21913
-463.75,111,-0.21917
-462.73,111,-0.21921
-461.71,111,-0.21925
-460.68,111,-0.2193
-459.66,111,-0.21934
-458.63,111,-0.21938
-457.61,111,-0.21942
-456.58,111,-0.21947
-455.55,111,-0.21951
-454.52,111,-0.21955
-453.5,111,-0.21959
-452.47,111,-0.21963
-451.44,111,-0.21968
-450.41,111,-0.21972
-449.38,111,-0.21976
-448.35,111,-0.2198
-447.31,111,-0.21985
-446.28,111,-0.21989
-445.25,111,-0.21993
-444.22,111,-0.21997
-443.18,111,-0.22001
-442.15,111,-0.22005
-441.11,111,-0.2201
-440.08,111,-0.22014
-439.04,111,-0.22018
-438.01,111,-0.22022
-436.97,111,-0.22026
-435.93,111,-0.2203
-434.89,111,-0.22035
-433.86,111,-0.22039
-432.82,111,-0.22043
-431.78,111,-0.22047
-430.74,111,-0.22051
-429.7,111,-0.22055
-428.66,111,-0.22059
-427.62,111,-0.22063
-426.58,111,-0.22068
-425.54,111,-0.22072
-424.49,111,-0.22076
-423.45,111,-0.2208
-422.41,111,-0.22084
-421.37,111,-0.22088
-420.32,111,-0.22092
-419.28,111,-0.22096
-418.23,111,-0.221
-417.19,111,-0.22104
-416.14,111,-0.22109
-415.1,111,-0.22113
-414.05,111,-0.22117
-413.01,111,-0.22121
-411.96,111,-0.22125
-410.91,111,-0.22129
-409.87,111,-0.22133
-408.82,111,-0.22137
-407.77,111,-0.22141
-406.72,111,-0.22145
-405.68,111,-0.22149
-404.63,111,-0.22153
-403.58,111,-0.22157
-402.53,111,-0.22161
-401.48,111,-0.22165
-400.43,111,-0.22169
-399.38,111,-0.22173
-398.33,111,-0.22177
-397.28,111,-0.22181
-396.23,111,-0.22185
-395.18,111,-0.22189
-394.13,111,-0.22193
-393.08,111,-0.22197
-392.03,111,-0.22201
-390.98,111,-0.22205
-389.93,111,-0.22209
-388.88,111,-0.22213
-387.83,111,-0.22217
-386.77,111,-0.22221
-385.72,111,-0.22225
-384.67,111,-0.22229
-383.62,111,-0.22233
-382.56,111,-0.22237
-381.51,111,-0.22241
-380.46,111,-0.22245
-379.41,111,-0.22249
-378.35,111,-0.22252
-377.3,111,-0.22256
-376.25,111,-0.2226
-375.2,111,-0.22264
-374.14,111,-0.22268
-373.09,111,-0.22272
-372.04,111,-0.22276
-370.98,111,-0.2228
-369.93,111,-0.22284
-368.88,111,-0.22288
-367.83,111,-0.22292
-366.77,111,-0.22295
-365.72,111,-0.22299
-364.67,111,-0.22303
-363.61,111,-0.22307
-362.56,111,-0.22311
-361.51,111,-0.22315
-360.45,111,-0.22319
-359.4,111,-0.22323
-358.35,111,-0.22326
-357.3,111,-0.2233
-356.24,111,-0.22334
-355.19,111,-0.22338
-354.14,111,-0.22342
-353.09,111,-0.22346
-352.03,111,-0.22349
-350.98,111,-0.22353
-349.93,111,-0.22357
-348.88,111,-0.22361
-347.83,111,-0.22365
-346.77,111,-0.22369
-345.72,111,-0.22372
-344.67,111,-0.22376
-343.62,111,-0.2238
-342.57,111,-0.22384
-341.52,111,-0.22388
-340.47,111,-0.22391
-339.42,111,-0.22395
-338.37,111,-0.22399
-337.32,111,-0.22403
-336.27,111,-0.22406
-335.22,111,-0.2241
-334.17,111,-0.22414
-333.12,111,-0.22418
-332.07,111,-0.22422
-331.02,111,-0.22425
-329.97,111,-0.22429
-328.93,111,-0.22433
-327.88,111,-0.22437
-326.83,111,-0.2244
-325.78,111,-0.22444
-324.74,111,-0.22448
-323.69,111,-0.22451
-322.64,111,-0.22455
-321.6,111,-0.22459
-320.55,111,-0.22463
-319.51,111,-0.22466
-318.46,111,-0.2247
-317.42,111,-0.22474
-316.37,111,-0.22477
-315.33,111,-0.22481
-314.29,111,-0.22485
-313.24,111,-0.22489
-312.2,111,-0.22492
-311.16,111,-0.22496
-310.12,111,-0.225
-309.08,111,-0.22503
-308.04,111,-0.22507
-306.99,111,-0.22511
-305.95,111,-0.22514
-304.91,111,-0.22518
-303.88,111,-0.22522
-302.84,111,-0.22525
-301.8,111,-0.22529
-300.76,111,-0.22533
-299.72,111,-0.22536
-298.69,111,-0.2254
-297.65,111,-0.22544
-296.61,111,-0.22547
-295.58,111,-0.22551
-294.54,111,-0.22554
-293.51,111,-0.22558
-292.47,111,-0.22562
-291.44,111,-0.22565
-290.41,111,-0.22569
-289.37,111,-0.22573
-288.34,111,-0.22576
-287.31,111,-0.2258
-286.28,111,-0.22583
-285.25,111,-0.22587
-284.22,111,-0.22591
-283.19,111,-0.22594
-282.16,111,-0.22598
-281.14,111,-0.22601
-280.11,111,-0.22605
-279.08,111,-0.22608
-278.05,111,-0.22612
-277.03,111,-0.22616
-276,111,-0.22619
-274.98,111,-0.22623
-273.96,111,-0.22626
-272.93,111,-0.2263
-271.91,111,-0.22633
-270.89,111,-0.22637
-269.87,111,-0.2264
-268.85,111,-0.22644
-267.83,111,-0.22647
-266.81,111,-0.22651
-265.79,111,-0.22655
-264.77,111,-0.22658
-263.75,111,-0.22662
-262.74,111,-0.22665
-261.72,111,-0.22669
-260.71,111,-0.22672
-259.69,111,-0.22676
-258.68,111,-0.22679
-257.67,111,-0.22683
-256.65,111,-0.22686
-255.64,111,-0.2269
-254.63,111,-0.22693
-253.62,111,-0.22697
-252.61,111,-0.227
-251.6,111,-0.22704
-250.6,111,-0.22707
-249.59,111,-0.2271
-248.58,111,-0.22714
-247.58,111,-0.22717
-246.57,111,-0.22721
-245.57,111,-0.22724
-244.56,111,-0.22728
-243.56,111,-0.22731
-242.56,111,-0.22735
-241.56,111,-0.22738
-240.56,111,-0.22742
-239.56,111,-0.22745
-238.56,111,-0.22748
-237.56,111,-0.22752
-236.57,111,-0.22755
-235.57,111,-0.22759
-234.58,111,-0.22762
-233.58,111,-0.22766
-232.59,111,-0.22769
-231.59,111,-0.22772
-230.6,111,-0.22776
-229.61,111,-0.22779
-228.62,111,-0.22783
-227.63,111,-0.22786
-226.64,111,-0.22789
-225.66,111,-0.22793
-224.67,111,-0.22796
-223.68,111,-0.228
-222.7,111,-0.22803
-221.71,111,-0.22806
-220.73,111,-0.2281
-219.75,111,-0.22813
-218.77,111,-0.22816
-217.78,111,-0.2282
-216.8,111,-0.22823
-215.83,111,-0.22826
-214.85,111,-0.2283
-213.87,111,-0.22833
-212.89,111,-0.22837
-211.92,111,-0.2284
-210.94,111,-0.22843
-209.97,111,-0.22847
-209,111,-0.2285
-208.03,111,-0.22853
-207.06,111,-0.22857
-206.09,111,-0.2286
-205.12,111,-0.22863
-204.15,111,-0.22866
-203.18,111,-0.2287
-202.22,111,-0.22873
-201.25,111,-0.22876
-200.29,111,-0.2288
-199.32,111,-0.22883
-198.36,111,-0.22886
-197.4,111,-0.2289
-196.44,111,-0.22893
-195.48,111,-0.22896
-194.52,111,-0.22899
-193.56,111,-0.22903
-192.61,111,-0.22906
-191.65,111,-0.22909
-190.7,111,-0.22913
-189.74,111,-0.22916
-188.79,111,-0.22919
-187.84,111,-0.22922
-186.89,111,-0.22926
-185.94,111,-0.22929
-184.99,111,-0.22932
-184.04,111,-0.22935
-183.09,111,-0.22939
-182.15,111,-0.22942
-181.2,111,-0.22945
-180.26,111,-0.22948
-179.32,111,-0.22952
-178.37,111,-0.22955
-177.43,111,-0.22958
-176.49,111,-0.22961
-175.55,111,-0.22964
-174.62,111,-0.22968
-173.68,111,-0.22971
-172.74,111,-0.22974
-171.81,111,-0.22977
-170.87,111,-0.2298
-169.94,111,-0.22984
-169.01,111,-0.22987
-168.08,111,-0.2299
-167.15,111,-0.22993
-166.22,111,-0.22996
-165.29,111,-0.23
-164.37,111,-0.23003
-163.44,111,-0.23006
-162.51,111,-0.23009
-161.59,111,-0.23012
-160.67,111,-0.23015
-159.75,111,-0.23019
-158.83,111,-0.23022
-157.91,111,-0.23025
-156.99,111,-0.23028
-156.07,111,-0.23031
-155.15,111,-0.23034
-154.24,111,-0.23038
-153.32,111,-0.23041
-152.41,111,-0.23044
-151.5,111,-0.23047
-150.59,111,-0.2305
-149.68,111,-0.23053
-148.77,111,-0.23056
-147.86,111,-0.23059
-146.95,111,-0.23063
-146.05,111,-0.23066
-145.14,111,-0.23069
-144.24,111,-0.23072
-143.33,111,-0.23075
-142.43,111,-0.23078
-141.53,111,-0.23081
-140.63,111,-0.23084
-139.73,111,-0.23087
-138.83,111,-0.2309
-137.94,111,-0.23094
-137.04,111,-0.23097
-136.15,111,-0.231
-135.25,111,-0.23103
-134.36,111,-0.23106
-133.47,111,-0.23109
-132.58,111,-0.23112
-131.69,111,-0.23115
-130.8,111,-0.23118
-129.91,111,-0.23121
-129.03,111,-0.23124
-128.14,111,-0.23127
-127.26,111,-0.2313
-126.38,111,-0.23133
-125.49,111,-0.23136
-124.61,111,-0.2314
-123.73,111,-0.23143
-122.85,111,-0.23146
-121.98,111,-0.23149
-121.1,111,-0.23152
-120.22,111,-0.23155
-119.35,111,-0.23158
-118.48,111,-0.23161
-117.6,111,-0.23164
-116.73,111,-0.23167
-115.86,111,-0.2317
-114.99,111,-0.23173
-114.12,111,-0.23176
-113.26,111,-0.23179
-112.39,111,-0.23182
-111.53,111,-0.23185
-110.66,111,-0.23188
-109.8,111,-0.23191
-108.94,111,-0.23194
-108.08,111,-0.23197
-107.22,111,-0.232
-106.36,111,-0.23203
-105.5,111,-0.23206
-104.64,111,-0.23209
-103.79,111,-0.23212
-102.93,111,-0.23215
-102.08,111,-0.23218
-101.23,111,-0.23221
-100.38,111,-0.23223
-99.526,111,-0.23226
-98.677,111,-0.23229
-97.829,111,-0.23232
-96.982,111,-0.23235
-96.136,111,-0.23238
-95.291,111,-0.23241
-94.447,111,-0.23244
-93.604,111,-0.23247
-92.762,111,-0.2325
-91.922,111,-0.23253
-91.082,111,-0.23256
-90.243,111,-0.23259
-89.406,111,-0.23262
-88.569,111,-0.23265
-87.734,111,-0.23267
-86.899,111,-0.2327
-86.066,111,-0.23273
-85.234,111,-0.23276
-84.403,111,-0.23279
-83.572,111,-0.23282
-82.743,111,-0.23285
-81.915,111,-0.23288
-81.088,111,-0.23291
-80.262,111,-0.23294
-79.437,111,-0.23296
-78.614,111,-0.23299
-77.791,111,-0.23302
-76.969,111,-0.23305
-76.148,111,-0.23308
-75.329,111,-0.23311
-74.51,111,-0.23314
-73.692,111,-0.23317
-72.876,111,-0.23319
-72.06,111,-0.23322
-71.246,111,-0.23325
-70.433,111,-0.23328
-69.62,111,-0.23331
-68.809,111,-0.23334
-67.999,111,-0.23337
-67.19,111,-0.23339
-66.382,111,-0.23342
-65.575,111,-0.23345
-64.769,111,-0.23348
-63.964,111,-0.23351
-63.16,111,-0.23354
-62.357,111,-0.23356
-61.555,111,-0.23359
-60.754,111,-0.23362
-59.955,111,-0.23365
-59.156,111,-0.23368
-58.358,111,-0.2337
-57.562,111,-0.23373
-56.766,111,-0.23376
-55.972,111,-0.23379
-55.178,111,-0.23382
-54.386,111,-0.23384
-53.594,111,-0.23387
-52.804,111,-0.2339
-52.015,111,-0.23393
-51.227,111,-0.23396
-50.439,111,-0.23398
-49.653,111,-0.23401
-48.868,111,-0.23404
-48.084,111,-0.23407
-47.301,111,-0.2341
-46.519,111,-0.23412
-45.738,111,-0.23415
-44.958,111,-0.23418
-44.179,111,-0.23421
-43.401,111,-0.23423
-42.625,111,-0.23426
-41.849,111,-0.23429
-41.074,111,-0.23432
-40.301,111,-0.23434
-39.528,111,-0.23437
-38.756,111,-0.2344
-37.986,111,-0.23443
-37.216,111,-0.23445
-36.448,111,-0.23448
-35.681,111,-0.23451
-34.914,111,-0.23454
-34.149,111,-0.23456
-33.385,111,-0.23459
-32.621,111,-0.23462
-31.859,111,-0.23464
-31.098,111,-0.23467
-30.338,111,-0.2347
-29.579,111,-0.23473
-28.821,111,-0.23475
-28.064,111,-0.23478
-27.308,111,-0.23481
-26.553,111,-0.23483
-25.799,111,-0.23486
-25.046,111,-0.23489
-24.295,111,-0.23491
-23.544,111,-0.23494
-22.794,111,-0.23497
-22.045,111,-0.23499
-21.298,111,-0.23502
-20.551,111,-0.23505
-19.806,111,-0.23507
-19.061,111,-0.2351
-18.318,111,-0.23513
-17.575,111,-0.23516
-16.834,111,-0.23518
-16.094,111,-0.23521
-15.354,111,-0.23523
-14.616,111,-0.23526
-13.879,111,-0.23529
-13.143,111,-0.23531
-12.408,111,-0.23534
-11.674,111,-0.23537
-10.941,111,-0.23539
-10.209,111,-0.23542
-9.4779,111,-0.23545
-8.748,111,-0.23547
-8.0192,111,-0.2355
-7.2914,111,-0.23553
-6.5647,111,-0.23555
-5.839,111,-0.23558
-5.1144,111,-0.2356
-4.3909,111,-0.23563
-3.6683,111,-0.23566
-2.9469,111,-0.23568
-2.2265,111,-0.23571
-1.5071,111,-0.23573
-0.78878,111,-0.23576
-0.071524,111,-0.23579
0.64468,111,-0.23581
1.3598,111,-0.23584
2.0739,111,-0.23586
2.787,111,-0.23589
3.4989,111,-0.23592
4.2099,111,-0.23594
4.9197,111,-0.23597
5.6285,111,-0.23599
6.3363,111,-0.23602
7.043,111,-0.23605
7.7486,111,-0.23607
8.4532,111,-0.2361
9.1567,111,-0.23612
9.8591,111,-0.23615
10.56,111,-0.23617
11.261,111,-0.2362
11.96,111,-0.23623
12.658,111,-0.23625
13.355,111,-0.23628
14.051,111,-0.2363
14.746,111,-0.23633
15.44,111,-0.23635
16.133,111,-0.23638
16.825,111,-0.2364
17.516,111,-0.23643
18.205,111,-0.23645
18.894,111,-0.23648
19.581,111,-0.23651
20.268,111,-0.23653
20.953,111,-0.23656
21.637,111,-0.23658
22.32,111,-0.23661
23.002,111,-0.23663
23.683,111,-0.23666
24.363,111,-0.23668
25.042,111,-0.23671
25.72,111,-0.23673
26.396,111,-0.23676
27.072,111,-0.23678
27.746,111,-0.23681
28.42,111,-0.23683
29.092,111,-0.23686
29.763,111,-0.23688
30.433,111,-0.23691
31.102,111,-0.23693
31.77,111,-0.23696
32.437,111,-0.23698
33.103,111,-0.23701
33.767,111,-0.23703
34.431,111,-0.23706
35.093,111,-0.23708
35.754,111,-0.2371
36.415,111,-0.23713
37.074,111,-0.23715
37.732,111,-0.23718
38.388,111,-0.2372
39.044,111,-0.23723
39.699,111,-0.23725
40.352,111,-0.23728
41.005,111,-0.2373
41.656,111,-0.23733
42.306,111,-0.23735
42.955,111,-0.23738
43.603,111,-0.2374
44.25,111,-0.23742
44.895,111,-0.23745
45.54,111,-0.23747
46.183,111,-0.2375
46.825,111,-0.23752
47.466,111,-0.23755
48.106,111,-0.23757
48.745,111,-0.23759
49.383,111,-0.23762
50.019,111,-0.23764
50.655,111,-0.23767
51.289,111,-0.23769
51.922,111,-0.23771
52.554,111,-0.23774
53.185,111,-0.23776
53.815,111,-0.23779
54.443,111,-0.23781
55.071,111,-0.23783
55.697,111,-0.23786
56.322,111,-0.23788
56.946,111,-0.23791
57.568,111,-0.23793
58.19,111,-0.23795
58.81,111,-0.23798
59.43,111,-0.238
60.048,111,-0.23803
60.665,111,-0.23805
61.28,111,-0.23807
61.895,111,-0.2381
62.508,111,-0.23812
63.12,111,-0.23814
63.731,111,-0.23817
64.341,111,-0.23819
64.95,111,-0.23822
65.557,111,-0.23824
66.163,111,-0.23826
66.768,111,-0.23829
67.372,111,-0.23831
67.975,111,-0.23833
68.576,111,-0.23836
69.177,111,-0.23838
69.776,111,-0.2384
70.373,111,-0.23843
70.97,111,-0.23845
71.565,111,-0.23847
72.16,111,-0.2385
72.753,111,-0.23852
73.344,111,-0.23854
73.935,111,-0.23857
74.524,111,-0.23859
75.112,111,-0.23861
75.699,111,-0.23864
76.285,111,-0.23866
76.869,111,-0.23868
77.453,111,-0.23871
78.035,111,-0.23873
78.615,111,-0.23875
79.195,111,-0.23877
79.773,111,-0.2388
80.35,111,-0.23882
80.926,111,-0.23884
81.5,111,-0.23887
82.074,111,-0.23889
82.646,111,-0.23891
83.217,111,-0.23894
83.786,111,-0.23896
84.354,111,-0.23898
84.921,111,-0.239
85.487,111,-0.23903
86.052,111,-0.23905
86.615,111,-0.23907
87.177,111,-0.23909
87.737,111,-0.23912
88.297,111,-0.23914
88.855,111,-0.23916
89.412,111,-0.23919
89.967,111,-0.23921
90.521,111,-0.23923
91.074,111,-0.23925
91.626,111,-0.23928
92.177,111,-0.2393
92.726,111,-0.23932
93.273,111,-0.23934
93.82,111,-0.23937
94.365,111,-0.23939
94.909,111,-0.23941
95.452,111,-0.23943
95.993,111,-0.23945
96.533,111,-0.23948
97.072,111,-0.2395
97.609,111,-0.23952
98.145,111,-0.23954
98.68,111,-0.23957
99.213,111,-0.23959
99.745,111,-0.23961
100.28,111,-0.23963
100.81,111,-0.23966
101.33,111,-0.23968
101.86,111,-0.2397
102.39,111,-0.23972
102.91,111,-0.23974
103.43,111,-0.23977
103.95,111,-0.23979
104.47,111,-0.23981
104.99,111,-0.23983
105.51,111,-0.23985
106.03,111,-0.23988
106.54,111,-0.2399
107.05,111,-0.23992
107.57,111,-0.23994
108.08,111,-0.23996
108.59,111,-0.23998
109.09,111,-0.24001
109.6,111,-0.24003
110.11,111,-0.24005
110.61,111,-0.24007
111.11,111,-0.24009
111.61,111,-0.24012
112.11,111,-0.24014
112.61,111,-0.24016
113.11,111,-0.24018
113.6,111,-0.2402
114.1,111,-0.24022
114.59,111,-0.24025
115.08,111,-0.24027
115.57,111,-0.24029
116.06,111,-0.24031
116.55,111,-0.24033
117.03,111,-0.24035
117.52,111,-0.24037
118,111,-0.2404
118.48,111,-0.24042
118.96,111,-0.24044
119.44,111,-0.24046
119.92,111,-0.24048
120.39,111,-0.2405
120.87,111,-0.24052
121.34,111,-0.24054
121.81,111,-0.24057
122.28,111,-0.24059
122.75,111,-0.24061
123.22,111,-0.24063
123.68,111,-0.24065
124.15,111,-0.24067
124.61,111,-0.24069
125.07,111,-0.24071
125.53,111,-0.24074
125.99,111,-0.24076
126.45,111,-0.24078
126.91,111,-0.2408
127.36,111,-0.24082
127.81,111,-0.24084
128.26,111,-0.24086
128.71,111,-0.24088
129.16,111,-0.2409
129.61,111,-0.24092
130.06,111,-0.24094
130.5,111,-0.24097
130.94,111,-0.24099
131.38,111,-0.24101
131.82,111,-0.24103
132.26,111,-0.24105
132.7,111,-0.24107
133.13,111,-0.24109
133.57,111,-0.24111
134,111,-0.24113
134.43,111,-0.24115
134.86,111,-0.24117
135.29,111,-0.24119
135.71,111,-0.24121
136.14,111,-0.24123
136.56,111,-0.24126
136.99,111,-0.24128
137.41,111,-0.2413
137.82,111,-0.24132
138.24,111,-0.24134
138.66,111,-0.24136
139.07,111,-0.24138
139.49,111,-0.2414
139.9,111,-0.24142
140.31,111,-0.24144
140.72,111,-0.24146
141.12,111,-0.24148
141.53,111,-0.2415
141.93,111,-0.24152
142.33,111,-0.24154
142.74,111,-0.24156
143.14,111,-0.24158
143.53,111,-0.2416
143.93,111,-0.24162
144.32,111,-0.24164
144.72,111,-0.24166
145.11,111,-0.24168
145.5,111,-0.2417
145.89,111,-0.24172
146.28,111,-0.24174
146.66,111,-0.24176
147.05,111,-0.24178
147.43,111,-0.2418
147.81,111,-0.24182
148.19,111,-0.24184
148.57,111,-0.24186
148.94,111,-0.24188
149.32,111,-0.2419
149.69,111,-0.24192
150.07,111,-0.24194
150.44,111,-0.24196
150.8,111,-0.24198
151.17,111,-0.242
151.54,111,-0.24202
151.9,111,-0.24204
152.26,111,-0.24206
152.63,111,-0.24208
152.99,111,-0.2421
153.34,111,-0.24212
153.7,111,-0.24214
154.06,111,-0.24216
154.41,111,-0.24218
154.76,111,-0.2422
155.11,111,-0.24222
155.46,111,-0.24224
155.81,111,-0.24226
156.15,111,-0.24228
156.5,111,-0.2423
156.84,111,-0.24232
157.18,111,-0.24234
157.52,111,-0.24235
157.86,111,-0.24237
158.19,111,-0.24239
158.53,111,-0.24241
158.86,111,-0.24243
159.19,111,-0.24245
159.52,111,-0.24247
159.85,111,-0.24249
160.18,111,-0.24251
160.51,111,-0.24253
160.83,111,-0.24255
161.15,111,-0.24257
161.47,111,-0.24259
161.79,111,-0.24261
162.11,111,-0.24262
162.43,111,-0.24264
162.74,111,-0.24266
163.05,111,-0.24268
163.36,111,-0.2427
163.67,111,-0.24272
163.98,111,-0.24274
164.29,111,-0.24276
164.59,111,-0.24278
164.9,111,-0.2428
165.2,111,-0.24282
165.5,111,-0.24283
165.8,111,-0.24285
166.1,111,-0.24287
166.39,111,-0.24289
166.69,111,-0.24291
166.98,111,-0.24293
167.27,111,-0.24295
167.56,111,-0.24297
167.85,111,-0.24299
168.13,111,-0.243
168.42,111,-0.24302
168.7,111,-0.24304
168.98,111,-0.24306
169.26,111,-0.24308
169.54,111,-0.2431
169.82,111,-0.24312
170.09,111,-0.24314
170.37,111,-0.24315
170.64,111,-0.24317
170.91,111,-0.24319
171.18,111,-0.24321
171.45,111,-0.24323
171.71,111,-0.24325
171.98,111,-0.24327
172.24,111,-0.24328
172.5,111,-0.2433
172.76,111,-0.24332
173.02,111,-0.24334
173.27,111,-0.24336
173.53,111,-0.24338
173.78,111,-0.2434
174.03,111,-0.24341
174.29,111,-0.24343
174.53,111,-0.24345
174.78,111,-0.24347
175.03,111,-0.24349
175.27,111,-0.24351
175.51,111,-0.24352
175.75,111,-0.24354
175.99,111,-0.24356
176.23,111,-0.24358
176.47,111,-0.2436
176.7,111,-0.24361
176.94,111,-0.24363
177.17,111,-0.24365
177.4,111,-0.24367
177.63,111,-0.24369
177.85,111,-0.24371
178.08,111,-0.24372
178.3,111,-0.24374
178.53,111,-0.24376
178.75,111,-0.24378
178.97,111,-0.2438
179.18,111,-0.24381
179.4,111,-0.24383
179.61,111,-0.24385
179.83,111,-0.24387
180.04,111,-0.24389
180.25,111,-0.2439
180.46,111,-0.24392
180.66,111,-0.24394
180.87,111,-0.24396
181.07,111,-0.24397
181.28,111,-0.24399
181.48,111,-0.24401
181.68,111,-0.24403
181.87,111,-0.24405
182.07,111,-0.24406
182.27,111,-0.24408
182.46,111,-0.2441
182.65,111,-0.24412
182.84,111,-0.24413
183.03,111,-0.24415
183.22,111,-0.24417
183.4,111,-0.24419
183.59,111,-0.24421
183.77,111,-0.24422
183.95,111,-0.24424
184.13,111,-0.24426
184.31,111,-0.24428
184.49,111,-0.24429
184.66,111,-0.24431
184.84,111,-0.24433
185.01,111,-0.24435
185.18,111,-0.24436
185.35,111,-0.24438
185.52,111,-0.2444
185.68,111,-0.24441
185.85,111,-0.24443
186.01,111,-0.24445
186.17,111,-0.24447
186.33,111,-0.24448
186.49,111,-0.2445
186.65,111,-0.24452
186.81,111,-0.24454
186.96,111,-0.24455
187.11,111,-0.24457
187.27,111,-0.24459
187.42,111,-0.24461
187.56,111,-0.24462
187.71,111,-0.24464
187.86,111,-0.24466
188,111,-0.24467
188.15,111,-0.24469
188.29,111,-0.24471
188.43,111,-0.24473
188.57,111,-0.24474
188.7,111,-0.24476
188.84,111,-0.24478
188.97,111,-0.24479
189.11,111,-0.24481
189.24,111,-0.24483
189.37,111,-0.24484
189.5,111,-0.24486
189.62,111,-0.24488
189.75,111,-0.24489
189.87,111,-0.24491
190,111,-0.24493
190.12,111,-0.24495
190.24,111,-0.24496
190.36,111,-0.24498
190.47,111,-0.245
190.59,111,-0.24501
190.71,111,-0.24503
190.82,111,-0.24505
190.93,111,-0.24506
191.04,111,-0.24508
191.15,111,-0.2451
191.26,111,-0.24511
191.36,111,-0.24513
191.47,111,-0.24515
191.57,111,-0.24516
191.67,111,-0.24518
191.78,111,-0.2452
191.87,111,-0.24521
191.97,111,-0.24523
192.07,111,-0.24525
192.17,111,-0.24526
192.26,111,-0.24528
192.35,111,-0.2453
192.44,111,-0.24531
192.53,111,-0.24533
192.62,111,-0.24535
192.71,111,-0.24536
192.8,111,-0.24538
192.88,111,-0.24539
192.96,111,-0.24541
193.05,111,-0.24543
193.13,111,-0.24544
193.21,111,-0.24546
193.29,111,-0.24548
193.36,111,-0.24549
193.44,111,-0.24551
193.51,111,-0.24553
193.59,111,-0.24554
193.66,111,-0.24556
193.73,111,-0.24557
193.8,111,-0.24559
193.86,111,-0.24561
193.93,111,-0.24562
194,111,-0.24564
194.06,111,-0.24565
194.12,111,-0.24567
194.19,111,-0.24569
194.25,111,-0.2457
194.3,111,-0.24572
194.36,111,-0.24574
194.42,111,-0.24575
194.47,111,-0.24577
194.53,111,-0.24578
194.58,111,-0.2458
194.63,111,-0.24582
194.68,111,-0.24583
194.73,111,-0.24585
194.78,111,-0.24586
194.83,111,-0.24588
194.87,111,-0.2459
194.92,111,-0.24591
194.96,111,-0.24593
195,111,-0.24594
195.04,111,-0.24596
195.08,111,-0.24597
195.12,111,-0.24599
195.16,111,-0.24601
195.2,111,-0.24602
195.23,111,-0.24604
195.26,111,-0.24605
195.3,111,-0.24607
195.33,111,-0.24608
195.36,111,-0.2461
195.39,111,-0.24612
195.42,111,-0.24613
195.44,111,-0.24615
195.47,111,-0.24616
195.49,111,-0.24618
195.52,111,-0.24619
195.54,111,-0.24621
195.56,111,-0.24623
195.58,111,-0.24624
195.6,111,-0.24626
195.62,111,-0.24627
195.63,111,-0.24629
195.65,111,-0.2463
195.66,111,-0.24632
195.68,111,-0.24633
195.69,111,-0.24635
195.7,111,-0.24637
195.71,111,-0.24638
195.72,111,-0.2464
195.73,111,-0.24641
195.73,111,-0.24643
195.74,111,-0.24644
195.75,111,-0.24646
195.75,111,-0.24647
195.75,111,-0.24649
195.75,111,-0.2465
195.75,111,-0.24652
195.75,111,-0.24653
195.75,111,-0.24655
195.75,111,-0.24656
195.75,111,-0.24658
195.74,111,-0.2466
195.74,111,-0.24661
195.73,111,-0.24663
195.72,111,-0.24664
195.71,111,-0.24666
195.71,111,-0.24667
195.69,111,-0.24669
195.68,111,-0.2467
195.67,111,-0.24672
195.66,111,-0.24673
195.64,111,-0.24675
195.63,111,-0.24676
195.61,111,-0.24678
195.59,111,-0.24679
195.58,111,-0.24681
195.56,111,-0.24682
195.54,111,-0.24684
195.52,111,-0.24685
195.49,111,-0.24687
195.47,111,-0.24688
195.45,111,-0.2469
195.42,111,-0.24691
195.4,111,-0.24693
195.37,111,-0.24694
195.34,111,-0.24696
195.31,111,-0.24697
195.28,111,-0.24699
195.25,111,-0.247
195.22,111,-0.24701
195.19,111,-0.24703
195.16,111,-0.24704
195.12,111,-0.24706
195.09,111,-0.24707
195.05,111,-0.24709
195.02,111,-0.2471
194.98,111,-0.24712
194.94,111,-0.24713
194.9,111,-0.24715
194.86,111,-0.24716
194.82,111,-0.24718
194.78,111,-0.24719
194.74,111,-0.24721
194.7,111,-0.24722
194.65,111,-0.24724
194.61,111,-0.24725
194.56,111,-0.24726
194.52,111,-0.24728
194.47,111,-0.24729
194.42,111,-0.24731
194.37,111,-0.24732
194.32,111,-0.24734
194.27,111,-0.24735
194.22,111,-0.24737
194.17,111,-0.24738
194.12,111,-0.24739
194.06,111,-0.24741
194.01,111,-0.24742
193.96,111,-0.24744
193.9,111,-0.24745
193.84,111,-0.24747
193.79,111,-0.24748
193.73,111,-0.24749
193.67,111,-0.24751
193.61,111,-0.24752
193.55,111,-0.24754
193.49,111,-0.24755
193.43,111,-0.24757
193.37,111,-0.24758
193.3,111,-0.24759
193.24,111,-0.24761
193.18,111,-0.24762
193.11,111,-0.24764
193.04,111,-0.24765
192.98,111,-0.24767
192.91,111,-0.24768
192.84,111,-0.24769
192.77,111,-0.24771
192.71,111,-0.24772
192.64,111,-0.24774
192.57,111,-0.24775
192.49,111,-0.24776
192.42,111,-0.24778
192.35,111,-0.24779
192.28,111,-0.24781
192.2,111,-0.24782
192.13,111,-0.24783
192.06,111,-0.24785
191.98,111,-0.24786
191.9,111,-0.24788
191.83,111,-0.24789
191.75,111,-0.2479
191.67,111,-0.24792
191.59,111,-0.24793
191.52,111,-0.24795
191.44,111,-0.24796
191.36,111,-0.24797
191.27,111,-0.24799
191.19,111,-0.248
191.11,111,-0.24801
191.03,111,-0.24803
190.95,111,-0.24804
190.86,111,-0.24806
190.78,111,-0.24807
190.69,111,-0.24808
190.61,111,-0.2481
190.52,111,-0.24811
190.44,111,-0.24812
190.35,111,-0.24814
190.26,111,-0.24815
190.17,111,-0.24817
190.09,111,-0.24818
190,111,-0.24819
189.91,111,-0.24821
189.82,111,-0.24822
189.73,111,-0.24823
189.64,111,-0.24825
189.55,111,-0.24826
189.45,111,-0.24827
189.36,111,-0.24829
189.27,111,-0.2483
189.18,111,-0.24831
189.08,111,-0.24833
188.99,111,-0.24834
188.89,111,-0.24835
188.8,111,-0.24837
188.7,111,-0.24838
188.61,111,-0.2484
188.51,111,-0.24841
188.41,111,-0.24842
188.32,111,-0.24844
188.22,111,-0.24845
188.12,111,-0.24846
188.02,111,-0.24848
187.92,111,-0.24849
187.82,111,-0.2485
187.72,111,-0.24852
187.62,111,-0.24853
187.52,111,-0.24854
187.42,111,-0.24855
187.32,111,-0.24857
187.22,111,-0.24858
187.12,111,-0.24859
187.01,111,-0.24861
186.91,111,-0.24862
186.81,111,-0.24863
186.7,111,-0.24865
186.6,111,-0.24866
186.49,111,-0.24867
186.39,111,-0.24869
186.28,111,-0.2487
186.18,111,-0.24871
186.07,111,-0.24873
185.97,111,-0.24874
185.86,111,-0.24875
185.75,111,-0.24877
185.65,111,-0.24878
185.54,111,-0.24879
185.43,111,-0.2488
185.32,111,-0.24882
185.22,111,-0.24883
185.11,111,-0.24884
185,111,-0.24886
184.89,111,-0.24887
184.78,111,-0.24888
184.67,111,-0.24889
184.56,111,-0.24891
184.45,111,-0.24892
184.34,111,-0.24893
184.23,111,-0.24895
184.11,111,-0.24896
184,111,-0.24897
183.89,111,-0.24898
183.78,111,-0.249
183.67,111,-0.24901
183.55,111,-0.24902
183.44,111,-0.24904
183.33,111,-0.24905
183.21,111,-0.24906
183.1,111,-0.24907
182.99,111,-0.24909
182.87,111,-0.2491
182.76,111,-0.24911
182.64,111,-0.24913
182.53,111,-0.24914
182.41,111,-0.24915
182.3,111,-0.24916
182.18,111,-0.24918
182.07,111,-0.24919
181.95,111,-0.2492
181.83,111,-0.24921
181.72,111,-0.24923
181.6,111,-0.24924
181.48,111,-0.24925
181.37,111,-0.24926
181.25,111,-0.24928
181.13,111,-0.24929
181.02,111,-0.2493
180.9,111,-0.24931
180.78,111,-0.24933
180.66,111,-0.24934
180.54,111,-0.24935
180.43,111,-0.24936
180.31,111,-0.24938
180.19,111,-0.24939
180.07,111,-0.2494
179.95,111,-0.24941
179.83,111,-0.24943
179.71,111,-0.24944
179.59,111,-0.24945
179.47,111,-0.24946
179.35,111,-0.24948
179.23,111,-0.24949
179.11,111,-0.2495
178.99,111,-0.24951
178.87,111,-0.24952
178.75,111,-0.24954
178.63,111,-0.24955
178.51,111,-0.24956
178.39,111,-0.24957
178.27,111,-0.24959
178.15,111,-0.2496
178.03,111,-0.24961
177.91,111,-0.24962
177.78,111,-0.24963
177.66,111,-0.24965
177.54,111,-0.24966
177.42,111,-0.24967
177.3,111,-0.24968
177.18,111,-0.24969
177.05,111,-0.24971
176.93,111,-0.24972
176.81,111,-0.24973
176.69,111,-0.24974
176.57,111,-0.24976
176.44,111,-0.24977
176.32,111,-0.24978
176.2,111,-0.24979
176.08,111,-0.2498
175.95,111,-0.24982
175.83,111,-0.24983
175.71,111,-0.24984
175.58,111,-0.24985
175.46,111,-0.24986
175.34,111,-0.24988
175.22,111,-0.24989
175.09,111,-0.2499
174.97,111,-0.24991
174.85,111,-0.24992
174.72,111,-0.24993
174.6,111,-0.24995
174.48,111,-0.24996
174.35,111,-0.24997
174.23,111,-0.24998
174.11,111,-0.24999
173.98,111,-0.25001
173.86,111,-0.25002
173.74,111,-0.25003
173.61,111,-0.25004
173.49,111,-0.25005
173.37,111,-0.25006
173.24,111,-0.25008
173.12,111,-0.25009
173,111,-0.2501
172.87,111,-0.25011
172.75,111,-0.25012
172.63,111,-0.25013
172.5,111,-0.25015
172.38,111,-0.25016
172.26,111,-0.25017
172.13,111,-0.25018
172.01,111,-0.25019
171.88,111,-0.2502
171.76,111,-0.25022
171.64,111,-0.25023
171.51,111,-0.25024
171.39,111,-0.25025
171.27,111,-0.25026
171.14,111,-0.25027
171.02,111,-0.25029
170.9,111,-0.2503
170.77,111,-0.25031
170.65,111,-0.25032
170.53,111,-0.25033
170.4,111,-0.25034
170.28,111,-0.25035
170.16,111,-0.25037
170.03,111,-0.25038
169.91,111,-0.25039
169.79,111,-0.2504
169.66,111,-0.25041
169.54,111,-0.25042
169.42,111,-0.25043
169.29,111,-0.25045
169.17,111,-0.25046
169.05,111,-0.25047
168.93,111,-0.25048
168.8,111,-0.25049
168.68,111,-0.2505
168.56,111,-0.25051
168.44,111,-0.25052
168.31,111,-0.25054
168.19,111,-0.25055
168.07,111,-0.25056
167.94,111,-0.25057
167.82,111,-0.25058
167.7,111,-0.25059
167.58,111,-0.2506
167.46,111,-0.25061
167.33,111,-0.25063
167.21,111,-0.25064
167.09,111,-0.25065
166.97,111,-0.25066
166.85,111,-0.25067
166.72,111,-0.25068
166.6,111,-0.25069
166.48,111,-0.2507
166.36,111,-0.25071
166.24,111,-0.25073
166.12,111,-0.25074
165.99,111,-0.25075
165.87,111,-0.25076
165.75,111,-0.25077
165.63,111,-0.25078
165.51,111,-0.25079
165.39,111,-0.2508
165.27,111,-0.25081
165.15,111,-0.25082
165.03,111,-0.25084
164.91,111,-0.25085
164.79,111,-0.25086
164.66,111,-0.25087
164.54,111,-0.25088
164.42,111,-0.25089
164.3,111,-0.2509
164.18,111,-0.25091
164.06,111,-0.25092
163.94,111,-0.25093
163.82,111,-0.25094
163.7,111,-0.25096
163.58,111,-0.25097
163.46,111,-0.25098
163.35,111,-0.25099
163.23,111,-0.251
163.11,111,-0.25101
162.99,111,-0.25102
162.87,111,-0.25103
162.75,111,-0.25104
162.63,111,-0.25105
162.51,111,-0.25106
162.39,111,-0.25107
162.27,111,-0.25109
162.16,111,-0.2511
162.04,111,-0.25111
161.92,111,-0.25112
161.8,111,-0.25113
161.68,111,-0.25114
161.57,111,-0.25115
161.45,111,-0.25116
161.33,111,-0.25117
161.21,111,-0.25118
161.1,111,-0.25119
160.98,111,-0.2512
160.86,111,-0.25121
160.74,111,-0.25122
160.63,111,-0.25123
160.51,111,-0.25124
160.39,111,-0.25126
160.28,111,-0.25127
160.16,111,-0.25128
160.04,111,-0.25129
159.93,111,-0.2513
159.81,111,-0.25131
159.69,111,-0.25132
159.58,111,-0.25133
159.46,111,-0.25134
159.35,111,-0.25135
159.23,111,-0.25136
159.12,111,-0.25137
159,111,-0.25138
158.88,111,-0.25139
158.77,111,-0.2514
158.65,111,-0.25141
158.54,111,-0.25142
158.42,111,-0.25143
158.31,111,-0.25144
158.19,111,-0.25145
158.08,111,-0.25146
157.97,111,-0.25147
157.85,111,-0.25148
157.74,111,-0.25149
157.62,111,-0.25151
157.51,111,-0.25152
157.4,111,-0.25153
157.28,111,-0.25154
157.17,111,-0.25155
157.05,111,-0.25156
156.94,111,-0.25157
156.83,111,-0.25158
156.72,111,-0.25159
156.6,111,-0.2516
156.49,111,-0.25161
156.38,111,-0.25162
156.26,111,-0.25163
156.15,111,-0.25164
156.04,111,-0.25165
155.93,111,-0.25166
155.82,111,-0.25167
155.7,111,-0.25168
155.59,111,-0.25169
155.48,111,-0.2517
155.37,111,-0.25171
155.26,111,-0.25172
155.15,111,-0.25173
155.03,111,-0.25174
154.92,111,-0.25175
154.81,111,-0.25176
154.7,111,-0.25177
154.59,111,-0.25178
154.48,111,-0.25179
154.37,111,-0.2518
154.26,111,-0.25181
154.15,111,-0.25182
154.04,111,-0.25183
153.93,111,-0.25184
153.82,111,-0.25185
153.71,111,-0.25186
153.6,111,-0.25187
153.49,111,-0.25188
153.38,111,-0.25189
153.27,111,-0.2519
153.16,111,-0.25191
153.05,111,-0.25192
152.94,111,-0.25193
152.83,111,-0.25194
152.73,111,-0.25195
152.62,111,-0.25196
152.51,111,-0.25197
152.4,111,-0.25198
152.29,111,-0.25199
152.18,111,-0.252
152.08,111,-0.25201
151.97,111,-0.25202
151.86,111,-0.25203
151.75,111,-0.25204
151.65,111,-0.25205
151.54,111,-0.25206
151.43,111,-0.25207
151.32,111,-0.25208
151.22,111,-0.25209
151.11,111,-0.25209
151,111,-0.2521
150.9,111,-0.25211
150.79,111,-0.25212
150.68,111,-0.25213
150.58,111,-0.25214
150.47,111,-0.25215
150.36,111,-0.25216
150.26,111,-0.25217
150.15,111,-0.25218
150.05,111,-0.25219
149.94,111,-0.2522
149.84,111,-0.25221
149.73,111,-0.25222
149.62,111,-0.25223
149.52,111,-0.25224
149.41,111,-0.25225
149.31,111,-0.25226
149.2,111,-0.25227
149.1,111,-0.25228
149,111,-0.25229
148.89,111,-0.2523
148.79,111,-0.25231
148.68,111,-0.25232
148.58,111,-0.25233
148.47,111,-0.25233
148.37,111,-0.25234
148.27,111,-0.25235
148.16,111,-0.25236
148.06,111,-0.25237
147.95,111,-0.25238
147.85,111,-0.25239
147.75,111,-0.2524
147.65,111,-0.25241
147.54,111,-0.25242
147.44,111,-0.25243
147.34,111,-0.25244
147.23,111,-0.25245
147.13,111,-0.25246
147.03,111,-0.25247
146.93,111,-0.25248
146.82,111,-0.25248
146.72,111,-0.25249
146.62,111,-0.2525
146.52,111,-0.25251
146.41,111,-0.25252
146.31,111,-0.25253
146.21,111,-0.25254
146.11,111,-0.25255
146.01,111,-0.25256
145.91,111,-0.25257
145.81,111,-0.25258
145.7,111,-0.25259
145.6,111,-0.2526
145.5,111,-0.25261
145.4,111,-0.25261
145.3,111,-0.25262
145.2,111,-0.25263
145.1,111,-0.25264
145,111,-0.25265
144.9,111,-0.25266
144.8,111,-0.25267
144.7,111,-0.25268
144.6,111,-0.25269
144.5,111,-0.2527
144.4,111,-0.25271
144.3,111,-0.25271
144.2,111,-0.25272
144.1,111,-0.25273
144,111,-0.25274
143.9,111,-0.25275
143.8,111,-0.25276
143.7,111,-0.25277
143.6,111,-0.25278
143.5,111,-0.25279
143.4,111,-0.2528
143.31,111,-0.25281
143.21,111,-0.25281
143.11,111,-0.25282
143.01,111,-0.25283
142.91,111,-0.25284
142.81,111,-0.25285
142.71,111,-0.25286
142.62,111,-0.25287
142.52,111,-0.25288
142.42,111,-0.25289
142.32,111,-0.25289
142.22,111,-0.2529
142.13,111,-0.25291
142.03,111,-0.25292
141.93,111,-0.25293
141.83,111,-0.25294
141.74,111,-0.25295
141.64,111,-0.25296
141.54,111,-0.25297
141.44,111,-0.25297
141.35,111,-0.25298
141.25,111,-0.25299
141.15,111,-0.253
141.06,111,-0.25301
140.96,111,-0.25302
140.86,111,-0.25303
140.77,111,-0.25304
140.67,111,-0.25304
140.57,111,-0.25305
140.48,111,-0.25306
140.38,111,-0.25307
140.29,111,-0.25308
140.19,111,-0.25309
140.09,111,-0.2531
140,111,-0.25311
139.9,111,-0.25311
139.81,111,-0.25312
139.71,111,-0.25313
139.61,111,-0.25314
139.52,111,-0.25315
139.42,111,-0.25316
139.33,111,-0.25317
139.23,111,-0.25318
139.14,111,-0.25318
139.04,111,-0.25319
138.95,111,-0.2532
138.85,111,-0.25321
138.76,111,-0.25322
138.66,111,-0.25323
138.57,111,-0.25324
138.47,111,-0.25324
138.38,111,-0.25325
138.29,111,-0.25326
138.19,111,-0.25327
138.1,111,-0.25328
138,111,-0.25329
137.91,111,-0.2533
137.81,111,-0.2533
137.72,111,-0.25331
137.63,111,-0.25332
137.53,111,-0.25333
137.44,111,-0.25334
137.35,111,-0.25335
137.25,111,-0.25335
137.16,111,-0.25336
137.07,111,-0.25337
136.97,111,-0.25338
136.88,111,-0.25339
136.79,111,-0.2534
136.69,111,-0.2534
136.6,111,-0.25341
136.51,111,-0.25342
136.41,111,-0.25343
136.32,111,-0.25344
136.23,111,-0.25345
136.14,111,-0.25346
136.04,111,-0.25346
135.95,111,-0.25347
135.86,111,-0.25348
135.77,111,-0.25349
135.67,111,-0.2535
135.58,111,-0.25351
135.49,111,-0.25351
135.4,111,-0.25352
135.3,111,-0.25353
135.21,111,-0.25354
135.12,111,-0.25355
135.03,111,-0.25355
134.94,111,-0.25356
134.85,111,-0.25357
134.75,111,-0.25358
134.66,111,-0.25359
134.57,111,-0.2536
134.48,111,-0.2536
134.39,111,-0.25361
134.3,111,-0.25362
134.21,111,-0.25363
134.12,111,-0.25364
134.02,111,-0.25364
133.93,111,-0.25365
133.84,111,-0.25366
133.75,111,-0.25367
133.66,111,-0.25368
133.57,111,-0.25369
133.48,111,-0.25369
133.39,111,-0.2537
133.3,111,-0.25371
133.21,111,-0.25372
133.12,111,-0.25373
133.03,111,-0.25373
132.94,111,-0.25374
132.85,111,-0.25375
132.76,111,-0.25376
132.67,111,-0.25377
132.58,111,-0.25377
132.49,111,-0.25378
132.4,111,-0.25379
132.31,111,-0.2538
132.22,111,-0.25381
132.13,111,-0.25381
132.04,111,-0.25382
131.95,111,-0.25383
131.86,111,-0.25384
131.77,111,-0.25385
131.68,111,-0.25385
131.59,111,-0.25386
131.5,111,-0.25387
131.42,111,-0.25388
131.33,111,-0.25389
131.24,111,-0.25389
131.15,111,-0.2539
131.06,111,-0.25391
130.97,111,-0.25392
130.88,111,-0.25393
130.79,111,-0.25393
130.71,111,-0.25394
130.62,111,-0.25395
130.53,111,-0.25396
130.44,111,-0.25396
130.35,111,-0.25397
130.27,111,-0.25398
130.18,111,-0.25399
130.09,111,-0.254
130,111,-0.254
129.91,111,-0.25401
129.83,111,-0.25402
129.74,111,-0.25403
129.65,111,-0.25403
129.56,111,-0.25404
129.48,111,-0.25405
129.39,111,-0.25406
129.3,111,-0.25407
129.21,111,-0.25407
129.13,111,-0.25408
129.04,111,-0.25409
128.95,111,-0.2541
128.87,111,-0.2541
128.78,111,-0.25411
128.69,111,-0.25412
128.61,111,-0.25413
128.52,111,-0.25414
128.43,111,-0.25414
128.35,111,-0.25415
128.26,111,-0.25416
128.17,111,-0.25417
128.09,111,-0.25417
128,111,-0.25418
127.92,111,-0.25419
127.83,111,-0.2542
127.74,111,-0.2542
127.66,111,-0.25421
127.57,111,-0.25422
127.49,111,-0.25423
127.4,111,-0.25423
127.32,111,-0.25424
127.23,111,-0.25425
127.14,111,-0.25426
127.06,111,-0.25426
126.97,111,-0.25427
126.89,111,-0.25428
126.8,111,-0.25429
126.72,111,-0.25429
126.63,111,-0.2543
126.55,111,-0.25431
126.46,111,-0.25432
126.38,111,-0.25432
126.29,111,-0.25433
126.21,111,-0.25434
126.13,111,-0.25435
126.04,111,-0.25435
125.96,111,-0.25436
125.87,111,-0.25437
125.79,111,-0.25438
125.7,111,-0.25438
125.62,111,-0.25439
125.54,111,-0.2544
125.45,111,-0.25441
125.37,111,-0.25441
125.29,111,-0.25442
125.2,111,-0.25443
125.12,111,-0.25444
125.04,111,-0.25444
124.95,111,-0.25445
124.87,111,-0.25446
124.79,111,-0.25446
124.7,111,-0.25447
124.62,111,-0.25448
124.54,111,-0.25449
124.45,111,-0.25449
124.37,111,-0.2545
124.29,111,-0.25451
124.21,111,-0.25452
124.12,111,-0.25452
124.04,111,-0.25453
123.96,111,-0.25454
123.88,111,-0.25455
123.79,111,-0.25455
123.71,111,-0.25456
123.63,111,-0.25457
123.55,111,-0.25457
123.47,111,-0.25458
123.38,111,-0.25459
123.3,111,-0.2546
123.22,111,-0.2546
123.14,111,-0.25461
123.06,111,-0.25462
122.98,111,-0.25462
122.9,111,-0.25463
122.82,111,-0.25464
122.73,111,-0.25465
122.65,111,-0.25465
122.57,111,-0.25466
122.49,111,-0.25467
122.41,111,-0.25467
122.33,111,-0.25468
122.25,111,-0.25469
122.17,111,-0.2547
122.09,111,-0.2547
122.01,111,-0.25471
121.93,111,-0.25472
121.85,111,-0.25472
121.77,111,-0.25473
121.69,111,-0.25474
121.61,111,-0.25475
121.53,111,-0.25475
121.45,111,-0.25476
121.37,111,-0.25477
121.29,111,-0.25477
121.21,111,-0.25478
121.13,111,-0.25479
121.06,111,-0.25479
120.98,111,-0.2548
120.9,111,-0.25481
120.82,111,-0.25482
120.74,111,-0.25482
120.66,111,-0.25483
120.58,111,-0.25484
120.5,111,-0.25484
120.43,111,-0.25485
120.35,111,-0.25486
120.27,111,-0.25486
120.19,111,-0.25487
120.11,111,-0.25488
120.04,111,-0.25489
119.96,111,-0.25489
119.88,111,-0.2549
119.8,111,-0.25491
119.73,111,-0.25491
119.65,111,-0.25492
119.57,111,-0.25493
119.5,111,-0.25493
119.42,111,-0.25494
119.34,111,-0.25495
119.27,111,-0.25495
119.19,111,-0.25496
119.11,111,-0.25497
119.04,111,-0.25497
118.96,111,-0.25498
118.88,111,-0.25499
118.81,111,-0.25499
118.73,111,-0.255
118.66,111,-0.25501
118.58,111,-0.25502
118.5,111,-0.25502
118.43,111,-0.25503
118.35,111,-0.25504
118.28,111,-0.25504
118.2,111,-0.25505
118.13,111,-0.25506
118.05,111,-0.25506
117.98,111,-0.25507
117.9,111,-0.25508
117.83,111,-0.25508
117.75,111,-0.25509
117.68,111,-0.2551
117.61,111,-0.2551
117.53,111,-0.25511
117.46,111,-0.25512
117.38,111,-0.25512
117.31,111,-0.25513
117.24,111,-0.25514
117.16,111,-0.25514
117.09,111,-0.25515
117.01,111,-0.25516
116.94,111,-0.25516
116.87,111,-0.25517
116.8,111,-0.25518
116.72,111,-0.25518
116.65,111,-0.25519
116.58,111,-0.2552
116.5,111,-0.2552
116.43,111,-0.25521
116.36,111,-0.25522
116.29,111,-0.25522
116.22,111,-0.25523
116.14,111,-0.25524
116.07,111,-0.25524
116,111,-0.25525
115.93,111,-0.25526
115.86,111,-0.25526
115.78,111,-0.25527
115.71,111,-0.25527
115.64,111,-0.25528
115.57,111,-0.25529
115.5,111,-0.25529
115.43,111,-0.2553
115.36,111,-0.25531
115.29,111,-0.25531
115.22,111,-0.25532
115.15,111,-0.25533
115.08,111,-0.25533
115.01,111,-0.25534
114.94,111,-0.25535
114.87,111,-0.25535
114.8,111,-0.25536
114.73,111,-0.25537
114.66,111,-0.25537
114.59,111,-0.25538
114.52,111,-0.25538
114.45,111,-0.25539
114.38,111,-0.2554
114.31,111,-0.2554
114.25,111,-0.25541
114.18,111,-0.25542
114.11,111,-0.25542
114.04,111,-0.25543
113.97,111,-0.25544
113.9,111,-0.25544
113.84,111,-0.25545
113.77,111,-0.25545
113.7,111,-0.25546
113.63,111,-0.25547
113.57,111,-0.25547
113.5,111,-0.25548
113.43,111,-0.25549
113.36,111,-0.25549
113.3,111,-0.2555
113.23,111,-0.25551
113.16,111,-0.25551
113.1,111,-0.25552
113.03,111,-0.25552
112.96,111,-0.25553
112.9,111,-0.25554
112.83,111,-0.25554
112.77,111,-0.25555
112.7,111,-0.25556
112.63,111,-0.25556
112.57,111,-0.25557
112.5,111,-0.25557
112.44,111,-0.25558
112.37,111,-0.25559
112.31,111,-0.25559
112.24,111,-0.2556
112.18,111,-0.25561
112.11,111,-0.25561
112.05,111,-0.25562
111.99,111,-0.25562
111.92,111,-0.25563
111.86,111,-0.25564
111.79,111,-0.25564
111.73,111,-0.25565
111.67,111,-0.25565
111.6,111,-0.25566
111.54,111,-0.25567
111.48,111,-0.25567
111.41,111,-0.25568
111.35,111,-0.25569
111.29,111,-0.25569
111.23,111,-0.2557
111.16,111,-0.2557
111.1,111,-0.25571
111.04,111,-0.25572
110.98,111,-0.25572
110.91,111,-0.25573
110.85,111,-0.25573
110.79,111,-0.25574
110.73,111,-0.25575
110.67,111,-0.25575
110.61,111,-0.25576
110.54,111,-0.25576
110.48,111,-0.25577
110.42,111,-0.25578
110.36,111,-0.25578
110.3,111,-0.25579
110.24,111,-0.25579
110.18,111,-0.2558
110.12,111,-0.25581
110.06,111,-0.25581
110,111,-0.25582
109.94,111,-0.25582
109.88,111,-0.25583
109.82,111,-0.25584
109.76,111,-0.25584
109.7,111,-0.25585
109.64,111,-0.25585
109.58,111,-0.25586
109.53,111,-0.25587
109.47,111,-0.25587
109.41,111,-0.25588
109.35,111,-0.25588
109.29,111,-0.25589
109.23,111,-0.2559
109.17,111,-0.2559
109.12,111,-0.25591
109.06,111,-0.25591
109,111,-0.25592
108.94,111,-0.25593
108.89,111,-0.25593
108.83,111,-0.25594
108.77,111,-0.25594
108.72,111,-0.25595
108.66,111,-0.25595
108.6,111,-0.25596
108.55,111,-0.25597
108.49,111,-0.25597
108.43,111,-0.25598
108.38,111,-0.25598
108.32,111,-0.25599
108.26,111,-0.256
108.21,111,-0.256
108.15,111,-0.25601
108.1,111,-0.25601
108.04,111,-0.25602
107.99,111,-0.25602
107.93,111,-0.25603
107.88,111,-0.25604
107.82,111,-0.25604
107.77,111,-0.25605
107.71,111,-0.25605
107.66,111,-0.25606
107.6,111,-0.25606
107.55,111,-0.25607
107.5,111,-0.25608
107.44,111,-0.25608
107.39,111,-0.25609
107.34,111,-0.25609
107.28,111,-0.2561
107.23,111,-0.2561
107.18,111,-0.25611
107.12,111,-0.25612
107.07,111,-0.25612
107.02,111,-0.25613
106.96,111,-0.25613
106.91,111,-0.25614
106.86,111,-0.25614
106.81,111,-0.25615
106.76,111,-0.25616
106.7,111,-0.25616
106.65,111,-0.25617
106.6,111,-0.25617
106.55,111,-0.25618
106.5,111,-0.25618
106.45,111,-0.25619
106.39,111,-0.25619
106.34,111,-0.2562
106.29,111,-0.25621
106.24,111,-0.25621
106.19,111,-0.25622
106.14,111,-0.25622
106.09,111,-0.25623
106.04,111,-0.25623
105.99,111,-0.25624
105.94,111,-0.25625
105.89,111,-0.25625
105.84,111,-0.25626
105.79,111,-0.25626
105.74,111,-0.25627
105.69,111,-0.25627
105.64,111,-0.25628
105.59,111,-0.25628
105.54,111,-0.25629
105.5,111,-0.25629
105.45,111,-0.2563
105.4,111,-0.25631
105.35,111,-0.25631
105.3,111,-0.25632
105.25,111,-0.25632
105.21,111,-0.25633
105.16,111,-0.25633
105.11,111,-0.25634
105.06,111,-0.25634
105.01,111,-0.25635
104.97,111,-0.25636
104.92,111,-0.25636
104.87,111,-0.25637
104.83,111,-0.25637
104.78,111,-0.25638
104.73,111,-0.25638
104.69,111,-0.25639
104.64,111,-0.25639
104.59,111,-0.2564
104.55,111,-0.2564
104.5,111,-0.25641
104.45,111,-0.25641
104.41,111,-0.25642
104.36,111,-0.25643
104.32,111,-0.25643
104.27,111,-0.25644
104.23,111,-0.25644
104.18,111,-0.25645
104.14,111,-0.25645
104.09,111,-0.25646
104.05,111,-0.25646
104,111,-0.25647
103.96,111,-0.25647
103.91,111,-0.25648
103.87,111,-0.25648
103.82,111,-0.25649
103.78,111,-0.25649
103.73,111,-0.2565
103.69,111,-0.25651
103.65,111,-0.25651
103.6,111,-0.25652
103.56,111,-0.25652
103.51,111,-0.25653
103.47,111,-0.25653
103.43,111,-0.25654
103.38,111,-0.25654
103.34,111,-0.25655
103.3,111,-0.25655
103.26,111,-0.25656
103.21,111,-0.25656
103.17,111,-0.25657
103.13,111,-0.25657
103.09,111,-0.25658
103.04,111,-0.25658
103,111,-0.25659
102.96,111,-0.25659
102.92,111,-0.2566
102.88,111,-0.25661
102.83,111,-0.25661
102.79,111,-0.25662
102.75,111,-0.25662
102.71,111,-0.25663
102.67,111,-0.25663
102.63,111,-0.25664
102.59,111,-0.25664
102.54,111,-0.25665
102.5,111,-0.25665
102.46,111,-0.25666
102.42,111,-0.25666
102.38,111,-0.25667
102.34,111,-0.25667
102.3,111,-0.25668
102.26,111,-0.25668
102.22,111,-0.25669
102.18,111,-0.25669
102.14,111,-0.2567
102.1,111,-0.2567
102.06,111,-0.25671
102.02,111,-0.25671
101.98,111,-0.25672
101.94,111,-0.25672
101.9,111,-0.25673
101.86,111,-0.25673
101.82,111,-0.25674
101.78,111,-0.25674
101.75,111,-0.25675
101.71,111,-0.25675
101.67,111,-0.25676
101.63,111,-0.25676
101.59,111,-0.25677
101.55,111,-0.25677
101.51,111,-0.25678
101.48,111,-0.25678
101.44,111,-0.25679
101.4,111,-0.25679
101.36,111,-0.2568
101.32,111,-0.2568
101.29,111,-0.25681
101.25,111,-0.25681
101.21,111,-0.25682
101.17,111,-0.25682
101.14,111,-0.25683
101.1,111,-0.25683
101.06,111,-0.25684
101.02,111,-0.25684
100.99,111,-0.25685
100.95,111,-0.25685
100.91,111,-0.25686
100.88,111,-0.25686
100.84,111,-0.25687
100.8,111,-0.25687
100.77,111,-0.25688
100.73,111,-0.25688
100.69,111,-0.25689
100.66,111,-0.25689
100.62,111,-0.2569
100.58,111,-0.2569
100.55,111,-0.25691
100.51,111,-0.25691
100.48,111,-0.25692
100.44,111,-0.25692
100.4,111,-0.25693
100.37,111,-0.25693
100.33,111,-0.25694
100.3,111,-0.25694
100.26,111,-0.25695
100.23,111,-0.25695
100.19,111,-0.25696
100.16,111,-0.25696
100.12,111,-0.25697
100.09,111,-0.25697
100.05,111,-0.25698
100.02,111,-0.25698
99.98,111,-0.25699
99.946,111,-0.25699
99.911,111,-0.25699
99.876,111,-0.257
99.842,111,-0.257
99.807,111,-0.25701
99.773,111,-0.25701
99.738,111,-0.25702
99.704,111,-0.25702
99.67,111,-0.25703
99.636,111,-0.25703
99.602,111,-0.25704
99.568,111,-0.25704
99.534,111,-0.25705
99.5,111,-0.25705
99.466,111,-0.25706
99.432,111,-0.25706
99.398,111,-0.25707
99.365,111,-0.25707
99.331,111,-0.25708
99.298,111,-0.25708
99.264,111,-0.25709
99.231,111,-0.25709
99.198,111,-0.25709
99.164,111,-0.2571
99.131,111,-0.2571
99.098,111,-0.25711
99.065,111,-0.25711
99.032,111,-0.25712
98.999,111,-0.25712
98.966,111,-0.25713
98.933,111,-0.25713
98.9,111,-0.25714
98.868,111,-0.25714
98.835,111,-0.25715
98.802,111,-0.25715
98.77,111,-0.25716
98.737,111,-0.25716
98.705,111,-0.25716
98.672,111,-0.25717
98.64,111,-0.25717
98.608,111,-0.25718
98.575,111,-0.25718
98.543,111,-0.25719
98.511,111,-0.25719
98.479,111,-0.2572
98.447,111,-0.2572
98.415,111,-0.25721
98.383,111,-0.25721
98.351,111,-0.25722
98.319,111,-0.25722
98.287,111,-0.25722
98.255,111,-0.25723
98.224,111,-0.25723
98.192,111,-0.25724
98.16,111,-0.25724
98.129,111,-0.25725
98.097,111,-0.25725
98.066,111,-0.25726
98.034,111,-0.25726
98.003,111,-0.25727
97.971,111,-0.25727
97.94,111,-0.25727
97.909,111,-0.25728
97.878,111,-0.25728
97.846,111,-0.25729
97.815,111,-0.25729
97.784,111,-0.2573
97.753,111,-0.2573
97.722,111,-0.25731
97.691,111,-0.25731
97.66,111,-0.25732
97.629,111,-0.25732
97.598,111,-0.25732
97.567,111,-0.25733
97.536,111,-0.25733
97.505,111,-0.25734
97.475,111,-0.25734
97.444,111,-0.25735
97.413,111,-0.25735
97.382,111,-0.25736
97.352,111,-0.25736
97.321,111,-0.25736
97.291,111,-0.25737
97.26,111,-0.25737
97.229,111,-0.25738
97.199,111,-0.25738
97.168,111,-0.25739
97.138,111,-0.25739
97.108,111,-0.2574
97.077,111,-0.2574
97.047,111,-0.2574
97.016,111,-0.25741
96.986,111,-0.25741
96.956,111,-0.25742
96.926,111,-0.25742
96.895,111,-0.25743
96.865,111,-0.25743
96.835,111,-0.25743
96.805,111,-0.25744
96.775,111,-0.25744
96.744,111,-0.25745
96.714,111,-0.25745
96.684,111,-0.25746
96.654,111,-0.25746
96.624,111,-0.25747
96.594,111,-0.25747
96.564,111,-0.25747
96.534,111,-0.25748
96.504,111,-0.25748
96.474,111,-0.25749
96.444,111,-0.25749
96.414,111,-0.2575
96.384,111,-0.2575
96.355,111,-0.2575
96.325,111,-0.25751
96.295,111,-0.25751
96.265,111,-0.25752
96.235,111,-0.25752
96.205,111,-0.25753
96.176,111,-0.25753
96.146,111,-0.25753
96.116,111,-0.25754
96.086,111,-0.25754
96.056,111,-0.25755
96.027,111,-0.25755
95.997,111,-0.25756
95.967,111,-0.25756
95.938,111,-0.25756
95.908,111,-0.25757
95.878,111,-0.25757
95.848,111,-0.25758
95.819,111,-0.25758
95.789,111,-0.25758
95.76,111,-0.25759
95.73,111,-0.25759
95.7,111,-0.2576
95.671,111,-0.2576
95.641,111,-0.25761
95.611,111,-0.25761
95.582,111,-0.25761
95.552,111,-0.25762
95.522,111,-0.25762
95.493,111,-0.25763
95.463,111,-0.25763
95.434,111,-0.25763
95.404,111,-0.25764
95.374,111,-0.25764
95.345,111,-0.25765
95.315,111,-0.25765
95.286,111,-0.25766
95.256,111,-0.25766
95.227,111,-0.25766
95.197,111,-0.25767
95.167,111,-0.25767
95.138,111,-0.25768
95.108,111,-0.25768
95.079,111,-0.25768
95.049,111,-0.25769
95.019,111,-0.25769
94.99,111,-0.2577
94.96,111,-0.2577
94.931,111,-0.25771
94.901,111,-0.25771
94.871,111,-0.25771
94.842,111,-0.25772
94.812,111,-0.25772
94.783,111,-0.25773
94.753,111,-0.25773
94.723,111,-0.25773
94.694,111,-0.25774
94.664,111,-0.25774
94.634,111,-0.25775
94.605,111,-0.25775
94.575,111,-0.25775
94.545,111,-0.25776
94.516,111,-0.25776
94.486,111,-0.25777
94.456,111,-0.25777
94.427,111,-0.25777
94.397,111,-0.25778
94.367,111,-0.25778
94.338,111,-0.25779
94.308,111,-0.25779
94.278,111,-0.25779
94.248,111,-0.2578
94.219,111,-0.2578
94.189,111,-0.25781
94.159,111,-0.25781
94.129,111,-0.25781
94.099,111,-0.25782
94.07,111,-0.25782
94.04,111,-0.25783
94.01,111,-0.25783
93.98,111,-0.25783
93.95,111,-0.25784
93.92,111,-0.25784
93.891,111,-0.25785
93.861,111,-0.25785
93.831,111,-0.25785
93.801,111,-0.25786
93.771,111,-0.25786
93.741,111,-0.25787
93.711,111,-0.25787
93.681,111,-0.25787
93.651,111,-0.25788
93.621,111,-0.25788
93.591,111,-0.25789
93.561,111,-0.25789
93.531,111,-0.25789
93.501,111,-0.2579
93.471,111,-0.2579
93.441,111,-0.2579
93.41,111,-0.25791
93.38,111,-0.25791
93.35,111,-0.25792
93.32,111,-0.25792
93.29,111,-0.25792
93.26,111,-0.25793
93.229,111,-0.25793
93.199,111,-0.25794
93.169,111,-0.25794
93.139,111,-0.25794
93.108,111,-0.25795
93.078,111,-0.25795
93.048,111,-0.25796
93.017,111,-0.25796
92.987,111,-0.25796
92.956,111,-0.25797
92.926,111,-0.25797
92.896,111,-0.25797
92.865,111,-0.25798
92.835,111,-0.25798
92.804,111,-0.25799
92.774,111,-0.25799
92.743,111,-0.25799
92.713,111,-0.258
92.682,111,-0.258
92.651,111,-0.258
92.621,111,-0.25801
92.59,111,-0.25801
92.559,111,-0.25802
92.529,111,-0.25802
92.498,111,-0.25802
92.467,111,-0.25803
92.437,111,-0.25803
92.406,111,-0.25804
92.375,111,-0.25804
92.344,111,-0.25804
92.313,111,-0.25805
92.282,111,-0.25805
92.252,111,-0.25805
92.221,111,-0.25806
92.19,111,-0.25806
92.159,111,-0.25807
92.128,111,-0.25807
92.097,111,-0.25807
92.066,111,-0.25808
92.035,111,-0.25808
92.004,111,-0.25808
91.973,111,-0.25809
91.942,111,-0.25809
91.91,111,-0.25809
91.879,111,-0.2581
91.848,111,-0.2581
91.817,111,-0.25811
91.786,111,-0.25811
91.754,111,-0.25811
91.723,111,-0.25812
91.692,111,-0.25812
91.66,111,-0.25812
91.629,111,-0.25813
91.598,111,-0.25813
91.566,111,-0.25814
91.535,111,-0.25814
91.503,111,-0.25814
91.472,111,-0.25815
91.44,111,-0.25815
91.409,111,-0.25815
91.377,111,-0.25816
91.346,111,-0.25816
91.314,111,-0.25816
91.283,111,-0.25817
91.251,111,-0.25817
91.219,111,-0.25818
91.188,111,-0.25818
91.156,111,-0.25818
91.124,111,-0.25819
91.092,111,-0.25819
91.061,111,-0.25819
91.029,111,-0.2582
90.997,111,-0.2582
90.965,111,-0.2582
90.933,111,-0.25821
90.901,111,-0.25821
90.869,111,-0.25822
90.837,111,-0.25822
90.805,111,-0.25822
90.773,111,-0.25823
90.741,111,-0.25823
90.709,111,-0.25823
90.677,111,-0.25824
90.645,111,-0.25824
90.613,111,-0.25824
90.581,111,-0.25825
90.549,111,-0.25825
90.516,111,-0.25825
90.484,111,-0.25826
90.452,111,-0.25826
90.42,111,-0.25826
90.387,111,-0.25827
90.355,111,-0.25827
90.323,111,-0.25828
90.29,111,-0.25828
90.258,111,-0.25828
90.225,111,-0.25829
90.193,111,-0.25829
90.16,111,-0.25829
90.128,111,-0.2583
90.095,111,-0.2583
90.063,111,-0.2583
90.03,111,-0.25831
89.998,111,-0.25831
89.965,111,-0.25831
89.932,111,-0.25832
89.9,111,-0.25832
89.867,111,-0.25832
89.834,111,-0.25833
89.802,111,-0.25833
89.769,111,-0.25833
89.736,111,-0.25834
89.703,111,-0.25834
89.67,111,-0.25835
89.637,111,-0.25835
89.605,111,-0.25835
89.572,111,-0.25836
89.539,111,-0.25836
89.506,111,-0.25836
89.473,111,-0.25837
89.44,111,-0.25837
89.407,111,-0.25837
89.374,111,-0.25838
89.341,111,-0.25838
89.308,111,-0.25838
89.274,111,-0.25839
89.241,111,-0.25839
89.208,111,-0.25839
89.175,111,-0.2584
89.142,111,-0.2584
89.109,111,-0.2584
89.075,111,-0.25841
89.042,111,-0.25841
89.009,111,-0.25841
88.975,111,-0.25842
88.942,111,-0.25842
88.909,111,-0.25842
88.875,111,-0.25843
88.842,111,-0.25843
88.809,111,-0.25843
88.775,111,-0.25844
88.742,111,-0.25844
88.708,111,-0.25844
88.675,111,-0.25845
88.641,111,-0.25845
88.608,111,-0.25845
88.574,111,-0.25846
88.54,111,-0.25846
88.507,111,-0.25846
88.473,111,-0.25847
88.44,111,-0.25847
88.406,111,-0.25847
88.372,111,-0.25848
88.339,111,-0.25848
88.305,111,-0.25848
88.271,111,-0.25849
88.237,111,-0.25849
88.204,111,-0.25849
88.17,111,-0.2585
88.136,111,-0.2585
88.102,111,-0.2585
88.068,111,-0.25851
88.034,111,-0.25851
88.001,111,-0.25851
87.967,111,-0.25852
87.933,111,-0.25852
87.899,111,-0.25852
87.865,111,-0.25853
87.831,111,-0.25853
87.797,111,-0.25853
87.763,111,-0.25854
87.729,111,-0.25854
87.695,111,-0.25854
87.661,111,-0.25855
87.627,111,-0.25855
87.593,111,-0.25855
87.559,111,-0.25856
87.524,111,-0.25856
87.49,111,-0.25856
87.456,111,-0.25857
87.422,111,-0.25857
87.388,111,-0.25857
87.354,111,-0.25858
87.319,111,-0.25858
87.285,111,-0.25858
87.251,111,-0.25859
87.217,111,-0.25859
87.183,111,-0.25859
87.148,111,-0.25859
87.114,111,-0.2586
87.08,111,-0.2586
87.045,111,-0.2586
87.011,111,-0.25861
86.977,111,-0.25861
86.942,111,-0.25861
86.908,111,-0.25862
86.874,111,-0.25862
86.839,111,-0.25862
86.805,111,-0.25863
86.77,111,-0.25863
86.736,111,-0.25863
86.702,111,-0.25864
86.667,111,-0.25864
86.633,111,-0.25864
86.598,111,-0.25865
86.564,111,-0.25865
86.529,111,-0.25865
86.495,111,-0.25866
86.46,111,-0.25866
86.426,111,-0.25866
86.391,111,-0.25866
86.357,111,-0.25867
86.322,111,-0.25867
86.288,111,-0.25867
86.253,111,-0.25868
86.218,111,-0.25868
86.184,111,-0.25868
86.149,111,-0.25869
86.115,111,-0.25869
86.08,111,-0.25869
86.045,111,-0.2587
86.011,111,-0.2587
85.976,111,-0.2587
85.942,111,-0.25871
85.907,111,-0.25871
85.872,111,-0.25871
85.838,111,-0.25871
85.803,111,-0.25872
85.768,111,-0.25872
85.734,111,-0.25872
85.699,111,-0.25873
85.664,111,-0.25873
85.629,111,-0.25873
85.595,111,-0.25874
85.56,111,-0.25874
85.525,111,-0.25874
85.491,111,-0.25875
85.456,111,-0.25875
85.421,111,-0.25875
85.386,111,-0.25875
85.352,111,-0.25876
85.317,111,-0.25876
85.282,111,-0.25876
85.248,111,-0.25877
85.213,111,-0.25877
85.178,111,-0.25877
85.143,111,-0.25878
85.109,111,-0.25878
85.074,111,-0.25878
85.039,111,-0.25878
85.004,111,-0.25879
84.97,111,-0.25879
84.935,111,-0.25879
84.9,111,-0.2588
84.865,111,-0.2588
84.83,111,-0.2588
84.796,111,-0.25881
84.761,111,-0.25881
84.726,111,-0.25881
84.691,111,-0.25881
84.657,111,-0.25882
84.622,111,-0.25882
84.587,111,-0.25882
84.552,111,-0.25883
84.518,111,-0.25883
84.483,111,-0.25883
84.448,111,-0.25884
84.413,111,-0.25884
84.379,111,-0.25884
84.344,111,-0.25884
84.309,111,-0.25885
84.274,111,-0.25885
84.239,111,-0.25885
84.205,111,-0.25886
84.17,111,-0.25886
84.135,111,-0.25886
84.101,111,-0.25886
84.066,111,-0.25887
84.031,111,-0.25887
83.996,111,-0.25887
83.962,111,-0.25888
83.927,111,-0.25888
83.892,111,-0.25888
83.857,111,-0.25889
83.823,111,-0.25889
83.788,111,-0.25889
83.753,111,-0.25889
83.719,111,-0.2589
83.684,111,-0.2589
83.649,111,-0.2589
83.615,111,-0.25891
83.58,111,-0.25891
83.545,111,-0.25891
83.511,111,-0.25891
83.476,111,-0.25892
83.441,111,-0.25892
83.407,111,-0.25892
83.372,111,-0.25893
83.337,111,-0.25893
83.303,111,-0.25893
83.268,111,-0.25893
83.234,111,-0.25894
83.199,111,-0.25894
83.164,111,-0.25894
83.13,111,-0.25895
83.095,111,-0.25895
83.061,111,-0.25895
83.026,111,-0.25895
82.992,111,-0.25896
82.957,111,-0.25896
82.922,111,-0.25896
82.888,111,-0.25897
82.853,111,-0.25897
82.819,111,-0.25897
82.784,111,-0.25897
82.75,111,-0.25898
82.716,111,-0.25898
82.681,111,-0.25898
82.647,111,-0.25899
82.612,111,-0.25899
82.578,111,-0.25899
82.543,111,-0.25899
82.509,111,-0.259
82.475,111,-0.259
82.44,111,-0.259
82.406,111,-0.25901
82.372,111,-0.25901
82.337,111,-0.25901
82.303,111,-0.25901
82.269,111,-0.25902
82.234,111,-0.25902
82.2,111,-0.25902
82.166,111,-0.25902
82.131,111,-0.25903
82.097,111,-0.25903
82.063,111,-0.25903
82.029,111,-0.25904
81.994,111,-0.25904
81.96,111,-0.25904
81.926,111,-0.25904
81.892,111,-0.25905
81.858,111,-0.25905
81.824,111,-0.25905
81.79,111,-0.25905
81.755,111,-0.25906
81.721,111,-0.25906
81.687,111,-0.25906
81.653,111,-0.25907
81.619,111,-0.25907
81.585,111,-0.25907
81.551,111,-0.25907
81.517,111,-0.25908
81.483,111,-0.25908
81.449,111,-0.25908
81.415,111,-0.25908
81.381,111,-0.25909
81.347,111,-0.25909
81.313,111,-0.25909
81.28,111,-0.2591
81.246,111,-0.2591
81.212,111,-0.2591
81.178,111,-0.2591
81.144,111,-0.25911
81.11,111,-0.25911
81.077,111,-0.25911
81.043,111,-0.25911
81.009,111,-0.25912
80.975,111,-0.25912
80.942,111,-0.25912
80.908,111,-0.25913
80.874,111,-0.25913
80.841,111,-0.25913
80.807,111,-0.25913
80.774,111,-0.25914
80.74,111,-0.25914
80.706,111,-0.25914
80.673,111,-0.25914
80.639,111,-0.25915
80.606,111,-0.25915
80.572,111,-0.25915
80.539,111,-0.25915
80.505,111,-0.25916
80.472,111,-0.25916
80.438,111,-0.25916
80.405,111,-0.25917
80.372,111,-0.25917
80.338,111,-0.25917
80.305,111,-0.25917
80.272,111,-0.25918
80.238,111,-0.25918
80.205,111,-0.25918
80.172,111,-0.25918
80.139,111,-0.25919
80.105,111,-0.25919
80.072,111,-0.25919
80.039,111,-0.25919
80.006,111,-0.2592
79.973,111,-0.2592
79.94,111,-0.2592
79.907,111,-0.2592
79.874,111,-0.25921
79.841,111,-0.25921
79.808,111,-0.25921
79.775,111,-0.25921
79.742,111,-0.25922
79.709,111,-0.25922
79.676,111,-0.25922
79.643,111,-0.25923
79.61,111,-0.25923
79.577,111,-0.25923
79.544,111,-0.25923
79.512,111,-0.25924
79.479,111,-0.25924
79.446,111,-0.25924
79.413,111,-0.25924
79.381,111,-0.25925
79.348,111,-0.25925
79.315,111,-0.25925
79.283,111,-0.25925
79.25,111,-0.25926
79.217,111,-0.25926
79.185,111,-0.25926
79.152,111,-0.25926
79.12,111,-0.25927
79.087,111,-0.25927
79.055,111,-0.25927
79.022,111,-0.25927
78.99,111,-0.25928
78.957,111,-0.25928
78.925,111,-0.25928
78.893,111,-0.25928
78.86,111,-0.25929
78.828,111,-0.25929
78.796,111,-0.25929
78.763,111,-0.25929
78.731,111,-0.2593
78.699,111,-0.2593
78.667,111,-0.2593
78.635,111,-0.2593
78.603,111,-0.25931
78.57,111,-0.25931
78.538,111,-0.25931
78.506,111,-0.25931
78.474,111,-0.25932
78.442,111,-0.25932
78.41,111,-0.25932
78.378,111,-0.25932
78.346,111,-0.25933
78.315,111,-0.25933
78.283,111,-0.25933
78.251,111,-0.25933
78.219,111,-0.25934
78.187,111,-0.25934
78.155,111,-0.25934
78.124,111,-0.25934
78.092,111,-0.25935
78.06,111,-0.25935
78.029,111,-0.25935
77.997,111,-0.25935
77.965,111,-0.25936
77.934,111,-0.25936
77.902,111,-0.25936
77.871,111,-0.25936
77.839,111,-0.25937
77.808,111,-0.25937
77.776,111,-0.25937
77.745,111,-0.25937
77.713,111,-0.25938
77.682,111,-0.25938
77.65,111,-0.25938
77.619,111,-0.25938
77.588,111,-0.25938
77.557,111,-0.25939
77.525,111,-0.25939
77.494,111,-0.25939
77.463,111,-0.25939
77.432,111,-0.2594
77.401,111,-0.2594
77.369,111,-0.2594
77.338,111,-0.2594
77.307,111,-0.25941
77.276,111,-0.25941
77.245,111,-0.25941
77.214,111,-0.25941
77.183,111,-0.25942
77.152,111,-0.25942
77.121,111,-0.25942
77.091,111,-0.25942
77.06,111,-0.25943
77.029,111,-0.25943
76.998,111,-0.25943
76.967,111,-0.25943
76.937,111,-0.25943
76.906,111,-0.25944
76.875,111,-0.25944
76.844,111,-0.25944
76.814,111,-0.25944
76.783,111,-0.25945
76.753,111,-0.25945
76.722,111,-0.25945
76.691,111,-0.25945
76.661,111,-0.25946
76.63,111,-0.25946
76.6,111,-0.25946
76.57,111,-0.25946
76.539,111,-0.25947
76.509,111,-0.25947
76.478,111,-0.25947
76.448,111,-0.25947
76.418,111,-0.25947
76.388,111,-0.25948
76.357,111,-0.25948
76.327,111,-0.25948
76.297,111,-0.25948
76.267,111,-0.25949
76.237,111,-0.25949
76.207,111,-0.25949
76.176,111,-0.25949
76.146,111,-0.2595
76.116,111,-0.2595
76.086,111,-0.2595
76.056,111,-0.2595
76.026,111,-0.2595
75.996,111,-0.25951
75.967,111,-0.25951
75.937,111,-0.25951
75.907,111,-0.25951
75.877,111,-0.25952
75.847,111,-0.25952
75.818,111,-0.25952
75.788,111,-0.25952
75.758,111,-0.25953
75.728,111,-0.25953
75.699,111,-0.25953
75.669,111,-0.25953
75.639,111,-0.25953
75.61,111,-0.25954
75.58,111,-0.25954
75.551,111,-0.25954
75.521,111,-0.25954
75.492,111,-0.25955
75.462,111,-0.25955
75.433,111,-0.25955
75.404,111,-0.25955
75.374,111,-0.25955
75.345,111,-0.25956
75.316,111,-0.25956
75.286,111,-0.25956
75.257,111,-0.25956
75.228,111,-0.25957
75.199,111,-0.25957
75.169,111,-0.25957
75.14,111,-0.25957
75.111,111,-0.25957
75.082,111,-0.25958
75.053,111,-0.25958
75.024,111,-0.25958
74.995,111,-0.25958
74.966,111,-0.25959
74.937,111,-0.25959
74.908,111,-0.25959
74.879,111,-0.25959
74.85,111,-0.25959
74.821,111,-0.2596
74.792,111,-0.2596
74.763,111,-0.2596
74.735,111,-0.2596
74.706,111,-0.25961
74.677,111,-0.25961
74.648,111,-0.25961
74.62,111,-0.25961
74.591,111,-0.25961
74.562,111,-0.25962
74.534,111,-0.25962
74.505,111,-0.25962
74.476,111,-0.25962
74.448,111,-0.25963
74.419,111,-0.25963
74.391,111,-0.25963
74.362,111,-0.25963
74.334,111,-0.25963
74.305,111,-0.25964
74.277,111,-0.25964
74.249,111,-0.25964
74.22,111,-0.25964
74.192,111,-0.25964
74.164,111,-0.25965
74.135,111,-0.25965
74.107,111,-0.25965
74.079,111,-0.25965
74.051,111,-0.25966
74.022,111,-0.25966
73.994,111,-0.25966
73.966,111,-0.25966
73.938,111,-0.25966
73.91,111,-0.25967
73.882,111,-0.25967
73.854,111,-0.25967
73.826,111,-0.25967
73.798,111,-0.25967
73.77,111,-0.25968
73.742,111,-0.25968
73.714,111,-0.25968
73.686,111,-0.25968
73.658,111,-0.25969
73.63,111,-0.25969
73.602,111,-0.25969
73.575,111,-0.25969
73.547,111,-0.25969
73.519,111,-0.2597
73.491,111,-0.2597
73.464,111,-0.2597
73.436,111,-0.2597
73.408,111,-0.2597
73.381,111,-0.25971
73.353,111,-0.25971
73.325,111,-0.25971
73.298,111,-0.25971
73.27,111,-0.25971
73.243,111,-0.25972
73.215,111,-0.25972
73.188,111,-0.25972
73.16,111,-0.25972
73.133,111,-0.25973
73.105,111,-0.25973
73.078,111,-0.25973
73.05,111,-0.25973
73.023,111,-0.25973
72.996,111,-0.25974
72.968,111,-0.25974
72.941,111,-0.25974
72.914,111,-0.25974
72.887,111,-0.25974
72.859,111,-0.25975
72.832,111,-0.25975
72.805,111,-0.25975
72.778,111,-0.25975
72.751,111,-0.25975
72.723,111,-0.25976
72.696,111,-0.25976
72.669,111,-0.25976
72.642,111,-0.25976
72.615,111,-0.25976
72.588,111,-0.25977
72.561,111,-0.25977
72.534,111,-0.25977
72.507,111,-0.25977
72.48,111,-0.25977
72.453,111,-0.25978
72.426,111,-0.25978
72.4,111,-0.25978
72.373,111,-0.25978
72.346,111,-0.25978
72.319,111,-0.25979
72.292,111,-0.25979
72.265,111,-0.25979
72.239,111,-0.25979
72.212,111,-0.25979
72.185,111,-0.2598
72.159,111,-0.2598
72.132,111,-0.2598
72.105,111,-0.2598
72.079,111,-0.2598
72.052,111,-0.25981
72.025,111,-0.25981
71.999,111,-0.25981
71.972,111,-0.25981
71.946,111,-0.25981
71.919,111,-0.25982
71.893,111,-0.25982
71.866,111,-0.25982
71.84,111,-0.25982
71.813,111,-0.25982
71.787,111,-0.25983
71.76,111,-0.25983
71.734,111,-0.25983
71.708,111,-0.25983
71.681,111,-0.25983
71.655,111,-0.25984
71.629,111,-0.25984
71.602,111,-0.25984
71.576,111,-0.25984
71.55,111,-0.25984
71.524,111,-0.25985
71.497,111,-0.25985
71.471,111,-0.25985
71.445,111,-0.25985
71.419,111,-0.25985
71.393,111,-0.25986
71.367,111,-0.25986
71.34,111,-0.25986
71.314,111,-0.25986
71.288,111,-0.25986
71.262,111,-0.25987
71.236,111,-0.25987
71.21,111,-0.25987
71.184,111,-0.25987
71.158,111,-0.25987
71.132,111,-0.25988
71.106,111,-0.25988
71.08,111,-0.25988
71.054,111,-0.25988
71.028,111,-0.25988
71.003,111,-0.25988
70.977,111,-0.25989
70.951,111,-0.25989
70.925,111,-0.25989
70.899,111,-0.25989
70.873,111,-0.25989
70.848,111,-0.2599
70.822,111,-0.2599
70.796,111,-0.2599
70.77,111,-0.2599
70.745,111,-0.2599
70.719,111,-0.25991
70.693,111,-0.25991
70.668,111,-0.25991
70.642,111,-0.25991
70.616,111,-0.25991
70.591,111,-0.25992
70.565,111,-0.25992
70.54,111,-0.25992
70.514,111,-0.25992
70.488,111,-0.25992
70.463,111,-0.25992
70.437,111,-0.25993
70.412,111,-0.25993
70.386,111,-0.25993
70.361,111,-0.25993
70.335,111,-0.25993
70.31,111,-0.25994
70.285,111,-0.25994
70.259,111,-0.25994
70.234,111,-0.25994
70.208,111,-0.25994
70.183,111,-0.25994
70.158,111,-0.25995
70.132,111,-0.25995
70.107,111,-0.25995
70.082,111,-0.25995
70.056,111,-0.25995
70.031,111,-0.25996
70.006,111,-0.25996
69.981,111,-0.25996
69.955,111,-0.25996
69.93,111,-0.25996
69.905,111,-0.25997
69.88,111,-0.25997
69.855,111,-0.25997
69.829,111,-0.25997
69.804,111,-0.25997
69.779,111,-0.25997
69.754,111,-0.25998
69.729,111,-0.25998
69.704,111,-0.25998
69.679,111,-0.25998
69.654,111,-0.25998
69.629,111,-0.25999
69.604,111,-0.25999
69.579,111,-0.25999
69.554,111,-0.25999
69.529,111,-0.25999
69.504,111,-0.25999
69.479,111,-0.26
69.454,111,-0.26
69.429,111,-0.26
69.404,111,-0.26
69.379,111,-0.26
69.354,111,-0.26001
69.329,111,-0.26001
69.304,111,-0.26001
69.28,111,-0.26001
69.255,111,-0.26001
69.23,111,-0.26001
69.205,111,-0.26002
69.18,111,-0.26002
69.155,111,-0.26002
69.131,111,-0.26002
69.106,111,-0.26002
69.081,111,-0.26002
69.056,111,-0.26003
69.032,111,-0.26003
69.007,111,-0.26003
68.982,111,-0.26003
68.958,111,-0.26003
68.933,111,-0.26004
68.908,111,-0.26004
68.884,111,-0.26004
68.859,111,-0.26004
68.835,111,-0.26004
68.81,111,-0.26004
68.785,111,-0.26005
68.761,111,-0.26005
68.736,111,-0.26005
68.712,111,-0.26005
68.687,111,-0.26005
68.663,111,-0.26005
68.638,111,-0.26006
68.614,111,-0.26006
68.589,111,-0.26006
68.565,111,-0.26006
68.54,111,-0.26006
68.516,111,-0.26007
68.491,111,-0.26007
68.467,111,-0.26007
68.442,111,-0.26007
68.418,111,-0.26007
68.394,111,-0.26007
68.369,111,-0.26008
68.345,111,-0.26008
68.321,111,-0.26008
68.296,111,-0.26008
68.272,111,-0.26008
68.248,111,-0.26008
68.223,111,-0.26009
68.199,111,-0.26009
68.175,111,-0.26009
68.151,111,-0.26009
68.126,111,-0.26009
68.102,111,-0.26009
68.078,111,-0.2601
68.054,111,-0.2601
68.029,111,-0.2601
68.005,111,-0.2601
67.981,111,-0.2601
67.957,111,-0.2601
67.933,111,-0.26011
67.909,111,-0.26011
67.884,111,-0.26011
67.86,111,-0.26011
67.836,111,-0.26011
67.812,111,-0.26011
67.788,111,-0.26012
67.764,111,-0.26012
67.74,111,-0.26012
67.716,111,-0.26012
67.692,111,-0.26012
67.668,111,-0.26012
67.644,111,-0.26013
67.62,111,-0.26013
67.596,111,-0.26013
67.572,111,-0.26013
67.548,111,-0.26013
67.524,111,-0.26013
67.5,111,-0.26014
67.476,111,-0.26014
67.452,111,-0.26014
67.428,111,-0.26014
67.404,111,-0.26014
67.38,111,-0.26014
67.357,111,-0.26015
67.333,111,-0.26015
67.309,111,-0.26015
67.285,111,-0.26015
67.261,111,-0.26015
67.237,111,-0.26015
67.213,111,-0.26016
67.19,111,-0.26016
67.166,111,-0.26016
67.142,111,-0.26016
67.118,111,-0.26016
67.095,111,-0.26016
67.071,111,-0.26017
67.047,111,-0.26017
67.023,111,-0.26017
67,111,-0.26017
66.976,111,-0.26017
66.952,111,-0.26017
66.929,111,-0.26018
66.905,111,-0.26018
66.881,111,-0.26018
66.858,111,-0.26018
66.834,111,-0.26018
66.81,111,-0.26018
66.787,111,-0.26019
66.763,111,-0.26019
66.74,111,-0.26019
66.716,111,-0.26019
66.692,111,-0.26019
66.669,111,-0.26019
66.645,111,-0.2602
66.622,111,-0.2602
66.598,111,-0.2602
66.575,111,-0.2602
66.551,111,-0.2602
66.528,111,-0.2602
66.504,111,-0.2602
66.481,111,-0.26021
66.457,111,-0.26021
66.434,111,-0.26021
66.411,111,-0.26021
66.387,111,-0.26021
66.364,111,-0.26021
66.34,111,-0.26022
66.317,111,-0.26022
66.294,111,-0.26022
66.27,111,-0.26022
66.247,111,-0.26022
66.224,111,-0.26022
66.2,111,-0.26023
66.177,111,-0.26023
66.154,111,-0.26023
66.13,111,-0.26023
66.107,111,-0.26023
66.084,111,-0.26023
66.06,111,-0.26023
66.037,111,-0.26024
66.014,111,-0.26024
65.991,111,-0.26024
65.967,111,-0.26024
65.944,111,-0.26024
65.921,111,-0.26024
65.898,111,-0.26025
65.875,111,-0.26025
65.851,111,-0.26025
65.828,111,-0.26025
65.805,111,-0.26025
65.782,111,-0.26025
65.759,111,-0.26026
65.736,111,-0.26026
65.713,111,-0.26026
65.69,111,-0.26026
65.667,111,-0.26026
65.643,111,-0.26026
65.62,111,-0.26026
65.597,111,-0.26027
65.574,111,-0.26027
65.551,111,-0.26027
65.528,111,-0.26027
65.505,111,-0.26027
65.482,111,-0.26027
65.459,111,-0.26028
65.436,111,-0.26028
65.413,111,-0.26028
65.39,111,-0.26028
65.367,111,-0.26028
65.345,111,-0.26028
65.322,111,-0.26028
65.299,111,-0.26029
65.276,111,-0.26029
65.253,111,-0.26029
65.23,111,-0.26029
65.207,111,-0.26029
65.184,111,-0.26029
65.161,111,-0.26029
65.139,111,-0.2603
65.116,111,-0.2603
65.093,111,-0.2603
65.07,111,-0.2603
65.047,111,-0.2603
65.025,111,-0.2603
65.002,111,-0.26031
64.979,111,-0.26031
64.956,111,-0.26031
64.934,111,-0.26031
64.911,111,-0.26031
64.888,111,-0.26031
64.866,111,-0.26031
64.843,111,-0.26032
64.82,111,-0.26032
64.798,111,-0.26032
64.775,111,-0.26032
64.752,111,-0.26032
64.73,111,-0.26032
64.707,111,-0.26032
64.684,111,-0.26033
64.662,111,-0.26033
64.639,111,-0.26033
64.617,111,-0.26033
64.594,111,-0.26033
64.572,111,-0.26033
64.549,111,-0.26033
64.527,111,-0.26034
64.504,111,-0.26034
64.481,111,-0.26034
64.459,111,-0.26034
64.437,111,-0.26034
64.414,111,-0.26034
64.392,111,-0.26035
64.369,111,-0.26035
64.347,111,-0.26035
64.324,111,-0.26035
64.302,111,-0.26035
64.279,111,-0.26035
64.257,111,-0.26035
64.235,111,-0.26036
64.212,111,-0.26036
64.19,111,-0.26036
64.168,111,-0.26036
64.145,111,-0.26036
64.123,111,-0.26036
64.101,111,-0.26036
64.078,111,-0.26037
64.056,111,-0.26037
64.034,111,-0.26037
64.012,111,-0.26037
63.989,111,-0.26037
63.967,111,-0.26037
63.945,111,-0.26037
63.923,111,-0.26038
63.9,111,-0.26038
63.878,111,-0.26038
63.856,111,-0.26038
63.834,111,-0.26038
63.812,111,-0.26038
63.79,111,-0.26038
63.767,111,-0.26039
63.745,111,-0.26039
63.723,111,-0.26039
63.701,111,-0.26039
63.679,111,-0.26039
63.657,111,-0.26039
63.635,111,-0.26039
63.613,111,-0.2604
63.591,111,-0.2604
63.569,111,-0.2604
63.547,111,-0.2604
63.525,111,-0.2604
63.503,111,-0.2604
63.481,111,-0.2604
63.459,111,-0.2604
63.437,111,-0.26041
63.415,111,-0.26041
63.393,111,-0.26041
63.371,111,-0.26041
63.349,111,-0.26041
63.327,111,-0.26041
63.305,111,-0.26041
63.283,111,-0.26042
63.262,111,-0.26042
63.24,111,-0.26042
63.218,111,-0.26042
63.196,111,-0.26042
63.174,111,-0.26042
63.152,111,-0.26042
63.131,111,-0.26043
63.109,111,-0.26043
63.087,111,-0.26043
63.065,111,-0.26043
63.044,111,-0.26043
63.022,111,-0.26043
63,111,-0.26043
62.978,111,-0.26044
62.957,111,-0.26044
62.935,111,-0.26044
62.913,111,-0.26044
62.892,111,-0.26044
62.87,111,-0.26044
62.848,111,-0.26044
62.827,111,-0.26044
62.805,111,-0.26045
62.784,111,-0.26045
62.762,111,-0.26045
62.741,111,-0.26045
62.719,111,-0.26045
62.697,111,-0.26045
62.676,111,-0.26045
62.654,111,-0.26046
62.633,111,-0.26046
62.611,111,-0.26046
62.59,111,-0.26046
62.568,111,-0.26046
62.547,111,-0.26046
62.525,111,-0.26046
62.504,111,-0.26046
62.483,111,-0.26047
62.461,111,-0.26047
62.44,111,-0.26047
62.418,111,-0.26047
62.397,111,-0.26047
62.376,111,-0.26047
62.354,111,-0.26047
62.333,111,-0.26048
62.312,111,-0.26048
62.29,111,-0.26048
62.269,111,-0.26048
62.248,111,-0.26048
62.226,111,-0.26048
62.205,111,-0.26048
62.184,111,-0.26048
62.163,111,-0.26049
62.142,111,-0.26049
62.12,111,-0.26049
62.099,111,-0.26049
62.078,111,-0.26049
62.057,111,-0.26049
62.036,111,-0.26049
62.014,111,-0.2605
61.993,111,-0.2605
61.972,111,-0.2605
61.951,111,-0.2605
61.93,111,-0.2605
61.909,111,-0.2605
61.888,111,-0.2605
61.867,111,-0.2605
61.846,111,-0.26051
61.825,111,-0.26051
61.804,111,-0.26051
61.783,111,-0.26051
61.762,111,-0.26051
61.741,111,-0.26051
61.72,111,-0.26051
61.699,111,-0.26051
61.678,111,-0.26052
61.657,111,-0.26052
61.636,111,-0.26052
61.615,111,-0.26052
61.594,111,-0.26052
61.573,111,-0.26052
61.552,111,-0.26052
61.531,111,-0.26052
61.511,111,-0.26053
61.49,111,-0.26053
61.469,111,-0.26053
61.448,111,-0.26053
61.427,111,-0.26053
61.407,111,-0.26053
61.386,111,-0.26053
61.365,111,-0.26054
61.344,111,-0.26054
61.324,111,-0.26054
61.303,111,-0.26054
61.282,111,-0.26054
61.261,111,-0.26054
61.241,111,-0.26054
61.22,111,-0.26054
61.199,111,-0.26055
61.179,111,-0.26055
61.158,111,-0.26055
61.138,111,-0.26055
61.117,111,-0.26055
61.096,111,-0.26055
61.076,111,-0.26055
61.055,111,-0.26055
61.035,111,-0.26056
61.014,111,-0.26056
60.994,111,-0.26056
60.973,111,-0.26056
60.953,111,-0.26056
60.932,111,-0.26056
60.912,111,-0.26056
60.891,111,-0.26056
60.871,111,-0.26056
60.85,111,-0.26057
60.83,111,-0.26057
60.809,111,-0.26057
60.789,111,-0.26057
60.769,111,-0.26057
60.748,111,-0.26057
60.728,111,-0.26057
60.707,111,-0.26057
60.687,111,-0.26058
60.667,111,-0.26058
60.646,111,-0.26058
60.626,111,-0.26058
60.606,111,-0.26058
60.586,111,-0.26058
60.565,111,-0.26058
60.545,111,-0.26058
60.525,111,-0.26059
60.505,111,-0.26059
60.484,111,-0.26059
60.464,111,-0.26059
60.444,111,-0.26059
60.424,111,-0.26059
60.404,111,-0.26059
60.384,111,-0.26059
60.363,111,-0.2606
60.343,111,-0.2606
60.323,111,-0.2606
60.303,111,-0.2606
60.283,111,-0.2606
60.263,111,-0.2606
60.243,111,-0.2606
60.223,111,-0.2606
60.203,111,-0.26061
60.183,111,-0.26061
60.163,111,-0.26061
60.143,111,-0.26061
60.123,111,-0.26061
60.103,111,-0.26061
60.083,111,-0.26061
60.063,111,-0.26061
60.043,111,-0.26061
60.023,111,-0.26062
60.003,111,-0.26062
59.983,111,-0.26062
59.963,111,-0.26062
59.943,111,-0.26062
59.924,111,-0.26062
59.904,111,-0.26062
59.884,111,-0.26062
59.864,111,-0.26063
59.844,111,-0.26063
59.824,111,-0.26063
59.805,111,-0.26063
59.785,111,-0.26063
59.765,111,-0.26063
59.745,111,-0.26063
59.726,111,-0.26063
59.706,111,-0.26063
59.686,111,-0.26064
59.666,111,-0.26064
59.647,111,-0.26064
59.627,111,-0.26064
59.607,111,-0.26064
59.588,111,-0.26064
59.568,111,-0.26064
59.549,111,-0.26064
59.529,111,-0.26064
59.509,111,-0.26065
59.49,111,-0.26065
59.47,111,-0.26065
59.451,111,-0.26065
59.431,111,-0.26065
59.411,111,-0.26065
59.392,111,-0.26065
59.372,111,-0.26065
59.353,111,-0.26066
59.333,111,-0.26066
59.314,111,-0.26066
59.294,111,-0.26066
59.275,111,-0.26066
59.256,111,-0.26066
59.236,111,-0.26066
59.217,111,-0.26066
59.197,111,-0.26066
59.178,111,-0.26067
59.159,111,-0.26067
59.139,111,-0.26067
59.12,111,-0.26067
59.1,111,-0.26067
59.081,111,-0.26067
59.062,111,-0.26067
59.042,111,-0.26067
59.023,111,-0.26067
59.004,111,-0.26068
58.985,111,-0.26068
58.965,111,-0.26068
58.946,111,-0.26068
58.927,111,-0.26068
58.908,111,-0.26068
58.888,111,-0.26068
58.869,111,-0.26068
58.85,111,-0.26068
58.831,111,-0.26069
58.812,111,-0.26069
58.792,111,-0.26069
58.773,111,-0.26069
58.754,111,-0.26069
58.735,111,-0.26069
58.716,111,-0.26069
58.697,111,-0.26069
58.678,111,-0.26069
58.659,111,-0.2607
58.64,111,-0.2607
58.621,111,-0.2607
58.602,111,-0.2607
58.582,111,-0.2607
58.563,111,-0.2607
58.544,111,-0.2607
58.525,111,-0.2607
58.506,111,-0.2607
58.487,111,-0.26071
58.469,111,-0.26071
58.45,111,-0.26071
58.431,111,-0.26071
58.412,111,-0.26071
58.393,111,-0.26071
58.374,111,-0.26071
58.355,111,-0.26071
58.336,111,-0.26071
58.317,111,-0.26072
58.298,111,-0.26072
58.279,111,-0.26072
58.261,111,-0.26072
58.242,111,-0.26072
58.223,111,-0.26072
58.204,111,-0.26072
58.185,111,-0.26072
58.167,111,-0.26072
58.148,111,-0.26073
58.129,111,-0.26073
58.11,111,-0.26073
58.092,111,-0.26073
58.073,111,-0.26073
58.054,111,-0.26073
58.035,111,-0.26073
58.017,111,-0.26073
57.998,111,-0.26073
57.979,111,-0.26073
57.961,111,-0.26074
57.942,111,-0.26074
57.923,111,-0.26074
57.905,111,-0.26074
57.886,111,-0.26074
57.868,111,-0.26074
57.849,111,-0.26074
57.83,111,-0.26074
57.812,111,-0.26074
57.793,111,-0.26075
57.775,111,-0.26075
57.756,111,-0.26075
57.738,111,-0.26075
57.719,111,-0.26075
57.7,111,-0.26075
57.682,111,-0.26075
57.663,111,-0.26075
57.645,111,-0.26075
57.627,111,-0.26075
57.608,111,-0.26076
57.59,111,-0.26076
57.571,111,-0.26076
57.553,111,-0.26076
57.534,111,-0.26076
57.516,111,-0.26076
57.497,111,-0.26076
57.479,111,-0.26076
57.461,111,-0.26076
57.442,111,-0.26077
57.424,111,-0.26077
57.406,111,-0.26077
57.387,111,-0.26077
57.369,111,-0.26077
57.351,111,-0.26077
57.332,111,-0.26077
57.314,111,-0.26077
57.296,111,-0.26077
57.277,111,-0.26077
57.259,111,-0.26078
57.241,111,-0.26078
57.223,111,-0.26078
57.204,111,-0.26078
57.186,111,-0.26078
57.168,111,-0.26078
57.15,111,-0.26078
57.132,111,-0.26078
57.113,111,-0.26078
57.095,111,-0.26078
57.077,111,-0.26079
57.059,111,-0.26079
57.041,111,-0.26079
57.023,111,-0.26079
57.004,111,-0.26079
56.986,111,-0.26079
56.968,111,-0.26079
56.95,111,-0.26079
56.932,111,-0.26079
56.914,111,-0.26079
56.896,111,-0.2608
56.878,111,-0.2608
56.86,111,-0.2608
56.842,111,-0.2608
56.824,111,-0.2608
56.806,111,-0.2608
56.787,111,-0.2608
56.769,111,-0.2608
56.751,111,-0.2608
56.733,111,-0.2608
56.715,111,-0.26081
56.697,111,-0.26081
56.68,111,-0.26081
56.662,111,-0.26081
56.644,111,-0.26081
56.626,111,-0.26081
56.608,111,-0.26081
56.59,111,-0.26081
56.572,111,-0.26081
56.554,111,-0.26081
56.536,111,-0.26082
56.518,111,-0.26082
56.5,111,-0.26082
56.482,111,-0.26082
56.465,111,-0.26082
56.447,111,-0.26082
56.429,111,-0.26082
56.411,111,-0.26082
56.393,111,-0.26082
56.375,111,-0.26082
56.358,111,-0.26083
56.34,111,-0.26083
56.322,111,-0.26083
56.304,111,-0.26083
56.286,111,-0.26083
56.269,111,-0.26083
56.251,111,-0.26083
56.233,111,-0.26083
56.215,111,-0.26083
56.198,111,-0.26083
56.18,111,-0.26084
56.162,111,-0.26084
56.145,111,-0.26084
56.127,111,-0.26084
56.109,111,-0.26084
56.092,111,-0.26084
56.074,111,-0.26084
56.056,111,-0.26084
56.039,111,-0.26084
56.021,111,-0.26084
56.003,111,-0.26084
55.986,111,-0.26085
55.968,111,-0.26085
55.95,111,-0.26085
55.933,111,-0.26085
55.915,111,-0.26085
55.898,111,-0.26085
55.88,111,-0.26085
55.862,111,-0.26085
55.845,111,-0.26085
55.827,111,-0.26085
55.81,111,-0.26086
55.792,111,-0.26086
55.775,111,-0.26086
55.757,111,-0.26086
55.74,111,-0.26086
55.722,111,-0.26086
55.705,111,-0.26086
55.687,111,-0.26086
55.67,111,-0.26086
55.652,111,-0.26086
55.635,111,-0.26086
55.617,111,-0.26087
55.6,111,-0.26087
55.582,111,-0.26087
55.565,111,-0.26087
55.547,111,-0.26087
55.53,111,-0.26087
55.513,111,-0.26087
55.495,111,-0.26087
55.478,111,-0.26087
55.46,111,-0.26087
55.443,111,-0.26087
55.426,111,-0.26088
55.408,111,-0.26088
55.391,111,-0.26088
55.373,111,-0.26088
55.356,111,-0.26088
55.339,111,-0.26088
55.321,111,-0.26088
55.304,111,-0.26088
55.287,111,-0.26088
55.269,111,-0.26088
55.252,111,-0.26088
55.235,111,-0.26089
55.218,111,-0.26089
55.2,111,-0.26089
55.183,111,-0.26089
55.166,111,-0.26089
55.148,111,-0.26089
55.131,111,-0.26089
55.114,111,-0.26089
55.097,111,-0.26089
55.079,111,-0.26089
55.062,111,-0.26089
55.045,111,-0.2609
55.028,111,-0.2609
55.011,111,-0.2609
54.993,111,-0.2609
54.976,111,-0.2609
54.959,111,-0.2609
54.942,111,-0.2609
54.925,111,-0.2609
54.907,111,-0.2609
54.89,111,-0.2609
54.873,111,-0.2609
54.856,111,-0.26091
54.839,111,-0.26091
54.822,111,-0.26091
54.805,111,-0.26091
54.787,111,-0.26091
54.77,111,-0.26091
54.753,111,-0.26091
54.736,111,-0.26091
54.719,111,-0.26091
54.702,111,-0.26091
54.685,111,-0.26091
54.668,111,-0.26092
54.651,111,-0.26092
54.634,111,-0.26092
54.617,111,-0.26092
54.599,111,-0.26092
54.582,111,-0.26092
54.565,111,-0.26092
54.548,111,-0.26092
54.531,111,-0.26092
54.514,111,-0.26092
54.497,111,-0.26092
54.48,111,-0.26093
54.463,111,-0.26093
54.446,111,-0.26093
54.429,111,-0.26093
54.412,111,-0.26093
54.395,111,-0.26093
54.378,111,-0.26093
54.361,111,-0.26093
54.344,111,-0.26093
54.328,111,-0.26093
54.311,111,-0.26093
54.294,111,-0.26093
54.277,111,-0.26094
54.26,111,-0.26094
54.243,111,-0.26094
54.226,111,-0.26094
54.209,111,-0.26094
54.192,111,-0.26094
54.175,111,-0.26094
54.158,111,-0.26094
54.142,111,-0.26094
54.125,111,-0.26094
54.108,111,-0.26094
54.091,111,-0.26095
54.074,111,-0.26095
54.057,111,-0.26095
54.04,111,-0.26095
54.023,111,-0.26095
54.007,111,-0.26095
53.99,111,-0.26095
53.973,111,-0.26095
53.956,111,-0.26095
53.939,111,-0.26095
53.923,111,-0.26095
53.906,111,-0.26095
53.889,111,-0.26096
53.872,111,-0.26096
53.855,111,-0.26096
53.839,111,-0.26096
53.822,111,-0.26096
53.805,111,-0.26096
53.788,111,-0.26096
53.772,111,-0.26096
53.755,111,-0.26096
53.738,111,-0.26096
53.721,111,-0.26096
53.705,111,-0.26096
53.688,111,-0.26097
53.671,111,-0.26097
53.654,111,-0.26097
53.638,111,-0.26097
53.621,111,-0.26097
53.604,111,-0.26097
53.588,111,-0.26097
53.571,111,-0.26097
53.554,111,-0.26097
53.538,111,-0.26097
53.521,111,-0.26097
53.504,111,-0.26097
53.488,111,-0.26098
53.471,111,-0.26098
53.454,111,-0.26098
53.438,111,-0.26098
53.421,111,-0.26098
53.404,111,-0.26098
53.388,111,-0.26098
53.371,111,-0.26098
53.355,111,-0.26098
53.338,111,-0.26098
53.321,111,-0.26098
53.305,111,-0.26098
53.288,111,-0.26099
53.272,111,-0.26099
53.255,111,-0.26099
53.238,111,-0.26099
53.222,111,-0.26099
53.205,111,-0.26099
53.189,111,-0.26099
53.172,111,-0.26099
53.156,111,-0.26099
53.139,111,-0.26099
53.123,111,-0.26099
53.106,111,-0.26099
53.09,111,-0.26099
53.073,111,-0.261
53.057,111,-0.261
53.04,111,-0.261
53.024,111,-0.261
53.007,111,-0.261
52.991,111,-0.261
52.974,111,-0.261
52.958,111,-0.261
52.941,111,-0.261
52.925,111,-0.261
52.908,111,-0.261
52.892,111,-0.261
52.875,111,-0.26101
52.859,111,-0.26101
52.842,111,-0.26101
52.826,111,-0.26101
52.809,111,-0.26101
52.793,111,-0.26101
52.777,111,-0.26101
52.76,111,-0.26101
52.744,111,-0.26101
52.727,111,-0.26101
52.711,111,-0.26101
52.695,111,-0.26101
52.678,111,-0.26101
52.662,111,-0.26102
52.645,111,-0.26102
52.629,111,-0.26102
52.613,111,-0.26102
52.596,111,-0.26102
52.58,111,-0.26102
52.564,111,-0.26102
52.547,111,-0.26102
52.531,111,-0.26102
52.515,111,-0.26102
52.498,111,-0.26102
52.482,111,-0.26102
52.466,111,-0.26102
52.449,111,-0.26103
52.433,111,-0.26103
52.417,111,-0.26103
52.4,111,-0.26103
52.384,111,-0.26103
52.368,111,-0.26103
52.351,111,-0.26103
52.335,111,-0.26103
52.319,111,-0.26103
52.303,111,-0.26103
52.286,111,-0.26103
52.27,111,-0.26103
52.254,111,-0.26103
52.238,111,-0.26104
52.221,111,-0.26104
52.205,111,-0.26104
52.189,111,-0.26104
52.173,111,-0.26104
52.156,111,-0.26104
52.14,111,-0.26104
52.124,111,-0.26104
52.108,111,-0.26104
52.091,111,-0.26104
52.075,111,-0.26104
52.059,111,-0.26104
52.043,111,-0.26104
52.027,111,-0.26105
52.011,111,-0.26105
51.994,111,-0.26105
51.978,111,-0.26105
51.962,111,-0.26105
51.946,111,-0.26105
51.93,111,-0.26105
51.914,111,-0.26105
51.897,111,-0.26105
51.881,111,-0.26105
51.865,111,-0.26105
51.849,111,-0.26105
51.833,111,-0.26105
51.817,111,-0.26106
51.801,111,-0.26106
51.785,111,-0.26106
51.768,111,-0.26106
51.752,111,-0.26106
51.736,111,-0.26106
51.72,111,-0.26106
51.704,111,-0.26106
51.688,111,-0.26106
51.672,111,-0.26106
51.656,111,-0.26106
51.64,111,-0.26106
51.624,111,-0.26106
51.608,111,-0.26106
51.592,111,-0.26107
51.576,111,-0.26107
51.56,111,-0.26107
51.544,111,-0.26107
51.528,111,-0.26107
51.511,111,-0.26107
51.495,111,-0.26107
51.479,111,-0.26107
51.463,111,-0.26107
51.447,111,-0.26107
51.431,111,-0.26107
51.415,111,-0.26107
51.399,111,-0.26107
51.384,111,-0.26107
51.368,111,-0.26108
51.352,111,-0.26108
51.336,111,-0.26108
51.32,111,-0.26108
51.304,111,-0.26108
51.288,111,-0.26108
51.272,111,-0.26108
51.256,111,-0.26108
51.24,111,-0.26108
51.224,111,-0.26108
51.208,111,-0.26108
51.192,111,-0.26108
51.176,111,-0.26108
51.16,111,-0.26109
51.144,111,-0.26109
51.129,111,-0.26109
51.113,111,-0.26109
51.097,111,-0.26109
51.081,111,-0.26109
51.065,111,-0.26109
51.049,111,-0.26109
51.033,111,-0.26109
51.017,111,-0.26109
51.002,111,-0.26109
50.986,111,-0.26109
50.97,111,-0.26109
50.954,111,-0.26109
50.938,111,-0.26109
50.922,111,-0.2611
50.907,111,-0.2611
50.891,111,-0.2611
50.875,111,-0.2611
50.859,111,-0.2611
50.843,111,-0.2611
50.828,111,-0.2611
50.812,111,-0.2611
50.796,111,-0.2611
50.78,111,-0.2611
50.764,111,-0.2611
50.749,111,-0.2611
50.733,111,-0.2611
50.717,111,-0.2611
50.701,111,-0.26111
50.686,111,-0.26111
50.67,111,-0.26111
50.654,111,-0.26111
50.638,111,-0.26111
50.623,111,-0.26111
50.607,111,-0.26111
50.591,111,-0.26111
50.576,111,-0.26111
50.56,111,-0.26111
50.544,111,-0.26111
50.529,111,-0.26111
50.513,111,-0.26111
50.497,111,-0.26111
50.481,111,-0.26112
50.466,111,-0.26112
50.45,111,-0.26112
50.434,111,-0.26112
50.419,111,-0.26112
50.403,111,-0.26112
50.388,111,-0.26112
50.372,111,-0.26112
50.356,111,-0.26112
50.341,111,-0.26112
50.325,111,-0.26112
50.309,111,-0.26112
50.294,111,-0.26112
50.278,111,-0.26112
50.263,111,-0.26112
50.247,111,-0.26113
50.231,111,-0.26113
50.216,111,-0.26113
50.2,111,-0.26113
50.185,111,-0.26113
50.169,111,-0.26113
50.154,111,-0.26113
50.138,111,-0.26113
50.123,111,-0.26113
50.107,111,-0.26113
50.091,111,-0.26113
50.076,111,-0.26113
50.06,111,-0.26113
50.045,111,-0.26113
50.029,111,-0.26113
50.014,111,-0.26114
49.998,111,-0.26114
49.983,111,-0.26114
49.967,111,-0.26114
49.952,111,-0.26114
49.936,111,-0.26114
49.921,111,-0.26114
49.905,111,-0.26114
49.89,111,-0.26114
49.875,111,-0.26114
49.859,111,-0.26114
49.844,111,-0.26114
49.828,111,-0.26114
49.813,111,-0.26114
49.797,111,-0.26114
49.782,111,-0.26115
49.767,111,-0.26115
49.751,111,-0.26115
49.736,111,-0.26115
49.72,111,-0.26115
49.705,111,-0.26115
49.69,111,-0.26115
49.674,111,-0.26115
49.659,111,-0.26115
49.643,111,-0.26115
49.628,111,-0.26115
49.613,111,-0.26115
49.597,111,-0.26115
49.582,111,-0.26115
49.567,111,-0.26115
49.551,111,-0.26115
49.536,111,-0.26116
49.521,111,-0.26116
49.505,111,-0.26116
49.49,111,-0.26116
49.475,111,-0.26116
49.459,111,-0.26116
49.444,111,-0.26116
49.429,111,-0.26116
49.414,111,-0.26116
49.398,111,-0.26116
49.383,111,-0.26116
49.368,111,-0.26116
49.353,111,-0.26116
49.337,111,-0.26116
49.322,111,-0.26116
49.307,111,-0.26117
49.292,111,-0.26117
49.276,111,-0.26117
49.261,111,-0.26117
49.246,111,-0.26117
49.231,111,-0.26117
49.216,111,-0.26117
49.2,111,-0.26117
49.185,111,-0.26117
49.17,111,-0.26117
49.155,111,-0.26117
49.14,111,-0.26117
49.124,111,-0.26117
49.109,111,-0.26117
49.094,111,-0.26117
49.079,111,-0.26117
49.064,111,-0.26118
49.049,111,-0.26118
49.034,111,-0.26118
49.018,111,-0.26118
49.003,111,-0.26118
48.988,111,-0.26118
48.973,111,-0.26118
48.958,111,-0.26118
48.943,111,-0.26118
48.928,111,-0.26118
48.913,111,-0.26118
48.898,111,-0.26118
48.883,111,-0.26118
48.868,111,-0.26118
48.853,111,-0.26118
48.837,111,-0.26118
48.822,111,-0.26119
48.807,111,-0.26119
48.792,111,-0.26119
48.777,111,-0.26119
48.762,111,-0.26119
48.747,111,-0.26119
48.732,111,-0.26119
48.717,111,-0.26119
48.702,111,-0.26119
48.687,111,-0.26119
48.672,111,-0.26119
48.657,111,-0.26119
48.642,111,-0.26119
48.627,111,-0.26119
48.613,111,-0.26119
48.598,111,-0.26119
48.583,111,-0.26119
48.568,111,-0.2612
48.553,111,-0.2612
48.538,111,-0.2612
48.523,111,-0.2612
48.508,111,-0.2612
48.493,111,-0.2612
48.478,111,-0.2612
48.463,111,-0.2612
48.448,111,-0.2612
48.434,111,-0.2612
48.419,111,-0.2612
48.404,111,-0.2612
48.389,111,-0.2612
48.374,111,-0.2612
48.359,111,-0.2612
48.344,111,-0.2612
48.33,111,-0.26121
48.315,111,-0.26121
48.3,111,-0.26121
48.285,111,-0.26121
48.27,111,-0.26121
48.256,111,-0.26121
48.241,111,-0.26121
48.226,111,-0.26121
48.211,111,-0.26121
48.196,111,-0.26121
48.182,111,-0.26121
48.167,111,-0.26121
48.152,111,-0.26121
48.137,111,-0.26121
48.123,111,-0.26121
48.108,111,-0.26121
48.093,111,-0.26121
48.078,111,-0.26122
48.064,111,-0.26122
48.049,111,-0.26122
48.034,111,-0.26122
48.02,111,-0.26122
48.005,111,-0.26122
47.99,111,-0.26122
47.976,111,-0.26122
47.961,111,-0.26122
47.946,111,-0.26122
47.932,111,-0.26122
47.917,111,-0.26122
47.902,111,-0.26122
47.888,111,-0.26122
47.873,111,-0.26122
47.858,111,-0.26122
47.844,111,-0.26122
47.829,111,-0.26122
47.814,111,-0.26123
47.8,111,-0.26123
47.785,111,-0.26123
47.771,111,-0.26123
47.756,111,-0.26123
47.742,111,-0.26123
47.727,111,-0.26123
47.712,111,-0.26123
47.698,111,-0.26123
47.683,111,-0.26123
47.669,111,-0.26123
47.654,111,-0.26123
47.64,111,-0.26123
47.625,111,-0.26123
47.611,111,-0.26123
47.596,111,-0.26123
47.582,111,-0.26123
47.567,111,-0.26124
47.553,111,-0.26124
47.538,111,-0.26124
47.524,111,-0.26124
47.509,111,-0.26124
47.495,111,-0.26124
47.48,111,-0.26124
47.466,111,-0.26124
47.451,111,-0.26124
47.437,111,-0.26124
47.423,111,-0.26124
47.408,111,-0.26124
47.394,111,-0.26124
47.379,111,-0.26124
47.365,111,-0.26124
47.35,111,-0.26124
47.336,111,-0.26124
47.322,111,-0.26124
47.307,111,-0.26125
47.293,111,-0.26125
47.279,111,-0.26125
47.264,111,-0.26125
47.25,111,-0.26125
47.236,111,-0.26125
47.221,111,-0.26125
47.207,111,-0.26125
47.193,111,-0.26125
47.178,111,-0.26125
47.164,111,-0.26125
47.15,111,-0.26125
47.135,111,-0.26125
47.121,111,-0.26125
47.107,111,-0.26125
47.092,111,-0.26125
47.078,111,-0.26125
47.064,111,-0.26125
47.05,111,-0.26126
47.035,111,-0.26126
47.021,111,-0.26126
47.007,111,-0.26126
46.993,111,-0.26126
46.978,111,-0.26126
46.964,111,-0.26126
46.95,111,-0.26126
46.936,111,-0.26126
46.922,111,-0.26126
46.907,111,-0.26126
46.893,111,-0.26126
46.879,111,-0.26126
46.865,111,-0.26126
46.851,111,-0.26126
46.837,111,-0.26126
46.822,111,-0.26126
46.808,111,-0.26126
46.794,111,-0.26126
46.78,111,-0.26127
46.766,111,-0.26127
46.752,111,-0.26127
46.738,111,-0.26127
46.723,111,-0.26127
46.709,111,-0.26127
46.695,111,-0.26127
46.681,111,-0.26127
46.667,111,-0.26127
46.653,111,-0.26127
46.639,111,-0.26127
46.625,111,-0.26127
46.611,111,-0.26127
46.597,111,-0.26127
46.583,111,-0.26127
46.569,111,-0.26127
46.555,111,-0.26127
46.541,111,-0.26127
46.527,111,-0.26127
46.513,111,-0.26128
46.499,111,-0.26128
46.485,111,-0.26128
46.471,111,-0.26128
46.457,111,-0.26128
46.443,111,-0.26128
46.429,111,-0.26128
46.415,111,-0.26128
46.401,111,-0.26128
46.387,111,-0.26128
46.373,111,-0.26128
46.359,111,-0.26128
46.345,111,-0.26128
46.331,111,-0.26128
46.317,111,-0.26128
46.303,111,-0.26128
46.289,111,-0.26128
46.275,111,-0.26128
46.262,111,-0.26128
46.248,111,-0.26129
46.234,111,-0.26129
46.22,111,-0.26129
46.206,111,-0.26129
46.192,111,-0.26129
46.178,111,-0.26129
46.165,111,-0.26129
46.151,111,-0.26129
46.137,111,-0.26129
46.123,111,-0.26129
46.109,111,-0.26129
46.095,111,-0.26129
46.082,111,-0.26129
46.068,111,-0.26129
46.054,111,-0.26129
46.04,111,-0.26129
46.026,111,-0.26129
46.013,111,-0.26129
45.999,111,-0.26129
45.985,111,-0.2613
45.971,111,-0.2613
45.958,111,-0.2613
45.944,111,-0.2613
45.93,111,-0.2613
45.916,111,-0.2613
45.903,111,-0.2613
45.889,111,-0.2613
45.875,111,-0.2613
45.862,111,-0.2613
45.848,111,-0.2613
45.834,111,-0.2613
45.82,111,-0.2613
45.807,111,-0.2613
45.793,111,-0.2613
45.779,111,-0.2613
45.766,111,-0.2613
45.752,111,-0.2613
45.739,111,-0.2613
45.725,111,-0.2613
45.711,111,-0.2613
45.698,111,-0.26131
45.684,111,-0.26131
45.67,111,-0.26131
45.657,111,-0.26131
45.643,111,-0.26131
45.63,111,-0.26131
45.616,111,-0.26131
45.602,111,-0.26131
45.589,111,-0.26131
45.575,111,-0.26131
45.562,111,-0.26131
45.548,111,-0.26131
45.535,111,-0.26131
45.521,111,-0.26131
45.508,111,-0.26131
45.494,111,-0.26131
45.48,111,-0.26131
45.467,111,-0.26131
45.453,111,-0.26131
45.44,111,-0.26131
45.426,111,-0.26132
45.413,111,-0.26132
45.399,111,-0.26132
45.386,111,-0.26132
45.372,111,-0.26132
45.359,111,-0.26132
45.346,111,-0.26132
45.332,111,-0.26132
45.319,111,-0.26132
45.305,111,-0.26132
45.292,111,-0.26132
45.278,111,-0.26132
45.265,111,-0.26132
45.251,111,-0.26132
45.238,111,-0.26132
45.225,111,-0.26132
45.211,111,-0.26132
45.198,111,-0.26132
45.184,111,-0.26132
45.171,111,-0.26132
45.158,111,-0.26132
45.144,111,-0.26133
45.131,111,-0.26133
45.118,111,-0.26133
45.104,111,-0.26133
45.091,111,-0.26133
45.078,111,-0.26133
45.064,111,-0.26133
45.051,111,-0.26133
45.038,111,-0.26133
45.024,111,-0.26133
45.011,111,-0.26133
44.998,111,-0.26133
44.984,111,-0.26133
44.971,111,-0.26133
44.958,111,-0.26133
44.945,111,-0.26133
44.931,111,-0.26133
44.918,111,-0.26133
44.905,111,-0.26133
44.892,111,-0.26133
44.878,111,-0.26133
44.865,111,-0.26134
44.852,111,-0.26134
44.839,111,-0.26134
44.825,111,-0.26134
44.812,111,-0.26134
44.799,111,-0.26134
44.786,111,-0.26134
44.773,111,-0.26134
44.759,111,-0.26134
44.746,111,-0.26134
44.733,111,-0.26134
44.72,111,-0.26134
44.707,111,-0.26134
44.693,111,-0.26134
44.68,111,-0.26134
44.667,111,-0.26134
44.654,111,-0.26134
44.641,111,-0.26134
44.628,111,-0.26134
44.615,111,-0.26134
44.601,111,-0.26134
44.588,111,-0.26134
44.575,111,-0.26135
44.562,111,-0.26135
44.549,111,-0.26135
44.536,111,-0.26135
44.523,111,-0.26135
44.51,111,-0.26135
44.497,111,-0.26135
44.484,111,-0.26135
44.471,111,-0.26135
44.458,111,-0.26135
44.444,111,-0.26135
44.431,111,-0.26135
44.418,111,-0.26135
44.405,111,-0.26135
44.392,111,-0.26135
44.379,111,-0.26135
44.366,111,-0.26135
44.353,111,-0.26135
44.34,111,-0.26135
44.327,111,-0.26135
44.314,111,-0.26135
44.301,111,-0.26135
44.288,111,-0.26136
44.275,111,-0.26136
44.262,111,-0.26136
44.249,111,-0.26136
44.236,111,-0.26136
44.224,111,-0.26136
44.211,111,-0.26136
44.198,111,-0.26136
44.185,111,-0.26136
44.172,111,-0.26136
44.159,111,-0.26136
44.146,111,-0.26136
44.133,111,-0.26136
44.12,111,-0.26136
44.107,111,-0.26136
44.094,111,-0.26136
44.081,111,-0.26136
44.069,111,-0.26136
44.056,111,-0.26136
44.043,111,-0.26136
44.03,111,-0.26136
44.017,111,-0.26136
44.004,111,-0.26136
43.991,111,-0.26137
43.978,111,-0.26137
43.966,111,-0.26137
43.953,111,-0.26137
43.94,111,-0.26137
43.927,111,-0.26137
43.914,111,-0.26137
43.902,111,-0.26137
43.889,111,-0.26137
43.876,111,-0.26137
43.863,111,-0.26137
43.85,111,-0.26137
43.838,111,-0.26137
43.825,111,-0.26137
43.812,111,-0.26137
43.799,111,-0.26137
43.787,111,-0.26137
43.774,111,-0.26137
43.761,111,-0.26137
43.748,111,-0.26137
43.736,111,-0.26137
43.723,111,-0.26137
43.71,111,-0.26137
43.697,111,-0.26138
43.685,111,-0.26138
43.672,111,-0.26138
43.659,111,-0.26138
43.646,111,-0.26138
43.634,111,-0.26138
43.621,111,-0.26138
43.608,111,-0.26138
43.596,111,-0.26138
43.583,111,-0.26138
43.57,111,-0.26138
43.558,111,-0.26138
43.545,111,-0.26138
43.532,111,-0.26138
43.52,111,-0.26138
43.507,111,-0.26138
43.494,111,-0.26138
43.482,111,-0.26138
43.469,111,-0.26138
43.457,111,-0.26138
43.444,111,-0.26138
43.431,111,-0.26138
43.419,111,-0.26138
43.406,111,-0.26138
43.394,111,-0.26139
43.381,111,-0.26139
43.368,111,-0.26139
43.356,111,-0.26139
43.343,111,-0.26139
43.331,111,-0.26139
43.318,111,-0.26139
43.306,111,-0.26139
43.293,111,-0.26139
43.28,111,-0.26139
43.268,111,-0.26139
43.255,111,-0.26139
43.243,111,-0.26139
43.23,111,-0.26139
43.218,111,-0.26139
43.205,111,-0.26139
43.193,111,-0.26139
43.18,111,-0.26139
43.168,111,-0.26139
43.155,111,-0.26139
43.143,111,-0.26139
43.13,111,-0.26139
43.118,111,-0.26139
43.105,111,-0.26139
43.093,111,-0.2614
43.08,111,-0.2614
43.068,111,-0.2614
43.056,111,-0.2614
43.043,111,-0.2614
43.031,111,-0.2614
43.018,111,-0.2614
43.006,111,-0.2614
42.993,111,-0.2614
42.981,111,-0.2614
42.969,111,-0.2614
42.956,111,-0.2614
42.944,111,-0.2614
42.931,111,-0.2614
42.919,111,-0.2614
42.906,111,-0.2614
42.894,111,-0.2614
42.882,111,-0.2614
42.869,111,-0.2614
42.857,111,-0.2614
42.845,111,-0.2614
42.832,111,-0.2614
42.82,111,-0.2614
42.808,111,-0.2614
42.795,111,-0.2614
42.783,111,-0.26141
42.771,111,-0.26141
42.758,111,-0.26141
42.746,111,-0.26141
42.734,111,-0.26141
42.721,111,-0.26141
42.709,111,-0.26141
42.697,111,-0.26141
42.684,111,-0.26141
42.672,111,-0.26141
42.66,111,-0.26141
42.647,111,-0.26141
42.635,111,-0.26141
42.623,111,-0.26141
42.611,111,-0.26141
42.598,111,-0.26141
42.586,111,-0.26141
42.574,111,-0.26141
42.562,111,-0.26141
42.549,111,-0.26141
42.537,111,-0.26141
42.525,111,-0.26141
42.513,111,-0.26141
42.5,111,-0.26141
42.488,111,-0.26141
42.476,111,-0.26141
42.464,111,-0.26142
42.451,111,-0.26142
42.439,111,-0.26142
42.427,111,-0.26142
42.415,111,-0.26142
42.403,111,-0.26142
42.391,111,-0.26142
42.378,111,-0.26142
42.366,111,-0.26142
42.354,111,-0.26142
42.342,111,-0.26142
42.33,111,-0.26142
42.317,111,-0.26142
42.305,111,-0.26142
42.293,111,-0.26142
42.281,111,-0.26142
42.269,111,-0.26142
42.257,111,-0.26142
42.245,111,-0.26142
42.233,111,-0.26142
42.22,111,-0.26142
42.208,111,-0.26142
42.196,111,-0.26142
42.184,111,-0.26142
42.172,111,-0.26142
42.16,111,-0.26142
42.148,111,-0.26142
42.136,111,-0.26143
42.124,111,-0.26143
42.112,111,-0.26143
42.099,111,-0.26143
42.087,111,-0.26143
42.075,111,-0.26143
42.063,111,-0.26143
42.051,111,-0.26143
42.039,111,-0.26143
42.027,111,-0.26143
42.015,111,-0.26143
42.003,111,-0.26143
41.991,111,-0.26143
41.979,111,-0.26143
41.967,111,-0.26143
41.955,111,-0.26143
41.943,111,-0.26143
41.931,111,-0.26143
41.919,111,-0.26143
41.907,111,-0.26143
41.895,111,-0.26143
41.883,111,-0.26143
41.871,111,-0.26143
41.859,111,-0.26143
41.847,111,-0.26143
41.835,111,-0.26143
41.823,111,-0.26143
41.811,111,-0.26144
41.799,111,-0.26144
41.787,111,-0.26144
41.775,111,-0.26144
41.763,111,-0.26144
41.751,111,-0.26144
41.739,111,-0.26144
41.728,111,-0.26144
41.716,111,-0.26144
41.704,111,-0.26144
41.692,111,-0.26144
41.68,111,-0.26144
41.668,111,-0.26144
41.656,111,-0.26144
41.644,111,-0.26144
41.632,111,-0.26144
41.62,111,-0.26144
41.609,111,-0.26144
41.597,111,-0.26144
41.585,111,-0.26144
41.573,111,-0.26144
41.561,111,-0.26144
41.549,111,-0.26144
41.537,111,-0.26144
41.525,111,-0.26144
41.514,111,-0.26144
41.502,111,-0.26144
41.49,111,-0.26145
41.478,111,-0.26145
41.466,111,-0.26145
41.454,111,-0.26145
41.443,111,-0.26145
41.431,111,-0.26145
41.419,111,-0.26145
41.407,111,-0.26145
41.395,111,-0.26145
41.384,111,-0.26145
41.372,111,-0.26145
41.36,111,-0.26145
41.348,111,-0.26145
41.336,111,-0.26145
41.325,111,-0.26145
41.313,111,-0.26145
41.301,111,-0.26145
41.289,111,-0.26145
41.278,111,-0.26145
41.266,111,-0.26145
41.254,111,-0.26145
41.242,111,-0.26145
41.231,111,-0.26145
41.219,111,-0.26145
41.207,111,-0.26145
41.195,111,-0.26145
41.184,111,-0.26145
41.172,111,-0.26145
41.16,111,-0.26145
41.149,111,-0.26146
41.137,111,-0.26146
41.125,111,-0.26146
41.113,111,-0.26146
41.102,111,-0.26146
41.09,111,-0.26146
41.078,111,-0.26146
41.067,111,-0.26146
41.055,111,-0.26146
41.043,111,-0.26146
41.032,111,-0.26146
41.02,111,-0.26146
41.008,111,-0.26146
40.997,111,-0.26146
40.985,111,-0.26146
40.973,111,-0.26146
40.962,111,-0.26146
40.95,111,-0.26146
40.939,111,-0.26146
40.927,111,-0.26146
40.915,111,-0.26146
40.904,111,-0.26146
40.892,111,-0.26146
40.88,111,-0.26146
40.869,111,-0.26146
40.857,111,-0.26146
40.846,111,-0.26146
40.834,111,-0.26146
40.823,111,-0.26146
40.811,111,-0.26146
40.799,111,-0.26147
40.788,111,-0.26147
40.776,111,-0.26147
40.765,111,-0.26147
40.753,111,-0.26147
40.742,111,-0.26147
40.73,111,-0.26147
40.718,111,-0.26147
40.707,111,-0.26147
40.695,111,-0.26147
40.684,111,-0.26147
40.672,111,-0.26147
40.661,111,-0.26147
40.649,111,-0.26147
40.638,111,-0.26147
40.626,111,-0.26147
40.615,111,-0.26147
40.603,111,-0.26147
40.592,111,-0.26147
40.58,111,-0.26147
40.569,111,-0.26147
40.557,111,-0.26147
40.546,111,-0.26147
40.534,111,-0.26147
40.523,111,-0.26147
40.511,111,-0.26147
40.5,111,-0.26147
40.488,111,-0.26147
40.477,111,-0.26147
40.465,111,-0.26147
40.454,111,-0.26148
40.443,111,-0.26148
40.431,111,-0.26148
40.42,111,-0.26148
40.408,111,-0.26148
40.397,111,-0.26148
40.385,111,-0.26148
40.374,111,-0.26148
40.363,111,-0.26148
40.351,111,-0.26148
40.34,111,-0.26148
40.328,111,-0.26148
40.317,111,-0.26148
40.305,111,-0.26148
40.294,111,-0.26148
40.283,111,-0.26148
40.271,111,-0.26148
40.26,111,-0.26148
40.249,111,-0.26148
40.237,111,-0.26148
40.226,111,-0.26148
40.214,111,-0.26148
40.203,111,-0.26148
40.192,111,-0.26148
40.18,111,-0.26148
40.169,111,-0.26148
40.158,111,-0.26148
40.146,111,-0.26148
40.135,111,-0.26148
40.124,111,-0.26148
40.112,111,-0.26148
40.101,111,-0.26149
40.09,111,-0.26149
40.078,111,-0.26149
40.067,111,-0.26149
40.056,111,-0.26149
40.045,111,-0.26149
40.033,111,-0.26149
40.022,111,-0.26149
40.011,111,-0.26149
39.999,111,-0.26149
39.988,111,-0.26149
39.977,111,-0.26149
39.966,111,-0.26149
39.954,111,-0.26149
39.943,111,-0.26149
39.932,111,-0.26149
39.921,111,-0.26149
39.909,111,-0.26149
39.898,111,-0.26149
39.887,111,-0.26149
39.876,111,-0.26149
39.864,111,-0.26149
39.853,111,-0.26149
39.842,111,-0.26149
39.831,111,-0.26149
39.819,111,-0.26149
39.808,111,-0.26149
39.797,111,-0.26149
39.786,111,-0.26149
39.775,111,-0.26149
39.763,111,-0.26149
39.752,111,-0.26149
39.741,111,-0.26149
39.73,111,-0.2615
39.719,111,-0.2615
39.707,111,-0.2615
39.696,111,-0.2615
39.685,111,-0.2615
39.674,111,-0.2615
39.663,111,-0.2615
39.652,111,-0.2615
39.641,111,-0.2615
39.629,111,-0.2615
39.618,111,-0.2615
39.607,111,-0.2615
39.596,111,-0.2615
39.585,111,-0.2615
39.574,111,-0.2615
39.563,111,-0.2615
39.551,111,-0.2615
39.54,111,-0.2615
39.529,111,-0.2615
39.518,111,-0.2615
39.507,111,-0.2615
39.496,111,-0.2615
39.485,111,-0.2615
39.474,111,-0.2615
39.463,111,-0.2615
39.452,111,-0.2615
39.441,111,-0.2615
39.429,111,-0.2615
39.418,111,-0.2615
39.407,111,-0.2615
39.396,111,-0.2615
39.385,111,-0.2615
39.374,111,-0.2615
39.363,111,-0.26151
39.352,111,-0.26151
39.341,111,-0.26151
39.33,111,-0.26151
39.319,111,-0.26151
39.308,111,-0.26151
39.297,111,-0.26151
39.286,111,-0.26151
39.275,111,-0.26151
39.264,111,-0.26151
39.253,111,-0.26151
39.242,111,-0.26151
39.231,111,-0.26151
39.22,111,-0.26151
39.209,111,-0.26151
39.198,111,-0.26151
39.187,111,-0.26151
39.176,111,-0.26151
39.165,111,-0.26151
39.154,111,-0.26151
39.143,111,-0.26151
39.132,111,-0.26151
39.121,111,-0.26151
39.11,111,-0.26151
39.099,111,-0.26151
39.088,111,-0.26151
39.077,111,-0.26151
39.066,111,-0.26151
39.055,111,-0.26151
39.044,111,-0.26151
39.034,111,-0.26151
39.023,111,-0.26151
39.012,111,-0.26151
39.001,111,-0.26151
38.99,111,-0.26152
38.979,111,-0.26152
38.968,111,-0.26152
38.957,111,-0.26152
38.946,111,-0.26152
38.935,111,-0.26152
38.925,111,-0.26152
38.914,111,-0.26152
38.903,111,-0.26152
38.892,111,-0.26152
38.881,111,-0.26152
38.87,111,-0.26152
38.859,111,-0.26152
38.848,111,-0.26152
38.838,111,-0.26152
38.827,111,-0.26152
38.816,111,-0.26152
38.805,111,-0.26152
38.794,111,-0.26152
38.783,111,-0.26152
38.773,111,-0.26152
38.762,111,-0.26152
38.751,111,-0.26152
38.74,111,-0.26152
38.729,111,-0.26152
38.718,111,-0.26152
38.708,111,-0.26152
38.697,111,-0.26152
38.686,111,-0.26152
38.675,111,-0.26152
38.664,111,-0.26152
38.654,111,-0.26152
38.643,111,-0.26152
38.632,111,-0.26152
38.621,111,-0.26152
38.611,111,-0.26152
38.6,111,-0.26153
38.589,111,-0.26153
38.578,111,-0.26153
38.568,111,-0.26153
38.557,111,-0.26153
38.546,111,-0.26153
38.535,111,-0.26153
38.525,111,-0.26153
38.514,111,-0.26153
38.503,111,-0.26153
38.492,111,-0.26153
38.482,111,-0.26153
38.471,111,-0.26153
38.46,111,-0.26153
38.45,111,-0.26153
38.439,111,-0.26153
38.428,111,-0.26153
38.417,111,-0.26153
38.407,111,-0.26153
38.396,111,-0.26153
38.385,111,-0.26153
38.375,111,-0.26153
38.364,111,-0.26153
38.353,111,-0.26153
38.343,111,-0.26153
38.332,111,-0.26153
38.321,111,-0.26153
38.311,111,-0.26153
38.3,111,-0.26153
38.289,111,-0.26153
38.279,111,-0.26153
38.268,111,-0.26153
38.257,111,-0.26153
38.247,111,-0.26153
38.236,111,-0.26153
38.226,111,-0.26153
38.215,111,-0.26153
38.204,111,-0.26154
38.194,111,-0.26154
38.183,111,-0.26154
38.173,111,-0.26154
38.162,111,-0.26154
38.151,111,-0.26154
38.141,111,-0.26154
38.13,111,-0.26154
38.12,111,-0.26154
38.109,111,-0.26154
38.098,111,-0.26154
38.088,111,-0.26154
38.077,111,-0.26154
38.067,111,-0.26154
38.056,111,-0.26154
38.046,111,-0.26154
38.035,111,-0.26154
38.024,111,-0.26154
38.014,111,-0.26154
38.003,111,-0.26154
37.993,111,-0.26154
37.982,111,-0.26154
37.972,111,-0.26154
37.961,111,-0.26154
37.951,111,-0.26154
37.94,111,-0.26154
37.93,111,-0.26154
37.919,111,-0.26154
37.909,111,-0.26154
37.898,111,-0.26154
37.888,111,-0.26154
37.877,111,-0.26154
37.867,111,-0.26154
37.856,111,-0.26154
37.846,111,-0.26154
37.835,111,-0.26154
37.825,111,-0.26154
37.814,111,-0.26154
37.804,111,-0.26154
37.793,111,-0.26155
37.783,111,-0.26155
37.772,111,-0.26155
37.762,111,-0.26155
37.752,111,-0.26155
37.741,111,-0.26155
37.731,111,-0.26155
37.72,111,-0.26155
37.71,111,-0.26155
37.699,111,-0.26155
37.689,111,-0.26155
37.678,111,-0.26155
37.668,111,-0.26155
37.658,111,-0.26155
37.647,111,-0.26155
37.637,111,-0.26155
37.626,111,-0.26155
37.616,111,-0.26155
37.606,111,-0.26155
37.595,111,-0.26155
37.585,111,-0.26155
37.574,111,-0.26155
37.564,111,-0.26155
37.554,111,-0.26155
37.543,111,-0.26155
37.533,111,-0.26155
37.523,111,-0.26155
37.512,111,-0.26155
37.502,111,-0.26155
37.492,111,-0.26155
37.481,111,-0.26155
37.471,111,-0.26155
37.461,111,-0.26155
37.45,111,-0.26155
37.44,111,-0.26155
37.43,111,-0.26155
37.419,111,-0.26155
37.409,111,-0.26155
37.399,111,-0.26155
37.388,111,-0.26155
37.378,111,-0.26156
37.368,111,-0.26156
37.357,111,-0.26156
37.347,111,-0.26156
37.337,111,-0.26156
37.326,111,-0.26156
37.316,111,-0.26156
37.306,111,-0.26156
37.296,111,-0.26156
37.285,111,-0.26156
37.275,111,-0.26156
37.265,111,-0.26156
37.255,111,-0.26156
37.244,111,-0.26156
37.234,111,-0.26156
37.224,111,-0.26156
37.214,111,-0.26156
37.203,111,-0.26156
37.193,111,-0.26156
37.183,111,-0.26156
37.173,111,-0.26156
37.162,111,-0.26156
37.152,111,-0.26156
37.142,111,-0.26156
37.132,111,-0.26156
37.121,111,-0.26156
37.111,111,-0.26156
37.101,111,-0.26156
37.091,111,-0.26156
37.081,111,-0.26156
37.07,111,-0.26156
37.06,111,-0.26156
37.05,111,-0.26156
37.04,111,-0.26156
37.03,111,-0.26156
37.02,111,-0.26156
37.009,111,-0.26156
36.999,111,-0.26156
36.989,111,-0.26156
36.979,111,-0.26156
36.969,111,-0.26156
36.959,111,-0.26156
36.948,111,-0.26157
36.938,111,-0.26157
36.928,111,-0.26157
36.918,111,-0.26157
36.908,111,-0.26157
36.898,111,-0.26157
36.888,111,-0.26157
36.877,111,-0.26157
36.867,111,-0.26157
36.857,111,-0.26157
36.847,111,-0.26157
36.837,111,-0.26157
36.827,111,-0.26157
36.817,111,-0.26157
36.807,111,-0.26157
36.797,111,-0.26157
36.786,111,-0.26157
36.776,111,-0.26157
36.766,111,-0.26157
36.756,111,-0.26157
36.746,111,-0.26157
36.736,111,-0.26157
36.726,111,-0.26157
36.716,111,-0.26157
36.706,111,-0.26157
36.696,111,-0.26157
36.686,111,-0.26157
36.676,111,-0.26157
36.666,111,-0.26157
36.656,111,-0.26157
36.646,111,-0.26157
36.636,111,-0.26157
36.626,111,-0.26157
36.616,111,-0.26157
36.605,111,-0.26157
36.595,111,-0.26157
36.585,111,-0.26157
36.575,111,-0.26157
36.565,111,-0.26157
36.555,111,-0.26157
36.545,111,-0.26157
36.535,111,-0.26157
36.525,111,-0.26157
36.515,111,-0.26158
36.505,111,-0.26158
36.495,111,-0.26158
36.485,111,-0.26158
36.476,111,-0.26158
36.466,111,-0.26158
36.456,111,-0.26158
36.446,111,-0.26158
36.436,111,-0.26158
36.426,111,-0.26158
36.416,111,-0.26158
36.406,111,-0.26158
36.396,111,-0.26158
36.386,111,-0.26158
36.376,111,-0.26158
36.366,111,-0.26158
36.356,111,-0.26158
36.346,111,-0.26158
36.336,111,-0.26158
36.326,111,-0.26158
36.316,111,-0.26158
36.306,111,-0.26158
36.297,111,-0.26158
36.287,111,-0.26158
36.277,111,-0.26158
36.267,111,-0.26158
36.257,111,-0.26158
36.247,111,-0.26158
36.237,111,-0.26158
36.227,111,-0.26158
36.217,111,-0.26158
36.208,111,-0.26158
36.198,111,-0.26158
36.188,111,-0.26158
36.178,111,-0.26158
36.168,111,-0.26158
36.158,111,-0.26158
36.148,111,-0.26158
36.138,111,-0.26158
36.129,111,-0.26158
36.119,111,-0.26158
36.109,111,-0.26158
36.099,111,-0.26158
36.089,111,-0.26158
36.079,111,-0.26158
36.07,111,-0.26158
36.06,111,-0.26159
36.05,111,-0.26159
36.04,111,-0.26159
36.03,111,-0.26159
36.021,111,-0.26159
36.011,111,-0.26159
36.001,111,-0.26159
35.991,111,-0.26159
35.981,111,-0.26159
35.972,111,-0.26159
35.962,111,-0.26159
35.952,111,-0.26159
35.942,111,-0.26159
35.932,111,-0.26159
35.923,111,-0.26159
35.913,111,-0.26159
35.903,111,-0.26159
35.893,111,-0.26159
35.884,111,-0.26159
35.874,111,-0.26159
35.864,111,-0.26159
35.854,111,-0.26159
35.845,111,-0.26159
35.835,111,-0.26159
35.825,111,-0.26159
35.815,111,-0.26159
35.806,111,-0.26159
35.796,111,-0.26159
35.786,111,-0.26159
35.776,111,-0.26159
35.767,111,-0.26159
35.757,111,-0.26159
35.747,111,-0.26159
35.738,111,-0.26159
35.728,111,-0.26159
35.718,111,-0.26159
35.708,111,-0.26159
35.699,111,-0.26159
35.689,111,-0.26159
35.679,111,-0.26159
35.67,111,-0.26159
35.66,111,-0.26159
35.65,111,-0.26159
35.641,111,-0.26159
35.631,111,-0.26159
35.621,111,-0.26159
35.612,111,-0.26159
35.602,111,-0.26159
35.592,111,-0.2616
35.583,111,-0.2616
35.573,111,-0.2616
35.563,111,-0.2616
35.554,111,-0.2616
35.544,111,-0.2616
35.534,111,-0.2616
35.525,111,-0.2616
35.515,111,-0.2616
35.506,111,-0.2616
35.496,111,-0.2616
35.486,111,-0.2616
35.477,111,-0.2616
35.467,111,-0.2616
35.457,111,-0.2616
35.448,111,-0.2616
35.438,111,-0.2616
35.429,111,-0.2616
35.419,111,-0.2616
35.409,111,-0.2616
35.4,111,-0.2616
35.39,111,-0.2616
35.381,111,-0.2616
35.371,111,-0.2616
35.362,111,-0.2616
35.352,111,-0.2616
35.342,111,-0.2616
35.333,111,-0.2616
35.323,111,-0.2616
35.314,111,-0.2616
35.304,111,-0.2616
35.295,111,-0.2616
35.285,111,-0.2616
35.276,111,-0.2616
35.266,111,-0.2616
35.256,111,-0.2616
35.247,111,-0.2616
35.237,111,-0.2616
35.228,111,-0.2616
35.218,111,-0.2616
35.209,111,-0.2616
35.199,111,-0.2616
35.19,111,-0.2616
35.18,111,-0.2616
35.171,111,-0.2616
35.161,111,-0.2616
35.152,111,-0.2616
35.142,111,-0.2616
35.133,111,-0.2616
35.123,111,-0.2616
35.114,111,-0.26161
35.104,111,-0.26161
35.095,111,-0.26161
35.085,111,-0.26161
35.076,111,-0.26161
35.066,111,-0.26161
35.057,111,-0.26161
35.048,111,-0.26161
35.038,111,-0.26161
35.029,111,-0.26161
35.019,111,-0.26161
35.01,111,-0.26161
35,111,-0.26161
34.991,111,-0.26161
34.981,111,-0.26161
34.972,111,-0.26161
34.963,111,-0.26161
34.953,111,-0.26161
34.944,111,-0.26161
34.934,111,-0.26161
34.925,111,-0.26161
34.915,111,-0.26161
34.906,111,-0.26161
34.897,111,-0.26161
34.887,111,-0.26161
34.878,111,-0.26161
34.868,111,-0.26161
34.859,111,-0.26161
34.85,111,-0.26161
34.84,111,-0.26161
34.831,111,-0.26161
34.821,111,-0.26161
34.812,111,-0.26161
34.803,111,-0.26161
34.793,111,-0.26161
34.784,111,-0.26161
34.775,111,-0.26161
34.765,111,-0.26161
34.756,111,-0.26161
34.746,111,-0.26161
34.737,111,-0.26161
34.728,111,-0.26161
34.718,111,-0.26161
34.709,111,-0.26161
34.7,111,-0.26161
34.69,111,-0.26161
34.681,111,-0.26161
34.672,111,-0.26161
34.662,111,-0.26161
34.653,111,-0.26161
34.644,111,-0.26161
34.634,111,-0.26161
34.625,111,-0.26161
34.616,111,-0.26162
34.606,111,-0.26162
34.597,111,-0.26162
34.588,111,-0.26162
34.579,111,-0.26162
34.569,111,-0.26162
34.56,111,-0.26162
34.551,111,-0.26162
34.541,111,-0.26162
34.532,111,-0.26162
34.523,111,-0.26162
34.514,111,-0.26162
34.504,111,-0.26162
34.495,111,-0.26162
34.486,111,-0.26162
34.476,111,-0.26162
34.467,111,-0.26162
34.458,111,-0.26162
34.449,111,-0.26162
34.439,111,-0.26162
34.43,111,-0.26162
34.421,111,-0.26162
34.412,111,-0.26162
34.402,111,-0.26162
34.393,111,-0.26162
34.384,111,-0.26162
34.375,111,-0.26162
34.366,111,-0.26162
34.356,111,-0.26162
34.347,111,-0.26162
34.338,111,-0.26162
34.329,111,-0.26162
34.319,111,-0.26162
34.31,111,-0.26162
34.301,111,-0.26162
34.292,111,-0.26162
34.283,111,-0.26162
34.273,111,-0.26162
34.264,111,-0.26162
34.255,111,-0.26162
34.246,111,-0.26162
34.237,111,-0.26162
34.228,111,-0.26162
34.218,111,-0.26162
34.209,111,-0.26162
34.2,111,-0.26162
34.191,111,-0.26162
34.182,111,-0.26162
34.173,111,-0.26162
34.163,111,-0.26162
34.154,111,-0.26162
34.145,111,-0.26162
34.136,111,-0.26162
34.127,111,-0.26162
34.118,111,-0.26162
34.109,111,-0.26162
34.099,111,-0.26163
34.09,111,-0.26163
34.081,111,-0.26163
34.072,111,-0.26163
34.063,111,-0.26163
34.054,111,-0.26163
34.045,111,-0.26163
34.036,111,-0.26163
34.026,111,-0.26163
34.017,111,-0.26163
34.008,111,-0.26163
33.999,111,-0.26163
33.99,111,-0.26163
33.981,111,-0.26163
33.972,111,-0.26163
33.963,111,-0.26163
33.954,111,-0.26163
33.945,111,-0.26163
33.935,111,-0.26163
33.926,111,-0.26163
33.917,111,-0.26163
33.908,111,-0.26163
33.899,111,-0.26163
33.89,111,-0.26163
33.881,111,-0.26163
33.872,111,-0.26163
33.863,111,-0.26163
33.854,111,-0.26163
33.845,111,-0.26163
33.836,111,-0.26163
33.827,111,-0.26163
33.818,111,-0.26163
33.809,111,-0.26163
33.8,111,-0.26163
33.791,111,-0.26163
33.782,111,-0.26163
33.773,111,-0.26163
33.764,111,-0.26163
33.755,111,-0.26163
33.746,111,-0.26163
33.737,111,-0.26163
33.728,111,-0.26163
33.719,111,-0.26163
33.71,111,-0.26163
33.701,111,-0.26163
33.692,111,-0.26163
33.683,111,-0.26163
33.674,111,-0.26163
33.665,111,-0.26163
33.656,111,-0.26163
33.647,111,-0.26163
33.638,111,-0.26163
33.629,111,-0.26163
33.62,111,-0.26163
33.611,111,-0.26163
33.602,111,-0.26163
33.593,111,-0.26163
33.584,111,-0.26163
33.575,111,-0.26163
33.566,111,-0.26164
33.557,111,-0.26164
33.548,111,-0.26164
33.539,111,-0.26164
33.53,111,-0.26164
33.521,111,-0.26164
33.512,111,-0.26164
33.503,111,-0.26164
33.494,111,-0.26164
33.486,111,-0.26164
33.477,111,-0.26164
33.468,111,-0.26164
33.459,111,-0.26164
33.45,111,-0.26164
33.441,111,-0.26164
33.432,111,-0.26164
33.423,111,-0.26164
33.414,111,-0.26164
33.405,111,-0.26164
33.396,111,-0.26164
33.388,111,-0.26164
33.379,111,-0.26164
33.37,111,-0.26164
33.361,111,-0.26164
33.352,111,-0.26164
33.343,111,-0.26164
33.334,111,-0.26164
33.325,111,-0.26164
33.317,111,-0.26164
33.308,111,-0.26164
33.299,111,-0.26164
33.29,111,-0.26164
33.281,111,-0.26164
33.272,111,-0.26164
33.263,111,-0.26164
33.255,111,-0.26164
33.246,111,-0.26164
33.237,111,-0.26164
33.228,111,-0.26164
33.219,111,-0.26164
33.21,111,-0.26164
33.202,111,-0.26164
33.193,111,-0.26164
33.184,111,-0.26164
33.175,111,-0.26164
33.166,111,-0.26164
33.157,111,-0.26164
33.149,111,-0.26164
33.14,111,-0.26164
33.131,111,-0.26164
33.122,111,-0.26164
33.113,111,-0.26164
33.105,111,-0.26164
33.096,111,-0.26164
33.087,111,-0.26164
33.078,111,-0.26164
33.07,111,-0.26164
33.061,111,-0.26164
33.052,111,-0.26164
33.043,111,-0.26164
33.034,111,-0.26164
33.026,111,-0.26164
33.017,111,-0.26165
33.008,111,-0.26165
32.999,111,-0.26165
32.991,111,-0.26165
32.982,111,-0.26165
32.973,111,-0.26165
32.964,111,-0.26165
32.956,111,-0.26165
32.947,111,-0.26165
32.938,111,-0.26165
32.929,111,-0.26165
32.921,111,-0.26165
32.912,111,-0.26165
32.903,111,-0.26165
32.894,111,-0.26165
32.886,111,-0.26165
32.877,111,-0.26165
32.868,111,-0.26165
32.86,111,-0.26165
32.851,111,-0.26165
32.842,111,-0.26165
32.833,111,-0.26165
32.825,111,-0.26165
32.816,111,-0.26165
32.807,111,-0.26165
32.799,111,-0.26165
32.79,111,-0.26165
32.781,111,-0.26165
32.773,111,-0.26165
32.764,111,-0.26165
32.755,111,-0.26165
32.747,111,-0.26165
32.738,111,-0.26165
32.729,111,-0.26165
32.721,111,-0.26165
32.712,111,-0.26165
32.703,111,-0.26165
32.695,111,-0.26165
32.686,111,-0.26165
32.677,111,-0.26165
32.669,111,-0.26165
32.66,111,-0.26165
32.651,111,-0.26165
32.643,111,-0.26165
32.634,111,-0.26165
32.626,111,-0.26165
32.617,111,-0.26165
32.608,111,-0.26165
32.6,111,-0.26165
32.591,111,-0.26165
32.582,111,-0.26165
32.574,111,-0.26165
32.565,111,-0.26165
32.557,111,-0.26165
32.548,111,-0.26165
32.539,111,-0.26165
32.531,111,-0.26165
32.522,111,-0.26165
32.514,111,-0.26165
32.505,111,-0.26165
32.496,111,-0.26165
32.488,111,-0.26165
32.479,111,-0.26165
32.471,111,-0.26165
32.462,111,-0.26165
32.453,111,-0.26165
32.445,111,-0.26165
32.436,111,-0.26166
32.428,111,-0.26166
32.419,111,-0.26166
32.411,111,-0.26166
32.402,111,-0.26166
32.394,111,-0.26166
32.385,111,-0.26166
32.376,111,-0.26166
32.368,111,-0.26166
32.359,111,-0.26166
32.351,111,-0.26166
32.342,111,-0.26166
32.334,111,-0.26166
32.325,111,-0.26166
32.317,111,-0.26166
32.308,111,-0.26166
32.3,111,-0.26166
32.291,111,-0.26166
32.283,111,-0.26166
32.274,111,-0.26166
32.266,111,-0.26166
32.257,111,-0.26166
32.249,111,-0.26166
32.24,111,-0.26166
32.232,111,-0.26166
32.223,111,-0.26166
32.215,111,-0.26166
32.206,111,-0.26166
32.198,111,-0.26166
32.189,111,-0.26166
32.181,111,-0.26166
32.172,111,-0.26166
32.164,111,-0.26166
32.155,111,-0.26166
32.147,111,-0.26166
32.138,111,-0.26166
32.13,111,-0.26166
32.121,111,-0.26166
32.113,111,-0.26166
32.104,111,-0.26166
32.096,111,-0.26166
32.088,111,-0.26166
32.079,111,-0.26166
32.071,111,-0.26166
32.062,111,-0.26166
32.054,111,-0.26166
32.045,111,-0.26166
32.037,111,-0.26166
32.028,111,-0.26166
32.02,111,-0.26166
32.012,111,-0.26166
32.003,111,-0.26166
31.995,111,-0.26166
31.986,111,-0.26166
31.978,111,-0.26166
31.97,111,-0.26166
31.961,111,-0.26166
31.953,111,-0.26166
31.944,111,-0.26166
31.936,111,-0.26166
31.928,111,-0.26166
31.919,111,-0.26166
31.911,111,-0.26166
31.902,111,-0.26166
31.894,111,-0.26166
31.886,111,-0.26166
31.877,111,-0.26166
31.869,111,-0.26166
31.861,111,-0.26166
31.852,111,-0.26166
31.844,111,-0.26166
31.835,111,-0.26166
31.827,111,-0.26167
31.819,111,-0.26167
31.81,111,-0.26167
31.802,111,-0.26167
31.794,111,-0.26167
31.785,111,-0.26167
31.777,111,-0.26167
31.769,111,-0.26167
31.76,111,-0.26167
31.752,111,-0.26167
31.744,111,-0.26167
31.735,111,-0.26167
31.727,111,-0.26167
31.719,111,-0.26167
31.71,111,-0.26167
31.702,111,-0.26167
31.694,111,-0.26167
31.685,111,-0.26167
31.677,111,-0.26167
31.669,111,-0.26167
31.66,111,-0.26167
31.652,111,-0.26167
31.644,111,-0.26167
31.636,111,-0.26167
31.627,111,-0.26167
31.619,111,-0.26167
31.611,111,-0.26167
31.602,111,-0.26167
31.594,111,-0.26167
31.586,111,-0.26167
31.578,111,-0.26167
31.569,111,-0.26167
31.561,111,-0.26167
31.553,111,-0.26167
31.544,111,-0.26167
31.536,111,-0.26167
31.528,111,-0.26167
31.52,111,-0.26167
31.511,111,-0.26167
31.503,111,-0.26167
31.495,111,-0.26167
31.487,111,-0.26167
31.478,111,-0.26167
31.47,111,-0.26167
31.462,111,-0.26167
31.454,111,-0.26167
31.445,111,-0.26167
31.437,111,-0.26167
31.429,111,-0.26167
31.421,111,-0.26167
31.413,111,-0.26167
31.404,111,-0.26167
31.396,111,-0.26167
31.388,111,-0.26167
31.38,111,-0.26167
31.372,111,-0.26167
31.363,111,-0.26167
31.355,111,-0.26167
31.347,111,-0.26167
31.339,111,-0.26167
31.331,111,-0.26167
31.322,111,-0.26167
31.314,111,-0.26167
31.306,111,-0.26167
31.298,111,-0.26167
31.29,111,-0.26167
31.281,111,-0.26167
31.273,111,-0.26167
31.265,111,-0.26167
31.257,111,-0.26167
31.249,111,-0.26167
31.241,111,-0.26167
31.232,111,-0.26167
31.224,111,-0.26167
31.216,111,-0.26167
31.208,111,-0.26167
31.2,111,-0.26167
31.192,111,-0.26168
31.184,111,-0.26168
31.175,111,-0.26168
31.167,111,-0.26168
31.159,111,-0.26168
31.151,111,-0.26168
31.143,111,-0.26168
31.135,111,-0.26168
31.127,111,-0.26168
31.119,111,-0.26168
31.11,111,-0.26168
31.102,111,-0.26168
31.094,111,-0.26168
31.086,111,-0.26168
31.078,111,-0.26168
31.07,111,-0.26168
31.062,111,-0.26168
31.054,111,-0.26168
31.046,111,-0.26168
31.037,111,-0.26168
31.029,111,-0.26168
31.021,111,-0.26168
31.013,111,-0.26168
31.005,111,-0.26168
30.997,111,-0.26168
30.989,111,-0.26168
30.981,111,-0.26168
30.973,111,-0.26168
30.965,111,-0.26168
30.957,111,-0.26168
30.949,111,-0.26168
30.941,111,-0.26168
30.932,111,-0.26168
30.924,111,-0.26168
30.916,111,-0.26168
30.908,111,-0.26168
30.9,111,-0.26168
30.892,111,-0.26168
30.884,111,-0.26168
30.876,111,-0.26168
30.868,111,-0.26168
30.86,111,-0.26168
30.852,111,-0.26168
30.844,111,-0.26168
30.836,111,-0.26168
30.828,111,-0.26168
30.82,111,-0.26168
30.812,111,-0.26168
30.804,111,-0.26168
30.796,111,-0.26168
30.788,111,-0.26168
30.78,111,-0.26168
30.772,111,-0.26168
30.764,111,-0.26168
30.756,111,-0.26168
30.748,111,-0.26168
30.74,111,-0.26168
30.732,111,-0.26168
30.724,111,-0.26168
30.716,111,-0.26168
30.708,111,-0.26168
30.7,111,-0.26168
30.692,111,-0.26168
30.684,111,-0.26168
30.676,111,-0.26168
30.668,111,-0.26168
30.66,111,-0.26168
30.652,111,-0.26168
30.644,111,-0.26168
30.636,111,-0.26168
30.628,111,-0.26168
30.62,111,-0.26168
30.612,111,-0.26168
30.604,111,-0.26168
30.597,111,-0.26168
30.589,111,-0.26168
30.581,111,-0.26168
30.573,111,-0.26168
30.565,111,-0.26168
30.557,111,-0.26168
30.549,111,-0.26168
30.541,111,-0.26168
30.533,111,-0.26168
30.525,111,-0.26168
30.517,111,-0.26169
30.509,111,-0.26169
30.501,111,-0.26169
30.494,111,-0.26169
30.486,111,-0.26169
30.478,111,-0.26169
30.47,111,-0.26169
30.462,111,-0.26169
30.454,111,-0.26169
30.446,111,-0.26169
30.438,111,-0.26169
30.43,111,-0.26169
30.422,111,-0.26169
30.415,111,-0.26169
30.407,111,-0.26169
30.399,111,-0.26169
30.391,111,-0.26169
30.383,111,-0.26169
30.375,111,-0.26169
30.367,111,-0.26169
30.359,111,-0.26169
30.352,111,-0.26169
30.344,111,-0.26169
30.336,111,-0.26169
30.328,111,-0.26169
30.32,111,-0.26169
30.312,111,-0.26169
30.304,111,-0.26169
30.297,111,-0.26169
30.289,111,-0.26169
30.281,111,-0.26169
30.273,111,-0.26169
30.265,111,-0.26169
30.257,111,-0.26169
30.25,111,-0.26169
30.242,111,-0.26169
30.234,111,-0.26169
30.226,111,-0.26169
30.218,111,-0.26169
30.211,111,-0.26169
30.203,111,-0.26169
30.195,111,-0.26169
30.187,111,-0.26169
30.179,111,-0.26169
30.172,111,-0.26169
30.164,111,-0.26169
30.156,111,-0.26169
30.148,111,-0.26169
30.14,111,-0.26169
30.133,111,-0.26169
30.125,111,-0.26169
30.117,111,-0.26169
30.109,111,-0.26169
30.101,111,-0.26169
30.094,111,-0.26169
30.086,111,-0.26169
30.078,111,-0.26169
30.07,111,-0.26169
30.063,111,-0.26169
30.055,111,-0.26169
30.047,111,-0.26169
30.039,111,-0.26169
30.032,111,-0.26169
30.024,111,-0.26169
30.016,111,-0.26169
30.008,111,-0.26169
30.001,111,-0.26169
29.993,111,-0.26169
29.985,111,-0.26169
29.977,111,-0.26169
29.97,111,-0.26169
29.962,111,-0.26169
29.954,111,-0.26169
29.946,111,-0.26169
29.939,111,-0.26169
29.931,111,-0.26169
29.923,111,-0.26169
29.916,111,-0.26169
29.908,111,-0.26169
29.9,111,-0.26169
29.892,111,-0.26169
29.885,111,-0.26169
29.877,111,-0.26169
29.869,111,-0.26169
29.862,111,-0.26169
29.854,111,-0.26169
29.846,111,-0.26169
29.839,111,-0.26169
29.831,111,-0.26169
29.823,111,-0.26169
29.815,111,-0.26169
29.808,111,-0.26169
29.8,111,-0.2617
29.792,111,-0.2617
29.785,111,-0.2617
29.777,111,-0.2617
29.769,111,-0.2617
29.762,111,-0.2617
29.754,111,-0.2617
29.746,111,-0.2617
29.739,111,-0.2617
29.731,111,-0.2617
29.724,111,-0.2617
29.716,111,-0.2617
29.708,111,-0.2617
29.701,111,-0.2617
29.693,111,-0.2617
29.685,111,-0.2617
29.678,111,-0.2617
29.67,111,-0.2617
29.662,111,-0.2617
29.655,111,-0.2617
29.647,111,-0.2617
29.64,111,-0.2617
29.632,111,-0.2617
29.624,111,-0.2617
29.617,111,-0.2617
29.609,111,-0.2617
29.601,111,-0.2617
29.594,111,-0.2617
29.586,111,-0.2617
29.579,111,-0.2617
29.571,111,-0.2617
29.563,111,-0.2617
29.556,111,-0.2617
29.548,111,-0.2617
29.541,111,-0.2617
29.533,111,-0.2617
29.525,111,-0.2617
29.518,111,-0.2617
29.51,111,-0.2617
29.503,111,-0.2617
29.495,111,-0.2617
29.488,111,-0.2617
29.48,111,-0.2617
29.472,111,-0.2617
29.465,111,-0.2617
29.457,111,-0.2617
29.45,111,-0.2617
29.442,111,-0.2617
29.435,111,-0.2617
29.427,111,-0.2617
29.42,111,-0.2617
29.412,111,-0.2617
29.404,111,-0.2617
29.397,111,-0.2617
29.389,111,-0.2617
29.382,111,-0.2617
29.374,111,-0.2617
29.367,111,-0.2617
29.359,111,-0.2617
29.352,111,-0.2617
29.344,111,-0.2617
29.337,111,-0.2617
29.329,111,-0.2617
29.322,111,-0.2617
29.314,111,-0.2617
29.307,111,-0.2617
29.299,111,-0.2617
29.292,111,-0.2617
29.284,111,-0.2617
29.277,111,-0.2617
29.269,111,-0.2617
29.262,111,-0.2617
29.254,111,-0.2617
29.247,111,-0.2617
29.239,111,-0.2617
29.232,111,-0.2617
29.224,111,-0.2617
29.217,111,-0.2617
29.209,111,-0.2617
29.202,111,-0.2617
29.194,111,-0.2617
29.187,111,-0.2617
29.179,111,-0.2617
29.172,111,-0.2617
29.164,111,-0.2617
29.157,111,-0.2617
29.149,111,-0.2617
29.142,111,-0.2617
29.134,111,-0.2617
29.127,111,-0.2617
29.12,111,-0.2617
29.112,111,-0.2617
29.105,111,-0.2617
29.097,111,-0.2617
29.09,111,-0.2617
29.082,111,-0.2617
29.075,111,-0.2617
29.068,111,-0.2617
29.06,111,-0.2617
29.053,111,-0.2617
29.045,111,-0.26171
29.038,111,-0.26171
29.03,111,-0.26171
29.023,111,-0.26171
29.016,111,-0.26171
29.008,111,-0.26171
29.001,111,-0.26171
28.993,111,-0.26171
28.986,111,-0.26171
28.978,111,-0.26171
28.971,111,-0.26171
28.964,111,-0.26171
28.956,111,-0.26171
28.949,111,-0.26171
28.941,111,-0.26171
28.934,111,-0.26171
28.927,111,-0.26171
28.919,111,-0.26171
28.912,111,-0.26171
28.905,111,-0.26171
28.897,111,-0.26171
28.89,111,-0.26171
28.882,111,-0.26171
28.875,111,-0.26171
28.868,111,-0.26171
28.86,111,-0.26171
28.853,111,-0.26171
28.846,111,-0.26171
28.838,111,-0.26171
28.831,111,-0.26171
28.824,111,-0.26171
28.816,111,-0.26171
28.809,111,-0.26171
28.801,111,-0.26171
28.794,111,-0.26171
28.787,111,-0.26171
28.779,111,-0.26171
28.772,111,-0.26171
28.765,111,-0.26171
28.757,111,-0.26171
28.75,111,-0.26171
28.743,111,-0.26171
28.735,111,-0.26171
28.728,111,-0.26171
28.721,111,-0.26171
28.714,111,-0.26171
28.706,111,-0.26171
28.699,111,-0.26171
28.692,111,-0.26171
28.684,111,-0.26171
28.677,111,-0.26171
28.67,111,-0.26171
28.662,111,-0.26171
28.655,111,-0.26171
28.648,111,-0.26171
28.64,111,-0.26171
28.633,111,-0.26171
28.626,111,-0.26171
28.619,111,-0.26171
28.611,111,-0.26171
28.604,111,-0.26171
28.597,111,-0.26171
28.589,111,-0.26171
28.582,111,-0.26171
28.575,111,-0.26171
28.568,111,-0.26171
28.56,111,-0.26171
28.553,111,-0.26171
28.546,111,-0.26171
28.539,111,-0.26171
28.531,111,-0.26171
28.524,111,-0.26171
28.517,111,-0.26171
28.51,111,-0.26171
28.502,111,-0.26171
28.495,111,-0.26171
28.488,111,-0.26171
28.481,111,-0.26171
28.473,111,-0.26171
28.466,111,-0.26171
28.459,111,-0.26171
28.452,111,-0.26171
28.444,111,-0.26171
28.437,111,-0.26171
28.43,111,-0.26171
28.423,111,-0.26171
28.415,111,-0.26171
28.408,111,-0.26171
28.401,111,-0.26171
28.394,111,-0.26171
28.387,111,-0.26171
28.379,111,-0.26171
28.372,111,-0.26171
28.365,111,-0.26171
28.358,111,-0.26171
28.351,111,-0.26171
28.343,111,-0.26171
28.336,111,-0.26171
28.329,111,-0.26171
28.322,111,-0.26171
28.315,111,-0.26171
28.307,111,-0.26171
28.3,111,-0.26171
28.293,111,-0.26171
28.286,111,-0.26171
28.279,111,-0.26171
28.272,111,-0.26171
28.264,111,-0.26171
28.257,111,-0.26171
28.25,111,-0.26171
28.243,111,-0.26171
28.236,111,-0.26171
28.228,111,-0.26172
28.221,111,-0.26172
28.214,111,-0.26172
28.207,111,-0.26172
28.2,111,-0.26172
28.193,111,-0.26172
28.186,111,-0.26172
28.178,111,-0.26172
28.171,111,-0.26172
28.164,111,-0.26172
28.157,111,-0.26172
28.15,111,-0.26172
28.143,111,-0.26172
28.136,111,-0.26172
28.128,111,-0.26172
28.121,111,-0.26172
28.114,111,-0.26172
28.107,111,-0.26172
28.1,111,-0.26172
28.093,111,-0.26172
28.086,111,-0.26172
28.079,111,-0.26172
28.072,111,-0.26172
28.064,111,-0.26172
28.057,111,-0.26172
28.05,111,-0.26172
28.043,111,-0.26172
28.036,111,-0.26172
28.029,111,-0.26172
28.022,111,-0.26172
28.015,111,-0.26172
28.008,111,-0.26172
28.001,111,-0.26172
27.993,111,-0.26172
27.986,111,-0.26172
27.979,111,-0.26172
27.972,111,-0.26172
27.965,111,-0.26172
27.958,111,-0.26172
27.951,111,-0.26172
27.944,111,-0.26172
27.937,111,-0.26172
27.93,111,-0.26172
27.923,111,-0.26172
27.916,111,-0.26172
27.909,111,-0.26172
27.901,111,-0.26172
27.894,111,-0.26172
27.887,111,-0.26172
27.88,111,-0.26172
27.873,111,-0.26172
27.866,111,-0.26172
27.859,111,-0.26172
27.852,111,-0.26172
27.845,111,-0.26172
27.838,111,-0.26172
27.831,111,-0.26172
27.824,111,-0.26172
27.817,111,-0.26172
27.81,111,-0.26172
27.803,111,-0.26172
27.796,111,-0.26172
27.789,111,-0.26172
27.782,111,-0.26172
27.775,111,-0.26172
27.768,111,-0.26172
27.761,111,-0.26172
27.754,111,-0.26172
27.747,111,-0.26172
27.74,111,-0.26172
27.733,111,-0.26172
27.726,111,-0.26172
27.719,111,-0.26172
27.712,111,-0.26172
27.705,111,-0.26172
27.698,111,-0.26172
27.691,111,-0.26172
27.684,111,-0.26172
27.677,111,-0.26172
27.67,111,-0.26172
27.663,111,-0.26172
27.656,111,-0.26172
27.649,111,-0.26172
27.642,111,-0.26172
27.635,111,-0.26172
27.628,111,-0.26172
27.621,111,-0.26172
27.614,111,-0.26172
27.607,111,-0.26172
27.6,111,-0.26172
27.593,111,-0.26172
27.586,111,-0.26172
27.579,111,-0.26172
27.572,111,-0.26172
27.565,111,-0.26172
27.558,111,-0.26172
27.551,111,-0.26172
27.544,111,-0.26172
27.538,111,-0.26172
27.531,111,-0.26172
27.524,111,-0.26172
27.517,111,-0.26172
27.51,111,-0.26172
27.503,111,-0.26172
27.496,111,-0.26172
27.489,111,-0.26172
27.482,111,-0.26172
27.475,111,-0.26172
27.468,111,-0.26172
27.461,111,-0.26172
27.454,111,-0.26172
27.447,111,-0.26172
27.441,111,-0.26172
27.434,111,-0.26172
27.427,111,-0.26172
27.42,111,-0.26172
27.413,111,-0.26172
27.406,111,-0.26172
27.399,111,-0.26172
27.392,111,-0.26172
27.385,111,-0.26172
27.378,111,-0.26172
27.372,111,-0.26172
27.365,111,-0.26172
27.358,111,-0.26172
27.351,111,-0.26172
27.344,111,-0.26172
27.337,111,-0.26173
27.33,111,-0.26173
27.323,111,-0.26173
27.317,111,-0.26173
27.31,111,-0.26173
27.303,111,-0.26173
27.296,111,-0.26173
27.289,111,-0.26173
27.282,111,-0.26173
27.275,111,-0.26173
27.268,111,-0.26173
27.262,111,-0.26173
27.255,111,-0.26173
27.248,111,-0.26173
27.241,111,-0.26173
27.234,111,-0.26173
27.227,111,-0.26173
27.221,111,-0.26173
27.214,111,-0.26173
27.207,111,-0.26173
27.2,111,-0.26173
27.193,111,-0.26173
27.186,111,-0.26173
27.18,111,-0.26173
27.173,111,-0.26173
27.166,111,-0.26173
27.159,111,-0.26173
27.152,111,-0.26173
27.145,111,-0.26173
27.139,111,-0.26173
27.132,111,-0.26173
27.125,111,-0.26173
27.118,111,-0.26173
27.111,111,-0.26173
27.105,111,-0.26173
27.098,111,-0.26173
27.091,111,-0.26173
27.084,111,-0.26173
27.077,111,-0.26173
27.071,111,-0.26173
27.064,111,-0.26173
27.057,111,-0.26173
27.05,111,-0.26173
27.043,111,-0.26173
27.037,111,-0.26173
27.03,111,-0.26173
27.023,111,-0.26173
27.016,111,-0.26173
27.009,111,-0.26173
27.003,111,-0.26173
26.996,111,-0.26173
26.989,111,-0.26173
26.982,111,-0.26173
26.976,111,-0.26173
26.969,111,-0.26173
26.962,111,-0.26173
26.955,111,-0.26173
26.949,111,-0.26173
26.942,111,-0.26173
26.935,111,-0.26173
26.928,111,-0.26173
26.922,111,-0.26173
26.915,111,-0.26173
26.908,111,-0.26173
26.901,111,-0.26173
26.895,111,-0.26173
26.888,111,-0.26173
26.881,111,-0.26173
26.874,111,-0.26173
26.868,111,-0.26173
26.861,111,-0.26173
26.854,111,-0.26173
26.847,111,-0.26173
26.841,111,-0.26173
26.834,111,-0.26173
26.827,111,-0.26173
26.821,111,-0.26173
26.814,111,-0.26173
26.807,111,-0.26173
26.8,111,-0.26173
26.794,111,-0.26173
26.787,111,-0.26173
26.78,111,-0.26173
26.774,111,-0.26173
26.767,111,-0.26173
26.76,111,-0.26173
26.753,111,-0.26173
26.747,111,-0.26173
26.74,111,-0.26173
26.733,111,-0.26173
26.727,111,-0.26173
26.72,111,-0.26173
26.713,111,-0.26173
26.707,111,-0.26173
26.7,111,-0.26173
26.693,111,-0.26173
26.687,111,-0.26173
26.68,111,-0.26173
26.673,111,-0.26173
26.667,111,-0.26173
26.66,111,-0.26173
26.653,111,-0.26173
26.647,111,-0.26173
26.64,111,-0.26173
26.633,111,-0.26173
26.627,111,-0.26173
26.62,111,-0.26173
26.613,111,-0.26173
26.607,111,-0.26173
26.6,111,-0.26173
26.593,111,-0.26173
26.587,111,-0.26173
26.58,111,-0.26173
26.573,111,-0.26173
26.567,111,-0.26173
26.56,111,-0.26173
26.554,111,-0.26173
26.547,111,-0.26173
26.54,111,-0.26173
26.534,111,-0.26173
26.527,111,-0.26173
26.52,111,-0.26173
26.514,111,-0.26173
26.507,111,-0.26173
26.501,111,-0.26173
26.494,111,-0.26173
26.487,111,-0.26173
26.481,111,-0.26173
26.474,111,-0.26173
26.467,111,-0.26173
26.461,111,-0.26173
26.454,111,-0.26173
26.448,111,-0.26173
26.441,111,-0.26173
26.434,111,-0.26173
26.428,111,-0.26173
26.421,111,-0.26173
26.415,111,-0.26173
26.408,111,-0.26173
26.401,111,-0.26173
26.395,111,-0.26173
26.388,111,-0.26173
26.382,111,-0.26173
26.375,111,-0.26173
26.369,111,-0.26174
26.362,111,-0.26174
26.355,111,-0.26174
26.349,111,-0.26174
26.342,111,-0.26174
26.336,111,-0.26174
26.329,111,-0.26174
26.323,111,-0.26174
26.316,111,-0.26174
26.309,111,-0.26174
26.303,111,-0.26174
26.296,111,-0.26174
26.29,111,-0.26174
26.283,111,-0.26174
26.277,111,-0.26174
26.27,111,-0.26174
26.264,111,-0.26174
26.257,111,-0.26174
26.251,111,-0.26174
26.244,111,-0.26174
26.237,111,-0.26174
26.231,111,-0.26174
26.224,111,-0.26174
26.218,111,-0.26174
26.211,111,-0.26174
26.205,111,-0.26174
26.198,111,-0.26174
26.192,111,-0.26174
26.185,111,-0.26174
26.179,111,-0.26174
26.172,111,-0.26174
26.166,111,-0.26174
26.159,111,-0.26174
26.153,111,-0.26174
26.146,111,-0.26174
26.14,111,-0.26174
26.133,111,-0.26174
26.127,111,-0.26174
26.12,111,-0.26174
26.114,111,-0.26174
26.107,111,-0.26174
26.101,111,-0.26174
26.094,111,-0.26174
26.088,111,-0.26174
26.081,111,-0.26174
26.075,111,-0.26174
26.068,111,-0.26174
26.062,111,-0.26174
26.055,111,-0.26174
26.049,111,-0.26174
26.042,111,-0.26174
26.036,111,-0.26174
26.029,111,-0.26174
26.023,111,-0.26174
26.016,111,-0.26174
26.01,111,-0.26174
26.003,111,-0.26174
25.997,111,-0.26174
25.991,111,-0.26174
25.984,111,-0.26174
25.978,111,-0.26174
25.971,111,-0.26174
25.965,111,-0.26174
25.958,111,-0.26174
25.952,111,-0.26174
25.945,111,-0.26174
25.939,111,-0.26174
25.932,111,-0.26174
25.926,111,-0.26174
25.92,111,-0.26174
25.913,111,-0.26174
25.907,111,-0.26174
25.9,111,-0.26174
25.894,111,-0.26174
25.887,111,-0.26174
25.881,111,-0.26174
25.875,111,-0.26174
25.868,111,-0.26174
25.862,111,-0.26174
25.855,111,-0.26174
25.849,111,-0.26174
25.842,111,-0.26174
25.836,111,-0.26174
25.83,111,-0.26174
25.823,111,-0.26174
25.817,111,-0.26174
25.81,111,-0.26174
25.804,111,-0.26174
25.798,111,-0.26174
25.791,111,-0.26174
25.785,111,-0.26174
25.778,111,-0.26174
25.772,111,-0.26174
25.766,111,-0.26174
25.759,111,-0.26174
25.753,111,-0.26174
25.746,111,-0.26174
25.74,111,-0.26174
25.734,111,-0.26174
25.727,111,-0.26174
25.721,111,-0.26174
25.715,111,-0.26174
25.708,111,-0.26174
25.702,111,-0.26174
25.695,111,-0.26174
25.689,111,-0.26174
25.683,111,-0.26174
25.676,111,-0.26174
25.67,111,-0.26174
25.664,111,-0.26174
25.657,111,-0.26174
25.651,111,-0.26174
25.645,111,-0.26174
25.638,111,-0.26174
25.632,111,-0.26174
25.626,111,-0.26174
25.619,111,-0.26174
25.613,111,-0.26174
25.607,111,-0.26174
25.6,111,-0.26174
25.594,111,-0.26174
25.587,111,-0.26174
25.581,111,-0.26174
25.575,111,-0.26174
25.568,111,-0.26174
25.562,111,-0.26174
25.556,111,-0.26174
25.55,111,-0.26174
25.543,111,-0.26174
25.537,111,-0.26174
25.531,111,-0.26174
25.524,111,-0.26174
25.518,111,-0.26174
25.512,111,-0.26174
25.505,111,-0.26174
25.499,111,-0.26174
25.493,111,-0.26174
25.486,111,-0.26174
25.48,111,-0.26174
25.474,111,-0.26174
25.467,111,-0.26174
25.461,111,-0.26174
25.455,111,-0.26174
25.449,111,-0.26174
25.442,111,-0.26174
25.436,111,-0.26174
25.43,111,-0.26174
25.423,111,-0.26174
25.417,111,-0.26174
25.411,111,-0.26174
25.405,111,-0.26174
25.398,111,-0.26174
25.392,111,-0.26174
25.386,111,-0.26174
25.379,111,-0.26174
25.373,111,-0.26174
25.367,111,-0.26174
25.361,111,-0.26174
25.354,111,-0.26174
25.348,111,-0.26174
25.342,111,-0.26174
25.336,111,-0.26174
25.329,111,-0.26174
25.323,111,-0.26174
25.317,111,-0.26174
25.311,111,-0.26174
25.304,111,-0.26174
25.298,111,-0.26174
25.292,111,-0.26174
25.286,111,-0.26175
25.279,111,-0.26175
25.273,111,-0.26175
25.267,111,-0.26175
25.261,111,-0.26175
25.254,111,-0.26175
25.248,111,-0.26175
25.242,111,-0.26175
25.236,111,-0.26175
25.229,111,-0.26175
25.223,111,-0.26175
25.217,111,-0.26175
25.211,111,-0.26175
25.205,111,-0.26175
25.198,111,-0.26175
25.192,111,-0.26175
25.186,111,-0.26175
25.18,111,-0.26175
25.174,111,-0.26175
25.167,111,-0.26175
25.161,111,-0.26175
25.155,111,-0.26175
25.149,111,-0.26175
25.143,111,-0.26175
25.136,111,-0.26175
25.13,111,-0.26175
25.124,111,-0.26175
25.118,111,-0.26175
25.112,111,-0.26175
25.105,111,-0.26175
25.099,111,-0.26175
25.093,111,-0.26175
25.087,111,-0.26175
25.081,111,-0.26175
25.074,111,-0.26175
25.068,111,-0.26175
25.062,111,-0.26175
25.056,111,-0.26175
25.05,111,-0.26175
25.044,111,-0.26175
25.037,111,-0.26175
25.031,111,-0.26175
25.025,111,-0.26175
25.019,111,-0.26175
25.013,111,-0.26175
25.007,111,-0.26175
25,111,-0.26175
24.994,111,-0.26175
24.988,111,-0.26175
24.982,111,-0.26175
24.976,111,-0.26175
24.97,111,-0.26175
24.964,111,-0.26175
24.957,111,-0.26175
24.951,111,-0.26175
24.945,111,-0.26175
24.939,111,-0.26175
24.933,111,-0.26175
24.927,111,-0.26175
24.921,111,-0.26175
24.914,111,-0.26175
24.908,111,-0.26175
24.902,111,-0.26175
24.896,111,-0.26175
24.89,111,-0.26175
24.884,111,-0.26175
24.878,111,-0.26175
24.872,111,-0.26175
24.865,111,-0.26175
24.859,111,-0.26175
24.853,111,-0.26175
24.847,111,-0.26175
24.841,111,-0.26175
24.835,111,-0.26175
24.829,111,-0.26175
24.823,111,-0.26175
24.817,111,-0.26175
24.81,111,-0.26175
24.804,111,-0.26175
24.798,111,-0.26175
24.792,111,-0.26175
24.786,111,-0.26175
24.78,111,-0.26175
24.774,111,-0.26175
24.768,111,-0.26175
24.762,111,-0.26175
24.756,111,-0.26175
24.75,111,-0.26175
24.744,111,-0.26175
24.737,111,-0.26175
24.731,111,-0.26175
24.725,111,-0.26175
24.719,111,-0.26175
24.713,111,-0.26175
24.707,111,-0.26175
24.701,111,-0.26175
24.695,111,-0.26175
24.689,111,-0.26175
24.683,111,-0.26175
24.677,111,-0.26175
24.671,111,-0.26175
24.665,111,-0.26175
24.659,111,-0.26175
24.653,111,-0.26175
24.647,111,-0.26175
24.64,111,-0.26175
24.634,111,-0.26175
24.628,111,-0.26175
24.622,111,-0.26175
24.616,111,-0.26175
24.61,111,-0.26175
24.604,111,-0.26175
24.598,111,-0.26175
24.592,111,-0.26175
24.586,111,-0.26175
24.58,111,-0.26175
24.574,111,-0.26175
24.568,111,-0.26175
24.562,111,-0.26175
24.556,111,-0.26175
24.55,111,-0.26175
24.544,111,-0.26175
24.538,111,-0.26175
24.532,111,-0.26175
24.526,111,-0.26175
24.52,111,-0.26175
24.514,111,-0.26175
24.508,111,-0.26175
24.502,111,-0.26175
24.496,111,-0.26175
24.49,111,-0.26175
24.484,111,-0.26175
24.478,111,-0.26175
24.472,111,-0.26175
24.466,111,-0.26175
24.46,111,-0.26175
24.454,111,-0.26175
24.448,111,-0.26175
24.442,111,-0.26175
24.436,111,-0.26175
24.43,111,-0.26175
24.424,111,-0.26175
24.418,111,-0.26175
24.412,111,-0.26175
24.406,111,-0.26175
24.4,111,-0.26175
24.394,111,-0.26175
24.388,111,-0.26175
24.382,111,-0.26175
24.376,111,-0.26175
24.37,111,-0.26175
24.364,111,-0.26175
24.358,111,-0.26175
24.352,111,-0.26175
24.346,111,-0.26175
24.34,111,-0.26175
24.334,111,-0.26175
24.328,111,-0.26175
24.323,111,-0.26175
24.317,111,-0.26175
24.311,111,-0.26175
24.305,111,-0.26175
24.299,111,-0.26175
24.293,111,-0.26175
24.287,111,-0.26175
24.281,111,-0.26175
24.275,111,-0.26175
24.269,111,-0.26175
24.263,111,-0.26175
24.257,111,-0.26175
24.251,111,-0.26175
24.245,111,-0.26175
24.239,111,-0.26175
24.233,111,-0.26175
24.228,111,-0.26175
24.222,111,-0.26175
24.216,111,-0.26175
24.21,111,-0.26175
24.204,111,-0.26175
24.198,111,-0.26175
24.192,111,-0.26175
24.186,111,-0.26175
24.18,111,-0.26175
24.174,111,-0.26175
24.168,111,-0.26175
24.163,111,-0.26175
24.157,111,-0.26175
24.151,111,-0.26175
24.145,111,-0.26175
24.139,111,-0.26175
24.133,111,-0.26175
24.127,111,-0.26175
24.121,111,-0.26175
24.115,111,-0.26175
24.109,111,-0.26175
24.104,111,-0.26175
24.098,111,-0.26175
24.092,111,-0.26175
24.086,111,-0.26175
24.08,111,-0.26175
24.074,111,-0.26175
24.068,111,-0.26175
24.062,111,-0.26175
24.057,111,-0.26176
24.051,111,-0.26176
24.045,111,-0.26176
24.039,111,-0.26176
24.033,111,-0.26176
24.027,111,-0.26176
24.021,111,-0.26176
24.016,111,-0.26176
24.01,111,-0.26176
24.004,111,-0.26176
23.998,111,-0.26176
23.992,111,-0.26176
23.986,111,-0.26176
23.98,111,-0.26176
23.975,111,-0.26176
23.969,111,-0.26176
23.963,111,-0.26176
23.957,111,-0.26176
23.951,111,-0.26176
23.945,111,-0.26176
23.94,111,-0.26176
23.934,111,-0.26176
23.928,111,-0.26176
23.922,111,-0.26176
23.916,111,-0.26176
23.91,111,-0.26176
23.905,111,-0.26176
23.899,111,-0.26176
23.893,111,-0.26176
23.887,111,-0.26176
23.881,111,-0.26176
23.875,111,-0.26176
23.87,111,-0.26176
23.864,111,-0.26176
23.858,111,-0.26176
23.852,111,-0.26176
23.846,111,-0.26176
23.841,111,-0.26176
23.835,111,-0.26176
23.829,111,-0.26176
23.823,111,-0.26176
23.817,111,-0.26176
23.812,111,-0.26176
23.806,111,-0.26176
23.8,111,-0.26176
23.794,111,-0.26176
23.788,111,-0.26176
23.783,111,-0.26176
23.777,111,-0.26176
23.771,111,-0.26176
23.765,111,-0.26176
23.759,111,-0.26176
23.754,111,-0.26176
23.748,111,-0.26176
23.742,111,-0.26176
23.736,111,-0.26176
23.731,111,-0.26176
23.725,111,-0.26176
23.719,111,-0.26176
23.713,111,-0.26176
23.708,111,-0.26176
23.702,111,-0.26176
23.696,111,-0.26176
23.69,111,-0.26176
23.684,111,-0.26176
23.679,111,-0.26176
23.673,111,-0.26176
23.667,111,-0.26176
23.661,111,-0.26176
23.656,111,-0.26176
23.65,111,-0.26176
23.644,111,-0.26176
23.638,111,-0.26176
23.633,111,-0.26176
23.627,111,-0.26176
23.621,111,-0.26176
23.615,111,-0.26176
23.61,111,-0.26176
23.604,111,-0.26176
23.598,111,-0.26176
23.593,111,-0.26176
23.587,111,-0.26176
23.581,111,-0.26176
23.575,111,-0.26176
23.57,111,-0.26176
23.564,111,-0.26176
23.558,111,-0.26176
23.552,111,-0.26176
23.547,111,-0.26176
23.541,111,-0.26176
23.535,111,-0.26176
23.53,111,-0.26176
23.524,111,-0.26176
23.518,111,-0.26176
23.512,111,-0.26176
23.507,111,-0.26176
23.501,111,-0.26176
23.495,111,-0.26176
23.49,111,-0.26176
23.484,111,-0.26176
23.478,111,-0.26176
23.473,111,-0.26176
23.467,111,-0.26176
23.461,111,-0.26176
23.455,111,-0.26176
23.45,111,-0.26176
23.444,111,-0.26176
23.438,111,-0.26176
23.433,111,-0.26176
23.427,111,-0.26176
23.421,111,-0.26176
23.416,111,-0.26176
23.41,111,-0.26176
23.404,111,-0.26176
23.399,111,-0.26176
23.393,111,-0.26176
23.387,111,-0.26176
23.382,111,-0.26176
23.376,111,-0.26176
23.37,111,-0.26176
23.365,111,-0.26176
23.359,111,-0.26176
23.353,111,-0.26176
23.348,111,-0.26176
23.342,111,-0.26176
23.336,111,-0.26176
23.331,111,-0.26176
23.325,111,-0.26176
23.319,111,-0.26176
23.314,111,-0.26176
23.308,111,-0.26176
23.302,111,-0.26176
23.297,111,-0.26176
23.291,111,-0.26176
23.286,111,-0.26176
23.28,111,-0.26176
23.274,111,-0.26176
23.269,111,-0.26176
23.263,111,-0.26176
23.257,111,-0.26176
23.252,111,-0.26176
23.246,111,-0.26176
23.24,111,-0.26176
23.235,111,-0.26176
23.229,111,-0.26176
23.224,111,-0.26176
23.218,111,-0.26176
23.212,111,-0.26176
23.207,111,-0.26176
23.201,111,-0.26176
23.195,111,-0.26176
23.19,111,-0.26176
23.184,111,-0.26176
23.179,111,-0.26176
23.173,111,-0.26176
23.167,111,-0.26176
23.162,111,-0.26176
23.156,111,-0.26176
23.151,111,-0.26176
23.145,111,-0.26176
23.139,111,-0.26176
23.134,111,-0.26176
23.128,111,-0.26176
23.123,111,-0.26176
23.117,111,-0.26176
23.111,111,-0.26176
23.106,111,-0.26176
23.1,111,-0.26176
23.095,111,-0.26176
23.089,111,-0.26176
23.084,111,-0.26176
23.078,111,-0.26176
23.072,111,-0.26176
23.067,111,-0.26176
23.061,111,-0.26176
23.056,111,-0.26176
23.05,111,-0.26176
23.045,111,-0.26176
23.039,111,-0.26176
23.033,111,-0.26176
23.028,111,-0.26176
23.022,111,-0.26176
23.017,111,-0.26176
23.011,111,-0.26176
23.006,111,-0.26176
23,111,-0.26176
22.994,111,-0.26176
22.989,111,-0.26176
22.983,111,-0.26176
22.978,111,-0.26176
22.972,111,-0.26176
22.967,111,-0.26176
22.961,111,-0.26176
22.956,111,-0.26176
22.95,111,-0.26176
22.945,111,-0.26176
22.939,111,-0.26176
22.933,111,-0.26176
22.928,111,-0.26176
22.922,111,-0.26176
22.917,111,-0.26176
22.911,111,-0.26176
22.906,111,-0.26176
22.9,111,-0.26176
22.895,111,-0.26176
22.889,111,-0.26176
22.884,111,-0.26176
22.878,111,-0.26176
22.873,111,-0.26176
22.867,111,-0.26176
22.862,111,-0.26176
22.856,111,-0.26176
22.851,111,-0.26176
22.845,111,-0.26176
22.84,111,-0.26176
22.834,111,-0.26176
22.829,111,-0.26176
22.823,111,-0.26176
22.818,111,-0.26176
22.812,111,-0.26176
22.807,111,-0.26176
22.801,111,-0.26176
22.796,111,-0.26176
22.79,111,-0.26176
22.785,111,-0.26176
22.779,111,-0.26176
22.774,111,-0.26176
22.768,111,-0.26176
22.763,111,-0.26176
22.757,111,-0.26176
22.752,111,-0.26176
22.746,111,-0.26176
22.741,111,-0.26176
22.735,111,-0.26176
22.73,111,-0.26176
22.724,111,-0.26176
22.719,111,-0.26176
22.713,111,-0.26176
22.708,111,-0.26176
22.702,111,-0.26176
22.697,111,-0.26176
22.691,111,-0.26176
22.686,111,-0.26176
22.68,111,-0.26176
22.675,111,-0.26176
22.67,111,-0.26176
22.664,111,-0.26176
22.659,111,-0.26176
22.653,111,-0.26176
22.648,111,-0.26176
22.642,111,-0.26176
22.637,111,-0.26176
22.631,111,-0.26176
22.626,111,-0.26176
22.621,111,-0.26176
22.615,111,-0.26177
22.61,111,-0.26177
22.604,111,-0.26177
22.599,111,-0.26177
22.593,111,-0.26177
22.588,111,-0.26177
22.582,111,-0.26177
22.577,111,-0.26177
22.572,111,-0.26177
22.566,111,-0.26177
22.561,111,-0.26177
22.555,111,-0.26177
22.55,111,-0.26177
22.544,111,-0.26177
22.539,111,-0.26177
22.534,111,-0.26177
22.528,111,-0.26177
22.523,111,-0.26177
22.517,111,-0.26177
22.512,111,-0.26177
22.507,111,-0.26177
22.501,111,-0.26177
22.496,111,-0.26177
22.49,111,-0.26177
22.485,111,-0.26177
22.479,111,-0.26177
22.474,111,-0.26177
22.469,111,-0.26177
22.463,111,-0.26177
22.458,111,-0.26177
22.452,111,-0.26177
22.447,111,-0.26177
22.442,111,-0.26177
22.436,111,-0.26177
22.431,111,-0.26177
22.426,111,-0.26177
22.42,111,-0.26177
22.415,111,-0.26177
22.409,111,-0.26177
22.404,111,-0.26177
22.399,111,-0.26177
22.393,111,-0.26177
22.388,111,-0.26177
22.382,111,-0.26177
22.377,111,-0.26177
22.372,111,-0.26177
22.366,111,-0.26177
22.361,111,-0.26177
22.356,111,-0.26177
22.35,111,-0.26177
22.345,111,-0.26177
22.34,111,-0.26177
22.334,111,-0.26177
22.329,111,-0.26177
22.323,111,-0.26177
22.318,111,-0.26177
22.313,111,-0.26177
22.307,111,-0.26177
22.302,111,-0.26177
22.297,111,-0.26177
22.291,111,-0.26177
22.286,111,-0.26177
22.281,111,-0.26177
22.275,111,-0.26177
22.27,111,-0.26177
22.265,111,-0.26177
22.259,111,-0.26177
22.254,111,-0.26177
22.249,111,-0.26177
22.243,111,-0.26177
22.238,111,-0.26177
22.233,111,-0.26177
22.227,111,-0.26177
22.222,111,-0.26177
22.217,111,-0.26177
22.211,111,-0.26177
22.206,111,-0.26177
22.201,111,-0.26177
22.195,111,-0.26177
22.19,111,-0.26177
22.185,111,-0.26177
22.179,111,-0.26177
22.174,111,-0.26177
22.169,111,-0.26177
22.163,111,-0.26177
22.158,111,-0.26177
22.153,111,-0.26177
22.148,111,-0.26177
22.142,111,-0.26177
22.137,111,-0.26177
22.132,111,-0.26177
22.126,111,-0.26177
22.121,111,-0.26177
22.116,111,-0.26177
22.11,111,-0.26177
22.105,111,-0.26177
22.1,111,-0.26177
22.095,111,-0.26177
22.089,111,-0.26177
22.084,111,-0.26177
22.079,111,-0.26177
22.073,111,-0.26177
22.068,111,-0.26177
22.063,111,-0.26177
22.058,111,-0.26177
22.052,111,-0.26177
22.047,111,-0.26177
22.042,111,-0.26177
22.036,111,-0.26177
22.031,111,-0.26177
22.026,111,-0.26177
22.021,111,-0.26177
22.015,111,-0.26177
22.01,111,-0.26177
22.005,111,-0.26177
22,111,-0.26177
21.994,111,-0.26177
21.989,111,-0.26177
21.984,111,-0.26177
21.978,111,-0.26177
21.973,111,-0.26177
21.968,111,-0.26177
21.963,111,-0.26177
21.957,111,-0.26177
21.952,111,-0.26177
21.947,111,-0.26177
21.942,111,-0.26177
21.936,111,-0.26177
21.931,111,-0.26177
21.926,111,-0.26177
21.921,111,-0.26177
21.916,111,-0.26177
21.91,111,-0.26177
21.905,111,-0.26177
21.9,111,-0.26177
21.895,111,-0.26177
21.889,111,-0.26177
21.884,111,-0.26177
21.879,111,-0.26177
21.874,111,-0.26177
21.868,111,-0.26177
21.863,111,-0.26177
21.858,111,-0.26177
21.853,111,-0.26177
21.848,111,-0.26177
21.842,111,-0.26177
21.837,111,-0.26177
21.832,111,-0.26177
21.827,111,-0.26177
21.821,111,-0.26177
21.816,111,-0.26177
21.811,111,-0.26177
21.806,111,-0.26177
21.801,111,-0.26177
21.795,111,-0.26177
21.79,111,-0.26177
21.785,111,-0.26177
21.78,111,-0.26177
21.775,111,-0.26177
21.769,111,-0.26177
21.764,111,-0.26177
21.759,111,-0.26177
21.754,111,-0.26177
21.749,111,-0.26177
21.743,111,-0.26177
21.738,111,-0.26177
21.733,111,-0.26177
21.728,111,-0.26177
21.723,111,-0.26177
21.718,111,-0.26177
21.712,111,-0.26177
21.707,111,-0.26177
21.702,111,-0.26177
21.697,111,-0.26177
21.692,111,-0.26177
21.686,111,-0.26177
21.681,111,-0.26177
21.676,111,-0.26177
21.671,111,-0.26177
21.666,111,-0.26177
21.661,111,-0.26177
21.655,111,-0.26177
21.65,111,-0.26177
21.645,111,-0.26177
21.64,111,-0.26177
21.635,111,-0.26177
21.63,111,-0.26177
21.624,111,-0.26177
21.619,111,-0.26177
21.614,111,-0.26177
21.609,111,-0.26177
21.604,111,-0.26177
21.599,111,-0.26177
21.594,111,-0.26177
21.588,111,-0.26177
21.583,111,-0.26177
21.578,111,-0.26177
21.573,111,-0.26177
21.568,111,-0.26177
21.563,111,-0.26177
21.558,111,-0.26177
21.552,111,-0.26177
21.547,111,-0.26177
21.542,111,-0.26177
21.537,111,-0.26177
21.532,111,-0.26177
21.527,111,-0.26177
21.522,111,-0.26177
21.517,111,-0.26177
21.511,111,-0.26177
21.506,111,-0.26177
21.501,111,-0.26177
21.496,111,-0.26177
21.491,111,-0.26177
21.486,111,-0.26177
21.481,111,-0.26177
21.476,111,-0.26177
21.471,111,-0.26177
21.465,111,-0.26177
21.46,111,-0.26177
21.455,111,-0.26177
21.45,111,-0.26177
21.445,111,-0.26177
21.44,111,-0.26177
21.435,111,-0.26177
21.43,111,-0.26177
21.425,111,-0.26177
21.419,111,-0.26177
21.414,111,-0.26177
21.409,111,-0.26177
21.404,111,-0.26177
21.399,111,-0.26177
21.394,111,-0.26177
21.389,111,-0.26177
21.384,111,-0.26177
21.379,111,-0.26177
21.374,111,-0.26177
21.369,111,-0.26177
21.363,111,-0.26177
21.358,111,-0.26177
21.353,111,-0.26177
21.348,111,-0.26177
21.343,111,-0.26177
21.338,111,-0.26177
21.333,111,-0.26177
21.328,111,-0.26177
21.323,111,-0.26177
21.318,111,-0.26177
21.313,111,-0.26177
21.308,111,-0.26177
21.303,111,-0.26177
21.298,111,-0.26177
21.293,111,-0.26177
21.287,111,-0.26177
21.282,111,-0.26177
21.277,111,-0.26177
21.272,111,-0.26177
21.267,111,-0.26177
21.262,111,-0.26177
21.257,111,-0.26177
21.252,111,-0.26177
21.247,111,-0.26177
21.242,111,-0.26177
21.237,111,-0.26177
21.232,111,-0.26177
21.227,111,-0.26177
21.222,111,-0.26177
21.217,111,-0.26177
21.212,111,-0.26177
21.207,111,-0.26177
21.202,111,-0.26177
21.197,111,-0.26177
21.192,111,-0.26177
21.187,111,-0.26177
21.182,111,-0.26177
21.177,111,-0.26177
21.172,111,-0.26177
21.166,111,-0.26177
21.161,111,-0.26177
21.156,111,-0.26177
21.151,111,-0.26177
21.146,111,-0.26177
21.141,111,-0.26177
21.136,111,-0.26177
21.131,111,-0.26177
21.126,111,-0.26177
21.121,111,-0.26177
21.116,111,-0.26177
21.111,111,-0.26177
21.106,111,-0.26177
21.101,111,-0.26177
21.096,111,-0.26177
21.091,111,-0.26177
21.086,111,-0.26177
21.081,111,-0.26177
21.076,111,-0.26177
21.071,111,-0.26177
21.066,111,-0.26177
21.061,111,-0.26177
21.056,111,-0.26177
21.051,111,-0.26177
21.046,111,-0.26177
21.041,111,-0.26177
21.036,111,-0.26177
21.031,111,-0.26177
21.026,111,-0.26177
21.021,111,-0.26177
21.016,111,-0.26177
21.011,111,-0.26177
21.006,111,-0.26177
21.001,111,-0.26177
20.997,111,-0.26177
20.992,111,-0.26177
20.987,111,-0.26177
20.982,111,-0.26177
20.977,111,-0.26177
20.972,111,-0.26177
20.967,111,-0.26177
20.962,111,-0.26177
20.957,111,-0.26177
20.952,111,-0.26177
20.947,111,-0.26177
20.942,111,-0.26177
20.937,111,-0.26177
20.932,111,-0.26177
20.927,111,-0.26177
20.922,111,-0.26177
20.917,111,-0.26177
20.912,111,-0.26177
20.907,111,-0.26177
20.902,111,-0.26177
20.897,111,-0.26177
20.892,111,-0.26177
20.887,111,-0.26177
20.882,111,-0.26177
20.878,111,-0.26177
20.873,111,-0.26177
20.868,111,-0.26177
20.863,111,-0.26177
20.858,111,-0.26177
20.853,111,-0.26177
20.848,111,-0.26177
20.843,111,-0.26177
20.838,111,-0.26177
20.833,111,-0.26178
20.828,111,-0.26178
20.823,111,-0.26178
20.818,111,-0.26178
20.813,111,-0.26178
20.808,111,-0.26178
20.804,111,-0.26178
20.799,111,-0.26178
20.794,111,-0.26178
20.789,111,-0.26178
20.784,111,-0.26178
20.779,111,-0.26178
20.774,111,-0.26178
20.769,111,-0.26178
20.764,111,-0.26178
20.759,111,-0.26178
20.754,111,-0.26178
20.75,111,-0.26178
20.745,111,-0.26178
20.74,111,-0.26178
20.735,111,-0.26178
20.73,111,-0.26178
20.725,111,-0.26178
20.72,111,-0.26178
20.715,111,-0.26178
20.71,111,-0.26178
20.705,111,-0.26178
20.701,111,-0.26178
20.696,111,-0.26178
20.691,111,-0.26178
20.686,111,-0.26178
20.681,111,-0.26178
20.676,111,-0.26178
20.671,111,-0.26178
20.666,111,-0.26178
20.661,111,-0.26178
20.657,111,-0.26178
20.652,111,-0.26178
20.647,111,-0.26178
20.642,111,-0.26178
20.637,111,-0.26178
20.632,111,-0.26178
20.627,111,-0.26178
20.622,111,-0.26178
20.618,111,-0.26178
20.613,111,-0.26178
20.608,111,-0.26178
20.603,111,-0.26178
20.598,111,-0.26178
20.593,111,-0.26178
20.588,111,-0.26178
20.584,111,-0.26178
20.579,111,-0.26178
20.574,111,-0.26178
20.569,111,-0.26178
20.564,111,-0.26178
20.559,111,-0.26178
20.554,111,-0.26178
20.55,111,-0.26178
20.545,111,-0.26178
20.54,111,-0.26178
20.535,111,-0.26178
20.53,111,-0.26178
20.525,111,-0.26178
20.521,111,-0.26178
20.516,111,-0.26178
20.511,111,-0.26178
20.506,111,-0.26178
20.501,111,-0.26178
20.496,111,-0.26178
20.492,111,-0.26178
20.487,111,-0.26178
20.482,111,-0.26178
20.477,111,-0.26178
20.472,111,-0.26178
20.467,111,-0.26178
20.463,111,-0.26178
20.458,111,-0.26178
20.453,111,-0.26178
20.448,111,-0.26178
20.443,111,-0.26178
20.438,111,-0.26178
20.434,111,-0.26178
20.429,111,-0.26178
20.424,111,-0.26178
20.419,111,-0.26178
20.414,111,-0.26178
20.41,111,-0.26178
20.405,111,-0.26178
20.4,111,-0.26178
20.395,111,-0.26178
20.39,111,-0.26178
20.386,111,-0.26178
20.381,111,-0.26178
20.376,111,-0.26178
20.371,111,-0.26178
20.366,111,-0.26178
20.362,111,-0.26178
20.357,111,-0.26178
20.352,111,-0.26178
20.347,111,-0.26178
20.342,111,-0.26178
20.338,111,-0.26178
20.333,111,-0.26178
20.328,111,-0.26178
20.323,111,-0.26178
20.318,111,-0.26178
20.314,111,-0.26178
20.309,111,-0.26178
20.304,111,-0.26178
20.299,111,-0.26178
20.295,111,-0.26178
20.29,111,-0.26178
20.285,111,-0.26178
20.28,111,-0.26178
20.275,111,-0.26178
20.271,111,-0.26178
20.266,111,-0.26178
20.261,111,-0.26178
20.256,111,-0.26178
20.252,111,-0.26178
20.247,111,-0.26178
20.242,111,-0.26178
20.237,111,-0.26178
20.233,111,-0.26178
20.228,111,-0.26178
20.223,111,-0.26178
20.218,111,-0.26178
20.214,111,-0.26178
20.209,111,-0.26178
20.204,111,-0.26178
20.199,111,-0.26178
20.195,111,-0.26178
20.19,111,-0.26178
20.185,111,-0.26178
20.18,111,-0.26178
20.176,111,-0.26178
20.171,111,-0.26178
20.166,111,-0.26178
20.161,111,-0.26178
20.157,111,-0.26178
20.152,111,-0.26178
20.147,111,-0.26178
20.142,111,-0.26178
20.138,111,-0.26178
20.133,111,-0.26178
20.128,111,-0.26178
20.124,111,-0.26178
20.119,111,-0.26178
20.114,111,-0.26178
20.109,111,-0.26178
20.105,111,-0.26178
20.1,111,-0.26178
20.095,111,-0.26178
20.09,111,-0.26178
20.086,111,-0.26178
20.081,111,-0.26178
20.076,111,-0.26178
20.072,111,-0.26178
20.067,111,-0.26178
20.062,111,-0.26178
20.057,111,-0.26178
20.053,111,-0.26178
20.048,111,-0.26178
20.043,111,-0.26178
20.039,111,-0.26178
20.034,111,-0.26178
20.029,111,-0.26178
20.025,111,-0.26178
20.02,111,-0.26178
20.015,111,-0.26178
20.01,111,-0.26178
20.006,111,-0.26178
20.001,111,-0.26178
19.996,111,-0.26178
19.992,111,-0.26178
19.987,111,-0.26178
19.982,111,-0.26178
19.978,111,-0.26178
19.973,111,-0.26178
19.968,111,-0.26178
19.964,111,-0.26178
19.959,111,-0.26178
19.954,111,-0.26178
19.95,111,-0.26178
19.945,111,-0.26178
19.94,111,-0.26178
19.935,111,-0.26178
19.931,111,-0.26178
19.926,111,-0.26178
19.921,111,-0.26178
19.917,111,-0.26178
19.912,111,-0.26178
19.907,111,-0.26178
19.903,111,-0.26178
19.898,111,-0.26178
19.893,111,-0.26178
19.889,111,-0.26178
19.884,111,-0.26178
19.879,111,-0.26178
19.875,111,-0.26178
19.87,111,-0.26178
19.866,111,-0.26178
19.861,111,-0.26178
19.856,111,-0.26178
19.852,111,-0.26178
19.847,111,-0.26178
19.842,111,-0.26178
19.838,111,-0.26178
19.833,111,-0.26178
19.828,111,-0.26178
19.824,111,-0.26178
19.819,111,-0.26178
19.814,111,-0.26178
19.81,111,-0.26178
19.805,111,-0.26178
19.8,111,-0.26178
19.796,111,-0.26178
19.791,111,-0.26178
19.787,111,-0.26178
19.782,111,-0.26178
19.777,111,-0.26178
19.773,111,-0.26178
19.768,111,-0.26178
19.763,111,-0.26178
19.759,111,-0.26178
19.754,111,-0.26178
19.75,111,-0.26178
19.745,111,-0.26178
19.74,111,-0.26178
19.736,111,-0.26178
19.731,111,-0.26178
19.726,111,-0.26178
19.722,111,-0.26178
19.717,111,-0.26178
19.713,111,-0.26178
19.708,111,-0.26178
19.703,111,-0.26178
19.699,111,-0.26178
19.694,111,-0.26178
19.69,111,-0.26178
19.685,111,-0.26178
19.68,111,-0.26178
19.676,111,-0.26178
19.671,111,-0.26178
19.667,111,-0.26178
19.662,111,-0.26178
19.657,111,-0.26178
19.653,111,-0.26178
19.648,111,-0.26178
19.644,111,-0.26178
19.639,111,-0.26178
19.634,111,-0.26178
19.63,111,-0.26178
19.625,111,-0.26178
19.621,111,-0.26178
19.616,111,-0.26178
19.611,111,-0.26178
19.607,111,-0.26178
19.602,111,-0.26178
19.598,111,-0.26178
19.593,111,-0.26178
19.589,111,-0.26178
19.584,111,-0.26178
19.579,111,-0.26178
19.575,111,-0.26178
19.57,111,-0.26178
19.566,111,-0.26178
19.561,111,-0.26178
19.556,111,-0.26178
19.552,111,-0.26178
19.547,111,-0.26178
19.543,111,-0.26178
19.538,111,-0.26178
19.534,111,-0.26178
19.529,111,-0.26178
19.525,111,-0.26178
19.52,111,-0.26178
19.515,111,-0.26178
19.511,111,-0.26178
19.506,111,-0.26178
19.502,111,-0.26178
19.497,111,-0.26178
19.493,111,-0.26178
19.488,111,-0.26178
19.484,111,-0.26178
19.479,111,-0.26178
19.474,111,-0.26178
19.47,111,-0.26178
19.465,111,-0.26178
19.461,111,-0.26178
19.456,111,-0.26178
19.452,111,-0.26178
19.447,111,-0.26178
19.443,111,-0.26178
19.438,111,-0.26178
19.434,111,-0.26178
19.429,111,-0.26178
19.425,111,-0.26178
19.42,111,-0.26178
19.415,111,-0.26178
19.411,111,-0.26178
19.406,111,-0.26178
19.402,111,-0.26178
19.397,111,-0.26178
19.393,111,-0.26178
19.388,111,-0.26178
19.384,111,-0.26178
19.379,111,-0.26178
19.375,111,-0.26178
19.37,111,-0.26178
19.366,111,-0.26178
19.361,111,-0.26178
19.357,111,-0.26178
19.352,111,-0.26178
19.348,111,-0.26178
19.343,111,-0.26178
19.339,111,-0.26178
19.334,111,-0.26178
19.33,111,-0.26178
19.325,111,-0.26178
19.321,111,-0.26178
19.316,111,-0.26178
19.312,111,-0.26178
19.307,111,-0.26178
19.303,111,-0.26178
19.298,111,-0.26178
19.294,111,-0.26178
19.289,111,-0.26178
19.285,111,-0.26178
19.28,111,-0.26178
19.276,111,-0.26178
19.271,111,-0.26178
19.267,111,-0.26178
19.262,111,-0.26178
19.258,111,-0.26178
19.253,111,-0.26178
19.249,111,-0.26178
19.244,111,-0.26178
19.24,111,-0.26178
19.235,111,-0.26178
19.231,111,-0.26178
19.226,111,-0.26178
19.222,111,-0.26178
19.217,111,-0.26178
19.213,111,-0.26178
19.208,111,-0.26178
19.204,111,-0.26178
19.199,111,-0.26178
19.195,111,-0.26178
19.191,111,-0.26178
19.186,111,-0.26178
19.182,111,-0.26178
19.177,111,-0.26178
19.173,111,-0.26178
19.168,111,-0.26178
19.164,111,-0.26178
19.159,111,-0.26178
19.155,111,-0.26178
19.15,111,-0.26178
19.146,111,-0.26178
19.141,111,-0.26178
19.137,111,-0.26178
19.133,111,-0.26178
19.128,111,-0.26178
19.124,111,-0.26178
19.119,111,-0.26178
19.115,111,-0.26178
19.11,111,-0.26178
19.106,111,-0.26178
19.101,111,-0.26178
19.097,111,-0.26178
19.093,111,-0.26178
19.088,111,-0.26178
19.084,111,-0.26178
19.079,111,-0.26178
19.075,111,-0.26178
19.07,111,-0.26178
19.066,111,-0.26178
19.061,111,-0.26178
19.057,111,-0.26178
19.053,111,-0.26178
19.048,111,-0.26178
19.044,111,-0.26178
19.039,111,-0.26178
19.035,111,-0.26178
19.03,111,-0.26178
19.026,111,-0.26178
19.022,111,-0.26178
19.017,111,-0.26178
19.013,111,-0.26178
19.008,111,-0.26178
19.004,111,-0.26178
19,111,-0.26178
18.995,111,-0.26178
18.991,111,-0.26178
18.986,111,-0.26178
18.982,111,-0.26178
18.977,111,-0.26178
18.973,111,-0.26178
18.969,111,-0.26178
18.964,111,-0.26178
18.96,111,-0.26178
18.955,111,-0.26178
18.951,111,-0.26178
18.947,111,-0.26178
18.942,111,-0.26178
18.938,111,-0.26178
18.933,111,-0.26178
18.929,111,-0.26178
18.925,111,-0.26178
18.92,111,-0.26178
18.916,111,-0.26178
18.911,111,-0.26178
18.907,111,-0.26178
18.903,111,-0.26178
18.898,111,-0.26178
18.894,111,-0.26178
18.89,111,-0.26178
18.885,111,-0.26178
18.881,111,-0.26178
18.876,111,-0.26178
18.872,111,-0.26178
18.868,111,-0.26178
18.863,111,-0.26178
18.859,111,-0.26178
18.855,111,-0.26178
18.85,111,-0.26178
18.846,111,-0.26178
18.841,111,-0.26178
18.837,111,-0.26178
18.833,111,-0.26178
18.828,111,-0.26178
18.824,111,-0.26178
18.82,111,-0.26178
18.815,111,-0.26178
18.811,111,-0.26178
18.806,111,-0.26178
18.802,111,-0.26178
18.798,111,-0.26178
18.793,111,-0.26178
18.789,111,-0.26178
18.785,111,-0.26178
18.78,111,-0.26178
18.776,111,-0.26178
18.772,111,-0.26178
18.767,111,-0.26178
18.763,111,-0.26178
18.759,111,-0.26178
18.754,111,-0.26178
18.75,111,-0.26178
18.746,111,-0.26178
18.741,111,-0.26178
18.737,111,-0.26178
18.732,111,-0.26178
18.728,111,-0.26178
18.724,111,-0.26178
18.719,111,-0.26178
18.715,111,-0.26178
18.711,111,-0.26178
18.706,111,-0.26178
18.702,111,-0.26178
18.698,111,-0.26178
18.693,111,-0.26178
18.689,111,-0.26178
18.685,111,-0.26178
18.68,111,-0.26178
18.676,111,-0.26178
18.672,111,-0.26178
18.667,111,-0.26178
18.663,111,-0.26178
18.659,111,-0.26178
18.655,111,-0.26178
18.65,111,-0.26178
18.646,111,-0.26178
18.642,111,-0.26178
18.637,111,-0.26178
18.633,111,-0.26178
18.629,111,-0.26178
18.624,111,-0.26178
18.62,111,-0.26178
18.616,111,-0.26178
18.611,111,-0.26178
18.607,111,-0.26178
18.603,111,-0.26178
18.598,111,-0.26178
18.594,111,-0.26178
18.59,111,-0.26178
18.586,111,-0.26178
18.581,111,-0.26178
18.577,111,-0.26178
18.573,111,-0.26178
18.568,111,-0.26178
18.564,111,-0.26178
18.56,111,-0.26178
18.555,111,-0.26178
18.551,111,-0.26178
18.547,111,-0.26178
18.543,111,-0.26178
18.538,111,-0.26178
18.534,111,-0.26178
18.53,111,-0.26178
18.525,111,-0.26178
18.521,111,-0.26178
18.517,111,-0.26178
18.513,111,-0.26178
18.508,111,-0.26178
18.504,111,-0.26178
18.5,111,-0.26178
18.495,111,-0.26178
18.491,111,-0.26178
18.487,111,-0.26178
18.483,111,-0.26178
18.478,111,-0.26178
18.474,111,-0.26178
18.47,111,-0.26178
18.466,111,-0.26178
18.461,111,-0.26178
18.457,111,-0.26178
18.453,111,-0.26178
18.449,111,-0.26178
18.444,111,-0.26178
18.44,111,-0.26178
18.436,111,-0.26178
18.431,111,-0.26178
18.427,111,-0.26178
18.423,111,-0.26178
18.419,111,-0.26179
18.414,111,-0.26179
18.41,111,-0.26179
18.406,111,-0.26179
18.402,111,-0.26179
18.397,111,-0.26179
18.393,111,-0.26179
18.389,111,-0.26179
18.385,111,-0.26179
18.38,111,-0.26179
18.376,111,-0.26179
18.372,111,-0.26179
18.368,111,-0.26179
18.363,111,-0.26179
18.359,111,-0.26179
18.355,111,-0.26179
18.351,111,-0.26179
18.347,111,-0.26179
18.342,111,-0.26179
18.338,111,-0.26179
18.334,111,-0.26179
18.33,111,-0.26179
18.325,111,-0.26179
18.321,111,-0.26179
18.317,111,-0.26179
18.313,111,-0.26179
18.308,111,-0.26179
18.304,111,-0.26179
18.3,111,-0.26179
18.296,111,-0.26179
18.292,111,-0.26179
18.287,111,-0.26179
18.283,111,-0.26179
18.279,111,-0.26179
18.275,111,-0.26179
18.27,111,-0.26179
18.266,111,-0.26179
18.262,111,-0.26179
18.258,111,-0.26179
18.254,111,-0.26179
18.249,111,-0.26179
18.245,111,-0.26179
18.241,111,-0.26179
18.237,111,-0.26179
18.233,111,-0.26179
18.228,111,-0.26179
18.224,111,-0.26179
18.22,111,-0.26179
18.216,111,-0.26179
18.212,111,-0.26179
18.207,111,-0.26179
18.203,111,-0.26179
18.199,111,-0.26179
18.195,111,-0.26179
18.191,111,-0.26179
18.186,111,-0.26179
18.182,111,-0.26179
18.178,111,-0.26179
18.174,111,-0.26179
18.17,111,-0.26179
18.165,111,-0.26179
18.161,111,-0.26179
18.157,111,-0.26179
18.153,111,-0.26179
18.149,111,-0.26179
18.144,111,-0.26179
18.14,111,-0.26179
18.136,111,-0.26179
18.132,111,-0.26179
18.128,111,-0.26179
18.124,111,-0.26179
18.119,111,-0.26179
18.115,111,-0.26179
18.111,111,-0.26179
18.107,111,-0.26179
18.103,111,-0.26179
18.099,111,-0.26179
18.094,111,-0.26179
18.09,111,-0.26179
18.086,111,-0.26179
18.082,111,-0.26179
18.078,111,-0.26179
18.074,111,-0.26179
18.069,111,-0.26179
18.065,111,-0.26179
18.061,111,-0.26179
18.057,111,-0.26179
18.053,111,-0.26179
18.049,111,-0.26179
18.044,111,-0.26179
18.04,111,-0.26179
18.036,111,-0.26179
18.032,111,-0.26179
18.028,111,-0.26179
18.024,111,-0.26179
18.02,111,-0.26179
18.015,111,-0.26179
18.011,111,-0.26179
18.007,111,-0.26179
18.003,111,-0.26179
17.999,111,-0.26179
17.995,111,-0.26179
17.991,111,-0.26179
17.986,111,-0.26179
17.982,111,-0.26179
17.978,111,-0.26179
17.974,111,-0.26179
17.97,111,-0.26179
17.966,111,-0.26179
17.962,111,-0.26179
17.957,111,-0.26179
17.953,111,-0.26179
17.949,111,-0.26179
17.945,111,-0.26179
17.941,111,-0.26179
17.937,111,-0.26179
17.933,111,-0.26179
17.929,111,-0.26179
17.924,111,-0.26179
17.92,111,-0.26179
17.916,111,-0.26179
17.912,111,-0.26179
17.908,111,-0.26179
17.904,111,-0.26179
17.9,111,-0.26179
17.896,111,-0.26179
17.892,111,-0.26179
17.887,111,-0.26179
17.883,111,-0.26179
17.879,111,-0.26179
17.875,111,-0.26179
17.871,111,-0.26179
17.867,111,-0.26179
17.863,111,-0.26179
17.859,111,-0.26179
17.855,111,-0.26179
17.85,111,-0.26179
17.846,111,-0.26179
17.842,111,-0.26179
17.838,111,-0.26179
17.834,111,-0.26179
17.83,111,-0.26179
17.826,111,-0.26179
17.822,111,-0.26179
17.818,111,-0.26179
17.814,111,-0.26179
17.81,111,-0.26179
17.805,111,-0.26179
17.801,111,-0.26179
17.797,111,-0.26179
17.793,111,-0.26179
17.789,111,-0.26179
17.785,111,-0.26179
17.781,111,-0.26179
17.777,111,-0.26179
17.773,111,-0.26179
17.769,111,-0.26179
17.765,111,-0.26179
17.76,111,-0.26179
17.756,111,-0.26179
17.752,111,-0.26179
17.748,111,-0.26179
17.744,111,-0.26179
17.74,111,-0.26179
17.736,111,-0.26179
17.732,111,-0.26179
17.728,111,-0.26179
17.724,111,-0.26179
17.72,111,-0.26179
17.716,111,-0.26179
17.712,111,-0.26179
17.708,111,-0.26179
17.704,111,-0.26179
17.699,111,-0.26179
17.695,111,-0.26179
17.691,111,-0.26179
17.687,111,-0.26179
17.683,111,-0.26179
17.679,111,-0.26179
17.675,111,-0.26179
17.671,111,-0.26179
17.667,111,-0.26179
17.663,111,-0.26179
17.659,111,-0.26179
17.655,111,-0.26179
17.651,111,-0.26179
17.647,111,-0.26179
17.643,111,-0.26179
17.639,111,-0.26179
17.635,111,-0.26179
17.631,111,-0.26179
17.627,111,-0.26179
17.623,111,-0.26179
17.618,111,-0.26179
17.614,111,-0.26179
17.61,111,-0.26179
17.606,111,-0.26179
17.602,111,-0.26179
17.598,111,-0.26179
17.594,111,-0.26179
17.59,111,-0.26179
17.586,111,-0.26179
17.582,111,-0.26179
17.578,111,-0.26179
17.574,111,-0.26179
17.57,111,-0.26179
17.566,111,-0.26179
17.562,111,-0.26179
17.558,111,-0.26179
17.554,111,-0.26179
17.55,111,-0.26179
17.546,111,-0.26179
17.542,111,-0.26179
17.538,111,-0.26179
17.534,111,-0.26179
17.53,111,-0.26179
17.526,111,-0.26179
17.522,111,-0.26179
17.518,111,-0.26179
17.514,111,-0.26179
17.51,111,-0.26179
17.506,111,-0.26179
17.502,111,-0.26179
17.498,111,-0.26179
17.494,111,-0.26179
17.49,111,-0.26179
17.486,111,-0.26179
17.482,111,-0.26179
17.478,111,-0.26179
17.474,111,-0.26179
17.47,111,-0.26179
17.466,111,-0.26179
17.462,111,-0.26179
17.458,111,-0.26179
17.454,111,-0.26179
17.45,111,-0.26179
17.446,111,-0.26179
17.442,111,-0.26179
17.438,111,-0.26179
17.434,111,-0.26179
17.43,111,-0.26179
17.426,111,-0.26179
17.422,111,-0.26179
17.418,111,-0.26179
17.414,111,-0.26179
17.41,111,-0.26179
17.406,111,-0.26179
17.402,111,-0.26179
17.398,111,-0.26179
17.394,111,-0.26179
17.39,111,-0.26179
17.386,111,-0.26179
17.382,111,-0.26179
17.378,111,-0.26179
17.374,111,-0.26179
17.37,111,-0.26179
17.366,111,-0.26179
17.362,111,-0.26179
17.358,111,-0.26179
17.354,111,-0.26179
17.35,111,-0.26179
17.346,111,-0.26179
17.342,111,-0.26179
17.338,111,-0.26179
17.334,111,-0.26179
17.33,111,-0.26179
17.326,111,-0.26179
17.323,111,-0.26179
17.319,111,-0.26179
17.315,111,-0.26179
17.311,111,-0.26179
17.307,111,-0.26179
17.303,111,-0.26179
17.299,111,-0.26179
17.295,111,-0.26179
17.291,111,-0.26179
17.287,111,-0.26179
17.283,111,-0.26179
17.279,111,-0.26179
17.275,111,-0.26179
17.271,111,-0.26179
17.267,111,-0.26179
17.263,111,-0.26179
17.259,111,-0.26179
17.255,111,-0.26179
17.251,111,-0.26179
17.247,111,-0.26179
17.244,111,-0.26179
17.24,111,-0.26179
17.236,111,-0.26179
17.232,111,-0.26179
17.228,111,-0.26179
17.224,111,-0.26179
17.22,111,-0.26179
17.216,111,-0.26179
17.212,111,-0.26179
17.208,111,-0.26179
17.204,111,-0.26179
17.2,111,-0.26179
17.196,111,-0.26179
17.192,111,-0.26179
17.189,111,-0.26179
17.185,111,-0.26179
17.181,111,-0.26179
17.177,111,-0.26179
17.173,111,-0.26179
17.169,111,-0.26179
17.165,111,-0.26179
17.161,111,-0.26179
17.157,111,-0.26179
17.153,111,-0.26179
17.149,111,-0.26179
17.145,111,-0.26179
17.142,111,-0.26179
17.138,111,-0.26179
17.134,111,-0.26179
17.13,111,-0.26179
17.126,111,-0.26179
17.122,111,-0.26179
17.118,111,-0.26179
17.114,111,-0.26179
17.11,111,-0.26179
17.106,111,-0.26179
17.102,111,-0.26179
17.099,111,-0.26179
17.095,111,-0.26179
17.091,111,-0.26179
17.087,111,-0.26179
17.083,111,-0.26179
17.079,111,-0.26179
17.075,111,-0.26179
17.071,111,-0.26179
17.067,111,-0.26179
17.063,111,-0.26179
17.06,111,-0.26179
17.056,111,-0.26179
17.052,111,-0.26179
17.048,111,-0.26179
17.044,111,-0.26179
17.04,111,-0.26179
17.036,111,-0.26179
17.032,111,-0.26179
17.029,111,-0.26179
17.025,111,-0.26179
17.021,111,-0.26179
17.017,111,-0.26179
17.013,111,-0.26179
17.009,111,-0.26179
17.005,111,-0.26179
17.001,111,-0.26179
16.998,111,-0.26179
16.994,111,-0.26179
16.99,111,-0.26179
16.986,111,-0.26179
16.982,111,-0.26179
16.978,111,-0.26179
16.974,111,-0.26179
16.97,111,-0.26179
16.967,111,-0.26179
16.963,111,-0.26179
16.959,111,-0.26179
16.955,111,-0.26179
16.951,111,-0.26179
16.947,111,-0.26179
16.943,111,-0.26179
16.94,111,-0.26179
16.936,111,-0.26179
16.932,111,-0.26179
16.928,111,-0.26179
16.924,111,-0.26179
16.92,111,-0.26179
16.916,111,-0.26179
16.913,111,-0.26179
16.909,111,-0.26179
16.905,111,-0.26179
16.901,111,-0.26179
16.897,111,-0.26179
16.893,111,-0.26179
16.889,111,-0.26179
16.886,111,-0.26179
16.882,111,-0.26179
16.878,111,-0.26179
16.874,111,-0.26179
16.87,111,-0.26179
16.866,111,-0.26179
16.863,111,-0.26179
16.859,111,-0.26179
16.855,111,-0.26179
16.851,111,-0.26179
16.847,111,-0.26179
16.843,111,-0.26179
16.84,111,-0.26179
16.836,111,-0.26179
16.832,111,-0.26179
16.828,111,-0.26179
16.824,111,-0.26179
16.82,111,-0.26179
16.817,111,-0.26179
16.813,111,-0.26179
16.809,111,-0.26179
16.805,111,-0.26179
16.801,111,-0.26179
16.798,111,-0.26179
16.794,111,-0.26179
16.79,111,-0.26179
16.786,111,-0.26179
16.782,111,-0.26179
16.778,111,-0.26179
16.775,111,-0.26179
16.771,111,-0.26179
16.767,111,-0.26179
16.763,111,-0.26179
16.759,111,-0.26179
16.756,111,-0.26179
16.752,111,-0.26179
16.748,111,-0.26179
16.744,111,-0.26179
16.74,111,-0.26179
16.737,111,-0.26179
16.733,111,-0.26179
16.729,111,-0.26179
16.725,111,-0.26179
16.721,111,-0.26179
16.718,111,-0.26179
16.714,111,-0.26179
16.71,111,-0.26179
16.706,111,-0.26179
16.702,111,-0.26179
16.699,111,-0.26179
16.695,111,-0.26179
16.691,111,-0.26179
16.687,111,-0.26179
16.683,111,-0.26179
16.68,111,-0.26179
16.676,111,-0.26179
16.672,111,-0.26179
16.668,111,-0.26179
16.664,111,-0.26179
16.661,111,-0.26179
16.657,111,-0.26179
16.653,111,-0.26179
16.649,111,-0.26179
16.646,111,-0.26179
16.642,111,-0.26179
16.638,111,-0.26179
16.634,111,-0.26179
16.63,111,-0.26179
16.627,111,-0.26179
16.623,111,-0.26179
16.619,111,-0.26179
16.615,111,-0.26179
16.612,111,-0.26179
16.608,111,-0.26179
16.604,111,-0.26179
16.6,111,-0.26179
16.596,111,-0.26179
16.593,111,-0.26179
16.589,111,-0.26179
16.585,111,-0.26179
16.581,111,-0.26179
16.578,111,-0.26179
16.574,111,-0.26179
16.57,111,-0.26179
16.566,111,-0.26179
16.563,111,-0.26179
16.559,111,-0.26179
16.555,111,-0.26179
16.551,111,-0.26179
16.548,111,-0.26179
16.544,111,-0.26179
16.54,111,-0.26179
16.536,111,-0.26179
16.533,111,-0.26179
16.529,111,-0.26179
16.525,111,-0.26179
16.521,111,-0.26179
16.518,111,-0.26179
16.514,111,-0.26179
16.51,111,-0.26179
16.506,111,-0.26179
16.503,111,-0.26179
16.499,111,-0.26179
16.495,111,-0.26179
16.491,111,-0.26179
16.488,111,-0.26179
16.484,111,-0.26179
16.48,111,-0.26179
16.476,111,-0.26179
16.473,111,-0.26179
16.469,111,-0.26179
16.465,111,-0.26179
16.462,111,-0.26179
16.458,111,-0.26179
16.454,111,-0.26179
16.45,111,-0.26179
16.447,111,-0.26179
16.443,111,-0.26179
16.439,111,-0.26179
16.435,111,-0.26179
16.432,111,-0.26179
16.428,111,-0.26179
16.424,111,-0.26179
16.421,111,-0.26179
16.417,111,-0.26179
16.413,111,-0.26179
16.409,111,-0.26179
16.406,111,-0.26179
16.402,111,-0.26179
16.398,111,-0.26179
16.395,111,-0.26179
16.391,111,-0.26179
16.387,111,-0.26179
16.383,111,-0.26179
16.38,111,-0.26179
16.376,111,-0.26179
16.372,111,-0.26179
16.369,111,-0.26179
16.365,111,-0.26179
16.361,111,-0.26179
16.357,111,-0.26179
16.354,111,-0.26179
16.35,111,-0.26179
16.346,111,-0.26179
16.343,111,-0.26179
16.339,111,-0.26179
16.335,111,-0.26179
16.332,111,-0.26179
16.328,111,-0.26179
16.324,111,-0.26179
16.32,111,-0.26179
16.317,111,-0.26179
16.313,111,-0.26179
16.309,111,-0.26179
16.306,111,-0.26179
16.302,111,-0.26179
16.298,111,-0.26179
16.295,111,-0.26179
16.291,111,-0.26179
16.287,111,-0.26179
16.284,111,-0.26179
16.28,111,-0.26179
16.276,111,-0.26179
16.273,111,-0.26179
16.269,111,-0.26179
16.265,111,-0.26179
16.261,111,-0.26179
16.258,111,-0.26179
16.254,111,-0.26179
16.25,111,-0.26179
16.247,111,-0.26179
16.243,111,-0.26179
16.239,111,-0.26179
16.236,111,-0.26179
16.232,111,-0.26179
16.228,111,-0.26179
16.225,111,-0.26179
16.221,111,-0.26179
16.217,111,-0.26179
16.214,111,-0.26179
16.21,111,-0.26179
16.206,111,-0.26179
16.203,111,-0.26179
16.199,111,-0.26179
16.195,111,-0.26179
16.192,111,-0.26179
16.188,111,-0.26179
16.184,111,-0.26179
16.181,111,-0.26179
16.177,111,-0.26179
16.173,111,-0.26179
16.17,111,-0.26179
16.166,111,-0.26179
16.163,111,-0.26179
16.159,111,-0.26179
16.155,111,-0.26179
16.152,111,-0.26179
16.148,111,-0.26179
16.144,111,-0.26179
16.141,111,-0.26179
16.137,111,-0.26179
16.133,111,-0.26179
16.13,111,-0.26179
16.126,111,-0.26179
16.122,111,-0.26179
16.119,111,-0.26179
16.115,111,-0.26179
16.111,111,-0.26179
16.108,111,-0.26179
16.104,111,-0.26179
16.101,111,-0.26179
16.097,111,-0.26179
16.093,111,-0.26179
16.09,111,-0.26179
16.086,111,-0.26179
16.082,111,-0.26179
16.079,111,-0.26179
16.075,111,-0.26179
16.072,111,-0.26179
16.068,111,-0.26179
16.064,111,-0.26179
16.061,111,-0.26179
16.057,111,-0.26179
16.053,111,-0.26179
16.05,111,-0.26179
16.046,111,-0.26179
16.043,111,-0.26179
16.039,111,-0.26179
16.035,111,-0.26179
16.032,111,-0.26179
16.028,111,-0.26179
16.024,111,-0.26179
16.021,111,-0.26179
16.017,111,-0.26179
16.014,111,-0.26179
16.01,111,-0.26179
16.006,111,-0.26179
16.003,111,-0.26179
15.999,111,-0.26179
15.996,111,-0.26179
15.992,111,-0.26179
15.988,111,-0.26179
15.985,111,-0.26179
15.981,111,-0.26179
15.978,111,-0.26179
15.974,111,-0.26179
15.97,111,-0.26179
15.967,111,-0.26179
15.963,111,-0.26179
15.959,111,-0.26179
15.956,111,-0.26179
15.952,111,-0.26179
15.949,111,-0.26179
15.945,111,-0.26179
15.942,111,-0.26179
15.938,111,-0.26179
15.934,111,-0.26179
15.931,111,-0.26179
15.927,111,-0.26179
15.924,111,-0.26179
15.92,111,-0.26179
15.916,111,-0.26179
15.913,111,-0.26179
15.909,111,-0.26179
15.906,111,-0.26179
15.902,111,-0.26179
15.898,111,-0.26179
15.895,111,-0.26179
15.891,111,-0.26179
15.888,111,-0.26179
15.884,111,-0.26179
15.881,111,-0.26179
15.877,111,-0.26179
15.873,111,-0.26179
15.87,111,-0.26179
15.866,111,-0.26179
15.863,111,-0.26179
15.859,111,-0.26179
15.856,111,-0.26179
15.852,111,-0.26179
15.848,111,-0.26179
15.845,111,-0.26179
15.841,111,-0.26179
15.838,111,-0.26179
15.834,111,-0.26179
15.831,111,-0.26179
15.827,111,-0.26179
15.823,111,-0.26179
15.82,111,-0.26179
15.816,111,-0.26179
15.813,111,-0.26179
15.809,111,-0.26179
15.806,111,-0.26179
15.802,111,-0.26179
15.798,111,-0.26179
15.795,111,-0.26179
15.791,111,-0.26179
15.788,111,-0.26179
15.784,111,-0.26179
15.781,111,-0.26179
15.777,111,-0.26179
15.774,111,-0.26179
15.77,111,-0.26179
15.767,111,-0.26179
15.763,111,-0.26179
15.759,111,-0.26179
15.756,111,-0.26179
15.752,111,-0.26179
15.749,111,-0.26179
15.745,111,-0.26179
15.742,111,-0.26179
15.738,111,-0.26179
15.735,111,-0.26179
15.731,111,-0.26179
15.728,111,-0.26179
15.724,111,-0.26179
15.72,111,-0.26179
15.717,111,-0.26179
15.713,111,-0.26179
15.71,111,-0.26179
15.706,111,-0.26179
15.703,111,-0.26179
15.699,111,-0.26179
15.696,111,-0.26179
15.692,111,-0.26179
15.689,111,-0.26179
15.685,111,-0.26179
15.682,111,-0.26179
15.678,111,-0.26179
15.675,111,-0.26179
15.671,111,-0.26179
15.668,111,-0.26179
15.664,111,-0.26179
15.66,111,-0.26179
15.657,111,-0.26179
15.653,111,-0.26179
15.65,111,-0.26179
15.646,111,-0.26179
15.643,111,-0.26179
15.639,111,-0.26179
15.636,111,-0.26179
15.632,111,-0.26179
15.629,111,-0.26179
15.625,111,-0.26179
15.622,111,-0.26179
15.618,111,-0.26179
15.615,111,-0.26179
15.611,111,-0.26179
15.608,111,-0.26179
15.604,111,-0.26179
15.601,111,-0.26179
15.597,111,-0.26179
15.594,111,-0.26179
15.59,111,-0.26179
15.587,111,-0.26179
15.583,111,-0.26179
15.58,111,-0.26179
15.576,111,-0.26179
15.573,111,-0.26179
15.569,111,-0.26179
15.566,111,-0.26179
15.562,111,-0.26179
15.559,111,-0.26179
15.555,111,-0.26179
15.552,111,-0.26179
15.548,111,-0.26179
15.545,111,-0.26179
15.541,111,-0.26179
15.538,111,-0.26179
15.534,111,-0.26179
15.531,111,-0.26179
15.527,111,-0.26179
15.524,111,-0.26179
15.52,111,-0.26179
15.517,111,-0.26179
15.513,111,-0.26179
15.51,111,-0.26179
15.506,111,-0.26179
15.503,111,-0.26179
15.499,111,-0.26179
15.496,111,-0.26179
15.493,111,-0.26179
15.489,111,-0.26179
15.486,111,-0.26179
15.482,111,-0.26179
15.479,111,-0.26179
15.475,111,-0.26179
15.472,111,-0.26179
15.468,111,-0.26179
15.465,111,-0.26179
15.461,111,-0.26179
15.458,111,-0.26179
15.454,111,-0.26179
15.451,111,-0.26179
15.447,111,-0.26179
15.444,111,-0.26179
15.44,111,-0.26179
15.437,111,-0.26179
15.434,111,-0.26179
15.43,111,-0.26179
15.427,111,-0.26179
15.423,111,-0.26179
15.42,111,-0.26179
15.416,111,-0.26179
15.413,111,-0.26179
15.409,111,-0.26179
15.406,111,-0.26179
15.402,111,-0.26179
15.399,111,-0.26179
15.395,111,-0.26179
15.392,111,-0.26179
15.389,111,-0.26179
15.385,111,-0.26179
15.382,111,-0.26179
15.378,111,-0.26179
15.375,111,-0.26179
15.371,111,-0.26179
15.368,111,-0.26179
15.364,111,-0.26179
15.361,111,-0.26179
15.358,111,-0.26179
15.354,111,-0.26179
15.351,111,-0.26179
15.347,111,-0.26179
15.344,111,-0.26179
15.34,111,-0.26179
15.337,111,-0.26179
15.333,111,-0.26179
15.33,111,-0.26179
15.327,111,-0.26179
15.323,111,-0.26179
15.32,111,-0.26179
15.316,111,-0.26179
15.313,111,-0.26179
15.309,111,-0.26179
15.306,111,-0.26179
15.303,111,-0.26179
15.299,111,-0.26179
15.296,111,-0.26179
15.292,111,-0.26179
15.289,111,-0.26179
15.285,111,-0.26179
15.282,111,-0.26179
15.279,111,-0.26179
15.275,111,-0.26179
15.272,111,-0.26179
15.268,111,-0.26179
15.265,111,-0.26179
15.262,111,-0.26179
15.258,111,-0.26179
15.255,111,-0.26179
15.251,111,-0.26179
15.248,111,-0.26179
15.244,111,-0.26179
15.241,111,-0.26179
15.238,111,-0.26179
15.234,111,-0.26179
15.231,111,-0.26179
15.227,111,-0.26179
15.224,111,-0.26179
15.221,111,-0.26179
15.217,111,-0.26179
15.214,111,-0.26179
15.21,111,-0.26179
15.207,111,-0.26179
15.204,111,-0.26179
15.2,111,-0.26179
15.197,111,-0.26179
15.193,111,-0.26179
15.19,111,-0.26179
15.187,111,-0.26179
15.183,111,-0.26179
15.18,111,-0.26179
15.176,111,-0.26179
15.173,111,-0.26179
15.17,111,-0.26179
15.166,111,-0.26179
15.163,111,-0.26179
15.159,111,-0.26179
15.156,111,-0.26179
15.153,111,-0.26179
15.149,111,-0.26179
15.146,111,-0.26179
15.142,111,-0.26179
15.139,111,-0.26179
15.136,111,-0.26179
15.132,111,-0.26179
15.129,111,-0.26179
15.126,111,-0.26179
15.122,111,-0.26179
15.119,111,-0.26179
15.115,111,-0.26179
15.112,111,-0.26179
15.109,111,-0.26179
15.105,111,-0.26179
15.102,111,-0.26179
15.098,111,-0.26179
15.095,111,-0.26179
15.092,111,-0.26179
15.088,111,-0.26179
15.085,111,-0.26179
15.082,111,-0.26179
15.078,111,-0.26179
15.075,111,-0.26179
15.071,111,-0.26179
15.068,111,-0.26179
15.065,111,-0.26179
15.061,111,-0.26179
15.058,111,-0.26179
15.055,111,-0.26179
15.051,111,-0.26179
15.048,111,-0.26179
15.045,111,-0.26179
15.041,111,-0.26179
15.038,111,-0.26179
15.034,111,-0.26179
15.031,111,-0.26179
15.028,111,-0.26179
15.024,111,-0.26179
15.021,111,-0.26179
15.018,111,-0.26179
15.014,111,-0.26179
15.011,111,-0.26179
15.008,111,-0.26179
15.004,111,-0.26179
15.001,111,-0.26179
14.998,111,-0.26179
14.994,111,-0.26179
14.991,111,-0.26179
14.988,111,-0.26179
14.984,111,-0.26179
14.981,111,-0.26179
14.978,111,-0.26179
14.974,111,-0.26179
14.971,111,-0.26179
14.967,111,-0.26179
14.964,111,-0.26179
14.961,111,-0.26179
14.957,111,-0.26179
14.954,111,-0.26179
14.951,111,-0.26179
14.947,111,-0.26179
14.944,111,-0.26179
14.941,111,-0.26179
14.937,111,-0.26179
14.934,111,-0.26179
14.931,111,-0.26179
14.927,111,-0.26179
14.924,111,-0.26179
14.921,111,-0.26179
14.917,111,-0.26179
14.914,111,-0.26179
14.911,111,-0.26179
14.907,111,-0.26179
14.904,111,-0.26179
14.901,111,-0.26179
14.897,111,-0.26179
14.894,111,-0.26179
14.891,111,-0.26179
14.888,111,-0.26179
14.884,111,-0.26179
14.881,111,-0.26179
14.878,111,-0.26179
14.874,111,-0.26179
14.871,111,-0.26179
14.868,111,-0.26179
14.864,111,-0.26179
14.861,111,-0.26179
14.858,111,-0.26179
14.854,111,-0.26179
14.851,111,-0.26179
14.848,111,-0.26179
14.844,111,-0.26179
14.841,111,-0.26179
14.838,111,-0.26179
14.834,111,-0.26179
14.831,111,-0.26179
14.828,111,-0.26179
14.825,111,-0.26179
14.821,111,-0.26179
14.818,111,-0.26179
14.815,111,-0.26179
14.811,111,-0.26179
14.808,111,-0.26179
14.805,111,-0.26179
14.801,111,-0.26179
14.798,111,-0.26179
14.795,111,-0.26179
14.792,111,-0.26179
14.788,111,-0.26179
14.785,111,-0.26179
14.782,111,-0.26179
14.778,111,-0.26179
14.775,111,-0.26179
14.772,111,-0.26179
14.768,111,-0.26179
14.765,111,-0.26179
14.762,111,-0.26179
14.759,111,-0.26179
14.755,111,-0.26179
14.752,111,-0.26179
14.749,111,-0.26179
14.745,111,-0.26179
14.742,111,-0.26179
14.739,111,-0.26179
14.736,111,-0.26179
14.732,111,-0.26179
14.729,111,-0.26179
14.726,111,-0.26179
14.722,111,-0.26179
14.719,111,-0.26179
14.716,111,-0.26179
14.713,111,-0.26179
14.709,111,-0.26179
14.706,111,-0.26179
14.703,111,-0.26179
14.7,111,-0.26179
14.696,111,-0.26179
14.693,111,-0.26179
14.69,111,-0.26179
14.686,111,-0.26179
14.683,111,-0.26179
14.68,111,-0.26179
14.677,111,-0.26179
14.673,111,-0.26179
14.67,111,-0.26179
14.667,111,-0.26179
14.664,111,-0.26179
14.66,111,-0.26179
14.657,111,-0.26179
14.654,111,-0.26179
14.651,111,-0.26179
14.647,111,-0.26179
14.644,111,-0.26179
14.641,111,-0.26179
14.638,111,-0.26179
14.634,111,-0.26179
14.631,111,-0.26179
14.628,111,-0.26179
14.624,111,-0.26179
14.621,111,-0.26179
14.618,111,-0.26179
14.615,111,-0.26179
14.611,111,-0.26179
14.608,111,-0.26179
14.605,111,-0.26179
14.602,111,-0.26179
14.598,111,-0.26179
14.595,111,-0.26179
14.592,111,-0.26179
14.589,111,-0.26179
14.585,111,-0.26179
14.582,111,-0.26179
14.579,111,-0.26179
14.576,111,-0.26179
14.573,111,-0.26179
14.569,111,-0.26179
14.566,111,-0.26179
14.563,111,-0.26179
14.56,111,-0.26179
14.556,111,-0.26179
14.553,111,-0.26179
14.55,111,-0.26179
14.547,111,-0.26179
14.543,111,-0.26179
14.54,111,-0.26179
14.537,111,-0.26179
14.534,111,-0.26179
14.53,111,-0.26179
14.527,111,-0.26179
14.524,111,-0.26179
14.521,111,-0.26179
14.518,111,-0.26179
14.514,111,-0.26179
14.511,111,-0.26179
14.508,111,-0.26179
14.505,111,-0.26179
14.501,111,-0.26179
14.498,111,-0.26179
14.495,111,-0.26179
14.492,111,-0.26179
14.489,111,-0.26179
14.485,111,-0.26179
14.482,111,-0.26179
14.479,111,-0.26179
14.476,111,-0.26179
14.472,111,-0.26179
14.469,111,-0.26179
14.466,111,-0.26179
14.463,111,-0.26179
14.46,111,-0.26179
14.456,111,-0.26179
14.453,111,-0.26179
14.45,111,-0.26179
14.447,111,-0.26179
14.444,111,-0.26179
14.44,111,-0.26179
14.437,111,-0.26179
14.434,111,-0.26179
14.431,111,-0.26179
14.428,111,-0.26179
14.424,111,-0.26179
14.421,111,-0.26179
14.418,111,-0.26179
14.415,111,-0.26179
14.411,111,-0.26179
14.408,111,-0.26179
14.405,111,-0.26179
14.402,111,-0.26179
14.399,111,-0.26179
14.396,111,-0.26179
14.392,111,-0.26179
14.389,111,-0.26179
14.386,111,-0.26179
14.383,111,-0.26179
14.38,111,-0.26179
14.376,111,-0.26179
14.373,111,-0.26179
14.37,111,-0.26179
14.367,111,-0.26179
14.364,111,-0.26179
14.36,111,-0.26179
14.357,111,-0.26179
14.354,111,-0.26179
14.351,111,-0.26179
14.348,111,-0.26179
14.344,111,-0.26179
14.341,111,-0.26179
14.338,111,-0.26179
14.335,111,-0.26179
14.332,111,-0.26179
14.329,111,-0.26179
14.325,111,-0.26179
14.322,111,-0.26179
14.319,111,-0.26179
14.316,111,-0.26179
14.313,111,-0.26179
14.31,111,-0.26179
14.306,111,-0.26179
14.303,111,-0.26179
14.3,111,-0.26179
14.297,111,-0.26179
14.294,111,-0.26179
14.29,111,-0.26179
14.287,111,-0.26179
14.284,111,-0.26179
14.281,111,-0.26179
14.278,111,-0.26179
14.275,111,-0.26179
14.271,111,-0.26179
14.268,111,-0.26179
14.265,111,-0.26179
14.262,111,-0.26179
14.259,111,-0.26179
14.256,111,-0.26179
14.253,111,-0.26179
14.249,111,-0.26179
14.246,111,-0.26179
14.243,111,-0.26179
14.24,111,-0.26179
14.237,111,-0.26179
14.234,111,-0.26179
14.23,111,-0.26179
14.227,111,-0.26179
14.224,111,-0.26179
14.221,111,-0.26179
14.218,111,-0.26179
14.215,111,-0.26179
14.211,111,-0.26179
14.208,111,-0.26179
14.205,111,-0.26179
14.202,111,-0.26179
14.199,111,-0.26179
14.196,111,-0.26179
14.193,111,-0.26179
14.189,111,-0.26179
14.186,111,-0.26179
14.183,111,-0.26179
14.18,111,-0.26179
14.177,111,-0.26179
14.174,111,-0.26179
14.171,111,-0.26179
14.167,111,-0.26179
14.164,111,-0.26179
14.161,111,-0.26179
14.158,111,-0.26179
14.155,111,-0.26179
14.152,111,-0.26179
14.149,111,-0.26179
14.146,111,-0.26179
14.142,111,-0.26179
14.139,111,-0.26179
14.136,111,-0.26179
14.133,111,-0.26179
14.13,111,-0.26179
14.127,111,-0.26179
14.124,111,-0.26179
14.12,111,-0.26179
14.117,111,-0.26179
14.114,111,-0.26179
14.111,111,-0.26179
14.108,111,-0.26179
14.105,111,-0.26179
14.102,111,-0.26179
14.099,111,-0.26179
14.096,111,-0.26179
14.092,111,-0.26179
14.089,111,-0.26179
14.086,111,-0.26179
14.083,111,-0.2618
14.08,111,-0.2618
14.077,111,-0.2618
14.074,111,-0.2618
14.071,111,-0.2618
14.067,111,-0.2618
14.064,111,-0.2618
14.061,111,-0.2618
14.058,111,-0.2618
14.055,111,-0.2618
14.052,111,-0.2618
14.049,111,-0.2618
14.046,111,-0.2618
14.043,111,-0.2618
14.039,111,-0.2618
14.036,111,-0.2618
14.033,111,-0.2618
14.03,111,-0.2618
14.027,111,-0.2618
14.024,111,-0.2618
14.021,111,-0.2618
14.018,111,-0.2618
14.015,111,-0.2618
14.012,111,-0.2618
14.008,111,-0.2618
14.005,111,-0.2618
14.002,111,-0.2618
13.999,111,-0.2618
13.996,111,-0.2618
13.993,111,-0.2618
13.99,111,-0.2618
13.987,111,-0.2618
13.984,111,-0.2618
13.981,111,-0.2618
13.978,111,-0.2618
13.974,111,-0.2618
13.971,111,-0.2618
13.968,111,-0.2618
13.965,111,-0.2618
13.962,111,-0.2618
13.959,111,-0.2618
13.956,111,-0.2618
13.953,111,-0.2618
13.95,111,-0.2618
13.947,111,-0.2618
13.944,111,-0.2618
13.94,111,-0.2618
13.937,111,-0.2618
13.934,111,-0.2618
13.931,111,-0.2618
13.928,111,-0.2618
13.925,111,-0.2618
13.922,111,-0.2618
13.919,111,-0.2618
13.916,111,-0.2618
13.913,111,-0.2618
13.91,111,-0.2618
13.907,111,-0.2618
13.904,111,-0.2618
13.9,111,-0.2618
13.897,111,-0.2618
13.894,111,-0.2618
13.891,111,-0.2618
13.888,111,-0.2618
13.885,111,-0.2618
13.882,111,-0.2618
13.879,111,-0.2618
13.876,111,-0.2618
13.873,111,-0.2618
13.87,111,-0.2618
13.867,111,-0.2618
13.864,111,-0.2618
13.861,111,-0.2618
13.858,111,-0.2618
13.855,111,-0.2618
13.851,111,-0.2618
13.848,111,-0.2618
13.845,111,-0.2618
13.842,111,-0.2618
13.839,111,-0.2618
13.836,111,-0.2618
13.833,111,-0.2618
13.83,111,-0.2618
13.827,111,-0.2618
13.824,111,-0.2618
13.821,111,-0.2618
13.818,111,-0.2618
13.815,111,-0.2618
13.812,111,-0.2618
13.809,111,-0.2618
13.806,111,-0.2618
13.803,111,-0.2618
13.8,111,-0.2618
13.797,111,-0.2618
13.793,111,-0.2618
13.79,111,-0.2618
13.787,111,-0.2618
13.784,111,-0.2618
13.781,111,-0.2618
13.778,111,-0.2618
13.775,111,-0.2618
13.772,111,-0.2618
13.769,111,-0.2618
13.766,111,-0.2618
13.763,111,-0.2618
13.76,111,-0.2618
13.757,111,-0.2618
13.754,111,-0.2618
13.751,111,-0.2618
13.748,111,-0.2618
13.745,111,-0.2618
13.742,111,-0.2618
13.739,111,-0.2618
13.736,111,-0.2618
13.733,111,-0.2618
13.73,111,-0.2618
13.727,111,-0.2618
13.724,111,-0.2618
13.721,111,-0.2618
13.718,111,-0.2618
13.715,111,-0.2618
13.712,111,-0.2618
13.709,111,-0.2618
13.706,111,-0.2618
13.703,111,-0.2618
13.699,111,-0.2618
13.696,111,-0.2618
13.693,111,-0.2618
13.69,111,-0.2618
13.687,111,-0.2618
13.684,111,-0.2618
13.681,111,-0.2618
13.678,111,-0.2618
13.675,111,-0.2618
13.672,111,-0.2618
13.669,111,-0.2618
13.666,111,-0.2618
13.663,111,-0.2618
13.66,111,-0.2618
13.657,111,-0.2618
13.654,111,-0.2618
13.651,111,-0.2618
13.648,111,-0.2618
13.645,111,-0.2618
13.642,111,-0.2618
13.639,111,-0.2618
13.636,111,-0.2618
13.633,111,-0.2618
13.63,111,-0.2618
13.627,111,-0.2618
13.624,111,-0.2618
13.621,111,-0.2618
13.618,111,-0.2618
13.615,111,-0.2618
13.612,111,-0.2618
13.609,111,-0.2618
13.606,111,-0.2618
13.603,111,-0.2618
13.6,111,-0.2618
13.597,111,-0.2618
13.594,111,-0.2618
13.591,111,-0.2618
13.588,111,-0.2618
13.585,111,-0.2618
13.582,111,-0.2618
13.579,111,-0.2618
13.576,111,-0.2618
13.573,111,-0.2618
13.57,111,-0.2618
13.567,111,-0.2618
13.564,111,-0.2618
13.561,111,-0.2618
13.558,111,-0.2618
13.555,111,-0.2618
13.552,111,-0.2618
13.549,111,-0.2618
13.546,111,-0.2618
13.543,111,-0.2618
13.54,111,-0.2618
13.537,111,-0.2618
13.535,111,-0.2618
13.532,111,-0.2618
13.529,111,-0.2618
13.526,111,-0.2618
13.523,111,-0.2618
13.52,111,-0.2618
13.517,111,-0.2618
13.514,111,-0.2618
13.511,111,-0.2618
13.508,111,-0.2618
13.505,111,-0.2618
13.502,111,-0.2618
13.499,111,-0.2618
13.496,111,-0.2618
13.493,111,-0.2618
13.49,111,-0.2618
13.487,111,-0.2618
13.484,111,-0.2618
13.481,111,-0.2618
13.478,111,-0.2618
13.475,111,-0.2618
13.472,111,-0.2618
13.469,111,-0.2618
13.466,111,-0.2618
13.463,111,-0.2618
13.46,111,-0.2618
13.457,111,-0.2618
13.454,111,-0.2618
13.451,111,-0.2618
13.448,111,-0.2618
13.445,111,-0.2618
13.443,111,-0.2618
13.44,111,-0.2618
13.437,111,-0.2618
13.434,111,-0.2618
13.431,111,-0.2618
13.428,111,-0.2618
13.425,111,-0.2618
13.422,111,-0.2618
13.419,111,-0.2618
13.416,111,-0.2618
13.413,111,-0.2618
13.41,111,-0.2618
13.407,111,-0.2618
13.404,111,-0.2618
13.401,111,-0.2618
13.398,111,-0.2618
13.395,111,-0.2618
13.392,111,-0.2618
13.389,111,-0.2618
13.386,111,-0.2618
13.384,111,-0.2618
13.381,111,-0.2618
13.378,111,-0.2618
13.375,111,-0.2618
13.372,111,-0.2618
13.369,111,-0.2618
13.366,111,-0.2618
13.363,111,-0.2618
13.36,111,-0.2618
13.357,111,-0.2618
13.354,111,-0.2618
13.351,111,-0.2618
13.348,111,-0.2618
13.345,111,-0.2618
13.342,111,-0.2618
13.34,111,-0.2618
13.337,111,-0.2618
13.334,111,-0.2618
13.331,111,-0.2618
13.328,111,-0.2618
13.325,111,-0.2618
13.322,111,-0.2618
13.319,111,-0.2618
13.316,111,-0.2618
13.313,111,-0.2618
13.31,111,-0.2618
13.307,111,-0.2618
13.304,111,-0.2618
13.301,111,-0.2618
13.299,111,-0.2618
13.296,111,-0.2618
13.293,111,-0.2618
13.29,111,-0.2618
13.287,111,-0.2618
13.284,111,-0.2618
13.281,111,-0.2618
13.278,111,-0.2618
13.275,111,-0.2618
13.272,111,-0.2618
13.269,111,-0.2618
13.266,111,-0.2618
13.264,111,-0.2618
13.261,111,-0.2618
13.258,111,-0.2618
13.255,111,-0.2618
13.252,111,-0.2618
13.249,111,-0.2618
13.246,111,-0.2618
13.243,111,-0.2618
13.24,111,-0.2618
13.237,111,-0.2618
13.234,111,-0.2618
13.232,111,-0.2618
13.229,111,-0.2618
13.226,111,-0.2618
13.223,111,-0.2618
13.22,111,-0.2618
13.217,111,-0.2618
13.214,111,-0.2618
13.211,111,-0.2618
13.208,111,-0.2618
13.205,111,-0.2618
13.203,111,-0.2618
13.2,111,-0.2618
13.197,111,-0.2618
13.194,111,-0.2618
13.191,111,-0.2618
13.188,111,-0.2618
13.185,111,-0.2618
13.182,111,-0.2618
13.179,111,-0.2618
13.177,111,-0.2618
13.174,111,-0.2618
13.171,111,-0.2618
13.168,111,-0.2618
13.165,111,-0.2618
13.162,111,-0.2618
13.159,111,-0.2618
13.156,111,-0.2618
13.153,111,-0.2618
13.151,111,-0.2618
13.148,111,-0.2618
13.145,111,-0.2618
13.142,111,-0.2618
13.139,111,-0.2618
13.136,111,-0.2618
13.133,111,-0.2618
13.13,111,-0.2618
13.128,111,-0.2618
13.125,111,-0.2618
13.122,111,-0.2618
13.119,111,-0.2618
13.116,111,-0.2618
13.113,111,-0.2618
13.11,111,-0.2618
13.107,111,-0.2618
13.105,111,-0.2618
13.102,111,-0.2618
13.099,111,-0.2618
13.096,111,-0.2618
13.093,111,-0.2618
13.09,111,-0.2618
13.087,111,-0.2618
13.084,111,-0.2618
13.082,111,-0.2618
13.079,111,-0.2618
13.076,111,-0.2618
13.073,111,-0.2618
13.07,111,-0.2618
13.067,111,-0.2618
13.064,111,-0.2618
13.062,111,-0.2618
13.059,111,-0.2618
13.056,111,-0.2618
13.053,111,-0.2618
13.05,111,-0.2618
13.047,111,-0.2618
13.044,111,-0.2618
13.042,111,-0.2618
13.039,111,-0.2618
13.036,111,-0.2618
13.033,111,-0.2618
13.03,111,-0.2618
13.027,111,-0.2618
13.024,111,-0.2618
13.022,111,-0.2618
13.019,111,-0.2618
13.016,111,-0.2618
13.013,111,-0.2618
13.01,111,-0.2618
13.007,111,-0.2618
13.004,111,-0.2618
13.002,111,-0.2618
12.999,111,-0.2618
12.996,111,-0.2618
12.993,111,-0.2618
12.99,111,-0.2618
12.987,111,-0.2618
12.985,111,-0.2618
12.982,111,-0.2618
12.979,111,-0.2618
12.976,111,-0.2618
12.973,111,-0.2618
12.97,111,-0.2618
12.967,111,-0.2618
12.965,111,-0.2618
12.962,111,-0.2618
12.959,111,-0.2618
12.956,111,-0.2618
12.953,111,-0.2618
12.95,111,-0.2618
12.948,111,-0.2618
12.945,111,-0.2618
12.942,111,-0.2618
12.939,111,-0.2618
12.936,111,-0.2618
12.933,111,-0.2618
12.931,111,-0.2618
12.928,111,-0.2618
12.925,111,-0.2618
12.922,111,-0.2618
12.919,111,-0.2618
12.917,111,-0.2618
12.914,111,-0.2618
12.911,111,-0.2618
12.908,111,-0.2618
12.905,111,-0.2618
12.902,111,-0.2618
12.9,111,-0.2618
12.897,111,-0.2618
12.894,111,-0.2618
12.891,111,-0.2618
12.888,111,-0.2618
12.885,111,-0.2618
12.883,111,-0.2618
12.88,111,-0.2618
12.877,111,-0.2618
12.874,111,-0.2618
12.871,111,-0.2618
12.869,111,-0.2618
12.866,111,-0.2618
12.863,111,-0.2618
12.86,111,-0.2618
12.857,111,-0.2618
12.855,111,-0.2618
12.852,111,-0.2618
12.849,111,-0.2618
12.846,111,-0.2618
12.843,111,-0.2618
12.84,111,-0.2618
12.838,111,-0.2618
12.835,111,-0.2618
12.832,111,-0.2618
12.829,111,-0.2618
12.826,111,-0.2618
12.824,111,-0.2618
12.821,111,-0.2618
12.818,111,-0.2618
12.815,111,-0.2618
12.812,111,-0.2618
12.81,111,-0.2618
12.807,111,-0.2618
12.804,111,-0.2618
12.801,111,-0.2618
12.798,111,-0.2618
12.796,111,-0.2618
12.793,111,-0.2618
12.79,111,-0.2618
12.787,111,-0.2618
12.785,111,-0.2618
12.782,111,-0.2618
12.779,111,-0.2618
12.776,111,-0.2618
12.773,111,-0.2618
12.771,111,-0.2618
12.768,111,-0.2618
12.765,111,-0.2618
12.762,111,-0.2618
12.759,111,-0.2618
12.757,111,-0.2618
12.754,111,-0.2618
12.751,111,-0.2618
12.748,111,-0.2618
12.745,111,-0.2618
12.743,111,-0.2618
12.74,111,-0.2618
12.737,111,-0.2618
12.734,111,-0.2618
12.732,111,-0.2618
12.729,111,-0.2618
12.726,111,-0.2618
12.723,111,-0.2618
12.72,111,-0.2618
12.718,111,-0.2618
12.715,111,-0.2618
12.712,111,-0.2618
12.709,111,-0.2618
12.707,111,-0.2618
12.704,111,-0.2618
12.701,111,-0.2618
12.698,111,-0.2618
12.695,111,-0.2618
12.693,111,-0.2618
12.69,111,-0.2618
12.687,111,-0.2618
12.684,111,-0.2618
12.682,111,-0.2618
12.679,111,-0.2618
12.676,111,-0.2618
12.673,111,-0.2618
12.671,111,-0.2618
12.668,111,-0.2618
12.665,111,-0.2618
12.662,111,-0.2618
12.66,111,-0.2618
12.657,111,-0.2618
12.654,111,-0.2618
12.651,111,-0.2618
12.648,111,-0.2618
12.646,111,-0.2618
12.643,111,-0.2618
12.64,111,-0.2618
12.637,111,-0.2618
12.635,111,-0.2618
12.632,111,-0.2618
12.629,111,-0.2618
12.626,111,-0.2618
12.624,111,-0.2618
12.621,111,-0.2618
12.618,111,-0.2618
12.615,111,-0.2618
12.613,111,-0.2618
12.61,111,-0.2618
12.607,111,-0.2618
12.604,111,-0.2618
12.602,111,-0.2618
12.599,111,-0.2618
12.596,111,-0.2618
12.593,111,-0.2618
12.591,111,-0.2618
12.588,111,-0.2618
12.585,111,-0.2618
12.582,111,-0.2618
12.58,111,-0.2618
12.577,111,-0.2618
12.574,111,-0.2618
12.571,111,-0.2618
12.569,111,-0.2618
12.566,111,-0.2618
12.563,111,-0.2618
12.561,111,-0.2618
12.558,111,-0.2618
12.555,111,-0.2618
12.552,111,-0.2618
12.55,111,-0.2618
12.547,111,-0.2618
12.544,111,-0.2618
12.541,111,-0.2618
12.539,111,-0.2618
12.536,111,-0.2618
12.533,111,-0.2618
12.53,111,-0.2618
12.528,111,-0.2618
12.525,111,-0.2618
12.522,111,-0.2618
12.52,111,-0.2618
12.517,111,-0.2618
12.514,111,-0.2618
12.511,111,-0.2618
12.509,111,-0.2618
12.506,111,-0.2618
12.503,111,-0.2618
12.5,111,-0.2618
12.498,111,-0.2618
12.495,111,-0.2618
12.492,111,-0.2618
12.49,111,-0.2618
12.487,111,-0.2618
12.484,111,-0.2618
12.481,111,-0.2618
12.479,111,-0.2618
12.476,111,-0.2618
12.473,111,-0.2618
12.471,111,-0.2618
12.468,111,-0.2618
12.465,111,-0.2618
12.462,111,-0.2618
12.46,111,-0.2618
12.457,111,-0.2618
12.454,111,-0.2618
12.452,111,-0.2618
12.449,111,-0.2618
12.446,111,-0.2618
12.443,111,-0.2618
12.441,111,-0.2618
12.438,111,-0.2618
12.435,111,-0.2618
12.433,111,-0.2618
12.43,111,-0.2618
12.427,111,-0.2618
12.424,111,-0.2618
12.422,111,-0.2618
12.419,111,-0.2618
12.416,111,-0.2618
12.414,111,-0.2618
12.411,111,-0.2618
12.408,111,-0.2618
12.406,111,-0.2618
12.403,111,-0.2618
12.4,111,-0.2618
12.397,111,-0.2618
12.395,111,-0.2618
12.392,111,-0.2618
12.389,111,-0.2618
12.387,111,-0.2618
12.384,111,-0.2618
12.381,111,-0.2618
12.379,111,-0.2618
12.376,111,-0.2618
12.373,111,-0.2618
12.371,111,-0.2618
12.368,111,-0.2618
12.365,111,-0.2618
12.362,111,-0.2618
12.36,111,-0.2618
12.357,111,-0.2618
12.354,111,-0.2618
12.352,111,-0.2618
12.349,111,-0.2618
12.346,111,-0.2618
12.344,111,-0.2618
12.341,111,-0.2618
12.338,111,-0.2618
12.336,111,-0.2618
12.333,111,-0.2618
12.33,111,-0.2618
12.328,111,-0.2618
12.325,111,-0.2618
12.322,111,-0.2618
12.32,111,-0.2618
12.317,111,-0.2618
12.314,111,-0.2618
12.311,111,-0.2618
12.309,111,-0.2618
12.306,111,-0.2618
12.303,111,-0.2618
12.301,111,-0.2618
12.298,111,-0.2618
12.295,111,-0.2618
12.293,111,-0.2618
12.29,111,-0.2618
12.287,111,-0.2618
12.285,111,-0.2618
12.282,111,-0.2618
12.279,111,-0.2618
12.277,111,-0.2618
12.274,111,-0.2618
12.271,111,-0.2618
12.269,111,-0.2618
12.266,111,-0.2618
12.263,111,-0.2618
12.261,111,-0.2618
12.258,111,-0.2618
12.255,111,-0.2618
12.253,111,-0.2618
12.25,111,-0.2618
12.247,111,-0.2618
12.245,111,-0.2618
12.242,111,-0.2618
12.239,111,-0.2618
12.237,111,-0.2618
12.234,111,-0.2618
12.231,111,-0.2618
12.229,111,-0.2618
12.226,111,-0.2618
12.224,111,-0.2618
12.221,111,-0.2618
12.218,111,-0.2618
12.216,111,-0.2618
12.213,111,-0.2618
12.21,111,-0.2618
12.208,111,-0.2618
12.205,111,-0.2618
12.202,111,-0.2618
12.2,111,-0.2618
12.197,111,-0.2618
12.194,111,-0.2618
12.192,111,-0.2618
12.189,111,-0.2618
12.186,111,-0.2618
12.184,111,-0.2618
12.181,111,-0.2618
12.178,111,-0.2618
12.176,111,-0.2618
12.173,111,-0.2618
12.171,111,-0.2618
12.168,111,-0.2618
12.165,111,-0.2618
12.163,111,-0.2618
12.16,111,-0.2618
12.157,111,-0.2618
12.155,111,-0.2618
12.152,111,-0.2618
12.149,111,-0.2618
12.147,111,-0.2618
12.144,111,-0.2618
12.142,111,-0.2618
12.139,111,-0.2618
12.136,111,-0.2618
12.134,111,-0.2618
12.131,111,-0.2618
12.128,111,-0.2618
12.126,111,-0.2618
12.123,111,-0.2618
12.12,111,-0.2618
12.118,111,-0.2618
12.115,111,-0.2618
12.113,111,-0.2618
12.11,111,-0.2618
12.107,111,-0.2618
12.105,111,-0.2618
12.102,111,-0.2618
12.099,111,-0.2618
12.097,111,-0.2618
12.094,111,-0.2618
12.092,111,-0.2618
12.089,111,-0.2618
12.086,111,-0.2618
12.084,111,-0.2618
12.081,111,-0.2618
12.078,111,-0.2618
12.076,111,-0.2618
12.073,111,-0.2618
12.071,111,-0.2618
12.068,111,-0.2618
12.065,111,-0.2618
12.063,111,-0.2618
12.06,111,-0.2618
12.058,111,-0.2618
12.055,111,-0.2618
12.052,111,-0.2618
12.05,111,-0.2618
12.047,111,-0.2618
12.044,111,-0.2618
12.042,111,-0.2618
12.039,111,-0.2618
12.037,111,-0.2618
12.034,111,-0.2618
12.031,111,-0.2618
12.029,111,-0.2618
12.026,111,-0.2618
12.024,111,-0.2618
12.021,111,-0.2618
12.018,111,-0.2618
12.016,111,-0.2618
12.013,111,-0.2618
12.011,111,-0.2618
12.008,111,-0.2618
12.005,111,-0.2618
12.003,111,-0.2618
12,111,-0.2618
11.998,111,-0.2618
11.995,111,-0.2618
11.992,111,-0.2618
11.99,111,-0.2618
11.987,111,-0.2618
11.985,111,-0.2618
11.982,111,-0.2618
11.979,111,-0.2618
11.977,111,-0.2618
11.974,111,-0.2618
11.972,111,-0.2618
11.969,111,-0.2618
11.966,111,-0.2618
11.964,111,-0.2618
11.961,111,-0.2618
11.959,111,-0.2618
11.956,111,-0.2618
11.953,111,-0.2618
11.951,111,-0.2618
11.948,111,-0.2618
11.946,111,-0.2618
11.943,111,-0.2618
11.941,111,-0.2618
11.938,111,-0.2618
11.935,111,-0.2618
11.933,111,-0.2618
11.93,111,-0.2618
11.928,111,-0.2618
11.925,111,-0.2618
11.922,111,-0.2618
11.92,111,-0.2618
11.917,111,-0.2618
11.915,111,-0.2618
11.912,111,-0.2618
11.91,111,-0.2618
11.907,111,-0.2618
11.904,111,-0.2618
11.902,111,-0.2618
11.899,111,-0.2618
11.897,111,-0.2618
11.894,111,-0.2618
11.891,111,-0.2618
11.889,111,-0.2618
11.886,111,-0.2618
11.884,111,-0.2618
11.881,111,-0.2618
11.879,111,-0.2618
11.876,111,-0.2618
11.873,111,-0.2618
11.871,111,-0.2618
11.868,111,-0.2618
11.866,111,-0.2618
11.863,111,-0.2618
11.861,111,-0.2618
11.858,111,-0.2618
11.856,111,-0.2618
11.853,111,-0.2618
11.85,111,-0.2618
11.848,111,-0.2618
11.845,111,-0.2618
11.843,111,-0.2618
11.84,111,-0.2618
11.838,111,-0.2618
11.835,111,-0.2618
11.832,111,-0.2618
11.83,111,-0.2618
11.827,111,-0.2618
11.825,111,-0.2618
11.822,111,-0.2618
11.82,111,-0.2618
11.817,111,-0.2618
11.815,111,-0.2618
11.812,111,-0.2618
11.809,111,-0.2618
11.807,111,-0.2618
11.804,111,-0.2618
11.802,111,-0.2618
11.799,111,-0.2618
11.797,111,-0.2618
11.794,111,-0.2618
11.792,111,-0.2618
11.789,111,-0.2618
11.786,111,-0.2618
11.784,111,-0.2618
11.781,111,-0.2618
11.779,111,-0.2618
11.776,111,-0.2618
11.774,111,-0.2618
11.771,111,-0.2618
11.769,111,-0.2618
11.766,111,-0.2618
11.764,111,-0.2618
11.761,111,-0.2618
11.758,111,-0.2618
11.756,111,-0.2618
11.753,111,-0.2618
11.751,111,-0.2618
11.748,111,-0.2618
11.746,111,-0.2618
11.743,111,-0.2618
11.741,111,-0.2618
11.738,111,-0.2618
11.736,111,-0.2618
11.733,111,-0.2618
11.731,111,-0.2618
11.728,111,-0.2618
11.725,111,-0.2618
11.723,111,-0.2618
11.72,111,-0.2618
11.718,111,-0.2618
11.715,111,-0.2618
11.713,111,-0.2618
11.71,111,-0.2618
11.708,111,-0.2618
11.705,111,-0.2618
11.703,111,-0.2618
11.7,111,-0.2618
11.698,111,-0.2618
11.695,111,-0.2618
11.693,111,-0.2618
11.69,111,-0.2618
11.688,111,-0.2618
11.685,111,-0.2618
11.682,111,-0.2618
11.68,111,-0.2618
11.677,111,-0.2618
11.675,111,-0.2618
11.672,111,-0.2618
11.67,111,-0.2618
11.667,111,-0.2618
11.665,111,-0.2618
11.662,111,-0.2618
11.66,111,-0.2618
11.657,111,-0.2618
11.655,111,-0.2618
11.652,111,-0.2618
11.65,111,-0.2618
11.647,111,-0.2618
11.645,111,-0.2618
11.642,111,-0.2618
11.64,111,-0.2618
11.637,111,-0.2618
11.635,111,-0.2618
11.632,111,-0.2618
11.63,111,-0.2618
11.627,111,-0.2618
11.625,111,-0.2618
11.622,111,-0.2618
11.62,111,-0.2618
11.617,111,-0.2618
11.615,111,-0.2618
11.612,111,-0.2618
11.61,111,-0.2618
11.607,111,-0.2618
11.605,111,-0.2618
11.602,111,-0.2618
11.6,111,-0.2618
11.597,111,-0.2618
11.595,111,-0.2618
11.592,111,-0.2618
11.59,111,-0.2618
11.587,111,-0.2618
11.585,111,-0.2618
11.582,111,-0.2618
11.58,111,-0.2618
11.577,111,-0.2618
11.575,111,-0.2618
11.572,111,-0.2618
11.57,111,-0.2618
11.567,111,-0.2618
11.565,111,-0.2618
11.562,111,-0.2618
11.56,111,-0.2618
11.557,111,-0.2618
11.555,111,-0.2618
11.552,111,-0.2618
11.55,111,-0.2618
11.547,111,-0.2618
11.545,111,-0.2618
11.542,111,-0.2618
11.54,111,-0.2618
11.537,111,-0.2618
11.535,111,-0.2618
11.532,111,-0.2618
11.53,111,-0.2618
11.527,111,-0.2618
11.525,111,-0.2618
11.522,111,-0.2618
11.52,111,-0.2618
11.517,111,-0.2618
11.515,111,-0.2618
11.512,111,-0.2618
11.51,111,-0.2618
11.507,111,-0.2618
11.505,111,-0.2618
11.502,111,-0.2618
11.5,111,-0.2618
11.497,111,-0.2618
11.495,111,-0.2618
11.492,111,-0.2618
11.49,111,-0.2618
11.487,111,-0.2618
11.485,111,-0.2618
11.483,111,-0.2618
11.48,111,-0.2618
11.478,111,-0.2618
11.475,111,-0.2618
11.473,111,-0.2618
11.47,111,-0.2618
11.468,111,-0.2618
11.465,111,-0.2618
11.463,111,-0.2618
11.46,111,-0.2618
11.458,111,-0.2618
11.455,111,-0.2618
11.453,111,-0.2618
11.45,111,-0.2618
11.448,111,-0.2618
11.445,111,-0.2618
11.443,111,-0.2618
11.441,111,-0.2618
11.438,111,-0.2618
11.436,111,-0.2618
11.433,111,-0.2618
11.431,111,-0.2618
11.428,111,-0.2618
11.426,111,-0.2618
11.423,111,-0.2618
11.421,111,-0.2618
11.418,111,-0.2618
11.416,111,-0.2618
11.413,111,-0.2618
11.411,111,-0.2618
11.409,111,-0.2618
11.406,111,-0.2618
11.404,111,-0.2618
11.401,111,-0.2618
11.399,111,-0.2618
11.396,111,-0.2618
11.394,111,-0.2618
11.391,111,-0.2618
11.389,111,-0.2618
11.386,111,-0.2618
11.384,111,-0.2618
11.382,111,-0.2618
11.379,111,-0.2618
11.377,111,-0.2618
11.374,111,-0.2618
11.372,111,-0.2618
11.369,111,-0.2618
11.367,111,-0.2618
11.364,111,-0.2618
11.362,111,-0.2618
11.36,111,-0.2618
11.357,111,-0.2618
11.355,111,-0.2618
11.352,111,-0.2618
11.35,111,-0.2618
11.347,111,-0.2618
11.345,111,-0.2618
11.342,111,-0.2618
11.34,111,-0.2618
11.338,111,-0.2618
11.335,111,-0.2618
11.333,111,-0.2618
11.33,111,-0.2618
11.328,111,-0.2618
11.325,111,-0.2618
11.323,111,-0.2618
11.32,111,-0.2618
11.318,111,-0.2618
11.316,111,-0.2618
11.313,111,-0.2618
11.311,111,-0.2618
11.308,111,-0.2618
11.306,111,-0.2618
11.303,111,-0.2618
11.301,111,-0.2618
11.299,111,-0.2618
11.296,111,-0.2618
11.294,111,-0.2618
11.291,111,-0.2618
11.289,111,-0.2618
11.286,111,-0.2618
11.284,111,-0.2618
11.282,111,-0.2618
11.279,111,-0.2618
11.277,111,-0.2618
11.274,111,-0.2618
11.272,111,-0.2618
11.269,111,-0.2618
11.267,111,-0.2618
11.265,111,-0.2618
11.262,111,-0.2618
11.26,111,-0.2618
11.257,111,-0.2618
11.255,111,-0.2618
11.252,111,-0.2618
11.25,111,-0.2618
11.248,111,-0.2618
11.245,111,-0.2618
11.243,111,-0.2618
11.24,111,-0.2618
11.238,111,-0.2618
11.236,111,-0.2618
11.233,111,-0.2618
11.231,111,-0.2618
11.228,111,-0.2618
11.226,111,-0.2618
11.223,111,-0.2618
11.221,111,-0.2618
11.219,111,-0.2618
11.216,111,-0.2618
11.214,111,-0.2618
11.211,111,-0.2618
11.209,111,-0.2618
11.207,111,-0.2618
11.204,111,-0.2618
11.202,111,-0.2618
11.199,111,-0.2618
11.197,111,-0.2618
11.195,111,-0.2618
11.192,111,-0.2618
11.19,111,-0.2618
11.187,111,-0.2618
11.185,111,-0.2618
11.183,111,-0.2618
11.18,111,-0.2618
11.178,111,-0.2618
11.175,111,-0.2618
11.173,111,-0.2618
11.171,111,-0.2618
11.168,111,-0.2618
11.166,111,-0.2618
11.163,111,-0.2618
11.161,111,-0.2618
11.159,111,-0.2618
11.156,111,-0.2618
11.154,111,-0.2618
11.151,111,-0.2618
11.149,111,-0.2618
11.147,111,-0.2618
11.144,111,-0.2618
11.142,111,-0.2618
11.139,111,-0.2618
11.137,111,-0.2618
11.135,111,-0.2618
11.132,111,-0.2618
11.13,111,-0.2618
11.127,111,-0.2618
11.125,111,-0.2618
11.123,111,-0.2618
11.12,111,-0.2618
11.118,111,-0.2618
11.115,111,-0.2618
11.113,111,-0.2618
11.111,111,-0.2618
11.108,111,-0.2618
11.106,111,-0.2618
11.104,111,-0.2618
11.101,111,-0.2618
11.099,111,-0.2618
11.096,111,-0.2618
11.094,111,-0.2618
11.092,111,-0.2618
11.089,111,-0.2618
11.087,111,-0.2618
11.084,111,-0.2618
11.082,111,-0.2618
11.08,111,-0.2618
11.077,111,-0.2618
11.075,111,-0.2618
11.073,111,-0.2618
11.07,111,-0.2618
11.068,111,-0.2618
11.065,111,-0.2618
11.063,111,-0.2618
11.061,111,-0.2618
11.058,111,-0.2618
11.056,111,-0.2618
11.054,111,-0.2618
11.051,111,-0.2618
11.049,111,-0.2618
11.046,111,-0.2618
11.044,111,-0.2618
11.042,111,-0.2618
11.039,111,-0.2618
11.037,111,-0.2618
11.035,111,-0.2618
11.032,111,-0.2618
11.03,111,-0.2618
11.027,111,-0.2618
11.025,111,-0.2618
11.023,111,-0.2618
11.02,111,-0.2618
11.018,111,-0.2618
11.016,111,-0.2618
11.013,111,-0.2618
11.011,111,-0.2618
11.009,111,-0.2618
11.006,111,-0.2618
11.004,111,-0.2618
11.002,111,-0.2618
10.999,111,-0.2618
10.997,111,-0.2618
10.994,111,-0.2618
10.992,111,-0.2618
10.99,111,-0.2618
10.987,111,-0.2618
10.985,111,-0.2618
10.983,111,-0.2618
10.98,111,-0.2618
10.978,111,-0.2618
10.976,111,-0.2618
10.973,111,-0.2618
10.971,111,-0.2618
10.969,111,-0.2618
10.966,111,-0.2618
10.964,111,-0.2618
10.961,111,-0.2618
10.959,111,-0.2618
10.957,111,-0.2618
10.954,111,-0.2618
10.952,111,-0.2618
10.95,111,-0.2618
10.947,111,-0.2618
10.945,111,-0.2618
10.943,111,-0.2618
10.94,111,-0.2618
10.938,111,-0.2618
10.936,111,-0.2618
10.933,111,-0.2618
10.931,111,-0.2618
10.929,111,-0.2618
10.926,111,-0.2618
10.924,111,-0.2618
10.922,111,-0.2618
10.919,111,-0.2618
10.917,111,-0.2618
10.915,111,-0.2618
10.912,111,-0.2618
10.91,111,-0.2618
10.908,111,-0.2618
10.905,111,-0.2618
10.903,111,-0.2618
10.901,111,-0.2618
10.898,111,-0.2618
10.896,111,-0.2618
10.894,111,-0.2618
10.891,111,-0.2618
10.889,111,-0.2618
10.887,111,-0.2618
10.884,111,-0.2618
10.882,111,-0.2618
10.88,111,-0.2618
10.877,111,-0.2618
10.875,111,-0.2618
10.873,111,-0.2618
10.87,111,-0.2618
10.868,111,-0.2618
10.866,111,-0.2618
10.863,111,-0.2618
10.861,111,-0.2618
10.859,111,-0.2618
10.856,111,-0.2618
10.854,111,-0.2618
10.852,111,-0.2618
10.849,111,-0.2618
10.847,111,-0.2618
10.845,111,-0.2618
10.842,111,-0.2618
10.84,111,-0.2618
10.838,111,-0.2618
10.835,111,-0.2618
10.833,111,-0.2618
10.831,111,-0.2618
10.828,111,-0.2618
10.826,111,-0.2618
10.824,111,-0.2618
10.821,111,-0.2618
10.819,111,-0.2618
10.817,111,-0.2618
10.814,111,-0.2618
10.812,111,-0.2618
10.81,111,-0.2618
10.808,111,-0.2618
10.805,111,-0.2618
10.803,111,-0.2618
10.801,111,-0.2618
10.798,111,-0.2618
10.796,111,-0.2618
10.794,111,-0.2618
10.791,111,-0.2618
10.789,111,-0.2618
10.787,111,-0.2618
10.784,111,-0.2618
10.782,111,-0.2618
10.78,111,-0.2618
10.778,111,-0.2618
10.775,111,-0.2618
10.773,111,-0.2618
10.771,111,-0.2618
10.768,111,-0.2618
10.766,111,-0.2618
10.764,111,-0.2618
10.761,111,-0.2618
10.759,111,-0.2618
10.757,111,-0.2618
10.754,111,-0.2618
10.752,111,-0.2618
10.75,111,-0.2618
10.748,111,-0.2618
10.745,111,-0.2618
10.743,111,-0.2618
10.741,111,-0.2618
10.738,111,-0.2618
10.736,111,-0.2618
10.734,111,-0.2618
10.731,111,-0.2618
10.729,111,-0.2618
10.727,111,-0.2618
10.725,111,-0.2618
10.722,111,-0.2618
10.72,111,-0.2618
10.718,111,-0.2618
10.715,111,-0.2618
10.713,111,-0.2618
10.711,111,-0.2618
10.709,111,-0.2618
10.706,111,-0.2618
10.704,111,-0.2618
10.702,111,-0.2618
10.699,111,-0.2618
10.697,111,-0.2618
10.695,111,-0.2618
10.693,111,-0.2618
10.69,111,-0.2618
10.688,111,-0.2618
10.686,111,-0.2618
10.683,111,-0.2618
10.681,111,-0.2618
10.679,111,-0.2618
10.677,111,-0.2618
10.674,111,-0.2618
10.672,111,-0.2618
10.67,111,-0.2618
10.667,111,-0.2618
10.665,111,-0.2618
10.663,111,-0.2618
10.661,111,-0.2618
10.658,111,-0.2618
10.656,111,-0.2618
10.654,111,-0.2618
10.651,111,-0.2618
10.649,111,-0.2618
10.647,111,-0.2618
10.645,111,-0.2618
10.642,111,-0.2618
10.64,111,-0.2618
10.638,111,-0.2618
10.636,111,-0.2618
10.633,111,-0.2618
10.631,111,-0.2618
10.629,111,-0.2618
10.626,111,-0.2618
10.624,111,-0.2618
10.622,111,-0.2618
10.62,111,-0.2618
10.617,111,-0.2618
10.615,111,-0.2618
10.613,111,-0.2618
10.611,111,-0.2618
10.608,111,-0.2618
10.606,111,-0.2618
10.604,111,-0.2618
10.601,111,-0.2618
10.599,111,-0.2618
10.597,111,-0.2618
10.595,111,-0.2618
10.592,111,-0.2618
10.59,111,-0.2618
10.588,111,-0.2618
10.586,111,-0.2618
10.583,111,-0.2618
10.581,111,-0.2618
10.579,111,-0.2618
10.577,111,-0.2618
10.574,111,-0.2618
10.572,111,-0.2618
10.57,111,-0.2618
10.568,111,-0.2618
10.565,111,-0.2618
10.563,111,-0.2618
10.561,111,-0.2618
10.559,111,-0.2618
10.556,111,-0.2618
10.554,111,-0.2618
10.552,111,-0.2618
10.55,111,-0.2618
10.547,111,-0.2618
10.545,111,-0.2618
10.543,111,-0.2618
10.541,111,-0.2618
10.538,111,-0.2618
10.536,111,-0.2618
10.534,111,-0.2618
10.532,111,-0.2618
10.529,111,-0.2618
10.527,111,-0.2618
10.525,111,-0.2618
10.523,111,-0.2618
10.52,111,-0.2618
10.518,111,-0.2618
10.516,111,-0.2618
10.514,111,-0.2618
10.511,111,-0.2618
10.509,111,-0.2618
10.507,111,-0.2618
10.505,111,-0.2618
10.502,111,-0.2618
10.5,111,-0.2618
10.498,111,-0.2618
10.496,111,-0.2618
10.493,111,-0.2618
10.491,111,-0.2618
10.489,111,-0.2618
10.487,111,-0.2618
10.484,111,-0.2618
10.482,111,-0.2618
10.48,111,-0.2618
10.478,111,-0.2618
10.475,111,-0.2618
10.473,111,-0.2618
10.471,111,-0.2618
10.469,111,-0.2618
10.467,111,-0.2618
10.464,111,-0.2618
10.462,111,-0.2618
10.46,111,-0.2618
10.458,111,-0.2618
10.455,111,-0.2618
10.453,111,-0.2618
10.451,111,-0.2618
10.449,111,-0.2618
10.446,111,-0.2618
10.444,111,-0.2618
10.442,111,-0.2618
10.44,111,-0.2618
10.438,111,-0.2618
10.435,111,-0.2618
10.433,111,-0.2618
10.431,111,-0.2618
10.429,111,-0.2618
10.426,111,-0.2618
10.424,111,-0.2618
10.422,111,-0.2618
10.42,111,-0.2618
10.418,111,-0.2618
10.415,111,-0.2618
10.413,111,-0.2618
10.411,111,-0.2618
10.409,111,-0.2618
10.406,111,-0.2618
10.404,111,-0.2618
10.402,111,-0.2618
10.4,111,-0.2618
10.398,111,-0.2618
10.395,111,-0.2618
10.393,111,-0.2618
10.391,111,-0.2618
10.389,111,-0.2618
10.386,111,-0.2618
10.384,111,-0.2618
10.382,111,-0.2618
10.38,111,-0.2618
10.378,111,-0.2618
10.375,111,-0.2618
10.373,111,-0.2618
10.371,111,-0.2618
10.369,111,-0.2618
10.367,111,-0.2618
10.364,111,-0.2618
10.362,111,-0.2618
10.36,111,-0.2618
10.358,111,-0.2618
10.356,111,-0.2618
10.353,111,-0.2618
10.351,111,-0.2618
10.349,111,-0.2618
10.347,111,-0.2618
10.345,111,-0.2618
10.342,111,-0.2618
10.34,111,-0.2618
10.338,111,-0.2618
10.336,111,-0.2618
10.334,111,-0.2618
10.331,111,-0.2618
10.329,111,-0.2618
10.327,111,-0.2618
10.325,111,-0.2618
10.323,111,-0.2618
10.32,111,-0.2618
10.318,111,-0.2618
10.316,111,-0.2618
10.314,111,-0.2618
10.312,111,-0.2618
10.309,111,-0.2618
10.307,111,-0.2618
10.305,111,-0.2618
10.303,111,-0.2618
10.301,111,-0.2618
10.298,111,-0.2618
10.296,111,-0.2618
10.294,111,-0.2618
10.292,111,-0.2618
10.29,111,-0.2618
10.287,111,-0.2618
10.285,111,-0.2618
10.283,111,-0.2618
10.281,111,-0.2618
10.279,111,-0.2618
10.276,111,-0.2618
10.274,111,-0.2618
10.272,111,-0.2618
10.27,111,-0.2618
10.268,111,-0.2618
10.266,111,-0.2618
10.263,111,-0.2618
10.261,111,-0.2618
10.259,111,-0.2618
10.257,111,-0.2618
10.255,111,-0.2618
10.252,111,-0.2618
10.25,111,-0.2618
10.248,111,-0.2618
10.246,111,-0.2618
10.244,111,-0.2618
10.241,111,-0.2618
10.239,111,-0.2618
10.237,111,-0.2618
10.235,111,-0.2618
10.233,111,-0.2618
10.231,111,-0.2618
10.228,111,-0.2618
10.226,111,-0.2618
10.224,111,-0.2618
10.222,111,-0.2618
10.22,111,-0.2618
10.218,111,-0.2618
10.215,111,-0.2618
10.213,111,-0.2618
10.211,111,-0.2618
10.209,111,-0.2618
10.207,111,-0.2618
10.205,111,-0.2618
10.202,111,-0.2618
10.2,111,-0.2618
10.198,111,-0.2618
10.196,111,-0.2618
10.194,111,-0.2618
10.191,111,-0.2618
10.189,111,-0.2618
10.187,111,-0.2618
10.185,111,-0.2618
10.183,111,-0.2618
10.181,111,-0.2618
10.178,111,-0.2618
10.176,111,-0.2618
10.174,111,-0.2618
10.172,111,-0.2618
10.17,111,-0.2618
10.168,111,-0.2618
10.165,111,-0.2618
10.163,111,-0.2618
10.161,111,-0.2618
10.159,111,-0.2618
10.157,111,-0.2618
10.155,111,-0.2618
10.153,111,-0.2618
10.15,111,-0.2618
10.148,111,-0.2618
10.146,111,-0.2618
10.144,111,-0.2618
10.142,111,-0.2618
10.14,111,-0.2618
10.137,111,-0.2618
10.135,111,-0.2618
10.133,111,-0.2618
10.131,111,-0.2618
10.129,111,-0.2618
10.127,111,-0.2618
10.125,111,-0.2618
10.122,111,-0.2618
10.12,111,-0.2618
10.118,111,-0.2618
10.116,111,-0.2618
10.114,111,-0.2618
10.112,111,-0.2618
10.109,111,-0.2618
10.107,111,-0.2618
10.105,111,-0.2618
10.103,111,-0.2618
10.101,111,-0.2618
10.099,111,-0.2618
10.097,111,-0.2618
10.094,111,-0.2618
10.092,111,-0.2618
10.09,111,-0.2618
10.088,111,-0.2618
10.086,111,-0.2618
10.084,111,-0.2618
10.082,111,-0.2618
10.079,111,-0.2618
10.077,111,-0.2618
10.075,111,-0.2618
10.073,111,-0.2618
10.071,111,-0.2618
10.069,111,-0.2618
10.067,111,-0.2618
10.064,111,-0.2618
10.062,111,-0.2618
10.06,111,-0.2618
10.058,111,-0.2618
10.056,111,-0.2618
10.054,111,-0.2618
10.052,111,-0.2618
10.049,111,-0.2618
10.047,111,-0.2618
10.045,111,-0.2618
10.043,111,-0.2618
10.041,111,-0.2618
10.039,111,-0.2618
10.037,111,-0.2618
10.035,111,-0.2618
10.032,111,-0.2618
10.03,111,-0.2618
10.028,111,-0.2618
10.026,111,-0.2618
10.024,111,-0.2618
10.022,111,-0.2618
10.02,111,-0.2618
10.018,111,-0.2618
10.015,111,-0.2618
10.013,111,-0.2618
10.011,111,-0.2618
10.009,111,-0.2618
10.007,111,-0.2618
10.005,111,-0.2618
10.003,111,-0.2618
10.001,111,-0.2618
9.9984,111,-0.2618
9.9963,111,-0.2618
9.9941,111,-0.2618
9.992,111,-0.2618
9.9899,111,-0.2618
9.9878,111,-0.2618
9.9857,111,-0.2618
9.9835,111,-0.2618
9.9814,111,-0.2618
9.9793,111,-0.2618
9.9772,111,-0.2618
9.9751,111,-0.2618
9.9729,111,-0.2618
9.9708,111,-0.2618
9.9687,111,-0.2618
9.9666,111,-0.2618
9.9645,111,-0.2618
9.9624,111,-0.2618
9.9602,111,-0.2618
9.9581,111,-0.2618
9.956,111,-0.2618
9.9539,111,-0.2618
9.9518,111,-0.2618
9.9497,111,-0.2618
9.9476,111,-0.2618
9.9455,111,-0.2618
9.9433,111,-0.2618
9.9412,111,-0.2618
9.9391,111,-0.2618
9.937,111,-0.2618
9.9349,111,-0.2618
9.9328,111,-0.2618
9.9307,111,-0.2618
9.9286,111,-0.2618
9.9265,111,-0.2618
9.9244,111,-0.2618
9.9223,111,-0.2618
9.9202,111,-0.2618
9.9181,111,-0.2618
9.916,111,-0.2618
9.9139,111,-0.2618
9.9118,111,-0.2618
9.9096,111,-0.2618
9.9075,111,-0.2618
9.9054,111,-0.2618
9.9033,111,-0.2618
9.9012,111,-0.2618
9.8991,111,-0.2618
9.897,111,-0.2618
9.8949,111,-0.2618
9.8928,111,-0.2618
9.8907,111,-0.2618
9.8887,111,-0.2618
9.8866,111,-0.2618
9.8845,111,-0.2618
9.8824,111,-0.2618
9.8803,111,-0.2618
9.8782,111,-0.2618
9.8761,111,-0.2618
9.874,111,-0.2618
9.8719,111,-0.2618
9.8698,111,-0.2618
9.8677,111,-0.2618
9.8656,111,-0.2618
9.8635,111,-0.2618
9.8614,111,-0.2618
9.8593,111,-0.2618
9.8572,111,-0.2618
9.8552,111,-0.2618
9.8531,111,-0.2618
9.851,111,-0.2618
9.8489,111,-0.2618
9.8468,111,-0.2618
9.8447,111,-0.2618
9.8426,111,-0.2618
9.8405,111,-0.2618
9.8385,111,-0.2618
9.8364,111,-0.2618
9.8343,111,-0.2618
9.8322,111,-0.2618
9.8301,111,-0.2618
9.828,111,-0.2618
9.8259,111,-0.2618
9.8239,111,-0.2618
9.8218,111,-0.2618
9.8197,111,-0.2618
9.8176,111,-0.2618
9.8155,111,-0.2618
9.8135,111,-0.2618
9.8114,111,-0.2618
9.8093,111,-0.2618
9.8072,111,-0.2618
9.8051,111,-0.2618
9.8031,111,-0.2618
9.801,111,-0.2618
9.7989,111,-0.2618
9.7968,111,-0.2618
9.7948,111,-0.2618
9.7927,111,-0.2618
9.7906,111,-0.2618
9.7885,111,-0.2618
9.7865,111,-0.2618
9.7844,111,-0.2618
9.7823,111,-0.2618
9.7802,111,-0.2618
9.7782,111,-0.2618
9.7761,111,-0.2618
9.774,111,-0.2618
9.772,111,-0.2618
9.7699,111,-0.2618
9.7678,111,-0.2618
9.7658,111,-0.2618
9.7637,111,-0.2618
9.7616,111,-0.2618
9.7595,111,-0.2618
9.7575,111,-0.2618
9.7554,111,-0.2618
9.7533,111,-0.2618
9.7513,111,-0.2618
9.7492,111,-0.2618
9.7472,111,-0.2618
9.7451,111,-0.2618
9.743,111,-0.2618
9.741,111,-0.2618
9.7389,111,-0.2618
9.7368,111,-0.2618
9.7348,111,-0.2618
9.7327,111,-0.2618
9.7307,111,-0.2618
9.7286,111,-0.2618
9.7265,111,-0.2618
9.7245,111,-0.2618
9.7224,111,-0.2618
9.7204,111,-0.2618
9.7183,111,-0.2618
9.7162,111,-0.2618
9.7142,111,-0.2618
9.7121,111,-0.2618
9.7101,111,-0.2618
9.708,111,-0.2618
9.706,111,-0.2618
9.7039,111,-0.2618
9.7019,111,-0.2618
9.6998,111,-0.2618
9.6977,111,-0.2618
9.6957,111,-0.2618
9.6936,111,-0.2618
9.6916,111,-0.2618
9.6895,111,-0.2618
9.6875,111,-0.2618
9.6854,111,-0.2618
9.6834,111,-0.2618
9.6813,111,-0.2618
9.6793,111,-0.2618
9.6772,111,-0.2618
9.6752,111,-0.2618
9.6731,111,-0.2618
9.6711,111,-0.2618
9.6691,111,-0.2618
9.667,111,-0.2618
9.665,111,-0.2618
9.6629,111,-0.2618
9.6609,111,-0.2618
9.6588,111,-0.2618
9.6568,111,-0.2618
9.6547,111,-0.2618
9.6527,111,-0.2618
9.6507,111,-0.2618
9.6486,111,-0.2618
9.6466,111,-0.2618
9.6445,111,-0.2618
9.6425,111,-0.2618
9.6405,111,-0.2618
9.6384,111,-0.2618
9.6364,111,-0.2618
9.6343,111,-0.2618
9.6323,111,-0.2618
9.6303,111,-0.2618
9.6282,111,-0.2618
9.6262,111,-0.2618
9.6242,111,-0.2618
9.6221,111,-0.2618
9.6201,111,-0.2618
9.618,111,-0.2618
9.616,111,-0.2618
9.614,111,-0.2618
9.6119,111,-0.2618
9.6099,111,-0.2618
9.6079,111,-0.2618
9.6059,111,-0.2618
9.6038,111,-0.2618
9.6018,111,-0.2618
9.5998,111,-0.2618
9.5977,111,-0.2618
9.5957,111,-0.2618
9.5937,111,-0.2618
9.5916,111,-0.2618
9.5896,111,-0.2618
9.5876,111,-0.2618
9.5856,111,-0.2618
9.5835,111,-0.2618
9.5815,111,-0.2618
9.5795,111,-0.2618
9.5775,111,-0.2618
9.5754,111,-0.2618
9.5734,111,-0.2618
9.5714,111,-0.2618
9.5694,111,-0.2618
9.5673,111,-0.2618
9.5653,111,-0.2618
9.5633,111,-0.2618
9.5613,111,-0.2618
9.5593,111,-0.2618
9.5572,111,-0.2618
9.5552,111,-0.2618
9.5532,111,-0.2618
9.5512,111,-0.2618
9.5492,111,-0.2618
9.5471,111,-0.2618
9.5451,111,-0.2618
9.5431,111,-0.2618
9.5411,111,-0.2618
9.5391,111,-0.2618
9.5371,111,-0.2618
9.535,111,-0.2618
9.533,111,-0.2618
9.531,111,-0.2618
9.529,111,-0.2618
9.527,111,-0.2618
9.525,111,-0.2618
9.523,111,-0.2618
9.5209,111,-0.2618
9.5189,111,-0.2618
9.5169,111,-0.2618
9.5149,111,-0.2618
9.5129,111,-0.2618
9.5109,111,-0.2618
9.5089,111,-0.2618
9.5069,111,-0.2618
9.5049,111,-0.2618
9.5029,111,-0.2618
9.5008,111,-0.2618
9.4988,111,-0.2618
9.4968,111,-0.2618
9.4948,111,-0.2618
9.4928,111,-0.2618
9.4908,111,-0.2618
9.4888,111,-0.2618
9.4868,111,-0.2618
9.4848,111,-0.2618
9.4828,111,-0.2618
9.4808,111,-0.2618
9.4788,111,-0.2618
9.4768,111,-0.2618
9.4748,111,-0.2618
9.4728,111,-0.2618
9.4708,111,-0.2618
9.4688,111,-0.2618
9.4668,111,-0.2618
9.4648,111,-0.2618
9.4628,111,-0.2618
9.4608,111,-0.2618
9.4588,111,-0.2618
9.4568,111,-0.2618
9.4548,111,-0.2618
9.4528,111,-0.2618
9.4508,111,-0.2618
9.4488,111,-0.2618
9.4468,111,-0.2618
9.4448,111,-0.2618
9.4428,111,-0.2618
9.4408,111,-0.2618
9.4389,111,-0.2618
9.4369,111,-0.2618
9.4349,111,-0.2618
9.4329,111,-0.2618
9.4309,111,-0.2618
9.4289,111,-0.2618
9.4269,111,-0.2618
9.4249,111,-0.2618
9.4229,111,-0.2618
9.4209,111,-0.2618
9.4189,111,-0.2618
9.417,111,-0.2618
9.415,111,-0.2618
9.413,111,-0.2618
9.411,111,-0.2618
9.409,111,-0.2618
9.407,111,-0.2618
9.405,111,-0.2618
9.4031,111,-0.2618
9.4011,111,-0.2618
9.3991,111,-0.2618
9.3971,111,-0.2618
9.3951,111,-0.2618
9.3931,111,-0.2618
9.3912,111,-0.2618
9.3892,111,-0.2618
9.3872,111,-0.2618
9.3852,111,-0.2618
9.3832,111,-0.2618
9.3813,111,-0.2618
9.3793,111,-0.2618
9.3773,111,-0.2618
9.3753,111,-0.2618
9.3733,111,-0.2618
9.3714,111,-0.2618
9.3694,111,-0.2618
9.3674,111,-0.2618
9.3654,111,-0.2618
9.3635,111,-0.2618
9.3615,111,-0.2618
9.3595,111,-0.2618
9.3575,111,-0.2618
9.3556,111,-0.2618
9.3536,111,-0.2618
9.3516,111,-0.2618
9.3496,111,-0.2618
9.3477,111,-0.2618
9.3457,111,-0.2618
9.3437,111,-0.2618
9.3418,111,-0.2618
9.3398,111,-0.2618
9.3378,111,-0.2618
9.3358,111,-0.2618
9.3339,111,-0.2618
9.3319,111,-0.2618
9.3299,111,-0.2618
9.328,111,-0.2618
9.326,111,-0.2618
9.324,111,-0.2618
9.3221,111,-0.2618
9.3201,111,-0.2618
9.3181,111,-0.2618
9.3162,111,-0.2618
9.3142,111,-0.2618
9.3123,111,-0.2618
9.3103,111,-0.2618
9.3083,111,-0.2618
9.3064,111,-0.2618
9.3044,111,-0.2618
9.3024,111,-0.2618
9.3005,111,-0.2618
9.2985,111,-0.2618
9.2966,111,-0.2618
9.2946,111,-0.2618
9.2926,111,-0.2618
9.2907,111,-0.2618
9.2887,111,-0.2618
9.2868,111,-0.2618
9.2848,111,-0.2618
9.2829,111,-0.2618
9.2809,111,-0.2618
9.2789,111,-0.2618
9.277,111,-0.2618
9.275,111,-0.2618
9.2731,111,-0.2618
9.2711,111,-0.2618
9.2692,111,-0.2618
9.2672,111,-0.2618
9.2653,111,-0.2618
9.2633,111,-0.2618
9.2614,111,-0.2618
9.2594,111,-0.2618
9.2575,111,-0.2618
9.2555,111,-0.2618
9.2536,111,-0.2618
9.2516,111,-0.2618
9.2497,111,-0.2618
9.2477,111,-0.2618
9.2458,111,-0.2618
9.2438,111,-0.2618
9.2419,111,-0.2618
9.2399,111,-0.2618
9.238,111,-0.2618
9.236,111,-0.2618
9.2341,111,-0.2618
9.2321,111,-0.2618
9.2302,111,-0.2618
9.2282,111,-0.2618
9.2263,111,-0.2618
9.2244,111,-0.2618
9.2224,111,-0.2618
9.2205,111,-0.2618
9.2185,111,-0.2618
9.2166,111,-0.2618
9.2146,111,-0.2618
9.2127,111,-0.2618
9.2108,111,-0.2618
9.2088,111,-0.2618
9.2069,111,-0.2618
9.2049,111,-0.2618
9.203,111,-0.2618
9.2011,111,-0.2618
9.1991,111,-0.2618
9.1972,111,-0.2618
9.1953,111,-0.2618
9.1933,111,-0.2618
9.1914,111,-0.2618
9.1895,111,-0.2618
9.1875,111,-0.2618
9.1856,111,-0.2618
9.1836,111,-0.2618
9.1817,111,-0.2618
9.1798,111,-0.2618
9.1778,111,-0.2618
9.1759,111,-0.2618
9.174,111,-0.2618
9.1721,111,-0.2618
9.1701,111,-0.2618
9.1682,111,-0.2618
9.1663,111,-0.2618
9.1643,111,-0.2618
9.1624,111,-0.2618
9.1605,111,-0.2618
9.1585,111,-0.2618
9.1566,111,-0.2618
9.1547,111,-0.2618
9.1528,111,-0.2618
9.1508,111,-0.2618
9.1489,111,-0.2618
9.147,111,-0.2618
9.1451,111,-0.2618
9.1431,111,-0.2618
9.1412,111,-0.2618
9.1393,111,-0.2618
9.1374,111,-0.2618
9.1354,111,-0.2618
9.1335,111,-0.2618
9.1316,111,-0.2618
9.1297,111,-0.2618
9.1278,111,-0.2618
9.1258,111,-0.2618
9.1239,111,-0.2618
9.122,111,-0.2618
9.1201,111,-0.2618
9.1182,111,-0.2618
9.1162,111,-0.2618
9.1143,111,-0.2618
9.1124,111,-0.2618
9.1105,111,-0.2618
9.1086,111,-0.2618
9.1067,111,-0.2618
9.1047,111,-0.2618
9.1028,111,-0.2618
9.1009,111,-0.2618
9.099,111,-0.2618
9.0971,111,-0.2618
9.0952,111,-0.2618
9.0933,111,-0.2618
9.0913,111,-0.2618
9.0894,111,-0.2618
9.0875,111,-0.2618
9.0856,111,-0.2618
9.0837,111,-0.2618
9.0818,111,-0.2618
9.0799,111,-0.2618
9.078,111,-0.2618
9.0761,111,-0.2618
9.0741,111,-0.2618
9.0722,111,-0.2618
9.0703,111,-0.2618
9.0684,111,-0.2618
9.0665,111,-0.2618
9.0646,111,-0.2618
9.0627,111,-0.2618
9.0608,111,-0.2618
9.0589,111,-0.2618
9.057,111,-0.2618
9.0551,111,-0.2618
9.0532,111,-0.2618
9.0513,111,-0.2618
9.0494,111,-0.2618
9.0475,111,-0.2618
9.0456,111,-0.2618
9.0437,111,-0.2618
9.0418,111,-0.2618
9.0399,111,-0.2618
9.038,111,-0.2618
9.0361,111,-0.2618
9.0342,111,-0.2618
9.0323,111,-0.2618
9.0304,111,-0.2618
9.0285,111,-0.2618
9.0266,111,-0.2618
9.0247,111,-0.2618
9.0228,111,-0.2618
9.0209,111,-0.2618
9.019,111,-0.2618
9.0171,111,-0.2618
9.0152,111,-0.2618
9.0133,111,-0.2618
9.0114,111,-0.2618
9.0095,111,-0.2618
9.0076,111,-0.2618
9.0057,111,-0.2618
9.0038,111,-0.2618
9.0019,111,-0.2618
9,111,-0.2618
8.9981,111,-0.2618
8.9963,111,-0.2618
8.9944,111,-0.2618
8.9925,111,-0.2618
8.9906,111,-0.2618
8.9887,111,-0.2618
8.9868,111,-0.2618
8.9849,111,-0.2618
8.983,111,-0.2618
8.9811,111,-0.2618
8.9793,111,-0.2618
8.9774,111,-0.2618
8.9755,111,-0.2618
8.9736,111,-0.2618
8.9717,111,-0.2618
8.9698,111,-0.2618
8.9679,111,-0.2618
8.9661,111,-0.2618
8.9642,111,-0.2618
8.9623,111,-0.2618
8.9604,111,-0.2618
8.9585,111,-0.2618
8.9567,111,-0.2618
8.9548,111,-0.2618
8.9529,111,-0.2618
8.951,111,-0.2618
8.9491,111,-0.2618
8.9472,111,-0.2618
8.9454,111,-0.2618
8.9435,111,-0.2618
8.9416,111,-0.2618
8.9397,111,-0.2618
8.9379,111,-0.2618
8.936,111,-0.2618
8.9341,111,-0.2618
8.9322,111,-0.2618
8.9304,111,-0.2618
8.9285,111,-0.2618
8.9266,111,-0.2618
8.9247,111,-0.2618
8.9229,111,-0.2618
8.921,111,-0.2618
8.9191,111,-0.2618
8.9172,111,-0.2618
8.9154,111,-0.2618
8.9135,111,-0.2618
8.9116,111,-0.2618
8.9097,111,-0.2618
8.9079,111,-0.2618
8.906,111,-0.2618
8.9041,111,-0.2618
8.9023,111,-0.2618
8.9004,111,-0.2618
8.8985,111,-0.2618
8.8967,111,-0.2618
8.8948,111,-0.2618
8.8929,111,-0.2618
8.8911,111,-0.2618
8.8892,111,-0.2618
8.8873,111,-0.2618
8.8855,111,-0.2618
8.8836,111,-0.2618
8.8817,111,-0.2618
8.8799,111,-0.2618
8.878,111,-0.2618
8.8761,111,-0.2618
8.8743,111,-0.2618
8.8724,111,-0.2618
8.8706,111,-0.2618
8.8687,111,-0.2618
8.8668,111,-0.2618
8.865,111,-0.2618
8.8631,111,-0.2618
8.8612,111,-0.2618
8.8594,111,-0.2618
8.8575,111,-0.2618
8.8557,111,-0.2618
8.8538,111,-0.2618
8.852,111,-0.2618
8.8501,111,-0.2618
8.8482,111,-0.2618
8.8464,111,-0.2618
8.8445,111,-0.2618
8.8427,111,-0.2618
8.8408,111,-0.2618
8.839,111,-0.2618
8.8371,111,-0.2618
8.8353,111,-0.2618
8.8334,111,-0.2618
8.8315,111,-0.2618
8.8297,111,-0.2618
8.8278,111,-0.2618
8.826,111,-0.2618
8.8241,111,-0.2618
8.8223,111,-0.2618
8.8204,111,-0.2618
8.8186,111,-0.2618
8.8167,111,-0.2618
8.8149,111,-0.2618
8.813,111,-0.2618
8.8112,111,-0.2618
8.8093,111,-0.2618
8.8075,111,-0.2618
8.8056,111,-0.2618
8.8038,111,-0.2618
8.802,111,-0.2618
8.8001,111,-0.2618
8.7983,111,-0.2618
8.7964,111,-0.2618
8.7946,111,-0.2618
8.7927,111,-0.2618
8.7909,111,-0.2618
8.789,111,-0.2618
8.7872,111,-0.2618
8.7854,111,-0.2618
8.7835,111,-0.2618
8.7817,111,-0.2618
8.7798,111,-0.2618
8.778,111,-0.2618
8.7762,111,-0.2618
8.7743,111,-0.2618
8.7725,111,-0.2618
8.7706,111,-0.2618
8.7688,111,-0.2618
8.767,111,-0.2618
8.7651,111,-0.2618
8.7633,111,-0.2618
8.7614,111,-0.2618
8.7596,111,-0.2618
8.7578,111,-0.2618
8.7559,111,-0.2618
8.7541,111,-0.2618
8.7523,111,-0.2618
8.7504,111,-0.2618
8.7486,111,-0.2618
8.7468,111,-0.2618
8.7449,111,-0.2618
8.7431,111,-0.2618
8.7413,111,-0.2618
8.7394,111,-0.2618
8.7376,111,-0.2618
8.7358,111,-0.2618
8.7339,111,-0.2618
8.7321,111,-0.2618
8.7303,111,-0.2618
8.7284,111,-0.2618
8.7266,111,-0.2618
8.7248,111,-0.2618
8.723,111,-0.2618
8.7211,111,-0.2618
8.7193,111,-0.2618
8.7175,111,-0.2618
8.7157,111,-0.2618
8.7138,111,-0.2618
8.712,111,-0.2618
8.7102,111,-0.2618
8.7083,111,-0.2618
8.7065,111,-0.2618
8.7047,111,-0.2618
8.7029,111,-0.2618
8.7011,111,-0.2618
8.6992,111,-0.2618
8.6974,111,-0.2618
8.6956,111,-0.2618
8.6938,111,-0.2618
8.6919,111,-0.2618
8.6901,111,-0.2618
8.6883,111,-0.2618
8.6865,111,-0.2618
8.6847,111,-0.2618
8.6828,111,-0.2618
8.681,111,-0.2618
8.6792,111,-0.2618
8.6774,111,-0.2618
8.6756,111,-0.2618
8.6738,111,-0.2618
8.6719,111,-0.2618
8.6701,111,-0.2618
8.6683,111,-0.2618
8.6665,111,-0.2618
8.6647,111,-0.2618
8.6629,111,-0.2618
8.661,111,-0.2618
8.6592,111,-0.2618
8.6574,111,-0.2618
8.6556,111,-0.2618
8.6538,111,-0.2618
8.652,111,-0.2618
8.6502,111,-0.2618
8.6484,111,-0.2618
8.6465,111,-0.2618
8.6447,111,-0.2618
8.6429,111,-0.2618
8.6411,111,-0.2618
8.6393,111,-0.2618
8.6375,111,-0.2618
8.6357,111,-0.2618
8.6339,111,-0.2618
8.6321,111,-0.2618
8.6303,111,-0.2618
8.6285,111,-0.2618
8.6267,111,-0.2618
8.6248,111,-0.2618
8.623,111,-0.2618
8.6212,111,-0.2618
8.6194,111,-0.2618
8.6176,111,-0.2618
8.6158,111,-0.2618
8.614,111,-0.2618
8.6122,111,-0.2618
8.6104,111,-0.2618
8.6086,111,-0.2618
8.6068,111,-0.2618
8.605,111,-0.2618
8.6032,111,-0.2618
8.6014,111,-0.2618
8.5996,111,-0.2618
8.5978,111,-0.2618
8.596,111,-0.2618
8.5942,111,-0.2618
8.5924,111,-0.2618
8.5906,111,-0.2618
8.5888,111,-0.2618
8.587,111,-0.2618
8.5852,111,-0.2618
8.5834,111,-0.2618
8.5816,111,-0.2618
8.5798,111,-0.2618
8.578,111,-0.2618
8.5762,111,-0.2618
8.5745,111,-0.2618
8.5727,111,-0.2618
8.5709,111,-0.2618
8.5691,111,-0.2618
8.5673,111,-0.2618
8.5655,111,-0.2618
8.5637,111,-0.2618
8.5619,111,-0.2618
8.5601,111,-0.2618
8.5583,111,-0.2618
8.5565,111,-0.2618
8.5547,111,-0.2618
8.5529,111,-0.2618
8.5512,111,-0.2618
8.5494,111,-0.2618
8.5476,111,-0.2618
8.5458,111,-0.2618
8.544,111,-0.2618
8.5422,111,-0.2618
8.5404,111,-0.2618
8.5386,111,-0.2618
8.5369,111,-0.2618
8.5351,111,-0.2618
8.5333,111,-0.2618
8.5315,111,-0.2618
8.5297,111,-0.2618
8.5279,111,-0.2618
8.5262,111,-0.2618
8.5244,111,-0.2618
8.5226,111,-0.2618
8.5208,111,-0.2618
8.519,111,-0.2618
8.5172,111,-0.2618
8.5155,111,-0.2618
8.5137,111,-0.2618
8.5119,111,-0.2618
8.5101,111,-0.2618
8.5083,111,-0.2618
8.5066,111,-0.2618
8.5048,111,-0.2618
8.503,111,-0.2618
8.5012,111,-0.2618
8.4995,111,-0.2618
8.4977,111,-0.2618
8.4959,111,-0.2618
8.4941,111,-0.2618
8.4923,111,-0.2618
8.4906,111,-0.2618
8.4888,111,-0.2618
8.487,111,-0.2618
8.4852,111,-0.2618
8.4835,111,-0.2618
8.4817,111,-0.2618
8.4799,111,-0.2618
8.4782,111,-0.2618
8.4764,111,-0.2618
8.4746,111,-0.2618
8.4728,111,-0.2618
8.4711,111,-0.2618
8.4693,111,-0.2618
8.4675,111,-0.2618
8.4658,111,-0.2618
8.464,111,-0.2618
8.4622,111,-0.2618
8.4605,111,-0.2618
8.4587,111,-0.2618
8.4569,111,-0.2618
8.4552,111,-0.2618
8.4534,111,-0.2618
8.4516,111,-0.2618
8.4499,111,-0.2618
8.4481,111,-0.2618
8.4463,111,-0.2618
8.4446,111,-0.2618
8.4428,111,-0.2618
8.441,111,-0.2618
8.4393,111,-0.2618
8.4375,111,-0.2618
8.4357,111,-0.2618
8.434,111,-0.2618
8.4322,111,-0.2618
8.4305,111,-0.2618
8.4287,111,-0.2618
8.4269,111,-0.2618
8.4252,111,-0.2618
8.4234,111,-0.2618
8.4216,111,-0.2618
8.4199,111,-0.2618
8.4181,111,-0.2618
8.4164,111,-0.2618
8.4146,111,-0.2618
8.4129,111,-0.2618
8.4111,111,-0.2618
8.4093,111,-0.2618
8.4076,111,-0.2618
8.4058,111,-0.2618
8.4041,111,-0.2618
8.4023,111,-0.2618
8.4006,111,-0.2618
8.3988,111,-0.2618
8.3971,111,-0.2618
8.3953,111,-0.2618
8.3935,111,-0.2618
8.3918,111,-0.2618
8.39,111,-0.2618
8.3883,111,-0.2618
8.3865,111,-0.2618
8.3848,111,-0.2618
8.383,111,-0.2618
8.3813,111,-0.2618
8.3795,111,-0.2618
8.3778,111,-0.2618
8.376,111,-0.2618
8.3743,111,-0.2618
8.3725,111,-0.2618
8.3708,111,-0.2618
8.369,111,-0.2618
8.3673,111,-0.2618
8.3656,111,-0.2618
8.3638,111,-0.2618
8.3621,111,-0.2618
8.3603,111,-0.2618
8.3586,111,-0.2618
8.3568,111,-0.2618
8.3551,111,-0.2618
8.3533,111,-0.2618
8.3516,111,-0.2618
8.3498,111,-0.2618
8.3481,111,-0.2618
8.3464,111,-0.2618
8.3446,111,-0.2618
8.3429,111,-0.2618
8.3411,111,-0.2618
8.3394,111,-0.2618
8.3377,111,-0.2618
8.3359,111,-0.2618
8.3342,111,-0.2618
8.3324,111,-0.2618
8.3307,111,-0.2618
8.329,111,-0.2618
8.3272,111,-0.2618
8.3255,111,-0.2618
8.3237,111,-0.2618
8.322,111,-0.2618
8.3203,111,-0.2618
8.3185,111,-0.2618
8.3168,111,-0.2618
8.3151,111,-0.2618
8.3133,111,-0.2618
8.3116,111,-0.2618
8.3099,111,-0.2618
8.3081,111,-0.2618
8.3064,111,-0.2618
8.3047,111,-0.2618
8.3029,111,-0.2618
8.3012,111,-0.2618
8.2995,111,-0.2618
8.2977,111,-0.2618
8.296,111,-0.2618
8.2943,111,-0.2618
8.2925,111,-0.2618
8.2908,111,-0.2618
8.2891,111,-0.2618
8.2873,111,-0.2618
8.2856,111,-0.2618
8.2839,111,-0.2618
8.2822,111,-0.2618
8.2804,111,-0.2618
8.2787,111,-0.2618
8.277,111,-0.2618
8.2753,111,-0.2618
8.2735,111,-0.2618
8.2718,111,-0.2618
8.2701,111,-0.2618
8.2684,111,-0.2618
8.2666,111,-0.2618
8.2649,111,-0.2618
8.2632,111,-0.2618
8.2615,111,-0.2618
8.2597,111,-0.2618
8.258,111,-0.2618
8.2563,111,-0.2618
8.2546,111,-0.2618
8.2528,111,-0.2618
8.2511,111,-0.2618
8.2494,111,-0.2618
8.2477,111,-0.2618
8.246,111,-0.2618
8.2442,111,-0.2618
8.2425,111,-0.2618
8.2408,111,-0.2618
8.2391,111,-0.2618
8.2374,111,-0.2618
8.2357,111,-0.2618
8.2339,111,-0.2618
8.2322,111,-0.2618
8.2305,111,-0.2618
8.2288,111,-0.2618
8.2271,111,-0.2618
8.2254,111,-0.2618
8.2236,111,-0.2618
8.2219,111,-0.2618
8.2202,111,-0.2618
8.2185,111,-0.2618
8.2168,111,-0.2618
8.2151,111,-0.2618
8.2134,111,-0.2618
8.2117,111,-0.2618
8.2099,111,-0.2618
8.2082,111,-0.2618
8.2065,111,-0.2618
8.2048,111,-0.2618
8.2031,111,-0.2618
8.2014,111,-0.2618
8.1997,111,-0.2618
8.198,111,-0.2618
8.1963,111,-0.2618
8.1946,111,-0.2618
8.1928,111,-0.2618
8.1911,111,-0.2618
8.1894,111,-0.2618
8.1877,111,-0.2618
8.186,111,-0.2618
8.1843,111,-0.2618
8.1826,111,-0.2618
8.1809,111,-0.2618
8.1792,111,-0.2618
8.1775,111,-0.2618
8.1758,111,-0.2618
8.1741,111,-0.2618
8.1724,111,-0.2618
8.1707,111,-0.2618
8.169,111,-0.2618
8.1673,111,-0.2618
8.1656,111,-0.2618
8.1639,111,-0.2618
8.1622,111,-0.2618
8.1605,111,-0.2618
8.1588,111,-0.2618
8.1571,111,-0.2618
8.1554,111,-0.2618
8.1537,111,-0.2618
8.152,111,-0.2618
8.1503,111,-0.2618
8.1486,111,-0.2618
8.1469,111,-0.2618
8.1452,111,-0.2618
8.1435,111,-0.2618
8.1418,111,-0.2618
8.1401,111,-0.2618
8.1384,111,-0.2618
8.1367,111,-0.2618
8.135,111,-0.2618
8.1333,111,-0.2618
8.1316,111,-0.2618
8.1299,111,-0.2618
8.1282,111,-0.2618
8.1265,111,-0.2618
8.1248,111,-0.2618
8.1232,111,-0.2618
8.1215,111,-0.2618
8.1198,111,-0.2618
8.1181,111,-0.2618
8.1164,111,-0.2618
8.1147,111,-0.2618
8.113,111,-0.2618
8.1113,111,-0.2618
8.1096,111,-0.2618
8.1079,111,-0.2618
8.1063,111,-0.2618
8.1046,111,-0.2618
8.1029,111,-0.2618
8.1012,111,-0.2618
8.0995,111,-0.2618
8.0978,111,-0.2618
8.0961,111,-0.2618
8.0944,111,-0.2618
8.0928,111,-0.2618
8.0911,111,-0.2618
8.0894,111,-0.2618
8.0877,111,-0.2618
8.086,111,-0.2618
8.0843,111,-0.2618
8.0827,111,-0.2618
8.081,111,-0.2618
8.0793,111,-0.2618
8.0776,111,-0.2618
8.0759,111,-0.2618
8.0743,111,-0.2618
8.0726,111,-0.2618
8.0709,111,-0.2618
8.0692,111,-0.2618
8.0675,111,-0.2618
8.0659,111,-0.2618
8.0642,111,-0.2618
8.0625,111,-0.2618
8.0608,111,-0.2618
8.0591,111,-0.2618
8.0575,111,-0.2618
8.0558,111,-0.2618
8.0541,111,-0.2618
8.0524,111,-0.2618
8.0508,111,-0.2618
8.0491,111,-0.2618
8.0474,111,-0.2618
8.0457,111,-0.2618
8.0441,111,-0.2618
8.0424,111,-0.2618
8.0407,111,-0.2618
8.039,111,-0.2618
8.0374,111,-0.2618
8.0357,111,-0.2618
8.034,111,-0.2618
8.0323,111,-0.2618
8.0307,111,-0.2618
8.029,111,-0.2618
8.0273,111,-0.2618
8.0257,111,-0.2618
8.024,111,-0.2618
8.0223,111,-0.2618
8.0207,111,-0.2618
8.019,111,-0.2618
8.0173,111,-0.2618
8.0157,111,-0.2618
8.014,111,-0.2618
8.0123,111,-0.2618
8.0107,111,-0.2618
8.009,111,-0.2618
8.0073,111,-0.2618
8.0057,111,-0.2618
8.004,111,-0.2618
8.0023,111,-0.2618
8.0007,111,-0.2618
7.999,111,-0.2618
7.9973,111,-0.2618
7.9957,111,-0.2618
7.994,111,-0.2618
7.9923,111,-0.2618
7.9907,111,-0.2618
7.989,111,-0.2618
7.9874,111,-0.2618
7.9857,111,-0.2618
7.984,111,-0.2618
7.9824,111,-0.2618
7.9807,111,-0.2618
7.9791,111,-0.2618
7.9774,111,-0.2618
7.9757,111,-0.2618
7.9741,111,-0.2618
7.9724,111,-0.2618
7.9708,111,-0.2618
7.9691,111,-0.2618
7.9675,111,-0.2618
7.9658,111,-0.2618
7.9641,111,-0.2618
7.9625,111,-0.2618
7.9608,111,-0.2618
7.9592,111,-0.2618
7.9575,111,-0.2618
7.9559,111,-0.2618
7.9542,111,-0.2618
7.9526,111,-0.2618
7.9509,111,-0.2618
7.9492,111,-0.2618
7.9476,111,-0.2618
7.9459,111,-0.2618
7.9443,111,-0.2618
7.9426,111,-0.2618
7.941,111,-0.2618
7.9393,111,-0.2618
7.9377,111,-0.2618
7.936,111,-0.2618
7.9344,111,-0.2618
7.9327,111,-0.2618
7.9311,111,-0.2618
7.9294,111,-0.2618
7.9278,111,-0.2618
7.9261,111,-0.2618
7.9245,111,-0.2618
7.9229,111,-0.2618
7.9212,111,-0.2618
7.9196,111,-0.2618
7.9179,111,-0.2618
7.9163,111,-0.2618
7.9146,111,-0.2618
7.913,111,-0.2618
7.9113,111,-0.2618
7.9097,111,-0.2618
7.908,111,-0.2618
7.9064,111,-0.2618
7.9048,111,-0.2618
7.9031,111,-0.2618
7.9015,111,-0.2618
7.8998,111,-0.2618
7.8982,111,-0.2618
7.8966,111,-0.2618
7.8949,111,-0.2618
7.8933,111,-0.2618
7.8916,111,-0.2618
7.89,111,-0.2618
7.8884,111,-0.2618
7.8867,111,-0.2618
7.8851,111,-0.2618
7.8834,111,-0.2618
7.8818,111,-0.2618
7.8802,111,-0.2618
7.8785,111,-0.2618
7.8769,111,-0.2618
7.8753,111,-0.2618
7.8736,111,-0.2618
7.872,111,-0.2618
7.8703,111,-0.2618
7.8687,111,-0.2618
7.8671,111,-0.2618
7.8654,111,-0.2618
7.8638,111,-0.2618
7.8622,111,-0.2618
7.8605,111,-0.2618
7.8589,111,-0.2618
7.8573,111,-0.2618
7.8556,111,-0.2618
7.854,111,-0.2618
7.8524,111,-0.2618
7.8508,111,-0.2618
7.8491,111,-0.2618
7.8475,111,-0.2618
7.8459,111,-0.2618
7.8442,111,-0.2618
7.8426,111,-0.2618
7.841,111,-0.2618
7.8393,111,-0.2618
7.8377,111,-0.2618
7.8361,111,-0.2618
7.8345,111,-0.2618
7.8328,111,-0.2618
7.8312,111,-0.2618
7.8296,111,-0.2618
7.828,111,-0.2618
7.8263,111,-0.2618
7.8247,111,-0.2618
7.8231,111,-0.2618
7.8215,111,-0.2618
7.8198,111,-0.2618
7.8182,111,-0.2618
7.8166,111,-0.2618
7.815,111,-0.2618
7.8133,111,-0.2618
7.8117,111,-0.2618
7.8101,111,-0.2618
7.8085,111,-0.2618
7.8069,111,-0.2618
7.8052,111,-0.2618
7.8036,111,-0.2618
7.802,111,-0.2618
7.8004,111,-0.2618
7.7988,111,-0.2618
7.7971,111,-0.2618
7.7955,111,-0.2618
7.7939,111,-0.2618
7.7923,111,-0.2618
7.7907,111,-0.2618
7.7891,111,-0.2618
7.7874,111,-0.2618
7.7858,111,-0.2618
7.7842,111,-0.2618
7.7826,111,-0.2618
7.781,111,-0.2618
7.7794,111,-0.2618
7.7778,111,-0.2618
7.7761,111,-0.2618
7.7745,111,-0.2618
7.7729,111,-0.2618
7.7713,111,-0.2618
7.7697,111,-0.2618
7.7681,111,-0.2618
7.7665,111,-0.2618
7.7648,111,-0.2618
7.7632,111,-0.2618
7.7616,111,-0.2618
7.76,111,-0.2618
7.7584,111,-0.2618
7.7568,111,-0.2618
7.7552,111,-0.2618
7.7536,111,-0.2618
7.752,111,-0.2618
7.7504,111,-0.2618
7.7488,111,-0.2618
7.7471,111,-0.2618
7.7455,111,-0.2618
7.7439,111,-0.2618
7.7423,111,-0.2618
7.7407,111,-0.2618
7.7391,111,-0.2618
7.7375,111,-0.2618
7.7359,111,-0.2618
7.7343,111,-0.2618
7.7327,111,-0.2618
7.7311,111,-0.2618
7.7295,111,-0.2618
7.7279,111,-0.2618
7.7263,111,-0.2618
7.7247,111,-0.2618
7.7231,111,-0.2618
7.7215,111,-0.2618
7.7199,111,-0.2618
7.7183,111,-0.2618
7.7167,111,-0.2618
7.7151,111,-0.2618
7.7135,111,-0.2618
7.7119,111,-0.2618
7.7103,111,-0.2618
7.7087,111,-0.2618
7.7071,111,-0.2618
7.7055,111,-0.2618
7.7039,111,-0.2618
7.7023,111,-0.2618
7.7007,111,-0.2618
7.6991,111,-0.2618
7.6975,111,-0.2618
7.6959,111,-0.2618
7.6943,111,-0.2618
7.6927,111,-0.2618
7.6911,111,-0.2618
7.6895,111,-0.2618
7.6879,111,-0.2618
7.6863,111,-0.2618
7.6847,111,-0.2618
7.6831,111,-0.2618
7.6816,111,-0.2618
7.68,111,-0.2618
7.6784,111,-0.2618
7.6768,111,-0.2618
7.6752,111,-0.2618
7.6736,111,-0.2618
7.672,111,-0.2618
7.6704,111,-0.2618
7.6688,111,-0.2618
7.6672,111,-0.2618
7.6656,111,-0.2618
7.6641,111,-0.2618
7.6625,111,-0.2618
7.6609,111,-0.2618
7.6593,111,-0.2618
7.6577,111,-0.2618
7.6561,111,-0.2618
7.6545,111,-0.2618
7.6529,111,-0.2618
7.6514,111,-0.2618
7.6498,111,-0.2618
7.6482,111,-0.2618
7.6466,111,-0.2618
7.645,111,-0.2618
7.6434,111,-0.2618
7.6418,111,-0.2618
7.6403,111,-0.2618
7.6387,111,-0.2618
7.6371,111,-0.2618
7.6355,111,-0.2618
7.6339,111,-0.2618
7.6324,111,-0.2618
7.6308,111,-0.2618
7.6292,111,-0.2618
7.6276,111,-0.2618
7.626,111,-0.2618
7.6244,111,-0.2618
7.6229,111,-0.2618
7.6213,111,-0.2618
7.6197,111,-0.2618
7.6181,111,-0.2618
7.6166,111,-0.2618
7.615,111,-0.2618
7.6134,111,-0.2618
7.6118,111,-0.2618
7.6102,111,-0.2618
7.6087,111,-0.2618
7.6071,111,-0.2618
7.6055,111,-0.2618
7.6039,111,-0.2618
7.6024,111,-0.2618
7.6008,111,-0.2618
7.5992,111,-0.2618
7.5976,111,-0.2618
7.5961,111,-0.2618
7.5945,111,-0.2618
7.5929,111,-0.2618
7.5913,111,-0.2618
7.5898,111,-0.2618
7.5882,111,-0.2618
7.5866,111,-0.2618
7.5851,111,-0.2618
7.5835,111,-0.2618
7.5819,111,-0.2618
7.5804,111,-0.2618
7.5788,111,-0.2618
7.5772,111,-0.2618
7.5756,111,-0.2618
7.5741,111,-0.2618
7.5725,111,-0.2618
7.5709,111,-0.2618
7.5694,111,-0.2618
7.5678,111,-0.2618
7.5662,111,-0.2618
7.5647,111,-0.2618
7.5631,111,-0.2618
7.5615,111,-0.2618
7.56,111,-0.2618
7.5584,111,-0.2618
7.5568,111,-0.2618
7.5553,111,-0.2618
7.5537,111,-0.2618
7.5521,111,-0.2618
7.5506,111,-0.2618
7.549,111,-0.2618
7.5475,111,-0.2618
7.5459,111,-0.2618
7.5443,111,-0.2618
7.5428,111,-0.2618
7.5412,111,-0.2618
7.5397,111,-0.2618
7.5381,111,-0.2618
7.5365,111,-0.2618
7.535,111,-0.2618
7.5334,111,-0.2618
7.5319,111,-0.2618
7.5303,111,-0.2618
7.5287,111,-0.2618
7.5272,111,-0.2618
7.5256,111,-0.2618
7.5241,111,-0.2618
7.5225,111,-0.2618
7.5209,111,-0.2618
7.5194,111,-0.2618
7.5178,111,-0.2618
7.5163,111,-0.2618
7.5147,111,-0.2618
7.5132,111,-0.2618
7.5116,111,-0.2618
7.5101,111,-0.2618
7.5085,111,-0.2618
7.5069,111,-0.2618
7.5054,111,-0.2618
7.5038,111,-0.2618
7.5023,111,-0.2618
7.5007,111,-0.2618
7.4992,111,-0.2618
7.4976,111,-0.2618
7.4961,111,-0.2618
7.4945,111,-0.2618
7.493,111,-0.2618
7.4914,111,-0.2618
7.4899,111,-0.2618
7.4883,111,-0.2618
7.4868,111,-0.2618
7.4852,111,-0.2618
7.4837,111,-0.2618
7.4821,111,-0.2618
7.4806,111,-0.2618
7.479,111,-0.2618
7.4775,111,-0.2618
7.4759,111,-0.2618
7.4744,111,-0.2618
7.4729,111,-0.2618
7.4713,111,-0.2618
7.4698,111,-0.2618
7.4682,111,-0.2618
7.4667,111,-0.2618
7.4651,111,-0.2618
7.4636,111,-0.2618
7.462,111,-0.2618
7.4605,111,-0.2618
7.459,111,-0.2618
7.4574,111,-0.2618
7.4559,111,-0.2618
7.4543,111,-0.2618
7.4528,111,-0.2618
7.4512,111,-0.2618
7.4497,111,-0.2618
7.4482,111,-0.2618
7.4466,111,-0.2618
7.4451,111,-0.2618
7.4435,111,-0.2618
7.442,111,-0.2618
7.4405,111,-0.2618
7.4389,111,-0.2618
7.4374,111,-0.2618
7.4359,111,-0.2618
7.4343,111,-0.2618
7.4328,111,-0.2618
7.4312,111,-0.2618
7.4297,111,-0.2618
7.4282,111,-0.2618
7.4266,111,-0.2618
7.4251,111,-0.2618
7.4236,111,-0.2618
7.422,111,-0.2618
7.4205,111,-0.2618
7.419,111,-0.2618
7.4174,111,-0.2618
7.4159,111,-0.2618
7.4144,111,-0.2618
7.4128,111,-0.2618
7.4113,111,-0.2618
7.4098,111,-0.2618
7.4082,111,-0.2618
7.4067,111,-0.2618
7.4052,111,-0.2618
7.4036,111,-0.2618
7.4021,111,-0.2618
7.4006,111,-0.2618
7.399,111,-0.2618
7.3975,111,-0.2618
7.396,111,-0.2618
7.3945,111,-0.2618
7.3929,111,-0.2618
7.3914,111,-0.2618
7.3899,111,-0.2618
7.3883,111,-0.2618
7.3868,111,-0.2618
7.3853,111,-0.2618
7.3838,111,-0.2618
7.3822,111,-0.2618
7.3807,111,-0.2618
7.3792,111,-0.2618
7.3777,111,-0.2618
7.3761,111,-0.2618
7.3746,111,-0.2618
7.3731,111,-0.2618
7.3716,111,-0.2618
7.37,111,-0.2618
7.3685,111,-0.2618
7.367,111,-0.2618
7.3655,111,-0.2618
7.364,111,-0.2618
7.3624,111,-0.2618
7.3609,111,-0.2618
7.3594,111,-0.2618
7.3579,111,-0.2618
7.3564,111,-0.2618
7.3548,111,-0.2618
7.3533,111,-0.2618
7.3518,111,-0.2618
7.3503,111,-0.2618
7.3488,111,-0.2618
7.3472,111,-0.2618
7.3457,111,-0.2618
7.3442,111,-0.2618
7.3427,111,-0.2618
7.3412,111,-0.2618
7.3397,111,-0.2618
7.3381,111,-0.2618
7.3366,111,-0.2618
7.3351,111,-0.2618
7.3336,111,-0.2618
7.3321,111,-0.2618
7.3306,111,-0.2618
7.329,111,-0.2618
7.3275,111,-0.2618
7.326,111,-0.2618
7.3245,111,-0.2618
7.323,111,-0.2618
7.3215,111,-0.2618
7.32,111,-0.2618
7.3185,111,-0.2618
7.3169,111,-0.2618
7.3154,111,-0.2618
7.3139,111,-0.2618
7.3124,111,-0.2618
7.3109,111,-0.2618
7.3094,111,-0.2618
7.3079,111,-0.2618
7.3064,111,-0.2618
7.3049,111,-0.2618
7.3034,111,-0.2618
7.3018,111,-0.2618
7.3003,111,-0.2618
7.2988,111,-0.2618
7.2973,111,-0.2618
7.2958,111,-0.2618
7.2943,111,-0.2618
7.2928,111,-0.2618
7.2913,111,-0.2618
7.2898,111,-0.2618
7.2883,111,-0.2618
7.2868,111,-0.2618
7.2853,111,-0.2618
7.2838,111,-0.2618
7.2823,111,-0.2618
7.2808,111,-0.2618
7.2793,111,-0.2618
7.2778,111,-0.2618
7.2763,111,-0.2618
7.2748,111,-0.2618
7.2733,111,-0.2618
7.2718,111,-0.2618
7.2703,111,-0.2618
7.2688,111,-0.2618
7.2673,111,-0.2618
7.2658,111,-0.2618
7.2643,111,-0.2618
7.2628,111,-0.2618
7.2613,111,-0.2618
7.2598,111,-0.2618
7.2583,111,-0.2618
7.2568,111,-0.2618
7.2553,111,-0.2618
7.2538,111,-0.2618
7.2523,111,-0.2618
7.2508,111,-0.2618
7.2493,111,-0.2618
7.2478,111,-0.2618
7.2463,111,-0.2618
7.2448,111,-0.2618
7.2433,111,-0.2618
7.2418,111,-0.2618
7.2403,111,-0.2618
7.2388,111,-0.2618
7.2373,111,-0.2618
7.2358,111,-0.2618
7.2343,111,-0.2618
7.2328,111,-0.2618
7.2313,111,-0.2618
7.2299,111,-0.2618
7.2284,111,-0.2618
7.2269,111,-0.2618
7.2254,111,-0.2618
7.2239,111,-0.2618
7.2224,111,-0.2618
7.2209,111,-0.2618
7.2194,111,-0.2618
7.2179,111,-0.2618
7.2164,111,-0.2618
7.2149,111,-0.2618
7.2135,111,-0.2618
7.212,111,-0.2618
7.2105,111,-0.2618
7.209,111,-0.2618
7.2075,111,-0.2618
7.206,111,-0.2618
7.2045,111,-0.2618
7.2031,111,-0.2618
7.2016,111,-0.2618
7.2001,111,-0.2618
7.1986,111,-0.2618
7.1971,111,-0.2618
7.1956,111,-0.2618
7.1941,111,-0.2618
7.1927,111,-0.2618
7.1912,111,-0.2618
7.1897,111,-0.2618
7.1882,111,-0.2618
7.1867,111,-0.2618
7.1852,111,-0.2618
7.1838,111,-0.2618
7.1823,111,-0.2618
7.1808,111,-0.2618
7.1793,111,-0.2618
7.1778,111,-0.2618
7.1764,111,-0.2618
7.1749,111,-0.2618
7.1734,111,-0.2618
7.1719,111,-0.2618
7.1704,111,-0.2618
7.169,111,-0.2618
7.1675,111,-0.2618
7.166,111,-0.2618
7.1645,111,-0.2618
7.1631,111,-0.2618
7.1616,111,-0.2618
7.1601,111,-0.2618
7.1586,111,-0.2618
7.1571,111,-0.2618
7.1557,111,-0.2618
7.1542,111,-0.2618
7.1527,111,-0.2618
7.1512,111,-0.2618
7.1498,111,-0.2618
7.1483,111,-0.2618
7.1468,111,-0.2618
7.1453,111,-0.2618
7.1439,111,-0.2618
7.1424,111,-0.2618
7.1409,111,-0.2618
7.1395,111,-0.2618
7.138,111,-0.2618
7.1365,111,-0.2618
7.135,111,-0.2618
7.1336,111,-0.2618
7.1321,111,-0.2618
7.1306,111,-0.2618
7.1292,111,-0.2618
7.1277,111,-0.2618
7.1262,111,-0.2618
7.1248,111,-0.2618
7.1233,111,-0.2618
7.1218,111,-0.2618
7.1204,111,-0.2618
7.1189,111,-0.2618
7.1174,111,-0.2618
7.1159,111,-0.2618
7.1145,111,-0.2618
7.113,111,-0.2618
7.1116,111,-0.2618
7.1101,111,-0.2618
7.1086,111,-0.2618
7.1072,111,-0.2618
7.1057,111,-0.2618
7.1042,111,-0.2618
7.1028,111,-0.2618
7.1013,111,-0.2618
7.0998,111,-0.2618
7.0984,111,-0.2618
7.0969,111,-0.2618
7.0954,111,-0.2618
7.094,111,-0.2618
7.0925,111,-0.2618
7.0911,111,-0.2618
7.0896,111,-0.2618
7.0881,111,-0.2618
7.0867,111,-0.2618
7.0852,111,-0.2618
7.0838,111,-0.2618
7.0823,111,-0.2618
7.0808,111,-0.2618
7.0794,111,-0.2618
7.0779,111,-0.2618
7.0765,111,-0.2618
7.075,111,-0.2618
7.0736,111,-0.2618
7.0721,111,-0.2618
7.0706,111,-0.2618
7.0692,111,-0.2618
7.0677,111,-0.2618
7.0663,111,-0.2618
7.0648,111,-0.2618
7.0634,111,-0.2618
7.0619,111,-0.2618
7.0604,111,-0.2618
7.059,111,-0.2618
7.0575,111,-0.2618
7.0561,111,-0.2618
7.0546,111,-0.2618
7.0532,111,-0.2618
7.0517,111,-0.2618
7.0503,111,-0.2618
7.0488,111,-0.2618
7.0474,111,-0.2618
7.0459,111,-0.2618
7.0445,111,-0.2618
7.043,111,-0.2618
7.0416,111,-0.2618
7.0401,111,-0.2618
7.0387,111,-0.2618
7.0372,111,-0.2618
7.0358,111,-0.2618
7.0343,111,-0.2618
7.0329,111,-0.2618
7.0314,111,-0.2618
7.03,111,-0.2618
7.0285,111,-0.2618
7.0271,111,-0.2618
7.0256,111,-0.2618
7.0242,111,-0.2618
7.0227,111,-0.2618
7.0213,111,-0.2618
7.0199,111,-0.2618
7.0184,111,-0.2618
7.017,111,-0.2618
7.0155,111,-0.2618
7.0141,111,-0.2618
7.0126,111,-0.2618
7.0112,111,-0.2618
7.0097,111,-0.2618
7.0083,111,-0.2618
7.0069,111,-0.2618
7.0054,111,-0.2618
7.004,111,-0.2618
7.0025,111,-0.2618
7.0011,111,-0.2618
6.9996,111,-0.2618
6.9982,111,-0.2618
6.9968,111,-0.2618
6.9953,111,-0.2618
6.9939,111,-0.2618
6.9924,111,-0.2618
6.991,111,-0.2618
6.9896,111,-0.2618
6.9881,111,-0.2618
6.9867,111,-0.2618
6.9853,111,-0.2618
6.9838,111,-0.2618
6.9824,111,-0.2618
6.9809,111,-0.2618
6.9795,111,-0.2618
6.9781,111,-0.2618
6.9766,111,-0.2618
6.9752,111,-0.2618
6.9738,111,-0.2618
6.9723,111,-0.2618
6.9709,111,-0.2618
6.9695,111,-0.2618
6.968,111,-0.2618
6.9666,111,-0.2618
6.9652,111,-0.2618
6.9637,111,-0.2618
6.9623,111,-0.2618
6.9609,111,-0.2618
6.9594,111,-0.2618
6.958,111,-0.2618
6.9566,111,-0.2618
6.9551,111,-0.2618
6.9537,111,-0.2618
6.9523,111,-0.2618
6.9508,111,-0.2618
6.9494,111,-0.2618
6.948,111,-0.2618
6.9465,111,-0.2618
6.9451,111,-0.2618
6.9437,111,-0.2618
6.9423,111,-0.2618
6.9408,111,-0.2618
6.9394,111,-0.2618
6.938,111,-0.2618
6.9366,111,-0.2618
6.9351,111,-0.2618
6.9337,111,-0.2618
6.9323,111,-0.2618
6.9308,111,-0.2618
6.9294,111,-0.2618
6.928,111,-0.2618
6.9266,111,-0.2618
6.9251,111,-0.2618
6.9237,111,-0.2618
6.9223,111,-0.2618
6.9209,111,-0.2618
6.9194,111,-0.2618
6.918,111,-0.2618
6.9166,111,-0.2618
6.9152,111,-0.2618
6.9138,111,-0.2618
6.9123,111,-0.2618
6.9109,111,-0.2618
6.9095,111,-0.2618
6.9081,111,-0.2618
6.9067,111,-0.2618
6.9052,111,-0.2618
6.9038,111,-0.2618
6.9024,111,-0.2618
6.901,111,-0.2618
6.8996,111,-0.2618
6.8981,111,-0.2618
6.8967,111,-0.2618
6.8953,111,-0.2618
6.8939,111,-0.2618
6.8925,111,-0.2618
6.891,111,-0.2618
6.8896,111,-0.2618
6.8882,111,-0.2618
6.8868,111,-0.2618
6.8854,111,-0.2618
6.884,111,-0.2618
6.8826,111,-0.2618
6.8811,111,-0.2618
6.8797,111,-0.2618
6.8783,111,-0.2618
6.8769,111,-0.2618
6.8755,111,-0.2618
6.8741,111,-0.2618
6.8727,111,-0.2618
6.8712,111,-0.2618
6.8698,111,-0.2618
6.8684,111,-0.2618
6.867,111,-0.2618
6.8656,111,-0.2618
6.8642,111,-0.2618
6.8628,111,-0.2618
6.8614,111,-0.2618
6.8599,111,-0.2618
6.8585,111,-0.2618
6.8571,111,-0.2618
6.8557,111,-0.2618
6.8543,111,-0.2618
6.8529,111,-0.2618
6.8515,111,-0.2618
6.8501,111,-0.2618
6.8487,111,-0.2618
6.8473,111,-0.2618
6.8459,111,-0.2618
6.8445,111,-0.2618
6.843,111,-0.2618
6.8416,111,-0.2618
6.8402,111,-0.2618
6.8388,111,-0.2618
6.8374,111,-0.2618
6.836,111,-0.2618
6.8346,111,-0.2618
6.8332,111,-0.2618
6.8318,111,-0.2618
6.8304,111,-0.2618
6.829,111,-0.2618
6.8276,111,-0.2618
6.8262,111,-0.2618
6.8248,111,-0.2618
6.8234,111,-0.2618
6.822,111,-0.2618
6.8206,111,-0.2618
6.8192,111,-0.2618
6.8178,111,-0.2618
6.8164,111,-0.2618
6.815,111,-0.2618
6.8136,111,-0.2618
6.8122,111,-0.2618
6.8108,111,-0.2618
6.8094,111,-0.2618
6.808,111,-0.2618
6.8066,111,-0.2618
6.8052,111,-0.2618
6.8038,111,-0.2618
6.8024,111,-0.2618
6.801,111,-0.2618
6.7996,111,-0.2618
6.7982,111,-0.2618
6.7968,111,-0.2618
6.7954,111,-0.2618
6.794,111,-0.2618
6.7926,111,-0.2618
6.7912,111,-0.2618
6.7898,111,-0.2618
6.7884,111,-0.2618
6.787,111,-0.2618
6.7856,111,-0.2618
6.7843,111,-0.2618
6.7829,111,-0.2618
6.7815,111,-0.2618
6.7801,111,-0.2618
6.7787,111,-0.2618
6.7773,111,-0.2618
6.7759,111,-0.2618
6.7745,111,-0.2618
6.7731,111,-0.2618
6.7717,111,-0.2618
6.7703,111,-0.2618
6.7689,111,-0.2618
6.7676,111,-0.2618
6.7662,111,-0.2618
6.7648,111,-0.2618
6.7634,111,-0.2618
6.762,111,-0.2618
6.7606,111,-0.2618
6.7592,111,-0.2618
6.7578,111,-0.2618
6.7564,111,-0.2618
6.7551,111,-0.2618
6.7537,111,-0.2618
6.7523,111,-0.2618
6.7509,111,-0.2618
6.7495,111,-0.2618
6.7481,111,-0.2618
6.7467,111,-0.2618
6.7454,111,-0.2618
6.744,111,-0.2618
6.7426,111,-0.2618
6.7412,111,-0.2618
6.7398,111,-0.2618
6.7384,111,-0.2618
6.737,111,-0.2618
6.7357,111,-0.2618
6.7343,111,-0.2618
6.7329,111,-0.2618
6.7315,111,-0.2618
6.7301,111,-0.2618
6.7288,111,-0.2618
6.7274,111,-0.2618
6.726,111,-0.2618
6.7246,111,-0.2618
6.7232,111,-0.2618
6.7219,111,-0.2618
6.7205,111,-0.2618
6.7191,111,-0.2618
6.7177,111,-0.2618
6.7163,111,-0.2618
6.715,111,-0.2618
6.7136,111,-0.2618
6.7122,111,-0.2618
6.7108,111,-0.2618
6.7094,111,-0.2618
6.7081,111,-0.2618
6.7067,111,-0.2618
6.7053,111,-0.2618
6.7039,111,-0.2618
6.7026,111,-0.2618
6.7012,111,-0.2618
6.6998,111,-0.2618
6.6984,111,-0.2618
6.6971,111,-0.2618
6.6957,111,-0.2618
6.6943,111,-0.2618
6.6929,111,-0.2618
6.6916,111,-0.2618
6.6902,111,-0.2618
6.6888,111,-0.2618
6.6875,111,-0.2618
6.6861,111,-0.2618
6.6847,111,-0.2618
6.6833,111,-0.2618
6.682,111,-0.2618
6.6806,111,-0.2618
6.6792,111,-0.2618
6.6779,111,-0.2618
6.6765,111,-0.2618
6.6751,111,-0.2618
6.6737,111,-0.2618
6.6724,111,-0.2618
6.671,111,-0.2618
6.6696,111,-0.2618
6.6683,111,-0.2618
6.6669,111,-0.2618
6.6655,111,-0.2618
6.6642,111,-0.2618
6.6628,111,-0.2618
6.6614,111,-0.2618
6.6601,111,-0.2618
6.6587,111,-0.2618
6.6573,111,-0.2618
6.656,111,-0.2618
6.6546,111,-0.2618
6.6532,111,-0.2618
6.6519,111,-0.2618
6.6505,111,-0.2618
6.6491,111,-0.2618
6.6478,111,-0.2618
6.6464,111,-0.2618
6.6451,111,-0.2618
6.6437,111,-0.2618
6.6423,111,-0.2618
6.641,111,-0.2618
6.6396,111,-0.2618
6.6382,111,-0.2618
6.6369,111,-0.2618
6.6355,111,-0.2618
6.6342,111,-0.2618
6.6328,111,-0.2618
6.6314,111,-0.2618
6.6301,111,-0.2618
6.6287,111,-0.2618
6.6274,111,-0.2618
6.626,111,-0.2618
6.6246,111,-0.2618
6.6233,111,-0.2618
6.6219,111,-0.2618
6.6206,111,-0.2618
6.6192,111,-0.2618
6.6179,111,-0.2618
6.6165,111,-0.2618
6.6151,111,-0.2618
6.6138,111,-0.2618
6.6124,111,-0.2618
6.6111,111,-0.2618
6.6097,111,-0.2618
6.6084,111,-0.2618
6.607,111,-0.2618
6.6057,111,-0.2618
6.6043,111,-0.2618
6.603,111,-0.2618
6.6016,111,-0.2618
6.6002,111,-0.2618
6.5989,111,-0.2618
6.5975,111,-0.2618
6.5962,111,-0.2618
6.5948,111,-0.2618
6.5935,111,-0.2618
6.5921,111,-0.2618
6.5908,111,-0.2618
6.5894,111,-0.2618
6.5881,111,-0.2618
6.5867,111,-0.2618
6.5854,111,-0.2618
6.584,111,-0.2618
6.5827,111,-0.2618
6.5813,111,-0.2618
6.58,111,-0.2618
6.5786,111,-0.2618
6.5773,111,-0.2618
6.5759,111,-0.2618
6.5746,111,-0.2618
6.5732,111,-0.2618
6.5719,111,-0.2618
6.5705,111,-0.2618
6.5692,111,-0.2618
6.5679,111,-0.2618
6.5665,111,-0.2618
6.5652,111,-0.2618
6.5638,111,-0.2618
6.5625,111,-0.2618
6.5611,111,-0.2618
6.5598,111,-0.2618
6.5584,111,-0.2618
6.5571,111,-0.2618
6.5558,111,-0.2618
6.5544,111,-0.2618
6.5531,111,-0.2618
6.5517,111,-0.2618
6.5504,111,-0.2618
6.549,111,-0.2618
6.5477,111,-0.2618
6.5464,111,-0.2618
6.545,111,-0.2618
6.5437,111,-0.2618
6.5423,111,-0.2618
6.541,111,-0.2618
6.5397,111,-0.2618
6.5383,111,-0.2618
6.537,111,-0.2618
6.5356,111,-0.2618
6.5343,111,-0.2618
6.533,111,-0.2618
6.5316,111,-0.2618
6.5303,111,-0.2618
6.5289,111,-0.2618
6.5276,111,-0.2618
6.5263,111,-0.2618
6.5249,111,-0.2618
6.5236,111,-0.2618
6.5223,111,-0.2618
6.5209,111,-0.2618
6.5196,111,-0.2618
6.5183,111,-0.2618
6.5169,111,-0.2618
6.5156,111,-0.2618
6.5142,111,-0.2618
6.5129,111,-0.2618
6.5116,111,-0.2618
6.5102,111,-0.2618
6.5089,111,-0.2618
6.5076,111,-0.2618
6.5062,111,-0.2618
6.5049,111,-0.2618
6.5036,111,-0.2618
6.5023,111,-0.2618
6.5009,111,-0.2618
6.4996,111,-0.2618
6.4983,111,-0.2618
6.4969,111,-0.2618
6.4956,111,-0.2618
6.4943,111,-0.2618
6.4929,111,-0.2618
6.4916,111,-0.2618
6.4903,111,-0.2618
6.489,111,-0.2618
6.4876,111,-0.2618
6.4863,111,-0.2618
6.485,111,-0.2618
6.4836,111,-0.2618
6.4823,111,-0.2618
6.481,111,-0.2618
6.4797,111,-0.2618
6.4783,111,-0.2618
6.477,111,-0.2618
6.4757,111,-0.2618
6.4744,111,-0.2618
6.473,111,-0.2618
6.4717,111,-0.2618
6.4704,111,-0.2618
6.4691,111,-0.2618
6.4677,111,-0.2618
6.4664,111,-0.2618
6.4651,111,-0.2618
6.4638,111,-0.2618
6.4624,111,-0.2618
6.4611,111,-0.2618
6.4598,111,-0.2618
6.4585,111,-0.2618
6.4571,111,-0.2618
6.4558,111,-0.2618
6.4545,111,-0.2618
6.4532,111,-0.2618
6.4519,111,-0.2618
6.4505,111,-0.2618
6.4492,111,-0.2618
6.4479,111,-0.2618
6.4466,111,-0.2618
6.4453,111,-0.2618
6.4439,111,-0.2618
6.4426,111,-0.2618
6.4413,111,-0.2618
6.44,111,-0.2618
6.4387,111,-0.2618
6.4373,111,-0.2618
6.436,111,-0.2618
6.4347,111,-0.2618
6.4334,111,-0.2618
6.4321,111,-0.2618
6.4308,111,-0.2618
6.4295,111,-0.2618
6.4281,111,-0.2618
6.4268,111,-0.2618
6.4255,111,-0.2618
6.4242,111,-0.2618
6.4229,111,-0.2618
6.4216,111,-0.2618
6.4202,111,-0.2618
6.4189,111,-0.2618
6.4176,111,-0.2618
6.4163,111,-0.2618
6.415,111,-0.2618
6.4137,111,-0.2618
6.4124,111,-0.2618
6.4111,111,-0.2618
6.4097,111,-0.2618
6.4084,111,-0.2618
6.4071,111,-0.2618
6.4058,111,-0.2618
6.4045,111,-0.2618
6.4032,111,-0.2618
6.4019,111,-0.2618
6.4006,111,-0.2618
6.3993,111,-0.2618
6.398,111,-0.2618
6.3966,111,-0.2618
6.3953,111,-0.2618
6.394,111,-0.2618
6.3927,111,-0.2618
6.3914,111,-0.2618
6.3901,111,-0.2618
6.3888,111,-0.2618
6.3875,111,-0.2618
6.3862,111,-0.2618
6.3849,111,-0.2618
6.3836,111,-0.2618
6.3823,111,-0.2618
6.381,111,-0.2618
6.3797,111,-0.2618
6.3784,111,-0.2618
6.377,111,-0.2618
6.3757,111,-0.2618
6.3744,111,-0.2618
6.3731,111,-0.2618
6.3718,111,-0.2618
6.3705,111,-0.2618
6.3692,111,-0.2618
6.3679,111,-0.2618
6.3666,111,-0.2618
6.3653,111,-0.2618
6.364,111,-0.2618
6.3627,111,-0.2618
6.3614,111,-0.2618
6.3601,111,-0.2618
6.3588,111,-0.2618
6.3575,111,-0.2618
6.3562,111,-0.2618
6.3549,111,-0.2618
6.3536,111,-0.2618
6.3523,111,-0.2618
6.351,111,-0.2618
6.3497,111,-0.2618
6.3484,111,-0.2618
6.3471,111,-0.2618
6.3458,111,-0.2618
6.3445,111,-0.2618
6.3432,111,-0.2618
6.3419,111,-0.2618
6.3406,111,-0.2618
6.3393,111,-0.2618
6.338,111,-0.2618
6.3368,111,-0.2618
6.3355,111,-0.2618
6.3342,111,-0.2618
6.3329,111,-0.2618
6.3316,111,-0.2618
6.3303,111,-0.2618
6.329,111,-0.2618
6.3277,111,-0.2618
6.3264,111,-0.2618
6.3251,111,-0.2618
6.3238,111,-0.2618
6.3225,111,-0.2618
6.3212,111,-0.2618
6.3199,111,-0.2618
6.3186,111,-0.2618
6.3174,111,-0.2618
6.3161,111,-0.2618
6.3148,111,-0.2618
6.3135,111,-0.2618
6.3122,111,-0.2618
6.3109,111,-0.2618
6.3096,111,-0.2618
6.3083,111,-0.2618
6.307,111,-0.2618
6.3057,111,-0.2618
6.3045,111,-0.2618
6.3032,111,-0.2618
6.3019,111,-0.2618
6.3006,111,-0.2618
6.2993,111,-0.2618
6.298,111,-0.2618
6.2967,111,-0.2618
6.2954,111,-0.2618
6.2942,111,-0.2618
6.2929,111,-0.2618
6.2916,111,-0.2618
6.2903,111,-0.2618
6.289,111,-0.2618
6.2877,111,-0.2618
6.2864,111,-0.2618
6.2852,111,-0.2618
6.2839,111,-0.2618
6.2826,111,-0.2618
6.2813,111,-0.2618
6.28,111,-0.2618
6.2787,111,-0.2618
6.2775,111,-0.2618
6.2762,111,-0.2618
6.2749,111,-0.2618
6.2736,111,-0.2618
6.2723,111,-0.2618
6.271,111,-0.2618
6.2698,111,-0.2618
6.2685,111,-0.2618
6.2672,111,-0.2618
6.2659,111,-0.2618
6.2646,111,-0.2618
6.2634,111,-0.2618
6.2621,111,-0.2618
6.2608,111,-0.2618
6.2595,111,-0.2618
6.2582,111,-0.2618
6.257,111,-0.2618
6.2557,111,-0.2618
6.2544,111,-0.2618
6.2531,111,-0.2618
6.2519,111,-0.2618
6.2506,111,-0.2618
6.2493,111,-0.2618
6.248,111,-0.2618
6.2468,111,-0.2618
6.2455,111,-0.2618
6.2442,111,-0.2618
6.2429,111,-0.2618
6.2417,111,-0.2618
6.2404,111,-0.2618
6.2391,111,-0.2618
6.2378,111,-0.2618
6.2366,111,-0.2618
6.2353,111,-0.2618
6.234,111,-0.2618
6.2327,111,-0.2618
6.2315,111,-0.2618
6.2302,111,-0.2618
6.2289,111,-0.2618
6.2276,111,-0.2618
6.2264,111,-0.2618
6.2251,111,-0.2618
6.2238,111,-0.2618
6.2226,111,-0.2618
6.2213,111,-0.2618
6.22,111,-0.2618
6.2188,111,-0.2618
6.2175,111,-0.2618
6.2162,111,-0.2618
6.2149,111,-0.2618
6.2137,111,-0.2618
6.2124,111,-0.2618
6.2111,111,-0.2618
6.2099,111,-0.2618
6.2086,111,-0.2618
6.2073,111,-0.2618
6.2061,111,-0.2618
6.2048,111,-0.2618
6.2035,111,-0.2618
6.2023,111,-0.2618
6.201,111,-0.2618
6.1997,111,-0.2618
6.1985,111,-0.2618
6.1972,111,-0.2618
6.1959,111,-0.2618
6.1947,111,-0.2618
6.1934,111,-0.2618
6.1921,111,-0.2618
6.1909,111,-0.2618
6.1896,111,-0.2618
6.1884,111,-0.2618
6.1871,111,-0.2618
6.1858,111,-0.2618
6.1846,111,-0.2618
6.1833,111,-0.2618
6.182,111,-0.2618
6.1808,111,-0.2618
6.1795,111,-0.2618
6.1783,111,-0.2618
6.177,111,-0.2618
6.1757,111,-0.2618
6.1745,111,-0.2618
6.1732,111,-0.2618
6.172,111,-0.2618
6.1707,111,-0.2618
6.1694,111,-0.2618
6.1682,111,-0.2618
6.1669,111,-0.2618
6.1657,111,-0.2618
6.1644,111,-0.2618
6.1631,111,-0.2618
6.1619,111,-0.2618
6.1606,111,-0.2618
6.1594,111,-0.2618
6.1581,111,-0.2618
6.1569,111,-0.2618
6.1556,111,-0.2618
6.1543,111,-0.2618
6.1531,111,-0.2618
6.1518,111,-0.2618
6.1506,111,-0.2618
6.1493,111,-0.2618
6.1481,111,-0.2618
6.1468,111,-0.2618
6.1456,111,-0.2618
6.1443,111,-0.2618
6.1431,111,-0.2618
6.1418,111,-0.2618
6.1405,111,-0.2618
6.1393,111,-0.2618
6.138,111,-0.2618
6.1368,111,-0.2618
6.1355,111,-0.2618
6.1343,111,-0.2618
6.133,111,-0.2618
6.1318,111,-0.2618
6.1305,111,-0.2618
6.1293,111,-0.2618
6.128,111,-0.2618
6.1268,111,-0.2618
6.1255,111,-0.2618
6.1243,111,-0.2618
6.123,111,-0.2618
6.1218,111,-0.2618
6.1205,111,-0.2618
6.1193,111,-0.2618
6.118,111,-0.2618
6.1168,111,-0.2618
6.1155,111,-0.2618
6.1143,111,-0.2618
6.1131,111,-0.2618
6.1118,111,-0.2618
6.1106,111,-0.2618
6.1093,111,-0.2618
6.1081,111,-0.2618
6.1068,111,-0.2618
6.1056,111,-0.2618
6.1043,111,-0.2618
6.1031,111,-0.2618
6.1018,111,-0.2618
6.1006,111,-0.2618
6.0994,111,-0.2618
6.0981,111,-0.2618
6.0969,111,-0.2618
6.0956,111,-0.2618
6.0944,111,-0.2618
6.0931,111,-0.2618
6.0919,111,-0.2618
6.0907,111,-0.2618
6.0894,111,-0.2618
6.0882,111,-0.2618
6.0869,111,-0.2618
6.0857,111,-0.2618
6.0844,111,-0.2618
6.0832,111,-0.2618
6.082,111,-0.2618
6.0807,111,-0.2618
6.0795,111,-0.2618
6.0782,111,-0.2618
6.077,111,-0.2618
6.0758,111,-0.2618
6.0745,111,-0.2618
6.0733,111,-0.2618
6.0721,111,-0.2618
6.0708,111,-0.2618
6.0696,111,-0.2618
6.0683,111,-0.2618
6.0671,111,-0.2618
6.0659,111,-0.2618
6.0646,111,-0.2618
6.0634,111,-0.2618
6.0622,111,-0.2618
6.0609,111,-0.2618
6.0597,111,-0.2618
6.0585,111,-0.2618
6.0572,111,-0.2618
6.056,111,-0.2618
6.0547,111,-0.2618
6.0535,111,-0.2618
6.0523,111,-0.2618
6.051,111,-0.2618
6.0498,111,-0.2618
6.0486,111,-0.2618
