0,148,3.1694e-05
-34.672,148,3.2012e-05
-357.42,148,3.2334e-05
-313.09,148,3.2659e-05
266.76,148,3.2987e-05
298.59,148,3.3319e-05
102.68,148,3.3653e-05
27.373,148,3.3992e-05
7.7808,148,3.4333e-05
2.6017,148,3.4678e-05
1.0799,148,3.5027e-05
0.57989,148,3.5379e-05
0.39916,148,3.5734e-05
0.32921,148,3.6093e-05
0.30141,148,3.6456e-05
0.29099,148,3.6823e-05
0.28826,148,3.7193e-05
0.28915,148,3.7566e-05
0.29184,148,3.7944e-05
0.29548,148,3.8325e-05
0.29963,148,3.871e-05
0.30408,148,3.9099e-05
0.3087,148,3.9492e-05
0.31343,148,3.9889e-05
0.31822,148,4.029e-05
0.32306,148,4.0695e-05
0.32794,148,4.1104e-05
0.33283,148,4.1517e-05
0.33774,148,4.1934e-05
0.34266,148,4.2356e-05
0.34758,148,4.2781e-05
0.35251,148,4.3211e-05
0.35745,148,4.3646e-05
0.36239,148,4.4084e-05
0.36733,148,4.4527e-05
0.37227,148,4.4975e-05
0.37722,148,4.5427e-05
0.38216,148,4.5883e-05
0.38711,148,4.6344e-05
0.39206,148,4.681e-05
0.39701,148,4.728e-05
0.40196,148,4.7756e-05
0.40692,148,4.8235e-05
0.41187,148,4.872e-05
0.41683,148,4.921e-05
0.42179,148,4.9704e-05
0.42676,148,5.0204e-05
0.43174,148,5.0708e-05
0.43671,148,5.1218e-05
0.4417,148,5.1733e-05
0.44669,148,5.2253e-05
0.4517,148,5.2778e-05
0.45671,148,5.3308e-05
0.46174,148,5.3844e-05
0.46678,148,5.4385e-05
0.47183,148,5.4931e-05
0.4769,148,5.5483e-05
0.48198,148,5.6041e-05
0.48709,148,5.6604e-05
0.49221,148,5.7173e-05
0.49736,148,5.7748e-05
0.50254,148,5.8328e-05
0.50774,148,5.8914e-05
0.51296,148,5.9506e-05
0.51822,148,6.0104e-05
0.52351,148,6.0708e-05
0.52884,148,6.1318e-05
0.5342,148,6.1934e-05
0.5396,148,6.2557e-05
0.54504,148,6.3185e-05
0.55052,148,6.382e-05
0.55605,148,6.4462e-05
0.56163,148,6.5109e-05
0.56725,148,6.5764e-05
0.57293,148,6.6425e-05
0.57867,148,6.7092e-05
0.58446,148,6.7766e-05
0.59031,148,6.8447e-05
0.59623,148,6.9135e-05
0.60221,148,6.983e-05
0.60826,148,7.0532e-05
0.61438,148,7.124e-05
0.62057,148,7.1956e-05
0.62684,148,7.2679e-05
0.63318,148,7.341e-05
0.63961,148,7.4148e-05
0.64612,148,7.4893e-05
0.65271,148,7.5645e-05
0.65939,148,7.6405e-05
0.66617,148,7.7173e-05
0.67303,148,7.7949e-05
0.67999,148,7.8732e-05
0.68705,148,7.9523e-05
0.69421,148,8.0322e-05
0.70147,148,8.113e-05
0.70884,148,8.1945e-05
0.71632,148,8.2768e-05
0.7239,148,8.36e-05
0.7316,148,8.444e-05
0.73941,148,8.5289e-05
0.74733,148,8.6146e-05
0.75537,148,8.7011e-05
0.76354,148,8.7886e-05
0.77182,148,8.8769e-05
0.78023,148,8.9661e-05
0.78877,148,9.0562e-05
0.79743,148,9.1472e-05
0.80623,148,9.2391e-05
0.81515,148,9.332e-05
0.82421,148,9.4257e-05
0.83341,148,9.5204e-05
0.84273,148,9.6161e-05
0.8522,148,9.7127e-05
0.86181,148,9.8103e-05
0.87156,148,9.9089e-05
0.88145,148,0.00010008
0.89148,148,0.00010109
0.90166,148,0.00010211
0.91199,148,0.00010313
0.92246,148,0.00010417
0.93308,148,0.00010522
0.94385,148,0.00010627
0.95478,148,0.00010734
0.96585,148,0.00010842
0.97708,148,0.00010951
0.98846,148,0.00011061
1,148,0.00011172
1.0117,148,0.00011284
1.0235,148,0.00011398
1.0356,148,0.00011512
1.0477,148,0.00011628
1.0601,148,0.00011745
1.0725,148,0.00011863
1.0852,148,0.00011982
1.098,148,0.00012102
1.111,148,0.00012224
1.1241,148,0.00012347
1.1374,148,0.00012471
1.1509,148,0.00012596
1.1645,148,0.00012723
1.1784,148,0.00012851
1.1923,148,0.0001298
1.2065,148,0.0001311
1.2208,148,0.00013242
1.2353,148,0.00013375
1.25,148,0.00013509
1.2648,148,0.00013645
1.2798,148,0.00013782
1.295,148,0.00013921
1.3104,148,0.00014061
1.3259,148,0.00014202
1.3416,148,0.00014345
1.3575,148,0.00014489
1.3736,148,0.00014634
1.3899,148,0.00014781
1.4063,148,0.0001493
1.423,148,0.0001508
1.4398,148,0.00015231
1.4568,148,0.00015384
1.474,148,0.00015539
1.4915,148,0.00015695
1.5091,148,0.00015853
1.5269,148,0.00016012
1.5449,148,0.00016173
1.5631,148,0.00016336
1.5815,148,0.000165
1.6001,148,0.00016665
1.6189,148,0.00016833
1.6379,148,0.00017002
1.6572,148,0.00017173
1.6766,148,0.00017345
1.6963,148,0.0001752
1.7162,148,0.00017696
1.7363,148,0.00017874
1.7566,148,0.00018053
1.7772,148,0.00018235
1.798,148,0.00018418
1.8191,148,0.00018603
1.8404,148,0.0001879
1.8619,148,0.00018978
1.8837,148,0.00019169
1.9057,148,0.00019362
1.928,148,0.00019556
1.9505,148,0.00019753
1.9733,148,0.00019951
1.9964,148,0.00020152
2.0197,148,0.00020354
2.0433,148,0.00020559
2.0672,148,0.00020765
2.0913,148,0.00020974
2.1158,148,0.00021185
2.1405,148,0.00021397
2.1655,148,0.00021612
2.1909,148,0.0002183
2.2165,148,0.00022049
2.2424,148,0.0002227
2.2687,148,0.00022494
2.2953,148,0.0002272
2.3222,148,0.00022948
2.3494,148,0.00023179
2.377,148,0.00023412
2.4049,148,0.00023647
2.4331,148,0.00023885
2.4617,148,0.00024125
2.4907,148,0.00024367
2.52,148,0.00024612
2.5497,148,0.00024859
2.5798,148,0.00025109
2.6102,148,0.00025361
2.641,148,0.00025616
2.6723,148,0.00025873
2.7039,148,0.00026133
2.7359,148,0.00026396
2.7683,148,0.00026661
2.8012,148,0.00026929
2.8344,148,0.00027199
2.8681,148,0.00027472
2.9023,148,0.00027748
2.9368,148,0.00028027
2.9719,148,0.00028309
3.0073,148,0.00028593
3.0433,148,0.0002888
3.0797,148,0.00029171
3.1166,148,0.00029464
3.154,148,0.0002976
3.1918,148,0.00030059
3.2302,148,0.00030361
3.269,148,0.00030666
3.3084,148,0.00030974
3.3483,148,0.00031285
3.3887,148,0.00031599
3.4296,148,0.00031916
3.4711,148,0.00032237
3.5131,148,0.00032561
3.5557,148,0.00032888
3.5989,148,0.00033218
3.6426,148,0.00033552
3.6869,148,0.00033889
3.7317,148,0.00034229
3.7772,148,0.00034573
3.8233,148,0.00034921
3.87,148,0.00035271
3.9172,148,0.00035626
3.9652,148,0.00035984
4.0137,148,0.00036345
4.0629,148,0.0003671
4.1127,148,0.00037079
4.1632,148,0.00037451
4.2143,148,0.00037827
4.2662,148,0.00038207
4.3186,148,0.00038591
4.3718,148,0.00038979
4.4257,148,0.0003937
4.4803,148,0.00039766
4.5356,148,0.00040165
4.5916,148,0.00040569
4.6484,148,0.00040976
4.7059,148,0.00041388
4.7641,148,0.00041803
4.8231,148,0.00042223
4.8829,148,0.00042647
4.9434,148,0.00043076
5.0047,148,0.00043508
5.0668,148,0.00043945
5.1297,148,0.00044387
5.1935,148,0.00044833
5.258,148,0.00045283
5.3234,148,0.00045738
5.3896,148,0.00046197
5.4567,148,0.00046661
5.5246,148,0.0004713
5.5934,148,0.00047603
5.6631,148,0.00048081
5.7336,148,0.00048564
5.8051,148,0.00049052
5.8775,148,0.00049544
5.9508,148,0.00050042
6.025,148,0.00050544
6.1002,148,0.00051052
6.1763,148,0.00051565
6.2534,148,0.00052083
6.3314,148,0.00052606
6.4105,148,0.00053134
6.4905,148,0.00053668
6.5715,148,0.00054207
6.6536,148,0.00054751
6.7367,148,0.00055301
6.8208,148,0.00055856
6.906,148,0.00056417
6.9923,148,0.00056983
7.0796,148,0.00057556
7.1681,148,0.00058134
7.2576,148,0.00058717
7.3482,148,0.00059307
7.44,148,0.00059903
7.5329,148,0.00060504
7.627,148,0.00061112
7.7223,148,0.00061725
7.8187,148,0.00062345
7.9163,148,0.00062971
8.0151,148,0.00063603
8.1152,148,0.00064242
8.2164,148,0.00064887
8.319,148,0.00065539
8.4228,148,0.00066197
8.5279,148,0.00066861
8.6342,148,0.00067533
8.7419,148,0.00068211
8.8509,148,0.00068895
8.9613,148,0.00069587
9.073,148,0.00070286
9.186,148,0.00070992
9.3005,148,0.00071704
9.4163,148,0.00072424
9.5336,148,0.00073151
9.6523,148,0.00073886
9.7724,148,0.00074627
9.8941,148,0.00075377
10.017,148,0.00076133
10.142,148,0.00076898
10.268,148,0.0007767
10.396,148,0.00078449
10.525,148,0.00079237
10.656,148,0.00080032
10.788,148,0.00080836
10.922,148,0.00081647
11.057,148,0.00082467
11.195,148,0.00083295
11.334,148,0.00084131
11.474,148,0.00084975
11.617,148,0.00085828
11.761,148,0.0008669
11.906,148,0.0008756
12.054,148,0.00088439
12.203,148,0.00089326
12.354,148,0.00090223
12.507,148,0.00091129
12.662,148,0.00092043
12.818,148,0.00092967
12.977,148,0.000939
13.137,148,0.00094843
13.3,148,0.00095794
13.464,148,0.00096756
13.63,148,0.00097727
13.798,148,0.00098708
13.968,148,0.00099698
14.141,148,0.001007
14.315,148,0.0010171
14.491,148,0.0010273
14.67,148,0.0010376
14.851,148,0.001048
15.033,148,0.0010585
15.218,148,0.0010692
15.405,148,0.0010799
15.595,148,0.0010907
15.786,148,0.0011017
15.98,148,0.0011127
16.176,148,0.0011239
16.375,148,0.0011352
16.576,148,0.0011466
16.779,148,0.0011581
16.985,148,0.0011697
17.193,148,0.0011814
17.403,148,0.0011933
17.616,148,0.0012052
17.832,148,0.0012173
18.05,148,0.0012295
18.27,148,0.0012419
18.493,148,0.0012543
18.719,148,0.0012669
18.947,148,0.0012796
19.179,148,0.0012925
19.412,148,0.0013054
19.649,148,0.0013185
19.888,148,0.0013318
20.13,148,0.0013451
20.375,148,0.0013586
20.623,148,0.0013722
20.873,148,0.001386
21.127,148,0.0013999
21.383,148,0.0014139
21.643,148,0.0014281
21.905,148,0.0014424
22.17,148,0.0014569
22.439,148,0.0014715
22.711,148,0.0014863
22.985,148,0.0015012
23.263,148,0.0015162
23.544,148,0.0015314
23.829,148,0.0015468
24.116,148,0.0015623
24.407,148,0.001578
24.701,148,0.0015938
24.999,148,0.0016098
25.3,148,0.0016259
25.604,148,0.0016422
25.912,148,0.0016587
26.224,148,0.0016753
26.539,148,0.0016921
26.857,148,0.0017091
27.18,148,0.0017262
27.505,148,0.0017435
27.835,148,0.001761
28.168,148,0.0017787
28.505,148,0.0017965
28.846,148,0.0018145
29.191,148,0.0018327
29.539,148,0.001851
29.892,148,0.0018696
30.249,148,0.0018883
30.609,148,0.0019073
30.974,148,0.0019264
31.342,148,0.0019457
31.715,148,0.0019652
32.092,148,0.0019849
32.474,148,0.0020048
32.859,148,0.0020249
33.249,148,0.0020452
33.643,148,0.0020656
34.042,148,0.0020863
34.445,148,0.0021073
34.852,148,0.0021284
35.264,148,0.0021497
35.681,148,0.0021712
36.102,148,0.002193
36.528,148,0.002215
36.959,148,0.0022371
37.395,148,0.0022596
37.835,148,0.0022822
38.28,148,0.002305
38.73,148,0.0023281
39.185,148,0.0023515
39.645,148,0.002375
40.111,148,0.0023988
40.581,148,0.0024228
41.057,148,0.0024471
41.537,148,0.0024716
42.023,148,0.0024963
42.515,148,0.0025213
43.012,148,0.0025466
43.514,148,0.0025721
44.022,148,0.0025978
44.535,148,0.0026238
45.054,148,0.0026501
45.578,148,0.0026767
46.109,148,0.0027034
46.645,148,0.0027305
47.187,148,0.0027578
47.735,148,0.0027855
48.289,148,0.0028133
48.849,148,0.0028415
49.415,148,0.0028699
49.987,148,0.0028987
50.565,148,0.0029277
51.15,148,0.002957
51.741,148,0.0029866
52.338,148,0.0030164
52.942,148,0.0030466
53.553,148,0.0030771
54.17,148,0.0031079
54.793,148,0.003139
55.424,148,0.0031704
56.061,148,0.0032021
56.705,148,0.0032341
57.356,148,0.0032665
58.014,148,0.0032992
58.68,148,0.0033322
59.352,148,0.0033655
60.032,148,0.0033992
60.718,148,0.0034331
61.413,148,0.0034675
62.114,148,0.0035022
62.824,148,0.0035372
63.54,148,0.0035725
64.265,148,0.0036083
64.997,148,0.0036443
65.737,148,0.0036808
66.485,148,0.0037176
67.241,148,0.0037547
68.005,148,0.0037923
68.777,148,0.0038302
69.558,148,0.0038684
70.346,148,0.0039071
71.143,148,0.0039461
71.949,148,0.0039856
72.763,148,0.0040254
73.586,148,0.0040656
74.417,148,0.0041062
75.258,148,0.0041473
76.107,148,0.0041887
76.965,148,0.0042305
77.832,148,0.0042728
78.709,148,0.0043155
79.594,148,0.0043586
80.49,148,0.0044021
81.394,148,0.0044461
82.308,148,0.0044905
83.232,148,0.0045353
84.165,148,0.0045806
85.109,148,0.0046263
86.062,148,0.0046725
87.025,148,0.0047191
87.998,148,0.0047662
88.982,148,0.0048138
89.976,148,0.0048619
90.98,148,0.0049104
91.995,148,0.0049594
93.02,148,0.0050089
94.057,148,0.0050588
95.104,148,0.0051093
96.162,148,0.0051603
97.231,148,0.0052117
98.311,148,0.0052637
99.402,148,0.0053162
100.51,148,0.0053692
101.62,148,0.0054228
102.75,148,0.0054769
103.88,148,0.0055315
105.03,148,0.0055866
106.19,148,0.0056423
107.37,148,0.0056985
108.55,148,0.0057553
109.75,148,0.0058127
110.96,148,0.0058706
112.18,148,0.0059291
113.42,148,0.0059882
114.67,148,0.0060479
115.93,148,0.0061081
117.2,148,0.006169
118.49,148,0.0062304
119.79,148,0.0062925
121.11,148,0.0063551
122.44,148,0.0064184
123.78,148,0.0064823
125.13,148,0.0065469
126.5,148,0.006612
127.89,148,0.0066779
129.28,148,0.0067443
130.69,148,0.0068114
132.12,148,0.0068792
133.56,148,0.0069477
135.02,148,0.0070168
136.49,148,0.0070866
137.98,148,0.0071571
139.48,148,0.0072283
140.99,148,0.0073002
142.52,148,0.0073728
144.07,148,0.0074461
145.64,148,0.0075201
147.22,148,0.0075948
148.81,148,0.0076703
150.42,148,0.0077466
152.05,148,0.0078235
153.7,148,0.0079013
155.36,148,0.0079798
157.04,148,0.0080591
158.73,148,0.0081391
160.44,148,0.0082199
162.17,148,0.0083016
163.92,148,0.008384
165.69,148,0.0084672
167.47,148,0.0085513
169.27,148,0.0086362
171.09,148,0.0087219
172.93,148,0.0088084
174.79,148,0.0088958
176.66,148,0.0089841
178.56,148,0.0090732
180.47,148,0.0091632
182.4,148,0.0092541
184.36,148,0.0093458
186.33,148,0.0094385
188.32,148,0.0095321
190.33,148,0.0096265
192.36,148,0.0097219
194.42,148,0.0098183
196.49,148,0.0099155
198.59,148,0.010014
200.7,148,0.010113
202.84,148,0.010213
204.99,148,0.010314
207.17,148,0.010416
209.38,148,0.010519
211.6,148,0.010624
213.84,148,0.010729
216.11,148,0.010835
218.4,148,0.010942
220.72,148,0.01105
223.05,148,0.01116
225.41,148,0.01127
227.8,148,0.011381
230.2,148,0.011494
232.64,148,0.011607
235.09,148,0.011722
237.57,148,0.011838
240.08,148,0.011955
242.6,148,0.012073
245.16,148,0.012192
247.74,148,0.012312
250.34,148,0.012434
252.98,148,0.012557
255.63,148,0.012681
258.32,148,0.012806
261.03,148,0.012932
263.76,148,0.01306
266.53,148,0.013188
269.32,148,0.013318
272.14,148,0.01345
274.99,148,0.013582
277.86,148,0.013716
280.76,148,0.013851
283.7,148,0.013988
286.66,148,0.014125
289.65,148,0.014264
292.66,148,0.014405
295.71,148,0.014547
298.79,148,0.01469
301.9,148,0.014834
305.04,148,0.01498
308.21,148,0.015127
311.41,148,0.015276
314.64,148,0.015426
317.91,148,0.015578
321.2,148,0.015731
324.53,148,0.015885
327.89,148,0.016041
331.28,148,0.016199
334.71,148,0.016358
338.17,148,0.016518
341.66,148,0.01668
345.19,148,0.016844
348.75,148,0.017009
352.35,148,0.017176
355.98,148,0.017344
359.65,148,0.017514
363.35,148,0.017686
367.09,148,0.017859
370.86,148,0.018034
374.67,148,0.01821
378.52,148,0.018388
382.4,148,0.018568
386.32,148,0.01875
390.28,148,0.018933
394.28,148,0.019118
398.32,148,0.019305
402.39,148,0.019494
406.51,148,0.019684
410.66,148,0.019876
414.86,148,0.02007
419.09,148,0.020266
423.36,148,0.020464
427.68,148,0.020663
432.04,148,0.020865
436.43,148,0.021068
440.88,148,0.021273
445.36,148,0.021481
449.88,148,0.02169
454.45,148,0.021901
459.07,148,0.022114
463.72,148,0.022329
468.42,148,0.022546
473.17,148,0.022766
477.96,148,0.022987
482.79,148,0.02321
487.67,148,0.023436
492.6,148,0.023663
497.58,148,0.023893
502.6,148,0.024125
507.67,148,0.024359
512.78,148,0.024595
517.95,148,0.024833
523.16,148,0.025074
528.42,148,0.025317
533.73,148,0.025562
539.1,148,0.025809
544.51,148,0.026059
549.97,148,0.026311
555.48,148,0.026565
561.05,148,0.026822
566.67,148,0.027081
572.34,148,0.027343
578.06,148,0.027607
583.84,148,0.027873
589.67,148,0.028142
595.55,148,0.028413
601.49,148,0.028687
607.48,148,0.028963
613.53,148,0.029242
619.64,148,0.029524
625.8,148,0.029808
632.02,148,0.030095
638.29,148,0.030384
644.63,148,0.030676
651.02,148,0.03097
657.47,148,0.031268
663.98,148,0.031568
670.55,148,0.031871
677.18,148,0.032176
683.87,148,0.032484
690.62,148,0.032796
697.44,148,0.03311
704.31,148,0.033426
711.25,148,0.033746
718.25,148,0.034069
725.32,148,0.034394
732.45,148,0.034723
739.64,148,0.035054
746.9,148,0.035389
754.22,148,0.035726
761.61,148,0.036066
769.07,148,0.03641
776.59,148,0.036757
784.19,148,0.037106
791.85,148,0.037459
799.57,148,0.037815
807.37,148,0.038175
815.24,148,0.038537
823.17,148,0.038903
831.18,148,0.039272
839.26,148,0.039644
847.41,148,0.04002
855.63,148,0.040399
863.93,148,0.040781
872.29,148,0.041167
880.74,148,0.041556
889.25,148,0.041948
897.84,148,0.042344
906.51,148,0.042744
915.25,148,0.043147
924.07,148,0.043554
932.96,148,0.043964
941.94,148,0.044377
950.99,148,0.044795
960.11,148,0.045216
969.32,148,0.045641
978.61,148,0.046069
987.97,148,0.046501
997.42,148,0.046937
1006.9,148,0.047377
1016.6,148,0.04782
1026.2,148,0.048268
1036,148,0.048719
1045.9,148,0.049174
1055.8,148,0.049633
1065.8,148,0.050096
1075.9,148,0.050563
1086.1,148,0.051034
1096.4,148,0.051509
1106.8,148,0.051988
1117.2,148,0.052472
1127.8,148,0.052959
1138.4,148,0.05345
1149.1,148,0.053946
1159.9,148,0.054446
1170.8,148,0.05495
1181.8,148,0.055459
1192.8,148,0.055971
1204,148,0.056488
1215.3,148,0.05701
1226.6,148,0.057535
1238,148,0.058065
1249.5,148,0.0586
1261.2,148,0.059139
1272.9,148,0.059683
1284.7,148,0.060231
1296.6,148,0.060783
1308.6,148,0.061341
1320.6,148,0.061902
1332.8,148,0.062469
1345.1,148,0.06304
1357.5,148,0.063616
1369.9,148,0.064196
1382.5,148,0.064782
1395.1,148,0.065372
1407.9,148,0.065967
1420.7,148,0.066566
1433.7,148,0.067171
1446.7,148,0.067781
1459.8,148,0.068395
1473.1,148,0.069015
1486.4,148,0.069639
1499.9,148,0.070268
1513.4,148,0.070903
1527,148,0.071542
1540.7,148,0.072187
1554.6,148,0.072837
1568.5,148,0.073492
1582.5,148,0.074152
1596.6,148,0.074817
1610.9,148,0.075488
1625.2,148,0.076164
1639.6,148,0.076845
1654.1,148,0.077532
1668.8,148,0.078224
1683.5,148,0.078921
1698.3,148,0.079624
1713.2,148,0.080332
1728.2,148,0.081045
1743.3,148,0.081764
1758.6,148,0.082489
1773.9,148,0.083219
1789.3,148,0.083955
1804.8,148,0.084697
1820.4,148,0.085444
1836.1,148,0.086196
1851.9,148,0.086955
1867.8,148,0.087719
1883.8,148,0.088489
1899.9,148,0.089264
1916.1,148,0.090046
1932.3,148,0.090833
1948.7,148,0.091626
1965.2,148,0.092425
1981.7,148,0.09323
1998.4,148,0.09404
2015.1,148,0.094857
2032,148,0.09568
2048.9,148,0.096509
2065.9,148,0.097343
2083,148,0.098184
2100.2,148,0.099031
2117.5,148,0.099884
2134.9,148,0.10074
2152.3,148,0.10161
2169.8,148,0.10248
2187.5,148,0.10336
2205.2,148,0.10424
2222.9,148,0.10513
2240.8,148,0.10603
2258.8,148,0.10693
2276.8,148,0.10784
2294.9,148,0.10875
2313,148,0.10967
2331.3,148,0.1106
2349.6,148,0.11153
2368,148,0.11248
2386.5,148,0.11342
2405,148,0.11438
2423.6,148,0.11533
2442.2,148,0.1163
2461,148,0.11727
2479.7,148,0.11825
2498.6,148,0.11924
2517.5,148,0.12023
2536.4,148,0.12123
2555.5,148,0.12223
2574.5,148,0.12324
2593.6,148,0.12426
2612.8,148,0.12529
2632,148,0.12632
2651.3,148,0.12736
2670.6,148,0.1284
2689.9,148,0.12945
2709.3,148,0.13051
2728.7,148,0.13158
2748.1,148,0.13265
2767.6,148,0.13372
2787.1,148,0.13481
2806.6,148,0.1359
2826.2,148,0.137
2845.8,148,0.1381
2865.4,148,0.13921
2885,148,0.14033
2904.6,148,0.14146
2924.2,148,0.14259
2943.9,148,0.14372
2963.5,148,0.14487
2983.2,148,0.14602
3002.9,148,0.14718
3022.5,148,0.14834
3042.2,148,0.14952
3061.8,148,0.15069
3081.4,148,0.15188
3101.1,148,0.15307
3120.7,148,0.15427
3140.3,148,0.15547
3159.8,148,0.15669
3179.4,148,0.1579
3198.9,148,0.15913
3218.4,148,0.16036
3237.9,148,0.1616
3257.3,148,0.16285
3276.7,148,0.1641
3296,148,0.16536
3315.3,148,0.16662
3334.5,148,0.16789
3353.7,148,0.16917
3372.9,148,0.17046
3392,148,0.17175
3411,148,0.17305
3430,148,0.17435
3448.9,148,0.17566
3467.7,148,0.17698
3486.5,148,0.1783
3505.1,148,0.17964
3523.7,148,0.18097
3542.3,148,0.18232
3560.7,148,0.18367
3579.1,148,0.18502
3597.4,148,0.18639
3615.5,148,0.18776
3633.6,148,0.18913
3651.6,148,0.19051
3669.5,148,0.1919
3687.3,148,0.1933
3704.9,148,0.1947
3722.5,148,0.19611
3740,148,0.19752
3757.3,148,0.19894
3774.5,148,0.20036
3791.6,148,0.2018
3808.6,148,0.20323
3825.5,148,0.20468
3842.2,148,0.20613
3858.8,148,0.20758
3875.3,148,0.20904
3891.6,148,0.21051
3907.8,148,0.21198
3923.8,148,0.21346
3939.7,148,0.21495
3955.5,148,0.21644
3971.1,148,0.21793
3986.6,148,0.21944
4001.9,148,0.22094
4017.1,148,0.22246
4032.1,148,0.22398
4046.9,148,0.2255
4061.6,148,0.22703
4076.1,148,0.22856
4090.5,148,0.2301
4104.7,148,0.23165
4118.7,148,0.2332
4132.6,148,0.23475
4146.3,148,0.23632
4159.8,148,0.23788
4173.1,148,0.23945
4186.3,148,0.24103
4199.2,148,0.24261
4212,148,0.24419
4224.7,148,0.24578
4237.1,148,0.24738
4249.3,148,0.24898
4261.4,148,0.25058
4273.3,148,0.25219
4285,148,0.2538
4296.5,148,0.25542
4307.8,148,0.25704
4318.9,148,0.25867
4329.8,148,0.2603
4340.5,148,0.26193
4351.1,148,0.26357
4361.4,148,0.26522
4371.5,148,0.26686
4381.5,148,0.26851
4391.2,148,0.27017
4400.8,148,0.27183
4410.1,148,0.27349
4419.2,148,0.27515
4428.2,148,0.27682
4436.9,148,0.27849
4445.4,148,0.28017
4453.8,148,0.28185
4461.9,148,0.28353
4469.8,148,0.28522
4477.5,148,0.2869
4485,148,0.2886
4492.3,148,0.29029
4499.4,148,0.29199
4506.3,148,0.29369
4513,148,0.29539
4519.5,148,0.2971
4525.8,148,0.2988
4531.8,148,0.30051
4537.7,148,0.30223
4543.4,148,0.30394
4548.8,148,0.30566
4554,148,0.30738
4559.1,148,0.3091
4563.9,148,0.31082
4568.5,148,0.31255
4573,148,0.31428
4577.2,148,0.316
4581.2,148,0.31773
4585,148,0.31947
4588.6,148,0.3212
4592,148,0.32293
4595.2,148,0.32467
4598.2,148,0.32641
4601,148,0.32815
4603.6,148,0.32989
4606,148,0.33163
4608.2,148,0.33337
4610.2,148,0.33511
4612,148,0.33685
4613.6,148,0.3386
4615,148,0.34034
4616.2,148,0.34209
4617.2,148,0.34383
4618,148,0.34558
4618.6,148,0.34732
4619.1,148,0.34907
4619.3,148,0.35081
4619.3,148,0.35256
4619.2,148,0.3543
4618.9,148,0.35605
4618.4,148,0.35779
4617.6,148,0.35953
4616.8,148,0.36128
4615.7,148,0.36302
4614.4,148,0.36476
4613,148,0.3665
4611.4,148,0.36825
4609.6,148,0.36998
4607.6,148,0.37172
4605.4,148,0.37346
4603.1,148,0.3752
4600.6,148,0.37693
4597.9,148,0.37867
4595,148,0.3804
4592,148,0.38213
4588.8,148,0.38386
4585.4,148,0.38558
4581.9,148,0.38731
4578.2,148,0.38903
4574.3,148,0.39075
4570.3,148,0.39247
4566.1,148,0.39419
4561.7,148,0.39591
4557.2,148,0.39762
4552.6,148,0.39933
4547.7,148,0.40104
4542.8,148,0.40274
4537.6,148,0.40444
4532.4,148,0.40614
4526.9,148,0.40784
4521.3,148,0.40954
4515.6,148,0.41123
4509.7,148,0.41292
4503.7,148,0.4146
4497.6,148,0.41628
4491.3,148,0.41796
4484.8,148,0.41964
4478.2,148,0.42131
4471.5,148,0.42298
4464.7,148,0.42464
4457.7,148,0.42631
4450.6,148,0.42796
4443.3,148,0.42962
4436,148,0.43127
4428.5,148,0.43292
4420.8,148,0.43456
4413.1,148,0.4362
4405.2,148,0.43783
4397.2,148,0.43946
4389.1,148,0.44109
4380.9,148,0.44271
4372.6,148,0.44433
4364.1,148,0.44594
4355.5,148,0.44755
4346.9,148,0.44915
4338.1,148,0.45075
4329.2,148,0.45235
4320.2,148,0.45394
4311.1,148,0.45552
4301.9,148,0.4571
4292.6,148,0.45868
4283.2,148,0.46025
4273.6,148,0.46182
4264,148,0.46338
4254.3,148,0.46493
4244.6,148,0.46648
4234.7,148,0.46803
4224.7,148,0.46957
4214.6,148,0.4711
4204.5,148,0.47263
4194.3,148,0.47416
4183.9,148,0.47567
4173.6,148,0.47719
4163.1,148,0.4787
4152.5,148,0.4802
4141.9,148,0.48169
4131.2,148,0.48318
4120.4,148,0.48467
4109.5,148,0.48615
4098.6,148,0.48762
4087.6,148,0.48909
4076.5,148,0.49055
4065.4,148,0.49201
4054.2,148,0.49345
4042.9,148,0.4949
4031.6,148,0.49634
4020.2,148,0.49777
4008.8,148,0.49919
3997.3,148,0.50061
3985.7,148,0.50203
3974.1,148,0.50343
3962.4,148,0.50483
3950.7,148,0.50623
3938.9,148,0.50762
3927.1,148,0.509
3915.2,148,0.51038
3903.3,148,0.51174
3891.3,148,0.51311
3879.3,148,0.51446
3867.2,148,0.51581
3855.1,148,0.51716
3843,148,0.5185
3830.8,148,0.51983
3818.6,148,0.52115
3806.3,148,0.52247
3794.1,148,0.52378
3781.7,148,0.52509
3769.4,148,0.52638
3757,148,0.52768
3744.6,148,0.52896
3732.1,148,0.53024
3719.7,148,0.53151
3707.1,148,0.53278
3694.6,148,0.53403
3682.1,148,0.53529
3669.5,148,0.53653
3656.9,148,0.53777
3644.3,148,0.539
3631.6,148,0.54023
3619,148,0.54145
3606.3,148,0.54266
3593.6,148,0.54386
3580.9,148,0.54506
3568.2,148,0.54625
3555.4,148,0.54744
3542.7,148,0.54862
3529.9,148,0.54979
3517.1,148,0.55095
3504.4,148,0.55211
3491.6,148,0.55326
3478.8,148,0.55441
3466,148,0.55555
3453.1,148,0.55668
3440.3,148,0.5578
3427.5,148,0.55892
3414.7,148,0.56003
3401.9,148,0.56113
3389,148,0.56223
3376.2,148,0.56332
3363.4,148,0.56441
3350.5,148,0.56549
3337.7,148,0.56656
3324.9,148,0.56762
3312.1,148,0.56868
3299.3,148,0.56973
3286.5,148,0.57077
3273.7,148,0.57181
3260.9,148,0.57284
3248.1,148,0.57387
3235.3,148,0.57489
3222.5,148,0.5759
3209.8,148,0.5769
3197,148,0.5779
3184.3,148,0.57889
3171.5,148,0.57988
3158.8,148,0.58086
3146.1,148,0.58183
3133.4,148,0.5828
3120.7,148,0.58376
3108.1,148,0.58471
3095.4,148,0.58566
3082.8,148,0.5866
3070.2,148,0.58753
3057.6,148,0.58846
3045,148,0.58938
3032.5,148,0.59029
3019.9,148,0.5912
3007.4,148,0.59211
2994.9,148,0.593
2982.5,148,0.59389
2970,148,0.59478
2957.6,148,0.59565
2945.2,148,0.59652
2932.8,148,0.59739
2920.4,148,0.59825
2908.1,148,0.5991
2895.7,148,0.59995
2883.5,148,0.60079
2871.2,148,0.60162
2858.9,148,0.60245
2846.7,148,0.60327
2834.5,148,0.60409
2822.4,148,0.6049
2810.2,148,0.60571
2798.1,148,0.60651
2786.1,148,0.6073
2774,148,0.60809
2762,148,0.60887
2750,148,0.60964
2738,148,0.61041
2726.1,148,0.61118
2714.2,148,0.61194
2702.3,148,0.61269
2690.5,148,0.61344
2678.7,148,0.61418
2666.9,148,0.61491
2655.1,148,0.61564
2643.4,148,0.61637
2631.8,148,0.61709
2620.1,148,0.6178
2608.5,148,0.61851
2596.9,148,0.61921
2585.4,148,0.61991
2573.8,148,0.6206
2562.4,148,0.62129
2550.9,148,0.62197
2539.5,148,0.62264
2528.1,148,0.62331
2516.8,148,0.62398
2505.5,148,0.62464
2494.2,148,0.62529
2482.9,148,0.62594
2471.7,148,0.62659
2460.6,148,0.62723
2449.4,148,0.62786
2438.3,148,0.62849
2427.3,148,0.62912
2416.3,148,0.62974
2405.3,148,0.63035
2394.3,148,0.63096
2383.4,148,0.63157
2372.5,148,0.63216
2361.7,148,0.63276
2350.9,148,0.63335
2340.1,148,0.63394
2329.4,148,0.63452
2318.7,148,0.63509
2308.1,148,0.63566
2297.5,148,0.63623
2286.9,148,0.63679
2276.3,148,0.63735
2265.8,148,0.6379
2255.4,148,0.63845
2245,148,0.63899
2234.6,148,0.63953
2224.2,148,0.64007
2213.9,148,0.6406
2203.7,148,0.64112
2193.4,148,0.64164
2183.2,148,0.64216
2173.1,148,0.64267
2163,148,0.64318
2152.9,148,0.64369
2142.9,148,0.64419
2132.9,148,0.64468
2122.9,148,0.64517
2113,148,0.64566
2103.1,148,0.64614
2093.3,148,0.64662
2083.5,148,0.6471
2073.7,148,0.64757
2064,148,0.64804
2054.3,148,0.6485
2044.7,148,0.64896
2035.1,148,0.64941
2025.5,148,0.64986
2016,148,0.65031
2006.5,148,0.65075
1997,148,0.65119
1987.6,148,0.65163
1978.3,148,0.65206
1968.9,148,0.65249
1959.6,148,0.65292
1950.4,148,0.65334
1941.2,148,0.65375
1932,148,0.65417
1922.9,148,0.65458
1913.8,148,0.65498
1904.7,148,0.65539
1895.7,148,0.65579
1886.7,148,0.65618
1877.8,148,0.65658
1868.9,148,0.65696
1860,148,0.65735
1851.2,148,0.65773
1842.4,148,0.65811
1833.6,148,0.65849
1824.9,148,0.65886
1816.3,148,0.65923
1807.6,148,0.65959
1799,148,0.65996
1790.5,148,0.66032
1782,148,0.66067
1773.5,148,0.66103
1765,148,0.66137
1756.6,148,0.66172
1748.3,148,0.66207
1739.9,148,0.66241
1731.6,148,0.66274
1723.4,148,0.66308
1715.2,148,0.66341
1707,148,0.66374
1698.8,148,0.66406
1690.7,148,0.66439
1682.7,148,0.66471
1674.6,148,0.66502
1666.6,148,0.66534
1658.7,148,0.66565
1650.8,148,0.66596
1642.9,148,0.66626
1635,148,0.66656
1627.2,148,0.66686
1619.5,148,0.66716
1611.7,148,0.66746
1604,148,0.66775
1596.4,148,0.66804
1588.7,148,0.66832
1581.1,148,0.66861
1573.6,148,0.66889
1566.1,148,0.66917
1558.6,148,0.66944
1551.1,148,0.66972
1543.7,148,0.66999
1536.3,148,0.67026
1529,148,0.67052
1521.7,148,0.67079
1514.4,148,0.67105
1507.2,148,0.67131
1500,148,0.67157
1492.8,148,0.67182
1485.7,148,0.67207
1478.6,148,0.67232
1471.5,148,0.67257
1464.5,148,0.67281
1457.5,148,0.67306
1450.5,148,0.6733
1443.6,148,0.67354
1436.7,148,0.67377
1429.8,148,0.67401
1423,148,0.67424
1416.2,148,0.67447
1409.4,148,0.6747
1402.7,148,0.67492
1396,148,0.67514
1389.3,148,0.67537
1382.7,148,0.67559
1376.1,148,0.6758
1369.5,148,0.67602
1363,148,0.67623
1356.5,148,0.67644
1350,148,0.67665
1343.6,148,0.67686
1337.2,148,0.67706
1330.8,148,0.67727
1324.5,148,0.67747
1318.1,148,0.67767
1311.9,148,0.67787
1305.6,148,0.67806
1299.4,148,0.67826
1293.2,148,0.67845
1287.1,148,0.67864
1280.9,148,0.67883
1274.8,148,0.67901
1268.8,148,0.6792
1262.7,148,0.67938
1256.7,148,0.67956
1250.8,148,0.67974
1244.8,148,0.67992
1238.9,148,0.6801
1233,148,0.68027
1227.1,148,0.68045
1221.3,148,0.68062
1215.5,148,0.68079
1209.8,148,0.68096
1204,148,0.68112
1198.3,148,0.68129
1192.6,148,0.68145
1187,148,0.68161
1181.3,148,0.68177
1175.7,148,0.68193
1170.2,148,0.68209
1164.6,148,0.68225
1159.1,148,0.6824
1153.6,148,0.68255
1148.2,148,0.68271
1142.7,148,0.68286
1137.3,148,0.683
1132,148,0.68315
1126.6,148,0.6833
1121.3,148,0.68344
1116,148,0.68359
1110.7,148,0.68373
1105.5,148,0.68387
1100.2,148,0.68401
1095.1,148,0.68414
1089.9,148,0.68428
1084.7,148,0.68442
1079.6,148,0.68455
1074.5,148,0.68468
1069.5,148,0.68481
1064.4,148,0.68494
1059.4,148,0.68507
1054.4,148,0.6852
1049.5,148,0.68533
1044.5,148,0.68545
1039.6,148,0.68557
1034.7,148,0.6857
1029.9,148,0.68582
1025,148,0.68594
1020.2,148,0.68606
1015.4,148,0.68618
1010.7,148,0.68629
1005.9,148,0.68641
1001.2,148,0.68652
996.49,148,0.68664
991.82,148,0.68675
987.17,148,0.68686
982.54,148,0.68697
977.93,148,0.68708
973.35,148,0.68719
968.79,148,0.6873
964.25,148,0.6874
959.74,148,0.68751
955.24,148,0.68761
950.77,148,0.68772
946.32,148,0.68782
941.89,148,0.68792
937.49,148,0.68802
933.1,148,0.68812
928.74,148,0.68822
924.4,148,0.68831
920.08,148,0.68841
915.78,148,0.68851
911.5,148,0.6886
907.24,148,0.68869
903,148,0.68879
898.78,148,0.68888
894.58,148,0.68897
890.41,148,0.68906
886.25,148,0.68915
882.11,148,0.68924
878,148,0.68932
873.9,148,0.68941
869.82,148,0.6895
865.76,148,0.68958
861.72,148,0.68966
857.7,148,0.68975
853.7,148,0.68983
849.72,148,0.68991
845.76,148,0.68999
841.81,148,0.69007
837.89,148,0.69015
833.98,148,0.69023
830.09,148,0.69031
826.22,148,0.69039
822.36,148,0.69046
818.53,148,0.69054
814.71,148,0.69061
810.91,148,0.69069
807.13,148,0.69076
803.36,148,0.69083
799.61,148,0.6909
795.88,148,0.69097
792.17,148,0.69105
788.47,148,0.69111
784.79,148,0.69118
781.12,148,0.69125
777.48,148,0.69132
773.85,148,0.69139
770.23,148,0.69145
766.63,148,0.69152
763.05,148,0.69158
759.48,148,0.69165
755.93,148,0.69171
752.4,148,0.69178
748.88,148,0.69184
745.38,148,0.6919
741.89,148,0.69196
738.41,148,0.69202
734.95,148,0.69208
731.51,148,0.69214
728.08,148,0.6922
724.67,148,0.69226
721.27,148,0.69232
717.88,148,0.69238
714.51,148,0.69243
711.16,148,0.69249
707.82,148,0.69255
704.49,148,0.6926
701.17,148,0.69265
697.87,148,0.69271
694.59,148,0.69276
691.32,148,0.69282
688.06,148,0.69287
684.81,148,0.69292
681.58,148,0.69297
678.36,148,0.69302
675.15,148,0.69307
671.96,148,0.69312
668.78,148,0.69317
665.61,148,0.69322
662.46,148,0.69327
659.31,148,0.69332
656.18,148,0.69337
653.07,148,0.69341
649.96,148,0.69346
646.87,148,0.69351
643.78,148,0.69355
640.71,148,0.6936
637.66,148,0.69364
634.61,148,0.69369
631.58,148,0.69373
628.55,148,0.69377
625.54,148,0.69382
622.54,148,0.69386
619.55,148,0.6939
616.57,148,0.69394
613.61,148,0.69398
610.65,148,0.69403
607.71,148,0.69407
604.77,148,0.69411
601.85,148,0.69415
598.93,148,0.69419
596.03,148,0.69422
593.14,148,0.69426
590.25,148,0.6943
587.38,148,0.69434
584.52,148,0.69438
581.67,148,0.69441
578.82,148,0.69445
575.99,148,0.69449
573.17,148,0.69452
570.36,148,0.69456
567.55,148,0.69459
564.76,148,0.69463
561.97,148,0.69466
559.2,148,0.6947
556.43,148,0.69473
553.67,148,0.69477
550.92,148,0.6948
548.18,148,0.69483
545.45,148,0.69487
542.73,148,0.6949
540.01,148,0.69493
537.31,148,0.69496
534.61,148,0.69499
531.92,148,0.69502
529.24,148,0.69505
526.57,148,0.69509
523.91,148,0.69512
521.25,148,0.69515
518.6,148,0.69517
515.96,148,0.6952
513.33,148,0.69523
510.71,148,0.69526
508.09,148,0.69529
505.48,148,0.69532
502.88,148,0.69535
500.29,148,0.69537
497.7,148,0.6954
495.12,148,0.69543
492.55,148,0.69546
489.98,148,0.69548
487.43,148,0.69551
484.87,148,0.69553
482.33,148,0.69556
479.79,148,0.69559
477.26,148,0.69561
474.74,148,0.69564
472.22,148,0.69566
469.71,148,0.69568
467.21,148,0.69571
464.71,148,0.69573
462.22,148,0.69576
459.74,148,0.69578
457.26,148,0.6958
454.78,148,0.69583
452.32,148,0.69585
449.86,148,0.69587
447.4,148,0.69589
444.96,148,0.69592
442.51,148,0.69594
440.08,148,0.69596
437.65,148,0.69598
435.22,148,0.696
432.8,148,0.69602
430.39,148,0.69605
427.98,148,0.69607
425.58,148,0.69609
423.18,148,0.69611
420.79,148,0.69613
418.4,148,0.69615
416.02,148,0.69617
413.65,148,0.69619
411.28,148,0.69621
408.91,148,0.69622
406.55,148,0.69624
404.19,148,0.69626
401.84,148,0.69628
399.5,148,0.6963
397.15,148,0.69632
394.82,148,0.69634
392.49,148,0.69635
390.16,148,0.69637
387.84,148,0.69639
385.52,148,0.69641
383.21,148,0.69642
380.9,148,0.69644
378.59,148,0.69646
376.29,148,0.69647
374,148,0.69649
371.71,148,0.69651
369.42,148,0.69652
367.14,148,0.69654
364.86,148,0.69655
362.58,148,0.69657
360.31,148,0.69658
358.05,148,0.6966
355.79,148,0.69662
353.53,148,0.69663
351.27,148,0.69665
349.02,148,0.69666
346.78,148,0.69667
344.54,148,0.69669
342.3,148,0.6967
340.06,148,0.69672
337.83,148,0.69673
335.6,148,0.69675
333.38,148,0.69676
331.16,148,0.69677
328.94,148,0.69679
326.73,148,0.6968
324.52,148,0.69681
322.31,148,0.69683
320.11,148,0.69684
317.91,148,0.69685
315.72,148,0.69686
313.53,148,0.69688
311.34,148,0.69689
309.15,148,0.6969
306.97,148,0.69691
304.79,148,0.69693
302.62,148,0.69694
300.44,148,0.69695
298.27,148,0.69696
296.11,148,0.69697
293.95,148,0.69699
291.79,148,0.697
289.63,148,0.69701
287.48,148,0.69702
285.33,148,0.69703
283.18,148,0.69704
281.04,148,0.69705
278.89,148,0.69706
276.76,148,0.69707
274.62,148,0.69708
272.49,148,0.69709
270.36,148,0.6971
268.23,148,0.69711
266.11,148,0.69712
263.99,148,0.69713
261.87,148,0.69714
259.76,148,0.69715
257.64,148,0.69716
255.53,148,0.69717
253.43,148,0.69718
251.32,148,0.69719
249.22,148,0.6972
247.13,148,0.69721
245.03,148,0.69722
242.94,148,0.69723
240.85,148,0.69724
238.76,148,0.69725
236.68,148,0.69726
234.59,148,0.69726
232.51,148,0.69727
230.44,148,0.69728
228.36,148,0.69729
226.29,148,0.6973
224.23,148,0.69731
222.16,148,0.69732
220.1,148,0.69732
218.04,148,0.69733
215.98,148,0.69734
213.92,148,0.69735
211.87,148,0.69736
209.82,148,0.69736
207.77,148,0.69737
205.73,148,0.69738
203.68,148,0.69739
201.65,148,0.69739
199.61,148,0.6974
197.57,148,0.69741
195.54,148,0.69741
193.51,148,0.69742
191.49,148,0.69743
189.46,148,0.69744
187.44,148,0.69744
185.42,148,0.69745
183.4,148,0.69746
181.39,148,0.69746
179.38,148,0.69747
177.37,148,0.69748
175.36,148,0.69748
173.36,148,0.69749
171.36,148,0.6975
169.36,148,0.6975
167.36,148,0.69751
165.37,148,0.69751
163.38,148,0.69752
161.39,148,0.69753
159.41,148,0.69753
157.42,148,0.69754
155.44,148,0.69754
153.47,148,0.69755
151.49,148,0.69756
149.52,148,0.69756
147.55,148,0.69757
145.58,148,0.69757
143.62,148,0.69758
141.66,148,0.69758
139.7,148,0.69759
137.74,148,0.6976
135.79,148,0.6976
133.84,148,0.69761
131.89,148,0.69761
129.94,148,0.69762
128,148,0.69762
126.06,148,0.69763
124.12,148,0.69763
122.19,148,0.69764
120.25,148,0.69764
118.32,148,0.69765
116.4,148,0.69765
114.47,148,0.69766
112.55,148,0.69766
110.64,148,0.69767
108.72,148,0.69767
106.81,148,0.69767
104.9,148,0.69768
102.99,148,0.69768
101.09,148,0.69769
99.186,148,0.69769
97.288,148,0.6977
95.393,148,0.6977
93.501,148,0.69771
91.612,148,0.69771
89.725,148,0.69771
87.842,148,0.69772
85.961,148,0.69772
84.084,148,0.69773
82.209,148,0.69773
80.338,148,0.69773
78.47,148,0.69774
76.604,148,0.69774
74.742,148,0.69775
72.883,148,0.69775
71.027,148,0.69775
69.174,148,0.69776
67.324,148,0.69776
65.478,148,0.69776
63.634,148,0.69777
61.794,148,0.69777
59.957,148,0.69778
58.123,148,0.69778
56.292,148,0.69778
54.465,148,0.69779
52.641,148,0.69779
50.82,148,0.69779
49.003,148,0.6978
47.189,148,0.6978
45.378,148,0.6978
43.57,148,0.69781
41.766,148,0.69781
39.966,148,0.69781
38.168,148,0.69782
36.375,148,0.69782
34.584,148,0.69782
32.797,148,0.69783
31.014,148,0.69783
29.234,148,0.69783
27.458,148,0.69783
25.685,148,0.69784
23.916,148,0.69784
22.15,148,0.69784
20.388,148,0.69785
18.63,148,0.69785
16.875,148,0.69785
15.124,148,0.69785
13.377,148,0.69786
11.633,148,0.69786
9.8929,148,0.69786
8.1568,148,0.69787
6.4244,148,0.69787
4.6958,148,0.69787
2.971,148,0.69787
1.25,148,0.69788
-0.46708,148,0.69788
-2.1803,148,0.69788
-3.8896,148,0.69788
-5.5951,148,0.69789
-7.2965,148,0.69789
-8.9941,148,0.69789
-10.688,148,0.69789
-12.377,148,0.6979
-14.063,148,0.6979
-15.744,148,0.6979
-17.422,148,0.6979
-19.095,148,0.6979
-20.764,148,0.69791
-22.429,148,0.69791
-24.09,148,0.69791
-25.747,148,0.69791
-27.4,148,0.69792
-29.048,148,0.69792
-30.692,148,0.69792
-32.332,148,0.69792
-33.968,148,0.69792
-35.599,148,0.69793
-37.226,148,0.69793
-38.849,148,0.69793
-40.467,148,0.69793
-42.081,148,0.69793
-43.69,148,0.69794
-45.296,148,0.69794
-46.896,148,0.69794
-48.493,148,0.69794
-50.084,148,0.69794
-51.672,148,0.69795
-53.254,148,0.69795
-54.832,148,0.69795
-56.406,148,0.69795
-57.975,148,0.69795
-59.539,148,0.69795
-61.099,148,0.69796
-62.654,148,0.69796
-64.205,148,0.69796
-65.751,148,0.69796
-67.292,148,0.69796
-68.828,148,0.69797
-70.36,148,0.69797
-71.886,148,0.69797
-73.408,148,0.69797
-74.926,148,0.69797
-76.438,148,0.69797
-77.945,148,0.69797
-79.448,148,0.69798
-80.946,148,0.69798
-82.439,148,0.69798
-83.927,148,0.69798
-85.41,148,0.69798
-86.888,148,0.69798
-88.361,148,0.69799
-89.829,148,0.69799
-91.292,148,0.69799
-92.75,148,0.69799
-94.202,148,0.69799
-95.65,148,0.69799
-97.093,148,0.69799
-98.531,148,0.698
-99.963,148,0.698
-101.39,148,0.698
-102.81,148,0.698
-104.23,148,0.698
-105.64,148,0.698
-107.05,148,0.698
-108.45,148,0.698
-109.84,148,0.69801
-111.24,148,0.69801
-112.62,148,0.69801
-114,148,0.69801
-115.38,148,0.69801
-116.74,148,0.69801
-118.11,148,0.69801
-119.47,148,0.69801
-120.82,148,0.69802
-122.17,148,0.69802
-123.51,148,0.69802
-124.85,148,0.69802
-126.18,148,0.69802
-127.5,148,0.69802
-128.82,148,0.69802
-130.14,148,0.69802
-131.45,148,0.69802
-132.75,148,0.69803
-134.05,148,0.69803
-135.34,148,0.69803
-136.63,148,0.69803
-137.91,148,0.69803
-139.19,148,0.69803
-140.46,148,0.69803
-141.72,148,0.69803
-142.98,148,0.69803
-144.23,148,0.69803
-145.48,148,0.69804
-146.72,148,0.69804
-147.96,148,0.69804
-149.19,148,0.69804
-150.41,148,0.69804
-151.63,148,0.69804
-152.85,148,0.69804
-154.05,148,0.69804
-155.26,148,0.69804
-156.45,148,0.69804
-157.64,148,0.69804
-158.82,148,0.69805
-160,148,0.69805
-161.17,148,0.69805
-162.34,148,0.69805
-163.5,148,0.69805
-164.66,148,0.69805
-165.8,148,0.69805
-166.95,148,0.69805
-168.08,148,0.69805
-169.21,148,0.69805
-170.34,148,0.69805
-171.46,148,0.69805
-172.57,148,0.69806
-173.68,148,0.69806
-174.78,148,0.69806
-175.87,148,0.69806
-176.96,148,0.69806
-178.05,148,0.69806
-179.12,148,0.69806
-180.19,148,0.69806
-181.26,148,0.69806
-182.32,148,0.69806
-183.37,148,0.69806
-184.42,148,0.69806
-185.46,148,0.69806
-186.49,148,0.69806
-187.52,148,0.69807
-188.54,148,0.69807
-189.56,148,0.69807
-190.57,148,0.69807
-191.57,148,0.69807
-192.57,148,0.69807
-193.56,148,0.69807
-194.55,148,0.69807
-195.53,148,0.69807
-196.5,148,0.69807
-197.47,148,0.69807
-198.43,148,0.69807
-199.38,148,0.69807
-200.33,148,0.69807
-201.28,148,0.69807
-202.21,148,0.69807
-203.14,148,0.69808
-204.07,148,0.69808
-204.98,148,0.69808
-205.9,148,0.69808
-206.8,148,0.69808
-207.7,148,0.69808
-208.59,148,0.69808
-209.48,148,0.69808
-210.36,148,0.69808
-211.24,148,0.69808
-212.1,148,0.69808
-212.97,148,0.69808
-213.82,148,0.69808
-214.67,148,0.69808
-215.52,148,0.69808
-216.35,148,0.69808
-217.18,148,0.69808
-218.01,148,0.69808
-218.83,148,0.69808
-219.64,148,0.69808
-220.45,148,0.69809
-221.25,148,0.69809
-222.04,148,0.69809
-222.83,148,0.69809
-223.61,148,0.69809
-224.38,148,0.69809
-225.15,148,0.69809
-225.92,148,0.69809
-226.67,148,0.69809
-227.42,148,0.69809
-228.17,148,0.69809
-228.9,148,0.69809
-229.64,148,0.69809
-230.36,148,0.69809
-231.08,148,0.69809
-231.79,148,0.69809
-232.5,148,0.69809
-233.2,148,0.69809
-233.9,148,0.69809
-234.59,148,0.69809
-235.27,148,0.69809
-235.94,148,0.69809
-236.61,148,0.69809
-237.28,148,0.69809
-237.94,148,0.6981
-238.59,148,0.6981
-239.23,148,0.6981
-239.87,148,0.6981
-240.51,148,0.6981
-241.13,148,0.6981
-241.76,148,0.6981
-242.37,148,0.6981
-242.98,148,0.6981
-243.58,148,0.6981
-244.18,148,0.6981
-244.77,148,0.6981
-245.36,148,0.6981
-245.93,148,0.6981
-246.51,148,0.69811
-247.12,148,0.69811
-247.68,148,0.69811
-248.23,148,0.69811
-248.78,148,0.69811
-249.32,148,0.69811
-249.85,148,0.69811
-250.38,148,0.69811
-250.91,148,0.69811
-251.42,148,0.69811
-251.93,148,0.69811
-252.44,148,0.69811
-252.94,148,0.69811
-253.43,148,0.69811
-253.92,148,0.69811
-254.4,148,0.69811
-254.88,148,0.69811
-255.35,148,0.69811
-255.81,148,0.69811
-256.27,148,0.69811
-256.72,148,0.69811
-257.17,148,0.69811
-257.61,148,0.69811
-258.04,148,0.69811
-258.47,148,0.69811
-258.89,148,0.69811
-259.31,148,0.69811
-259.72,148,0.69811
-260.13,148,0.69811
-260.53,148,0.69811
-260.93,148,0.6981
-261.32,148,0.6981
-261.7,148,0.6981
-262.08,148,0.6981
-262.45,148,0.6981
-262.82,148,0.6981
-263.18,148,0.6981
-263.53,148,0.6981
-263.88,148,0.6981
-264.23,148,0.6981
-264.57,148,0.6981
-264.9,148,0.6981
-265.23,148,0.6981
-265.55,148,0.6981
-265.87,148,0.6981
-266.18,148,0.6981
-266.48,148,0.6981
-266.78,148,0.6981
-267.08,148,0.6981
-267.37,148,0.6981
-267.65,148,0.6981
-267.93,148,0.6981
-268.21,148,0.6981
-268.48,148,0.6981
-268.74,148,0.6981
-269,148,0.6981
-269.25,148,0.6981
-269.5,148,0.6981
-269.74,148,0.6981
-269.98,148,0.6981
-270.21,148,0.6981
-270.44,148,0.6981
-270.66,148,0.69809
-270.87,148,0.69809
-271.09,148,0.69809
-271.29,148,0.69809
-271.49,148,0.69809
-271.69,148,0.69809
-271.88,148,0.69809
-272.07,148,0.69809
-272.25,148,0.69809
-272.43,148,0.69809
-272.6,148,0.69809
-272.77,148,0.69809
-272.93,148,0.69809
-273.09,148,0.69809
-273.24,148,0.69809
-273.39,148,0.69809
-273.53,148,0.69809
-273.67,148,0.69809
-273.8,148,0.69809
-273.93,148,0.69809
-274.05,148,0.69809
-274.17,148,0.69809
-274.29,148,0.69809
-274.39,148,0.69809
-274.5,148,0.69808
-274.6,148,0.69808
-274.7,148,0.69808
-274.79,148,0.69808
-274.88,148,0.69808
-274.96,148,0.69808
-275.04,148,0.69808
-275.11,148,0.69808
-275.18,148,0.69808
-275.24,148,0.69808
-275.31,148,0.69808
-275.36,148,0.69808
-275.41,148,0.69808
-275.46,148,0.69808
-275.5,148,0.69808
-275.54,148,0.69808
-275.58,148,0.69808
-275.61,148,0.69808
-275.64,148,0.69808
-275.66,148,0.69808
-275.68,148,0.69807
-275.69,148,0.69807
-275.7,148,0.69807
-275.71,148,0.69807
-275.71,148,0.69807
-275.71,148,0.69807
-275.7,148,0.69807
-275.69,148,0.69807
-275.68,148,0.69807
-275.66,148,0.69807
-275.64,148,0.69807
-275.62,148,0.69807
-275.59,148,0.69807
-275.55,148,0.69807
-275.52,148,0.69807
-275.48,148,0.69807
-275.43,148,0.69806
-275.39,148,0.69806
-275.34,148,0.69806
-275.28,148,0.69806
-275.22,148,0.69806
-275.16,148,0.69806
-275.1,148,0.69806
-275.03,148,0.69806
-274.95,148,0.69806
-274.88,148,0.69806
-274.8,148,0.69806
-274.72,148,0.69806
-274.63,148,0.69806
-274.54,148,0.69806
-274.45,148,0.69805
-274.35,148,0.69805
-274.25,148,0.69805
-274.15,148,0.69805
-274.04,148,0.69805
-273.94,148,0.69805
-273.82,148,0.69805
-273.71,148,0.69805
-273.59,148,0.69805
-273.47,148,0.69805
-273.35,148,0.69805
-273.22,148,0.69805
-273.09,148,0.69804
-272.95,148,0.69804
-272.82,148,0.69804
-272.68,148,0.69804
-272.54,148,0.69804
-272.39,148,0.69804
-272.24,148,0.69804
-272.09,148,0.69804
-271.94,148,0.69804
-271.79,148,0.69804
-271.63,148,0.69804
-271.47,148,0.69803
-271.3,148,0.69803
-271.13,148,0.69803
-270.97,148,0.69803
-270.79,148,0.69803
-270.62,148,0.69803
-270.44,148,0.69803
-270.26,148,0.69803
-270.08,148,0.69803
-269.9,148,0.69803
-269.71,148,0.69802
-269.52,148,0.69802
-269.33,148,0.69802
-269.14,148,0.69802
-268.94,148,0.69802
-268.74,148,0.69802
-268.54,148,0.69802
-268.34,148,0.69802
-268.14,148,0.69802
-267.93,148,0.69801
-267.72,148,0.69801
-267.51,148,0.69801
-267.3,148,0.69801
-267.08,148,0.69801
-266.86,148,0.69801
-266.64,148,0.69801
-266.42,148,0.69801
-266.2,148,0.698
-265.98,148,0.698
-265.75,148,0.698
-265.52,148,0.698
-265.29,148,0.698
-265.06,148,0.698
-264.82,148,0.698
-264.59,148,0.698
-264.35,148,0.69799
-264.11,148,0.69799
-263.87,148,0.69799
-263.63,148,0.69799
-263.38,148,0.69799
-263.14,148,0.69799
-262.89,148,0.69799
-262.64,148,0.69798
-262.39,148,0.69798
-262.14,148,0.69798
-261.88,148,0.69798
-261.63,148,0.69798
-261.37,148,0.69798
-261.11,148,0.69797
-260.86,148,0.69797
-260.6,148,0.69797
-260.33,148,0.69797
-260.07,148,0.69797
-259.81,148,0.69797
-259.54,148,0.69797
-259.27,148,0.69796
-259.01,148,0.69796
-258.74,148,0.69796
-258.47,148,0.69796
-258.2,148,0.69796
-257.92,148,0.69795
-257.65,148,0.69795
-257.38,148,0.69795
-257.1,148,0.69795
-256.83,148,0.69795
-256.55,148,0.69795
-256.27,148,0.69794
-255.99,148,0.69794
-255.71,148,0.69794
-255.43,148,0.69794
-255.15,148,0.69794
-254.87,148,0.69793
-254.58,148,0.69793
-254.3,148,0.69793
-254.01,148,0.69793
-253.73,148,0.69793
-253.44,148,0.69792
-253.16,148,0.69792
-252.87,148,0.69792
-252.58,148,0.69792
-252.29,148,0.69792
-252,148,0.69791
-251.71,148,0.69791
-251.42,148,0.69791
-251.13,148,0.69791
-250.84,148,0.6979
-250.55,148,0.6979
-250.25,148,0.6979
-249.96,148,0.6979
-249.67,148,0.6979
-249.37,148,0.69789
-249.08,148,0.69789
-248.79,148,0.69789
-248.49,148,0.69789
-248.2,148,0.69788
-247.9,148,0.69788
-247.61,148,0.69788
-247.31,148,0.69788
-247.01,148,0.69787
-246.72,148,0.69787
-246.42,148,0.69787
-246.13,148,0.69787
-245.83,148,0.69786
-245.53,148,0.69786
-245.23,148,0.69786
-244.94,148,0.69785
-244.64,148,0.69785
-244.34,148,0.69785
-244.05,148,0.69785
-243.75,148,0.69784
-243.45,148,0.69784
-243.15,148,0.69784
-242.86,148,0.69783
-242.56,148,0.69783
-242.26,148,0.69783
-241.97,148,0.69783
-241.67,148,0.69782
-241.37,148,0.69782
-241.08,148,0.69782
-240.78,148,0.69781
-240.48,148,0.69781
-240.19,148,0.69781
-239.89,148,0.6978
-239.6,148,0.6978
-239.3,148,0.6978
-239.01,148,0.69779
-238.71,148,0.69779
-238.42,148,0.69779
-238.12,148,0.69778
-237.83,148,0.69778
-237.53,148,0.69778
-237.24,148,0.69777
-236.95,148,0.69777
-236.66,148,0.69776
-236.36,148,0.69776
-236.07,148,0.69776
-235.78,148,0.69775
-235.49,148,0.69775
-235.2,148,0.69775
-234.91,148,0.69774
-234.62,148,0.69774
-234.33,148,0.69773
-234.04,148,0.69773
-233.76,148,0.69773
-233.47,148,0.69772
-233.18,148,0.69772
-232.9,148,0.69771
-232.61,148,0.69771
-232.32,148,0.69771
-232.04,148,0.6977
-231.76,148,0.6977
-231.47,148,0.69769
-231.19,148,0.69769
-230.91,148,0.69768
-230.63,148,0.69768
-230.35,148,0.69767
-230.06,148,0.69767
-229.79,148,0.69767
-229.51,148,0.69766
-229.23,148,0.69766
-228.95,148,0.69765
-228.67,148,0.69765
-228.4,148,0.69764
-228.12,148,0.69764
-227.85,148,0.69763
-227.57,148,0.69763
-227.3,148,0.69762
-227.03,148,0.69762
-226.76,148,0.69761
-226.49,148,0.69761
-226.22,148,0.6976
-225.95,148,0.6976
-225.68,148,0.69759
-225.41,148,0.69758
-225.15,148,0.69758
-224.88,148,0.69757
-224.62,148,0.69757
-224.35,148,0.69756
-224.09,148,0.69756
-223.83,148,0.69755
-223.56,148,0.69754
-223.3,148,0.69754
-223.04,148,0.69753
-222.78,148,0.69753
-222.53,148,0.69752
-222.27,148,0.69751
-222.01,148,0.69751
-221.76,148,0.6975
-221.5,148,0.6975
-221.25,148,0.69749
-221,148,0.69748
-220.74,148,0.69748
-220.49,148,0.69747
-220.24,148,0.69746
-219.99,148,0.69746
-219.75,148,0.69745
-219.5,148,0.69744
-219.25,148,0.69744
-219.01,148,0.69743
-218.76,148,0.69742
-218.52,148,0.69742
-218.28,148,0.69741
-218.04,148,0.6974
-217.8,148,0.69739
-217.56,148,0.69739
-217.32,148,0.69738
-217.08,148,0.69737
-216.84,148,0.69736
-216.61,148,0.69736
-216.37,148,0.69735
-216.14,148,0.69734
-215.9,148,0.69733
-215.67,148,0.69732
-215.44,148,0.69732
-215.21,148,0.69731
-214.98,148,0.6973
-214.75,148,0.69729
-214.53,148,0.69728
-214.3,148,0.69727
-214.08,148,0.69727
-213.85,148,0.69726
-213.63,148,0.69725
-213.4,148,0.69724
-213.18,148,0.69723
-212.96,148,0.69722
-212.74,148,0.69721
-212.52,148,0.6972
-212.31,148,0.69719
-212.09,148,0.69718
-211.87,148,0.69717
-211.66,148,0.69716
-211.44,148,0.69716
-211.23,148,0.69715
-211.02,148,0.69714
-210.81,148,0.69713
-210.6,148,0.69712
-210.39,148,0.69711
-210.18,148,0.6971
-209.97,148,0.69708
-209.76,148,0.69707
-209.56,148,0.69706
-209.35,148,0.69705
-209.15,148,0.69704
-208.94,148,0.69703
-208.74,148,0.69702
-208.54,148,0.69701
-208.34,148,0.697
-208.14,148,0.69699
-207.94,148,0.69697
-207.74,148,0.69696
-207.54,148,0.69695
-207.35,148,0.69694
-207.15,148,0.69693
-206.96,148,0.69692
-206.76,148,0.6969
-206.57,148,0.69689
-206.38,148,0.69688
-206.18,148,0.69687
-205.99,148,0.69685
-205.8,148,0.69684
-205.61,148,0.69683
-205.42,148,0.69681
-205.24,148,0.6968
-205.05,148,0.69679
-204.86,148,0.69677
-204.68,148,0.69676
-204.49,148,0.69675
-204.31,148,0.69673
-204.12,148,0.69672
-203.94,148,0.69671
-203.76,148,0.69669
-203.57,148,0.69668
-203.39,148,0.69666
-203.21,148,0.69665
-203.03,148,0.69663
-202.85,148,0.69662
-202.67,148,0.6966
-202.49,148,0.69659
-202.32,148,0.69657
-202.14,148,0.69656
-201.96,148,0.69654
-201.79,148,0.69652
-201.61,148,0.69651
-201.44,148,0.69649
-201.26,148,0.69648
-201.09,148,0.69646
-200.91,148,0.69644
-200.74,148,0.69643
-200.57,148,0.69641
-200.4,148,0.69639
-200.22,148,0.69637
-200.05,148,0.69636
-199.88,148,0.69634
-199.71,148,0.69632
-199.54,148,0.6963
-199.37,148,0.69628
-199.2,148,0.69627
-199.03,148,0.69625
-198.86,148,0.69623
-198.69,148,0.69621
-198.53,148,0.69619
-198.36,148,0.69617
-198.19,148,0.69615
-198.02,148,0.69613
-197.86,148,0.69611
-197.69,148,0.69609
-197.52,148,0.69607
-197.36,148,0.69605
-197.19,148,0.69603
-197.02,148,0.69601
-196.86,148,0.69599
-196.69,148,0.69596
-196.52,148,0.69594
-196.36,148,0.69592
-196.19,148,0.6959
-196.03,148,0.69588
-195.86,148,0.69585
-195.7,148,0.69583
-195.53,148,0.69581
-195.36,148,0.69578
-195.2,148,0.69576
-195.03,148,0.69574
-194.87,148,0.69571
-194.7,148,0.69569
-194.54,148,0.69567
-194.37,148,0.69564
-194.2,148,0.69562
-194.04,148,0.69559
-193.87,148,0.69557
-193.7,148,0.69554
-193.54,148,0.69551
-193.37,148,0.69549
-193.2,148,0.69546
-193.03,148,0.69543
-192.87,148,0.69541
-192.7,148,0.69538
-192.53,148,0.69535
-192.36,148,0.69533
-192.19,148,0.6953
-192.02,148,0.69527
-191.85,148,0.69524
-191.68,148,0.69521
-191.51,148,0.69518
-191.34,148,0.69515
-191.17,148,0.69512
-191,148,0.69509
-190.82,148,0.69506
-190.65,148,0.69503
-190.48,148,0.695
-190.3,148,0.69497
-190.13,148,0.69494
-189.95,148,0.69491
-189.77,148,0.69487
-189.6,148,0.69484
-189.42,148,0.69481
-189.24,148,0.69478
-189.06,148,0.69474
-188.88,148,0.69471
-188.7,148,0.69467
-188.52,148,0.69464
-188.34,148,0.69461
-188.15,148,0.69457
-187.97,148,0.69453
-187.78,148,0.6945
-187.6,148,0.69446
-187.41,148,0.69443
-187.22,148,0.69439
-187.04,148,0.69435
-186.85,148,0.69431
-186.65,148,0.69428
-186.46,148,0.69424
-186.27,148,0.6942
-186.08,148,0.69416
-185.88,148,0.69412
-185.68,148,0.69408
-185.49,148,0.69404
-185.29,148,0.694
-185.09,148,0.69396
-184.89,148,0.69392
-184.69,148,0.69387
-184.48,148,0.69383
-184.28,148,0.69379
-184.07,148,0.69375
-183.86,148,0.6937
-183.65,148,0.69366
-183.44,148,0.69361
-183.23,148,0.69357
-183.02,148,0.69352
-182.8,148,0.69348
-182.59,148,0.69343
-182.37,148,0.69338
-182.15,148,0.69334
-181.93,148,0.69329
-181.71,148,0.69324
-181.48,148,0.69319
-181.25,148,0.69314
-181.03,148,0.69309
-180.8,148,0.69304
-180.57,148,0.69299
-180.33,148,0.69294
-180.1,148,0.69289
-179.86,148,0.69284
-179.62,148,0.69279
-179.38,148,0.69273
-179.14,148,0.69268
-178.9,148,0.69263
-178.65,148,0.69257
-178.4,148,0.69252
-178.15,148,0.69246
-177.9,148,0.6924
-177.64,148,0.69235
-177.39,148,0.69229
-177.13,148,0.69223
-176.87,148,0.69217
-176.6,148,0.69212
-176.34,148,0.69206
-176.07,148,0.692
-175.8,148,0.69193
-175.53,148,0.69187
-175.25,148,0.69181
-174.98,148,0.69175
-174.7,148,0.69169
-174.42,148,0.69162
-174.13,148,0.69156
-173.84,148,0.69149
-173.55,148,0.69143
-173.26,148,0.69136
-172.97,148,0.69129
-172.67,148,0.69123
-172.37,148,0.69116
-172.07,148,0.69109
-171.76,148,0.69102
-171.46,148,0.69095
-171.15,148,0.69088
-170.83,148,0.69081
-170.52,148,0.69073
-170.2,148,0.69066
-169.87,148,0.69059
-169.55,148,0.69051
-169.22,148,0.69044
-168.89,148,0.69036
-168.56,148,0.69028
-168.22,148,0.69021
-167.88,148,0.69013
-167.54,148,0.69005
-167.19,148,0.68997
-166.84,148,0.68989
-166.49,148,0.68981
-166.13,148,0.68973
-165.77,148,0.68964
-165.41,148,0.68956
-165.04,148,0.68947
-164.67,148,0.68939
-164.3,148,0.6893
-163.93,148,0.68922
-163.55,148,0.68913
-163.16,148,0.68904
-162.78,148,0.68895
-162.39,148,0.68886
-161.99,148,0.68877
-161.59,148,0.68868
-161.19,148,0.68858
-160.79,148,0.68849
-160.38,148,0.6884
-159.97,148,0.6883
-159.55,148,0.6882
-159.13,148,0.68811
-158.71,148,0.68801
-158.28,148,0.68791
-157.85,148,0.68781
-157.41,148,0.68771
-156.97,148,0.6876
-156.53,148,0.6875
-156.08,148,0.6874
-155.63,148,0.68729
-155.17,148,0.68719
-154.71,148,0.68708
-154.25,148,0.68697
-153.78,148,0.68686
-153.3,148,0.68675
-152.83,148,0.68664
-152.34,148,0.68653
-151.86,148,0.68641
-151.37,148,0.6863
-150.87,148,0.68618
-150.37,148,0.68607
-149.87,148,0.68595
-149.36,148,0.68583
-148.84,148,0.68571
-148.33,148,0.68559
-147.8,148,0.68547
-147.28,148,0.68534
-146.74,148,0.68522
-146.21,148,0.68509
-145.66,148,0.68496
-145.12,148,0.68484
-144.56,148,0.68471
-144.01,148,0.68458
-143.45,148,0.68444
-142.88,148,0.68431
-142.31,148,0.68418
-141.73,148,0.68404
-141.15,148,0.6839
-140.56,148,0.68376
-139.97,148,0.68363
-139.37,148,0.68348
-138.77,148,0.68334
-138.16,148,0.6832
-137.55,148,0.68305
-136.93,148,0.68291
-136.3,148,0.68276
-135.67,148,0.68261
-135.04,148,0.68246
-134.4,148,0.68231
-133.75,148,0.68216
-133.1,148,0.682
-132.44,148,0.68184
-131.78,148,0.68169
-131.11,148,0.68153
-130.44,148,0.68137
-129.76,148,0.68121
-129.07,148,0.68104
-128.38,148,0.68088
-127.68,148,0.68071
-126.97,148,0.68054
-126.27,148,0.68037
-125.55,148,0.6802
-124.83,148,0.68003
-124.1,148,0.67986
-123.37,148,0.67968
-122.63,148,0.6795
-121.88,148,0.67932
-121.13,148,0.67914
-120.37,148,0.67896
-119.6,148,0.67878
-118.83,148,0.67859
-118.05,148,0.6784
-117.27,148,0.67821
-116.48,148,0.67802
-115.68,148,0.67783
-114.88,148,0.67763
-114.07,148,0.67744
-113.25,148,0.67724
-112.43,148,0.67704
-111.6,148,0.67684
-110.77,148,0.67664
-109.92,148,0.67643
-109.07,148,0.67622
-108.22,148,0.67601
-107.36,148,0.6758
-106.49,148,0.67559
-105.61,148,0.67538
-104.73,148,0.67516
-103.84,148,0.67494
-102.94,148,0.67472
-102.04,148,0.6745
-101.12,148,0.67427
-100.21,148,0.67405
-99.282,148,0.67382
-98.35,148,0.67359
-97.411,148,0.67335
-96.464,148,0.67312
-95.511,148,0.67288
-94.551,148,0.67264
-93.583,148,0.6724
-92.609,148,0.67216
-91.627,148,0.67191
-90.637,148,0.67167
-89.641,148,0.67142
-88.637,148,0.67116
-87.626,148,0.67091
-86.608,148,0.67065
-85.582,148,0.6704
-84.549,148,0.67013
-83.508,148,0.66987
-82.46,148,0.66961
-81.405,148,0.66934
-80.342,148,0.66907
-79.272,148,0.6688
-78.194,148,0.66852
-77.109,148,0.66824
-76.016,148,0.66796
-74.916,148,0.66768
-73.808,148,0.6674
-72.692,148,0.66711
-71.569,148,0.66682
-70.439,148,0.66653
-69.301,148,0.66624
-68.155,148,0.66594
-67.001,148,0.66564
-65.84,148,0.66534
-64.672,148,0.66503
-63.496,148,0.66473
-62.312,148,0.66442
-61.12,148,0.6641
-59.921,148,0.66379
-58.714,148,0.66347
-57.5,148,0.66315
-56.278,148,0.66283
-55.048,148,0.6625
-53.81,148,0.66217
-52.565,148,0.66184
-51.313,148,0.66151
-50.052,148,0.66117
-48.785,148,0.66083
-47.509,148,0.66049
-46.226,148,0.66014
-44.935,148,0.65979
-43.637,148,0.65944
-42.331,148,0.65909
-41.018,148,0.65873
-39.697,148,0.65837
-38.368,148,0.65801
-37.032,148,0.65764
-35.689,148,0.65727
-34.338,148,0.6569
-32.979,148,0.65653
-31.614,148,0.65615
-30.241,148,0.65577
-28.86,148,0.65538
-27.472,148,0.655
-26.077,148,0.65461
-24.675,148,0.65421
-23.265,148,0.65382
-21.849,148,0.65342
-20.425,148,0.65301
-18.994,148,0.65261
-17.556,148,0.6522
-16.11,148,0.65179
-14.658,148,0.65137
-13.199,148,0.65095
-11.734,148,0.65053
-10.261,148,0.6501
-8.7814,148,0.64967
-7.2952,148,0.64924
-5.8024,148,0.64881
-4.303,148,0.64837
-2.7971,148,0.64792
-1.2847,148,0.64748
0.23411,148,0.64703
1.7592,148,0.64658
3.2906,148,0.64612
4.8282,148,0.64566
6.3718,148,0.6452
7.9215,148,0.64473
9.4772,148,0.64426
11.039,148,0.64379
12.606,148,0.64331
14.179,148,0.64283
15.757,148,0.64234
17.341,148,0.64185
18.931,148,0.64136
20.526,148,0.64087
22.125,148,0.64037
23.73,148,0.63986
25.34,148,0.63936
26.955,148,0.63885
28.575,148,0.63833
30.199,148,0.63781
31.828,148,0.63729
33.461,148,0.63677
35.098,148,0.63624
36.74,148,0.6357
38.386,148,0.63517
40.035,148,0.63463
41.688,148,0.63408
43.345,148,0.63353
45.005,148,0.63298
46.669,148,0.63243
48.335,148,0.63187
50.005,148,0.6313
51.677,148,0.63073
53.352,148,0.63016
55.03,148,0.62959
56.71,148,0.62901
58.392,148,0.62842
60.076,148,0.62783
61.762,148,0.62724
63.449,148,0.62665
65.138,148,0.62605
66.828,148,0.62544
68.519,148,0.62484
70.211,148,0.62422
71.904,148,0.62361
73.597,148,0.62299
75.29,148,0.62236
76.983,148,0.62174
78.676,148,0.6211
80.369,148,0.62047
82.061,148,0.61983
83.752,148,0.61918
85.442,148,0.61853
87.13,148,0.61788
88.817,148,0.61722
90.502,148,0.61656
92.185,148,0.6159
93.865,148,0.61523
95.543,148,0.61455
97.218,148,0.61388
98.89,148,0.61319
100.56,148,0.61251
102.22,148,0.61182
103.88,148,0.61112
105.54,148,0.61042
107.19,148,0.60972
108.84,148,0.60902
110.48,148,0.6083
112.12,148,0.60759
113.75,148,0.60687
115.37,148,0.60614
116.99,148,0.60542
118.6,148,0.60468
120.2,148,0.60395
121.8,148,0.60321
123.39,148,0.60246
124.97,148,0.60171
126.54,148,0.60096
128.11,148,0.6002
129.66,148,0.59944
131.21,148,0.59868
132.74,148,0.59791
134.27,148,0.59713
135.78,148,0.59635
137.28,148,0.59557
138.78,148,0.59478
140.26,148,0.59399
141.73,148,0.5932
143.18,148,0.5924
144.62,148,0.5916
146.05,148,0.59079
147.47,148,0.58998
148.87,148,0.58916
150.26,148,0.58834
151.63,148,0.58752
152.99,148,0.58669
154.33,148,0.58586
155.66,148,0.58502
156.96,148,0.58418
158.25,148,0.58334
159.53,148,0.58249
160.78,148,0.58164
162.02,148,0.58078
163.24,148,0.57992
164.44,148,0.57906
165.62,148,0.57819
166.78,148,0.57732
167.91,148,0.57645
169.03,148,0.57557
170.13,148,0.57468
171.2,148,0.5738
172.25,148,0.5729
173.28,148,0.57201
174.28,148,0.57111
175.26,148,0.57021
176.21,148,0.5693
177.14,148,0.56839
178.04,148,0.56748
178.92,148,0.56656
179.77,148,0.56564
180.6,148,0.56472
181.39,148,0.56379
182.16,148,0.56286
182.9,148,0.56192
183.61,148,0.56098
184.29,148,0.56004
184.94,148,0.5591
185.56,148,0.55815
186.14,148,0.55719
186.7,148,0.55624
187.22,148,0.55528
187.71,148,0.55432
188.17,148,0.55335
188.59,148,0.55238
188.98,148,0.55141
189.33,148,0.55043
189.65,148,0.54946
189.93,148,0.54847
190.18,148,0.54749
190.39,148,0.5465
190.55,148,0.54551
190.69,148,0.54452
190.78,148,0.54352
190.83,148,0.54252
190.84,148,0.54152
190.82,148,0.54051
190.75,148,0.5395
190.64,148,0.53849
190.49,148,0.53748
190.29,148,0.53646
190.06,148,0.53544
189.77,148,0.53442
189.45,148,0.5334
189.08,148,0.53237
188.66,148,0.53134
188.2,148,0.53031
187.7,148,0.52928
187.14,148,0.52824
186.54,148,0.5272
185.89,148,0.52616
185.19,148,0.52512
184.45,148,0.52407
183.65,148,0.52303
182.81,148,0.52198
181.91,148,0.52093
180.97,148,0.51987
179.97,148,0.51882
178.92,148,0.51776
177.82,148,0.5167
176.67,148,0.51564
175.46,148,0.51458
174.21,148,0.51351
172.89,148,0.51245
171.52,148,0.51138
170.1,148,0.51031
168.63,148,0.50924
167.09,148,0.50817
165.5,148,0.5071
163.86,148,0.50602
162.16,148,0.50494
160.4,148,0.50387
158.58,148,0.50279
156.71,148,0.50171
154.78,148,0.50063
152.79,148,0.49955
150.74,148,0.49847
148.63,148,0.49738
146.46,148,0.4963
144.24,148,0.49521
141.95,148,0.49413
139.6,148,0.49304
137.19,148,0.49195
134.72,148,0.49086
132.19,148,0.48978
129.6,148,0.48869
126.95,148,0.4876
124.24,148,0.48651
121.46,148,0.48542
118.62,148,0.48433
115.72,148,0.48324
112.76,148,0.48215
109.74,148,0.48106
106.65,148,0.47997
103.5,148,0.47887
100.29,148,0.47778
97.011,148,0.47669
93.673,148,0.4756
90.271,148,0.47451
86.807,148,0.47342
83.279,148,0.47233
79.689,148,0.47124
76.035,148,0.47015
72.319,148,0.46907
68.539,148,0.46798
64.697,148,0.46689
60.792,148,0.4658
56.824,148,0.46472
52.794,148,0.46363
48.701,148,0.46255
44.546,148,0.46147
40.328,148,0.46038
36.049,148,0.4593
31.708,148,0.45822
27.305,148,0.45714
22.841,148,0.45606
18.316,148,0.45499
13.731,148,0.45391
9.0843,148,0.45284
4.3777,148,0.45176
-0.38877,148,0.45069
-5.2148,148,0.44962
-10.1,148,0.44855
-15.044,148,0.44748
-20.047,148,0.44642
-25.107,148,0.44535
-30.225,148,0.44429
-35.401,148,0.44323
-40.633,148,0.44217
-45.921,148,0.44111
-51.265,148,0.44006
-56.664,148,0.43901
-62.118,148,0.43795
-67.625,148,0.4369
-73.187,148,0.43586
-78.801,148,0.43481
-84.468,148,0.43377
-90.186,148,0.43273
-95.955,148,0.43169
-101.77,148,0.43065
-107.64,148,0.42962
-113.56,148,0.42859
-119.53,148,0.42756
-125.54,148,0.42653
-131.6,148,0.42551
-137.71,148,0.42449
-143.86,148,0.42347
-150.06,148,0.42245
-156.3,148,0.42144
-162.58,148,0.42043
-168.91,148,0.41942
-175.28,148,0.41841
-181.68,148,0.41741
-188.13,148,0.41641
-194.61,148,0.41541
-201.14,148,0.41442
-207.7,148,0.41343
-214.29,148,0.41244
-220.92,148,0.41146
-227.58,148,0.41048
-234.28,148,0.4095
-241.01,148,0.40852
-247.77,148,0.40755
-254.56,148,0.40658
-261.37,148,0.40561
-268.22,148,0.40465
-275.09,148,0.40369
-281.99,148,0.40274
-288.91,148,0.40178
-295.86,148,0.40084
-302.82,148,0.39989
-309.81,148,0.39895
-316.82,148,0.39801
-323.85,148,0.39707
-330.9,148,0.39614
-337.97,148,0.39521
-345.05,148,0.39429
-352.14,148,0.39337
-359.25,148,0.39245
-366.37,148,0.39154
-373.5,148,0.39063
-380.65,148,0.38972
-387.8,148,0.38882
-394.96,148,0.38792
-402.12,148,0.38703
-409.3,148,0.38614
-416.47,148,0.38525
-423.65,148,0.38437
-430.84,148,0.38349
-438.02,148,0.38261
-445.2,148,0.38174
-452.38,148,0.38087
-459.56,148,0.38001
-466.74,148,0.37915
-473.91,148,0.37829
-481.07,148,0.37744
-488.23,148,0.37659
-495.38,148,0.37575
-502.52,148,0.37491
-509.65,148,0.37407
-516.77,148,0.37324
-523.88,148,0.37241
-530.97,148,0.37159
-538.05,148,0.37077
-545.11,148,0.36995
-552.16,148,0.36914
-559.18,148,0.36833
-566.19,148,0.36753
-573.18,148,0.36673
-580.15,148,0.36594
-587.09,148,0.36515
-594.01,148,0.36436
-600.91,148,0.36358
-607.78,148,0.3628
-614.62,148,0.36203
-621.44,148,0.36126
-628.23,148,0.36049
-634.99,148,0.35973
-641.72,148,0.35897
-648.41,148,0.35822
-655.08,148,0.35747
-661.71,148,0.35672
-668.31,148,0.35598
-674.88,148,0.35525
-681.4,148,0.35451
-687.9,148,0.35379
-694.35,148,0.35306
-700.76,148,0.35234
-707.14,148,0.35163
-713.48,148,0.35092
-719.77,148,0.35021
-726.03,148,0.34951
-732.24,148,0.34881
-738.41,148,0.34811
-744.53,148,0.34742
-750.61,148,0.34674
-756.65,148,0.34605
-762.64,148,0.34538
-768.58,148,0.3447
-774.48,148,0.34403
-780.32,148,0.34337
-786.12,148,0.34271
-791.87,148,0.34205
-797.57,148,0.3414
-803.22,148,0.34075
-808.82,148,0.3401
-814.37,148,0.33946
-819.86,148,0.33883
-825.3,148,0.3382
-830.69,148,0.33757
-836.03,148,0.33694
-841.31,148,0.33632
-846.54,148,0.33571
-851.71,148,0.3351
-856.83,148,0.33449
-861.89,148,0.33388
-866.9,148,0.33328
-871.85,148,0.33269
-876.74,148,0.3321
-881.57,148,0.33151
-886.35,148,0.33092
-891.07,148,0.33035
-895.73,148,0.32977
-900.34,148,0.3292
-904.88,148,0.32863
-909.37,148,0.32807
-913.79,148,0.32751
-918.16,148,0.32695
-922.47,148,0.3264
-926.72,148,0.32585
-930.91,148,0.3253
-935.03,148,0.32476
-939.1,148,0.32423
-943.11,148,0.32369
-947.06,148,0.32316
-950.94,148,0.32264
-954.77,148,0.32212
-958.53,148,0.3216
-962.24,148,0.32109
-965.88,148,0.32057
-969.46,148,0.32007
-972.99,148,0.31956
-976.45,148,0.31907
-979.85,148,0.31857
-983.19,148,0.31808
-986.46,148,0.31759
-989.68,148,0.3171
-992.84,148,0.31662
-995.93,148,0.31615
-998.97,148,0.31567
-1001.9,148,0.3152
-1004.9,148,0.31473
-1007.7,148,0.31427
-1010.5,148,0.31381
-1013.2,148,0.31336
-1015.9,148,0.3129
-1018.5,148,0.31245
-1021.1,148,0.31201
-1023.6,148,0.31156
-1026,148,0.31112
-1028.4,148,0.31069
-1030.7,148,0.31026
-1032.9,148,0.30983
-1035.1,148,0.3094
-1037.3,148,0.30898
-1039.4,148,0.30856
-1041.4,148,0.30814
-1043.4,148,0.30773
-1045.3,148,0.30732
-1047.1,148,0.30692
-1048.9,148,0.30651
-1050.6,148,0.30611
-1052.3,148,0.30572
-1054,148,0.30532
-1055.5,148,0.30493
-1057,148,0.30455
-1058.5,148,0.30416
-1059.9,148,0.30378
-1061.3,148,0.3034
-1062.5,148,0.30303
-1063.8,148,0.30266
-1065,148,0.30229
-1066.1,148,0.30192
-1067.2,148,0.30156
-1068.2,148,0.3012
-1069.2,148,0.30084
-1070.1,148,0.30049
-1071,148,0.30014
-1071.8,148,0.29979
-1072.6,148,0.29944
-1073.3,148,0.2991
-1074,148,0.29876
-1074.6,148,0.29842
-1075.2,148,0.29809
-1075.7,148,0.29776
-1076.2,148,0.29743
-1076.6,148,0.2971
-1077,148,0.29678
-1077.3,148,0.29646
-1077.6,148,0.29614
-1077.8,148,0.29583
-1078,148,0.29552
-1078.2,148,0.29521
-1078.3,148,0.2949
-1078.3,148,0.29459
-1078.3,148,0.29429
-1078.3,148,0.29399
-1078.2,148,0.2937
-1078.1,148,0.2934
-1078,148,0.29311
-1077.8,148,0.29282
-1077.5,148,0.29253
-1077.2,148,0.29225
-1076.9,148,0.29197
-1076.5,148,0.29169
-1076.1,148,0.29141
-1075.7,148,0.29114
-1075.2,148,0.29086
-1074.7,148,0.29059
-1074.1,148,0.29032
-1073.5,148,0.29006
-1072.8,148,0.2898
-1072.2,148,0.28954
-1071.4,148,0.28928
-1070.7,148,0.28902
-1069.9,148,0.28877
-1069.1,148,0.28851
-1068.2,148,0.28826
-1067.3,148,0.28802
-1066.4,148,0.28777
-1065.4,148,0.28753
-1064.4,148,0.28729
-1063.4,148,0.28705
-1062.4,148,0.28681
-1061.3,148,0.28658
-1060.1,148,0.28634
-1059,148,0.28611
-1057.8,148,0.28589
-1056.6,148,0.28566
-1055.3,148,0.28543
-1054.1,148,0.28521
-1052.7,148,0.28499
-1051.4,148,0.28477
-1050,148,0.28456
-1048.6,148,0.28434
-1047.2,148,0.28413
-1045.8,148,0.28392
-1044.3,148,0.28371
-1042.8,148,0.2835
-1041.3,148,0.2833
-1039.7,148,0.28309
-1038.1,148,0.28289
-1036.5,148,0.28269
-1034.9,148,0.28249
-1033.2,148,0.2823
-1031.6,148,0.2821
-1029.9,148,0.28191
-1028.1,148,0.28172
-1026.4,148,0.28153
-1024.6,148,0.28134
-1022.8,148,0.28116
-1021,148,0.28097
-1019.2,148,0.28079
-1017.3,148,0.28061
-1015.4,148,0.28043
-1013.6,148,0.28025
-1011.6,148,0.28008
-1009.7,148,0.2799
-1007.7,148,0.27973
-1005.8,148,0.27956
-1003.8,148,0.27939
-1001.8,148,0.27922
-999.73,148,0.27905
-997.68,148,0.27889
-995.61,148,0.27873
-993.53,148,0.27856
-991.43,148,0.2784
-989.32,148,0.27824
-987.19,148,0.27809
-985.04,148,0.27793
-982.88,148,0.27778
-980.7,148,0.27762
-978.51,148,0.27747
-976.3,148,0.27732
-974.08,148,0.27717
-971.85,148,0.27702
-969.6,148,0.27688
-967.34,148,0.27673
-965.06,148,0.27659
-962.78,148,0.27645
-960.48,148,0.27631
-958.17,148,0.27617
-955.84,148,0.27603
-953.51,148,0.27589
-951.16,148,0.27576
-948.8,148,0.27562
-946.44,148,0.27549
-944.06,148,0.27536
-941.67,148,0.27522
-939.27,148,0.2751
-936.86,148,0.27497
-934.45,148,0.27484
-932.02,148,0.27471
-929.58,148,0.27459
-927.14,148,0.27447
-924.69,148,0.27434
-922.23,148,0.27422
-919.76,148,0.2741
-917.28,148,0.27398
-914.8,148,0.27387
-912.31,148,0.27375
-909.81,148,0.27363
-907.3,148,0.27352
-904.79,148,0.2734
-902.27,148,0.27329
-899.75,148,0.27318
-897.22,148,0.27307
-894.68,148,0.27296
-892.14,148,0.27285
-889.6,148,0.27275
-887.05,148,0.27264
-884.49,148,0.27253
-881.93,148,0.27243
-879.36,148,0.27233
-876.8,148,0.27222
-874.22,148,0.27212
-871.64,148,0.27202
-869.06,148,0.27192
-866.48,148,0.27183
-863.89,148,0.27173
-861.3,148,0.27163
-858.71,148,0.27154
-856.11,148,0.27144
-853.51,148,0.27135
-850.91,148,0.27125
-848.31,148,0.27116
-845.71,148,0.27107
-843.1,148,0.27098
-840.49,148,0.27089
-837.88,148,0.2708
-835.27,148,0.27071
-832.66,148,0.27063
-830.04,148,0.27054
-827.43,148,0.27046
-824.81,148,0.27037
-822.2,148,0.27029
-819.58,148,0.27021
-816.96,148,0.27012
-814.35,148,0.27004
-811.73,148,0.26996
-809.12,148,0.26988
-806.5,148,0.2698
-803.88,148,0.26972
-801.27,148,0.26965
-798.66,148,0.26957
-796.04,148,0.26949
-793.43,148,0.26942
-790.82,148,0.26934
-788.21,148,0.26927
-785.6,148,0.2692
-783,148,0.26913
-780.39,148,0.26905
-777.79,148,0.26898
-775.19,148,0.26891
-772.59,148,0.26884
-769.99,148,0.26877
-767.39,148,0.26871
-764.8,148,0.26864
-762.21,148,0.26857
-759.62,148,0.2685
-757.04,148,0.26844
-754.46,148,0.26837
-751.88,148,0.26831
-749.3,148,0.26825
-746.73,148,0.26818
-744.16,148,0.26812
-741.59,148,0.26806
-739.03,148,0.268
-736.47,148,0.26794
-733.91,148,0.26788
-731.36,148,0.26782
-728.81,148,0.26776
-726.27,148,0.2677
-723.73,148,0.26764
-721.19,148,0.26758
-718.66,148,0.26753
-716.13,148,0.26747
-713.6,148,0.26741
-711.08,148,0.26736
-708.57,148,0.2673
-706.06,148,0.26725
-703.55,148,0.2672
-701.05,148,0.26714
-698.56,148,0.26709
-696.06,148,0.26704
-693.58,148,0.26699
-691.09,148,0.26694
-688.62,148,0.26689
-686.15,148,0.26684
-683.68,148,0.26679
-681.22,148,0.26674
-678.76,148,0.26669
-676.31,148,0.26664
-673.87,148,0.26659
-671.43,148,0.26655
-668.99,148,0.2665
-666.57,148,0.26645
-664.14,148,0.26641
-661.73,148,0.26636
-659.32,148,0.26632
-656.91,148,0.26627
-654.51,148,0.26623
-652.12,148,0.26618
-649.73,148,0.26614
-647.35,148,0.2661
-644.98,148,0.26606
-642.61,148,0.26601
-640.25,148,0.26597
-637.89,148,0.26593
-635.54,148,0.26589
-633.2,148,0.26585
-630.86,148,0.26581
-628.53,148,0.26577
-626.21,148,0.26573
-623.89,148,0.26569
-621.58,148,0.26565
-619.27,148,0.26562
-616.98,148,0.26558
-614.69,148,0.26554
-612.4,148,0.26551
-610.12,148,0.26547
-607.85,148,0.26543
-605.59,148,0.2654
-603.33,148,0.26536
-601.09,148,0.26533
-598.84,148,0.26529
-596.61,148,0.26526
-594.38,148,0.26522
-592.16,148,0.26519
-589.94,148,0.26516
-587.74,148,0.26512
-585.53,148,0.26509
-583.34,148,0.26506
-581.16,148,0.26502
-578.98,148,0.26499
-576.81,148,0.26496
-574.64,148,0.26493
-572.49,148,0.2649
-570.34,148,0.26487
-568.19,148,0.26484
-566.06,148,0.26481
-563.93,148,0.26478
-561.81,148,0.26475
-559.7,148,0.26472
-557.6,148,0.26469
-555.5,148,0.26466
-553.41,148,0.26463
-551.33,148,0.26461
-549.25,148,0.26458
-547.18,148,0.26455
-545.12,148,0.26452
-543.07,148,0.2645
-541.03,148,0.26447
-538.99,148,0.26444
-536.96,148,0.26442
-534.94,148,0.26439
-532.92,148,0.26437
-530.92,148,0.26434
-528.92,148,0.26432
-526.93,148,0.26429
-524.94,148,0.26427
-522.97,148,0.26424
-521,148,0.26422
-519.04,148,0.26419
-517.09,148,0.26417
-515.14,148,0.26415
-513.21,148,0.26412
-511.28,148,0.2641
-509.35,148,0.26408
-507.44,148,0.26405
-505.53,148,0.26403
-503.64,148,0.26401
-501.75,148,0.26399
-499.86,148,0.26397
-497.99,148,0.26395
-496.12,148,0.26392
-494.26,148,0.2639
-492.41,148,0.26388
-490.57,148,0.26386
-488.73,148,0.26384
-486.9,148,0.26382
-485.08,148,0.2638
-483.27,148,0.26378
-481.46,148,0.26376
-479.67,148,0.26374
-477.88,148,0.26372
-476.09,148,0.2637
-474.32,148,0.26368
-472.56,148,0.26367
-470.8,148,0.26365
-469.05,148,0.26363
-467.3,148,0.26361
-465.57,148,0.26359
-463.84,148,0.26358
-462.12,148,0.26356
-460.41,148,0.26354
-458.71,148,0.26352
-457.01,148,0.26351
-455.32,148,0.26349
-453.64,148,0.26347
-451.97,148,0.26346
-450.31,148,0.26344
-448.65,148,0.26342
-447,148,0.26341
-445.36,148,0.26339
-443.72,148,0.26338
-442.1,148,0.26336
-440.48,148,0.26334
-438.87,148,0.26333
-437.26,148,0.26331
-435.67,148,0.2633
-434.08,148,0.26328
-432.5,148,0.26327
-430.92,148,0.26325
-429.36,148,0.26324
-427.8,148,0.26323
-426.25,148,0.26321
-424.71,148,0.2632
-423.17,148,0.26318
-421.65,148,0.26317
-420.13,148,0.26316
-418.61,148,0.26314
-417.11,148,0.26313
-415.61,148,0.26312
-414.12,148,0.2631
-412.64,148,0.26309
-411.17,148,0.26308
-409.7,148,0.26306
-408.24,148,0.26305
-406.79,148,0.26304
-405.34,148,0.26303
-403.9,148,0.26302
-402.47,148,0.263
-401.05,148,0.26299
-399.64,148,0.26298
-398.23,148,0.26297
-396.83,148,0.26296
-395.43,148,0.26294
-394.05,148,0.26293
-392.67,148,0.26292
-391.3,148,0.26291
-389.93,148,0.2629
-388.58,148,0.26289
-387.23,148,0.26288
-385.88,148,0.26287
-384.55,148,0.26286
-383.22,148,0.26285
-381.9,148,0.26284
-380.58,148,0.26283
-379.28,148,0.26282
-377.98,148,0.26281
-376.69,148,0.2628
-375.4,148,0.26279
-374.12,148,0.26278
-372.85,148,0.26277
-371.59,148,0.26276
-370.33,148,0.26275
-369.08,148,0.26274
-367.83,148,0.26273
-366.6,148,0.26272
-365.37,148,0.26271
-364.15,148,0.2627
-362.93,148,0.26269
-361.72,148,0.26268
-360.52,148,0.26267
-359.32,148,0.26267
-358.14,148,0.26266
-356.95,148,0.26265
-355.78,148,0.26264
-354.61,148,0.26263
-353.45,148,0.26262
-352.3,148,0.26262
-351.15,148,0.26261
-350.01,148,0.2626
-348.87,148,0.26259
-347.74,148,0.26258
-346.62,148,0.26258
-345.51,148,0.26257
-344.4,148,0.26256
-343.3,148,0.26255
-342.2,148,0.26255
-341.11,148,0.26254
-340.03,148,0.26253
-338.96,148,0.26252
-337.89,148,0.26252
-336.82,148,0.26251
-335.77,148,0.2625
-334.72,148,0.26249
-333.67,148,0.26249
-332.64,148,0.26248
-331.61,148,0.26247
-330.58,148,0.26247
-329.56,148,0.26246
-328.55,148,0.26245
-327.54,148,0.26245
-326.55,148,0.26244
-325.55,148,0.26244
-324.56,148,0.26243
-323.58,148,0.26242
-322.61,148,0.26242
-321.64,148,0.26241
-320.68,148,0.2624
-319.72,148,0.2624
-318.77,148,0.26239
-317.82,148,0.26239
-316.88,148,0.26238
-315.95,148,0.26237
-315.03,148,0.26237
-314.1,148,0.26236
-313.19,148,0.26236
-312.28,148,0.26235
-311.38,148,0.26235
-310.48,148,0.26234
-309.59,148,0.26234
-308.7,148,0.26233
-307.82,148,0.26233
-306.95,148,0.26232
-306.08,148,0.26231
-305.22,148,0.26231
-304.36,148,0.2623
-303.51,148,0.2623
-302.66,148,0.26229
-301.82,148,0.26229
-300.98,148,0.26228
-300.16,148,0.26228
-299.33,148,0.26228
-298.51,148,0.26227
-297.7,148,0.26227
-296.89,148,0.26226
-296.09,148,0.26226
-295.3,148,0.26225
-294.5,148,0.26225
-293.72,148,0.26224
-292.94,148,0.26224
-292.16,148,0.26223
-291.39,148,0.26223
-290.63,148,0.26223
-289.87,148,0.26222
-289.12,148,0.26222
-288.37,148,0.26221
-287.62,148,0.26221
-286.89,148,0.2622
-286.15,148,0.2622
-285.42,148,0.2622
-284.7,148,0.26219
-283.98,148,0.26219
-283.27,148,0.26219
-282.56,148,0.26218
-281.86,148,0.26218
-281.16,148,0.26217
-280.47,148,0.26217
-279.78,148,0.26217
-279.1,148,0.26216
-278.42,148,0.26216
-277.75,148,0.26216
-277.08,148,0.26215
-276.42,148,0.26215
-275.76,148,0.26215
-275.1,148,0.26214
-274.45,148,0.26214
-273.81,148,0.26213
-273.17,148,0.26213
-272.54,148,0.26213
-271.91,148,0.26212
-271.28,148,0.26212
-270.66,148,0.26212
-270.04,148,0.26212
-269.43,148,0.26211
-268.82,148,0.26211
-268.22,148,0.26211
-267.62,148,0.2621
-267.03,148,0.2621
-266.44,148,0.2621
-265.85,148,0.26209
-265.27,148,0.26209
-264.7,148,0.26209
-264.13,148,0.26209
-263.56,148,0.26208
-263,148,0.26208
-262.44,148,0.26208
-261.88,148,0.26207
-261.33,148,0.26207
-260.79,148,0.26207
-260.25,148,0.26207
-259.71,148,0.26206
-259.18,148,0.26206
-258.65,148,0.26206
-258.12,148,0.26206
-257.6,148,0.26205
-257.08,148,0.26205
-256.57,148,0.26205
-256.06,148,0.26205
-255.56,148,0.26204
-255.06,148,0.26204
-254.56,148,0.26204
-254.07,148,0.26204
-253.58,148,0.26203
-253.09,148,0.26203
-252.61,148,0.26203
-252.14,148,0.26203
-251.66,148,0.26202
-251.19,148,0.26202
-250.73,148,0.26202
-250.27,148,0.26202
-249.81,148,0.26202
-249.36,148,0.26201
-248.91,148,0.26201
-248.46,148,0.26201
-248.02,148,0.26201
-247.58,148,0.262
-247.14,148,0.262
-246.71,148,0.262
-246.28,148,0.262
-245.86,148,0.262
-245.43,148,0.26199
-245.02,148,0.26199
-244.6,148,0.26199
-244.19,148,0.26199
-243.79,148,0.26199
-243.38,148,0.26199
-242.98,148,0.26198
-242.58,148,0.26198
-242.19,148,0.26198
-241.8,148,0.26198
-241.41,148,0.26198
-241.03,148,0.26197
-240.65,148,0.26197
-240.27,148,0.26197
-239.9,148,0.26197
-239.53,148,0.26197
-239.16,148,0.26197
-238.8,148,0.26196
-238.44,148,0.26196
-238.08,148,0.26196
-237.73,148,0.26196
-237.38,148,0.26196
-237.03,148,0.26196
-236.69,148,0.26195
-236.34,148,0.26195
-236.01,148,0.26195
-235.67,148,0.26195
-235.34,148,0.26195
-235.01,148,0.26195
-234.68,148,0.26195
-234.36,148,0.26194
-234.04,148,0.26194
-233.72,148,0.26194
-233.41,148,0.26194
-233.1,148,0.26194
-232.79,148,0.26194
-232.48,148,0.26194
-232.18,148,0.26193
-231.88,148,0.26193
-231.58,148,0.26193
-231.29,148,0.26193
-231,148,0.26193
-230.71,148,0.26193
-230.42,148,0.26193
-230.14,148,0.26193
-229.86,148,0.26192
-229.58,148,0.26192
-229.3,148,0.26192
-229.03,148,0.26192
-228.76,148,0.26192
-228.49,148,0.26192
-228.23,148,0.26192
-227.97,148,0.26192
-227.71,148,0.26191
-227.45,148,0.26191
-227.2,148,0.26191
-226.94,148,0.26191
-226.7,148,0.26191
-226.45,148,0.26191
-226.2,148,0.26191
-225.96,148,0.26191
-225.72,148,0.26191
-225.49,148,0.2619
-225.25,148,0.2619
-225.02,148,0.2619
-224.79,148,0.2619
-224.56,148,0.2619
-224.34,148,0.2619
-224.11,148,0.2619
-223.89,148,0.2619
-223.67,148,0.2619
-223.46,148,0.2619
-223.25,148,0.26189
-223.03,148,0.26189
-222.82,148,0.26189
-222.62,148,0.26189
-222.41,148,0.26189
-222.21,148,0.26189
-222.01,148,0.26189
-221.81,148,0.26189
-221.62,148,0.26189
-221.42,148,0.26189
-221.23,148,0.26189
-221.04,148,0.26188
-220.85,148,0.26188
-220.67,148,0.26188
-220.48,148,0.26188
-220.3,148,0.26188
-220.12,148,0.26188
-219.95,148,0.26188
-219.77,148,0.26188
-219.6,148,0.26188
-219.43,148,0.26188
-219.26,148,0.26188
-219.09,148,0.26188
-218.92,148,0.26188
-218.76,148,0.26187
-218.6,148,0.26187
-218.44,148,0.26187
-218.28,148,0.26187
-218.13,148,0.26187
-217.97,148,0.26187
-217.82,148,0.26187
-217.67,148,0.26187
-217.52,148,0.26187
-217.37,148,0.26187
-217.23,148,0.26187
-217.08,148,0.26187
-216.94,148,0.26187
-216.8,148,0.26187
-216.66,148,0.26186
-216.53,148,0.26186
-216.39,148,0.26186
-216.26,148,0.26186
-216.13,148,0.26186
-216,148,0.26186
-215.87,148,0.26186
-215.74,148,0.26186
-215.62,148,0.26186
-215.5,148,0.26186
-215.38,148,0.26186
-215.26,148,0.26186
-215.14,148,0.26186
-215.02,148,0.26186
-214.91,148,0.26186
-214.79,148,0.26186
-214.68,148,0.26185
-214.57,148,0.26185
-214.46,148,0.26185
-214.35,148,0.26185
-214.25,148,0.26185
-214.14,148,0.26185
-214.04,148,0.26185
-213.94,148,0.26185
-213.84,148,0.26185
-213.74,148,0.26185
-213.64,148,0.26185
-213.54,148,0.26185
-213.45,148,0.26185
-213.36,148,0.26185
-213.26,148,0.26185
-213.17,148,0.26185
-213.08,148,0.26185
-213,148,0.26185
-212.91,148,0.26185
-212.83,148,0.26185
-212.74,148,0.26184
-212.66,148,0.26184
-212.58,148,0.26184
-212.5,148,0.26184
-212.42,148,0.26184
-212.34,148,0.26184
-212.27,148,0.26184
-212.19,148,0.26184
-212.12,148,0.26184
-212.04,148,0.26184
-211.97,148,0.26184
-211.9,148,0.26184
-211.83,148,0.26184
-211.77,148,0.26184
-211.7,148,0.26184
-211.63,148,0.26184
-211.57,148,0.26184
-211.51,148,0.26184
-211.44,148,0.26184
-211.38,148,0.26184
-211.32,148,0.26184
-211.27,148,0.26184
-211.21,148,0.26184
-211.15,148,0.26184
-211.1,148,0.26184
-211.04,148,0.26183
-210.99,148,0.26183
-210.94,148,0.26183
-210.89,148,0.26183
-210.84,148,0.26183
-210.79,148,0.26183
-210.74,148,0.26183
-210.69,148,0.26183
-210.64,148,0.26183
-210.6,148,0.26183
-210.56,148,0.26183
-210.51,148,0.26183
-210.47,148,0.26183
-210.43,148,0.26183
-210.39,148,0.26183
-210.35,148,0.26183
-210.31,148,0.26183
-210.27,148,0.26183
-210.24,148,0.26183
-210.2,148,0.26183
-210.17,148,0.26183
-210.13,148,0.26183
-210.1,148,0.26183
-210.07,148,0.26183
-210.04,148,0.26183
-210.01,148,0.26183
-209.98,148,0.26183
-209.95,148,0.26183
-209.92,148,0.26183
-209.89,148,0.26183
-209.87,148,0.26183
-209.84,148,0.26183
-209.82,148,0.26183
-209.79,148,0.26182
-209.77,148,0.26182
-209.75,148,0.26182
-209.73,148,0.26182
-209.71,148,0.26182
-209.69,148,0.26182
-209.67,148,0.26182
-209.65,148,0.26182
-209.63,148,0.26182
-209.62,148,0.26182
-209.6,148,0.26182
-209.58,148,0.26182
-209.57,148,0.26182
-209.56,148,0.26182
-209.54,148,0.26182
-209.53,148,0.26182
-209.52,148,0.26182
-209.51,148,0.26182
-209.5,148,0.26182
-209.49,148,0.26182
-209.48,148,0.26182
-209.47,148,0.26182
-209.46,148,0.26182
-209.45,148,0.26182
-209.45,148,0.26182
-209.44,148,0.26182
-209.44,148,0.26182
-209.43,148,0.26182
-209.43,148,0.26182
-209.42,148,0.26182
-209.42,148,0.26182
-209.42,148,0.26182
-209.42,148,0.26182
-209.42,148,0.26182
-209.42,148,0.26182
-209.42,148,0.26182
-209.42,148,0.26182
-209.42,148,0.26182
-209.42,148,0.26182
-209.42,148,0.26182
-209.43,148,0.26182
-209.43,148,0.26182
-209.43,148,0.26182
-209.44,148,0.26182
-209.44,148,0.26182
-209.45,148,0.26182
-209.46,148,0.26182
-209.46,148,0.26182
-209.47,148,0.26182
-209.48,148,0.26181
-209.49,148,0.26181
-209.5,148,0.26181
-209.5,148,0.26181
-209.51,148,0.26181
-209.52,148,0.26181
-209.54,148,0.26181
-209.55,148,0.26181
-209.56,148,0.26181
-209.57,148,0.26181
-209.58,148,0.26181
-209.6,148,0.26181
-209.61,148,0.26181
-209.62,148,0.26181
-209.64,148,0.26181
-209.65,148,0.26181
-209.67,148,0.26181
-209.68,148,0.26181
-209.7,148,0.26181
-209.72,148,0.26181
-209.73,148,0.26181
-209.75,148,0.26181
-209.77,148,0.26181
-209.79,148,0.26181
-209.8,148,0.26181
-209.82,148,0.26181
-209.84,148,0.26181
-209.86,148,0.26181
-209.88,148,0.26181
-209.9,148,0.26181
-209.92,148,0.26181
-209.94,148,0.26181
-209.97,148,0.26181
-209.99,148,0.26181
-210.01,148,0.26181
-210.03,148,0.26181
-210.06,148,0.26181
-210.08,148,0.26181
-210.1,148,0.26181
-210.13,148,0.26181
-210.15,148,0.26181
-210.18,148,0.26181
-210.2,148,0.26181
-210.23,148,0.26181
-210.25,148,0.26181
-210.28,148,0.26181
-210.3,148,0.26181
-210.33,148,0.26181
-210.36,148,0.26181
-210.38,148,0.26181
-210.41,148,0.26181
-210.44,148,0.26181
-210.47,148,0.26181
-210.49,148,0.26181
-210.52,148,0.26181
-210.55,148,0.26181
-210.58,148,0.26181
-210.61,148,0.26181
-210.64,148,0.26181
-210.67,148,0.26181
-210.7,148,0.26181
-210.73,148,0.26181
-210.76,148,0.26181
-210.79,148,0.26181
-210.82,148,0.26181
-210.85,148,0.26181
-210.89,148,0.26181
-210.92,148,0.26181
-210.95,148,0.26181
-210.98,148,0.26181
-211.02,148,0.26181
-211.05,148,0.26181
-211.08,148,0.26181
-211.11,148,0.26181
-211.15,148,0.26181
-211.18,148,0.26181
-211.22,148,0.26181
-211.25,148,0.26181
-211.28,148,0.26181
-211.32,148,0.26181
-211.35,148,0.26181
-211.39,148,0.26181
-211.42,148,0.26181
-211.46,148,0.26181
-211.49,148,0.26181
-211.53,148,0.26181
-211.57,148,0.26181
-211.6,148,0.26181
-211.64,148,0.26181
-211.67,148,0.26181
-211.71,148,0.26181
-211.75,148,0.26181
-211.78,148,0.26181
-211.82,148,0.26181
-211.86,148,0.26181
-211.9,148,0.26181
-211.93,148,0.26181
-211.97,148,0.26181
-212.01,148,0.26181
-212.05,148,0.26181
-212.09,148,0.26181
-212.12,148,0.26181
-212.16,148,0.26181
-212.2,148,0.2618
-212.24,148,0.2618
-212.28,148,0.2618
-212.32,148,0.2618
-212.36,148,0.2618
-212.4,148,0.2618
-212.44,148,0.2618
-212.48,148,0.2618
-212.51,148,0.2618
-212.55,148,0.2618
-212.59,148,0.2618
-212.63,148,0.2618
-212.67,148,0.2618
-212.71,148,0.2618
-212.75,148,0.2618
-212.8,148,0.2618
-212.84,148,0.2618
-212.88,148,0.2618
-212.92,148,0.2618
-212.96,148,0.2618
-213,148,0.2618
-213.04,148,0.2618
-213.08,148,0.2618
-213.12,148,0.2618
-213.16,148,0.2618
-213.2,148,0.2618
-213.25,148,0.2618
-213.29,148,0.2618
-213.33,148,0.2618
-213.37,148,0.2618
-213.41,148,0.2618
-213.45,148,0.2618
-213.5,148,0.2618
-213.54,148,0.2618
-213.58,148,0.2618
-213.62,148,0.2618
-213.66,148,0.2618
-213.71,148,0.2618
-213.75,148,0.2618
-213.79,148,0.2618
-213.83,148,0.2618
-213.88,148,0.2618
-213.92,148,0.2618
-213.96,148,0.2618
-214,148,0.2618
-214.05,148,0.2618
-214.09,148,0.2618
-214.13,148,0.2618
-214.17,148,0.2618
-214.22,148,0.2618
-214.26,148,0.2618
-214.3,148,0.2618
-214.34,148,0.2618
-214.39,148,0.2618
-214.43,148,0.2618
-214.47,148,0.2618
-214.52,148,0.2618
-214.56,148,0.2618
-214.6,148,0.2618
-214.64,148,0.2618
-214.69,148,0.2618
-214.73,148,0.2618
-214.77,148,0.2618
-214.82,148,0.2618
-214.86,148,0.2618
-214.9,148,0.2618
-214.94,148,0.2618
-214.99,148,0.2618
-215.03,148,0.2618
-215.07,148,0.2618
-215.12,148,0.2618
-215.16,148,0.2618
-215.2,148,0.2618
-215.24,148,0.2618
-215.29,148,0.2618
-215.33,148,0.2618
-215.37,148,0.2618
-215.42,148,0.2618
-215.46,148,0.2618
-215.5,148,0.2618
-215.54,148,0.2618
-215.59,148,0.2618
-215.63,148,0.2618
-215.67,148,0.2618
-215.72,148,0.2618
-215.76,148,0.2618
-215.8,148,0.2618
-215.84,148,0.2618
-215.89,148,0.2618
-215.93,148,0.2618
-215.97,148,0.2618
-216.01,148,0.2618
-216.06,148,0.2618
-216.1,148,0.2618
-216.14,148,0.2618
-216.18,148,0.2618
-216.22,148,0.2618
-216.27,148,0.2618
-216.31,148,0.2618
-216.35,148,0.2618
-216.39,148,0.2618
-216.43,148,0.2618
-216.48,148,0.2618
-216.52,148,0.2618
-216.56,148,0.2618
-216.6,148,0.2618
-216.64,148,0.2618
-216.68,148,0.2618
-216.73,148,0.2618
-216.77,148,0.2618
-216.81,148,0.2618
-216.85,148,0.2618
-216.89,148,0.2618
-216.93,148,0.2618
-216.97,148,0.2618
-217.01,148,0.2618
-217.05,148,0.2618
-217.1,148,0.2618
-217.14,148,0.2618
-217.18,148,0.2618
-217.22,148,0.2618
-217.26,148,0.2618
-217.3,148,0.2618
-217.34,148,0.2618
-217.38,148,0.2618
-217.42,148,0.2618
-217.46,148,0.2618
-217.5,148,0.2618
-217.54,148,0.2618
-217.58,148,0.2618
-217.62,148,0.2618
-217.66,148,0.2618
-217.7,148,0.2618
-217.73,148,0.2618
-217.77,148,0.2618
-217.81,148,0.2618
-217.85,148,0.2618
-217.89,148,0.2618
-217.93,148,0.2618
-217.97,148,0.2618
-218.01,148,0.2618
-218.04,148,0.2618
-218.08,148,0.2618
-218.12,148,0.2618
-218.16,148,0.2618
-218.2,148,0.2618
-218.23,148,0.2618
-218.27,148,0.2618
-218.31,148,0.2618
-218.34,148,0.2618
-218.38,148,0.2618
-218.42,148,0.2618
-218.46,148,0.2618
-218.49,148,0.2618
-218.53,148,0.2618
-218.56,148,0.2618
-218.6,148,0.2618
-218.64,148,0.2618
-218.67,148,0.2618
-218.71,148,0.2618
-218.74,148,0.2618
-218.78,148,0.2618
-218.81,148,0.2618
-218.85,148,0.2618
-218.89,148,0.2618
-218.92,148,0.2618
-218.95,148,0.2618
-218.99,148,0.2618
-219.02,148,0.2618
-219.06,148,0.2618
-219.09,148,0.2618
-219.13,148,0.2618
-219.16,148,0.2618
-219.19,148,0.2618
-219.23,148,0.2618
-219.26,148,0.2618
-219.29,148,0.2618
-219.32,148,0.2618
-219.36,148,0.2618
-219.39,148,0.2618
-219.42,148,0.2618
-219.45,148,0.2618
-219.49,148,0.2618
-219.52,148,0.2618
-219.55,148,0.2618
-219.58,148,0.2618
-219.61,148,0.2618
-219.64,148,0.2618
-219.67,148,0.2618
-219.7,148,0.2618
-219.73,148,0.2618
-219.76,148,0.2618
-219.79,148,0.2618
-219.82,148,0.2618
-219.85,148,0.2618
-219.88,148,0.2618
-219.91,148,0.2618
-219.94,148,0.2618
-219.97,148,0.2618
-220,148,0.2618
-220.03,148,0.2618
-220.06,148,0.2618
-220.08,148,0.2618
-220.11,148,0.2618
-220.14,148,0.2618
-220.17,148,0.2618
-220.19,148,0.2618
-220.22,148,0.2618
-220.25,148,0.2618
-220.27,148,0.2618
-220.3,148,0.2618
-220.32,148,0.2618
-220.35,148,0.2618
-220.38,148,0.2618
-220.4,148,0.2618
-220.43,148,0.2618
-220.45,148,0.2618
-220.48,148,0.2618
-220.5,148,0.2618
-220.52,148,0.2618
-220.55,148,0.2618
-220.57,148,0.2618
-220.6,148,0.2618
-220.62,148,0.2618
-220.64,148,0.2618
-220.66,148,0.2618
-220.69,148,0.2618
-220.71,148,0.2618
-220.73,148,0.2618
-220.75,148,0.2618
-220.77,148,0.2618
-220.79,148,0.2618
-220.82,148,0.2618
-220.84,148,0.2618
-220.86,148,0.2618
-220.88,148,0.2618
-220.9,148,0.2618
-220.92,148,0.2618
-220.94,148,0.2618
-220.96,148,0.2618
-220.97,148,0.2618
-220.99,148,0.2618
-221.01,148,0.2618
-221.03,148,0.2618
-221.05,148,0.2618
-221.06,148,0.2618
-221.08,148,0.2618
-221.1,148,0.2618
-221.12,148,0.2618
-221.13,148,0.2618
-221.15,148,0.2618
-221.16,148,0.2618
-221.18,148,0.2618
-221.2,148,0.2618
-221.21,148,0.2618
-221.23,148,0.2618
-221.24,148,0.2618
-221.25,148,0.2618
-221.27,148,0.2618
-221.28,148,0.2618
-221.3,148,0.2618
-221.31,148,0.2618
-221.32,148,0.2618
-221.33,148,0.2618
-221.35,148,0.2618
-221.36,148,0.2618
-221.37,148,0.2618
-221.38,148,0.2618
-221.39,148,0.2618
-221.4,148,0.2618
-221.41,148,0.2618
-221.42,148,0.2618
-221.43,148,0.2618
-221.44,148,0.2618
-221.45,148,0.2618
-221.46,148,0.2618
-221.47,148,0.2618
-221.48,148,0.2618
-221.49,148,0.2618
-221.49,148,0.2618
-221.5,148,0.2618
-221.51,148,0.2618
-221.52,148,0.2618
-221.52,148,0.2618
-221.53,148,0.2618
-221.53,148,0.2618
-221.54,148,0.2618
-221.55,148,0.2618
-221.55,148,0.2618
-221.56,148,0.2618
-221.56,148,0.2618
-221.56,148,0.2618
-221.57,148,0.2618
-221.57,148,0.2618
-221.57,148,0.2618
-221.58,148,0.2618
-221.58,148,0.2618
-221.58,148,0.2618
-221.58,148,0.2618
-221.58,148,0.2618
-221.59,148,0.2618
-221.59,148,0.2618
-221.59,148,0.2618
-221.59,148,0.2618
-221.59,148,0.2618
-221.59,148,0.2618
-221.58,148,0.2618
-221.58,148,0.2618
-221.58,148,0.2618
-221.58,148,0.2618
-221.58,148,0.2618
-221.58,148,0.2618
-221.57,148,0.2618
-221.57,148,0.2618
-221.57,148,0.2618
-221.56,148,0.2618
-221.56,148,0.2618
-221.55,148,0.2618
-221.55,148,0.2618
-221.54,148,0.2618
-221.54,148,0.2618
-221.53,148,0.2618
-221.53,148,0.2618
-221.52,148,0.2618
-221.51,148,0.2618
-221.5,148,0.2618
-221.5,148,0.2618
-221.49,148,0.2618
-221.48,148,0.2618
-221.47,148,0.2618
-221.46,148,0.2618
-221.45,148,0.2618
-221.44,148,0.2618
-221.43,148,0.2618
-221.42,148,0.2618
-221.41,148,0.2618
-221.4,148,0.2618
-221.39,148,0.2618
-221.38,148,0.2618
-221.36,148,0.2618
-221.35,148,0.2618
-221.34,148,0.2618
-221.33,148,0.2618
-221.31,148,0.2618
-221.3,148,0.2618
-221.28,148,0.2618
-221.27,148,0.2618
-221.25,148,0.2618
-221.24,148,0.2618
-221.22,148,0.2618
-221.2,148,0.2618
-221.19,148,0.2618
-221.17,148,0.2618
-221.15,148,0.2618
-221.14,148,0.2618
-221.12,148,0.2618
-221.1,148,0.2618
-221.08,148,0.2618
-221.06,148,0.2618
-221.04,148,0.2618
-221.02,148,0.2618
-221,148,0.2618
-220.98,148,0.2618
-220.96,148,0.2618
-220.94,148,0.2618
-220.92,148,0.2618
-220.89,148,0.2618
-220.87,148,0.2618
-220.85,148,0.2618
-220.83,148,0.2618
-220.8,148,0.2618
-220.78,148,0.2618
-220.75,148,0.2618
-220.73,148,0.2618
-220.7,148,0.2618
-220.68,148,0.2618
-220.65,148,0.2618
-220.63,148,0.2618
-220.6,148,0.2618
-220.57,148,0.2618
-220.54,148,0.2618
-220.52,148,0.2618
-220.49,148,0.2618
-220.46,148,0.2618
-220.43,148,0.2618
-220.4,148,0.2618
-220.37,148,0.2618
-220.34,148,0.2618
-220.31,148,0.2618
-220.28,148,0.2618
-220.25,148,0.2618
-220.22,148,0.2618
-220.19,148,0.2618
-220.15,148,0.2618
-220.12,148,0.2618
-220.09,148,0.2618
-220.05,148,0.2618
-220.02,148,0.2618
-219.99,148,0.2618
-219.95,148,0.2618
-219.92,148,0.2618
-219.88,148,0.2618
-219.84,148,0.2618
-219.81,148,0.2618
-219.77,148,0.2618
-219.73,148,0.2618
-219.7,148,0.2618
-219.66,148,0.2618
-219.62,148,0.2618
-219.58,148,0.2618
-219.54,148,0.2618
-219.5,148,0.2618
-219.46,148,0.2618
-219.42,148,0.2618
-219.38,148,0.2618
-219.34,148,0.2618
-219.3,148,0.2618
-219.26,148,0.2618
-219.22,148,0.2618
-219.18,148,0.2618
-219.13,148,0.2618
-219.09,148,0.2618
-219.05,148,0.2618
-219,148,0.2618
-218.96,148,0.2618
-218.91,148,0.2618
-218.87,148,0.2618
-218.82,148,0.2618
-218.78,148,0.2618
-218.73,148,0.2618
-218.68,148,0.2618
-218.64,148,0.2618
-218.59,148,0.2618
-218.54,148,0.2618
-218.49,148,0.2618
-218.45,148,0.2618
-218.4,148,0.2618
-218.35,148,0.2618
-218.3,148,0.2618
-218.25,148,0.2618
-218.2,148,0.2618
-218.15,148,0.2618
-218.1,148,0.2618
-218.04,148,0.2618
-217.99,148,0.2618
-217.94,148,0.2618
-217.89,148,0.2618
-217.83,148,0.2618
-217.78,148,0.2618
-217.73,148,0.2618
-217.67,148,0.2618
-217.62,148,0.2618
-217.56,148,0.2618
-217.51,148,0.2618
-217.45,148,0.2618
-217.4,148,0.2618
-217.34,148,0.2618
-217.28,148,0.2618
-217.23,148,0.2618
-217.17,148,0.2618
-217.11,148,0.2618
-217.05,148,0.2618
-216.99,148,0.2618
-216.93,148,0.2618
-216.87,148,0.2618
-216.81,148,0.2618
-216.75,148,0.2618
-216.69,148,0.2618
-216.63,148,0.2618
-216.57,148,0.2618
-216.51,148,0.2618
-216.45,148,0.2618
-216.38,148,0.2618
-216.32,148,0.2618
-216.26,148,0.2618
-216.2,148,0.2618
-216.13,148,0.2618
-216.07,148,0.2618
-216,148,0.2618
-215.94,148,0.2618
-215.87,148,0.2618
-215.81,148,0.2618
-215.74,148,0.2618
-215.67,148,0.2618
-215.61,148,0.2618
-215.54,148,0.2618
-215.47,148,0.2618
-215.4,148,0.2618
-215.34,148,0.2618
-215.27,148,0.2618
-215.2,148,0.2618
-215.13,148,0.2618
-215.06,148,0.2618
-214.99,148,0.2618
-214.92,148,0.2618
-214.85,148,0.2618
-214.78,148,0.2618
-214.7,148,0.2618
-214.63,148,0.2618
-214.56,148,0.2618
-214.49,148,0.2618
-214.41,148,0.2618
-214.34,148,0.2618
-214.27,148,0.2618
-214.19,148,0.2618
-214.12,148,0.2618
-214.04,148,0.2618
-213.97,148,0.2618
-213.89,148,0.2618
-213.82,148,0.2618
-213.74,148,0.2618
-213.66,148,0.2618
-213.59,148,0.2618
-213.51,148,0.2618
-213.43,148,0.2618
-213.36,148,0.2618
-213.28,148,0.2618
-213.2,148,0.2618
-213.12,148,0.2618
-213.04,148,0.2618
-212.96,148,0.2618
-212.88,148,0.2618
-212.8,148,0.2618
-212.72,148,0.2618
-212.64,148,0.2618
-212.56,148,0.2618
-212.48,148,0.2618
-212.39,148,0.2618
-212.31,148,0.2618
-212.23,148,0.2618
-212.15,148,0.2618
-212.06,148,0.2618
-211.98,148,0.2618
-211.9,148,0.2618
-211.81,148,0.2618
-211.73,148,0.2618
-211.64,148,0.2618
-211.56,148,0.2618
-211.47,148,0.2618
-211.39,148,0.2618
-211.3,148,0.2618
-211.21,148,0.2618
-211.13,148,0.2618
-211.04,148,0.2618
-210.95,148,0.2618
-210.86,148,0.2618
-210.78,148,0.2618
-210.69,148,0.2618
-210.6,148,0.2618
-210.51,148,0.2618
-210.42,148,0.2618
-210.33,148,0.2618
-210.24,148,0.2618
-210.15,148,0.2618
-210.06,148,0.2618
-209.97,148,0.2618
-209.88,148,0.2618
-209.79,148,0.2618
-209.7,148,0.2618
-209.6,148,0.2618
-209.51,148,0.2618
-209.42,148,0.2618
-209.32,148,0.2618
-209.23,148,0.2618
-209.14,148,0.2618
-209.04,148,0.2618
-208.95,148,0.2618
-208.86,148,0.2618
-208.76,148,0.2618
-208.67,148,0.2618
-208.57,148,0.2618
-208.48,148,0.2618
-208.38,148,0.2618
-208.28,148,0.2618
-208.19,148,0.2618
-208.09,148,0.2618
-207.99,148,0.2618
-207.9,148,0.2618
-207.8,148,0.2618
-207.7,148,0.2618
-207.6,148,0.2618
-207.5,148,0.2618
-207.4,148,0.2618
-207.31,148,0.2618
-207.21,148,0.2618
-207.11,148,0.2618
-207.01,148,0.2618
-206.91,148,0.2618
-206.81,148,0.2618
-206.71,148,0.2618
-206.61,148,0.2618
-206.5,148,0.2618
-206.4,148,0.2618
-206.3,148,0.2618
-206.2,148,0.2618
-206.1,148,0.2618
-206,148,0.2618
-205.89,148,0.2618
-205.79,148,0.2618
-205.69,148,0.2618
-205.58,148,0.2618
-205.48,148,0.2618
-205.38,148,0.2618
-205.27,148,0.2618
-205.17,148,0.2618
-205.06,148,0.2618
-204.96,148,0.2618
-204.85,148,0.2618
-204.75,148,0.2618
-204.64,148,0.2618
-204.54,148,0.2618
-204.43,148,0.2618
-204.32,148,0.2618
-204.22,148,0.2618
-204.11,148,0.2618
-204,148,0.2618
-203.89,148,0.2618
-203.79,148,0.2618
-203.68,148,0.2618
-203.57,148,0.2618
-203.46,148,0.2618
-203.35,148,0.2618
-203.25,148,0.2618
-203.14,148,0.2618
-203.03,148,0.2618
-202.92,148,0.2618
-202.81,148,0.2618
-202.7,148,0.2618
-202.59,148,0.2618
-202.48,148,0.2618
-202.37,148,0.2618
-202.26,148,0.2618
-202.15,148,0.2618
-202.04,148,0.2618
-201.93,148,0.2618
-201.81,148,0.2618
-201.7,148,0.2618
-201.59,148,0.2618
-201.48,148,0.2618
-201.37,148,0.2618
-201.25,148,0.2618
-201.14,148,0.2618
-201.03,148,0.2618
-200.92,148,0.2618
-200.8,148,0.2618
-200.69,148,0.2618
-200.58,148,0.2618
-200.46,148,0.2618
-200.35,148,0.2618
-200.23,148,0.2618
-200.12,148,0.2618
-200,148,0.2618
-199.89,148,0.2618
-199.77,148,0.2618
-199.66,148,0.2618
-199.54,148,0.2618
-199.43,148,0.2618
-199.31,148,0.2618
-199.2,148,0.2618
-199.08,148,0.2618
-198.97,148,0.2618
-198.85,148,0.2618
-198.73,148,0.2618
-198.62,148,0.2618
-198.5,148,0.2618
-198.38,148,0.2618
-198.26,148,0.2618
-198.15,148,0.2618
-198.03,148,0.2618
-197.91,148,0.2618
-197.79,148,0.2618
-197.68,148,0.2618
-197.56,148,0.2618
-197.44,148,0.2618
-197.32,148,0.2618
-197.2,148,0.2618
-197.08,148,0.2618
-196.97,148,0.2618
-196.85,148,0.2618
-196.73,148,0.2618
-196.61,148,0.2618
-196.49,148,0.2618
-196.37,148,0.2618
-196.25,148,0.2618
-196.13,148,0.2618
-196.01,148,0.2618
-195.89,148,0.2618
-195.77,148,0.2618
-195.65,148,0.2618
-195.53,148,0.2618
-195.41,148,0.2618
-195.29,148,0.2618
-195.17,148,0.2618
-195.05,148,0.2618
-194.92,148,0.2618
-194.8,148,0.2618
-194.68,148,0.2618
-194.56,148,0.2618
-194.44,148,0.2618
-194.32,148,0.2618
-194.2,148,0.2618
-194.07,148,0.2618
-193.95,148,0.2618
-193.83,148,0.2618
-193.71,148,0.2618
-193.59,148,0.2618
-193.46,148,0.2618
-193.34,148,0.2618
-193.22,148,0.2618
-193.09,148,0.2618
-192.97,148,0.2618
-192.85,148,0.2618
-192.73,148,0.2618
-192.6,148,0.2618
-192.48,148,0.2618
-192.36,148,0.2618
-192.23,148,0.2618
-192.11,148,0.2618
-191.99,148,0.2618
-191.86,148,0.2618
-191.74,148,0.2618
-191.61,148,0.2618
-191.49,148,0.2618
-191.37,148,0.2618
-191.24,148,0.2618
-191.12,148,0.2618
-190.99,148,0.2618
-190.87,148,0.2618
-190.74,148,0.2618
-190.62,148,0.2618
-190.5,148,0.2618
-190.37,148,0.2618
-190.25,148,0.2618
-190.12,148,0.2618
-190,148,0.2618
-189.87,148,0.2618
-189.75,148,0.2618
-189.62,148,0.2618
-189.5,148,0.2618
-189.37,148,0.2618
-189.25,148,0.2618
-189.12,148,0.2618
-188.99,148,0.2618
-188.87,148,0.2618
-188.74,148,0.2618
-188.62,148,0.2618
-188.49,148,0.2618
-188.37,148,0.2618
-188.24,148,0.2618
-188.12,148,0.2618
-187.99,148,0.2618
-187.86,148,0.2618
-187.74,148,0.2618
-187.61,148,0.2618
-187.49,148,0.2618
-187.36,148,0.2618
-187.23,148,0.2618
-187.11,148,0.2618
-186.98,148,0.2618
-186.86,148,0.2618
-186.73,148,0.2618
-186.6,148,0.2618
-186.48,148,0.2618
-186.35,148,0.2618
-186.23,148,0.2618
-186.1,148,0.2618
-185.97,148,0.2618
-185.85,148,0.2618
-185.72,148,0.2618
-185.59,148,0.2618
-185.47,148,0.2618
-185.34,148,0.2618
-185.21,148,0.2618
-185.09,148,0.2618
-184.96,148,0.2618
-184.83,148,0.2618
-184.71,148,0.2618
-184.58,148,0.2618
-184.46,148,0.2618
-184.33,148,0.2618
-184.2,148,0.2618
-184.08,148,0.2618
-183.95,148,0.2618
-183.82,148,0.2618
-183.7,148,0.2618
-183.57,148,0.2618
-183.44,148,0.2618
-183.32,148,0.2618
-183.19,148,0.2618
-183.06,148,0.2618
-182.94,148,0.2618
-182.81,148,0.2618
-182.68,148,0.2618
-182.56,148,0.2618
-182.43,148,0.2618
-182.3,148,0.2618
-182.18,148,0.2618
-182.05,148,0.2618
-181.92,148,0.2618
-181.8,148,0.2618
-181.67,148,0.2618
-181.55,148,0.2618
-181.42,148,0.2618
-181.29,148,0.2618
-181.17,148,0.2618
-181.04,148,0.2618
-180.91,148,0.2618
-180.79,148,0.2618
-180.66,148,0.2618
-180.53,148,0.2618
-180.41,148,0.2618
-180.28,148,0.2618
-180.16,148,0.2618
-180.03,148,0.2618
-179.9,148,0.2618
-179.78,148,0.2618
-179.65,148,0.2618
-179.53,148,0.2618
-179.4,148,0.2618
-179.27,148,0.2618
-179.15,148,0.2618
-179.02,148,0.2618
-178.9,148,0.2618
-178.77,148,0.2618
-178.64,148,0.2618
-178.52,148,0.2618
-178.39,148,0.2618
-178.27,148,0.2618
-178.14,148,0.2618
-178.02,148,0.2618
-177.89,148,0.2618
-177.77,148,0.2618
-177.64,148,0.2618
-177.52,148,0.2618
-177.39,148,0.2618
-177.26,148,0.2618
-177.14,148,0.2618
-177.01,148,0.2618
-176.89,148,0.2618
-176.76,148,0.2618
-176.64,148,0.2618
-176.51,148,0.2618
-176.39,148,0.2618
-176.27,148,0.2618
-176.14,148,0.2618
-176.02,148,0.2618
-175.89,148,0.2618
-175.77,148,0.2618
-175.64,148,0.2618
-175.52,148,0.2618
-175.39,148,0.2618
-175.27,148,0.2618
-175.15,148,0.2618
-175.02,148,0.2618
-174.9,148,0.2618
-174.77,148,0.2618
-174.65,148,0.2618
-174.53,148,0.2618
-174.4,148,0.2618
-174.28,148,0.2618
-174.16,148,0.2618
-174.03,148,0.2618
-173.91,148,0.2618
-173.78,148,0.2618
-173.66,148,0.2618
-173.54,148,0.2618
-173.42,148,0.2618
-173.29,148,0.2618
-173.17,148,0.2618
-173.05,148,0.2618
-172.92,148,0.2618
-172.8,148,0.2618
-172.68,148,0.2618
-172.56,148,0.2618
-172.43,148,0.2618
-172.31,148,0.2618
-172.19,148,0.2618
-172.07,148,0.2618
-171.95,148,0.2618
-171.82,148,0.2618
-171.7,148,0.2618
-171.58,148,0.2618
-171.46,148,0.2618
-171.34,148,0.2618
-171.22,148,0.2618
-171.09,148,0.2618
-170.97,148,0.2618
-170.85,148,0.2618
-170.73,148,0.2618
-170.61,148,0.2618
-170.49,148,0.2618
-170.37,148,0.2618
-170.25,148,0.2618
-170.13,148,0.2618
-170.01,148,0.2618
-169.89,148,0.2618
-169.77,148,0.2618
-169.65,148,0.2618
-169.53,148,0.2618
-169.41,148,0.2618
-169.29,148,0.2618
-169.17,148,0.2618
-169.05,148,0.2618
-168.93,148,0.2618
-168.81,148,0.2618
-168.69,148,0.2618
-168.57,148,0.2618
-168.45,148,0.2618
-168.33,148,0.2618
-168.21,148,0.2618
-168.09,148,0.2618
-167.97,148,0.2618
-167.86,148,0.2618
-167.74,148,0.2618
-167.62,148,0.2618
-167.5,148,0.2618
-167.38,148,0.2618
-167.27,148,0.2618
-167.15,148,0.2618
-167.03,148,0.2618
-166.91,148,0.2618
-166.8,148,0.2618
-166.68,148,0.2618
-166.56,148,0.2618
-166.44,148,0.2618
-166.33,148,0.2618
-166.21,148,0.2618
-166.09,148,0.2618
-165.98,148,0.2618
-165.86,148,0.2618
-165.74,148,0.2618
-165.63,148,0.2618
-165.51,148,0.2618
-165.4,148,0.2618
-165.28,148,0.2618
-165.16,148,0.2618
-165.05,148,0.2618
-164.93,148,0.2618
-164.82,148,0.2618
-164.7,148,0.2618
-164.59,148,0.2618
-164.47,148,0.2618
-164.36,148,0.2618
-164.24,148,0.2618
-164.13,148,0.2618
-164.01,148,0.2618
-163.9,148,0.2618
-163.79,148,0.2618
-163.67,148,0.2618
-163.56,148,0.2618
-163.44,148,0.2618
-163.33,148,0.2618
-163.22,148,0.2618
-163.1,148,0.2618
-162.99,148,0.2618
-162.88,148,0.2618
-162.77,148,0.2618
-162.65,148,0.2618
-162.54,148,0.2618
-162.43,148,0.2618
-162.32,148,0.2618
-162.2,148,0.2618
-162.09,148,0.2618
-161.98,148,0.2618
-161.87,148,0.2618
-161.76,148,0.2618
-161.64,148,0.2618
-161.53,148,0.2618
-161.42,148,0.2618
-161.31,148,0.2618
-161.2,148,0.2618
-161.09,148,0.2618
-160.98,148,0.2618
-160.87,148,0.2618
-160.76,148,0.2618
-160.65,148,0.2618
-160.54,148,0.2618
-160.43,148,0.2618
-160.32,148,0.2618
-160.21,148,0.2618
-160.1,148,0.2618
-159.99,148,0.2618
-159.88,148,0.2618
-159.77,148,0.2618
-159.66,148,0.2618
-159.55,148,0.2618
-159.44,148,0.2618
-159.34,148,0.2618
-159.23,148,0.2618
-159.12,148,0.2618
-159.01,148,0.2618
-158.9,148,0.2618
-158.8,148,0.2618
-158.69,148,0.2618
-158.58,148,0.2618
-158.47,148,0.2618
-158.37,148,0.2618
-158.26,148,0.2618
-158.15,148,0.2618
-158.05,148,0.2618
-157.94,148,0.2618
-157.83,148,0.2618
-157.73,148,0.2618
-157.62,148,0.2618
-157.52,148,0.2618
-157.41,148,0.2618
-157.3,148,0.2618
-157.2,148,0.2618
-157.09,148,0.2618
-156.99,148,0.2618
-156.88,148,0.2618
-156.78,148,0.2618
-156.67,148,0.2618
-156.57,148,0.2618
-156.46,148,0.2618
-156.36,148,0.2618
-156.26,148,0.2618
-156.15,148,0.2618
-156.05,148,0.2618
-155.94,148,0.2618
-155.84,148,0.2618
-155.74,148,0.2618
-155.63,148,0.2618
-155.53,148,0.2618
-155.43,148,0.2618
-155.33,148,0.2618
-155.22,148,0.2618
-155.12,148,0.2618
-155.02,148,0.2618
-154.92,148,0.2618
-154.81,148,0.2618
-154.71,148,0.2618
-154.61,148,0.2618
-154.51,148,0.2618
-154.41,148,0.2618
-154.31,148,0.2618
-154.21,148,0.2618
-154.11,148,0.2618
-154,148,0.2618
-153.9,148,0.2618
-153.8,148,0.2618
-153.7,148,0.2618
-153.6,148,0.2618
-153.5,148,0.2618
-153.4,148,0.2618
-153.3,148,0.2618
-153.21,148,0.2618
-153.11,148,0.2618
-153.01,148,0.2618
-152.91,148,0.2618
-152.81,148,0.2618
-152.71,148,0.2618
-152.61,148,0.2618
-152.51,148,0.2618
-152.42,148,0.2618
-152.32,148,0.2618
-152.22,148,0.2618
-152.12,148,0.2618
-152.02,148,0.2618
-151.93,148,0.2618
-151.83,148,0.2618
-151.73,148,0.2618
-151.64,148,0.2618
-151.54,148,0.2618
-151.44,148,0.2618
-151.35,148,0.2618
-151.25,148,0.2618
-151.15,148,0.2618
-151.06,148,0.2618
-150.96,148,0.2618
-150.87,148,0.2618
-150.77,148,0.2618
-150.67,148,0.2618
-150.58,148,0.2618
-150.48,148,0.2618
-150.39,148,0.2618
-150.29,148,0.2618
-150.2,148,0.2618
-150.11,148,0.2618
-150.01,148,0.2618
-149.92,148,0.2618
-149.82,148,0.2618
-149.73,148,0.2618
-149.64,148,0.2618
-149.54,148,0.2618
-149.45,148,0.2618
-149.36,148,0.2618
-149.26,148,0.2618
-149.17,148,0.2618
-149.08,148,0.2618
-148.98,148,0.2618
-148.89,148,0.2618
-148.8,148,0.2618
-148.71,148,0.2618
-148.62,148,0.2618
-148.52,148,0.2618
-148.43,148,0.2618
-148.34,148,0.2618
-148.25,148,0.2618
-148.16,148,0.2618
-148.07,148,0.2618
-147.98,148,0.2618
-147.88,148,0.2618
-147.79,148,0.2618
-147.7,148,0.2618
-147.61,148,0.2618
-147.52,148,0.2618
-147.43,148,0.2618
-147.34,148,0.2618
-147.25,148,0.2618
-147.16,148,0.2618
-147.08,148,0.2618
-146.99,148,0.2618
-146.9,148,0.2618
-146.81,148,0.2618
-146.72,148,0.2618
-146.63,148,0.2618
-146.54,148,0.2618
-146.45,148,0.2618
-146.37,148,0.2618
-146.28,148,0.2618
-146.19,148,0.2618
-146.1,148,0.2618
-146.01,148,0.2618
-145.93,148,0.2618
-145.84,148,0.2618
-145.75,148,0.2618
-145.67,148,0.2618
-145.58,148,0.2618
-145.49,148,0.2618
-145.41,148,0.2618
-145.32,148,0.2618
-145.23,148,0.2618
-145.15,148,0.2618
-145.06,148,0.2618
-144.98,148,0.2618
-144.89,148,0.2618
-144.8,148,0.2618
-144.72,148,0.2618
-144.63,148,0.2618
-144.55,148,0.2618
-144.46,148,0.2618
-144.38,148,0.2618
-144.29,148,0.2618
-144.21,148,0.2618
-144.13,148,0.2618
-144.04,148,0.2618
-143.96,148,0.2618
-143.87,148,0.2618
-143.79,148,0.2618
-143.71,148,0.2618
-143.62,148,0.2618
-143.54,148,0.2618
-143.46,148,0.2618
-143.37,148,0.2618
-143.29,148,0.2618
-143.21,148,0.2618
-143.13,148,0.2618
-143.04,148,0.2618
-142.96,148,0.2618
-142.88,148,0.2618
-142.8,148,0.2618
-142.72,148,0.2618
-142.63,148,0.2618
-142.55,148,0.2618
-142.47,148,0.2618
-142.39,148,0.2618
-142.31,148,0.2618
-142.23,148,0.2618
-142.15,148,0.2618
-142.07,148,0.2618
-141.99,148,0.2618
-141.91,148,0.2618
-141.83,148,0.2618
-141.75,148,0.2618
-141.67,148,0.2618
-141.59,148,0.2618
-141.51,148,0.2618
-141.43,148,0.2618
-141.35,148,0.2618
-141.27,148,0.2618
-141.19,148,0.2618
-141.11,148,0.2618
-141.03,148,0.2618
-140.95,148,0.2618
-140.87,148,0.2618
-140.79,148,0.2618
-140.72,148,0.2618
-140.64,148,0.2618
-140.56,148,0.2618
-140.48,148,0.2618
-140.4,148,0.2618
-140.33,148,0.2618
-140.25,148,0.2618
-140.17,148,0.2618
-140.1,148,0.2618
-140.02,148,0.2618
-139.94,148,0.2618
-139.86,148,0.2618
-139.79,148,0.2618
-139.71,148,0.2618
-139.63,148,0.2618
-139.56,148,0.2618
-139.48,148,0.2618
-139.41,148,0.2618
-139.33,148,0.2618
-139.25,148,0.2618
-139.18,148,0.2618
-139.1,148,0.2618
-139.03,148,0.2618
-138.95,148,0.2618
-138.88,148,0.2618
-138.8,148,0.2618
-138.73,148,0.2618
-138.65,148,0.2618
-138.58,148,0.2618
-138.5,148,0.2618
-138.43,148,0.2618
-138.36,148,0.2618
-138.28,148,0.2618
-138.21,148,0.2618
-138.13,148,0.2618
-138.06,148,0.2618
-137.99,148,0.2618
-137.91,148,0.2618
-137.84,148,0.2618
-137.77,148,0.2618
-137.7,148,0.2618
-137.62,148,0.2618
-137.55,148,0.2618
-137.48,148,0.2618
-137.4,148,0.2618
-137.33,148,0.2618
-137.26,148,0.2618
-137.19,148,0.2618
-137.12,148,0.2618
-137.04,148,0.2618
-136.97,148,0.2618
-136.9,148,0.2618
-136.83,148,0.2618
-136.76,148,0.2618
-136.69,148,0.2618
-136.62,148,0.2618
-136.54,148,0.2618
-136.47,148,0.2618
-136.4,148,0.2618
-136.33,148,0.2618
-136.26,148,0.2618
-136.19,148,0.2618
-136.12,148,0.2618
-136.05,148,0.2618
-135.98,148,0.2618
-135.91,148,0.2618
-135.84,148,0.2618
-135.77,148,0.2618
-135.7,148,0.2618
-135.63,148,0.2618
-135.56,148,0.2618
-135.49,148,0.2618
-135.43,148,0.2618
-135.36,148,0.2618
-135.29,148,0.2618
-135.22,148,0.2618
-135.15,148,0.2618
-135.08,148,0.2618
-135.01,148,0.2618
-134.95,148,0.2618
-134.88,148,0.2618
-134.81,148,0.2618
-134.74,148,0.2618
-134.67,148,0.2618
-134.61,148,0.2618
-134.54,148,0.2618
-134.47,148,0.2618
-134.4,148,0.2618
-134.34,148,0.2618
-134.27,148,0.2618
-134.2,148,0.2618
-134.14,148,0.2618
-134.07,148,0.2618
-134,148,0.2618
-133.94,148,0.2618
-133.87,148,0.2618
-133.8,148,0.2618
-133.74,148,0.2618
-133.67,148,0.2618
-133.61,148,0.2618
-133.54,148,0.2618
-133.47,148,0.2618
-133.41,148,0.2618
-133.34,148,0.2618
-133.28,148,0.2618
-133.21,148,0.2618
-133.15,148,0.2618
-133.08,148,0.2618
-133.02,148,0.2618
-132.95,148,0.2618
-132.89,148,0.2618
-132.82,148,0.2618
-132.76,148,0.2618
-132.69,148,0.2618
-132.63,148,0.2618
-132.57,148,0.2618
-132.5,148,0.2618
-132.44,148,0.2618
-132.37,148,0.2618
-132.31,148,0.2618
-132.25,148,0.2618
-132.18,148,0.2618
-132.12,148,0.2618
-132.06,148,0.2618
-131.99,148,0.2618
-131.93,148,0.2618
-131.87,148,0.2618
-131.8,148,0.2618
-131.74,148,0.2618
-131.68,148,0.2618
-131.62,148,0.2618
-131.55,148,0.2618
-131.49,148,0.2618
-131.43,148,0.2618
-131.37,148,0.2618
-131.31,148,0.2618
-131.24,148,0.2618
-131.18,148,0.2618
-131.12,148,0.2618
-131.06,148,0.2618
-131,148,0.2618
-130.93,148,0.2618
-130.87,148,0.2618
-130.81,148,0.2618
-130.75,148,0.2618
-130.69,148,0.2618
-130.63,148,0.2618
-130.57,148,0.2618
-130.51,148,0.2618
-130.45,148,0.2618
-130.39,148,0.2618
-130.33,148,0.2618
-130.27,148,0.2618
-130.21,148,0.2618
-130.15,148,0.2618
-130.09,148,0.2618
-130.03,148,0.2618
-129.97,148,0.2618
-129.91,148,0.2618
-129.85,148,0.2618
-129.79,148,0.2618
-129.73,148,0.2618
-129.67,148,0.2618
-129.61,148,0.2618
-129.55,148,0.2618
-129.49,148,0.2618
-129.43,148,0.2618
-129.37,148,0.2618
-129.31,148,0.2618
-129.25,148,0.2618
-129.2,148,0.2618
-129.14,148,0.2618
-129.08,148,0.2618
-129.02,148,0.2618
-128.96,148,0.2618
-128.9,148,0.2618
-128.85,148,0.2618
-128.79,148,0.2618
-128.73,148,0.2618
-128.67,148,0.2618
-128.62,148,0.2618
-128.56,148,0.2618
-128.5,148,0.2618
-128.44,148,0.2618
-128.39,148,0.2618
-128.33,148,0.2618
-128.27,148,0.2618
-128.21,148,0.2618
-128.16,148,0.2618
-128.1,148,0.2618
-128.04,148,0.2618
-127.99,148,0.2618
-127.93,148,0.2618
-127.87,148,0.2618
-127.82,148,0.2618
-127.76,148,0.2618
-127.7,148,0.2618
-127.65,148,0.2618
-127.59,148,0.2618
-127.54,148,0.2618
-127.48,148,0.2618
-127.42,148,0.2618
-127.37,148,0.2618
-127.31,148,0.2618
-127.26,148,0.2618
-127.2,148,0.2618
-127.15,148,0.2618
-127.09,148,0.2618
-127.04,148,0.2618
-126.98,148,0.2618
-126.93,148,0.2618
-126.87,148,0.2618
-126.82,148,0.2618
-126.76,148,0.2618
-126.71,148,0.2618
-126.65,148,0.2618
-126.6,148,0.2618
-126.54,148,0.2618
-126.49,148,0.2618
-126.43,148,0.2618
-126.38,148,0.2618
-126.33,148,0.2618
-126.27,148,0.2618
-126.22,148,0.2618
-126.16,148,0.2618
-126.11,148,0.2618
-126.06,148,0.2618
-126,148,0.2618
-125.95,148,0.2618
-125.9,148,0.2618
-125.84,148,0.2618
-125.79,148,0.2618
-125.74,148,0.2618
-125.68,148,0.2618
-125.63,148,0.2618
-125.58,148,0.2618
-125.52,148,0.2618
-125.47,148,0.2618
-125.42,148,0.2618
-125.37,148,0.2618
-125.31,148,0.2618
-125.26,148,0.2618
-125.21,148,0.2618
-125.16,148,0.2618
-125.1,148,0.2618
-125.05,148,0.2618
-125,148,0.2618
-124.95,148,0.2618
-124.89,148,0.2618
-124.84,148,0.2618
-124.79,148,0.2618
-124.74,148,0.2618
-124.69,148,0.2618
-124.64,148,0.2618
-124.58,148,0.2618
-124.53,148,0.2618
-124.48,148,0.2618
-124.43,148,0.2618
-124.38,148,0.2618
-124.33,148,0.2618
-124.28,148,0.2618
-124.23,148,0.2618
-124.17,148,0.2618
-124.12,148,0.2618
-124.07,148,0.2618
-124.02,148,0.2618
-123.97,148,0.2618
-123.92,148,0.2618
-123.87,148,0.2618
-123.82,148,0.2618
-123.77,148,0.2618
-123.72,148,0.2618
-123.67,148,0.2618
-123.62,148,0.2618
-123.57,148,0.2618
-123.52,148,0.2618
-123.47,148,0.2618
-123.42,148,0.2618
-123.37,148,0.2618
-123.32,148,0.2618
-123.27,148,0.2618
-123.22,148,0.2618
-123.17,148,0.2618
-123.12,148,0.2618
-123.07,148,0.2618
-123.02,148,0.2618
-122.97,148,0.2618
-122.92,148,0.2618
-122.87,148,0.2618
-122.83,148,0.2618
-122.78,148,0.2618
-122.73,148,0.2618
-122.68,148,0.2618
-122.63,148,0.2618
-122.58,148,0.2618
-122.53,148,0.2618
-122.48,148,0.2618
-122.44,148,0.2618
-122.39,148,0.2618
-122.34,148,0.2618
-122.29,148,0.2618
-122.24,148,0.2618
-122.19,148,0.2618
-122.15,148,0.2618
-122.1,148,0.2618
-122.05,148,0.2618
-122,148,0.2618
-121.95,148,0.2618
-121.91,148,0.2618
-121.86,148,0.2618
-121.81,148,0.2618
-121.76,148,0.2618
-121.72,148,0.2618
-121.67,148,0.2618
-121.62,148,0.2618
-121.57,148,0.2618
-121.53,148,0.2618
-121.48,148,0.2618
-121.43,148,0.2618
-121.38,148,0.2618
-121.34,148,0.2618
-121.29,148,0.2618
-121.24,148,0.2618
-121.2,148,0.2618
-121.15,148,0.2618
-121.1,148,0.2618
-121.06,148,0.2618
-121.01,148,0.2618
-120.96,148,0.2618
-120.92,148,0.2618
-120.87,148,0.2618
-120.82,148,0.2618
-120.78,148,0.2618
-120.73,148,0.2618
-120.69,148,0.2618
-120.64,148,0.2618
-120.59,148,0.2618
-120.55,148,0.2618
-120.5,148,0.2618
-120.46,148,0.2618
-120.41,148,0.2618
-120.36,148,0.2618
-120.32,148,0.2618
-120.27,148,0.2618
-120.23,148,0.2618
-120.18,148,0.2618
-120.14,148,0.2618
-120.09,148,0.2618
-120.04,148,0.2618
-120,148,0.2618
-119.95,148,0.2618
-119.91,148,0.2618
-119.86,148,0.2618
-119.82,148,0.2618
-119.77,148,0.2618
-119.73,148,0.2618
-119.68,148,0.2618
-119.64,148,0.2618
-119.59,148,0.2618
-119.55,148,0.2618
-119.5,148,0.2618
-119.46,148,0.2618
-119.41,148,0.2618
-119.37,148,0.2618
-119.33,148,0.2618
-119.28,148,0.2618
-119.24,148,0.2618
-119.19,148,0.2618
-119.15,148,0.2618
-119.1,148,0.2618
-119.06,148,0.2618
-119.02,148,0.2618
-118.97,148,0.2618
-118.93,148,0.2618
-118.88,148,0.2618
-118.84,148,0.2618
-118.8,148,0.2618
-118.75,148,0.2618
-118.71,148,0.2618
-118.66,148,0.2618
-118.62,148,0.2618
-118.58,148,0.2618
-118.53,148,0.2618
-118.49,148,0.2618
-118.45,148,0.2618
-118.4,148,0.2618
-118.36,148,0.2618
-118.32,148,0.2618
-118.27,148,0.2618
-118.23,148,0.2618
-118.19,148,0.2618
-118.14,148,0.2618
-118.1,148,0.2618
-118.06,148,0.2618
-118.01,148,0.2618
-117.97,148,0.2618
-117.93,148,0.2618
-117.89,148,0.2618
-117.84,148,0.2618
-117.8,148,0.2618
-117.76,148,0.2618
-117.71,148,0.2618
-117.67,148,0.2618
-117.63,148,0.2618
-117.59,148,0.2618
-117.54,148,0.2618
-117.5,148,0.2618
-117.46,148,0.2618
-117.42,148,0.2618
-117.38,148,0.2618
-117.33,148,0.2618
-117.29,148,0.2618
-117.25,148,0.2618
-117.21,148,0.2618
-117.16,148,0.2618
-117.12,148,0.2618
-117.08,148,0.2618
-117.04,148,0.2618
-117,148,0.2618
-116.95,148,0.2618
-116.91,148,0.2618
-116.87,148,0.2618
-116.83,148,0.2618
-116.79,148,0.2618
-116.75,148,0.2618
-116.7,148,0.2618
-116.66,148,0.2618
-116.62,148,0.2618
-116.58,148,0.2618
-116.54,148,0.2618
-116.5,148,0.2618
-116.46,148,0.2618
-116.41,148,0.2618
-116.37,148,0.2618
-116.33,148,0.2618
-116.29,148,0.2618
-116.25,148,0.2618
-116.21,148,0.2618
-116.17,148,0.2618
-116.13,148,0.2618
-116.09,148,0.2618
-116.05,148,0.2618
-116,148,0.2618
-115.96,148,0.2618
-115.92,148,0.2618
-115.88,148,0.2618
-115.84,148,0.2618
-115.8,148,0.2618
-115.76,148,0.2618
-115.72,148,0.2618
-115.68,148,0.2618
-115.64,148,0.2618
-115.6,148,0.2618
-115.56,148,0.2618
-115.52,148,0.2618
-115.48,148,0.2618
-115.44,148,0.2618
-115.4,148,0.2618
-115.36,148,0.2618
-115.32,148,0.2618
-115.28,148,0.2618
-115.24,148,0.2618
-115.2,148,0.2618
-115.16,148,0.2618
-115.12,148,0.2618
-115.08,148,0.2618
-115.04,148,0.2618
-115,148,0.2618
-114.96,148,0.2618
-114.92,148,0.2618
-114.88,148,0.2618
-114.84,148,0.2618
-114.8,148,0.2618
-114.76,148,0.2618
-114.72,148,0.2618
-114.68,148,0.2618
-114.64,148,0.2618
-114.6,148,0.2618
-114.56,148,0.2618
-114.52,148,0.2618
-114.48,148,0.2618
-114.44,148,0.2618
-114.4,148,0.2618
-114.36,148,0.2618
-114.32,148,0.2618
-114.28,148,0.2618
-114.24,148,0.2618
-114.2,148,0.2618
-114.17,148,0.2618
-114.13,148,0.2618
-114.09,148,0.2618
-114.05,148,0.2618
-114.01,148,0.2618
-113.97,148,0.2618
-113.93,148,0.2618
-113.89,148,0.2618
-113.85,148,0.2618
-113.81,148,0.2618
-113.78,148,0.2618
-113.74,148,0.2618
-113.7,148,0.2618
-113.66,148,0.2618
-113.62,148,0.2618
-113.58,148,0.2618
-113.54,148,0.2618
-113.5,148,0.2618
-113.47,148,0.2618
-113.43,148,0.2618
-113.39,148,0.2618
-113.35,148,0.2618
-113.31,148,0.2618
-113.27,148,0.2618
-113.24,148,0.2618
-113.2,148,0.2618
-113.16,148,0.2618
-113.12,148,0.2618
-113.08,148,0.2618
-113.04,148,0.2618
-113.01,148,0.2618
-112.97,148,0.2618
-112.93,148,0.2618
-112.89,148,0.2618
-112.85,148,0.2618
-112.81,148,0.2618
-112.78,148,0.2618
-112.74,148,0.2618
-112.7,148,0.2618
-112.66,148,0.2618
-112.62,148,0.2618
-112.59,148,0.2618
-112.55,148,0.2618
-112.51,148,0.2618
-112.47,148,0.2618
-112.43,148,0.2618
-112.4,148,0.2618
-112.36,148,0.2618
-112.32,148,0.2618
-112.28,148,0.2618
-112.25,148,0.2618
-112.21,148,0.2618
-112.17,148,0.2618
-112.13,148,0.2618
-112.1,148,0.2618
-112.06,148,0.2618
-112.02,148,0.2618
-111.98,148,0.2618
-111.95,148,0.2618
-111.91,148,0.2618
-111.87,148,0.2618
-111.83,148,0.2618
-111.8,148,0.2618
-111.76,148,0.2618
-111.72,148,0.2618
-111.68,148,0.2618
-111.65,148,0.2618
-111.61,148,0.2618
-111.57,148,0.2618
-111.53,148,0.2618
-111.5,148,0.2618
-111.46,148,0.2618
-111.42,148,0.2618
-111.39,148,0.2618
-111.35,148,0.2618
-111.31,148,0.2618
-111.27,148,0.2618
-111.24,148,0.2618
-111.2,148,0.2618
-111.16,148,0.2618
-111.13,148,0.2618
-111.09,148,0.2618
-111.05,148,0.2618
-111.02,148,0.2618
-110.98,148,0.2618
-110.94,148,0.2618
-110.9,148,0.2618
-110.87,148,0.2618
-110.83,148,0.2618
-110.79,148,0.2618
-110.76,148,0.2618
-110.72,148,0.2618
-110.68,148,0.2618
-110.65,148,0.2618
-110.61,148,0.2618
-110.57,148,0.2618
-110.54,148,0.2618
-110.5,148,0.2618
-110.46,148,0.2618
-110.43,148,0.2618
-110.39,148,0.2618
-110.35,148,0.2618
-110.32,148,0.2618
-110.28,148,0.2618
-110.24,148,0.2618
-110.21,148,0.2618
-110.17,148,0.2618
-110.13,148,0.2618
-110.1,148,0.2618
-110.06,148,0.2618
-110.03,148,0.2618
-109.99,148,0.2618
-109.95,148,0.2618
-109.92,148,0.2618
-109.88,148,0.2618
-109.84,148,0.2618
-109.81,148,0.2618
-109.77,148,0.2618
-109.73,148,0.2618
-109.7,148,0.2618
-109.66,148,0.2618
-109.63,148,0.2618
-109.59,148,0.2618
-109.55,148,0.2618
-109.52,148,0.2618
-109.48,148,0.2618
-109.45,148,0.2618
-109.41,148,0.2618
-109.37,148,0.2618
-109.34,148,0.2618
-109.3,148,0.2618
-109.26,148,0.2618
-109.23,148,0.2618
-109.19,148,0.2618
-109.16,148,0.2618
-109.12,148,0.2618
-109.08,148,0.2618
-109.05,148,0.2618
-109.01,148,0.2618
-108.98,148,0.2618
-108.94,148,0.2618
-108.91,148,0.2618
-108.87,148,0.2618
-108.83,148,0.2618
-108.8,148,0.2618
-108.76,148,0.2618
-108.73,148,0.2618
-108.69,148,0.2618
-108.65,148,0.2618
-108.62,148,0.2618
-108.58,148,0.2618
-108.55,148,0.2618
-108.51,148,0.2618
-108.48,148,0.2618
-108.44,148,0.2618
-108.4,148,0.2618
-108.37,148,0.2618
-108.33,148,0.2618
-108.3,148,0.2618
-108.26,148,0.2618
-108.23,148,0.2618
-108.19,148,0.2618
-108.15,148,0.2618
-108.12,148,0.2618
-108.08,148,0.2618
-108.05,148,0.2618
-108.01,148,0.2618
-107.98,148,0.2618
-107.94,148,0.2618
-107.9,148,0.2618
-107.87,148,0.2618
-107.83,148,0.2618
-107.8,148,0.2618
-107.76,148,0.2618
-107.73,148,0.2618
-107.69,148,0.2618
-107.66,148,0.2618
-107.62,148,0.2618
-107.59,148,0.2618
-107.55,148,0.2618
-107.51,148,0.2618
-107.48,148,0.2618
-107.44,148,0.2618
-107.41,148,0.2618
-107.37,148,0.2618
-107.34,148,0.2618
-107.3,148,0.2618
-107.27,148,0.2618
-107.23,148,0.2618
-107.2,148,0.2618
-107.16,148,0.2618
-107.13,148,0.2618
-107.09,148,0.2618
-107.05,148,0.2618
-107.02,148,0.2618
-106.98,148,0.2618
-106.95,148,0.2618
-106.91,148,0.2618
-106.88,148,0.2618
-106.84,148,0.2618
-106.81,148,0.2618
-106.77,148,0.2618
-106.74,148,0.2618
-106.7,148,0.2618
-106.67,148,0.2618
-106.63,148,0.2618
-106.6,148,0.2618
-106.56,148,0.2618
-106.53,148,0.2618
-106.49,148,0.2618
-106.46,148,0.2618
-106.42,148,0.2618
-106.39,148,0.2618
-106.35,148,0.2618
-106.32,148,0.2618
-106.28,148,0.2618
-106.24,148,0.2618
-106.21,148,0.2618
-106.17,148,0.2618
-106.14,148,0.2618
-106.1,148,0.2618
-106.07,148,0.2618
-106.03,148,0.2618
-106,148,0.2618
-105.96,148,0.2618
-105.93,148,0.2618
-105.89,148,0.2618
-105.86,148,0.2618
-105.82,148,0.2618
-105.79,148,0.2618
-105.75,148,0.2618
-105.72,148,0.2618
-105.68,148,0.2618
-105.65,148,0.2618
-105.61,148,0.2618
-105.58,148,0.2618
-105.54,148,0.2618
-105.51,148,0.2618
-105.47,148,0.2618
-105.44,148,0.2618
-105.4,148,0.2618
-105.37,148,0.2618
-105.33,148,0.2618
-105.3,148,0.2618
-105.26,148,0.2618
-105.23,148,0.2618
-105.19,148,0.2618
-105.16,148,0.2618
-105.12,148,0.2618
-105.09,148,0.2618
-105.05,148,0.2618
-105.02,148,0.2618
-104.98,148,0.2618
-104.95,148,0.2618
-104.92,148,0.2618
-104.88,148,0.2618
-104.85,148,0.2618
-104.81,148,0.2618
-104.78,148,0.2618
-104.74,148,0.2618
-104.71,148,0.2618
-104.67,148,0.2618
-104.64,148,0.2618
-104.6,148,0.2618
-104.57,148,0.2618
-104.53,148,0.2618
-104.5,148,0.2618
-104.46,148,0.2618
-104.43,148,0.2618
-104.39,148,0.2618
-104.36,148,0.2618
-104.32,148,0.2618
-104.29,148,0.2618
-104.25,148,0.2618
-104.22,148,0.2618
-104.18,148,0.2618
-104.15,148,0.2618
-104.11,148,0.2618
-104.08,148,0.2618
-104.04,148,0.2618
-104.01,148,0.2618
-103.97,148,0.2618
-103.94,148,0.2618
-103.91,148,0.2618
-103.87,148,0.2618
-103.84,148,0.2618
-103.8,148,0.2618
-103.77,148,0.2618
-103.73,148,0.2618
-103.7,148,0.2618
-103.66,148,0.2618
-103.63,148,0.2618
-103.59,148,0.2618
-103.56,148,0.2618
-103.52,148,0.2618
-103.49,148,0.2618
-103.45,148,0.2618
-103.42,148,0.2618
-103.38,148,0.2618
-103.35,148,0.2618
-103.31,148,0.2618
-103.28,148,0.2618
-103.25,148,0.2618
-103.21,148,0.2618
-103.18,148,0.2618
-103.14,148,0.2618
-103.11,148,0.2618
-103.07,148,0.2618
-103.04,148,0.2618
-103,148,0.2618
-102.97,148,0.2618
-102.93,148,0.2618
-102.9,148,0.2618
-102.86,148,0.2618
-102.83,148,0.2618
-102.79,148,0.2618
-102.76,148,0.2618
-102.73,148,0.2618
-102.69,148,0.2618
-102.66,148,0.2618
-102.62,148,0.2618
-102.59,148,0.2618
-102.55,148,0.2618
-102.52,148,0.2618
-102.48,148,0.2618
-102.45,148,0.2618
-102.41,148,0.2618
-102.38,148,0.2618
-102.34,148,0.2618
-102.31,148,0.2618
-102.27,148,0.2618
-102.24,148,0.2618
-102.21,148,0.2618
-102.17,148,0.2618
-102.14,148,0.2618
-102.1,148,0.2618
-102.07,148,0.2618
-102.03,148,0.2618
-102,148,0.2618
-101.96,148,0.2618
-101.93,148,0.2618
-101.89,148,0.2618
-101.86,148,0.2618
-101.82,148,0.2618
-101.79,148,0.2618
-101.76,148,0.2618
-101.72,148,0.2618
-101.69,148,0.2618
-101.65,148,0.2618
-101.62,148,0.2618
-101.58,148,0.2618
-101.55,148,0.2618
-101.51,148,0.2618
-101.48,148,0.2618
-101.44,148,0.2618
-101.41,148,0.2618
-101.38,148,0.2618
-101.34,148,0.2618
-101.31,148,0.2618
-101.27,148,0.2618
-101.24,148,0.2618
-101.2,148,0.2618
-101.17,148,0.2618
-101.13,148,0.2618
-101.1,148,0.2618
-101.06,148,0.2618
-101.03,148,0.2618
-101,148,0.2618
-100.96,148,0.2618
-100.93,148,0.2618
-100.89,148,0.2618
-100.86,148,0.2618
-100.82,148,0.2618
-100.79,148,0.2618
-100.75,148,0.2618
-100.72,148,0.2618
-100.68,148,0.2618
-100.65,148,0.2618
-100.62,148,0.2618
-100.58,148,0.2618
-100.55,148,0.2618
-100.51,148,0.2618
-100.48,148,0.2618
-100.44,148,0.2618
-100.41,148,0.2618
-100.37,148,0.2618
-100.34,148,0.2618
-100.3,148,0.2618
-100.27,148,0.2618
-100.24,148,0.2618
-100.2,148,0.2618
-100.17,148,0.2618
-100.13,148,0.2618
-100.1,148,0.2618
-100.06,148,0.2618
-100.03,148,0.2618
-99.994,148,0.2618
-99.96,148,0.2618
-99.925,148,0.2618
-99.891,148,0.2618
-99.856,148,0.2618
-99.822,148,0.2618
-99.787,148,0.2618
-99.753,148,0.2618
-99.718,148,0.2618
-99.684,148,0.2618
-99.649,148,0.2618
-99.615,148,0.2618
-99.581,148,0.2618
-99.546,148,0.2618
-99.512,148,0.2618
-99.477,148,0.2618
-99.443,148,0.2618
-99.408,148,0.2618
-99.374,148,0.2618
-99.339,148,0.2618
-99.305,148,0.2618
-99.271,148,0.2618
-99.236,148,0.2618
-99.202,148,0.2618
-99.167,148,0.2618
-99.133,148,0.2618
-99.098,148,0.2618
-99.064,148,0.2618
-99.03,148,0.2618
-98.995,148,0.2618
-98.961,148,0.2618
-98.926,148,0.2618
-98.892,148,0.2618
-98.858,148,0.2618
-98.823,148,0.2618
-98.789,148,0.2618
-98.754,148,0.2618
-98.72,148,0.2618
-98.686,148,0.2618
-98.651,148,0.2618
-98.617,148,0.2618
-98.583,148,0.2618
-98.548,148,0.2618
-98.514,148,0.2618
-98.479,148,0.2618
-98.445,148,0.2618
-98.411,148,0.2618
-98.376,148,0.2618
-98.342,148,0.2618
-98.308,148,0.2618
-98.273,148,0.2618
-98.239,148,0.2618
-98.205,148,0.2618
-98.17,148,0.2618
-98.136,148,0.2618
-98.102,148,0.2618
-98.067,148,0.2618
-98.033,148,0.2618
-97.999,148,0.2618
-97.965,148,0.2618
-97.93,148,0.2618
-97.896,148,0.2618
-97.862,148,0.2618
-97.827,148,0.2618
-97.793,148,0.2618
-97.759,148,0.2618
-97.725,148,0.2618
-97.69,148,0.2618
-97.656,148,0.2618
-97.622,148,0.2618
-97.587,148,0.2618
-97.553,148,0.2618
-97.519,148,0.2618
-97.485,148,0.2618
-97.45,148,0.2618
-97.416,148,0.2618
-97.382,148,0.2618
-97.348,148,0.2618
-97.314,148,0.2618
-97.279,148,0.2618
-97.245,148,0.2618
-97.211,148,0.2618
-97.177,148,0.2618
-97.142,148,0.2618
-97.108,148,0.2618
-97.074,148,0.2618
-97.04,148,0.2618
-97.006,148,0.2618
-96.972,148,0.2618
-96.937,148,0.2618
-96.903,148,0.2618
-96.869,148,0.2618
-96.835,148,0.2618
-96.801,148,0.2618
-96.767,148,0.2618
-96.732,148,0.2618
-96.698,148,0.2618
-96.664,148,0.2618
-96.63,148,0.2618
-96.596,148,0.2618
-96.562,148,0.2618
-96.528,148,0.2618
-96.494,148,0.2618
-96.46,148,0.2618
-96.425,148,0.2618
-96.391,148,0.2618
-96.357,148,0.2618
-96.323,148,0.2618
-96.289,148,0.2618
-96.255,148,0.2618
-96.221,148,0.2618
-96.187,148,0.2618
-96.153,148,0.2618
-96.119,148,0.2618
-96.085,148,0.2618
-96.051,148,0.2618
-96.017,148,0.2618
-95.983,148,0.2618
-95.949,148,0.2618
-95.915,148,0.2618
-95.881,148,0.2618
-95.847,148,0.2618
-95.813,148,0.2618
-95.779,148,0.2618
-95.745,148,0.2618
-95.711,148,0.2618
-95.677,148,0.2618
-95.643,148,0.2618
-95.609,148,0.2618
-95.575,148,0.2618
-95.541,148,0.2618
-95.507,148,0.2618
-95.473,148,0.2618
-95.439,148,0.2618
-95.406,148,0.2618
-95.372,148,0.2618
-95.338,148,0.2618
-95.304,148,0.2618
-95.27,148,0.2618
-95.236,148,0.2618
-95.202,148,0.2618
-95.168,148,0.2618
-95.135,148,0.2618
-95.101,148,0.2618
-95.067,148,0.2618
-95.033,148,0.2618
-94.999,148,0.2618
-94.965,148,0.2618
-94.932,148,0.2618
-94.898,148,0.2618
-94.864,148,0.2618
-94.83,148,0.2618
-94.797,148,0.2618
-94.763,148,0.2618
-94.729,148,0.2618
-94.695,148,0.2618
-94.662,148,0.2618
-94.628,148,0.2618
-94.594,148,0.2618
-94.56,148,0.2618
-94.527,148,0.2618
-94.493,148,0.2618
-94.459,148,0.2618
-94.426,148,0.2618
-94.392,148,0.2618
-94.358,148,0.2618
-94.325,148,0.2618
-94.291,148,0.2618
-94.257,148,0.2618
-94.224,148,0.2618
-94.19,148,0.2618
-94.157,148,0.2618
-94.123,148,0.2618
-94.089,148,0.2618
-94.056,148,0.2618
-94.022,148,0.2618
-93.989,148,0.2618
-93.955,148,0.2618
-93.921,148,0.2618
-93.888,148,0.2618
-93.854,148,0.2618
-93.821,148,0.2618
-93.787,148,0.2618
-93.754,148,0.2618
-93.72,148,0.2618
-93.687,148,0.2618
-93.653,148,0.2618
-93.62,148,0.2618
-93.587,148,0.2618
-93.553,148,0.2618
-93.52,148,0.2618
-93.486,148,0.2618
-93.453,148,0.2618
-93.419,148,0.2618
-93.386,148,0.2618
-93.353,148,0.2618
-93.319,148,0.2618
-93.286,148,0.2618
-93.253,148,0.2618
-93.219,148,0.2618
-93.186,148,0.2618
-93.153,148,0.2618
-93.119,148,0.2618
-93.086,148,0.2618
-93.053,148,0.2618
-93.019,148,0.2618
-92.986,148,0.2618
-92.953,148,0.2618
-92.92,148,0.2618
-92.886,148,0.2618
-92.853,148,0.2618
-92.82,148,0.2618
-92.787,148,0.2618
-92.754,148,0.2618
-92.72,148,0.2618
-92.687,148,0.2618
-92.654,148,0.2618
-92.621,148,0.2618
-92.588,148,0.2618
-92.555,148,0.2618
-92.522,148,0.2618
-92.488,148,0.2618
-92.455,148,0.2618
-92.422,148,0.2618
-92.389,148,0.2618
-92.356,148,0.2618
-92.323,148,0.2618
-92.29,148,0.2618
-92.257,148,0.2618
-92.224,148,0.2618
-92.191,148,0.2618
-92.158,148,0.2618
-92.125,148,0.2618
-92.092,148,0.2618
-92.059,148,0.2618
-92.026,148,0.2618
-91.993,148,0.2618
-91.96,148,0.2618
-91.928,148,0.2618
-91.895,148,0.2618
-91.862,148,0.2618
-91.829,148,0.2618
-91.796,148,0.2618
-91.763,148,0.2618
-91.73,148,0.2618
-91.698,148,0.2618
-91.665,148,0.2618
-91.632,148,0.2618
-91.599,148,0.2618
-91.566,148,0.2618
-91.534,148,0.2618
-91.501,148,0.2618
-91.468,148,0.2618
-91.436,148,0.2618
-91.403,148,0.2618
-91.37,148,0.2618
-91.337,148,0.2618
-91.305,148,0.2618
-91.272,148,0.2618
-91.24,148,0.2618
-91.207,148,0.2618
-91.174,148,0.2618
-91.142,148,0.2618
-91.109,148,0.2618
-91.077,148,0.2618
-91.044,148,0.2618
-91.011,148,0.2618
-90.979,148,0.2618
-90.946,148,0.2618
-90.914,148,0.2618
-90.881,148,0.2618
-90.849,148,0.2618
-90.816,148,0.2618
-90.784,148,0.2618
-90.752,148,0.2618
-90.719,148,0.2618
-90.687,148,0.2618
-90.654,148,0.2618
-90.622,148,0.2618
-90.59,148,0.2618
-90.557,148,0.2618
-90.525,148,0.2618
-90.493,148,0.2618
-90.46,148,0.2618
-90.428,148,0.2618
-90.396,148,0.2618
-90.364,148,0.2618
-90.331,148,0.2618
-90.299,148,0.2618
-90.267,148,0.2618
-90.235,148,0.2618
-90.202,148,0.2618
-90.17,148,0.2618
-90.138,148,0.2618
-90.106,148,0.2618
-90.074,148,0.2618
-90.042,148,0.2618
-90.01,148,0.2618
-89.978,148,0.2618
-89.945,148,0.2618
-89.913,148,0.2618
-89.881,148,0.2618
-89.849,148,0.2618
-89.817,148,0.2618
-89.785,148,0.2618
-89.753,148,0.2618
-89.721,148,0.2618
-89.689,148,0.2618
-89.657,148,0.2618
-89.626,148,0.2618
-89.594,148,0.2618
-89.562,148,0.2618
-89.53,148,0.2618
-89.498,148,0.2618
-89.466,148,0.2618
-89.434,148,0.2618
-89.403,148,0.2618
-89.371,148,0.2618
-89.339,148,0.2618
-89.307,148,0.2618
-89.275,148,0.2618
-89.244,148,0.2618
-89.212,148,0.2618
-89.18,148,0.2618
-89.149,148,0.2618
-89.117,148,0.2618
-89.085,148,0.2618
-89.054,148,0.2618
-89.022,148,0.2618
-88.99,148,0.2618
-88.959,148,0.2618
-88.927,148,0.2618
-88.896,148,0.2618
-88.864,148,0.2618
-88.833,148,0.2618
-88.801,148,0.2618
-88.77,148,0.2618
-88.738,148,0.2618
-88.707,148,0.2618
-88.675,148,0.2618
-88.644,148,0.2618
-88.612,148,0.2618
-88.581,148,0.2618
-88.55,148,0.2618
-88.518,148,0.2618
-88.487,148,0.2618
-88.456,148,0.2618
-88.424,148,0.2618
-88.393,148,0.2618
-88.362,148,0.2618
-88.33,148,0.2618
-88.299,148,0.2618
-88.268,148,0.2618
-88.237,148,0.2618
-88.205,148,0.2618
-88.174,148,0.2618
-88.143,148,0.2618
-88.112,148,0.2618
-88.081,148,0.2618
-88.05,148,0.2618
-88.019,148,0.2618
-87.988,148,0.2618
-87.957,148,0.2618
-87.925,148,0.2618
-87.894,148,0.2618
-87.863,148,0.2618
-87.832,148,0.2618
-87.801,148,0.2618
-87.771,148,0.2618
-87.74,148,0.2618
-87.709,148,0.2618
-87.678,148,0.2618
-87.647,148,0.2618
-87.616,148,0.2618
-87.585,148,0.2618
-87.554,148,0.2618
-87.523,148,0.2618
-87.493,148,0.2618
-87.462,148,0.2618
-87.431,148,0.2618
-87.4,148,0.2618
-87.37,148,0.2618
-87.339,148,0.2618
-87.308,148,0.2618
-87.278,148,0.2618
-87.247,148,0.2618
-87.216,148,0.2618
-87.186,148,0.2618
-87.155,148,0.2618
-87.124,148,0.2618
-87.094,148,0.2618
-87.063,148,0.2618
-87.033,148,0.2618
-87.002,148,0.2618
-86.972,148,0.2618
-86.941,148,0.2618
-86.911,148,0.2618
-86.88,148,0.2618
-86.85,148,0.2618
-86.819,148,0.2618
-86.789,148,0.2618
-86.759,148,0.2618
-86.728,148,0.2618
-86.698,148,0.2618
-86.668,148,0.2618
-86.637,148,0.2618
-86.607,148,0.2618
-86.577,148,0.2618
-86.546,148,0.2618
-86.516,148,0.2618
-86.486,148,0.2618
-86.456,148,0.2618
-86.426,148,0.2618
-86.396,148,0.2618
-86.365,148,0.2618
-86.335,148,0.2618
-86.305,148,0.2618
-86.275,148,0.2618
-86.245,148,0.2618
-86.215,148,0.2618
-86.185,148,0.2618
-86.155,148,0.2618
-86.125,148,0.2618
-86.095,148,0.2618
-86.065,148,0.2618
-86.035,148,0.2618
-86.005,148,0.2618
-85.975,148,0.2618
-85.945,148,0.2618
-85.915,148,0.2618
-85.886,148,0.2618
-85.856,148,0.2618
-85.826,148,0.2618
-85.796,148,0.2618
-85.766,148,0.2618
-85.737,148,0.2618
-85.707,148,0.2618
-85.677,148,0.2618
-85.647,148,0.2618
-85.618,148,0.2618
-85.588,148,0.2618
-85.558,148,0.2618
-85.529,148,0.2618
-85.499,148,0.2618
-85.47,148,0.2618
-85.44,148,0.2618
-85.41,148,0.2618
-85.381,148,0.2618
-85.351,148,0.2618
-85.322,148,0.2618
-85.292,148,0.2618
-85.263,148,0.2618
-85.234,148,0.2618
-85.204,148,0.2618
-85.175,148,0.2618
-85.145,148,0.2618
-85.116,148,0.2618
-85.087,148,0.2618
-85.057,148,0.2618
-85.028,148,0.2618
-84.999,148,0.2618
-84.969,148,0.2618
-84.94,148,0.2618
-84.911,148,0.2618
-84.882,148,0.2618
-84.853,148,0.2618
-84.823,148,0.2618
-84.794,148,0.2618
-84.765,148,0.2618
-84.736,148,0.2618
-84.707,148,0.2618
-84.678,148,0.2618
-84.649,148,0.2618
-84.62,148,0.2618
-84.591,148,0.2618
-84.562,148,0.2618
-84.533,148,0.2618
-84.504,148,0.2618
-84.475,148,0.2618
-84.446,148,0.2618
-84.417,148,0.2618
-84.388,148,0.2618
-84.359,148,0.2618
-84.33,148,0.2618
-84.301,148,0.2618
-84.273,148,0.2618
-84.244,148,0.2618
-84.215,148,0.2618
-84.186,148,0.2618
-84.157,148,0.2618
-84.129,148,0.2618
-84.1,148,0.2618
-84.071,148,0.2618
-84.043,148,0.2618
-84.014,148,0.2618
-83.985,148,0.2618
-83.957,148,0.2618
-83.928,148,0.2618
-83.9,148,0.2618
-83.871,148,0.2618
-83.843,148,0.2618
-83.814,148,0.2618
-83.786,148,0.2618
-83.757,148,0.2618
-83.729,148,0.2618
-83.7,148,0.2618
-83.672,148,0.2618
-83.643,148,0.2618
-83.615,148,0.2618
-83.587,148,0.2618
-83.558,148,0.2618
-83.53,148,0.2618
-83.502,148,0.2618
-83.473,148,0.2618
-83.445,148,0.2618
-83.417,148,0.2618
-83.389,148,0.2618
-83.36,148,0.2618
-83.332,148,0.2618
-83.304,148,0.2618
-83.276,148,0.2618
-83.248,148,0.2618
-83.22,148,0.2618
-83.192,148,0.2618
-83.163,148,0.2618
-83.135,148,0.2618
-83.107,148,0.2618
-83.079,148,0.2618
-83.051,148,0.2618
-83.023,148,0.2618
-82.995,148,0.2618
-82.967,148,0.2618
-82.939,148,0.2618
-82.912,148,0.2618
-82.884,148,0.2618
-82.856,148,0.2618
-82.828,148,0.2618
-82.8,148,0.2618
-82.772,148,0.2618
-82.745,148,0.2618
-82.717,148,0.2618
-82.689,148,0.2618
-82.661,148,0.2618
-82.634,148,0.2618
-82.606,148,0.2618
-82.578,148,0.2618
-82.551,148,0.2618
-82.523,148,0.2618
-82.495,148,0.2618
-82.468,148,0.2618
-82.44,148,0.2618
-82.412,148,0.2618
-82.385,148,0.2618
-82.357,148,0.2618
-82.33,148,0.2618
-82.302,148,0.2618
-82.275,148,0.2618
-82.247,148,0.2618
-82.22,148,0.2618
-82.193,148,0.2618
-82.165,148,0.2618
-82.138,148,0.2618
-82.11,148,0.2618
-82.083,148,0.2618
-82.056,148,0.2618
-82.028,148,0.2618
-82.001,148,0.2618
-81.974,148,0.2618
-81.947,148,0.2618
-81.919,148,0.2618
-81.892,148,0.2618
-81.865,148,0.2618
-81.838,148,0.2618
-81.811,148,0.2618
-81.784,148,0.2618
-81.756,148,0.2618
-81.729,148,0.2618
-81.702,148,0.2618
-81.675,148,0.2618
-81.648,148,0.2618
-81.621,148,0.2618
-81.594,148,0.2618
-81.567,148,0.2618
-81.54,148,0.2618
-81.513,148,0.2618
-81.486,148,0.2618
-81.459,148,0.2618
-81.432,148,0.2618
-81.406,148,0.2618
-81.379,148,0.2618
-81.352,148,0.2618
-81.325,148,0.2618
-81.298,148,0.2618
-81.272,148,0.2618
-81.245,148,0.2618
-81.218,148,0.2618
-81.191,148,0.2618
-81.165,148,0.2618
-81.138,148,0.2618
-81.111,148,0.2618
-81.085,148,0.2618
-81.058,148,0.2618
-81.031,148,0.2618
-81.005,148,0.2618
-80.978,148,0.2618
-80.952,148,0.2618
-80.925,148,0.2618
-80.898,148,0.2618
-80.872,148,0.2618
-80.845,148,0.2618
-80.819,148,0.2618
-80.793,148,0.2618
-80.766,148,0.2618
-80.74,148,0.2618
-80.713,148,0.2618
-80.687,148,0.2618
-80.661,148,0.2618
-80.634,148,0.2618
-80.608,148,0.2618
-80.582,148,0.2618
-80.555,148,0.2618
-80.529,148,0.2618
-80.503,148,0.2618
-80.476,148,0.2618
-80.45,148,0.2618
-80.424,148,0.2618
-80.398,148,0.2618
-80.372,148,0.2618
-80.346,148,0.2618
-80.319,148,0.2618
-80.293,148,0.2618
-80.267,148,0.2618
-80.241,148,0.2618
-80.215,148,0.2618
-80.189,148,0.2618
-80.163,148,0.2618
-80.137,148,0.2618
-80.111,148,0.2618
-80.085,148,0.2618
-80.059,148,0.2618
-80.033,148,0.2618
-80.007,148,0.2618
-79.981,148,0.2618
-79.956,148,0.2618
-79.93,148,0.2618
-79.904,148,0.2618
-79.878,148,0.2618
-79.852,148,0.2618
-79.826,148,0.2618
-79.801,148,0.2618
-79.775,148,0.2618
-79.749,148,0.2618
-79.723,148,0.2618
-79.698,148,0.2618
-79.672,148,0.2618
-79.646,148,0.2618
-79.621,148,0.2618
-79.595,148,0.2618
-79.569,148,0.2618
-79.544,148,0.2618
-79.518,148,0.2618
-79.493,148,0.2618
-79.467,148,0.2618
-79.442,148,0.2618
-79.416,148,0.2618
-79.391,148,0.2618
-79.365,148,0.2618
-79.34,148,0.2618
-79.314,148,0.2618
-79.289,148,0.2618
-79.263,148,0.2618
-79.238,148,0.2618
-79.213,148,0.2618
-79.187,148,0.2618
-79.162,148,0.2618
-79.137,148,0.2618
-79.111,148,0.2618
-79.086,148,0.2618
-79.061,148,0.2618
-79.036,148,0.2618
-79.01,148,0.2618
-78.985,148,0.2618
-78.96,148,0.2618
-78.935,148,0.2618
-78.91,148,0.2618
-78.884,148,0.2618
-78.859,148,0.2618
-78.834,148,0.2618
-78.809,148,0.2618
-78.784,148,0.2618
-78.759,148,0.2618
-78.734,148,0.2618
-78.709,148,0.2618
-78.684,148,0.2618
-78.659,148,0.2618
-78.634,148,0.2618
-78.609,148,0.2618
-78.584,148,0.2618
-78.559,148,0.2618
-78.534,148,0.2618
-78.509,148,0.2618
-78.484,148,0.2618
-78.459,148,0.2618
-78.435,148,0.2618
-78.41,148,0.2618
-78.385,148,0.2618
-78.36,148,0.2618
-78.335,148,0.2618
-78.311,148,0.2618
-78.286,148,0.2618
-78.261,148,0.2618
-78.236,148,0.2618
-78.212,148,0.2618
-78.187,148,0.2618
-78.162,148,0.2618
-78.138,148,0.2618
-78.113,148,0.2618
-78.088,148,0.2618
-78.064,148,0.2618
-78.039,148,0.2618
-78.015,148,0.2618
-77.99,148,0.2618
-77.966,148,0.2618
-77.941,148,0.2618
-77.917,148,0.2618
-77.892,148,0.2618
-77.868,148,0.2618
-77.843,148,0.2618
-77.819,148,0.2618
-77.794,148,0.2618
-77.77,148,0.2618
-77.746,148,0.2618
-77.721,148,0.2618
-77.697,148,0.2618
-77.672,148,0.2618
-77.648,148,0.2618
-77.624,148,0.2618
-77.6,148,0.2618
-77.575,148,0.2618
-77.551,148,0.2618
-77.527,148,0.2618
-77.503,148,0.2618
-77.478,148,0.2618
-77.454,148,0.2618
-77.43,148,0.2618
-77.406,148,0.2618
-77.382,148,0.2618
-77.358,148,0.2618
-77.333,148,0.2618
-77.309,148,0.2618
-77.285,148,0.2618
-77.261,148,0.2618
-77.237,148,0.2618
-77.213,148,0.2618
-77.189,148,0.2618
-77.165,148,0.2618
-77.141,148,0.2618
-77.117,148,0.2618
-77.093,148,0.2618
-77.069,148,0.2618
-77.045,148,0.2618
-77.021,148,0.2618
-76.997,148,0.2618
-76.974,148,0.2618
-76.95,148,0.2618
-76.926,148,0.2618
-76.902,148,0.2618
-76.878,148,0.2618
-76.854,148,0.2618
-76.831,148,0.2618
-76.807,148,0.2618
-76.783,148,0.2618
-76.759,148,0.2618
-76.736,148,0.2618
-76.712,148,0.2618
-76.688,148,0.2618
-76.664,148,0.2618
-76.641,148,0.2618
-76.617,148,0.2618
-76.593,148,0.2618
-76.57,148,0.2618
-76.546,148,0.2618
-76.523,148,0.2618
-76.499,148,0.2618
-76.476,148,0.2618
-76.452,148,0.2618
-76.428,148,0.2618
-76.405,148,0.2618
-76.381,148,0.2618
-76.358,148,0.2618
-76.334,148,0.2618
-76.311,148,0.2618
-76.288,148,0.2618
-76.264,148,0.2618
-76.241,148,0.2618
-76.217,148,0.2618
-76.194,148,0.2618
-76.171,148,0.2618
-76.147,148,0.2618
-76.124,148,0.2618
-76.101,148,0.2618
-76.077,148,0.2618
-76.054,148,0.26179
-76.071,148,0.26178
-76.048,148,0.26178
-76.025,148,0.26178
-76.002,148,0.26178
-75.979,148,0.26178
-75.956,148,0.26178
-75.934,148,0.26178
-75.911,148,0.26178
-75.888,148,0.26178
-75.865,148,0.26178
-75.842,148,0.26178
-75.82,148,0.26178
-75.797,148,0.26178
-75.774,148,0.26178
-75.752,148,0.26178
-75.729,148,0.26178
-75.706,148,0.26178
-75.684,148,0.26178
-75.661,148,0.26178
-75.639,148,0.26178
-75.616,148,0.26178
-75.594,148,0.26178
-75.571,148,0.26178
-75.549,148,0.26178
-75.526,148,0.26178
-75.504,148,0.26178
-75.481,148,0.26178
-75.459,148,0.26178
-75.436,148,0.26178
-75.414,148,0.26178
-75.391,148,0.26178
-75.369,148,0.26178
-75.347,148,0.26178
-75.324,148,0.26178
-75.302,148,0.26178
-75.28,148,0.26178
-75.258,148,0.26178
-75.235,148,0.26178
-75.213,148,0.26178
-75.191,148,0.26178
-75.169,148,0.26178
-75.147,148,0.26178
-75.124,148,0.26178
-75.102,148,0.26178
-75.08,148,0.26178
-75.058,148,0.26178
-75.036,148,0.26178
-75.014,148,0.26178
-74.992,148,0.26178
-74.97,148,0.26178
-74.948,148,0.26178
-74.926,148,0.26178
-74.904,148,0.26178
-74.882,148,0.26177
-74.86,148,0.26177
-74.838,148,0.26177
-74.816,148,0.26177
-74.794,148,0.26177
-74.772,148,0.26177
-74.751,148,0.26177
-74.729,148,0.26177
-74.707,148,0.26177
-74.685,148,0.26177
-74.663,148,0.26177
-74.642,148,0.26177
-74.62,148,0.26177
-74.598,148,0.26177
-74.576,148,0.26177
-74.555,148,0.26177
-74.533,148,0.26177
-74.512,148,0.26177
-74.49,148,0.26177
-74.468,148,0.26177
-74.447,148,0.26177
-74.425,148,0.26177
-74.404,148,0.26177
-74.382,148,0.26177
-74.361,148,0.26177
-74.339,148,0.26177
-74.318,148,0.26177
-74.296,148,0.26177
-74.275,148,0.26177
-74.253,148,0.26177
-74.232,148,0.26177
-74.211,148,0.26177
-74.189,148,0.26177
-74.168,148,0.26177
-74.147,148,0.26177
-74.126,148,0.26176
-74.104,148,0.26176
-74.083,148,0.26176
-74.062,148,0.26176
-74.041,148,0.26176
-74.019,148,0.26176
-73.998,148,0.26176
-73.977,148,0.26176
-73.956,148,0.26176
-73.935,148,0.26176
-73.914,148,0.26176
-73.893,148,0.26176
-73.872,148,0.26176
-73.851,148,0.26176
-73.83,148,0.26176
-73.809,148,0.26176
-73.788,148,0.26176
-73.767,148,0.26176
-73.746,148,0.26176
-73.725,148,0.26176
-73.704,148,0.26176
-73.684,148,0.26176
-73.663,148,0.26176
-73.642,148,0.26176
-73.621,148,0.26176
-73.6,148,0.26175
-73.58,148,0.26175
-73.559,148,0.26175
-73.538,148,0.26175
-73.518,148,0.26175
-73.497,148,0.26175
-73.476,148,0.26175
-73.456,148,0.26175
-73.435,148,0.26175
-73.415,148,0.26175
-73.394,148,0.26175
-73.374,148,0.26175
-73.353,148,0.26175
-73.333,148,0.26175
-73.312,148,0.26175
-73.292,148,0.26175
-73.271,148,0.26175
-73.251,148,0.26175
-73.231,148,0.26175
-73.21,148,0.26175
-73.19,148,0.26174
-73.17,148,0.26174
-73.15,148,0.26174
-73.129,148,0.26174
-73.109,148,0.26174
-73.089,148,0.26174
-73.069,148,0.26174
-73.049,148,0.26174
-73.029,148,0.26174
-73.009,148,0.26174
-72.989,148,0.26174
-72.968,148,0.26174
-72.948,148,0.26174
-72.929,148,0.26174
-72.909,148,0.26174
-72.889,148,0.26174
-72.869,148,0.26174
-72.849,148,0.26173
-72.829,148,0.26173
-72.809,148,0.26173
-72.789,148,0.26173
-72.77,148,0.26173
-72.75,148,0.26173
-72.73,148,0.26173
-72.71,148,0.26173
-72.691,148,0.26173
-72.671,148,0.26173
-72.652,148,0.26173
-72.632,148,0.26173
-72.612,148,0.26173
-72.593,148,0.26173
-72.573,148,0.26173
-72.554,148,0.26172
-72.534,148,0.26172
-72.515,148,0.26172
-72.496,148,0.26172
-72.476,148,0.26172
-72.457,148,0.26172
-72.438,148,0.26172
-72.418,148,0.26172
-72.399,148,0.26172
-72.38,148,0.26172
-72.361,148,0.26172
-72.341,148,0.26172
-72.322,148,0.26171
-72.303,148,0.26171
-72.284,148,0.26171
-72.265,148,0.26171
-72.246,148,0.26171
-72.227,148,0.26171
-72.208,148,0.26171
-72.189,148,0.26171
-72.17,148,0.26171
-72.151,148,0.26171
-72.133,148,0.26171
-72.114,148,0.26171
-72.095,148,0.2617
-72.076,148,0.2617
-72.058,148,0.2617
-72.039,148,0.2617
-72.02,148,0.2617
-72.002,148,0.2617
-71.983,148,0.2617
-71.965,148,0.2617
-71.946,148,0.2617
-71.928,148,0.2617
-71.909,148,0.26169
-71.891,148,0.26169
-71.872,148,0.26169
-71.854,148,0.26169
-71.836,148,0.26169
-71.817,148,0.26169
-71.799,148,0.26169
-71.781,148,0.26169
-71.763,148,0.26169
-71.745,148,0.26168
-71.727,148,0.26168
-71.709,148,0.26168
-71.691,148,0.26168
-71.673,148,0.26168
-71.655,148,0.26168
-71.637,148,0.26168
-71.619,148,0.26168
-71.601,148,0.26167
-71.583,148,0.26167
-71.565,148,0.26167
-71.548,148,0.26167
-71.53,148,0.26167
-71.512,148,0.26167
-71.495,148,0.26167
-71.477,148,0.26167
-71.46,148,0.26166
-71.442,148,0.26166
-71.425,148,0.26166
-71.407,148,0.26166
-71.39,148,0.26166
-71.373,148,0.26166
-71.355,148,0.26166
-71.338,148,0.26165
-71.321,148,0.26165
-71.304,148,0.26165
-71.287,148,0.26165
-71.269,148,0.26165
-71.252,148,0.26165
-71.235,148,0.26165
-71.218,148,0.26164
-71.202,148,0.26164
-71.185,148,0.26164
-71.168,148,0.26164
-71.151,148,0.26164
-71.134,148,0.26164
-71.118,148,0.26163
-71.101,148,0.26163
-71.084,148,0.26163
-71.068,148,0.26163
-71.051,148,0.26163
-71.035,148,0.26163
-71.019,148,0.26162
-71.002,148,0.26162
-70.986,148,0.26162
-70.97,148,0.26162
-70.953,148,0.26162
-70.937,148,0.26161
-70.921,148,0.26161
-70.905,148,0.26161
-70.889,148,0.26161
-70.873,148,0.26161
-70.857,148,0.26161
-70.841,148,0.2616
-70.826,148,0.2616
-70.81,148,0.2616
-70.794,148,0.2616
-70.779,148,0.2616
-70.763,148,0.26159
-70.747,148,0.26159
-70.732,148,0.26159
-70.717,148,0.26159
-70.701,148,0.26159
-70.686,148,0.26158
-70.671,148,0.26158
-70.655,148,0.26158
-70.64,148,0.26158
-70.625,148,0.26157
-70.61,148,0.26157
-70.595,148,0.26157
-70.58,148,0.26157
-70.566,148,0.26157
-70.551,148,0.26156
-70.536,148,0.26156
-70.521,148,0.26156
-70.507,148,0.26156
-70.492,148,0.26155
-70.478,148,0.26155
-70.463,148,0.26155
-70.449,148,0.26155
-70.435,148,0.26154
-70.421,148,0.26154
-70.406,148,0.26154
-70.392,148,0.26154
-70.378,148,0.26153
-70.364,148,0.26153
-70.35,148,0.26153
-70.337,148,0.26152
-70.323,148,0.26152
-70.309,148,0.26152
-70.296,148,0.26152
-70.282,148,0.26151
-70.269,148,0.26151
-70.255,148,0.26151
-70.242,148,0.2615
-70.229,148,0.2615
-70.215,148,0.2615
-70.202,148,0.2615
-70.189,148,0.26149
-70.176,148,0.26149
-70.164,148,0.26149
-70.151,148,0.26148
-70.138,148,0.26148
-70.125,148,0.26148
-70.113,148,0.26147
-70.1,148,0.26147
-70.088,148,0.26147
-70.076,148,0.26146
-70.063,148,0.26146
-70.051,148,0.26146
-70.039,148,0.26145
-70.027,148,0.26145
-70.015,148,0.26145
-70.003,148,0.26144
-69.992,148,0.26144
-69.98,148,0.26144
-69.969,148,0.26143
-69.957,148,0.26143
-69.946,148,0.26142
-69.934,148,0.26142
-69.923,148,0.26142
-69.912,148,0.26141
-69.901,148,0.26141
-69.89,148,0.26141
-69.879,148,0.2614
-69.869,148,0.2614
-69.858,148,0.26139
-69.848,148,0.26139
-69.837,148,0.26139
-69.827,148,0.26138
-69.816,148,0.26138
-69.806,148,0.26137
-69.796,148,0.26137
-69.786,148,0.26136
-69.777,148,0.26136
-69.767,148,0.26136
-69.757,148,0.26135
-69.748,148,0.26135
-69.738,148,0.26134
-69.729,148,0.26134
-69.72,148,0.26133
-69.711,148,0.26133
-69.702,148,0.26132
-69.693,148,0.26132
-69.684,148,0.26131
-69.675,148,0.26131
-69.667,148,0.2613
-69.659,148,0.2613
-69.65,148,0.26129
-69.642,148,0.26129
-69.634,148,0.26128
-69.626,148,0.26128
-69.618,148,0.26127
-69.611,148,0.26127
-69.603,148,0.26126
-69.596,148,0.26126
-69.588,148,0.26125
-69.581,148,0.26125
-69.574,148,0.26124
-69.567,148,0.26123
-69.56,148,0.26123
-69.554,148,0.26122
-69.547,148,0.26122
-69.541,148,0.26121
-69.535,148,0.26121
-69.528,148,0.2612
-69.522,148,0.26119
-69.517,148,0.26119
-69.511,148,0.26118
-69.505,148,0.26118
-69.5,148,0.26117
-69.495,148,0.26116
-69.49,148,0.26116
-69.485,148,0.26115
-69.48,148,0.26114
-69.475,148,0.26114
-69.471,148,0.26113
-69.466,148,0.26112
-69.462,148,0.26112
-69.458,148,0.26111
-69.454,148,0.2611
-69.45,148,0.2611
-69.447,148,0.26109
-69.443,148,0.26108
-69.44,148,0.26107
-69.437,148,0.26107
-69.434,148,0.26106
-69.431,148,0.26105
-69.429,148,0.26105
-69.426,148,0.26104
-69.424,148,0.26103
-69.422,148,0.26102
-69.42,148,0.26101
-69.418,148,0.26101
-69.417,148,0.261
-69.415,148,0.26099
-69.414,148,0.26098
-69.413,148,0.26097
-69.413,148,0.26097
-69.412,148,0.26096
-69.412,148,0.26095
-69.411,148,0.26094
-69.411,148,0.26093
-69.411,148,0.26092
-69.412,148,0.26092
-69.412,148,0.26091
-69.413,148,0.2609
-69.414,148,0.26089
-69.415,148,0.26088
-69.417,148,0.26087
-69.418,148,0.26086
-69.42,148,0.26085
-69.422,148,0.26084
-69.424,148,0.26083
-69.427,148,0.26082
-69.43,148,0.26081
-69.433,148,0.2608
-69.436,148,0.26079
-69.439,148,0.26078
-69.443,148,0.26077
-69.446,148,0.26076
-69.451,148,0.26075
-69.455,148,0.26074
-69.459,148,0.26073
-69.464,148,0.26072
-69.469,148,0.26071
-69.474,148,0.2607
-69.48,148,0.26069
-69.486,148,0.26068
-69.492,148,0.26066
-69.498,148,0.26065
-69.505,148,0.26064
-69.511,148,0.26063
-69.518,148,0.26062
-69.526,148,0.26061
-69.533,148,0.26059
-69.541,148,0.26058
-69.549,148,0.26057
-69.558,148,0.26056
-69.566,148,0.26055
-69.575,148,0.26053
-69.585,148,0.26052
-69.594,148,0.26051
-69.604,148,0.26049
-69.614,148,0.26048
-69.625,148,0.26047
-69.635,148,0.26046
-69.646,148,0.26044
-69.658,148,0.26043
-69.669,148,0.26041
-69.681,148,0.2604
-69.693,148,0.26039
-69.706,148,0.26037
-69.719,148,0.26036
-69.732,148,0.26034
-69.746,148,0.26033
-69.76,148,0.26031
-69.774,148,0.2603
-69.788,148,0.26028
-69.803,148,0.26027
-69.819,148,0.26025
-69.834,148,0.26024
-69.85,148,0.26022
-69.866,148,0.26021
-69.883,148,0.26019
-69.9,148,0.26018
-69.918,148,0.26016
-69.935,148,0.26014
-69.953,148,0.26013
-69.972,148,0.26011
-69.991,148,0.26009
-70.01,148,0.26008
-70.03,148,0.26006
-70.05,148,0.26004
-70.07,148,0.26002
-70.091,148,0.26001
-70.112,148,0.25999
-70.134,148,0.25997
-70.156,148,0.25995
-70.179,148,0.25993
-70.201,148,0.25991
-70.225,148,0.2599
-70.249,148,0.25988
-70.273,148,0.25986
-70.297,148,0.25984
-70.323,148,0.25982
-70.348,148,0.2598
-70.374,148,0.25978
-70.4,148,0.25976
-70.427,148,0.25974
-70.455,148,0.25972
-70.483,148,0.2597
-70.511,148,0.25968
-70.54,148,0.25965
-70.569,148,0.25963
-70.599,148,0.25961
-70.629,148,0.25959
-70.66,148,0.25957
-70.691,148,0.25955
-70.723,148,0.25952
-70.755,148,0.2595
-70.788,148,0.25948
-70.821,148,0.25945
-70.855,148,0.25943
-70.89,148,0.25941
-70.925,148,0.25938
-70.96,148,0.25936
-70.996,148,0.25933
-71.033,148,0.25931
-71.07,148,0.25929
-71.108,148,0.25926
-71.146,148,0.25924
-71.185,148,0.25921
-71.225,148,0.25918
-71.265,148,0.25916
-71.306,148,0.25913
-71.347,148,0.2591
-71.389,148,0.25908
-71.431,148,0.25905
-71.475,148,0.25902
-71.519,148,0.259
-71.563,148,0.25897
-71.608,148,0.25894
-71.654,148,0.25891
-71.7,148,0.25888
-71.748,148,0.25885
-71.795,148,0.25882
-71.844,148,0.25879
-71.893,148,0.25876
-71.943,148,0.25873
-71.993,148,0.2587
-72.045,148,0.25867
-72.097,148,0.25864
-72.15,148,0.25861
-72.203,148,0.25858
-72.257,148,0.25855
-72.312,148,0.25851
-72.368,148,0.25848
-72.424,148,0.25845
-72.482,148,0.25842
-72.54,148,0.25838
-72.599,148,0.25835
-72.658,148,0.25831
-72.719,148,0.25828
-72.78,148,0.25824
-72.842,148,0.25821
-72.905,148,0.25817
-72.969,148,0.25814
-73.034,148,0.2581
-73.099,148,0.25806
-73.166,148,0.25803
-73.233,148,0.25799
-73.301,148,0.25795
-73.37,148,0.25791
-73.44,148,0.25787
-73.511,148,0.25784
-73.583,148,0.2578
-73.655,148,0.25776
-73.729,148,0.25772
-73.804,148,0.25768
-73.88,148,0.25764
-73.956,148,0.25759
-74.034,148,0.25755
-74.112,148,0.25751
-74.192,148,0.25747
-74.273,148,0.25742
-74.354,148,0.25738
-74.437,148,0.25734
-74.521,148,0.25729
-74.606,148,0.25725
-74.692,148,0.2572
-74.779,148,0.25716
-74.867,148,0.25711
-74.956,148,0.25707
-75.047,148,0.25702
-75.138,148,0.25697
-75.231,148,0.25692
-75.325,148,0.25688
-75.42,148,0.25683
-75.516,148,0.25678
-75.614,148,0.25673
-75.712,148,0.25668
-75.812,148,0.25663
-75.913,148,0.25658
-76.016,148,0.25652
-76.119,148,0.25647
-76.224,148,0.25642
-76.331,148,0.25637
-76.438,148,0.25631
-76.547,148,0.25626
-76.658,148,0.2562
-76.769,148,0.25615
-76.882,148,0.25609
-76.997,148,0.25604
-77.113,148,0.25598
-77.23,148,0.25592
-77.348,148,0.25586
-77.469,148,0.25581
-77.59,148,0.25575
-77.713,148,0.25569
-77.838,148,0.25563
-77.964,148,0.25557
-78.092,148,0.2555
-78.221,148,0.25544
-78.352,148,0.25538
-78.484,148,0.25532
-78.618,148,0.25525
-78.754,148,0.25519
-78.891,148,0.25512
-79.03,148,0.25506
-79.171,148,0.25499
-79.313,148,0.25493
-79.457,148,0.25486
-79.603,148,0.25479
-79.751,148,0.25472
-79.9,148,0.25465
-80.051,148,0.25458
-80.204,148,0.25451
-80.359,148,0.25444
-80.516,148,0.25437
-80.674,148,0.25429
-80.835,148,0.25422
-80.997,148,0.25415
-81.162,148,0.25407
-81.328,148,0.25399
-81.496,148,0.25392
-81.667,148,0.25384
-81.839,148,0.25376
-82.014,148,0.25368
-82.19,148,0.2536
-82.369,148,0.25352
-82.55,148,0.25344
-82.733,148,0.25336
-82.918,148,0.25328
-83.105,148,0.2532
-83.295,148,0.25311
-83.487,148,0.25303
-83.681,148,0.25294
-83.878,148,0.25286
-84.077,148,0.25277
-84.278,148,0.25268
-84.482,148,0.25259
-84.688,148,0.2525
-84.896,148,0.25241
-85.107,148,0.25232
-85.321,148,0.25223
-85.537,148,0.25213
-85.756,148,0.25204
-85.977,148,0.25194
-86.201,148,0.25185
-86.428,148,0.25175
-86.657,148,0.25165
-86.889,148,0.25155
-87.124,148,0.25146
-87.361,148,0.25135
-87.602,148,0.25125
-87.845,148,0.25115
-88.091,148,0.25105
-88.341,148,0.25094
-88.593,148,0.25084
-88.848,148,0.25073
-89.106,148,0.25062
-89.367,148,0.25052
-89.632,148,0.25041
-89.899,148,0.2503
-90.17,148,0.25019
-90.444,148,0.25007
-90.721,148,0.24996
-91.001,148,0.24984
-91.285,148,0.24973
-91.573,148,0.24961
-91.863,148,0.2495
-92.157,148,0.24938
-92.455,148,0.24926
-92.756,148,0.24914
-93.061,148,0.24901
-93.369,148,0.24889
-93.682,148,0.24877
-93.997,148,0.24864
-94.317,148,0.24851
-94.641,148,0.24839
-94.968,148,0.24826
-95.299,148,0.24813
-95.634,148,0.248
-95.974,148,0.24786
-96.317,148,0.24773
-96.664,148,0.24759
-97.016,148,0.24746
-97.371,148,0.24732
-97.731,148,0.24718
-98.096,148,0.24704
-98.464,148,0.2469
-98.838,148,0.24676
-99.215,148,0.24661
-99.597,148,0.24647
-99.984,148,0.24632
-100.38,148,0.24617
-100.77,148,0.24603
-101.17,148,0.24587
-101.58,148,0.24572
-101.99,148,0.24557
-102.4,148,0.24541
-102.82,148,0.24526
-103.25,148,0.2451
-103.68,148,0.24494
-104.12,148,0.24478
-104.56,148,0.24462
-105,148,0.24446
-105.46,148,0.24429
-105.91,148,0.24413
-106.38,148,0.24396
-106.84,148,0.24379
-107.32,148,0.24362
-107.8,148,0.24345
-108.28,148,0.24327
-108.78,148,0.2431
-109.27,148,0.24292
-109.78,148,0.24274
-110.29,148,0.24256
-110.8,148,0.24238
-111.32,148,0.2422
-111.85,148,0.24202
-112.39,148,0.24183
-112.93,148,0.24164
-113.48,148,0.24145
-114.03,148,0.24126
-114.59,148,0.24107
-115.16,148,0.24087
-115.73,148,0.24068
-116.32,148,0.24048
-116.91,148,0.24028
-117.5,148,0.24008
-118.11,148,0.23988
-118.72,148,0.23967
-119.33,148,0.23946
-119.96,148,0.23926
-120.59,148,0.23905
-121.24,148,0.23883
-121.88,148,0.23862
-122.54,148,0.2384
-123.21,148,0.23819
-123.88,148,0.23797
-124.56,148,0.23775
-125.25,148,0.23752
-125.95,148,0.2373
-126.66,148,0.23707
-127.37,148,0.23684
-128.1,148,0.23661
-128.83,148,0.23638
-129.57,148,0.23615
-130.33,148,0.23591
-131.09,148,0.23567
-131.86,148,0.23543
-132.64,148,0.23519
-133.43,148,0.23494
-134.23,148,0.2347
-135.03,148,0.23445
-135.85,148,0.2342
-136.68,148,0.23394
-137.52,148,0.23369
-138.37,148,0.23343
-139.23,148,0.23317
-140.1,148,0.23291
-140.99,148,0.23265
-141.88,148,0.23238
-142.78,148,0.23211
-143.7,148,0.23184
-144.62,148,0.23157
-145.56,148,0.2313
-146.51,148,0.23102
-147.47,148,0.23074
-148.45,148,0.23046
-149.43,148,0.23018
-150.43,148,0.22989
-151.44,148,0.22961
-152.46,148,0.22932
-153.5,148,0.22902
-154.55,148,0.22873
-155.61,148,0.22843
-156.68,148,0.22813
-157.77,148,0.22783
-158.87,148,0.22753
-159.99,148,0.22722
-161.12,148,0.22691
-162.26,148,0.2266
-163.42,148,0.22628
-164.59,148,0.22597
-165.78,148,0.22565
-166.98,148,0.22533
-168.2,148,0.22501
-169.43,148,0.22468
-170.68,148,0.22435
-171.94,148,0.22402
-173.22,148,0.22369
-174.52,148,0.22335
-175.83,148,0.22301
-177.16,148,0.22267
-178.5,148,0.22233
-179.86,148,0.22198
-181.24,148,0.22163
-182.64,148,0.22128
-184.05,148,0.22092
-185.48,148,0.22057
-186.93,148,0.22021
-188.4,148,0.21985
-189.89,148,0.21948
-191.39,148,0.21911
-192.91,148,0.21874
-194.46,148,0.21837
-196.02,148,0.21799
-197.6,148,0.21762
-199.2,148,0.21724
-200.82,148,0.21685
-202.47,148,0.21647
-204.13,148,0.21608
-205.81,148,0.21568
-207.52,148,0.21529
-209.25,148,0.21489
-210.99,148,0.21449
-212.76,148,0.21409
-214.56,148,0.21368
-216.37,148,0.21327
-218.21,148,0.21286
-220.07,148,0.21245
-221.96,148,0.21203
-223.86,148,0.21161
-225.8,148,0.21119
-227.75,148,0.21076
-229.73,148,0.21033
-231.74,148,0.2099
-233.77,148,0.20946
-235.83,148,0.20903
-237.91,148,0.20859
-240.02,148,0.20814
-242.16,148,0.2077
-244.32,148,0.20725
-246.51,148,0.20679
-248.72,148,0.20634
-250.97,148,0.20588
-253.24,148,0.20542
-255.54,148,0.20496
-257.87,148,0.20449
-260.23,148,0.20402
-262.62,148,0.20355
-265.04,148,0.20307
-267.49,148,0.20259
-269.97,148,0.20211
-272.48,148,0.20162
-275.02,148,0.20114
-277.6,148,0.20064
-280.2,148,0.20015
-282.84,148,0.19965
-285.51,148,0.19915
-288.22,148,0.19865
-290.96,148,0.19814
-293.73,148,0.19764
-296.54,148,0.19712
-299.38,148,0.19661
-302.26,148,0.19609
-305.17,148,0.19557
-308.12,148,0.19504
-311.11,148,0.19452
-314.13,148,0.19399
-317.19,148,0.19345
-320.29,148,0.19292
-323.43,148,0.19238
-326.6,148,0.19184
-329.82,148,0.19129
-333.07,148,0.19074
-336.37,148,0.19019
-339.7,148,0.18964
-343.08,148,0.18908
-346.5,148,0.18852
-349.96,148,0.18796
-353.46,148,0.18739
-357.01,148,0.18682
-360.59,148,0.18625
-364.23,148,0.18567
-367.9,148,0.18509
-371.63,148,0.18451
-375.39,148,0.18393
-379.21,148,0.18334
-383.07,148,0.18275
-386.97,148,0.18216
-390.93,148,0.18156
-394.93,148,0.18096
-398.98,148,0.18036
-403.08,148,0.17976
-407.23,148,0.17915
-411.43,148,0.17854
-415.68,148,0.17793
-419.98,148,0.17731
-424.33,148,0.17669
-428.74,148,0.17607
-433.2,148,0.17544
-437.71,148,0.17482
-442.27,148,0.17419
-446.89,148,0.17355
-451.57,148,0.17292
-456.3,148,0.17228
-461.08,148,0.17164
-465.93,148,0.17099
-470.83,148,0.17034
-475.79,148,0.16969
-480.8,148,0.16904
-485.88,148,0.16839
-491.02,148,0.16773
-496.21,148,0.16707
-501.47,148,0.16641
-506.79,148,0.16574
-512.17,148,0.16507
-517.61,148,0.1644
-523.12,148,0.16373
-528.69,148,0.16305
-534.32,148,0.16237
-540.02,148,0.16169
-545.79,148,0.16101
-551.62,148,0.16032
-557.52,148,0.15964
-563.48,148,0.15895
-569.52,148,0.15825
-575.62,148,0.15756
-581.79,148,0.15686
-588.04,148,0.15616
-594.35,148,0.15546
-600.73,148,0.15475
-607.19,148,0.15405
-613.72,148,0.15334
-620.32,148,0.15263
-627,148,0.15191
-633.75,148,0.1512
-640.58,148,0.15048
-647.48,148,0.14976
-654.46,148,0.14904
-661.51,148,0.14831
-668.65,148,0.14759
-675.86,148,0.14686
-683.15,148,0.14613
-690.52,148,0.1454
-697.97,148,0.14466
-705.5,148,0.14393
-713.12,148,0.14319
-720.81,148,0.14245
-728.59,148,0.14171
-736.45,148,0.14097
-744.4,148,0.14022
-752.43,148,0.13948
-760.55,148,0.13873
-768.75,148,0.13798
-777.04,148,0.13723
-785.41,148,0.13648
-793.87,148,0.13572
-802.43,148,0.13497
-811.07,148,0.13421
-819.8,148,0.13345
-828.62,148,0.13269
-837.53,148,0.13193
-846.53,148,0.13117
-855.63,148,0.13041
-864.81,148,0.12964
-874.09,148,0.12887
-883.47,148,0.12811
-892.94,148,0.12734
-902.5,148,0.12657
-912.16,148,0.1258
-921.91,148,0.12503
-931.76,148,0.12425
-941.71,148,0.12348
-951.75,148,0.1227
-961.9,148,0.12193
-972.14,148,0.12115
-982.48,148,0.12038
-992.92,148,0.1196
-1003.5,148,0.11882
-1014.1,148,0.11804
-1024.8,148,0.11726
-1035.7,148,0.11648
-1046.6,148,0.1157
-1057.7,148,0.11492
-1068.8,148,0.11413
-1080.1,148,0.11335
-1091.4,148,0.11257
-1102.9,148,0.11178
-1114.4,148,0.111
-1126.1,148,0.11022
-1137.9,148,0.10943
-1149.7,148,0.10865
-1161.7,148,0.10786
-1173.8,148,0.10708
-1186,148,0.10629
-1198.3,148,0.10551
-1210.7,148,0.10472
-1223.2,148,0.10393
-1235.8,148,0.10315
-1248.6,148,0.10236
-1261.4,148,0.10158
-1274.3,148,0.10079
-1287.4,148,0.10001
-1300.5,148,0.099224
-1313.8,148,0.09844
-1327.1,148,0.097656
-1340.6,148,0.096872
-1354.2,148,0.096089
-1367.9,148,0.095306
-1381.7,148,0.094524
-1395.6,148,0.093742
-1409.6,148,0.092961
-1423.7,148,0.09218
-1437.9,148,0.0914
-1452.2,148,0.090621
-1466.7,148,0.089842
-1481.2,148,0.089064
-1495.8,148,0.088287
-1510.6,148,0.08751
-1525.4,148,0.086735
-1540.4,148,0.08596
-1555.5,148,0.085186
-1570.6,148,0.084414
-1585.9,148,0.083642
-1601.3,148,0.082871
-1616.8,148,0.082102
-1632.3,148,0.081333
-1648,148,0.080566
-1663.8,148,0.079799
-1679.7,148,0.079034
-1695.6,148,0.078271
-1711.7,148,0.077508
-1727.9,148,0.076747
-1744.1,148,0.075987
-1760.5,148,0.075229
-1777,148,0.074472
-1793.5,148,0.073716
-1810.2,148,0.072962
-1826.9,148,0.07221
-1843.7,148,0.071459
-1860.6,148,0.070709
-1877.7,148,0.069961
-1894.7,148,0.069215
-1911.9,148,0.068471
-1929.2,148,0.067728
-1946.5,148,0.066987
-1964,148,0.066248
-1981.5,148,0.065511
-1999.1,148,0.064775
-2016.7,148,0.064041
-2034.5,148,0.06331
-2052.3,148,0.06258
-2070.2,148,0.061852
-2088.1,148,0.061126
-2106.2,148,0.060402
-2124.3,148,0.05968
-2142.5,148,0.05896
-2160.7,148,0.058243
-2179,148,0.057527
-2197.3,148,0.056814
-2215.7,148,0.056103
-2234.2,148,0.055393
-2252.7,148,0.054687
-2271.3,148,0.053982
-2289.9,148,0.05328
-2308.6,148,0.05258
-2327.3,148,0.051882
-2346.1,148,0.051187
-2364.9,148,0.050494
-2383.8,148,0.049803
-2402.7,148,0.049115
-2421.6,148,0.048429
-2440.5,148,0.047746
-2459.5,148,0.047065
-2478.5,148,0.046387
-2497.5,148,0.045711
-2516.6,148,0.045038
-2535.7,148,0.044367
-2554.8,148,0.043699
-2573.9,148,0.043033
-2593,148,0.04237
-2612.1,148,0.04171
-2631.2,148,0.041052
-2650.3,148,0.040397
-2669.5,148,0.039745
-2688.6,148,0.039095
-2707.7,148,0.038448
-2726.8,148,0.037804
-2745.9,148,0.037162
-2765,148,0.036524
-2784.1,148,0.035888
-2803.1,148,0.035254
-2822.1,148,0.034624
-2841.1,148,0.033996
-2860.1,148,0.033372
-2879,148,0.03275
-2897.9,148,0.032131
-2916.8,148,0.031514
-2935.6,148,0.030901
-2954.4,148,0.03029
-2973.1,148,0.029683
-2991.8,148,0.029078
-3010.4,148,0.028476
-3028.9,148,0.027877
-3047.4,148,0.027281
-3065.8,148,0.026688
-3084.2,148,0.026098
-3102.5,148,0.025511
-3120.7,148,0.024927
-3138.8,148,0.024346
-3156.9,148,0.023767
-3174.8,148,0.023192
-3192.7,148,0.02262
-3210.5,148,0.02205
-3228.2,148,0.021484
-3245.8,148,0.020921
-3263.3,148,0.02036
-3280.7,148,0.019803
-3298,148,0.019248
-3315.2,148,0.018697
-3332.3,148,0.018149
-3349.3,148,0.017603
-3366.1,148,0.017061
-3382.8,148,0.016522
-3399.4,148,0.015986
-3415.9,148,0.015452
-3432.3,148,0.014922
-3448.5,148,0.014395
-3464.6,148,0.013871
-3480.5,148,0.013349
-3496.3,148,0.012831
-3512,148,0.012316
-3527.5,148,0.011804
-3542.8,148,0.011295
-3558,148,0.010789
-3573.1,148,0.010286
-3588,148,0.0097859
-3602.8,148,0.0092889
-3617.3,148,0.0087949
-3631.8,148,0.0083039
-3646,148,0.0078159
-3660.1,148,0.0073309
-3674,148,0.0068489
-3687.8,148,0.0063699
-3701.3,148,0.0058939
-3714.7,148,0.0054208
-3728,148,0.0049508
-3741,148,0.0044837
-3753.8,148,0.0040196
-3766.5,148,0.0035585
-3779,148,0.0031003
-3791.3,148,0.0026451
-3803.4,148,0.0021928
-3815.3,148,0.0017435
-3827,148,0.0012971
-3838.5,148,0.00085364
-3849.8,148,0.0004131
-3861,148,-2.4521e-05
-3871.9,148,-0.00045924
-3882.6,148,-0.00089105
-3893.1,148,-0.00132
-3903.4,148,-0.001746
-3913.5,148,-0.0021692
-3923.4,148,-0.0025895
-3933.1,148,-0.0030069
-3942.6,148,-0.0034215
-3951.9,148,-0.0038332
-3960.9,148,-0.0042421
-3969.8,148,-0.0046481
-3978.4,148,-0.0050514
-3986.8,148,-0.0054518
-3995,148,-0.0058495
-4003,148,-0.0062443
-4010.8,148,-0.0066364
-4018.3,148,-0.0070257
-4025.7,148,-0.0074123
-4032.8,148,-0.0077961
-4039.7,148,-0.0081771
-4046.3,148,-0.0085554
-4052.8,148,-0.008931
-4059,148,-0.0093039
-4065,148,-0.0096741
-4070.8,148,-0.010042
-4076.3,148,-0.010407
-4081.7,148,-0.010769
-4086.8,148,-0.011128
-4091.7,148,-0.011485
-4096.3,148,-0.011839
-4100.7,148,-0.012191
-4104.9,148,-0.01254
-4108.9,148,-0.012886
-4112.7,148,-0.01323
-4116.2,148,-0.013572
-4119.5,148,-0.01391
-4122.6,148,-0.014246
-4125.5,148,-0.01458
-4128.1,148,-0.014911
-4130.5,148,-0.01524
-4132.7,148,-0.015566
-4134.6,148,-0.015889
-4136.3,148,-0.016211
-4137.8,148,-0.016529
-4139.1,148,-0.016845
-4140.2,148,-0.017159
-4141,148,-0.017471
-4141.6,148,-0.01778
-4142,148,-0.018086
-4142.2,148,-0.01839
-4142.1,148,-0.018692
-4141.8,148,-0.018991
-4141.3,148,-0.019289
-4140.6,148,-0.019583
-4139.7,148,-0.019876
-4138.5,148,-0.020166
-4137.1,148,-0.020454
-4135.5,148,-0.020739
-4133.7,148,-0.021022
-4131.6,148,-0.021303
-4129.4,148,-0.021582
-4126.9,148,-0.021859
-4124.2,148,-0.022133
-4121.3,148,-0.022405
-4118.2,148,-0.022675
-4114.9,148,-0.022943
-4111.3,148,-0.023208
-4107.6,148,-0.023472
-4103.6,148,-0.023733
-4099.5,148,-0.023992
-4095.1,148,-0.024249
-4090.5,148,-0.024504
-4085.7,148,-0.024757
-4080.7,148,-0.025007
-4075.5,148,-0.025256
-4070.1,148,-0.025503
-4064.5,148,-0.025747
-4058.6,148,-0.02599
-4052.6,148,-0.02623
-4046.4,148,-0.026469
-4040,148,-0.026706
-4033.4,148,-0.02694
-4026.6,148,-0.027173
-4019.6,148,-0.027404
-4012.4,148,-0.027632
-4005,148,-0.027859
-3997.4,148,-0.028084
-3989.6,148,-0.028307
-3981.6,148,-0.028528
-3973.5,148,-0.028748
-3965.2,148,-0.028965
-3956.6,148,-0.029181
-3947.9,148,-0.029394
-3939,148,-0.029606
-3929.9,148,-0.029817
-3920.7,148,-0.030025
-3911.3,148,-0.030232
-3901.7,148,-0.030436
-3891.9,148,-0.030639
-3881.9,148,-0.030841
-3871.8,148,-0.03104
-3861.5,148,-0.031238
-3851,148,-0.031434
-3840.4,148,-0.031629
-3829.5,148,-0.031822
-3818.6,148,-0.032013
-3807.4,148,-0.032202
-3796.1,148,-0.03239
-3784.7,148,-0.032576
-3773.1,148,-0.032761
-3761.3,148,-0.032944
-3749.4,148,-0.033125
-3737.3,148,-0.033305
-3725.1,148,-0.033483
-3712.7,148,-0.03366
-3700.1,148,-0.033835
-3687.5,148,-0.034008
-3674.6,148,-0.03418
-3661.7,148,-0.034351
-3648.6,148,-0.03452
-3635.3,148,-0.034687
-3622,148,-0.034854
-3608.5,148,-0.035018
-3594.8,148,-0.035181
-3581.1,148,-0.035343
-3567.2,148,-0.035503
-3553.1,148,-0.035662
-3539,148,-0.035819
-3524.7,148,-0.035975
-3510.3,148,-0.03613
-3495.8,148,-0.036283
-3481.2,148,-0.036435
-3466.4,148,-0.036586
-3451.6,148,-0.036735
-3436.6,148,-0.036883
-3421.6,148,-0.037029
-3406.4,148,-0.037174
-3391.1,148,-0.037318
-3375.8,148,-0.037461
-3360.3,148,-0.037602
-3344.7,148,-0.037742
-3329.1,148,-0.037881
-3313.3,148,-0.038018
-3297.5,148,-0.038154
-3281.6,148,-0.038289
-3265.6,148,-0.038423
-3249.5,148,-0.038556
-3233.4,148,-0.038687
-3217.1,148,-0.038817
-3200.8,148,-0.038946
-3184.4,148,-0.039074
-3168,148,-0.039201
-3151.5,148,-0.039326
-3134.9,148,-0.039451
-3118.3,148,-0.039574
-3101.6,148,-0.039696
-3084.8,148,-0.039817
-3068,148,-0.039937
-3051.2,148,-0.040056
-3034.3,148,-0.040173
-3017.4,148,-0.04029
-3000.4,148,-0.040405
-2983.4,148,-0.04052
-2966.3,148,-0.040633
-2949.2,148,-0.040746
-2932.1,148,-0.040857
-2914.9,148,-0.040967
-2897.8,148,-0.041077
-2880.6,148,-0.041185
-2863.3,148,-0.041292
-2846.1,148,-0.041398
-2828.9,148,-0.041504
-2811.6,148,-0.041608
-2794.3,148,-0.041711
-2777,148,-0.041814
-2759.8,148,-0.041915
-2742.5,148,-0.042016
-2725.2,148,-0.042115
-2707.9,148,-0.042214
-2690.6,148,-0.042312
-2673.4,148,-0.042408
-2656.1,148,-0.042504
-2638.9,148,-0.042599
-2621.7,148,-0.042694
-2604.5,148,-0.042787
-2587.3,148,-0.042879
-2570.1,148,-0.042971
-2553,148,-0.043061
-2535.9,148,-0.043151
-2518.8,148,-0.04324
-2501.8,148,-0.043328
-2484.8,148,-0.043416
-2467.9,148,-0.043502
-2451,148,-0.043588
-2434.1,148,-0.043673
-2417.3,148,-0.043757
-2400.6,148,-0.04384
-2383.8,148,-0.043922
-2367.2,148,-0.044004
-2350.6,148,-0.044085
-2334.1,148,-0.044165
-2317.6,148,-0.044245
-2301.2,148,-0.044323
-2284.9,148,-0.044401
-2268.6,148,-0.044479
-2252.4,148,-0.044555
-2236.3,148,-0.044631
-2220.2,148,-0.044706
-2204.2,148,-0.04478
-2188.4,148,-0.044854
-2172.6,148,-0.044927
-2156.8,148,-0.044999
-2141.2,148,-0.04507
-2125.6,148,-0.045141
-2110.2,148,-0.045212
-2094.8,148,-0.045281
-2079.6,148,-0.04535
-2064.4,148,-0.045418
-2049.3,148,-0.045486
-2034.3,148,-0.045553
-2019.4,148,-0.045619
-2004.7,148,-0.045685
-1990,148,-0.04575
-1975.4,148,-0.045814
-1961,148,-0.045878
-1946.6,148,-0.045941
-1932.4,148,-0.046003
-1918.3,148,-0.046065
-1904.3,148,-0.046127
-1890.4,148,-0.046188
-1876.6,148,-0.046248
-1862.9,148,-0.046308
-1849.4,148,-0.046367
-1836,148,-0.046425
-1822.7,148,-0.046483
-1809.5,148,-0.04654
-1796.4,148,-0.046597
-1783.5,148,-0.046654
-1770.7,148,-0.046709
-1758,148,-0.046765
-1745.4,148,-0.046819
-1733,148,-0.046873
-1720.7,148,-0.046927
-1708.5,148,-0.04698
-1696.5,148,-0.047033
-1684.6,148,-0.047085
-1672.8,148,-0.047137
-1661.1,148,-0.047188
-1649.6,148,-0.047238
-1638.2,148,-0.047288
-1627,148,-0.047338
-1615.8,148,-0.047387
-1604.8,148,-0.047436
-1594,148,-0.047484
-1583.2,148,-0.047532
-1572.7,148,-0.047579
-1562.2,148,-0.047626
-1551.9,148,-0.047673
-1541.7,148,-0.047718
-1531.6,148,-0.047764
-1521.7,148,-0.047809
-1511.9,148,-0.047854
-1502.2,148,-0.047898
-1492.7,148,-0.047942
-1483.3,148,-0.047985
-1474,148,-0.048028
-1464.8,148,-0.04807
-1455.8,148,-0.048113
-1446.9,148,-0.048154
-1438.2,148,-0.048196
-1429.6,148,-0.048236
-1421.1,148,-0.048277
-1412.7,148,-0.048317
-1404.5,148,-0.048357
-1396.3,148,-0.048396
-1388.4,148,-0.048435
-1380.5,148,-0.048474
-1372.7,148,-0.048512
-1365.1,148,-0.04855
-1357.6,148,-0.048587
-1350.2,148,-0.048624
-1343,148,-0.048661
-1335.8,148,-0.048697
-1328.8,148,-0.048733
-1321.9,148,-0.048769
-1315.1,148,-0.048804
-1308.4,148,-0.048839
-1301.8,148,-0.048874
-1295.4,148,-0.048908
-1289,148,-0.048942
-1282.8,148,-0.048976
-1276.6,148,-0.049009
-1270.6,148,-0.049042
-1264.6,148,-0.049075
-1258.8,148,-0.049107
-1253.1,148,-0.049139
-1247.5,148,-0.049171
-1241.9,148,-0.049202
-1236.5,148,-0.049233
-1231.1,148,-0.049264
-1225.9,148,-0.049295
-1220.7,148,-0.049325
-1215.7,148,-0.049355
-1210.7,148,-0.049384
-1205.8,148,-0.049414
-1200.9,148,-0.049443
-1196.2,148,-0.049472
-1191.6,148,-0.0495
-1187,148,-0.049528
-1182.5,148,-0.049556
-1178.1,148,-0.049584
-1173.7,148,-0.049611
-1169.4,148,-0.049638
-1165.2,148,-0.049665
-1161.1,148,-0.049692
-1157,148,-0.049718
-1153,148,-0.049744
-1149,148,-0.04977
-1145.1,148,-0.049796
-1141.3,148,-0.049821
-1137.5,148,-0.049846
-1133.7,148,-0.049871
-1130.1,148,-0.049895
-1126.4,148,-0.04992
-1122.8,148,-0.049944
-1119.3,148,-0.049968
-1115.8,148,-0.049991
-1112.4,148,-0.050015
-1109,148,-0.050038
-1105.6,148,-0.050061
-1102.2,148,-0.050083
-1098.9,148,-0.050106
-1095.7,148,-0.050128
-1092.4,148,-0.05015
-1089.2,148,-0.050172
-1086,148,-0.050194
-1082.9,148,-0.050215
-1079.7,148,-0.050236
-1076.6,148,-0.050257
-1073.5,148,-0.050278
-1070.4,148,-0.050299
-1067.4,148,-0.050319
-1064.3,148,-0.050339
-1061.3,148,-0.050359
-1058.3,148,-0.050379
-1055.3,148,-0.050399
-1052.2,148,-0.050418
-1049.2,148,-0.050437
-1046.2,148,-0.050456
-1043.2,148,-0.050475
-1040.3,148,-0.050494
-1037.3,148,-0.050512
-1034.3,148,-0.05053
-1031.3,148,-0.050548
-1028.2,148,-0.050566
-1025.2,148,-0.050584
-1022.2,148,-0.050602
-1019.2,148,-0.050619
-1016.1,148,-0.050636
-1013.1,148,-0.050653
-1010,148,-0.05067
-1006.9,148,-0.050687
-1003.8,148,-0.050704
-1000.7,148,-0.05072
-997.58,148,-0.050736
-994.43,148,-0.050752
-991.25,148,-0.050768
-988.06,148,-0.050784
-984.84,148,-0.0508
-981.6,148,-0.050815
-978.34,148,-0.05083
-975.05,148,-0.050845
-971.73,148,-0.05086
-968.39,148,-0.050875
-965.02,148,-0.05089
-961.62,148,-0.050905
-958.19,148,-0.050919
-954.73,148,-0.050933
-951.24,148,-0.050947
-947.72,148,-0.050961
-944.17,148,-0.050975
-940.58,148,-0.050989
-936.97,148,-0.051002
-933.32,148,-0.051016
-929.63,148,-0.051029
-925.91,148,-0.051042
-922.16,148,-0.051055
-918.37,148,-0.051068
-914.55,148,-0.051081
-910.69,148,-0.051094
-906.79,148,-0.051106
-902.86,148,-0.051119
-898.89,148,-0.051131
-894.89,148,-0.051143
-890.85,148,-0.051155
-886.77,148,-0.051167
-882.66,148,-0.051179
-878.51,148,-0.051191
-874.32,148,-0.051202
-870.1,148,-0.051214
-865.84,148,-0.051225
-861.55,148,-0.051237
-857.21,148,-0.051248
-852.85,148,-0.051259
-848.44,148,-0.05127
-844,148,-0.05128
-839.53,148,-0.051291
-835.02,148,-0.051302
-830.47,148,-0.051312
-825.89,148,-0.051323
-821.28,148,-0.051333
-816.63,148,-0.051343
-811.95,148,-0.051353
-807.23,148,-0.051363
-802.49,148,-0.051373
-797.71,148,-0.051383
-792.89,148,-0.051393
-788.05,148,-0.051402
-783.18,148,-0.051412
-778.27,148,-0.051421
-773.34,148,-0.05143
-768.37,148,-0.05144
-763.38,148,-0.051449
-758.36,148,-0.051458
-753.31,148,-0.051467
-748.23,148,-0.051476
-743.13,148,-0.051484
-738,148,-0.051493
-732.84,148,-0.051502
-727.66,148,-0.05151
-722.46,148,-0.051519
-717.23,148,-0.051527
-711.98,148,-0.051535
-706.71,148,-0.051543
-701.42,148,-0.051551
-696.1,148,-0.051559
-690.77,148,-0.051567
-685.41,148,-0.051575
-680.04,148,-0.051583
-674.65,148,-0.051591
-669.24,148,-0.051598
-663.82,148,-0.051606
-658.38,148,-0.051613
-652.92,148,-0.051621
-647.45,148,-0.051628
-641.97,148,-0.051635
-636.47,148,-0.051643
-630.96,148,-0.05165
-625.44,148,-0.051657
-619.9,148,-0.051664
-614.36,148,-0.051671
-608.81,148,-0.051678
-603.25,148,-0.051684
-597.68,148,-0.051691
-592.1,148,-0.051698
-586.52,148,-0.051704
-580.93,148,-0.051711
-575.33,148,-0.051717
-569.73,148,-0.051724
-564.12,148,-0.05173
-558.52,148,-0.051736
-552.9,148,-0.051742
-547.29,148,-0.051749
-541.68,148,-0.051755
-536.06,148,-0.051761
-530.45,148,-0.051767
-524.83,148,-0.051772
-519.22,148,-0.051778
-513.6,148,-0.051784
-507.99,148,-0.05179
-502.39,148,-0.051795
-496.78,148,-0.051801
-491.18,148,-0.051807
-485.59,148,-0.051812
-480,148,-0.051818
-474.42,148,-0.051823
-468.84,148,-0.051828
-463.27,148,-0.051834
-457.71,148,-0.051839
-452.15,148,-0.051844
-446.61,148,-0.051849
-441.07,148,-0.051854
-435.54,148,-0.051859
-430.02,148,-0.051864
-424.52,148,-0.051869
-419.02,148,-0.051874
-413.54,148,-0.051879
-408.07,148,-0.051884
-402.61,148,-0.051888
-397.16,148,-0.051893
-391.73,148,-0.051898
-386.31,148,-0.051902
-380.9,148,-0.051907
-375.51,148,-0.051911
-370.14,148,-0.051916
-364.78,148,-0.05192
-359.44,148,-0.051924
-354.11,148,-0.051929
-348.8,148,-0.051933
-343.5,148,-0.051937
-338.23,148,-0.051942
-332.97,148,-0.051946
-327.73,148,-0.05195
-322.51,148,-0.051954
-317.3,148,-0.051958
-312.12,148,-0.051962
-306.95,148,-0.051966
-301.81,148,-0.05197
-296.68,148,-0.051974
-291.58,148,-0.051977
-286.49,148,-0.051981
-281.43,148,-0.051985
-276.39,148,-0.051989
-271.37,148,-0.051992
-266.37,148,-0.051996
-261.39,148,-0.052
-256.43,148,-0.052003
-251.5,148,-0.052007
-246.59,148,-0.05201
-241.7,148,-0.052014
-236.83,148,-0.052017
-231.99,148,-0.052021
-227.17,148,-0.052024
-222.37,148,-0.052027
-217.6,148,-0.052031
-212.85,148,-0.052034
-208.13,148,-0.052037
-203.43,148,-0.05204
-198.75,148,-0.052044
-194.1,148,-0.052047
-189.47,148,-0.05205
-184.87,148,-0.052053
-180.29,148,-0.052056
-175.74,148,-0.052059
-171.21,148,-0.052062
-166.71,148,-0.052065
-162.23,148,-0.052068
-157.78,148,-0.052071
-153.35,148,-0.052074
-148.95,148,-0.052077
-144.57,148,-0.052079
-140.22,148,-0.052082
-135.9,148,-0.052085
-131.6,148,-0.052088
-127.32,148,-0.05209
-123.08,148,-0.052093
-118.86,148,-0.052096
-114.66,148,-0.052098
-110.49,148,-0.052101
-106.35,148,-0.052103
-102.23,148,-0.052106
-98.141,148,-0.052109
-94.076,148,-0.052111
-90.038,148,-0.052113
-86.026,148,-0.052116
-82.04,148,-0.052118
-78.081,148,-0.052121
-74.148,148,-0.052123
-70.241,148,-0.052126
-66.361,148,-0.052128
-62.506,148,-0.05213
-58.678,148,-0.052132
-54.877,148,-0.052135
-51.101,148,-0.052137
-47.352,148,-0.052139
-43.629,148,-0.052141
-39.933,148,-0.052144
-36.262,148,-0.052146
-32.618,148,-0.052148
-29,148,-0.05215
-25.408,148,-0.052152
-21.842,148,-0.052154
-18.302,148,-0.052156
-14.788,148,-0.052158
-11.3,148,-0.05216
-7.8381,148,-0.052162
-4.4019,148,-0.052164
-0.99166,148,-0.052166
2.3928,148,-0.052168
5.7516,148,-0.05217
9.0847,148,-0.052172
12.392,148,-0.052174
15.674,148,-0.052175
18.93,148,-0.052177
22.161,148,-0.052179
25.367,148,-0.052181
28.547,148,-0.052183
31.702,148,-0.052184
34.832,148,-0.052186
37.937,148,-0.052188
41.016,148,-0.05219
44.071,148,-0.052191
47.101,148,-0.052193
50.106,148,-0.052195
53.086,148,-0.052196
56.042,148,-0.052198
58.972,148,-0.0522
61.879,148,-0.052201
64.761,148,-0.052203
67.619,148,-0.052204
70.452,148,-0.052206
73.261,148,-0.052207
76.046,148,-0.052209
78.807,148,-0.05221
81.545,148,-0.052212
84.258,148,-0.052213
86.948,148,-0.052215
89.614,148,-0.052216
92.256,148,-0.052218
94.875,148,-0.052219
97.47,148,-0.05222
100.04,148,-0.052222
102.59,148,-0.052223
105.12,148,-0.052225
107.62,148,-0.052226
110.1,148,-0.052227
112.56,148,-0.052229
114.99,148,-0.05223
117.4,148,-0.052231
119.79,148,-0.052232
122.16,148,-0.052234
124.51,148,-0.052235
126.83,148,-0.052236
129.13,148,-0.052237
131.41,148,-0.052239
133.66,148,-0.05224
135.9,148,-0.052241
138.11,148,-0.052242
140.3,148,-0.052243
142.47,148,-0.052245
144.62,148,-0.052246
146.74,148,-0.052247
148.85,148,-0.052248
150.93,148,-0.052249
153,148,-0.05225
155.04,148,-0.052251
157.06,148,-0.052252
159.06,148,-0.052253
161.04,148,-0.052255
163,148,-0.052256
164.94,148,-0.052257
166.86,148,-0.052258
168.76,148,-0.052259
170.64,148,-0.05226
172.5,148,-0.052261
174.34,148,-0.052262
176.16,148,-0.052263
177.96,148,-0.052264
179.74,148,-0.052265
181.5,148,-0.052265
183.24,148,-0.052266
184.96,148,-0.052267
186.66,148,-0.052268
188.34,148,-0.052269
190.01,148,-0.05227
191.65,148,-0.052271
193.28,148,-0.052272
194.89,148,-0.052273
196.48,148,-0.052274
198.05,148,-0.052274
199.6,148,-0.052275
201.14,148,-0.052276
202.65,148,-0.052277
204.15,148,-0.052278
205.63,148,-0.052279
207.09,148,-0.052279
208.54,148,-0.05228
209.96,148,-0.052281
211.37,148,-0.052282
212.76,148,-0.052283
214.14,148,-0.052283
215.49,148,-0.052284
216.83,148,-0.052285
218.16,148,-0.052286
219.46,148,-0.052286
220.75,148,-0.052287
222.02,148,-0.052288
223.28,148,-0.052289
224.52,148,-0.052289
225.74,148,-0.05229
226.95,148,-0.052291
228.14,148,-0.052291
229.31,148,-0.052292
230.47,148,-0.052293
231.61,148,-0.052293
232.73,148,-0.052294
233.84,148,-0.052295
234.93,148,-0.052295
236.01,148,-0.052296
237.08,148,-0.052297
238.12,148,-0.052297
239.15,148,-0.052298
240.17,148,-0.052298
241.17,148,-0.052299
242.16,148,-0.0523
243.13,148,-0.0523
244.08,148,-0.052301
245.03,148,-0.052301
245.95,148,-0.052302
246.86,148,-0.052303
247.76,148,-0.052303
248.64,148,-0.052304
249.51,148,-0.052304
250.37,148,-0.052305
251.21,148,-0.052305
252.03,148,-0.052306
252.84,148,-0.052306
253.64,148,-0.052307
254.43,148,-0.052308
255.2,148,-0.052308
255.95,148,-0.052309
256.7,148,-0.052309
257.43,148,-0.05231
258.14,148,-0.05231
258.85,148,-0.052311
259.54,148,-0.052311
260.21,148,-0.052312
260.88,148,-0.052312
261.53,148,-0.052313
262.16,148,-0.052313
262.79,148,-0.052313
263.4,148,-0.052314
264,148,-0.052314
264.59,148,-0.052315
265.16,148,-0.052315
265.72,148,-0.052316
266.27,148,-0.052316
266.81,148,-0.052317
267.33,148,-0.052317
267.85,148,-0.052317
268.35,148,-0.052318
268.84,148,-0.052318
269.31,148,-0.052319
269.78,148,-0.052319
270.23,148,-0.05232
270.67,148,-0.05232
271.1,148,-0.05232
271.52,148,-0.052321
271.93,148,-0.052321
272.33,148,-0.052321
272.71,148,-0.052322
273.08,148,-0.052322
273.45,148,-0.052323
273.8,148,-0.052323
274.14,148,-0.052323
274.47,148,-0.052324
274.79,148,-0.052324
275.1,148,-0.052324
275.39,148,-0.052325
275.68,148,-0.052325
275.96,148,-0.052325
276.22,148,-0.052326
276.48,148,-0.052326
276.73,148,-0.052327
276.96,148,-0.052327
277.19,148,-0.052327
277.4,148,-0.052327
277.61,148,-0.052328
277.8,148,-0.052328
277.99,148,-0.052328
278.16,148,-0.052329
278.33,148,-0.052329
278.48,148,-0.052329
278.63,148,-0.05233
278.77,148,-0.05233
278.9,148,-0.05233
279.01,148,-0.052331
279.12,148,-0.052331
279.22,148,-0.052331
279.31,148,-0.052331
279.39,148,-0.052332
279.47,148,-0.052332
279.53,148,-0.052332
279.58,148,-0.052333
279.63,148,-0.052333
279.67,148,-0.052333
279.69,148,-0.052333
279.71,148,-0.052334
279.72,148,-0.052334
279.73,148,-0.052334
279.72,148,-0.052334
279.7,148,-0.052335
279.68,148,-0.052335
279.65,148,-0.052335
279.61,148,-0.052335
279.56,148,-0.052336
279.51,148,-0.052336
279.44,148,-0.052336
279.37,148,-0.052336
279.29,148,-0.052337
279.2,148,-0.052337
279.11,148,-0.052337
279.01,148,-0.052337
278.9,148,-0.052338
278.78,148,-0.052338
278.65,148,-0.052338
278.52,148,-0.052338
278.38,148,-0.052338
278.23,148,-0.052339
278.07,148,-0.052339
277.91,148,-0.052339
277.74,148,-0.052339
277.56,148,-0.052339
277.38,148,-0.05234
277.19,148,-0.05234
276.99,148,-0.05234
276.78,148,-0.05234
276.57,148,-0.05234
276.35,148,-0.052341
276.13,148,-0.052341
275.89,148,-0.052341
275.66,148,-0.052341
275.41,148,-0.052341
275.16,148,-0.052342
274.9,148,-0.052342
274.63,148,-0.052342
274.36,148,-0.052342
274.08,148,-0.052342
273.8,148,-0.052342
273.51,148,-0.052343
273.21,148,-0.052343
272.91,148,-0.052343
272.6,148,-0.052343
272.29,148,-0.052343
271.97,148,-0.052343
271.64,148,-0.052344
271.31,148,-0.052344
270.97,148,-0.052344
270.63,148,-0.052344
270.28,148,-0.052344
269.92,148,-0.052344
269.56,148,-0.052345
269.2,148,-0.052345
268.82,148,-0.052345
268.45,148,-0.052345
268.06,148,-0.052345
267.68,148,-0.052345
267.28,148,-0.052345
266.88,148,-0.052325
267.5,148,-0.052325
267.11,148,-0.052324
266.72,148,-0.052324
266.32,148,-0.052324
265.92,148,-0.052323
265.51,148,-0.052323
265.1,148,-0.052322
264.68,148,-0.052322
264.26,148,-0.052322
263.83,148,-0.052321
263.4,148,-0.052321
262.96,148,-0.052321
262.52,148,-0.05232
262.07,148,-0.05232
261.62,148,-0.052319
261.17,148,-0.052319
260.71,148,-0.052319
260.24,148,-0.052318
259.77,148,-0.052318
259.3,148,-0.052317
258.82,148,-0.052317
258.34,148,-0.052316
257.86,148,-0.052316
257.37,148,-0.052316
256.88,148,-0.052315
256.38,148,-0.052315
255.88,148,-0.052314
255.37,148,-0.052314
254.86,148,-0.052313
254.35,148,-0.052313
253.83,148,-0.052312
253.31,148,-0.052312
252.79,148,-0.052311
252.26,148,-0.052311
251.73,148,-0.05231
251.19,148,-0.05231
250.66,148,-0.052309
250.11,148,-0.052309
249.57,148,-0.052308
249.02,148,-0.052308
248.47,148,-0.052307
247.91,148,-0.052307
247.35,148,-0.052306
246.79,148,-0.052306
246.23,148,-0.052305
245.66,148,-0.052305
245.09,148,-0.052304
244.51,148,-0.052304
243.93,148,-0.052303
243.35,148,-0.052302
242.77,148,-0.052302
242.18,148,-0.052301
241.59,148,-0.052301
241,148,-0.0523
240.41,148,-0.052299
239.81,148,-0.052299
239.21,148,-0.052298
238.61,148,-0.052298
238,148,-0.052297
237.39,148,-0.052296
236.78,148,-0.052296
236.17,148,-0.052295
235.55,148,-0.052294
234.93,148,-0.052294
234.31,148,-0.052293
233.69,148,-0.052292
233.06,148,-0.052292
232.44,148,-0.052291
231.81,148,-0.05229
231.18,148,-0.05229
230.54,148,-0.052289
229.91,148,-0.052288
229.27,148,-0.052288
228.63,148,-0.052287
227.98,148,-0.052286
227.34,148,-0.052285
226.69,148,-0.052285
226.05,148,-0.052284
225.4,148,-0.052283
224.74,148,-0.052282
224.09,148,-0.052282
223.43,148,-0.052281
222.78,148,-0.05228
222.12,148,-0.052279
221.46,148,-0.052278
220.8,148,-0.052277
220.13,148,-0.052277
219.47,148,-0.052276
218.8,148,-0.052275
218.13,148,-0.052274
217.46,148,-0.052273
216.79,148,-0.052272
216.12,148,-0.052272
215.44,148,-0.052271
214.77,148,-0.05227
214.09,148,-0.052269
213.41,148,-0.052268
212.74,148,-0.052267
212.06,148,-0.052266
211.37,148,-0.052265
210.69,148,-0.052264
210.01,148,-0.052263
209.32,148,-0.052262
208.64,148,-0.052261
207.95,148,-0.05226
207.27,148,-0.052259
206.58,148,-0.052258
205.89,148,-0.052257
205.2,148,-0.052256
204.51,148,-0.052255
203.82,148,-0.052254
203.12,148,-0.052253
202.43,148,-0.052252
201.74,148,-0.052251
201.04,148,-0.05225
200.35,148,-0.052249
199.65,148,-0.052248
198.96,148,-0.052246
198.26,148,-0.052245
197.56,148,-0.052244
196.87,148,-0.052243
196.17,148,-0.052242
195.47,148,-0.052241
194.77,148,-0.052239
194.07,148,-0.052238
193.37,148,-0.052237
192.67,148,-0.052236
191.97,148,-0.052235
191.27,148,-0.052233
190.57,148,-0.052232
189.87,148,-0.052231
189.17,148,-0.052229
188.47,148,-0.052228
187.77,148,-0.052227
187.07,148,-0.052225
186.37,148,-0.052224
185.67,148,-0.052223
184.97,148,-0.052221
184.27,148,-0.05222
183.57,148,-0.052219
182.87,148,-0.052217
182.17,148,-0.052216
181.47,148,-0.052214
180.77,148,-0.052213
180.07,148,-0.052211
179.37,148,-0.05221
178.67,148,-0.052208
177.97,148,-0.052207
177.27,148,-0.052205
176.58,148,-0.052204
175.88,148,-0.052202
175.18,148,-0.052201
174.49,148,-0.052199
173.79,148,-0.052197
173.09,148,-0.052196
172.4,148,-0.052194
171.71,148,-0.052192
171.01,148,-0.052191
170.32,148,-0.052189
169.63,148,-0.052187
168.94,148,-0.052185
168.25,148,-0.052184
167.56,148,-0.052182
166.87,148,-0.05218
166.18,148,-0.052178
165.49,148,-0.052177
164.8,148,-0.052175
164.12,148,-0.052173
163.43,148,-0.052171
162.75,148,-0.052169
162.07,148,-0.052167
161.38,148,-0.052165
160.7,148,-0.052163
160.02,148,-0.052161
159.35,148,-0.052159
158.67,148,-0.052157
157.99,148,-0.052155
157.32,148,-0.052153
156.64,148,-0.052151
155.97,148,-0.052149
155.3,148,-0.052147
154.63,148,-0.052145
153.96,148,-0.052143
153.29,148,-0.05214
152.62,148,-0.052138
151.96,148,-0.052136
151.3,148,-0.052134
150.63,148,-0.052131
149.97,148,-0.052129
149.31,148,-0.052127
148.66,148,-0.052125
148,148,-0.052122
147.34,148,-0.05212
146.69,148,-0.052117
146.04,148,-0.052115
145.39,148,-0.052112
144.74,148,-0.05211
144.09,148,-0.052107
143.45,148,-0.052105
142.81,148,-0.052102
142.17,148,-0.0521
141.53,148,-0.052097
140.89,148,-0.052095
140.25,148,-0.052092
139.62,148,-0.052089
138.98,148,-0.052086
138.35,148,-0.052084
137.73,148,-0.052081
137.1,148,-0.052078
136.47,148,-0.052075
135.85,148,-0.052072
135.23,148,-0.05207
134.61,148,-0.052067
134,148,-0.052064
133.38,148,-0.052061
132.77,148,-0.052058
132.16,148,-0.052055
131.55,148,-0.052052
130.95,148,-0.052048
130.34,148,-0.052045
129.74,148,-0.052042
129.14,148,-0.052039
128.55,148,-0.052036
127.95,148,-0.052033
127.36,148,-0.052029
126.77,148,-0.052026
126.18,148,-0.052023
125.6,148,-0.052019
125.02,148,-0.052016
124.44,148,-0.052012
123.86,148,-0.052009
123.28,148,-0.052005
122.71,148,-0.052002
122.14,148,-0.051998
121.57,148,-0.051994
121.01,148,-0.051991
120.45,148,-0.051987
119.89,148,-0.051983
119.33,148,-0.05198
118.78,148,-0.051976
118.23,148,-0.051972
117.68,148,-0.051968
117.13,148,-0.051964
116.59,148,-0.05196
116.05,148,-0.051956
115.51,148,-0.051952
114.98,148,-0.051948
114.45,148,-0.051944
113.92,148,-0.05194
113.39,148,-0.051935
112.87,148,-0.051931
112.35,148,-0.051927
111.83,148,-0.051922
111.32,148,-0.051918
110.81,148,-0.051914
110.3,148,-0.051909
109.8,148,-0.051905
109.3,148,-0.0519
108.8,148,-0.051895
108.31,148,-0.051891
107.82,148,-0.051886
107.33,148,-0.051881
106.84,148,-0.051876
106.36,148,-0.051872
105.88,148,-0.051867
105.41,148,-0.051862
104.94,148,-0.051857
104.47,148,-0.051852
104.01,148,-0.051847
103.54,148,-0.051841
103.09,148,-0.051836
102.63,148,-0.051831
102.18,148,-0.051826
101.74,148,-0.05182
101.29,148,-0.051815
100.85,148,-0.051809
100.42,148,-0.051804
99.984,148,-0.051798
99.556,148,-0.051793
99.131,148,-0.051787
98.71,148,-0.051781
98.292,148,-0.051775
97.879,148,-0.05177
97.469,148,-0.051764
97.063,148,-0.051758
96.661,148,-0.051752
96.263,148,-0.051745
95.869,148,-0.051739
95.479,148,-0.051733
95.093,148,-0.051727
94.711,148,-0.05172
94.333,148,-0.051714
93.959,148,-0.051708
93.589,148,-0.051701
93.223,148,-0.051694
92.862,148,-0.051688
92.504,148,-0.051681
92.151,148,-0.051674
91.802,148,-0.051667
91.458,148,-0.05166
91.118,148,-0.051653
90.782,148,-0.051646
90.45,148,-0.051639
90.123,148,-0.051632
89.8,148,-0.051624
89.482,148,-0.051617
89.168,148,-0.05161
88.859,148,-0.051602
88.554,148,-0.051594
88.254,148,-0.051587
87.959,148,-0.051579
87.668,148,-0.051571
87.382,148,-0.051563
87.1,148,-0.051555
86.823,148,-0.051547
86.551,148,-0.051539
86.284,148,-0.051531
86.022,148,-0.051522
85.764,148,-0.051514
85.512,148,-0.051506
85.264,148,-0.051497
85.021,148,-0.051488
84.784,148,-0.05148
84.551,148,-0.051471
84.323,148,-0.051462
84.101,148,-0.051453
83.884,148,-0.051444
83.671,148,-0.051434
83.464,148,-0.051425
83.263,148,-0.051416
83.066,148,-0.051406
82.875,148,-0.051397
82.689,148,-0.051387
82.508,148,-0.051377
82.333,148,-0.051367
82.164,148,-0.051357
82,148,-0.051347
81.841,148,-0.051337
81.688,148,-0.051327
81.54,148,-0.051317
81.399,148,-0.051306
81.262,148,-0.051296
81.132,148,-0.051285
81.007,148,-0.051274
80.888,148,-0.051263
80.775,148,-0.051252
80.668,148,-0.051241
80.567,148,-0.05123
80.471,148,-0.051219
80.382,148,-0.051207
80.298,148,-0.051195
80.221,148,-0.051184
80.15,148,-0.051172
80.085,148,-0.05116
80.026,148,-0.051148
79.973,148,-0.051136
79.927,148,-0.051124
79.887,148,-0.051111
79.853,148,-0.051099
79.826,148,-0.051086
79.805,148,-0.051073
79.791,148,-0.05106
79.783,148,-0.051047
79.782,148,-0.051034
79.787,148,-0.051021
79.8,148,-0.051007
79.818,148,-0.050994
79.844,148,-0.05098
79.877,148,-0.050966
79.916,148,-0.050952
79.962,148,-0.050938
80.015,148,-0.050924
80.076,148,-0.050909
80.143,148,-0.050895
80.217,148,-0.05088
80.299,148,-0.050865
80.388,148,-0.05085
80.484,148,-0.050835
80.587,148,-0.05082
80.698,148,-0.050805
80.816,148,-0.050789
80.942,148,-0.050773
81.075,148,-0.050757
81.216,148,-0.050741
81.364,148,-0.050725
81.52,148,-0.050709
81.684,148,-0.050692
81.856,148,-0.050675
82.035,148,-0.050658
82.223,148,-0.050641
82.418,148,-0.050624
82.622,148,-0.050607
82.833,148,-0.050589
83.053,148,-0.050571
83.281,148,-0.050553
83.518,148,-0.050535
83.762,148,-0.050517
84.016,148,-0.050499
84.277,148,-0.05048
84.547,148,-0.050461
84.826,148,-0.050442
85.113,148,-0.050423
85.41,148,-0.050403
85.715,148,-0.050384
86.029,148,-0.050364
86.351,148,-0.050344
86.683,148,-0.050324
87.024,148,-0.050303
87.374,148,-0.050283
87.733,148,-0.050262
88.102,148,-0.050241
88.48,148,-0.05022
88.867,148,-0.050198
89.264,148,-0.050177
89.671,148,-0.050155
90.087,148,-0.050133
90.513,148,-0.05011
90.949,148,-0.050088
91.394,148,-0.050065
91.85,148,-0.050042
92.316,148,-0.050019
92.791,148,-0.049995
93.278,148,-0.049972
93.774,148,-0.049948
94.281,148,-0.049923
94.798,148,-0.049899
95.326,148,-0.049874
95.864,148,-0.049849
96.413,148,-0.049824
96.974,148,-0.049799
97.544,148,-0.049773
98.126,148,-0.049747
98.719,148,-0.049721
99.324,148,-0.049695
99.939,148,-0.049668
100.57,148,-0.049641
101.2,148,-0.049614
101.85,148,-0.049586
102.52,148,-0.049559
103.19,148,-0.049531
103.87,148,-0.049502
104.57,148,-0.049474
105.28,148,-0.049445
106,148,-0.049416
106.74,148,-0.049386
107.48,148,-0.049356
108.24,148,-0.049326
109.01,148,-0.049296
109.8,148,-0.049265
110.59,148,-0.049234
111.4,148,-0.049203
112.23,148,-0.049171
113.06,148,-0.049139
113.91,148,-0.049107
114.77,148,-0.049075
115.65,148,-0.049042
116.54,148,-0.049009
117.44,148,-0.048975
118.36,148,-0.048941
119.29,148,-0.048907
120.24,148,-0.048872
121.2,148,-0.048838
122.17,148,-0.048802
123.16,148,-0.048767
124.16,148,-0.048731
125.18,148,-0.048694
126.21,148,-0.048658
127.26,148,-0.048621
128.33,148,-0.048583
129.4,148,-0.048546
130.5,148,-0.048508
131.61,148,-0.048469
132.73,148,-0.04843
133.88,148,-0.048391
135.03,148,-0.048351
136.21,148,-0.048311
137.4,148,-0.048271
138.6,148,-0.04823
139.83,148,-0.048188
141.07,148,-0.048147
142.33,148,-0.048105
143.6,148,-0.048062
144.89,148,-0.048019
146.2,148,-0.047976
147.53,148,-0.047932
148.87,148,-0.047888
150.23,148,-0.047843
151.62,148,-0.047798
153.01,148,-0.047752
154.43,148,-0.047706
155.87,148,-0.04766
157.32,148,-0.047613
158.8,148,-0.047565
160.29,148,-0.047518
161.81,148,-0.047469
163.34,148,-0.04742
164.89,148,-0.047371
166.46,148,-0.047321
168.06,148,-0.047271
169.67,148,-0.04722
171.3,148,-0.047169
172.96,148,-0.047117
174.64,148,-0.047065
176.33,148,-0.047012
178.05,148,-0.046958
179.79,148,-0.046905
181.56,148,-0.04685
183.34,148,-0.046795
185.15,148,-0.04674
186.98,148,-0.046684
188.83,148,-0.046627
190.71,148,-0.04657
192.6,148,-0.046512
194.53,148,-0.046454
196.47,148,-0.046395
198.44,148,-0.046335
200.44,148,-0.046275
202.46,148,-0.046215
204.5,148,-0.046153
206.57,148,-0.046091
208.67,148,-0.046029
210.79,148,-0.045966
212.93,148,-0.045902
215.11,148,-0.045838
217.31,148,-0.045773
219.53,148,-0.045707
221.78,148,-0.045641
224.06,148,-0.045574
226.37,148,-0.045506
228.71,148,-0.045438
231.07,148,-0.045369
233.46,148,-0.0453
235.89,148,-0.045229
238.34,148,-0.045158
240.82,148,-0.045087
243.33,148,-0.045014
245.86,148,-0.044941
248.43,148,-0.044867
251.04,148,-0.044793
253.67,148,-0.044717
256.33,148,-0.044641
259.03,148,-0.044565
261.75,148,-0.044487
264.51,148,-0.044409
267.31,148,-0.04433
270.13,148,-0.04425
272.99,148,-0.044169
275.89,148,-0.044088
278.82,148,-0.044006
281.78,148,-0.043923
284.78,148,-0.043839
287.81,148,-0.043754
290.88,148,-0.043668
293.99,148,-0.043582
297.13,148,-0.043495
300.31,148,-0.043407
303.53,148,-0.043318
306.79,148,-0.043228
310.08,148,-0.043137
313.41,148,-0.043046
316.79,148,-0.042953
320.2,148,-0.04286
323.65,148,-0.042766
327.15,148,-0.042671
330.68,148,-0.042574
334.26,148,-0.042477
337.88,148,-0.042379
341.55,148,-0.04228
345.25,148,-0.04218
349,148,-0.042079
352.8,148,-0.041978
356.63,148,-0.041875
360.52,148,-0.041771
364.45,148,-0.041666
368.43,148,-0.04156
372.45,148,-0.041453
376.52,148,-0.041345
380.64,148,-0.041236
384.81,148,-0.041125
389.03,148,-0.041014
393.3,148,-0.040902
397.62,148,-0.040788
401.99,148,-0.040674
406.41,148,-0.040558
410.88,148,-0.040442
415.41,148,-0.040324
419.99,148,-0.040205
424.63,148,-0.040084
429.32,148,-0.039963
434.06,148,-0.03984
438.87,148,-0.039717
443.73,148,-0.039592
448.65,148,-0.039466
453.62,148,-0.039338
458.66,148,-0.03921
463.75,148,-0.03908
468.91,148,-0.038949
474.13,148,-0.038816
479.41,148,-0.038682
484.76,148,-0.038547
490.16,148,-0.038411
495.64,148,-0.038274
501.18,148,-0.038135
506.78,148,-0.037994
512.45,148,-0.037853
518.2,148,-0.03771
524.01,148,-0.037565
529.88,148,-0.037419
535.84,148,-0.037272
541.86,148,-0.037124
547.95,148,-0.036974
554.12,148,-0.036822
560.36,148,-0.036669
566.68,148,-0.036515
573.08,148,-0.036359
579.55,148,-0.036201
586.1,148,-0.036042
592.73,148,-0.035882
599.44,148,-0.03572
606.24,148,-0.035556
613.11,148,-0.035391
620.07,148,-0.035224
627.11,148,-0.035056
634.24,148,-0.034886
641.46,148,-0.034715
648.77,148,-0.034541
656.16,148,-0.034366
663.65,148,-0.03419
671.22,148,-0.034012
678.89,148,-0.033832
686.66,148,-0.03365
694.52,148,-0.033467
702.47,148,-0.033281
710.53,148,-0.033094
718.68,148,-0.032906
726.93,148,-0.032715
735.29,148,-0.032523
743.75,148,-0.032329
752.31,148,-0.032133
760.98,148,-0.031935
769.76,148,-0.031735
778.65,148,-0.031533
787.65,148,-0.03133
796.75,148,-0.031124
805.98,148,-0.030917
815.31,148,-0.030707
824.77,148,-0.030496
834.34,148,-0.030283
844.03,148,-0.030067
853.84,148,-0.02985
863.77,148,-0.02963
873.83,148,-0.029409
884.02,148,-0.029185
894.33,148,-0.028959
904.77,148,-0.028731
915.34,148,-0.028501
926.05,148,-0.028269
936.88,148,-0.028034
947.86,148,-0.027798
958.97,148,-0.027559
970.23,148,-0.027318
981.62,148,-0.027074
993.16,148,-0.026829
1004.8,148,-0.026581
1016.7,148,-0.02633
1028.7,148,-0.026078
1040.8,148,-0.025823
1053.1,148,-0.025565
1065.5,148,-0.025305
1078.1,148,-0.025043
1090.9,148,-0.024778
1103.8,148,-0.024511
1116.8,148,-0.024242
1130.1,148,-0.02397
1143.5,148,-0.023695
1157.1,148,-0.023418
1170.8,148,-0.023138
1184.7,148,-0.022855
1198.8,148,-0.02257
1213.1,148,-0.022283
1227.6,148,-0.021992
1242.2,148,-0.021699
1257,148,-0.021404
1272,148,-0.021105
1287.2,148,-0.020804
1302.6,148,-0.0205
1318.2,148,-0.020193
1333.9,148,-0.019884
1349.9,148,-0.019571
1366,148,-0.019256
1382.4,148,-0.018938
1398.9,148,-0.018617
1415.7,148,-0.018292
1432.7,148,-0.017965
1449.9,148,-0.017635
1467.2,148,-0.017302
1484.8,148,-0.016966
1502.6,148,-0.016627
1520.7,148,-0.016285
1538.9,148,-0.015939
1557.4,148,-0.015591
1576,148,-0.015239
1594.9,148,-0.014884
1614.1,148,-0.014526
1633.4,148,-0.014165
1653,148,-0.0138
1672.8,148,-0.013433
1692.8,148,-0.013061
1713.1,148,-0.012687
1733.5,148,-0.012309
1754.3,148,-0.011927
1775.2,148,-0.011543
1796.4,148,-0.011155
1817.8,148,-0.010763
1839.4,148,-0.010368
1861.3,148,-0.0099689
1883.4,148,-0.0095666
1905.7,148,-0.0091607
1928.3,148,-0.0087512
1951,148,-0.0083381
1974.1,148,-0.0079212
1997.3,148,-0.0075007
2020.7,148,-0.0070765
2044.4,148,-0.0066484
2068.3,148,-0.0062166
2092.4,148,-0.005781
2116.8,148,-0.0053416
2141.3,148,-0.0048982
2166,148,-0.004451
2191,148,-0.0039998
2216.1,148,-0.0035447
2241.4,148,-0.0030856
2267,148,-0.0026224
2292.6,148,-0.0021552
2318.5,148,-0.001684
2344.5,148,-0.0012086
2370.7,148,-0.00072906
2397,148,-0.00024538
2423.5,148,0.00024251
2450,148,0.00073462
2476.7,148,0.001231
2503.5,148,0.0017316
2530.4,148,0.0022366
2557.4,148,0.002746
2584.4,148,0.0032597
2611.5,148,0.0037778
2638.6,148,0.0043004
2665.7,148,0.0048274
2692.8,148,0.0053589
2719.9,148,0.005895
2746.9,148,0.0064357
2773.9,148,0.0069809
2800.8,148,0.0075308
2827.6,148,0.0080853
2854.2,148,0.0086445
2880.7,148,0.0092085
2907,148,0.0097772
2933.1,148,0.010351
2958.9,148,0.010929
2984.5,148,0.011512
3009.7,148,0.0121
3034.6,148,0.012693
3059.2,148,0.013291
3083.4,148,0.013894
3107.1,148,0.014502
3130.3,148,0.015115
3153.1,148,0.015733
3175.3,148,0.016356
3196.9,148,0.016984
3218,148,0.017618
3238.4,148,0.018256
3258.1,148,0.0189
3277.1,148,0.019549
3295.3,148,0.020204
3312.8,148,0.020863
3329.5,148,0.021528
3345.3,148,0.022199
3360.3,148,0.022875
3374.5,148,0.023556
3387.7,148,0.024243
3400,148,0.024935
3411.4,148,0.025633
3421.9,148,0.026337
3431.4,148,0.027046
3440,148,0.027761
3447.7,148,0.028481
3454.6,148,0.029207
3460.5,148,0.029939
3465.6,148,0.030677
3470,148,0.03142
3473.6,148,0.03217
3476.5,148,0.032925
3478.8,148,0.033686
3480.6,148,0.034453
3482,148,0.035226
3482.9,148,0.036005
3483.7,148,0.03679
3484.3,148,0.037581
3484.9,148,0.038378
3485.6,148,0.039181
3486.6,148,0.039991
3488,148,0.040806
3489.9,148,0.041628
3492.5,148,0.042456
3495.9,148,0.04329
3500.3,148,0.044131
3505.9,148,0.044978
3512.7,148,0.045831
3521,148,0.04669
3530.8,148,0.047556
3542.3,148,0.048429
3555.6,148,0.049307
3570.9,148,0.050193
3588.2,148,0.051085
3607.6,148,0.051983
3629.1,148,0.052888
3652.9,148,0.053799
3679,148,0.054718
3707.3,148,0.055642
3738,148,0.056574
3770.9,148,0.057512
3806.2,148,0.058457
3843.7,148,0.059409
3883.3,148,0.060367
3925.1,148,0.061332
3969,148,0.062304
4014.8,148,0.063283
4062.5,148,0.064269
4111.9,148,0.065261
4163,148,0.066261
4215.6,148,0.067267
4269.7,148,0.068281
4325,148,0.069301
4381.4,148,0.070329
4438.9,148,0.071363
4497.3,148,0.072404
4556.4,148,0.073453
4616.2,148,0.074508
4676.5,148,0.075571
4737.2,148,0.076641
4798.1,148,0.077718
4859.2,148,0.078802
4920.4,148,0.079893
4981.5,148,0.080991
5042.5,148,0.082097
5103.2,148,0.083209
5163.6,148,0.084329
5223.6,148,0.085457
5283.1,148,0.086591
5342,148,0.087733
5400.3,148,0.088882
5457.9,148,0.090038
5514.8,148,0.091202
5570.9,148,0.092373
5626.1,148,0.093551
5680.5,148,0.094736
5733.9,148,0.095929
5786.4,148,0.097129
5837.9,148,0.098337
5888.4,148,0.099552
5937.8,148,0.10077
5986.2,148,0.102
6033.6,148,0.10324
6079.8,148,0.10449
6125,148,0.10574
6169,148,0.107
6212,148,0.10826
6253.8,148,0.10954
6294.5,148,0.11082
6334.1,148,0.11211
6372.6,148,0.1134
6410,148,0.11471
6446.3,148,0.11602
6481.4,148,0.11734
6515.5,148,0.11866
6548.5,148,0.11999
6580.4,148,0.12133
6611.3,148,0.12268
6641.1,148,0.12404
6669.8,148,0.1254
6697.6,148,0.12677
6724.3,148,0.12815
6750,148,0.12953
6774.8,148,0.13092
6798.6,148,0.13232
6821.4,148,0.13373
6843.3,148,0.13514
6864.3,148,0.13656
6884.3,148,0.13799
6903.5,148,0.13943
6921.9,148,0.14087
6939.4,148,0.14232
6956.1,148,0.14378
6971.9,148,0.14524
6987,148,0.14671
7001.4,148,0.14819
7014.9,148,0.14967
7027.8,148,0.15117
7040,148,0.15267
7051.5,148,0.15417
7062.3,148,0.15569
7072.5,148,0.15721
7082.1,148,0.15873
7091.1,148,0.16027
7099.5,148,0.16181
7107.4,148,0.16336
7114.7,148,0.16491
7121.5,148,0.16647
7127.9,148,0.16804
7133.8,148,0.16961
7139.3,148,0.1712
7144.3,148,0.17278
7148.9,148,0.17438
7153.2,148,0.17598
7157.1,148,0.17759
7160.7,148,0.1792
7164,148,0.18082
7167,148,0.18245
7169.7,148,0.18408
7172.1,148,0.18572
7174.4,148,0.18737
7176.4,148,0.18902
7178.2,148,0.19068
7179.9,148,0.19234
7181.4,148,0.19401
7182.8,148,0.19569
7184,148,0.19737
7185.2,148,0.19906
7186.3,148,0.20075
7187.3,148,0.20245
7188.2,148,0.20416
7189.1,148,0.20587
7190,148,0.20759
7190.8,148,0.20931
7191.6,148,0.21104
7192.5,148,0.21277
7193.3,148,0.21451
7194.1,148,0.21625
7195,148,0.218
7195.9,148,0.21976
7196.8,148,0.22152
7197.7,148,0.22328
7198.6,148,0.22505
7199.5,148,0.22682
7200.5,148,0.2286
7201.4,148,0.23039
7202.4,148,0.23218
7203.3,148,0.23397
7204.2,148,0.23577
7205.1,148,0.23757
7205.8,148,0.23938
7206.5,148,0.24119
7207.1,148,0.243
7207.6,148,0.24482
7207.9,148,0.24665
7208,148,0.24848
7207.8,148,0.25031
7207.5,148,0.25214
7206.8,148,0.25398
7205.8,148,0.25583
7204.5,148,0.25767
7202.7,148,0.25952
7200.5,148,0.26138
7197.8,148,0.26323
7194.5,148,0.2651
7190.7,148,0.26696
7186.2,148,0.26883
7181,148,0.2707
7175.1,148,0.27257
7168.4,148,0.27444
7160.9,148,0.27632
7152.4,148,0.2782
7143.1,148,0.28009
7132.7,148,0.28198
7121.3,148,0.28386
7108.8,148,0.28576
7095.1,148,0.28765
7080.3,148,0.28955
7064.2,148,0.29144
7046.9,148,0.29334
7028.3,148,0.29524
7008.3,148,0.29715
6987,148,0.29905
6964.3,148,0.30096
6940.1,148,0.30287
6914.5,148,0.30478
6887.4,148,0.30669
6858.9,148,0.3086
6828.8,148,0.31052
6797.3,148,0.31243
6764.2,148,0.31435
6729.7,148,0.31626
6693.7,148,0.31818
6656.1,148,0.3201
6617.1,148,0.32202
6576.7,148,0.32393
6534.8,148,0.32585
6491.5,148,0.32777
6446.8,148,0.32969
6400.8,148,0.33161
6353.4,148,0.33353
6304.8,148,0.33545
6254.9,148,0.33737
6203.8,148,0.33929
6151.5,148,0.34121
6098.1,148,0.34313
6043.7,148,0.34505
5988.2,148,0.34696
5931.7,148,0.34888
5874.3,148,0.3508
5816.1,148,0.35271
5757,148,0.35462
5697.1,148,0.35654
5636.5,148,0.35845
5575.2,148,0.36036
5513.2,148,0.36226
5450.7,148,0.36417
5387.7,148,0.36608
5324.2,148,0.36798
5260.2,148,0.36988
5195.8,148,0.37178
5131.1,148,0.37368
5066.1,148,0.37558
5000.8,148,0.37747
4935.3,148,0.37936
4869.6,148,0.38125
4803.8,148,0.38314
4737.8,148,0.38502
4671.8,148,0.3869
4605.7,148,0.38878
4539.6,148,0.39066
4473.6,148,0.39253
4407.6,148,0.3944
4341.7,148,0.39627
4275.9,148,0.39813
4210.2,148,0.39999
4144.7,148,0.40185
4079.3,148,0.4037
4014.2,148,0.40555
3949.3,148,0.4074
3884.6,148,0.40924
3820.2,148,0.41108
3756,148,0.41292
3692.2,148,0.41475
3628.6,148,0.41658
3565.4,148,0.4184
3502.5,148,0.42022
3439.9,148,0.42204
3377.7,148,0.42385
3315.9,148,0.42565
3254.4,148,0.42746
3193.3,148,0.42926
3132.6,148,0.43105
3072.3,148,0.43284
3012.4,148,0.43462
2952.9,148,0.4364
2893.8,148,0.43818
2835.1,148,0.43994
2776.9,148,0.44171
2719.1,148,0.44347
2661.7,148,0.44522
2604.7,148,0.44697
2548.1,148,0.44872
2492,148,0.45045
2436.3,148,0.45219
2381.1,148,0.45392
2326.3,148,0.45564
2271.9,148,0.45735
2218,148,0.45907
2164.5,148,0.46077
2111.4,148,0.46247
2058.8,148,0.46417
2006.6,148,0.46585
1954.8,148,0.46754
1903.5,148,0.46921
1852.5,148,0.47088
1802.1,148,0.47255
1752,148,0.4742
1702.4,148,0.47586
1653.2,148,0.4775
1604.4,148,0.47914
1556,148,0.48078
1508,148,0.4824
1460.5,148,0.48402
1413.3,148,0.48564
1366.6,148,0.48724
1320.3,148,0.48885
1274.3,148,0.49044
1228.8,148,0.49203
1183.6,148,0.49361
1138.9,148,0.49518
1094.5,148,0.49675
1050.6,148,0.49831
1007,148,0.49987
963.77,148,0.50142
920.94,148,0.50296
878.49,148,0.50449
836.4,148,0.50602
794.69,148,0.50754
753.34,148,0.50905
712.35,148,0.51056
671.71,148,0.51206
631.44,148,0.51355
591.52,148,0.51504
551.94,148,0.51651
512.72,148,0.51799
473.84,148,0.51945
435.29,148,0.52091
397.09,148,0.52236
359.22,148,0.5238
321.68,148,0.52523
284.47,148,0.52666
247.58,148,0.52808
211.02,148,0.5295
174.78,148,0.5309
138.85,148,0.5323
103.24,148,0.53369
67.943,148,0.53508
32.951,148,0.53645
-1.7349,148,0.53782
-36.118,148,0.53919
-70.202,148,0.54054
-103.99,148,0.54189
-137.48,148,0.54323
-170.68,148,0.54456
-203.59,148,0.54589
-236.21,148,0.54721
-268.55,148,0.54852
-300.61,148,0.54982
-332.39,148,0.55112
-363.89,148,0.55241
-395.11,148,0.55369
-426.07,148,0.55496
-456.76,148,0.55623
-487.18,148,0.55749
-517.33,148,0.55874
-547.23,148,0.55998
-576.86,148,0.56122
-606.24,148,0.56245
-635.36,148,0.56367
-664.22,148,0.56489
-692.84,148,0.5661
-721.21,148,0.5673
-749.33,148,0.56849
-777.21,148,0.56967
-804.85,148,0.57085
-832.25,148,0.57202
-859.4,148,0.57319
-886.33,148,0.57434
-913.02,148,0.57549
-939.47,148,0.57663
-965.7,148,0.57777
-991.7,148,0.5789
-1017.5,148,0.58002
-1043,148,0.58113
-1068.4,148,0.58223
-1093.5,148,0.58333
-1118.4,148,0.58442
-1143,148,0.58551
-1167.5,148,0.58658
-1191.7,148,0.58765
-1215.8,148,0.58872
-1239.6,148,0.58977
-1263.2,148,0.59082
-1286.6,148,0.59186
-1309.8,148,0.5929
-1332.8,148,0.59392
-1355.7,148,0.59494
-1378.3,148,0.59596
-1400.7,148,0.59696
-1422.9,148,0.59796
-1444.9,148,0.59896
-1466.7,148,0.59994
-1488.4,148,0.60092
-1509.8,148,0.60189
-1531.1,148,0.60286
-1552.1,148,0.60382
-1573,148,0.60477
-1593.7,148,0.60571
-1614.3,148,0.60665
-1634.6,148,0.60758
-1654.8,148,0.60851
-1674.7,148,0.60943
-1694.6,148,0.61034
-1714.2,148,0.61124
-1733.6,148,0.61214
-1752.9,148,0.61303
-1772.1,148,0.61392
-1791,148,0.6148
-1809.8,148,0.61567
-1828.4,148,0.61653
-1846.8,148,0.61739
-1865.1,148,0.61825
-1883.2,148,0.61909
-1901.2,148,0.61993
-1919,148,0.62077
-1936.6,148,0.6216
-1954.1,148,0.62242
-1971.4,148,0.62323
-1988.6,148,0.62404
-2005.6,148,0.62485
-2022.5,148,0.62564
-2039.2,148,0.62644
-2055.7,148,0.62722
-2072.1,148,0.628
-2088.4,148,0.62877
-2104.5,148,0.62954
-2120.5,148,0.6303
-2136.3,148,0.63106
-2152,148,0.6318
-2167.5,148,0.63255
-2182.9,148,0.63329
-2198.1,148,0.63402
-2213.2,148,0.63474
-2228.2,148,0.63546
-2243,148,0.63618
-2257.7,148,0.63689
-2272.3,148,0.63759
-2286.7,148,0.63829
-2301,148,0.63898
-2315.1,148,0.63967
-2329.1,148,0.64035
-2343,148,0.64103
-2356.8,148,0.6417
-2370.4,148,0.64236
-2383.9,148,0.64302
-2397.3,148,0.64368
-2410.5,148,0.64433
-2423.6,148,0.64497
-2436.6,148,0.64561
-2449.5,148,0.64624
-2462.2,148,0.64687
-2474.9,148,0.64749
-2487.4,148,0.64811
-2499.7,148,0.64872
-2512,148,0.64933
-2524.1,148,0.64993
-2536.2,148,0.65053
-2548.1,148,0.65112
-2559.9,148,0.65171
-2571.5,148,0.6523
-2583.1,148,0.65287
-2594.5,148,0.65345
-2605.9,148,0.65402
-2617.1,148,0.65458
-2628.2,148,0.65514
-2639.2,148,0.65569
-2650.1,148,0.65624
-2660.8,148,0.65679
-2671.5,148,0.65733
-2682.1,148,0.65787
-2692.5,148,0.6584
-2702.8,148,0.65892
-2713.1,148,0.65945
-2723.2,148,0.65997
-2733.2,148,0.66048
-2743.1,148,0.66099
-2753,148,0.66149
-2762.7,148,0.66199
-2772.3,148,0.66249
-2781.8,148,0.66298
-2791.2,148,0.66347
-2800.5,148,0.66395
-2809.7,148,0.66443
-2818.8,148,0.66491
-2827.8,148,0.66538
-2836.7,148,0.66585
-2845.5,148,0.66631
-2854.3,148,0.66677
-2862.9,148,0.66722
-2871.4,148,0.66768
-2879.8,148,0.66812
-2888.2,148,0.66857
-2896.4,148,0.66901
-2904.6,148,0.66944
-2912.6,148,0.66987
-2920.6,148,0.6703
-2928.5,148,0.67073
-2936.2,148,0.67115
-2943.9,148,0.67156
-2951.5,148,0.67198
-2959,148,0.67239
-2966.5,148,0.67279
-2973.8,148,0.67319
-2981,148,0.67359
-2988.2,148,0.67399
-2995.3,148,0.67438
-3002.2,148,0.67477
-3009.1,148,0.67515
-3016,148,0.67553
-3022.7,148,0.67591
-3029.3,148,0.67629
-3035.9,148,0.67666
-3042.4,148,0.67703
-3048.8,148,0.67739
-3055.1,148,0.67775
-3061.3,148,0.67811
-3067.4,148,0.67846
-3073.5,148,0.67882
-3079.5,148,0.67916
-3085.4,148,0.67951
-3091.2,148,0.67985
-3096.9,148,0.68019
-3102.6,148,0.68053
-3108.2,148,0.68086
-3113.7,148,0.68119
-3119.1,148,0.68152
-3124.5,148,0.68184
-3129.7,148,0.68216
-3134.9,148,0.68248
-3140,148,0.6828
-3145.1,148,0.68311
-3150,148,0.68342
-3154.9,148,0.68373
-3159.7,148,0.68403
-3164.5,148,0.68433
-3169.1,148,0.68463
-3173.7,148,0.68492
-3178.3,148,0.68522
-3182.7,148,0.68551
-3187.1,148,0.6858
-3191.4,148,0.68608
-3195.6,148,0.68636
-3199.7,148,0.68664
-3203.8,148,0.68692
-3207.8,148,0.68719
-3211.8,148,0.68747
-3215.6,148,0.68774
-3219.4,148,0.688
-3223.1,148,0.68827
-3226.8,148,0.68853
-3230.4,148,0.68879
-3233.9,148,0.68905
-3237.3,148,0.6893
-3240.7,148,0.68956
-3244,148,0.68981
-3247.3,148,0.69005
-3250.4,148,0.6903
-3253.5,148,0.69054
-3256.6,148,0.69078
-3259.5,148,0.69102
-3262.4,148,0.69126
-3265.3,148,0.69149
-3268,148,0.69173
-3270.7,148,0.69196
-3273.4,148,0.69218
-3275.9,148,0.69241
-3278.4,148,0.69263
-3280.9,148,0.69286
-3283.3,148,0.69307
-3285.6,148,0.69329
-3287.8,148,0.69351
-3290,148,0.69372
-3292.1,148,0.69393
-3294.1,148,0.69414
-3296.1,148,0.69435
-3298,148,0.69455
-3299.9,148,0.69476
-3301.7,148,0.69496
-3303.4,148,0.69516
-3305.1,148,0.69536
-3306.7,148,0.69555
-3308.2,148,0.69575
-3309.7,148,0.69594
-3311.1,148,0.69613
-3312.5,148,0.69632
-3313.7,148,0.69651
-3315,148,0.69669
-3316.1,148,0.69688
-3317.2,148,0.69706
-3318.3,148,0.69724
-3319.3,148,0.69741
-3320.2,148,0.69759
-3321,148,0.69777
-3321.8,148,0.69794
-3322.6,148,0.69811
-3323.2,148,0.69828
-3323.8,148,0.69845
-3324.4,148,0.69862
-3324.9,148,0.69878
-3325.3,148,0.69894
-3325.7,148,0.69911
-3326,148,0.69927
-3326.2,148,0.69943
-3326.4,148,0.69958
-3326.6,148,0.69974
-3326.6,148,0.69989
-3326.7,148,0.70005
-3326.6,148,0.7002
-3326.5,148,0.70035
-3326.3,148,0.7005
-3326.1,148,0.70064
-3325.8,148,0.70079
-3325.5,148,0.70093
-3325.1,148,0.70108
-3324.6,148,0.70122
-3324.1,148,0.70136
-3323.5,148,0.7015
-3322.8,148,0.70164
-3322.1,148,0.70177
-3321.4,148,0.70191
-3320.6,148,0.70204
-3319.7,148,0.70217
-3318.8,148,0.7023
-3317.8,148,0.70243
-3316.7,148,0.70256
-3315.6,148,0.70269
-3314.4,148,0.70282
-3313.2,148,0.70294
-3311.9,148,0.70307
-3310.6,148,0.70319
-3309.2,148,0.70331
-3307.7,148,0.70343
-3306.2,148,0.70355
-3304.6,148,0.70367
-3303,148,0.70378
-3301.3,148,0.7039
-3299.5,148,0.70401
-3297.7,148,0.70413
-3295.8,148,0.70424
-3293.9,148,0.70435
-3291.9,148,0.70446
-3289.9,148,0.70457
-3287.8,148,0.70468
-3285.6,148,0.70478
-3283.4,148,0.70489
-3281.1,148,0.705
-3278.8,148,0.7051
-3276.4,148,0.7052
-3273.9,148,0.7053
-3271.4,148,0.70541
-3268.8,148,0.70551
-3266.2,148,0.7056
-3263.5,148,0.7057
-3260.8,148,0.7058
-3257.9,148,0.7059
-3255.1,148,0.70599
-3252.2,148,0.70609
-3249.2,148,0.70618
-3246.1,148,0.70627
-3243,148,0.70636
-3239.9,148,0.70645
-3236.7,148,0.70654
-3233.4,148,0.70663
-3230,148,0.70672
-3226.6,148,0.70681
-3223.2,148,0.70689
-3219.7,148,0.70698
-3216.1,148,0.70706
-3212.5,148,0.70715
-3208.8,148,0.70723
-3205,148,0.70731
-3201.2,148,0.70739
-3197.3,148,0.70747
-3193.4,148,0.70755
-3189.4,148,0.70763
-3185.4,148,0.70771
-3181.2,148,0.70779
-3177.1,148,0.70787
-3172.8,148,0.70794
-3168.5,148,0.70802
-3164.2,148,0.70809
-3159.8,148,0.70817
-3155.3,148,0.70824
-3150.8,148,0.70831
-3146.2,148,0.70838
-3141.5,148,0.70845
-3136.8,148,0.70852
-3132,148,0.70859
-3127.2,148,0.70866
-3122.3,148,0.70873
-3117.3,148,0.7088
-3112.3,148,0.70887
-3107.2,148,0.70893
-3102,148,0.709
-3096.8,148,0.70906
-3091.5,148,0.70913
-3086.2,148,0.70919
-3080.8,148,0.70925
-3075.3,148,0.70932
-3069.8,148,0.70938
-3064.2,148,0.70944
-3058.6,148,0.7095
-3052.9,148,0.70956
-3047.1,148,0.70962
-3041.3,148,0.70968
-3035.4,148,0.70974
-3029.4,148,0.70979
-3023.4,148,0.70985
-3017.3,148,0.70991
-3011.1,148,0.70996
-3004.9,148,0.71002
-2998.6,148,0.71008
-2992.2,148,0.71013
-2985.8,148,0.71018
-2979.3,148,0.71024
-2972.8,148,0.71029
-2966.2,148,0.71034
-2959.5,148,0.71039
-2952.8,148,0.71045
-2946,148,0.7105
-2939.1,148,0.71055
-2932.1,148,0.7106
-2925.1,148,0.71065
-2918.1,148,0.71069
-2910.9,148,0.71074
-2903.7,148,0.71079
-2896.5,148,0.71084
-2889.1,148,0.71088
-2881.7,148,0.71093
-2874.2,148,0.71098
-2866.7,148,0.71102
-2859.1,148,0.71107
-2851.4,148,0.71111
-2843.7,148,0.71116
-2835.9,148,0.7112
-2828,148,0.71124
-2820,148,0.71129
-2812,148,0.71133
-2803.9,148,0.71137
-2795.8,148,0.71141
-2787.6,148,0.71145
-2779.3,148,0.7115
-2770.9,148,0.71154
-2762.5,148,0.71158
-2754,148,0.71162
-2745.4,148,0.71166
-2736.8,148,0.71169
-2728.1,148,0.71173
-2719.3,148,0.71177
-2710.4,148,0.71181
-2701.5,148,0.71185
-2692.5,148,0.71188
-2683.5,148,0.71192
-2674.3,148,0.71196
-2665.1,148,0.71199
-2655.8,148,0.71203
-2646.5,148,0.71206
-2637.1,148,0.7121
-2627.6,148,0.71213
-2618,148,0.71217
-2608.4,148,0.7122
-2598.7,148,0.71223
-2588.9,148,0.71227
-2579,148,0.7123
-2569.1,148,0.71233
-2559.1,148,0.71236
-2549,148,0.7124
-2538.9,148,0.71243
-2528.7,148,0.71246
-2518.4,148,0.71249
-2508,148,0.71252
-2497.5,148,0.71255
-2487,148,0.71258
-2476.4,148,0.71261
-2465.8,148,0.71264
-2455,148,0.71267
-2444.2,148,0.7127
-2433.3,148,0.71273
-2422.4,148,0.71276
-2411.3,148,0.71278
-2400.2,148,0.71281
-2389,148,0.71284
-2377.7,148,0.71287
-2366.4,148,0.71289
-2355,148,0.71292
-2343.5,148,0.71295
-2331.9,148,0.71297
-2320.3,148,0.713
-2308.6,148,0.71302
-2296.8,148,0.71305
-2284.9,148,0.71307
-2273,148,0.7131
-2260.9,148,0.71312
-2248.8,148,0.71315
-2236.7,148,0.71317
-2224.4,148,0.7132
-2212.1,148,0.71322
-2199.7,148,0.71324
-2187.2,148,0.71327
-2174.6,148,0.71329
-2162,148,0.71331
-2149.3,148,0.71334
-2136.5,148,0.71336
-2123.6,148,0.71338
-2110.7,148,0.7134
-2097.7,148,0.71342
-2084.6,148,0.71344
-2071.4,148,0.71347
-2058.1,148,0.71349
-2044.8,148,0.71351
-2031.4,148,0.71353
-2017.9,148,0.71355
-2004.4,148,0.71357
-1990.7,148,0.71359
-1977,148,0.71361
-1963.2,148,0.71363
-1949.4,148,0.71365
-1935.4,148,0.71367
-1921.4,148,0.71369
-1907.3,148,0.71371
-1893.2,148,0.71372
-1878.9,148,0.71374
-1864.6,148,0.71376
-1850.2,148,0.71378
-1835.7,148,0.7138
-1821.2,148,0.71381
-1806.6,148,0.71383
-1791.9,148,0.71385
-1777.1,148,0.71387
-1762.3,148,0.71388
-1747.4,148,0.7139
-1732.4,148,0.71392
-1717.3,148,0.71393
-1702.2,148,0.71395
-1687,148,0.71397
-1671.7,148,0.71398
-1656.3,148,0.714
-1640.9,148,0.71401
-1625.4,148,0.71403
-1609.8,148,0.71405
-1594.1,148,0.71406
-1578.4,148,0.71408
-1562.6,148,0.71409
-1546.8,148,0.71411
-1530.8,148,0.71412
-1514.8,148,0.71413
-1498.8,148,0.71415
-1482.6,148,0.71416
-1466.4,148,0.71418
-1450.1,148,0.71419
-1433.8,148,0.71421
-1417.4,148,0.71422
-1400.9,148,0.71423
-1384.3,148,0.71425
-1367.7,148,0.71426
-1351,148,0.71427
-1334.3,148,0.71429
-1317.5,148,0.7143
-1300.6,148,0.71431
-1283.7,148,0.71432
-1266.7,148,0.71434
-1249.6,148,0.71435
-1232.5,148,0.71436
-1215.3,148,0.71437
-1198,148,0.71439
-1180.7,148,0.7144
-1163.4,148,0.71441
-1145.9,148,0.71442
-1128.4,148,0.71443
-1110.9,148,0.71444
-1093.3,148,0.71445
-1075.6,148,0.71447
-1057.9,148,0.71448
-1040.2,148,0.71449
-1022.3,148,0.7145
-1004.5,148,0.71451
-986.55,148,0.71452
-968.57,148,0.71453
-950.54,148,0.71454
-932.47,148,0.71455
-914.34,148,0.71456
-896.17,148,0.71457
-877.95,148,0.71458
-859.69,148,0.71459
-841.37,148,0.7146
-823.02,148,0.71461
-804.62,148,0.71462
-786.18,148,0.71463
-767.7,148,0.71464
-749.18,148,0.71465
-730.61,148,0.71466
-712.02,148,0.71467
-693.38,148,0.71468
-674.7,148,0.71469
-656,148,0.7147
-637.25,148,0.7147
-618.48,148,0.71471
-599.67,148,0.71472
-580.83,148,0.71473
-561.97,148,0.71474
-543.07,148,0.71475
-524.15,148,0.71476
-505.2,148,0.71476
-486.23,148,0.71477
-467.23,148,0.71478
-448.21,148,0.71479
-429.17,148,0.7148
-410.11,148,0.7148
-391.04,148,0.71481
-371.94,148,0.71482
-352.83,148,0.71483
-333.7,148,0.71483
-314.56,148,0.71484
-295.41,148,0.71485
-276.25,148,0.71486
-257.08,148,0.71486
-237.9,148,0.71487
-218.71,148,0.71488
-199.52,148,0.71489
-180.33,148,0.71489
-161.13,148,0.7149
-141.94,148,0.71491
-122.74,148,0.71491
-103.54,148,0.71492
-84.352,148,0.71493
-65.166,148,0.71493
-45.985,148,0.71494
-26.813,148,0.71495
-7.6493,148,0.71495
11.503,148,0.71496
30.643,148,0.71496
49.77,148,0.71497
68.881,148,0.71498
87.976,148,0.71498
107.05,148,0.71499
126.11,148,0.71499
145.14,148,0.715
164.16,148,0.71501
183.14,148,0.71501
202.11,148,0.71502
221.04,148,0.71502
239.95,148,0.71503
258.82,148,0.71503
277.67,148,0.71504
296.47,148,0.71505
315.25,148,0.71505
333.99,148,0.71506
352.69,148,0.71506
371.35,148,0.71507
389.97,148,0.71507
408.54,148,0.71508
427.07,148,0.71508
445.56,148,0.71509
464,148,0.71509
482.39,148,0.7151
500.73,148,0.7151
519.01,148,0.71511
537.25,148,0.71511
555.43,148,0.71512
573.55,148,0.71512
591.61,148,0.71513
609.62,148,0.71513
627.56,148,0.71513
645.44,148,0.71514
663.26,148,0.71514
681.01,148,0.71515
698.7,148,0.71515
716.32,148,0.71516
733.86,148,0.71516
751.34,148,0.71516
768.74,148,0.71517
786.07,148,0.71517
803.33,148,0.71518
820.51,148,0.71518
837.61,148,0.71519
854.63,148,0.71519
871.57,148,0.71519
888.43,148,0.7152
905.2,148,0.7152
921.89,148,0.7152
938.5,148,0.71521
955.02,148,0.71521
971.45,148,0.71522
987.79,148,0.71522
1004,148,0.71522
1020.2,148,0.71523
1036.3,148,0.71523
1052.2,148,0.71523
1068.1,148,0.71524
1083.9,148,0.71524
1099.5,148,0.71524
1115.1,148,0.71525
1130.6,148,0.71525
1146,148,0.71525
1161.3,148,0.71526
1176.4,148,0.71526
1191.5,148,0.71526
1206.5,148,0.71527
1221.3,148,0.71527
1236.1,148,0.71527
1250.7,148,0.71528
1265.2,148,0.71528
1279.7,148,0.71528
1294,148,0.71529
1308.2,148,0.71529
1322.2,148,0.71529
1336.2,148,0.71529
1350.1,148,0.7153
1363.8,148,0.7153
1377.4,148,0.7153
1391,148,0.71531
1404.3,148,0.71531
1417.6,148,0.71531
1430.8,148,0.71531
1443.8,148,0.71532
1456.7,148,0.71532
1469.5,148,0.71532
1482.2,148,0.71532
1494.7,148,0.71533
1507.2,148,0.71533
1519.5,148,0.71533
1531.6,148,0.71534
1543.7,148,0.71534
1555.6,148,0.71534
1567.4,148,0.71534
1579.1,148,0.71534
1590.7,148,0.71535
1602.1,148,0.71535
1613.4,148,0.71535
1624.5,148,0.71535
1635.6,148,0.71536
1646.5,148,0.71536
1657.3,148,0.71536
1667.9,148,0.71536
1678.5,148,0.71537
1688.9,148,0.71537
1699.1,148,0.71537
1709.3,148,0.71537
1719.3,148,0.71537
1729.2,148,0.71538
1738.9,148,0.71538
1748.5,148,0.71538
1758,148,0.71538
1767.4,148,0.71538
1776.6,148,0.71539
1785.7,148,0.71539
1794.6,148,0.71539
1803.4,148,0.71539
1812.1,148,0.71539
1820.7,148,0.7154
1829.1,148,0.7154
1837.4,148,0.7154
1845.6,148,0.7154
1853.6,148,0.7154
1861.5,148,0.71541
1869.3,148,0.71541
1877,148,0.71541
1884.5,148,0.71541
1891.8,148,0.71541
1899.1,148,0.71541
1906.2,148,0.71542
1913.2,148,0.71542
1920,148,0.71542
1926.8,148,0.71542
1933.4,148,0.71542
1939.8,148,0.71542
1946.2,148,0.71543
1952.4,148,0.71543
1958.4,148,0.71543
1964.4,148,0.71543
1970.2,148,0.71543
1975.9,148,0.71543
1981.4,148,0.71543
1986.9,148,0.71544
1992.2,148,0.71544
1997.3,148,0.71544
2002.4,148,0.71544
2007.3,148,0.71544
2012.1,148,0.71544
2016.7,148,0.71545
2021.3,148,0.71545
2025.7,148,0.71545
2030,148,0.71545
2034.1,148,0.71545
2038.2,148,0.71545
2042.1,148,0.71545
2045.9,148,0.71545
2049.6,148,0.71546
2053.1,148,0.71546
2056.5,148,0.71546
2059.8,148,0.71546
2063,148,0.71546
2066.1,148,0.71546
2069,148,0.71546
2071.8,148,0.71546
2074.5,148,0.71547
2077.1,148,0.71547
2079.5,148,0.71547
2081.9,148,0.71547
2084.1,148,0.71547
2086.2,148,0.71547
2088.2,148,0.71547
2090.1,148,0.71547
2091.8,148,0.71547
2093.5,148,0.71548
2095,148,0.71548
2096.4,148,0.71548
2097.7,148,0.71548
2098.9,148,0.71548
2100,148,0.71548
2100.9,148,0.71548
2101.8,148,0.71548
2102.5,148,0.71548
2103.2,148,0.71549
2103.7,148,0.71549
2104.1,148,0.71549
2104.4,148,0.71549
2104.6,148,0.71549
2104.7,148,0.71549
2104.7,148,0.71549
2104.6,148,0.71549
2104.4,148,0.71549
2104,148,0.71549
2103.6,148,0.71549
2103.1,148,0.7155
2102.4,148,0.7155
2101.7,148,0.7155
2100.9,148,0.7155
2099.9,148,0.7155
2098.9,148,0.7155
2097.8,148,0.7155
2096.5,148,0.7155
2095.2,148,0.7155
2093.8,148,0.7155
2092.3,148,0.7155
2090.6,148,0.71551
2088.9,148,0.71551
2087.1,148,0.71551
2085.2,148,0.71551
2083.2,148,0.71551
2081.1,148,0.71551
2079,148,0.71551
2076.7,148,0.71551
2074.3,148,0.71551
2071.9,148,0.71551
2069.4,148,0.71551
2066.7,148,0.71551
2064,148,0.71551
2061.2,148,0.71551
2058.3,148,0.71552
2055.4,148,0.71552
2052.3,148,0.71552
2049.2,148,0.71552
2046,148,0.71552
2042.7,148,0.71552
2039.3,148,0.71552
2035.8,148,0.71552
2032.3,148,0.71552
2028.7,148,0.71552
2025,148,0.71552
2021.2,148,0.71552
2017.3,148,0.71552
2013.4,148,0.71552
2009.4,148,0.71552
2005.3,148,0.71553
2001.2,148,0.71553
1996.9,148,0.71553
1992.6,148,0.71553
1988.2,148,0.71553
1983.8,148,0.71553
1979.3,148,0.71553
1974.7,148,0.71553
1970,148,0.71553
1965.3,148,0.71553
1960.5,148,0.71553
1955.7,148,0.71553
1950.7,148,0.71553
1945.8,148,0.71553
1940.7,148,0.71553
1935.6,148,0.71553
1930.4,148,0.71553
1925.2,148,0.71553
1919.8,148,0.71554
1914.5,148,0.71554
1909,148,0.71554
1903.6,148,0.71554
1898,148,0.71554
1892.4,148,0.71554
1886.7,148,0.71554
1881,148,0.71554
1875.2,148,0.71554
1869.4,148,0.71554
1863.5,148,0.71554
1857.6,148,0.71554
1851.6,148,0.71554
1845.5,148,0.71554
1839.4,148,0.71554
1833.3,148,0.71554
1827.1,148,0.71554
1820.8,148,0.71554
1814.5,148,0.71554
1808.2,148,0.71554
1801.8,148,0.71554
1795.3,148,0.71554
1788.9,148,0.71554
1782.3,148,0.71555
1775.7,148,0.71555
1769.1,148,0.71555
1762.4,148,0.71555
1755.7,148,0.71555
1749,148,0.71555
1742.2,148,0.71555
1735.3,148,0.71555
1728.5,148,0.71555
1721.5,148,0.71555
1714.6,148,0.71555
1707.6,148,0.71555
1700.6,148,0.71555
1693.5,148,0.71555
1686.4,148,0.71555
1679.2,148,0.71555
1672.1,148,0.71555
1664.9,148,0.71555
1657.6,148,0.71555
1650.3,148,0.71555
1643,148,0.71555
1635.7,148,0.71555
1628.3,148,0.71555
1620.9,148,0.71555
1613.5,148,0.71555
1606,148,0.71555
1598.5,148,0.71555
1591,148,0.71555
1583.4,148,0.71555
1575.9,148,0.71556
1568.3,148,0.71556
1560.6,148,0.71556
1553,148,0.71556
1545.3,148,0.71556
1537.6,148,0.71556
1529.9,148,0.71556
1522.1,148,0.71556
1514.4,148,0.71556
1506.6,148,0.71556
1498.7,148,0.71556
1490.9,148,0.71556
1483.1,148,0.71556
1475.2,148,0.71556
1467.3,148,0.71556
1459.4,148,0.71556
1451.5,148,0.71556
1443.5,148,0.71556
1435.6,148,0.71556
1427.6,148,0.71556
1419.6,148,0.71556
1411.6,148,0.71556
1403.6,148,0.71556
1395.5,148,0.71556
1387.5,148,0.71556
1379.4,148,0.71556
1371.3,148,0.71556
1363.2,148,0.71556
1355.2,148,0.71556
1347,148,0.71556
1338.9,148,0.71556
1330.8,148,0.71556
1322.7,148,0.71556
1314.5,148,0.71556
1306.4,148,0.71556
1298.2,148,0.71556
1290,148,0.71556
1281.8,148,0.71556
1273.7,148,0.71556
1265.5,148,0.71556
1257.3,148,0.71557
1249.1,148,0.71557
1240.9,148,0.71557
1232.7,148,0.71557
1224.5,148,0.71557
1216.2,148,0.71557
1208,148,0.71557
1199.8,148,0.71557
1191.6,148,0.71557
1183.4,148,0.71557
1175.1,148,0.71557
1166.9,148,0.71557
1158.7,148,0.71557
1150.4,148,0.71557
1142.2,148,0.71557
1134,148,0.71557
1125.8,148,0.71557
1117.6,148,0.71557
1109.3,148,0.71557
1101.1,148,0.71557
1092.9,148,0.71557
1084.7,148,0.71557
1076.5,148,0.71557
1068.3,148,0.71557
1060.1,148,0.71557
1051.9,148,0.71557
1043.7,148,0.71557
1035.5,148,0.71557
1027.4,148,0.71557
1019.2,148,0.71557
1011,148,0.71557
1002.9,148,0.71557
994.71,148,0.71557
986.57,148,0.71557
978.44,148,0.71557
970.31,148,0.71557
962.2,148,0.71557
954.09,148,0.71557
945.99,148,0.71557
937.91,148,0.71557
929.83,148,0.71557
921.76,148,0.71557
913.7,148,0.71557
905.65,148,0.71557
897.62,148,0.71557
889.59,148,0.71557
881.58,148,0.71557
873.58,148,0.71557
865.59,148,0.71557
857.62,148,0.71557
849.66,148,0.71557
841.71,148,0.71557
833.77,148,0.71557
825.85,148,0.71557
817.94,148,0.71557
810.04,148,0.71557
802.16,148,0.71557
794.3,148,0.71557
786.45,148,0.71557
778.61,148,0.71557
770.8,148,0.71557
762.99,148,0.71557
755.2,148,0.71557
747.43,148,0.71557
739.68,148,0.71557
731.94,148,0.71557
724.22,148,0.71557
716.51,148,0.71557
708.82,148,0.71557
701.15,148,0.71558
693.5,148,0.71558
685.87,148,0.71558
678.25,148,0.71558
670.65,148,0.71558
663.07,148,0.71558
655.51,148,0.71558
647.97,148,0.71558
640.45,148,0.71558
632.95,148,0.71558
625.46,148,0.71558
618,148,0.71558
610.56,148,0.71558
603.13,148,0.71558
595.73,148,0.71558
588.34,148,0.71558
580.98,148,0.71558
573.64,148,0.71558
566.32,148,0.71558
559.02,148,0.71558
551.74,148,0.71558
544.48,148,0.71558
537.25,148,0.71558
530.03,148,0.71558
522.84,148,0.71558
515.67,148,0.71558
508.52,148,0.71558
501.4,148,0.71558
494.29,148,0.71558
487.21,148,0.71558
480.16,148,0.71558
473.12,148,0.71558
466.11,148,0.71558
459.12,148,0.71558
452.15,148,0.71558
445.21,148,0.71558
438.29,148,0.71558
431.4,148,0.71558
424.52,148,0.71558
417.68,148,0.71558
410.85,148,0.71558
404.05,148,0.71558
397.28,148,0.71558
390.52,148,0.71558
383.8,148,0.71558
377.09,148,0.71558
370.42,148,0.71558
363.76,148,0.71558
357.13,148,0.71558
350.53,148,0.71558
343.95,148,0.71558
337.4,148,0.71558
330.87,148,0.71558
324.36,148,0.71558
317.88,148,0.71558
311.43,148,0.71558
305,148,0.71558
298.6,148,0.71558
292.23,148,0.71558
285.87,148,0.71558
279.55,148,0.71558
273.25,148,0.71558
266.98,148,0.71558
260.73,148,0.71558
254.51,148,0.71558
248.31,148,0.71558
242.14,148,0.71558
236,148,0.71558
229.88,148,0.71558
223.79,148,0.71558
217.73,148,0.71558
211.69,148,0.71558
205.68,148,0.71558
199.7,148,0.71558
193.74,148,0.71558
187.81,148,0.71558
181.9,148,0.71558
176.02,148,0.71558
170.17,148,0.71558
164.35,148,0.71558
158.55,148,0.71558
152.78,148,0.71558
147.04,148,0.71558
141.32,148,0.71558
135.63,148,0.71558
129.97,148,0.71558
124.33,148,0.71558
118.73,148,0.71558
113.14,148,0.71558
107.59,148,0.71558
102.06,148,0.71558
96.565,148,0.71558
91.093,148,0.71558
85.648,148,0.71558
80.23,148,0.71558
74.84,148,0.71558
69.477,148,0.71558
64.142,148,0.71558
58.833,148,0.71558
53.553,148,0.71558
48.299,148,0.71558
43.074,148,0.71558
37.875,148,0.71558
32.704,148,0.71558
27.561,148,0.71558
22.445,148,0.71558
17.356,148,0.71558
12.296,148,0.71558
7.2621,148,0.71558
2.2563,148,0.71558
-2.7221,148,0.71558
-7.6729,148,0.71558
-12.596,148,0.71558
-17.492,148,0.71558
-22.36,148,0.71558
-27.201,148,0.71558
-32.014,148,0.71558
-36.799,148,0.71558
-41.557,148,0.71558
-46.288,148,0.71558
-50.991,148,0.71558
-55.666,148,0.71558
-60.314,148,0.71558
-64.934,148,0.71558
-69.527,148,0.71558
-74.092,148,0.71558
-78.63,148,0.71558
-83.14,148,0.71558
-87.623,148,0.71558
-92.078,148,0.71558
-96.506,148,0.71558
-100.91,148,0.71558
-105.28,148,0.71558
-109.62,148,0.71558
-113.94,148,0.71558
-118.23,148,0.71558
-122.5,148,0.71558
-126.73,148,0.71558
-130.94,148,0.71558
-135.12,148,0.71558
-139.28,148,0.71558
-143.4,148,0.71558
-147.5,148,0.71558
-151.57,148,0.71558
-155.62,148,0.71558
-159.64,148,0.71558
-163.63,148,0.71558
-167.59,148,0.71558
-171.53,148,0.71558
-175.44,148,0.71558
-179.32,148,0.71558
-183.17,148,0.71558
-187,148,0.71558
-190.8,148,0.71558
-194.57,148,0.71558
-198.32,148,0.71558
-202.04,148,0.71558
-205.73,148,0.71558
-209.4,148,0.71558
-213.04,148,0.71558
-216.65,148,0.71558
-220.24,148,0.71558
-223.79,148,0.71558
-227.33,148,0.71558
-230.83,148,0.71558
-234.31,148,0.71558
-237.76,148,0.71558
-241.19,148,0.71558
-244.59,148,0.71558
-247.96,148,0.71558
-251.3,148,0.71558
-254.62,148,0.71558
-257.92,148,0.71558
-261.18,148,0.71558
-264.42,148,0.71558
-267.64,148,0.71558
-270.82,148,0.71558
-273.99,148,0.71558
-277.12,148,0.71558
-280.23,148,0.71558
-283.31,148,0.71558
-286.37,148,0.71558
-289.4,148,0.71558
-292.4,148,0.71558
-295.38,148,0.71558
-298.33,148,0.71558
-301.26,148,0.71558
-304.16,148,0.71558
-307.04,148,0.71558
-309.89,148,0.71558
-312.71,148,0.71558
-315.51,148,0.71558
-318.28,148,0.71558
-321.02,148,0.71558
-323.75,148,0.71558
-326.44,148,0.71558
-329.11,148,0.71558
-331.75,148,0.71558
-334.37,148,0.71558
-336.97,148,0.71558
-339.54,148,0.71558
-342.08,148,0.71558
-344.6,148,0.71558
-347.09,148,0.71558
-349.56,148,0.71558
-352,148,0.71558
-354.42,148,0.71558
-356.81,148,0.71558
-359.18,148,0.71558
-361.52,148,0.71558
-363.84,148,0.71558
-366.13,148,0.71558
-368.4,148,0.71558
-370.64,148,0.71558
-372.86,148,0.71558
-375.06,148,0.71558
-377.23,148,0.71558
-379.37,148,0.71558
-381.49,148,0.71558
-383.59,148,0.71558
-385.66,148,0.71558
-387.71,148,0.71558
-389.73,148,0.71558
-391.73,148,0.71558
-393.71,148,0.71558
-395.66,148,0.71558
-397.59,148,0.71558
-399.49,148,0.71558
-401.37,148,0.71558
-403.23,148,0.71558
-405.06,148,0.71558
-406.86,148,0.71558
-408.65,148,0.71558
-410.41,148,0.71558
-412.15,148,0.71558
-413.86,148,0.71558
-415.55,148,0.71558
-417.22,148,0.71558
-418.86,148,0.71558
-420.48,148,0.71558
-422.07,148,0.71558
-423.65,148,0.71558
-425.2,148,0.71558
-426.72,148,0.71558
-428.23,148,0.71558
-429.71,148,0.71558
-431.17,148,0.71558
-432.6,148,0.71558
-434.01,148,0.71558
-435.4,148,0.71558
-436.77,148,0.71558
-438.11,148,0.71558
-439.43,148,0.71558
-440.73,148,0.71558
-442.01,148,0.71558
-443.26,148,0.71558
-444.5,148,0.71558
-445.7,148,0.71558
-446.89,148,0.71558
-448.06,148,0.71558
-449.2,148,0.71558
-450.32,148,0.71558
-451.42,148,0.71558
-452.49,148,0.71558
-453.55,148,0.71558
-454.58,148,0.71558
-455.59,148,0.71558
-456.58,148,0.71558
-457.55,148,0.71558
-458.49,148,0.71558
-459.42,148,0.71558
-460.32,148,0.71558
-461.2,148,0.71558
-462.06,148,0.71558
-462.9,148,0.71558
-463.72,148,0.71558
-464.51,148,0.71558
-465.29,148,0.71558
-466.04,148,0.71558
-466.78,148,0.71558
-467.49,148,0.71558
-468.18,148,0.71558
-468.85,148,0.71558
-469.5,148,0.71558
-470.13,148,0.71558
-470.74,148,0.71558
-471.32,148,0.71558
-471.89,148,0.71558
-472.44,148,0.71558
-472.96,148,0.71558
-473.47,148,0.71558
-473.96,148,0.71558
-474.42,148,0.71558
-474.87,148,0.71558
-475.29,148,0.71558
-475.7,148,0.71558
-476.08,148,0.71558
-476.45,148,0.71558
-476.8,148,0.71558
-477.12,148,0.71558
-477.43,148,0.71558
-477.72,148,0.71558
-477.98,148,0.71558
-478.23,148,0.71558
-478.46,148,0.71558
-478.67,148,0.71558
-478.86,148,0.71558
-479.03,148,0.71558
-479.18,148,0.71558
-479.31,148,0.71558
-479.43,148,0.71558
-479.52,148,0.71558
-479.6,148,0.71558
-479.65,148,0.71558
-479.69,148,0.71558
-479.71,148,0.71558
-479.71,148,0.71558
-479.69,148,0.71558
-479.66,148,0.71558
-479.6,148,0.71558
-479.53,148,0.71558
-479.44,148,0.71558
-479.33,148,0.71558
-479.2,148,0.71558
-479.06,148,0.71558
-478.89,148,0.71558
-478.71,148,0.71558
-478.51,148,0.71558
-478.29,148,0.71558
-478.06,148,0.71558
-477.81,148,0.71558
-477.54,148,0.71558
-477.25,148,0.71558
-476.94,148,0.71558
-476.62,148,0.71558
-476.28,148,0.71558
-475.93,148,0.71558
-475.55,148,0.71558
-475.16,148,0.71558
-474.75,148,0.71558
-474.33,148,0.71558
-473.89,148,0.71558
-473.43,148,0.71558
-472.95,148,0.71558
-472.46,148,0.71558
-471.95,148,0.71558
-471.43,148,0.71558
-470.88,148,0.71558
-470.33,148,0.71558
-469.75,148,0.71558
-469.16,148,0.71558
-468.56,148,0.71558
-467.93,148,0.71558
-467.29,148,0.71558
-466.64,148,0.71558
-465.97,148,0.71558
-465.28,148,0.71558
-464.58,148,0.71558
-463.87,148,0.71558
-463.13,148,0.71558
-462.38,148,0.71558
-461.62,148,0.71558
-460.84,148,0.71558
-460.05,148,0.71558
-459.24,148,0.71558
-458.41,148,0.71558
-457.57,148,0.71558
-456.72,148,0.71558
-455.85,148,0.71558
-454.96,148,0.71558
-454.07,148,0.71558
-453.15,148,0.71558
-452.22,148,0.71558
-451.28,148,0.71558
-450.32,148,0.71558
-449.35,148,0.71558
-448.37,148,0.71558
-447.37,148,0.71558
-446.35,148,0.71558
-445.33,148,0.71558
-444.28,148,0.71558
-443.23,148,0.71558
-442.16,148,0.71558
-441.08,148,0.71558
-439.98,148,0.71558
-438.87,148,0.71558
-437.75,148,0.71558
-436.61,148,0.71558
-435.46,148,0.71558
-434.29,148,0.71558
-433.12,148,0.71558
-431.93,148,0.71558
-430.72,148,0.71558
-429.51,148,0.71558
-428.28,148,0.71558
-427.04,148,0.71558
-425.78,148,0.71558
-424.52,148,0.71558
-423.24,148,0.71558
-421.95,148,0.71558
-420.64,148,0.71558
-419.32,148,0.71558
-418,148,0.71558
-416.66,148,0.71558
-415.3,148,0.71558
-413.94,148,0.71558
-412.56,148,0.71558
-411.17,148,0.71558
-409.77,148,0.71558
-408.36,148,0.71558
-406.94,148,0.71558
-405.5,148,0.71558
-404.06,148,0.71558
-402.6,148,0.71558
-401.13,148,0.71558
-399.65,148,0.71558
-398.16,148,0.71558
-396.66,148,0.71558
-395.15,148,0.71558
-393.62,148,0.71558
-392.09,148,0.71558
-390.54,148,0.71558
-388.99,148,0.71558
-387.42,148,0.71558
-385.85,148,0.71558
-384.26,148,0.71558
-382.66,148,0.71558
-381.06,148,0.71558
-379.44,148,0.71558
-377.81,148,0.71558
-376.17,148,0.71558
-374.53,148,0.71558
-372.87,148,0.71558
-371.21,148,0.71558
-369.53,148,0.71558
-367.85,148,0.71558
-366.15,148,0.71558
-364.45,148,0.71558
-362.73,148,0.71558
-361.01,148,0.71558
-359.28,148,0.71558
-357.54,148,0.71558
-355.79,148,0.71558
-354.04,148,0.71558
-352.27,148,0.71558
-350.49,148,0.71558
-348.71,148,0.71558
-346.92,148,0.71558
-345.12,148,0.71558
-343.31,148,0.71558
-341.49,148,0.71558
-339.67,148,0.71558
-337.84,148,0.71558
-335.99,148,0.71558
-334.15,148,0.71558
-332.29,148,0.71558
-330.43,148,0.71558
-328.55,148,0.71558
-326.68,148,0.71558
-324.79,148,0.71558
-322.9,148,0.71558
-320.99,148,0.71558
-319.09,148,0.71558
-317.17,148,0.71558
-315.25,148,0.71558
-313.32,148,0.71558
-311.38,148,0.71558
-309.44,148,0.71558
-307.49,148,0.71558
-305.54,148,0.71558
-303.58,148,0.71558
-301.61,148,0.71558
-299.63,148,0.71558
-297.65,148,0.71558
-295.66,148,0.71558
-293.67,148,0.71558
-291.67,148,0.71558
-289.67,148,0.71558
-287.66,148,0.71558
-285.64,148,0.71558
-283.62,148,0.71558
-281.59,148,0.71558
-279.56,148,0.71558
-277.52,148,0.71558
-275.48,148,0.71558
-273.43,148,0.71558
-271.38,148,0.71558
-269.32,148,0.71558
-267.25,148,0.71558
-265.19,148,0.71558
-263.11,148,0.71558
-261.04,148,0.71558
-258.95,148,0.71558
-256.87,148,0.71558
-254.78,148,0.71558
-252.68,148,0.71558
-250.58,148,0.71558
-248.48,148,0.71558
-246.37,148,0.71558
-244.26,148,0.71558
-242.15,148,0.71558
-240.03,148,0.71558
-237.9,148,0.71558
-235.78,148,0.71558
-233.65,148,0.71558
-231.52,148,0.71558
-229.38,148,0.71558
-227.24,148,0.71558
-225.1,148,0.71558
-222.95,148,0.71558
-220.8,148,0.71558
-218.65,148,0.71558
-216.5,148,0.71558
-214.34,148,0.71558
-212.18,148,0.71558
-210.02,148,0.71558
-207.85,148,0.71558
-205.69,148,0.71558
-203.52,148,0.71558
-201.35,148,0.71558
-199.17,148,0.71558
-197,148,0.71558
-194.82,148,0.71558
-192.64,148,0.71558
-190.46,148,0.71558
-188.28,148,0.71558
-186.09,148,0.71558
-183.91,148,0.71558
-181.72,148,0.71558
-179.53,148,0.71558
-177.34,148,0.71558
-175.15,148,0.71558
-172.96,148,0.71558
-170.76,148,0.71558
-168.57,148,0.71558
-166.37,148,0.71558
-164.18,148,0.71558
-161.98,148,0.71558
-159.78,148,0.71558
-157.59,148,0.71558
-155.39,148,0.71558
-153.19,148,0.71558
-150.99,148,0.71558
-148.79,148,0.71558
-146.59,148,0.71558
-144.39,148,0.71558
-142.19,148,0.71558
-139.99,148,0.71558
-137.8,148,0.71558
-135.6,148,0.71558
-133.4,148,0.71558
-131.2,148,0.71558
-129.01,148,0.71558
-126.81,148,0.71558
-124.61,148,0.71558
-122.42,148,0.71558
-120.22,148,0.71558
-118.03,148,0.71558
-115.84,148,0.71558
-113.65,148,0.71558
-111.46,148,0.71558
-109.27,148,0.71558
-107.08,148,0.71558
-104.9,148,0.71558
-102.71,148,0.71558
-100.53,148,0.71558
-98.349,148,0.71558
-96.169,148,0.71558
-93.992,148,0.71558
-91.816,148,0.71558
-89.642,148,0.71558
-87.471,148,0.71558
-85.301,148,0.71558
-83.134,148,0.71558
-80.969,148,0.71558
-78.806,148,0.71558
-76.645,148,0.71558
-74.488,148,0.71558
-72.332,148,0.71558
-70.179,148,0.71558
-68.029,148,0.71558
-65.882,148,0.71558
-63.738,148,0.71558
-61.596,148,0.71558
-59.458,148,0.71558
-57.322,148,0.71558
-55.19,148,0.71558
-53.061,148,0.71558
-50.935,148,0.71558
-48.812,148,0.71558
-46.693,148,0.71558
-44.578,148,0.71558
-42.466,148,0.71558
-40.357,148,0.71558
-38.253,148,0.71558
-36.152,148,0.71558
-34.055,148,0.71558
-31.962,148,0.71558
-29.872,148,0.71558
-27.787,148,0.71558
-25.706,148,0.71558
-23.629,148,0.71558
-21.557,148,0.71558
-19.488,148,0.71558
-17.424,148,0.71558
-15.365,148,0.71558
-13.31,148,0.71558
-11.259,148,0.71558
-9.2134,148,0.71558
-7.1723,148,0.71558
-5.1359,148,0.71558
-3.1044,148,0.71558
-1.0777,148,0.71558
0.94399,148,0.71558
2.9607,148,0.71558
4.9723,148,0.71558
6.9788,148,0.71558
8.9801,148,0.71558
10.976,148,0.71558
12.967,148,0.71558
14.952,148,0.71558
16.932,148,0.71558
18.907,148,0.71558
20.875,148,0.71558
22.839,148,0.71558
24.796,148,0.71558
26.748,148,0.71558
28.694,148,0.71558
30.634,148,0.71558
32.569,148,0.71558
34.497,148,0.71558
36.419,148,0.71558
38.336,148,0.71558
40.246,148,0.71558
42.15,148,0.71558
44.048,148,0.71558
45.939,148,0.71558
47.824,148,0.71558
49.703,148,0.71558
51.575,148,0.71558
53.441,148,0.71558
55.301,148,0.71558
57.153,148,0.71558
58.999,148,0.71558
60.839,148,0.71558
62.671,148,0.71558
64.497,148,0.71558
66.316,148,0.71558
68.128,148,0.71558
69.934,148,0.71558
71.732,148,0.71558
73.523,148,0.71558
75.307,148,0.71558
77.084,148,0.71558
78.854,148,0.71558
80.616,148,0.71558
82.372,148,0.71558
84.12,148,0.71558
85.86,148,0.71558
87.594,148,0.71558
89.319,148,0.71558
91.038,148,0.71558
92.749,148,0.71558
94.452,148,0.71558
96.148,148,0.71558
97.836,148,0.71558
99.516,148,0.71558
101.19,148,0.71558
102.85,148,0.71558
104.51,148,0.71558
106.16,148,0.71558
107.8,148,0.71558
109.43,148,0.71558
111.06,148,0.71558
112.68,148,0.71558
114.29,148,0.71558
115.89,148,0.71558
117.48,148,0.71558
119.07,148,0.71558
120.64,148,0.71558
122.21,148,0.71558
123.77,148,0.71558
125.33,148,0.71558
126.87,148,0.71558
128.41,148,0.71558
129.93,148,0.71558
131.45,148,0.71558
132.96,148,0.71558
134.47,148,0.71558
135.96,148,0.71558
137.44,148,0.71558
138.92,148,0.71558
140.39,148,0.71558
141.85,148,0.71558
143.3,148,0.71558
144.74,148,0.71558
146.18,148,0.71558
147.6,148,0.71558
149.02,148,0.71558
150.42,148,0.71558
151.82,148,0.71558
153.21,148,0.71558
154.59,148,0.71558
155.97,148,0.71558
157.33,148,0.71558
158.68,148,0.71558
160.03,148,0.71558
161.37,148,0.71558
162.69,148,0.71558
164.01,148,0.71558
165.32,148,0.71558
166.62,148,0.71558
167.91,148,0.71558
169.2,148,0.71558
170.47,148,0.71558
171.73,148,0.71558
172.99,148,0.71558
174.24,148,0.71558
175.47,148,0.71558
176.7,148,0.71558
177.92,148,0.71558
179.13,148,0.71558
180.33,148,0.71558
181.52,148,0.71558
182.7,148,0.71558
183.88,148,0.71558
185.04,148,0.71558
186.19,148,0.71558
187.34,148,0.71558
188.48,148,0.71558
189.6,148,0.71558
190.72,148,0.71558
191.83,148,0.71558
192.93,148,0.71558
194.02,148,0.71558
195.1,148,0.71558
196.17,148,0.71558
197.23,148,0.71558
198.28,148,0.71558
199.32,148,0.71558
200.36,148,0.71558
201.38,148,0.71558
202.39,148,0.71558
203.4,148,0.71558
204.39,148,0.71558
205.38,148,0.71558
206.36,148,0.71558
207.33,148,0.71558
208.28,148,0.71558
209.23,148,0.71558
210.17,148,0.71558
211.1,148,0.71558
212.02,148,0.71558
212.93,148,0.71558
213.84,148,0.71558
214.73,148,0.71558
215.61,148,0.71558
216.49,148,0.71558
217.35,148,0.71558
218.21,148,0.71558
219.05,148,0.71558
219.89,148,0.71558
220.71,148,0.71558
221.53,148,0.71558
222.34,148,0.71558
223.14,148,0.71558
223.93,148,0.71558
224.71,148,0.71558
225.48,148,0.71558
226.24,148,0.71558
226.99,148,0.71558
227.73,148,0.71558
228.47,148,0.71558
229.19,148,0.71558
229.9,148,0.71558
230.61,148,0.71558
231.31,148,0.71558
231.99,148,0.71558
232.67,148,0.71558
233.34,148,0.71558
234,148,0.71558
234.65,148,0.71558
235.29,148,0.71558
235.92,148,0.71558
236.54,148,0.71558
237.15,148,0.71558
237.76,148,0.71558
238.35,148,0.71558
238.94,148,0.71558
239.51,148,0.71558
240.08,148,0.71558
240.64,148,0.71558
241.19,148,0.71558
241.73,148,0.71558
242.26,148,0.71558
242.78,148,0.71558
243.29,148,0.71558
243.8,148,0.71558
244.29,148,0.71558
244.78,148,0.71558
245.25,148,0.71558
245.72,148,0.71558
246.18,148,0.71558
246.63,148,0.71558
247.07,148,0.71558
247.5,148,0.71558
247.93,148,0.71558
248.34,148,0.71558
248.75,148,0.71558
249.14,148,0.71558
249.53,148,0.71558
249.91,148,0.71558
250.28,148,0.71558
250.64,148,0.71558
251,148,0.71558
251.34,148,0.71558
251.68,148,0.71558
252.01,148,0.71558
252.32,148,0.71558
252.63,148,0.71558
252.94,148,0.71558
253.23,148,0.71558
253.51,148,0.71558
253.79,148,0.71558
254.06,148,0.71558
254.32,148,0.71558
254.57,148,0.71558
254.81,148,0.71558
255.04,148,0.71558
255.27,148,0.71558
255.49,148,0.71558
255.7,148,0.71558
255.9,148,0.71558
256.09,148,0.71558
256.27,148,0.71558
256.45,148,0.71558
256.62,148,0.71558
256.78,148,0.71558
256.93,148,0.71558
257.08,148,0.71558
257.21,148,0.71558
257.34,148,0.71558
257.46,148,0.71558
257.57,148,0.71558
257.68,148,0.71558
257.77,148,0.71558
257.86,148,0.71558
257.94,148,0.71558
258.01,148,0.71558
258.08,148,0.71558
258.14,148,0.71558
258.19,148,0.71558
258.23,148,0.71558
258.26,148,0.71558
258.29,148,0.71558
258.31,148,0.71558
258.32,148,0.71558
258.32,148,0.71558
258.32,148,0.71558
258.31,148,0.71558
258.29,148,0.71558
258.27,148,0.71558
258.23,148,0.71558
258.19,148,0.71558
258.15,148,0.71558
258.09,148,0.71558
258.03,148,0.71558
257.96,148,0.71558
257.89,148,0.71558
257.8,148,0.71558
257.71,148,0.71558
257.61,148,0.71558
257.51,148,0.71558
257.4,148,0.71558
257.28,148,0.71558
257.16,148,0.71558
257.02,148,0.71558
256.89,148,0.71558
256.74,148,0.71558
256.59,148,0.71558
256.43,148,0.71558
256.26,148,0.71558
256.09,148,0.71558
255.91,148,0.71558
255.73,148,0.71558
255.54,148,0.71558
255.34,148,0.71558
255.13,148,0.71558
254.92,148,0.71558
254.7,148,0.71558
254.48,148,0.71558
254.25,148,0.71558
254.01,148,0.71558
253.77,148,0.71558
253.52,148,0.71558
253.27,148,0.71558
253,148,0.71558
252.74,148,0.71558
252.46,148,0.71558
252.18,148,0.71558
251.9,148,0.71558
251.61,148,0.71558
251.31,148,0.71558
251.01,148,0.71558
250.7,148,0.71558
250.38,148,0.71558
250.06,148,0.71558
249.74,148,0.71558
249.41,148,0.71558
249.07,148,0.71558
248.72,148,0.71558
248.38,148,0.71558
248.02,148,0.71558
247.66,148,0.71558
247.3,148,0.71558
246.93,148,0.71558
246.55,148,0.71558
246.17,148,0.71558
245.79,148,0.71558
245.39,148,0.71558
245,148,0.71558
244.6,148,0.71558
244.19,148,0.71558
243.78,148,0.71558
243.36,148,0.71558
242.94,148,0.71558
242.51,148,0.71558
242.08,148,0.71558
241.64,148,0.71558
241.2,148,0.71558
240.76,148,0.71558
240.3,148,0.71558
239.85,148,0.71558
239.39,148,0.71558
238.92,148,0.71558
238.45,148,0.71558
237.98,148,0.71558
237.5,148,0.71558
237.02,148,0.71558
236.53,148,0.71558
236.04,148,0.71558
235.54,148,0.71558
235.04,148,0.71558
234.54,148,0.71558
234.03,148,0.71558
233.51,148,0.71558
233,148,0.71558
232.47,148,0.71558
231.95,148,0.71558
231.42,148,0.71558
230.89,148,0.71558
230.35,148,0.71558
229.81,148,0.71558
229.26,148,0.71558
228.71,148,0.71558
228.16,148,0.71558
227.6,148,0.71558
227.04,148,0.71558
226.48,148,0.71558
225.91,148,0.71558
225.34,148,0.71558
224.76,148,0.71558
224.18,148,0.71558
223.6,148,0.71558
223.02,148,0.71558
222.43,148,0.71558
221.83,148,0.71558
221.24,148,0.71558
220.64,148,0.71558
220.04,148,0.71558
219.43,148,0.71558
218.82,148,0.71558
218.21,148,0.71558
217.6,148,0.71558
216.98,148,0.71558
216.36,148,0.71558
215.74,148,0.71558
215.11,148,0.71558
214.48,148,0.71558
213.85,148,0.71558
213.21,148,0.71558
212.57,148,0.71558
211.93,148,0.71558
211.29,148,0.71558
210.64,148,0.71558
209.99,148,0.71558
209.34,148,0.71558
208.69,148,0.71558
208.03,148,0.71558
207.37,148,0.71558
206.71,148,0.71558
206.05,148,0.71558
205.38,148,0.71558
204.71,148,0.71558
204.04,148,0.71558
203.37,148,0.71558
202.69,148,0.71558
202.02,148,0.71558
201.34,148,0.71558
200.65,148,0.71558
199.97,148,0.71558
199.28,148,0.71558
198.6,148,0.71558
197.91,148,0.71558
197.21,148,0.71558
196.52,148,0.71558
195.83,148,0.71558
195.13,148,0.71558
194.43,148,0.71558
193.73,148,0.71558
193.03,148,0.71558
192.32,148,0.71558
191.62,148,0.71558
190.91,148,0.71558
190.2,148,0.71558
189.49,148,0.71558
188.78,148,0.71558
188.06,148,0.71558
187.35,148,0.71558
186.63,148,0.71558
185.92,148,0.71558
185.2,148,0.71558
184.48,148,0.71558
183.75,148,0.71558
183.03,148,0.71558
182.31,148,0.71558
181.58,148,0.71558
180.86,148,0.71558
180.13,148,0.71558
179.4,148,0.71558
178.67,148,0.71558
177.94,148,0.71558
177.21,148,0.71558
176.48,148,0.71558
175.75,148,0.71558
175.01,148,0.71558
174.28,148,0.71558
173.54,148,0.71558
172.81,148,0.71558
172.07,148,0.71558
171.33,148,0.71558
170.59,148,0.71558
169.86,148,0.71558
169.12,148,0.71558
168.38,148,0.71558
167.64,148,0.71558
166.89,148,0.71558
166.15,148,0.71558
165.41,148,0.71558
164.67,148,0.71558
163.93,148,0.71558
163.18,148,0.71558
162.44,148,0.71558
161.7,148,0.71558
160.95,148,0.71558
160.21,148,0.71558
159.47,148,0.71558
158.72,148,0.71558
157.98,148,0.71558
157.23,148,0.71558
156.49,148,0.71558
155.74,148,0.71558
155,148,0.71558
154.25,148,0.71558
153.51,148,0.71558
152.77,148,0.71558
152.02,148,0.71558
151.28,148,0.71558
150.53,148,0.71558
149.79,148,0.71558
149.05,148,0.71558
148.3,148,0.71558
147.56,148,0.71558
146.82,148,0.71558
146.07,148,0.71558
145.33,148,0.71558
144.59,148,0.71558
143.85,148,0.71558
143.11,148,0.71558
142.37,148,0.71558
141.63,148,0.71558
140.89,148,0.71558
140.15,148,0.71558
139.41,148,0.71558
138.68,148,0.71558
137.94,148,0.71558
137.2,148,0.71558
136.47,148,0.71558
135.73,148,0.71558
135,148,0.71558
134.27,148,0.71558
133.53,148,0.71558
132.8,148,0.71558
132.07,148,0.71558
131.34,148,0.71558
130.61,148,0.71558
129.88,148,0.71558
129.16,148,0.71558
128.43,148,0.71558
127.71,148,0.71558
126.98,148,0.71558
126.26,148,0.71558
125.54,148,0.71558
124.81,148,0.71558
124.09,148,0.71558
123.38,148,0.71558
122.66,148,0.71558
121.94,148,0.71558
121.23,148,0.71558
120.51,148,0.71558
119.8,148,0.71558
119.09,148,0.71558
118.38,148,0.71558
117.67,148,0.71558
116.96,148,0.71558
116.25,148,0.71558
115.55,148,0.71558
114.85,148,0.71558
114.14,148,0.71558
113.44,148,0.71558
112.74,148,0.71558
112.05,148,0.71558
111.35,148,0.71558
110.65,148,0.71558
109.96,148,0.71558
109.27,148,0.71558
108.58,148,0.71558
107.89,148,0.71558
107.2,148,0.71558
106.52,148,0.71558
105.84,148,0.71558
105.15,148,0.71558
104.47,148,0.71558
103.79,148,0.71558
103.12,148,0.71558
102.44,148,0.71558
101.77,148,0.71558
101.1,148,0.71558
100.43,148,0.71558
99.76,148,0.71558
99.093,148,0.71558
98.429,148,0.71558
97.767,148,0.71558
97.106,148,0.71558
96.448,148,0.71558
95.791,148,0.71558
95.136,148,0.71558
94.483,148,0.71558
93.832,148,0.71558
93.184,148,0.71558
92.537,148,0.71558
91.892,148,0.71558
91.249,148,0.71558
90.608,148,0.71558
89.97,148,0.71558
89.333,148,0.71558
88.698,148,0.71558
88.066,148,0.71558
87.436,148,0.71558
86.808,148,0.71558
86.182,148,0.71558
85.558,148,0.71558
84.936,148,0.71558
84.317,148,0.71558
83.699,148,0.71558
83.084,148,0.71558
82.472,148,0.71558
81.861,148,0.71558
81.253,148,0.71558
80.647,148,0.71558
80.043,148,0.71558
79.442,148,0.71558
78.843,148,0.71558
78.246,148,0.71558
77.652,148,0.71558
77.059,148,0.71558
76.47,148,0.71558
75.882,148,0.71558
75.298,148,0.71558
74.715,148,0.71558
74.135,148,0.71558
73.557,148,0.71558
72.982,148,0.71558
72.409,148,0.71558
71.839,148,0.71558
71.271,148,0.71558
70.706,148,0.71558
70.143,148,0.71558
69.582,148,0.71558
69.024,148,0.71558
68.469,148,0.71558
67.916,148,0.71558
67.366,148,0.71558
66.818,148,0.71558
66.273,148,0.71558
65.73,148,0.71558
65.19,148,0.71558
64.653,148,0.71558
64.118,148,0.71558
63.586,148,0.71558
63.056,148,0.71558
62.529,148,0.71558
62.005,148,0.71558
61.483,148,0.71558
60.964,148,0.71558
60.447,148,0.71558
59.934,148,0.71558
59.422,148,0.71558
58.914,148,0.71558
58.408,148,0.71558
57.905,148,0.71558
57.405,148,0.71558
56.907,148,0.71558
56.412,148,0.71558
55.92,148,0.71558
55.431,148,0.71558
54.944,148,0.71558
54.46,148,0.71558
53.978,148,0.71558
53.5,148,0.71558
53.024,148,0.71558
52.551,148,0.71558
52.081,148,0.71558
51.614,148,0.71558
51.149,148,0.71558
50.687,148,0.71558
50.228,148,0.71558
49.772,148,0.71558
49.318,148,0.71558
48.867,148,0.71558
48.42,148,0.71558
47.975,148,0.71558
47.532,148,0.71558
47.093,148,0.71558
46.656,148,0.71558
46.223,148,0.71558
45.792,148,0.71558
45.364,148,0.71558
44.938,148,0.71558
44.516,148,0.71558
44.097,148,0.71558
43.68,148,0.71558
43.266,148,0.71558
42.855,148,0.71558
42.447,148,0.71558
42.042,148,0.71558
41.639,148,0.71558
41.24,148,0.71558
40.843,148,0.71558
40.45,148,0.71558
40.059,148,0.71558
39.671,148,0.71558
39.286,148,0.71558
38.903,148,0.71558
38.524,148,0.71558
38.148,148,0.71558
37.774,148,0.71558
37.404,148,0.71558
37.036,148,0.71558
36.671,148,0.71558
36.309,148,0.71558
35.95,148,0.71558
35.594,148,0.71558
35.24,148,0.71558
34.89,148,0.71558
34.543,148,0.71558
34.198,148,0.71558
33.856,148,0.71558
33.517,148,0.71558
33.182,148,0.71558
32.849,148,0.71558
32.518,148,0.71558
32.191,148,0.71558
31.867,148,0.71558
31.546,148,0.71558
31.227,148,0.71558
30.911,148,0.71558
30.599,148,0.71558
30.289,148,0.71558
29.982,148,0.71558
29.678,148,0.71558
29.377,148,0.71558
29.079,148,0.71558
28.783,148,0.71558
28.491,148,0.71558
28.201,148,0.71558
27.914,148,0.71558
27.631,148,0.71558
27.35,148,0.71558
27.072,148,0.71558
26.796,148,0.71558
26.524,148,0.71558
26.255,148,0.71558
25.988,148,0.71558
25.724,148,0.71558
25.463,148,0.71558
25.205,148,0.71558
24.95,148,0.71558
24.698,148,0.71558
24.449,148,0.71558
24.202,148,0.71558
23.958,148,0.71558
23.717,148,0.71558
23.479,148,0.71558
23.244,148,0.71558
23.012,148,0.71558
22.782,148,0.71558
22.555,148,0.71558
22.331,148,0.71558
22.11,148,0.71558
21.892,148,0.71558
21.677,148,0.71558
21.464,148,0.71558
21.254,148,0.71558
21.047,148,0.71558
20.843,148,0.71558
20.641,148,0.71558
20.443,148,0.71558
20.247,148,0.71558
20.053,148,0.71558
19.863,148,0.71558
19.675,148,0.71558
19.491,148,0.71558
19.308,148,0.71558
19.129,148,0.71558
18.952,148,0.71558
18.778,148,0.71558
18.607,148,0.71558
18.439,148,0.71558
18.273,148,0.71558
18.11,148,0.71558
17.95,148,0.71558
17.792,148,0.71558
17.637,148,0.71558
17.485,148,0.71558
17.336,148,0.71558
17.189,148,0.71558
17.045,148,0.71558
16.903,148,0.71558
16.764,148,0.71558
16.628,148,0.71558
16.495,148,0.71558
16.364,148,0.71558
16.236,148,0.71558
16.11,148,0.71558
15.987,148,0.71558
15.867,148,0.71558
15.749,148,0.71558
15.634,148,0.71558
15.521,148,0.71558
15.411,148,0.71558
15.304,148,0.71558
15.199,148,0.71558
15.097,148,0.71558
14.997,148,0.71558
14.9,148,0.71558
14.805,148,0.71558
14.713,148,0.71558
14.624,148,0.71558
14.537,148,0.71558
14.452,148,0.71558
14.37,148,0.71558
14.29,148,0.71558
14.213,148,0.71558
14.139,148,0.71558
14.067,148,0.71558
13.997,148,0.71558
13.93,148,0.71558
13.865,148,0.71558
13.803,148,0.71558
13.743,148,0.71558
13.686,148,0.71558
13.631,148,0.71558
13.578,148,0.71558
13.528,148,0.71558
13.48,148,0.71558
13.435,148,0.71558
13.392,148,0.71558
13.351,148,0.71558
13.313,148,0.71558
13.277,148,0.71558
13.244,148,0.71558
13.212,148,0.71558
13.183,148,0.71558
13.157,148,0.71558
13.132,148,0.71558
13.11,148,0.71558
13.091,148,0.71558
13.073,148,0.71558
13.058,148,0.71558
13.045,148,0.71558
13.034,148,0.71558
13.026,148,0.71558
13.019,148,0.71558
13.015,148,0.71558
13.014,148,0.71558
13.014,148,0.71558
13.017,148,0.71558
13.021,148,0.71558
13.028,148,0.71558
13.037,148,0.71558
13.049,148,0.71558
13.062,148,0.71558
13.077,148,0.71558
13.095,148,0.71558
13.115,148,0.71558
13.137,148,0.71558
13.161,148,0.71558
13.187,148,0.71558
13.215,148,0.71558
13.245,148,0.71558
13.277,148,0.71558
13.311,148,0.71558
13.348,148,0.71558
13.386,148,0.71558
13.426,148,0.71558
13.469,148,0.71558
13.513,148,0.71558
13.559,148,0.71558
13.608,148,0.71558
13.658,148,0.71558
13.71,148,0.71558
13.764,148,0.71558
13.82,148,0.71558
13.878,148,0.71558
13.938,148,0.71558
14,148,0.71558
14.064,148,0.71558
14.129,148,0.71558
14.197,148,0.71558
14.266,148,0.71558
14.337,148,0.71558
14.41,148,0.71558
14.485,148,0.71558
14.562,148,0.71558
14.64,148,0.71558
14.72,148,0.71558
14.802,148,0.71558
14.886,148,0.71558
14.972,148,0.71558
15.059,148,0.71558
15.148,148,0.71558
15.239,148,0.71558
15.331,148,0.71558
15.425,148,0.71558
15.521,148,0.71558
15.619,148,0.71558
15.718,148,0.71558
15.819,148,0.71558
15.921,148,0.71558
16.026,148,0.71558
16.131,148,0.71558
16.239,148,0.71558
16.348,148,0.71558
16.459,148,0.71558
16.571,148,0.71558
16.685,148,0.71558
16.8,148,0.71558
16.917,148,0.71558
17.035,148,0.71558
17.155,148,0.71558
17.277,148,0.71558
17.4,148,0.71558
17.524,148,0.71558
17.65,148,0.71558
17.778,148,0.71558
17.907,148,0.71558
18.037,148,0.71558
18.169,148,0.71558
18.302,148,0.71558
18.437,148,0.71558
18.573,148,0.71558
18.71,148,0.71558
18.849,148,0.71558
18.99,148,0.71558
19.131,148,0.71558
19.274,148,0.71558
19.418,148,0.71558
19.564,148,0.71558
19.711,148,0.71558
19.859,148,0.71558
20.009,148,0.71558
20.16,148,0.71558
20.312,148,0.71558
20.465,148,0.71558
20.62,148,0.71558
20.776,148,0.71558
20.933,148,0.71558
21.091,148,0.71558
21.251,148,0.71558
21.411,148,0.71558
21.573,148,0.71558
21.736,148,0.71558
21.901,148,0.71558
22.066,148,0.71558
22.232,148,0.71558
22.4,148,0.71558
22.569,148,0.71558
22.739,148,0.71558
22.91,148,0.71558
23.082,148,0.71558
23.255,148,0.71558
23.429,148,0.71558
23.604,148,0.71558
23.781,148,0.71558
23.958,148,0.71558
24.136,148,0.71558
24.316,148,0.71558
24.496,148,0.71558
24.677,148,0.71558
24.86,148,0.71558
25.043,148,0.71558
25.227,148,0.71558
25.412,148,0.71558
25.598,148,0.71558
25.785,148,0.71558
25.973,148,0.71558
26.162,148,0.71558
26.352,148,0.71558
26.542,148,0.71558
26.734,148,0.71558
26.926,148,0.71558
27.119,148,0.71558
27.313,148,0.71558
27.508,148,0.71558
27.704,148,0.71558
27.9,148,0.71558
28.097,148,0.71558
28.295,148,0.71558
28.494,148,0.71558
28.694,148,0.71558
28.894,148,0.71558
29.095,148,0.71558
29.296,148,0.71558
29.499,148,0.71558
29.702,148,0.71558
29.906,148,0.71558
30.11,148,0.71558
30.315,148,0.71558
30.521,148,0.71558
30.728,148,0.71558
30.935,148,0.71558
31.143,148,0.71558
31.351,148,0.71558
31.56,148,0.71558
31.77,148,0.71558
31.98,148,0.71558
32.191,148,0.71558
32.402,148,0.71558
32.614,148,0.71558
32.826,148,0.71558
33.039,148,0.71558
33.253,148,0.71558
33.467,148,0.71558
33.681,148,0.71558
33.896,148,0.71558
34.112,148,0.71558
34.328,148,0.71558
34.544,148,0.71558
34.761,148,0.71558
34.978,148,0.71558
35.196,148,0.71558
35.414,148,0.71558
35.633,148,0.71558
35.852,148,0.71558
36.071,148,0.71558
36.291,148,0.71558
36.511,148,0.71558
36.732,148,0.71558
36.953,148,0.71558
37.174,148,0.71558
37.396,148,0.71558
37.618,148,0.71558
37.84,148,0.71558
38.062,148,0.71558
38.285,148,0.71558
38.508,148,0.71558
38.732,148,0.71558
38.956,148,0.71558
39.179,148,0.71558
39.404,148,0.71558
39.628,148,0.71558
39.853,148,0.71558
40.078,148,0.71558
40.303,148,0.71558
40.528,148,0.71558
40.754,148,0.71558
40.979,148,0.71558
41.205,148,0.71558
41.431,148,0.71558
41.658,148,0.71558
41.884,148,0.71558
42.111,148,0.71558
42.337,148,0.71558
42.564,148,0.71558
42.791,148,0.71558
43.018,148,0.71558
43.245,148,0.71558
43.472,148,0.71558
43.699,148,0.71558
43.927,148,0.71558
44.154,148,0.71558
44.382,148,0.71558
44.609,148,0.71558
44.837,148,0.71558
45.064,148,0.71558
45.292,148,0.71558
45.519,148,0.71558
45.747,148,0.71558
45.975,148,0.71558
46.202,148,0.71558
46.43,148,0.71558
46.657,148,0.71558
46.885,148,0.71558
47.112,148,0.71558
47.34,148,0.71558
47.567,148,0.71558
47.794,148,0.71558
48.022,148,0.71558
48.249,148,0.71558
48.476,148,0.71558
48.703,148,0.71558
48.929,148,0.71558
49.156,148,0.71558
49.383,148,0.71558
49.609,148,0.71558
49.835,148,0.71558
50.061,148,0.71558
50.287,148,0.71558
50.513,148,0.71558
50.739,148,0.71558
50.964,148,0.71558
51.19,148,0.71558
51.415,148,0.71558
51.64,148,0.71558
51.864,148,0.71558
52.089,148,0.71558
52.313,148,0.71558
52.537,148,0.71558
52.761,148,0.71558
52.984,148,0.71558
53.207,148,0.71558
53.43,148,0.71558
53.653,148,0.71558
53.876,148,0.71558
54.098,148,0.71558
54.32,148,0.71558
54.541,148,0.71558
54.763,148,0.71558
54.984,148,0.71558
55.204,148,0.71558
55.425,148,0.71558
55.645,148,0.71558
55.865,148,0.71558
56.084,148,0.71558
56.303,148,0.71558
56.522,148,0.71558
56.74,148,0.71558
56.958,148,0.71558
57.176,148,0.71558
57.393,148,0.71558
57.61,148,0.71558
57.826,148,0.71558
58.042,148,0.71558
58.258,148,0.71558
58.473,148,0.71558
58.688,148,0.71558
58.902,148,0.71558
59.116,148,0.71558
59.33,148,0.71558
59.543,148,0.71558
59.755,148,0.71558
59.968,148,0.71558
60.179,148,0.71558
60.391,148,0.71558
60.602,148,0.71558
60.812,148,0.71558
61.022,148,0.71558
61.231,148,0.71558
61.44,148,0.71558
61.648,148,0.71558
61.856,148,0.71558
62.064,148,0.71558
62.271,148,0.71558
62.477,148,0.71558
62.683,148,0.71558
62.888,148,0.71558
63.093,148,0.71558
63.297,148,0.71558
63.501,148,0.71558
63.704,148,0.71558
63.907,148,0.71558
64.109,148,0.71558
64.311,148,0.71558
64.512,148,0.71558
64.712,148,0.71558
64.912,148,0.71558
65.111,148,0.71558
65.31,148,0.71558
65.508,148,0.71558
65.705,148,0.71558
65.902,148,0.71558
66.099,148,0.71558
66.294,148,0.71558
66.489,148,0.71558
66.684,148,0.71558
66.878,148,0.71558
67.071,148,0.71558
67.264,148,0.71558
67.455,148,0.71558
67.647,148,0.71558
67.838,148,0.71558
68.028,148,0.71558
68.217,148,0.71558
68.406,148,0.71558
68.594,148,0.71558
68.781,148,0.71558
68.968,148,0.71558
69.154,148,0.71558
69.34,148,0.71558
69.525,148,0.71558
69.709,148,0.71558
69.892,148,0.71558
70.075,148,0.71558
70.257,148,0.71558
70.438,148,0.71558
70.619,148,0.71558
70.799,148,0.71558
70.978,148,0.71558
71.157,148,0.71558
71.335,148,0.71558
71.512,148,0.71558
71.688,148,0.71558
71.864,148,0.71558
72.039,148,0.71558
72.214,148,0.71558
72.387,148,0.71558
72.56,148,0.71558
72.732,148,0.71558
72.903,148,0.71558
73.074,148,0.71558
73.244,148,0.71558
73.413,148,0.71558
73.582,148,0.71558
73.749,148,0.71558
73.916,148,0.71558
74.083,148,0.71558
74.248,148,0.71558
74.413,148,0.71558
74.577,148,0.71558
74.74,148,0.71558
74.902,148,0.71558
75.064,148,0.71558
75.225,148,0.71558
75.385,148,0.71558
75.544,148,0.71558
75.703,148,0.71558
75.861,148,0.71558
76.018,148,0.71558
76.174,148,0.71558
76.329,148,0.71558
76.484,148,0.71558
76.638,148,0.71558
76.791,148,0.71558
76.943,148,0.71558
77.095,148,0.71558
77.245,148,0.71558
77.395,148,0.71558
77.544,148,0.71558
77.693,148,0.71558
77.84,148,0.71558
77.987,148,0.71558
78.133,148,0.71558
78.278,148,0.71558
78.422,148,0.71558
78.566,148,0.71558
78.709,148,0.71558
78.851,148,0.71558
78.992,148,0.71558
79.132,148,0.71558
79.271,148,0.71558
79.41,148,0.71558
79.548,148,0.71558
79.685,148,0.71558
79.821,148,0.71558
79.956,148,0.71558
80.091,148,0.71558
80.225,148,0.71558
80.358,148,0.71558
80.49,148,0.71558
80.621,148,0.71558
80.752,148,0.71558
80.881,148,0.71558
81.01,148,0.71558
81.138,148,0.71558
81.265,148,0.71558
81.392,148,0.71558
81.517,148,0.71558
81.642,148,0.71558
81.766,148,0.71558
81.889,148,0.71558
82.011,148,0.71558
82.132,148,0.71558
82.253,148,0.71558
82.373,148,0.71558
82.491,148,0.71558
82.609,148,0.71558
82.727,148,0.71558
82.843,148,0.71558
82.959,148,0.71558
83.073,148,0.71558
83.187,148,0.71558
83.3,148,0.71558
83.413,148,0.71558
83.524,148,0.71558
83.635,148,0.71558
83.744,148,0.71558
83.853,148,0.71558
83.961,148,0.71558
84.069,148,0.71558
84.175,148,0.71558
84.281,148,0.71558
84.385,148,0.71558
84.489,148,0.71558
84.592,148,0.71558
84.695,148,0.71558
84.796,148,0.71558
84.897,148,0.71558
84.997,148,0.71558
85.096,148,0.71558
85.194,148,0.71558
85.291,148,0.71558
85.387,148,0.71558
85.483,148,0.71558
85.578,148,0.71558
85.672,148,0.71558
85.765,148,0.71558
85.858,148,0.71558
85.949,148,0.71558
86.04,148,0.71558
86.13,148,0.71558
86.219,148,0.71558
86.307,148,0.71558
86.395,148,0.71558
86.481,148,0.71558
86.567,148,0.71558
86.652,148,0.71558
86.736,148,0.71558
86.82,148,0.71558
86.902,148,0.71558
86.984,148,0.71558
87.065,148,0.71558
87.145,148,0.71558
87.224,148,0.71558
87.303,148,0.71558
87.381,148,0.71558
87.458,148,0.71558
87.534,148,0.71558
87.609,148,0.71558
87.684,148,0.71558
87.757,148,0.71558
87.83,148,0.71558
87.902,148,0.71558
87.974,148,0.71558
88.044,148,0.71558
88.114,148,0.71558
88.183,148,0.71558
88.251,148,0.71558
88.318,148,0.71558
88.385,148,0.71558
88.451,148,0.71558
88.516,148,0.71558
88.58,148,0.71558
88.644,148,0.71558
88.706,148,0.71558
88.768,148,0.71558
88.829,148,0.71558
88.89,148,0.71558
88.949,148,0.71558
89.008,148,0.71558
89.066,148,0.71558
89.124,148,0.71558
89.18,148,0.71558
89.236,148,0.71558
89.291,148,0.71558
89.345,148,0.71558
89.399,148,0.71558
89.451,148,0.71558
89.503,148,0.71558
89.555,148,0.71558
89.605,148,0.71558
89.655,148,0.71558
89.704,148,0.71558
89.752,148,0.71558
89.8,148,0.71558
89.846,148,0.71558
89.893,148,0.71558
89.938,148,0.71558
89.982,148,0.71558
90.026,148,0.71558
90.069,148,0.71558
90.112,148,0.71558
90.153,148,0.71558
90.194,148,0.71558
90.235,148,0.71558
90.274,148,0.71558
90.313,148,0.71558
90.351,148,0.71558
90.388,148,0.71558
90.425,148,0.71558
90.461,148,0.71558
90.496,148,0.71558
90.531,148,0.71558
90.565,148,0.71558
90.598,148,0.71558
90.63,148,0.71558
90.662,148,0.71558
90.693,148,0.71558
90.724,148,0.71558
90.753,148,0.71558
90.782,148,0.71558
90.811,148,0.71558
90.839,148,0.71558
90.866,148,0.71558
90.892,148,0.71558
90.918,148,0.71558
90.943,148,0.71558
90.967,148,0.71558
90.991,148,0.71558
91.014,148,0.71558
91.036,148,0.71558
91.058,148,0.71558
91.079,148,0.71558
91.099,148,0.71558
91.119,148,0.71558
91.138,148,0.71558
91.157,148,0.71558
91.174,148,0.71558
91.192,148,0.71558
91.208,148,0.71558
91.224,148,0.71558
91.24,148,0.71558
91.254,148,0.71558
91.268,148,0.71558
91.282,148,0.71558
91.295,148,0.71558
91.307,148,0.71558
91.319,148,0.71558
91.33,148,0.71558
91.34,148,0.71558
91.35,148,0.71558
91.359,148,0.71558
91.368,148,0.71558
91.376,148,0.71558
91.383,148,0.71558
91.39,148,0.71558
91.396,148,0.71558
91.402,148,0.71558
91.407,148,0.71558
91.411,148,0.71558
91.415,148,0.71558
91.419,148,0.71558
91.422,148,0.71558
91.424,148,0.71558
91.426,148,0.71558
91.427,148,0.71558
91.427,148,0.71558
91.427,148,0.71558
91.427,148,0.71558
91.426,148,0.71558
91.424,148,0.71558
91.422,148,0.71558
91.419,148,0.71558
91.416,148,0.71558
91.412,148,0.71558
91.408,148,0.71558
91.403,148,0.71558
91.398,148,0.71558
91.392,148,0.71558
91.385,148,0.71558
91.378,148,0.71558
91.371,148,0.71558
91.363,148,0.71558
91.355,148,0.71558
91.346,148,0.71558
91.336,148,0.71558
91.326,148,0.71558
91.316,148,0.71558
91.305,148,0.71558
91.294,148,0.71558
91.282,148,0.71558
91.269,148,0.71558
91.257,148,0.71558
91.243,148,0.71558
91.229,148,0.71558
91.215,148,0.71558
91.2,148,0.71558
91.185,148,0.71558
91.17,148,0.71558
91.154,148,0.71558
91.137,148,0.71558
91.12,148,0.71558
91.103,148,0.71558
91.085,148,0.71558
91.066,148,0.71558
91.047,148,0.71558
91.028,148,0.71558
91.009,148,0.71558
90.989,148,0.71558
90.968,148,0.71558
90.947,148,0.71558
90.926,148,0.71558
90.904,148,0.71558
90.882,148,0.71558
90.859,148,0.71558
90.836,148,0.71558
90.813,148,0.71558
90.789,148,0.71558
90.765,148,0.71558
90.74,148,0.71558
90.715,148,0.71558
90.69,148,0.71558
90.664,148,0.71558
90.638,148,0.71558
90.611,148,0.71558
90.585,148,0.71558
90.557,148,0.71558
90.53,148,0.71558
90.502,148,0.71558
90.473,148,0.71558
90.445,148,0.71558
90.415,148,0.71558
90.386,148,0.71558
90.356,148,0.71558
90.326,148,0.71558
90.295,148,0.71558
90.265,148,0.71558
90.233,148,0.71558
90.202,148,0.71558
90.17,148,0.71558
90.138,148,0.71558
90.105,148,0.71558
90.073,148,0.71558
90.039,148,0.71558
90.006,148,0.71558
89.972,148,0.71558
89.938,148,0.71558
89.904,148,0.71558
89.869,148,0.71558
89.834,148,0.71558
89.798,148,0.71558
89.763,148,0.71558
89.727,148,0.71558
89.691,148,0.71558
89.654,148,0.71558
89.617,148,0.71558
89.58,148,0.71558
89.543,148,0.71558
89.505,148,0.71558
89.467,148,0.71558
89.429,148,0.71558
89.391,148,0.71558
89.352,148,0.71558
89.313,148,0.71558
89.274,148,0.71558
89.234,148,0.71558
89.195,148,0.71558
89.155,148,0.71558
89.114,148,0.71558
89.074,148,0.71558
89.033,148,0.71558
88.992,148,0.71558
88.951,148,0.71558
88.909,148,0.71558
88.868,148,0.71558
88.826,148,0.71558
88.784,148,0.71558
88.741,148,0.71558
88.699,148,0.71558
88.656,148,0.71558
88.613,148,0.71558
88.57,148,0.71558
88.526,148,0.71558
88.483,148,0.71558
88.439,148,0.71558
88.395,148,0.71558
88.351,148,0.71558
88.306,148,0.71558
88.262,148,0.71558
88.217,148,0.71558
88.172,148,0.71558
88.127,148,0.71558
88.082,148,0.71558
88.036,148,0.71558
87.99,148,0.71558
87.944,148,0.71558
87.898,148,0.71558
87.852,148,0.71558
87.806,148,0.71558
87.759,148,0.71558
87.713,148,0.71558
87.666,148,0.71558
87.619,148,0.71558
87.572,148,0.71558
87.524,148,0.71558
87.477,148,0.71558
87.429,148,0.71558
87.382,148,0.71558
87.334,148,0.71558
87.286,148,0.71558
87.238,148,0.71558
87.19,148,0.71558
87.141,148,0.71558
87.093,148,0.71558
87.044,148,0.71558
86.995,148,0.71558
86.947,148,0.71558
86.898,148,0.71558
86.849,148,0.71558
86.799,148,0.71558
86.75,148,0.71558
86.701,148,0.71558
86.651,148,0.71558
86.602,148,0.71558
86.552,148,0.71558
86.502,148,0.71558
86.452,148,0.71558
86.402,148,0.71558
86.352,148,0.71558
86.302,148,0.71558
86.252,148,0.71558
86.202,148,0.71558
86.151,148,0.71558
86.101,148,0.71558
86.051,148,0.71558
86,148,0.71558
85.949,148,0.71558
85.899,148,0.71558
85.848,148,0.71558
85.797,148,0.71558
85.746,148,0.71558
85.695,148,0.71558
85.644,148,0.71558
85.593,148,0.71558
85.542,148,0.71558
85.491,148,0.71558
85.44,148,0.71558
85.389,148,0.71558
85.337,148,0.71558
85.286,148,0.71558
85.235,148,0.71558
85.183,148,0.71558
85.132,148,0.71558
85.081,148,0.71558
85.029,148,0.71558
84.978,148,0.71558
84.926,148,0.71558
84.875,148,0.71558
84.823,148,0.71558
84.772,148,0.71558
84.72,148,0.71558
84.669,148,0.71558
84.617,148,0.71558
84.566,148,0.71558
84.514,148,0.71558
84.463,148,0.71558
84.411,148,0.71558
84.359,148,0.71558
84.308,148,0.71558
84.256,148,0.71558
84.205,148,0.71558
84.153,148,0.71558
84.102,148,0.71558
84.05,148,0.71558
83.999,148,0.71558
83.947,148,0.71558
83.896,148,0.71558
83.844,148,0.71558
83.793,148,0.71558
83.742,148,0.71558
83.69,148,0.71558
83.639,148,0.71558
83.588,148,0.71558
83.536,148,0.71558
83.485,148,0.71558
83.434,148,0.71558
83.383,148,0.71558
83.332,148,0.71558
83.281,148,0.71558
83.23,148,0.71558
83.179,148,0.71558
83.128,148,0.71558
83.077,148,0.71558
83.026,148,0.71558
82.976,148,0.71558
82.925,148,0.71558
82.874,148,0.71558
82.824,148,0.71558
82.773,148,0.71558
82.723,148,0.71558
82.672,148,0.71558
82.622,148,0.71558
82.572,148,0.71558
82.522,148,0.71558
82.472,148,0.71558
82.422,148,0.71558
82.372,148,0.71558
82.322,148,0.71558
82.272,148,0.71558
82.222,148,0.71558
82.173,148,0.71558
82.123,148,0.71558
82.074,148,0.71558
82.024,148,0.71558
81.975,148,0.71558
81.926,148,0.71558
81.877,148,0.71558
81.828,148,0.71558
81.779,148,0.71558
81.73,148,0.71558
81.681,148,0.71558
81.632,148,0.71558
81.584,148,0.71558
81.535,148,0.71558
81.487,148,0.71558
81.439,148,0.71558
81.391,148,0.71558
81.343,148,0.71558
81.295,148,0.71558
81.247,148,0.71558
81.199,148,0.71558
81.152,148,0.71558
81.104,148,0.71558
81.057,148,0.71558
81.01,148,0.71558
80.963,148,0.71558
80.916,148,0.71558
80.869,148,0.71558
80.822,148,0.71558
80.776,148,0.71558
80.729,148,0.71558
80.683,148,0.71558
80.636,148,0.71558
80.59,148,0.71558
80.544,148,0.71558
80.499,148,0.71558
80.453,148,0.71558
80.407,148,0.71558
80.362,148,0.71558
80.316,148,0.71558
80.271,148,0.71558
80.226,148,0.71558
80.181,148,0.71558
80.137,148,0.71558
80.092,148,0.71558
80.047,148,0.71558
80.003,148,0.71558
79.959,148,0.71558
79.915,148,0.71558
79.871,148,0.71558
79.827,148,0.71558
79.784,148,0.71558
79.74,148,0.71558
79.697,148,0.71558
79.654,148,0.71558
79.611,148,0.71558
79.568,148,0.71558
79.525,148,0.71558
79.483,148,0.71558
79.441,148,0.71558
79.398,148,0.71558
79.356,148,0.71558
79.314,148,0.71558
79.273,148,0.71558
79.231,148,0.71558
79.19,148,0.71558
79.148,148,0.71558
79.107,148,0.71558
79.067,148,0.71558
79.026,148,0.71558
78.985,148,0.71558
78.945,148,0.71558
78.905,148,0.71558
78.865,148,0.71558
78.825,148,0.71558
78.785,148,0.71558
78.745,148,0.71558
78.706,148,0.71558
78.667,148,0.71558
78.628,148,0.71558
78.589,148,0.71558
78.55,148,0.71558
78.512,148,0.71558
78.473,148,0.71558
78.435,148,0.71558
78.397,148,0.71558
78.36,148,0.71558
78.322,148,0.71558
78.285,148,0.71558
78.247,148,0.71558
78.21,148,0.71558
78.173,148,0.71558
78.137,148,0.71558
78.1,148,0.71558
78.064,148,0.71558
78.028,148,0.71558
77.992,148,0.71558
77.956,148,0.71558
77.921,148,0.71558
77.885,148,0.71558
77.85,148,0.71558
77.815,148,0.71558
77.78,148,0.71558
77.746,148,0.71558
77.711,148,0.71558
77.677,148,0.71558
77.643,148,0.71558
77.609,148,0.71558
77.575,148,0.71558
77.542,148,0.71558
77.509,148,0.71558
77.476,148,0.71558
77.443,148,0.71558
77.41,148,0.71558
77.377,148,0.71558
77.345,148,0.71558
77.313,148,0.71558
77.281,148,0.71558
77.249,148,0.71558
77.218,148,0.71558
77.187,148,0.71558
77.156,148,0.71558
77.125,148,0.71558
77.094,148,0.71558
77.063,148,0.71558
77.033,148,0.71558
77.003,148,0.71558
76.973,148,0.71558
76.943,148,0.71558
76.914,148,0.71558
76.885,148,0.71558
76.855,148,0.71558
76.827,148,0.71558
76.798,148,0.71558
76.769,148,0.71558
76.741,148,0.71558
76.713,148,0.71558
76.685,148,0.71558
76.657,148,0.71558
76.63,148,0.71558
76.603,148,0.71558
76.576,148,0.71558
76.549,148,0.71558
76.522,148,0.71558
76.496,148,0.71558
76.469,148,0.71558
76.443,148,0.71558
76.418,148,0.71558
76.392,148,0.71558
76.366,148,0.71558
76.341,148,0.71558
76.316,148,0.71558
76.291,148,0.71558
76.267,148,0.71558
76.242,148,0.71558
76.218,148,0.71558
76.194,148,0.71558
76.171,148,0.71558
76.147,148,0.71558
76.124,148,0.71558
76.1,148,0.71558
76.078,148,0.71558
76.055,148,0.71558
76.032,148,0.71558
76.01,148,0.71558
75.988,148,0.71558
75.966,148,0.71558
75.944,148,0.71558
75.923,148,0.71558
75.901,148,0.71558
75.88,148,0.71558
75.86,148,0.71558
75.839,148,0.71558
75.818,148,0.71558
75.798,148,0.71558
75.778,148,0.71558
75.758,148,0.71558
75.739,148,0.71558
75.719,148,0.71558
75.7,148,0.71558
75.681,148,0.71558
75.662,148,0.71558
75.644,148,0.71558
75.625,148,0.71558
75.607,148,0.71558
75.589,148,0.71558
75.571,148,0.71558
75.554,148,0.71558
75.536,148,0.71558
75.519,148,0.71558
75.502,148,0.71558
75.486,148,0.71558
75.469,148,0.71558
75.453,148,0.71558
75.437,148,0.71558
75.421,148,0.71558
75.405,148,0.71558
75.39,148,0.71558
75.374,148,0.71558
75.359,148,0.71558
75.344,148,0.71558
75.33,148,0.71558
75.315,148,0.71558
75.301,148,0.71558
75.287,148,0.71558
75.273,148,0.71558
75.259,148,0.71558
75.246,148,0.71558
75.233,148,0.71558
75.22,148,0.71558
75.207,148,0.71558
75.194,148,0.71558
75.182,148,0.71558
75.169,148,0.71558
75.157,148,0.71558
75.145,148,0.71558
75.134,148,0.71558
75.122,148,0.71558
75.111,148,0.71558
75.1,148,0.71558
75.089,148,0.71558
75.079,148,0.71558
75.068,148,0.71558
75.058,148,0.71558
75.048,148,0.71558
75.038,148,0.71558
75.028,148,0.71558
75.019,148,0.71558
75.01,148,0.71558
75,148,0.71558
74.992,148,0.71558
74.983,148,0.71558
74.974,148,0.71558
74.966,148,0.71558
74.958,148,0.71558
74.95,148,0.71558
74.942,148,0.71558
74.935,148,0.71558
74.928,148,0.71558
74.92,148,0.71558
74.913,148,0.71558
74.907,148,0.71558
74.9,148,0.71558
74.894,148,0.71558
74.888,148,0.71558
74.882,148,0.71558
74.876,148,0.71558
74.87,148,0.71558
74.865,148,0.71558
74.86,148,0.71558
74.855,148,0.71558
74.85,148,0.71558
74.845,148,0.71558
74.841,148,0.71558
74.836,148,0.71558
74.832,148,0.71558
74.828,148,0.71558
74.824,148,0.71558
74.821,148,0.71558
74.817,148,0.71558
74.814,148,0.71558
74.811,148,0.71558
74.808,148,0.71558
74.806,148,0.71558
74.803,148,0.71558
74.801,148,0.71558
74.799,148,0.71558
74.797,148,0.71558
74.795,148,0.71558
74.794,148,0.71558
74.792,148,0.71558
74.791,148,0.71558
74.79,148,0.71558
74.789,148,0.71558
74.788,148,0.71558
74.788,148,0.71558
74.788,148,0.71558
74.787,148,0.71558
74.787,148,0.71558
74.788,148,0.71558
74.788,148,0.71558
74.789,148,0.71558
74.789,148,0.71558
74.79,148,0.71558
74.791,148,0.71558
74.792,148,0.71558
74.794,148,0.71558
74.795,148,0.71558
74.797,148,0.71558
74.799,148,0.71558
74.801,148,0.71558
74.803,148,0.71558
74.806,148,0.71558
74.808,148,0.71558
74.811,148,0.71558
74.814,148,0.71558
74.817,148,0.71558
74.82,148,0.71558
74.823,148,0.71558
74.827,148,0.71558
74.83,148,0.71558
74.834,148,0.71558
74.838,148,0.71558
74.842,148,0.71558
74.847,148,0.71558
74.851,148,0.71558
74.856,148,0.71558
74.861,148,0.71558
74.866,148,0.71558
74.871,148,0.71558
74.876,148,0.71558
74.881,148,0.71558
74.887,148,0.71558
74.893,148,0.71558
74.899,148,0.71558
74.905,148,0.71558
74.911,148,0.71558
74.917,148,0.71558
74.923,148,0.71558
74.93,148,0.71558
74.937,148,0.71558
74.944,148,0.71558
74.951,148,0.71558
74.958,148,0.71558
74.965,148,0.71558
74.973,148,0.71558
74.98,148,0.71558
74.988,148,0.71558
74.996,148,0.71558
75.004,148,0.71558
75.012,148,0.71558
75.021,148,0.71558
75.029,148,0.71558
75.038,148,0.71558
75.047,148,0.71558
75.056,148,0.71558
75.065,148,0.71558
75.074,148,0.71558
75.083,148,0.71558
75.093,148,0.71558
75.102,148,0.71558
75.112,148,0.71558
75.122,148,0.71558
75.132,148,0.71558
75.142,148,0.71558
75.152,148,0.71558
75.162,148,0.71558
75.173,148,0.71558
75.184,148,0.71558
75.194,148,0.71558
75.205,148,0.71558
75.216,148,0.71558
75.227,148,0.71558
75.239,148,0.71558
75.25,148,0.71558
75.262,148,0.71558
75.273,148,0.71558
75.285,148,0.71558
75.297,148,0.71558
75.309,148,0.71558
75.321,148,0.71558
75.333,148,0.71558
75.346,148,0.71558
75.358,148,0.71558
75.371,148,0.71558
75.383,148,0.71558
75.396,148,0.71558
75.409,148,0.71558
75.422,148,0.71558
75.435,148,0.71558
75.449,148,0.71558
75.462,148,0.71558
75.476,148,0.71558
75.489,148,0.71558
75.503,148,0.71558
75.517,148,0.71558
75.531,148,0.71558
75.545,148,0.71558
75.559,148,0.71558
75.573,148,0.71558
75.588,148,0.71558
75.602,148,0.71558
75.617,148,0.71558
75.631,148,0.71558
75.646,148,0.71558
75.661,148,0.71558
75.676,148,0.71558
75.691,148,0.71558
75.707,148,0.71558
75.722,148,0.71558
75.737,148,0.71558
75.753,148,0.71558
75.768,148,0.71558
75.784,148,0.71558
75.8,148,0.71558
75.816,148,0.71558
75.832,148,0.71558
75.848,148,0.71558
75.864,148,0.71558
75.88,148,0.71558
75.897,148,0.71558
75.913,148,0.71558
75.93,148,0.71558
75.946,148,0.71558
75.963,148,0.71558
75.98,148,0.71558
75.997,148,0.71558
76.014,148,0.71558
76.031,148,0.71558
76.048,148,0.71558
76.065,148,0.71558
76.083,148,0.71558
76.1,148,0.71558
76.118,148,0.71558
76.135,148,0.71558
76.153,148,0.71558
76.17,148,0.71558
76.188,148,0.71558
76.206,148,0.71558
76.224,148,0.71558
76.242,148,0.71558
76.26,148,0.71558
76.279,148,0.71558
76.297,148,0.71558
76.315,148,0.71558
76.334,148,0.71558
76.352,148,0.71558
76.371,148,0.71558
76.389,148,0.71558
76.408,148,0.71558
76.427,148,0.71558
76.446,148,0.71558
76.465,148,0.71558
76.484,148,0.71558
76.503,148,0.71558
76.522,148,0.71558
76.541,148,0.71558
76.561,148,0.71558
76.58,148,0.71558
76.599,148,0.71558
76.619,148,0.71558
76.638,148,0.71558
76.658,148,0.71558
76.678,148,0.71558
76.697,148,0.71558
76.717,148,0.71558
76.737,148,0.71558
76.757,148,0.71558
76.777,148,0.71558
76.797,148,0.71558
76.817,148,0.71558
76.837,148,0.71558
76.857,148,0.71558
76.877,148,0.71558
76.898,148,0.71558
76.918,148,0.71558
76.938,148,0.71558
76.959,148,0.71558
76.979,148,0.71558
77,148,0.71558
77.021,148,0.71558
77.041,148,0.71558
77.062,148,0.71558
77.083,148,0.71558
77.104,148,0.71558
77.124,148,0.71558
77.145,148,0.71558
77.166,148,0.71558
77.187,148,0.71558
77.208,148,0.71558
77.229,148,0.71558
77.25,148,0.71558
77.272,148,0.71558
77.293,148,0.71558
77.314,148,0.71558
77.335,148,0.71558
77.357,148,0.71558
77.378,148,0.71558
77.4,148,0.71558
77.421,148,0.71558
77.442,148,0.71558
77.464,148,0.71558
77.486,148,0.71558
77.507,148,0.71558
77.529,148,0.71558
77.55,148,0.71558
77.572,148,0.71558
77.594,148,0.71558
77.616,148,0.71558
77.637,148,0.71558
77.659,148,0.71558
77.681,148,0.71558
77.703,148,0.71558
77.725,148,0.71558
77.747,148,0.71558
77.769,148,0.71558
77.791,148,0.71558
77.813,148,0.71558
77.835,148,0.71558
77.857,148,0.71558
77.879,148,0.71558
77.901,148,0.71558
77.923,148,0.71558
77.946,148,0.71558
77.968,148,0.71558
77.99,148,0.71558
78.012,148,0.71558
78.035,148,0.71558
78.057,148,0.71558
78.079,148,0.71558
78.102,148,0.71558
78.124,148,0.71558
78.146,148,0.71558
78.169,148,0.71558
78.191,148,0.71558
78.213,148,0.71558
78.236,148,0.71558
78.258,148,0.71558
78.281,148,0.71558
78.303,148,0.71558
78.326,148,0.71558
78.348,148,0.71558
78.371,148,0.71558
78.393,148,0.71558
78.416,148,0.71558
78.438,148,0.71558
78.461,148,0.71558
78.484,148,0.71558
78.506,148,0.71558
78.529,148,0.71558
78.551,148,0.71558
78.574,148,0.71558
78.597,148,0.71558
78.619,148,0.71558
78.642,148,0.71558
78.664,148,0.71558
78.687,148,0.71558
78.71,148,0.71558
78.732,148,0.71558
78.755,148,0.71558
78.778,148,0.71558
78.8,148,0.71558
78.823,148,0.71558
78.846,148,0.71558
78.868,148,0.71558
78.891,148,0.71558
78.914,148,0.71558
78.936,148,0.71558
78.959,148,0.71558
78.982,148,0.71558
79.004,148,0.71558
79.027,148,0.71558
79.05,148,0.71558
79.072,148,0.71558
79.095,148,0.71558
79.118,148,0.71558
79.14,148,0.71558
79.163,148,0.71558
79.186,148,0.71558
79.208,148,0.71558
79.231,148,0.71558
79.253,148,0.71558
79.276,148,0.71558
79.299,148,0.71558
79.321,148,0.71558
79.344,148,0.71558
79.366,148,0.71558
79.389,148,0.71558
79.411,148,0.71558
79.434,148,0.71558
79.456,148,0.71558
79.479,148,0.71558
79.501,148,0.71558
79.524,148,0.71558
79.546,148,0.71558
79.569,148,0.71558
79.591,148,0.71558
79.614,148,0.71558
79.636,148,0.71558
79.659,148,0.71558
79.681,148,0.71558
79.703,148,0.71558
79.726,148,0.71558
79.748,148,0.71558
79.77,148,0.71558
79.793,148,0.71558
79.815,148,0.71558
79.837,148,0.71558
79.859,148,0.71558
79.882,148,0.71558
79.904,148,0.71558
79.926,148,0.71558
79.948,148,0.71558
79.97,148,0.71558
79.992,148,0.71558
80.015,148,0.71558
80.037,148,0.71558
80.059,148,0.71558
80.081,148,0.71558
80.103,148,0.71558
80.125,148,0.71558
80.147,148,0.71558
80.169,148,0.71558
80.191,148,0.71558
80.212,148,0.71558
80.234,148,0.71558
80.256,148,0.71558
80.278,148,0.71558
80.3,148,0.71558
80.321,148,0.71558
80.343,148,0.71558
80.365,148,0.71558
80.387,148,0.71558
80.408,148,0.71558
80.43,148,0.71558
80.451,148,0.71558
80.473,148,0.71558
80.495,148,0.71558
80.516,148,0.71558
80.537,148,0.71558
80.559,148,0.71558
80.58,148,0.71558
80.602,148,0.71558
80.623,148,0.71558
80.644,148,0.71558
80.666,148,0.71558
80.687,148,0.71558
80.708,148,0.71558
80.729,148,0.71558
80.75,148,0.71558
80.772,148,0.71558
80.793,148,0.71558
80.814,148,0.71558
80.835,148,0.71558
80.856,148,0.71558
80.877,148,0.71558
80.898,148,0.71558
80.918,148,0.71558
80.939,148,0.71558
80.96,148,0.71558
80.981,148,0.71558
81.002,148,0.71558
81.022,148,0.71558
81.043,148,0.71558
81.063,148,0.71558
81.084,148,0.71558
81.105,148,0.71558
81.125,148,0.71558
81.146,148,0.71558
81.166,148,0.71558
81.186,148,0.71558
81.207,148,0.71558
81.227,148,0.71558
81.247,148,0.71558
81.267,148,0.71558
81.288,148,0.71558
81.308,148,0.71558
81.328,148,0.71558
81.348,148,0.71558
81.368,148,0.71558
81.388,148,0.71558
81.408,148,0.71558
81.428,148,0.71558
81.448,148,0.71558
81.467,148,0.71558
81.487,148,0.71558
81.507,148,0.71558
81.527,148,0.71558
81.546,148,0.71558
81.566,148,0.71558
81.585,148,0.71558
81.605,148,0.71558
81.624,148,0.71558
81.644,148,0.71558
81.663,148,0.71558
81.682,148,0.71558
81.702,148,0.71558
81.721,148,0.71558
81.74,148,0.71558
81.759,148,0.71558
81.778,148,0.71558
81.797,148,0.71558
81.816,148,0.71558
81.835,148,0.71558
81.854,148,0.71558
81.873,148,0.71558
81.892,148,0.71558
81.911,148,0.71558
81.93,148,0.71558
81.948,148,0.71558
81.967,148,0.71558
81.985,148,0.71558
82.004,148,0.71558
82.022,148,0.71558
82.041,148,0.71558
82.059,148,0.71558
82.078,148,0.71558
82.096,148,0.71558
82.114,148,0.71558
82.132,148,0.71558
82.15,148,0.71558
82.169,148,0.71558
82.187,148,0.71558
82.205,148,0.71558
82.223,148,0.71558
82.24,148,0.71558
82.258,148,0.71558
82.276,148,0.71558
82.294,148,0.71558
82.312,148,0.71558
82.329,148,0.71558
82.347,148,0.71558
82.364,148,0.71558
82.382,148,0.71558
82.399,148,0.71558
82.417,148,0.71558
82.434,148,0.71558
82.451,148,0.71558
82.469,148,0.71558
82.486,148,0.71558
82.503,148,0.71558
82.52,148,0.71558
82.537,148,0.71558
82.554,148,0.71558
82.571,148,0.71558
82.588,148,0.71558
82.605,148,0.71558
82.622,148,0.71558
82.638,148,0.71558
82.655,148,0.71558
82.672,148,0.71558
82.688,148,0.71558
82.705,148,0.71558
82.721,148,0.71558
82.738,148,0.71558
82.754,148,0.71558
82.77,148,0.71558
82.786,148,0.71558
82.803,148,0.71558
82.819,148,0.71558
82.835,148,0.71558
82.851,148,0.71558
82.867,148,0.71558
82.883,148,0.71558
82.899,148,0.71558
82.915,148,0.71558
82.93,148,0.71558
82.946,148,0.71558
82.962,148,0.71558
82.977,148,0.71558
82.993,148,0.71558
83.009,148,0.71558
83.024,148,0.71558
83.039,148,0.71558
83.055,148,0.71558
83.07,148,0.71558
83.085,148,0.71558
83.101,148,0.71558
83.116,148,0.71558
83.131,148,0.71558
83.146,148,0.71558
83.161,148,0.71558
83.176,148,0.71558
83.191,148,0.71558
83.205,148,0.71558
83.22,148,0.71558
83.235,148,0.71558
83.25,148,0.71558
83.264,148,0.71558
83.279,148,0.71558
83.293,148,0.71558
83.308,148,0.71558
83.322,148,0.71558
83.336,148,0.71558
83.351,148,0.71558
83.365,148,0.71558
83.379,148,0.71558
83.393,148,0.71558
83.407,148,0.71558
83.421,148,0.71558
83.435,148,0.71558
83.449,148,0.71558
83.463,148,0.71558
83.477,148,0.71558
83.491,148,0.71558
83.504,148,0.71558
83.518,148,0.71558
83.532,148,0.71558
83.545,148,0.71558
83.559,148,0.71558
83.572,148,0.71558
83.586,148,0.71558
83.599,148,0.71558
83.612,148,0.71558
83.625,148,0.71558
83.639,148,0.71558
83.652,148,0.71558
83.665,148,0.71558
83.678,148,0.71558
83.691,148,0.71558
83.704,148,0.71558
83.717,148,0.71558
83.729,148,0.71558
83.742,148,0.71558
83.755,148,0.71558
83.767,148,0.71558
83.78,148,0.71558
83.793,148,0.71558
83.805,148,0.71558
83.818,148,0.71558
83.83,148,0.71558
83.842,148,0.71558
83.855,148,0.71558
83.867,148,0.71558
83.879,148,0.71558
83.891,148,0.71558
83.903,148,0.71558
83.915,148,0.71558
83.927,148,0.71558
83.939,148,0.71558
83.951,148,0.71558
83.963,148,0.71558
83.975,148,0.71558
83.986,148,0.71558
83.998,148,0.71558
84.01,148,0.71558
84.021,148,0.71558
84.033,148,0.71558
84.044,148,0.71558
84.056,148,0.71558
84.067,148,0.71558
84.078,148,0.71558
84.09,148,0.71558
84.101,148,0.71558
84.112,148,0.71558
84.123,148,0.71558
84.134,148,0.71558
84.145,148,0.71558
84.156,148,0.71558
84.167,148,0.71558
84.178,148,0.71558
84.189,148,0.71558
84.2,148,0.71558
84.21,148,0.71558
84.221,148,0.71558
84.232,148,0.71558
84.242,148,0.71558
84.253,148,0.71558
84.263,148,0.71558
84.274,148,0.71558
84.284,148,0.71558
84.294,148,0.71558
84.305,148,0.71558
84.315,148,0.71558
84.325,148,0.71558
84.335,148,0.71558
84.345,148,0.71558
84.355,148,0.71558
84.365,148,0.71558
84.375,148,0.71558
84.385,148,0.71558
84.395,148,0.71558
84.405,148,0.71558
84.415,148,0.71558
84.424,148,0.71558
84.434,148,0.71558
84.444,148,0.71558
84.453,148,0.71558
84.463,148,0.71558
84.472,148,0.71558
84.482,148,0.71558
84.491,148,0.71558
84.5,148,0.71558
84.51,148,0.71558
84.519,148,0.71558
84.528,148,0.71558
84.537,148,0.71558
84.547,148,0.71558
84.556,148,0.71558
84.565,148,0.71558
84.574,148,0.71558
84.583,148,0.71558
84.592,148,0.71558
84.6,148,0.71558
84.609,148,0.71558
84.618,148,0.71558
84.627,148,0.71558
84.636,148,0.71558
84.644,148,0.71558
84.653,148,0.71558
84.661,148,0.71558
84.67,148,0.71558
84.678,148,0.71558
84.687,148,0.71558
84.695,148,0.71558
84.704,148,0.71558
84.712,148,0.71558
84.72,148,0.71558
84.728,148,0.71558
84.737,148,0.71558
84.745,148,0.71558
84.753,148,0.71558
84.761,148,0.71558
84.769,148,0.71558
84.777,148,0.71558
84.785,148,0.71558
84.793,148,0.71558
84.801,148,0.71558
84.808,148,0.71558
84.816,148,0.71558
84.824,148,0.71558
84.832,148,0.71558
84.839,148,0.71558
84.847,148,0.71558
84.855,148,0.71558
84.862,148,0.71558
84.87,148,0.71558
84.877,148,0.71558
84.885,148,0.71558
84.892,148,0.71558
84.899,148,0.71558
84.907,148,0.71558
84.914,148,0.71558
84.921,148,0.71558
84.928,148,0.71558
84.936,148,0.71558
84.943,148,0.71558
84.95,148,0.71558
84.957,148,0.71558
84.964,148,0.71558
84.971,148,0.71558
84.978,148,0.71558
84.985,148,0.71558
84.992,148,0.71558
84.999,148,0.71558
85.005,148,0.71558
85.012,148,0.71558
85.019,148,0.71558
85.026,148,0.71558
85.032,148,0.71558
85.039,148,0.71558
85.046,148,0.71558
85.052,148,0.71558
85.059,148,0.71558
85.065,148,0.71558
85.072,148,0.71558
85.078,148,0.71558
85.085,148,0.71558
85.091,148,0.71558
85.097,148,0.71558
85.104,148,0.71558
85.11,148,0.71558
85.116,148,0.71558
85.122,148,0.71558
85.129,148,0.71558
85.135,148,0.71558
85.141,148,0.71558
85.147,148,0.71558
85.153,148,0.71558
85.159,148,0.71558
85.165,148,0.71558
85.171,148,0.71558
85.177,148,0.71558
85.183,148,0.71558
85.189,148,0.71558
85.195,148,0.71558
85.201,148,0.71558
85.206,148,0.71558
85.212,148,0.71558
85.218,148,0.71558
85.224,148,0.71558
85.229,148,0.71558
85.235,148,0.71558
85.241,148,0.71558
85.246,148,0.71558
85.252,148,0.71558
85.257,148,0.71558
85.263,148,0.71558
85.268,148,0.71558
85.274,148,0.71558
85.279,148,0.71558
85.285,148,0.71558
85.29,148,0.71558
85.295,148,0.71558
85.301,148,0.71558
85.306,148,0.71558
85.311,148,0.71558
85.317,148,0.71558
85.322,148,0.71558
85.327,148,0.71558
85.332,148,0.71558
85.337,148,0.71558
85.342,148,0.71558
85.348,148,0.71558
85.353,148,0.71558
85.358,148,0.71558
85.363,148,0.71558
85.368,148,0.71558
85.373,148,0.71558
85.378,148,0.71558
85.383,148,0.71558
85.388,148,0.71558
85.393,148,0.71558
85.397,148,0.71558
85.402,148,0.71558
85.407,148,0.71558
85.412,148,0.71558
85.417,148,0.71558
85.422,148,0.71558
85.426,148,0.71558
85.431,148,0.71558
85.436,148,0.71558
85.44,148,0.71558
85.445,148,0.71558
85.45,148,0.71558
85.454,148,0.71558
85.459,148,0.71558
85.464,148,0.71558
85.468,148,0.71558
85.473,148,0.71558
85.477,148,0.71558
85.482,148,0.71558
85.486,148,0.71558
85.491,148,0.71558
85.495,148,0.71558
85.5,148,0.71558
85.504,148,0.71558
85.509,148,0.71558
85.513,148,0.71558
85.517,148,0.71558
85.522,148,0.71558
85.526,148,0.71558
85.53,148,0.71558
85.535,148,0.71558
85.539,148,0.71558
85.543,148,0.71558
85.547,148,0.71558
85.552,148,0.71558
85.556,148,0.71558
85.56,148,0.71558
85.564,148,0.71558
85.569,148,0.71558
85.573,148,0.71558
85.577,148,0.71558
85.581,148,0.71558
85.585,148,0.71558
85.589,148,0.71558
85.593,148,0.71558
85.597,148,0.71558
85.601,148,0.71558
85.606,148,0.71558
85.61,148,0.71558
85.614,148,0.71558
85.618,148,0.71558
85.622,148,0.71558
85.626,148,0.71558
85.63,148,0.71558
85.634,148,0.71558
85.638,148,0.71558
85.641,148,0.71558
85.645,148,0.71558
85.649,148,0.71558
85.653,148,0.71558
85.657,148,0.71558
85.661,148,0.71558
85.665,148,0.71558
85.669,148,0.71558
85.673,148,0.71558
85.676,148,0.71558
85.68,148,0.71558
85.684,148,0.71558
85.688,148,0.71558
85.692,148,0.71558
85.696,148,0.71558
85.699,148,0.71558
85.703,148,0.71558
85.707,148,0.71558
85.711,148,0.71558
85.714,148,0.71558
85.718,148,0.71558
85.722,148,0.71558
85.726,148,0.71558
85.729,148,0.71558
85.733,148,0.71558
85.737,148,0.71558
85.74,148,0.71558
85.744,148,0.71558
85.748,148,0.71558
85.752,148,0.71558
85.755,148,0.71558
85.759,148,0.71558
85.763,148,0.71558
85.766,148,0.71558
85.77,148,0.71558
85.773,148,0.71558
85.777,148,0.71558
85.781,148,0.71558
85.784,148,0.71558
85.788,148,0.71558
85.792,148,0.71558
85.795,148,0.71558
85.799,148,0.71558
85.802,148,0.71558
85.806,148,0.71558
85.81,148,0.71558
85.813,148,0.71558
85.817,148,0.71558
85.82,148,0.71558
85.824,148,0.71558
85.827,148,0.71558
85.831,148,0.71558
85.835,148,0.71558
85.838,148,0.71558
85.842,148,0.71558
85.845,148,0.71558
85.849,148,0.71558
85.852,148,0.71558
85.856,148,0.71558
85.86,148,0.71558
85.863,148,0.71558
85.867,148,0.71558
85.87,148,0.71558
85.874,148,0.71558
85.877,148,0.71558
85.881,148,0.71558
85.884,148,0.71558
85.888,148,0.71558
85.891,148,0.71558
85.895,148,0.71558
85.898,148,0.71558
85.902,148,0.71558
85.906,148,0.71558
85.909,148,0.71558
85.913,148,0.71558
85.916,148,0.71558
85.92,148,0.71558
85.923,148,0.71558
85.927,148,0.71558
85.93,148,0.71558
85.934,148,0.71558
85.937,148,0.71558
85.941,148,0.71558
85.944,148,0.71558
85.948,148,0.71558
85.951,148,0.71558
85.955,148,0.71558
85.959,148,0.71558
85.962,148,0.71558
85.966,148,0.71558
85.969,148,0.71558
85.973,148,0.71558
85.976,148,0.71558
85.98,148,0.71558
85.983,148,0.71558
85.987,148,0.71558
85.991,148,0.71558
85.994,148,0.71558
85.998,148,0.71558
86.001,148,0.71558
86.005,148,0.71558
86.008,148,0.71558
86.012,148,0.71558
86.016,148,0.71558
86.019,148,0.71558
86.023,148,0.71558
86.026,148,0.71558
86.03,148,0.71558
86.034,148,0.71558
86.037,148,0.71558
86.041,148,0.71558
86.044,148,0.71558
86.048,148,0.71558
86.052,148,0.71558
86.055,148,0.71558
86.059,148,0.71558
86.063,148,0.71558
86.066,148,0.71558
86.07,148,0.71558
86.074,148,0.71558
86.077,148,0.71558
86.081,148,0.71558
86.085,148,0.71558
86.088,148,0.71558
86.092,148,0.71558
86.096,148,0.71558
86.099,148,0.71558
86.103,148,0.71558
86.107,148,0.71558
86.111,148,0.71558
86.114,148,0.71558
86.118,148,0.71558
86.122,148,0.71558
86.126,148,0.71558
86.129,148,0.71558
86.133,148,0.71558
86.137,148,0.71558
86.141,148,0.71558
86.144,148,0.71558
86.148,148,0.71558
86.152,148,0.71558
86.156,148,0.71558
86.16,148,0.71558
86.163,148,0.71558
86.167,148,0.71558
86.171,148,0.71558
86.175,148,0.71558
86.179,148,0.71558
86.183,148,0.71558
86.187,148,0.71558
86.19,148,0.71558
86.194,148,0.71558
86.198,148,0.71558
86.202,148,0.71558
86.206,148,0.71558
86.21,148,0.71558
86.214,148,0.71558
86.218,148,0.71558
86.222,148,0.71558
86.226,148,0.71558
86.23,148,0.71558
86.234,148,0.71558
86.238,148,0.71558
86.242,148,0.71558
86.246,148,0.71558
86.25,148,0.71558
86.254,148,0.71558
86.258,148,0.71558
86.262,148,0.71558
86.266,148,0.71558
86.27,148,0.71558
86.274,148,0.71558
86.278,148,0.71558
86.282,148,0.71558
86.286,148,0.71558
86.291,148,0.71558
86.295,148,0.71558
86.299,148,0.71558
86.303,148,0.71558
86.307,148,0.71558
86.311,148,0.71558
86.315,148,0.71558
86.32,148,0.71558
86.324,148,0.71558
86.328,148,0.71558
86.332,148,0.71558
86.337,148,0.71558
86.341,148,0.71558
86.345,148,0.71558
86.349,148,0.71558
86.354,148,0.71558
86.358,148,0.71558
86.362,148,0.71558
86.367,148,0.71558
86.371,148,0.71558
86.375,148,0.71558
86.38,148,0.71558
86.384,148,0.71558
86.388,148,0.71558
86.393,148,0.71558
86.397,148,0.71558
86.401,148,0.71558
86.406,148,0.71558
86.41,148,0.71558
86.415,148,0.71558
86.419,148,0.71558
86.424,148,0.71558
86.428,148,0.71558
86.433,148,0.71558
86.437,148,0.71558
86.442,148,0.71558
86.446,148,0.71558
86.451,148,0.71558
86.455,148,0.71558
86.46,148,0.71558
86.465,148,0.71558
86.469,148,0.71558
86.474,148,0.71558
86.478,148,0.71558
86.483,148,0.71558
86.488,148,0.71558
86.492,148,0.71558
86.497,148,0.71558
86.502,148,0.71558
86.506,148,0.71558
86.511,148,0.71558
86.516,148,0.71558
86.52,148,0.71558
86.525,148,0.71558
86.53,148,0.71558
86.535,148,0.71558
86.54,148,0.71558
86.544,148,0.71558
86.549,148,0.71558
86.554,148,0.71558
86.559,148,0.71558
86.564,148,0.71558
86.569,148,0.71558
86.573,148,0.71558
86.578,148,0.71558
86.583,148,0.71558
86.588,148,0.71558
86.593,148,0.71558
86.598,148,0.71558
86.603,148,0.71558
86.608,148,0.71558
86.613,148,0.71558
86.618,148,0.71558
86.623,148,0.71558
86.628,148,0.71558
86.633,148,0.71558
86.638,148,0.71558
86.643,148,0.71558
86.648,148,0.71558
86.653,148,0.71558
86.658,148,0.71558
86.663,148,0.71558
86.669,148,0.71558
86.674,148,0.71558
86.679,148,0.71558
86.684,148,0.71558
86.689,148,0.71558
86.694,148,0.71558
86.7,148,0.71558
86.705,148,0.71558
86.71,148,0.71558
86.715,148,0.71558
86.721,148,0.71558
86.726,148,0.71558
86.731,148,0.71558
86.737,148,0.71558
86.742,148,0.71558
86.747,148,0.71558
86.753,148,0.71558
86.758,148,0.71558
86.763,148,0.71558
86.769,148,0.71558
86.774,148,0.71558
86.78,148,0.71558
86.785,148,0.71558
86.79,148,0.71558
86.796,148,0.71558
86.801,148,0.71558
86.807,148,0.71558
86.812,148,0.71558
86.818,148,0.71558
86.823,148,0.71558
86.829,148,0.71558
86.835,148,0.71558
86.84,148,0.71558
86.846,148,0.71558
86.851,148,0.71558
86.857,148,0.71558
86.863,148,0.71558
86.868,148,0.71558
86.874,148,0.71558
86.88,148,0.71558
86.885,148,0.71558
86.891,148,0.71558
86.897,148,0.71558
86.902,148,0.71558
86.908,148,0.71558
86.914,148,0.71558
86.92,148,0.71558
86.925,148,0.71558
86.931,148,0.71558
86.937,148,0.71558
86.943,148,0.71558
86.949,148,0.71558
86.954,148,0.71558
86.96,148,0.71558
86.966,148,0.71558
86.972,148,0.71558
86.978,148,0.71558
86.984,148,0.71558
86.99,148,0.71558
86.996,148,0.71558
87.002,148,0.71558
87.008,148,0.71558
87.014,148,0.71558
87.02,148,0.71558
87.026,148,0.71558
87.032,148,0.71558
87.038,148,0.71558
87.044,148,0.71558
87.05,148,0.71558
87.056,148,0.71558
87.062,148,0.71558
87.068,148,0.71558
87.074,148,0.71558
87.08,148,0.71558
87.087,148,0.71558
87.093,148,0.71558
87.099,148,0.71558
87.105,148,0.71558
87.111,148,0.71558
87.117,148,0.71558
87.124,148,0.71558
87.13,148,0.71558
87.136,148,0.71558
87.142,148,0.71558
87.149,148,0.71558
87.155,148,0.71558
87.161,148,0.71558
87.168,148,0.71558
87.174,148,0.71558
87.18,148,0.71558
87.187,148,0.71558
87.193,148,0.71558
87.199,148,0.71558
87.206,148,0.71558
87.212,148,0.71558
87.219,148,0.71558
87.225,148,0.71558
87.231,148,0.71558
87.238,148,0.71558
87.244,148,0.71558
87.251,148,0.71558
87.257,148,0.71558
87.264,148,0.71558
87.27,148,0.71558
87.277,148,0.71558
87.283,148,0.71558
87.29,148,0.71558
87.297,148,0.71558
87.303,148,0.71558
87.31,148,0.71558
87.316,148,0.71558
87.323,148,0.71558
87.33,148,0.71558
87.336,148,0.71558
87.343,148,0.71558
87.349,148,0.71558
87.356,148,0.71558
87.363,148,0.71558
87.37,148,0.71558
87.376,148,0.71558
87.383,148,0.71558
87.39,148,0.71558
87.396,148,0.71558
87.403,148,0.71558
87.41,148,0.71558
87.417,148,0.71558
87.424,148,0.71558
87.43,148,0.71558
87.437,148,0.71558
87.444,148,0.71558
87.451,148,0.71558
87.458,148,0.71558
87.465,148,0.71558
87.471,148,0.71558
87.478,148,0.71558
87.485,148,0.71558
87.492,148,0.71558
87.499,148,0.71558
87.506,148,0.71558
87.513,148,0.71558
87.52,148,0.71558
87.527,148,0.71558
87.534,148,0.71558
87.541,148,0.71558
87.548,148,0.71558
87.555,148,0.71558
87.562,148,0.71558
87.569,148,0.71558
87.576,148,0.71558
87.583,148,0.71558
87.59,148,0.71558
87.597,148,0.71558
87.604,148,0.71558
87.611,148,0.71558
87.618,148,0.71558
87.625,148,0.71558
87.633,148,0.71558
87.64,148,0.71558
87.647,148,0.71558
87.654,148,0.71558
87.661,148,0.71558
87.668,148,0.71558
87.675,148,0.71558
87.683,148,0.71558
87.69,148,0.71558
87.697,148,0.71558
87.704,148,0.71558
87.712,148,0.71558
87.719,148,0.71558
87.726,148,0.71558
87.733,148,0.71558
87.741,148,0.71558
87.748,148,0.71558
87.755,148,0.71558
87.762,148,0.71558
87.77,148,0.71558
87.777,148,0.71558
87.784,148,0.71558
87.792,148,0.71558
87.799,148,0.71558
87.806,148,0.71558
87.814,148,0.71558
87.821,148,0.71558
87.829,148,0.71558
87.836,148,0.71558
87.843,148,0.71558
87.851,148,0.71558
87.858,148,0.71558
87.866,148,0.71558
87.873,148,0.71558
87.881,148,0.71558
87.888,148,0.71558
87.895,148,0.71558
87.903,148,0.71558
87.91,148,0.71558
87.918,148,0.71558
87.925,148,0.71558
87.933,148,0.71558
87.94,148,0.71558
87.948,148,0.71558
87.955,148,0.71558
87.963,148,0.71558
87.971,148,0.71558
87.978,148,0.71558
87.986,148,0.71558
87.993,148,0.71558
88.001,148,0.71558
88.008,148,0.71558
88.016,148,0.71558
88.024,148,0.71558
88.031,148,0.71558
88.039,148,0.71558
88.046,148,0.71558
88.054,148,0.71558
88.062,148,0.71558
88.069,148,0.71558
88.077,148,0.71558
88.085,148,0.71558
88.092,148,0.71558
88.1,148,0.71558
88.108,148,0.71558
88.115,148,0.71558
88.123,148,0.71558
88.131,148,0.71558
88.139,148,0.71558
88.146,148,0.71558
88.154,148,0.71558
88.162,148,0.71558
88.169,148,0.71558
88.177,148,0.71558
88.185,148,0.71558
88.193,148,0.71558
88.2,148,0.71558
88.208,148,0.71558
88.216,148,0.71558
88.224,148,0.71558
88.232,148,0.71558
88.239,148,0.71558
88.247,148,0.71558
88.255,148,0.71558
88.263,148,0.71558
88.271,148,0.71558
88.279,148,0.71558
88.286,148,0.71558
88.294,148,0.71558
88.302,148,0.71558
88.31,148,0.71558
88.318,148,0.71558
88.326,148,0.71558
88.333,148,0.71558
88.341,148,0.71558
88.349,148,0.71558
88.357,148,0.71558
88.365,148,0.71558
88.373,148,0.71558
88.381,148,0.71558
88.389,148,0.71558
88.397,148,0.71558
88.405,148,0.71558
88.413,148,0.71558
88.42,148,0.71558
88.428,148,0.71558
88.436,148,0.71558
88.444,148,0.71558
88.452,148,0.71558
88.46,148,0.71558
88.468,148,0.71558
88.476,148,0.71558
88.484,148,0.71558
88.492,148,0.71558
88.5,148,0.71558
88.508,148,0.71558
88.516,148,0.71558
88.524,148,0.71558
88.532,148,0.71558
88.54,148,0.71558
88.548,148,0.71558
88.556,148,0.71558
88.564,148,0.71558
88.572,148,0.71558
88.58,148,0.71558
88.588,148,0.71558
88.596,148,0.71558
88.604,148,0.71558
88.612,148,0.71558
88.62,148,0.71558
88.628,148,0.71558
88.636,148,0.71558
88.644,148,0.71558
88.653,148,0.71558
88.661,148,0.71558
88.669,148,0.71558
88.677,148,0.71558
88.685,148,0.71558
88.693,148,0.71558
88.701,148,0.71558
88.709,148,0.71558
88.717,148,0.71558
88.725,148,0.71558
88.733,148,0.71558
88.741,148,0.71558
88.75,148,0.71558
88.758,148,0.71558
88.766,148,0.71558
88.774,148,0.71558
88.782,148,0.71558
88.79,148,0.71558
88.798,148,0.71558
88.806,148,0.71558
88.814,148,0.71558
88.823,148,0.71558
88.831,148,0.71558
88.839,148,0.71558
88.847,148,0.71558
88.855,148,0.71558
88.863,148,0.71558
88.871,148,0.71558
88.88,148,0.71558
88.888,148,0.71558
88.896,148,0.71558
88.904,148,0.71558
88.912,148,0.71558
88.92,148,0.71558
88.928,148,0.71558
88.937,148,0.71558
88.945,148,0.71558
88.953,148,0.71558
88.961,148,0.71558
88.969,148,0.71558
88.977,148,0.71558
88.986,148,0.71558
88.994,148,0.71558
89.002,148,0.71558
89.01,148,0.71558
89.018,148,0.71558
89.026,148,0.71558
89.035,148,0.71558
89.043,148,0.71558
89.051,148,0.71558
89.059,148,0.71558
89.067,148,0.71558
89.076,148,0.71558
89.084,148,0.71558
89.092,148,0.71558
89.1,148,0.71558
89.108,148,0.71558
89.117,148,0.71558
89.125,148,0.71558
89.133,148,0.71558
