0,100,1.347e-05
-14.76,100,1.3605e-05
-153.17,100,1.3742e-05
-190.7,100,1.388e-05
127.08,100,1.402e-05
157.72,100,1.416e-05
54.163,100,1.4303e-05
14.394,100,1.4446e-05
4.0623,100,1.4592e-05
1.3365,100,1.4738e-05
0.53783,100,1.4886e-05
0.27619,100,1.5036e-05
0.18183,100,1.5187e-05
0.14527,100,1.534e-05
0.13059,100,1.5494e-05
0.12487,100,1.565e-05
0.12311,100,1.5807e-05
0.12318,100,1.5966e-05
0.12417,100,1.6126e-05
0.12563,100,1.6288e-05
0.12734,100,1.6452e-05
0.1292,100,1.6617e-05
0.13114,100,1.6784e-05
0.13314,100,1.6953e-05
0.13517,100,1.7123e-05
0.13722,100,1.7295e-05
0.13928,100,1.7469e-05
0.14135,100,1.7645e-05
0.14343,100,1.7822e-05
0.14552,100,1.8001e-05
0.1476,100,1.8182e-05
0.14969,100,1.8365e-05
0.15178,100,1.8549e-05
0.15388,100,1.8736e-05
0.15597,100,1.8924e-05
0.15807,100,1.9114e-05
0.16016,100,1.9306e-05
0.16226,100,1.95e-05
0.16435,100,1.9696e-05
0.16645,100,1.9894e-05
0.16855,100,2.0094e-05
0.17064,100,2.0296e-05
0.17274,100,2.05e-05
0.17484,100,2.0706e-05
0.17694,100,2.0914e-05
0.17904,100,2.1124e-05
0.18115,100,2.1337e-05
0.18325,100,2.1551e-05
0.18536,100,2.1768e-05
0.18747,100,2.1986e-05
0.18958,100,2.2207e-05
0.1917,100,2.243e-05
0.19382,100,2.2656e-05
0.19595,100,2.2884e-05
0.19808,100,2.3114e-05
0.20022,100,2.3346e-05
0.20236,100,2.358e-05
0.20452,100,2.3817e-05
0.20668,100,2.4057e-05
0.20884,100,2.4299e-05
0.21102,100,2.4543e-05
0.21321,100,2.4789e-05
0.21541,100,2.5038e-05
0.21762,100,2.529e-05
0.21984,100,2.5544e-05
0.22208,100,2.5801e-05
0.22433,100,2.606e-05
0.2266,100,2.6322e-05
0.22888,100,2.6587e-05
0.23118,100,2.6854e-05
0.2335,100,2.7124e-05
0.23584,100,2.7396e-05
0.2382,100,2.7672e-05
0.24057,100,2.795e-05
0.24298,100,2.823e-05
0.2454,100,2.8514e-05
0.24785,100,2.8801e-05
0.25032,100,2.909e-05
0.25282,100,2.9382e-05
0.25535,100,2.9678e-05
0.25791,100,2.9976e-05
0.26049,100,3.0277e-05
0.26311,100,3.0581e-05
0.26576,100,3.0889e-05
0.26844,100,3.1199e-05
0.27116,100,3.1513e-05
0.27391,100,3.1829e-05
0.2767,100,3.2149e-05
0.27952,100,3.2472e-05
0.28238,100,3.2799e-05
0.28528,100,3.3128e-05
0.28823,100,3.3461e-05
0.29121,100,3.3797e-05
0.29424,100,3.4137e-05
0.2973,100,3.448e-05
0.30042,100,3.4827e-05
0.30358,100,3.5177e-05
0.30678,100,3.553e-05
0.31004,100,3.5887e-05
0.31334,100,3.6248e-05
0.31669,100,3.6612e-05
0.32009,100,3.698e-05
0.32354,100,3.7351e-05
0.32704,100,3.7727e-05
0.3306,100,3.8106e-05
0.3342,100,3.8489e-05
0.33787,100,3.8876e-05
0.34158,100,3.9266e-05
0.34536,100,3.9661e-05
0.34919,100,4.0059e-05
0.35307,100,4.0462e-05
0.35702,100,4.0868e-05
0.36102,100,4.1279e-05
0.36508,100,4.1694e-05
0.3692,100,4.2113e-05
0.37338,100,4.2536e-05
0.37763,100,4.2964e-05
0.38193,100,4.3395e-05
0.38629,100,4.3831e-05
0.39072,100,4.4272e-05
0.39521,100,4.4717e-05
0.39977,100,4.5166e-05
0.40439,100,4.562e-05
0.40907,100,4.6078e-05
0.41382,100,4.6541e-05
0.41863,100,4.7009e-05
0.42351,100,4.7481e-05
0.42845,100,4.7958e-05
0.43346,100,4.844e-05
0.43854,100,4.8927e-05
0.44368,100,4.9419e-05
0.4489,100,4.9915e-05
0.45418,100,5.0417e-05
0.45953,100,5.0924e-05
0.46494,100,5.1435e-05
0.47043,100,5.1952e-05
0.47599,100,5.2474e-05
0.48161,100,5.3001e-05
0.48731,100,5.3534e-05
0.49308,100,5.4072e-05
0.49891,100,5.4615e-05
0.50482,100,5.5164e-05
0.5108,100,5.5718e-05
0.51686,100,5.6278e-05
0.52298,100,5.6844e-05
0.52918,100,5.7415e-05
0.53545,100,5.7992e-05
0.5418,100,5.8575e-05
0.54822,100,5.9163e-05
0.55471,100,5.9758e-05
0.56128,100,6.0358e-05
0.56793,100,6.0964e-05
0.57465,100,6.1577e-05
0.58145,100,6.2196e-05
0.58833,100,6.2821e-05
0.59529,100,6.3452e-05
0.60232,100,6.409e-05
0.60943,100,6.4733e-05
0.61663,100,6.5384e-05
0.6239,100,6.6041e-05
0.63126,100,6.6704e-05
0.6387,100,6.7375e-05
0.64622,100,6.8052e-05
0.65383,100,6.8735e-05
0.66152,100,6.9426e-05
0.6693,100,7.0124e-05
0.67716,100,7.0828e-05
0.68512,100,7.154e-05
0.69316,100,7.2259e-05
0.70129,100,7.2985e-05
0.70951,100,7.3718e-05
0.71782,100,7.4459e-05
0.72623,100,7.5207e-05
0.73473,100,7.5963e-05
0.74333,100,7.6726e-05
0.75203,100,7.7497e-05
0.76082,100,7.8275e-05
0.76971,100,7.9062e-05
0.7787,100,7.9856e-05
0.7878,100,8.0659e-05
0.797,100,8.1469e-05
0.80631,100,8.2288e-05
0.81572,100,8.3114e-05
0.82524,100,8.3949e-05
0.83487,100,8.4793e-05
0.84461,100,8.5645e-05
0.85447,100,8.6505e-05
0.86444,100,8.7374e-05
0.87453,100,8.8252e-05
0.88474,100,8.9139e-05
0.89506,100,9.0035e-05
0.90551,100,9.0939e-05
0.91609,100,9.1853e-05
0.92679,100,9.2776e-05
0.93762,100,9.3708e-05
0.94858,100,9.4649e-05
0.95968,100,9.56e-05
0.97091,100,9.6561e-05
0.98227,100,9.7531e-05
0.99378,100,9.8511e-05
1.0054,100,9.95e-05
1.0172,100,0.0001005
1.0292,100,0.00010151
1.0412,100,0.00010253
1.0535,100,0.00010356
1.0659,100,0.0001046
1.0784,100,0.00010565
1.0911,100,0.00010671
1.104,100,0.00010778
1.117,100,0.00010887
1.1302,100,0.00010996
1.1435,100,0.00011107
1.1571,100,0.00011218
1.1708,100,0.00011331
1.1847,100,0.00011445
1.1987,100,0.0001156
1.213,100,0.00011676
1.2274,100,0.00011793
1.242,100,0.00011912
1.2568,100,0.00012031
1.2718,100,0.00012152
1.287,100,0.00012274
1.3024,100,0.00012397
1.3179,100,0.00012522
1.3337,100,0.00012648
1.3497,100,0.00012775
1.3659,100,0.00012903
1.3824,100,0.00013033
1.399,100,0.00013164
1.4159,100,0.00013296
1.4329,100,0.0001343
1.4502,100,0.00013564
1.4678,100,0.00013701
1.4855,100,0.00013838
1.5035,100,0.00013977
1.5218,100,0.00014118
1.5403,100,0.0001426
1.559,100,0.00014403
1.5779,100,0.00014548
1.5972,100,0.00014694
1.6166,100,0.00014841
1.6364,100,0.0001499
1.6564,100,0.00015141
1.6766,100,0.00015293
1.6971,100,0.00015447
1.7179,100,0.00015602
1.739,100,0.00015759
1.7603,100,0.00015917
1.782,100,0.00016077
1.8039,100,0.00016238
1.8261,100,0.00016401
1.8485,100,0.00016566
1.8713,100,0.00016732
1.8944,100,0.000169
1.9178,100,0.0001707
1.9415,100,0.00017242
1.9655,100,0.00017415
1.9898,100,0.0001759
2.0144,100,0.00017766
2.0393,100,0.00017945
2.0646,100,0.00018125
2.0902,100,0.00018307
2.1161,100,0.00018491
2.1424,100,0.00018677
2.169,100,0.00018864
2.196,100,0.00019054
2.2233,100,0.00019245
2.2509,100,0.00019439
2.2789,100,0.00019634
2.3073,100,0.00019831
2.336,100,0.0002003
2.3651,100,0.00020231
2.3946,100,0.00020434
2.4244,100,0.0002064
2.4546,100,0.00020847
2.4853,100,0.00021056
2.5163,100,0.00021268
2.5477,100,0.00021481
2.5795,100,0.00021697
2.6116,100,0.00021915
2.6443,100,0.00022135
2.6773,100,0.00022357
2.7107,100,0.00022582
2.7446,100,0.00022809
2.7788,100,0.00023038
2.8136,100,0.00023269
2.8487,100,0.00023503
2.8843,100,0.00023739
2.9203,100,0.00023977
2.9568,100,0.00024218
2.9938,100,0.00024461
3.0312,100,0.00024707
3.0691,100,0.00024955
3.1074,100,0.00025205
3.1462,100,0.00025459
3.1856,100,0.00025714
3.2254,100,0.00025972
3.2656,100,0.00026233
3.3064,100,0.00026497
3.3477,100,0.00026763
3.3896,100,0.00027031
3.4319,100,0.00027303
3.4747,100,0.00027577
3.5181,100,0.00027854
3.562,100,0.00028134
3.6065,100,0.00028416
3.6515,100,0.00028701
3.6971,100,0.0002899
3.7432,100,0.00029281
3.7899,100,0.00029575
3.8372,100,0.00029871
3.885,100,0.00030171
3.9334,100,0.00030474
3.9825,100,0.0003078
4.0321,100,0.00031089
4.0823,100,0.00031401
4.1332,100,0.00031717
4.1846,100,0.00032035
4.2367,100,0.00032357
4.2895,100,0.00032682
4.3428,100,0.0003301
4.3969,100,0.00033341
4.4515,100,0.00033676
4.5069,100,0.00034014
4.5629,100,0.00034355
4.6196,100,0.000347
4.677,100,0.00035048
4.7351,100,0.000354
4.7939,100,0.00035756
4.8534,100,0.00036114
4.9136,100,0.00036477
4.9746,100,0.00036843
5.0362,100,0.00037213
5.0987,100,0.00037586
5.1619,100,0.00037964
5.2258,100,0.00038345
5.2905,100,0.0003873
5.356,100,0.00039118
5.4223,100,0.00039511
5.4894,100,0.00039908
5.5573,100,0.00040308
5.626,100,0.00040713
5.6955,100,0.00041121
5.7659,100,0.00041534
5.8371,100,0.00041951
5.9092,100,0.00042372
5.9821,100,0.00042797
6.0559,100,0.00043227
6.1306,100,0.0004366
6.2061,100,0.00044098
6.2826,100,0.00044541
6.36,100,0.00044988
6.4383,100,0.00045439
6.5175,100,0.00045895
6.5977,100,0.00046356
6.6788,100,0.00046821
6.7609,100,0.00047291
6.844,100,0.00047765
6.928,100,0.00048245
7.0131,100,0.00048729
7.0991,100,0.00049218
7.1862,100,0.00049711
7.2743,100,0.0005021
7.3634,100,0.00050714
7.4536,100,0.00051223
7.5448,100,0.00051737
7.6371,100,0.00052256
7.7305,100,0.0005278
7.825,100,0.00053309
7.9206,100,0.00053844
8.0173,100,0.00054384
8.1152,100,0.0005493
8.2142,100,0.00055481
8.3144,100,0.00056038
8.4157,100,0.000566
8.5182,100,0.00057167
8.6219,100,0.00057741
8.7268,100,0.0005832
8.8329,100,0.00058905
8.9403,100,0.00059496
9.0489,100,0.00060092
9.1588,100,0.00060695
9.2699,100,0.00061304
9.3823,100,0.00061919
9.496,100,0.0006254
9.6111,100,0.00063167
9.7274,100,0.000638
9.8451,100,0.0006444
9.9642,100,0.00065086
10.085,100,0.00065739
10.206,100,0.00066398
10.33,100,0.00067064
10.454,100,0.00067737
10.58,100,0.00068416
10.708,100,0.00069102
10.837,100,0.00069795
10.967,100,0.00070494
11.099,100,0.00071201
11.233,100,0.00071915
11.367,100,0.00072636
11.504,100,0.00073364
11.642,100,0.000741
11.782,100,0.00074843
11.923,100,0.00075593
12.066,100,0.00076351
12.21,100,0.00077116
12.356,100,0.00077889
12.504,100,0.0007867
12.653,100,0.00079458
12.804,100,0.00080255
12.957,100,0.00081059
13.111,100,0.00081871
13.267,100,0.00082692
13.425,100,0.00083521
13.585,100,0.00084358
13.747,100,0.00085203
13.91,100,0.00086057
14.075,100,0.00086919
14.242,100,0.0008779
14.411,100,0.0008867
14.582,100,0.00089558
14.754,100,0.00090456
14.929,100,0.00091362
15.105,100,0.00092277
15.284,100,0.00093202
15.464,100,0.00094135
15.647,100,0.00095078
15.831,100,0.00096031
16.018,100,0.00096993
16.206,100,0.00097964
16.397,100,0.00098946
16.59,100,0.00099937
16.785,100,0.0010094
16.982,100,0.0010195
17.181,100,0.0010297
17.383,100,0.00104
17.586,100,0.0010504
17.792,100,0.0010609
18.001,100,0.0010716
18.211,100,0.0010823
18.424,100,0.0010931
18.639,100,0.0011041
18.856,100,0.0011151
19.076,100,0.0011263
19.299,100,0.0011376
19.523,100,0.001149
19.75,100,0.0011605
19.98,100,0.0011721
20.212,100,0.0011838
20.447,100,0.0011957
20.684,100,0.0012076
20.924,100,0.0012197
21.166,100,0.0012319
21.411,100,0.0012443
21.659,100,0.0012567
21.909,100,0.0012693
22.163,100,0.001282
22.418,100,0.0012948
22.677,100,0.0013078
22.938,100,0.0013209
23.203,100,0.0013341
23.47,100,0.0013474
23.74,100,0.0013609
24.013,100,0.0013745
24.289,100,0.0013883
24.567,100,0.0014021
24.849,100,0.0014162
25.134,100,0.0014303
25.422,100,0.0014446
25.713,100,0.0014591
26.007,100,0.0014737
26.304,100,0.0014884
26.605,100,0.0015033
26.908,100,0.0015183
27.215,100,0.0015335
27.526,100,0.0015488
27.839,100,0.0015643
28.156,100,0.00158
28.476,100,0.0015958
28.8,100,0.0016117
29.127,100,0.0016278
29.458,100,0.0016441
29.792,100,0.0016605
30.13,100,0.0016771
30.471,100,0.0016939
30.816,100,0.0017108
31.164,100,0.0017279
31.516,100,0.0017452
31.872,100,0.0017626
32.232,100,0.0017802
32.596,100,0.001798
32.963,100,0.0018159
33.334,100,0.0018341
33.71,100,0.0018524
34.089,100,0.0018709
34.472,100,0.0018896
34.859,100,0.0019084
35.251,100,0.0019275
35.646,100,0.0019467
36.046,100,0.0019662
36.449,100,0.0019858
36.857,100,0.0020056
37.27,100,0.0020257
37.686,100,0.0020459
38.107,100,0.0020663
38.533,100,0.0020869
38.963,100,0.0021077
39.397,100,0.0021288
39.836,100,0.00215
40.279,100,0.0021715
40.728,100,0.0021931
41.18,100,0.002215
41.638,100,0.0022371
42.1,100,0.0022594
42.567,100,0.0022819
43.039,100,0.0023047
43.516,100,0.0023277
43.998,100,0.0023509
44.485,100,0.0023743
44.977,100,0.002398
45.474,100,0.0024219
45.976,100,0.002446
46.483,100,0.0024704
46.996,100,0.002495
47.514,100,0.0025199
48.037,100,0.002545
48.566,100,0.0025703
49.1,100,0.002596
49.64,100,0.0026218
50.185,100,0.0026479
50.736,100,0.0026743
51.293,100,0.0027009
51.855,100,0.0027278
52.423,100,0.002755
52.997,100,0.0027824
53.577,100,0.0028101
54.163,100,0.0028381
54.755,100,0.0028663
55.353,100,0.0028949
55.957,100,0.0029237
56.567,100,0.0029528
57.183,100,0.0029821
57.806,100,0.0030118
58.435,100,0.0030418
59.071,100,0.003072
59.713,100,0.0031026
60.362,100,0.0031334
61.017,100,0.0031646
61.679,100,0.003196
62.348,100,0.0032278
63.023,100,0.0032599
63.706,100,0.0032923
64.395,100,0.003325
65.091,100,0.003358
65.795,100,0.0033914
66.505,100,0.0034251
67.223,100,0.0034591
67.948,100,0.0034935
68.681,100,0.0035282
69.421,100,0.0035632
70.168,100,0.0035986
70.923,100,0.0036343
71.685,100,0.0036704
72.456,100,0.0037068
73.234,100,0.0037436
74.02,100,0.0037807
74.814,100,0.0038182
75.615,100,0.0038561
76.425,100,0.0038944
77.244,100,0.003933
78.07,100,0.003972
78.905,100,0.0040114
79.748,100,0.0040511
80.599,100,0.0040913
81.459,100,0.0041318
82.328,100,0.0041728
83.205,100,0.0042141
84.092,100,0.0042558
84.987,100,0.004298
85.891,100,0.0043406
86.804,100,0.0043835
87.726,100,0.0044269
88.658,100,0.0044708
89.599,100,0.004515
90.549,100,0.0045597
91.508,100,0.0046048
92.478,100,0.0046504
93.457,100,0.0046964
94.445,100,0.0047428
95.444,100,0.0047897
96.452,100,0.004837
97.471,100,0.0048849
98.499,100,0.0049331
99.538,100,0.0049819
100.59,100,0.0050311
101.65,100,0.0050808
102.72,100,0.005131
103.8,100,0.0051816
104.89,100,0.0052328
105.99,100,0.0052845
107.1,100,0.0053366
108.23,100,0.0053893
109.36,100,0.0054424
110.51,100,0.0054961
111.67,100,0.0055503
112.84,100,0.0056051
114.02,100,0.0056603
115.21,100,0.0057161
116.41,100,0.0057724
117.63,100,0.0058293
118.86,100,0.0058867
120.1,100,0.0059447
121.35,100,0.0060033
122.61,100,0.0060624
123.89,100,0.006122
125.18,100,0.0061823
126.48,100,0.0062431
127.8,100,0.0063045
129.12,100,0.0063665
130.46,100,0.0064291
131.82,100,0.0064923
133.18,100,0.0065561
134.56,100,0.0066205
135.96,100,0.0066856
137.36,100,0.0067512
138.78,100,0.0068175
140.22,100,0.0068845
141.67,100,0.006952
143.13,100,0.0070202
144.61,100,0.0070891
146.1,100,0.0071586
147.6,100,0.0072288
149.12,100,0.0072997
150.66,100,0.0073712
152.21,100,0.0074435
153.77,100,0.0075164
155.35,100,0.00759
156.95,100,0.0076643
158.56,100,0.0077393
160.18,100,0.007815
161.83,100,0.0078915
163.48,100,0.0079687
165.16,100,0.0080466
166.85,100,0.0081252
168.55,100,0.0082046
170.27,100,0.0082848
172.01,100,0.0083657
173.77,100,0.0084474
175.54,100,0.0085299
177.33,100,0.0086131
179.13,100,0.0086971
180.96,100,0.0087819
182.8,100,0.0088676
184.66,100,0.008954
186.53,100,0.0090412
188.43,100,0.0091293
190.34,100,0.0092182
192.27,100,0.0093079
194.22,100,0.0093985
196.18,100,0.00949
198.17,100,0.0095823
200.17,100,0.0096754
202.2,100,0.0097695
204.24,100,0.0098644
206.3,100,0.0099602
208.38,100,0.010057
210.48,100,0.010155
212.6,100,0.010253
214.74,100,0.010352
216.9,100,0.010453
219.08,100,0.010554
221.28,100,0.010656
223.51,100,0.01076
225.75,100,0.010864
228.01,100,0.010969
230.3,100,0.011075
232.6,100,0.011182
234.93,100,0.01129
237.28,100,0.011399
239.65,100,0.01151
242.05,100,0.011621
244.46,100,0.011733
246.9,100,0.011846
249.36,100,0.01196
251.85,100,0.012076
254.35,100,0.012192
256.88,100,0.012309
259.44,100,0.012428
262.01,100,0.012548
264.61,100,0.012668
267.24,100,0.01279
269.89,100,0.012913
272.56,100,0.013037
275.26,100,0.013162
277.98,100,0.013289
280.73,100,0.013416
283.5,100,0.013545
286.3,100,0.013675
289.12,100,0.013806
291.97,100,0.013938
294.85,100,0.014072
297.75,100,0.014206
300.68,100,0.014342
303.63,100,0.014479
306.61,100,0.014618
309.62,100,0.014757
312.65,100,0.014898
315.72,100,0.01504
318.81,100,0.015184
321.92,100,0.015328
325.07,100,0.015474
328.24,100,0.015622
331.45,100,0.01577
334.68,100,0.01592
337.94,100,0.016072
341.23,100,0.016224
344.55,100,0.016378
347.9,100,0.016534
351.28,100,0.016691
354.68,100,0.016849
358.12,100,0.017008
361.59,100,0.017169
365.09,100,0.017332
368.62,100,0.017496
372.18,100,0.017661
375.78,100,0.017828
379.4,100,0.017996
383.06,100,0.018166
386.75,100,0.018337
390.47,100,0.01851
394.22,100,0.018685
398.01,100,0.01886
401.83,100,0.019038
405.68,100,0.019217
409.57,100,0.019397
413.49,100,0.019579
417.44,100,0.019763
421.43,100,0.019948
425.45,100,0.020135
429.51,100,0.020324
433.6,100,0.020514
437.72,100,0.020706
441.89,100,0.020899
446.08,100,0.021094
450.32,100,0.021291
454.59,100,0.021489
458.89,100,0.02169
463.23,100,0.021891
467.61,100,0.022095
472.03,100,0.0223
476.48,100,0.022508
480.97,100,0.022716
485.5,100,0.022927
490.07,100,0.02314
494.67,100,0.023354
499.32,100,0.02357
504,100,0.023788
508.72,100,0.024008
513.48,100,0.024229
518.28,100,0.024453
523.12,100,0.024678
528,100,0.024905
532.91,100,0.025134
537.87,100,0.025365
542.87,100,0.025598
547.91,100,0.025833
553,100,0.02607
558.12,100,0.026309
563.28,100,0.026549
568.49,100,0.026792
573.74,100,0.027037
579.03,100,0.027283
584.36,100,0.027532
589.74,100,0.027783
595.16,100,0.028036
600.62,100,0.028291
606.12,100,0.028548
611.67,100,0.028807
617.27,100,0.029068
622.9,100,0.029331
628.58,100,0.029597
634.31,100,0.029864
640.08,100,0.030134
645.89,100,0.030406
651.76,100,0.03068
657.66,100,0.030956
663.61,100,0.031234
669.61,100,0.031515
675.65,100,0.031797
681.74,100,0.032082
687.88,100,0.03237
694.06,100,0.032659
700.29,100,0.032951
706.57,100,0.033245
712.89,100,0.033541
719.26,100,0.03384
725.68,100,0.034141
732.15,100,0.034444
738.66,100,0.03475
745.22,100,0.035058
751.83,100,0.035368
758.49,100,0.035681
765.2,100,0.035996
771.96,100,0.036314
778.77,100,0.036633
785.62,100,0.036956
792.53,100,0.03728
799.48,100,0.037608
806.48,100,0.037937
813.54,100,0.038269
820.64,100,0.038604
827.8,100,0.038941
835,100,0.039281
842.25,100,0.039623
849.56,100,0.039967
856.92,100,0.040314
864.32,100,0.040664
871.78,100,0.041016
879.29,100,0.041371
886.85,100,0.041728
894.46,100,0.042088
902.12,100,0.042451
909.83,100,0.042816
917.6,100,0.043183
925.41,100,0.043554
933.28,100,0.043926
941.2,100,0.044302
949.17,100,0.04468
957.2,100,0.045061
965.27,100,0.045445
973.4,100,0.045831
981.58,100,0.04622
989.81,100,0.046611
998.09,100,0.047005
1006.4,100,0.047402
1014.8,100,0.047802
1023.2,100,0.048204
1031.7,100,0.048609
1040.3,100,0.049017
1048.9,100,0.049428
1057.5,100,0.049841
1066.2,100,0.050257
1075,100,0.050676
1083.8,100,0.051098
1092.6,100,0.051522
1101.5,100,0.051949
1110.5,100,0.052379
1119.5,100,0.052812
1128.6,100,0.053247
1137.7,100,0.053686
1146.8,100,0.054127
1156,100,0.054571
1165.3,100,0.055017
1174.6,100,0.055467
1184,100,0.055919
1193.4,100,0.056375
1202.8,100,0.056833
1212.4,100,0.057294
1221.9,100,0.057757
1231.5,100,0.058224
1241.2,100,0.058693
1250.9,100,0.059165
1260.7,100,0.059641
1270.5,100,0.060119
1280.3,100,0.060599
1290.2,100,0.061083
1300.2,100,0.061569
1310.2,100,0.062059
1320.2,100,0.062551
1330.3,100,0.063046
1340.5,100,0.063544
1350.6,100,0.064045
1360.9,100,0.064548
1371.1,100,0.065055
1381.5,100,0.065564
1391.8,100,0.066076
1402.2,100,0.066591
1412.7,100,0.067109
1423.2,100,0.06763
1433.7,100,0.068154
1444.3,100,0.06868
1454.9,100,0.069209
1465.6,100,0.069741
1476.3,100,0.070276
1487,100,0.070814
1497.8,100,0.071355
1508.6,100,0.071898
1519.4,100,0.072444
1530.3,100,0.072993
1541.3,100,0.073545
1552.2,100,0.074099
1563.2,100,0.074657
1574.3,100,0.075217
1585.3,100,0.07578
1596.4,100,0.076345
1607.6,100,0.076914
1618.7,100,0.077485
1629.9,100,0.078059
1641.2,100,0.078635
1652.4,100,0.079215
1663.7,100,0.079797
1675,100,0.080381
1686.4,100,0.080969
1697.7,100,0.081559
1709.1,100,0.082151
1720.5,100,0.082747
1732,100,0.083345
1743.4,100,0.083945
1754.9,100,0.084549
1766.4,100,0.085155
1778,100,0.085763
1789.5,100,0.086374
1801.1,100,0.086988
1812.6,100,0.087604
1824.2,100,0.088222
1835.8,100,0.088844
1847.5,100,0.089467
1859.1,100,0.090093
1870.8,100,0.090722
1882.4,100,0.091353
1894.1,100,0.091986
1905.8,100,0.092622
1917.5,100,0.093261
1929.1,100,0.093901
1940.8,100,0.094544
1952.5,100,0.09519
1964.3,100,0.095837
1976,100,0.096487
1987.7,100,0.097139
1999.4,100,0.097794
2011.1,100,0.098451
2022.8,100,0.09911
2034.5,100,0.099771
2046.2,100,0.10043
2057.9,100,0.1011
2069.5,100,0.10177
2081.2,100,0.10244
2092.9,100,0.10311
2104.5,100,0.10378
2116.1,100,0.10446
2127.8,100,0.10514
2139.4,100,0.10582
2151,100,0.1065
2162.5,100,0.10718
2174.1,100,0.10787
2185.6,100,0.10855
2197.1,100,0.10924
2208.6,100,0.10993
2220.1,100,0.11063
2231.5,100,0.11132
2242.9,100,0.11202
2254.3,100,0.11272
2265.6,100,0.11342
2277,100,0.11412
2288.2,100,0.11482
2299.5,100,0.11553
2310.7,100,0.11623
2321.9,100,0.11694
2333,100,0.11765
2344.1,100,0.11836
2355.2,100,0.11907
2366.2,100,0.11979
2377.2,100,0.1205
2388.1,100,0.12122
2399,100,0.12193
2409.9,100,0.12265
2420.7,100,0.12337
2431.4,100,0.12409
2442.1,100,0.12482
2452.8,100,0.12554
2463.4,100,0.12627
2473.9,100,0.12699
2484.4,100,0.12772
2494.8,100,0.12845
2505.2,100,0.12918
2515.5,100,0.1299
2525.7,100,0.13064
2535.9,100,0.13137
2546,100,0.1321
2556.1,100,0.13283
2566.1,100,0.13357
2576,100,0.1343
2585.9,100,0.13504
2595.7,100,0.13577
2605.4,100,0.13651
2615.1,100,0.13725
2624.6,100,0.13799
2634.1,100,0.13872
2643.6,100,0.13946
2652.9,100,0.1402
2662.2,100,0.14094
2671.4,100,0.14168
2680.5,100,0.14242
2689.6,100,0.14316
2698.6,100,0.1439
2707.5,100,0.14464
2716.3,100,0.14539
2725,100,0.14613
2733.6,100,0.14687
2742.2,100,0.14761
2750.6,100,0.14835
2759,100,0.14909
2767.3,100,0.14984
2775.5,100,0.15058
2783.7,100,0.15132
2791.7,100,0.15206
2799.6,100,0.1528
2807.5,100,0.15354
2815.2,100,0.15428
2822.9,100,0.15502
2830.5,100,0.15576
2837.9,100,0.1565
2845.3,100,0.15724
2852.6,100,0.15798
2859.8,100,0.15872
2866.9,100,0.15946
2873.9,100,0.1602
2880.8,100,0.16093
2887.6,100,0.16167
2894.3,100,0.1624
2900.9,100,0.16314
2907.4,100,0.16387
2913.8,100,0.16461
2920.1,100,0.16534
2926.3,100,0.16607
2932.5,100,0.1668
2938.5,100,0.16753
2944.4,100,0.16826
2950.2,100,0.16899
2955.9,100,0.16971
2961.4,100,0.17044
2966.9,100,0.17117
2972.3,100,0.17189
2977.6,100,0.17261
2982.8,100,0.17333
2987.9,100,0.17405
2992.8,100,0.17477
2997.7,100,0.17549
3002.5,100,0.17621
3007.1,100,0.17692
3011.7,100,0.17763
3016.1,100,0.17835
3020.4,100,0.17906
3024.7,100,0.17977
3028.8,100,0.18047
3032.8,100,0.18118
3036.8,100,0.18188
3040.6,100,0.18259
3044.3,100,0.18329
3047.9,100,0.18399
3051.4,100,0.18469
3054.8,100,0.18538
3058.1,100,0.18608
3061.2,100,0.18677
3064.3,100,0.18746
3067.3,100,0.18815
3070.1,100,0.18884
3072.9,100,0.18952
3075.6,100,0.19021
3078.1,100,0.19089
3080.6,100,0.19157
3082.9,100,0.19225
3085.2,100,0.19292
3087.3,100,0.1936
3089.3,100,0.19427
3091.3,100,0.19494
3093.1,100,0.19561
3094.8,100,0.19627
3096.4,100,0.19694
3098,100,0.1976
3099.4,100,0.19826
3100.7,100,0.19891
3101.9,100,0.19957
3103,100,0.20022
3104.1,100,0.20087
3105,100,0.20152
3105.8,100,0.20216
3106.5,100,0.2028
3107.1,100,0.20345
3107.7,100,0.20408
3108.1,100,0.20472
3108.4,100,0.20535
3108.6,100,0.20598
3108.8,100,0.20661
3108.8,100,0.20724
3108.8,100,0.20786
3108.6,100,0.20848
3108.4,100,0.2091
3108,100,0.20972
3107.6,100,0.21033
3107.1,100,0.21094
3106.5,100,0.21155
3105.7,100,0.21216
3104.9,100,0.21276
3104,100,0.21336
3103.1,100,0.21396
3102,100,0.21455
3100.8,100,0.21515
3099.6,100,0.21574
3098.2,100,0.21632
3096.8,100,0.21691
3095.3,100,0.21749
3093.7,100,0.21807
3092,100,0.21865
3090.3,100,0.21922
3088.4,100,0.21979
3086.5,100,0.22036
3084.5,100,0.22093
3082.4,100,0.22149
3080.2,100,0.22205
3077.9,100,0.22261
3075.6,100,0.22316
3073.1,100,0.22371
3070.6,100,0.22426
3068.1,100,0.22481
3065.4,100,0.22535
3062.7,100,0.22589
3059.8,100,0.22643
3056.9,100,0.22696
3054,100,0.2275
3050.9,100,0.22803
3047.8,100,0.22855
3044.6,100,0.22908
3041.4,100,0.2296
3038,100,0.23011
3034.6,100,0.23063
3031.2,100,0.23114
3027.6,100,0.23165
3024,100,0.23216
3020.3,100,0.23266
3016.6,100,0.23316
3012.7,100,0.23366
3008.9,100,0.23415
3004.9,100,0.23465
3000.9,100,0.23514
2996.8,100,0.23562
2992.7,100,0.23611
2988.5,100,0.23659
2984.2,100,0.23707
2979.8,100,0.23754
2975.4,100,0.23801
2971,100,0.23848
2966.5,100,0.23895
2961.9,100,0.23941
2957.3,100,0.23987
2952.6,100,0.24033
2947.8,100,0.24079
2943,100,0.24124
2938.2,100,0.24169
2933.3,100,0.24214
2928.3,100,0.24258
2923.3,100,0.24302
2918.2,100,0.24346
2913,100,0.24389
2907.9,100,0.24433
2902.6,100,0.24476
2897.4,100,0.24518
2892,100,0.24561
2886.6,100,0.24603
2881.2,100,0.24645
2875.7,100,0.24686
2870.2,100,0.24728
2864.6,100,0.24769
2859,100,0.2481
2853.4,100,0.2485
2847.7,100,0.2489
2841.9,100,0.2493
2836.1,100,0.2497
2830.3,100,0.25009
2824.4,100,0.25049
2818.5,100,0.25088
2812.5,100,0.25126
2806.5,100,0.25164
2800.5,100,0.25203
2794.4,100,0.2524
2788.3,100,0.25278
2782.1,100,0.25315
2775.9,100,0.25352
2769.7,100,0.25389
2763.4,100,0.25426
2757.1,100,0.25462
2750.8,100,0.25498
2744.4,100,0.25534
2738,100,0.25569
2731.6,100,0.25604
2725.2,100,0.25639
2718.7,100,0.25674
2712.1,100,0.25708
2705.6,100,0.25743
2699,100,0.25776
2692.4,100,0.2581
2685.7,100,0.25844
2679.1,100,0.25877
2672.4,100,0.2591
2665.6,100,0.25943
2658.9,100,0.25975
2652.1,100,0.26007
2645.3,100,0.26039
2638.5,100,0.26071
2631.6,100,0.26103
2624.7,100,0.26134
2617.8,100,0.26165
2610.9,100,0.26196
2604,100,0.26226
2597,100,0.26256
2590,100,0.26287
2583,100,0.26316
2576,100,0.26346
2569,100,0.26376
2561.9,100,0.26405
2554.8,100,0.26434
2547.7,100,0.26462
2540.6,100,0.26491
2533.5,100,0.26519
2526.3,100,0.26547
2519.2,100,0.26575
2512,100,0.26603
2504.8,100,0.2663
2497.6,100,0.26657
2490.4,100,0.26684
2483.1,100,0.26711
2475.9,100,0.26737
2468.6,100,0.26764
2461.3,100,0.2679
2454.1,100,0.26816
2446.8,100,0.26842
2439.5,100,0.26867
2432.1,100,0.26892
2424.8,100,0.26917
2417.5,100,0.26942
2410.1,100,0.26967
2402.8,100,0.26991
2395.4,100,0.27016
2388.1,100,0.2704
2380.7,100,0.27064
2373.3,100,0.27087
2365.9,100,0.27111
2358.5,100,0.27134
2351.1,100,0.27157
2343.7,100,0.2718
2336.3,100,0.27203
2328.9,100,0.27225
2321.5,100,0.27248
2314.1,100,0.2727
2306.6,100,0.27292
2299.2,100,0.27314
2291.8,100,0.27335
2284.4,100,0.27357
2276.9,100,0.27378
2269.5,100,0.27399
2262.1,100,0.2742
2254.6,100,0.27441
2247.2,100,0.27461
2239.8,100,0.27481
2232.3,100,0.27502
2224.9,100,0.27522
2217.5,100,0.27542
2210,100,0.27561
2202.6,100,0.27581
2195.2,100,0.276
2187.8,100,0.27619
2180.3,100,0.27638
2172.9,100,0.27657
2165.5,100,0.27676
2158.1,100,0.27694
2150.7,100,0.27713
2143.3,100,0.27731
2135.9,100,0.27749
2128.5,100,0.27767
2121.1,100,0.27785
2113.7,100,0.27802
2106.3,100,0.2782
2099,100,0.27837
2091.6,100,0.27854
2084.3,100,0.27871
2076.9,100,0.27888
2069.6,100,0.27904
2062.2,100,0.27921
2054.9,100,0.27937
2047.6,100,0.27954
2040.3,100,0.2797
2033,100,0.27986
2025.7,100,0.28002
2018.4,100,0.28017
2011.1,100,0.28033
2003.9,100,0.28048
1996.6,100,0.28063
1989.4,100,0.28079
1982.1,100,0.28094
1974.9,100,0.28108
1967.7,100,0.28123
1960.5,100,0.28138
1953.3,100,0.28152
1946.1,100,0.28167
1938.9,100,0.28181
1931.8,100,0.28195
1924.6,100,0.28209
1917.5,100,0.28223
1910.4,100,0.28236
1903.3,100,0.2825
1896.2,100,0.28263
1889.1,100,0.28277
1882,100,0.2829
1875,100,0.28303
1867.9,100,0.28316
1860.9,100,0.28329
1853.9,100,0.28342
1846.9,100,0.28354
1839.9,100,0.28367
1832.9,100,0.28379
1826,100,0.28392
1819,100,0.28404
1812.1,100,0.28416
1805.2,100,0.28428
1798.3,100,0.2844
1791.4,100,0.28451
1784.5,100,0.28463
1777.7,100,0.28475
1770.8,100,0.28486
1764,100,0.28497
1757.2,100,0.28509
1750.4,100,0.2852
1743.6,100,0.28531
1736.9,100,0.28542
1730.1,100,0.28552
1723.4,100,0.28563
1716.7,100,0.28574
1710,100,0.28584
1703.3,100,0.28595
1696.7,100,0.28605
1690,100,0.28615
1683.4,100,0.28625
1676.8,100,0.28635
1670.2,100,0.28645
1663.6,100,0.28655
1657.1,100,0.28665
1650.6,100,0.28675
1644,100,0.28684
1637.5,100,0.28694
1631.1,100,0.28703
1624.6,100,0.28712
1618.2,100,0.28722
1611.7,100,0.28731
1605.3,100,0.2874
1598.9,100,0.28749
1592.6,100,0.28758
1586.2,100,0.28766
1579.9,100,0.28775
1573.6,100,0.28784
1567.3,100,0.28792
1561,100,0.28801
1554.7,100,0.28809
1548.5,100,0.28818
1542.3,100,0.28826
1536.1,100,0.28834
1529.9,100,0.28842
1523.8,100,0.2885
1517.6,100,0.28858
1511.5,100,0.28866
1505.4,100,0.28874
1499.3,100,0.28881
1493.2,100,0.28889
1487.2,100,0.28897
1481.2,100,0.28904
1475.2,100,0.28912
1469.2,100,0.28919
1463.2,100,0.28926
1457.3,100,0.28933
1451.4,100,0.28941
1445.5,100,0.28948
1439.6,100,0.28955
1433.7,100,0.28962
1427.9,100,0.28969
1422,100,0.28975
1416.2,100,0.28982
1410.4,100,0.28989
1404.7,100,0.28995
1398.9,100,0.29002
1393.2,100,0.29009
1387.5,100,0.29015
1381.8,100,0.29021
1376.2,100,0.29028
1370.5,100,0.29034
1364.9,100,0.2904
1359.3,100,0.29046
1353.7,100,0.29052
1348.2,100,0.29058
1342.6,100,0.29064
1337.1,100,0.2907
1331.6,100,0.29076
1326.1,100,0.29082
1320.6,100,0.29088
1315.2,100,0.29093
1309.8,100,0.29099
1304.4,100,0.29105
1299,100,0.2911
1293.7,100,0.29116
1288.3,100,0.29121
1283,100,0.29126
1277.7,100,0.29132
1272.4,100,0.29137
1267.2,100,0.29142
1261.9,100,0.29147
1256.7,100,0.29152
1251.5,100,0.29157
1246.3,100,0.29163
1241.2,100,0.29167
1236,100,0.29172
1230.9,100,0.29177
1225.8,100,0.29182
1220.8,100,0.29187
1215.7,100,0.29192
1210.7,100,0.29196
1205.6,100,0.29201
1200.7,100,0.29206
1195.7,100,0.2921
1190.7,100,0.29215
1185.8,100,0.29219
1180.9,100,0.29224
1176,100,0.29228
1171.1,100,0.29232
1166.2,100,0.29237
1161.4,100,0.29241
1156.6,100,0.29245
1151.8,100,0.29249
1147,100,0.29253
1142.3,100,0.29257
1137.5,100,0.29261
1132.8,100,0.29265
1128.1,100,0.29269
1123.4,100,0.29273
1118.8,100,0.29277
1114.1,100,0.29281
1109.5,100,0.29285
1104.9,100,0.29289
1100.3,100,0.29293
1095.7,100,0.29296
1091.2,100,0.293
1086.7,100,0.29304
1082.2,100,0.29307
1077.7,100,0.29311
1073.2,100,0.29314
1068.8,100,0.29318
1064.3,100,0.29321
1059.9,100,0.29325
1055.5,100,0.29328
1051.2,100,0.29331
1046.8,100,0.29335
1042.5,100,0.29338
1038.2,100,0.29341
1033.9,100,0.29345
1029.6,100,0.29348
1025.3,100,0.29351
1021.1,100,0.29354
1016.8,100,0.29357
1012.6,100,0.2936
1008.4,100,0.29363
1004.3,100,0.29366
1000.1,100,0.29369
995.99,100,0.29372
991.88,100,0.29375
987.78,100,0.29378
983.7,100,0.29381
979.64,100,0.29384
975.59,100,0.29387
971.56,100,0.2939
967.55,100,0.29392
963.56,100,0.29395
959.59,100,0.29398
955.63,100,0.29401
951.69,100,0.29403
947.77,100,0.29406
943.87,100,0.29408
939.98,100,0.29411
936.11,100,0.29414
932.26,100,0.29416
928.42,100,0.29419
924.6,100,0.29421
920.8,100,0.29424
917.01,100,0.29426
913.25,100,0.29428
909.49,100,0.29431
905.76,100,0.29433
902.04,100,0.29436
898.34,100,0.29438
894.65,100,0.2944
890.98,100,0.29442
887.33,100,0.29445
883.69,100,0.29447
880.07,100,0.29449
876.47,100,0.29451
872.88,100,0.29453
869.31,100,0.29456
865.75,100,0.29458
862.21,100,0.2946
858.69,100,0.29462
855.18,100,0.29464
851.68,100,0.29466
848.21,100,0.29468
844.74,100,0.2947
841.3,100,0.29472
837.87,100,0.29474
834.45,100,0.29476
831.05,100,0.29478
827.66,100,0.2948
824.29,100,0.29482
820.94,100,0.29484
817.6,100,0.29485
814.27,100,0.29487
810.96,100,0.29489
807.66,100,0.29491
804.38,100,0.29493
801.11,100,0.29494
797.86,100,0.29496
794.62,100,0.29498
791.4,100,0.295
788.19,100,0.29501
784.99,100,0.29503
781.81,100,0.29505
778.64,100,0.29506
775.49,100,0.29508
772.35,100,0.29509
769.23,100,0.29511
766.11,100,0.29513
763.02,100,0.29514
759.93,100,0.29516
756.86,100,0.29517
753.81,100,0.29519
750.76,100,0.2952
747.73,100,0.29522
744.71,100,0.29523
741.71,100,0.29525
738.72,100,0.29526
735.74,100,0.29528
732.78,100,0.29529
729.83,100,0.2953
726.89,100,0.29532
723.96,100,0.29533
721.05,100,0.29535
718.15,100,0.29536
715.26,100,0.29537
712.38,100,0.29539
709.52,100,0.2954
706.67,100,0.29541
703.83,100,0.29542
701,100,0.29544
698.19,100,0.29545
695.39,100,0.29546
692.6,100,0.29547
689.82,100,0.29549
687.05,100,0.2955
684.3,100,0.29551
681.56,100,0.29552
678.82,100,0.29553
676.11,100,0.29555
673.4,100,0.29556
670.7,100,0.29557
668.01,100,0.29558
665.34,100,0.29559
662.68,100,0.2956
660.03,100,0.29561
657.39,100,0.29562
654.76,100,0.29563
652.14,100,0.29565
649.53,100,0.29566
646.93,100,0.29567
644.35,100,0.29568
641.77,100,0.29569
639.21,100,0.2957
636.65,100,0.29571
634.11,100,0.29572
631.58,100,0.29573
629.05,100,0.29574
626.54,100,0.29575
624.04,100,0.29576
621.54,100,0.29576
619.06,100,0.29577
616.59,100,0.29578
614.13,100,0.29579
611.67,100,0.2958
609.23,100,0.29581
606.8,100,0.29582
604.37,100,0.29583
601.96,100,0.29584
599.56,100,0.29585
597.16,100,0.29585
594.78,100,0.29586
592.4,100,0.29587
590.03,100,0.29588
587.68,100,0.29589
585.33,100,0.2959
582.99,100,0.2959
580.66,100,0.29591
578.34,100,0.29592
576.02,100,0.29593
573.72,100,0.29593
571.42,100,0.29594
569.14,100,0.29595
566.86,100,0.29596
564.59,100,0.29596
562.33,100,0.29597
560.08,100,0.29598
557.84,100,0.29599
555.6,100,0.29599
553.37,100,0.296
551.15,100,0.29601
548.94,100,0.29601
546.74,100,0.29602
544.55,100,0.29603
542.36,100,0.29604
540.18,100,0.29604
538.01,100,0.29605
535.85,100,0.29606
533.69,100,0.29606
531.54,100,0.29607
529.4,100,0.29607
527.27,100,0.29608
525.15,100,0.29609
523.03,100,0.29609
520.92,100,0.2961
518.82,100,0.29611
516.72,100,0.29611
514.63,100,0.29612
512.55,100,0.29612
510.48,100,0.29613
508.41,100,0.29613
506.35,100,0.29614
504.3,100,0.29615
502.25,100,0.29615
500.21,100,0.29616
498.18,100,0.29616
496.15,100,0.29617
494.14,100,0.29617
492.12,100,0.29618
490.12,100,0.29618
488.12,100,0.29619
486.13,100,0.29619
484.14,100,0.2962
482.16,100,0.2962
480.19,100,0.29621
478.22,100,0.29621
476.26,100,0.29622
474.3,100,0.29622
472.35,100,0.29623
470.41,100,0.29623
468.47,100,0.29624
466.54,100,0.29624
464.62,100,0.29625
462.7,100,0.29625
460.79,100,0.29626
458.88,100,0.29626
456.98,100,0.29626
455.08,100,0.29627
453.19,100,0.29627
451.31,100,0.29628
449.43,100,0.29628
447.55,100,0.29629
445.68,100,0.29629
443.82,100,0.29629
441.96,100,0.2963
440.11,100,0.2963
438.26,100,0.29631
436.42,100,0.29631
434.59,100,0.29631
432.75,100,0.29632
430.93,100,0.29632
429.11,100,0.29633
427.29,100,0.29633
425.48,100,0.29633
423.67,100,0.29634
421.87,100,0.29634
420.08,100,0.29634
418.28,100,0.29635
416.5,100,0.29635
414.72,100,0.29636
412.94,100,0.29636
411.17,100,0.29636
409.4,100,0.29637
407.63,100,0.29637
405.87,100,0.29637
404.12,100,0.29638
402.37,100,0.29638
400.62,100,0.29638
398.88,100,0.29639
397.15,100,0.29639
395.41,100,0.29639
393.68,100,0.2964
391.96,100,0.2964
390.24,100,0.2964
388.53,100,0.2964
386.81,100,0.29641
385.11,100,0.29641
383.4,100,0.29641
381.7,100,0.29642
380.01,100,0.29642
378.32,100,0.29642
376.63,100,0.29642
374.95,100,0.29643
373.27,100,0.29643
371.59,100,0.29643
369.92,100,0.29644
368.25,100,0.29644
366.59,100,0.29644
364.92,100,0.29644
363.27,100,0.29645
361.61,100,0.29645
359.96,100,0.29645
358.32,100,0.29645
356.68,100,0.29646
355.04,100,0.29646
353.4,100,0.29646
351.77,100,0.29646
350.14,100,0.29647
348.51,100,0.29647
346.89,100,0.29647
345.27,100,0.29647
343.66,100,0.29648
342.05,100,0.29648
340.44,100,0.29648
338.83,100,0.29648
337.23,100,0.29648
335.63,100,0.29649
334.04,100,0.29649
332.44,100,0.29649
330.85,100,0.29649
329.27,100,0.2965
327.69,100,0.2965
326.11,100,0.2965
324.53,100,0.2965
322.95,100,0.2965
321.38,100,0.29651
319.82,100,0.29651
318.25,100,0.29651
316.69,100,0.29651
315.13,100,0.29651
313.57,100,0.29652
312.02,100,0.29652
310.47,100,0.29652
308.92,100,0.29652
307.38,100,0.29652
305.83,100,0.29652
304.29,100,0.29653
302.76,100,0.29653
301.22,100,0.29653
299.69,100,0.29653
298.16,100,0.29653
296.64,100,0.29654
295.11,100,0.29654
293.59,100,0.29654
292.08,100,0.29654
290.56,100,0.29654
289.05,100,0.29654
287.54,100,0.29655
286.03,100,0.29655
284.52,100,0.29655
283.02,100,0.29655
281.52,100,0.29655
280.02,100,0.29655
278.53,100,0.29655
277.04,100,0.29656
275.55,100,0.29656
274.06,100,0.29656
272.57,100,0.29656
271.09,100,0.29656
269.61,100,0.29656
268.13,100,0.29656
266.66,100,0.29657
265.18,100,0.29657
263.71,100,0.29657
262.24,100,0.29657
260.78,100,0.29657
259.31,100,0.29657
257.85,100,0.29657
256.39,100,0.29658
254.93,100,0.29658
253.48,100,0.29658
252.02,100,0.29658
250.57,100,0.29658
249.13,100,0.29658
247.68,100,0.29658
246.24,100,0.29658
244.79,100,0.29659
243.35,100,0.29659
241.92,100,0.29659
240.48,100,0.29659
239.05,100,0.29659
237.62,100,0.29659
236.19,100,0.29659
234.76,100,0.29659
233.34,100,0.29659
231.91,100,0.2966
230.49,100,0.2966
229.08,100,0.2966
227.66,100,0.2966
226.25,100,0.2966
224.83,100,0.2966
223.42,100,0.2966
222.02,100,0.2966
220.61,100,0.2966
219.21,100,0.29661
217.81,100,0.29661
216.41,100,0.29661
215.01,100,0.29661
213.61,100,0.29661
212.22,100,0.29661
210.83,100,0.29661
209.44,100,0.29661
208.05,100,0.29661
206.67,100,0.29661
205.28,100,0.29662
203.9,100,0.29662
202.52,100,0.29662
201.14,100,0.29662
199.77,100,0.29662
198.4,100,0.29662
197.02,100,0.29662
195.66,100,0.29662
194.29,100,0.29662
192.92,100,0.29662
191.56,100,0.29662
190.2,100,0.29662
188.84,100,0.29663
187.48,100,0.29663
186.12,100,0.29663
184.77,100,0.29663
183.42,100,0.29663
182.07,100,0.29663
180.72,100,0.29663
179.38,100,0.29663
178.03,100,0.29663
176.69,100,0.29663
175.35,100,0.29663
174.01,100,0.29663
172.68,100,0.29663
171.34,100,0.29664
170.01,100,0.29664
168.68,100,0.29664
167.35,100,0.29664
166.03,100,0.29664
164.7,100,0.29664
163.38,100,0.29664
162.06,100,0.29664
160.74,100,0.29664
159.43,100,0.29664
158.11,100,0.29664
156.8,100,0.29664
155.49,100,0.29664
154.18,100,0.29664
152.87,100,0.29664
151.57,100,0.29665
150.27,100,0.29665
148.97,100,0.29665
147.67,100,0.29665
146.37,100,0.29665
145.08,100,0.29665
143.78,100,0.29665
142.49,100,0.29665
141.2,100,0.29665
139.92,100,0.29665
138.63,100,0.29665
137.35,100,0.29665
136.07,100,0.29665
134.79,100,0.29665
133.51,100,0.29665
132.24,100,0.29665
130.97,100,0.29665
129.7,100,0.29665
128.43,100,0.29666
127.16,100,0.29666
125.9,100,0.29666
124.63,100,0.29666
123.37,100,0.29666
122.11,100,0.29666
120.86,100,0.29666
119.6,100,0.29666
118.35,100,0.29666
117.1,100,0.29666
115.85,100,0.29666
114.61,100,0.29666
113.36,100,0.29666
112.12,100,0.29666
110.88,100,0.29666
109.64,100,0.29666
108.4,100,0.29666
107.17,100,0.29666
105.94,100,0.29666
104.71,100,0.29666
103.48,100,0.29666
102.26,100,0.29666
101.03,100,0.29667
99.812,100,0.29667
98.593,100,0.29667
97.376,100,0.29667
96.161,100,0.29667
94.948,100,0.29667
93.737,100,0.29667
92.529,100,0.29667
91.323,100,0.29667
90.118,100,0.29667
88.916,100,0.29667
87.716,100,0.29667
86.519,100,0.29667
85.323,100,0.29667
84.13,100,0.29667
82.938,100,0.29667
81.749,100,0.29667
80.563,100,0.29667
79.378,100,0.29667
78.195,100,0.29667
77.015,100,0.29667
75.837,100,0.29667
74.661,100,0.29667
73.488,100,0.29667
72.316,100,0.29667
71.147,100,0.29667
69.98,100,0.29667
68.815,100,0.29667
67.653,100,0.29668
66.493,100,0.29668
65.335,100,0.29668
64.179,100,0.29668
63.026,100,0.29668
61.875,100,0.29668
60.726,100,0.29668
59.579,100,0.29668
58.435,100,0.29668
57.293,100,0.29668
56.153,100,0.29668
55.016,100,0.29668
53.881,100,0.29668
52.748,100,0.29668
51.617,100,0.29668
50.489,100,0.29668
49.363,100,0.29668
48.24,100,0.29668
47.119,100,0.29668
46,100,0.29668
44.884,100,0.29668
43.77,100,0.29668
42.658,100,0.29668
41.549,100,0.29668
40.442,100,0.29668
39.337,100,0.29668
38.235,100,0.29668
37.135,100,0.29668
36.038,100,0.29668
34.943,100,0.29668
33.85,100,0.29668
32.76,100,0.29668
31.672,100,0.29668
30.587,100,0.29668
29.504,100,0.29668
28.423,100,0.29668
27.345,100,0.29668
26.269,100,0.29668
25.196,100,0.29668
24.125,100,0.29669
23.057,100,0.29669
21.991,100,0.29669
20.928,100,0.29669
19.867,100,0.29669
18.808,100,0.29669
17.752,100,0.29669
16.699,100,0.29669
15.648,100,0.29669
14.599,100,0.29669
13.553,100,0.29669
12.51,100,0.29669
11.469,100,0.29669
10.43,100,0.29669
9.3943,100,0.29669
8.3608,100,0.29669
7.3298,100,0.29669
6.3014,100,0.29669
5.2754,100,0.29669
4.252,100,0.29669
3.2312,100,0.29669
2.2129,100,0.29669
1.1971,100,0.29669
0.18386,100,0.29669
-0.82682,100,0.29669
-1.8349,100,0.29669
-2.8405,100,0.29669
-3.8435,100,0.29669
-4.8439,100,0.29669
-5.8418,100,0.29669
-6.8371,100,0.29669
-7.8298,100,0.29669
-8.82,100,0.29669
-9.8075,100,0.29669
-10.792,100,0.29669
-11.775,100,0.29669
-12.755,100,0.29669
-13.732,100,0.29669
-14.706,100,0.29669
-15.678,100,0.29669
-16.648,100,0.29669
-17.615,100,0.29669
-18.579,100,0.29669
-19.54,100,0.29669
-20.499,100,0.29669
-21.456,100,0.29669
-22.409,100,0.29669
-23.36,100,0.29669
-24.309,100,0.29669
-25.255,100,0.29669
-26.198,100,0.29669
-27.138,100,0.29669
-28.076,100,0.29669
-29.012,100,0.29669
-29.944,100,0.29669
-30.874,100,0.29669
-31.802,100,0.29669
-32.726,100,0.29669
-33.649,100,0.29669
-34.568,100,0.29669
-35.485,100,0.29669
-36.399,100,0.29669
-37.31,100,0.29669
-38.219,100,0.29669
-39.125,100,0.29669
-40.029,100,0.2967
-40.93,100,0.2967
-41.828,100,0.2967
-42.723,100,0.2967
-43.616,100,0.2967
-44.506,100,0.2967
-45.394,100,0.2967
-46.279,100,0.2967
-47.161,100,0.2967
-48.041,100,0.2967
-48.917,100,0.2967
-49.792,100,0.2967
-50.663,100,0.2967
-51.532,100,0.2967
-52.398,100,0.2967
-53.262,100,0.2967
-54.123,100,0.2967
-54.981,100,0.2967
-55.836,100,0.2967
-56.689,100,0.2967
-57.539,100,0.2967
-58.387,100,0.2967
-59.232,100,0.2967
-60.074,100,0.2967
-60.913,100,0.2967
-61.75,100,0.2967
-62.584,100,0.2967
-63.416,100,0.2967
-64.245,100,0.2967
-65.071,100,0.2967
-65.894,100,0.2967
-66.715,100,0.2967
-67.533,100,0.2967
-68.349,100,0.2967
-69.162,100,0.2967
-69.972,100,0.2967
-70.779,100,0.2967
-71.584,100,0.2967
-72.386,100,0.2967
-73.186,100,0.2967
-73.983,100,0.2967
-74.777,100,0.2967
-75.569,100,0.2967
-76.357,100,0.2967
-77.144,100,0.2967
-77.927,100,0.2967
-78.708,100,0.2967
-79.487,100,0.2967
-80.262,100,0.2967
-81.035,100,0.2967
-81.806,100,0.2967
-82.574,100,0.2967
-83.339,100,0.2967
-84.101,100,0.2967
-84.861,100,0.2967
-85.618,100,0.2967
-86.373,100,0.2967
-87.125,100,0.2967
-87.874,100,0.2967
-88.621,100,0.2967
-89.365,100,0.2967
-90.107,100,0.2967
-90.846,100,0.2967
-91.582,100,0.2967
-92.316,100,0.2967
-93.047,100,0.2967
-93.776,100,0.2967
-94.502,100,0.2967
-95.225,100,0.2967
-95.946,100,0.2967
-96.664,100,0.2967
-97.38,100,0.2967
-98.093,100,0.2967
-98.803,100,0.2967
-99.511,100,0.2967
-100.22,100,0.2967
-100.92,100,0.2967
-101.62,100,0.2967
-102.32,100,0.2967
-103.01,100,0.2967
-103.7,100,0.2967
-104.39,100,0.2967
-105.08,100,0.2967
-105.77,100,0.2967
-106.45,100,0.2967
-107.13,100,0.2967
-107.81,100,0.2967
-108.48,100,0.2967
-109.15,100,0.2967
-109.82,100,0.2967
-110.49,100,0.2967
-111.16,100,0.2967
-111.82,100,0.2967
-112.48,100,0.2967
-113.14,100,0.2967
-113.79,100,0.2967
-114.44,100,0.2967
-115.09,100,0.2967
-115.74,100,0.2967
-116.38,100,0.2967
-117.03,100,0.2967
-117.67,100,0.2967
-118.3,100,0.2967
-118.94,100,0.2967
-119.57,100,0.2967
-120.2,100,0.2967
-120.83,100,0.2967
-121.46,100,0.2967
-122.08,100,0.2967
-122.7,100,0.2967
-123.32,100,0.2967
-123.93,100,0.2967
-124.55,100,0.2967
-125.16,100,0.2967
-125.77,100,0.2967
-126.37,100,0.2967
-126.98,100,0.2967
-127.58,100,0.2967
-128.18,100,0.2967
-128.78,100,0.2967
-129.37,100,0.2967
-129.96,100,0.2967
-130.55,100,0.2967
-131.14,100,0.2967
-131.72,100,0.2967
-132.31,100,0.2967
-132.89,100,0.2967
-133.47,100,0.2967
-134.04,100,0.2967
-134.62,100,0.2967
-135.19,100,0.2967
-135.76,100,0.2967
-136.32,100,0.2967
-136.89,100,0.2967
-137.45,100,0.2967
-138.01,100,0.2967
-138.57,100,0.2967
-139.12,100,0.2967
-139.68,100,0.2967
-140.23,100,0.2967
-140.78,100,0.2967
-141.32,100,0.2967
-141.87,100,0.2967
-142.41,100,0.2967
-142.95,100,0.2967
-143.49,100,0.2967
-144.02,100,0.2967
-144.56,100,0.2967
-145.09,100,0.2967
-145.62,100,0.2967
-146.15,100,0.2967
-146.67,100,0.2967
-147.19,100,0.2967
-147.71,100,0.2967
-148.23,100,0.2967
-148.75,100,0.2967
-149.26,100,0.2967
-149.78,100,0.2967
-150.29,100,0.2967
-150.79,100,0.2967
-151.3,100,0.2967
-151.8,100,0.2967
-152.31,100,0.2967
-152.81,100,0.2967
-153.3,100,0.2967
-153.8,100,0.2967
-154.29,100,0.2967
-154.78,100,0.2967
-155.27,100,0.2967
-155.76,100,0.2967
-156.25,100,0.2967
-156.73,100,0.2967
-157.21,100,0.2967
-157.69,100,0.2967
-158.17,100,0.2967
-158.64,100,0.2967
-159.12,100,0.2967
-159.59,100,0.2967
-160.06,100,0.2967
-160.53,100,0.2967
-160.99,100,0.2967
-161.46,100,0.2967
-161.92,100,0.2967
-162.38,100,0.2967
-162.84,100,0.2967
-163.29,100,0.2967
-163.75,100,0.2967
-164.2,100,0.2967
-164.65,100,0.2967
-165.1,100,0.2967
-165.55,100,0.2967
-165.99,100,0.2967
-166.44,100,0.2967
-166.88,100,0.2967
-167.32,100,0.2967
-167.75,100,0.2967
-168.19,100,0.2967
-168.62,100,0.2967
-169.06,100,0.2967
-169.49,100,0.2967
-169.92,100,0.2967
-170.34,100,0.2967
-170.77,100,0.2967
-171.19,100,0.2967
-171.61,100,0.2967
-172.03,100,0.2967
-172.45,100,0.2967
-172.87,100,0.2967
-173.28,100,0.2967
-173.69,100,0.2967
-174.11,100,0.2967
-174.52,100,0.2967
-174.92,100,0.2967
-175.33,100,0.2967
-175.73,100,0.2967
-176.14,100,0.2967
-176.54,100,0.2967
-176.94,100,0.2967
-177.34,100,0.2967
-177.73,100,0.2967
-178.13,100,0.2967
-178.52,100,0.2967
-178.91,100,0.2967
-179.3,100,0.2967
-179.69,100,0.2967
-180.07,100,0.2967
-180.46,100,0.2967
-180.84,100,0.2967
-181.22,100,0.2967
-181.6,100,0.2967
-181.98,100,0.2967
-182.36,100,0.2967
-182.73,100,0.2967
-183.11,100,0.2967
-183.48,100,0.2967
-183.85,100,0.2967
-184.22,100,0.2967
-184.59,100,0.2967
-184.96,100,0.2967
-185.32,100,0.2967
-185.68,100,0.2967
-186.05,100,0.2967
-186.41,100,0.29671
-186.76,100,0.29671
-187.12,100,0.29671
-187.48,100,0.29671
-187.83,100,0.29671
-188.19,100,0.29671
-188.54,100,0.29671
-188.89,100,0.29671
-189.24,100,0.29671
-189.58,100,0.29671
-189.93,100,0.29671
-190.27,100,0.29671
-190.62,100,0.29671
-190.96,100,0.29671
-191.3,100,0.29671
-191.64,100,0.29671
-191.97,100,0.29671
-192.31,100,0.29671
-192.65,100,0.29671
-192.98,100,0.29671
-193.31,100,0.29671
-193.64,100,0.29671
-193.97,100,0.29671
-194.3,100,0.29671
-194.63,100,0.29671
-194.95,100,0.29671
-195.28,100,0.29671
-195.6,100,0.29671
-195.92,100,0.29671
-196.24,100,0.29671
-196.56,100,0.29671
-196.88,100,0.29671
-197.19,100,0.29671
-197.51,100,0.29671
-197.82,100,0.29671
-198.14,100,0.29671
-198.45,100,0.29671
-198.76,100,0.29671
-199.07,100,0.29671
-199.37,100,0.29671
-199.68,100,0.29671
-199.99,100,0.29671
-200.29,100,0.29671
-200.59,100,0.29671
-200.89,100,0.29671
-201.19,100,0.29671
-201.49,100,0.29671
-201.79,100,0.29671
-202.09,100,0.29671
-202.38,100,0.29671
-202.68,100,0.29671
-202.97,100,0.29671
-203.26,100,0.29671
-203.56,100,0.29671
-203.85,100,0.29671
-204.13,100,0.29671
-204.42,100,0.29671
-204.71,100,0.29671
-204.99,100,0.29671
-205.28,100,0.29671
-205.56,100,0.29671
-205.84,100,0.29671
-206.12,100,0.29671
-206.4,100,0.29671
-206.68,100,0.29671
-206.96,100,0.29671
-207.24,100,0.29671
-207.51,100,0.29671
-207.79,100,0.29671
-208.06,100,0.29671
-208.33,100,0.29671
-208.6,100,0.29671
-208.87,100,0.29671
-209.14,100,0.29671
-209.41,100,0.29671
-209.68,100,0.29671
-209.95,100,0.29671
-210.21,100,0.29671
-210.47,100,0.29671
-210.74,100,0.29671
-211,100,0.29671
-211.26,100,0.29671
-211.52,100,0.29671
-211.78,100,0.29671
-212.04,100,0.29671
-212.29,100,0.29671
-212.55,100,0.29671
-212.8,100,0.29671
-213.06,100,0.29671
-213.31,100,0.29671
-213.56,100,0.29671
-213.81,100,0.29671
-214.06,100,0.29671
-214.31,100,0.29671
-214.56,100,0.29671
-214.81,100,0.29671
-215.05,100,0.29671
-215.3,100,0.29671
-215.54,100,0.29671
-215.79,100,0.29671
-216.03,100,0.29671
-216.27,100,0.29671
-216.51,100,0.29671
-216.75,100,0.29671
-216.99,100,0.29671
-217.23,100,0.29671
-217.46,100,0.29671
-217.7,100,0.29671
-217.93,100,0.29671
-218.17,100,0.29671
-218.4,100,0.29671
-218.63,100,0.29671
-218.86,100,0.29671
-219.1,100,0.29671
-219.32,100,0.29671
-219.55,100,0.29671
-219.78,100,0.29671
-220.01,100,0.29671
-220.23,100,0.29671
-220.46,100,0.29671
-220.68,100,0.29671
-220.91,100,0.29671
-221.13,100,0.29671
-221.35,100,0.29671
-221.57,100,0.29671
-221.79,100,0.29671
-222.01,100,0.29671
-222.23,100,0.29671
-222.44,100,0.29671
-222.66,100,0.29671
-222.88,100,0.29671
-223.09,100,0.29671
-223.3,100,0.29671
-223.52,100,0.29671
-223.73,100,0.29671
-223.94,100,0.29671
-224.15,100,0.29671
-224.36,100,0.29671
-224.57,100,0.29671
-224.78,100,0.29671
-224.98,100,0.29671
-225.19,100,0.29671
-225.4,100,0.29671
-225.6,100,0.29671
-225.8,100,0.29671
-226.01,100,0.29671
-226.21,100,0.29671
-226.41,100,0.29671
-226.61,100,0.29671
-226.81,100,0.29671
-227.01,100,0.29671
-227.21,100,0.29671
-227.4,100,0.29671
-227.6,100,0.29671
-227.8,100,0.29671
-227.99,100,0.29671
-228.19,100,0.29671
-228.38,100,0.29671
-228.57,100,0.29671
-228.76,100,0.29671
-228.95,100,0.29671
-229.14,100,0.29671
-229.33,100,0.29671
-229.52,100,0.29671
-229.71,100,0.29671
-229.89,100,0.29671
-230.08,100,0.29671
-230.26,100,0.29671
-230.45,100,0.29671
-230.63,100,0.29671
-230.82,100,0.29671
-231,100,0.29671
-231.18,100,0.29671
-231.36,100,0.29671
-231.54,100,0.29671
-231.72,100,0.29671
-231.89,100,0.29671
-232.07,100,0.29671
-232.25,100,0.29671
-232.42,100,0.29671
-232.6,100,0.29671
-232.77,100,0.29671
-232.95,100,0.29671
-233.12,100,0.29671
-233.29,100,0.29671
-233.46,100,0.29671
-233.63,100,0.29671
-233.8,100,0.29671
-233.97,100,0.29671
-234.14,100,0.29671
-234.3,100,0.29671
-234.47,100,0.29671
-234.63,100,0.29671
-234.8,100,0.29671
-234.96,100,0.29671
-235.12,100,0.29671
-235.29,100,0.29671
-235.45,100,0.29671
-235.61,100,0.29671
-235.77,100,0.29671
-235.93,100,0.29671
-236.09,100,0.29671
-236.24,100,0.29671
-236.4,100,0.29671
-236.56,100,0.29671
-236.71,100,0.29671
-236.86,100,0.29671
-237.02,100,0.29671
-237.17,100,0.29671
-237.32,100,0.29671
-237.47,100,0.29671
-237.62,100,0.29671
-237.77,100,0.29671
-237.92,100,0.29671
-238.07,100,0.29671
-238.22,100,0.29671
-238.36,100,0.29671
-238.51,100,0.29671
-238.65,100,0.29671
-238.8,100,0.29671
-238.94,100,0.29671
-239.08,100,0.29671
-239.23,100,0.29671
-239.37,100,0.29671
-239.51,100,0.29671
-239.65,100,0.29671
-239.78,100,0.29671
-239.92,100,0.29671
-240.06,100,0.29671
-240.19,100,0.29671
-240.33,100,0.29671
-240.46,100,0.29671
-240.6,100,0.29671
-240.73,100,0.29671
-240.86,100,0.29671
-240.99,100,0.29671
-241.12,100,0.29671
-241.25,100,0.29671
-241.38,100,0.29671
-241.51,100,0.29671
-241.64,100,0.29671
-241.76,100,0.29671
-241.89,100,0.29671
-242.01,100,0.29671
-242.14,100,0.29671
-242.26,100,0.29671
-242.38,100,0.29671
-242.5,100,0.29671
-242.63,100,0.29671
-242.74,100,0.29671
-242.86,100,0.29671
-242.98,100,0.29671
-243.1,100,0.29671
-243.22,100,0.29671
-243.33,100,0.29671
-243.45,100,0.29671
-243.56,100,0.29671
-243.67,100,0.29671
-243.79,100,0.29671
-243.9,100,0.29671
-244.01,100,0.29671
-244.12,100,0.29671
-244.23,100,0.29671
-244.34,100,0.29671
-244.44,100,0.29671
-244.55,100,0.29671
-244.66,100,0.29671
-244.76,100,0.29671
-244.86,100,0.29671
-244.97,100,0.29671
-245.07,100,0.29671
-245.17,100,0.29671
-245.27,100,0.29671
-245.37,100,0.29671
-245.47,100,0.29671
-245.57,100,0.29671
-245.67,100,0.29671
-245.76,100,0.29671
-245.86,100,0.29671
-245.95,100,0.29671
-246.05,100,0.29671
-246.14,100,0.29671
-246.23,100,0.29671
-246.32,100,0.29671
-246.41,100,0.29671
-246.5,100,0.29671
-246.59,100,0.29671
-246.68,100,0.29671
-246.77,100,0.29671
-246.85,100,0.29671
-246.94,100,0.29671
-247.02,100,0.29671
-247.11,100,0.29671
-247.19,100,0.29671
-247.27,100,0.29671
-247.35,100,0.29671
-247.43,100,0.29671
-247.51,100,0.29671
-247.59,100,0.29671
-247.67,100,0.29671
-247.74,100,0.29671
-247.82,100,0.29671
-247.89,100,0.29671
-247.97,100,0.29671
-248.04,100,0.29671
-248.11,100,0.29671
-248.18,100,0.29671
-248.25,100,0.29671
-248.32,100,0.29671
-248.39,100,0.29671
-248.46,100,0.29671
-248.53,100,0.29671
-248.59,100,0.29671
-248.66,100,0.29671
-248.72,100,0.29671
-248.78,100,0.29671
-248.85,100,0.29671
-248.91,100,0.29671
-248.97,100,0.29671
-249.03,100,0.29671
-249.09,100,0.29671
-249.14,100,0.29671
-249.2,100,0.29671
-249.26,100,0.29671
-249.31,100,0.29671
-249.37,100,0.29671
-249.42,100,0.29671
-249.47,100,0.29671
-249.52,100,0.29671
-249.57,100,0.29671
-249.62,100,0.29671
-249.67,100,0.29671
-249.72,100,0.29671
-249.76,100,0.29671
-249.81,100,0.29671
-249.86,100,0.29671
-249.9,100,0.29671
-249.94,100,0.29671
-249.98,100,0.29671
-250.03,100,0.29671
-250.07,100,0.29671
-250.11,100,0.29671
-250.14,100,0.29671
-250.18,100,0.29671
-250.22,100,0.29671
-250.25,100,0.29671
-250.29,100,0.29671
-250.32,100,0.29671
-250.35,100,0.29671
-250.39,100,0.29671
-250.42,100,0.29671
-250.45,100,0.29671
-250.48,100,0.29671
-250.5,100,0.29671
-250.53,100,0.29671
-250.56,100,0.29671
-250.58,100,0.29671
-250.61,100,0.29671
-250.63,100,0.29671
-250.65,100,0.29671
-250.67,100,0.29671
-250.7,100,0.29671
-250.71,100,0.29671
-250.73,100,0.29671
-250.75,100,0.29671
-250.77,100,0.29671
-250.78,100,0.29671
-250.8,100,0.29671
-250.81,100,0.29671
-250.83,100,0.29671
-250.84,100,0.29671
-250.85,100,0.29671
-250.86,100,0.29671
-250.87,100,0.29671
-250.88,100,0.29671
-250.88,100,0.29671
-250.89,100,0.29671
-250.9,100,0.29671
-250.9,100,0.29671
-250.9,100,0.29671
-250.91,100,0.29671
-250.91,100,0.29671
-250.91,100,0.29671
-250.91,100,0.29671
-250.91,100,0.29671
-250.9,100,0.29671
-250.9,100,0.29671
-250.9,100,0.29671
-250.89,100,0.29671
-250.89,100,0.29671
-250.88,100,0.29671
-250.87,100,0.29671
-250.86,100,0.29671
-250.85,100,0.29671
-250.84,100,0.29671
-250.83,100,0.29671
-250.82,100,0.29671
-250.8,100,0.29671
-250.79,100,0.29671
-250.77,100,0.29671
-250.76,100,0.29671
-250.74,100,0.29671
-250.72,100,0.29671
-250.7,100,0.29671
-250.68,100,0.29671
-250.66,100,0.29671
-250.64,100,0.29671
-250.61,100,0.29671
-250.59,100,0.29671
-250.56,100,0.29671
-250.54,100,0.29671
-250.51,100,0.29671
-250.48,100,0.29671
-250.45,100,0.29671
-250.42,100,0.29671
-250.39,100,0.29671
-250.36,100,0.29671
-250.33,100,0.29671
-250.3,100,0.29671
-250.26,100,0.29671
-250.22,100,0.29671
-250.19,100,0.29671
-250.15,100,0.29671
-250.11,100,0.29671
-250.07,100,0.29671
-250.03,100,0.29671
-249.99,100,0.29671
-249.95,100,0.29671
-249.91,100,0.29671
-249.86,100,0.29671
-249.82,100,0.29671
-249.77,100,0.29671
-249.72,100,0.29671
-249.68,100,0.29671
-249.63,100,0.29671
-249.58,100,0.29671
-249.53,100,0.29671
-249.48,100,0.29671
-249.42,100,0.29671
-249.37,100,0.29671
-249.32,100,0.29671
-249.26,100,0.29671
-249.2,100,0.29671
-249.15,100,0.29671
-249.09,100,0.29671
-249.03,100,0.29671
-248.97,100,0.29671
-248.91,100,0.29671
-248.85,100,0.29671
-248.78,100,0.29671
-248.72,100,0.29671
-248.66,100,0.29671
-248.59,100,0.29671
-248.52,100,0.29671
-248.46,100,0.29671
-248.39,100,0.29671
-248.32,100,0.29671
-248.25,100,0.29671
-248.18,100,0.29671
-248.11,100,0.29671
-248.03,100,0.29671
-247.96,100,0.29671
-247.89,100,0.29671
-247.81,100,0.29671
-247.74,100,0.29671
-247.66,100,0.29671
-247.58,100,0.29671
-247.5,100,0.29671
-247.42,100,0.29671
-247.34,100,0.29671
-247.26,100,0.29671
-247.18,100,0.29671
-247.09,100,0.29671
-247.01,100,0.29671
-246.92,100,0.29671
-246.84,100,0.29671
-246.75,100,0.29671
-246.66,100,0.29671
-246.57,100,0.29671
-246.48,100,0.29671
-246.39,100,0.29671
-246.3,100,0.29671
-246.21,100,0.29671
-246.12,100,0.29671
-246.02,100,0.29671
-245.93,100,0.29671
-245.83,100,0.29671
-245.74,100,0.29671
-245.64,100,0.29671
-245.54,100,0.29671
-245.44,100,0.29671
-245.34,100,0.29671
-245.24,100,0.29671
-245.14,100,0.29671
-245.04,100,0.29671
-244.94,100,0.29671
-244.83,100,0.29671
-244.73,100,0.29671
-244.62,100,0.29671
-244.52,100,0.29671
-244.41,100,0.29671
-244.3,100,0.29671
-244.19,100,0.29671
-244.08,100,0.29671
-243.97,100,0.29671
-243.86,100,0.29671
-243.75,100,0.29671
-243.64,100,0.29671
-243.52,100,0.29671
-243.41,100,0.29671
-243.29,100,0.29671
-243.18,100,0.29671
-243.06,100,0.29671
-242.94,100,0.29671
-242.82,100,0.29671
-242.7,100,0.29671
-242.59,100,0.29671
-242.46,100,0.29671
-242.34,100,0.29671
-242.22,100,0.29671
-242.1,100,0.29671
-241.97,100,0.29671
-241.85,100,0.29671
-241.72,100,0.29671
-241.6,100,0.29671
-241.47,100,0.29671
-241.34,100,0.29671
-241.22,100,0.29671
-241.09,100,0.29671
-240.96,100,0.29671
-240.83,100,0.29671
-240.7,100,0.29671
-240.56,100,0.29671
-240.43,100,0.29671
-240.3,100,0.29671
-240.16,100,0.29671
-240.03,100,0.29671
-239.89,100,0.29671
-239.76,100,0.29671
-239.62,100,0.29671
-239.48,100,0.29671
-239.35,100,0.29671
-239.21,100,0.29671
-239.07,100,0.29671
-238.93,100,0.29671
-238.79,100,0.29671
-238.64,100,0.29671
-238.5,100,0.29671
-238.36,100,0.29671
-238.21,100,0.29671
-238.07,100,0.29671
-237.93,100,0.29671
-237.78,100,0.29671
-237.63,100,0.29671
-237.49,100,0.29671
-237.34,100,0.29671
-237.19,100,0.29671
-237.04,100,0.29671
-236.89,100,0.29671
-236.74,100,0.29671
-236.59,100,0.29671
-236.44,100,0.29671
-236.29,100,0.29671
-236.14,100,0.29671
-235.98,100,0.29671
-235.83,100,0.29671
-235.67,100,0.29671
-235.52,100,0.29671
-235.36,100,0.29671
-235.21,100,0.29671
-235.05,100,0.29671
-234.89,100,0.29671
-234.74,100,0.29671
-234.58,100,0.29671
-234.42,100,0.29671
-234.26,100,0.29671
-234.1,100,0.29671
-233.94,100,0.29671
-233.78,100,0.29671
-233.61,100,0.29671
-233.45,100,0.29671
-233.29,100,0.29671
-233.12,100,0.29671
-232.96,100,0.29671
-232.8,100,0.29671
-232.63,100,0.29671
-232.47,100,0.29671
-232.3,100,0.29671
-232.13,100,0.29671
-231.96,100,0.29671
-231.8,100,0.29671
-231.63,100,0.29671
-231.46,100,0.29671
-231.29,100,0.29671
-231.12,100,0.29671
-230.95,100,0.29671
-230.78,100,0.29671
-230.61,100,0.29671
-230.44,100,0.29671
-230.27,100,0.29671
-230.09,100,0.29671
-229.92,100,0.29671
-229.75,100,0.29671
-229.57,100,0.29671
-229.4,100,0.29671
-229.22,100,0.29671
-229.05,100,0.29671
-228.87,100,0.29671
-228.7,100,0.29671
-228.52,100,0.29671
-228.34,100,0.29671
-228.16,100,0.29671
-227.99,100,0.29671
-227.81,100,0.29671
-227.63,100,0.29671
-227.45,100,0.29671
-227.27,100,0.29671
-227.09,100,0.29671
-226.91,100,0.29671
-226.73,100,0.29671
-226.55,100,0.29671
-226.37,100,0.29671
-226.19,100,0.29671
-226,100,0.29671
-225.82,100,0.29671
-225.64,100,0.29671
-225.46,100,0.29671
-225.27,100,0.29671
-225.09,100,0.29671
-224.9,100,0.29671
-224.72,100,0.29671
-224.53,100,0.29671
-224.35,100,0.29671
-224.16,100,0.29671
-223.98,100,0.29671
-223.79,100,0.29671
-223.6,100,0.29671
-223.42,100,0.29671
-223.23,100,0.29671
-223.04,100,0.29671
-222.86,100,0.29671
-222.67,100,0.29671
-222.48,100,0.29671
-222.29,100,0.29671
-222.1,100,0.29671
-221.91,100,0.29671
-221.72,100,0.29671
-221.53,100,0.29671
-221.34,100,0.29671
-221.15,100,0.29671
-220.96,100,0.29671
-220.77,100,0.29671
-220.58,100,0.29671
-220.39,100,0.29671
-220.2,100,0.29671
-220.01,100,0.29671
-219.81,100,0.29671
-219.62,100,0.29671
-219.43,100,0.29671
-219.24,100,0.29671
-219.04,100,0.29671
-218.85,100,0.29671
-218.66,100,0.29671
-218.46,100,0.29671
-218.27,100,0.29671
-218.08,100,0.29671
-217.88,100,0.29671
-217.69,100,0.29671
-217.49,100,0.29671
-217.3,100,0.29671
-217.11,100,0.29671
-216.91,100,0.29671
-216.72,100,0.29671
-216.52,100,0.29671
-216.33,100,0.29671
-216.13,100,0.29671
-215.93,100,0.29671
-215.74,100,0.29671
-215.54,100,0.29671
-215.35,100,0.29671
-215.15,100,0.29671
-214.95,100,0.29671
-214.76,100,0.29671
-214.56,100,0.29671
-214.37,100,0.29671
-214.17,100,0.29671
-213.97,100,0.29671
-213.77,100,0.29671
-213.58,100,0.29671
-213.38,100,0.29671
-213.18,100,0.29671
-212.99,100,0.29671
-212.79,100,0.29671
-212.59,100,0.29671
-212.39,100,0.29671
-212.2,100,0.29671
-212,100,0.29671
-211.8,100,0.29671
-211.6,100,0.29671
-211.41,100,0.29671
-211.21,100,0.29671
-211.01,100,0.29671
-210.81,100,0.29671
-210.61,100,0.29671
-210.42,100,0.29671
-210.22,100,0.29671
-210.02,100,0.29671
-209.82,100,0.29671
-209.62,100,0.29671
-209.43,100,0.29671
-209.23,100,0.29671
-209.03,100,0.29671
-208.83,100,0.29671
-208.63,100,0.29671
-208.44,100,0.29671
-208.24,100,0.29671
-208.04,100,0.29671
-207.84,100,0.29671
-207.64,100,0.29671
-207.45,100,0.29671
-207.25,100,0.29671
-207.05,100,0.29671
-206.85,100,0.29671
-206.66,100,0.29671
-206.46,100,0.29671
-206.26,100,0.29671
-206.06,100,0.29671
-205.86,100,0.29671
-205.67,100,0.29671
-205.47,100,0.29671
-205.27,100,0.29671
-205.07,100,0.29671
-204.88,100,0.29671
-204.68,100,0.29671
-204.48,100,0.29671
-204.29,100,0.29671
-204.09,100,0.29671
-203.89,100,0.29669
-203.79,100,0.29669
-203.59,100,0.29668
-203.39,100,0.29668
-203.2,100,0.29668
-203,100,0.29668
-202.81,100,0.29668
-202.61,100,0.29668
-202.42,100,0.29668
-202.22,100,0.29668
-202.03,100,0.29668
-201.83,100,0.29668
-201.64,100,0.29668
-201.44,100,0.29668
-201.25,100,0.29668
-201.05,100,0.29668
-200.86,100,0.29668
-200.67,100,0.29668
-200.47,100,0.29668
-200.28,100,0.29668
-200.09,100,0.29668
-199.89,100,0.29668
-199.7,100,0.29668
-199.51,100,0.29668
-199.31,100,0.29668
-199.12,100,0.29668
-198.93,100,0.29668
-198.74,100,0.29668
-198.54,100,0.29668
-198.35,100,0.29668
-198.16,100,0.29668
-197.97,100,0.29668
-197.78,100,0.29668
-197.59,100,0.29668
-197.4,100,0.29668
-197.21,100,0.29668
-197.02,100,0.29668
-196.83,100,0.29668
-196.64,100,0.29668
-196.45,100,0.29668
-196.26,100,0.29668
-196.07,100,0.29667
-195.88,100,0.29667
-195.69,100,0.29667
-195.5,100,0.29667
-195.31,100,0.29667
-195.12,100,0.29667
-194.94,100,0.29667
-194.75,100,0.29667
-194.56,100,0.29667
-194.37,100,0.29667
-194.19,100,0.29667
-194,100,0.29667
-193.81,100,0.29667
-193.63,100,0.29667
-193.44,100,0.29667
-193.26,100,0.29667
-193.07,100,0.29667
-192.89,100,0.29667
-192.7,100,0.29667
-192.52,100,0.29667
-192.33,100,0.29667
-192.15,100,0.29667
-191.96,100,0.29667
-191.78,100,0.29667
-191.6,100,0.29667
-191.41,100,0.29667
-191.23,100,0.29667
-191.05,100,0.29667
-190.87,100,0.29666
-190.69,100,0.29666
-190.51,100,0.29666
-190.32,100,0.29666
-190.14,100,0.29666
-189.96,100,0.29666
-189.78,100,0.29666
-189.6,100,0.29666
-189.42,100,0.29666
-189.24,100,0.29666
-189.07,100,0.29666
-188.89,100,0.29666
-188.71,100,0.29666
-188.53,100,0.29666
-188.35,100,0.29666
-188.18,100,0.29666
-188,100,0.29666
-187.82,100,0.29666
-187.65,100,0.29666
-187.47,100,0.29666
-187.29,100,0.29666
-187.12,100,0.29666
-186.94,100,0.29665
-186.77,100,0.29665
-186.6,100,0.29665
-186.42,100,0.29665
-186.25,100,0.29665
-186.07,100,0.29665
-185.9,100,0.29665
-185.73,100,0.29665
-185.56,100,0.29665
-185.39,100,0.29665
-185.21,100,0.29665
-185.04,100,0.29665
-184.87,100,0.29665
-184.7,100,0.29665
-184.53,100,0.29665
-184.36,100,0.29665
-184.19,100,0.29665
-184.02,100,0.29665
-183.85,100,0.29664
-183.69,100,0.29664
-183.52,100,0.29664
-183.35,100,0.29664
-183.18,100,0.29664
-183.02,100,0.29664
-182.85,100,0.29664
-182.69,100,0.29664
-182.52,100,0.29664
-182.35,100,0.29664
-182.19,100,0.29664
-182.02,100,0.29664
-181.86,100,0.29664
-181.7,100,0.29664
-181.53,100,0.29664
-181.37,100,0.29663
-181.21,100,0.29663
-181.05,100,0.29663
-180.88,100,0.29663
-180.72,100,0.29663
-180.56,100,0.29663
-180.4,100,0.29663
-180.24,100,0.29663
-180.08,100,0.29663
-179.92,100,0.29663
-179.76,100,0.29663
-179.6,100,0.29663
-179.45,100,0.29663
-179.29,100,0.29662
-179.13,100,0.29662
-178.97,100,0.29662
-178.82,100,0.29662
-178.66,100,0.29662
-178.51,100,0.29662
-178.35,100,0.29662
-178.19,100,0.29662
-178.04,100,0.29662
-177.89,100,0.29662
-177.73,100,0.29662
-177.58,100,0.29662
-177.43,100,0.29661
-177.27,100,0.29661
-177.12,100,0.29661
-176.97,100,0.29661
-176.82,100,0.29661
-176.67,100,0.29661
-176.52,100,0.29661
-176.37,100,0.29661
-176.22,100,0.29661
-176.07,100,0.29661
-175.92,100,0.2966
-175.77,100,0.2966
-175.62,100,0.2966
-175.47,100,0.2966
-175.33,100,0.2966
-175.18,100,0.2966
-175.03,100,0.2966
-174.89,100,0.2966
-174.74,100,0.2966
-174.6,100,0.2966
-174.45,100,0.29659
-174.31,100,0.29659
-174.16,100,0.29659
-174.02,100,0.29659
-173.88,100,0.29659
-173.73,100,0.29659
-173.59,100,0.29659
-173.45,100,0.29659
-173.31,100,0.29659
-173.17,100,0.29658
-173.03,100,0.29658
-172.89,100,0.29658
-172.75,100,0.29658
-172.61,100,0.29658
-172.47,100,0.29658
-172.33,100,0.29658
-172.19,100,0.29657
-172.06,100,0.29657
-171.92,100,0.29657
-171.78,100,0.29657
-171.65,100,0.29657
-171.51,100,0.29657
-171.37,100,0.29657
-171.24,100,0.29657
-171.1,100,0.29656
-170.97,100,0.29656
-170.84,100,0.29656
-170.7,100,0.29656
-170.57,100,0.29656
-170.44,100,0.29656
-170.3,100,0.29656
-170.17,100,0.29655
-170.04,100,0.29655
-169.91,100,0.29655
-169.78,100,0.29655
-169.65,100,0.29655
-169.52,100,0.29655
-169.39,100,0.29654
-169.26,100,0.29654
-169.13,100,0.29654
-169.01,100,0.29654
-168.88,100,0.29654
-168.75,100,0.29654
-168.62,100,0.29653
-168.5,100,0.29653
-168.37,100,0.29653
-168.25,100,0.29653
-168.12,100,0.29653
-168,100,0.29653
-167.87,100,0.29652
-167.75,100,0.29652
-167.63,100,0.29652
-167.5,100,0.29652
-167.38,100,0.29652
-167.26,100,0.29651
-167.14,100,0.29651
-167.02,100,0.29651
-166.89,100,0.29651
-166.77,100,0.29651
-166.65,100,0.2965
-166.53,100,0.2965
-166.42,100,0.2965
-166.3,100,0.2965
-166.18,100,0.2965
-166.06,100,0.29649
-165.94,100,0.29649
-165.83,100,0.29649
-165.71,100,0.29649
-165.59,100,0.29649
-165.48,100,0.29648
-165.36,100,0.29648
-165.25,100,0.29648
-165.13,100,0.29648
-165.02,100,0.29647
-164.9,100,0.29647
-164.79,100,0.29647
-164.68,100,0.29647
-164.56,100,0.29646
-164.45,100,0.29646
-164.34,100,0.29646
-164.23,100,0.29646
-164.12,100,0.29646
-164.01,100,0.29645
-163.9,100,0.29645
-163.79,100,0.29645
-163.68,100,0.29644
-163.57,100,0.29644
-163.46,100,0.29644
-163.35,100,0.29644
-163.24,100,0.29643
-163.14,100,0.29643
-163.03,100,0.29643
-162.92,100,0.29643
-162.82,100,0.29642
-162.71,100,0.29642
-162.6,100,0.29642
-162.5,100,0.29641
-162.39,100,0.29641
-162.29,100,0.29641
-162.19,100,0.29641
-162.08,100,0.2964
-161.98,100,0.2964
-161.88,100,0.2964
-161.78,100,0.29639
-161.67,100,0.29639
-161.57,100,0.29639
-161.47,100,0.29638
-161.37,100,0.29638
-161.27,100,0.29638
-161.17,100,0.29637
-161.07,100,0.29637
-160.97,100,0.29637
-160.87,100,0.29636
-160.77,100,0.29636
-160.68,100,0.29636
-160.58,100,0.29635
-160.48,100,0.29635
-160.39,100,0.29635
-160.29,100,0.29634
-160.19,100,0.29634
-160.1,100,0.29634
-160,100,0.29633
-159.91,100,0.29633
-159.81,100,0.29632
-159.72,100,0.29632
-159.63,100,0.29632
-159.53,100,0.29631
-159.44,100,0.29631
-159.35,100,0.2963
-159.25,100,0.2963
-159.16,100,0.2963
-159.07,100,0.29629
-158.98,100,0.29629
-158.89,100,0.29628
-158.8,100,0.29628
-158.71,100,0.29628
-158.62,100,0.29627
-158.53,100,0.29627
-158.44,100,0.29626
-158.35,100,0.29626
-158.27,100,0.29625
-158.18,100,0.29625
-158.09,100,0.29624
-158.01,100,0.29624
-157.92,100,0.29624
-157.83,100,0.29623
-157.75,100,0.29623
-157.66,100,0.29622
-157.58,100,0.29622
-157.49,100,0.29621
-157.41,100,0.29621
-157.32,100,0.2962
-157.24,100,0.2962
-157.16,100,0.29619
-157.08,100,0.29619
-156.99,100,0.29618
-156.91,100,0.29618
-156.83,100,0.29617
-156.75,100,0.29616
-156.67,100,0.29616
-156.59,100,0.29615
-156.51,100,0.29615
-156.43,100,0.29614
-156.35,100,0.29614
-156.27,100,0.29613
-156.19,100,0.29613
-156.11,100,0.29612
-156.04,100,0.29611
-155.96,100,0.29611
-155.88,100,0.2961
-155.81,100,0.2961
-155.73,100,0.29609
-155.65,100,0.29608
-155.58,100,0.29608
-155.5,100,0.29607
-155.43,100,0.29606
-155.36,100,0.29606
-155.28,100,0.29605
-155.21,100,0.29604
-155.13,100,0.29604
-155.06,100,0.29603
-154.99,100,0.29602
-154.92,100,0.29602
-154.85,100,0.29601
-154.77,100,0.296
-154.7,100,0.296
-154.63,100,0.29599
-154.56,100,0.29598
-154.49,100,0.29598
-154.42,100,0.29597
-154.36,100,0.29596
-154.29,100,0.29595
-154.22,100,0.29595
-154.15,100,0.29594
-154.08,100,0.29593
-154.02,100,0.29592
-153.95,100,0.29591
-153.88,100,0.29591
-153.82,100,0.2959
-153.75,100,0.29589
-153.69,100,0.29588
-153.62,100,0.29587
-153.56,100,0.29587
-153.5,100,0.29586
-153.43,100,0.29585
-153.37,100,0.29584
-153.31,100,0.29583
-153.24,100,0.29582
-153.18,100,0.29581
-153.12,100,0.29581
-153.06,100,0.2958
-153,100,0.29579
-152.94,100,0.29578
-152.88,100,0.29577
-152.82,100,0.29576
-152.76,100,0.29575
-152.7,100,0.29574
-152.64,100,0.29573
-152.59,100,0.29572
-152.53,100,0.29571
-152.47,100,0.2957
-152.41,100,0.29569
-152.36,100,0.29568
-152.3,100,0.29567
-152.25,100,0.29566
-152.19,100,0.29565
-152.14,100,0.29564
-152.08,100,0.29563
-152.03,100,0.29562
-151.98,100,0.29561
-151.92,100,0.2956
-151.87,100,0.29558
-151.82,100,0.29557
-151.77,100,0.29556
-151.72,100,0.29555
-151.67,100,0.29554
-151.62,100,0.29553
-151.57,100,0.29551
-151.52,100,0.2955
-151.47,100,0.29549
-151.42,100,0.29548
-151.37,100,0.29547
-151.33,100,0.29545
-151.28,100,0.29544
-151.23,100,0.29543
-151.19,100,0.29542
-151.14,100,0.2954
-151.09,100,0.29539
-151.05,100,0.29538
-151.01,100,0.29536
-150.96,100,0.29535
-150.92,100,0.29534
-150.88,100,0.29532
-150.83,100,0.29531
-150.79,100,0.29529
-150.75,100,0.29528
-150.71,100,0.29527
-150.67,100,0.29525
-150.63,100,0.29524
-150.59,100,0.29522
-150.55,100,0.29521
-150.51,100,0.29519
-150.47,100,0.29518
-150.44,100,0.29516
-150.4,100,0.29515
-150.36,100,0.29513
-150.33,100,0.29512
-150.29,100,0.2951
-150.26,100,0.29508
-150.22,100,0.29507
-150.19,100,0.29505
-150.15,100,0.29503
-150.12,100,0.29502
-150.09,100,0.295
-150.06,100,0.29498
-150.03,100,0.29497
-149.99,100,0.29495
-149.96,100,0.29493
-149.93,100,0.29491
-149.91,100,0.2949
-149.88,100,0.29488
-149.85,100,0.29486
-149.82,100,0.29484
-149.8,100,0.29482
-149.77,100,0.2948
-149.74,100,0.29478
-149.72,100,0.29476
-149.69,100,0.29475
-149.67,100,0.29473
-149.65,100,0.29471
-149.62,100,0.29469
-149.6,100,0.29467
-149.58,100,0.29465
-149.56,100,0.29462
-149.54,100,0.2946
-149.52,100,0.29458
-149.5,100,0.29456
-149.48,100,0.29454
-149.47,100,0.29452
-149.45,100,0.2945
-149.43,100,0.29447
-149.42,100,0.29445
-149.4,100,0.29443
-149.39,100,0.29441
-149.37,100,0.29438
-149.36,100,0.29436
-149.35,100,0.29434
-149.34,100,0.29431
-149.33,100,0.29429
-149.32,100,0.29427
-149.31,100,0.29424
-149.3,100,0.29422
-149.29,100,0.29419
-149.28,100,0.29417
-149.28,100,0.29414
-149.27,100,0.29412
-149.27,100,0.29409
-149.26,100,0.29406
-149.26,100,0.29404
-149.25,100,0.29401
-149.25,100,0.29398
-149.25,100,0.29396
-149.25,100,0.29393
-149.25,100,0.2939
-149.25,100,0.29387
-149.25,100,0.29384
-149.26,100,0.29382
-149.26,100,0.29379
-149.27,100,0.29376
-149.27,100,0.29373
-149.28,100,0.2937
-149.28,100,0.29367
-149.29,100,0.29364
-149.3,100,0.29361
-149.31,100,0.29358
-149.32,100,0.29355
-149.33,100,0.29351
-149.35,100,0.29348
-149.36,100,0.29345
-149.37,100,0.29342
-149.39,100,0.29338
-149.4,100,0.29335
-149.42,100,0.29332
-149.44,100,0.29328
-149.46,100,0.29325
-149.48,100,0.29322
-149.5,100,0.29318
-149.52,100,0.29315
-149.54,100,0.29311
-149.57,100,0.29307
-149.59,100,0.29304
-149.62,100,0.293
-149.65,100,0.29296
-149.67,100,0.29293
-149.7,100,0.29289
-149.73,100,0.29285
-149.77,100,0.29281
-149.8,100,0.29277
-149.83,100,0.29274
-149.87,100,0.2927
-149.9,100,0.29266
-149.94,100,0.29262
-149.98,100,0.29258
-150.02,100,0.29253
-150.06,100,0.29249
-150.1,100,0.29245
-150.14,100,0.29241
-150.19,100,0.29237
-150.23,100,0.29232
-150.28,100,0.29228
-150.33,100,0.29223
-150.38,100,0.29219
-150.43,100,0.29215
-150.48,100,0.2921
-150.53,100,0.29205
-150.59,100,0.29201
-150.64,100,0.29196
-150.7,100,0.29191
-150.76,100,0.29187
-150.82,100,0.29182
-150.88,100,0.29177
-150.94,100,0.29172
-151.01,100,0.29167
-151.07,100,0.29162
-151.14,100,0.29157
-151.21,100,0.29152
-151.28,100,0.29147
-151.35,100,0.29142
-151.43,100,0.29136
-151.5,100,0.29131
-151.58,100,0.29126
-151.66,100,0.2912
-151.74,100,0.29115
-151.82,100,0.29109
-151.9,100,0.29104
-151.98,100,0.29098
-152.07,100,0.29092
-152.16,100,0.29087
-152.25,100,0.29081
-152.34,100,0.29075
-152.43,100,0.29069
-152.53,100,0.29063
-152.62,100,0.29057
-152.72,100,0.29051
-152.82,100,0.29045
-152.92,100,0.29039
-153.03,100,0.29032
-153.13,100,0.29026
-153.24,100,0.2902
-153.35,100,0.29013
-153.46,100,0.29007
-153.58,100,0.29
-153.69,100,0.28994
-153.81,100,0.28987
-153.93,100,0.2898
-154.05,100,0.28973
-154.18,100,0.28966
-154.3,100,0.28959
-154.43,100,0.28952
-154.56,100,0.28945
-154.69,100,0.28938
-154.83,100,0.28931
-154.97,100,0.28924
-155.11,100,0.28916
-155.25,100,0.28909
-155.39,100,0.28901
-155.54,100,0.28894
-155.69,100,0.28886
-155.84,100,0.28878
-155.99,100,0.2887
-156.15,100,0.28862
-156.3,100,0.28854
-156.47,100,0.28846
-156.63,100,0.28838
-156.8,100,0.2883
-156.96,100,0.28822
-157.14,100,0.28813
-157.31,100,0.28805
-157.49,100,0.28796
-157.67,100,0.28788
-157.85,100,0.28779
-158.03,100,0.2877
-158.22,100,0.28761
-158.41,100,0.28752
-158.61,100,0.28743
-158.8,100,0.28734
-159,100,0.28725
-159.2,100,0.28716
-159.41,100,0.28706
-159.62,100,0.28697
-159.83,100,0.28687
-160.04,100,0.28678
-160.26,100,0.28668
-160.48,100,0.28658
-160.71,100,0.28648
-160.94,100,0.28638
-161.17,100,0.28628
-161.4,100,0.28618
-161.64,100,0.28607
-161.88,100,0.28597
-162.13,100,0.28586
-162.38,100,0.28576
-162.63,100,0.28565
-162.88,100,0.28554
-163.14,100,0.28543
-163.41,100,0.28532
-163.67,100,0.28521
-163.95,100,0.2851
-164.22,100,0.28498
-164.5,100,0.28487
-164.78,100,0.28475
-165.07,100,0.28464
-165.36,100,0.28452
-165.65,100,0.2844
-165.95,100,0.28428
-166.26,100,0.28416
-166.56,100,0.28404
-166.88,100,0.28391
-167.19,100,0.28379
-167.51,100,0.28366
-167.84,100,0.28353
-168.17,100,0.2834
-168.5,100,0.28327
-168.84,100,0.28314
-169.19,100,0.28301
-169.53,100,0.28288
-169.89,100,0.28274
-170.25,100,0.28261
-170.61,100,0.28247
-170.98,100,0.28233
-171.35,100,0.28219
-171.73,100,0.28205
-172.11,100,0.28191
-172.5,100,0.28176
-172.9,100,0.28162
-173.3,100,0.28147
-173.7,100,0.28132
-174.11,100,0.28118
-174.53,100,0.28102
-174.95,100,0.28087
-175.38,100,0.28072
-175.82,100,0.28056
-176.26,100,0.28041
-176.7,100,0.28025
-177.16,100,0.28009
-177.61,100,0.27993
-178.08,100,0.27977
-178.55,100,0.2796
-179.03,100,0.27944
-179.51,100,0.27927
-180,100,0.2791
-180.5,100,0.27893
-181,100,0.27876
-181.51,100,0.27859
-182.03,100,0.27841
-182.56,100,0.27824
-183.09,100,0.27806
-183.63,100,0.27788
-184.18,100,0.2777
-184.73,100,0.27752
-185.29,100,0.27733
-185.86,100,0.27714
-186.44,100,0.27696
-187.02,100,0.27677
-187.62,100,0.27658
-188.22,100,0.27638
-188.83,100,0.27619
-189.44,100,0.27599
-190.07,100,0.27579
-190.7,100,0.27559
-191.35,100,0.27539
-192,100,0.27518
-192.66,100,0.27498
-193.33,100,0.27477
-194.01,100,0.27456
-194.7,100,0.27435
-195.39,100,0.27414
-196.1,100,0.27392
-196.82,100,0.2737
-197.54,100,0.27348
-198.28,100,0.27326
-199.02,100,0.27304
-199.78,100,0.27281
-200.55,100,0.27259
-201.32,100,0.27236
-202.11,100,0.27213
-202.91,100,0.27189
-203.72,100,0.27166
-204.54,100,0.27142
-205.37,100,0.27118
-206.21,100,0.27094
-207.06,100,0.27069
-207.93,100,0.27045
-208.81,100,0.2702
-209.7,100,0.26995
-210.6,100,0.26969
-211.51,100,0.26944
-212.44,100,0.26918
-213.38,100,0.26892
-214.33,100,0.26866
-215.29,100,0.2684
-216.27,100,0.26813
-217.26,100,0.26786
-218.27,100,0.26759
-219.29,100,0.26732
-220.32,100,0.26704
-221.37,100,0.26676
-222.43,100,0.26648
-223.5,100,0.2662
-224.6,100,0.26591
-225.7,100,0.26562
-226.82,100,0.26533
-227.96,100,0.26504
-229.11,100,0.26474
-230.28,100,0.26444
-231.46,100,0.26414
-232.66,100,0.26384
-233.88,100,0.26353
-235.11,100,0.26322
-236.36,100,0.26291
-237.63,100,0.2626
-238.92,100,0.26228
-240.22,100,0.26196
-241.54,100,0.26164
-242.88,100,0.26132
-244.24,100,0.26099
-245.62,100,0.26066
-247.02,100,0.26032
-248.43,100,0.25999
-249.87,100,0.25965
-251.32,100,0.25931
-252.8,100,0.25896
-254.3,100,0.25862
-255.81,100,0.25827
-257.35,100,0.25791
-258.91,100,0.25756
-260.5,100,0.2572
-262.1,100,0.25683
-263.73,100,0.25647
-265.38,100,0.2561
-267.05,100,0.25573
-268.75,100,0.25536
-270.47,100,0.25498
-272.21,100,0.2546
-273.98,100,0.25421
-275.77,100,0.25383
-277.59,100,0.25344
-279.44,100,0.25304
-281.31,100,0.25265
-283.21,100,0.25225
-285.13,100,0.25185
-287.08,100,0.25144
-289.06,100,0.25103
-291.07,100,0.25062
-293.1,100,0.2502
-295.17,100,0.24978
-297.26,100,0.24936
-299.39,100,0.24894
-301.54,100,0.24851
-303.73,100,0.24807
-305.94,100,0.24764
-308.19,100,0.2472
-310.47,100,0.24676
-312.78,100,0.24631
-315.13,100,0.24586
-317.51,100,0.24541
-319.92,100,0.24495
-322.37,100,0.24449
-324.85,100,0.24403
-327.37,100,0.24356
-329.92,100,0.24309
-332.52,100,0.24261
-335.15,100,0.24214
-337.81,100,0.24165
-340.52,100,0.24117
-343.26,100,0.24068
-346.05,100,0.24019
-348.87,100,0.23969
-351.74,100,0.23919
-354.64,100,0.23868
-357.59,100,0.23818
-360.59,100,0.23766
-363.62,100,0.23715
-366.7,100,0.23663
-369.83,100,0.23611
-373,100,0.23558
-376.21,100,0.23505
-379.48,100,0.23451
-382.79,100,0.23398
-386.15,100,0.23343
-389.55,100,0.23289
-393.01,100,0.23234
-396.52,100,0.23178
-400.08,100,0.23122
-403.69,100,0.23066
-407.36,100,0.23009
-411.08,100,0.22952
-414.85,100,0.22895
-418.68,100,0.22837
-422.57,100,0.22779
-426.51,100,0.2272
-430.52,100,0.22661
-434.58,100,0.22602
-438.7,100,0.22542
-442.88,100,0.22482
-447.12,100,0.22421
-451.43,100,0.2236
-455.8,100,0.22298
-460.24,100,0.22236
-464.74,100,0.22174
-469.31,100,0.22111
-473.94,100,0.22048
-478.65,100,0.21984
-483.42,100,0.2192
-488.27,100,0.21856
-493.19,100,0.21791
-498.18,100,0.21725
-503.25,100,0.2166
-508.39,100,0.21594
-513.61,100,0.21527
-518.91,100,0.2146
-524.29,100,0.21392
-529.75,100,0.21324
-535.29,100,0.21256
-540.91,100,0.21187
-546.62,100,0.21118
-552.41,100,0.21049
-558.29,100,0.20979
-564.26,100,0.20908
-570.32,100,0.20837
-576.47,100,0.20766
-582.71,100,0.20694
-589.05,100,0.20622
-595.49,100,0.20549
-602.02,100,0.20476
-608.65,100,0.20402
-615.38,100,0.20328
-622.21,100,0.20254
-629.14,100,0.20179
-636.19,100,0.20104
-643.33,100,0.20028
-650.59,100,0.19952
-657.96,100,0.19876
-665.44,100,0.19798
-673.03,100,0.19721
-680.74,100,0.19643
-688.56,100,0.19565
-696.51,100,0.19486
-704.57,100,0.19407
-712.76,100,0.19327
-721.08,100,0.19247
-729.52,100,0.19167
-738.09,100,0.19086
-746.79,100,0.19004
-755.63,100,0.18922
-764.6,100,0.1884
-773.71,100,0.18758
-782.96,100,0.18674
-792.35,100,0.18591
-801.88,100,0.18507
-811.56,100,0.18423
-821.39,100,0.18338
-831.37,100,0.18253
-841.5,100,0.18167
-851.79,100,0.18081
-862.24,100,0.17994
-872.85,100,0.17907
-883.62,100,0.1782
-894.56,100,0.17732
-905.66,100,0.17644
-916.94,100,0.17555
-928.39,100,0.17466
-940.02,100,0.17377
-951.83,100,0.17287
-963.82,100,0.17197
-975.99,100,0.17106
-988.36,100,0.17015
-1000.9,100,0.16924
-1013.7,100,0.16832
-1026.6,100,0.1674
-1039.7,100,0.16647
-1053.1,100,0.16554
-1066.7,100,0.1646
-1080.4,100,0.16367
-1094.4,100,0.16272
-1108.6,100,0.16178
-1123,100,0.16083
-1137.6,100,0.15987
-1152.5,100,0.15892
-1167.6,100,0.15795
-1182.9,100,0.15699
-1198.5,100,0.15602
-1214.3,100,0.15505
-1230.3,100,0.15407
-1246.6,100,0.15309
-1263.1,100,0.15211
-1279.9,100,0.15112
-1297,100,0.15013
-1314.3,100,0.14914
-1331.9,100,0.14814
-1349.7,100,0.14714
-1367.9,100,0.14613
-1386.3,100,0.14513
-1405,100,0.14412
-1424,100,0.1431
-1443.2,100,0.14208
-1462.8,100,0.14106
-1482.6,100,0.14004
-1502.8,100,0.13901
-1523.3,100,0.13798
-1544.1,100,0.13695
-1565.2,100,0.13591
-1586.6,100,0.13487
-1608.3,100,0.13383
-1630.4,100,0.13278
-1652.8,100,0.13173
-1675.5,100,0.13068
-1698.6,100,0.12963
-1722,100,0.12857
-1745.8,100,0.12751
-1769.9,100,0.12645
-1794.4,100,0.12538
-1819.3,100,0.12432
-1844.5,100,0.12325
-1870.1,100,0.12217
-1896.1,100,0.1211
-1922.4,100,0.12002
-1949.2,100,0.11894
-1976.3,100,0.11786
-2003.8,100,0.11677
-2031.7,100,0.11569
-2060,100,0.1146
-2088.7,100,0.1135
-2117.9,100,0.11241
-2147.4,100,0.11132
-2177.4,100,0.11022
-2207.7,100,0.10912
-2238.5,100,0.10802
-2269.7,100,0.10691
-2301.4,100,0.10581
-2333.4,100,0.1047
-2366,100,0.10359
-2398.9,100,0.10248
-2432.3,100,0.10137
-2466.1,100,0.10026
-2500.4,100,0.099144
-2535.1,100,0.098028
-2570.2,100,0.09691
-2605.8,100,0.095791
-2641.9,100,0.094671
-2678.4,100,0.09355
-2715.3,100,0.092427
-2752.7,100,0.091303
-2790.5,100,0.090179
-2828.8,100,0.089053
-2867.5,100,0.087926
-2906.7,100,0.086798
-2946.3,100,0.08567
-2986.4,100,0.08454
-3026.8,100,0.08341
-3067.7,100,0.08228
-3109.1,100,0.081148
-3150.8,100,0.080016
-3193,100,0.078884
-3235.6,100,0.077751
-3278.6,100,0.076618
-3322,100,0.075484
-3365.7,100,0.07435
-3409.9,100,0.073216
-3454.4,100,0.072082
-3499.3,100,0.070948
-3544.5,100,0.069813
-3590.1,100,0.068679
-3636,100,0.067544
-3682.2,100,0.06641
-3728.7,100,0.065276
-3775.5,100,0.064142
-3822.5,100,0.063008
-3869.8,100,0.061875
-3917.4,100,0.060742
-3965.1,100,0.05961
-4013.1,100,0.058478
-4061.3,100,0.057347
-4109.6,100,0.056216
-4158,100,0.055086
-4206.5,100,0.053957
-4255.2,100,0.052828
-4303.9,100,0.0517
-4352.7,100,0.050574
-4401.4,100,0.049448
-4450.2,100,0.048323
-4498.9,100,0.047199
-4547.6,100,0.046077
-4596.2,100,0.044955
-4644.7,100,0.043835
-4693,100,0.042716
-4741.1,100,0.041598
-4789,100,0.040482
-4836.7,100,0.039367
-4884.1,100,0.038254
-4931.3,100,0.037142
-4978.1,100,0.036032
-5024.5,100,0.034924
-5070.5,100,0.033817
-5116.1,100,0.032712
-5161.3,100,0.031609
-5205.9,100,0.030507
-5250.1,100,0.029408
-5293.7,100,0.02831
-5336.7,100,0.027215
-5379.1,100,0.026121
-5420.9,100,0.02503
-5462,100,0.023941
-5502.5,100,0.022854
-5542.2,100,0.021769
-5581.2,100,0.020687
-5619.4,100,0.019607
-5656.8,100,0.018529
-5693.5,100,0.017454
-5729.3,100,0.016381
-5764.2,100,0.015311
-5798.3,100,0.014243
-5831.6,100,0.013178
-5863.9,100,0.012115
-5895.4,100,0.011056
-5925.9,100,0.0099986
-5955.5,100,0.0089444
-5984.3,100,0.007893
-6012,100,0.0068444
-6038.9,100,0.0057988
-6064.9,100,0.0047561
-6089.9,100,0.0037164
-6114,100,0.0026798
-6137.2,100,0.0016462
-6159.5,100,0.00061565
-6180.9,100,-0.00041172
-6201.4,100,-0.0014359
-6221,100,-0.0024569
-6239.8,100,-0.0034746
-6257.8,100,-0.0044891
-6274.9,100,-0.0055002
-6291.3,100,-0.006508
-6306.8,100,-0.0075124
-6321.6,100,-0.0085134
-6335.7,100,-0.0095109
-6349.1,100,-0.010505
-6361.8,100,-0.011496
-6373.9,100,-0.012483
-6385.4,100,-0.013466
-6396.2,100,-0.014446
-6406.5,100,-0.015422
-6416.3,100,-0.016395
-6425.5,100,-0.017363
-6434.3,100,-0.018328
-6442.7,100,-0.01929
-6450.6,100,-0.020247
-6458.2,100,-0.021201
-6465.4,100,-0.022151
-6472.3,100,-0.023097
-6478.9,100,-0.02404
-6485.2,100,-0.024978
-6491.3,100,-0.025913
-6497.2,100,-0.026843
-6502.9,100,-0.02777
-6508.4,100,-0.028692
-6513.8,100,-0.029611
-6519.1,100,-0.030526
-6524.3,100,-0.031436
-6529.4,100,-0.032343
-6534.4,100,-0.033245
-6539.4,100,-0.034144
-6544.3,100,-0.035038
-6549.2,100,-0.035928
-6554.2,100,-0.036814
-6559.1,100,-0.037696
-6564,100,-0.038574
-6568.9,100,-0.039447
-6573.9,100,-0.040316
-6578.9,100,-0.041181
-6583.9,100,-0.042042
-6589,100,-0.042899
-6594,100,-0.043751
-6599.1,100,-0.044599
-6604.2,100,-0.045443
-6609.4,100,-0.046283
-6614.5,100,-0.047118
-6619.7,100,-0.047949
-6624.9,100,-0.048776
-6630,100,-0.049598
-6635.2,100,-0.050416
-6640.3,100,-0.05123
-6645.4,100,-0.05204
-6650.5,100,-0.052845
-6655.5,100,-0.053645
-6660.5,100,-0.054442
-6665.3,100,-0.055234
-6670.1,100,-0.056022
-6674.8,100,-0.056805
-6679.4,100,-0.057584
-6683.9,100,-0.058358
-6688.2,100,-0.059129
-6692.4,100,-0.059895
-6696.5,100,-0.060656
-6700.4,100,-0.061413
-6704.1,100,-0.062166
-6707.6,100,-0.062915
-6710.9,100,-0.063659
-6714,100,-0.064398
-6716.9,100,-0.065134
-6719.6,100,-0.065865
-6722,100,-0.066591
-6724.1,100,-0.067314
-6726,100,-0.068031
-6727.7,100,-0.068745
-6729,100,-0.069454
-6730.1,100,-0.070159
-6730.8,100,-0.07086
-6731.3,100,-0.071556
-6731.5,100,-0.072248
-6731.3,100,-0.072935
-6730.9,100,-0.073619
-6730.1,100,-0.074298
-6728.9,100,-0.074972
-6727.5,100,-0.075643
-6725.7,100,-0.076309
-6723.5,100,-0.07697
-6721,100,-0.077628
-6718.2,100,-0.078281
-6715,100,-0.07893
-6711.5,100,-0.079575
-6707.5,100,-0.080216
-6703.3,100,-0.080852
-6698.6,100,-0.081484
-6693.7,100,-0.082112
-6688.3,100,-0.082736
-6682.6,100,-0.083355
-6676.5,100,-0.083971
-6670.1,100,-0.084582
-6663.3,100,-0.085189
-6656.1,100,-0.085792
-6648.6,100,-0.086391
-6640.7,100,-0.086986
-6632.5,100,-0.087576
-6623.9,100,-0.088163
-6615,100,-0.088745
-6605.7,100,-0.089324
-6596.1,100,-0.089898
-6586.1,100,-0.090468
-6575.8,100,-0.091035
-6565.2,100,-0.091597
-6554.2,100,-0.092155
-6542.9,100,-0.09271
-6531.3,100,-0.09326
-6519.3,100,-0.093807
-6507.1,100,-0.094349
-6494.5,100,-0.094888
-6481.6,100,-0.095422
-6468.5,100,-0.095953
-6455,100,-0.09648
-6441.3,100,-0.097003
-6427.2,100,-0.097523
-6412.9,100,-0.098038
-6398.3,100,-0.09855
-6383.5,100,-0.099058
-6368.3,100,-0.099562
-6353,100,-0.10006
-6337.3,100,-0.10056
-6321.5,100,-0.10105
-6305.4,100,-0.10154
-6289.1,100,-0.10203
-6272.5,100,-0.10251
-6255.7,100,-0.10299
-6238.7,100,-0.10346
-6221.6,100,-0.10393
-6204.2,100,-0.1044
-6186.6,100,-0.10486
-6168.9,100,-0.10532
-6150.9,100,-0.10578
-6132.8,100,-0.10623
-6114.6,100,-0.10668
-6096.1,100,-0.10713
-6077.6,100,-0.10757
-6058.9,100,-0.10801
-6040,100,-0.10845
-6021.1,100,-0.10888
-6002,100,-0.10931
-5982.8,100,-0.10974
-5963.5,100,-0.11016
-5944.1,100,-0.11058
-5924.6,100,-0.11099
-5905,100,-0.11141
-5885.4,100,-0.11181
-5865.7,100,-0.11222
-5845.9,100,-0.11262
-5826.1,100,-0.11302
-5806.2,100,-0.11342
-5786.2,100,-0.11381
-5766.3,100,-0.1142
-5746.3,100,-0.11459
-5726.3,100,-0.11497
-5706.3,100,-0.11535
-5686.3,100,-0.11573
-5666.3,100,-0.1161
-5646.3,100,-0.11647
-5626.3,100,-0.11684
-5606.3,100,-0.11721
-5586.4,100,-0.11757
-5566.5,100,-0.11793
-5546.6,100,-0.11829
-5526.8,100,-0.11864
-5507,100,-0.11899
-5487.3,100,-0.11934
-5467.7,100,-0.11968
-5448.1,100,-0.12002
-5428.6,100,-0.12036
-5409.2,100,-0.1207
-5389.9,100,-0.12103
-5370.7,100,-0.12136
-5351.6,100,-0.12169
-5332.6,100,-0.12201
-5313.7,100,-0.12234
-5294.9,100,-0.12266
-5276.3,100,-0.12297
-5257.7,100,-0.12329
-5239.3,100,-0.1236
-5221.1,100,-0.12391
-5202.9,100,-0.12421
-5184.9,100,-0.12452
-5167.1,100,-0.12482
-5149.4,100,-0.12512
-5131.9,100,-0.12541
-5114.5,100,-0.12571
-5097.3,100,-0.126
-5080.3,100,-0.12628
-5063.4,100,-0.12657
-5046.7,100,-0.12685
-5030.1,100,-0.12713
-5013.8,100,-0.12741
-4997.6,100,-0.12769
-4981.6,100,-0.12796
-4965.8,100,-0.12823
-4950.1,100,-0.1285
-4934.7,100,-0.12877
-4919.4,100,-0.12903
-4904.3,100,-0.1293
-4889.4,100,-0.12956
-4874.6,100,-0.12981
-4860.1,100,-0.13007
-4845.7,100,-0.13032
-4831.5,100,-0.13057
-4817.5,100,-0.13082
-4803.7,100,-0.13107
-4790,100,-0.13131
-4776.5,100,-0.13155
-4763.2,100,-0.13179
-4750.1,100,-0.13203
-4737.1,100,-0.13227
-4724.3,100,-0.1325
-4711.7,100,-0.13273
-4699.2,100,-0.13296
-4686.8,100,-0.13319
-4674.6,100,-0.13341
-4662.5,100,-0.13364
-4650.6,100,-0.13386
-4638.8,100,-0.13408
-4627.1,100,-0.13429
-4615.5,100,-0.13451
-4604.1,100,-0.13472
-4592.7,100,-0.13494
-4581.4,100,-0.13514
-4570.3,100,-0.13535
-4559.2,100,-0.13556
-4548.1,100,-0.13576
-4537.1,100,-0.13596
-4526.2,100,-0.13617
-4515.3,100,-0.13636
-4504.5,100,-0.13656
-4493.6,100,-0.13676
-4482.8,100,-0.13695
-4472,100,-0.13714
-4461.1,100,-0.13733
-4450.3,100,-0.13752
-4439.4,100,-0.1377
-4428.5,100,-0.13789
-4417.5,100,-0.13807
-4406.4,100,-0.13825
-4395.3,100,-0.13843
-4384.1,100,-0.13861
-4372.8,100,-0.13879
-4361.3,100,-0.13896
-4349.8,100,-0.13914
-4338.1,100,-0.13931
-4326.3,100,-0.13948
-4314.3,100,-0.13965
-4302.1,100,-0.13981
-4289.7,100,-0.13998
-4277.2,100,-0.14014
-4264.5,100,-0.1403
-4251.5,100,-0.14046
-4238.3,100,-0.14062
-4224.9,100,-0.14078
-4211.3,100,-0.14094
-4197.3,100,-0.14109
-4183.2,100,-0.14125
-4168.7,100,-0.1414
-4154,100,-0.14155
-4139,100,-0.1417
-4123.7,100,-0.14185
-4108.1,100,-0.14199
-4092.2,100,-0.14214
-4076,100,-0.14228
-4059.5,100,-0.14242
-4042.7,100,-0.14257
-4025.5,100,-0.14271
-4008,100,-0.14284
-3990.2,100,-0.14298
-3972.1,100,-0.14312
-3953.6,100,-0.14325
-3934.8,100,-0.14339
-3915.6,100,-0.14352
-3896.1,100,-0.14365
-3876.3,100,-0.14378
-3856.2,100,-0.14391
-3835.7,100,-0.14403
-3814.9,100,-0.14416
-3793.8,100,-0.14429
-3772.4,100,-0.14441
-3750.6,100,-0.14453
-3728.6,100,-0.14465
-3706.2,100,-0.14477
-3683.6,100,-0.14489
-3660.6,100,-0.14501
-3637.4,100,-0.14513
-3613.9,100,-0.14524
-3590.1,100,-0.14536
-3566.1,100,-0.14547
-3541.8,100,-0.14558
-3517.2,100,-0.1457
-3492.4,100,-0.14581
-3467.4,100,-0.14592
-3442.2,100,-0.14602
-3416.8,100,-0.14613
-3391.1,100,-0.14624
-3365.3,100,-0.14634
-3339.3,100,-0.14645
-3313.1,100,-0.14655
-3286.7,100,-0.14665
-3260.3,100,-0.14675
-3233.6,100,-0.14685
-3206.8,100,-0.14695
-3179.9,100,-0.14705
-3152.9,100,-0.14715
-3125.8,100,-0.14725
-3098.6,100,-0.14734
-3071.3,100,-0.14744
-3044,100,-0.14753
-3016.5,100,-0.14762
-2989.1,100,-0.14772
-2961.5,100,-0.14781
-2934,100,-0.1479
-2906.4,100,-0.14799
-2878.8,100,-0.14808
-2851.2,100,-0.14816
-2823.5,100,-0.14825
-2795.9,100,-0.14834
-2768.3,100,-0.14842
-2740.7,100,-0.14851
-2713.2,100,-0.14859
-2685.7,100,-0.14867
-2658.2,100,-0.14876
-2630.8,100,-0.14884
-2603.4,100,-0.14892
-2576.1,100,-0.149
-2548.8,100,-0.14908
-2521.7,100,-0.14915
-2494.6,100,-0.14923
-2467.6,100,-0.14931
-2440.7,100,-0.14939
-2413.9,100,-0.14946
-2387.2,100,-0.14953
-2360.6,100,-0.14961
-2334.1,100,-0.14968
-2307.7,100,-0.14975
-2281.5,100,-0.14983
-2255.3,100,-0.1499
-2229.3,100,-0.14997
-2203.5,100,-0.15004
-2177.7,100,-0.15011
-2152.1,100,-0.15017
-2126.6,100,-0.15024
-2101.3,100,-0.15031
-2076.1,100,-0.15038
-2051.1,100,-0.15044
-2026.2,100,-0.15051
-2001.5,100,-0.15057
-1976.9,100,-0.15063
-1952.5,100,-0.1507
-1928.2,100,-0.15076
-1904.1,100,-0.15082
-1880.2,100,-0.15088
-1856.4,100,-0.15094
-1832.8,100,-0.151
-1809.3,100,-0.15106
-1786,100,-0.15112
-1762.9,100,-0.15118
-1739.9,100,-0.15124
-1717.1,100,-0.1513
-1694.5,100,-0.15135
-1672,100,-0.15141
-1649.7,100,-0.15147
-1627.6,100,-0.15152
-1605.6,100,-0.15158
-1583.9,100,-0.15163
-1562.2,100,-0.15168
-1540.8,100,-0.15174
-1519.5,100,-0.15179
-1498.4,100,-0.15184
-1477.4,100,-0.15189
-1456.7,100,-0.15194
-1436.1,100,-0.15199
-1415.6,100,-0.15204
-1395.3,100,-0.15209
-1375.2,100,-0.15214
-1355.3,100,-0.15219
-1335.5,100,-0.15224
-1315.9,100,-0.15229
-1296.5,100,-0.15233
-1277.2,100,-0.15238
-1258,100,-0.15243
-1239.1,100,-0.15247
-1220.3,100,-0.15252
-1201.6,100,-0.15256
-1183.2,100,-0.15261
-1164.8,100,-0.15265
-1146.7,100,-0.1527
-1128.7,100,-0.15274
-1110.8,100,-0.15278
-1093.1,100,-0.15282
-1075.6,100,-0.15287
-1058.2,100,-0.15291
-1041,100,-0.15295
-1023.9,100,-0.15299
-1006.9,100,-0.15303
-990.16,100,-0.15307
-973.52,100,-0.15311
-957.03,100,-0.15315
-940.68,100,-0.15319
-924.48,100,-0.15323
-908.43,100,-0.15326
-892.51,100,-0.1533
-876.74,100,-0.15334
-861.11,100,-0.15338
-845.62,100,-0.15341
-830.27,100,-0.15345
-815.05,100,-0.15348
-799.97,100,-0.15352
-785.03,100,-0.15355
-770.22,100,-0.15359
-755.55,100,-0.15362
-741,100,-0.15366
-726.59,100,-0.15369
-712.3,100,-0.15373
-698.15,100,-0.15376
-684.12,100,-0.15379
-670.22,100,-0.15382
-656.45,100,-0.15386
-642.8,100,-0.15389
-629.27,100,-0.15392
-615.87,100,-0.15395
-602.58,100,-0.15398
-589.42,100,-0.15401
-576.38,100,-0.15404
-563.45,100,-0.15407
-550.64,100,-0.1541
-537.95,100,-0.15413
-525.38,100,-0.15416
-512.91,100,-0.15419
-500.57,100,-0.15422
-488.33,100,-0.15425
-476.2,100,-0.15427
-464.19,100,-0.1543
-452.28,100,-0.15433
-440.48,100,-0.15436
-428.79,100,-0.15438
-417.21,100,-0.15441
-405.73,100,-0.15444
-394.36,100,-0.15446
-383.09,100,-0.15449
-371.92,100,-0.15451
-360.85,100,-0.15454
-349.89,100,-0.15457
-339.02,100,-0.15459
-328.26,100,-0.15461
-317.59,100,-0.15464
-307.02,100,-0.15466
-296.54,100,-0.15469
-286.16,100,-0.15471
-275.88,100,-0.15473
-265.69,100,-0.15476
-255.59,100,-0.15478
-245.59,100,-0.1548
-235.68,100,-0.15483
-225.85,100,-0.15485
-216.12,100,-0.15487
-206.48,100,-0.15489
-196.92,100,-0.15491
-187.45,100,-0.15494
-178.07,100,-0.15496
-168.77,100,-0.15498
-159.56,100,-0.155
-150.44,100,-0.15502
-141.39,100,-0.15504
-132.43,100,-0.15506
-123.56,100,-0.15508
-114.76,100,-0.1551
-106.04,100,-0.15512
-97.409,100,-0.15514
-88.852,100,-0.15516
-80.375,100,-0.15518
-71.975,100,-0.1552
-63.652,100,-0.15521
-55.406,100,-0.15523
-47.236,100,-0.15525
-39.141,100,-0.15527
-31.121,100,-0.15529
-23.175,100,-0.1553
-15.302,100,-0.15532
-7.5012,100,-0.15534
0.2271,100,-0.15536
7.884,100,-0.15537
15.47,100,-0.15539
22.986,100,-0.15541
30.432,100,-0.15542
37.809,100,-0.15544
45.118,100,-0.15546
52.359,100,-0.15547
59.533,100,-0.15549
66.64,100,-0.1555
73.681,100,-0.15552
80.656,100,-0.15554
87.566,100,-0.15555
94.412,100,-0.15557
101.19,100,-0.15558
107.91,100,-0.1556
114.57,100,-0.15561
121.16,100,-0.15563
127.69,100,-0.15564
134.16,100,-0.15565
140.57,100,-0.15567
146.92,100,-0.15568
153.21,100,-0.1557
159.44,100,-0.15571
165.61,100,-0.15572
171.72,100,-0.15574
177.78,100,-0.15575
183.77,100,-0.15576
189.71,100,-0.15578
195.6,100,-0.15579
201.43,100,-0.1558
207.2,100,-0.15581
212.91,100,-0.15583
218.58,100,-0.15584
224.18,100,-0.15585
229.74,100,-0.15586
235.24,100,-0.15588
240.69,100,-0.15589
246.08,100,-0.1559
251.43,100,-0.15591
256.72,100,-0.15592
261.96,100,-0.15593
267.15,100,-0.15595
272.29,100,-0.15596
277.37,100,-0.15597
282.41,100,-0.15598
287.4,100,-0.15599
292.34,100,-0.156
297.23,100,-0.15601
302.08,100,-0.15602
306.87,100,-0.15603
311.62,100,-0.15604
316.32,100,-0.15605
320.98,100,-0.15606
325.59,100,-0.15607
330.15,100,-0.15608
334.66,100,-0.15609
339.13,100,-0.1561
343.56,100,-0.15611
347.94,100,-0.15612
352.28,100,-0.15613
356.57,100,-0.15614
360.82,100,-0.15615
365.03,100,-0.15616
369.19,100,-0.15617
373.31,100,-0.15618
377.39,100,-0.15619
381.42,100,-0.1562
385.41,100,-0.15621
389.37,100,-0.15621
393.28,100,-0.15622
397.15,100,-0.15623
400.98,100,-0.15624
404.77,100,-0.15625
408.52,100,-0.15626
412.23,100,-0.15626
415.9,100,-0.15627
419.53,100,-0.15628
423.12,100,-0.15629
426.67,100,-0.1563
430.19,100,-0.1563
433.66,100,-0.15631
437.1,100,-0.15632
440.51,100,-0.15633
443.87,100,-0.15633
447.2,100,-0.15634
450.49,100,-0.15635
453.74,100,-0.15636
456.96,100,-0.15636
460.14,100,-0.15637
463.29,100,-0.15638
466.4,100,-0.15638
469.48,100,-0.15639
472.52,100,-0.1564
475.52,100,-0.15641
478.5,100,-0.15641
481.43,100,-0.15642
484.34,100,-0.15643
487.21,100,-0.15643
490.04,100,-0.15644
492.84,100,-0.15644
495.61,100,-0.15645
498.35,100,-0.15646
501.05,100,-0.15646
503.73,100,-0.15647
506.37,100,-0.15648
508.97,100,-0.15648
511.55,100,-0.15649
514.09,100,-0.15649
516.6,100,-0.1565
519.09,100,-0.1565
521.54,100,-0.15651
523.96,100,-0.15652
526.35,100,-0.15652
528.7,100,-0.15653
531.03,100,-0.15653
533.33,100,-0.15654
535.6,100,-0.15654
537.84,100,-0.15655
540.05,100,-0.15655
542.23,100,-0.15656
544.38,100,-0.15656
546.5,100,-0.15657
548.6,100,-0.15657
550.66,100,-0.15658
552.7,100,-0.15658
554.71,100,-0.15659
556.69,100,-0.15659
558.65,100,-0.1566
560.57,100,-0.1566
562.47,100,-0.15661
564.34,100,-0.15661
566.19,100,-0.15662
568.01,100,-0.15662
569.8,100,-0.15663
571.56,100,-0.15663
573.3,100,-0.15664
575.01,100,-0.15664
576.7,100,-0.15665
578.36,100,-0.15665
579.99,100,-0.15665
581.6,100,-0.15666
583.19,100,-0.15666
584.75,100,-0.15667
586.28,100,-0.15667
587.79,100,-0.15667
589.27,100,-0.15668
590.73,100,-0.15668
592.17,100,-0.15669
593.58,100,-0.15669
594.96,100,-0.15669
596.33,100,-0.1567
597.66,100,-0.1567
598.98,100,-0.15671
600.27,100,-0.15671
601.54,100,-0.15671
602.78,100,-0.15672
604.01,100,-0.15672
605.2,100,-0.15672
606.38,100,-0.15673
607.53,100,-0.15673
608.66,100,-0.15673
609.77,100,-0.15674
610.86,100,-0.15674
611.92,100,-0.15674
612.96,100,-0.15675
613.98,100,-0.15675
614.98,100,-0.15675
615.96,100,-0.15676
616.91,100,-0.15676
617.85,100,-0.15676
618.76,100,-0.15677
619.65,100,-0.15677
620.52,100,-0.15677
621.37,100,-0.15678
622.2,100,-0.15678
623.01,100,-0.15678
623.8,100,-0.15679
624.56,100,-0.15679
625.31,100,-0.15679
626.04,100,-0.15679
626.75,100,-0.1568
627.43,100,-0.1568
628.1,100,-0.1568
628.75,100,-0.15681
629.38,100,-0.15681
629.99,100,-0.15681
630.58,100,-0.15681
631.15,100,-0.15682
631.7,100,-0.15682
632.23,100,-0.15682
632.75,100,-0.15682
633.24,100,-0.15683
633.72,100,-0.15683
634.18,100,-0.15683
634.62,100,-0.15683
635.04,100,-0.15684
635.44,100,-0.15684
635.83,100,-0.15684
636.2,100,-0.15684
636.55,100,-0.15685
636.88,100,-0.15685
637.2,100,-0.15685
637.49,100,-0.15685
637.77,100,-0.15685
638.04,100,-0.15686
638.28,100,-0.15686
638.51,100,-0.15686
638.72,100,-0.15686
638.91,100,-0.15687
639.09,100,-0.15687
639.25,100,-0.15687
639.4,100,-0.15687
639.53,100,-0.15687
639.64,100,-0.15688
639.73,100,-0.15688
639.81,100,-0.15688
639.88,100,-0.15688
639.92,100,-0.15688
639.96,100,-0.15689
639.97,100,-0.15689
639.97,100,-0.15689
639.96,100,-0.15689
639.93,100,-0.15689
639.88,100,-0.1569
639.82,100,-0.1569
639.74,100,-0.1569
639.65,100,-0.1569
639.54,100,-0.1569
639.42,100,-0.1569
639.28,100,-0.15691
639.13,100,-0.15691
638.97,100,-0.15691
638.79,100,-0.15691
638.59,100,-0.15691
638.38,100,-0.15691
638.16,100,-0.15692
637.92,100,-0.15692
637.67,100,-0.15692
637.41,100,-0.15692
637.13,100,-0.15692
636.83,100,-0.15692
636.53,100,-0.15693
636.21,100,-0.15693
635.87,100,-0.15693
635.52,100,-0.15693
635.16,100,-0.15693
634.79,100,-0.15693
634.4,100,-0.15693
634,100,-0.15694
633.59,100,-0.15694
633.16,100,-0.15694
632.72,100,-0.15694
632.27,100,-0.15694
631.8,100,-0.15694
631.33,100,-0.15694
630.84,100,-0.15695
630.33,100,-0.15695
629.82,100,-0.15695
629.29,100,-0.15695
628.75,100,-0.15695
628.2,100,-0.15695
627.64,100,-0.15695
627.06,100,-0.15696
626.47,100,-0.15696
625.87,100,-0.15696
625.26,100,-0.15696
624.64,100,-0.15696
624.01,100,-0.15696
623.36,100,-0.15696
622.71,100,-0.15696
622.04,100,-0.15696
621.36,100,-0.15697
620.67,100,-0.15697
619.97,100,-0.15697
619.25,100,-0.15697
618.53,100,-0.15697
617.8,100,-0.15697
617.05,100,-0.15697
616.29,100,-0.15697
615.53,100,-0.15697
614.75,100,-0.15698
613.96,100,-0.15698
613.17,100,-0.15698
612.36,100,-0.15698
611.54,100,-0.15698
610.71,100,-0.15698
609.87,100,-0.15698
609.02,100,-0.15698
608.17,100,-0.15698
607.3,100,-0.15698
606.42,100,-0.15699
605.53,100,-0.15699
604.63,100,-0.15699
603.73,100,-0.15699
602.81,100,-0.15699
601.88,100,-0.15699
600.95,100,-0.15699
600.01,100,-0.15699
599.05,100,-0.15699
598.09,100,-0.15699
597.12,100,-0.15699
596.14,100,-0.157
595.15,100,-0.157
594.15,100,-0.157
593.14,100,-0.157
592.12,100,-0.157
591.1,100,-0.157
590.07,100,-0.157
589.03,100,-0.157
587.98,100,-0.157
586.92,100,-0.157
585.85,100,-0.157
584.78,100,-0.157
583.69,100,-0.157
582.6,100,-0.15701
581.5,100,-0.15701
580.4,100,-0.15701
579.28,100,-0.15701
578.16,100,-0.15701
577.03,100,-0.15701
575.89,100,-0.15701
574.75,100,-0.15701
573.59,100,-0.15701
572.43,100,-0.15701
571.26,100,-0.15701
570.09,100,-0.15701
568.91,100,-0.15701
567.72,100,-0.15701
566.52,100,-0.15702
565.32,100,-0.15702
564.11,100,-0.15702
562.89,100,-0.15702
561.67,100,-0.15702
560.44,100,-0.15702
559.2,100,-0.15702
557.95,100,-0.15702
556.7,100,-0.15702
555.45,100,-0.15702
554.18,100,-0.15702
552.91,100,-0.15702
551.63,100,-0.15702
550.35,100,-0.15702
549.06,100,-0.15702
547.77,100,-0.15702
546.47,100,-0.15702
545.16,100,-0.15703
543.85,100,-0.15703
542.53,100,-0.15703
541.2,100,-0.15703
539.87,100,-0.15703
538.54,100,-0.15703
537.2,100,-0.15703
535.85,100,-0.15703
534.5,100,-0.15703
533.14,100,-0.15703
531.77,100,-0.15703
530.41,100,-0.15703
529.03,100,-0.15703
527.65,100,-0.15703
526.27,100,-0.15703
524.88,100,-0.15703
523.49,100,-0.15703
522.09,100,-0.15703
520.68,100,-0.15703
519.27,100,-0.15703
517.86,100,-0.15704
516.44,100,-0.15704
515.02,100,-0.15704
513.59,100,-0.15704
512.16,100,-0.15704
510.73,100,-0.15704
509.28,100,-0.15704
507.84,100,-0.15704
506.39,100,-0.15704
504.94,100,-0.15704
503.48,100,-0.15704
502.02,100,-0.15704
500.55,100,-0.15704
499.08,100,-0.15704
497.61,100,-0.15704
496.13,100,-0.15704
494.65,100,-0.15704
493.17,100,-0.15704
491.68,100,-0.15704
490.19,100,-0.15704
488.69,100,-0.15704
487.2,100,-0.15704
485.69,100,-0.15704
484.19,100,-0.15704
482.68,100,-0.15704
481.17,100,-0.15704
479.65,100,-0.15705
478.13,100,-0.15705
476.61,100,-0.15705
475.09,100,-0.15705
473.56,100,-0.15705
472.03,100,-0.15705
470.5,100,-0.15705
468.96,100,-0.15705
467.42,100,-0.15705
465.88,100,-0.15705
464.34,100,-0.15705
462.79,100,-0.15705
461.24,100,-0.15705
459.69,100,-0.15705
458.13,100,-0.15705
456.58,100,-0.15705
455.02,100,-0.15705
453.46,100,-0.15705
451.9,100,-0.15705
450.33,100,-0.15705
448.76,100,-0.15705
447.19,100,-0.15705
445.62,100,-0.15705
444.05,100,-0.15705
442.47,100,-0.15705
440.9,100,-0.15705
439.32,100,-0.15705
437.74,100,-0.15705
436.16,100,-0.15705
434.57,100,-0.15705
432.99,100,-0.15705
431.4,100,-0.15705
429.81,100,-0.15705
428.22,100,-0.15705
426.63,100,-0.15706
425.04,100,-0.15706
423.45,100,-0.15706
421.85,100,-0.15706
420.26,100,-0.15706
418.66,100,-0.15706
417.06,100,-0.15706
415.46,100,-0.15706
413.86,100,-0.15706
412.26,100,-0.15706
410.66,100,-0.15706
409.06,100,-0.15706
407.46,100,-0.15706
405.85,100,-0.15706
404.25,100,-0.15706
402.64,100,-0.15706
401.04,100,-0.15706
399.43,100,-0.15707
397.62,100,-0.15707
396.02,100,-0.15707
394.42,100,-0.15707
392.81,100,-0.15707
391.21,100,-0.15707
389.6,100,-0.15707
388,100,-0.15707
386.39,100,-0.15707
384.79,100,-0.15707
383.18,100,-0.15707
381.58,100,-0.15707
379.97,100,-0.15707
378.37,100,-0.15707
376.76,100,-0.15707
375.16,100,-0.15707
373.55,100,-0.15707
371.95,100,-0.15707
370.35,100,-0.15707
368.74,100,-0.15707
367.14,100,-0.15707
365.54,100,-0.15707
363.93,100,-0.15707
362.33,100,-0.15707
360.73,100,-0.15707
359.13,100,-0.15707
357.53,100,-0.15707
355.93,100,-0.15707
354.33,100,-0.15707
352.74,100,-0.15707
351.14,100,-0.15707
349.54,100,-0.15707
347.95,100,-0.15707
346.35,100,-0.15707
344.76,100,-0.15707
343.17,100,-0.15707
341.58,100,-0.15707
339.99,100,-0.15707
338.4,100,-0.15707
336.81,100,-0.15707
335.23,100,-0.15707
333.64,100,-0.15707
332.06,100,-0.15707
330.48,100,-0.15707
328.89,100,-0.15707
327.32,100,-0.15707
325.74,100,-0.15707
324.16,100,-0.15707
322.59,100,-0.15707
321.01,100,-0.15707
319.44,100,-0.15707
317.87,100,-0.15707
316.3,100,-0.15707
314.74,100,-0.15707
313.17,100,-0.15707
311.61,100,-0.15707
310.05,100,-0.15707
308.49,100,-0.15707
306.93,100,-0.15707
305.38,100,-0.15707
303.82,100,-0.15707
302.27,100,-0.15707
300.72,100,-0.15707
299.18,100,-0.15707
297.63,100,-0.15707
296.09,100,-0.15707
294.55,100,-0.15707
293.01,100,-0.15707
291.47,100,-0.15707
289.94,100,-0.15707
288.41,100,-0.15707
286.88,100,-0.15707
285.35,100,-0.15707
283.83,100,-0.15707
282.31,100,-0.15707
280.79,100,-0.15707
279.27,100,-0.15707
277.76,100,-0.15707
276.25,100,-0.15707
274.74,100,-0.15707
273.23,100,-0.15707
271.73,100,-0.15707
270.23,100,-0.15707
268.73,100,-0.15707
267.24,100,-0.15707
265.74,100,-0.15707
264.25,100,-0.15707
262.77,100,-0.15707
261.28,100,-0.15707
259.8,100,-0.15707
258.33,100,-0.15707
256.85,100,-0.15707
255.38,100,-0.15707
253.91,100,-0.15707
252.45,100,-0.15707
250.98,100,-0.15707
249.52,100,-0.15707
248.07,100,-0.15707
246.61,100,-0.15707
245.16,100,-0.15707
243.72,100,-0.15707
242.27,100,-0.15707
240.83,100,-0.15707
239.4,100,-0.15707
237.96,100,-0.15707
236.53,100,-0.15707
235.11,100,-0.15707
233.68,100,-0.15707
232.26,100,-0.15707
230.85,100,-0.15707
229.44,100,-0.15707
228.03,100,-0.15707
226.62,100,-0.15707
225.22,100,-0.15706
223.82,100,-0.15706
222.42,100,-0.15706
221.03,100,-0.15706
219.65,100,-0.15706
218.26,100,-0.15706
216.88,100,-0.15706
215.5,100,-0.15706
214.13,100,-0.15706
212.76,100,-0.15706
211.4,100,-0.15706
210.03,100,-0.15706
208.68,100,-0.15706
207.32,100,-0.15706
205.97,100,-0.15706
204.63,100,-0.15706
203.28,100,-0.15706
201.95,100,-0.15706
200.61,100,-0.15706
199.28,100,-0.15706
197.95,100,-0.15706
196.63,100,-0.15706
195.31,100,-0.15706
194,100,-0.15706
192.69,100,-0.15706
191.38,100,-0.15706
190.08,100,-0.15706
188.78,100,-0.15706
187.49,100,-0.15706
186.2,100,-0.15706
184.91,100,-0.15706
183.63,100,-0.15706
182.35,100,-0.15706
181.08,100,-0.15706
179.81,100,-0.15706
178.54,100,-0.15706
177.28,100,-0.15706
176.03,100,-0.15706
174.77,100,-0.15706
173.53,100,-0.15706
172.28,100,-0.15706
171.04,100,-0.15706
169.81,100,-0.15706
168.58,100,-0.15706
167.35,100,-0.15706
166.13,100,-0.15706
164.91,100,-0.15706
163.7,100,-0.15706
162.49,100,-0.15706
161.29,100,-0.15706
160.09,100,-0.15706
158.89,100,-0.15706
157.7,100,-0.15705
156.51,100,-0.15705
155.33,100,-0.15705
154.15,100,-0.15705
152.98,100,-0.15705
151.81,100,-0.15705
150.65,100,-0.15705
149.49,100,-0.15705
148.33,100,-0.15705
147.18,100,-0.15705
146.04,100,-0.15705
144.9,100,-0.15705
143.76,100,-0.15705
142.63,100,-0.15705
141.5,100,-0.15705
140.38,100,-0.15705
139.26,100,-0.15705
138.15,100,-0.15705
137.04,100,-0.15705
135.93,100,-0.15705
134.83,100,-0.15705
133.74,100,-0.15705
132.65,100,-0.15705
131.56,100,-0.15705
130.48,100,-0.15705
129.4,100,-0.15705
128.33,100,-0.15705
127.26,100,-0.15705
126.2,100,-0.15705
125.14,100,-0.15705
124.09,100,-0.15705
123.04,100,-0.15705
122,100,-0.15705
120.96,100,-0.15705
119.93,100,-0.15704
118.9,100,-0.15704
117.87,100,-0.15704
116.85,100,-0.15704
115.84,100,-0.15704
114.83,100,-0.15704
113.82,100,-0.15704
112.82,100,-0.15704
111.82,100,-0.15704
110.83,100,-0.15704
109.84,100,-0.15704
108.86,100,-0.15704
107.88,100,-0.15704
106.91,100,-0.15704
105.94,100,-0.15704
104.98,100,-0.15704
104.02,100,-0.15704
103.07,100,-0.15704
102.12,100,-0.15704
101.18,100,-0.15704
100.24,100,-0.15704
99.305,100,-0.15704
98.375,100,-0.15704
97.451,100,-0.15704
96.531,100,-0.15704
95.616,100,-0.15703
94.705,100,-0.15703
93.8,100,-0.15703
92.899,100,-0.15703
92.003,100,-0.15703
91.112,100,-0.15703
90.225,100,-0.15703
89.344,100,-0.15703
88.467,100,-0.15703
87.595,100,-0.15703
86.728,100,-0.15703
85.865,100,-0.15703
85.008,100,-0.15703
84.155,100,-0.15703
83.307,100,-0.15703
82.463,100,-0.15703
81.625,100,-0.15703
80.791,100,-0.15703
79.962,100,-0.15703
79.137,100,-0.15703
78.318,100,-0.15703
77.503,100,-0.15702
76.693,100,-0.15702
75.888,100,-0.15702
75.087,100,-0.15702
74.292,100,-0.15702
73.501,100,-0.15702
72.714,100,-0.15702
71.933,100,-0.15702
71.156,100,-0.15702
70.384,100,-0.15702
69.617,100,-0.15702
68.854,100,-0.15702
68.096,100,-0.15702
67.343,100,-0.15702
66.594,100,-0.15702
65.851,100,-0.15702
65.112,100,-0.15702
64.377,100,-0.15701
63.647,100,-0.15701
62.923,100,-0.15701
62.202,100,-0.15701
61.487,100,-0.15701
60.776,100,-0.15701
60.069,100,-0.15701
59.368,100,-0.15701
58.671,100,-0.15701
57.978,100,-0.15701
57.291,100,-0.15701
56.607,100,-0.15701
55.929,100,-0.15701
55.255,100,-0.15701
54.586,100,-0.157
53.921,100,-0.157
53.261,100,-0.157
52.606,100,-0.157
51.955,100,-0.157
51.309,100,-0.157
50.667,100,-0.157
50.03,100,-0.157
49.398,100,-0.157
48.77,100,-0.157
48.146,100,-0.157
47.527,100,-0.157
46.913,100,-0.157
46.303,100,-0.15699
45.698,100,-0.15699
45.097,100,-0.15699
44.501,100,-0.15699
43.909,100,-0.15699
43.322,100,-0.15699
42.739,100,-0.15699
42.16,100,-0.15699
41.586,100,-0.15699
41.017,100,-0.15699
40.452,100,-0.15699
39.891,100,-0.15698
39.335,100,-0.15698
38.783,100,-0.15698
38.236,100,-0.15698
37.693,100,-0.15698
37.155,100,-0.15698
36.62,100,-0.15698
36.091,100,-0.15698
35.565,100,-0.15698
35.044,100,-0.15698
34.527,100,-0.15697
34.015,100,-0.15697
33.507,100,-0.15697
33.003,100,-0.15697
32.504,100,-0.15697
32.009,100,-0.15697
31.518,100,-0.15697
31.031,100,-0.15697
30.549,100,-0.15697
30.071,100,-0.15696
29.597,100,-0.15696
29.127,100,-0.15696
28.662,100,-0.15696
28.201,100,-0.15696
27.744,100,-0.15696
27.291,100,-0.15696
26.843,100,-0.15696
26.398,100,-0.15695
25.958,100,-0.15695
25.522,100,-0.15695
25.09,100,-0.15695
24.662,100,-0.15695
24.239,100,-0.15695
23.819,100,-0.15695
23.404,100,-0.15695
22.992,100,-0.15694
22.585,100,-0.15694
22.182,100,-0.15694
21.783,100,-0.15694
21.388,100,-0.15694
20.997,100,-0.15694
20.61,100,-0.15694
20.227,100,-0.15693
19.848,100,-0.15693
19.473,100,-0.15693
19.102,100,-0.15693
18.735,100,-0.15693
18.372,100,-0.15693
18.013,100,-0.15693
17.658,100,-0.15692
17.307,100,-0.15692
16.959,100,-0.15692
16.616,100,-0.15692
16.276,100,-0.15692
15.941,100,-0.15692
15.609,100,-0.15691
15.281,100,-0.15691
14.957,100,-0.15691
14.637,100,-0.15691
14.321,100,-0.15691
14.008,100,-0.15691
13.699,100,-0.1569
13.394,100,-0.1569
13.093,100,-0.1569
12.796,100,-0.1569
12.502,100,-0.1569
12.212,100,-0.1569
11.926,100,-0.15689
11.644,100,-0.15689
11.365,100,-0.15689
11.09,100,-0.15689
10.819,100,-0.15689
10.551,100,-0.15688
10.287,100,-0.15688
10.027,100,-0.15688
9.7703,100,-0.15688
9.5173,100,-0.15688
9.2679,100,-0.15687
9.0221,100,-0.15687
8.78,100,-0.15687
8.5414,100,-0.15687
8.3063,100,-0.15687
8.0749,100,-0.15686
7.847,100,-0.15686
7.6226,100,-0.15686
7.4018,100,-0.15686
7.1844,100,-0.15685
6.9706,100,-0.15685
6.7603,100,-0.15685
6.5535,100,-0.15685
6.3501,100,-0.15685
6.1502,100,-0.15684
5.9538,100,-0.15684
5.7607,100,-0.15684
5.5711,100,-0.15684
5.385,100,-0.15683
5.2022,100,-0.15683
5.0228,100,-0.15683
4.8468,100,-0.15683
4.6742,100,-0.15682
4.5049,100,-0.15682
4.339,100,-0.15682
4.1764,100,-0.15682
4.0171,100,-0.15681
3.8611,100,-0.15681
3.7084,100,-0.15681
3.5591,100,-0.1568
3.413,100,-0.1568
3.2701,100,-0.1568
3.1306,100,-0.1568
2.9942,100,-0.15679
2.8611,100,-0.15679
2.7312,100,-0.15679
2.6046,100,-0.15678
2.4811,100,-0.15678
2.3608,100,-0.15678
2.2437,100,-0.15678
2.1298,100,-0.15677
2.019,100,-0.15677
1.9113,100,-0.15677
1.8068,100,-0.15676
1.7054,100,-0.15676
1.6072,100,-0.15676
1.512,100,-0.15675
1.4199,100,-0.15675
1.3309,100,-0.15675
1.245,100,-0.15674
1.1621,100,-0.15674
1.0822,100,-0.15674
1.0054,100,-0.15673
0.93165,100,-0.15673
0.86089,100,-0.15673
0.79313,100,-0.15672
0.72836,100,-0.15672
0.66658,100,-0.15672
0.60777,100,-0.15671
0.55192,100,-0.15671
0.49902,100,-0.15671
0.44906,100,-0.1567
0.40204,100,-0.1567
0.35793,100,-0.15669
0.31674,100,-0.15669
0.27844,100,-0.15669
0.24304,100,-0.15668
0.21051,100,-0.15668
0.18086,100,-0.15667
0.15407,100,-0.15667
0.13012,100,-0.15667
0.10902,100,-0.15666
0.090747,100,-0.15666
0.075295,100,-0.15665
0.062655,100,-0.15665
0.052816,100,-0.15664
0.045769,100,-0.15664
0.041504,100,-0.15664
0.040013,100,-0.15663
0.041284,100,-0.15663
0.04531,100,-0.15662
0.05208,100,-0.15662
0.061585,100,-0.15661
0.073817,100,-0.15661
0.088766,100,-0.1566
0.10642,100,-0.1566
0.12678,100,-0.15659
0.14982,100,-0.15659
0.17555,100,-0.15658
0.20395,100,-0.15658
0.23501,100,-0.15657
0.26872,100,-0.15657
0.30508,100,-0.15656
0.34408,100,-0.15656
0.38571,100,-0.15655
0.42996,100,-0.15655
0.47681,100,-0.15654
0.52628,100,-0.15654
0.57833,100,-0.15653
0.63298,100,-0.15653
0.6902,100,-0.15652
0.74999,100,-0.15652
0.81235,100,-0.15651
0.87726,100,-0.15651
0.94471,100,-0.1565
1.0147,100,-0.15649
1.0872,100,-0.15649
1.1623,100,-0.15648
1.2398,100,-0.15648
1.3199,100,-0.15647
1.4025,100,-0.15646
1.4876,100,-0.15646
1.5751,100,-0.15645
1.6651,100,-0.15645
1.7577,100,-0.15644
1.8526,100,-0.15643
1.95,100,-0.15643
2.0499,100,-0.15642
2.1522,100,-0.15641
2.257,100,-0.15641
2.3642,100,-0.1564
2.4738,100,-0.15639
2.5858,100,-0.15639
2.7003,100,-0.15638
2.8171,100,-0.15637
2.9364,100,-0.15636
3.058,100,-0.15636
3.182,100,-0.15635
3.3084,100,-0.15634
3.4372,100,-0.15634
3.5684,100,-0.15633
3.7019,100,-0.15632
3.8377,100,-0.15631
3.9759,100,-0.15631
4.1165,100,-0.1563
4.2594,100,-0.15629
4.4046,100,-0.15628
4.5522,100,-0.15627
4.7021,100,-0.15627
4.8543,100,-0.15626
5.0089,100,-0.15625
5.1657,100,-0.15624
5.3248,100,-0.15623
5.4863,100,-0.15622
5.65,100,-0.15622
5.8161,100,-0.15621
5.9844,100,-0.1562
6.155,100,-0.15619
6.3279,100,-0.15618
6.503,100,-0.15617
6.6805,100,-0.15616
6.8602,100,-0.15615
7.0421,100,-0.15615
7.2264,100,-0.15614
7.4128,100,-0.15613
7.6016,100,-0.15612
7.7926,100,-0.15611
7.9858,100,-0.1561
8.1813,100,-0.15609
8.379,100,-0.15608
8.5789,100,-0.15607
8.7811,100,-0.15606
8.9856,100,-0.15605
9.1922,100,-0.15604
9.4011,100,-0.15603
9.6122,100,-0.15602
9.8255,100,-0.15601
10.041,100,-0.156
10.259,100,-0.15598
10.479,100,-0.15597
10.701,100,-0.15596
10.925,100,-0.15595
11.152,100,-0.15594
11.381,100,-0.15593
11.612,100,-0.15592
11.845,100,-0.15591
12.081,100,-0.15589
12.318,100,-0.15588
12.558,100,-0.15587
12.8,100,-0.15586
13.045,100,-0.15585
13.291,100,-0.15583
13.54,100,-0.15582
13.791,100,-0.15581
14.044,100,-0.1558
14.299,100,-0.15578
14.557,100,-0.15577
14.817,100,-0.15576
15.078,100,-0.15575
15.343,100,-0.15573
15.609,100,-0.15572
15.878,100,-0.15571
16.148,100,-0.15569
16.421,100,-0.15568
16.697,100,-0.15566
16.974,100,-0.15565
17.254,100,-0.15564
17.535,100,-0.15562
17.82,100,-0.15561
18.106,100,-0.15559
18.394,100,-0.15558
18.685,100,-0.15556
18.978,100,-0.15555
19.273,100,-0.15553
19.571,100,-0.15552
19.87,100,-0.1555
20.172,100,-0.15549
20.476,100,-0.15547
20.783,100,-0.15545
21.092,100,-0.15544
21.402,100,-0.15542
21.716,100,-0.15541
22.031,100,-0.15539
22.349,100,-0.15537
22.669,100,-0.15536
22.991,100,-0.15534
23.316,100,-0.15532
23.642,100,-0.1553
23.971,100,-0.15529
24.303,100,-0.15527
24.637,100,-0.15525
24.973,100,-0.15523
25.311,100,-0.15521
25.652,100,-0.1552
25.995,100,-0.15518
26.34,100,-0.15516
26.687,100,-0.15514
27.037,100,-0.15512
27.39,100,-0.1551
27.744,100,-0.15508
28.102,100,-0.15506
28.461,100,-0.15504
28.823,100,-0.15502
29.187,100,-0.155
29.554,100,-0.15498
29.923,100,-0.15496
30.294,100,-0.15494
30.668,100,-0.15492
31.044,100,-0.1549
31.423,100,-0.15488
31.804,100,-0.15485
32.188,100,-0.15483
32.574,100,-0.15481
32.962,100,-0.15479
33.353,100,-0.15477
33.747,100,-0.15474
34.143,100,-0.15472
34.541,100,-0.1547
34.942,100,-0.15467
35.346,100,-0.15465
35.752,100,-0.15463
36.161,100,-0.1546
36.572,100,-0.15458
36.986,100,-0.15455
37.402,100,-0.15453
37.821,100,-0.1545
38.243,100,-0.15448
38.667,100,-0.15445
39.094,100,-0.15443
39.524,100,-0.1544
39.956,100,-0.15437
40.391,100,-0.15435
40.829,100,-0.15432
41.269,100,-0.15429
41.712,100,-0.15427
42.158,100,-0.15424
42.607,100,-0.15421
43.058,100,-0.15418
43.512,100,-0.15416
43.969,100,-0.15413
44.429,100,-0.1541
44.891,100,-0.15407
45.357,100,-0.15404
45.825,100,-0.15401
46.296,100,-0.15398
46.77,100,-0.15395
47.247,100,-0.15392
47.727,100,-0.15389
48.21,100,-0.15386
48.696,100,-0.15383
49.184,100,-0.15379
49.676,100,-0.15376
50.171,100,-0.15373
50.669,100,-0.1537
51.17,100,-0.15366
51.674,100,-0.15363
52.181,100,-0.1536
52.691,100,-0.15356
53.204,100,-0.15353
53.72,100,-0.1535
54.24,100,-0.15346
54.763,100,-0.15343
55.289,100,-0.15339
55.818,100,-0.15335
56.35,100,-0.15332
56.886,100,-0.15328
57.425,100,-0.15325
57.968,100,-0.15321
58.513,100,-0.15317
59.062,100,-0.15313
59.615,100,-0.15309
60.171,100,-0.15306
60.73,100,-0.15302
61.293,100,-0.15298
61.859,100,-0.15294
62.429,100,-0.1529
63.002,100,-0.15286
63.579,100,-0.15282
64.16,100,-0.15278
64.744,100,-0.15274
65.332,100,-0.15269
65.923,100,-0.15265
66.518,100,-0.15261
67.117,100,-0.15257
67.719,100,-0.15252
68.326,100,-0.15248
68.936,100,-0.15243
69.55,100,-0.15239
70.168,100,-0.15234
70.789,100,-0.1523
71.415,100,-0.15225
72.044,100,-0.15221
72.678,100,-0.15216
73.315,100,-0.15211
73.957,100,-0.15207
74.603,100,-0.15202
75.252,100,-0.15197
75.906,100,-0.15192
76.564,100,-0.15187
77.226,100,-0.15182
77.893,100,-0.15177
78.563,100,-0.15172
79.238,100,-0.15167
79.918,100,-0.15162
80.601,100,-0.15157
81.289,100,-0.15151
81.982,100,-0.15146
82.679,100,-0.15141
83.38,100,-0.15135
84.086,100,-0.1513
84.797,100,-0.15124
85.512,100,-0.15119
86.232,100,-0.15113
86.956,100,-0.15108
87.685,100,-0.15102
88.419,100,-0.15096
89.158,100,-0.1509
89.901,100,-0.15085
90.649,100,-0.15079
91.403,100,-0.15073
92.161,100,-0.15067
92.924,100,-0.15061
93.692,100,-0.15055
94.466,100,-0.15049
95.244,100,-0.15042
96.028,100,-0.15036
96.816,100,-0.1503
97.61,100,-0.15023
98.409,100,-0.15017
99.214,100,-0.1501
100.02,100,-0.15004
100.84,100,-0.14997
101.66,100,-0.14991
102.49,100,-0.14984
103.32,100,-0.14977
104.15,100,-0.1497
105,100,-0.14963
105.85,100,-0.14957
106.7,100,-0.1495
107.56,100,-0.14942
108.43,100,-0.14935
109.3,100,-0.14928
110.18,100,-0.14921
111.06,100,-0.14914
111.95,100,-0.14906
112.84,100,-0.14899
113.75,100,-0.14891
114.65,100,-0.14884
115.57,100,-0.14876
116.49,100,-0.14868
117.41,100,-0.14861
118.35,100,-0.14853
119.29,100,-0.14845
120.23,100,-0.14837
121.18,100,-0.14829
122.14,100,-0.14821
123.11,100,-0.14813
124.08,100,-0.14805
125.06,100,-0.14796
126.04,100,-0.14788
127.04,100,-0.14779
128.04,100,-0.14771
129.04,100,-0.14762
130.05,100,-0.14754
131.08,100,-0.14745
132.1,100,-0.14736
133.14,100,-0.14727
134.18,100,-0.14718
135.23,100,-0.14709
136.28,100,-0.147
137.35,100,-0.14691
138.42,100,-0.14682
139.5,100,-0.14673
140.58,100,-0.14663
141.67,100,-0.14654
142.78,100,-0.14644
143.88,100,-0.14635
145,100,-0.14625
146.13,100,-0.14615
147.26,100,-0.14606
148.4,100,-0.14596
149.55,100,-0.14586
150.7,100,-0.14576
151.87,100,-0.14566
153.04,100,-0.14555
154.22,100,-0.14545
155.41,100,-0.14535
156.61,100,-0.14524
157.81,100,-0.14514
159.03,100,-0.14503
160.25,100,-0.14492
161.49,100,-0.14481
162.73,100,-0.14471
163.98,100,-0.1446
165.23,100,-0.14449
166.5,100,-0.14438
167.78,100,-0.14426
169.06,100,-0.14415
170.36,100,-0.14404
171.66,100,-0.14392
172.97,100,-0.14381
174.3,100,-0.14369
175.63,100,-0.14357
176.97,100,-0.14345
178.32,100,-0.14334
179.68,100,-0.14322
181.05,100,-0.1431
182.43,100,-0.14297
183.82,100,-0.14285
185.22,100,-0.14273
186.63,100,-0.1426
188.04,100,-0.14248
189.47,100,-0.14235
190.91,100,-0.14223
192.36,100,-0.1421
193.82,100,-0.14197
195.29,100,-0.14184
196.77,100,-0.14171
198.26,100,-0.14158
199.76,100,-0.14144
201.28,100,-0.14131
202.8,100,-0.14118
204.33,100,-0.14104
205.88,100,-0.1409
207.43,100,-0.14077
209,100,-0.14063
210.57,100,-0.14049
212.16,100,-0.14035
213.76,100,-0.14021
215.37,100,-0.14007
216.99,100,-0.13992
218.63,100,-0.13978
220.27,100,-0.13963
221.93,100,-0.13949
223.6,100,-0.13934
225.27,100,-0.13919
226.97,100,-0.13905
228.67,100,-0.1389
230.38,100,-0.13874
232.11,100,-0.13859
233.85,100,-0.13844
235.6,100,-0.13829
237.36,100,-0.13813
239.14,100,-0.13798
240.92,100,-0.13782
242.72,100,-0.13766
244.54,100,-0.1375
246.36,100,-0.13734
248.2,100,-0.13718
250.05,100,-0.13702
251.91,100,-0.13686
253.78,100,-0.13669
255.67,100,-0.13653
257.57,100,-0.13636
259.48,100,-0.1362
261.41,100,-0.13603
263.35,100,-0.13586
265.3,100,-0.13569
267.27,100,-0.13552
269.25,100,-0.13535
271.24,100,-0.13518
273.24,100,-0.135
275.26,100,-0.13483
277.3,100,-0.13465
279.34,100,-0.13448
281.4,100,-0.1343
283.47,100,-0.13412
285.56,100,-0.13394
287.66,100,-0.13376
289.77,100,-0.13358
291.9,100,-0.13339
294.04,100,-0.13321
296.2,100,-0.13303
298.37,100,-0.13284
300.55,100,-0.13265
302.75,100,-0.13247
304.96,100,-0.13228
307.19,100,-0.13209
309.43,100,-0.1319
311.68,100,-0.1317
313.95,100,-0.13151
316.23,100,-0.13132
318.53,100,-0.13112
320.84,100,-0.13093
323.17,100,-0.13073
325.51,100,-0.13053
327.87,100,-0.13033
330.23,100,-0.13013
332.62,100,-0.12993
335.02,100,-0.12973
337.43,100,-0.12953
339.86,100,-0.12933
342.3,100,-0.12912
344.76,100,-0.12892
347.23,100,-0.12871
349.72,100,-0.1285
352.22,100,-0.12829
354.74,100,-0.12809
357.27,100,-0.12787
359.82,100,-0.12766
362.38,100,-0.12745
364.95,100,-0.12724
367.54,100,-0.12703
370.15,100,-0.12681
372.77,100,-0.12659
375.4,100,-0.12638
378.05,100,-0.12616
380.72,100,-0.12594
383.4,100,-0.12572
386.09,100,-0.1255
388.8,100,-0.12528
391.53,100,-0.12506
394.27,100,-0.12484
397.02,100,-0.12461
399.79,100,-0.12439
402.57,100,-0.12416
405.37,100,-0.12394
408.18,100,-0.12371
411.01,100,-0.12348
413.85,100,-0.12325
416.71,100,-0.12303
419.58,100,-0.1228
422.47,100,-0.12256
425.37,100,-0.12233
428.28,100,-0.1221
431.21,100,-0.12187
434.16,100,-0.12163
437.12,100,-0.1214
440.09,100,-0.12116
443.07,100,-0.12093
446.08,100,-0.12069
449.09,100,-0.12045
452.12,100,-0.12021
455.16,100,-0.11997
458.22,100,-0.11973
461.29,100,-0.11949
464.37,100,-0.11925
467.47,100,-0.11901
470.58,100,-0.11877
473.71,100,-0.11852
476.85,100,-0.11828
480,100,-0.11803
483.16,100,-0.11779
486.34,100,-0.11754
489.53,100,-0.1173
492.74,100,-0.11705
495.95,100,-0.1168
499.18,100,-0.11655
502.42,100,-0.11631
505.68,100,-0.11606
508.95,100,-0.11581
512.23,100,-0.11556
515.52,100,-0.11531
518.82,100,-0.11505
522.13,100,-0.1148
525.46,100,-0.11455
528.8,100,-0.1143
532.15,100,-0.11404
535.51,100,-0.11379
538.88,100,-0.11354
542.26,100,-0.11328
545.66,100,-0.11303
549.06,100,-0.11277
552.47,100,-0.11252
555.9,100,-0.11226
559.33,100,-0.112
562.78,100,-0.11175
566.23,100,-0.11149
569.69,100,-0.11123
573.17,100,-0.11097
576.65,100,-0.11071
580.14,100,-0.11046
583.64,100,-0.1102
587.14,100,-0.10994
590.66,100,-0.10968
594.18,100,-0.10942
597.72,100,-0.10916
601.26,100,-0.1089
604.8,100,-0.10864
608.36,100,-0.10838
611.92,100,-0.10812
615.49,100,-0.10786
619.06,100,-0.1076
622.64,100,-0.10734
626.23,100,-0.10707
629.82,100,-0.10681
633.42,100,-0.10655
637.02,100,-0.10629
640.63,100,-0.10603
644.24,100,-0.10577
647.85,100,-0.10551
651.47,100,-0.10524
655.1,100,-0.10498
658.73,100,-0.10472
662.36,100,-0.10446
665.99,100,-0.1042
669.63,100,-0.10393
673.27,100,-0.10367
676.91,100,-0.10341
680.55,100,-0.10315
684.19,100,-0.10289
687.84,100,-0.10263
691.49,100,-0.10237
695.13,100,-0.1021
698.78,100,-0.10184
702.43,100,-0.10158
706.07,100,-0.10132
709.72,100,-0.10106
713.36,100,-0.1008
717.01,100,-0.10054
720.65,100,-0.10028
724.29,100,-0.10002
727.92,100,-0.09976
731.56,100,-0.099501
735.19,100,-0.099242
738.82,100,-0.098983
742.44,100,-0.098725
746.06,100,-0.098467
749.67,100,-0.098209
753.28,100,-0.097951
756.89,100,-0.097694
760.49,100,-0.097437
764.08,100,-0.09718
767.67,100,-0.096924
771.25,100,-0.096668
774.82,100,-0.096413
778.38,100,-0.096158
781.94,100,-0.095903
785.49,100,-0.095649
789.03,100,-0.095395
792.56,100,-0.095142
796.08,100,-0.094889
799.6,100,-0.094637
803.1,100,-0.094385
806.59,100,-0.094134
810.07,100,-0.093883
813.54,100,-0.093633
817,100,-0.093383
820.44,100,-0.093134
823.88,100,-0.092885
827.3,100,-0.092637
830.7,100,-0.092389
834.1,100,-0.092142
837.48,100,-0.091896
840.84,100,-0.09165
844.19,100,-0.091405
847.53,100,-0.09116
850.85,100,-0.090916
854.15,100,-0.090673
857.44,100,-0.09043
860.71,100,-0.090189
863.96,100,-0.089947
867.2,100,-0.089707
870.42,100,-0.089467
873.62,100,-0.089227
876.8,100,-0.088989
879.96,100,-0.088751
883.1,100,-0.088514
886.22,100,-0.088278
889.33,100,-0.088042
892.41,100,-0.087807
895.47,100,-0.087573
898.51,100,-0.08734
901.53,100,-0.087107
904.52,100,-0.086875
907.49,100,-0.086644
910.45,100,-0.086414
913.37,100,-0.086185
916.28,100,-0.085956
919.15,100,-0.085728
922.01,100,-0.085501
924.84,100,-0.085275
927.65,100,-0.08505
930.43,100,-0.084826
933.18,100,-0.084602
935.91,100,-0.084379
938.61,100,-0.084158
941.28,100,-0.083937
943.93,100,-0.083716
946.55,100,-0.083497
949.14,100,-0.083279
951.71,100,-0.083061
954.24,100,-0.082845
956.75,100,-0.082629
959.23,100,-0.082414
961.67,100,-0.082201
964.09,100,-0.081988
966.48,100,-0.081776
968.84,100,-0.081565
971.17,100,-0.081354
973.46,100,-0.081145
975.73,100,-0.080937
977.96,100,-0.08073
980.16,100,-0.080523
982.33,100,-0.080318
984.47,100,-0.080113
986.57,100,-0.07991
988.64,100,-0.079707
990.68,100,-0.079506
992.68,100,-0.079305
994.65,100,-0.079106
996.59,100,-0.078907
998.49,100,-0.078709
1000.4,100,-0.078513
1002.2,100,-0.078317
1004,100,-0.078122
1005.8,100,-0.077928
1007.5,100,-0.077736
1009.2,100,-0.077544
1010.8,100,-0.077353
1012.4,100,-0.077163
1014,100,-0.076974
1015.6,100,-0.076787
1017.1,100,-0.0766
1018.6,100,-0.076414
1020,100,-0.076229
1021.4,100,-0.076046
1022.7,100,-0.075863
1024.1,100,-0.075681
1025.4,100,-0.0755
1026.6,100,-0.07532
1027.8,100,-0.075142
1029,100,-0.074964
1030.1,100,-0.074787
1031.2,100,-0.074611
1032.3,100,-0.074437
1033.3,100,-0.074263
1034.3,100,-0.07409
1035.2,100,-0.073919
1036.1,100,-0.073748
1037,100,-0.073578
1037.8,100,-0.073409
1038.6,100,-0.073242
1039.3,100,-0.073075
1040,100,-0.072909
1040.7,100,-0.072745
1041.3,100,-0.072581
1041.9,100,-0.072418
1042.4,100,-0.072257
1042.9,100,-0.072096
1043.4,100,-0.071936
1043.8,100,-0.071778
1044.2,100,-0.07162
1044.5,100,-0.071463
1044.8,100,-0.071308
1045.1,100,-0.071153
1045.3,100,-0.070999
1045.5,100,-0.070847
1045.6,100,-0.070695
1045.7,100,-0.070544
1045.8,100,-0.070394
1045.8,100,-0.070246
1045.8,100,-0.070098
1045.7,100,-0.069951
1045.6,100,-0.069805
1045.5,100,-0.06966
1045.3,100,-0.069516
1045.1,100,-0.069373
1044.8,100,-0.069231
1044.5,100,-0.06909
1044.1,100,-0.06895
1043.8,100,-0.068811
1043.3,100,-0.068673
1042.9,100,-0.068535
1042.4,100,-0.068399
1041.8,100,-0.068264
1041.2,100,-0.068129
1040.6,100,-0.067996
1040,100,-0.067863
1039.3,100,-0.067732
1038.5,100,-0.067601
1037.7,100,-0.067471
1036.9,100,-0.067342
1036.1,100,-0.067214
1035.2,100,-0.067087
1034.2,100,-0.066961
1033.3,100,-0.066836
1032.2,100,-0.066712
1031.2,100,-0.066588
1030.1,100,-0.066466
1029,100,-0.066344
1027.8,100,-0.066224
1026.6,100,-0.066104
1025.4,100,-0.065985
1024.1,100,-0.065867
1022.8,100,-0.06575
1021.4,100,-0.065633
1020,100,-0.065518
1018.6,100,-0.065403
1017.1,100,-0.065289
1015.6,100,-0.065176
1014.1,100,-0.065064
1012.5,100,-0.064953
1010.9,100,-0.064843
1009.3,100,-0.064733
1007.6,100,-0.064625
1005.9,100,-0.064517
1004.1,100,-0.06441
1002.3,100,-0.064303
1000.5,100,-0.064198
998.66,100,-0.064093
996.77,100,-0.06399
994.85,100,-0.063887
992.89,100,-0.063784
990.9,100,-0.063683
988.87,100,-0.063582
986.81,100,-0.063483
984.72,100,-0.063384
982.6,100,-0.063285
980.44,100,-0.063188
978.25,100,-0.063091
976.03,100,-0.062995
973.77,100,-0.0629
971.49,100,-0.062806
969.17,100,-0.062712
966.82,100,-0.062619
964.44,100,-0.062527
962.03,100,-0.062436
959.59,100,-0.062345
957.12,100,-0.062255
954.62,100,-0.062166
952.09,100,-0.062077
949.53,100,-0.061989
946.94,100,-0.061902
944.33,100,-0.061816
941.68,100,-0.06173
939.01,100,-0.061645
936.3,100,-0.061561
933.57,100,-0.061477
930.82,100,-0.061394
928.03,100,-0.061312
925.22,100,-0.061231
922.38,100,-0.06115
919.52,100,-0.06107
916.63,100,-0.06099
913.71,100,-0.060911
910.77,100,-0.060833
907.8,100,-0.060756
904.81,100,-0.060679
901.79,100,-0.060602
898.75,100,-0.060527
895.68,100,-0.060452
892.59,100,-0.060377
889.48,100,-0.060304
886.34,100,-0.060231
883.18,100,-0.060158
880,100,-0.060086
876.8,100,-0.060015
873.57,100,-0.059944
870.32,100,-0.059874
867.05,100,-0.059805
863.76,100,-0.059736
860.45,100,-0.059668
857.12,100,-0.0596
853.77,100,-0.059533
850.39,100,-0.059466
847,100,-0.0594
843.59,100,-0.059335
840.16,100,-0.05927
836.71,100,-0.059206
833.24,100,-0.059142
829.76,100,-0.059079
826.25,100,-0.059016
822.73,100,-0.058954
819.19,100,-0.058893
815.64,100,-0.058832
812.06,100,-0.058771
808.47,100,-0.058712
804.87,100,-0.058652
801.25,100,-0.058593
797.61,100,-0.058535
793.96,100,-0.058477
790.29,100,-0.05842
786.61,100,-0.058363
782.92,100,-0.058307
779.21,100,-0.058251
775.49,100,-0.058195
771.75,100,-0.05814
768,100,-0.058086
764.24,100,-0.058032
760.46,100,-0.057979
756.68,100,-0.057926
752.88,100,-0.057873
749.07,100,-0.057821
745.25,100,-0.05777
741.42,100,-0.057719
737.57,100,-0.057668
733.72,100,-0.057618
729.86,100,-0.057568
725.98,100,-0.057519
722.1,100,-0.05747
718.21,100,-0.057422
714.31,100,-0.057374
710.4,100,-0.057326
706.48,100,-0.057279
702.55,100,-0.057233
698.62,100,-0.057186
694.68,100,-0.05714
690.73,100,-0.057095
686.77,100,-0.05705
682.81,100,-0.057005
678.84,100,-0.056961
674.87,100,-0.056917
670.89,100,-0.056874
666.9,100,-0.056831
662.91,100,-0.056788
658.91,100,-0.056746
654.91,100,-0.056704
650.91,100,-0.056663
646.9,100,-0.056622
642.88,100,-0.056581
638.87,100,-0.056541
634.85,100,-0.056501
630.82,100,-0.056461
626.8,100,-0.056422
622.77,100,-0.056383
618.74,100,-0.056345
614.7,100,-0.056307
610.67,100,-0.056269
606.63,100,-0.056231
602.6,100,-0.056194
598.56,100,-0.056157
594.52,100,-0.056121
590.48,100,-0.056085
586.44,100,-0.056049
582.4,100,-0.056014
578.36,100,-0.055979
574.32,100,-0.055944
570.29,100,-0.055909
566.25,100,-0.055875
562.21,100,-0.055841
558.18,100,-0.055808
554.15,100,-0.055775
550.12,100,-0.055742
546.09,100,-0.055709
542.07,100,-0.055677
538.04,100,-0.055645
534.03,100,-0.055613
530.01,100,-0.055582
526,100,-0.055551
521.99,100,-0.05552
517.98,100,-0.05549
513.98,100,-0.055459
509.98,100,-0.055429
505.99,100,-0.0554
502.01,100,-0.05537
498.02,100,-0.055341
494.05,100,-0.055312
490.07,100,-0.055284
486.11,100,-0.055256
482.15,100,-0.055228
478.19,100,-0.0552
474.25,100,-0.055172
470.31,100,-0.055145
466.37,100,-0.055118
462.44,100,-0.055091
458.52,100,-0.055065
454.61,100,-0.055039
450.7,100,-0.055013
446.81,100,-0.054987
442.92,100,-0.054961
439.03,100,-0.054936
435.16,100,-0.054911
431.29,100,-0.054886
427.44,100,-0.054862
423.59,100,-0.054838
419.75,100,-0.054814
415.92,100,-0.05479
412.1,100,-0.054766
408.29,100,-0.054743
404.49,100,-0.054719
400.7,100,-0.054697
396.91,100,-0.054674
393.14,100,-0.054651
389.38,100,-0.054629
385.63,100,-0.054607
381.89,100,-0.054585
378.16,100,-0.054563
374.44,100,-0.054542
370.74,100,-0.054521
367.04,100,-0.0545
363.36,100,-0.054479
359.68,100,-0.054458
356.02,100,-0.054438
352.37,100,-0.054417
348.74,100,-0.054397
345.11,100,-0.054377
341.5,100,-0.054358
337.9,100,-0.054338
334.31,100,-0.054319
330.74,100,-0.0543
327.18,100,-0.054281
323.63,100,-0.054262
320.09,100,-0.054243
316.57,100,-0.054225
313.06,100,-0.054207
309.56,100,-0.054189
306.08,100,-0.054171
302.61,100,-0.054153
299.16,100,-0.054136
295.72,100,-0.054118
292.29,100,-0.054101
288.88,100,-0.054084
285.48,100,-0.054067
282.09,100,-0.05405
278.73,100,-0.054034
275.37,100,-0.054017
272.03,100,-0.054001
268.7,100,-0.053985
265.39,100,-0.053969
262.1,100,-0.053953
258.82,100,-0.053938
255.55,100,-0.053922
252.3,100,-0.053907
249.06,100,-0.053892
245.84,100,-0.053877
242.64,100,-0.053862
239.45,100,-0.053847
236.28,100,-0.053833
233.12,100,-0.053818
229.98,100,-0.053804
226.85,100,-0.05379
223.74,100,-0.053776
220.65,100,-0.053762
217.57,100,-0.053748
214.51,100,-0.053734
211.46,100,-0.053721
208.43,100,-0.053707
205.42,100,-0.053694
202.42,100,-0.053681
199.44,100,-0.053668
196.48,100,-0.053655
193.53,100,-0.053643
190.6,100,-0.05363
187.68,100,-0.053617
184.79,100,-0.053605
181.91,100,-0.053593
179.04,100,-0.053581
176.19,100,-0.053569
173.36,100,-0.053557
170.55,100,-0.053545
167.75,100,-0.053533
164.97,100,-0.053522
162.21,100,-0.05351
159.46,100,-0.053499
156.73,100,-0.053488
154.02,100,-0.053477
151.32,100,-0.053466
148.65,100,-0.053455
145.99,100,-0.053444
143.34,100,-0.053433
140.72,100,-0.053423
138.11,100,-0.053412
135.51,100,-0.053402
132.94,100,-0.053392
130.38,100,-0.053382
127.84,100,-0.053372
125.32,100,-0.053362
122.81,100,-0.053352
120.32,100,-0.053342
117.85,100,-0.053332
115.4,100,-0.053323
112.96,100,-0.053313
110.54,100,-0.053304
108.14,100,-0.053294
105.75,100,-0.053285
103.38,100,-0.053276
101.03,100,-0.053267
98.7,100,-0.053258
96.384,100,-0.053249
94.085,100,-0.05324
91.803,100,-0.053232
89.539,100,-0.053223
87.292,100,-0.053215
85.062,100,-0.053206
82.85,100,-0.053198
80.654,100,-0.05319
78.476,100,-0.053181
76.315,100,-0.053173
74.171,100,-0.053165
72.044,100,-0.053157
69.934,100,-0.053149
67.841,100,-0.053142
65.766,100,-0.053134
63.707,100,-0.053126
61.665,100,-0.053119
59.641,100,-0.053111
57.633,100,-0.053104
55.642,100,-0.053096
53.668,100,-0.053089
51.711,100,-0.053082
49.771,100,-0.053075
47.847,100,-0.053068
45.941,100,-0.053061
44.051,100,-0.053054
42.177,100,-0.053047
40.321,100,-0.05304
38.481,100,-0.053033
36.657,100,-0.053027
34.85,100,-0.05302
33.059,100,-0.053014
31.285,100,-0.053007
29.528,100,-0.053001
27.786,100,-0.052994
26.061,100,-0.052988
24.353,100,-0.052982
22.66,100,-0.052976
20.984,100,-0.05297
19.324,100,-0.052964
17.679,100,-0.052958
16.051,100,-0.052952
14.439,100,-0.052946
12.843,100,-0.05294
11.262,100,-0.052934
9.6979,100,-0.052929
8.1491,100,-0.052923
6.6161,100,-0.052918
5.0987,100,-0.052912
3.5969,100,-0.052907
2.1106,100,-0.052901
0.63984,100,-0.052896
-0.8155,100,-0.05289
-2.2555,100,-0.052885
-3.6801,100,-0.05288
-5.0895,100,-0.052875
-6.4837,100,-0.05287
-7.8628,100,-0.052865
-9.2268,100,-0.05286
-10.576,100,-0.052855
-11.91,100,-0.05285
-13.229,100,-0.052845
-14.533,100,-0.05284
-15.823,100,-0.052835
-17.098,100,-0.052831
-18.358,100,-0.052826
-19.604,100,-0.052821
-20.835,100,-0.052817
-22.051,100,-0.052812
-23.254,100,-0.052808
-24.442,100,-0.052803
-25.616,100,-0.052799
-26.775,100,-0.052795
-27.921,100,-0.05279
-29.052,100,-0.052786
-30.17,100,-0.052782
-31.274,100,-0.052778
-32.364,100,-0.052774
-33.44,100,-0.052769
-34.502,100,-0.052765
-35.551,100,-0.052761
-36.586,100,-0.052757
-37.608,100,-0.052753
-38.617,100,-0.05275
-39.612,100,-0.052746
-40.594,100,-0.052742
-41.562,100,-0.052738
-42.518,100,-0.052734
-43.46,100,-0.052731
-44.39,100,-0.052727
-45.307,100,-0.052723
-46.211,100,-0.05272
-47.102,100,-0.052716
-47.98,100,-0.052713
-48.846,100,-0.052709
-49.699,100,-0.052706
-50.54,100,-0.052702
-51.369,100,-0.052699
-52.185,100,-0.052695
-52.989,100,-0.052692
-53.781,100,-0.052689
-54.561,100,-0.052686
-55.329,100,-0.052682
-56.085,100,-0.052679
-56.829,100,-0.052676
-57.562,100,-0.052673
-58.282,100,-0.05267
-58.991,100,-0.052667
-59.689,100,-0.052664
-60.375,100,-0.052661
-61.05,100,-0.052658
-61.713,100,-0.052655
-62.365,100,-0.052652
-63.006,100,-0.052649
-63.636,100,-0.052646
-64.255,100,-0.052643
-64.863,100,-0.05264
-65.46,100,-0.052638
-66.047,100,-0.052635
-66.622,100,-0.052632
-67.187,100,-0.052629
-67.742,100,-0.052627
-68.286,100,-0.052624
-68.82,100,-0.052621
-69.343,100,-0.052619
-69.856,100,-0.052616
-70.359,100,-0.052614
-70.852,100,-0.052611
-71.335,100,-0.052609
-71.808,100,-0.052606
-72.271,100,-0.052604
-72.724,100,-0.052601
-73.168,100,-0.052599
-73.602,100,-0.052597
-74.026,100,-0.052594
-74.441,100,-0.052592
-74.846,100,-0.05259
-75.243,100,-0.052587
-75.629,100,-0.052585
-76.007,100,-0.052583
-76.376,100,-0.052581
-76.735,100,-0.052578
-77.086,100,-0.052576
-77.428,100,-0.052574
-77.761,100,-0.052572
-78.085,100,-0.05257
-78.4,100,-0.052568
-78.707,100,-0.052566
-79.006,100,-0.052564
-79.296,100,-0.052562
-79.577,100,-0.05256
-79.85,100,-0.052558
-80.116,100,-0.052556
-80.372,100,-0.052554
-80.621,100,-0.052552
-80.862,100,-0.05255
-81.095,100,-0.052548
-81.32,100,-0.052546
-81.537,100,-0.052544
-81.747,100,-0.052542
-81.949,100,-0.052541
-82.143,100,-0.052539
-82.33,100,-0.052537
-82.509,100,-0.052535
-82.681,100,-0.052534
-82.845,100,-0.052532
-83.003,100,-0.05253
-83.153,100,-0.052528
-83.296,100,-0.052527
-83.432,100,-0.052525
-83.561,100,-0.052523
-83.684,100,-0.052522
-83.799,100,-0.05252
-83.908,100,-0.052519
-84.01,100,-0.052517
-84.105,100,-0.052516
-84.194,100,-0.052514
-84.276,100,-0.052512
-84.352,100,-0.052511
-84.422,100,-0.052509
-84.485,100,-0.052508
-84.542,100,-0.052506
-84.593,100,-0.052505
-84.637,100,-0.052504
-84.676,100,-0.052502
-84.709,100,-0.052501
-84.736,100,-0.052499
-84.757,100,-0.052498
-84.772,100,-0.052497
-84.782,100,-0.052495
-84.786,100,-0.052494
-84.784,100,-0.052493
-84.777,100,-0.052491
-84.764,100,-0.05249
-84.746,100,-0.052489
-84.722,100,-0.052487
-84.694,100,-0.052486
-84.66,100,-0.052485
-84.621,100,-0.052484
-84.577,100,-0.052482
-84.527,100,-0.052481
-84.473,100,-0.05248
-84.414,100,-0.052479
-84.35,100,-0.052478
-84.281,100,-0.052476
-84.208,100,-0.052475
-84.129,100,-0.052474
-84.047,100,-0.052473
-83.959,100,-0.052472
-83.867,100,-0.052471
-83.771,100,-0.05247
-83.67,100,-0.052469
-83.565,100,-0.052467
-83.455,100,-0.052466
-83.342,100,-0.052465
-83.224,100,-0.052464
-83.102,100,-0.052463
-82.976,100,-0.052462
-82.845,100,-0.052461
-82.711,100,-0.05246
-82.573,100,-0.052459
-82.432,100,-0.052458
-82.286,100,-0.052457
-82.136,100,-0.052456
-81.983,100,-0.052455
-81.827,100,-0.052454
-81.666,100,-0.052453
-81.502,100,-0.052452
-81.335,100,-0.052452
-81.164,100,-0.052451
-80.99,100,-0.05245
-80.812,100,-0.052449
-80.631,100,-0.052448
-80.447,100,-0.052447
-80.259,100,-0.052446
-80.069,100,-0.052445
-79.875,100,-0.052445
-79.678,100,-0.052444
-79.479,100,-0.052443
-79.276,100,-0.052442
-79.07,100,-0.052441
-78.862,100,-0.05244
-78.65,100,-0.05244
-78.436,100,-0.052439
-78.219,100,-0.052438
-78,100,-0.052437
-77.778,100,-0.052436
-77.553,100,-0.052436
-77.325,100,-0.052435
-77.095,100,-0.052434
-76.863,100,-0.052433
-76.628,100,-0.052433
-76.391,100,-0.052432
-76.151,100,-0.052431
-75.91,100,-0.052431
-75.665,100,-0.05243
-75.419,100,-0.052429
-75.171,100,-0.052428
-74.92,100,-0.052428
-74.667,100,-0.052427
-74.412,100,-0.052426
-74.156,100,-0.052426
-73.897,100,-0.052425
-73.636,100,-0.052424
-73.373,100,-0.052424
-73.109,100,-0.052423
-72.842,100,-0.052423
-72.574,100,-0.052422
-72.304,100,-0.052421
-72.033,100,-0.052421
-71.76,100,-0.05242
-71.485,100,-0.05242
-71.208,100,-0.052419
-70.93,100,-0.052418
-70.65,100,-0.052418
-70.369,100,-0.052417
-70.087,100,-0.052417
-69.803,100,-0.052416
-69.517,100,-0.052415
-69.231,100,-0.052415
-68.943,100,-0.052414
-68.653,100,-0.052414
-68.363,100,-0.052413
-68.071,100,-0.052413
-67.778,100,-0.052412
-67.484,100,-0.052412
-67.188,100,-0.052411
-66.892,100,-0.052411
-66.594,100,-0.05241
-66.296,100,-0.05241
-65.996,100,-0.052409
-65.696,100,-0.052409
-65.395,100,-0.052408
-65.092,100,-0.052408
-64.789,100,-0.052407
-64.485,100,-0.052407
-64.18,100,-0.052406
-63.875,100,-0.052406
-63.568,100,-0.052405
-63.261,100,-0.052405
-62.953,100,-0.052405
-62.645,100,-0.052404
-62.336,100,-0.052404
-62.026,100,-0.052403
-61.715,100,-0.052403
-61.404,100,-0.052402
-61.093,100,-0.052402
-60.781,100,-0.052402
-60.468,100,-0.052401
-60.155,100,-0.052401
-59.842,100,-0.0524
-59.528,100,-0.0524
-59.214,100,-0.052399
-58.899,100,-0.052399
-58.585,100,-0.052399
-58.269,100,-0.052398
-57.954,100,-0.052398
-57.638,100,-0.052398
-57.322,100,-0.052397
-57.006,100,-0.052397
-56.69,100,-0.052396
-56.373,100,-0.052396
-56.056,100,-0.052396
-55.739,100,-0.052395
-55.422,100,-0.052395
-55.105,100,-0.052395
-54.788,100,-0.052394
-54.471,100,-0.052394
-54.154,100,-0.052394
-53.837,100,-0.052393
-53.52,100,-0.052393
-53.202,100,-0.052393
-52.885,100,-0.052392
-52.568,100,-0.052392
-52.252,100,-0.052392
-51.935,100,-0.052391
-51.618,100,-0.052391
-51.302,100,-0.052391
-50.986,100,-0.05239
-50.669,100,-0.05239
-50.354,100,-0.05239
-50.038,100,-0.05239
-49.723,100,-0.052389
-49.408,100,-0.052389
-49.093,100,-0.052389
-48.778,100,-0.052388
-48.464,100,-0.052388
-48.15,100,-0.052388
-47.837,100,-0.052388
-47.524,100,-0.052387
-47.211,100,-0.052387
-46.899,100,-0.052387
-46.587,100,-0.052386
-46.275,100,-0.052386
-45.964,100,-0.052386
-45.654,100,-0.052386
-45.344,100,-0.052385
-45.034,100,-0.052385
-44.725,100,-0.052385
-44.417,100,-0.052385
-44.109,100,-0.052384
-43.801,100,-0.052384
-43.494,100,-0.052384
-43.188,100,-0.052384
-42.882,100,-0.052383
-42.577,100,-0.052383
-42.273,100,-0.052383
-41.969,100,-0.052383
-41.666,100,-0.052382
-41.363,100,-0.052382
-41.062,100,-0.052382
-40.76,100,-0.052382
-40.46,100,-0.052382
-40.16,100,-0.052381
-39.861,100,-0.052381
-39.563,100,-0.052381
-39.265,100,-0.052381
-38.969,100,-0.052381
-38.673,100,-0.05238
-38.377,100,-0.05238
-38.083,100,-0.05238
-37.789,100,-0.05238
-37.496,100,-0.05238
-37.204,100,-0.052379
-36.913,100,-0.052379
-36.623,100,-0.052379
-36.333,100,-0.052379
-36.045,100,-0.052379
-35.757,100,-0.052378
-35.47,100,-0.052378
-35.184,100,-0.052378
-34.899,100,-0.052378
-34.615,100,-0.052378
-34.331,100,-0.052377
-34.049,100,-0.052377
-33.767,100,-0.052377
-33.487,100,-0.052377
-33.207,100,-0.052377
-32.929,100,-0.052377
-32.651,100,-0.052376
-32.374,100,-0.052376
-32.099,100,-0.052376
-31.824,100,-0.052376
-31.55,100,-0.052376
-31.277,100,-0.052376
-31.006,100,-0.052376
-30.735,100,-0.052375
-30.465,100,-0.052375
-30.196,100,-0.052375
-29.929,100,-0.052375
-29.662,100,-0.052375
-29.397,100,-0.052375
-29.132,100,-0.052374
-28.869,100,-0.052374
-28.606,100,-0.052374
-28.345,100,-0.052374
-28.085,100,-0.052374
-27.825,100,-0.052374
-27.567,100,-0.052374
-27.31,100,-0.052373
-27.054,100,-0.052373
-26.8,100,-0.052373
-26.546,100,-0.052373
-26.293,100,-0.052373
-26.042,100,-0.052373
-25.791,100,-0.052373
-25.542,100,-0.052373
-25.294,100,-0.052372
-25.047,100,-0.052372
-24.801,100,-0.052372
-24.556,100,-0.052372
-24.313,100,-0.052372
-24.07,100,-0.052372
-23.829,100,-0.052372
-23.589,100,-0.052372
-23.35,100,-0.052371
-23.112,100,-0.052371
-22.875,100,-0.052371
-22.64,100,-0.052371
-22.405,100,-0.052371
-22.172,100,-0.052371
-21.94,100,-0.052371
-21.709,100,-0.052371
-21.48,100,-0.052371
-21.251,100,-0.05237
-21.024,100,-0.05237
-20.798,100,-0.05237
-20.573,100,-0.05237
-20.349,100,-0.05237
-20.127,100,-0.05237
-19.905,100,-0.05237
-19.685,100,-0.05237
-19.466,100,-0.05237
-19.248,100,-0.05237
-19.032,100,-0.052369
-18.816,100,-0.052369
-18.602,100,-0.052369
-18.389,100,-0.052369
-18.178,100,-0.052369
-17.967,100,-0.052369
-17.758,100,-0.052369
-17.549,100,-0.052369
-17.343,100,-0.052369
-17.137,100,-0.052369
-16.932,100,-0.052369
-16.729,100,-0.052368
-16.527,100,-0.052368
-16.326,100,-0.052368
-16.126,100,-0.052368
-15.928,100,-0.052368
-15.73,100,-0.052368
-15.534,100,-0.052368
-15.34,100,-0.052368
-15.146,100,-0.052368
-14.953,100,-0.052368
-14.762,100,-0.052368
-14.572,100,-0.052368
-14.383,100,-0.052367
-14.196,100,-0.052367
-14.009,100,-0.052367
-13.824,100,-0.052367
-13.64,100,-0.052367
-13.457,100,-0.052367
-13.276,100,-0.052367
-13.096,100,-0.052367
-12.916,100,-0.052367
-12.738,100,-0.052367
-12.562,100,-0.052367
-12.386,100,-0.052367
-12.212,100,-0.052367
-12.039,100,-0.052367
-11.867,100,-0.052366
-11.696,100,-0.052366
-11.526,100,-0.052366
-11.358,100,-0.052366
-11.191,100,-0.052366
-11.025,100,-0.052366
-10.86,100,-0.052366
-10.696,100,-0.052366
-10.534,100,-0.052366
-10.373,100,-0.052366
-10.212,100,-0.052366
-10.054,100,-0.052366
-9.8959,100,-0.052366
-9.7393,100,-0.052366
-9.5839,100,-0.052366
-9.4297,100,-0.052366
-9.2767,100,-0.052366
-9.1248,100,-0.052365
-8.9741,100,-0.052365
-8.8246,100,-0.052365
-8.6762,100,-0.052365
-8.529,100,-0.052365
-8.3829,100,-0.052365
-8.238,100,-0.052365
-8.0942,100,-0.052365
-7.9516,100,-0.052365
-7.8101,100,-0.052365
-7.6698,100,-0.052365
-7.5306,100,-0.052365
-7.3925,100,-0.052365
-7.2556,100,-0.052365
-7.1198,100,-0.052365
-6.9851,100,-0.052365
-6.8516,100,-0.052365
-6.7191,100,-0.052365
-6.5878,100,-0.052365
-6.4576,100,-0.052364
-6.3286,100,-0.052364
-6.2006,100,-0.052364
-6.0737,100,-0.052364
-5.948,100,-0.052364
-5.8233,100,-0.052364
-5.6997,100,-0.052364
-5.5773,100,-0.052364
-5.4559,100,-0.052364
-5.3356,100,-0.052364
-5.2164,100,-0.052364
-5.0983,100,-0.052364
-4.9812,100,-0.052364
-4.8652,100,-0.052364
-4.7503,100,-0.052364
-4.6365,100,-0.052364
-4.5237,100,-0.052364
-4.412,100,-0.052364
-4.3013,100,-0.052364
-4.1917,100,-0.052364
-4.0831,100,-0.052364
-3.9756,100,-0.052364
-3.8691,100,-0.052364
-3.7636,100,-0.052364
-3.6592,100,-0.052364
-3.5558,100,-0.052363
-3.4534,100,-0.052363
-3.3521,100,-0.052363
-3.2518,100,-0.052363
-3.1524,100,-0.052363
-3.0541,100,-0.052363
-2.9568,100,-0.052363
-2.8605,100,-0.052363
-2.7652,100,-0.052363
-2.6709,100,-0.052363
-2.5776,100,-0.052363
-2.4853,100,-0.052363
-2.3939,100,-0.052363
-2.3035,100,-0.052363
-2.2141,100,-0.052363
-2.1257,100,-0.052363
-2.0382,100,-0.052363
-1.9517,100,-0.052363
-1.8661,100,-0.052363
-1.7815,100,-0.052363
-1.6978,100,-0.052363
-1.6151,100,-0.052363
-1.5333,100,-0.052363
-1.4525,100,-0.052363
-1.3725,100,-0.052363
-1.2935,100,-0.052363
-1.2155,100,-0.052363
-1.1383,100,-0.052363
-1.062,100,-0.052363
-0.9867,100,-0.052363
-0.91226,100,-0.052363
-0.83872,100,-0.052363
-0.76608,100,-0.052362
-0.69432,100,-0.052362
-0.62345,100,-0.052362
-0.55345,100,-0.052362
-0.48434,100,-0.052362
-0.41609,100,-0.052362
-0.34871,100,-0.052362
-0.2822,100,-0.052362
-0.21654,100,-0.052362
-0.15174,100,-0.052362
-0.087779,100,-0.052362
-0.024666,100,-0.052362
0.037607,100,-0.052362
0.099045,100,-0.052362
0.15965,100,-0.052362
0.21944,100,-0.052362
0.2784,100,-0.052362
0.33654,100,-0.052362
0.39388,100,-0.052362
0.45041,100,-0.052362
0.50613,100,-0.052362
0.56106,100,-0.052362
0.6152,100,-0.052362
0.66854,100,-0.052362
0.72111,100,-0.052362
0.77289,100,-0.052362
0.8239,100,-0.052362
0.87414,100,-0.052362
0.92362,100,-0.052362
0.97234,100,-0.052362
1.0203,100,-0.052362
1.0675,100,-0.052362
1.114,100,-0.052362
1.1597,100,-0.052362
1.2047,100,-0.052362
1.249,100,-0.052362
1.2925,100,-0.052362
1.3353,100,-0.052362
1.3774,100,-0.052362
1.4188,100,-0.052362
1.4594,100,-0.052362
1.4994,100,-0.052362
1.5387,100,-0.052362
1.5773,100,-0.052362
1.6151,100,-0.052362
1.6524,100,-0.052362
1.6889,100,-0.052362
1.7247,100,-0.052362
1.7599,100,-0.052361
1.7944,100,-0.052361
1.8283,100,-0.052361
1.8615,100,-0.052361
1.894,100,-0.052361
1.9259,100,-0.052361
1.9572,100,-0.052361
1.9878,100,-0.052361
2.0178,100,-0.052361
2.0472,100,-0.052361
2.076,100,-0.052361
2.1041,100,-0.052361
2.1316,100,-0.052361
2.1585,100,-0.052361
2.1848,100,-0.052361
2.2105,100,-0.052361
2.2356,100,-0.052361
2.2602,100,-0.052361
2.2841,100,-0.052361
2.3075,100,-0.052361
2.3302,100,-0.052361
2.3525,100,-0.052361
2.3741,100,-0.052361
2.3952,100,-0.052361
2.4157,100,-0.052361
2.4357,100,-0.052361
2.4551,100,-0.052361
2.474,100,-0.052361
2.4924,100,-0.052361
2.5102,100,-0.052361
2.5275,100,-0.052361
2.5443,100,-0.052361
2.5605,100,-0.052361
2.5762,100,-0.052361
2.5915,100,-0.052361
2.6062,100,-0.052361
2.6204,100,-0.052361
2.6341,100,-0.052361
2.6473,100,-0.052361
2.6601,100,-0.052361
2.6723,100,-0.052361
2.6841,100,-0.052361
2.6954,100,-0.052361
2.7063,100,-0.052361
2.7166,100,-0.052361
2.7266,100,-0.052361
2.736,100,-0.052361
2.745,100,-0.052361
2.7536,100,-0.052361
2.7617,100,-0.052361
2.7694,100,-0.052361
2.7766,100,-0.052361
2.7834,100,-0.052361
2.7898,100,-0.052361
2.7958,100,-0.052361
2.8013,100,-0.052361
2.8065,100,-0.052361
2.8112,100,-0.052361
2.8156,100,-0.052361
2.8195,100,-0.052361
2.823,100,-0.052361
2.8262,100,-0.052361
2.829,100,-0.052361
2.8313,100,-0.052361
2.8334,100,-0.052361
2.835,100,-0.052361
2.8363,100,-0.052361
2.8372,100,-0.052361
2.8377,100,-0.052361
2.8379,100,-0.052361
2.8377,100,-0.052361
2.8372,100,-0.052361
2.8364,100,-0.052361
2.8352,100,-0.052361
2.8337,100,-0.052361
2.8318,100,-0.052361
2.8296,100,-0.052361
2.8271,100,-0.052361
2.8243,100,-0.052361
2.8211,100,-0.052361
2.8177,100,-0.052361
2.8139,100,-0.052361
2.8099,100,-0.052361
2.8055,100,-0.052361
2.8009,100,-0.052361
2.7959,100,-0.052361
2.7907,100,-0.052361
2.7852,100,-0.052361
2.7794,100,-0.052361
2.7733,100,-0.052361
2.767,100,-0.052361
2.7604,100,-0.052361
2.7535,100,-0.052361
2.7464,100,-0.052361
2.739,100,-0.052361
2.7314,100,-0.052361
2.7235,100,-0.05236
2.7154,100,-0.05236
2.707,100,-0.05236
2.6984,100,-0.05236
2.6896,100,-0.05236
2.6806,100,-0.05236
2.6713,100,-0.05236
2.6618,100,-0.05236
2.652,100,-0.05236
2.6421,100,-0.05236
2.632,100,-0.05236
2.6216,100,-0.05236
2.611,100,-0.05236
2.6003,100,-0.05236
2.5893,100,-0.05236
2.5782,100,-0.05236
2.5669,100,-0.05236
2.5553,100,-0.05236
2.5436,100,-0.05236
2.5317,100,-0.05236
2.5197,100,-0.05236
2.5075,100,-0.05236
2.4951,100,-0.05236
2.4825,100,-0.05236
2.4698,100,-0.05236
2.4569,100,-0.05236
2.4439,100,-0.05236
2.4307,100,-0.05236
2.4173,100,-0.05236
2.4039,100,-0.05236
2.3902,100,-0.05236
2.3765,100,-0.05236
2.3626,100,-0.05236
2.3486,100,-0.05236
2.3344,100,-0.05236
2.3201,100,-0.05236
2.3057,100,-0.05236
2.2912,100,-0.05236
2.2766,100,-0.05236
2.2618,100,-0.05236
2.247,100,-0.05236
2.232,100,-0.05236
2.2169,100,-0.05236
2.2018,100,-0.05236
2.1865,100,-0.05236
2.1711,100,-0.05236
2.1557,100,-0.05236
2.1401,100,-0.05236
2.1245,100,-0.05236
2.1088,100,-0.05236
2.093,100,-0.05236
2.0771,100,-0.05236
2.0612,100,-0.05236
2.0452,100,-0.05236
2.0291,100,-0.05236
2.0129,100,-0.05236
1.9967,100,-0.05236
1.9804,100,-0.05236
1.9641,100,-0.05236
1.9477,100,-0.05236
1.9313,100,-0.05236
1.9148,100,-0.05236
1.8983,100,-0.05236
1.8817,100,-0.05236
1.8651,100,-0.05236
1.8484,100,-0.05236
1.8317,100,-0.05236
1.815,100,-0.05236
1.7982,100,-0.05236
1.7814,100,-0.05236
1.7646,100,-0.05236
1.7478,100,-0.05236
1.7309,100,-0.05236
1.7141,100,-0.05236
1.6972,100,-0.05236
1.6803,100,-0.05236
1.6633,100,-0.05236
1.6464,100,-0.05236
1.6295,100,-0.05236
1.6125,100,-0.05236
1.5956,100,-0.05236
1.5787,100,-0.05236
1.5617,100,-0.05236
1.5448,100,-0.05236
1.5279,100,-0.05236
1.5109,100,-0.05236
1.494,100,-0.05236
1.4771,100,-0.05236
1.4603,100,-0.05236
1.4434,100,-0.05236
1.4266,100,-0.05236
1.4098,100,-0.05236
1.393,100,-0.05236
1.3762,100,-0.05236
1.3595,100,-0.05236
1.3427,100,-0.05236
1.3261,100,-0.05236
1.3094,100,-0.05236
1.2928,100,-0.05236
1.2762,100,-0.05236
1.2597,100,-0.05236
1.2432,100,-0.05236
1.2268,100,-0.05236
1.2104,100,-0.05236
1.194,100,-0.05236
1.1777,100,-0.05236
1.1615,100,-0.05236
1.1453,100,-0.05236
1.1292,100,-0.05236
1.1131,100,-0.05236
1.097,100,-0.05236
1.0811,100,-0.05236
1.0652,100,-0.05236
1.0493,100,-0.05236
1.0336,100,-0.05236
1.0178,100,-0.05236
1.0022,100,-0.05236
0.98662,100,-0.05236
0.97112,100,-0.05236
0.95569,100,-0.05236
0.94034,100,-0.05236
0.92506,100,-0.05236
0.90986,100,-0.05236
0.89473,100,-0.05236
0.87969,100,-0.05236
0.86473,100,-0.05236
0.84985,100,-0.05236
0.83506,100,-0.05236
0.82036,100,-0.05236
0.80574,100,-0.05236
0.79121,100,-0.05236
0.77676,100,-0.05236
0.76242,100,-0.05236
0.74816,100,-0.05236
0.734,100,-0.05236
0.71993,100,-0.05236
0.70596,100,-0.05236
0.69209,100,-0.05236
0.67831,100,-0.05236
0.66464,100,-0.05236
0.65106,100,-0.05236
0.63759,100,-0.05236
0.62423,100,-0.05236
0.61097,100,-0.05236
0.59781,100,-0.05236
0.58476,100,-0.05236
0.57182,100,-0.05236
0.55899,100,-0.05236
0.54626,100,-0.05236
0.53365,100,-0.05236
0.52115,100,-0.05236
0.50877,100,-0.05236
0.49649,100,-0.05236
0.48434,100,-0.05236
0.47229,100,-0.05236
0.46037,100,-0.05236
0.44856,100,-0.05236
0.43687,100,-0.05236
0.42531,100,-0.05236
0.41386,100,-0.05236
0.40253,100,-0.05236
0.39132,100,-0.05236
0.38024,100,-0.05236
0.36928,100,-0.05236
0.35844,100,-0.05236
0.34773,100,-0.05236
0.33715,100,-0.05236
0.32669,100,-0.05236
0.31636,100,-0.05236
0.30615,100,-0.05236
0.29608,100,-0.05236
0.28613,100,-0.05236
0.27631,100,-0.05236
0.26663,100,-0.05236
0.25707,100,-0.05236
0.24765,100,-0.05236
0.23836,100,-0.05236
0.2292,100,-0.05236
0.22017,100,-0.05236
0.21128,100,-0.05236
0.20252,100,-0.05236
0.1939,100,-0.05236
0.18541,100,-0.05236
0.17706,100,-0.05236
0.16884,100,-0.05236
0.16076,100,-0.05236
0.15282,100,-0.05236
0.14501,100,-0.05236
0.13735,100,-0.05236
0.12982,100,-0.05236
0.12243,100,-0.05236
0.11517,100,-0.05236
0.10806,100,-0.05236
0.10109,100,-0.05236
0.094253,100,-0.05236
0.08756,100,-0.05236
0.081006,100,-0.05236
0.074593,100,-0.05236
0.068321,100,-0.05236
0.06219,100,-0.05236
0.0562,100,-0.05236
0.050352,100,-0.05236
0.044645,100,-0.05236
0.03908,100,-0.05236
0.033658,100,-0.05236
0.028377,100,-0.05236
0.023239,100,-0.05236
0.018243,100,-0.05236
0.013389,100,-0.05236
0.0086788,100,-0.05236
0.0041108,100,-0.05236
-0.00031435,100,-0.05236
-0.0045967,100,-0.05236
-0.0087361,100,-0.05236
-0.012733,100,-0.05236
-0.016586,100,-0.05236
-0.020297,100,-0.05236
-0.023864,100,-0.05236
-0.027289,100,-0.05236
-0.030571,100,-0.05236
-0.033709,100,-0.05236
-0.036705,100,-0.05236
-0.039559,100,-0.05236
-0.042269,100,-0.05236
-0.044837,100,-0.05236
-0.047263,100,-0.05236
-0.049546,100,-0.05236
-0.051686,100,-0.05236
-0.053685,100,-0.05236
-0.055542,100,-0.05236
-0.057257,100,-0.05236
-0.05883,100,-0.05236
-0.060261,100,-0.05236
-0.061552,100,-0.05236
-0.062701,100,-0.05236
-0.063709,100,-0.05236
-0.064577,100,-0.05236
-0.065304,100,-0.05236
-0.065891,100,-0.05236
-0.066338,100,-0.05236
-0.066645,100,-0.05236
-0.066813,100,-0.05236
-0.066842,100,-0.05236
-0.066732,100,-0.05236
-0.066483,100,-0.05236
-0.066097,100,-0.05236
-0.065572,100,-0.05236
-0.06491,100,-0.05236
-0.06411,100,-0.05236
-0.063174,100,-0.05236
-0.062101,100,-0.05236
-0.060892,100,-0.05236
-0.059547,100,-0.05236
-0.058067,100,-0.05236
-0.056452,100,-0.05236
-0.054702,100,-0.05236
-0.052818,100,-0.05236
-0.0508,100,-0.05236
-0.048649,100,-0.05236
-0.046366,100,-0.05236
-0.043949,100,-0.05236
-0.041401,100,-0.05236
-0.038722,100,-0.05236
-0.035911,100,-0.05236
-0.03297,100,-0.05236
-0.029899,100,-0.05236
-0.026698,100,-0.05236
-0.023368,100,-0.05236
-0.01991,100,-0.05236
-0.016324,100,-0.05236
-0.01261,100,-0.05236
-0.0087693,100,-0.05236
-0.0048023,100,-0.05236
-0.00070945,100,-0.05236
0.0035086,100,-0.05236
0.0078514,100,-0.05236
0.012318,100,-0.05236
0.016909,100,-0.05236
0.021622,100,-0.05236
0.026458,100,-0.05236
0.031415,100,-0.05236
0.036494,100,-0.05236
0.041693,100,-0.05236
0.047012,100,-0.05236
0.052451,100,-0.05236
0.058008,100,-0.05236
0.063683,100,-0.05236
0.069475,100,-0.05236
0.075384,100,-0.05236
0.081409,100,-0.05236
0.08755,100,-0.05236
0.093805,100,-0.05236
0.10017,100,-0.05236
0.10666,100,-0.05236
0.11325,100,-0.05236
0.11996,100,-0.05236
0.12678,100,-0.05236
0.13371,100,-0.05236
0.14075,100,-0.05236
0.14789,100,-0.05236
0.15515,100,-0.05236
0.16251,100,-0.05236
0.16999,100,-0.05236
0.17756,100,-0.05236
0.18525,100,-0.05236
0.19303,100,-0.05236
0.20093,100,-0.05236
0.20892,100,-0.05236
0.21702,100,-0.05236
0.22522,100,-0.05236
0.23352,100,-0.05236
0.24192,100,-0.05236
0.25042,100,-0.05236
0.25902,100,-0.05236
0.26771,100,-0.05236
0.27651,100,-0.05236
0.2854,100,-0.05236
0.29438,100,-0.05236
0.30346,100,-0.05236
0.31264,100,-0.05236
0.32191,100,-0.05236
0.33126,100,-0.05236
0.34072,100,-0.05236
0.35026,100,-0.05236
0.35989,100,-0.05236
0.36961,100,-0.05236
0.37942,100,-0.05236
0.38932,100,-0.05236
0.3993,100,-0.05236
0.40937,100,-0.05236
0.41952,100,-0.05236
0.42976,100,-0.05236
0.44008,100,-0.05236
0.45049,100,-0.05236
0.46097,100,-0.05236
0.47154,100,-0.05236
0.48219,100,-0.05236
0.49291,100,-0.05236
0.50372,100,-0.05236
0.5146,100,-0.05236
0.52555,100,-0.05236
0.53659,100,-0.05236
0.5477,100,-0.05236
0.55888,100,-0.05236
0.57013,100,-0.05236
0.58146,100,-0.05236
0.59286,100,-0.05236
0.60433,100,-0.05236
0.61587,100,-0.05236
0.62748,100,-0.05236
0.63915,100,-0.05236
0.6509,100,-0.05236
0.6627,100,-0.05236
0.67458,100,-0.05236
0.68652,100,-0.05236
0.69852,100,-0.05236
0.71059,100,-0.05236
0.72271,100,-0.05236
0.7349,100,-0.05236
0.74715,100,-0.05236
0.75946,100,-0.05236
0.77182,100,-0.05236
0.78425,100,-0.05236
0.79673,100,-0.05236
0.80927,100,-0.05236
0.82186,100,-0.05236
0.8345,100,-0.05236
0.8472,100,-0.05236
0.85995,100,-0.05236
0.87275,100,-0.05236
0.8856,100,-0.05236
0.89851,100,-0.05236
0.91146,100,-0.05236
0.92446,100,-0.05236
0.9375,100,-0.05236
0.95059,100,-0.05236
0.96373,100,-0.05236
0.97691,100,-0.05236
0.99014,100,-0.05236
1.0034,100,-0.05236
1.0167,100,-0.05236
1.0301,100,-0.05236
1.0435,100,-0.05236
1.0569,100,-0.05236
1.0704,100,-0.05236
1.0839,100,-0.05236
1.0974,100,-0.05236
1.111,100,-0.05236
1.1246,100,-0.05236
1.1382,100,-0.05236
1.1519,100,-0.05236
1.1656,100,-0.05236
1.1794,100,-0.05236
1.1932,100,-0.05236
1.207,100,-0.05236
1.2208,100,-0.05236
1.2347,100,-0.05236
1.2486,100,-0.05236
1.2625,100,-0.05236
1.2764,100,-0.05236
1.2904,100,-0.05236
1.3044,100,-0.05236
1.3184,100,-0.05236
1.3324,100,-0.05236
1.3465,100,-0.05236
1.3606,100,-0.05236
1.3747,100,-0.05236
1.3888,100,-0.05236
1.4029,100,-0.05236
1.4171,100,-0.05236
1.4312,100,-0.05236
1.4454,100,-0.05236
1.4596,100,-0.05236
1.4738,100,-0.05236
1.4881,100,-0.05236
1.5023,100,-0.05236
1.5166,100,-0.05236
1.5308,100,-0.05236
1.5451,100,-0.05236
1.5594,100,-0.05236
1.5737,100,-0.05236
1.588,100,-0.05236
1.6023,100,-0.05236
1.6166,100,-0.05236
1.6309,100,-0.05236
1.6453,100,-0.05236
1.6596,100,-0.05236
1.6739,100,-0.05236
1.6882,100,-0.05236
1.7026,100,-0.05236
1.7169,100,-0.05236
1.7313,100,-0.05236
1.7456,100,-0.05236
1.7599,100,-0.05236
1.7743,100,-0.05236
1.7886,100,-0.05236
1.8029,100,-0.05236
1.8172,100,-0.05236
1.8316,100,-0.05236
1.8459,100,-0.05236
1.8602,100,-0.05236
1.8745,100,-0.05236
1.8888,100,-0.05236
1.903,100,-0.05236
1.9173,100,-0.05236
1.9316,100,-0.05236
1.9458,100,-0.05236
1.9601,100,-0.05236
1.9743,100,-0.05236
1.9885,100,-0.05236
2.0027,100,-0.05236
2.0169,100,-0.05236
2.0311,100,-0.05236
2.0453,100,-0.05236
2.0594,100,-0.05236
2.0735,100,-0.05236
2.0876,100,-0.05236
2.1017,100,-0.05236
2.1158,100,-0.05236
2.1298,100,-0.05236
2.1439,100,-0.05236
2.1579,100,-0.05236
2.1719,100,-0.05236
2.1859,100,-0.05236
2.1998,100,-0.05236
2.2137,100,-0.05236
2.2276,100,-0.05236
2.2415,100,-0.05236
2.2554,100,-0.05236
2.2692,100,-0.05236
2.283,100,-0.05236
2.2968,100,-0.05236
2.3105,100,-0.05236
2.3242,100,-0.05236
2.3379,100,-0.05236
2.3516,100,-0.05236
2.3652,100,-0.05236
2.3788,100,-0.05236
2.3924,100,-0.05236
2.4059,100,-0.05236
2.4195,100,-0.05236
2.4329,100,-0.05236
2.4464,100,-0.05236
2.4598,100,-0.05236
2.4732,100,-0.05236
2.4865,100,-0.05236
2.4998,100,-0.05236
2.5131,100,-0.05236
2.5263,100,-0.05236
2.5395,100,-0.05236
2.5527,100,-0.05236
2.5658,100,-0.05236
2.5789,100,-0.05236
2.592,100,-0.05236
2.605,100,-0.05236
2.618,100,-0.05236
2.6309,100,-0.05236
2.6438,100,-0.05236
2.6566,100,-0.05236
2.6695,100,-0.05236
2.6822,100,-0.05236
2.695,100,-0.05236
2.7076,100,-0.05236
2.7203,100,-0.05236
2.7329,100,-0.05236
2.7454,100,-0.05236
2.758,100,-0.05236
2.7704,100,-0.05236
2.7828,100,-0.05236
2.7952,100,-0.05236
2.8076,100,-0.05236
2.8198,100,-0.05236
2.8321,100,-0.05236
2.8443,100,-0.05236
2.8564,100,-0.05236
2.8685,100,-0.05236
2.8806,100,-0.05236
2.8926,100,-0.05236
2.9045,100,-0.05236
2.9164,100,-0.05236
2.9283,100,-0.05236
2.9401,100,-0.05236
2.9518,100,-0.05236
2.9635,100,-0.05236
2.9752,100,-0.05236
2.9868,100,-0.05236
2.9983,100,-0.05236
3.0098,100,-0.05236
3.0213,100,-0.05236
3.0327,100,-0.05236
3.044,100,-0.05236
3.0553,100,-0.05236
3.0666,100,-0.05236
3.0777,100,-0.05236
3.0889,100,-0.05236
3.0999,100,-0.05236
3.111,100,-0.05236
3.1219,100,-0.05236
3.1328,100,-0.05236
3.1437,100,-0.05236
3.1545,100,-0.05236
3.1652,100,-0.05236
3.1759,100,-0.05236
3.1866,100,-0.05236
3.1971,100,-0.05236
3.2077,100,-0.05236
3.2181,100,-0.05236
3.2285,100,-0.05236
3.2389,100,-0.05236
3.2492,100,-0.05236
3.2594,100,-0.05236
3.2696,100,-0.05236
3.2797,100,-0.05236
3.2898,100,-0.05236
3.2998,100,-0.05236
3.3097,100,-0.05236
3.3196,100,-0.05236
3.3294,100,-0.05236
3.3392,100,-0.05236
3.3489,100,-0.05236
3.3585,100,-0.05236
3.3681,100,-0.05236
3.3777,100,-0.05236
3.3871,100,-0.05236
3.3965,100,-0.05236
3.4059,100,-0.05236
3.4152,100,-0.05236
3.4244,100,-0.05236
3.4336,100,-0.05236
3.4427,100,-0.05236
3.4517,100,-0.05236
3.4607,100,-0.05236
3.4697,100,-0.05236
3.4785,100,-0.05236
3.4873,100,-0.05236
3.4961,100,-0.05236
3.5048,100,-0.05236
3.5134,100,-0.05236
3.522,100,-0.05236
3.5305,100,-0.05236
3.5389,100,-0.05236
3.5473,100,-0.05236
3.5556,100,-0.05236
3.5638,100,-0.05236
3.572,100,-0.05236
3.5802,100,-0.05236
3.5882,100,-0.05236
3.5963,100,-0.05236
3.6042,100,-0.05236
3.6121,100,-0.05236
3.6199,100,-0.05236
3.6277,100,-0.05236
3.6354,100,-0.05236
3.643,100,-0.05236
3.6506,100,-0.05236
3.6581,100,-0.05236
3.6656,100,-0.05236
3.673,100,-0.05236
3.6803,100,-0.05236
3.6876,100,-0.05236
3.6948,100,-0.05236
3.7019,100,-0.05236
3.709,100,-0.05236
3.716,100,-0.05236
3.723,100,-0.05236
3.7299,100,-0.05236
3.7368,100,-0.05236
3.7435,100,-0.05236
3.7503,100,-0.05236
3.7569,100,-0.05236
3.7635,100,-0.05236
3.77,100,-0.05236
3.7765,100,-0.05236
3.7829,100,-0.05236
3.7893,100,-0.05236
3.7956,100,-0.05236
3.8018,100,-0.05236
3.808,100,-0.05236
3.8141,100,-0.05236
3.8201,100,-0.05236
3.8261,100,-0.05236
3.8321,100,-0.05236
3.8379,100,-0.05236
3.8438,100,-0.05236
3.8495,100,-0.05236
3.8552,100,-0.05236
3.8608,100,-0.05236
3.8664,100,-0.05236
3.8719,100,-0.05236
3.8774,100,-0.05236
3.8828,100,-0.05236
3.8881,100,-0.05236
3.8934,100,-0.05236
3.8986,100,-0.05236
3.9038,100,-0.05236
3.9089,100,-0.05236
3.9139,100,-0.05236
3.9189,100,-0.05236
3.9239,100,-0.05236
3.9287,100,-0.05236
3.9336,100,-0.05236
3.9383,100,-0.05236
3.943,100,-0.05236
3.9477,100,-0.05236
3.9523,100,-0.05236
3.9568,100,-0.05236
3.9613,100,-0.05236
3.9657,100,-0.05236
3.9701,100,-0.05236
3.9744,100,-0.05236
3.9786,100,-0.05236
3.9828,100,-0.05236
3.987,100,-0.05236
3.9911,100,-0.05236
3.9951,100,-0.05236
3.9991,100,-0.05236
4.003,100,-0.05236
4.0069,100,-0.05236
4.0107,100,-0.05236
4.0145,100,-0.05236
4.0182,100,-0.05236
4.0218,100,-0.05236
4.0254,100,-0.05236
4.029,100,-0.05236
4.0325,100,-0.05236
4.036,100,-0.05236
4.0394,100,-0.05236
4.0427,100,-0.05236
4.046,100,-0.05236
4.0492,100,-0.05236
4.0524,100,-0.05236
4.0556,100,-0.05236
4.0587,100,-0.05236
4.0617,100,-0.05236
4.0647,100,-0.05236
4.0677,100,-0.05236
4.0706,100,-0.05236
4.0734,100,-0.05236
4.0762,100,-0.05236
4.079,100,-0.05236
4.0817,100,-0.05236
4.0843,100,-0.05236
4.0869,100,-0.05236
4.0895,100,-0.05236
4.092,100,-0.05236
4.0945,100,-0.05236
4.0969,100,-0.05236
4.0992,100,-0.05236
4.1016,100,-0.05236
4.1039,100,-0.05236
4.1061,100,-0.05236
4.1083,100,-0.05236
4.1104,100,-0.05236
4.1125,100,-0.05236
4.1146,100,-0.05236
4.1166,100,-0.05236
4.1186,100,-0.05236
4.1205,100,-0.05236
4.1224,100,-0.05236
4.1242,100,-0.05236
4.126,100,-0.05236
4.1278,100,-0.05236
4.1295,100,-0.05236
4.1312,100,-0.05236
4.1328,100,-0.05236
4.1344,100,-0.05236
4.136,100,-0.05236
4.1375,100,-0.05236
4.1389,100,-0.05236
4.1404,100,-0.05236
4.1418,100,-0.05236
4.1431,100,-0.05236
4.1444,100,-0.05236
4.1457,100,-0.05236
4.147,100,-0.05236
4.1482,100,-0.05236
4.1493,100,-0.05236
4.1505,100,-0.05236
4.1516,100,-0.05236
4.1526,100,-0.05236
4.1536,100,-0.05236
4.1546,100,-0.05236
4.1556,100,-0.05236
4.1565,100,-0.05236
4.1574,100,-0.05236
4.1582,100,-0.05236
4.159,100,-0.05236
4.1598,100,-0.05236
4.1605,100,-0.05236
4.1613,100,-0.05236
4.1619,100,-0.05236
4.1626,100,-0.05236
4.1632,100,-0.05236
4.1638,100,-0.05236
4.1643,100,-0.05236
4.1649,100,-0.05236
4.1654,100,-0.05236
4.1658,100,-0.05236
4.1663,100,-0.05236
4.1667,100,-0.05236
4.167,100,-0.05236
4.1674,100,-0.05236
4.1677,100,-0.05236
4.168,100,-0.05236
4.1683,100,-0.05236
4.1685,100,-0.05236
4.1687,100,-0.05236
4.1689,100,-0.05236
4.169,100,-0.05236
4.1692,100,-0.05236
4.1693,100,-0.05236
4.1693,100,-0.05236
4.1694,100,-0.05236
4.1694,100,-0.05236
4.1694,100,-0.05236
4.1694,100,-0.05236
4.1693,100,-0.05236
4.1693,100,-0.05236
4.1692,100,-0.05236
4.1691,100,-0.05236
4.1689,100,-0.05236
4.1688,100,-0.05236
4.1686,100,-0.05236
4.1684,100,-0.05236
4.1682,100,-0.05236
4.1679,100,-0.05236
4.1677,100,-0.05236
4.1674,100,-0.05236
4.1671,100,-0.05236
4.1668,100,-0.05236
4.1664,100,-0.05236
4.1661,100,-0.05236
4.1657,100,-0.05236
4.1653,100,-0.05236
4.1649,100,-0.05236
4.1644,100,-0.05236
4.164,100,-0.05236
4.1635,100,-0.05236
4.1631,100,-0.05236
4.1626,100,-0.05236
4.1621,100,-0.05236
4.1615,100,-0.05236
4.161,100,-0.05236
4.1604,100,-0.05236
4.1599,100,-0.05236
4.1593,100,-0.05236
4.1587,100,-0.05236
4.1581,100,-0.05236
4.1574,100,-0.05236
4.1568,100,-0.05236
4.1562,100,-0.05236
4.1555,100,-0.05236
4.1548,100,-0.05236
4.1541,100,-0.05236
4.1535,100,-0.05236
4.1527,100,-0.05236
4.152,100,-0.052348
4.8082,100,-0.052348
4.8116,100,-0.052348
4.8151,100,-0.052348
4.8185,100,-0.052348
4.822,100,-0.052347
4.8256,100,-0.052347
4.8291,100,-0.052347
4.8327,100,-0.052347
4.8363,100,-0.052347
4.8399,100,-0.052347
4.8435,100,-0.052347
4.8472,100,-0.052346
4.8509,100,-0.052346
4.8546,100,-0.052346
4.8584,100,-0.052346
4.8621,100,-0.052346
4.8659,100,-0.052346
4.8697,100,-0.052346
4.8736,100,-0.052346
4.8774,100,-0.052345
4.8813,100,-0.052345
4.8853,100,-0.052345
4.8892,100,-0.052345
4.8932,100,-0.052345
4.8972,100,-0.052345
4.9013,100,-0.052344
4.9054,100,-0.052344
4.9095,100,-0.052344
4.9137,100,-0.052344
4.9179,100,-0.052344
4.9221,100,-0.052344
4.9264,100,-0.052344
4.9307,100,-0.052343
4.935,100,-0.052343
4.9394,100,-0.052343
4.9439,100,-0.052343
4.9484,100,-0.052343
4.9529,100,-0.052342
4.9575,100,-0.052342
4.9621,100,-0.052342
4.9668,100,-0.052342
4.9715,100,-0.052342
4.9763,100,-0.052342
4.9811,100,-0.052341
4.9859,100,-0.052341
4.9909,100,-0.052341
4.9959,100,-0.052341
5.0009,100,-0.052341
5.006,100,-0.05234
5.0111,100,-0.05234
5.0163,100,-0.05234
5.0216,100,-0.05234
5.0269,100,-0.05234
5.0323,100,-0.052339
5.0378,100,-0.052339
5.0433,100,-0.052339
5.0489,100,-0.052339
5.0545,100,-0.052339
5.0602,100,-0.052338
5.066,100,-0.052338
5.0719,100,-0.052338
5.0778,100,-0.052338
5.0838,100,-0.052338
5.0899,100,-0.052337
5.096,100,-0.052337
5.1022,100,-0.052337
5.1085,100,-0.052337
5.1149,100,-0.052336
5.1213,100,-0.052336
5.1278,100,-0.052336
5.1345,100,-0.052336
5.1411,100,-0.052335
5.1479,100,-0.052335
5.1548,100,-0.052335
5.1617,100,-0.052335
5.1687,100,-0.052334
5.1758,100,-0.052334
5.183,100,-0.052334
5.1903,100,-0.052334
5.1977,100,-0.052333
5.2052,100,-0.052333
5.2128,100,-0.052333
5.2204,100,-0.052333
5.2282,100,-0.052332
5.236,100,-0.052332
5.244,100,-0.052332
5.2521,100,-0.052332
5.2602,100,-0.052331
5.2685,100,-0.052331
5.2768,100,-0.052331
5.2853,100,-0.05233
5.2939,100,-0.05233
5.3025,100,-0.05233
5.3113,100,-0.052329
5.3202,100,-0.052329
5.3292,100,-0.052329
5.3383,100,-0.052329
5.3476,100,-0.052328
5.3569,100,-0.052328
5.3664,100,-0.052328
5.376,100,-0.052327
5.3857,100,-0.052327
5.3955,100,-0.052327
5.4054,100,-0.052326
5.4155,100,-0.052326
5.4257,100,-0.052326
5.436,100,-0.052325
5.4464,100,-0.052325
5.457,100,-0.052325
5.4677,100,-0.052324
5.4785,100,-0.052324
5.4895,100,-0.052323
5.5006,100,-0.052323
5.5118,100,-0.052323
5.5232,100,-0.052322
5.5347,100,-0.052322
5.5463,100,-0.052322
5.5581,100,-0.052321
5.5701,100,-0.052321
5.5821,100,-0.05232
5.5944,100,-0.05232
5.6067,100,-0.05232
5.6192,100,-0.052319
5.6319,100,-0.052319
5.6447,100,-0.052318
5.6577,100,-0.052318
5.6708,100,-0.052318
5.6841,100,-0.052317
5.6976,100,-0.052317
5.7112,100,-0.052316
5.7249,100,-0.052316
5.7389,100,-0.052315
5.753,100,-0.052315
5.7672,100,-0.052314
5.7817,100,-0.052314
5.7963,100,-0.052314
5.811,100,-0.052313
5.826,100,-0.052313
5.8411,100,-0.052312
5.8564,100,-0.052312
5.8719,100,-0.052311
5.8875,100,-0.052311
5.9033,100,-0.05231
5.9194,100,-0.05231
5.9356,100,-0.052309
5.952,100,-0.052309
5.9685,100,-0.052308
5.9853,100,-0.052308
6.0023,100,-0.052307
6.0194,100,-0.052307
6.0368,100,-0.052306
6.0543,100,-0.052306
6.0721,100,-0.052305
6.09,100,-0.052304
6.1082,100,-0.052304
6.1266,100,-0.052303
6.1451,100,-0.052303
6.1639,100,-0.052302
6.1829,100,-0.052302
6.2021,100,-0.052301
6.2216,100,-0.0523
6.2412,100,-0.0523
6.2611,100,-0.052299
6.2811,100,-0.052299
6.3015,100,-0.052298
6.322,100,-0.052297
6.3428,100,-0.052297
6.3638,100,-0.052296
6.385,100,-0.052295
6.4064,100,-0.052295
6.4281,100,-0.052294
6.4501,100,-0.052294
6.4723,100,-0.052293
6.4947,100,-0.052292
6.5174,100,-0.052291
6.5403,100,-0.052291
6.5634,100,-0.05229
6.5869,100,-0.052289
6.6105,100,-0.052289
6.6345,100,-0.052288
6.6587,100,-0.052287
6.6831,100,-0.052287
6.7079,100,-0.052286
6.7329,100,-0.052285
6.7581,100,-0.052284
6.7836,100,-0.052284
6.8095,100,-0.052283
6.8355,100,-0.052282
6.8619,100,-0.052281
6.8886,100,-0.05228
6.9155,100,-0.05228
6.9427,100,-0.052279
6.9702,100,-0.052278
6.998,100,-0.052277
7.0261,100,-0.052276
7.0545,100,-0.052276
7.0832,100,-0.052275
7.1123,100,-0.052274
7.1416,100,-0.052273
7.1712,100,-0.052272
7.2011,100,-0.052271
7.2314,100,-0.05227
7.262,100,-0.052269
7.2929,100,-0.052269
7.3241,100,-0.052268
7.3556,100,-0.052267
7.3875,100,-0.052266
7.4197,100,-0.052265
7.4523,100,-0.052264
7.4852,100,-0.052263
7.5184,100,-0.052262
7.552,100,-0.052261
7.5859,100,-0.05226
7.6202,100,-0.052259
7.6548,100,-0.052258
7.6898,100,-0.052257
7.7252,100,-0.052256
7.7609,100,-0.052255
7.797,100,-0.052254
7.8335,100,-0.052253
7.8703,100,-0.052252
7.9076,100,-0.05225
7.9452,100,-0.052249
7.9832,100,-0.052248
8.0215,100,-0.052247
8.0603,100,-0.052246
8.0995,100,-0.052245
8.1391,100,-0.052244
8.1791,100,-0.052243
8.2195,100,-0.052241
8.2603,100,-0.05224
8.3015,100,-0.052239
8.3432,100,-0.052238
8.3852,100,-0.052237
8.4277,100,-0.052235
8.4707,100,-0.052234
8.5141,100,-0.052233
8.5579,100,-0.052232
8.6021,100,-0.05223
8.6468,100,-0.052229
8.692,100,-0.052228
8.7376,100,-0.052226
8.7837,100,-0.052225
8.8302,100,-0.052224
8.8773,100,-0.052222
8.9248,100,-0.052221
8.9727,100,-0.052219
9.0212,100,-0.052218
9.0701,100,-0.052217
9.1196,100,-0.052215
9.1695,100,-0.052214
9.22,100,-0.052212
9.2709,100,-0.052211
9.3224,100,-0.052209
9.3743,100,-0.052208
9.4268,100,-0.052206
9.4799,100,-0.052205
9.5334,100,-0.052203
9.5875,100,-0.052202
9.6422,100,-0.0522
9.6974,100,-0.052198
9.7531,100,-0.052197
9.8094,100,-0.052195
9.8663,100,-0.052193
9.9237,100,-0.052192
9.9817,100,-0.05219
10.04,100,-0.052188
10.099,100,-0.052187
10.159,100,-0.052185
10.22,100,-0.052183
10.281,100,-0.052181
10.342,100,-0.05218
10.404,100,-0.052178
10.467,100,-0.052176
10.53,100,-0.052174
10.595,100,-0.052172
10.659,100,-0.05217
10.725,100,-0.052168
10.791,100,-0.052167
10.857,100,-0.052165
10.924,100,-0.052163
10.992,100,-0.052161
11.061,100,-0.052159
11.13,100,-0.052157
11.2,100,-0.052155
11.271,100,-0.052152
11.343,100,-0.05215
11.415,100,-0.052148
11.487,100,-0.052146
11.561,100,-0.052144
11.635,100,-0.052142
11.71,100,-0.05214
11.786,100,-0.052137
11.863,100,-0.052135
11.94,100,-0.052133
12.018,100,-0.052131
12.097,100,-0.052128
12.176,100,-0.052126
12.257,100,-0.052124
12.338,100,-0.052121
12.42,100,-0.052119
12.502,100,-0.052117
12.586,100,-0.052114
12.67,100,-0.052112
12.756,100,-0.052109
12.842,100,-0.052107
12.929,100,-0.052104
13.017,100,-0.052102
13.105,100,-0.052099
13.195,100,-0.052096
13.285,100,-0.052094
13.377,100,-0.052091
13.469,100,-0.052088
13.562,100,-0.052086
13.656,100,-0.052083
13.751,100,-0.05208
13.847,100,-0.052077
13.944,100,-0.052074
14.041,100,-0.052072
14.14,100,-0.052069
14.24,100,-0.052066
14.341,100,-0.052063
14.442,100,-0.05206
14.545,100,-0.052057
14.649,100,-0.052054
14.754,100,-0.052051
14.859,100,-0.052048
14.966,100,-0.052044
15.074,100,-0.052041
15.183,100,-0.052038
15.293,100,-0.052035
15.404,100,-0.052032
15.517,100,-0.052028
15.63,100,-0.052025
15.744,100,-0.052022
15.86,100,-0.052018
15.977,100,-0.052015
16.094,100,-0.052011
16.213,100,-0.052008
16.334,100,-0.052004
16.455,100,-0.052001
16.578,100,-0.051997
16.701,100,-0.051993
16.826,100,-0.05199
16.953,100,-0.051986
17.08,100,-0.051982
17.209,100,-0.051978
17.339,100,-0.051975
17.47,100,-0.051971
17.603,100,-0.051967
17.737,100,-0.051963
17.872,100,-0.051959
18.008,100,-0.051955
18.146,100,-0.051951
18.286,100,-0.051947
18.426,100,-0.051943
18.568,100,-0.051938
18.712,100,-0.051934
18.857,100,-0.05193
19.003,100,-0.051926
19.151,100,-0.051921
19.3,100,-0.051917
19.45,100,-0.051912
19.602,100,-0.051908
19.756,100,-0.051903
19.911,100,-0.051899
20.068,100,-0.051894
20.226,100,-0.05189
20.386,100,-0.051885
20.547,100,-0.05188
20.71,100,-0.051875
20.875,100,-0.05187
21.041,100,-0.051865
21.209,100,-0.05186
21.379,100,-0.051855
21.55,100,-0.05185
21.723,100,-0.051845
21.897,100,-0.05184
22.074,100,-0.051835
22.252,100,-0.05183
22.432,100,-0.051824
22.613,100,-0.051819
22.797,100,-0.051814
22.982,100,-0.051808
23.169,100,-0.051803
23.358,100,-0.051797
23.549,100,-0.051791
23.741,100,-0.051786
23.936,100,-0.05178
24.133,100,-0.051774
24.331,100,-0.051768
24.532,100,-0.051762
24.734,100,-0.051756
24.938,100,-0.05175
25.145,100,-0.051744
25.354,100,-0.051738
25.564,100,-0.051732
25.777,100,-0.051725
25.992,100,-0.051719
26.209,100,-0.051713
26.428,100,-0.051706
26.649,100,-0.0517
26.873,100,-0.051693
27.098,100,-0.051686
27.326,100,-0.051679
27.556,100,-0.051673
27.789,100,-0.051666
28.024,100,-0.051659
28.261,100,-0.051652
28.501,100,-0.051645
28.742,100,-0.051637
28.987,100,-0.05163
29.234,100,-0.051623
29.483,100,-0.051616
29.735,100,-0.051608
29.989,100,-0.051601
30.245,100,-0.051593
30.505,100,-0.051585
30.767,100,-0.051577
31.031,100,-0.05157
31.298,100,-0.051562
31.568,100,-0.051554
31.841,100,-0.051546
32.116,100,-0.051538
32.394,100,-0.051529
32.675,100,-0.051521
32.958,100,-0.051513
33.245,100,-0.051504
33.534,100,-0.051495
33.826,100,-0.051487
34.121,100,-0.051478
34.419,100,-0.051469
34.721,100,-0.05146
35.025,100,-0.051451
35.332,100,-0.051442
35.642,100,-0.051433
35.955,100,-0.051424
36.272,100,-0.051414
36.591,100,-0.051405
36.914,100,-0.051395
37.24,100,-0.051386
37.569,100,-0.051376
37.902,100,-0.051366
38.238,100,-0.051356
38.577,100,-0.051346
38.92,100,-0.051336
39.266,100,-0.051326
39.616,100,-0.051315
39.969,100,-0.051305
40.326,100,-0.051294
40.686,100,-0.051284
41.05,100,-0.051273
41.418,100,-0.051262
41.789,100,-0.051251
42.164,100,-0.05124
42.543,100,-0.051229
42.926,100,-0.051217
43.312,100,-0.051206
43.703,100,-0.051194
44.097,100,-0.051183
44.495,100,-0.051171
44.898,100,-0.051159
45.304,100,-0.051147
45.715,100,-0.051135
46.129,100,-0.051123
46.548,100,-0.05111
46.971,100,-0.051098
47.399,100,-0.051085
47.83,100,-0.051072
48.266,100,-0.05106
48.707,100,-0.051047
49.152,100,-0.051033
49.601,100,-0.05102
50.055,100,-0.051007
50.514,100,-0.050993
50.977,100,-0.05098
51.445,100,-0.050966
51.918,100,-0.050952
52.395,100,-0.050938
52.877,100,-0.050924
53.365,100,-0.050909
53.857,100,-0.050895
54.354,100,-0.05088
54.856,100,-0.050865
55.363,100,-0.05085
55.876,100,-0.050835
56.394,100,-0.05082
56.917,100,-0.050805
57.445,100,-0.050789
57.979,100,-0.050773
58.518,100,-0.050758
59.062,100,-0.050742
59.612,100,-0.050725
60.168,100,-0.050709
60.729,100,-0.050693
61.297,100,-0.050676
61.87,100,-0.050659
62.448,100,-0.050642
63.033,100,-0.050625
63.624,100,-0.050608
64.22,100,-0.05059
64.823,100,-0.050573
65.432,100,-0.050555
66.047,100,-0.050537
66.669,100,-0.050518
67.297,100,-0.0505
67.931,100,-0.050482
68.572,100,-0.050463
69.219,100,-0.050444
69.873,100,-0.050425
70.534,100,-0.050405
71.201,100,-0.050386
71.876,100,-0.050366
72.557,100,-0.050346
73.245,100,-0.050326
73.94,100,-0.050306
74.643,100,-0.050286
75.353,100,-0.050265
76.07,100,-0.050244
76.794,100,-0.050223
77.526,100,-0.050202
78.265,100,-0.05018
79.012,100,-0.050158
79.767,100,-0.050136
80.53,100,-0.050114
81.3,100,-0.050092
82.078,100,-0.050069
82.865,100,-0.050047
83.659,100,-0.050023
84.462,100,-0.05
85.273,100,-0.049977
86.092,100,-0.049953
86.92,100,-0.049929
87.757,100,-0.049905
88.602,100,-0.04988
89.456,100,-0.049856
90.319,100,-0.049831
91.19,100,-0.049806
92.071,100,-0.04978
92.961,100,-0.049755
93.86,100,-0.049729
94.769,100,-0.049702
95.687,100,-0.049676
96.614,100,-0.049649
97.551,100,-0.049622
98.498,100,-0.049595
99.455,100,-0.049568
100.42,100,-0.04954
101.4,100,-0.049512
102.39,100,-0.049484
103.38,100,-0.049455
104.39,100,-0.049426
105.41,100,-0.049397
106.44,100,-0.049367
107.48,100,-0.049338
108.53,100,-0.049308
109.59,100,-0.049277
110.66,100,-0.049247
111.75,100,-0.049216
112.84,100,-0.049185
113.95,100,-0.049153
115.07,100,-0.049121
116.2,100,-0.049089
117.34,100,-0.049057
118.49,100,-0.049024
119.66,100,-0.048991
120.84,100,-0.048957
122.03,100,-0.048924
123.23,100,-0.04889
124.45,100,-0.048855
125.68,100,-0.04882
126.92,100,-0.048785
128.18,100,-0.04875
129.45,100,-0.048714
130.73,100,-0.048678
132.02,100,-0.048642
133.33,100,-0.048605
134.66,100,-0.048568
135.99,100,-0.04853
137.35,100,-0.048492
138.71,100,-0.048454
140.09,100,-0.048415
141.49,100,-0.048376
142.9,100,-0.048337
144.32,100,-0.048297
145.76,100,-0.048257
147.22,100,-0.048216
148.69,100,-0.048175
150.17,100,-0.048134
151.68,100,-0.048092
153.2,100,-0.04805
154.73,100,-0.048007
156.28,100,-0.047964
157.85,100,-0.047921
159.44,100,-0.047877
161.04,100,-0.047833
162.66,100,-0.047788
164.29,100,-0.047743
165.95,100,-0.047697
167.62,100,-0.047651
169.31,100,-0.047605
171.02,100,-0.047558
172.74,100,-0.04751
174.49,100,-0.047463
176.25,100,-0.047414
178.04,100,-0.047365
179.84,100,-0.047316
181.66,100,-0.047267
183.5,100,-0.047216
185.37,100,-0.047166
187.25,100,-0.047115
189.15,100,-0.047063
191.07,100,-0.047011
193.02,100,-0.046958
194.98,100,-0.046905
196.97,100,-0.046851
198.98,100,-0.046797
201.01,100,-0.046742
203.06,100,-0.046687
205.14,100,-0.046631
207.23,100,-0.046575
209.36,100,-0.046518
211.5,100,-0.046461
213.67,100,-0.046403
215.86,100,-0.046344
218.08,100,-0.046285
220.32,100,-0.046226
222.58,100,-0.046166
224.87,100,-0.046105
227.19,100,-0.046043
229.53,100,-0.045982
231.89,100,-0.045919
234.29,100,-0.045856
236.71,100,-0.045792
239.15,100,-0.045728
241.63,100,-0.045663
244.13,100,-0.045597
246.66,100,-0.045531
249.21,100,-0.045464
251.8,100,-0.045397
254.41,100,-0.045329
257.06,100,-0.04526
259.73,100,-0.045191
262.44,100,-0.04512
265.17,100,-0.04505
267.93,100,-0.044978
270.73,100,-0.044906
273.56,100,-0.044834
276.42,100,-0.04476
279.31,100,-0.044686
282.23,100,-0.044611
285.19,100,-0.044536
288.18,100,-0.044459
291.2,100,-0.044382
294.26,100,-0.044305
297.36,100,-0.044226
300.49,100,-0.044147
303.65,100,-0.044067
306.85,100,-0.043986
310.09,100,-0.043905
313.36,100,-0.043823
316.67,100,-0.04374
320.02,100,-0.043656
323.41,100,-0.043571
326.84,100,-0.043486
330.31,100,-0.0434
333.81,100,-0.043313
337.36,100,-0.043225
340.95,100,-0.043137
344.58,100,-0.043047
348.25,100,-0.042957
351.96,100,-0.042866
355.72,100,-0.042774
359.52,100,-0.042681
363.37,100,-0.042588
367.26,100,-0.042493
371.2,100,-0.042398
375.18,100,-0.042302
379.21,100,-0.042204
383.28,100,-0.042106
387.41,100,-0.042007
391.58,100,-0.041907
395.8,100,-0.041807
400.07,100,-0.041705
404.39,100,-0.041602
408.77,100,-0.041499
413.19,100,-0.041394
417.67,100,-0.041288
422.2,100,-0.041182
426.79,100,-0.041074
431.42,100,-0.040966
436.12,100,-0.040856
440.87,100,-0.040746
445.68,100,-0.040634
450.55,100,-0.040522
455.47,100,-0.040408
460.45,100,-0.040294
465.5,100,-0.040178
470.6,100,-0.040062
475.77,100,-0.039944
481,100,-0.039825
486.29,100,-0.039705
491.65,100,-0.039584
497.07,100,-0.039462
502.56,100,-0.039339
508.12,100,-0.039215
513.74,100,-0.039089
519.44,100,-0.038963
525.2,100,-0.038835
531.03,100,-0.038706
536.94,100,-0.038576
542.92,100,-0.038445
548.97,100,-0.038313
555.1,100,-0.038179
561.31,100,-0.038044
567.59,100,-0.037908
573.95,100,-0.037771
580.39,100,-0.037633
586.91,100,-0.037493
593.52,100,-0.037352
600.2,100,-0.03721
606.97,100,-0.037067
613.83,100,-0.036922
620.77,100,-0.036776
627.8,100,-0.036629
634.92,100,-0.036481
642.13,100,-0.036331
649.43,100,-0.03618
656.83,100,-0.036027
664.32,100,-0.035873
671.91,100,-0.035718
679.59,100,-0.035562
687.37,100,-0.035404
695.26,100,-0.035245
703.24,100,-0.035084
711.33,100,-0.034922
719.53,100,-0.034758
727.83,100,-0.034594
736.24,100,-0.034427
744.75,100,-0.034259
753.39,100,-0.03409
762.13,100,-0.03392
770.99,100,-0.033747
779.96,100,-0.033574
789.06,100,-0.033399
798.27,100,-0.033222
807.61,100,-0.033044
817.07,100,-0.032864
826.66,100,-0.032683
836.38,100,-0.0325
846.22,100,-0.032316
856.2,100,-0.03213
866.31,100,-0.031943
876.56,100,-0.031754
886.95,100,-0.031563
897.48,100,-0.031371
908.15,100,-0.031177
918.97,100,-0.030981
929.93,100,-0.030784
941.04,100,-0.030585
952.31,100,-0.030385
963.73,100,-0.030183
975.31,100,-0.029979
987.04,100,-0.029773
998.94,100,-0.029566
1011,100,-0.029357
1023.2,100,-0.029146
1035.6,100,-0.028934
1048.2,100,-0.02872
1061,100,-0.028504
1073.9,100,-0.028286
1087,100,-0.028067
1100.3,100,-0.027845
1113.8,100,-0.027622
1127.5,100,-0.027397
1141.3,100,-0.027171
1155.4,100,-0.026942
1169.7,100,-0.026712
1184.1,100,-0.026479
1198.8,100,-0.026245
1213.7,100,-0.026009
1228.8,100,-0.025771
1244.1,100,-0.025531
1259.7,100,-0.02529
1275.4,100,-0.025046
1291.4,100,-0.0248
1307.7,100,-0.024553
1324.1,100,-0.024303
1340.8,100,-0.024052
1357.8,100,-0.023798
1375,100,-0.023543
1392.4,100,-0.023285
1410.1,100,-0.023026
1428.1,100,-0.022765
1446.3,100,-0.022501
1464.8,100,-0.022235
1483.6,100,-0.021968
1502.7,100,-0.021698
1522,100,-0.021426
1541.6,100,-0.021153
1561.6,100,-0.020877
1581.8,100,-0.020599
1602.3,100,-0.020319
1623.2,100,-0.020036
1644.3,100,-0.019752
1665.8,100,-0.019465
1687.6,100,-0.019177
1709.7,100,-0.018886
1732.1,100,-0.018593
1754.9,100,-0.018298
1778.1,100,-0.018
1801.6,100,-0.017701
1825.4,100,-0.017399
1849.7,100,-0.017095
1874.3,100,-0.016788
1899.2,100,-0.01648
1924.6,100,-0.016169
1950.3,100,-0.015856
1976.4,100,-0.015541
2003,100,-0.015223
2029.9,100,-0.014904
2057.2,100,-0.014581
2085,100,-0.014257
2113.2,100,-0.01393
2141.8,100,-0.013601
2170.9,100,-0.01327
2200.4,100,-0.012936
2230.4,100,-0.0126
2260.8,100,-0.012262
2291.7,100,-0.011921
2323,100,-0.011578
2354.9,100,-0.011232
2387.2,100,-0.010885
2420,100,-0.010534
2453.3,100,-0.010182
2487.1,100,-0.0098266
2521.4,100,-0.0094692
2556.3,100,-0.0091093
2591.6,100,-0.0087471
2627.5,100,-0.0083824
2663.9,100,-0.0080153
2700.9,100,-0.0076457
2738.4,100,-0.0072737
2776.4,100,-0.0068993
2815,100,-0.0065224
2854.2,100,-0.0061431
2893.9,100,-0.0057612
2934.2,100,-0.005377
2975.1,100,-0.0049902
3016.5,100,-0.004601
3058.5,100,-0.0042093
3101.1,100,-0.0038151
3144.2,100,-0.0034184
3188,100,-0.0030192
3232.3,100,-0.0026176
3277.2,100,-0.0022134
3322.7,100,-0.0018068
3368.7,100,-0.0013976
3415.3,100,-0.00098592
3462.5,100,-0.00057174
3510.2,100,-0.00015505
3558.5,100,0.00026416
3607.4,100,0.00068587
3656.7,100,0.0011101
3706.6,100,0.0015369
3757,100,0.0019661
3807.9,100,0.0023979
3859.3,100,0.0028322
3911.2,100,0.003269
3963.4,100,0.0037084
4016.1,100,0.0041503
4069.2,100,0.0045946
4122.7,100,0.0050415
4176.4,100,0.005491
4230.5,100,0.0059429
4284.8,100,0.0063973
4339.4,100,0.0068543
4394.1,100,0.0073137
4448.9,100,0.0077757
4503.8,100,0.0082402
4558.7,100,0.0087072
4613.5,100,0.0091766
4668.2,100,0.0096486
4722.7,100,0.010123
4777,100,0.0106
4830.9,100,0.011079
4884.3,100,0.011561
4937.2,100,0.012046
4989.4,100,0.012533
5040.8,100,0.013022
5091.3,100,0.013514
5140.9,100,0.014008
5189.2,100,0.014504
5236.2,100,0.015004
5281.8,100,0.015505
5325.7,100,0.016009
5367.8,100,0.016515
5407.9,100,0.017024
5445.8,100,0.017535
5481.3,100,0.018049
5514.1,100,0.018565
5544,100,0.019083
5570.8,100,0.019604
5594.2,100,0.020127
5613.8,100,0.020652
5629.5,100,0.02118
5640.9,100,0.02171
5647.7,100,0.022242
5649.5,100,0.022777
5646,100,0.023313
5636.8,100,0.023852
5621.5,100,0.024394
5599.7,100,0.024938
5571,100,0.025483
5534.9,100,0.026031
5491.1,100,0.026582
5439,100,0.027134
5378.2,100,0.027689
5308.2,100,0.028246
5228.5,100,0.028805
5138.6,100,0.029366
5038.2,100,0.029929
4926.6,100,0.030494
4803.4,100,0.031062
4668.6,100,0.031631
4541.3,100,0.032202
4413.7,100,0.032776
4253.2,100,0.033351
4036.4,100,0.033929
3814.3,100,0.034508
3586.9,100,0.03509
3354.2,100,0.035673
3116.2,100,0.036258
2872.8,100,0.036846
2623.9,100,0.037435
2369.6,100,0.038025
2109.8,100,0.038618
1844.5,100,0.039213
1573.6,100,0.039809
1297.1,100,0.040407
1015.1,100,0.041007
727.44,100,0.041608
434.19,100,0.042212
135.3,100,0.042817
-169.24,100,0.043423
-479.42,100,0.044031
-795.27,100,0.044641
-1116.8,100,0.045253
-1444,100,0.045866
-1661.9,100,0.04648
-1779.2,100,0.047096
-1874.5,100,0.047713
-1943.5,100,0.048332
-1985.2,100,0.048953
-1999.4,100,0.049575
-1986.7,100,0.050198
-1948.3,100,0.050822
-1886,100,0.051448
-1802,100,0.052075
-1699,100,0.052703
-1579.5,100,0.053333
-1446.4,100,0.053964
-1302.4,100,0.054596
-1149.9,100,0.055229
-991.42,100,0.055863
-828.97,100,0.056499
-664.41,100,0.057135
-499.33,100,0.057773
-335.05,100,0.058411
-172.66,100,0.059051
-13.049,100,0.059691
143.1,100,0.060333
295.27,100,0.060975
443.08,100,0.061618
586.27,100,0.062262
724.67,100,0.062907
858.21,100,0.063552
986.86,100,0.064199
1110.7,100,0.064846
1229.7,100,0.065493
1344,100,0.066142
1453.8,100,0.066791
1559.1,100,0.06744
1660.1,100,0.06809
1757,100,0.068741
1849.9,100,0.069392
1939,100,0.070043
2024.4,100,0.070695
2106.3,100,0.071348
2184.8,100,0.072
2260,100,0.072653
2332.1,100,0.073307
2401.2,100,0.07396
2467.5,100,0.074614
2531,100,0.075268
2591.8,100,0.075922
2650.2,100,0.076576
2706.1,100,0.077231
2759.6,100,0.077885
2810.9,100,0.07854
2860,100,0.079194
2907.1,100,0.079849
2952.1,100,0.080503
2995.2,100,0.081157
3036.5,100,0.081812
3075.9,100,0.082466
3113.6,100,0.083119
3149.6,100,0.083773
3184,100,0.084426
3216.8,100,0.085079
3248.1,100,0.085732
3277.9,100,0.086384
3306.2,100,0.087036
3333.2,100,0.087688
3358.8,100,0.088339
3383.2,100,0.08899
3406.2,100,0.08964
3428,100,0.090289
3448.6,100,0.090938
3468.1,100,0.091586
3486.4,100,0.092234
3503.6,100,0.092881
3519.8,100,0.093527
3534.8,100,0.094173
3548.9,100,0.094818
3562,100,0.095462
3574.1,100,0.096105
3585.2,100,0.096747
3595.5,100,0.097388
3604.8,100,0.098029
3613.3,100,0.098668
3620.9,100,0.099307
3627.6,100,0.099944
3633.6,100,0.10058
3638.8,100,0.10122
3643.2,100,0.10185
3646.8,100,0.10248
3649.7,100,0.10312
3651.8,100,0.10375
3653.3,100,0.10438
3654.1,100,0.105
3654.2,100,0.10563
3653.6,100,0.10626
3652.5,100,0.10688
3650.6,100,0.10751
3648.2,100,0.10813
3645.2,100,0.10875
3641.6,100,0.10937
3637.4,100,0.10998
3632.7,100,0.1106
3627.5,100,0.11121
3621.7,100,0.11183
3615.4,100,0.11244
3608.6,100,0.11305
3601.3,100,0.11366
3593.6,100,0.11426
3585.4,100,0.11487
3576.7,100,0.11547
3567.6,100,0.11607
3558.1,100,0.11667
3548.2,100,0.11727
3537.9,100,0.11787
3527.2,100,0.11846
3516.1,100,0.11905
3504.6,100,0.11965
3492.8,100,0.12023
3480.6,100,0.12082
3468.2,100,0.12141
3455.3,100,0.12199
3442.2,100,0.12257
3428.8,100,0.12315
3415.1,100,0.12373
3401.1,100,0.1243
3386.8,100,0.12488
3372.3,100,0.12545
3357.5,100,0.12602
3342.5,100,0.12659
3327.3,100,0.12715
3311.8,100,0.12771
3296.1,100,0.12828
3280.2,100,0.12883
3264.2,100,0.12939
3247.9,100,0.12995
3231.5,100,0.1305
3214.9,100,0.13105
3198.1,100,0.1316
3181.3,100,0.13214
3164.2,100,0.13269
3147.1,100,0.13323
3129.8,100,0.13377
3112.4,100,0.1343
3094.9,100,0.13484
3077.3,100,0.13537
3059.6,100,0.1359
3041.8,100,0.13643
3024,100,0.13695
3006.1,100,0.13748
2988.1,100,0.138
2970.1,100,0.13851
2952.1,100,0.13903
2934,100,0.13954
2915.9,100,0.14006
2897.8,100,0.14056
2879.6,100,0.14107
2861.5,100,0.14157
2843.3,100,0.14208
2825.2,100,0.14258
2807.1,100,0.14307
2789,100,0.14357
2771,100,0.14406
2752.9,100,0.14455
2735,100,0.14503
2717,100,0.14552
2699.2,100,0.146
2681.4,100,0.14648
2663.6,100,0.14696
2646,100,0.14743
2628.4,100,0.1479
2610.9,100,0.14837
2593.5,100,0.14884
2576.2,100,0.1493
2559,100,0.14977
2541.9,100,0.15023
2525,100,0.15068
2508.1,100,0.15114
2491.4,100,0.15159
2474.9,100,0.15204
2458.4,100,0.15248
2442.2,100,0.15293
2426,100,0.15337
2410.1,100,0.15381
2394.3,100,0.15425
2378.6,100,0.15468
2363.2,100,0.15511
2347.9,100,0.15554
2332.8,100,0.15597
2317.9,100,0.15639
2303.2,100,0.15682
2288.8,100,0.15723
2274.5,100,0.15765
2260.4,100,0.15807
2246.6,100,0.15848
2233,100,0.15889
2219.7,100,0.15929
2206.6,100,0.1597
2193.7,100,0.1601
2181.1,100,0.1605
2168.8,100,0.16089
2156.8,100,0.16129
2145,100,0.16168
2133.5,100,0.16207
2122.3,100,0.16246
2111.5,100,0.16284
2100.9,100,0.16322
2090.6,100,0.1636
2080.7,100,0.16398
2071.2,100,0.16435
2062,100,0.16473
2053.1,100,0.16509
2044.6,100,0.16546
2036.5,100,0.16583
2028.8,100,0.16619
2021.5,100,0.16655
2014.6,100,0.16691
2008.1,100,0.16726
2002.1,100,0.16761
1996.6,100,0.16796
1991.5,100,0.16831
1986.9,100,0.16866
1982.8,100,0.169
1979.2,100,0.16934
1976.2,100,0.16968
1973.7,100,0.17002
1971.8,100,0.17035
1970.5,100,0.17068
1969.8,100,0.17101
1969.8,100,0.17134
1970.4,100,0.17166
1971.7,100,0.17198
1973.7,100,0.1723
1976.5,100,0.17262
1980.1,100,0.17294
1984.4,100,0.17325
1989.7,100,0.17356
1995.7,100,0.17387
2002.8,100,0.17417
2010.7,100,0.17448
2019.7,100,0.17478
2029.7,100,0.17508
2040.8,100,0.17538
2053.1,100,0.17567
2066.5,100,0.17597
2081.2,100,0.17626
2097.3,100,0.17654
2114.7,100,0.17683
2133.6,100,0.17712
2154,100,0.1774
2176,100,0.17768
2199.7,100,0.17796
2225.2,100,0.17823
2252.6,100,0.17851
2299.1,100,0.17878
2374.1,100,0.17905
2453.5,100,0.17932
2536.5,100,0.17958
2623.1,100,0.17984
2713.5,100,0.18011
2807.8,100,0.18037
2906.1,100,0.18062
3008.6,100,0.18088
3115.5,100,0.18113
3226.9,100,0.18138
3343,100,0.18163
3464,100,0.18188
3590,100,0.18213
3721.3,100,0.18237
3858.1,100,0.18261
4000.6,100,0.18285
4148.9,100,0.18309
4303.2,100,0.18332
4463.9,100,0.18356
4630.9,100,0.18379
4804.5,100,0.18402
4984.8,100,0.18425
5172,100,0.18448
5366.1,100,0.1847
5567,100,0.18493
5774.9,100,0.18515
5989.6,100,0.18537
6211,100,0.18558
6438.7,100,0.1858
6672.6,100,0.18601
6912.1,100,0.18623
7156.7,100,0.18644
7405.7,100,0.18665
7658.4,100,0.18685
7913.6,100,0.18706
8170.4,100,0.18726
8427.6,100,0.18746
8683.6,100,0.18766
8937.2,100,0.18786
9186.6,100,0.18806
9430.4,100,0.18826
9666.7,100,0.18845
9894,100,0.18864
10111,100,0.18883
10315,100,0.18902
10507,100,0.18921
10684,100,0.1894
10833,100,0.18958
10930,100,0.18976
10991,100,0.18994
11015,100,0.19012
11003,100,0.1903
10956,100,0.19048
10875,100,0.19065
10763,100,0.19083
10622,100,0.191
10457,100,0.19117
10269,100,0.19134
10064,100,0.19151
9843.8,100,0.19167
9612.5,100,0.19184
9373,100,0.192
9128.1,100,0.19216
8880.2,100,0.19232
8631.5,100,0.19248
8383.8,100,0.19264
8138.6,100,0.1928
7896.9,100,0.19295
7659.9,100,0.19311
7428.1,100,0.19326
7202.2,100,0.19341
6982.4,100,0.19356
6769.1,100,0.19371
6562.2,100,0.19386
6361.9,100,0.194
6168.1,100,0.19415
5980.8,100,0.19429
5799.7,100,0.19443
5624.8,100,0.19457
5455.8,100,0.19471
5292.6,100,0.19485
5134.9,100,0.19499
4982.5,100,0.19512
4835.3,100,0.19526
4693,100,0.19539
4555.3,100,0.19552
4422.2,100,0.19566
4293.3,100,0.19579
4168.6,100,0.19591
4047.8,100,0.19604
3930.8,100,0.19617
3817.3,100,0.19629
3707.3,100,0.19642
3600.6,100,0.19654
3497,100,0.19666
3396.4,100,0.19678
3298.6,100,0.1969
3203.7,100,0.19702
3111.3,100,0.19714
3021.5,100,0.19726
2934.1,100,0.19737
2849.1,100,0.19749
2766.2,100,0.1976
2685.5,100,0.19771
2606.9,100,0.19783
2530.2,100,0.19794
2455.4,100,0.19805
2382.5,100,0.19815
2311.3,100,0.19826
2241.8,100,0.19837
2173.9,100,0.19847
2107.7,100,0.19858
2042.9,100,0.19868
1979.6,100,0.19878
1917.7,100,0.19889
1857.2,100,0.19899
1797.9,100,0.19909
1740,100,0.19919
1683.3,100,0.19928
1627.8,100,0.19938
1573.4,100,0.19948
1520.2,100,0.19957
1468,100,0.19967
1416.9,100,0.19976
1366.8,100,0.19985
1317.7,100,0.19995
1269.6,100,0.20004
1222.4,100,0.20013
1176.1,100,0.20022
1130.6,100,0.2003
1086,100,0.20039
1042.3,100,0.20048
999.29,100,0.20057
957.11,100,0.20065
915.69,100,0.20074
875.01,100,0.20082
835.05,100,0.2009
795.79,100,0.20098
757.21,100,0.20107
719.29,100,0.20115
682.03,100,0.20123
645.39,100,0.20131
609.37,100,0.20138
573.96,100,0.20146
539.12,100,0.20154
504.86,100,0.20162
471.16,100,0.20169
438,100,0.20177
405.38,100,0.20184
373.27,100,0.20191
341.67,100,0.20199
310.57,100,0.20206
279.95,100,0.20213
249.8,100,0.2022
220.12,100,0.20227
190.89,100,0.20234
162.11,100,0.20241
133.75,100,0.20248
105.83,100,0.20254
78.315,100,0.20261
51.209,100,0.20268
24.502,100,0.20274
-1.8151,100,0.20281
-27.75,100,0.20287
-53.311,100,0.20294
-78.506,100,0.203
-103.34,100,0.20306
-127.82,100,0.20312
-151.96,100,0.20318
-175.76,100,0.20325
-199.23,100,0.20331
-222.37,100,0.20336
-245.19,100,0.20342
-267.69,100,0.20348
-289.89,100,0.20354
-311.79,100,0.2036
-333.39,100,0.20365
-354.7,100,0.20371
-375.73,100,0.20377
-396.47,100,0.20382
-416.94,100,0.20388
-437.13,100,0.20393
-457.06,100,0.20398
-476.73,100,0.20404
-496.15,100,0.20409
-515.31,100,0.20414
-534.22,100,0.20419
-552.88,100,0.20425
-571.31,100,0.2043
-589.5,100,0.20435
-607.46,100,0.2044
-625.19,100,0.20445
-642.7,100,0.20449
-659.98,100,0.20454
-677.05,100,0.20459
-693.9,100,0.20464
-710.55,100,0.20468
-726.98,100,0.20473
-743.22,100,0.20478
-759.25,100,0.20482
-775.08,100,0.20487
-790.72,100,0.20491
-806.17,100,0.20496
-821.43,100,0.205
-836.5,100,0.20504
-851.39,100,0.20509
-866.1,100,0.20513
-880.63,100,0.20517
-894.98,100,0.20521
-909.17,100,0.20525
-923.18,100,0.2053
-937.03,100,0.20534
-950.71,100,0.20538
-964.22,100,0.20542
-977.58,100,0.20546
-990.78,100,0.20549
-1003.8,100,0.20553
-1016.7,100,0.20557
-1029.4,100,0.20561
-1042,100,0.20565
-1054.5,100,0.20568
-1066.8,100,0.20572
-1078.9,100,0.20576
-1090.9,100,0.20579
-1102.8,100,0.20583
-1114.5,100,0.20586
-1126.1,100,0.2059
-1137.6,100,0.20593
-1148.9,100,0.20597
-1160.1,100,0.206
-1171.2,100,0.20604
-1182.1,100,0.20607
-1192.9,100,0.2061
-1203.6,100,0.20614
-1214.2,100,0.20617
-1224.6,100,0.2062
-1234.9,100,0.20623
-1245.1,100,0.20626
-1255.2,100,0.2063
-1265.2,100,0.20633
-1275.1,100,0.20636
-1284.8,100,0.20639
-1294.4,100,0.20642
-1304,100,0.20645
-1313.4,100,0.20648
-1322.7,100,0.20651
-1331.9,100,0.20653
-1341,100,0.20656
-1350,100,0.20659
-1358.9,100,0.20662
-1367.7,100,0.20665
-1376.4,100,0.20667
-1385,100,0.2067
-1393.5,100,0.20673
-1401.9,100,0.20676
-1410.2,100,0.20678
-1418.4,100,0.20681
-1426.5,100,0.20683
-1434.5,100,0.20686
-1442.4,100,0.20689
-1450.3,100,0.20691
-1458,100,0.20694
-1465.7,100,0.20696
-1473.3,100,0.20698
-1480.8,100,0.20701
-1488.2,100,0.20703
-1495.5,100,0.20706
-1502.7,100,0.20708
-1509.9,100,0.2071
-1517,100,0.20713
-1524,100,0.20715
-1530.9,100,0.20717
-1537.7,100,0.20719
-1544.5,100,0.20722
-1551.1,100,0.20724
-1557.7,100,0.20726
-1564.3,100,0.20728
-1570.7,100,0.2073
-1577.1,100,0.20732
-1583.4,100,0.20734
-1589.6,100,0.20737
-1595.8,100,0.20739
-1601.8,100,0.20741
-1607.8,100,0.20743
-1613.8,100,0.20745
-1619.7,100,0.20747
-1625.5,100,0.20749
-1631.2,100,0.2075
-1636.9,100,0.20752
-1642.4,100,0.20754
-1648,100,0.20756
-1653.4,100,0.20758
-1658.8,100,0.2076
-1664.2,100,0.20762
-1669.5,100,0.20763
-1674.7,100,0.20765
-1679.8,100,0.20767
-1684.9,100,0.20769
-1689.9,100,0.2077
-1694.9,100,0.20772
-1699.8,100,0.20774
-1704.6,100,0.20776
-1709.4,100,0.20777
-1714.1,100,0.20779
-1718.8,100,0.20781
-1723.4,100,0.20782
-1727.9,100,0.20784
-1732.4,100,0.20785
-1736.8,100,0.20787
-1741.2,100,0.20788
-1745.5,100,0.2079
-1749.8,100,0.20791
-1754,100,0.20793
-1758.1,100,0.20794
-1762.2,100,0.20796
-1766.3,100,0.20797
-1770.3,100,0.20799
-1774.2,100,0.208
-1778.1,100,0.20802
-1782,100,0.20803
-1785.7,100,0.20805
-1789.5,100,0.20806
-1793.2,100,0.20807
-1796.8,100,0.20809
-1800.4,100,0.2081
-1803.9,100,0.20811
-1807.4,100,0.20813
-1810.8,100,0.20814
-1814.2,100,0.20815
-1817.5,100,0.20816
-1820.8,100,0.20818
-1824.1,100,0.20819
-1827.3,100,0.2082
-1830.4,100,0.20821
-1833.5,100,0.20823
-1836.6,100,0.20824
-1839.6,100,0.20825
-1842.6,100,0.20826
-1845.5,100,0.20827
-1848.4,100,0.20829
-1851.2,100,0.2083
-1854,100,0.20831
-1856.7,100,0.20832
-1859.4,100,0.20833
-1862.1,100,0.20834
-1864.7,100,0.20835
-1867.3,100,0.20836
-1869.8,100,0.20837
-1872.3,100,0.20838
-1874.7,100,0.20839
-1877.1,100,0.20841
-1879.5,100,0.20842
-1881.8,100,0.20843
-1884.1,100,0.20844
-1886.3,100,0.20845
-1888.5,100,0.20846
-1890.7,100,0.20847
-1892.8,100,0.20847
-1894.8,100,0.20848
-1896.9,100,0.20849
-1898.9,100,0.2085
-1900.8,100,0.20851
-1902.8,100,0.20852
-1904.6,100,0.20853
-1906.5,100,0.20854
-1908.3,100,0.20855
-1910.1,100,0.20856
-1911.8,100,0.20857
-1913.5,100,0.20858
-1915.1,100,0.20858
-1916.7,100,0.20859
-1918.3,100,0.2086
-1919.9,100,0.20861
-1921.4,100,0.20862
-1922.8,100,0.20863
-1924.3,100,0.20863
-1925.7,100,0.20864
-1927,100,0.20865
-1928.3,100,0.20866
-1929.6,100,0.20866
-1930.9,100,0.20867
-1932.1,100,0.20868
-1933.3,100,0.20869
-1934.4,100,0.2087
-1935.6,100,0.2087
-1936.6,100,0.20871
-1937.7,100,0.20872
-1938.7,100,0.20872
-1939.7,100,0.20873
-1940.6,100,0.20874
-1941.5,100,0.20875
-1942.4,100,0.20875
-1943.2,100,0.20876
-1944,100,0.20877
-1944.8,100,0.20877
-1945.6,100,0.20878
-1946.3,100,0.20879
-1947,100,0.20879
-1947.6,100,0.2088
-1948.2,100,0.2088
-1948.8,100,0.20881
-1949.3,100,0.20882
-1949.8,100,0.20882
-1950.3,100,0.20883
-1950.8,100,0.20884
-1951.2,100,0.20884
-1951.6,100,0.20885
-1951.9,100,0.20885
-1952.3,100,0.20886
-1952.6,100,0.20887
-1952.8,100,0.20887
-1953.1,100,0.20888
-1953.3,100,0.20888
-1953.4,100,0.20889
-1953.6,100,0.20889
-1953.7,100,0.2089
-1953.7,100,0.2089
-1953.8,100,0.20891
-1953.8,100,0.20891
-1953.8,100,0.20892
-1953.7,100,0.20892
-1953.7,100,0.20893
-1953.6,100,0.20894
-1953.4,100,0.20894
-1953.3,100,0.20895
-1953.1,100,0.20895
-1952.9,100,0.20895
-1952.6,100,0.20896
-1952.3,100,0.20896
-1952,100,0.20897
-1951.7,100,0.20897
-1951.3,100,0.20898
-1950.9,100,0.20898
-1950.5,100,0.20899
-1950,100,0.20899
-1949.5,100,0.209
-1949,100,0.209
-1948.5,100,0.20901
-1947.9,100,0.20901
-1947.3,100,0.20901
-1946.6,100,0.20902
-1946,100,0.20902
-1945.3,100,0.20903
-1944.6,100,0.20903
-1943.8,100,0.20903
-1943.1,100,0.20904
-1942.3,100,0.20904
-1941.4,100,0.20905
-1940.6,100,0.20905
-1939.7,100,0.20905
-1938.8,100,0.20906
-1937.8,100,0.20906
-1936.9,100,0.20907
-1935.9,100,0.20907
-1934.8,100,0.20907
-1933.8,100,0.20908
-1932.7,100,0.20908
-1931.6,100,0.20908
-1930.4,100,0.20909
-1929.3,100,0.20909
-1928.1,100,0.20909
-1926.9,100,0.2091
-1925.6,100,0.2091
-1924.3,100,0.2091
-1923,100,0.20911
-1921.7,100,0.20911
-1920.4,100,0.20911
-1919,100,0.20912
-1917.6,100,0.20912
-1916.1,100,0.20912
-1914.6,100,0.20913
-1913.2,100,0.20913
-1911.6,100,0.20913
-1910.1,100,0.20914
-1908.5,100,0.20914
-1906.9,100,0.20914
-1905.3,100,0.20915
-1903.6,100,0.20915
-1901.9,100,0.20915
-1900.2,100,0.20915
-1898.5,100,0.20916
-1896.7,100,0.20916
-1894.9,100,0.20916
-1893.1,100,0.20917
-1891.3,100,0.20917
-1889.4,100,0.20917
-1887.5,100,0.20917
-1885.6,100,0.20918
-1883.6,100,0.20918
-1881.6,100,0.20918
-1879.6,100,0.20918
-1877.6,100,0.20919
-1875.5,100,0.20919
-1873.4,100,0.20919
-1871.3,100,0.20919
-1869.2,100,0.2092
-1867,100,0.2092
-1864.8,100,0.2092
-1862.6,100,0.2092
-1860.4,100,0.20921
-1858.1,100,0.20921
-1855.8,100,0.20921
-1853.5,100,0.20921
-1851.1,100,0.20921
-1848.7,100,0.20922
-1846.3,100,0.20922
-1843.9,100,0.20922
-1841.4,100,0.20922
-1838.9,100,0.20923
-1836.4,100,0.20923
-1833.9,100,0.20923
-1831.3,100,0.20923
-1828.7,100,0.20923
-1826.1,100,0.20924
-1823.5,100,0.20924
-1820.8,100,0.20924
-1818.1,100,0.20924
-1815.4,100,0.20924
-1812.6,100,0.20925
-1809.8,100,0.20925
-1807,100,0.20925
-1804.2,100,0.20925
-1801.3,100,0.20925
-1798.5,100,0.20926
-1795.5,100,0.20926
-1792.6,100,0.20926
-1789.6,100,0.20926
-1786.6,100,0.20926
-1783.6,100,0.20926
-1780.6,100,0.20927
-1777.5,100,0.20927
-1774.4,100,0.20927
-1771.3,100,0.20927
-1768.1,100,0.20927
-1764.9,100,0.20927
-1761.7,100,0.20928
-1758.5,100,0.20928
-1755.3,100,0.20928
-1752,100,0.20928
-1748.7,100,0.20928
-1745.3,100,0.20928
-1741.9,100,0.20929
-1738.6,100,0.20929
-1735.1,100,0.20929
-1731.7,100,0.20929
-1728.2,100,0.20929
-1724.7,100,0.20929
-1721.2,100,0.20929
-1717.6,100,0.2093
-1714.1,100,0.2093
-1710.5,100,0.2093
-1706.8,100,0.2093
-1703.2,100,0.2093
-1699.5,100,0.2093
-1695.8,100,0.2093
-1692,100,0.20931
-1688.2,100,0.20931
-1684.4,100,0.20931
-1680.6,100,0.20931
-1676.8,100,0.20931
-1672.9,100,0.20931
-1669,100,0.20931
-1665.1,100,0.20931
-1661.1,100,0.20932
-1657.1,100,0.20932
-1653.1,100,0.20932
-1649.1,100,0.20932
-1645,100,0.20932
-1640.9,100,0.20932
-1636.8,100,0.20932
-1632.7,100,0.20932
-1628.5,100,0.20933
-1624.3,100,0.20933
-1620.1,100,0.20933
-1615.8,100,0.20933
-1611.5,100,0.20933
-1607.2,100,0.20933
-1602.9,100,0.20933
-1598.5,100,0.20933
-1594.1,100,0.20933
-1589.7,100,0.20934
-1585.3,100,0.20934
-1580.8,100,0.20934
-1576.3,100,0.20934
-1571.8,100,0.20934
-1567.2,100,0.20934
-1562.6,100,0.20934
-1558,100,0.20934
-1553.4,100,0.20934
-1548.7,100,0.20934
-1544,100,0.20935
-1539.3,100,0.20935
-1534.6,100,0.20935
-1529.8,100,0.20935
-1525,100,0.20935
-1520.2,100,0.20935
-1515.3,100,0.20935
-1510.4,100,0.20935
-1505.5,100,0.20935
-1500.6,100,0.20935
-1495.6,100,0.20935
-1490.6,100,0.20936
-1485.6,100,0.20936
-1480.6,100,0.20936
-1475.5,100,0.20936
-1470.4,100,0.20936
-1465.3,100,0.20936
-1460.1,100,0.20936
-1454.9,100,0.20936
-1449.7,100,0.20936
-1444.5,100,0.20936
-1439.2,100,0.20936
-1433.9,100,0.20936
-1428.6,100,0.20936
-1423.3,100,0.20937
-1417.9,100,0.20937
-1412.5,100,0.20937
-1407.1,100,0.20937
-1401.6,100,0.20937
-1396.1,100,0.20937
-1390.6,100,0.20937
-1385.1,100,0.20937
-1379.5,100,0.20937
-1373.9,100,0.20937
-1368.3,100,0.20937
-1362.7,100,0.20937
-1357,100,0.20937
-1351.3,100,0.20937
-1345.6,100,0.20938
-1339.8,100,0.20938
-1334,100,0.20938
-1328.2,100,0.20938
-1322.4,100,0.20938
-1316.5,100,0.20938
-1310.6,100,0.20938
-1304.7,100,0.20938
-1298.8,100,0.20938
-1292.8,100,0.20938
-1286.8,100,0.20938
-1280.8,100,0.20938
-1274.7,100,0.20938
-1268.7,100,0.20938
-1262.6,100,0.20938
-1256.4,100,0.20938
-1250.3,100,0.20938
-1244.1,100,0.20939
-1237.9,100,0.20939
-1231.6,100,0.20939
-1225.4,100,0.20939
-1219.1,100,0.20939
-1212.8,100,0.20939
-1206.4,100,0.20939
-1200,100,0.20939
-1193.7,100,0.20939
-1187.2,100,0.20939
-1180.8,100,0.20939
-1174.3,100,0.20939
-1167.8,100,0.20939
-1161.3,100,0.20939
-1154.7,100,0.20939
-1148.1,100,0.20939
-1141.5,100,0.20939
-1134.9,100,0.20939
-1128.2,100,0.20939
-1121.6,100,0.20939
-1114.9,100,0.2094
-1108.1,100,0.2094
-1101.4,100,0.2094
-1094.6,100,0.2094
-1087.8,100,0.2094
-1080.9,100,0.2094
-1074.1,100,0.2094
-1067.2,100,0.2094
-1060.3,100,0.2094
-1053.4,100,0.2094
-1046.4,100,0.2094
-1039.4,100,0.2094
-1032.4,100,0.2094
-1025.4,100,0.2094
-1018.3,100,0.2094
-1011.2,100,0.2094
-1004.1,100,0.2094
-996.99,100,0.2094
-989.84,100,0.2094
-982.66,100,0.2094
-975.46,100,0.2094
-968.24,100,0.2094
-960.99,100,0.2094
-953.72,100,0.2094
-946.42,100,0.2094
-939.11,100,0.2094
-931.77,100,0.20941
-924.4,100,0.20941
-917.02,100,0.20941
-909.61,100,0.20941
-902.18,100,0.20941
-894.72,100,0.20941
-887.25,100,0.20941
-879.75,100,0.20941
-872.23,100,0.20941
-864.69,100,0.20941
-857.13,100,0.20941
-849.54,100,0.20941
-841.94,100,0.20941
-834.31,100,0.20941
-826.67,100,0.20941
-819,100,0.20941
-811.31,100,0.20941
-803.6,100,0.20941
-795.87,100,0.20941
-788.12,100,0.20941
-780.35,100,0.20941
-772.57,100,0.20941
-764.76,100,0.20941
-756.93,100,0.20941
-749.08,100,0.20941
-741.22,100,0.20941
-733.34,100,0.20941
-725.43,100,0.20941
-717.51,100,0.20941
-709.58,100,0.20941
-701.62,100,0.20941
-693.65,100,0.20941
-685.65,100,0.20941
-677.65,100,0.20941
-669.62,100,0.20942
-661.58,100,0.20942
-653.52,100,0.20942
-645.45,100,0.20942
-637.35,100,0.20942
-629.25,100,0.20942
-621.13,100,0.20942
-612.99,100,0.20942
-604.84,100,0.20942
-596.67,100,0.20942
-588.49,100,0.20942
-580.29,100,0.20942
-572.08,100,0.20942
-563.86,100,0.20942
-555.62,100,0.20942
-547.37,100,0.20942
-539.11,100,0.20942
-530.83,100,0.20942
-522.54,100,0.20942
-514.24,100,0.20942
-505.93,100,0.20942
-497.61,100,0.20942
-489.27,100,0.20942
-480.93,100,0.20942
-472.57,100,0.20942
-464.21,100,0.20942
-455.83,100,0.20942
-447.45,100,0.20942
-439.05,100,0.20942
-430.65,100,0.20942
-422.23,100,0.20942
-413.81,100,0.20942
-405.38,100,0.20942
-396.95,100,0.20942
-388.5,100,0.20942
-380.05,100,0.20942
-371.59,100,0.20942
-363.13,100,0.20942
-354.66,100,0.20942
-346.18,100,0.20942
-337.7,100,0.20942
-329.22,100,0.20942
-320.73,100,0.20942
-312.23,100,0.20942
-303.73,100,0.20942
-295.23,100,0.20942
-286.73,100,0.20942
-278.22,100,0.20942
-269.71,100,0.20942
-261.2,100,0.20942
-252.68,100,0.20942
-244.17,100,0.20942
-235.65,100,0.20942
-227.14,100,0.20943
-218.62,100,0.20943
-210.11,100,0.20943
-201.59,100,0.20943
-193.08,100,0.20943
-184.57,100,0.20943
-176.06,100,0.20943
-167.55,100,0.20943
-159.04,100,0.20943
-150.54,100,0.20943
-142.04,100,0.20943
-133.55,100,0.20943
-125.06,100,0.20943
-116.58,100,0.20943
-108.1,100,0.20943
-99.623,100,0.20943
-91.156,100,0.20943
-82.695,100,0.20943
-74.242,100,0.20943
-65.796,100,0.20943
-57.358,100,0.20943
-48.928,100,0.20943
-40.507,100,0.20943
-32.095,100,0.20943
-23.693,100,0.20943
-15.301,100,0.20943
-6.9196,100,0.20943
1.4507,100,0.20943
9.8096,100,0.20943
18.157,100,0.20943
26.491,100,0.20943
34.813,100,0.20943
43.121,100,0.20943
51.416,100,0.20943
59.696,100,0.20943
67.962,100,0.20943
76.213,100,0.20943
84.448,100,0.20943
92.667,100,0.20943
100.87,100,0.20943
109.06,100,0.20943
117.22,100,0.20943
125.37,100,0.20943
133.51,100,0.20943
141.62,100,0.20943
149.71,100,0.20943
157.79,100,0.20943
165.84,100,0.20943
173.87,100,0.20943
181.89,100,0.20943
189.88,100,0.20943
197.85,100,0.20943
205.79,100,0.20943
213.71,100,0.20943
221.61,100,0.20943
229.49,100,0.20943
237.34,100,0.20943
245.17,100,0.20943
252.97,100,0.20943
260.74,100,0.20943
268.49,100,0.20943
276.22,100,0.20943
283.91,100,0.20943
291.58,100,0.20943
299.22,100,0.20943
306.83,100,0.20943
314.41,100,0.20943
321.97,100,0.20943
329.49,100,0.20943
336.98,100,0.20943
344.45,100,0.20943
351.88,100,0.20943
359.28,100,0.20943
366.65,100,0.20943
373.98,100,0.20943
381.28,100,0.20943
388.55,100,0.20943
395.79,100,0.20943
402.99,100,0.20943
410.16,100,0.20943
417.29,100,0.20943
424.38,100,0.20943
431.44,100,0.20943
438.47,100,0.20943
445.46,100,0.20943
452.41,100,0.20943
459.32,100,0.20943
466.2,100,0.20943
473.03,100,0.20943
479.83,100,0.20943
486.59,100,0.20943
493.31,100,0.20943
499.99,100,0.20943
506.63,100,0.20943
513.23,100,0.20943
519.79,100,0.20943
526.31,100,0.20943
532.78,100,0.20943
539.21,100,0.20943
545.61,100,0.20943
551.95,100,0.20943
558.26,100,0.20943
564.52,100,0.20943
570.74,100,0.20943
576.91,100,0.20943
583.04,100,0.20943
589.13,100,0.20943
595.17,100,0.20943
601.16,100,0.20943
607.11,100,0.20943
613.01,100,0.20943
618.87,100,0.20943
624.68,100,0.20943
630.44,100,0.20943
636.16,100,0.20943
641.83,100,0.20943
647.45,100,0.20944
653.02,100,0.20944
658.54,100,0.20944
664.02,100,0.20944
669.45,100,0.20944
674.82,100,0.20944
680.15,100,0.20944
685.43,100,0.20944
690.66,100,0.20944
695.84,100,0.20944
700.97,100,0.20944
706.05,100,0.20944
711.07,100,0.20944
716.05,100,0.20944
720.98,100,0.20944
725.85,100,0.20944
730.67,100,0.20944
735.45,100,0.20944
740.17,100,0.20944
744.83,100,0.20944
749.45,100,0.20944
754.01,100,0.20944
758.52,100,0.20944
762.98,100,0.20944
767.39,100,0.20944
771.74,100,0.20944
776.04,100,0.20944
780.28,100,0.20944
784.48,100,0.20944
788.61,100,0.20944
792.7,100,0.20944
796.73,100,0.20944
800.71,100,0.20944
804.64,100,0.20944
808.51,100,0.20944
812.32,100,0.20944
816.08,100,0.20944
819.79,100,0.20944
823.45,100,0.20944
827.05,100,0.20944
830.59,100,0.20944
834.08,100,0.20944
837.52,100,0.20944
840.9,100,0.20944
844.23,100,0.20944
847.5,100,0.20944
850.72,100,0.20944
853.89,100,0.20944
856.99,100,0.20944
860.05,100,0.20944
863.05,100,0.20944
866,100,0.20944
868.89,100,0.20944
871.72,100,0.20944
874.51,100,0.20944
877.23,100,0.20944
879.91,100,0.20944
882.53,100,0.20944
885.09,100,0.20944
887.6,100,0.20944
890.06,100,0.20944
892.46,100,0.20944
894.81,100,0.20944
897.1,100,0.20944
899.34,100,0.20944
901.53,100,0.20944
903.66,100,0.20944
905.74,100,0.20944
907.76,100,0.20944
909.74,100,0.20944
911.65,100,0.20944
913.52,100,0.20944
915.33,100,0.20944
917.09,100,0.20944
918.8,100,0.20944
920.45,100,0.20944
922.05,100,0.20944
923.6,100,0.20944
925.09,100,0.20944
926.54,100,0.20944
927.93,100,0.20944
929.27,100,0.20944
930.56,100,0.20944
931.79,100,0.20944
932.98,100,0.20944
934.11,100,0.20944
935.2,100,0.20944
936.23,100,0.20944
937.21,100,0.20944
938.14,100,0.20944
939.02,100,0.20944
939.85,100,0.20944
940.63,100,0.20944
941.37,100,0.20944
942.05,100,0.20944
942.68,100,0.20944
943.26,100,0.20944
943.8,100,0.20944
944.29,100,0.20944
944.72,100,0.20944
945.11,100,0.20944
945.46,100,0.20944
945.75,100,0.20944
946,100,0.20944
946.2,100,0.20944
946.35,100,0.20944
946.46,100,0.20944
946.52,100,0.20944
946.53,100,0.20944
946.5,100,0.20944
946.42,100,0.20944
946.3,100,0.20944
946.13,100,0.20944
945.92,100,0.20944
945.66,100,0.20944
945.36,100,0.20944
945.01,100,0.20944
944.62,100,0.20944
944.19,100,0.20944
943.71,100,0.20944
943.19,100,0.20944
942.63,100,0.20944
942.03,100,0.20944
941.38,100,0.20944
940.69,100,0.20944
939.96,100,0.20944
939.19,100,0.20944
938.38,100,0.20944
937.53,100,0.20944
936.64,100,0.20944
935.7,100,0.20944
934.73,100,0.20944
933.72,100,0.20944
932.67,100,0.20944
931.58,100,0.20944
930.45,100,0.20944
929.29,100,0.20944
928.08,100,0.20944
926.84,100,0.20944
925.56,100,0.20944
924.25,100,0.20944
922.89,100,0.20944
921.5,100,0.20944
920.08,100,0.20944
918.62,100,0.20944
917.12,100,0.20944
915.59,100,0.20944
914.03,100,0.20944
912.43,100,0.20944
910.79,100,0.20944
909.12,100,0.20944
907.42,100,0.20944
905.69,100,0.20944
903.92,100,0.20944
902.12,100,0.20944
900.29,100,0.20944
898.42,100,0.20944
896.53,100,0.20944
894.6,100,0.20944
892.64,100,0.20944
890.65,100,0.20944
888.63,100,0.20944
886.58,100,0.20944
884.51,100,0.20944
882.4,100,0.20944
880.26,100,0.20944
878.09,100,0.20944
875.9,100,0.20944
873.68,100,0.20944
871.43,100,0.20944
869.15,100,0.20944
866.85,100,0.20944
864.51,100,0.20944
862.16,100,0.20944
859.77,100,0.20944
857.36,100,0.20944
854.93,100,0.20944
852.46,100,0.20944
849.98,100,0.20944
847.47,100,0.20944
844.93,100,0.20944
842.37,100,0.20944
839.79,100,0.20944
837.18,100,0.20944
834.56,100,0.20944
831.9,100,0.20944
829.23,100,0.20944
826.53,100,0.20944
823.81,100,0.20944
821.07,100,0.20944
818.31,100,0.20944
815.53,100,0.20944
812.73,100,0.20944
809.9,100,0.20944
807.06,100,0.20944
804.19,100,0.20944
801.31,100,0.20944
798.41,100,0.20944
795.49,100,0.20944
792.55,100,0.20944
789.59,100,0.20944
786.61,100,0.20944
783.62,100,0.20944
780.61,100,0.20944
777.58,100,0.20944
774.53,100,0.20944
771.47,100,0.20944
768.39,100,0.20944
765.3,100,0.20944
762.19,100,0.20944
759.06,100,0.20944
755.92,100,0.20944
752.77,100,0.20944
749.59,100,0.20944
746.41,100,0.20944
743.21,100,0.20944
740,100,0.20944
736.77,100,0.20944
733.53,100,0.20944
730.28,100,0.20944
727.01,100,0.20944
723.73,100,0.20944
720.44,100,0.20944
717.14,100,0.20944
713.82,100,0.20944
710.49,100,0.20944
707.16,100,0.20944
703.81,100,0.20944
700.45,100,0.20944
697.08,100,0.20944
693.7,100,0.20944
690.31,100,0.20944
686.91,100,0.20944
683.5,100,0.20944
680.08,100,0.20944
676.65,100,0.20944
673.21,100,0.20944
669.77,100,0.20944
666.31,100,0.20944
662.85,100,0.20944
659.38,100,0.20944
655.9,100,0.20944
652.42,100,0.20944
648.92,100,0.20944
645.42,100,0.20944
641.92,100,0.20944
638.4,100,0.20944
634.88,100,0.20944
631.36,100,0.20944
627.83,100,0.20944
624.29,100,0.20944
620.75,100,0.20944
617.2,100,0.20944
613.64,100,0.20944
610.09,100,0.20944
606.52,100,0.20944
602.96,100,0.20944
599.39,100,0.20944
595.81,100,0.20944
592.23,100,0.20944
588.65,100,0.20944
585.06,100,0.20944
581.47,100,0.20944
577.88,100,0.20944
574.28,100,0.20944
570.68,100,0.20944
567.08,100,0.20944
563.48,100,0.20944
559.87,100,0.20944
556.27,100,0.20944
552.66,100,0.20944
549.05,100,0.20944
545.43,100,0.20944
541.82,100,0.20944
538.21,100,0.20944
534.59,100,0.20944
530.97,100,0.20944
527.36,100,0.20944
523.74,100,0.20944
520.12,100,0.20944
516.51,100,0.20944
512.89,100,0.20944
509.27,100,0.20944
505.66,100,0.20944
502.04,100,0.20944
498.42,100,0.20944
494.81,100,0.20944
491.2,100,0.20944
487.59,100,0.20944
483.97,100,0.20944
480.37,100,0.20944
476.76,100,0.20944
473.15,100,0.20944
469.55,100,0.20944
465.95,100,0.20944
462.35,100,0.20944
458.75,100,0.20944
455.16,100,0.20944
451.57,100,0.20944
447.98,100,0.20944
444.39,100,0.20944
440.81,100,0.20944
437.23,100,0.20944
433.65,100,0.20944
430.08,100,0.20944
426.51,100,0.20944
422.94,100,0.20944
419.38,100,0.20944
415.83,100,0.20944
412.27,100,0.20944
408.72,100,0.20944
405.18,100,0.20944
401.64,100,0.20944
398.1,100,0.20944
394.57,100,0.20944
391.04,100,0.20944
387.52,100,0.20944
384.01,100,0.20944
380.5,100,0.20944
376.99,100,0.20944
373.49,100,0.20944
369.99,100,0.20944
366.51,100,0.20944
363.02,100,0.20944
359.54,100,0.20944
356.07,100,0.20944
352.61,100,0.20944
349.15,100,0.20944
345.69,100,0.20944
342.25,100,0.20944
338.81,100,0.20944
335.37,100,0.20944
331.94,100,0.20944
328.52,100,0.20944
325.11,100,0.20944
321.7,100,0.20944
318.3,100,0.20944
314.91,100,0.20944
311.52,100,0.20944
308.14,100,0.20944
304.77,100,0.20944
301.41,100,0.20944
298.05,100,0.20944
294.7,100,0.20944
291.36,100,0.20944
288.03,100,0.20944
284.7,100,0.20944
281.38,100,0.20944
278.07,100,0.20944
274.77,100,0.20944
271.48,100,0.20944
268.19,100,0.20944
264.91,100,0.20944
261.64,100,0.20944
258.38,100,0.20944
255.13,100,0.20944
251.89,100,0.20944
248.65,100,0.20944
245.43,100,0.20944
242.21,100,0.20944
239,100,0.20944
235.8,100,0.20944
232.61,100,0.20944
229.43,100,0.20944
226.26,100,0.20944
223.09,100,0.20944
219.94,100,0.20944
216.79,100,0.20944
213.66,100,0.20944
210.53,100,0.20944
207.42,100,0.20944
204.31,100,0.20944
201.21,100,0.20944
198.12,100,0.20944
195.04,100,0.20944
191.97,100,0.20944
188.92,100,0.20944
185.87,100,0.20944
182.83,100,0.20944
179.8,100,0.20944
176.78,100,0.20944
173.77,100,0.20944
170.77,100,0.20944
167.78,100,0.20944
164.8,100,0.20944
161.83,100,0.20944
158.87,100,0.20944
155.92,100,0.20944
152.98,100,0.20944
150.06,100,0.20944
147.14,100,0.20944
144.23,100,0.20944
141.33,100,0.20944
138.45,100,0.20944
135.57,100,0.20944
132.71,100,0.20944
129.85,100,0.20944
127.01,100,0.20944
124.18,100,0.20944
121.35,100,0.20944
118.54,100,0.20944
115.74,100,0.20944
112.95,100,0.20944
110.17,100,0.20944
107.41,100,0.20944
104.65,100,0.20944
101.9,100,0.20944
99.167,100,0.20944
96.443,100,0.20944
93.73,100,0.20944
91.028,100,0.20944
88.337,100,0.20944
85.657,100,0.20944
82.988,100,0.20944
80.331,100,0.20944
77.685,100,0.20944
75.05,100,0.20944
72.426,100,0.20944
69.813,100,0.20944
67.212,100,0.20944
64.622,100,0.20944
62.044,100,0.20944
59.476,100,0.20944
56.921,100,0.20944
54.376,100,0.20944
51.843,100,0.20944
49.322,100,0.20944
46.812,100,0.20944
44.313,100,0.20944
41.826,100,0.20944
39.35,100,0.20944
36.886,100,0.20944
34.434,100,0.20944
31.993,100,0.20944
29.563,100,0.20944
27.145,100,0.20944
24.739,100,0.20944
22.345,100,0.20944
19.962,100,0.20944
17.59,100,0.20944
15.231,100,0.20944
12.883,100,0.20944
10.547,100,0.20944
8.2219,100,0.20944
5.909,100,0.20944
3.6078,100,0.20944
1.3183,100,0.20944
-0.95943,100,0.20944
-3.2255,100,0.20944
-5.4797,100,0.20944
-7.7223,100,0.20944
-9.953,100,0.20944
-12.172,100,0.20944
-14.379,100,0.20944
-16.575,100,0.20944
-18.758,100,0.20944
-20.93,100,0.20944
-23.09,100,0.20944
-25.239,100,0.20944
-27.375,100,0.20944
-29.5,100,0.20944
-31.613,100,0.20944
-33.714,100,0.20944
-35.803,100,0.20944
-37.88,100,0.20944
-39.946,100,0.20944
-41.999,100,0.20944
-44.041,100,0.20944
-46.071,100,0.20944
-48.09,100,0.20944
-50.096,100,0.20944
-52.091,100,0.20944
-54.073,100,0.20944
-56.044,100,0.20944
-58.003,100,0.20944
-59.951,100,0.20944
-61.886,100,0.20944
-63.81,100,0.20944
-65.721,100,0.20944
-67.621,100,0.20944
-69.51,100,0.20944
-71.386,100,0.20944
-73.25,100,0.20944
-75.103,100,0.20944
-76.944,100,0.20944
-78.773,100,0.20944
-80.591,100,0.20944
-82.396,100,0.20944
-84.19,100,0.20944
-85.972,100,0.20944
-87.742,100,0.20944
-89.5,100,0.20944
-91.247,100,0.20944
-92.982,100,0.20944
-94.705,100,0.20944
-96.416,100,0.20944
-98.116,100,0.20944
-99.804,100,0.20944
-101.48,100,0.20944
-103.14,100,0.20944
-104.8,100,0.20944
-106.44,100,0.20944
-108.07,100,0.20944
-109.69,100,0.20944
-111.29,100,0.20944
-112.89,100,0.20944
-114.47,100,0.20944
-116.04,100,0.20944
-117.6,100,0.20944
-119.15,100,0.20944
-120.68,100,0.20944
-122.21,100,0.20944
-123.72,100,0.20944
-125.22,100,0.20944
-126.71,100,0.20944
-128.19,100,0.20944
-129.66,100,0.20944
-131.11,100,0.20944
-132.56,100,0.20944
-133.99,100,0.20944
-135.41,100,0.20944
-136.82,100,0.20944
-138.22,100,0.20944
-139.6,100,0.20944
-140.98,100,0.20944
-142.34,100,0.20944
-143.69,100,0.20944
-145.03,100,0.20944
-146.36,100,0.20944
-147.68,100,0.20944
-148.99,100,0.20944
-150.28,100,0.20944
-151.57,100,0.20944
-152.84,100,0.20944
-154.1,100,0.20944
-155.35,100,0.20944
-156.59,100,0.20944
-157.82,100,0.20944
-159.03,100,0.20944
-160.24,100,0.20944
-161.43,100,0.20944
-162.62,100,0.20944
-163.79,100,0.20944
-164.95,100,0.20944
-166.1,100,0.20944
-167.24,100,0.20944
-168.36,100,0.20944
-169.48,100,0.20944
-170.58,100,0.20944
-171.68,100,0.20944
-172.76,100,0.20944
-173.83,100,0.20944
-174.89,100,0.20944
-175.94,100,0.20944
-176.98,100,0.20944
-178.01,100,0.20944
-179.03,100,0.20944
-180.03,100,0.20944
-181.03,100,0.20944
-182.01,100,0.20944
-182.99,100,0.20944
-183.95,100,0.20944
-184.9,100,0.20944
-185.84,100,0.20944
-186.77,100,0.20944
-187.69,100,0.20944
-188.6,100,0.20944
-189.5,100,0.20944
-190.39,100,0.20944
-191.27,100,0.20944
-192.13,100,0.20944
-192.99,100,0.20944
-193.83,100,0.20944
-194.67,100,0.20944
-195.49,100,0.20944
-196.31,100,0.20944
-197.11,100,0.20944
-197.9,100,0.20944
-198.68,100,0.20944
-199.46,100,0.20944
-200.22,100,0.20944
-200.97,100,0.20944
-201.71,100,0.20944
-202.44,100,0.20944
-203.16,100,0.20944
-203.87,100,0.20944
-204.57,100,0.20944
-205.26,100,0.20944
-205.94,100,0.20944
-206.61,100,0.20944
-207.27,100,0.20944
-207.91,100,0.20944
-208.55,100,0.20944
-209.18,100,0.20944
-209.8,100,0.20944
-210.41,100,0.20944
-211,100,0.20944
-211.59,100,0.20944
-212.17,100,0.20944
-212.74,100,0.20944
-213.3,100,0.20944
-213.85,100,0.20944
-214.38,100,0.20944
-214.91,100,0.20944
-215.43,100,0.20944
-215.94,100,0.20944
-216.44,100,0.20944
-216.93,100,0.20944
-217.41,100,0.20944
-217.88,100,0.20944
-218.34,100,0.20944
-218.79,100,0.20944
-219.23,100,0.20944
-219.66,100,0.20944
-220.08,100,0.20944
-220.5,100,0.20944
-220.9,100,0.20944
-221.29,100,0.20944
-221.68,100,0.20944
-222.05,100,0.20944
-222.42,100,0.20944
-222.77,100,0.20944
-223.12,100,0.20944
-223.46,100,0.20944
-223.78,100,0.20944
-224.1,100,0.20944
-224.41,100,0.20944
-224.71,100,0.20944
-225,100,0.20944
-225.28,100,0.20944
-225.56,100,0.20944
-225.82,100,0.20944
-226.07,100,0.20944
-226.32,100,0.20944
-226.56,100,0.20944
-226.78,100,0.20944
-227,100,0.20944
-227.21,100,0.20944
-227.41,100,0.20944
-227.6,100,0.20944
-227.79,100,0.20944
-227.96,100,0.20944
-228.13,100,0.20944
-228.28,100,0.20944
-228.43,100,0.20944
-228.57,100,0.20944
-228.7,100,0.20944
-228.82,100,0.20944
-228.94,100,0.20944
-229.04,100,0.20944
-229.14,100,0.20944
-229.22,100,0.20944
-229.3,100,0.20944
-229.37,100,0.20944
-229.44,100,0.20944
-229.49,100,0.20944
-229.54,100,0.20944
-229.57,100,0.20944
-229.6,100,0.20944
-229.62,100,0.20944
-229.64,100,0.20944
-229.64,100,0.20944
-229.64,100,0.20944
-229.62,100,0.20944
-229.6,100,0.20944
-229.58,100,0.20944
-229.54,100,0.20944
-229.49,100,0.20944
-229.44,100,0.20944
-229.38,100,0.20944
-229.31,100,0.20944
-229.24,100,0.20944
-229.15,100,0.20944
-229.06,100,0.20944
-228.96,100,0.20944
-228.86,100,0.20944
-228.74,100,0.20944
-228.62,100,0.20944
-228.49,100,0.20944
-228.35,100,0.20944
-228.2,100,0.20944
-228.05,100,0.20944
-227.89,100,0.20944
-227.72,100,0.20944
-227.55,100,0.20944
-227.36,100,0.20944
-227.17,100,0.20944
-226.98,100,0.20944
-226.77,100,0.20944
-226.56,100,0.20944
-226.34,100,0.20944
-226.11,100,0.20944
-225.88,100,0.20944
-225.64,100,0.20944
-225.39,100,0.20944
-225.13,100,0.20944
-224.87,100,0.20944
-224.6,100,0.20944
-224.32,100,0.20944
-224.04,100,0.20944
-223.75,100,0.20944
-223.45,100,0.20944
-223.15,100,0.20944
-222.84,100,0.20944
-222.52,100,0.20944
-222.2,100,0.20944
-221.87,100,0.20944
-221.53,100,0.20944
-221.18,100,0.20944
-220.83,100,0.20944
-220.47,100,0.20944
-220.11,100,0.20944
-219.74,100,0.20944
-219.36,100,0.20944
-218.98,100,0.20944
-218.59,100,0.20944
-218.19,100,0.20944
-217.79,100,0.20944
-217.38,100,0.20944
-216.97,100,0.20944
-216.54,100,0.20944
-216.12,100,0.20944
-215.68,100,0.20944
-215.24,100,0.20944
-214.8,100,0.20944
-214.35,100,0.20944
-213.89,100,0.20944
-213.42,100,0.20944
-212.95,100,0.20944
-212.48,100,0.20944
-212,100,0.20944
-211.51,100,0.20944
-211.02,100,0.20944
-210.52,100,0.20944
-210.01,100,0.20944
-209.5,100,0.20944
-208.99,100,0.20944
-208.46,100,0.20944
-207.94,100,0.20944
-207.4,100,0.20944
-206.87,100,0.20944
-206.32,100,0.20944
-205.77,100,0.20944
-205.22,100,0.20944
-204.66,100,0.20944
-204.09,100,0.20944
-203.52,100,0.20944
-202.95,100,0.20944
-202.37,100,0.20944
-201.78,100,0.20944
-201.19,100,0.20944
-200.6,100,0.20944
-199.99,100,0.20944
-199.39,100,0.20944
-198.78,100,0.20944
-198.16,100,0.20944
-197.54,100,0.20944
-196.91,100,0.20944
-196.28,100,0.20944
-195.65,100,0.20944
-195.01,100,0.20944
-194.36,100,0.20944
-193.71,100,0.20944
-193.06,100,0.20944
-192.4,100,0.20944
-191.74,100,0.20944
-191.07,100,0.20944
-190.4,100,0.20944
-189.72,100,0.20944
-189.04,100,0.20944
-188.35,100,0.20944
-187.66,100,0.20944
-186.97,100,0.20944
-186.27,100,0.20944
-185.57,100,0.20944
-184.86,100,0.20944
-184.15,100,0.20944
-183.44,100,0.20944
-182.72,100,0.20944
-181.99,100,0.20944
-181.27,100,0.20944
-180.54,100,0.20944
-179.8,100,0.20944
-179.06,100,0.20944
-178.32,100,0.20944
-177.57,100,0.20944
-176.82,100,0.20944
-176.07,100,0.20944
-175.31,100,0.20944
-174.55,100,0.20944
-173.79,100,0.20944
-173.02,100,0.20944
-172.25,100,0.20944
-171.47,100,0.20944
-170.69,100,0.20944
-169.91,100,0.20944
-169.13,100,0.20944
-168.34,100,0.20944
-167.54,100,0.20944
-166.75,100,0.20944
-165.95,100,0.20944
-165.15,100,0.20944
-164.34,100,0.20944
-163.54,100,0.20944
-162.73,100,0.20944
-161.91,100,0.20944
-161.09,100,0.20944
-160.27,100,0.20944
-159.45,100,0.20944
-158.63,100,0.20944
-157.8,100,0.20944
-156.97,100,0.20944
-156.13,100,0.20944
-155.3,100,0.20944
-154.46,100,0.20944
-153.61,100,0.20944
-152.77,100,0.20944
-151.92,100,0.20944
-151.07,100,0.20944
-150.22,100,0.20944
-149.37,100,0.20944
-148.51,100,0.20944
-147.65,100,0.20944
-146.79,100,0.20944
-145.92,100,0.20944
-145.06,100,0.20944
-144.19,100,0.20944
-143.32,100,0.20944
-142.45,100,0.20944
-141.57,100,0.20944
-140.69,100,0.20944
-139.82,100,0.20944
-138.94,100,0.20944
-138.05,100,0.20944
-137.17,100,0.20944
-136.28,100,0.20944
-135.39,100,0.20944
-134.5,100,0.20944
-133.61,100,0.20944
-132.72,100,0.20944
-131.82,100,0.20944
-130.93,100,0.20944
-130.03,100,0.20944
-129.13,100,0.20944
-128.23,100,0.20944
-127.32,100,0.20944
-126.42,100,0.20944
-125.51,100,0.20944
-124.6,100,0.20944
-123.7,100,0.20944
-122.79,100,0.20944
-121.87,100,0.20944
-120.96,100,0.20944
-120.05,100,0.20944
-119.13,100,0.20944
-118.22,100,0.20944
-117.3,100,0.20944
-116.38,100,0.20944
-115.47,100,0.20944
-114.55,100,0.20944
-113.62,100,0.20944
-112.7,100,0.20944
-111.78,100,0.20944
-110.86,100,0.20944
-109.93,100,0.20944
-109.01,100,0.20944
-108.08,100,0.20944
-107.16,100,0.20944
-106.23,100,0.20944
-105.3,100,0.20944
-104.37,100,0.20944
-103.45,100,0.20944
-102.52,100,0.20944
-101.59,100,0.20944
-100.66,100,0.20944
-99.728,100,0.20944
-98.798,100,0.20944
-97.867,100,0.20944
-96.936,100,0.20944
-96.005,100,0.20944
-95.073,100,0.20944
-94.142,100,0.20944
-93.21,100,0.20944
-92.278,100,0.20944
-91.346,100,0.20944
-90.414,100,0.20944
-89.482,100,0.20944
-88.551,100,0.20944
-87.619,100,0.20944
-86.687,100,0.20944
-85.756,100,0.20944
-84.824,100,0.20944
-83.893,100,0.20944
-82.963,100,0.20944
-82.032,100,0.20944
-81.102,100,0.20944
-80.172,100,0.20944
-79.243,100,0.20944
-78.314,100,0.20944
-77.385,100,0.20944
-76.457,100,0.20944
-75.53,100,0.20944
-74.603,100,0.20944
-73.677,100,0.20944
-72.751,100,0.20944
-71.826,100,0.20944
-70.902,100,0.20944
-69.978,100,0.20944
-69.055,100,0.20944
-68.133,100,0.20944
-67.212,100,0.20944
-66.292,100,0.20944
-65.372,100,0.20944
-64.454,100,0.20944
-63.536,100,0.20944
-62.619,100,0.20944
-61.704,100,0.20944
-60.789,100,0.20944
-59.876,100,0.20944
-58.964,100,0.20944
-58.052,100,0.20944
-57.142,100,0.20944
-56.234,100,0.20944
-55.326,100,0.20944
-54.42,100,0.20944
-53.515,100,0.20944
-52.611,100,0.20944
-51.709,100,0.20944
-50.808,100,0.20944
-49.908,100,0.20944
-49.01,100,0.20944
-48.114,100,0.20944
-47.219,100,0.20944
-46.325,100,0.20944
-45.433,100,0.20944
-44.543,100,0.20944
-43.654,100,0.20944
-42.767,100,0.20944
-41.882,100,0.20944
-40.998,100,0.20944
-40.116,100,0.20944
-39.236,100,0.20944
-38.358,100,0.20944
-37.481,100,0.20944
-36.606,100,0.20944
-35.734,100,0.20944
-34.863,100,0.20944
-33.994,100,0.20944
-33.127,100,0.20944
-32.262,100,0.20944
-31.399,100,0.20944
-30.538,100,0.20944
-29.679,100,0.20944
-28.822,100,0.20944
-27.967,100,0.20944
-27.115,100,0.20944
-26.264,100,0.20944
-25.416,100,0.20944
-24.57,100,0.20944
-23.726,100,0.20944
-22.885,100,0.20944
-22.046,100,0.20944
-21.209,100,0.20944
-20.375,100,0.20944
-19.542,100,0.20944
-18.713,100,0.20944
-17.886,100,0.20944
-17.061,100,0.20944
-16.238,100,0.20944
-15.418,100,0.20944
-14.601,100,0.20944
-13.786,100,0.20944
-12.974,100,0.20944
-12.164,100,0.20944
-11.357,100,0.20944
-10.553,100,0.20944
-9.7511,100,0.20944
-8.952,100,0.20944
-8.1556,100,0.20944
-7.3619,100,0.20944
-6.5709,100,0.20944
-5.7827,100,0.20944
-4.9973,100,0.20944
-4.2147,100,0.20944
-3.4349,100,0.20944
-2.658,100,0.20944
-1.8839,100,0.20944
-1.1128,100,0.20944
-0.34447,100,0.20944
0.42088,100,0.20944
1.1833,100,0.20944
1.9427,100,0.20944
2.6992,100,0.20944
3.4526,100,0.20944
4.2031,100,0.20944
4.9505,100,0.20944
5.6948,100,0.20944
6.436,100,0.20944
7.1742,100,0.20944
7.9092,100,0.20944
8.6411,100,0.20944
9.3699,100,0.20944
10.095,100,0.20944
10.818,100,0.20944
11.537,100,0.20944
12.253,100,0.20944
12.966,100,0.20944
13.675,100,0.20944
14.382,100,0.20944
15.084,100,0.20944
15.784,100,0.20944
16.48,100,0.20944
17.173,100,0.20944
17.863,100,0.20944
18.549,100,0.20944
19.232,100,0.20944
19.912,100,0.20944
20.588,100,0.20944
21.261,100,0.20944
21.93,100,0.20944
22.596,100,0.20944
23.258,100,0.20944
23.917,100,0.20944
24.572,100,0.20944
25.224,100,0.20944
25.872,100,0.20944
26.517,100,0.20944
27.159,100,0.20944
27.796,100,0.20944
28.43,100,0.20944
29.061,100,0.20944
29.688,100,0.20944
30.311,100,0.20944
30.931,100,0.20944
31.547,100,0.20944
32.16,100,0.20944
32.769,100,0.20944
33.374,100,0.20944
33.976,100,0.20944
34.573,100,0.20944
35.168,100,0.20944
35.758,100,0.20944
36.345,100,0.20944
36.928,100,0.20944
37.507,100,0.20944
38.083,100,0.20944
38.655,100,0.20944
39.223,100,0.20944
39.787,100,0.20944
40.348,100,0.20944
40.905,100,0.20944
41.458,100,0.20944
42.007,100,0.20944
42.553,100,0.20944
43.094,100,0.20944
43.632,100,0.20944
44.166,100,0.20944
44.696,100,0.20944
45.223,100,0.20944
45.745,100,0.20944
46.264,100,0.20944
46.779,100,0.20944
47.29,100,0.20944
47.797,100,0.20944
48.3,100,0.20944
48.8,100,0.20944
49.295,100,0.20944
49.787,100,0.20944
50.275,100,0.20944
50.758,100,0.20944
51.238,100,0.20944
51.714,100,0.20944
52.187,100,0.20944
52.655,100,0.20944
53.119,100,0.20944
53.58,100,0.20944
54.036,100,0.20944
54.489,100,0.20944
54.937,100,0.20944
55.382,100,0.20944
55.823,100,0.20944
56.26,100,0.20944
56.693,100,0.20944
57.122,100,0.20944
57.547,100,0.20944
57.968,100,0.20944
58.385,100,0.20944
58.799,100,0.20944
59.208,100,0.20944
59.614,100,0.20944
60.015,100,0.20944
60.413,100,0.20944
60.806,100,0.20944
61.196,100,0.20944
61.582,100,0.20944
61.963,100,0.20944
62.341,100,0.20944
62.715,100,0.20944
63.085,100,0.20944
63.451,100,0.20944
63.813,100,0.20944
64.172,100,0.20944
64.526,100,0.20944
64.876,100,0.20944
65.223,100,0.20944
65.565,100,0.20944
65.904,100,0.20944
66.238,100,0.20944
66.569,100,0.20944
66.896,100,0.20944
67.219,100,0.20944
67.538,100,0.20944
67.853,100,0.20944
68.164,100,0.20944
68.471,100,0.20944
68.775,100,0.20944
69.074,100,0.20944
69.37,100,0.20944
69.662,100,0.20944
69.949,100,0.20944
70.233,100,0.20944
70.514,100,0.20944
70.79,100,0.20944
71.062,100,0.20944
71.331,100,0.20944
71.596,100,0.20944
71.856,100,0.20944
72.113,100,0.20944
72.367,100,0.20944
72.616,100,0.20944
72.862,100,0.20944
73.103,100,0.20944
73.341,100,0.20944
73.575,100,0.20944
73.806,100,0.20944
74.032,100,0.20944
74.255,100,0.20944
74.474,100,0.20944
74.689,100,0.20944
74.901,100,0.20944
75.109,100,0.20944
75.313,100,0.20944
75.513,100,0.20944
75.71,100,0.20944
75.902,100,0.20944
76.092,100,0.20944
76.277,100,0.20944
76.459,100,0.20944
76.637,100,0.20944
76.811,100,0.20944
76.982,100,0.20944
77.149,100,0.20944
77.312,100,0.20944
77.472,100,0.20944
77.628,100,0.20944
77.781,100,0.20944
77.93,100,0.20944
78.075,100,0.20944
78.217,100,0.20944
78.355,100,0.20944
78.49,100,0.20944
78.621,100,0.20944
78.748,100,0.20944
78.872,100,0.20944
78.992,100,0.20944
79.109,100,0.20944
79.223,100,0.20944
79.333,100,0.20944
79.439,100,0.20944
79.542,100,0.20944
79.641,100,0.20944
79.737,100,0.20944
79.83,100,0.20944
79.919,100,0.20944
80.005,100,0.20944
80.087,100,0.20944
80.166,100,0.20944
80.242,100,0.20944
80.314,100,0.20944
80.383,100,0.20944
80.448,100,0.20944
80.51,100,0.20944
80.569,100,0.20944
80.625,100,0.20944
80.677,100,0.20944
80.726,100,0.20944
80.771,100,0.20944
80.814,100,0.20944
80.853,100,0.20944
80.889,100,0.20944
80.922,100,0.20944
80.951,100,0.20944
80.977,100,0.20944
81.001,100,0.20944
81.021,100,0.20944
81.037,100,0.20944
81.051,100,0.20944
81.062,100,0.20944
81.069,100,0.20944
81.073,100,0.20944
81.075,100,0.20944
81.073,100,0.20944
81.068,100,0.20944
81.06,100,0.20944
81.049,100,0.20944
81.035,100,0.20944
81.018,100,0.20944
80.999,100,0.20944
80.976,100,0.20944
80.95,100,0.20944
80.921,100,0.20944
80.889,100,0.20944
80.855,100,0.20944
80.817,100,0.20944
80.777,100,0.20944
80.734,100,0.20944
80.688,100,0.20944
80.639,100,0.20944
80.587,100,0.20944
80.533,100,0.20944
80.475,100,0.20944
80.415,100,0.20944
80.352,100,0.20944
80.287,100,0.20944
80.218,100,0.20944
80.147,100,0.20944
80.074,100,0.20944
79.997,100,0.20944
79.918,100,0.20944
79.837,100,0.20944
79.752,100,0.20944
79.665,100,0.20944
79.576,100,0.20944
79.484,100,0.20944
79.389,100,0.20944
79.292,100,0.20944
79.192,100,0.20944
79.089,100,0.20944
78.985,100,0.20944
78.877,100,0.20944
78.767,100,0.20944
78.655,100,0.20944
78.54,100,0.20944
78.423,100,0.20944
78.304,100,0.20944
78.182,100,0.20944
78.058,100,0.20944
77.931,100,0.20944
77.802,100,0.20944
77.671,100,0.20944
77.537,100,0.20944
77.401,100,0.20944
77.263,100,0.20944
77.122,100,0.20944
76.98,100,0.20944
76.835,100,0.20944
76.687,100,0.20944
76.538,100,0.20944
76.387,100,0.20944
76.233,100,0.20944
76.077,100,0.20944
75.919,100,0.20944
75.759,100,0.20944
75.597,100,0.20944
75.433,100,0.20944
75.266,100,0.20944
75.098,100,0.20944
74.927,100,0.20944
74.755,100,0.20944
74.581,100,0.20944
74.404,100,0.20944
74.226,100,0.20944
74.046,100,0.20944
73.863,100,0.20944
73.679,100,0.20944
73.493,100,0.20944
73.305,100,0.20944
73.116,100,0.20944
72.924,100,0.20944
72.73,100,0.20944
72.535,100,0.20944
72.338,100,0.20944
72.139,100,0.20944
71.939,100,0.20944
71.736,100,0.20944
71.532,100,0.20944
71.327,100,0.20944
71.119,100,0.20944
70.91,100,0.20944
70.699,100,0.20944
70.487,100,0.20944
70.273,100,0.20944
70.057,100,0.20944
69.84,100,0.20944
69.621,100,0.20944
69.4,100,0.20944
69.178,100,0.20944
68.955,100,0.20944
68.73,100,0.20944
68.503,100,0.20944
68.275,100,0.20944
68.046,100,0.20944
67.815,100,0.20944
67.583,100,0.20944
67.349,100,0.20944
67.114,100,0.20944
66.877,100,0.20944
66.64,100,0.20944
66.4,100,0.20944
66.16,100,0.20944
65.918,100,0.20944
65.675,100,0.20944
65.43,100,0.20944
65.185,100,0.20944
64.938,100,0.20944
64.69,100,0.20944
64.44,100,0.20944
64.19,100,0.20944
63.938,100,0.20944
63.685,100,0.20944
63.431,100,0.20944
63.175,100,0.20944
62.919,100,0.20944
62.662,100,0.20944
62.403,100,0.20944
62.143,100,0.20944
61.883,100,0.20944
61.621,100,0.20944
61.358,100,0.20944
61.094,100,0.20944
60.83,100,0.20944
60.564,100,0.20944
60.297,100,0.20944
60.03,100,0.20944
59.761,100,0.20944
59.492,100,0.20944
59.221,100,0.20944
58.95,100,0.20944
58.678,100,0.20944
58.405,100,0.20944
58.131,100,0.20944
57.856,100,0.20944
57.581,100,0.20944
57.304,100,0.20944
57.027,100,0.20944
56.75,100,0.20944
56.471,100,0.20944
56.192,100,0.20944
55.912,100,0.20944
55.631,100,0.20944
55.35,100,0.20944
55.068,100,0.20944
54.785,100,0.20944
54.501,100,0.20944
54.217,100,0.20944
53.933,100,0.20944
53.648,100,0.20944
53.362,100,0.20944
53.075,100,0.20944
52.789,100,0.20944
52.501,100,0.20944
52.213,100,0.20944
51.925,100,0.20944
51.636,100,0.20944
51.346,100,0.20944
51.056,100,0.20944
50.766,100,0.20944
50.475,100,0.20944
50.184,100,0.20944
49.892,100,0.20944
49.6,100,0.20944
49.307,100,0.20944
49.015,100,0.20944
48.721,100,0.20944
48.428,100,0.20944
48.134,100,0.20944
47.84,100,0.20944
47.545,100,0.20944
47.25,100,0.20944
46.955,100,0.20944
46.66,100,0.20944
46.364,100,0.20944
46.069,100,0.20944
45.772,100,0.20944
45.476,100,0.20944
45.18,100,0.20944
44.883,100,0.20944
44.586,100,0.20944
44.289,100,0.20944
43.992,100,0.20944
43.695,100,0.20944
43.398,100,0.20944
43.1,100,0.20944
42.802,100,0.20944
42.505,100,0.20944
42.207,100,0.20944
41.909,100,0.20944
41.611,100,0.20944
41.314,100,0.20944
41.016,100,0.20944
40.718,100,0.20944
40.42,100,0.20944
40.122,100,0.20944
39.824,100,0.20944
39.526,100,0.20944
39.228,100,0.20944
38.931,100,0.20944
38.633,100,0.20944
38.336,100,0.20944
38.038,100,0.20944
37.741,100,0.20944
37.444,100,0.20944
37.146,100,0.20944
36.849,100,0.20944
36.553,100,0.20944
36.256,100,0.20944
35.96,100,0.20944
35.663,100,0.20944
35.367,100,0.20944
35.071,100,0.20944
34.776,100,0.20944
34.48,100,0.20944
34.185,100,0.20944
33.89,100,0.20944
33.596,100,0.20944
33.301,100,0.20944
33.007,100,0.20944
32.713,100,0.20944
32.42,100,0.20944
32.127,100,0.20944
31.834,100,0.20944
31.541,100,0.20944
31.249,100,0.20944
30.957,100,0.20944
30.666,100,0.20944
30.375,100,0.20944
30.084,100,0.20944
29.794,100,0.20944
29.504,100,0.20944
29.215,100,0.20944
28.926,100,0.20944
28.637,100,0.20944
28.349,100,0.20944
28.061,100,0.20944
27.774,100,0.20944
27.487,100,0.20944
27.201,100,0.20944
26.915,100,0.20944
26.63,100,0.20944
26.345,100,0.20944
26.061,100,0.20944
25.777,100,0.20944
25.494,100,0.20944
25.211,100,0.20944
24.929,100,0.20944
24.647,100,0.20944
24.366,100,0.20944
24.086,100,0.20944
23.806,100,0.20944
23.527,100,0.20944
23.248,100,0.20944
22.97,100,0.20944
22.693,100,0.20944
22.416,100,0.20944
22.14,100,0.20944
21.864,100,0.20944
21.589,100,0.20944
21.315,100,0.20944
21.042,100,0.20944
20.769,100,0.20944
20.497,100,0.20944
20.225,100,0.20944
19.954,100,0.20944
19.684,100,0.20944
19.415,100,0.20944
19.146,100,0.20944
18.878,100,0.20944
18.611,100,0.20944
18.345,100,0.20944
18.079,100,0.20944
17.814,100,0.20944
17.55,100,0.20944
17.286,100,0.20944
17.024,100,0.20944
16.762,100,0.20944
16.501,100,0.20944
16.24,100,0.20944
15.981,100,0.20944
15.722,100,0.20944
15.464,100,0.20944
15.207,100,0.20944
14.951,100,0.20944
14.695,100,0.20944
14.441,100,0.20944
14.187,100,0.20944
13.934,100,0.20944
13.682,100,0.20944
13.431,100,0.20944
13.181,100,0.20944
12.931,100,0.20944
12.683,100,0.20944
12.435,100,0.20944
12.188,100,0.20944
11.942,100,0.20944
11.697,100,0.20944
11.453,100,0.20944
11.21,100,0.20944
10.968,100,0.20944
10.726,100,0.20944
10.486,100,0.20944
10.246,100,0.20944
10.008,100,0.20944
9.7701,100,0.20944
9.5335,100,0.20944
9.2977,100,0.20944
9.0629,100,0.20944
8.8291,100,0.20944
8.5963,100,0.20944
8.3644,100,0.20944
8.1334,100,0.20944
7.9035,100,0.20944
7.6745,100,0.20944
7.4465,100,0.20944
7.2195,100,0.20944
6.9935,100,0.20944
6.7685,100,0.20944
6.5445,100,0.20944
6.3215,100,0.20944
6.0995,100,0.20944
5.8785,100,0.20944
5.6586,100,0.20944
5.4396,100,0.20944
5.2217,100,0.20944
5.0048,100,0.20944
4.789,100,0.20944
4.5741,100,0.20944
4.3603,100,0.20944
4.1476,100,0.20944
3.9359,100,0.20944
3.7252,100,0.20944
3.5156,100,0.20944
3.307,100,0.20944
3.0995,100,0.20944
2.8931,100,0.20944
2.6877,100,0.20944
2.4834,100,0.20944
2.2801,100,0.20944
2.0779,100,0.20944
1.8768,100,0.20944
1.6768,100,0.20944
1.4778,100,0.20944
1.28,100,0.20944
1.0832,100,0.20944
0.88745,100,0.20944
0.69284,100,0.20944
0.49931,100,0.20944
0.30687,100,0.20944
0.11553,100,0.20944
-0.074712,100,0.20944
-0.26386,100,0.20944
-0.4519,100,0.20944
-0.63884,100,0.20944
-0.82468,100,0.20944
-1.0094,100,0.20944
-1.193,100,0.20944
-1.3755,100,0.20944
-1.5569,100,0.20944
-1.7372,100,0.20944
-1.9164,100,0.20944
-2.0945,100,0.20944
-2.2714,100,0.20944
-2.4472,100,0.20944
-2.6219,100,0.20944
-2.7955,100,0.20944
-2.9679,100,0.20944
-3.1393,100,0.20944
-3.3094,100,0.20944
-3.4785,100,0.20944
-3.6465,100,0.20944
-3.8133,100,0.20944
-3.979,100,0.20944
-4.1435,100,0.20944
-4.3069,100,0.20944
-4.4692,100,0.20944
-4.6304,100,0.20944
-4.7904,100,0.20944
-4.9493,100,0.20944
-5.107,100,0.20944
-5.2637,100,0.20944
-5.4191,100,0.20944
-5.5735,100,0.20944
-5.7267,100,0.20944
-5.8787,100,0.20944
-6.0297,100,0.20944
-6.1794,100,0.20944
-6.3281,100,0.20944
-6.4756,100,0.20944
-6.622,100,0.20944
-6.7672,100,0.20944
-6.9113,100,0.20944
-7.0542,100,0.20944
-7.1961,100,0.20944
-7.3367,100,0.20944
-7.4763,100,0.20944
-7.6146,100,0.20944
-7.7519,100,0.20944
-7.888,100,0.20944
-8.023,100,0.20944
-8.1568,100,0.20944
-8.2895,100,0.20944
-8.4211,100,0.20944
-8.5515,100,0.20944
-8.6808,100,0.20944
-8.809,100,0.20944
-8.936,100,0.20944
-9.0619,100,0.20944
-9.1866,100,0.20944
-9.3102,100,0.20944
-9.4327,100,0.20944
-9.5541,100,0.20944
-9.6743,100,0.20944
-9.7934,100,0.20944
-9.9113,100,0.20944
-10.028,100,0.20944
-10.144,100,0.20944
-10.258,100,0.20944
-10.372,100,0.20944
-10.484,100,0.20944
-10.595,100,0.20944
-10.706,100,0.20944
-10.814,100,0.20944
-10.922,100,0.20944
-11.029,100,0.20944
-11.135,100,0.20944
-11.239,100,0.20944
-11.343,100,0.20944
-11.445,100,0.20944
-11.546,100,0.20944
-11.646,100,0.20944
-11.745,100,0.20944
-11.843,100,0.20944
-11.94,100,0.20944
-12.035,100,0.20944
-12.13,100,0.20944
-12.223,100,0.20944
-12.315,100,0.20944
-12.407,100,0.20944
-12.497,100,0.20944
-12.586,100,0.20944
-12.674,100,0.20944
-12.761,100,0.20944
-12.847,100,0.20944
-12.931,100,0.20944
-13.015,100,0.20944
-13.097,100,0.20944
-13.179,100,0.20944
-13.259,100,0.20944
-13.339,100,0.20944
-13.417,100,0.20944
-13.494,100,0.20944
-13.57,100,0.20944
-13.645,100,0.20944
-13.719,100,0.20944
-13.792,100,0.20944
-13.864,100,0.20944
-13.935,100,0.20944
-14.004,100,0.20944
-14.073,100,0.20944
-14.141,100,0.20944
-14.207,100,0.20944
-14.273,100,0.20944
-14.337,100,0.20944
-14.401,100,0.20944
-14.463,100,0.20944
-14.525,100,0.20944
-14.585,100,0.20944
-14.645,100,0.20944
-14.703,100,0.20944
-14.76,100,0.20944
-14.817,100,0.20944
-14.872,100,0.20944
-14.926,100,0.20944
-14.979,100,0.20944
-15.032,100,0.20944
-15.083,100,0.20944
-15.133,100,0.20944
-15.182,100,0.20944
-15.231,100,0.20944
-15.278,100,0.20944
-15.324,100,0.20944
-15.369,100,0.20944
-15.414,100,0.20944
-15.457,100,0.20944
-15.499,100,0.20944
-15.541,100,0.20944
-15.581,100,0.20944
-15.621,100,0.20944
-15.659,100,0.20944
-15.697,100,0.20944
-15.733,100,0.20944
-15.769,100,0.20944
-15.803,100,0.20944
-15.837,100,0.20944
-15.87,100,0.20944
-15.902,100,0.20944
-15.932,100,0.20944
-15.962,100,0.20944
-15.991,100,0.20944
-16.02,100,0.20944
-16.047,100,0.20944
-16.073,100,0.20944
-16.098,100,0.20944
-16.123,100,0.20944
-16.146,100,0.20944
-16.169,100,0.20944
-16.19,100,0.20944
-16.211,100,0.20944
-16.231,100,0.20944
-16.25,100,0.20944
-16.268,100,0.20944
-16.285,100,0.20944
-16.302,100,0.20944
-16.317,100,0.20944
-16.332,100,0.20944
-16.346,100,0.20944
-16.359,100,0.20944
-16.371,100,0.20944
-16.382,100,0.20944
-16.392,100,0.20944
-16.401,100,0.20944
-16.41,100,0.20944
-16.418,100,0.20944
-16.425,100,0.20944
-16.431,100,0.20944
-16.436,100,0.20944
-16.44,100,0.20944
-16.444,100,0.20944
-16.447,100,0.20944
-16.449,100,0.20944
-16.45,100,0.20944
-16.45,100,0.20944
-16.45,100,0.20944
-16.449,100,0.20944
-16.447,100,0.20944
-16.444,100,0.20944
-16.44,100,0.20944
-16.436,100,0.20944
-16.43,100,0.20944
-16.424,100,0.20944
-16.418,100,0.20944
-16.41,100,0.20944
-16.402,100,0.20944
-16.393,100,0.20944
-16.383,100,0.20944
-16.373,100,0.20944
-16.361,100,0.20944
-16.349,100,0.20944
-16.336,100,0.20944
-16.323,100,0.20944
-16.309,100,0.20944
-16.294,100,0.20944
-16.278,100,0.20944
-16.262,100,0.20944
-16.245,100,0.20944
-16.227,100,0.20944
-16.208,100,0.20944
-16.189,100,0.20944
-16.169,100,0.20944
-16.148,100,0.20944
-16.127,100,0.20944
-16.105,100,0.20944
-16.082,100,0.20944
-16.059,100,0.20944
-16.035,100,0.20944
-16.01,100,0.20944
-15.985,100,0.20944
-15.959,100,0.20944
-15.932,100,0.20944
-15.905,100,0.20944
-15.877,100,0.20944
-15.848,100,0.20944
-15.819,100,0.20944
-15.789,100,0.20944
-15.759,100,0.20944
-15.728,100,0.20944
-15.696,100,0.20944
-15.663,100,0.20944
-15.631,100,0.20944
-15.597,100,0.20944
-15.563,100,0.20944
-15.528,100,0.20944
-15.493,100,0.20944
-15.457,100,0.20944
-15.42,100,0.20944
-15.383,100,0.20944
-15.345,100,0.20944
-15.307,100,0.20944
-15.268,100,0.20944
-15.229,100,0.20944
-15.189,100,0.20944
-15.148,100,0.20944
-15.107,100,0.20944
-15.065,100,0.20944
-15.023,100,0.20944
-14.98,100,0.20944
-14.937,100,0.20944
-14.893,100,0.20944
-14.849,100,0.20944
-14.804,100,0.20944
-14.759,100,0.20944
-14.713,100,0.20944
-14.666,100,0.20944
-14.62,100,0.20944
-14.572,100,0.20944
-14.524,100,0.20944
-14.476,100,0.20944
-14.427,100,0.20944
-14.378,100,0.20944
-14.328,100,0.20944
-14.278,100,0.20944
-14.227,100,0.20944
-14.176,100,0.20944
-14.124,100,0.20944
-14.072,100,0.20944
-14.019,100,0.20944
-13.966,100,0.20944
-13.913,100,0.20944
-13.859,100,0.20944
-13.804,100,0.20944
-13.75,100,0.20944
-13.694,100,0.20944
-13.639,100,0.20944
-13.583,100,0.20944
-13.526,100,0.20944
-13.469,100,0.20944
-13.412,100,0.20944
-13.354,100,0.20944
-13.296,100,0.20944
-13.238,100,0.20944
-13.179,100,0.20944
-13.12,100,0.20944
-13.06,100,0.20944
-13,100,0.20944
-12.939,100,0.20944
-12.879,100,0.20944
-12.818,100,0.20944
-12.756,100,0.20944
-12.694,100,0.20944
-12.632,100,0.20944
-12.569,100,0.20944
-12.507,100,0.20944
-12.443,100,0.20944
-12.38,100,0.20944
-12.316,100,0.20944
-12.252,100,0.20944
-12.187,100,0.20944
-12.122,100,0.20944
-12.057,100,0.20944
-11.992,100,0.20944
-11.926,100,0.20944
-11.86,100,0.20944
-11.793,100,0.20944
-11.727,100,0.20944
-11.66,100,0.20944
-11.592,100,0.20944
-11.525,100,0.20944
-11.457,100,0.20944
-11.389,100,0.20944
-11.321,100,0.20944
-11.252,100,0.20944
-11.183,100,0.20944
-11.114,100,0.20944
-11.044,100,0.20944
-10.975,100,0.20944
-10.905,100,0.20944
-10.835,100,0.20944
-10.764,100,0.20944
-10.694,100,0.20944
-10.623,100,0.20944
-10.552,100,0.20944
-10.481,100,0.20944
-10.409,100,0.20944
-10.337,100,0.20944
-10.265,100,0.20944
-10.193,100,0.20944
-10.121,100,0.20944
-10.048,100,0.20944
-9.9755,100,0.20944
-9.9025,100,0.20944
-9.8294,100,0.20944
-9.7561,100,0.20944
-9.6826,100,0.20944
-9.6089,100,0.20944
-9.535,100,0.20944
-9.461,100,0.20944
-9.3868,100,0.20944
-9.3125,100,0.20944
-9.238,100,0.20944
-9.1633,100,0.20944
-9.0885,100,0.20944
-9.0135,100,0.20944
-8.9384,100,0.20944
-8.8631,100,0.20944
-8.7878,100,0.20944
-8.7122,100,0.20944
-8.6366,100,0.20944
-8.5608,100,0.20944
-8.4849,100,0.20944
-8.4089,100,0.20944
-8.3327,100,0.20944
-8.2565,100,0.20944
-8.1801,100,0.20944
-8.1037,100,0.20944
-8.0271,100,0.20944
-7.9504,100,0.20944
-7.8737,100,0.20944
-7.7968,100,0.20944
-7.7199,100,0.20944
-7.6429,100,0.20944
-7.5658,100,0.20944
-7.4886,100,0.20944
-7.4113,100,0.20944
-7.334,100,0.20944
-7.2566,100,0.20944
-7.1792,100,0.20944
-7.1016,100,0.20944
-7.0241,100,0.20944
-6.9464,100,0.20944
-6.8687,100,0.20944
-6.791,100,0.20944
-6.7132,100,0.20944
-6.6354,100,0.20944
-6.5576,100,0.20944
-6.4797,100,0.20944
-6.4018,100,0.20944
-6.3238,100,0.20944
-6.2458,100,0.20944
-6.1678,100,0.20944
-6.0898,100,0.20944
-6.0118,100,0.20944
-5.9337,100,0.20944
-5.8557,100,0.20944
-5.7776,100,0.20944
-5.6995,100,0.20944
-5.6215,100,0.20944
-5.5434,100,0.20944
-5.4653,100,0.20944
-5.3873,100,0.20944
-5.3092,100,0.20944
-5.2312,100,0.20944
-5.1532,100,0.20944
-5.0752,100,0.20944
-4.9972,100,0.20944
-4.9193,100,0.20944
-4.8414,100,0.20944
-4.7635,100,0.20944
-4.6856,100,0.20944
-4.6078,100,0.20944
-4.53,100,0.20944
-4.4523,100,0.20944
-4.3746,100,0.20944
-4.297,100,0.20944
-4.2194,100,0.20944
-4.1418,100,0.20944
-4.0644,100,0.20944
-3.987,100,0.20944
-3.9096,100,0.20944
-3.8323,100,0.20944
-3.7551,100,0.20944
-3.6779,100,0.20944
-3.6008,100,0.20944
-3.5238,100,0.20944
-3.4469,100,0.20944
-3.3701,100,0.20944
-3.2933,100,0.20944
-3.2166,100,0.20944
-3.14,100,0.20944
-3.0635,100,0.20944
-2.9871,100,0.20944
-2.9108,100,0.20944
-2.8346,100,0.20944
-2.7585,100,0.20944
-2.6825,100,0.20944
-2.6066,100,0.20944
-2.5308,100,0.20944
-2.4551,100,0.20944
-2.3795,100,0.20944
-2.304,100,0.20944
-2.2287,100,0.20944
-2.1535,100,0.20944
-2.0783,100,0.20944
-2.0034,100,0.20944
-1.9285,100,0.20944
-1.8538,100,0.20944
-1.7792,100,0.20944
-1.7047,100,0.20944
-1.6304,100,0.20944
-1.5562,100,0.20944
-1.4822,100,0.20944
-1.4083,100,0.20944
-1.3345,100,0.20944
-1.2609,100,0.20944
-1.1874,100,0.20944
-1.1141,100,0.20944
-1.0409,100,0.20944
-0.9679,100,0.20944
-0.89505,100,0.20944
-0.82235,100,0.20944
-0.74981,100,0.20944
-0.67743,100,0.20944
-0.60522,100,0.20944
-0.53318,100,0.20944
-0.4613,100,0.20944
-0.38959,100,0.20944
-0.31806,100,0.20944
-0.2467,100,0.20944
-0.17551,100,0.20944
-0.10451,100,0.20944
-0.033681,100,0.20944
0.036965,100,0.20944
0.10743,100,0.20944
0.1777,100,0.20944
0.24779,100,0.20944
0.3177,100,0.20944
0.38741,100,0.20944
0.45693,100,0.20944
0.52625,100,0.20944
0.59538,100,0.20944
0.66431,100,0.20944
0.73305,100,0.20944
0.80158,100,0.20944
0.86991,100,0.20944
0.93804,100,0.20944
1.006,100,0.20944
1.0737,100,0.20944
1.1412,100,0.20944
1.2085,100,0.20944
1.2756,100,0.20944
1.3424,100,0.20944
1.4091,100,0.20944
1.4755,100,0.20944
1.5417,100,0.20944
1.6077,100,0.20944
1.6735,100,0.20944
1.7391,100,0.20944
1.8044,100,0.20944
1.8695,100,0.20944
1.9344,100,0.20944
1.9991,100,0.20944
2.0635,100,0.20944
2.1277,100,0.20944
2.1917,100,0.20944
2.2554,100,0.20944
2.3189,100,0.20944
2.3822,100,0.20944
2.4452,100,0.20944
2.508,100,0.20944
2.5705,100,0.20944
2.6328,100,0.20944
2.6949,100,0.20944
2.7567,100,0.20944
2.8183,100,0.20944
2.8796,100,0.20944
2.9407,100,0.20944
3.0016,100,0.20944
3.0622,100,0.20944
3.1225,100,0.20944
3.1826,100,0.20944
3.2424,100,0.20944
3.302,100,0.20944
3.3613,100,0.20944
3.4204,100,0.20944
3.4792,100,0.20944
3.5378,100,0.20944
3.5961,100,0.20944
3.6542,100,0.20944
3.7119,100,0.20944
3.7695,100,0.20944
3.8267,100,0.20944
3.8837,100,0.20944
3.9405,100,0.20944
3.9969,100,0.20944
4.0532,100,0.20944
4.1091,100,0.20944
4.1648,100,0.20944
4.2202,100,0.20944
4.2753,100,0.20944
4.3302,100,0.20944
4.3848,100,0.20944
4.4391,100,0.20944
4.4932,100,0.20944
4.547,100,0.20944
4.6005,100,0.20944
4.6537,100,0.20944
4.7067,100,0.20944
4.7594,100,0.20944
4.8118,100,0.20944
4.8639,100,0.20944
4.9158,100,0.20944
4.9674,100,0.20944
5.0187,100,0.20944
5.0697,100,0.20944
5.1204,100,0.20944
5.1709,100,0.20944
5.2211,100,0.20944
5.271,100,0.20944
5.3206,100,0.20944
5.3699,100,0.20944
5.419,100,0.20944
5.4678,100,0.20944
5.5163,100,0.20944
5.5645,100,0.20944
5.6124,100,0.20944
5.66,100,0.20944
5.7074,100,0.20944
5.7544,100,0.20944
5.8012,100,0.20944
5.8477,100,0.20944
5.8939,100,0.20944
5.9398,100,0.20944
5.9855,100,0.20944
6.0308,100,0.20944
6.0759,100,0.20944
6.1206,100,0.20944
6.1651,100,0.20944
6.2093,100,0.20944
6.2532,100,0.20944
6.2968,100,0.20944
6.3401,100,0.20944
6.3832,100,0.20944
6.4259,100,0.20944
6.4683,100,0.20944
6.5105,100,0.20944
6.5524,100,0.20944
6.5939,100,0.20944
6.6352,100,0.20944
6.6762,100,0.20944
6.7169,100,0.20944
6.7573,100,0.20944
6.7974,100,0.20944
6.8373,100,0.20944
6.8768,100,0.20944
6.916,100,0.20944
6.955,100,0.20944
6.9937,100,0.20944
7.032,100,0.20944
7.0701,100,0.20944
7.1079,100,0.20944
7.1454,100,0.20944
7.1826,100,0.20944
7.2195,100,0.20944
7.2561,100,0.20944
7.2924,100,0.20944
7.3284,100,0.20944
7.3642,100,0.20944
7.3996,100,0.20944
7.4347,100,0.20944
7.4696,100,0.20944
7.5042,100,0.20944
7.5384,100,0.20944
7.5724,100,0.20944
7.6061,100,0.20944
7.6395,100,0.20944
7.6726,100,0.20944
7.7054,100,0.20944
7.738,100,0.20944
7.7702,100,0.20944
7.8022,100,0.20944
7.8338,100,0.20944
7.8652,100,0.20944
7.8963,100,0.20944
7.927,100,0.20944
7.9575,100,0.20944
7.9877,100,0.20944
8.0177,100,0.20944
8.0473,100,0.20944
8.0766,100,0.20944
8.1057,100,0.20944
8.1345,100,0.20944
8.1629,100,0.20944
8.1911,100,0.20944
8.219,100,0.20944
8.2466,100,0.20944
8.274,100,0.20944
8.301,100,0.20944
8.3278,100,0.20944
8.3543,100,0.20944
8.3804,100,0.20944
8.4064,100,0.20944
8.432,100,0.20944
8.4573,100,0.20944
8.4824,100,0.20944
8.5071,100,0.20944
8.5316,100,0.20944
8.5558,100,0.20944
8.5798,100,0.20944
8.6034,100,0.20944
8.6268,100,0.20944
8.6499,100,0.20944
8.6727,100,0.20944
8.6952,100,0.20944
8.7174,100,0.20944
8.7394,100,0.20944
8.7611,100,0.20944
8.7825,100,0.20944
8.8037,100,0.20944
8.8245,100,0.20944
8.8451,100,0.20944
8.8654,100,0.20944
8.8855,100,0.20944
8.9052,100,0.20944
8.9247,100,0.20944
8.9439,100,0.20944
8.9629,100,0.20944
8.9815,100,0.20944
8.9999,100,0.20944
9.0181,100,0.20944
9.0359,100,0.20944
9.0535,100,0.20944
9.0709,100,0.20944
9.0879,100,0.20944
9.1047,100,0.20944
9.1212,100,0.20944
9.1375,100,0.20944
9.1535,100,0.20944
9.1692,100,0.20944
9.1847,100,0.20944
9.1999,100,0.20944
9.2148,100,0.20944
9.2295,100,0.20944
9.2439,100,0.20944
9.2581,100,0.20944
9.272,100,0.20944
9.2856,100,0.20944
9.299,100,0.20944
9.3121,100,0.20944
9.3249,100,0.20944
9.3376,100,0.20944
9.3499,100,0.20944
9.362,100,0.20944
9.3738,100,0.20944
9.3854,100,0.20944
9.3968,100,0.20944
9.4079,100,0.20944
9.4187,100,0.20944
9.4293,100,0.20944
9.4396,100,0.20944
9.4497,100,0.20944
9.4595,100,0.20944
9.4691,100,0.20944
9.4785,100,0.20944
9.4876,100,0.20944
9.4964,100,0.20944
9.505,100,0.20944
9.5134,100,0.20944
9.5215,100,0.20944
9.5294,100,0.20944
9.5371,100,0.20944
9.5445,100,0.20944
9.5516,100,0.20944
9.5586,100,0.20944
9.5653,100,0.20944
9.5717,100,0.20944
9.5779,100,0.20944
9.5839,100,0.20944
9.5897,100,0.20944
9.5952,100,0.20944
9.6005,100,0.20944
9.6055,100,0.20944
9.6104,100,0.20944
9.615,100,0.20944
9.6193,100,0.20944
9.6235,100,0.20944
9.6274,100,0.20944
9.6311,100,0.20944
9.6346,100,0.20944
9.6378,100,0.20944
9.6408,100,0.20944
9.6436,100,0.20944
9.6462,100,0.20944
9.6486,100,0.20944
9.6507,100,0.20944
9.6526,100,0.20944
9.6543,100,0.20944
9.6558,100,0.20944
9.6571,100,0.20944
9.6582,100,0.20944
9.659,100,0.20944
9.6596,100,0.20944
9.6601,100,0.20944
9.6603,100,0.20944
9.6603,100,0.20944
9.6601,100,0.20944
9.6597,100,0.20944
9.659,100,0.20944
9.6582,100,0.20944
9.6572,100,0.20944
9.6559,100,0.20944
9.6545,100,0.20944
9.6529,100,0.20944
9.651,100,0.20944
9.649,100,0.20944
9.6468,100,0.20944
9.6443,100,0.20944
9.6417,100,0.20944
9.6389,100,0.20944
9.6358,100,0.20944
9.6326,100,0.20944
9.6292,100,0.20944
9.6256,100,0.20944
9.6218,100,0.20944
9.6178,100,0.20944
9.6137,100,0.20944
9.6093,100,0.20944
9.6048,100,0.20944
9.6,100,0.20944
9.5951,100,0.20944
9.59,100,0.20944
9.5848,100,0.20944
9.5793,100,0.20944
9.5737,100,0.20944
9.5678,100,0.20944
9.5618,100,0.20944
9.5557,100,0.20944
9.5493,100,0.20944
9.5428,100,0.20944
9.5361,100,0.20944
9.5292,100,0.20944
9.5221,100,0.20944
9.5149,100,0.20944
9.5075,100,0.20944
9.5,100,0.20944
9.4922,100,0.20944
9.4844,100,0.20944
9.4763,100,0.20944
9.4681,100,0.20944
9.4597,100,0.20944
9.4511,100,0.20944
9.4424,100,0.20944
9.4335,100,0.20944
9.4245,100,0.20944
9.4153,100,0.20944
9.406,100,0.20944
9.3965,100,0.20944
9.3868,100,0.20944
9.377,100,0.20944
9.367,100,0.20944
9.3569,100,0.20944
9.3466,100,0.20944
9.3362,100,0.20944
9.3256,100,0.20944
9.3149,100,0.20944
9.304,100,0.20944
9.293,100,0.20944
9.2818,100,0.20944
9.2705,100,0.20944
9.2591,100,0.20944
9.2475,100,0.20944
9.2358,100,0.20944
9.2239,100,0.20944
9.2119,100,0.20944
9.1997,100,0.20944
9.1875,100,0.20944
9.175,100,0.20944
9.1625,100,0.20944
9.1498,100,0.20944
9.137,100,0.20944
9.124,100,0.20944
9.1109,100,0.20944
9.0977,100,0.20944
9.0844,100,0.20944
9.0709,100,0.20944
9.0573,100,0.20944
9.0436,100,0.20944
9.0298,100,0.20944
9.0158,100,0.20944
9.0017,100,0.20944
8.9875,100,0.20944
8.9732,100,0.20944
8.9587,100,0.20944
8.9442,100,0.20944
8.9295,100,0.20944
8.9147,100,0.20944
8.8998,100,0.20944
8.8847,100,0.20944
8.8696,100,0.20944
8.8543,100,0.20944
8.839,100,0.20944
8.8235,100,0.20944
8.8079,100,0.20944
8.7922,100,0.20944
8.7764,100,0.20944
8.7605,100,0.20944
8.7445,100,0.20944
8.7284,100,0.20944
8.7122,100,0.20944
8.6959,100,0.20944
8.6795,100,0.20944
8.663,100,0.20944
8.6464,100,0.20944
8.6297,100,0.20944
8.6129,100,0.20944
8.596,100,0.20944
8.579,100,0.20944
8.5619,100,0.20944
8.5447,100,0.20944
8.5274,100,0.20944
8.5101,100,0.20944
8.4926,100,0.20944
8.4751,100,0.20944
8.4574,100,0.20944
8.4397,100,0.20944
8.4219,100,0.20944
8.4041,100,0.20944
8.3861,100,0.20944
8.368,100,0.20944
8.3499,100,0.20944
8.3317,100,0.20944
8.3134,100,0.20944
8.295,100,0.20944
8.2766,100,0.20944
8.2581,100,0.20944
8.2395,100,0.20944
8.2208,100,0.20944
8.2021,100,0.20944
8.1832,100,0.20944
8.1643,100,0.20944
8.1454,100,0.20944
8.1264,100,0.20944
8.1073,100,0.20944
8.0881,100,0.20944
8.0689,100,0.20944
8.0496,100,0.20944
8.0302,100,0.20944
8.0108,100,0.20944
7.9913,100,0.20944
7.9717,100,0.20944
7.9521,100,0.20944
7.9324,100,0.20944
7.9127,100,0.20944
7.8929,100,0.20944
7.873,100,0.20944
7.8531,100,0.20944
7.8332,100,0.20944
7.8132,100,0.20944
7.7931,100,0.20944
7.773,100,0.20944
7.7528,100,0.20944
7.7326,100,0.20944
7.7123,100,0.20944
7.692,100,0.20944
7.6716,100,0.20944
7.6512,100,0.20944
7.6307,100,0.20944
7.6102,100,0.20944
7.5896,100,0.20944
7.569,100,0.20944
7.5484,100,0.20944
7.5277,100,0.20944
7.507,100,0.20944
7.4862,100,0.20944
7.4654,100,0.20944
7.4445,100,0.20944
7.4237,100,0.20944
7.4027,100,0.20944
7.3818,100,0.20944
7.3608,100,0.20944
7.3398,100,0.20944
7.3187,100,0.20944
7.2976,100,0.20944
7.2765,100,0.20944
7.2553,100,0.20944
7.2342,100,0.20944
7.2129,100,0.20944
7.1917,100,0.20944
7.1704,100,0.20944
7.1491,100,0.20944
7.1278,100,0.20944
7.1065,100,0.20944
7.0851,100,0.20944
7.0637,100,0.20944
7.0423,100,0.20944
7.0209,100,0.20944
6.9994,100,0.20944
6.9779,100,0.20944
6.9564,100,0.20944
6.9349,100,0.20944
6.9134,100,0.20944
6.8919,100,0.20944
6.8703,100,0.20944
6.8487,100,0.20944
6.8271,100,0.20944
6.8055,100,0.20944
6.7839,100,0.20944
6.7623,100,0.20944
6.7406,100,0.20944
6.719,100,0.20944
6.6973,100,0.20944
6.6756,100,0.20944
6.654,100,0.20944
6.6323,100,0.20944
6.6106,100,0.20944
6.5889,100,0.20944
6.5672,100,0.20944
6.5455,100,0.20944
6.5238,100,0.20944
6.502,100,0.20944
6.4803,100,0.20944
6.4586,100,0.20944
6.4369,100,0.20944
6.4152,100,0.20944
6.3934,100,0.20944
6.3717,100,0.20944
6.35,100,0.20944
6.3283,100,0.20944
6.3066,100,0.20944
6.2849,100,0.20944
6.2632,100,0.20944
6.2415,100,0.20944
6.2198,100,0.20944
6.1981,100,0.20944
6.1765,100,0.20944
6.1548,100,0.20944
6.1331,100,0.20944
6.1115,100,0.20944
6.0899,100,0.20944
6.0682,100,0.20944
6.0466,100,0.20944
6.025,100,0.20944
6.0035,100,0.20944
5.9819,100,0.20944
5.9603,100,0.20944
5.9388,100,0.20944
5.9173,100,0.20944
5.8958,100,0.20944
5.8743,100,0.20944
5.8528,100,0.20944
5.8313,100,0.20944
5.8099,100,0.20944
5.7885,100,0.20944
5.7671,100,0.20944
5.7457,100,0.20944
5.7244,100,0.20944
5.703,100,0.20944
5.6817,100,0.20944
5.6604,100,0.20944
5.6392,100,0.20944
5.6179,100,0.20944
5.5967,100,0.20944
5.5755,100,0.20944
5.5544,100,0.20944
5.5332,100,0.20944
5.5121,100,0.20944
5.4911,100,0.20944
5.47,100,0.20944
5.449,100,0.20944
5.428,100,0.20944
5.407,100,0.20944
5.3861,100,0.20944
5.3652,100,0.20944
5.3444,100,0.20944
5.3235,100,0.20944
5.3027,100,0.20944
5.282,100,0.20944
5.2612,100,0.20944
5.2405,100,0.20944
5.2199,100,0.20944
5.1992,100,0.20944
5.1786,100,0.20944
5.1581,100,0.20944
5.1376,100,0.20944
5.1171,100,0.20944
5.0967,100,0.20944
5.0763,100,0.20944
5.0559,100,0.20944
5.0356,100,0.20944
5.0153,100,0.20944
4.9951,100,0.20944
4.9749,100,0.20944
4.9547,100,0.20944
4.9346,100,0.20944
4.9145,100,0.20944
4.8945,100,0.20944
4.8745,100,0.20944
4.8546,100,0.20944
4.8347,100,0.20944
4.8148,100,0.20944
4.795,100,0.20944
4.7752,100,0.20944
4.7555,100,0.20944
4.7359,100,0.20944
4.7162,100,0.20944
4.6967,100,0.20944
4.6771,100,0.20944
4.6577,100,0.20944
4.6382,100,0.20944
4.6189,100,0.20944
4.5995,100,0.20944
4.5803,100,0.20944
4.561,100,0.20944
4.5419,100,0.20944
4.5227,100,0.20944
4.5037,100,0.20944
4.4846,100,0.20944
4.4657,100,0.20944
4.4468,100,0.20944
4.4279,100,0.20944
4.4091,100,0.20944
4.3903,100,0.20944
4.3717,100,0.20944
4.353,100,0.20944
4.3344,100,0.20944
4.3159,100,0.20944
4.2974,100,0.20944
4.279,100,0.20944
4.2606,100,0.20944
4.2423,100,0.20944
4.2241,100,0.20944
4.2059,100,0.20944
4.1878,100,0.20944
4.1697,100,0.20944
4.1517,100,0.20944
4.1337,100,0.20944
4.1158,100,0.20944
4.098,100,0.20944
4.0802,100,0.20944
4.0625,100,0.20944
4.0449,100,0.20944
4.0273,100,0.20944
4.0097,100,0.20944
3.9923,100,0.20944
3.9749,100,0.20944
3.9575,100,0.20944
3.9402,100,0.20944
3.923,100,0.20944
3.9059,100,0.20944
3.8888,100,0.20944
3.8718,100,0.20944
3.8548,100,0.20944
3.8379,100,0.20944
3.8211,100,0.20944
3.8043,100,0.20944
3.7876,100,0.20944
3.7709,100,0.20944
3.7544,100,0.20944
3.7379,100,0.20944
3.7214,100,0.20944
3.705,100,0.20944
3.6887,100,0.20944
3.6725,100,0.20944
3.6563,100,0.20944
3.6402,100,0.20944
3.6242,100,0.20944
3.6082,100,0.20944
3.5923,100,0.20944
3.5765,100,0.20944
3.5607,100,0.20944
3.545,100,0.20944
3.5294,100,0.20944
3.5138,100,0.20944
3.4983,100,0.20944
3.4829,100,0.20944
3.4675,100,0.20944
3.4523,100,0.20944
3.4371,100,0.20944
3.4219,100,0.20944
3.4068,100,0.20944
3.3918,100,0.20944
3.3769,100,0.20944
3.3621,100,0.20944
3.3473,100,0.20944
3.3326,100,0.20944
3.3179,100,0.20944
3.3033,100,0.20944
3.2888,100,0.20944
3.2744,100,0.20944
3.2601,100,0.20944
3.2458,100,0.20944
3.2316,100,0.20944
3.2174,100,0.20944
3.2034,100,0.20944
3.1894,100,0.20944
3.1754,100,0.20944
3.1616,100,0.20944
3.1478,100,0.20944
3.1341,100,0.20944
3.1205,100,0.20944
3.107,100,0.20944
3.0935,100,0.20944
3.0801,100,0.20944
3.0667,100,0.20944
3.0535,100,0.20944
3.0403,100,0.20944
3.0272,100,0.20944
3.0142,100,0.20944
3.0012,100,0.20944
2.9883,100,0.20944
2.9755,100,0.20944
2.9628,100,0.20944
2.9501,100,0.20944
2.9375,100,0.20944
2.925,100,0.20944
2.9126,100,0.20944
2.9002,100,0.20944
2.8879,100,0.20944
2.8757,100,0.20944
2.8636,100,0.20944
2.8516,100,0.20944
2.8396,100,0.20944
2.8277,100,0.20944
2.8158,100,0.20944
2.8041,100,0.20944
2.7924,100,0.20944
2.7808,100,0.20944
2.7693,100,0.20944
2.7578,100,0.20944
2.7465,100,0.20944
2.7352,100,0.20944
2.7239,100,0.20944
2.7128,100,0.20944
2.7017,100,0.20944
2.6907,100,0.20944
2.6798,100,0.20944
2.669,100,0.20944
2.6582,100,0.20944
2.6475,100,0.20944
2.6369,100,0.20944
2.6264,100,0.20944
2.6159,100,0.20944
2.6055,100,0.20944
2.5952,100,0.20944
2.585,100,0.20944
2.5748,100,0.20944
2.5647,100,0.20944
2.5547,100,0.20944
2.5448,100,0.20944
2.535,100,0.20944
2.5252,100,0.20944
2.5155,100,0.20944
2.5059,100,0.20944
2.4963,100,0.20944
2.4868,100,0.20944
2.4775,100,0.20944
2.4681,100,0.20944
2.4589,100,0.20944
2.4497,100,0.20944
2.4406,100,0.20944
2.4316,100,0.20944
2.4227,100,0.20944
2.4138,100,0.20944
2.405,100,0.20944
2.3963,100,0.20944
2.3877,100,0.20944
2.3791,100,0.20944
2.3707,100,0.20944
2.3622,100,0.20944
2.3539,100,0.20944
2.3457,100,0.20944
2.3375,100,0.20944
2.3294,100,0.20944
2.3213,100,0.20944
2.3134,100,0.20944
2.3055,100,0.20944
2.2977,100,0.20944
2.29,100,0.20944
2.2823,100,0.20944
2.2747,100,0.20944
2.2672,100,0.20944
2.2598,100,0.20944
2.2524,100,0.20944
2.2451,100,0.20944
2.2379,100,0.20944
2.2308,100,0.20944
2.2237,100,0.20944
2.2168,100,0.20944
2.2098,100,0.20944
2.203,100,0.20944
2.1962,100,0.20944
2.1895,100,0.20944
2.1829,100,0.20944
2.1764,100,0.20944
2.1699,100,0.20944
2.1635,100,0.20944
2.1572,100,0.20944
2.1509,100,0.20944
2.1448,100,0.20944
2.1387,100,0.20944
2.1326,100,0.20944
2.1267,100,0.20944
2.1208,100,0.20944
2.1149,100,0.20944
2.1092,100,0.20944
2.1035,100,0.20944
2.0979,100,0.20944
2.0924,100,0.20944
2.0869,100,0.20944
2.0816,100,0.20944
2.0762,100,0.20944
2.071,100,0.20944
2.0658,100,0.20944
2.0607,100,0.20944
2.0557,100,0.20944
2.0507,100,0.20944
2.0458,100,0.20944
2.041,100,0.20944
2.0363,100,0.20944
2.0316,100,0.20944
2.027,100,0.20944
2.0224,100,0.20944
2.0179,100,0.20944
2.0135,100,0.20944
2.0092,100,0.20944
2.0049,100,0.20944
2.0007,100,0.20944
1.9966,100,0.20944
1.9925,100,0.20944
1.9886,100,0.20944
1.9846,100,0.20944
1.9808,100,0.20944
1.977,100,0.20944
1.9733,100,0.20944
1.9696,100,0.20944
1.966,100,0.20944
1.9625,100,0.20944
1.959,100,0.20944
1.9557,100,0.20944
1.9523,100,0.20944
1.9491,100,0.20944
1.9459,100,0.20944
1.9428,100,0.20944
1.9397,100,0.20944
1.9367,100,0.20944
1.9338,100,0.20944
1.9309,100,0.20944
1.9281,100,0.20944
1.9254,100,0.20944
1.9227,100,0.20944
1.9201,100,0.20944
1.9176,100,0.20944
1.9151,100,0.20944
1.9127,100,0.20944
1.9103,100,0.20944
1.908,100,0.20944
1.9058,100,0.20944
1.9037,100,0.20944
1.9016,100,0.20944
1.8995,100,0.20944
1.8976,100,0.20944
1.8956,100,0.20944
1.8938,100,0.20944
1.892,100,0.20944
1.8903,100,0.20944
1.8886,100,0.20944
1.887,100,0.20944
1.8854,100,0.20944
1.884,100,0.20944
1.8825,100,0.20944
1.8812,100,0.20944
1.8799,100,0.20944
1.8786,100,0.20944
1.8774,100,0.20944
1.8763,100,0.20944
1.8752,100,0.20944
1.8742,100,0.20944
1.8732,100,0.20944
1.8723,100,0.20944
1.8715,100,0.20944
1.8707,100,0.20944
1.87,100,0.20944
1.8693,100,0.20944
1.8687,100,0.20944
1.8682,100,0.20944
1.8677,100,0.20944
1.8672,100,0.20944
1.8668,100,0.20944
1.8665,100,0.20944
1.8662,100,0.20944
1.866,100,0.20944
1.8658,100,0.20944
1.8657,100,0.20944
1.8657,100,0.20944
1.8656,100,0.20944
1.8657,100,0.20944
1.8658,100,0.20944
1.866,100,0.20944
1.8662,100,0.20944
1.8664,100,0.20944
1.8667,100,0.20944
1.8671,100,0.20944
1.8675,100,0.20944
1.868,100,0.20944
1.8685,100,0.20944
1.8691,100,0.20944
1.8697,100,0.20944
1.8704,100,0.20944
1.8711,100,0.20944
1.8719,100,0.20944
1.8727,100,0.20944
1.8736,100,0.20944
1.8745,100,0.20944
1.8755,100,0.20944
1.8765,100,0.20944
1.8775,100,0.20944
1.8787,100,0.20944
1.8798,100,0.20944
1.881,100,0.20944
1.8823,100,0.20944
1.8836,100,0.20944
1.885,100,0.20944
1.8864,100,0.20944
1.8878,100,0.20944
1.8893,100,0.20944
1.8908,100,0.20944
1.8924,100,0.20944
1.8941,100,0.20944
1.8957,100,0.20944
1.8974,100,0.20944
1.8992,100,0.20944
1.901,100,0.20944
1.9029,100,0.20944
1.9048,100,0.20944
1.9067,100,0.20944
1.9087,100,0.20944
1.9107,100,0.20944
1.9128,100,0.20944
1.9149,100,0.20944
1.917,100,0.20944
1.9192,100,0.20944
1.9214,100,0.20944
1.9237,100,0.20944
1.926,100,0.20944
1.9284,100,0.20944
1.9308,100,0.20944
1.9332,100,0.20944
1.9357,100,0.20944
1.9382,100,0.20944
1.9408,100,0.20944
1.9434,100,0.20944
1.946,100,0.20944
1.9487,100,0.20944
1.9514,100,0.20944
1.9541,100,0.20944
1.9569,100,0.20944
1.9597,100,0.20944
1.9626,100,0.20944
1.9655,100,0.20944
1.9684,100,0.20944
1.9714,100,0.20944
1.9744,100,0.20944
1.9774,100,0.20944
1.9805,100,0.20944
1.9836,100,0.20944
1.9867,100,0.20944
1.9899,100,0.20944
1.9931,100,0.20944
1.9964,100,0.20944
1.9996,100,0.20944
2.0029,100,0.20944
2.0063,100,0.20944
2.0097,100,0.20944
2.0131,100,0.20944
2.0165,100,0.20944
2.02,100,0.20944
2.0235,100,0.20944
2.027,100,0.20944
2.0306,100,0.20944
2.0342,100,0.20944
2.0378,100,0.20944
2.0415,100,0.20944
2.0452,100,0.20944
2.0489,100,0.20944
2.0526,100,0.20944
2.0564,100,0.20944
2.0602,100,0.20944
2.064,100,0.20944
2.0679,100,0.20944
2.0718,100,0.20944
2.0757,100,0.20944
2.0796,100,0.20944
2.0836,100,0.20944
2.0876,100,0.20944
2.0916,100,0.20944
2.0957,100,0.20944
2.0997,100,0.20944
2.1038,100,0.20944
2.108,100,0.20944
2.1121,100,0.20944
2.1163,100,0.20944
2.1205,100,0.20944
2.1247,100,0.20944
2.129,100,0.20944
2.1332,100,0.20944
2.1375,100,0.20944
2.1418,100,0.20944
2.1462,100,0.20944
2.1505,100,0.20944
2.1549,100,0.20944
2.1593,100,0.20944
2.1638,100,0.20944
2.1682,100,0.20944
2.1727,100,0.20944
2.1772,100,0.20944
2.1817,100,0.20944
2.1862,100,0.20944
2.1908,100,0.20944
2.1954,100,0.20944
2.1999,100,0.20944
2.2046,100,0.20944
2.2092,100,0.20944
2.2138,100,0.20944
2.2185,100,0.20944
2.2232,100,0.20944
2.2279,100,0.20944
2.2326,100,0.20944
2.2373,100,0.20944
2.2421,100,0.20944
2.2469,100,0.20944
2.2517,100,0.20944
2.2565,100,0.20944
2.2613,100,0.20944
2.2661,100,0.20944
2.271,100,0.20944
2.2758,100,0.20944
2.2807,100,0.20944
2.2856,100,0.20944
2.2905,100,0.20944
2.2955,100,0.20944
2.3004,100,0.20944
2.3054,100,0.20944
2.3103,100,0.20944
2.3153,100,0.20944
2.3203,100,0.20944
2.3253,100,0.20944
2.3303,100,0.20944
2.3353,100,0.20944
2.3404,100,0.20944
2.3454,100,0.20944
2.3505,100,0.20944
2.3556,100,0.20944
2.3607,100,0.20944
2.3657,100,0.20944
2.3709,100,0.20944
2.376,100,0.20944
2.3811,100,0.20944
2.3862,100,0.20944
2.3914,100,0.20944
2.3965,100,0.20944
2.4017,100,0.20944
2.4069,100,0.20944
2.412,100,0.20944
2.4172,100,0.20944
2.4224,100,0.20944
2.4276,100,0.20944
2.4328,100,0.20944
2.438,100,0.20944
2.4433,100,0.20944
2.4485,100,0.20944
2.4537,100,0.20944
2.459,100,0.20944
2.4642,100,0.20944
2.4695,100,0.20944
2.4747,100,0.20944
2.48,100,0.20944
2.4853,100,0.20944
2.4905,100,0.20944
2.4958,100,0.20944
2.5011,100,0.20944
2.5064,100,0.20944
2.5117,100,0.20944
2.5169,100,0.20944
2.5222,100,0.20944
2.5275,100,0.20944
2.5328,100,0.20944
2.5381,100,0.20944
2.5434,100,0.20944
2.5488,100,0.20944
2.5541,100,0.20944
2.5594,100,0.20944
2.5647,100,0.20944
2.57,100,0.20944
2.5753,100,0.20944
2.5806,100,0.20944
2.5859,100,0.20944
2.5912,100,0.20944
2.5966,100,0.20944
2.6019,100,0.20944
2.6072,100,0.20944
2.6125,100,0.20944
2.6178,100,0.20944
2.6231,100,0.20944
2.6284,100,0.20944
2.6337,100,0.20944
2.639,100,0.20944
2.6444,100,0.20944
2.6497,100,0.20944
2.655,100,0.20944
2.6603,100,0.20944
2.6655,100,0.20944
2.6708,100,0.20944
2.6761,100,0.20944
2.6814,100,0.20944
2.6867,100,0.20944
2.692,100,0.20944
2.6972,100,0.20944
2.7025,100,0.20944
2.7078,100,0.20944
2.713,100,0.20944
2.7183,100,0.20944
2.7235,100,0.20944
2.7288,100,0.20944
2.734,100,0.20944
2.7392,100,0.20944
2.7445,100,0.20944
2.7497,100,0.20944
2.7549,100,0.20944
2.7601,100,0.20944
2.7653,100,0.20944
2.7705,100,0.20944
2.7757,100,0.20944
2.7809,100,0.20944
2.7861,100,0.20944
2.7912,100,0.20944
2.7964,100,0.20944
2.8015,100,0.20944
2.8067,100,0.20944
2.8118,100,0.20944
2.8169,100,0.20944
2.822,100,0.20944
2.8271,100,0.20944
2.8322,100,0.20944
2.8373,100,0.20944
2.8424,100,0.20944
2.8475,100,0.20944
2.8525,100,0.20944
2.8576,100,0.20944
2.8626,100,0.20944
2.8677,100,0.20944
2.8727,100,0.20944
2.8777,100,0.20944
2.8827,100,0.20944
2.8877,100,0.20944
2.8926,100,0.20944
2.8976,100,0.20944
2.9026,100,0.20944
2.9075,100,0.20944
2.9124,100,0.20944
2.9173,100,0.20944
2.9223,100,0.20944
2.9271,100,0.20944
2.932,100,0.20944
2.9369,100,0.20944
2.9418,100,0.20944
2.9466,100,0.20944
2.9514,100,0.20944
2.9562,100,0.20944
2.961,100,0.20944
2.9658,100,0.20944
2.9706,100,0.20944
2.9754,100,0.20944
2.9801,100,0.20944
2.9849,100,0.20944
2.9896,100,0.20944
2.9943,100,0.20944
2.999,100,0.20944
3.0036,100,0.20944
3.0083,100,0.20944
3.013,100,0.20944
3.0176,100,0.20944
3.0222,100,0.20944
3.0268,100,0.20944
3.0314,100,0.20944
3.036,100,0.20944
3.0405,100,0.20944
3.0451,100,0.20944
3.0496,100,0.20944
3.0541,100,0.20944
3.0586,100,0.20944
3.063,100,0.20944
3.0675,100,0.20944
3.0719,100,0.20944
3.0764,100,0.20944
3.0808,100,0.20944
3.0852,100,0.20944
3.0895,100,0.20944
3.0939,100,0.20944
3.0982,100,0.20944
3.1026,100,0.20944
3.1069,100,0.20944
3.1111,100,0.20944
3.1154,100,0.20944
3.1197,100,0.20944
3.1239,100,0.20944
3.1281,100,0.20944
3.1323,100,0.20944
3.1365,100,0.20944
3.1406,100,0.20944
3.1448,100,0.20944
3.1489,100,0.20944
3.153,100,0.20944
3.1571,100,0.20944
3.1612,100,0.20944
3.1652,100,0.20944
3.1692,100,0.20944
3.1732,100,0.20944
3.1772,100,0.20944
3.1812,100,0.20944
3.1851,100,0.20944
3.1891,100,0.20944
3.193,100,0.20944
3.1969,100,0.20944
3.2007,100,0.20944
3.2046,100,0.20944
3.2084,100,0.20944
3.2122,100,0.20944
3.216,100,0.20944
3.2198,100,0.20944
3.2235,100,0.20944
3.2273,100,0.20944
3.231,100,0.20944
3.2347,100,0.20944
3.2383,100,0.20944
3.242,100,0.20944
3.2456,100,0.20944
3.2492,100,0.20944
3.2528,100,0.20944
3.2563,100,0.20944
3.2599,100,0.20944
3.2634,100,0.20944
3.2669,100,0.20944
3.2704,100,0.20944
3.2738,100,0.20944
3.2773,100,0.20944
3.2807,100,0.20944
3.2841,100,0.20944
3.2874,100,0.20944
3.2908,100,0.20944
3.2941,100,0.20944
3.2974,100,0.20944
3.3007,100,0.20944
3.3039,100,0.20944
3.3072,100,0.20944
3.3104,100,0.20944
3.3136,100,0.20944
3.3167,100,0.20944
3.3199,100,0.20944
3.323,100,0.20944
3.3261,100,0.20944
3.3292,100,0.20944
3.3322,100,0.20944
3.3353,100,0.20944
3.3383,100,0.20944
3.3413,100,0.20944
3.3442,100,0.20944
3.3472,100,0.20944
3.3501,100,0.20944
3.353,100,0.20944
3.3559,100,0.20944
3.3587,100,0.20944
3.3615,100,0.20944
3.3643,100,0.20944
3.3671,100,0.20944
3.3699,100,0.20944
3.3726,100,0.20944
3.3753,100,0.20944
3.378,100,0.20944
3.3807,100,0.20944
3.3833,100,0.20944
3.3859,100,0.20944
3.3885,100,0.20944
3.3911,100,0.20944
3.3937,100,0.20944
3.3962,100,0.20944
3.3987,100,0.20944
3.4012,100,0.20944
3.4036,100,0.20944
3.4061,100,0.20944
3.4085,100,0.20944
3.4108,100,0.20944
3.4132,100,0.20944
3.4155,100,0.20944
3.4179,100,0.20944
3.4201,100,0.20944
3.4224,100,0.20944
3.4246,100,0.20944
3.4269,100,0.20944
3.4291,100,0.20944
3.4312,100,0.20944
3.4334,100,0.20944
3.4355,100,0.20944
3.4376,100,0.20944
3.4397,100,0.20944
3.4417,100,0.20944
3.4438,100,0.20944
3.4458,100,0.20944
3.4477,100,0.20944
3.4497,100,0.20944
3.4516,100,0.20944
3.4535,100,0.20944
3.4554,100,0.20944
3.4573,100,0.20944
3.4591,100,0.20944
3.4609,100,0.20944
3.4627,100,0.20944
3.4645,100,0.20944
3.4662,100,0.20944
3.468,100,0.20944
3.4697,100,0.20944
3.4713,100,0.20944
3.473,100,0.20944
3.4746,100,0.20944
3.4762,100,0.20944
3.4778,100,0.20944
3.4793,100,0.20944
3.4809,100,0.20944
3.4824,100,0.20944
3.4838,100,0.20944
3.4853,100,0.20944
3.4867,100,0.20944
3.4882,100,0.20944
3.4895,100,0.20944
3.4909,100,0.20944
3.4922,100,0.20944
3.4936,100,0.20944
3.4949,100,0.20944
3.4961,100,0.20944
3.4974,100,0.20944
3.4986,100,0.20944
3.4998,100,0.20944
3.501,100,0.20944
3.5021,100,0.20944
3.5032,100,0.20944
3.5044,100,0.20944
3.5054,100,0.20944
3.5065,100,0.20944
3.5075,100,0.20944
3.5085,100,0.20944
3.5095,100,0.20944
3.5105,100,0.20944
3.5114,100,0.20944
3.5124,100,0.20944
3.5133,100,0.20944
3.5141,100,0.20944
3.515,100,0.20944
3.5158,100,0.20944
3.5166,100,0.20944
3.5174,100,0.20944
3.5182,100,0.20944
3.5189,100,0.20944
3.5196,100,0.20944
3.5203,100,0.20944
3.521,100,0.20944
3.5216,100,0.20944
3.5222,100,0.20944
3.5228,100,0.20944
3.5234,100,0.20944
3.524,100,0.20944
3.5245,100,0.20944
3.525,100,0.20944
3.5255,100,0.20944
3.526,100,0.20944
3.5264,100,0.20944
3.5268,100,0.20944
3.5272,100,0.20944
3.5276,100,0.20944
3.528,100,0.20944
3.5283,100,0.20944
3.5286,100,0.20944
3.5289,100,0.20944
3.5292,100,0.20944
3.5294,100,0.20944
3.5296,100,0.20944
3.5298,100,0.20944
3.53,100,0.20944
3.5302,100,0.20944
3.5303,100,0.20944
3.5304,100,0.20944
3.5305,100,0.20944
3.5306,100,0.20944
3.5306,100,0.20944
3.5307,100,0.20944
3.5307,100,0.20944
3.5307,100,0.20944
3.5306,100,0.20944
3.5306,100,0.20944
3.5305,100,0.20944
3.5304,100,0.20944
3.5303,100,0.20944
3.5302,100,0.20944
3.53,100,0.20944
3.5298,100,0.20944
3.5296,100,0.20944
3.5294,100,0.20944
3.5292,100,0.20944
3.5289,100,0.20944
3.5286,100,0.20944
3.5283,100,0.20944
3.528,100,0.20944
3.5277,100,0.20944
3.5273,100,0.20944
3.5269,100,0.20944
3.5265,100,0.20944
3.5261,100,0.20944
3.5257,100,0.20944
3.5252,100,0.20944
3.5247,100,0.20944
3.5242,100,0.20944
3.5237,100,0.20944
3.5232,100,0.20944
3.5226,100,0.20944
3.522,100,0.20944
3.5214,100,0.20944
3.5208,100,0.20944
3.5202,100,0.20944
3.5195,100,0.20944
3.5189,100,0.20944
3.5182,100,0.20944
3.5175,100,0.20944
3.5167,100,0.20944
3.516,100,0.20944
3.5152,100,0.20944
3.5145,100,0.20944
3.5137,100,0.20944
3.5128,100,0.20944
3.512,100,0.20944
3.5111,100,0.20944
3.5103,100,0.20944
3.5094,100,0.20944
3.5085,100,0.20944
3.5075,100,0.20944
3.5066,100,0.20944
3.5056,100,0.20944
3.5047,100,0.20944
3.5037,100,0.20944
3.5026,100,0.20944
3.5016,100,0.20944
3.5006,100,0.20944
3.4995,100,0.20944
3.4984,100,0.20944
3.4973,100,0.20944
3.4962,100,0.20944
3.4951,100,0.20944
3.4939,100,0.20944
3.4928,100,0.20944
3.4916,100,0.20944
3.4904,100,0.20944
3.4892,100,0.20944
3.4879,100,0.20944
3.4867,100,0.20944
3.4854,100,0.20944
3.4842,100,0.20944
3.4829,100,0.20944
3.4815,100,0.20944
3.4802,100,0.20944
3.4789,100,0.20944
3.4775,100,0.20944
3.4761,100,0.20944
3.4748,100,0.20944
3.4734,100,0.20944
3.4719,100,0.20944
3.4705,100,0.20944
3.4691,100,0.20944
3.4676,100,0.20944
3.4661,100,0.20944
3.4646,100,0.20944
3.4631,100,0.20944
3.4616,100,0.20944
3.4601,100,0.20944
3.4585,100,0.20944
3.457,100,0.20944
3.4554,100,0.20944
3.4538,100,0.20944
3.4522,100,0.20944
3.4506,100,0.20944
3.4489,100,0.20944
3.4473,100,0.20944
3.4456,100,0.20944
3.4439,100,0.20944
3.4423,100,0.20944
3.4406,100,0.20944
3.4388,100,0.20944
3.4371,100,0.20944
3.4354,100,0.20944
3.4336,100,0.20944
3.4319,100,0.20944
3.4301,100,0.20944
3.4283,100,0.20944
3.4265,100,0.20944
3.4247,100,0.20944
3.4228,100,0.20944
3.421,100,0.20944
3.4191,100,0.20944
3.4173,100,0.20944
3.4154,100,0.20944
3.4135,100,0.20944
3.4116,100,0.20944
3.4097,100,0.20944
3.4078,100,0.20944
3.4058,100,0.20944
3.4039,100,0.20944
3.4019,100,0.20944
3.4,100,0.20944
3.398,100,0.20944
3.396,100,0.20944
3.394,100,0.20944
3.392,100,0.20944
3.39,100,0.20944
3.3879,100,0.20944
3.3859,100,0.20944
3.3838,100,0.20944
3.3818,100,0.20944
3.3797,100,0.20944
3.3776,100,0.20944
3.3755,100,0.20944
3.3734,100,0.20944
3.3713,100,0.20944
3.3692,100,0.20944
3.367,100,0.20944
3.3649,100,0.20944
3.3627,100,0.20944
3.3606,100,0.20944
3.3584,100,0.20944
3.3562,100,0.20944
3.354,100,0.20944
3.3518,100,0.20944
3.3496,100,0.20944
3.3474,100,0.20944
3.3452,100,0.20944
3.3429,100,0.20944
3.3407,100,0.20944
3.3384,100,0.20944
3.3362,100,0.20944
3.3339,100,0.20944
3.3316,100,0.20944
3.3294,100,0.20944
3.3271,100,0.20944
3.3248,100,0.20944
3.3225,100,0.20944
3.3201,100,0.20944
3.3178,100,0.20944
3.3155,100,0.20944
3.3132,100,0.20944
3.3108,100,0.20944
3.3085,100,0.20944
3.3061,100,0.20944
3.3037,100,0.20944
3.3014,100,0.20944
3.299,100,0.20944
3.2966,100,0.20944
3.2942,100,0.20944
3.2918,100,0.20944
3.2894,100,0.20944
3.287,100,0.20944
3.2846,100,0.20944
3.2822,100,0.20944
3.2797,100,0.20944
3.2773,100,0.20944
3.2748,100,0.20944
3.2724,100,0.20944
3.2699,100,0.20944
3.2675,100,0.20944
3.265,100,0.20944
3.2625,100,0.20944
3.2601,100,0.20944
3.2576,100,0.20944
3.2551,100,0.20944
3.2526,100,0.20944
3.2501,100,0.20944
3.2476,100,0.20944
3.2451,100,0.20944
3.2426,100,0.20944
3.2401,100,0.20944
3.2376,100,0.20944
3.2351,100,0.20944
3.2325,100,0.20944
3.23,100,0.20944
3.2275,100,0.20944
3.2249,100,0.20944
3.2224,100,0.20944
3.2198,100,0.20944
3.2173,100,0.20944
3.2147,100,0.20944
3.2122,100,0.20944
3.2096,100,0.20944
3.207,100,0.20944
3.2045,100,0.20944
3.2019,100,0.20944
3.1993,100,0.20944
3.1967,100,0.20944
3.1942,100,0.20944
3.1916,100,0.20944
3.189,100,0.20944
3.1864,100,0.20944
3.1838,100,0.20944
3.1812,100,0.20944
3.1786,100,0.20944
3.176,100,0.20944
3.1734,100,0.20944
3.1708,100,0.20944
3.1682,100,0.20944
3.1656,100,0.20944
3.163,100,0.20944
3.1604,100,0.20944
3.1577,100,0.20944
3.1551,100,0.20944
3.1525,100,0.20944
3.1499,100,0.20944
3.1473,100,0.20944
3.1446,100,0.20944
3.142,100,0.20944
3.1394,100,0.20944
3.1368,100,0.20944
3.1341,100,0.20944
3.1315,100,0.20944
3.1289,100,0.20944
3.1263,100,0.20944
3.1236,100,0.20944
3.121,100,0.20944
3.1184,100,0.20944
3.1157,100,0.20944
3.1131,100,0.20944
3.1105,100,0.20944
3.1078,100,0.20944
3.1052,100,0.20944
3.1026,100,0.20944
3.0999,100,0.20944
3.0973,100,0.20944
3.0947,100,0.20944
3.092,100,0.20944
3.0894,100,0.20944
3.0867,100,0.20944
3.0841,100,0.20944
3.0815,100,0.20944
3.0789,100,0.20944
3.0762,100,0.20944
3.0736,100,0.20944
3.071,100,0.20944
3.0683,100,0.20944
3.0657,100,0.20944
3.0631,100,0.20944
3.0604,100,0.20944
3.0578,100,0.20944
3.0552,100,0.20944
3.0526,100,0.20944
3.0499,100,0.20944
3.0473,100,0.20944
3.0447,100,0.20944
3.0421,100,0.20944
3.0395,100,0.20944
3.0369,100,0.20944
3.0342,100,0.20944
3.0316,100,0.20944
3.029,100,0.20944
3.0264,100,0.20944
3.0238,100,0.20944
3.0212,100,0.20944
3.0186,100,0.20944
3.016,100,0.20944
3.0134,100,0.20944
3.0108,100,0.20944
3.0082,100,0.20944
3.0056,100,0.20944
3.003,100,0.20944
3.0005,100,0.20944
2.9979,100,0.20944
2.9953,100,0.20944
2.9927,100,0.20944
2.9902,100,0.20944
2.9876,100,0.20944
2.985,100,0.20944
2.9824,100,0.20944
2.9799,100,0.20944
2.9773,100,0.20944
2.9748,100,0.20944
2.9722,100,0.20944
2.9697,100,0.20944
2.9671,100,0.20944
2.9646,100,0.20944
2.962,100,0.20944
2.9595,100,0.20944
2.957,100,0.20944
2.9544,100,0.20944
2.9519,100,0.20944
2.9494,100,0.20944
2.9469,100,0.20944
2.9444,100,0.20944
2.9419,100,0.20944
2.9394,100,0.20944
2.9369,100,0.20944
2.9344,100,0.20944
2.9319,100,0.20944
2.9294,100,0.20944
2.9269,100,0.20944
2.9244,100,0.20944
2.9219,100,0.20944
2.9195,100,0.20944
2.917,100,0.20944
2.9145,100,0.20944
2.9121,100,0.20944
2.9096,100,0.20944
2.9072,100,0.20944
2.9047,100,0.20944
2.9023,100,0.20944
2.8998,100,0.20944
2.8974,100,0.20944
2.895,100,0.20944
2.8926,100,0.20944
2.8902,100,0.20944
2.8877,100,0.20944
2.8853,100,0.20944
2.8829,100,0.20944
2.8805,100,0.20944
2.8781,100,0.20944
2.8758,100,0.20944
2.8734,100,0.20944
2.871,100,0.20944
2.8686,100,0.20944
2.8663,100,0.20944
2.8639,100,0.20944
2.8616,100,0.20944
2.8592,100,0.20944
2.8569,100,0.20944
2.8545,100,0.20944
2.8522,100,0.20944
2.8499,100,0.20944
2.8476,100,0.20944
2.8452,100,0.20944
2.8429,100,0.20944
2.8406,100,0.20944
2.8383,100,0.20944
2.836,100,0.20944
2.8338,100,0.20944
2.8315,100,0.20944
2.8292,100,0.20944
2.8269,100,0.20944
2.8247,100,0.20944
2.8224,100,0.20944
2.8202,100,0.20944
2.8179,100,0.20944
2.8157,100,0.20944
2.8135,100,0.20944
2.8113,100,0.20944
2.809,100,0.20944
2.8068,100,0.20944
2.8046,100,0.20944
2.8024,100,0.20944
2.8002,100,0.20944
2.798,100,0.20944
2.7959,100,0.20944
2.7937,100,0.20944
2.7915,100,0.20944
2.7894,100,0.20944
2.7872,100,0.20944
2.7851,100,0.20944
2.7829,100,0.20944
2.7808,100,0.20944
2.7787,100,0.20944
2.7766,100,0.20944
2.7744,100,0.20944
2.7723,100,0.20944
2.7702,100,0.20944
2.7681,100,0.20944
2.7661,100,0.20944
2.764,100,0.20944
2.7619,100,0.20944
2.7599,100,0.20944
2.7578,100,0.20944
2.7557,100,0.20944
2.7537,100,0.20944
2.7517,100,0.20944
2.7496,100,0.20944
2.7476,100,0.20944
2.7456,100,0.20944
2.7436,100,0.20944
2.7416,100,0.20944
2.7396,100,0.20944
2.7376,100,0.20944
2.7356,100,0.20944
2.7337,100,0.20944
2.7317,100,0.20944
2.7297,100,0.20944
2.7278,100,0.20944
2.7258,100,0.20944
2.7239,100,0.20944
2.722,100,0.20944
2.7201,100,0.20944
2.7181,100,0.20944
2.7162,100,0.20944
2.7143,100,0.20944
2.7125,100,0.20944
2.7106,100,0.20944
2.7087,100,0.20944
2.7068,100,0.20944
2.705,100,0.20944
2.7031,100,0.20944
2.7013,100,0.20944
2.6994,100,0.20944
2.6976,100,0.20944
2.6958,100,0.20944
2.6939,100,0.20944
2.6921,100,0.20944
2.6903,100,0.20944
2.6885,100,0.20944
2.6868,100,0.20944
2.685,100,0.20944
2.6832,100,0.20944
2.6814,100,0.20944
2.6797,100,0.20944
2.6779,100,0.20944
2.6762,100,0.20944
2.6745,100,0.20944
2.6727,100,0.20944
2.671,100,0.20944
2.6693,100,0.20944
2.6676,100,0.20944
2.6659,100,0.20944
2.6642,100,0.20944
2.6625,100,0.20944
2.6609,100,0.20944
2.6592,100,0.20944
2.6576,100,0.20944
2.6559,100,0.20944
2.6543,100,0.20944
2.6526,100,0.20944
2.651,100,0.20944
2.6494,100,0.20944
2.6478,100,0.20944
2.6462,100,0.20944
2.6446,100,0.20944
2.643,100,0.20944
2.6414,100,0.20944
2.6398,100,0.20944
2.6383,100,0.20944
2.6367,100,0.20944
2.6352,100,0.20944
2.6336,100,0.20944
2.6321,100,0.20944
2.6306,100,0.20944
2.629,100,0.20944
2.6275,100,0.20944
2.626,100,0.20944
2.6245,100,0.20944
2.6231,100,0.20944
2.6216,100,0.20944
2.6201,100,0.20944
2.6186,100,0.20944
2.6172,100,0.20944
2.6157,100,0.20944
2.6143,100,0.20944
2.6129,100,0.20944
2.6114,100,0.20944
2.61,100,0.20944
2.6086,100,0.20944
2.6072,100,0.20944
2.6058,100,0.20944
2.6044,100,0.20944
2.603,100,0.20944
2.6017,100,0.20944
2.6003,100,0.20944
2.5989,100,0.20944
2.5976,100,0.20944
2.5962,100,0.20944
2.5949,100,0.20944
2.5936,100,0.20944
2.5923,100,0.20944
2.591,100,0.20944
2.5897,100,0.20944
2.5884,100,0.20944
2.5871,100,0.20944
2.5858,100,0.20944
2.5845,100,0.20944
2.5832,100,0.20944
2.582,100,0.20944
2.5807,100,0.20944
2.5795,100,0.20944
2.5783,100,0.20944
2.577,100,0.20944
2.5758,100,0.20944
2.5746,100,0.20944
2.5734,100,0.20944
2.5722,100,0.20944
2.571,100,0.20944
2.5698,100,0.20944
2.5686,100,0.20944
2.5675,100,0.20944
2.5663,100,0.20944
2.5651,100,0.20944
2.564,100,0.20944
2.5628,100,0.20944
2.5617,100,0.20944
2.5606,100,0.20944
2.5595,100,0.20944
2.5584,100,0.20944
2.5572,100,0.20944
2.5562,100,0.20944
2.5551,100,0.20944
2.554,100,0.20944
2.5529,100,0.20944
2.5518,100,0.20944
2.5508,100,0.20944
2.5497,100,0.20944
2.5487,100,0.20944
2.5476,100,0.20944
2.5466,100,0.20944
2.5456,100,0.20944
2.5445,100,0.20944
2.5435,100,0.20944
2.5425,100,0.20944
2.5415,100,0.20944
2.5405,100,0.20944
2.5396,100,0.20944
2.5386,100,0.20944
2.5376,100,0.20944
2.5366,100,0.20944
2.5357,100,0.20944
2.5347,100,0.20944
2.5338,100,0.20944
2.5329,100,0.20944
2.5319,100,0.20944
2.531,100,0.20944
2.5301,100,0.20944
2.5292,100,0.20944
2.5283,100,0.20944
2.5274,100,0.20944
2.5265,100,0.20944
2.5256,100,0.20944
2.5247,100,0.20944
2.5239,100,0.20944
2.523,100,0.20944
2.5221,100,0.20944
2.5213,100,0.20944
2.5204,100,0.20944
2.5196,100,0.20944
2.5188,100,0.20944
2.5179,100,0.20944
2.5171,100,0.20944
2.5163,100,0.20944
2.5155,100,0.20944
2.5147,100,0.20944
2.5139,100,0.20944
2.5131,100,0.20944
2.5123,100,0.20944
2.5116,100,0.20944
2.5108,100,0.20944
2.51,100,0.20944
2.5093,100,0.20944
2.5085,100,0.20944
2.5078,100,0.20944
2.5071,100,0.20944
2.5063,100,0.20944
2.5056,100,0.20944
2.5049,100,0.20944
2.5042,100,0.20944
2.5035,100,0.20944
2.5028,100,0.20944
2.5021,100,0.20944
2.5014,100,0.20944
2.5007,100,0.20944
2.5,100,0.20944
2.4993,100,0.20944
2.4987,100,0.20944
2.498,100,0.20944
2.4974,100,0.20944
2.4967,100,0.20944
2.4961,100,0.20944
2.4954,100,0.20944
2.4948,100,0.20944
2.4942,100,0.20944
2.4935,100,0.20944
2.4929,100,0.20944
2.4923,100,0.20944
2.4917,100,0.20944
2.4911,100,0.20944
2.4905,100,0.20944
2.4899,100,0.20944
2.4893,100,0.20944
2.4888,100,0.20944
2.4882,100,0.20944
2.4876,100,0.20944
2.4871,100,0.20944
2.4865,100,0.20944
2.486,100,0.20944
2.4854,100,0.20944
2.4849,100,0.20944
2.4843,100,0.20944
2.4838,100,0.20944
2.4833,100,0.20944
2.4828,100,0.20944
2.4822,100,0.20944
2.4817,100,0.20944
2.4812,100,0.20944
2.4807,100,0.20944
2.4802,100,0.20944
2.4797,100,0.20944
2.4792,100,0.20944
2.4788,100,0.20944
2.4783,100,0.20944
2.4778,100,0.20944
2.4773,100,0.20944
2.4769,100,0.20944
2.4764,100,0.20944
2.476,100,0.20944
2.4755,100,0.20944
2.4751,100,0.20944
2.4746,100,0.20944
2.4742,100,0.20944
2.4738,100,0.20944
2.4733,100,0.20944
2.4729,100,0.20944
2.4725,100,0.20944
2.4721,100,0.20944
2.4717,100,0.20944
2.4713,100,0.20944
2.4709,100,0.20944
2.4705,100,0.20944
2.4701,100,0.20944
2.4697,100,0.20944
2.4693,100,0.20944
2.4689,100,0.20944
2.4686,100,0.20944
2.4682,100,0.20944
2.4678,100,0.20944
2.4675,100,0.20944
2.4671,100,0.20944
2.4668,100,0.20944
2.4664,100,0.20944
2.4661,100,0.20944
2.4657,100,0.20944
2.4654,100,0.20944
2.465,100,0.20944
2.4647,100,0.20944
2.4644,100,0.20944
2.4641,100,0.20944
2.4637,100,0.20944
2.4634,100,0.20944
2.4631,100,0.20944
2.4628,100,0.20944
2.4625,100,0.20944
2.4622,100,0.20944
2.4619,100,0.20944
2.4616,100,0.20944
2.4613,100,0.20944
2.461,100,0.20944
2.4607,100,0.20944
2.4604,100,0.20944
2.4602,100,0.20944
2.4599,100,0.20944
2.4596,100,0.20944
2.4593,100,0.20944
2.4591,100,0.20944
2.4588,100,0.20944
2.4586,100,0.20944
2.4583,100,0.20944
2.458,100,0.20944
2.4578,100,0.20944
2.4575,100,0.20944
2.4573,100,0.20944
2.4571,100,0.20944
2.4568,100,0.20944
2.4566,100,0.20944
2.4564,100,0.20944
2.4561,100,0.20944
2.4559,100,0.20944
2.4557,100,0.20944
2.4555,100,0.20944
2.4552,100,0.20944
2.455,100,0.20944
2.4548,100,0.20944
2.4546,100,0.20944
2.4544,100,0.20944
2.4542,100,0.20944
2.454,100,0.20944
2.4538,100,0.20944
2.4536,100,0.20944
2.4534,100,0.20944
2.4532,100,0.20944
2.453,100,0.20944
2.4528,100,0.20944
2.4526,100,0.20944
2.4524,100,0.20944
2.4523,100,0.20944
2.4521,100,0.20944
2.4519,100,0.20944
2.4517,100,0.20944
2.4516,100,0.20944
2.4514,100,0.20944
2.4512,100,0.20944
2.4511,100,0.20944
2.4509,100,0.20944
2.4507,100,0.20944
2.4506,100,0.20944
2.4504,100,0.20944
2.4503,100,0.20944
2.4501,100,0.20944
2.45,100,0.20944
2.4498,100,0.20944
2.4497,100,0.20944
2.4495,100,0.20944
2.4494,100,0.20944
2.4492,100,0.20944
2.4491,100,0.20944
2.449,100,0.20944
2.4488,100,0.20944
2.4487,100,0.20944
2.4485,100,0.20944
2.4484,100,0.20944
2.4483,100,0.20944
2.4482,100,0.20944
2.448,100,0.20944
2.4479,100,0.20944
2.4478,100,0.20944
2.4477,100,0.20944
2.4475,100,0.20944
2.4474,100,0.20944
2.4473,100,0.20944
2.4472,100,0.20944
2.4471,100,0.20944
2.4469,100,0.20944
2.4468,100,0.20944
2.4467,100,0.20944
2.4466,100,0.20944
2.4465,100,0.20944
2.4464,100,0.20944
2.4463,100,0.20944
2.4462,100,0.20944
2.4461,100,0.20944
2.446,100,0.20944
2.4459,100,0.20944
2.4458,100,0.20944
2.4457,100,0.20944
2.4456,100,0.20944
2.4455,100,0.20944
2.4454,100,0.20944
2.4453,100,0.20944
2.4452,100,0.20944
2.4451,100,0.20944
2.445,100,0.20944
2.4449,100,0.20944
2.4448,100,0.20944
2.4447,100,0.20944
2.4446,100,0.20944
2.4445,100,0.20944
2.4444,100,0.20944
2.4443,100,0.20944
2.4442,100,0.20944
2.4441,100,0.20944
2.4441,100,0.20944
2.444,100,0.20944
2.4439,100,0.20944
2.4438,100,0.20944
2.4437,100,0.20944
2.4436,100,0.20944
2.4435,100,0.20944
2.4434,100,0.20944
2.4434,100,0.20944
2.4433,100,0.20944
2.4432,100,0.20944
2.4431,100,0.20944
2.443,100,0.20944
2.4429,100,0.20944
2.4429,100,0.20944
2.4428,100,0.20944
2.4427,100,0.20944
2.4426,100,0.20944
2.4425,100,0.20944
2.4424,100,0.20944
2.4424,100,0.20944
2.4423,100,0.20944
2.4422,100,0.20944
2.4421,100,0.20944
2.442,100,0.20944
2.442,100,0.20944
2.4419,100,0.20944
2.4418,100,0.20944
2.4417,100,0.20944
2.4416,100,0.20944
2.4415,100,0.20944
2.4415,100,0.20944
2.4414,100,0.20944
2.4413,100,0.20944
2.4412,100,0.20944
2.4411,100,0.20944
2.4411,100,0.20944
2.441,100,0.20944
2.4409,100,0.20944
2.4408,100,0.20944
2.4407,100,0.20944
2.4406,100,0.20944
2.4405,100,0.20944
2.4405,100,0.20944
2.4404,100,0.20944
2.4403,100,0.20944
2.4402,100,0.20944
2.4401,100,0.20944
2.44,100,0.20944
2.4399,100,0.20944
2.4399,100,0.20944
2.4398,100,0.20944
2.4397,100,0.20944
2.4396,100,0.20944
2.4395,100,0.20944
2.4394,100,0.20944
2.4393,100,0.20944
2.4392,100,0.20944
2.4391,100,0.20944
2.439,100,0.20944
2.439,100,0.20944
2.4389,100,0.20944
2.4388,100,0.20944
2.4387,100,0.20944
2.4386,100,0.20944
2.4385,100,0.20944
2.4384,100,0.20944
2.4383,100,0.20944
2.4382,100,0.20944
2.4381,100,0.20944
2.438,100,0.20944
2.4379,100,0.20944
2.4378,100,0.20944
2.4377,100,0.20944
2.4376,100,0.20944
2.4375,100,0.20944
2.4374,100,0.20944
2.4372,100,0.20944
2.4371,100,0.20944
2.437,100,0.20944
2.4369,100,0.20944
2.4368,100,0.20944
2.4367,100,0.20944
2.4366,100,0.20944
2.4365,100,0.20944
2.4364,100,0.20944
2.4362,100,0.20944
2.4361,100,0.20944
2.436,100,0.20944
2.4359,100,0.20944
2.4358,100,0.20944
2.4356,100,0.20944
2.4355,100,0.20944
2.4354,100,0.20944
2.4353,100,0.20944
2.4351,100,0.20944
2.435,100,0.20944
2.4349,100,0.20944
2.4348,100,0.20944
2.4346,100,0.20944
2.4345,100,0.20944
2.4344,100,0.20944
2.4342,100,0.20944
2.4341,100,0.20944
2.434,100,0.20944
2.4338,100,0.20944
2.4337,100,0.20944
2.4335,100,0.20944
2.4334,100,0.20944
2.4333,100,0.20944
2.4331,100,0.20944
2.433,100,0.20944
2.4328,100,0.20944
2.4327,100,0.20944
2.4325,100,0.20944
2.4324,100,0.20944
2.4322,100,0.20944
2.4321,100,0.20944
2.4319,100,0.20944
2.4317,100,0.20944
2.4316,100,0.20944
2.4314,100,0.20944
2.4313,100,0.20944
2.4311,100,0.20944
2.4309,100,0.20944
2.4308,100,0.20944
2.4306,100,0.20944
2.4304,100,0.20944
2.4303,100,0.20944
2.4301,100,0.20944
2.4299,100,0.20944
2.4297,100,0.20944
2.4296,100,0.20944
2.4294,100,0.20944
2.4292,100,0.20944
2.429,100,0.20944
2.4288,100,0.20944
2.4287,100,0.20944
2.4285,100,0.20944
2.4283,100,0.20944
2.4281,100,0.20944
2.4279,100,0.20944
2.4277,100,0.20944
2.4275,100,0.20944
2.4273,100,0.20944
2.4271,100,0.20944
2.4269,100,0.20944
2.4267,100,0.20944
2.4265,100,0.20944
2.4263,100,0.20944
2.4261,100,0.20944
2.4259,100,0.20944
2.4257,100,0.20944
2.4255,100,0.20944
2.4252,100,0.20944
2.425,100,0.20944
2.4248,100,0.20944
2.4246,100,0.20944
2.4244,100,0.20944
2.4242,100,0.20944
2.4239,100,0.20944
2.4237,100,0.20944
2.4235,100,0.20944
2.4232,100,0.20944
2.423,100,0.20944
2.4228,100,0.20944
2.4225,100,0.20944
2.4223,100,0.20944
2.4221,100,0.20944
2.4218,100,0.20944
2.4216,100,0.20944
2.4213,100,0.20944
2.4211,100,0.20944
2.4209,100,0.20944
2.4206,100,0.20944
2.4204,100,0.20944
2.4201,100,0.20944
2.4198,100,0.20944
2.4196,100,0.20944
2.4193,100,0.20944
2.4191,100,0.20944
2.4188,100,0.20944
2.4185,100,0.20944
2.4183,100,0.20944
2.418,100,0.20944
2.4177,100,0.20944
2.4175,100,0.20944
2.4172,100,0.20944
2.4169,100,0.20944
2.4166,100,0.20944
2.4164,100,0.20944
2.4161,100,0.20944
2.4158,100,0.20944
2.4155,100,0.20944
2.4152,100,0.20944
2.4149,100,0.20944
2.4146,100,0.20944
2.4143,100,0.20944
2.4141,100,0.20944
2.4138,100,0.20944
2.4135,100,0.20944
2.4132,100,0.20944
2.4129,100,0.20944
2.4126,100,0.20944
2.4122,100,0.20944
2.4119,100,0.20944
2.4116,100,0.20944
2.4113,100,0.20944
2.411,100,0.20944
2.4107,100,0.20944
2.4104,100,0.20944
2.4101,100,0.20944
2.4097,100,0.20944
2.4094,100,0.20944
2.4091,100,0.20944
2.4088,100,0.20944
2.4084,100,0.20944
2.4081,100,0.20944
2.4078,100,0.20944
2.4074,100,0.20944
2.4071,100,0.20944
2.4068,100,0.20944
2.4064,100,0.20944
2.4061,100,0.20944
2.4057,100,0.20944
2.4054,100,0.20944
2.405,100,0.20944
2.4047,100,0.20944
2.4043,100,0.20944
2.404,100,0.20944
2.4036,100,0.20944
2.4033,100,0.20944
2.4029,100,0.20944
2.4025,100,0.20944
2.4022,100,0.20944
2.4018,100,0.20944
2.4014,100,0.20944
2.4011,100,0.20944
2.4007,100,0.20944
2.4003,100,0.20944
2.3999,100,0.20944
2.3996,100,0.20944
2.3992,100,0.20944
2.3988,100,0.20944
2.3984,100,0.20944
2.398,100,0.20944
2.3977,100,0.20944
2.3973,100,0.20944
2.3969,100,0.20944
2.3965,100,0.20944
2.3961,100,0.20944
2.3957,100,0.20944
2.3953,100,0.20944
2.3949,100,0.20944
2.3945,100,0.20944
2.3941,100,0.20944
2.3937,100,0.20944
2.3933,100,0.20944
2.3929,100,0.20944
2.3925,100,0.20944
2.392,100,0.20944
2.3916,100,0.20944
2.3912,100,0.20944
2.3908,100,0.20944
2.3904,100,0.20944
2.39,100,0.20944
2.3895,100,0.20944
2.3891,100,0.20944
2.3887,100,0.20944
2.3882,100,0.20944
2.3878,100,0.20944
2.3874,100,0.20944
2.3869,100,0.20944
2.3865,100,0.20944
2.3861,100,0.20944
2.3856,100,0.20944
2.3852,100,0.20944
2.3847,100,0.20944
2.3843,100,0.20944
2.3838,100,0.20944
2.3834,100,0.20944
2.3829,100,0.20944
2.3825,100,0.20944
2.382,100,0.20944
2.3816,100,0.20944
2.3811,100,0.20944
2.3807,100,0.20944
2.3802,100,0.20944
2.3797,100,0.20944
2.3793,100,0.20944
2.3788,100,0.20944
2.3783,100,0.20944
2.3779,100,0.20944
2.3774,100,0.20944
2.3769,100,0.20944
2.3764,100,0.20944
2.376,100,0.20944
2.3755,100,0.20944
2.375,100,0.20944
2.3745,100,0.20944
2.374,100,0.20944
2.3735,100,0.20944
2.3731,100,0.20944
2.3726,100,0.20944
2.3721,100,0.20944
2.3716,100,0.20944
2.3711,100,0.20944
2.3706,100,0.20944
2.3701,100,0.20944
2.3696,100,0.20944
2.3691,100,0.20944
2.3686,100,0.20944
2.3681,100,0.20944
2.3676,100,0.20944
2.3671,100,0.20944
2.3666,100,0.20944
2.366,100,0.20944
2.3655,100,0.20944
2.365,100,0.20944
2.3645,100,0.20944
2.364,100,0.20944
2.3635,100,0.20944
2.3629,100,0.20944
2.3624,100,0.20944
2.3619,100,0.20944
2.3614,100,0.20944
2.3608,100,0.20944
2.3603,100,0.20944
2.3598,100,0.20944
2.3593,100,0.20944
2.3587,100,0.20944
2.3582,100,0.20944
2.3576,100,0.20944
2.3571,100,0.20944
2.3566,100,0.20944
2.356,100,0.20944
2.3555,100,0.20944
2.3549,100,0.20944
2.3544,100,0.20944
2.3538,100,0.20944
2.3533,100,0.20944
2.3527,100,0.20944
2.3522,100,0.20944
2.3516,100,0.20944
2.3511,100,0.20944
2.3505,100,0.20944
2.35,100,0.20944
2.3494,100,0.20944
2.3489,100,0.20944
2.3483,100,0.20944
2.3477,100,0.20944
2.3472,100,0.20944
2.3466,100,0.20944
2.346,100,0.20944
2.3455,100,0.20944
2.3449,100,0.20944
2.3443,100,0.20944
2.3438,100,0.20944
2.3432,100,0.20944
2.3426,100,0.20944
2.342,100,0.20944
2.3415,100,0.20944
2.3409,100,0.20944
2.3403,100,0.20944
2.3397,100,0.20944
2.3391,100,0.20944
2.3385,100,0.20944
2.338,100,0.20944
2.3374,100,0.20944
2.3368,100,0.20944
2.3362,100,0.20944
2.3356,100,0.20944
2.335,100,0.20944
2.3344,100,0.20944
2.3338,100,0.20944
2.3332,100,0.20944
2.3326,100,0.20944
2.332,100,0.20944
2.3314,100,0.20944
2.3308,100,0.20944
2.3302,100,0.20944
2.3296,100,0.20944
2.329,100,0.20944
2.3284,100,0.20944
2.3278,100,0.20944
2.3272,100,0.20944
2.3266,100,0.20944
2.326,100,0.20944
2.3254,100,0.20944
2.3248,100,0.20944
2.3242,100,0.20944
2.3235,100,0.20944
2.3229,100,0.20944
2.3223,100,0.20944
2.3217,100,0.20944
2.3211,100,0.20944
2.3205,100,0.20944
2.3198,100,0.20944
2.3192,100,0.20944
2.3186,100,0.20944
2.318,100,0.20944
2.3173,100,0.20944
2.3167,100,0.20944
2.3161,100,0.20944
2.3155,100,0.20944
2.3148,100,0.20944
2.3142,100,0.20944
2.3136,100,0.20944
2.3129,100,0.20944
2.3123,100,0.20944
2.3117,100,0.20944
2.311,100,0.20944
2.3104,100,0.20944
2.3098,100,0.20944
2.3091,100,0.20944
2.3085,100,0.20944
2.3079,100,0.20944
2.3072,100,0.20944
2.3066,100,0.20944
2.3059,100,0.20944
2.3053,100,0.20944
2.3046,100,0.20944
2.304,100,0.20944
2.3034,100,0.20944
2.3027,100,0.20944
2.3021,100,0.20944
2.3014,100,0.20944
2.3008,100,0.20944
2.3001,100,0.20944
2.2995,100,0.20944
2.2988,100,0.20944
2.2982,100,0.20944
2.2975,100,0.20944
2.2969,100,0.20944
2.2962,100,0.20944
2.2955,100,0.20944
2.2949,100,0.20944
2.2942,100,0.20944
2.2936,100,0.20944
2.2929,100,0.20944
2.2923,100,0.20944
2.2916,100,0.20944
2.2909,100,0.20944
2.2903,100,0.20944
2.2896,100,0.20944
2.289,100,0.20944
2.2883,100,0.20944
2.2876,100,0.20944
2.287,100,0.20944
2.2863,100,0.20944
2.2856,100,0.20944
2.285,100,0.20944
2.2843,100,0.20944
2.2836,100,0.20944
2.283,100,0.20944
2.2823,100,0.20944
2.2816,100,0.20944
2.281,100,0.20944
2.2803,100,0.20944
2.2796,100,0.20944
2.2789,100,0.20944
2.2783,100,0.20944
2.2776,100,0.20944
2.2769,100,0.20944
2.2762,100,0.20944
2.2756,100,0.20944
2.2749,100,0.20944
2.2742,100,0.20944
2.2735,100,0.20944
2.2729,100,0.20944
2.2722,100,0.20944
2.2715,100,0.20944
2.2708,100,0.20944
2.2702,100,0.20944
2.2695,100,0.20944
2.2688,100,0.20944
2.2681,100,0.20944
2.2674,100,0.20944
2.2667,100,0.20944
2.2661,100,0.20944
2.2654,100,0.20944
2.2647,100,0.20944
2.264,100,0.20944
2.2633,100,0.20944
2.2627,100,0.20944
2.262,100,0.20944
2.2613,100,0.20944
2.2606,100,0.20944
2.2599,100,0.20944
2.2592,100,0.20944
2.2585,100,0.20944
2.2579,100,0.20944
2.2572,100,0.20944
2.2565,100,0.20944
2.2558,100,0.20944
2.2551,100,0.20944
2.2544,100,0.20944
2.2537,100,0.20944
2.253,100,0.20944
2.2524,100,0.20944
2.2517,100,0.20944
2.251,100,0.20944
2.2503,100,0.20944
2.2496,100,0.20944
2.2489,100,0.20944
2.2482,100,0.20944
2.2475,100,0.20944
2.2468,100,0.20944
2.2461,100,0.20944
2.2454,100,0.20944
2.2448,100,0.20944
2.2441,100,0.20944
2.2434,100,0.20944
2.2427,100,0.20944
2.242,100,0.20944
2.2413,100,0.20944
2.2406,100,0.20944
2.2399,100,0.20944
2.2392,100,0.20944
2.2385,100,0.20944
2.2378,100,0.20944
2.2371,100,0.20944
2.2364,100,0.20944
2.2357,100,0.20944
2.2351,100,0.20944
2.2344,100,0.20944
2.2337,100,0.20944
2.233,100,0.20944
2.2323,100,0.20944
2.2316,100,0.20944
2.2309,100,0.20944
2.2302,100,0.20944
2.2295,100,0.20944
2.2288,100,0.20944
2.2281,100,0.20944
2.2274,100,0.20944
2.2267,100,0.20944
2.226,100,0.20944
2.2253,100,0.20944
2.2246,100,0.20944
2.2239,100,0.20944
2.2232,100,0.20944
2.2225,100,0.20944
2.2218,100,0.20944
2.2211,100,0.20944
2.2204,100,0.20944
2.2198,100,0.20944
2.2191,100,0.20944
2.2184,100,0.20944
2.2177,100,0.20944
2.217,100,0.20944
2.2163,100,0.20944
2.2156,100,0.20944
2.2149,100,0.20944
2.2142,100,0.20944
2.2135,100,0.20944
2.2128,100,0.20944
2.2121,100,0.20944
2.2114,100,0.20944
2.2107,100,0.20944
2.21,100,0.20944
2.2093,100,0.20944
2.2086,100,0.20944
2.2079,100,0.20944
2.2072,100,0.20944
2.2065,100,0.20944
2.2058,100,0.20944
2.2052,100,0.20944
2.2045,100,0.20944
2.2038,100,0.20944
2.2031,100,0.20944
2.2024,100,0.20944
2.2017,100,0.20944
2.201,100,0.20944
2.2003,100,0.20944
2.1996,100,0.20944
2.1989,100,0.20944
2.1982,100,0.20944
2.1975,100,0.20944
2.1968,100,0.20944
2.1961,100,0.20944
2.1954,100,0.20944
2.1947,100,0.20944
2.1941,100,0.20944
2.1934,100,0.20944
2.1927,100,0.20944
2.192,100,0.20944
2.1913,100,0.20944
2.1906,100,0.20944
2.1899,100,0.20944
2.1892,100,0.20944
2.1885,100,0.20944
2.1878,100,0.20944
2.1871,100,0.20944
2.1865,100,0.20944
2.1858,100,0.20944
2.1851,100,0.20944
2.1844,100,0.20944
2.1837,100,0.20944
2.183,100,0.20944
2.1823,100,0.20944
2.1816,100,0.20944
2.181,100,0.20944
2.1803,100,0.20944
2.1796,100,0.20944
2.1789,100,0.20944
2.1782,100,0.20944
2.1775,100,0.20944
2.1768,100,0.20944
2.1761,100,0.20944
2.1755,100,0.20944
2.1748,100,0.20944
2.1741,100,0.20944
2.1734,100,0.20944
2.1727,100,0.20944
2.172,100,0.20944
2.1714,100,0.20944
2.1707,100,0.20944
2.17,100,0.20944
2.1693,100,0.20944
2.1686,100,0.20944
2.168,100,0.20944
2.1673,100,0.20944
2.1666,100,0.20944
2.1659,100,0.20944
2.1652,100,0.20944
2.1646,100,0.20944
2.1639,100,0.20944
2.1632,100,0.20944
2.1625,100,0.20944
2.1618,100,0.20944
2.1612,100,0.20944
2.1605,100,0.20944
2.1598,100,0.20944
2.1591,100,0.20944
2.1585,100,0.20944
2.1578,100,0.20944
2.1571,100,0.20944
2.1564,100,0.20944
2.1558,100,0.20944
2.1551,100,0.20944
2.1544,100,0.20944
2.1537,100,0.20944
2.1531,100,0.20944
2.1524,100,0.20944
2.1517,100,0.20944
2.151,100,0.20944
2.1504,100,0.20944
2.1497,100,0.20944
2.149,100,0.20944
2.1484,100,0.20944
2.1477,100,0.20944
2.147,100,0.20944
2.1464,100,0.20944
2.1457,100,0.20944
2.145,100,0.20944
2.1444,100,0.20944
2.1437,100,0.20944
2.143,100,0.20944
2.1424,100,0.20944
2.1417,100,0.20944
2.141,100,0.20944
2.1404,100,0.20944
2.1397,100,0.20944
2.139,100,0.20944
2.1384,100,0.20944
2.1377,100,0.20944
2.1371,100,0.20944
2.1364,100,0.20944
2.1357,100,0.20944
2.1351,100,0.20944
2.1344,100,0.20944
2.1338,100,0.20944
2.1331,100,0.20944
2.1325,100,0.20944
2.1318,100,0.20944
2.1311,100,0.20944
2.1305,100,0.20944
2.1298,100,0.20944
2.1292,100,0.20944
2.1285,100,0.20944
2.1279,100,0.20944
2.1272,100,0.20944
2.1266,100,0.20944
2.1259,100,0.20944
2.1253,100,0.20944
2.1246,100,0.20944
2.124,100,0.20944
2.1233,100,0.20944
2.1227,100,0.20944
2.122,100,0.20944
2.1214,100,0.20944
2.1207,100,0.20944
2.1201,100,0.20944
2.1194,100,0.20944
2.1188,100,0.20944
2.1181,100,0.20944
2.1175,100,0.20944
2.1168,100,0.20944
2.1162,100,0.20944
2.1156,100,0.20944
2.1149,100,0.20944
2.1143,100,0.20944
2.1136,100,0.20944
2.113,100,0.20944
2.1123,100,0.20944
2.1117,100,0.20944
2.1111,100,0.20944
2.1104,100,0.20944
2.1098,100,0.20944
2.1092,100,0.20944
2.1085,100,0.20944
2.1079,100,0.20944
2.1072,100,0.20944
2.1066,100,0.20944
2.106,100,0.20944
2.1053,100,0.20944
2.1047,100,0.20944
2.1041,100,0.20944
2.1035,100,0.20944
2.1028,100,0.20944
2.1022,100,0.20944
2.1016,100,0.20944
2.1009,100,0.20944
2.1003,100,0.20944
2.0997,100,0.20944
2.099,100,0.20944
2.0984,100,0.20944
2.0978,100,0.20944
2.0972,100,0.20944
2.0965,100,0.20944
2.0959,100,0.20944
2.0953,100,0.20944
2.0947,100,0.20944
2.0941,100,0.20944
2.0934,100,0.20944
2.0928,100,0.20944
2.0922,100,0.20944
2.0916,100,0.20944
2.0909,100,0.20944
2.0903,100,0.20944
2.0897,100,0.20944
2.0891,100,0.20944
2.0885,100,0.20944
2.0879,100,0.20944
2.0872,100,0.20944
2.0866,100,0.20944
2.086,100,0.20944
2.0854,100,0.20944
2.0848,100,0.20944
2.0842,100,0.20944
2.0836,100,0.20944
2.083,100,0.20944
2.0823,100,0.20944
2.0817,100,0.20944
2.0811,100,0.20944
2.0805,100,0.20944
2.0799,100,0.20944
