0,134,0
-1.8504e-13,134,0.00055823
-15.584,134,0.0011159
6.6279,134,0.001673
33.956,134,0.0022296
38.396,134,0.0027856
37.636,134,0.003341
41.412,134,0.0038959
47.169,134,0.0044502
53.474,134,0.005004
59.938,134,0.0055572
66.457,134,0.0061099
72.998,134,0.006662
79.548,134,0.0072136
86.1,134,0.0077646
92.651,134,0.0083151
99.196,134,0.008865
105.73,134,0.0094143
112.26,134,0.0099632
118.77,134,0.010511
125.27,134,0.011059
131.74,134,0.011606
138.2,134,0.012153
144.63,134,0.012699
151.03,134,0.013245
157.4,134,0.01379
163.74,134,0.014334
170.05,134,0.014878
176.32,134,0.015421
182.55,134,0.015964
188.74,134,0.016506
194.88,134,0.017048
200.99,134,0.017589
207.04,134,0.01813
213.04,134,0.01867
218.99,134,0.01921
224.89,134,0.019749
230.74,134,0.020287
236.53,134,0.020825
242.26,134,0.021362
247.93,134,0.021899
253.54,134,0.022436
259.08,134,0.022971
264.57,134,0.023507
269.99,134,0.024041
275.34,134,0.024576
280.63,134,0.025109
285.85,134,0.025642
291.01,134,0.026175
296.09,134,0.026707
301.11,134,0.027239
306.06,134,0.02777
310.94,134,0.0283
315.75,134,0.02883
320.49,134,0.029359
325.16,134,0.029888
329.76,134,0.030417
334.29,134,0.030945
338.76,134,0.031472
343.15,134,0.031999
347.48,134,0.032525
351.74,134,0.033051
355.93,134,0.033576
360.06,134,0.0341
364.12,134,0.034625
368.12,134,0.035148
372.05,134,0.035671
375.92,134,0.036194
379.73,134,0.036716
383.48,134,0.037237
387.17,134,0.037758
390.8,134,0.038279
394.38,134,0.038799
397.9,134,0.039318
401.36,134,0.039837
404.78,134,0.040356
408.14,134,0.040874
411.46,134,0.041391
414.72,134,0.041908
417.94,134,0.042424
421.12,134,0.04294
424.25,134,0.043455
427.34,134,0.04397
430.39,134,0.044484
433.41,134,0.044998
436.38,134,0.045511
439.32,134,0.046024
442.23,134,0.046536
445.11,134,0.047048
447.96,134,0.047559
450.77,134,0.04807
453.56,134,0.04858
456.33,134,0.04909
459.07,134,0.049599
461.79,134,0.050108
464.48,134,0.050616
467.16,134,0.051123
469.82,134,0.05163
472.46,134,0.052137
475.08,134,0.052643
477.69,134,0.053149
480.29,134,0.053654
482.87,134,0.054159
485.45,134,0.054663
488.01,134,0.055166
490.56,134,0.055669
493.11,134,0.056172
495.64,134,0.056674
498.17,134,0.057176
500.69,134,0.057677
503.21,134,0.058177
505.72,134,0.058677
508.23,134,0.059177
510.74,134,0.059676
513.24,134,0.060175
515.74,134,0.060673
518.23,134,0.06117
520.72,134,0.061667
523.21,134,0.062164
525.7,134,0.06266
528.19,134,0.063156
530.68,134,0.063651
533.16,134,0.064145
535.64,134,0.064639
538.12,134,0.065133
540.6,134,0.065626
543.08,134,0.066119
545.55,134,0.066611
548.03,134,0.067103
550.5,134,0.067594
552.96,134,0.068084
555.43,134,0.068575
557.89,134,0.069064
560.35,134,0.069553
562.81,134,0.070042
565.26,134,0.07053
567.7,134,0.071018
570.15,134,0.071505
572.58,134,0.071992
575.01,134,0.072478
577.44,134,0.072964
579.86,134,0.073449
582.27,134,0.073934
584.68,134,0.074419
587.08,134,0.074902
589.47,134,0.075386
591.85,134,0.075869
594.22,134,0.076351
596.59,134,0.076833
598.94,134,0.077314
601.29,134,0.077795
603.62,134,0.078276
605.95,134,0.078756
608.27,134,0.079235
610.57,134,0.079714
612.86,134,0.080193
615.15,134,0.080671
617.42,134,0.081149
619.68,134,0.081626
621.93,134,0.082102
624.16,134,0.082578
626.39,134,0.083054
628.6,134,0.083529
630.8,134,0.084004
632.99,134,0.084478
635.17,134,0.084952
637.34,134,0.085425
639.49,134,0.085898
641.64,134,0.086371
643.77,134,0.086843
645.89,134,0.087314
648,134,0.087785
650.1,134,0.088255
652.19,134,0.088725
654.27,134,0.089195
656.34,134,0.089664
658.4,134,0.090133
660.45,134,0.090601
662.5,134,0.091069
664.53,134,0.091536
666.56,134,0.092002
668.58,134,0.092469
670.59,134,0.092935
672.6,134,0.0934
674.61,134,0.093865
676.6,134,0.094329
678.6,134,0.094793
680.59,134,0.095257
682.58,134,0.09572
684.56,134,0.096182
686.55,134,0.096644
688.53,134,0.097106
690.51,134,0.097567
692.5,134,0.098028
694.48,134,0.098488
696.47,134,0.098948
698.46,134,0.099407
700.45,134,0.099866
702.45,134,0.10032
704.45,134,0.10078
706.46,134,0.10124
708.47,134,0.1017
710.5,134,0.10215
712.53,134,0.10261
714.56,134,0.10307
716.61,134,0.10352
718.67,134,0.10398
720.74,134,0.10443
722.82,134,0.10488
724.92,134,0.10534
727.02,134,0.10579
729.15,134,0.10624
731.28,134,0.10669
733.43,134,0.10715
735.6,134,0.1076
737.78,134,0.10805
739.98,134,0.1085
742.2,134,0.10895
744.44,134,0.1094
746.7,134,0.10985
748.97,134,0.11029
751.27,134,0.11074
753.58,134,0.11119
755.92,134,0.11164
758.28,134,0.11208
760.66,134,0.11253
763.07,134,0.11298
765.49,134,0.11342
767.94,134,0.11387
770.42,134,0.11431
772.92,134,0.11475
775.44,134,0.1152
777.99,134,0.11564
780.56,134,0.11608
783.16,134,0.11653
785.79,134,0.11697
788.44,134,0.11741
791.11,134,0.11785
793.81,134,0.11829
796.54,134,0.11873
799.3,134,0.11917
802.08,134,0.11961
804.89,134,0.12005
807.73,134,0.12049
810.59,134,0.12092
813.48,134,0.12136
816.39,134,0.1218
819.34,134,0.12223
822.31,134,0.12267
825.31,134,0.12311
828.33,134,0.12354
831.38,134,0.12398
834.46,134,0.12441
837.56,134,0.12484
840.69,134,0.12528
843.85,134,0.12571
847.03,134,0.12614
850.24,134,0.12658
853.48,134,0.12701
856.74,134,0.12744
860.03,134,0.12787
863.34,134,0.1283
866.68,134,0.12873
870.04,134,0.12916
873.42,134,0.12959
876.84,134,0.13002
880.27,134,0.13044
883.73,134,0.13087
887.21,134,0.1313
890.72,134,0.13173
894.25,134,0.13215
897.8,134,0.13258
901.38,134,0.13301
904.97,134,0.13343
908.59,134,0.13386
912.23,134,0.13428
915.89,134,0.1347
919.58,134,0.13513
923.28,134,0.13555
927.01,134,0.13597
930.75,134,0.1364
934.52,134,0.13682
938.3,134,0.13724
942.11,134,0.13766
945.93,134,0.13808
949.77,134,0.1385
953.63,134,0.13892
957.51,134,0.13934
961.41,134,0.13976
965.32,134,0.14018
969.26,134,0.1406
973.21,134,0.14101
977.17,134,0.14143
981.15,134,0.14185
985.15,134,0.14226
989.17,134,0.14268
993.2,134,0.1431
997.25,134,0.14351
1001.3,134,0.14393
1005.4,134,0.14434
1009.5,134,0.14475
1013.6,134,0.14517
1017.7,134,0.14558
1021.8,134,0.14599
1026,134,0.14641
1030.2,134,0.14682
1034.3,134,0.14723
1038.5,134,0.14764
1042.7,134,0.14805
1046.9,134,0.14846
1051.2,134,0.14887
1055.4,134,0.14928
1059.7,134,0.14969
1063.9,134,0.1501
1068.2,134,0.15051
1072.5,134,0.15091
1076.8,134,0.15132
1081.1,134,0.15173
1085.4,134,0.15214
1089.8,134,0.15254
1094.1,134,0.15295
1098.5,134,0.15335
1102.8,134,0.15376
1107.2,134,0.15416
1111.6,134,0.15457
1116,134,0.15497
1120.4,134,0.15537
1124.8,134,0.15578
1129.2,134,0.15618
1133.6,134,0.15658
1138.1,134,0.15698
1142.5,134,0.15738
1147,134,0.15778
1151.5,134,0.15819
1155.9,134,0.15859
1160.4,134,0.15899
1164.9,134,0.15938
1169.4,134,0.15978
1173.9,134,0.16018
1178.4,134,0.16058
1182.9,134,0.16098
1187.5,134,0.16138
1192,134,0.16177
1196.5,134,0.16217
1201.1,134,0.16256
1205.6,134,0.16296
1210.2,134,0.16336
1214.7,134,0.16375
1219.3,134,0.16415
1223.9,134,0.16454
1228.4,134,0.16493
1233,134,0.16533
1237.6,134,0.16572
1242.2,134,0.16611
1246.8,134,0.1665
1251.4,134,0.1669
1256,134,0.16729
1260.6,134,0.16768
1265.2,134,0.16807
1269.8,134,0.16846
1274.4,134,0.16885
1279,134,0.16924
1283.6,134,0.16963
1288.2,134,0.17002
1292.8,134,0.1704
1297.4,134,0.17079
1302.1,134,0.17118
1306.7,134,0.17157
1311.3,134,0.17195
1315.9,134,0.17234
1320.5,134,0.17273
1325.1,134,0.17311
1329.7,134,0.1735
1334.4,134,0.17388
1339,134,0.17427
1343.6,134,0.17465
1348.2,134,0.17503
1352.8,134,0.17542
1357.4,134,0.1758
1362,134,0.17618
1366.6,134,0.17657
1371.1,134,0.17695
1375.7,134,0.17733
1380.3,134,0.17771
1384.9,134,0.17809
1389.4,134,0.17847
1394,134,0.17885
1398.6,134,0.17923
1403.1,134,0.17961
1407.6,134,0.17999
1412.2,134,0.18037
1416.7,134,0.18074
1421.2,134,0.18112
1425.7,134,0.1815
1430.2,134,0.18188
1434.7,134,0.18225
1439.2,134,0.18263
1443.7,134,0.183
1448.2,134,0.18338
1452.6,134,0.18375
1457.1,134,0.18413
1461.5,134,0.1845
1466,134,0.18488
1470.4,134,0.18525
1474.8,134,0.18562
1479.2,134,0.186
1483.6,134,0.18637
1487.9,134,0.18674
1492.3,134,0.18711
1496.6,134,0.18748
1501,134,0.18785
1505.3,134,0.18822
1509.6,134,0.18859
1513.9,134,0.18896
1518.2,134,0.18933
1522.4,134,0.1897
1526.7,134,0.19007
1530.9,134,0.19044
1535.1,134,0.19081
1539.3,134,0.19117
1543.5,134,0.19154
1547.7,134,0.19191
1551.8,134,0.19227
1556,134,0.19264
1560.1,134,0.19301
1564.2,134,0.19337
1568.3,134,0.19374
1572.4,134,0.1941
1576.4,134,0.19447
1580.4,134,0.19483
1584.5,134,0.19519
1588.5,134,0.19556
1592.4,134,0.19592
1596.4,134,0.19628
1600.3,134,0.19664
1604.3,134,0.197
1608.2,134,0.19737
1612,134,0.19773
1615.9,134,0.19809
1619.8,134,0.19845
1623.6,134,0.19881
1627.4,134,0.19917
1631.2,134,0.19953
1634.9,134,0.19989
1638.7,134,0.20024
1642.4,134,0.2006
1646.1,134,0.20096
1649.7,134,0.20132
1653.4,134,0.20167
1657,134,0.20203
1660.6,134,0.20239
1664.2,134,0.20274
1667.8,134,0.2031
1671.3,134,0.20345
1674.8,134,0.20381
1678.3,134,0.20416
1681.8,134,0.20452
1685.2,134,0.20487
1688.7,134,0.20522
1692.1,134,0.20558
1695.4,134,0.20593
1698.8,134,0.20628
1702.1,134,0.20663
1705.4,134,0.20699
1708.7,134,0.20734
1712,134,0.20769
1715.2,134,0.20804
1718.4,134,0.20839
1721.6,134,0.20874
1724.7,134,0.20909
1727.9,134,0.20944
1731,134,0.20979
1734.1,134,0.21014
1737.1,134,0.21048
1740.2,134,0.21083
1743.2,134,0.21118
1746.1,134,0.21153
1749.1,134,0.21187
1752,134,0.21222
1754.9,134,0.21257
1757.8,134,0.21291
1760.7,134,0.21326
1763.5,134,0.2136
1766.3,134,0.21395
1769,134,0.21429
1771.8,134,0.21464
1774.5,134,0.21498
1777.2,134,0.21532
1779.9,134,0.21567
1782.5,134,0.21601
1785.1,134,0.21635
1787.7,134,0.21669
1790.2,134,0.21703
1792.8,134,0.21738
1795.3,134,0.21772
1797.8,134,0.21806
1800.2,134,0.2184
1802.6,134,0.21874
1805,134,0.21908
1807.4,134,0.21942
1809.7,134,0.21975
1812,134,0.22009
1814.3,134,0.22043
1816.6,134,0.22077
1818.8,134,0.22111
1821,134,0.22144
1823.2,134,0.22178
1825.3,134,0.22212
1827.4,134,0.22245
1829.5,134,0.22279
1831.6,134,0.22313
1833.6,134,0.22346
1835.6,134,0.2238
1837.6,134,0.22413
1839.5,134,0.22446
1841.5,134,0.2248
1843.4,134,0.22513
1845.2,134,0.22546
1847.1,134,0.2258
1848.9,134,0.22613
1850.7,134,0.22646
1852.4,134,0.22679
1854.1,134,0.22713
1855.8,134,0.22746
1857.5,134,0.22779
1859.1,134,0.22812
1860.7,134,0.22845
1862.3,134,0.22878
1863.9,134,0.22911
1865.4,134,0.22944
1866.9,134,0.22977
1868.4,134,0.23009
1869.8,134,0.23042
1871.2,134,0.23075
1872.6,134,0.23108
1874,134,0.23141
1875.3,134,0.23173
1876.6,134,0.23206
1877.9,134,0.23239
1879.2,134,0.23271
1880.4,134,0.23304
1881.6,134,0.23336
1882.7,134,0.23369
1883.9,134,0.23401
1885,134,0.23434
1886.1,134,0.23466
1887.1,134,0.23498
1888.2,134,0.23531
1889.2,134,0.23563
1890.1,134,0.23595
1891.1,134,0.23628
1892,134,0.2366
1892.9,134,0.23692
1893.7,134,0.23724
1894.6,134,0.23756
1895.4,134,0.23788
1896.2,134,0.2382
1896.9,134,0.23852
1897.7,134,0.23884
1898.4,134,0.23916
1899,134,0.23948
1899.7,134,0.2398
1900.3,134,0.24012
1900.9,134,0.24044
1901.5,134,0.24076
1902,134,0.24107
1902.6,134,0.24139
1903,134,0.24171
1903.5,134,0.24202
1904,134,0.24234
1904.4,134,0.24266
1904.8,134,0.24297
1905.1,134,0.24329
1905.5,134,0.2436
1905.8,134,0.24392
1906.1,134,0.24423
1906.3,134,0.24455
1906.6,134,0.24486
1906.8,134,0.24517
1907,134,0.24549
1907.1,134,0.2458
1907.3,134,0.24611
1907.4,134,0.24642
1907.5,134,0.24674
1907.6,134,0.24705
1907.6,134,0.24736
1907.6,134,0.24767
1907.6,134,0.24798
1907.6,134,0.24829
1907.5,134,0.2486
1907.5,134,0.24891
1907.4,134,0.24922
1907.3,134,0.24953
1907.1,134,0.24984
1907,134,0.25015
1906.8,134,0.25045
1906.6,134,0.25076
1906.3,134,0.25107
1906.1,134,0.25138
1905.8,134,0.25168
1905.5,134,0.25199
1905.2,134,0.2523
1904.8,134,0.2526
1904.5,134,0.25291
1904.1,134,0.25321
1903.7,134,0.25352
1903.3,134,0.25382
1902.8,134,0.25413
1902.3,134,0.25443
1901.9,134,0.25474
1901.3,134,0.25504
1900.8,134,0.25534
1900.3,134,0.25565
1899.7,134,0.25595
1899.1,134,0.25625
1898.5,134,0.25655
1897.9,134,0.25686
1897.2,134,0.25716
1896.6,134,0.25746
1895.9,134,0.25776
1895.2,134,0.25806
1894.5,134,0.25836
1893.7,134,0.25866
1893,134,0.25896
1892.2,134,0.25926
1891.4,134,0.25956
1890.6,134,0.25986
1889.7,134,0.26016
1888.9,134,0.26045
1888,134,0.26075
1887.2,134,0.26105
1886.3,134,0.26135
1885.3,134,0.26164
1884.4,134,0.26194
1883.5,134,0.26224
1882.5,134,0.26253
1881.5,134,0.26283
1880.5,134,0.26312
1879.5,134,0.26342
1878.5,134,0.26372
1877.5,134,0.26401
1876.4,134,0.2643
1875.3,134,0.2646
1874.2,134,0.26489
1873.1,134,0.26519
1872,134,0.26548
1870.9,134,0.26577
1869.8,134,0.26606
1868.6,134,0.26636
1867.4,134,0.26665
1866.3,134,0.26694
1865.1,134,0.26723
1863.9,134,0.26752
1862.6,134,0.26781
1861.4,134,0.2681
1860.2,134,0.26839
1858.9,134,0.26868
1857.6,134,0.26897
1856.3,134,0.26926
1855,134,0.26955
1853.7,134,0.26984
1852.4,134,0.27013
1851.1,134,0.27042
1849.8,134,0.27071
1848.4,134,0.27099
1847,134,0.27128
1845.7,134,0.27157
1844.3,134,0.27185
1842.9,134,0.27214
1841.5,134,0.27243
1840.1,134,0.27271
1838.7,134,0.273
1837.2,134,0.27328
1835.8,134,0.27357
1834.3,134,0.27385
1832.9,134,0.27414
1831.4,134,0.27442
1829.9,134,0.27471
1828.5,134,0.27499
1827,134,0.27527
1825.5,134,0.27556
1824,134,0.27584
1822.5,134,0.27612
1820.9,134,0.2764
1819.4,134,0.27669
1817.9,134,0.27697
1816.3,134,0.27725
1814.8,134,0.27753
1813.2,134,0.27781
1811.7,134,0.27809
1810.1,134,0.27837
1808.5,134,0.27865
1806.9,134,0.27893
1805.4,134,0.27921
1803.8,134,0.27949
1802.2,134,0.27977
1800.6,134,0.28005
1799,134,0.28033
1797.4,134,0.2806
1795.7,134,0.28088
1794.1,134,0.28116
1792.5,134,0.28144
1790.9,134,0.28171
1789.3,134,0.28199
1787.6,134,0.28227
1786,134,0.28254
1784.3,134,0.28282
1782.7,134,0.28309
1781,134,0.28337
1779.4,134,0.28364
1777.7,134,0.28392
1776.1,134,0.28419
1774.4,134,0.28447
1772.8,134,0.28474
1771.1,134,0.28502
1769.5,134,0.28529
1767.8,134,0.28556
1766.1,134,0.28583
1764.5,134,0.28611
1762.8,134,0.28638
1761.1,134,0.28665
1759.4,134,0.28692
1757.8,134,0.28719
1756.1,134,0.28747
1754.4,134,0.28774
1752.8,134,0.28801
1751.1,134,0.28828
1749.4,134,0.28855
1747.7,134,0.28882
1746.1,134,0.28909
1744.4,134,0.28936
1742.7,134,0.28963
1741.1,134,0.28989
1739.4,134,0.29016
1737.7,134,0.29043
1736.1,134,0.2907
1734.4,134,0.29097
1732.7,134,0.29123
1731.1,134,0.2915
1729.4,134,0.29177
1727.7,134,0.29203
1726.1,134,0.2923
1724.4,134,0.29257
1722.8,134,0.29283
1721.1,134,0.2931
1719.5,134,0.29336
1717.8,134,0.29363
1716.2,134,0.29389
1714.5,134,0.29416
1712.9,134,0.29442
1711.3,134,0.29469
1709.6,134,0.29495
1708,134,0.29521
1706.4,134,0.29548
1704.8,134,0.29574
1703.2,134,0.296
1701.6,134,0.29626
1699.9,134,0.29653
1698.3,134,0.29679
1696.7,134,0.29705
1695.1,134,0.29731
1693.6,134,0.29757
1692,134,0.29783
1690.4,134,0.29809
1688.8,134,0.29835
1687.2,134,0.29861
1685.7,134,0.29887
1684.1,134,0.29913
1682.5,134,0.29939
1681,134,0.29965
1679.5,134,0.29991
1677.9,134,0.30017
1676.4,134,0.30043
1674.8,134,0.30068
1673.3,134,0.30094
1671.8,134,0.3012
1670.3,134,0.30146
1668.8,134,0.30171
1667.3,134,0.30197
1665.8,134,0.30223
1664.3,134,0.30248
1662.8,134,0.30274
1661.3,134,0.30299
1659.9,134,0.30325
1658.4,134,0.30351
1657,134,0.30376
1655.5,134,0.30401
1654.1,134,0.30427
1652.6,134,0.30452
1651.2,134,0.30478
1649.8,134,0.30503
1648.4,134,0.30528
1647,134,0.30554
1645.5,134,0.30579
1644.2,134,0.30604
1642.8,134,0.30629
1641.4,134,0.30655
1640,134,0.3068
1638.7,134,0.30705
1637.3,134,0.3073
1635.9,134,0.30755
1634.6,134,0.3078
1633.3,134,0.30805
1631.9,134,0.3083
1630.6,134,0.30855
1629.3,134,0.3088
1628,134,0.30905
1626.7,134,0.3093
1625.4,134,0.30955
1624.2,134,0.3098
1622.9,134,0.31005
1621.6,134,0.3103
1620.4,134,0.31055
1619.1,134,0.31079
1617.9,134,0.31104
1616.7,134,0.31129
1615.4,134,0.31154
1614.2,134,0.31178
1613,134,0.31203
1611.8,134,0.31228
1610.6,134,0.31252
1609.4,134,0.31277
1608.3,134,0.31301
1607.1,134,0.31326
1606,134,0.3135
1604.8,134,0.31375
1603.7,134,0.31399
1602.5,134,0.31424
1601.4,134,0.31448
1600.3,134,0.31473
1599.2,134,0.31497
1598.1,134,0.31521
1597,134,0.31546
1595.9,134,0.3157
1594.9,134,0.31594
1593.8,134,0.31618
1592.8,134,0.31643
1591.7,134,0.31667
1590.7,134,0.31691
1589.6,134,0.31715
1588.6,134,0.31739
1587.6,134,0.31763
1586.6,134,0.31787
1585.6,134,0.31811
1584.6,134,0.31836
1583.7,134,0.3186
1582.7,134,0.31884
1581.7,134,0.31907
1580.8,134,0.31931
1579.9,134,0.31955
1578.9,134,0.31979
1578,134,0.32003
1577.1,134,0.32027
1576.2,134,0.32051
1575.3,134,0.32074
1574.4,134,0.32098
1573.5,134,0.32122
1572.6,134,0.32146
1571.8,134,0.32169
1570.9,134,0.32193
1570.1,134,0.32217
1569.2,134,0.3224
1568.4,134,0.32264
1567.6,134,0.32288
1566.8,134,0.32311
1566,134,0.32335
1565.2,134,0.32358
1564.4,134,0.32382
1563.6,134,0.32405
1562.8,134,0.32428
1562.1,134,0.32452
1561.3,134,0.32475
1560.5,134,0.32499
1559.8,134,0.32522
1559.1,134,0.32545
1558.4,134,0.32569
1557.6,134,0.32592
1556.9,134,0.32615
1556.2,134,0.32638
1555.5,134,0.32662
1554.8,134,0.32685
1554.2,134,0.32708
1553.5,134,0.32731
1552.8,134,0.32754
1552.2,134,0.32777
1551.5,134,0.328
1550.9,134,0.32823
1550.3,134,0.32846
1549.6,134,0.32869
1549,134,0.32892
1548.4,134,0.32915
1547.8,134,0.32938
1547.2,134,0.32961
1546.6,134,0.32984
1546.1,134,0.33007
1545.5,134,0.3303
1544.9,134,0.33052
1544.4,134,0.33075
1543.8,134,0.33098
1543.3,134,0.33121
1542.7,134,0.33143
1542.2,134,0.33166
1541.7,134,0.33189
1541.1,134,0.33211
1540.6,134,0.33234
1540.1,134,0.33257
1539.6,134,0.33279
1539.1,134,0.33302
1538.6,134,0.33324
1538.2,134,0.33347
1537.7,134,0.33369
1537.2,134,0.33392
1536.8,134,0.33414
1536.3,134,0.33437
1535.9,134,0.33459
1535.4,134,0.33481
1535,134,0.33504
1534.5,134,0.33526
1534.1,134,0.33548
1533.7,134,0.33571
1533.3,134,0.33593
1532.9,134,0.33615
1532.5,134,0.33638
1532.1,134,0.3366
1531.7,134,0.33682
1531.3,134,0.33704
1530.9,134,0.33726
1530.5,134,0.33748
1530.2,134,0.3377
1529.8,134,0.33792
1529.4,134,0.33814
1529.1,134,0.33837
1528.7,134,0.33859
1528.4,134,0.33881
1528,134,0.33902
1527.7,134,0.33924
1527.4,134,0.33946
1527,134,0.33968
1526.7,134,0.3399
1526.4,134,0.34012
1526.1,134,0.34034
1525.7,134,0.34056
1525.4,134,0.34077
1525.1,134,0.34099
1524.8,134,0.34121
1524.5,134,0.34143
1524.2,134,0.34164
1523.9,134,0.34186
1523.7,134,0.34208
1523.4,134,0.34229
1523.1,134,0.34251
1522.8,134,0.34272
1522.5,134,0.34294
1522.3,134,0.34316
1522,134,0.34337
1521.7,134,0.34359
1521.5,134,0.3438
1521.2,134,0.34402
1521,134,0.34423
1520.7,134,0.34444
1520.4,134,0.34466
1520.2,134,0.34487
1520,134,0.34508
1519.7,134,0.3453
1519.5,134,0.34551
1519.2,134,0.34572
1519,134,0.34594
1518.7,134,0.34615
1518.5,134,0.34636
1518.3,134,0.34657
1518.1,134,0.34679
1517.8,134,0.347
1517.6,134,0.34721
1517.4,134,0.34742
1517.1,134,0.34763
1516.9,134,0.34784
1516.7,134,0.34805
1516.5,134,0.34826
1516.3,134,0.34847
1516,134,0.34868
1515.8,134,0.34889
1515.6,134,0.3491
1515.4,134,0.34931
1515.2,134,0.34952
1515,134,0.34973
1514.7,134,0.34994
1514.5,134,0.35015
1514.3,134,0.35035
1514.1,134,0.35056
1513.9,134,0.35077
1513.7,134,0.35098
1513.4,134,0.35119
1513.2,134,0.35139
1513,134,0.3516
1512.8,134,0.35181
1512.6,134,0.35201
1512.4,134,0.35222
1512.2,134,0.35243
1511.9,134,0.35263
1511.7,134,0.35284
1511.5,134,0.35304
1511.3,134,0.35325
1511.1,134,0.35345
1510.8,134,0.35366
1510.6,134,0.35386
1510.4,134,0.35407
1510.2,134,0.35427
1509.9,134,0.35448
1509.7,134,0.35468
1509.5,134,0.35488
1509.2,134,0.35509
1509,134,0.35529
1508.8,134,0.35549
1508.5,134,0.3557
1508.3,134,0.3559
1508,134,0.3561
1507.8,134,0.3563
1507.5,134,0.35651
1507.3,134,0.35671
1507,134,0.35691
1506.8,134,0.35711
1506.5,134,0.35731
1506.3,134,0.35751
1506,134,0.35771
1505.7,134,0.35792
1505.5,134,0.35812
1505.2,134,0.35832
1504.9,134,0.35852
1504.6,134,0.35872
1504.3,134,0.35892
1504.1,134,0.35912
1503.8,134,0.35931
1503.5,134,0.35951
1503.2,134,0.35971
1502.9,134,0.35991
1502.6,134,0.36011
1502.3,134,0.36031
1501.9,134,0.36051
1501.6,134,0.3607
1501.3,134,0.3609
1501,134,0.3611
1500.7,134,0.3613
1500.3,134,0.36149
1500,134,0.36169
1499.6,134,0.36189
1499.3,134,0.36208
1498.9,134,0.36228
1498.6,134,0.36248
1498.2,134,0.36267
1497.8,134,0.36287
1497.5,134,0.36306
1497.1,134,0.36326
1496.7,134,0.36345
1496.3,134,0.36365
1495.9,134,0.36384
1495.5,134,0.36404
1495.1,134,0.36423
1494.7,134,0.36443
1494.3,134,0.36462
1493.9,134,0.36481
1493.4,134,0.36501
1493,134,0.3652
1492.6,134,0.36539
1492.1,134,0.36559
1491.7,134,0.36578
1491.2,134,0.36597
1490.8,134,0.36617
1490.3,134,0.36636
1489.8,134,0.36655
1489.3,134,0.36674
1488.8,134,0.36693
1488.3,134,0.36712
1487.8,134,0.36732
1487.3,134,0.36751
1486.8,134,0.3677
1486.3,134,0.36789
1485.8,134,0.36808
1485.2,134,0.36827
1484.7,134,0.36846
1484.1,134,0.36865
1483.6,134,0.36884
1483,134,0.36903
1482.4,134,0.36922
1481.8,134,0.36941
1481.3,134,0.3696
1480.7,134,0.36979
1480.1,134,0.36997
1479.5,134,0.37016
1478.8,134,0.37035
1478.2,134,0.37054
1477.6,134,0.37073
1476.9,134,0.37091
1476.3,134,0.3711
1475.6,134,0.37129
1475,134,0.37148
1474.3,134,0.37166
1473.6,134,0.37185
1472.9,134,0.37204
1472.2,134,0.37222
1471.5,134,0.37241
1470.8,134,0.3726
1470.1,134,0.37278
1469.4,134,0.37297
1468.6,134,0.37315
1467.9,134,0.37334
1467.1,134,0.37352
1466.4,134,0.37371
1465.6,134,0.37389
1464.8,134,0.37408
1464,134,0.37426
1463.2,134,0.37444
1462.4,134,0.37463
1461.6,134,0.37481
1460.8,134,0.375
1460,134,0.37518
1459.1,134,0.37536
1458.3,134,0.37555
1457.4,134,0.37573
1456.6,134,0.37591
1455.7,134,0.37609
1454.8,134,0.37628
1453.9,134,0.37646
1453,134,0.37664
1452.1,134,0.37682
1451.2,134,0.377
1450.3,134,0.37719
1449.3,134,0.37737
1448.4,134,0.37755
1447.4,134,0.37773
1446.5,134,0.37791
1445.5,134,0.37809
1444.5,134,0.37827
1443.5,134,0.37845
1442.5,134,0.37863
1441.5,134,0.37881
1440.5,134,0.37899
1439.5,134,0.37917
1438.4,134,0.37935
1437.4,134,0.37953
1436.3,134,0.37971
1435.3,134,0.37988
1434.2,134,0.38006
1433.1,134,0.38024
1432,134,0.38042
1430.9,134,0.3806
1429.8,134,0.38078
1428.7,134,0.38095
1427.5,134,0.38113
1426.4,134,0.38131
1425.2,134,0.38149
1424.1,134,0.38166
1422.9,134,0.38184
1421.7,134,0.38202
1420.6,134,0.38219
1419.4,134,0.38237
1418.2,134,0.38254
1416.9,134,0.38272
1415.7,134,0.3829
1414.5,134,0.38307
1413.2,134,0.38325
1412,134,0.38342
1410.7,134,0.3836
1409.5,134,0.38377
1408.2,134,0.38395
1406.9,134,0.38412
1405.6,134,0.38429
1404.3,134,0.38447
1403,134,0.38464
1401.6,134,0.38482
1400.3,134,0.38499
1399,134,0.38516
1397.6,134,0.38534
1396.2,134,0.38551
1394.9,134,0.38568
1393.5,134,0.38586
1392.1,134,0.38603
1390.7,134,0.3862
1389.3,134,0.38637
1387.9,134,0.38654
1386.5,134,0.38672
1385,134,0.38689
1383.6,134,0.38706
1382.1,134,0.38723
1380.7,134,0.3874
1379.2,134,0.38757
1377.7,134,0.38774
1376.2,134,0.38792
1374.7,134,0.38809
1373.2,134,0.38826
1371.7,134,0.38843
1370.2,134,0.3886
1368.6,134,0.38877
1367.1,134,0.38894
1365.5,134,0.38911
1364,134,0.38927
1362.4,134,0.38944
1360.8,134,0.38961
1359.2,134,0.38978
1357.6,134,0.38995
1356,134,0.39012
1354.4,134,0.39029
1352.8,134,0.39045
1351.2,134,0.39062
1349.5,134,0.39079
1347.9,134,0.39096
1346.3,134,0.39113
1344.6,134,0.39129
1342.9,134,0.39146
1341.2,134,0.39163
1339.6,134,0.39179
1337.9,134,0.39196
1336.2,134,0.39213
1334.4,134,0.39229
1332.7,134,0.39246
1331,134,0.39263
1329.3,134,0.39279
1327.5,134,0.39296
1325.8,134,0.39312
1324,134,0.39329
1322.2,134,0.39345
1320.5,134,0.39362
1318.7,134,0.39378
1316.9,134,0.39395
1315.1,134,0.39411
1313.3,134,0.39428
1311.5,134,0.39444
1309.7,134,0.3946
1307.8,134,0.39477
1306,134,0.39493
1304.2,134,0.3951
1302.3,134,0.39526
1300.5,134,0.39542
1298.6,134,0.39558
1296.7,134,0.39575
1294.8,134,0.39591
1293,134,0.39607
1291.1,134,0.39623
1289.2,134,0.3964
1287.3,134,0.39656
1285.4,134,0.39672
1283.4,134,0.39688
1281.5,134,0.39704
1279.6,134,0.39721
1277.6,134,0.39737
1275.7,134,0.39753
1273.7,134,0.39769
1271.8,134,0.39785
1269.8,134,0.39801
1267.8,134,0.39817
1265.9,134,0.39833
1263.9,134,0.39849
1261.9,134,0.39865
1259.9,134,0.39881
1257.9,134,0.39897
1255.9,134,0.39913
1253.9,134,0.39929
1251.8,134,0.39945
1249.8,134,0.39961
1247.8,134,0.39977
1245.7,134,0.39992
1243.7,134,0.40008
1241.6,134,0.40024
1239.6,134,0.4004
1237.5,134,0.40056
1235.5,134,0.40072
1233.4,134,0.40087
1231.3,134,0.40103
1229.2,134,0.40119
1227.1,134,0.40135
1225,134,0.4015
1222.9,134,0.40166
1220.8,134,0.40182
1218.7,134,0.40197
1216.6,134,0.40213
1214.5,134,0.40229
1212.3,134,0.40244
1210.2,134,0.4026
1208.1,134,0.40275
1205.9,134,0.40291
1203.8,134,0.40306
1201.6,134,0.40322
1199.5,134,0.40338
1197.3,134,0.40353
1195.2,134,0.40369
1193,134,0.40384
1190.8,134,0.40399
1188.7,134,0.40415
1186.5,134,0.4043
1184.3,134,0.40446
1182.1,134,0.40461
1179.9,134,0.40477
1177.7,134,0.40492
1175.5,134,0.40507
1173.3,134,0.40523
1171.1,134,0.40538
1168.9,134,0.40553
1166.6,134,0.40568
1164.4,134,0.40584
1162.2,134,0.40599
1160,134,0.40614
1157.7,134,0.40629
1155.5,134,0.40645
1153.3,134,0.4066
1151,134,0.40675
1148.8,134,0.4069
1146.5,134,0.40705
1144.3,134,0.40721
1142,134,0.40736
1139.7,134,0.40751
1137.5,134,0.40766
1135.2,134,0.40781
1132.9,134,0.40796
1130.7,134,0.40811
1128.4,134,0.40826
1126.1,134,0.40841
1123.8,134,0.40856
1121.5,134,0.40871
1119.2,134,0.40886
1116.9,134,0.40901
1114.7,134,0.40916
1112.4,134,0.40931
1110.1,134,0.40946
1107.8,134,0.40961
1105.4,134,0.40976
1103.1,134,0.4099
1100.8,134,0.41005
1098.5,134,0.4102
1096.2,134,0.41035
1093.9,134,0.4105
1091.6,134,0.41065
1089.2,134,0.41079
1086.9,134,0.41094
1084.6,134,0.41109
1082.3,134,0.41124
1079.9,134,0.41138
1077.6,134,0.41153
1075.3,134,0.41168
1072.9,134,0.41182
1070.6,134,0.41197
1068.2,134,0.41212
1065.9,134,0.41226
1063.6,134,0.41241
1061.2,134,0.41256
1058.9,134,0.4127
1056.5,134,0.41285
1054.2,134,0.41299
1051.8,134,0.41314
1049.5,134,0.41328
1047.1,134,0.41343
1044.7,134,0.41357
1042.4,134,0.41372
1040,134,0.41386
1037.7,134,0.41401
1035.3,134,0.41415
1032.9,134,0.4143
1030.6,134,0.41444
1028.2,134,0.41458
1025.8,134,0.41473
1023.5,134,0.41487
1021.1,134,0.41502
1018.7,134,0.41516
1016.4,134,0.4153
1014,134,0.41545
1011.6,134,0.41559
1009.2,134,0.41573
1006.9,134,0.41587
1004.5,134,0.41602
1002.1,134,0.41616
999.72,134,0.4163
997.34,134,0.41644
994.96,134,0.41659
992.58,134,0.41673
990.2,134,0.41687
987.81,134,0.41701
985.43,134,0.41715
983.05,134,0.41729
980.66,134,0.41743
978.28,134,0.41758
975.89,134,0.41772
973.51,134,0.41786
971.12,134,0.418
968.73,134,0.41814
966.35,134,0.41828
963.96,134,0.41842
961.57,134,0.41856
959.18,134,0.4187
956.79,134,0.41884
954.41,134,0.41898
952.02,134,0.41912
949.63,134,0.41926
947.24,134,0.4194
944.85,134,0.41953
942.46,134,0.41967
940.07,134,0.41981
937.68,134,0.41995
935.29,134,0.42009
932.9,134,0.42023
930.51,134,0.42037
928.12,134,0.4205
925.73,134,0.42064
923.34,134,0.42078
920.95,134,0.42092
918.56,134,0.42105
916.17,134,0.42119
913.78,134,0.42133
911.39,134,0.42147
909,134,0.4216
906.61,134,0.42174
904.22,134,0.42188
901.83,134,0.42201
899.44,134,0.42215
897.05,134,0.42229
894.66,134,0.42242
892.28,134,0.42256
889.89,134,0.42269
887.5,134,0.42283
885.11,134,0.42297
882.73,134,0.4231
880.34,134,0.42324
877.95,134,0.42337
875.57,134,0.42351
873.18,134,0.42364
870.8,134,0.42378
868.41,134,0.42391
866.03,134,0.42405
863.65,134,0.42418
861.26,134,0.42431
858.88,134,0.42445
856.5,134,0.42458
854.12,134,0.42472
851.74,134,0.42485
849.35,134,0.42498
846.97,134,0.42512
844.59,134,0.42525
842.22,134,0.42538
839.84,134,0.42552
837.46,134,0.42565
835.08,134,0.42578
832.71,134,0.42592
830.33,134,0.42605
827.95,134,0.42618
825.58,134,0.42631
823.21,134,0.42644
820.83,134,0.42658
818.46,134,0.42671
816.09,134,0.42684
813.71,134,0.42697
811.34,134,0.4271
808.97,134,0.42723
806.6,134,0.42737
804.24,134,0.4275
801.87,134,0.42763
799.5,134,0.42776
797.13,134,0.42789
794.77,134,0.42802
792.4,134,0.42815
790.04,134,0.42828
787.67,134,0.42841
785.31,134,0.42854
782.95,134,0.42867
780.59,134,0.4288
778.23,134,0.42893
775.87,134,0.42906
773.51,134,0.42919
771.15,134,0.42932
768.79,134,0.42945
766.43,134,0.42958
764.08,134,0.4297
761.72,134,0.42983
759.37,134,0.42996
757.01,134,0.43009
754.66,134,0.43022
752.31,134,0.43035
749.96,134,0.43048
747.61,134,0.4306
745.26,134,0.43073
742.91,134,0.43086
740.56,134,0.43099
738.21,134,0.43111
735.87,134,0.43124
733.52,134,0.43137
731.18,134,0.4315
728.83,134,0.43162
726.49,134,0.43175
724.15,134,0.43188
721.8,134,0.432
719.46,134,0.43213
717.12,134,0.43226
714.78,134,0.43238
712.45,134,0.43251
710.11,134,0.43263
707.77,134,0.43276
705.43,134,0.43289
703.1,134,0.43301
700.77,134,0.43314
698.43,134,0.43326
696.1,134,0.43339
693.77,134,0.43351
691.44,134,0.43364
689.1,134,0.43376
686.78,134,0.43389
684.45,134,0.43401
682.12,134,0.43413
679.79,134,0.43426
677.46,134,0.43438
675.14,134,0.43451
672.81,134,0.43463
670.49,134,0.43476
668.17,134,0.43488
665.84,134,0.435
663.52,134,0.43513
661.2,134,0.43525
658.88,134,0.43537
656.56,134,0.4355
654.24,134,0.43562
651.93,134,0.43574
649.61,134,0.43586
647.29,134,0.43599
644.98,134,0.43611
642.66,134,0.43623
640.35,134,0.43635
638.03,134,0.43648
635.72,134,0.4366
633.41,134,0.43672
631.1,134,0.43684
628.79,134,0.43696
626.48,134,0.43708
624.17,134,0.43721
621.86,134,0.43733
619.56,134,0.43745
617.25,134,0.43757
614.94,134,0.43769
612.64,134,0.43781
610.33,134,0.43793
608.03,134,0.43805
605.73,134,0.43817
603.42,134,0.43829
601.12,134,0.43841
598.82,134,0.43853
596.52,134,0.43865
594.22,134,0.43877
591.92,134,0.43889
589.62,134,0.43901
587.33,134,0.43913
585.03,134,0.43925
582.73,134,0.43937
580.44,134,0.43949
578.14,134,0.43961
575.85,134,0.43973
573.56,134,0.43985
571.26,134,0.43996
568.97,134,0.44008
566.68,134,0.4402
564.39,134,0.44032
562.1,134,0.44044
559.81,134,0.44055
557.52,134,0.44067
555.23,134,0.44079
552.95,134,0.44091
550.66,134,0.44103
548.37,134,0.44114
546.09,134,0.44126
543.8,134,0.44138
541.52,134,0.44149
539.23,134,0.44161
536.95,134,0.44173
534.67,134,0.44185
532.39,134,0.44196
530.11,134,0.44208
527.83,134,0.44219
525.55,134,0.44231
523.27,134,0.44243
520.99,134,0.44254
518.71,134,0.44266
516.43,134,0.44277
514.16,134,0.44289
511.88,134,0.44301
509.6,134,0.44312
507.33,134,0.44324
505.05,134,0.44335
502.78,134,0.44347
500.51,134,0.44358
498.23,134,0.4437
495.96,134,0.44381
493.69,134,0.44393
491.42,134,0.44404
489.15,134,0.44416
486.88,134,0.44427
484.61,134,0.44438
482.34,134,0.4445
480.08,134,0.44461
477.81,134,0.44473
475.54,134,0.44484
473.28,134,0.44495
471.01,134,0.44507
468.75,134,0.44518
466.48,134,0.44529
464.22,134,0.44541
461.96,134,0.44552
459.69,134,0.44563
457.43,134,0.44575
455.17,134,0.44586
452.91,134,0.44597
450.65,134,0.44608
448.39,134,0.4462
446.13,134,0.44631
443.88,134,0.44642
441.62,134,0.44653
439.36,134,0.44664
437.11,134,0.44676
434.85,134,0.44687
432.6,134,0.44698
430.34,134,0.44709
428.09,134,0.4472
425.83,134,0.44731
423.58,134,0.44742
421.33,134,0.44753
419.08,134,0.44765
416.83,134,0.44776
414.58,134,0.44787
412.33,134,0.44798
410.08,134,0.44809
407.83,134,0.4482
405.59,134,0.44831
403.34,134,0.44842
401.1,134,0.44853
398.85,134,0.44864
396.61,134,0.44875
394.36,134,0.44886
392.12,134,0.44897
389.88,134,0.44908
387.64,134,0.44919
385.4,134,0.4493
383.16,134,0.44941
380.92,134,0.44951
378.68,134,0.44962
376.44,134,0.44973
374.2,134,0.44984
371.97,134,0.44995
369.73,134,0.45006
367.5,134,0.45017
365.26,134,0.45027
363.03,134,0.45038
360.8,134,0.45049
358.56,134,0.4506
356.33,134,0.45071
354.1,134,0.45081
351.87,134,0.45092
349.64,134,0.45103
347.42,134,0.45114
345.19,134,0.45124
342.96,134,0.45135
340.74,134,0.45146
338.51,134,0.45157
336.29,134,0.45167
334.07,134,0.45178
331.85,134,0.45189
329.63,134,0.45199
327.41,134,0.4521
325.19,134,0.45221
322.97,134,0.45231
320.75,134,0.45242
318.54,134,0.45252
316.32,134,0.45263
314.11,134,0.45274
311.89,134,0.45284
309.68,134,0.45295
307.47,134,0.45305
305.26,134,0.45316
303.05,134,0.45326
300.84,134,0.45337
298.63,134,0.45347
296.43,134,0.45358
294.22,134,0.45368
292.02,134,0.45379
289.81,134,0.45389
287.61,134,0.454
285.41,134,0.4541
283.21,134,0.45421
281.01,134,0.45431
278.81,134,0.45441
276.62,134,0.45452
274.42,134,0.45462
272.23,134,0.45473
270.04,134,0.45483
267.84,134,0.45493
265.65,134,0.45504
263.46,134,0.45514
261.28,134,0.45524
259.09,134,0.45535
256.9,134,0.45545
254.72,134,0.45555
252.53,134,0.45566
250.35,134,0.45576
248.17,134,0.45586
245.99,134,0.45596
243.82,134,0.45607
241.64,134,0.45617
239.46,134,0.45627
237.29,134,0.45637
235.12,134,0.45648
232.95,134,0.45658
230.78,134,0.45668
228.61,134,0.45678
226.44,134,0.45688
224.28,134,0.45698
222.11,134,0.45709
219.95,134,0.45719
217.79,134,0.45729
215.63,134,0.45739
213.47,134,0.45749
211.32,134,0.45759
209.16,134,0.45769
207.01,134,0.45779
204.86,134,0.45789
202.71,134,0.45799
200.56,134,0.4581
198.41,134,0.4582
196.27,134,0.4583
194.13,134,0.4584
191.98,134,0.4585
189.84,134,0.4586
187.71,134,0.4587
185.57,134,0.4588
183.44,134,0.4589
181.3,134,0.45899
179.17,134,0.45909
177.04,134,0.45919
174.92,134,0.45929
172.79,134,0.45939
170.67,134,0.45949
168.55,134,0.45959
166.43,134,0.45969
164.31,134,0.45979
162.19,134,0.45989
160.08,134,0.45998
157.97,134,0.46008
155.86,134,0.46018
153.75,134,0.46028
151.64,134,0.46038
149.54,134,0.46048
147.44,134,0.46057
145.34,134,0.46067
143.24,134,0.46077
141.14,134,0.46087
139.05,134,0.46097
136.96,134,0.46106
134.87,134,0.46116
132.78,134,0.46126
130.7,134,0.46135
128.62,134,0.46145
126.54,134,0.46155
124.46,134,0.46165
122.38,134,0.46174
120.31,134,0.46184
118.24,134,0.46194
116.17,134,0.46203
114.1,134,0.46213
112.04,134,0.46223
109.98,134,0.46232
107.92,134,0.46242
105.86,134,0.46251
103.81,134,0.46261
101.76,134,0.46271
99.707,134,0.4628
97.66,134,0.4629
95.616,134,0.46299
93.574,134,0.46309
91.535,134,0.46318
89.499,134,0.46328
87.465,134,0.46337
85.433,134,0.46347
83.405,134,0.46356
81.379,134,0.46366
79.356,134,0.46375
77.335,134,0.46385
75.317,134,0.46394
73.302,134,0.46404
71.29,134,0.46413
69.281,134,0.46423
67.274,134,0.46432
65.27,134,0.46441
63.269,134,0.46451
61.271,134,0.4646
59.276,134,0.4647
57.283,134,0.46479
55.294,134,0.46488
53.307,134,0.46498
51.324,134,0.46507
49.343,134,0.46516
47.366,134,0.46526
45.391,134,0.46535
43.42,134,0.46544
41.451,134,0.46554
39.486,134,0.46563
37.524,134,0.46572
35.565,134,0.46582
33.609,134,0.46591
31.656,134,0.466
29.706,134,0.46609
27.76,134,0.46619
25.817,134,0.46628
23.877,134,0.46637
21.94,134,0.46646
20.007,134,0.46655
18.077,134,0.46665
16.15,134,0.46674
14.226,134,0.46683
12.306,134,0.46692
10.389,134,0.46701
8.4761,134,0.4671
6.5662,134,0.4672
4.6598,134,0.46729
2.7568,134,0.46738
0.85722,134,0.46747
-1.0388,134,0.46756
-2.9313,134,0.46765
-4.8203,134,0.46774
-6.7058,134,0.46783
-8.5876,134,0.46792
-10.466,134,0.46801
-12.341,134,0.4681
-14.212,134,0.46819
-16.079,134,0.46828
-17.943,134,0.46837
-19.803,134,0.46846
-21.659,134,0.46855
-23.512,134,0.46864
-25.361,134,0.46873
-27.206,134,0.46882
-29.047,134,0.46891
-30.885,134,0.469
-32.718,134,0.46909
-34.548,134,0.46918
-36.374,134,0.46927
-38.196,134,0.46936
-40.015,134,0.46945
-41.829,134,0.46954
-43.639,134,0.46963
-45.446,134,0.46972
-47.248,134,0.4698
-49.047,134,0.46989
-50.841,134,0.46998
-52.632,134,0.47007
-54.418,134,0.47016
-56.201,134,0.47025
-57.979,134,0.47034
-59.753,134,0.47042
-61.523,134,0.47051
-63.289,134,0.4706
-65.051,134,0.47069
-66.809,134,0.47078
-68.563,134,0.47086
-70.312,134,0.47095
-72.057,134,0.47104
-73.798,134,0.47113
-75.535,134,0.47121
-77.267,134,0.4713
-78.995,134,0.47139
-80.719,134,0.47147
-82.439,134,0.47156
-84.154,134,0.47165
-85.865,134,0.47174
-87.571,134,0.47182
-89.273,134,0.47191
-90.971,134,0.47199
-92.664,134,0.47208
-94.353,134,0.47217
-96.038,134,0.47225
-97.718,134,0.47234
-99.393,134,0.47243
-101.06,134,0.47251
-102.73,134,0.4726
-104.39,134,0.47268
-106.05,134,0.47277
-107.7,134,0.47286
-109.35,134,0.47294
-111,134,0.47303
-112.63,134,0.47311
-114.27,134,0.4732
-115.9,134,0.47328
-117.52,134,0.47337
-119.14,134,0.47345
-120.76,134,0.47354
-122.37,134,0.47362
-123.98,134,0.47371
-125.58,134,0.47379
-127.18,134,0.47388
-128.77,134,0.47396
-130.36,134,0.47405
-131.94,134,0.47413
-133.52,134,0.47422
-135.09,134,0.4743
-136.66,134,0.47438
-138.22,134,0.47447
-139.78,134,0.47455
-141.34,134,0.47464
-142.89,134,0.47472
-144.43,134,0.4748
-145.97,134,0.47489
-147.5,134,0.47497
-149.03,134,0.47505
-150.56,134,0.47514
-152.08,134,0.47522
-153.59,134,0.4753
-155.1,134,0.47539
-156.61,134,0.47547
-158.11,134,0.47555
-159.6,134,0.47564
-161.09,134,0.47572
-162.58,134,0.4758
-164.06,134,0.47588
-165.53,134,0.47597
-167,134,0.47605
-168.47,134,0.47613
-169.93,134,0.47621
-171.38,134,0.4763
-172.83,134,0.47638
-174.27,134,0.47646
-175.71,134,0.47654
-177.15,134,0.47662
-178.58,134,0.47671
-180,134,0.47679
-181.42,134,0.47687
-182.83,134,0.47695
-184.24,134,0.47703
-185.65,134,0.47711
-187.04,134,0.4772
-188.44,134,0.47728
-189.82,134,0.47736
-191.21,134,0.47744
-192.58,134,0.47752
-193.96,134,0.4776
-195.32,134,0.47768
-196.68,134,0.47776
-198.04,134,0.47784
-199.39,134,0.47792
-200.74,134,0.478
-202.08,134,0.47809
-203.41,134,0.47817
-204.74,134,0.47825
-206.07,134,0.47833
-207.39,134,0.47841
-208.7,134,0.47849
-210.01,134,0.47857
-211.31,134,0.47865
-212.61,134,0.47873
-213.9,134,0.47881
-215.19,134,0.47889
-216.47,134,0.47897
-217.75,134,0.47904
-219.02,134,0.47912
-220.29,134,0.4792
-221.55,134,0.47928
-222.8,134,0.47936
-224.05,134,0.47944
-225.29,134,0.47952
-226.53,134,0.4796
-227.77,134,0.47968
-229,134,0.47976
-230.22,134,0.47984
-231.44,134,0.47991
-232.65,134,0.47999
-233.85,134,0.48007
-235.06,134,0.48015
-236.25,134,0.48023
-237.44,134,0.48031
-238.63,134,0.48038
-239.81,134,0.48046
-240.98,134,0.48054
-242.15,134,0.48062
-243.31,134,0.4807
-244.47,134,0.48077
-245.62,134,0.48085
-246.77,134,0.48093
-247.91,134,0.48101
-249.04,134,0.48108
-250.17,134,0.48116
-251.3,134,0.48124
-252.42,134,0.48132
-253.53,134,0.48139
-254.64,134,0.48147
-255.74,134,0.48155
-256.84,134,0.48162
-257.93,134,0.4817
-259.02,134,0.48178
-260.1,134,0.48185
-261.18,134,0.48193
-262.25,134,0.48201
-263.31,134,0.48208
-264.37,134,0.48216
-265.42,134,0.48224
-266.47,134,0.48231
-267.52,134,0.48239
-268.55,134,0.48247
-269.58,134,0.48254
-270.61,134,0.48262
-271.63,134,0.48269
-272.65,134,0.48277
-273.66,134,0.48284
-274.66,134,0.48292
-275.66,134,0.483
-276.65,134,0.48307
-277.64,134,0.48315
-278.63,134,0.48322
-279.6,134,0.4833
-280.57,134,0.48337
-281.54,134,0.48345
-282.5,134,0.48352
-283.46,134,0.4836
-284.41,134,0.48367
-285.35,134,0.48375
-286.29,134,0.48382
-287.22,134,0.4839
-288.15,134,0.48397
-289.07,134,0.48405
-289.99,134,0.48412
-290.9,134,0.48419
-291.81,134,0.48427
-292.71,134,0.48434
-293.61,134,0.48442
-294.5,134,0.48449
-295.38,134,0.48456
-296.26,134,0.48464
-297.14,134,0.48471
-298,134,0.48479
-298.87,134,0.48486
-299.73,134,0.48493
-300.58,134,0.48501
-301.43,134,0.48508
-302.27,134,0.48515
-303.1,134,0.48523
-303.94,134,0.4853
-304.76,134,0.48537
-305.58,134,0.48545
-306.4,134,0.48552
-307.21,134,0.48559
-308.01,134,0.48567
-308.81,134,0.48574
-309.6,134,0.48581
-310.39,134,0.48588
-311.18,134,0.48596
-311.95,134,0.48603
-312.73,134,0.4861
-313.49,134,0.48617
-314.26,134,0.48625
-315.01,134,0.48632
-315.76,134,0.48639
-316.51,134,0.48646
-317.25,134,0.48653
-317.99,134,0.48661
-318.72,134,0.48668
-319.44,134,0.48675
-320.16,134,0.48682
-320.88,134,0.48689
-321.59,134,0.48696
-322.29,134,0.48704
-322.99,134,0.48711
-323.69,134,0.48718
-324.38,134,0.48725
-325.06,134,0.48732
-325.74,134,0.48739
-326.41,134,0.48746
-327.08,134,0.48753
-327.75,134,0.48761
-328.41,134,0.48768
-329.06,134,0.48775
-329.71,134,0.48782
-330.35,134,0.48789
-330.99,134,0.48796
-331.62,134,0.48803
-332.25,134,0.4881
-332.87,134,0.48817
-333.49,134,0.48824
-334.1,134,0.48831
-334.71,134,0.48838
-335.32,134,0.48845
-335.91,134,0.48852
-336.51,134,0.48859
-337.1,134,0.48866
-337.68,134,0.48873
-338.26,134,0.4888
-338.83,134,0.48887
-339.4,134,0.48894
-339.96,134,0.48901
-340.52,134,0.48908
-341.08,134,0.48915
-341.62,134,0.48922
-342.17,134,0.48929
-342.71,134,0.48936
-343.24,134,0.48943
-343.77,134,0.48949
-344.3,134,0.48956
-344.82,134,0.48963
-345.33,134,0.4897
-345.84,134,0.48977
-346.35,134,0.48984
-346.85,134,0.48991
-347.35,134,0.48998
-347.84,134,0.49004
-348.33,134,0.49011
-348.81,134,0.49018
-349.29,134,0.49025
-349.76,134,0.49032
-350.23,134,0.49039
-350.69,134,0.49045
-351.15,134,0.49052
-351.61,134,0.49059
-352.06,134,0.49066
-352.5,134,0.49073
-352.94,134,0.49079
-353.38,134,0.49086
-353.81,134,0.49093
-354.24,134,0.491
-354.66,134,0.49106
-355.08,134,0.49113
-355.49,134,0.4912
-355.9,134,0.49127
-356.31,134,0.49133
-356.71,134,0.4914
-357.1,134,0.49147
-357.5,134,0.49153
-357.88,134,0.4916
-358.27,134,0.49167
-358.64,134,0.49173
-359.02,134,0.4918
-359.39,134,0.49187
-359.75,134,0.49193
-360.12,134,0.492
-360.47,134,0.49207
-360.82,134,0.49213
-361.17,134,0.4922
-361.52,134,0.49227
-361.86,134,0.49233
-362.19,134,0.4924
-362.53,134,0.49247
-362.85,134,0.49253
-363.18,134,0.4926
-363.5,134,0.49266
-363.81,134,0.49273
-364.12,134,0.49279
-364.43,134,0.49286
-364.73,134,0.49293
-365.03,134,0.49299
-365.32,134,0.49306
-365.62,134,0.49312
-365.9,134,0.49319
-366.18,134,0.49325
-366.46,134,0.49332
-366.74,134,0.49338
-367.01,134,0.49345
-367.28,134,0.49351
-367.54,134,0.49358
-367.8,134,0.49364
-368.05,134,0.49371
-368.3,134,0.49377
-368.55,134,0.49384
-368.79,134,0.4939
-369.03,134,0.49397
-369.27,134,0.49403
-369.5,134,0.4941
-369.73,134,0.49416
-369.96,134,0.49422
-370.18,134,0.49429
-370.39,134,0.49435
-370.61,134,0.49442
-370.82,134,0.49448
-371.02,134,0.49454
-371.23,134,0.49461
-371.42,134,0.49467
-371.62,134,0.49474
-371.81,134,0.4948
-372,134,0.49486
-372.18,134,0.49493
-372.36,134,0.49499
-372.54,134,0.49505
-372.72,134,0.49512
-372.89,134,0.49518
-373.05,134,0.49524
-373.22,134,0.49531
-373.38,134,0.49537
-373.53,134,0.49543
-373.69,134,0.4955
-373.84,134,0.49556
-373.98,134,0.49562
-374.13,134,0.49569
-374.27,134,0.49575
-374.4,134,0.49581
-374.53,134,0.49587
-374.66,134,0.49594
-374.79,134,0.496
-374.91,134,0.49606
-375.03,134,0.49612
-375.15,134,0.49619
-375.26,134,0.49625
-375.37,134,0.49631
-375.48,134,0.49637
-375.59,134,0.49644
-375.69,134,0.4965
-375.78,134,0.49656
-375.88,134,0.49662
-375.97,134,0.49668
-376.06,134,0.49674
-376.14,134,0.49681
-376.23,134,0.49687
-376.31,134,0.49693
-376.38,134,0.49699
-376.46,134,0.49705
-376.53,134,0.49711
-376.59,134,0.49718
-376.66,134,0.49724
-376.72,134,0.4973
-376.78,134,0.49736
-376.83,134,0.49742
-376.89,134,0.49748
-376.94,134,0.49754
-376.99,134,0.4976
-377.03,134,0.49766
-377.07,134,0.49773
-377.11,134,0.49779
-377.15,134,0.49785
-377.18,134,0.49791
-377.21,134,0.49797
-377.24,134,0.49803
-377.26,134,0.49809
-377.29,134,0.49815
-377.31,134,0.49821
-377.32,134,0.49827
-377.34,134,0.49833
-377.35,134,0.49839
-377.36,134,0.49845
-377.37,134,0.49851
-377.37,134,0.49857
-377.37,134,0.49863
-377.37,134,0.49869
-377.37,134,0.49875
-377.36,134,0.49881
-377.35,134,0.49887
-377.34,134,0.49893
-377.33,134,0.49899
-377.31,134,0.49905
-377.3,134,0.49911
-377.28,134,0.49917
-377.25,134,0.49923
-377.23,134,0.49929
-377.2,134,0.49934
-377.17,134,0.4994
-377.14,134,0.49946
-377.1,134,0.49952
-377.07,134,0.49958
-377.03,134,0.49964
-376.99,134,0.4997
-376.94,134,0.49976
-376.9,134,0.49982
-376.85,134,0.49987
-376.8,134,0.49993
-376.75,134,0.49999
-376.69,134,0.50005
-376.64,134,0.50011
-376.58,134,0.50017
-376.52,134,0.50023
-376.45,134,0.50028
-376.39,134,0.50034
-376.32,134,0.5004
-376.25,134,0.50046
-376.18,134,0.50052
-376.11,134,0.50057
-376.03,134,0.50063
-375.95,134,0.50069
-375.88,134,0.50075
-375.79,134,0.5008
-375.71,134,0.50086
-375.63,134,0.50092
-375.54,134,0.50098
-375.45,134,0.50104
-375.36,134,0.50109
-375.27,134,0.50115
-375.17,134,0.50121
-375.08,134,0.50126
-374.98,134,0.50132
-374.88,134,0.50138
-374.78,134,0.50144
-374.67,134,0.50149
-374.57,134,0.50155
-374.46,134,0.50161
-374.35,134,0.50166
-374.24,134,0.50172
-374.13,134,0.50178
-374.01,134,0.50183
-373.9,134,0.50189
-373.78,134,0.50195
-373.66,134,0.502
-373.54,134,0.50206
-373.42,134,0.50212
-373.29,134,0.50217
-373.17,134,0.50223
-373.04,134,0.50229
-372.91,134,0.50234
-372.78,134,0.5024
-372.65,134,0.50245
-372.52,134,0.50251
-372.38,134,0.50257
-372.24,134,0.50262
-372.11,134,0.50268
-371.97,134,0.50273
-371.83,134,0.50279
-371.68,134,0.50285
-371.54,134,0.5029
-371.39,134,0.50296
-371.25,134,0.50301
-371.1,134,0.50307
-370.95,134,0.50312
-370.8,134,0.50318
-370.65,134,0.50323
-370.49,134,0.50329
-370.34,134,0.50334
-370.18,134,0.5034
-370.02,134,0.50345
-369.86,134,0.50351
-369.7,134,0.50356
-369.54,134,0.50362
-369.38,134,0.50367
-369.21,134,0.50373
-369.05,134,0.50378
-368.88,134,0.50384
-368.71,134,0.50389
-368.54,134,0.50395
-368.37,134,0.504
-368.2,134,0.50406
-368.03,134,0.50411
-367.86,134,0.50417
-367.68,134,0.50422
-367.5,134,0.50427
-367.33,134,0.50433
-367.15,134,0.50438
-366.97,134,0.50444
-366.79,134,0.50449
-366.6,134,0.50454
-366.42,134,0.5046
-366.24,134,0.50465
-366.05,134,0.50471
-365.87,134,0.50476
-365.68,134,0.50481
-365.49,134,0.50487
-365.3,134,0.50492
-365.11,134,0.50497
-364.92,134,0.50503
-364.72,134,0.50508
-364.53,134,0.50513
-364.34,134,0.50519
-364.14,134,0.50524
-363.94,134,0.50529
-363.75,134,0.50535
-363.55,134,0.5054
-363.35,134,0.50545
-363.15,134,0.50551
-362.95,134,0.50556
-362.74,134,0.50561
-362.54,134,0.50567
-362.34,134,0.50572
-362.13,134,0.50577
-361.92,134,0.50582
-361.72,134,0.50588
-361.51,134,0.50593
-361.3,134,0.50598
-361.09,134,0.50603
-360.88,134,0.50609
-360.67,134,0.50614
-360.46,134,0.50619
-360.25,134,0.50624
-360.03,134,0.5063
-359.82,134,0.50635
-359.6,134,0.5064
-359.39,134,0.50645
-359.17,134,0.5065
-358.95,134,0.50656
-358.73,134,0.50661
-358.51,134,0.50666
-358.29,134,0.50671
-358.07,134,0.50676
-357.85,134,0.50682
-357.63,134,0.50687
-357.41,134,0.50692
-357.18,134,0.50697
-356.96,134,0.50702
-356.73,134,0.50707
-356.51,134,0.50712
-356.28,134,0.50718
-356.06,134,0.50723
-355.83,134,0.50728
-355.6,134,0.50733
-355.37,134,0.50738
-355.14,134,0.50743
-354.91,134,0.50748
-354.68,134,0.50753
-354.45,134,0.50758
-354.21,134,0.50764
-353.98,134,0.50769
-353.75,134,0.50774
-353.51,134,0.50779
-353.28,134,0.50784
-353.04,134,0.50789
-352.81,134,0.50794
-352.57,134,0.50799
-352.33,134,0.50804
-352.09,134,0.50809
-351.85,134,0.50814
-351.61,134,0.50819
-351.37,134,0.50824
-351.13,134,0.50829
-350.89,134,0.50834
-350.65,134,0.50839
-350.41,134,0.50844
-350.17,134,0.50849
-349.92,134,0.50854
-349.68,134,0.50859
-349.44,134,0.50864
-349.19,134,0.50869
-348.95,134,0.50874
-348.7,134,0.50879
-348.45,134,0.50884
-348.21,134,0.50889
-347.96,134,0.50894
-347.71,134,0.50899
-347.46,134,0.50904
-347.21,134,0.50909
-346.96,134,0.50914
-346.71,134,0.50919
-346.46,134,0.50924
-346.21,134,0.50929
-345.96,134,0.50934
-345.71,134,0.50939
-345.45,134,0.50943
-345.2,134,0.50948
-344.95,134,0.50953
-344.69,134,0.50958
-344.44,134,0.50963
-344.18,134,0.50968
-343.93,134,0.50973
-343.67,134,0.50978
-343.42,134,0.50983
-343.16,134,0.50987
-342.9,134,0.50992
-342.64,134,0.50997
-342.38,134,0.51002
-342.13,134,0.51007
-341.87,134,0.51012
-341.61,134,0.51017
-341.35,134,0.51021
-341.09,134,0.51026
-340.83,134,0.51031
-340.56,134,0.51036
-340.3,134,0.51041
-340.04,134,0.51045
-339.78,134,0.5105
-339.51,134,0.51055
-339.25,134,0.5106
-338.99,134,0.51065
-338.72,134,0.51069
-338.46,134,0.51074
-338.19,134,0.51079
-337.93,134,0.51084
-337.66,134,0.51088
-337.39,134,0.51093
-337.13,134,0.51098
-336.86,134,0.51103
-336.59,134,0.51107
-336.32,134,0.51112
-336.05,134,0.51117
-335.78,134,0.51122
-335.51,134,0.51126
-335.24,134,0.51131
-334.97,134,0.51136
-334.7,134,0.51141
-334.43,134,0.51145
-334.16,134,0.5115
-333.89,134,0.51155
-333.62,134,0.51159
-333.34,134,0.51164
-333.07,134,0.51169
-332.8,134,0.51173
-332.52,134,0.51178
-332.25,134,0.51183
-331.97,134,0.51187
-331.7,134,0.51192
-331.42,134,0.51197
-331.15,134,0.51201
-330.87,134,0.51206
-330.59,134,0.51211
-330.32,134,0.51215
-330.04,134,0.5122
-329.76,134,0.51225
-329.48,134,0.51229
-329.2,134,0.51234
-328.92,134,0.51238
-328.64,134,0.51243
-328.36,134,0.51248
-328.08,134,0.51252
-327.8,134,0.51257
-327.52,134,0.51261
-327.24,134,0.51266
-326.96,134,0.51271
-326.68,134,0.51275
-326.39,134,0.5128
-326.11,134,0.51284
-325.83,134,0.51289
-325.54,134,0.51293
-325.26,134,0.51298
-324.97,134,0.51303
-324.69,134,0.51307
-324.4,134,0.51312
-324.12,134,0.51316
-323.83,134,0.51321
-323.54,134,0.51325
-323.26,134,0.5133
-322.97,134,0.51334
-322.68,134,0.51339
-322.39,134,0.51343
-322.1,134,0.51348
-321.81,134,0.51352
-321.52,134,0.51357
-321.23,134,0.51361
-320.94,134,0.51366
-320.65,134,0.5137
-320.36,134,0.51375
-320.07,134,0.51379
-319.78,134,0.51384
-319.48,134,0.51388
-319.19,134,0.51393
-318.9,134,0.51397
-318.6,134,0.51402
-318.31,134,0.51406
-318.02,134,0.5141
-317.72,134,0.51415
-317.43,134,0.51419
-317.13,134,0.51424
-316.83,134,0.51428
-316.54,134,0.51433
-316.24,134,0.51437
-315.94,134,0.51441
-315.64,134,0.51446
-315.35,134,0.5145
-315.05,134,0.51455
-314.75,134,0.51459
-314.45,134,0.51463
-314.15,134,0.51468
-313.85,134,0.51472
-313.55,134,0.51477
-313.25,134,0.51481
-312.94,134,0.51485
-312.64,134,0.5149
-312.34,134,0.51494
-312.04,134,0.51498
-311.73,134,0.51503
-311.43,134,0.51507
-311.12,134,0.51511
-310.82,134,0.51516
-310.51,134,0.5152
-310.21,134,0.51524
-309.9,134,0.51529
-309.6,134,0.51533
-309.29,134,0.51537
-308.98,134,0.51542
-308.67,134,0.51546
-308.37,134,0.5155
-308.06,134,0.51555
-307.75,134,0.51559
-307.44,134,0.51563
-307.13,134,0.51567
-306.82,134,0.51572
-306.51,134,0.51576
-306.19,134,0.5158
-305.88,134,0.51585
-305.57,134,0.51589
-305.26,134,0.51593
-304.94,134,0.51597
-304.63,134,0.51602
-304.32,134,0.51606
-304,134,0.5161
-303.69,134,0.51614
-303.37,134,0.51619
-303.05,134,0.51623
-302.74,134,0.51627
-302.42,134,0.51631
-302.1,134,0.51635
-301.79,134,0.5164
-301.47,134,0.51644
-301.15,134,0.51648
-300.83,134,0.51652
-300.51,134,0.51656
-300.19,134,0.51661
-299.87,134,0.51665
-299.55,134,0.51669
-299.23,134,0.51673
-298.9,134,0.51677
-298.58,134,0.51682
-298.26,134,0.51686
-297.94,134,0.5169
-297.61,134,0.51694
-297.29,134,0.51698
-296.96,134,0.51702
-296.64,134,0.51706
-296.31,134,0.51711
-295.98,134,0.51715
-295.66,134,0.51719
-295.33,134,0.51723
-295,134,0.51727
-294.67,134,0.51731
-294.35,134,0.51735
-294.02,134,0.51739
-293.69,134,0.51744
-293.36,134,0.51748
-293.03,134,0.51752
-292.69,134,0.51756
-292.36,134,0.5176
-292.03,134,0.51764
-291.7,134,0.51768
-291.37,134,0.51772
-291.03,134,0.51776
-290.7,134,0.5178
-290.36,134,0.51784
-290.03,134,0.51789
-289.69,134,0.51793
-289.36,134,0.51797
-289.02,134,0.51801
-288.68,134,0.51805
-288.35,134,0.51809
-288.01,134,0.51813
-287.67,134,0.51817
-287.33,134,0.51821
-286.99,134,0.51825
-286.65,134,0.51829
-286.31,134,0.51833
-285.97,134,0.51837
-285.63,134,0.51841
-285.29,134,0.51845
-284.94,134,0.51849
-284.6,134,0.51853
-284.26,134,0.51857
-283.91,134,0.51861
-283.57,134,0.51865
-283.23,134,0.51869
-282.88,134,0.51873
-282.53,134,0.51877
-282.19,134,0.51881
-281.84,134,0.51885
-281.49,134,0.51889
-281.15,134,0.51893
-280.8,134,0.51897
-280.45,134,0.51901
-280.1,134,0.51905
-279.75,134,0.51909
-279.4,134,0.51913
-279.05,134,0.51916
-278.7,134,0.5192
-278.35,134,0.51924
-278,134,0.51928
-277.64,134,0.51932
-277.29,134,0.51936
-276.94,134,0.5194
-276.58,134,0.51944
-276.23,134,0.51948
-275.87,134,0.51952
-275.52,134,0.51956
-275.16,134,0.51959
-274.81,134,0.51963
-274.45,134,0.51967
-274.09,134,0.51971
-273.74,134,0.51975
-273.38,134,0.51979
-273.02,134,0.51983
-272.66,134,0.51987
-272.3,134,0.5199
-271.94,134,0.51994
-271.58,134,0.51998
-271.22,134,0.52002
-270.86,134,0.52006
-270.5,134,0.5201
-270.13,134,0.52014
-269.77,134,0.52017
-269.41,134,0.52021
-269.04,134,0.52025
-268.68,134,0.52029
-268.32,134,0.52033
-267.95,134,0.52037
-267.58,134,0.5204
-267.22,134,0.52044
-266.85,134,0.52048
-266.49,134,0.52052
-266.12,134,0.52056
-265.75,134,0.52059
-265.38,134,0.52063
-265.01,134,0.52067
-264.65,134,0.52071
-264.28,134,0.52074
-263.91,134,0.52078
-263.54,134,0.52082
-263.17,134,0.52086
-262.79,134,0.5209
-262.42,134,0.52093
-262.05,134,0.52097
-261.68,134,0.52101
-261.31,134,0.52105
-260.93,134,0.52108
-260.56,134,0.52112
-260.18,134,0.52116
-259.81,134,0.5212
-259.44,134,0.52123
-259.06,134,0.52127
-258.68,134,0.52131
-258.31,134,0.52134
-257.93,134,0.52138
-257.56,134,0.52142
-257.18,134,0.52146
-256.8,134,0.52149
-256.42,134,0.52153
-256.04,134,0.52157
-255.67,134,0.5216
-255.29,134,0.52164
-254.91,134,0.52168
-254.53,134,0.52171
-254.15,134,0.52175
-253.77,134,0.52179
-253.39,134,0.52182
-253,134,0.52186
-252.62,134,0.5219
-252.24,134,0.52193
-251.86,134,0.52197
-251.48,134,0.52201
-251.09,134,0.52204
-250.71,134,0.52208
-250.33,134,0.52212
-249.94,134,0.52215
-249.56,134,0.52219
-249.17,134,0.52223
-248.79,134,0.52226
-248.4,134,0.5223
-248.02,134,0.52233
-247.63,134,0.52237
-247.24,134,0.52241
-246.86,134,0.52244
-246.47,134,0.52248
-246.08,134,0.52251
-245.7,134,0.52255
-245.31,134,0.52259
-244.92,134,0.52262
-244.53,134,0.52266
-244.14,134,0.52269
-243.75,134,0.52273
-243.36,134,0.52277
-242.97,134,0.5228
-242.58,134,0.52284
-242.19,134,0.52287
-241.8,134,0.52291
-241.41,134,0.52294
-241.02,134,0.52298
-240.63,134,0.52301
-240.24,134,0.52305
-239.85,134,0.52309
-239.46,134,0.52312
-239.06,134,0.52316
-238.67,134,0.52319
-238.28,134,0.52323
-237.89,134,0.52326
-237.49,134,0.5233
-237.1,134,0.52333
-236.71,134,0.52337
-236.31,134,0.5234
-235.92,134,0.52344
-235.53,134,0.52347
-235.13,134,0.52351
-234.74,134,0.52354
-234.34,134,0.52358
-233.95,134,0.52361
-233.55,134,0.52365
-233.16,134,0.52368
-232.76,134,0.52372
-232.37,134,0.52375
-231.97,134,0.52379
-231.58,134,0.52382
-231.18,134,0.52386
-230.78,134,0.52389
-230.39,134,0.52393
-229.99,134,0.52396
-229.59,134,0.52399
-229.2,134,0.52403
-228.8,134,0.52406
-228.4,134,0.5241
-228.01,134,0.52413
-227.61,134,0.52417
-227.21,134,0.5242
-226.82,134,0.52424
-226.42,134,0.52427
-226.02,134,0.5243
-225.62,134,0.52434
-225.22,134,0.52437
-224.83,134,0.52441
-224.43,134,0.52444
-224.03,134,0.52447
-223.63,134,0.52451
-223.24,134,0.52454
-222.84,134,0.52458
-222.44,134,0.52461
-222.04,134,0.52464
-221.64,134,0.52468
-221.24,134,0.52471
-220.85,134,0.52475
-220.45,134,0.52478
-220.05,134,0.52481
-219.65,134,0.52485
-219.25,134,0.52488
-218.85,134,0.52491
-218.46,134,0.52495
-218.06,134,0.52498
-217.66,134,0.52501
-217.26,134,0.52505
-216.86,134,0.52508
-216.46,134,0.52512
-216.07,134,0.52515
-215.67,134,0.52518
-215.27,134,0.52522
-214.87,134,0.52525
-214.47,134,0.52528
-214.08,134,0.52531
-213.68,134,0.52535
-213.28,134,0.52538
-212.88,134,0.52541
-212.48,134,0.52545
-212.09,134,0.52548
-211.69,134,0.52551
-211.29,134,0.52555
-210.89,134,0.52558
-210.5,134,0.52561
-210.1,134,0.52565
-209.7,134,0.52568
-209.31,134,0.52571
-208.91,134,0.52574
-208.51,134,0.52578
-208.11,134,0.52581
-207.72,134,0.52584
-207.32,134,0.52587
-206.93,134,0.52591
-206.53,134,0.52594
-206.13,134,0.52597
-205.74,134,0.526
-205.34,134,0.52604
-204.95,134,0.52607
-204.55,134,0.5261
-204.16,134,0.52613
-203.76,134,0.52617
-203.37,134,0.5262
-202.97,134,0.52623
-202.58,134,0.52626
-202.19,134,0.5263
-201.79,134,0.52633
-201.4,134,0.52636
-201.01,134,0.52639
-200.61,134,0.52642
-200.22,134,0.52646
-199.83,134,0.52649
-199.44,134,0.52652
-199.04,134,0.52655
-198.65,134,0.52658
-198.26,134,0.52662
-197.87,134,0.52665
-197.48,134,0.52668
-197.09,134,0.52671
-196.7,134,0.52674
-196.31,134,0.52678
-195.92,134,0.52681
-195.53,134,0.52684
-195.14,134,0.52687
-194.75,134,0.5269
-194.36,134,0.52693
-193.97,134,0.52697
-193.59,134,0.527
-193.2,134,0.52703
-192.81,134,0.52706
-192.43,134,0.52709
-192.04,134,0.52712
-191.65,134,0.52715
-191.27,134,0.52719
-190.88,134,0.52722
-190.5,134,0.52725
-190.11,134,0.52728
-189.73,134,0.52731
-189.35,134,0.52734
-188.96,134,0.52737
-188.58,134,0.5274
-188.2,134,0.52743
-187.82,134,0.52747
-187.43,134,0.5275
-187.05,134,0.52753
-186.67,134,0.52756
-186.29,134,0.52759
-185.91,134,0.52762
-185.53,134,0.52765
-185.15,134,0.52768
-184.77,134,0.52771
-184.4,134,0.52774
-184.02,134,0.52777
-183.64,134,0.52781
-183.26,134,0.52784
-182.89,134,0.52787
-182.51,134,0.5279
-182.14,134,0.52793
-181.76,134,0.52796
-181.39,134,0.52799
-181.02,134,0.52802
-180.64,134,0.52805
-180.27,134,0.52808
-179.9,134,0.52811
-179.53,134,0.52814
-179.15,134,0.52817
-178.78,134,0.5282
-178.41,134,0.52823
-178.04,134,0.52826
-177.68,134,0.52829
-177.31,134,0.52832
-176.94,134,0.52835
-176.57,134,0.52838
-176.21,134,0.52841
-175.84,134,0.52844
-175.47,134,0.52847
-175.11,134,0.5285
-174.75,134,0.52853
-174.38,134,0.52856
-174.02,134,0.52859
-173.66,134,0.52862
-173.29,134,0.52865
-172.93,134,0.52868
-172.57,134,0.52871
-172.21,134,0.52874
-171.85,134,0.52877
-171.5,134,0.5288
-171.14,134,0.52883
-170.78,134,0.52886
-170.42,134,0.52889
-170.07,134,0.52892
-169.71,134,0.52895
-169.36,134,0.52898
-169,134,0.52901
-168.65,134,0.52904
-168.3,134,0.52907
-167.94,134,0.5291
-167.59,134,0.52913
-167.24,134,0.52916
-166.89,134,0.52919
-166.54,134,0.52921
-166.19,134,0.52924
-165.85,134,0.52927
-165.5,134,0.5293
-165.15,134,0.52933
-164.81,134,0.52936
-164.46,134,0.52939
-164.12,134,0.52942
-163.77,134,0.52945
-163.43,134,0.52948
-163.09,134,0.52951
-162.75,134,0.52954
-162.41,134,0.52956
-162.07,134,0.52959
-161.73,134,0.52962
-161.39,134,0.52965
-161.05,134,0.52968
-160.72,134,0.52971
-160.38,134,0.52974
-160.05,134,0.52977
-159.71,134,0.52979
-159.38,134,0.52982
-159.04,134,0.52985
-158.71,134,0.52988
-158.38,134,0.52991
-158.05,134,0.52994
-157.72,134,0.52997
-157.39,134,0.53
-157.06,134,0.53002
-156.74,134,0.53005
-156.41,134,0.53008
-156.08,134,0.53011
-155.76,134,0.53014
-155.44,134,0.53017
-155.11,134,0.53019
-154.79,134,0.53022
-154.47,134,0.53025
-154.15,134,0.53028
-153.83,134,0.53031
-153.51,134,0.53034
-153.19,134,0.53036
-152.87,134,0.53039
-152.56,134,0.53042
-152.24,134,0.53045
-151.93,134,0.53048
-151.61,134,0.5305
-151.3,134,0.53053
-150.99,134,0.53056
-150.68,134,0.53059
-150.37,134,0.53062
-150.06,134,0.53064
-149.75,134,0.53067
-149.44,134,0.5307
-149.13,134,0.53073
-148.83,134,0.53075
-148.52,134,0.53078
-148.22,134,0.53081
-147.92,134,0.53084
-147.61,134,0.53087
-147.31,134,0.53089
-147.01,134,0.53092
-146.71,134,0.53095
-146.41,134,0.53098
-146.12,134,0.531
-145.82,134,0.53103
-145.52,134,0.53106
-145.23,134,0.53109
-144.93,134,0.53111
-144.64,134,0.53114
-144.35,134,0.53117
-144.06,134,0.5312
-143.77,134,0.53122
-143.48,134,0.53125
-143.19,134,0.53128
-142.9,134,0.5313
-142.62,134,0.53133
-142.33,134,0.53136
-142.05,134,0.53139
-141.76,134,0.53141
-141.48,134,0.53144
-141.2,134,0.53147
-140.92,134,0.53149
-140.64,134,0.53152
-140.36,134,0.53155
-140.08,134,0.53157
-139.8,134,0.5316
-139.53,134,0.53163
-139.25,134,0.53166
-138.98,134,0.53168
-138.7,134,0.53171
-138.43,134,0.53174
-138.16,134,0.53176
-137.89,134,0.53179
-137.62,134,0.53182
-137.35,134,0.53184
-137.08,134,0.53187
-136.82,134,0.5319
-136.55,134,0.53192
-136.29,134,0.53195
-136.02,134,0.53198
-135.76,134,0.532
-135.5,134,0.53203
-135.24,134,0.53206
-134.98,134,0.53208
-134.72,134,0.53211
-134.46,134,0.53213
-134.21,134,0.53216
-133.95,134,0.53219
-133.7,134,0.53221
-133.44,134,0.53224
-133.19,134,0.53227
-132.94,134,0.53229
-132.69,134,0.53232
-132.44,134,0.53234
-132.19,134,0.53237
-131.94,134,0.5324
-131.69,134,0.53242
-131.45,134,0.53245
-131.2,134,0.53247
-130.96,134,0.5325
-130.72,134,0.53253
-130.48,134,0.53255
-130.23,134,0.53258
-129.99,134,0.5326
-129.76,134,0.53263
-129.52,134,0.53266
-129.28,134,0.53268
-129.05,134,0.53271
-128.81,134,0.53273
-128.58,134,0.53276
-128.34,134,0.53279
-128.11,134,0.53281
-127.88,134,0.53284
-127.65,134,0.53286
-127.42,134,0.53289
-127.19,134,0.53291
-126.97,134,0.53294
-126.74,134,0.53296
-126.52,134,0.53299
-126.29,134,0.53302
-126.07,134,0.53304
-125.85,134,0.53307
-125.63,134,0.53309
-125.41,134,0.53312
-125.19,134,0.53314
-124.97,134,0.53317
-124.75,134,0.53319
-124.54,134,0.53322
-124.32,134,0.53324
-124.11,134,0.53327
-123.9,134,0.53329
-123.68,134,0.53332
-123.47,134,0.53335
-123.26,134,0.53337
-123.05,134,0.5334
-122.85,134,0.53342
-122.64,134,0.53345
-122.43,134,0.53347
-122.23,134,0.5335
-122.02,134,0.53352
-121.82,134,0.53355
-121.62,134,0.53357
-121.42,134,0.5336
-121.22,134,0.53362
-121.02,134,0.53365
-120.82,134,0.53367
-120.62,134,0.53369
-120.43,134,0.53372
-120.23,134,0.53374
-120.04,134,0.53377
-119.84,134,0.53379
-119.65,134,0.53382
-119.46,134,0.53384
-119.27,134,0.53387
-119.08,134,0.53389
-118.89,134,0.53392
-118.7,134,0.53394
-118.52,134,0.53397
-118.33,134,0.53399
-118.15,134,0.53402
-117.96,134,0.53404
-117.78,134,0.53406
-117.6,134,0.53409
-117.42,134,0.53411
-117.24,134,0.53414
-117.06,134,0.53416
-116.88,134,0.53419
-116.7,134,0.53421
-116.53,134,0.53423
-116.35,134,0.53426
-116.18,134,0.53428
-116,134,0.53431
-115.83,134,0.53433
-115.66,134,0.53436
-115.49,134,0.53438
-115.32,134,0.5344
-115.15,134,0.53443
-114.98,134,0.53445
-114.82,134,0.53448
-114.65,134,0.5345
-114.49,134,0.53452
-114.32,134,0.53455
-114.16,134,0.53457
-114,134,0.5346
-113.84,134,0.53462
-113.67,134,0.53464
-113.52,134,0.53467
-113.36,134,0.53469
-113.2,134,0.53472
-113.04,134,0.53474
-112.89,134,0.53476
-112.73,134,0.53479
-112.58,134,0.53481
-112.42,134,0.53483
-112.27,134,0.53486
-112.12,134,0.53488
-111.97,134,0.5349
-111.82,134,0.53493
-111.67,134,0.53495
-111.52,134,0.53498
-111.38,134,0.535
-111.23,134,0.53502
-111.08,134,0.53505
-110.94,134,0.53507
-110.8,134,0.53509
-110.65,134,0.53512
-110.51,134,0.53514
-110.37,134,0.53516
-110.23,134,0.53519
-110.09,134,0.53521
-109.95,134,0.53523
-109.81,134,0.53526
-109.68,134,0.53528
-109.54,134,0.5353
-109.41,134,0.53533
-109.27,134,0.53535
-109.14,134,0.53537
-109,134,0.5354
-108.87,134,0.53542
-108.74,134,0.53544
-108.61,134,0.53546
-108.48,134,0.53549
-108.35,134,0.53551
-108.22,134,0.53553
-108.1,134,0.53556
-107.97,134,0.53558
-107.85,134,0.5356
-107.72,134,0.53563
-107.6,134,0.53565
-107.47,134,0.53567
-107.35,134,0.53569
-107.23,134,0.53572
-107.11,134,0.53574
-106.99,134,0.53576
-106.87,134,0.53578
-106.75,134,0.53581
-106.63,134,0.53583
-106.52,134,0.53585
-106.4,134,0.53588
-106.29,134,0.5359
-106.17,134,0.53592
-106.06,134,0.53594
-105.94,134,0.53597
-105.83,134,0.53599
-105.72,134,0.53601
-105.61,134,0.53603
-105.5,134,0.53606
-105.39,134,0.53608
-105.28,134,0.5361
-105.17,134,0.53612
-105.06,134,0.53615
-104.96,134,0.53617
-104.85,134,0.53619
-104.75,134,0.53621
-104.64,134,0.53623
-104.54,134,0.53626
-104.43,134,0.53628
-104.33,134,0.5363
-104.23,134,0.53632
-104.13,134,0.53635
-104.03,134,0.53637
-103.93,134,0.53639
-103.83,134,0.53641
-103.73,134,0.53643
-103.63,134,0.53646
-103.54,134,0.53648
-103.44,134,0.5365
-103.34,134,0.53652
-103.25,134,0.53654
-103.15,134,0.53657
-103.06,134,0.53659
-102.97,134,0.53661
-102.87,134,0.53663
-102.78,134,0.53665
-102.69,134,0.53668
-102.6,134,0.5367
-102.51,134,0.53672
-102.42,134,0.53674
-102.33,134,0.53676
-102.24,134,0.53678
-102.15,134,0.53681
-102.07,134,0.53683
-101.98,134,0.53685
-101.9,134,0.53687
-101.81,134,0.53689
-101.73,134,0.53691
-101.64,134,0.53694
-101.56,134,0.53696
-101.47,134,0.53698
-101.39,134,0.537
-101.31,134,0.53702
-101.23,134,0.53704
-101.15,134,0.53707
-101.07,134,0.53709
-100.99,134,0.53711
-100.91,134,0.53713
-100.83,134,0.53715
-100.75,134,0.53717
-100.68,134,0.53719
-100.6,134,0.53721
-100.52,134,0.53724
-100.45,134,0.53726
-100.37,134,0.53728
-100.3,134,0.5373
-100.22,134,0.53732
-100.15,134,0.53734
-100.08,134,0.53736
-100,134,0.53738
-99.93,134,0.53741
-99.858,134,0.53743
-99.787,134,0.53745
-99.716,134,0.53747
-99.646,134,0.53749
-99.576,134,0.53751
-99.507,134,0.53753
-99.438,134,0.53755
-99.369,134,0.53757
-99.301,134,0.53759
-99.234,134,0.53762
-99.167,134,0.53764
-99.1,134,0.53766
-99.034,134,0.53768
-98.968,134,0.5377
-98.903,134,0.53772
-98.838,134,0.53774
-98.774,134,0.53776
-98.71,134,0.53778
-98.646,134,0.5378
-98.583,134,0.53782
-98.521,134,0.53784
-98.458,134,0.53786
-98.397,134,0.53789
-98.335,134,0.53791
-98.274,134,0.53793
-98.213,134,0.53795
-98.153,134,0.53797
-98.093,134,0.53799
-98.034,134,0.53801
-97.975,134,0.53803
-97.916,134,0.53805
-97.858,134,0.53807
-97.8,134,0.53809
-97.742,134,0.53811
-97.685,134,0.53813
-97.628,134,0.53815
-97.571,134,0.53817
-97.515,134,0.53819
-97.459,134,0.53821
-97.404,134,0.53823
-97.349,134,0.53825
-97.294,134,0.53827
-97.24,134,0.53829
-97.186,134,0.53831
-97.132,134,0.53833
-97.078,134,0.53835
-97.025,134,0.53837
-96.972,134,0.53839
-96.92,134,0.53841
-96.868,134,0.53843
-96.816,134,0.53845
-96.764,134,0.53847
-96.713,134,0.53849
-96.662,134,0.53851
-96.611,134,0.53853
-96.561,134,0.53855
-96.511,134,0.53857
-96.461,134,0.53859
-96.412,134,0.53861
-96.362,134,0.53863
-96.313,134,0.53865
-96.265,134,0.53867
-96.216,134,0.53869
-96.168,134,0.53871
-96.12,134,0.53873
-96.072,134,0.53875
-96.025,134,0.53877
-95.978,134,0.53879
-95.931,134,0.53881
-95.884,134,0.53883
-95.838,134,0.53885
-95.791,134,0.53887
-95.745,134,0.53889
-95.7,134,0.53891
-95.654,134,0.53893
-95.609,134,0.53895
-95.564,134,0.53897
-95.519,134,0.53899
-95.474,134,0.53901
-95.43,134,0.53903
-95.386,134,0.53905
-95.341,134,0.53907
-95.298,134,0.53909
-95.254,134,0.53911
-95.21,134,0.53912
-95.167,134,0.53914
-95.124,134,0.53916
-95.081,134,0.53918
-95.038,134,0.5392
-94.996,134,0.53922
-94.954,134,0.53924
-94.911,134,0.53926
-94.869,134,0.53928
-94.827,134,0.5393
-94.786,134,0.53932
-94.744,134,0.53934
-94.703,134,0.53936
-94.661,134,0.53938
-94.62,134,0.53939
-94.579,134,0.53941
-94.539,134,0.53943
-94.498,134,0.53945
-94.457,134,0.53947
-94.417,134,0.53949
-94.377,134,0.53951
-94.337,134,0.53953
-94.296,134,0.53955
-94.257,134,0.53957
-94.217,134,0.53958
-94.177,134,0.5396
-94.138,134,0.53962
-94.098,134,0.53964
-94.059,134,0.53966
-94.02,134,0.53968
-93.981,134,0.5397
-93.941,134,0.53972
-93.903,134,0.53974
-93.864,134,0.53975
-93.825,134,0.53977
-93.786,134,0.53979
-93.748,134,0.53981
-93.709,134,0.53983
-93.671,134,0.53985
-93.633,134,0.53987
-93.594,134,0.53988
-93.556,134,0.5399
-93.518,134,0.53992
-93.48,134,0.53994
-93.442,134,0.53996
-93.404,134,0.53998
-93.366,134,0.54
-93.329,134,0.54001
-93.291,134,0.54003
-93.253,134,0.54005
-93.216,134,0.54007
-93.178,134,0.54009
-93.141,134,0.54011
-93.103,134,0.54013
-93.066,134,0.54014
-93.028,134,0.54016
-92.991,134,0.54018
-92.954,134,0.5402
-92.916,134,0.54022
-92.879,134,0.54024
-92.842,134,0.54025
-92.805,134,0.54027
-92.767,134,0.54029
-92.73,134,0.54031
-92.693,134,0.54033
-92.656,134,0.54034
-92.619,134,0.54036
-92.582,134,0.54038
-92.545,134,0.5404
-92.508,134,0.54042
-92.471,134,0.54044
-92.433,134,0.54045
-92.396,134,0.54047
-92.359,134,0.54049
-92.322,134,0.54051
-92.285,134,0.54053
-92.248,134,0.54054
-92.211,134,0.54056
-92.174,134,0.54058
-92.137,134,0.5406
-92.1,134,0.54061
-92.063,134,0.54063
-92.025,134,0.54065
-91.988,134,0.54067
-91.951,134,0.54069
-91.914,134,0.5407
-91.877,134,0.54072
-91.839,134,0.54074
-91.802,134,0.54076
-91.765,134,0.54078
-91.727,134,0.54079
-91.69,134,0.54081
-91.653,134,0.54083
-91.615,134,0.54085
-91.578,134,0.54086
-91.54,134,0.54088
-91.503,134,0.5409
-91.465,134,0.54092
-91.427,134,0.54093
-91.39,134,0.54095
-91.352,134,0.54097
-91.314,134,0.54099
-91.276,134,0.541
-91.238,134,0.54102
-91.2,134,0.54104
-91.162,134,0.54106
-91.124,134,0.54107
-91.086,134,0.54109
-91.048,134,0.54111
-91.01,134,0.54113
-90.971,134,0.54114
-90.933,134,0.54116
-90.895,134,0.54118
-90.856,134,0.5412
-90.818,134,0.54121
-90.779,134,0.54123
-90.74,134,0.54125
-90.701,134,0.54126
-90.663,134,0.54128
-90.624,134,0.5413
-90.585,134,0.54132
-90.546,134,0.54133
-90.507,134,0.54135
-90.467,134,0.54137
-90.428,134,0.54139
-90.389,134,0.5414
-90.349,134,0.54142
-90.31,134,0.54144
-90.27,134,0.54145
-90.23,134,0.54147
-90.191,134,0.54149
-90.151,134,0.5415
-90.111,134,0.54152
-90.071,134,0.54154
-90.031,134,0.54156
-89.99,134,0.54157
-89.95,134,0.54159
-89.91,134,0.54161
-89.869,134,0.54162
-89.828,134,0.54164
-89.788,134,0.54166
-89.747,134,0.54167
-89.706,134,0.54169
-89.665,134,0.54171
-89.624,134,0.54172
-89.583,134,0.54174
-89.542,134,0.54176
-89.5,134,0.54177
-89.459,134,0.54179
-89.417,134,0.54181
-89.376,134,0.54182
-89.334,134,0.54184
-89.292,134,0.54186
-89.25,134,0.54187
-89.208,134,0.54189
-89.166,134,0.54191
-89.123,134,0.54192
-89.081,134,0.54194
-89.039,134,0.54196
-88.996,134,0.54197
-88.953,134,0.54199
-88.91,134,0.54201
-88.868,134,0.54202
-88.824,134,0.54204
-88.781,134,0.54206
-88.738,134,0.54207
-88.695,134,0.54209
-88.651,134,0.54211
-88.608,134,0.54212
-88.564,134,0.54214
-88.52,134,0.54215
-88.476,134,0.54217
-88.432,134,0.54219
-88.388,134,0.5422
-88.344,134,0.54222
-88.3,134,0.54224
-88.255,134,0.54225
-88.21,134,0.54227
-88.166,134,0.54229
-88.121,134,0.5423
-88.076,134,0.54232
-88.031,134,0.54233
-87.986,134,0.54235
-87.941,134,0.54237
-87.895,134,0.54238
-87.85,134,0.5424
-87.804,134,0.54241
-87.758,134,0.54243
-87.712,134,0.54245
-87.667,134,0.54246
-87.62,134,0.54248
-87.574,134,0.54249
-87.528,134,0.54251
-87.482,134,0.54253
-87.435,134,0.54254
-87.388,134,0.54256
-87.342,134,0.54257
-87.295,134,0.54259
-87.248,134,0.54261
-87.201,134,0.54262
-87.153,134,0.54264
-87.106,134,0.54265
-87.059,134,0.54267
-87.011,134,0.54269
-86.963,134,0.5427
-86.916,134,0.54272
-86.868,134,0.54273
-86.82,134,0.54275
-86.772,134,0.54276
-86.723,134,0.54278
-86.675,134,0.5428
-86.627,134,0.54281
-86.578,134,0.54283
-86.529,134,0.54284
-86.48,134,0.54286
-86.432,134,0.54287
-86.382,134,0.54289
-86.333,134,0.54291
-86.284,134,0.54292
-86.235,134,0.54294
-86.185,134,0.54295
-86.136,134,0.54297
-86.086,134,0.54298
-86.036,134,0.543
-85.986,134,0.54301
-85.936,134,0.54303
-85.886,134,0.54305
-85.836,134,0.54306
-85.785,134,0.54308
-85.735,134,0.54309
-85.684,134,0.54311
-85.634,134,0.54312
-85.583,134,0.54314
-85.532,134,0.54315
-85.481,134,0.54317
-85.43,134,0.54318
-85.379,134,0.5432
-85.328,134,0.54321
-85.276,134,0.54323
-85.225,134,0.54324
-85.173,134,0.54326
-85.121,134,0.54328
-85.07,134,0.54329
-85.018,134,0.54331
-84.966,134,0.54332
-84.913,134,0.54334
-84.861,134,0.54335
-84.809,134,0.54337
-84.757,134,0.54338
-84.704,134,0.5434
-84.651,134,0.54341
-84.599,134,0.54343
-84.546,134,0.54344
-84.493,134,0.54346
-84.44,134,0.54347
-84.387,134,0.54349
-84.334,134,0.5435
-84.281,134,0.54352
-84.227,134,0.54353
-84.174,134,0.54355
-84.12,134,0.54356
-84.067,134,0.54358
-84.013,134,0.54359
-83.959,134,0.54361
-83.905,134,0.54362
-83.851,134,0.54364
-83.797,134,0.54365
-83.743,134,0.54367
-83.689,134,0.54368
-83.634,134,0.5437
-83.58,134,0.54371
-83.526,134,0.54373
-83.471,134,0.54374
-83.416,134,0.54376
-83.362,134,0.54377
-83.307,134,0.54378
-83.252,134,0.5438
-83.197,134,0.54381
-83.142,134,0.54383
-83.087,134,0.54384
-83.032,134,0.54386
-82.976,134,0.54387
-82.921,134,0.54389
-82.866,134,0.5439
-82.81,134,0.54392
-82.755,134,0.54393
-82.699,134,0.54395
-82.643,134,0.54396
-82.587,134,0.54397
-82.532,134,0.54399
-82.476,134,0.544
-82.42,134,0.54402
-82.364,134,0.54403
-82.308,134,0.54405
-82.251,134,0.54406
-82.195,134,0.54408
-82.139,134,0.54409
-82.083,134,0.5441
-82.026,134,0.54412
-81.97,134,0.54413
-81.913,134,0.54415
-81.857,134,0.54416
-81.8,134,0.54418
-81.743,134,0.54419
-81.686,134,0.54421
-81.63,134,0.54422
-81.573,134,0.54423
-81.516,134,0.54425
-81.459,134,0.54426
-81.402,134,0.54428
-81.345,134,0.54429
-81.288,134,0.54431
-81.23,134,0.54432
-81.173,134,0.54433
-81.116,134,0.54435
-81.059,134,0.54436
-81.001,134,0.54438
-80.944,134,0.54439
-80.886,134,0.5444
-80.829,134,0.54442
-80.771,134,0.54443
-80.714,134,0.54445
-80.656,134,0.54446
-80.599,134,0.54447
-80.541,134,0.54449
-80.483,134,0.5445
-80.425,134,0.54452
-80.368,134,0.54453
-80.31,134,0.54454
-80.252,134,0.54456
-80.194,134,0.54457
-80.136,134,0.54459
-80.078,134,0.5446
-80.02,134,0.54461
-79.962,134,0.54463
-79.904,134,0.54464
-79.846,134,0.54466
-79.788,134,0.54467
-79.73,134,0.54468
-79.672,134,0.5447
-79.614,134,0.54471
-79.556,134,0.54472
-79.497,134,0.54474
-79.439,134,0.54475
-79.381,134,0.54477
-79.323,134,0.54478
-79.265,134,0.54479
-79.206,134,0.54481
-79.148,134,0.54482
-79.09,134,0.54483
-79.031,134,0.54485
-78.973,134,0.54486
-78.915,134,0.54488
-78.856,134,0.54489
-78.798,134,0.5449
-78.74,134,0.54492
-78.681,134,0.54493
-78.623,134,0.54494
-78.565,134,0.54496
-78.506,134,0.54497
-78.448,134,0.54498
-78.389,134,0.545
-78.331,134,0.54501
-78.273,134,0.54502
-78.214,134,0.54504
-78.156,134,0.54505
-78.097,134,0.54506
-78.039,134,0.54508
-77.981,134,0.54509
-77.922,134,0.54511
-77.864,134,0.54512
-77.805,134,0.54513
-77.747,134,0.54515
-77.689,134,0.54516
-77.63,134,0.54517
-77.572,134,0.54519
-77.514,134,0.5452
-77.455,134,0.54521
-77.397,134,0.54523
-77.339,134,0.54524
-77.281,134,0.54525
-77.222,134,0.54527
-77.164,134,0.54528
-77.106,134,0.54529
-77.048,134,0.5453
-76.989,134,0.54532
-76.931,134,0.54533
-76.873,134,0.54534
-76.815,134,0.54536
-76.757,134,0.54537
-76.699,134,0.54538
-76.641,134,0.5454
-76.583,134,0.54541
-76.525,134,0.54542
-76.467,134,0.54544
-76.409,134,0.54545
-76.351,134,0.54546
-76.293,134,0.54548
-76.235,134,0.54549
-76.177,134,0.5455
-76.119,134,0.54551
-76.062,134,0.54553
-76.004,134,0.54554
-75.946,134,0.54555
-75.889,134,0.54557
-75.831,134,0.54558
-75.773,134,0.54559
-75.716,134,0.5456
-75.658,134,0.54562
-75.601,134,0.54563
-75.543,134,0.54564
-75.486,134,0.54566
-75.429,134,0.54567
-75.371,134,0.54568
-75.314,134,0.54569
-75.257,134,0.54571
-75.199,134,0.54572
-75.142,134,0.54573
-75.085,134,0.54575
-75.028,134,0.54576
-74.971,134,0.54577
-74.914,134,0.54578
-74.857,134,0.5458
-74.8,134,0.54581
-74.744,134,0.54582
-74.687,134,0.54584
-74.63,134,0.54585
-74.573,134,0.54586
-74.517,134,0.54587
-74.46,134,0.54589
-74.404,134,0.5459
-74.347,134,0.54591
-74.291,134,0.54592
-74.234,134,0.54594
-74.178,134,0.54595
-74.122,134,0.54596
-74.066,134,0.54597
-74.01,134,0.54599
-73.953,134,0.546
-73.897,134,0.54601
-73.842,134,0.54602
-73.786,134,0.54604
-73.73,134,0.54605
-73.674,134,0.54606
-73.618,134,0.54607
-73.563,134,0.54609
-73.507,134,0.5461
-73.452,134,0.54611
-73.396,134,0.54612
-73.341,134,0.54614
-73.285,134,0.54615
-73.23,134,0.54616
-73.175,134,0.54617
-73.12,134,0.54618
-73.065,134,0.5462
-73.01,134,0.54621
-72.955,134,0.54622
-72.9,134,0.54623
-72.845,134,0.54625
-72.791,134,0.54626
-72.736,134,0.54627
-72.681,134,0.54628
-72.627,134,0.5463
-72.572,134,0.54631
-72.518,134,0.54632
-72.464,134,0.54633
-72.41,134,0.54634
-72.355,134,0.54636
-72.301,134,0.54637
-72.247,134,0.54638
-72.194,134,0.54639
-72.14,134,0.5464
-72.086,134,0.54642
-72.032,134,0.54643
-71.979,134,0.54644
-71.925,134,0.54645
-71.872,134,0.54647
-71.818,134,0.54648
-71.765,134,0.54649
-71.712,134,0.5465
-71.659,134,0.54651
-71.606,134,0.54653
-71.553,134,0.54654
-71.5,134,0.54655
-71.447,134,0.54656
-71.394,134,0.54657
-71.342,134,0.54658
-71.289,134,0.5466
-71.237,134,0.54661
-71.184,134,0.54662
-71.132,134,0.54663
-71.08,134,0.54664
-71.027,134,0.54666
-70.975,134,0.54667
-70.923,134,0.54668
-70.871,134,0.54669
-70.82,134,0.5467
-70.768,134,0.54672
-70.716,134,0.54673
-70.665,134,0.54674
-70.613,134,0.54675
-70.562,134,0.54676
-70.511,134,0.54677
-70.459,134,0.54679
-70.408,134,0.5468
-70.357,134,0.54681
-70.306,134,0.54682
-70.255,134,0.54683
-70.204,134,0.54684
-70.154,134,0.54686
-70.103,134,0.54687
-70.053,134,0.54688
-70.002,134,0.54689
-69.952,134,0.5469
-69.902,134,0.54691
-69.851,134,0.54693
-69.801,134,0.54694
-69.751,134,0.54695
-69.701,134,0.54696
-69.652,134,0.54697
-69.602,134,0.54698
-69.552,134,0.54699
-69.503,134,0.54701
-69.453,134,0.54702
-69.404,134,0.54703
-69.355,134,0.54704
-69.305,134,0.54705
-69.256,134,0.54706
-69.207,134,0.54708
-69.158,134,0.54709
-69.11,134,0.5471
-69.061,134,0.54711
-69.012,134,0.54712
-68.964,134,0.54713
-68.915,134,0.54714
-68.867,134,0.54715
-68.818,134,0.54717
-68.77,134,0.54718
-68.722,134,0.54719
-68.674,134,0.5472
-68.626,134,0.54721
-68.578,134,0.54722
-68.531,134,0.54723
-68.483,134,0.54725
-68.435,134,0.54726
-68.388,134,0.54727
-68.34,134,0.54728
-68.293,134,0.54729
-68.246,134,0.5473
-68.199,134,0.54731
-68.152,134,0.54732
-68.105,134,0.54733
-68.058,134,0.54735
-68.011,134,0.54736
-67.965,134,0.54737
-67.918,134,0.54738
-67.872,134,0.54739
-67.825,134,0.5474
-67.779,134,0.54741
-67.733,134,0.54742
-67.687,134,0.54744
-67.641,134,0.54745
-67.595,134,0.54746
-67.549,134,0.54747
-67.503,134,0.54748
-67.457,134,0.54749
-67.412,134,0.5475
-67.366,134,0.54751
-67.321,134,0.54752
-67.275,134,0.54753
-67.23,134,0.54755
-67.185,134,0.54756
-67.14,134,0.54757
-67.095,134,0.54758
-67.05,134,0.54759
-67.005,134,0.5476
-66.961,134,0.54761
-66.916,134,0.54762
-66.871,134,0.54763
-66.827,134,0.54764
-66.783,134,0.54765
-66.738,134,0.54767
-66.694,134,0.54768
-66.65,134,0.54769
-66.606,134,0.5477
-66.562,134,0.54771
-66.518,134,0.54772
-66.475,134,0.54773
-66.431,134,0.54774
-66.387,134,0.54775
-66.344,134,0.54776
-66.3,134,0.54777
-66.257,134,0.54778
-66.214,134,0.54779
-66.171,134,0.54781
-66.127,134,0.54782
-66.084,134,0.54783
-66.042,134,0.54784
-65.999,134,0.54785
-65.956,134,0.54786
-65.913,134,0.54787
-65.871,134,0.54788
-65.828,134,0.54789
-65.786,134,0.5479
-65.743,134,0.54791
-65.701,134,0.54792
-65.659,134,0.54793
-65.617,134,0.54794
-65.575,134,0.54795
-65.533,134,0.54796
-65.491,134,0.54797
-65.449,134,0.54799
-65.407,134,0.548
-65.366,134,0.54801
-65.324,134,0.54802
-65.283,134,0.54803
-65.241,134,0.54804
-65.2,134,0.54805
-65.159,134,0.54806
-65.118,134,0.54807
-65.076,134,0.54808
-65.035,134,0.54809
-64.995,134,0.5481
-64.954,134,0.54811
-64.913,134,0.54812
-64.872,134,0.54813
-64.831,134,0.54814
-64.791,134,0.54815
-64.75,134,0.54816
-64.71,134,0.54817
-64.67,134,0.54818
-64.629,134,0.54819
-64.589,134,0.5482
-64.549,134,0.54821
-64.509,134,0.54822
-64.469,134,0.54823
-64.429,134,0.54825
-64.389,134,0.54826
-64.349,134,0.54827
-64.309,134,0.54828
-64.27,134,0.54829
-64.23,134,0.5483
-64.191,134,0.54831
-64.151,134,0.54832
-64.112,134,0.54833
-64.072,134,0.54834
-64.033,134,0.54835
-63.994,134,0.54836
-63.955,134,0.54837
-63.916,134,0.54838
-63.877,134,0.54839
-63.838,134,0.5484
-63.799,134,0.54841
-63.76,134,0.54842
-63.721,134,0.54843
-63.683,134,0.54844
-63.644,134,0.54845
-63.606,134,0.54846
-63.567,134,0.54847
-63.529,134,0.54848
-63.49,134,0.54849
-63.452,134,0.5485
-63.414,134,0.54851
-63.375,134,0.54852
-63.337,134,0.54853
-63.299,134,0.54854
-63.261,134,0.54855
-63.223,134,0.54856
-63.185,134,0.54857
-63.147,134,0.54858
-63.109,134,0.54859
-63.072,134,0.5486
-63.034,134,0.54861
-62.996,134,0.54862
-62.959,134,0.54863
-62.921,134,0.54864
-62.884,134,0.54865
-62.846,134,0.54866
-62.809,134,0.54867
-62.772,134,0.54868
-62.734,134,0.54869
-62.697,134,0.5487
-62.66,134,0.54871
-62.623,134,0.54872
-62.586,134,0.54873
-62.549,134,0.54874
-62.512,134,0.54875
-62.475,134,0.54876
-62.438,134,0.54877
-62.401,134,0.54877
-62.364,134,0.54878
-62.327,134,0.54879
-62.291,134,0.5488
-62.254,134,0.54881
-62.217,134,0.54882
-62.181,134,0.54883
-62.144,134,0.54884
-62.108,134,0.54885
-62.071,134,0.54886
-62.035,134,0.54887
-61.999,134,0.54888
-61.962,134,0.54889
-61.926,134,0.5489
-61.89,134,0.54891
-61.853,134,0.54892
-61.817,134,0.54893
-61.781,134,0.54894
-61.745,134,0.54895
-61.709,134,0.54896
-61.673,134,0.54897
-61.637,134,0.54898
-61.601,134,0.54899
-61.565,134,0.549
-61.529,134,0.54901
-61.494,134,0.54902
-61.458,134,0.54902
-61.422,134,0.54903
-61.386,134,0.54904
-61.351,134,0.54905
-61.315,134,0.54906
-61.279,134,0.54907
-61.244,134,0.54908
-61.208,134,0.54909
-61.173,134,0.5491
-61.137,134,0.54911
-61.102,134,0.54912
-61.066,134,0.54913
-61.031,134,0.54914
-60.995,134,0.54915
-60.96,134,0.54916
-60.925,134,0.54917
-60.889,134,0.54918
-60.854,134,0.54918
-60.819,134,0.54919
-60.784,134,0.5492
-60.748,134,0.54921
-60.713,134,0.54922
-60.678,134,0.54923
-60.643,134,0.54924
-60.608,134,0.54925
-60.573,134,0.54926
-60.538,134,0.54927
-60.503,134,0.54928
-60.468,134,0.54929
-60.433,134,0.5493
-60.398,134,0.5493
-60.363,134,0.54931
-60.328,134,0.54932
-60.293,134,0.54933
-60.258,134,0.54934
-60.223,134,0.54935
-60.188,134,0.54936
-60.154,134,0.54937
-60.119,134,0.54938
-60.084,134,0.54939
-60.049,134,0.5494
-60.015,134,0.54941
-59.98,134,0.54941
-59.945,134,0.54942
-59.91,134,0.54943
-59.876,134,0.54944
-59.841,134,0.54945
-59.806,134,0.54946
-59.772,134,0.54947
-59.737,134,0.54948
-59.702,134,0.54949
-59.668,134,0.5495
-59.633,134,0.54951
-59.599,134,0.54951
-59.564,134,0.54952
-59.529,134,0.54953
-59.495,134,0.54954
-59.46,134,0.54955
-59.426,134,0.54956
-59.391,134,0.54957
-59.357,134,0.54958
-59.322,134,0.54959
-59.288,134,0.54959
-59.253,134,0.5496
-59.219,134,0.54961
-59.184,134,0.54962
-59.15,134,0.54963
-59.115,134,0.54964
-59.081,134,0.54965
-59.047,134,0.54966
-59.012,134,0.54967
-58.978,134,0.54967
-58.943,134,0.54968
-58.909,134,0.54969
-58.874,134,0.5497
-58.84,134,0.54971
-58.806,134,0.54972
-58.771,134,0.54973
-58.737,134,0.54974
-58.702,134,0.54974
-58.668,134,0.54975
-58.634,134,0.54976
-58.599,134,0.54977
-58.565,134,0.54978
-58.53,134,0.54979
-58.496,134,0.5498
-58.462,134,0.54981
-58.427,134,0.54981
-58.393,134,0.54982
-58.359,134,0.54983
-58.324,134,0.54984
-58.29,134,0.54985
-58.255,134,0.54986
-58.221,134,0.54987
-58.187,134,0.54988
-58.152,134,0.54988
-58.118,134,0.54989
-58.083,134,0.5499
-58.049,134,0.54991
-58.015,134,0.54992
-57.98,134,0.54993
-57.946,134,0.54994
-57.911,134,0.54994
-57.877,134,0.54995
-57.843,134,0.54996
-57.808,134,0.54997
-57.774,134,0.54998
-57.739,134,0.54999
-57.705,134,0.55
-57.67,134,0.55
-57.636,134,0.55001
-57.601,134,0.55002
-57.567,134,0.55003
-57.532,134,0.55004
-57.498,134,0.55005
-57.464,134,0.55005
-57.429,134,0.55006
-57.395,134,0.55007
-57.36,134,0.55008
-57.325,134,0.55009
-57.291,134,0.5501
-57.256,134,0.55011
-57.222,134,0.55011
-57.187,134,0.55012
-57.153,134,0.55013
-57.118,134,0.55014
-57.084,134,0.55015
-57.049,134,0.55016
-57.014,134,0.55016
-56.98,134,0.55017
-56.945,134,0.55018
-56.911,134,0.55019
-56.876,134,0.5502
-56.841,134,0.55021
-56.807,134,0.55021
-56.772,134,0.55022
-56.737,134,0.55023
-56.703,134,0.55024
-56.668,134,0.55025
-56.633,134,0.55025
-56.598,134,0.55026
-56.564,134,0.55027
-56.529,134,0.55028
-56.494,134,0.55029
-56.459,134,0.5503
-56.425,134,0.5503
-56.39,134,0.55031
-56.355,134,0.55032
-56.32,134,0.55033
-56.285,134,0.55034
-56.251,134,0.55035
-56.216,134,0.55035
-56.181,134,0.55036
-56.146,134,0.55037
-56.111,134,0.55038
-56.076,134,0.55039
-56.041,134,0.55039
-56.006,134,0.5504
-55.971,134,0.55041
-55.936,134,0.55042
-55.901,134,0.55043
-55.866,134,0.55043
-55.831,134,0.55044
-55.796,134,0.55045
-55.761,134,0.55046
-55.726,134,0.55047
-55.691,134,0.55047
-55.656,134,0.55048
-55.621,134,0.55049
-55.586,134,0.5505
-55.551,134,0.55051
-55.516,134,0.55051
-55.481,134,0.55052
-55.445,134,0.55053
-55.41,134,0.55054
-55.375,134,0.55055
-55.34,134,0.55055
-55.305,134,0.55056
-55.269,134,0.55057
-55.234,134,0.55058
-55.199,134,0.55059
-55.164,134,0.55059
-55.128,134,0.5506
-55.093,134,0.55061
-55.058,134,0.55062
-55.022,134,0.55063
-54.987,134,0.55063
-54.951,134,0.55064
-54.916,134,0.55065
-54.881,134,0.55066
-54.845,134,0.55067
-54.81,134,0.55067
-54.774,134,0.55068
-54.739,134,0.55069
-54.703,134,0.5507
-54.668,134,0.5507
-54.632,134,0.55071
-54.597,134,0.55072
-54.561,134,0.55073
-54.526,134,0.55074
-54.49,134,0.55074
-54.455,134,0.55075
-54.419,134,0.55076
-54.384,134,0.55077
-54.348,134,0.55077
-54.312,134,0.55078
-54.277,134,0.55079
-54.241,134,0.5508
-54.205,134,0.55081
-54.17,134,0.55081
-54.134,134,0.55082
-54.098,134,0.55083
-54.062,134,0.55084
-54.027,134,0.55084
-53.991,134,0.55085
-53.955,134,0.55086
-53.919,134,0.55087
-53.884,134,0.55087
-53.848,134,0.55088
-53.812,134,0.55089
-53.776,134,0.5509
-53.74,134,0.5509
-53.704,134,0.55091
-53.669,134,0.55092
-53.633,134,0.55093
-53.597,134,0.55093
-53.561,134,0.55094
-53.525,134,0.55095
-53.489,134,0.55096
-53.453,134,0.55097
-53.417,134,0.55097
-53.381,134,0.55098
-53.345,134,0.55099
-53.309,134,0.551
-53.273,134,0.551
-53.237,134,0.55101
-53.201,134,0.55102
-53.165,134,0.55103
-53.129,134,0.55103
-53.093,134,0.55104
-53.057,134,0.55105
-53.021,134,0.55105
-52.984,134,0.55106
-52.948,134,0.55107
-52.912,134,0.55108
-52.876,134,0.55108
-52.84,134,0.55109
-52.804,134,0.5511
-52.768,134,0.55111
-52.731,134,0.55111
-52.695,134,0.55112
-52.659,134,0.55113
-52.623,134,0.55114
-52.587,134,0.55114
-52.55,134,0.55115
-52.514,134,0.55116
-52.478,134,0.55117
-52.442,134,0.55117
-52.405,134,0.55118
-52.369,134,0.55119
-52.333,134,0.5512
-52.297,134,0.5512
-52.26,134,0.55121
-52.224,134,0.55122
-52.188,134,0.55122
-52.151,134,0.55123
-52.115,134,0.55124
-52.079,134,0.55125
-52.043,134,0.55125
-52.006,134,0.55126
-51.97,134,0.55127
-51.934,134,0.55128
-51.897,134,0.55128
-51.861,134,0.55129
-51.824,134,0.5513
-51.788,134,0.5513
-51.752,134,0.55131
-51.715,134,0.55132
-51.679,134,0.55133
-51.643,134,0.55133
-51.606,134,0.55134
-51.57,134,0.55135
-51.533,134,0.55135
-51.497,134,0.55136
-51.461,134,0.55137
-51.424,134,0.55138
-51.388,134,0.55138
-51.351,134,0.55139
-51.315,134,0.5514
-51.279,134,0.5514
-51.242,134,0.55141
-51.206,134,0.55142
-51.169,134,0.55143
-51.133,134,0.55143
-51.097,134,0.55144
-51.06,134,0.55145
-51.024,134,0.55145
-50.987,134,0.55146
-50.951,134,0.55147
-50.914,134,0.55147
-50.878,134,0.55148
-50.842,134,0.55149
-50.805,134,0.5515
-50.769,134,0.5515
-50.732,134,0.55151
-50.696,134,0.55152
-50.66,134,0.55152
-50.623,134,0.55153
-50.587,134,0.55154
-50.55,134,0.55154
-50.514,134,0.55155
-50.478,134,0.55156
-50.441,134,0.55157
-50.405,134,0.55157
-50.369,134,0.55158
-50.332,134,0.55159
-50.296,134,0.55159
-50.259,134,0.5516
-50.223,134,0.55161
-50.187,134,0.55161
-50.15,134,0.55162
-50.114,134,0.55163
-50.078,134,0.55163
-50.041,134,0.55164
-50.005,134,0.55165
-49.969,134,0.55166
-49.932,134,0.55166
-49.896,134,0.55167
-49.86,134,0.55168
-49.824,134,0.55168
-49.787,134,0.55169
-49.751,134,0.5517
-49.715,134,0.5517
-49.678,134,0.55171
-49.642,134,0.55172
-49.606,134,0.55172
-49.57,134,0.55173
-49.534,134,0.55174
-49.497,134,0.55174
-49.461,134,0.55175
-49.425,134,0.55176
-49.389,134,0.55176
-49.353,134,0.55177
-49.317,134,0.55178
-49.28,134,0.55178
-49.244,134,0.55179
-49.208,134,0.5518
-49.172,134,0.5518
-49.136,134,0.55181
-49.1,134,0.55182
-49.064,134,0.55182
-49.028,134,0.55183
-48.992,134,0.55184
-48.956,134,0.55184
-48.92,134,0.55185
-48.884,134,0.55186
-48.848,134,0.55186
-48.812,134,0.55187
-48.776,134,0.55188
-48.74,134,0.55188
-48.704,134,0.55189
-48.668,134,0.5519
-48.632,134,0.5519
-48.597,134,0.55191
-48.561,134,0.55192
-48.525,134,0.55192
-48.489,134,0.55193
-48.453,134,0.55194
-48.418,134,0.55194
-48.382,134,0.55195
-48.346,134,0.55196
-48.31,134,0.55196
-48.275,134,0.55197
-48.239,134,0.55198
-48.203,134,0.55198
-48.168,134,0.55199
-48.132,134,0.552
-48.097,134,0.552
-48.061,134,0.55201
-48.026,134,0.55202
-47.99,134,0.55202
-47.955,134,0.55203
-47.919,134,0.55203
-47.884,134,0.55204
-47.848,134,0.55205
-47.813,134,0.55205
-47.777,134,0.55206
-47.742,134,0.55207
-47.707,134,0.55207
-47.671,134,0.55208
-47.636,134,0.55209
-47.601,134,0.55209
-47.566,134,0.5521
-47.53,134,0.55211
-47.495,134,0.55211
-47.46,134,0.55212
-47.425,134,0.55212
-47.39,134,0.55213
-47.355,134,0.55214
-47.32,134,0.55214
-47.285,134,0.55215
-47.25,134,0.55216
-47.215,134,0.55216
-47.18,134,0.55217
-47.145,134,0.55218
-47.11,134,0.55218
-47.075,134,0.55219
-47.04,134,0.55219
-47.005,134,0.5522
-46.971,134,0.55221
-46.936,134,0.55221
-46.901,134,0.55222
-46.866,134,0.55223
-46.832,134,0.55223
-46.797,134,0.55224
-46.763,134,0.55224
-46.728,134,0.55225
-46.693,134,0.55226
-46.659,134,0.55226
-46.624,134,0.55227
-46.59,134,0.55228
-46.556,134,0.55228
-46.521,134,0.55229
-46.487,134,0.55229
-46.453,134,0.5523
-46.418,134,0.55231
-46.384,134,0.55231
-46.35,134,0.55232
-46.316,134,0.55233
-46.281,134,0.55233
-46.247,134,0.55234
-46.213,134,0.55234
-46.179,134,0.55235
-46.145,134,0.55236
-46.111,134,0.55236
-46.077,134,0.55237
-46.043,134,0.55237
-46.01,134,0.55238
-45.976,134,0.55239
-45.942,134,0.55239
-45.908,134,0.5524
-45.874,134,0.55241
-45.841,134,0.55241
-45.807,134,0.55242
-45.773,134,0.55242
-45.74,134,0.55243
-45.706,134,0.55244
-45.673,134,0.55244
-45.639,134,0.55245
-45.606,134,0.55245
-45.572,134,0.55246
-45.539,134,0.55247
-45.506,134,0.55247
-45.473,134,0.55248
-45.439,134,0.55248
-45.406,134,0.55249
-45.373,134,0.5525
-45.34,134,0.5525
-45.307,134,0.55251
-45.274,134,0.55251
-45.241,134,0.55252
-45.208,134,0.55253
-45.175,134,0.55253
-45.142,134,0.55254
-45.109,134,0.55254
-45.076,134,0.55255
-45.044,134,0.55256
-45.011,134,0.55256
-44.978,134,0.55257
-44.946,134,0.55257
-44.913,134,0.55258
-44.88,134,0.55259
-44.848,134,0.55259
-44.815,134,0.5526
-44.783,134,0.5526
-44.751,134,0.55261
-44.718,134,0.55262
-44.686,134,0.55262
-44.654,134,0.55263
-44.621,134,0.55263
-44.589,134,0.55264
-44.557,134,0.55264
-44.525,134,0.55265
-44.493,134,0.55266
-44.461,134,0.55266
-44.429,134,0.55267
-44.397,134,0.55267
-44.365,134,0.55268
-44.334,134,0.55269
-44.302,134,0.55269
-44.27,134,0.5527
-44.238,134,0.5527
-44.207,134,0.55271
-44.175,134,0.55271
-44.144,134,0.55272
-44.112,134,0.55273
-44.081,134,0.55273
-44.049,134,0.55274
-44.018,134,0.55274
-43.987,134,0.55275
-43.955,134,0.55275
-43.924,134,0.55276
-43.893,134,0.55277
-43.862,134,0.55277
-43.831,134,0.55278
-43.8,134,0.55278
-43.769,134,0.55279
-43.738,134,0.5528
-43.707,134,0.5528
-43.676,134,0.55281
-43.645,134,0.55281
-43.614,134,0.55282
-43.584,134,0.55282
-43.553,134,0.55283
-43.522,134,0.55283
-43.492,134,0.55284
-43.461,134,0.55285
-43.431,134,0.55285
-43.4,134,0.55286
-43.37,134,0.55286
-43.34,134,0.55287
-43.309,134,0.55287
-43.279,134,0.55288
-43.249,134,0.55289
-43.219,134,0.55289
-43.189,134,0.5529
-43.159,134,0.5529
-43.129,134,0.55291
-43.099,134,0.55291
-43.069,134,0.55292
-43.039,134,0.55292
-43.009,134,0.55293
-42.979,134,0.55294
-42.95,134,0.55294
-42.92,134,0.55295
-42.89,134,0.55295
-42.861,134,0.55296
-42.831,134,0.55296
-42.802,134,0.55297
-42.772,134,0.55297
-42.743,134,0.55298
-42.714,134,0.55299
-42.684,134,0.55299
-42.655,134,0.553
-42.626,134,0.553
-42.597,134,0.55301
-42.568,134,0.55301
-42.539,134,0.55302
-42.51,134,0.55302
-42.481,134,0.55303
-42.452,134,0.55304
-42.423,134,0.55304
-42.394,134,0.55305
-42.366,134,0.55305
-42.337,134,0.55306
-42.308,134,0.55306
-42.28,134,0.55307
-42.251,134,0.55307
-42.223,134,0.55308
-42.194,134,0.55308
-42.166,134,0.55309
-42.138,134,0.5531
-42.109,134,0.5531
-42.081,134,0.55311
-42.053,134,0.55311
-42.025,134,0.55312
-41.997,134,0.55312
-41.969,134,0.55313
-41.941,134,0.55313
-41.913,134,0.55314
-41.885,134,0.55314
-41.857,134,0.55315
-41.829,134,0.55315
-41.802,134,0.55316
-41.774,134,0.55317
-41.746,134,0.55317
-41.719,134,0.55318
-41.691,134,0.55318
-41.664,134,0.55319
-41.636,134,0.55319
-41.609,134,0.5532
-41.582,134,0.5532
-41.554,134,0.55321
-41.527,134,0.55321
-41.5,134,0.55322
-41.473,134,0.55322
-41.446,134,0.55323
-41.419,134,0.55323
-41.392,134,0.55324
-41.365,134,0.55324
-41.338,134,0.55325
-41.311,134,0.55326
-41.284,134,0.55326
-41.257,134,0.55327
-41.231,134,0.55327
-41.204,134,0.55328
-41.178,134,0.55328
-41.151,134,0.55329
-41.125,134,0.55329
-41.098,134,0.5533
-41.072,134,0.5533
-41.045,134,0.55331
-41.019,134,0.55331
-40.993,134,0.55332
-40.967,134,0.55332
-40.94,134,0.55333
-40.914,134,0.55333
-40.888,134,0.55334
-40.862,134,0.55334
-40.836,134,0.55335
-40.81,134,0.55335
-40.784,134,0.55336
-40.759,134,0.55336
-40.733,134,0.55337
-40.707,134,0.55337
-40.682,134,0.55338
-40.656,134,0.55338
-40.63,134,0.55339
-40.605,134,0.5534
-40.579,134,0.5534
-40.554,134,0.55341
-40.528,134,0.55341
-40.503,134,0.55342
-40.478,134,0.55342
-40.453,134,0.55343
-40.427,134,0.55343
-40.402,134,0.55344
-40.377,134,0.55344
-40.352,134,0.55345
-40.327,134,0.55345
-40.302,134,0.55346
-40.277,134,0.55346
-40.252,134,0.55347
-40.228,134,0.55347
-40.203,134,0.55348
-40.178,134,0.55348
-40.153,134,0.55349
-40.129,134,0.55349
-40.104,134,0.5535
-40.08,134,0.5535
-40.055,134,0.55351
-40.031,134,0.55351
-40.006,134,0.55352
-39.982,134,0.55352
-39.957,134,0.55353
-39.933,134,0.55353
-39.909,134,0.55354
-39.885,134,0.55354
-39.861,134,0.55355
-39.837,134,0.55355
-39.812,134,0.55356
-39.788,134,0.55356
-39.765,134,0.55357
-39.741,134,0.55357
-39.717,134,0.55358
-39.693,134,0.55358
-39.669,134,0.55359
-39.645,134,0.55359
-39.622,134,0.5536
-39.598,134,0.5536
-39.574,134,0.55361
-39.551,134,0.55361
-39.527,134,0.55362
-39.504,134,0.55362
-39.48,134,0.55362
-39.457,134,0.55363
-39.434,134,0.55363
-39.41,134,0.55364
-39.387,134,0.55364
-39.364,134,0.55365
-39.341,134,0.55365
-39.317,134,0.55366
-39.294,134,0.55366
-39.271,134,0.55367
-39.248,134,0.55367
-39.225,134,0.55368
-39.202,134,0.55368
-39.18,134,0.55369
-39.157,134,0.55369
-39.134,134,0.5537
-39.111,134,0.5537
-39.088,134,0.55371
-39.066,134,0.55371
-39.043,134,0.55372
-39.02,134,0.55372
-38.998,134,0.55373
-38.975,134,0.55373
-38.953,134,0.55374
-38.93,134,0.55374
-38.908,134,0.55375
-38.886,134,0.55375
-38.863,134,0.55375
-38.841,134,0.55376
-38.819,134,0.55376
-38.796,134,0.55377
-38.774,134,0.55377
-38.752,134,0.55378
-38.73,134,0.55378
-38.708,134,0.55379
-38.686,134,0.55379
-38.664,134,0.5538
-38.642,134,0.5538
-38.62,134,0.55381
-38.598,134,0.55381
-38.576,134,0.55382
-38.555,134,0.55382
-38.533,134,0.55383
-38.511,134,0.55383
-38.489,134,0.55383
-38.468,134,0.55384
-38.446,134,0.55384
-38.425,134,0.55385
-38.403,134,0.55385
-38.381,134,0.55386
-38.36,134,0.55386
-38.339,134,0.55387
-38.317,134,0.55387
-38.296,134,0.55388
-38.274,134,0.55388
-38.253,134,0.55389
-38.232,134,0.55389
-38.211,134,0.5539
-38.189,134,0.5539
-38.168,134,0.5539
-38.147,134,0.55391
-38.126,134,0.55391
-38.105,134,0.55392
-38.084,134,0.55392
-38.063,134,0.55393
-38.042,134,0.55393
-38.021,134,0.55394
-38,134,0.55394
-37.979,134,0.55395
-37.959,134,0.55395
-37.938,134,0.55395
-37.917,134,0.55396
-37.896,134,0.55396
-37.876,134,0.55397
-37.855,134,0.55397
-37.834,134,0.55398
-37.814,134,0.55398
-37.793,134,0.55399
-37.772,134,0.55399
-37.752,134,0.554
-37.731,134,0.554
-37.711,134,0.554
-37.691,134,0.55401
-37.67,134,0.55401
-37.65,134,0.55402
-37.63,134,0.55402
-37.609,134,0.55403
-37.589,134,0.55403
-37.569,134,0.55404
-37.548,134,0.55404
-37.528,134,0.55404
-37.508,134,0.55405
-37.488,134,0.55405
-37.468,134,0.55406
-37.448,134,0.55406
-37.428,134,0.55407
-37.408,134,0.55407
-37.388,134,0.55408
-37.368,134,0.55408
-37.348,134,0.55408
-37.328,134,0.55409
-37.308,134,0.55409
-37.288,134,0.5541
-37.268,134,0.5541
-37.249,134,0.55411
-37.229,134,0.55411
-37.209,134,0.55412
-37.189,134,0.55412
-37.17,134,0.55412
-37.15,134,0.55413
-37.13,134,0.55413
-37.111,134,0.55414
-37.091,134,0.55414
-37.072,134,0.55415
-37.052,134,0.55415
-37.033,134,0.55415
-37.013,134,0.55416
-36.994,134,0.55416
-36.974,134,0.55417
-36.955,134,0.55417
-36.935,134,0.55418
-36.916,134,0.55418
-36.897,134,0.55419
-36.877,134,0.55419
-36.858,134,0.55419
-36.839,134,0.5542
-36.82,134,0.5542
-36.8,134,0.55421
-36.781,134,0.55421
-36.762,134,0.55422
-36.743,134,0.55422
-36.724,134,0.55422
-36.704,134,0.55423
-36.685,134,0.55423
-36.666,134,0.55424
-36.647,134,0.55424
-36.628,134,0.55425
-36.609,134,0.55425
-36.59,134,0.55425
-36.571,134,0.55426
-36.552,134,0.55426
-36.533,134,0.55427
-36.515,134,0.55427
-36.496,134,0.55428
-36.477,134,0.55428
-36.458,134,0.55428
-36.439,134,0.55429
-36.42,134,0.55429
-36.402,134,0.5543
-36.383,134,0.5543
-36.364,134,0.5543
-36.345,134,0.55431
-36.327,134,0.55431
-36.308,134,0.55432
-36.289,134,0.55432
-36.271,134,0.55433
-36.252,134,0.55433
-36.233,134,0.55433
-36.215,134,0.55434
-36.196,134,0.55434
-36.178,134,0.55435
-36.159,134,0.55435
-36.141,134,0.55435
-36.122,134,0.55436
-36.104,134,0.55436
-36.085,134,0.55437
-36.067,134,0.55437
-36.048,134,0.55438
-36.03,134,0.55438
-36.011,134,0.55438
-35.993,134,0.55439
-35.975,134,0.55439
-35.956,134,0.5544
-35.938,134,0.5544
-35.92,134,0.5544
-35.901,134,0.55441
-35.883,134,0.55441
-35.865,134,0.55442
-35.846,134,0.55442
-35.828,134,0.55442
-35.81,134,0.55443
-35.792,134,0.55443
-35.774,134,0.55444
-35.755,134,0.55444
-35.737,134,0.55445
-35.719,134,0.55445
-35.701,134,0.55445
-35.683,134,0.55446
-35.665,134,0.55446
-35.647,134,0.55447
-35.628,134,0.55447
-35.61,134,0.55447
-35.592,134,0.55448
-35.574,134,0.55448
-35.556,134,0.55449
-35.538,134,0.55449
-35.52,134,0.55449
-35.502,134,0.5545
-35.484,134,0.5545
-35.466,134,0.55451
-35.448,134,0.55451
-35.43,134,0.55451
-35.412,134,0.55452
-35.395,134,0.55452
-35.377,134,0.55453
-35.359,134,0.55453
-35.341,134,0.55453
-35.323,134,0.55454
-35.305,134,0.55454
-35.287,134,0.55455
-35.269,134,0.55455
-35.252,134,0.55455
-35.234,134,0.55456
-35.216,134,0.55456
-35.198,134,0.55457
-35.18,134,0.55457
-35.163,134,0.55457
-35.145,134,0.55458
-35.127,134,0.55458
-35.109,134,0.55458
-35.092,134,0.55459
-35.074,134,0.55459
-35.056,134,0.5546
-35.039,134,0.5546
-35.021,134,0.5546
-35.003,134,0.55461
-34.986,134,0.55461
-34.968,134,0.55462
-34.95,134,0.55462
-34.933,134,0.55462
-34.915,134,0.55463
-34.897,134,0.55463
-34.88,134,0.55464
-34.862,134,0.55464
-34.845,134,0.55464
-34.827,134,0.55465
-34.809,134,0.55465
-34.792,134,0.55465
-34.774,134,0.55466
-34.757,134,0.55466
-34.739,134,0.55467
-34.722,134,0.55467
-34.704,134,0.55467
-34.687,134,0.55468
-34.669,134,0.55468
-34.652,134,0.55469
-34.634,134,0.55469
-34.617,134,0.55469
-34.599,134,0.5547
-34.582,134,0.5547
-34.564,134,0.5547
-34.547,134,0.55471
-34.529,134,0.55471
-34.512,134,0.55472
-34.494,134,0.55472
-34.477,134,0.55472
-34.46,134,0.55473
-34.442,134,0.55473
-34.425,134,0.55473
-34.407,134,0.55474
-34.39,134,0.55474
-34.373,134,0.55475
-34.355,134,0.55475
-34.338,134,0.55475
-34.321,134,0.55476
-34.303,134,0.55476
-34.286,134,0.55476
-34.268,134,0.55477
-34.251,134,0.55477
-34.234,134,0.55478
-34.217,134,0.55478
-34.199,134,0.55478
-34.182,134,0.55479
-34.165,134,0.55479
-34.147,134,0.55479
-34.13,134,0.5548
-34.113,134,0.5548
-34.095,134,0.55481
-34.078,134,0.55481
-34.061,134,0.55481
-34.044,134,0.55482
-34.026,134,0.55482
-34.009,134,0.55482
-33.992,134,0.55483
-33.975,134,0.55483
-33.957,134,0.55484
-33.94,134,0.55484
-33.923,134,0.55484
-33.906,134,0.55485
-33.889,134,0.55485
-33.871,134,0.55485
-33.854,134,0.55486
-33.837,134,0.55486
-33.82,134,0.55486
-33.803,134,0.55487
-33.785,134,0.55487
-33.768,134,0.55488
-33.751,134,0.55488
-33.734,134,0.55488
-33.717,134,0.55489
-33.7,134,0.55489
-33.682,134,0.55489
-33.665,134,0.5549
-33.648,134,0.5549
-33.631,134,0.5549
-33.614,134,0.55491
-33.597,134,0.55491
-33.58,134,0.55491
-33.562,134,0.55492
-33.545,134,0.55492
-33.528,134,0.55493
-33.511,134,0.55493
-33.494,134,0.55493
-33.477,134,0.55494
-33.46,134,0.55494
-33.443,134,0.55494
-33.426,134,0.55495
-33.409,134,0.55495
-33.391,134,0.55495
-33.374,134,0.55496
-33.357,134,0.55496
-33.34,134,0.55496
-33.323,134,0.55497
-33.306,134,0.55497
-33.289,134,0.55498
-33.272,134,0.55498
-33.255,134,0.55498
-33.238,134,0.55499
-33.221,134,0.55499
-33.204,134,0.55499
-33.187,134,0.555
-33.17,134,0.555
-33.153,134,0.555
-33.136,134,0.55501
-33.119,134,0.55501
-33.102,134,0.55501
-33.085,134,0.55502
-33.068,134,0.55502
-33.051,134,0.55502
-33.034,134,0.55503
-33.017,134,0.55503
-33,134,0.55503
-32.983,134,0.55504
-32.966,134,0.55504
-32.949,134,0.55505
-32.932,134,0.55505
-32.915,134,0.55505
-32.898,134,0.55506
-32.881,134,0.55506
-32.864,134,0.55506
-32.847,134,0.55507
-32.83,134,0.55507
-32.813,134,0.55507
-32.796,134,0.55508
-32.779,134,0.55508
-32.762,134,0.55508
-32.746,134,0.55509
-32.729,134,0.55509
-32.712,134,0.55509
-32.695,134,0.5551
-32.678,134,0.5551
-32.661,134,0.5551
-32.644,134,0.55511
-32.627,134,0.55511
-32.61,134,0.55511
-32.593,134,0.55512
-32.577,134,0.55512
-32.56,134,0.55512
-32.543,134,0.55513
-32.526,134,0.55513
-32.509,134,0.55513
-32.492,134,0.55514
-32.475,134,0.55514
-32.458,134,0.55514
-32.442,134,0.55515
-32.425,134,0.55515
-32.408,134,0.55515
-32.391,134,0.55516
-32.374,134,0.55516
-32.357,134,0.55516
-32.341,134,0.55517
-32.324,134,0.55517
-32.307,134,0.55517
-32.29,134,0.55518
-32.273,134,0.55518
-32.256,134,0.55518
-32.24,134,0.55519
-32.223,134,0.55519
-32.206,134,0.55519
-32.189,134,0.5552
-32.172,134,0.5552
-32.156,134,0.5552
-32.139,134,0.55521
-32.122,134,0.55521
-32.105,134,0.55521
-32.089,134,0.55522
-32.072,134,0.55522
-32.055,134,0.55522
-32.038,134,0.55523
-32.022,134,0.55523
-32.005,134,0.55523
-31.988,134,0.55524
-31.971,134,0.55524
-31.955,134,0.55524
-31.938,134,0.55525
-31.921,134,0.55525
-31.905,134,0.55525
-31.888,134,0.55526
-31.871,134,0.55526
-31.854,134,0.55526
-31.838,134,0.55527
-31.821,134,0.55527
-31.804,134,0.55527
-31.788,134,0.55528
-31.771,134,0.55528
-31.754,134,0.55528
-31.738,134,0.55529
-31.721,134,0.55529
-31.704,134,0.55529
-31.688,134,0.5553
-31.671,134,0.5553
-31.654,134,0.5553
-31.638,134,0.5553
-31.621,134,0.55531
-31.605,134,0.55531
-31.588,134,0.55531
-31.571,134,0.55532
-31.555,134,0.55532
-31.538,134,0.55532
-31.521,134,0.55533
-31.505,134,0.55533
-31.488,134,0.55533
-31.472,134,0.55534
-31.455,134,0.55534
-31.439,134,0.55534
-31.422,134,0.55535
-31.405,134,0.55535
-31.389,134,0.55535
-31.372,134,0.55536
-31.356,134,0.55536
-31.339,134,0.55536
-31.323,134,0.55537
-31.306,134,0.55537
-31.29,134,0.55537
-31.273,134,0.55537
-31.257,134,0.55538
-31.24,134,0.55538
-31.224,134,0.55538
-31.207,134,0.55539
-31.191,134,0.55539
-31.174,134,0.55539
-31.158,134,0.5554
-31.141,134,0.5554
-31.125,134,0.5554
-31.108,134,0.55541
-31.092,134,0.55541
-31.076,134,0.55541
-31.059,134,0.55542
-31.043,134,0.55542
-31.026,134,0.55542
-31.01,134,0.55542
-30.994,134,0.55543
-30.977,134,0.55543
-30.961,134,0.55543
-30.944,134,0.55544
-30.928,134,0.55544
-30.912,134,0.55544
-30.895,134,0.55545
-30.879,134,0.55545
-30.863,134,0.55545
-30.846,134,0.55545
-30.83,134,0.55546
-30.814,134,0.55546
-30.797,134,0.55546
-30.781,134,0.55547
-30.765,134,0.55547
-30.748,134,0.55547
-30.732,134,0.55548
-30.716,134,0.55548
-30.7,134,0.55548
-30.683,134,0.55549
-30.667,134,0.55549
-30.651,134,0.55549
-30.635,134,0.55549
-30.618,134,0.5555
-30.602,134,0.5555
-30.586,134,0.5555
-30.57,134,0.55551
-30.553,134,0.55551
-30.537,134,0.55551
-30.521,134,0.55552
-30.505,134,0.55552
-30.489,134,0.55552
-30.473,134,0.55552
-30.456,134,0.55553
-30.44,134,0.55553
-30.424,134,0.55553
-30.408,134,0.55554
-30.392,134,0.55554
-30.376,134,0.55554
-30.36,134,0.55555
-30.344,134,0.55555
-30.328,134,0.55555
-30.311,134,0.55555
-30.295,134,0.55556
-30.279,134,0.55556
-30.263,134,0.55556
-30.247,134,0.55557
-30.231,134,0.55557
-30.215,134,0.55557
-30.199,134,0.55557
-30.183,134,0.55558
-30.167,134,0.55558
-30.151,134,0.55558
-30.135,134,0.55559
-30.119,134,0.55559
-30.103,134,0.55559
-30.087,134,0.5556
-30.071,134,0.5556
-30.055,134,0.5556
-30.04,134,0.5556
-30.024,134,0.55561
-30.008,134,0.55561
-29.992,134,0.55561
-29.976,134,0.55562
-29.96,134,0.55562
-29.944,134,0.55562
-29.928,134,0.55562
-29.912,134,0.55563
-29.897,134,0.55563
-29.881,134,0.55563
-29.865,134,0.55564
-29.849,134,0.55564
-29.833,134,0.55564
-29.818,134,0.55564
-29.802,134,0.55565
-29.786,134,0.55565
-29.77,134,0.55565
-29.755,134,0.55566
-29.739,134,0.55566
-29.723,134,0.55566
-29.707,134,0.55566
-29.692,134,0.55567
-29.676,134,0.55567
-29.66,134,0.55567
-29.645,134,0.55568
-29.629,134,0.55568
-29.613,134,0.55568
-29.598,134,0.55568
-29.582,134,0.55569
-29.566,134,0.55569
-29.551,134,0.55569
-29.535,134,0.5557
-29.52,134,0.5557
-29.504,134,0.5557
-29.489,134,0.5557
-29.473,134,0.55571
-29.457,134,0.55571
-29.442,134,0.55571
-29.426,134,0.55571
-29.411,134,0.55572
-29.395,134,0.55572
-29.38,134,0.55572
-29.364,134,0.55573
-29.349,134,0.55573
-29.333,134,0.55573
-29.318,134,0.55573
-29.303,134,0.55574
-29.287,134,0.55574
-29.272,134,0.55574
-29.256,134,0.55575
-29.241,134,0.55575
-29.226,134,0.55575
-29.21,134,0.55575
-29.195,134,0.55576
-29.18,134,0.55576
-29.164,134,0.55576
-29.149,134,0.55576
-29.134,134,0.55577
-29.118,134,0.55577
-29.103,134,0.55577
-29.088,134,0.55578
-29.072,134,0.55578
-29.057,134,0.55578
-29.042,134,0.55578
-29.027,134,0.55579
-29.012,134,0.55579
-28.996,134,0.55579
-28.981,134,0.55579
-28.966,134,0.5558
-28.951,134,0.5558
-28.936,134,0.5558
-28.921,134,0.55581
-28.905,134,0.55581
-28.89,134,0.55581
-28.875,134,0.55581
-28.86,134,0.55582
-28.845,134,0.55582
-28.83,134,0.55582
-28.815,134,0.55582
-28.8,134,0.55583
-28.785,134,0.55583
-28.77,134,0.55583
-28.755,134,0.55583
-28.74,134,0.55584
-28.725,134,0.55584
-28.71,134,0.55584
-28.695,134,0.55585
-28.68,134,0.55585
-28.665,134,0.55585
-28.65,134,0.55585
-28.635,134,0.55586
-28.62,134,0.55586
-28.605,134,0.55586
-28.591,134,0.55586
-28.576,134,0.55587
-28.561,134,0.55587
-28.546,134,0.55587
-28.531,134,0.55587
-28.516,134,0.55588
-28.502,134,0.55588
-28.487,134,0.55588
-28.472,134,0.55589
-28.457,134,0.55589
-28.443,134,0.55589
-28.428,134,0.55589
-28.413,134,0.5559
-28.398,134,0.5559
-28.384,134,0.5559
-28.369,134,0.5559
-28.354,134,0.55591
-28.34,134,0.55591
-28.325,134,0.55591
-28.311,134,0.55591
-28.296,134,0.55592
-28.281,134,0.55592
-28.267,134,0.55592
-28.252,134,0.55592
-28.238,134,0.55593
-28.223,134,0.55593
-28.209,134,0.55593
-28.194,134,0.55593
-28.18,134,0.55594
-28.165,134,0.55594
-28.151,134,0.55594
-28.136,134,0.55594
-28.122,134,0.55595
-28.107,134,0.55595
-28.093,134,0.55595
-28.078,134,0.55595
-28.064,134,0.55596
-28.05,134,0.55596
-28.035,134,0.55596
-28.021,134,0.55597
-28.007,134,0.55597
-27.992,134,0.55597
-27.978,134,0.55597
-27.964,134,0.55598
-27.949,134,0.55598
-27.935,134,0.55598
-27.921,134,0.55598
-27.906,134,0.55599
-27.892,134,0.55599
-27.878,134,0.55599
-27.864,134,0.55599
-27.85,134,0.556
-27.835,134,0.556
-27.821,134,0.556
-27.807,134,0.556
-27.793,134,0.55601
-27.779,134,0.55601
-27.765,134,0.55601
-27.751,134,0.55601
-27.737,134,0.55602
-27.722,134,0.55602
-27.708,134,0.55602
-27.694,134,0.55602
-27.68,134,0.55603
-27.666,134,0.55603
-27.652,134,0.55603
-27.638,134,0.55603
-27.624,134,0.55604
-27.61,134,0.55604
-27.596,134,0.55604
-27.582,134,0.55604
-27.568,134,0.55605
-27.555,134,0.55605
-27.541,134,0.55605
-27.527,134,0.55605
-27.513,134,0.55605
-27.499,134,0.55606
-27.485,134,0.55606
-27.471,134,0.55606
-27.458,134,0.55606
-27.444,134,0.55607
-27.43,134,0.55607
-27.416,134,0.55607
-27.402,134,0.55607
-27.389,134,0.55608
-27.375,134,0.55608
-27.361,134,0.55608
-27.347,134,0.55608
-27.334,134,0.55609
-27.32,134,0.55609
-27.306,134,0.55609
-27.293,134,0.55609
-27.279,134,0.5561
-27.265,134,0.5561
-27.252,134,0.5561
-27.238,134,0.5561
-27.225,134,0.55611
-27.211,134,0.55611
-27.197,134,0.55611
-27.184,134,0.55611
-27.17,134,0.55612
-27.157,134,0.55612
-27.143,134,0.55612
-27.13,134,0.55612
-27.116,134,0.55612
-27.103,134,0.55613
-27.089,134,0.55613
-27.076,134,0.55613
-27.063,134,0.55613
-27.049,134,0.55614
-27.036,134,0.55614
-27.022,134,0.55614
-27.009,134,0.55614
-26.996,134,0.55615
-26.982,134,0.55615
-26.969,134,0.55615
-26.956,134,0.55615
-26.942,134,0.55616
-26.929,134,0.55616
-26.916,134,0.55616
-26.902,134,0.55616
-26.889,134,0.55617
-26.876,134,0.55617
-26.863,134,0.55617
-26.849,134,0.55617
-26.836,134,0.55617
-26.823,134,0.55618
-26.81,134,0.55618
-26.797,134,0.55618
-26.783,134,0.55618
-26.77,134,0.55619
-26.757,134,0.55619
-26.744,134,0.55619
-26.731,134,0.55619
-26.718,134,0.5562
-26.705,134,0.5562
-26.692,134,0.5562
-26.679,134,0.5562
-26.666,134,0.5562
-26.653,134,0.55621
-26.64,134,0.55621
-26.627,134,0.55621
-26.614,134,0.55621
-26.601,134,0.55622
-26.588,134,0.55622
-26.575,134,0.55622
-26.562,134,0.55622
-26.549,134,0.55623
-26.536,134,0.55623
-26.523,134,0.55623
-26.51,134,0.55623
-26.497,134,0.55623
-26.484,134,0.55624
-26.471,134,0.55624
-26.459,134,0.55624
-26.446,134,0.55624
-26.433,134,0.55625
-26.42,134,0.55625
-26.407,134,0.55625
-26.395,134,0.55625
-26.382,134,0.55625
-26.369,134,0.55626
-26.356,134,0.55626
-26.344,134,0.55626
-26.331,134,0.55626
-26.318,134,0.55627
-26.306,134,0.55627
-26.293,134,0.55627
-26.28,134,0.55627
-26.268,134,0.55627
-26.255,134,0.55628
-26.242,134,0.55628
-26.23,134,0.55628
-26.217,134,0.55628
-26.204,134,0.55629
-26.192,134,0.55629
-26.179,134,0.55629
-26.167,134,0.55629
-26.154,134,0.55629
-26.142,134,0.5563
-26.129,134,0.5563
-26.117,134,0.5563
-26.104,134,0.5563
-26.092,134,0.55631
-26.079,134,0.55631
-26.067,134,0.55631
-26.054,134,0.55631
-26.042,134,0.55631
-26.029,134,0.55632
-26.017,134,0.55632
-26.004,134,0.55632
-25.992,134,0.55632
-25.98,134,0.55633
-25.967,134,0.55633
-25.955,134,0.55633
-25.943,134,0.55633
-25.93,134,0.55633
-25.918,134,0.55634
-25.906,134,0.55634
-25.893,134,0.55634
-25.881,134,0.55634
-25.869,134,0.55635
-25.856,134,0.55635
-25.844,134,0.55635
-25.832,134,0.55635
-25.82,134,0.55635
-25.807,134,0.55636
-25.795,134,0.55636
-25.783,134,0.55636
-25.771,134,0.55636
-25.759,134,0.55636
-25.746,134,0.55637
-25.734,134,0.55637
-25.722,134,0.55637
-25.71,134,0.55637
-25.698,134,0.55638
-25.686,134,0.55638
-25.674,134,0.55638
-25.662,134,0.55638
-25.649,134,0.55638
-25.637,134,0.55639
-25.625,134,0.55639
-25.613,134,0.55639
-25.601,134,0.55639
-25.589,134,0.55639
-25.577,134,0.5564
-25.565,134,0.5564
-25.553,134,0.5564
-25.541,134,0.5564
-25.529,134,0.5564
-25.517,134,0.55641
-25.505,134,0.55641
-25.493,134,0.55641
-25.481,134,0.55641
-25.469,134,0.55642
-25.458,134,0.55642
-25.446,134,0.55642
-25.434,134,0.55642
-25.422,134,0.55642
-25.41,134,0.55643
-25.398,134,0.55643
-25.386,134,0.55643
-25.374,134,0.55643
-25.363,134,0.55643
-25.351,134,0.55644
-25.339,134,0.55644
-25.327,134,0.55644
-25.315,134,0.55644
-25.303,134,0.55644
-25.292,134,0.55645
-25.28,134,0.55645
-25.268,134,0.55645
-25.256,134,0.55645
-25.245,134,0.55645
-25.233,134,0.55646
-25.221,134,0.55646
-25.209,134,0.55646
-25.198,134,0.55646
-25.186,134,0.55646
-25.174,134,0.55647
-25.163,134,0.55647
-25.151,134,0.55647
-25.139,134,0.55647
-25.128,134,0.55647
-25.116,134,0.55648
-25.104,134,0.55648
-25.093,134,0.55648
-25.081,134,0.55648
-25.07,134,0.55649
-25.058,134,0.55649
-25.046,134,0.55649
-25.035,134,0.55649
-25.023,134,0.55649
-25.012,134,0.5565
-25,134,0.5565
-24.989,134,0.5565
-24.977,134,0.5565
-24.966,134,0.5565
-24.954,134,0.55651
-24.943,134,0.55651
-24.931,134,0.55651
-24.92,134,0.55651
-24.908,134,0.55651
-24.897,134,0.55652
-24.885,134,0.55652
-24.874,134,0.55652
-24.862,134,0.55652
-24.851,134,0.55652
-24.839,134,0.55653
-24.828,134,0.55653
-24.817,134,0.55653
-24.805,134,0.55653
-24.794,134,0.55653
-24.782,134,0.55653
-24.771,134,0.55654
-24.76,134,0.55654
-24.748,134,0.55654
-24.737,134,0.55654
-24.726,134,0.55654
-24.714,134,0.55655
-24.703,134,0.55655
-24.692,134,0.55655
-24.68,134,0.55655
-24.669,134,0.55655
-24.658,134,0.55656
-24.647,134,0.55656
-24.635,134,0.55656
-24.624,134,0.55656
-24.613,134,0.55656
-24.601,134,0.55657
-24.59,134,0.55657
-24.579,134,0.55657
-24.568,134,0.55657
-24.557,134,0.55657
-24.545,134,0.55658
-24.534,134,0.55658
-24.523,134,0.55658
-24.512,134,0.55658
-24.501,134,0.55658
-24.489,134,0.55659
-24.478,134,0.55659
-24.467,134,0.55659
-24.456,134,0.55659
-24.445,134,0.55659
-24.434,134,0.5566
-24.422,134,0.5566
-24.411,134,0.5566
-24.4,134,0.5566
-24.389,134,0.5566
-24.378,134,0.5566
-24.367,134,0.55661
-24.356,134,0.55661
-24.345,134,0.55661
-24.334,134,0.55661
-24.323,134,0.55661
-24.311,134,0.55662
-24.3,134,0.55662
-24.289,134,0.55662
-24.278,134,0.55662
-24.267,134,0.55662
-24.256,134,0.55663
-24.245,134,0.55663
-24.234,134,0.55663
-24.223,134,0.55663
-24.212,134,0.55663
-24.201,134,0.55663
-24.19,134,0.55664
-24.179,134,0.55664
-24.168,134,0.55664
-24.157,134,0.55664
-24.146,134,0.55664
-24.135,134,0.55665
-24.125,134,0.55665
-24.114,134,0.55665
-24.103,134,0.55665
-24.092,134,0.55665
-24.081,134,0.55666
-24.07,134,0.55666
-24.059,134,0.55666
-24.048,134,0.55666
-24.037,134,0.55666
-24.026,134,0.55666
-24.015,134,0.55667
-24.005,134,0.55667
-23.994,134,0.55667
-23.983,134,0.55667
-23.972,134,0.55667
-23.961,134,0.55668
-23.95,134,0.55668
-23.94,134,0.55668
-23.929,134,0.55668
-23.918,134,0.55668
-23.907,134,0.55668
-23.896,134,0.55669
-23.885,134,0.55669
-23.875,134,0.55669
-23.864,134,0.55669
-23.853,134,0.55669
-23.842,134,0.5567
-23.832,134,0.5567
-23.821,134,0.5567
-23.81,134,0.5567
-23.799,134,0.5567
-23.789,134,0.5567
-23.778,134,0.55671
-23.767,134,0.55671
-23.756,134,0.55671
-23.746,134,0.55671
-23.735,134,0.55671
-23.724,134,0.55672
-23.713,134,0.55672
-23.703,134,0.55672
-23.692,134,0.55672
-23.681,134,0.55672
-23.671,134,0.55672
-23.66,134,0.55673
-23.649,134,0.55673
-23.639,134,0.55673
-23.628,134,0.55673
-23.617,134,0.55673
-23.607,134,0.55673
-23.596,134,0.55674
-23.585,134,0.55674
-23.575,134,0.55674
-23.564,134,0.55674
-23.554,134,0.55674
-23.543,134,0.55675
-23.532,134,0.55675
-23.522,134,0.55675
-23.511,134,0.55675
-23.501,134,0.55675
-23.49,134,0.55675
-23.479,134,0.55676
-23.469,134,0.55676
-23.458,134,0.55676
-23.448,134,0.55676
-23.437,134,0.55676
-23.427,134,0.55676
-23.416,134,0.55677
-23.406,134,0.55677
-23.395,134,0.55677
-23.384,134,0.55677
-23.374,134,0.55677
-23.363,134,0.55678
-23.353,134,0.55678
-23.342,134,0.55678
-23.332,134,0.55678
-23.321,134,0.55678
-23.311,134,0.55678
-23.3,134,0.55679
-23.29,134,0.55679
-23.279,134,0.55679
-23.269,134,0.55679
-23.258,134,0.55679
-23.248,134,0.55679
-23.238,134,0.5568
-23.227,134,0.5568
-23.217,134,0.5568
-23.206,134,0.5568
-23.196,134,0.5568
-23.185,134,0.5568
-23.175,134,0.55681
-23.164,134,0.55681
-23.154,134,0.55681
-23.144,134,0.55681
-23.133,134,0.55681
-23.123,134,0.55681
-23.112,134,0.55682
-23.102,134,0.55682
-23.092,134,0.55682
-23.081,134,0.55682
-23.071,134,0.55682
-23.061,134,0.55682
-23.05,134,0.55683
-23.04,134,0.55683
-23.029,134,0.55683
-23.019,134,0.55683
-23.009,134,0.55683
-22.998,134,0.55683
-22.988,134,0.55684
-22.978,134,0.55684
-22.967,134,0.55684
-22.957,134,0.55684
-22.947,134,0.55684
-22.936,134,0.55684
-22.926,134,0.55685
-22.916,134,0.55685
-22.906,134,0.55685
-22.895,134,0.55685
-22.885,134,0.55685
-22.875,134,0.55685
-22.864,134,0.55686
-22.854,134,0.55686
-22.844,134,0.55686
-22.834,134,0.55686
-22.823,134,0.55686
-22.813,134,0.55686
-22.803,134,0.55687
-22.793,134,0.55687
-22.782,134,0.55687
-22.772,134,0.55687
-22.762,134,0.55687
-22.752,134,0.55687
-22.741,134,0.55688
-22.731,134,0.55688
-22.721,134,0.55688
-22.711,134,0.55688
-22.701,134,0.55688
-22.69,134,0.55688
-22.68,134,0.55689
-22.67,134,0.55689
-22.66,134,0.55689
-22.65,134,0.55689
-22.64,134,0.55689
-22.629,134,0.55689
-22.619,134,0.5569
-22.609,134,0.5569
-22.599,134,0.5569
-22.589,134,0.5569
-22.579,134,0.5569
-22.568,134,0.5569
-22.558,134,0.5569
-22.548,134,0.55691
-22.538,134,0.55691
-22.528,134,0.55691
-22.518,134,0.55691
-22.508,134,0.55691
-22.498,134,0.55691
-22.488,134,0.55692
-22.477,134,0.55692
-22.467,134,0.55692
-22.457,134,0.55692
-22.447,134,0.55692
-22.437,134,0.55692
-22.427,134,0.55693
-22.417,134,0.55693
-22.407,134,0.55693
-22.397,134,0.55693
-22.387,134,0.55693
-22.377,134,0.55693
-22.367,134,0.55694
-22.357,134,0.55694
-22.347,134,0.55694
-22.337,134,0.55694
-22.327,134,0.55694
-22.316,134,0.55694
-22.306,134,0.55694
-22.296,134,0.55695
-22.286,134,0.55695
-22.276,134,0.55695
-22.266,134,0.55695
-22.256,134,0.55695
-22.246,134,0.55695
-22.236,134,0.55696
-22.227,134,0.55696
-22.217,134,0.55696
-22.207,134,0.55696
-22.197,134,0.55696
-22.187,134,0.55696
-22.177,134,0.55696
-22.167,134,0.55697
-22.157,134,0.55697
-22.147,134,0.55697
-22.137,134,0.55697
-22.127,134,0.55697
-22.117,134,0.55697
-22.107,134,0.55698
-22.097,134,0.55698
-22.087,134,0.55698
-22.077,134,0.55698
-22.067,134,0.55698
-22.058,134,0.55698
-22.048,134,0.55698
-22.038,134,0.55699
-22.028,134,0.55699
-22.018,134,0.55699
-22.008,134,0.55699
-21.998,134,0.55699
-21.988,134,0.55699
-21.979,134,0.557
-21.969,134,0.557
-21.959,134,0.557
-21.949,134,0.557
-21.939,134,0.557
-21.929,134,0.557
-21.919,134,0.557
-21.91,134,0.55701
-21.9,134,0.55701
-21.89,134,0.55701
-21.88,134,0.55701
-21.87,134,0.55701
-21.861,134,0.55701
-21.851,134,0.55701
-21.841,134,0.55702
-21.831,134,0.55702
-21.821,134,0.55702
-21.812,134,0.55702
-21.802,134,0.55702
-21.792,134,0.55702
-21.782,134,0.55703
-21.773,134,0.55703
-21.763,134,0.55703
-21.753,134,0.55703
-21.743,134,0.55703
-21.734,134,0.55703
-21.724,134,0.55703
-21.714,134,0.55704
-21.704,134,0.55704
-21.695,134,0.55704
-21.685,134,0.55704
-21.675,134,0.55704
-21.666,134,0.55704
-21.656,134,0.55704
-21.646,134,0.55705
-21.636,134,0.55705
-21.627,134,0.55705
-21.617,134,0.55705
-21.607,134,0.55705
-21.598,134,0.55705
-21.588,134,0.55705
-21.578,134,0.55706
-21.569,134,0.55706
-21.559,134,0.55706
-21.549,134,0.55706
-21.54,134,0.55706
-21.53,134,0.55706
-21.521,134,0.55706
-21.511,134,0.55707
-21.501,134,0.55707
-21.492,134,0.55707
-21.482,134,0.55707
-21.472,134,0.55707
-21.463,134,0.55707
-21.453,134,0.55707
-21.444,134,0.55708
-21.434,134,0.55708
-21.425,134,0.55708
-21.415,134,0.55708
-21.405,134,0.55708
-21.396,134,0.55708
-21.386,134,0.55708
-21.377,134,0.55709
-21.367,134,0.55709
-21.358,134,0.55709
-21.348,134,0.55709
-21.339,134,0.55709
-21.329,134,0.55709
-21.319,134,0.55709
-21.31,134,0.5571
-21.3,134,0.5571
-21.291,134,0.5571
-21.281,134,0.5571
-21.272,134,0.5571
-21.262,134,0.5571
-21.253,134,0.5571
-21.243,134,0.55711
-21.234,134,0.55711
-21.225,134,0.55711
-21.215,134,0.55711
-21.206,134,0.55711
-21.196,134,0.55711
-21.187,134,0.55711
-21.177,134,0.55712
-21.168,134,0.55712
-21.158,134,0.55712
-21.149,134,0.55712
-21.14,134,0.55712
-21.13,134,0.55712
-21.121,134,0.55712
-21.111,134,0.55713
-21.102,134,0.55713
-21.092,134,0.55713
-21.083,134,0.55713
-21.074,134,0.55713
-21.064,134,0.55713
-21.055,134,0.55713
-21.046,134,0.55713
-21.036,134,0.55714
-21.027,134,0.55714
-21.017,134,0.55714
-21.008,134,0.55714
-20.999,134,0.55714
-20.989,134,0.55714
-20.98,134,0.55714
-20.971,134,0.55715
-20.961,134,0.55715
-20.952,134,0.55715
-20.943,134,0.55715
-20.934,134,0.55715
-20.924,134,0.55715
-20.915,134,0.55715
-20.906,134,0.55716
-20.896,134,0.55716
-20.887,134,0.55716
-20.878,134,0.55716
-20.869,134,0.55716
-20.859,134,0.55716
-20.85,134,0.55716
-20.841,134,0.55716
-20.832,134,0.55717
-20.822,134,0.55717
-20.813,134,0.55717
-20.804,134,0.55717
-20.795,134,0.55717
-20.785,134,0.55717
-20.776,134,0.55717
-20.767,134,0.55718
-20.758,134,0.55718
-20.749,134,0.55718
-20.739,134,0.55718
-20.73,134,0.55718
-20.721,134,0.55718
-20.712,134,0.55718
-20.703,134,0.55718
-20.694,134,0.55719
-20.684,134,0.55719
-20.675,134,0.55719
-20.666,134,0.55719
-20.657,134,0.55719
-20.648,134,0.55719
-20.639,134,0.55719
-20.63,134,0.5572
-20.62,134,0.5572
-20.611,134,0.5572
-20.602,134,0.5572
-20.593,134,0.5572
-20.584,134,0.5572
-20.575,134,0.5572
-20.566,134,0.5572
-20.557,134,0.55721
-20.548,134,0.55721
-20.539,134,0.55721
-20.53,134,0.55721
-20.521,134,0.55721
-20.512,134,0.55721
-20.502,134,0.55721
-20.493,134,0.55721
-20.484,134,0.55722
-20.475,134,0.55722
-20.466,134,0.55722
-20.457,134,0.55722
-20.448,134,0.55722
-20.439,134,0.55722
-20.43,134,0.55722
-20.421,134,0.55722
-20.412,134,0.55723
-20.403,134,0.55723
-20.394,134,0.55723
-20.385,134,0.55723
-20.377,134,0.55723
-20.368,134,0.55723
-20.359,134,0.55723
-20.35,134,0.55724
-20.341,134,0.55724
-20.332,134,0.55724
-20.323,134,0.55724
-20.314,134,0.55724
-20.305,134,0.55724
-20.296,134,0.55724
-20.287,134,0.55724
-20.278,134,0.55725
-20.269,134,0.55725
-20.261,134,0.55725
-20.252,134,0.55725
-20.243,134,0.55725
-20.234,134,0.55725
-20.225,134,0.55725
-20.216,134,0.55725
-20.207,134,0.55726
-20.199,134,0.55726
-20.19,134,0.55726
-20.181,134,0.55726
-20.172,134,0.55726
-20.163,134,0.55726
-20.154,134,0.55726
-20.146,134,0.55726
-20.137,134,0.55727
-20.128,134,0.55727
-20.119,134,0.55727
-20.11,134,0.55727
-20.102,134,0.55727
-20.093,134,0.55727
-20.084,134,0.55727
-20.075,134,0.55727
-20.067,134,0.55728
-20.058,134,0.55728
-20.049,134,0.55728
-20.04,134,0.55728
-20.032,134,0.55728
-20.023,134,0.55728
-20.014,134,0.55728
-20.006,134,0.55728
-19.997,134,0.55728
-19.988,134,0.55729
-19.979,134,0.55729
-19.971,134,0.55729
-19.962,134,0.55729
-19.953,134,0.55729
-19.945,134,0.55729
-19.936,134,0.55729
-19.927,134,0.55729
-19.919,134,0.5573
-19.91,134,0.5573
-19.901,134,0.5573
-19.893,134,0.5573
-19.884,134,0.5573
-19.876,134,0.5573
-19.867,134,0.5573
-19.858,134,0.5573
-19.85,134,0.55731
-19.841,134,0.55731
-19.833,134,0.55731
-19.824,134,0.55731
-19.815,134,0.55731
-19.807,134,0.55731
-19.798,134,0.55731
-19.79,134,0.55731
-19.781,134,0.55731
-19.773,134,0.55732
-19.764,134,0.55732
-19.756,134,0.55732
-19.747,134,0.55732
-19.739,134,0.55732
-19.73,134,0.55732
-19.721,134,0.55732
-19.713,134,0.55732
-19.704,134,0.55733
-19.696,134,0.55733
-19.688,134,0.55733
-19.679,134,0.55733
-19.671,134,0.55733
-19.662,134,0.55733
-19.654,134,0.55733
-19.645,134,0.55733
-19.637,134,0.55734
-19.628,134,0.55734
-19.62,134,0.55734
-19.611,134,0.55734
-19.603,134,0.55734
-19.595,134,0.55734
-19.586,134,0.55734
-19.578,134,0.55734
-19.569,134,0.55734
-19.561,134,0.55735
-19.553,134,0.55735
-19.544,134,0.55735
-19.536,134,0.55735
-19.527,134,0.55735
-19.519,134,0.55735
-19.511,134,0.55735
-19.502,134,0.55735
-19.494,134,0.55735
-19.486,134,0.55736
-19.477,134,0.55736
-19.469,134,0.55736
-19.461,134,0.55736
-19.452,134,0.55736
-19.444,134,0.55736
-19.436,134,0.55736
-19.427,134,0.55736
-19.419,134,0.55737
-19.411,134,0.55737
-19.403,134,0.55737
-19.394,134,0.55737
-19.386,134,0.55737
-19.378,134,0.55737
-19.369,134,0.55737
-19.361,134,0.55737
-19.353,134,0.55737
-19.345,134,0.55738
-19.337,134,0.55738
-19.328,134,0.55738
-19.32,134,0.55738
-19.312,134,0.55738
-19.304,134,0.55738
-19.295,134,0.55738
-19.287,134,0.55738
-19.279,134,0.55738
-19.271,134,0.55739
-19.263,134,0.55739
-19.254,134,0.55739
-19.246,134,0.55739
-19.238,134,0.55739
-19.23,134,0.55739
-19.222,134,0.55739
-19.214,134,0.55739
-19.206,134,0.55739
-19.197,134,0.5574
-19.189,134,0.5574
-19.181,134,0.5574
-19.173,134,0.5574
-19.165,134,0.5574
-19.157,134,0.5574
-19.149,134,0.5574
-19.141,134,0.5574
-19.133,134,0.5574
-19.125,134,0.55741
-19.116,134,0.55741
-19.108,134,0.55741
-19.1,134,0.55741
-19.092,134,0.55741
-19.084,134,0.55741
-19.076,134,0.55741
-19.068,134,0.55741
-19.06,134,0.55741
-19.052,134,0.55742
-19.044,134,0.55742
-19.036,134,0.55742
-19.028,134,0.55742
-19.02,134,0.55742
-19.012,134,0.55742
-19.004,134,0.55742
-18.996,134,0.55742
-18.988,134,0.55742
-18.98,134,0.55743
-18.972,134,0.55743
-18.964,134,0.55743
-18.956,134,0.55743
-18.948,134,0.55743
-18.94,134,0.55743
-18.932,134,0.55743
-18.924,134,0.55743
-18.916,134,0.55743
-18.909,134,0.55743
-18.901,134,0.55744
-18.893,134,0.55744
-18.885,134,0.55744
-18.877,134,0.55744
-18.869,134,0.55744
-18.861,134,0.55744
-18.853,134,0.55744
-18.845,134,0.55744
-18.838,134,0.55744
-18.83,134,0.55745
-18.822,134,0.55745
-18.814,134,0.55745
-18.806,134,0.55745
-18.798,134,0.55745
-18.79,134,0.55745
-18.783,134,0.55745
-18.775,134,0.55745
-18.767,134,0.55745
-18.759,134,0.55745
-18.751,134,0.55746
-18.743,134,0.55746
-18.736,134,0.55746
-18.728,134,0.55746
-18.72,134,0.55746
-18.712,134,0.55746
-18.705,134,0.55746
-18.697,134,0.55746
-18.689,134,0.55746
-18.681,134,0.55747
-18.673,134,0.55747
-18.666,134,0.55747
-18.658,134,0.55747
-18.65,134,0.55747
-18.643,134,0.55747
-18.635,134,0.55747
-18.627,134,0.55747
-18.619,134,0.55747
-18.612,134,0.55747
-18.604,134,0.55748
-18.596,134,0.55748
-18.589,134,0.55748
-18.581,134,0.55748
-18.573,134,0.55748
-18.566,134,0.55748
-18.558,134,0.55748
-18.55,134,0.55748
-18.543,134,0.55748
-18.535,134,0.55748
-18.527,134,0.55749
-18.52,134,0.55749
-18.512,134,0.55749
-18.504,134,0.55749
-18.497,134,0.55749
-18.489,134,0.55749
-18.481,134,0.55749
-18.474,134,0.55749
-18.466,134,0.55749
-18.459,134,0.5575
-18.451,134,0.5575
-18.443,134,0.5575
-18.436,134,0.5575
-18.428,134,0.5575
-18.421,134,0.5575
-18.413,134,0.5575
-18.406,134,0.5575
-18.398,134,0.5575
-18.39,134,0.5575
-18.383,134,0.55751
-18.375,134,0.55751
-18.368,134,0.55751
-18.36,134,0.55751
-18.353,134,0.55751
-18.345,134,0.55751
-18.338,134,0.55751
-18.33,134,0.55751
-18.323,134,0.55751
-18.315,134,0.55751
-18.308,134,0.55752
-18.3,134,0.55752
-18.293,134,0.55752
-18.285,134,0.55752
-18.278,134,0.55752
-18.27,134,0.55752
-18.263,134,0.55752
-18.255,134,0.55752
-18.248,134,0.55752
-18.24,134,0.55752
-18.233,134,0.55752
-18.226,134,0.55753
-18.218,134,0.55753
-18.211,134,0.55753
-18.203,134,0.55753
-18.196,134,0.55753
-18.188,134,0.55753
-18.181,134,0.55753
-18.174,134,0.55753
-18.166,134,0.55753
-18.159,134,0.55753
-18.151,134,0.55754
-18.144,134,0.55754
-18.137,134,0.55754
-18.129,134,0.55754
-18.122,134,0.55754
-18.114,134,0.55754
-18.107,134,0.55754
-18.1,134,0.55754
-18.092,134,0.55754
-18.085,134,0.55754
-18.078,134,0.55755
-18.07,134,0.55755
-18.063,134,0.55755
-18.056,134,0.55755
-18.048,134,0.55755
-18.041,134,0.55755
-18.034,134,0.55755
-18.026,134,0.55755
-18.019,134,0.55755
-18.012,134,0.55755
-18.005,134,0.55755
-17.997,134,0.55756
-17.99,134,0.55756
-17.983,134,0.55756
-17.975,134,0.55756
-17.968,134,0.55756
-17.961,134,0.55756
-17.954,134,0.55756
-17.946,134,0.55756
-17.939,134,0.55756
-17.932,134,0.55756
-17.925,134,0.55757
-17.917,134,0.55757
-17.91,134,0.55757
-17.903,134,0.55757
-17.896,134,0.55757
-17.888,134,0.55757
-17.881,134,0.55757
-17.874,134,0.55757
-17.867,134,0.55757
-17.86,134,0.55757
-17.852,134,0.55757
-17.845,134,0.55758
-17.838,134,0.55758
-17.831,134,0.55758
-17.824,134,0.55758
-17.817,134,0.55758
-17.809,134,0.55758
-17.802,134,0.55758
-17.795,134,0.55758
-17.788,134,0.55758
-17.781,134,0.55758
-17.774,134,0.55758
-17.766,134,0.55759
-17.759,134,0.55759
-17.752,134,0.55759
-17.745,134,0.55759
-17.738,134,0.55759
-17.731,134,0.55759
-17.724,134,0.55759
-17.717,134,0.55759
-17.709,134,0.55759
-17.702,134,0.55759
-17.695,134,0.55759
-17.688,134,0.5576
-17.681,134,0.5576
-17.674,134,0.5576
-17.667,134,0.5576
-17.66,134,0.5576
-17.653,134,0.5576
-17.646,134,0.5576
-17.639,134,0.5576
-17.632,134,0.5576
-17.625,134,0.5576
-17.617,134,0.5576
-17.61,134,0.55761
-17.603,134,0.55761
-17.596,134,0.55761
-17.589,134,0.55761
-17.582,134,0.55761
-17.575,134,0.55761
-17.568,134,0.55761
-17.561,134,0.55761
-17.554,134,0.55761
-17.547,134,0.55761
-17.54,134,0.55761
-17.533,134,0.55762
-17.526,134,0.55762
-17.519,134,0.55762
-17.512,134,0.55762
-17.505,134,0.55762
-17.498,134,0.55762
-17.491,134,0.55762
-17.484,134,0.55762
-17.477,134,0.55762
-17.47,134,0.55762
-17.463,134,0.55762
-17.456,134,0.55763
-17.449,134,0.55763
-17.443,134,0.55763
-17.436,134,0.55763
-17.429,134,0.55763
-17.422,134,0.55763
-17.415,134,0.55763
-17.408,134,0.55763
-17.401,134,0.55763
-17.394,134,0.55763
-17.387,134,0.55763
-17.38,134,0.55763
-17.373,134,0.55764
-17.366,134,0.55764
-17.359,134,0.55764
-17.353,134,0.55764
-17.346,134,0.55764
-17.339,134,0.55764
-17.332,134,0.55764
-17.325,134,0.55764
-17.318,134,0.55764
-17.311,134,0.55764
-17.304,134,0.55764
-17.298,134,0.55765
-17.291,134,0.55765
-17.284,134,0.55765
-17.277,134,0.55765
-17.27,134,0.55765
-17.263,134,0.55765
-17.256,134,0.55765
-17.25,134,0.55765
-17.243,134,0.55765
-17.236,134,0.55765
-17.229,134,0.55765
-17.222,134,0.55765
-17.216,134,0.55766
-17.209,134,0.55766
-17.202,134,0.55766
-17.195,134,0.55766
-17.188,134,0.55766
-17.181,134,0.55766
-17.175,134,0.55766
-17.168,134,0.55766
-17.161,134,0.55766
-17.154,134,0.55766
-17.148,134,0.55766
-17.141,134,0.55766
-17.134,134,0.55767
-17.127,134,0.55767
-17.12,134,0.55767
-17.114,134,0.55767
-17.107,134,0.55767
-17.1,134,0.55767
-17.093,134,0.55767
-17.087,134,0.55767
-17.08,134,0.55767
-17.073,134,0.55767
-17.066,134,0.55767
-17.06,134,0.55767
-17.053,134,0.55768
-17.046,134,0.55768
-17.04,134,0.55768
-17.033,134,0.55768
-17.026,134,0.55768
-17.019,134,0.55768
-17.013,134,0.55768
-17.006,134,0.55768
-16.999,134,0.55768
-16.993,134,0.55768
-16.986,134,0.55768
-16.979,134,0.55768
-16.973,134,0.55769
-16.966,134,0.55769
-16.959,134,0.55769
-16.953,134,0.55769
-16.946,134,0.55769
-16.939,134,0.55769
-16.933,134,0.55769
-16.926,134,0.55769
-16.919,134,0.55769
-16.913,134,0.55769
-16.906,134,0.55769
-16.899,134,0.55769
-16.893,134,0.5577
-16.886,134,0.5577
-16.879,134,0.5577
-16.873,134,0.5577
-16.866,134,0.5577
-16.859,134,0.5577
-16.853,134,0.5577
-16.846,134,0.5577
-16.84,134,0.5577
-16.833,134,0.5577
-16.826,134,0.5577
-16.82,134,0.5577
-16.813,134,0.55771
-16.807,134,0.55771
-16.8,134,0.55771
-16.793,134,0.55771
-16.787,134,0.55771
-16.78,134,0.55771
-16.774,134,0.55771
-16.767,134,0.55771
-16.761,134,0.55771
-16.754,134,0.55771
-16.747,134,0.55771
-16.741,134,0.55771
-16.734,134,0.55771
-16.728,134,0.55772
-16.721,134,0.55772
-16.715,134,0.55772
-16.708,134,0.55772
-16.702,134,0.55772
-16.695,134,0.55772
-16.688,134,0.55772
-16.682,134,0.55772
-16.675,134,0.55772
-16.669,134,0.55772
-16.662,134,0.55772
-16.656,134,0.55772
-16.649,134,0.55772
-16.643,134,0.55773
-16.636,134,0.55773
-16.63,134,0.55773
-16.623,134,0.55773
-16.617,134,0.55773
-16.61,134,0.55773
-16.604,134,0.55773
-16.597,134,0.55773
-16.591,134,0.55773
-16.584,134,0.55773
-16.578,134,0.55773
-16.571,134,0.55773
-16.565,134,0.55773
-16.558,134,0.55774
-16.552,134,0.55774
-16.545,134,0.55774
-16.539,134,0.55774
-16.533,134,0.55774
-16.526,134,0.55774
-16.52,134,0.55774
-16.513,134,0.55774
-16.507,134,0.55774
-16.5,134,0.55774
-16.494,134,0.55774
-16.487,134,0.55774
-16.481,134,0.55774
-16.475,134,0.55775
-16.468,134,0.55775
-16.462,134,0.55775
-16.455,134,0.55775
-16.449,134,0.55775
-16.442,134,0.55775
-16.436,134,0.55775
-16.43,134,0.55775
-16.423,134,0.55775
-16.417,134,0.55775
-16.41,134,0.55775
-16.404,134,0.55775
-16.398,134,0.55775
-16.391,134,0.55776
-16.385,134,0.55776
-16.379,134,0.55776
-16.372,134,0.55776
-16.366,134,0.55776
-16.359,134,0.55776
-16.353,134,0.55776
-16.347,134,0.55776
-16.34,134,0.55776
-16.334,134,0.55776
-16.328,134,0.55776
-16.321,134,0.55776
-16.315,134,0.55776
-16.309,134,0.55777
-16.302,134,0.55777
-16.296,134,0.55777
-16.29,134,0.55777
-16.283,134,0.55777
-16.277,134,0.55777
-16.271,134,0.55777
-16.264,134,0.55777
-16.258,134,0.55777
-16.252,134,0.55777
-16.245,134,0.55777
-16.239,134,0.55777
-16.233,134,0.55777
-16.226,134,0.55777
-16.22,134,0.55778
-16.214,134,0.55778
-16.207,134,0.55778
-16.201,134,0.55778
-16.195,134,0.55778
-16.189,134,0.55778
-16.182,134,0.55778
-16.176,134,0.55778
-16.17,134,0.55778
-16.163,134,0.55778
-16.157,134,0.55778
-16.151,134,0.55778
-16.145,134,0.55778
-16.138,134,0.55778
-16.132,134,0.55779
-16.126,134,0.55779
-16.12,134,0.55779
-16.113,134,0.55779
-16.107,134,0.55779
-16.101,134,0.55779
-16.095,134,0.55779
-16.088,134,0.55779
-16.082,134,0.55779
-16.076,134,0.55779
-16.07,134,0.55779
-16.063,134,0.55779
-16.057,134,0.55779
-16.051,134,0.55779
-16.045,134,0.5578
-16.039,134,0.5578
-16.032,134,0.5578
-16.026,134,0.5578
-16.02,134,0.5578
-16.014,134,0.5578
-16.008,134,0.5578
-16.001,134,0.5578
-15.995,134,0.5578
-15.989,134,0.5578
-15.983,134,0.5578
-15.977,134,0.5578
-15.97,134,0.5578
-15.964,134,0.5578
-15.958,134,0.55781
-15.952,134,0.55781
-15.946,134,0.55781
-15.94,134,0.55781
-15.933,134,0.55781
-15.927,134,0.55781
-15.921,134,0.55781
-15.915,134,0.55781
-15.909,134,0.55781
-15.903,134,0.55781
-15.896,134,0.55781
-15.89,134,0.55781
-15.884,134,0.55781
-15.878,134,0.55781
-15.872,134,0.55782
-15.866,134,0.55782
-15.86,134,0.55782
-15.854,134,0.55782
-15.847,134,0.55782
-15.841,134,0.55782
-15.835,134,0.55782
-15.829,134,0.55782
-15.823,134,0.55782
-15.817,134,0.55782
-15.811,134,0.55782
-15.805,134,0.55782
-15.799,134,0.55782
-15.792,134,0.55782
-15.786,134,0.55782
-15.78,134,0.55783
-15.774,134,0.55783
-15.768,134,0.55783
-15.762,134,0.55783
-15.756,134,0.55783
-15.75,134,0.55783
-15.744,134,0.55783
-15.738,134,0.55783
-15.732,134,0.55783
-15.726,134,0.55783
-15.72,134,0.55783
-15.714,134,0.55783
-15.707,134,0.55783
-15.701,134,0.55783
-15.695,134,0.55783
-15.689,134,0.55784
-15.683,134,0.55784
-15.677,134,0.55784
-15.671,134,0.55784
-15.665,134,0.55784
-15.659,134,0.55784
-15.653,134,0.55784
-15.647,134,0.55784
-15.641,134,0.55784
-15.635,134,0.55784
-15.629,134,0.55784
-15.623,134,0.55784
-15.617,134,0.55784
-15.611,134,0.55784
-15.605,134,0.55784
-15.599,134,0.55785
-15.593,134,0.55785
-15.587,134,0.55785
-15.581,134,0.55785
-15.575,134,0.55785
-15.569,134,0.55785
-15.563,134,0.55785
-15.557,134,0.55785
-15.551,134,0.55785
-15.545,134,0.55785
-15.539,134,0.55785
-15.533,134,0.55785
-15.527,134,0.55785
-15.521,134,0.55785
-15.515,134,0.55785
-15.509,134,0.55786
-15.503,134,0.55786
-15.498,134,0.55786
-15.492,134,0.55786
-15.486,134,0.55786
-15.48,134,0.55786
-15.474,134,0.55786
-15.468,134,0.55786
-15.462,134,0.55786
-15.456,134,0.55786
-15.45,134,0.55786
-15.444,134,0.55786
-15.438,134,0.55786
-15.432,134,0.55786
-15.426,134,0.55786
-15.42,134,0.55787
-15.415,134,0.55787
-15.409,134,0.55787
-15.403,134,0.55787
-15.397,134,0.55787
-15.391,134,0.55787
-15.385,134,0.55787
-15.379,134,0.55787
-15.373,134,0.55787
-15.367,134,0.55787
-15.362,134,0.55787
-15.356,134,0.55787
-15.35,134,0.55787
-15.344,134,0.55787
-15.338,134,0.55787
-15.332,134,0.55787
-15.326,134,0.55788
-15.32,134,0.55788
-15.315,134,0.55788
-15.309,134,0.55788
-15.303,134,0.55788
-15.297,134,0.55788
-15.291,134,0.55788
-15.285,134,0.55788
-15.28,134,0.55788
-15.274,134,0.55788
-15.268,134,0.55788
-15.262,134,0.55788
-15.256,134,0.55788
-15.25,134,0.55788
-15.245,134,0.55788
-15.239,134,0.55788
-15.233,134,0.55789
-15.227,134,0.55789
-15.221,134,0.55789
-15.216,134,0.55789
-15.21,134,0.55789
-15.204,134,0.55789
-15.198,134,0.55789
-15.192,134,0.55789
-15.187,134,0.55789
-15.181,134,0.55789
-15.175,134,0.55789
-15.169,134,0.55789
-15.163,134,0.55789
-15.158,134,0.55789
-15.152,134,0.55789
-15.146,134,0.55789
-15.14,134,0.5579
-15.135,134,0.5579
-15.129,134,0.5579
-15.123,134,0.5579
-15.117,134,0.5579
-15.112,134,0.5579
-15.106,134,0.5579
-15.1,134,0.5579
-15.094,134,0.5579
-15.089,134,0.5579
-15.083,134,0.5579
-15.077,134,0.5579
-15.071,134,0.5579
-15.066,134,0.5579
-15.06,134,0.5579
-15.054,134,0.5579
-15.049,134,0.5579
-15.043,134,0.55791
-15.037,134,0.55791
-15.031,134,0.55791
-15.026,134,0.55791
-15.02,134,0.55791
-15.014,134,0.55791
-15.009,134,0.55791
-15.003,134,0.55791
-14.997,134,0.55791
-14.991,134,0.55791
-14.986,134,0.55791
-14.98,134,0.55791
-14.974,134,0.55791
-14.969,134,0.55791
-14.963,134,0.55791
-14.957,134,0.55791
-14.952,134,0.55791
-14.946,134,0.55792
-14.94,134,0.55792
-14.935,134,0.55792
-14.929,134,0.55792
-14.923,134,0.55792
-14.918,134,0.55792
-14.912,134,0.55792
-14.907,134,0.55792
-14.901,134,0.55792
-14.895,134,0.55792
-14.89,134,0.55792
-14.884,134,0.55792
-14.878,134,0.55792
-14.873,134,0.55792
-14.867,134,0.55792
-14.861,134,0.55792
-14.856,134,0.55792
-14.85,134,0.55793
-14.845,134,0.55793
-14.839,134,0.55793
-14.833,134,0.55793
-14.828,134,0.55793
-14.822,134,0.55793
-14.817,134,0.55793
-14.811,134,0.55793
-14.805,134,0.55793
-14.8,134,0.55793
-14.794,134,0.55793
-14.789,134,0.55793
-14.783,134,0.55793
-14.778,134,0.55793
-14.772,134,0.55793
-14.766,134,0.55793
-14.761,134,0.55793
-14.755,134,0.55794
-14.75,134,0.55794
-14.744,134,0.55794
-14.739,134,0.55794
-14.733,134,0.55794
-14.727,134,0.55794
-14.722,134,0.55794
-14.716,134,0.55794
-14.711,134,0.55794
-14.705,134,0.55794
-14.7,134,0.55794
-14.694,134,0.55794
-14.689,134,0.55794
-14.683,134,0.55794
-14.678,134,0.55794
-14.672,134,0.55794
-14.667,134,0.55794
-14.661,134,0.55794
-14.656,134,0.55795
-14.65,134,0.55795
-14.645,134,0.55795
-14.639,134,0.55795
-14.634,134,0.55795
-14.628,134,0.55795
-14.623,134,0.55795
-14.617,134,0.55795
-14.612,134,0.55795
-14.606,134,0.55795
-14.601,134,0.55795
-14.595,134,0.55795
-14.59,134,0.55795
-14.584,134,0.55795
-14.579,134,0.55795
-14.573,134,0.55795
-14.568,134,0.55795
-14.562,134,0.55795
-14.557,134,0.55796
-14.551,134,0.55796
-14.546,134,0.55796
-14.541,134,0.55796
-14.535,134,0.55796
-14.53,134,0.55796
-14.524,134,0.55796
-14.519,134,0.55796
-14.513,134,0.55796
-14.508,134,0.55796
-14.503,134,0.55796
-14.497,134,0.55796
-14.492,134,0.55796
-14.486,134,0.55796
-14.481,134,0.55796
-14.475,134,0.55796
-14.47,134,0.55796
-14.465,134,0.55796
-14.459,134,0.55797
-14.454,134,0.55797
-14.448,134,0.55797
-14.443,134,0.55797
-14.438,134,0.55797
-14.432,134,0.55797
-14.427,134,0.55797
-14.421,134,0.55797
-14.416,134,0.55797
-14.411,134,0.55797
-14.405,134,0.55797
-14.4,134,0.55797
-14.395,134,0.55797
-14.389,134,0.55797
-14.384,134,0.55797
-14.379,134,0.55797
-14.373,134,0.55797
-14.368,134,0.55797
-14.362,134,0.55797
-14.357,134,0.55798
-14.352,134,0.55798
-14.346,134,0.55798
-14.341,134,0.55798
-14.336,134,0.55798
-14.33,134,0.55798
-14.325,134,0.55798
-14.32,134,0.55798
-14.314,134,0.55798
-14.309,134,0.55798
-14.304,134,0.55798
-14.298,134,0.55798
-14.293,134,0.55798
-14.288,134,0.55798
-14.283,134,0.55798
-14.277,134,0.55798
-14.272,134,0.55798
-14.267,134,0.55798
-14.261,134,0.55798
-14.256,134,0.55799
-14.251,134,0.55799
-14.245,134,0.55799
-14.24,134,0.55799
-14.235,134,0.55799
-14.23,134,0.55799
-14.224,134,0.55799
-14.219,134,0.55799
-14.214,134,0.55799
-14.208,134,0.55799
-14.203,134,0.55799
-14.198,134,0.55799
-14.193,134,0.55799
-14.187,134,0.55799
-14.182,134,0.55799
-14.177,134,0.55799
-14.172,134,0.55799
-14.166,134,0.55799
-14.161,134,0.55799
-14.156,134,0.558
-14.151,134,0.558
-14.145,134,0.558
-14.14,134,0.558
-14.135,134,0.558
-14.13,134,0.558
-14.125,134,0.558
-14.119,134,0.558
-14.114,134,0.558
-14.109,134,0.558
-14.104,134,0.558
-14.099,134,0.558
-14.093,134,0.558
-14.088,134,0.558
-14.083,134,0.558
-14.078,134,0.558
-14.073,134,0.558
-14.067,134,0.558
-14.062,134,0.558
-14.057,134,0.558
-14.052,134,0.55801
-14.047,134,0.55801
-14.041,134,0.55801
-14.036,134,0.55801
-14.031,134,0.55801
-14.026,134,0.55801
-14.021,134,0.55801
-14.016,134,0.55801
-14.01,134,0.55801
-14.005,134,0.55801
-14,134,0.55801
-13.995,134,0.55801
-13.99,134,0.55801
-13.985,134,0.55801
-13.979,134,0.55801
-13.974,134,0.55801
-13.969,134,0.55801
-13.964,134,0.55801
-13.959,134,0.55801
-13.954,134,0.55801
-13.949,134,0.55802
-13.944,134,0.55802
-13.938,134,0.55802
-13.933,134,0.55802
-13.928,134,0.55802
-13.923,134,0.55802
-13.918,134,0.55802
-13.913,134,0.55802
-13.908,134,0.55802
-13.903,134,0.55802
-13.898,134,0.55802
-13.892,134,0.55802
-13.887,134,0.55802
-13.882,134,0.55802
-13.877,134,0.55802
-13.872,134,0.55802
-13.867,134,0.55802
-13.862,134,0.55802
-13.857,134,0.55802
-13.852,134,0.55802
-13.847,134,0.55802
-13.842,134,0.55803
-13.837,134,0.55803
-13.832,134,0.55803
-13.826,134,0.55803
-13.821,134,0.55803
-13.816,134,0.55803
-13.811,134,0.55803
-13.806,134,0.55803
-13.801,134,0.55803
-13.796,134,0.55803
-13.791,134,0.55803
-13.786,134,0.55803
-13.781,134,0.55803
-13.776,134,0.55803
-13.771,134,0.55803
-13.766,134,0.55803
-13.761,134,0.55803
-13.756,134,0.55803
-13.751,134,0.55803
-13.746,134,0.55803
-13.741,134,0.55803
-13.736,134,0.55804
-13.731,134,0.55804
-13.726,134,0.55804
-13.721,134,0.55804
-13.716,134,0.55804
-13.711,134,0.55804
-13.706,134,0.55804
-13.701,134,0.55804
-13.696,134,0.55804
-13.691,134,0.55804
-13.686,134,0.55804
-13.681,134,0.55804
-13.676,134,0.55804
-13.671,134,0.55804
-13.666,134,0.55804
-13.661,134,0.55804
-13.656,134,0.55804
-13.651,134,0.55804
-13.646,134,0.55804
-13.641,134,0.55804
-13.636,134,0.55804
-13.631,134,0.55804
-13.626,134,0.55805
-13.621,134,0.55805
-13.616,134,0.55805
-13.611,134,0.55805
-13.606,134,0.55805
-13.601,134,0.55805
-13.596,134,0.55805
-13.592,134,0.55805
-13.587,134,0.55805
-13.582,134,0.55805
-13.577,134,0.55805
-13.572,134,0.55805
-13.567,134,0.55805
-13.562,134,0.55805
-13.557,134,0.55805
-13.552,134,0.55805
-13.547,134,0.55805
-13.542,134,0.55805
-13.537,134,0.55805
-13.532,134,0.55805
-13.528,134,0.55805
-13.523,134,0.55806
-13.518,134,0.55806
-13.513,134,0.55806
-13.508,134,0.55806
-13.503,134,0.55806
-13.498,134,0.55806
-13.493,134,0.55806
-13.488,134,0.55806
-13.484,134,0.55806
-13.479,134,0.55806
-13.474,134,0.55806
-13.469,134,0.55806
-13.464,134,0.55806
-13.459,134,0.55806
-13.454,134,0.55806
-13.449,134,0.55806
-13.445,134,0.55806
-13.44,134,0.55806
-13.435,134,0.55806
-13.43,134,0.55806
-13.425,134,0.55806
-13.42,134,0.55806
-13.416,134,0.55806
-13.411,134,0.55807
-13.406,134,0.55807
-13.401,134,0.55807
-13.396,134,0.55807
-13.391,134,0.55807
-13.386,134,0.55807
-13.382,134,0.55807
-13.377,134,0.55807
-13.372,134,0.55807
-13.367,134,0.55807
-13.362,134,0.55807
-13.358,134,0.55807
-13.353,134,0.55807
-13.348,134,0.55807
-13.343,134,0.55807
-13.338,134,0.55807
-13.334,134,0.55807
-13.329,134,0.55807
-13.324,134,0.55807
-13.319,134,0.55807
-13.314,134,0.55807
-13.31,134,0.55807
-13.305,134,0.55807
-13.3,134,0.55808
-13.295,134,0.55808
-13.29,134,0.55808
-13.286,134,0.55808
-13.281,134,0.55808
-13.276,134,0.55808
-13.271,134,0.55808
-13.267,134,0.55808
-13.262,134,0.55808
-13.257,134,0.55808
-13.252,134,0.55808
-13.247,134,0.55808
-13.243,134,0.55808
-13.238,134,0.55808
-13.233,134,0.55808
-13.228,134,0.55808
-13.224,134,0.55808
-13.219,134,0.55808
-13.214,134,0.55808
-13.209,134,0.55808
-13.205,134,0.55808
-13.2,134,0.55808
-13.195,134,0.55808
-13.191,134,0.55809
-13.186,134,0.55809
-13.181,134,0.55809
-13.176,134,0.55809
-13.172,134,0.55809
-13.167,134,0.55809
-13.162,134,0.55809
-13.157,134,0.55809
-13.153,134,0.55809
-13.148,134,0.55809
-13.143,134,0.55809
-13.139,134,0.55809
-13.134,134,0.55809
-13.129,134,0.55809
-13.125,134,0.55809
-13.12,134,0.55809
-13.115,134,0.55809
-13.11,134,0.55809
-13.106,134,0.55809
-13.101,134,0.55809
-13.096,134,0.55809
-13.092,134,0.55809
-13.087,134,0.55809
-13.082,134,0.55809
-13.078,134,0.5581
-13.073,134,0.5581
-13.068,134,0.5581
-13.064,134,0.5581
-13.059,134,0.5581
-13.054,134,0.5581
-13.05,134,0.5581
-13.045,134,0.5581
-13.04,134,0.5581
-13.036,134,0.5581
-13.031,134,0.5581
-13.026,134,0.5581
-13.022,134,0.5581
-13.017,134,0.5581
-13.012,134,0.5581
-13.008,134,0.5581
-13.003,134,0.5581
-12.999,134,0.5581
-12.994,134,0.5581
-12.989,134,0.5581
-12.985,134,0.5581
-12.98,134,0.5581
-12.975,134,0.5581
-12.971,134,0.5581
-12.966,134,0.5581
-12.962,134,0.55811
-12.957,134,0.55811
-12.952,134,0.55811
-12.948,134,0.55811
-12.943,134,0.55811
-12.938,134,0.55811
-12.934,134,0.55811
-12.929,134,0.55811
-12.925,134,0.55811
-12.92,134,0.55811
-12.915,134,0.55811
-12.911,134,0.55811
-12.906,134,0.55811
-12.902,134,0.55811
-12.897,134,0.55811
-12.893,134,0.55811
-12.888,134,0.55811
-12.883,134,0.55811
-12.879,134,0.55811
-12.874,134,0.55811
-12.87,134,0.55811
-12.865,134,0.55811
-12.861,134,0.55811
-12.856,134,0.55811
-12.851,134,0.55811
-12.847,134,0.55812
-12.842,134,0.55812
-12.838,134,0.55812
-12.833,134,0.55812
-12.829,134,0.55812
-12.824,134,0.55812
-12.819,134,0.55812
-12.815,134,0.55812
-12.81,134,0.55812
-12.806,134,0.55812
-12.801,134,0.55812
-12.797,134,0.55812
-12.792,134,0.55812
-12.788,134,0.55812
-12.783,134,0.55812
-12.779,134,0.55812
-12.774,134,0.55812
-12.77,134,0.55812
-12.765,134,0.55812
-12.761,134,0.55812
-12.756,134,0.55812
-12.751,134,0.55812
-12.747,134,0.55812
-12.742,134,0.55812
-12.738,134,0.55812
-12.733,134,0.55812
-12.729,134,0.55813
-12.724,134,0.55813
-12.72,134,0.55813
-12.715,134,0.55813
-12.711,134,0.55813
-12.706,134,0.55813
-12.702,134,0.55813
-12.697,134,0.55813
-12.693,134,0.55813
-12.688,134,0.55813
-12.684,134,0.55813
-12.68,134,0.55813
-12.675,134,0.55813
-12.671,134,0.55813
-12.666,134,0.55813
-12.662,134,0.55813
-12.657,134,0.55813
-12.653,134,0.55813
-12.648,134,0.55813
-12.644,134,0.55813
-12.639,134,0.55813
-12.635,134,0.55813
-12.63,134,0.55813
-12.626,134,0.55813
-12.621,134,0.55813
-12.617,134,0.55813
-12.613,134,0.55813
-12.608,134,0.55814
-12.604,134,0.55814
-12.599,134,0.55814
-12.595,134,0.55814
-12.59,134,0.55814
-12.586,134,0.55814
-12.581,134,0.55814
-12.577,134,0.55814
-12.573,134,0.55814
-12.568,134,0.55814
-12.564,134,0.55814
-12.559,134,0.55814
-12.555,134,0.55814
-12.55,134,0.55814
-12.546,134,0.55814
-12.542,134,0.55814
-12.537,134,0.55814
-12.533,134,0.55814
-12.528,134,0.55814
-12.524,134,0.55814
-12.52,134,0.55814
-12.515,134,0.55814
-12.511,134,0.55814
-12.506,134,0.55814
-12.502,134,0.55814
-12.497,134,0.55814
-12.493,134,0.55814
-12.489,134,0.55815
-12.484,134,0.55815
-12.48,134,0.55815
-12.476,134,0.55815
-12.471,134,0.55815
-12.467,134,0.55815
-12.462,134,0.55815
-12.458,134,0.55815
-12.454,134,0.55815
-12.449,134,0.55815
-12.445,134,0.55815
-12.441,134,0.55815
-12.436,134,0.55815
-12.432,134,0.55815
-12.427,134,0.55815
-12.423,134,0.55815
-12.419,134,0.55815
-12.414,134,0.55815
-12.41,134,0.55815
-12.406,134,0.55815
-12.401,134,0.55815
-12.397,134,0.55815
-12.393,134,0.55815
-12.388,134,0.55815
-12.384,134,0.55815
-12.38,134,0.55815
-12.375,134,0.55815
-12.371,134,0.55815
-12.366,134,0.55815
-12.362,134,0.55816
-12.358,134,0.55816
-12.353,134,0.55816
-12.349,134,0.55816
-12.345,134,0.55816
-12.34,134,0.55816
-12.336,134,0.55816
-12.332,134,0.55816
-12.328,134,0.55816
-12.323,134,0.55816
-12.319,134,0.55816
-12.315,134,0.55816
-12.31,134,0.55816
-12.306,134,0.55816
-12.302,134,0.55816
-12.297,134,0.55816
-12.293,134,0.55816
-12.289,134,0.55816
-12.284,134,0.55816
-12.28,134,0.55816
-12.276,134,0.55816
-12.272,134,0.55816
-12.267,134,0.55816
-12.263,134,0.55816
-12.259,134,0.55816
-12.254,134,0.55816
-12.25,134,0.55816
-12.246,134,0.55816
-12.242,134,0.55816
-12.237,134,0.55817
-12.233,134,0.55817
-12.229,134,0.55817
-12.224,134,0.55817
-12.22,134,0.55817
-12.216,134,0.55817
-12.212,134,0.55817
-12.207,134,0.55817
-12.203,134,0.55817
-12.199,134,0.55817
-12.195,134,0.55817
-12.19,134,0.55817
-12.186,134,0.55817
-12.182,134,0.55817
-12.178,134,0.55817
-12.173,134,0.55817
-12.169,134,0.55817
-12.165,134,0.55817
-12.161,134,0.55817
-12.156,134,0.55817
-12.152,134,0.55817
-12.148,134,0.55817
-12.144,134,0.55817
-12.139,134,0.55817
-12.135,134,0.55817
-12.131,134,0.55817
-12.127,134,0.55817
-12.122,134,0.55817
-12.118,134,0.55817
-12.114,134,0.55818
-12.11,134,0.55818
-12.106,134,0.55818
-12.101,134,0.55818
-12.097,134,0.55818
-12.093,134,0.55818
-12.089,134,0.55818
-12.084,134,0.55818
-12.08,134,0.55818
-12.076,134,0.55818
-12.072,134,0.55818
-12.068,134,0.55818
-12.063,134,0.55818
-12.059,134,0.55818
-12.055,134,0.55818
-12.051,134,0.55818
-12.047,134,0.55818
-12.042,134,0.55818
-12.038,134,0.55818
-12.034,134,0.55818
-12.03,134,0.55818
-12.026,134,0.55818
-12.022,134,0.55818
-12.017,134,0.55818
-12.013,134,0.55818
-12.009,134,0.55818
-12.005,134,0.55818
-12.001,134,0.55818
-11.997,134,0.55818
-11.992,134,0.55818
-11.988,134,0.55818
-11.984,134,0.55819
-11.98,134,0.55819
-11.976,134,0.55819
-11.972,134,0.55819
-11.967,134,0.55819
-11.963,134,0.55819
-11.959,134,0.55819
-11.955,134,0.55819
-11.951,134,0.55819
-11.947,134,0.55819
-11.942,134,0.55819
-11.938,134,0.55819
-11.934,134,0.55819
-11.93,134,0.55819
-11.926,134,0.55819
-11.922,134,0.55819
-11.918,134,0.55819
-11.913,134,0.55819
-11.909,134,0.55819
-11.905,134,0.55819
-11.901,134,0.55819
-11.897,134,0.55819
-11.893,134,0.55819
-11.889,134,0.55819
-11.885,134,0.55819
-11.88,134,0.55819
-11.876,134,0.55819
-11.872,134,0.55819
-11.868,134,0.55819
-11.864,134,0.55819
-11.86,134,0.55819
-11.856,134,0.55819
-11.852,134,0.5582
-11.848,134,0.5582
-11.844,134,0.5582
-11.839,134,0.5582
-11.835,134,0.5582
-11.831,134,0.5582
-11.827,134,0.5582
-11.823,134,0.5582
-11.819,134,0.5582
-11.815,134,0.5582
-11.811,134,0.5582
-11.807,134,0.5582
-11.803,134,0.5582
-11.799,134,0.5582
-11.794,134,0.5582
-11.79,134,0.5582
-11.786,134,0.5582
-11.782,134,0.5582
-11.778,134,0.5582
-11.774,134,0.5582
-11.77,134,0.5582
-11.766,134,0.5582
-11.762,134,0.5582
-11.758,134,0.5582
-11.754,134,0.5582
-11.75,134,0.5582
-11.746,134,0.5582
-11.742,134,0.5582
-11.737,134,0.5582
-11.733,134,0.5582
-11.729,134,0.5582
-11.725,134,0.5582
-11.721,134,0.5582
-11.717,134,0.55821
-11.713,134,0.55821
-11.709,134,0.55821
-11.705,134,0.55821
-11.701,134,0.55821
-11.697,134,0.55821
-11.693,134,0.55821
-11.689,134,0.55821
-11.685,134,0.55821
-11.681,134,0.55821
-11.677,134,0.55821
-11.673,134,0.55821
-11.669,134,0.55821
-11.665,134,0.55821
-11.661,134,0.55821
-11.657,134,0.55821
-11.653,134,0.55821
-11.649,134,0.55821
-11.645,134,0.55821
-11.641,134,0.55821
-11.637,134,0.55821
-11.633,134,0.55821
-11.629,134,0.55821
-11.625,134,0.55821
-11.621,134,0.55821
-11.617,134,0.55821
-11.613,134,0.55821
-11.609,134,0.55821
-11.605,134,0.55821
-11.601,134,0.55821
-11.597,134,0.55821
-11.593,134,0.55821
-11.589,134,0.55821
-11.585,134,0.55822
-11.581,134,0.55822
-11.577,134,0.55822
-11.573,134,0.55822
-11.569,134,0.55822
-11.565,134,0.55822
-11.561,134,0.55822
-11.557,134,0.55822
-11.553,134,0.55822
-11.549,134,0.55822
-11.545,134,0.55822
-11.541,134,0.55822
-11.537,134,0.55822
-11.533,134,0.55822
-11.529,134,0.55822
-11.525,134,0.55822
-11.521,134,0.55822
-11.517,134,0.55822
-11.513,134,0.55822
-11.509,134,0.55822
-11.505,134,0.55822
-11.501,134,0.55822
-11.498,134,0.55822
-11.494,134,0.55822
-11.49,134,0.55822
-11.486,134,0.55822
-11.482,134,0.55822
-11.478,134,0.55822
-11.474,134,0.55822
-11.47,134,0.55822
-11.466,134,0.55822
-11.462,134,0.55822
-11.458,134,0.55822
-11.454,134,0.55822
-11.45,134,0.55822
-11.446,134,0.55823
-11.442,134,0.55823
-11.439,134,0.55823
-11.435,134,0.55823
-11.431,134,0.55823
-11.427,134,0.55823
-11.423,134,0.55823
-11.419,134,0.55823
-11.415,134,0.55823
-11.411,134,0.55823
-11.407,134,0.55823
-11.403,134,0.55823
-11.399,134,0.55823
-11.396,134,0.55823
-11.392,134,0.55823
-11.388,134,0.55823
-11.384,134,0.55823
-11.38,134,0.55823
-11.376,134,0.55823
-11.372,134,0.55823
-11.368,134,0.55823
-11.364,134,0.55823
-11.361,134,0.55823
-11.357,134,0.55823
-11.353,134,0.55823
-11.349,134,0.55823
-11.345,134,0.55823
-11.341,134,0.55823
-11.337,134,0.55823
-11.333,134,0.55823
-11.33,134,0.55823
-11.326,134,0.55823
-11.322,134,0.55823
-11.318,134,0.55823
-11.314,134,0.55823
-11.31,134,0.55823
-11.306,134,0.55823
-11.302,134,0.55824
-11.299,134,0.55824
-11.295,134,0.55824
-11.291,134,0.55824
-11.287,134,0.55824
-11.283,134,0.55824
-11.279,134,0.55824
-11.276,134,0.55824
-11.272,134,0.55824
-11.268,134,0.55824
-11.264,134,0.55824
-11.26,134,0.55824
-11.256,134,0.55824
-11.252,134,0.55824
-11.249,134,0.55824
-11.245,134,0.55824
-11.241,134,0.55824
-11.237,134,0.55824
-11.233,134,0.55824
-11.229,134,0.55824
-11.226,134,0.55824
-11.222,134,0.55824
-11.218,134,0.55824
-11.214,134,0.55824
-11.21,134,0.55824
-11.207,134,0.55824
-11.203,134,0.55824
-11.199,134,0.55824
-11.195,134,0.55824
-11.191,134,0.55824
-11.188,134,0.55824
-11.184,134,0.55824
-11.18,134,0.55824
-11.176,134,0.55824
-11.172,134,0.55824
-11.168,134,0.55824
-11.165,134,0.55824
-11.161,134,0.55825
-11.157,134,0.55825
-11.153,134,0.55825
-11.15,134,0.55825
-11.146,134,0.55825
-11.142,134,0.55825
-11.138,134,0.55825
-11.134,134,0.55825
-11.131,134,0.55825
-11.127,134,0.55825
-11.123,134,0.55825
-11.119,134,0.55825
-11.116,134,0.55825
-11.112,134,0.55825
-11.108,134,0.55825
-11.104,134,0.55825
-11.1,134,0.55825
-11.097,134,0.55825
-11.093,134,0.55825
-11.089,134,0.55825
-11.085,134,0.55825
-11.082,134,0.55825
-11.078,134,0.55825
-11.074,134,0.55825
-11.07,134,0.55825
-11.067,134,0.55825
-11.063,134,0.55825
-11.059,134,0.55825
-11.055,134,0.55825
-11.052,134,0.55825
-11.048,134,0.55825
-11.044,134,0.55825
-11.04,134,0.55825
-11.037,134,0.55825
-11.033,134,0.55825
-11.029,134,0.55825
-11.025,134,0.55825
-11.022,134,0.55825
-11.018,134,0.55825
-11.014,134,0.55825
-11.011,134,0.55826
-11.007,134,0.55826
-11.003,134,0.55826
-10.999,134,0.55826
-10.996,134,0.55826
-10.992,134,0.55826
-10.988,134,0.55826
-10.984,134,0.55826
-10.981,134,0.55826
-10.977,134,0.55826
-10.973,134,0.55826
-10.97,134,0.55826
-10.966,134,0.55826
-10.962,134,0.55826
-10.959,134,0.55826
-10.955,134,0.55826
-10.951,134,0.55826
-10.947,134,0.55826
-10.944,134,0.55826
-10.94,134,0.55826
-10.936,134,0.55826
-10.933,134,0.55826
-10.929,134,0.55826
-10.925,134,0.55826
-10.922,134,0.55826
-10.918,134,0.55826
-10.914,134,0.55826
-10.911,134,0.55826
-10.907,134,0.55826
-10.903,134,0.55826
-10.899,134,0.55826
-10.896,134,0.55826
-10.892,134,0.55826
-10.888,134,0.55826
-10.885,134,0.55826
-10.881,134,0.55826
-10.877,134,0.55826
-10.874,134,0.55826
-10.87,134,0.55826
-10.866,134,0.55826
-10.863,134,0.55827
-10.859,134,0.55827
-10.855,134,0.55827
-10.852,134,0.55827
-10.848,134,0.55827
-10.845,134,0.55827
-10.841,134,0.55827
-10.837,134,0.55827
-10.834,134,0.55827
-10.83,134,0.55827
-10.826,134,0.55827
-10.823,134,0.55827
-10.819,134,0.55827
-10.815,134,0.55827
-10.812,134,0.55827
-10.808,134,0.55827
-10.804,134,0.55827
-10.801,134,0.55827
-10.797,134,0.55827
-10.794,134,0.55827
-10.79,134,0.55827
-10.786,134,0.55827
-10.783,134,0.55827
-10.779,134,0.55827
-10.775,134,0.55827
-10.772,134,0.55827
-10.768,134,0.55827
-10.765,134,0.55827
-10.761,134,0.55827
-10.757,134,0.55827
-10.754,134,0.55827
-10.75,134,0.55827
-10.747,134,0.55827
-10.743,134,0.55827
-10.739,134,0.55827
-10.736,134,0.55827
-10.732,134,0.55827
-10.729,134,0.55827
-10.725,134,0.55827
-10.721,134,0.55827
-10.718,134,0.55827
-10.714,134,0.55827
-10.711,134,0.55827
-10.707,134,0.55828
-10.703,134,0.55828
-10.7,134,0.55828
-10.696,134,0.55828
-10.693,134,0.55828
-10.689,134,0.55828
-10.685,134,0.55828
-10.682,134,0.55828
-10.678,134,0.55828
-10.675,134,0.55828
-10.671,134,0.55828
-10.668,134,0.55828
-10.664,134,0.55828
-10.66,134,0.55828
-10.657,134,0.55828
-10.653,134,0.55828
-10.65,134,0.55828
-10.646,134,0.55828
-10.643,134,0.55828
-10.639,134,0.55828
-10.635,134,0.55828
-10.632,134,0.55828
-10.628,134,0.55828
-10.625,134,0.55828
-10.621,134,0.55828
-10.618,134,0.55828
-10.614,134,0.55828
-10.611,134,0.55828
-10.607,134,0.55828
-10.603,134,0.55828
-10.6,134,0.55828
-10.596,134,0.55828
-10.593,134,0.55828
-10.589,134,0.55828
-10.586,134,0.55828
-10.582,134,0.55828
-10.579,134,0.55828
-10.575,134,0.55828
-10.572,134,0.55828
-10.568,134,0.55828
-10.565,134,0.55828
-10.561,134,0.55828
-10.558,134,0.55828
-10.554,134,0.55828
-10.551,134,0.55829
-10.547,134,0.55829
-10.543,134,0.55829
-10.54,134,0.55829
-10.536,134,0.55829
-10.533,134,0.55829
-10.529,134,0.55829
-10.526,134,0.55829
-10.522,134,0.55829
-10.519,134,0.55829
-10.515,134,0.55829
-10.512,134,0.55829
-10.508,134,0.55829
-10.505,134,0.55829
-10.501,134,0.55829
-10.498,134,0.55829
-10.494,134,0.55829
-10.491,134,0.55829
-10.487,134,0.55829
-10.484,134,0.55829
-10.48,134,0.55829
-10.477,134,0.55829
-10.473,134,0.55829
-10.47,134,0.55829
-10.466,134,0.55829
-10.463,134,0.55829
-10.46,134,0.55829
-10.456,134,0.55829
-10.453,134,0.55829
-10.449,134,0.55829
-10.446,134,0.55829
-10.442,134,0.55829
-10.439,134,0.55829
-10.435,134,0.55829
-10.432,134,0.55829
-10.428,134,0.55829
-10.425,134,0.55829
-10.421,134,0.55829
-10.418,134,0.55829
-10.414,134,0.55829
-10.411,134,0.55829
-10.407,134,0.55829
-10.404,134,0.55829
-10.401,134,0.55829
-10.397,134,0.55829
-10.394,134,0.55829
-10.39,134,0.55829
-10.387,134,0.5583
-10.383,134,0.5583
-10.38,134,0.5583
-10.376,134,0.5583
-10.373,134,0.5583
-10.37,134,0.5583
-10.366,134,0.5583
-10.363,134,0.5583
-10.359,134,0.5583
-10.356,134,0.5583
-10.352,134,0.5583
-10.349,134,0.5583
-10.345,134,0.5583
-10.342,134,0.5583
-10.339,134,0.5583
-10.335,134,0.5583
-10.332,134,0.5583
-10.328,134,0.5583
-10.325,134,0.5583
-10.322,134,0.5583
-10.318,134,0.5583
-10.315,134,0.5583
-10.311,134,0.5583
-10.308,134,0.5583
-10.304,134,0.5583
-10.301,134,0.5583
-10.298,134,0.5583
-10.294,134,0.5583
-10.291,134,0.5583
-10.287,134,0.5583
-10.284,134,0.5583
-10.281,134,0.5583
-10.277,134,0.5583
-10.274,134,0.5583
-10.27,134,0.5583
-10.267,134,0.5583
-10.264,134,0.5583
-10.26,134,0.5583
-10.257,134,0.5583
-10.253,134,0.5583
-10.25,134,0.5583
-10.247,134,0.5583
-10.243,134,0.5583
-10.24,134,0.5583
-10.236,134,0.5583
-10.233,134,0.5583
-10.23,134,0.5583
-10.226,134,0.5583
-10.223,134,0.55831
-10.22,134,0.55831
-10.216,134,0.55831
-10.213,134,0.55831
-10.209,134,0.55831
-10.206,134,0.55831
-10.203,134,0.55831
-10.199,134,0.55831
-10.196,134,0.55831
-10.193,134,0.55831
-10.189,134,0.55831
-10.186,134,0.55831
-10.183,134,0.55831
-10.179,134,0.55831
-10.176,134,0.55831
-10.172,134,0.55831
-10.169,134,0.55831
-10.166,134,0.55831
-10.162,134,0.55831
-10.159,134,0.55831
-10.156,134,0.55831
-10.152,134,0.55831
-10.149,134,0.55831
-10.146,134,0.55831
-10.142,134,0.55831
-10.139,134,0.55831
-10.136,134,0.55831
-10.132,134,0.55831
-10.129,134,0.55831
-10.126,134,0.55831
-10.122,134,0.55831
-10.119,134,0.55831
-10.116,134,0.55831
-10.112,134,0.55831
-10.109,134,0.55831
-10.106,134,0.55831
-10.102,134,0.55831
-10.099,134,0.55831
-10.096,134,0.55831
-10.092,134,0.55831
-10.089,134,0.55831
-10.086,134,0.55831
-10.082,134,0.55831
-10.079,134,0.55831
-10.076,134,0.55831
-10.072,134,0.55831
-10.069,134,0.55831
-10.066,134,0.55831
-10.063,134,0.55831
-10.059,134,0.55831
-10.056,134,0.55831
-10.053,134,0.55831
-10.049,134,0.55832
-10.046,134,0.55832
-10.043,134,0.55832
-10.039,134,0.55832
-10.036,134,0.55832
-10.033,134,0.55832
-10.03,134,0.55832
-10.026,134,0.55832
-10.023,134,0.55832
-10.02,134,0.55832
-10.016,134,0.55832
-10.013,134,0.55832
-10.01,134,0.55832
-10.006,134,0.55832
-10.003,134,0.55832
-9.9999,134,0.55832
-9.9966,134,0.55832
-9.9934,134,0.55832
-9.9901,134,0.55832
-9.9868,134,0.55832
-9.9835,134,0.55832
-9.9803,134,0.55832
-9.977,134,0.55832
-9.9737,134,0.55832
-9.9704,134,0.55832
-9.9672,134,0.55832
-9.9639,134,0.55832
-9.9606,134,0.55832
-9.9574,134,0.55832
-9.9541,134,0.55832
-9.9508,134,0.55832
-9.9476,134,0.55832
-9.9443,134,0.55832
-9.9411,134,0.55832
-9.9378,134,0.55832
-9.9346,134,0.55832
-9.9313,134,0.55832
-9.9281,134,0.55832
-9.9248,134,0.55832
-9.9216,134,0.55832
-9.9183,134,0.55832
-9.9151,134,0.55832
-9.9118,134,0.55832
-9.9086,134,0.55832
-9.9053,134,0.55832
-9.9021,134,0.55832
-9.8988,134,0.55832
-9.8956,134,0.55832
-9.8924,134,0.55832
-9.8891,134,0.55832
-9.8859,134,0.55832
-9.8827,134,0.55832
-9.8794,134,0.55832
-9.8762,134,0.55832
-9.873,134,0.55833
-9.8697,134,0.55833
-9.8665,134,0.55833
-9.8633,134,0.55833
-9.8601,134,0.55833
-9.8568,134,0.55833
-9.8536,134,0.55833
-9.8504,134,0.55833
-9.8472,134,0.55833
-9.844,134,0.55833
-9.8408,134,0.55833
-9.8375,134,0.55833
-9.8343,134,0.55833
-9.8311,134,0.55833
-9.8279,134,0.55833
-9.8247,134,0.55833
-9.8215,134,0.55833
-9.8183,134,0.55833
-9.8151,134,0.55833
-9.8119,134,0.55833
-9.8087,134,0.55833
-9.8055,134,0.55833
-9.8023,134,0.55833
-9.7991,134,0.55833
-9.7959,134,0.55833
-9.7927,134,0.55833
-9.7895,134,0.55833
-9.7863,134,0.55833
-9.7831,134,0.55833
-9.7799,134,0.55833
-9.7767,134,0.55833
-9.7735,134,0.55833
-9.7704,134,0.55833
-9.7672,134,0.55833
-9.764,134,0.55833
-9.7608,134,0.55833
-9.7576,134,0.55833
-9.7544,134,0.55833
-9.7513,134,0.55833
-9.7481,134,0.55833
-9.7449,134,0.55833
-9.7417,134,0.55833
-9.7386,134,0.55833
-9.7354,134,0.55833
-9.7322,134,0.55833
-9.729,134,0.55833
-9.7259,134,0.55833
-9.7227,134,0.55833
-9.7195,134,0.55833
-9.7164,134,0.55833
-9.7132,134,0.55833
-9.7101,134,0.55833
-9.7069,134,0.55833
-9.7037,134,0.55833
-9.7006,134,0.55833
-9.6974,134,0.55833
-9.6943,134,0.55833
-9.6911,134,0.55834
-9.688,134,0.55834
-9.6848,134,0.55834
-9.6817,134,0.55834
-9.6785,134,0.55834
-9.6754,134,0.55834
-9.6722,134,0.55834
-9.6691,134,0.55834
-9.6659,134,0.55834
-9.6628,134,0.55834
-9.6597,134,0.55834
-9.6565,134,0.55834
-9.6534,134,0.55834
-9.6502,134,0.55834
-9.6471,134,0.55834
-9.644,134,0.55834
-9.6408,134,0.55834
-9.6377,134,0.55834
-9.6346,134,0.55834
-9.6314,134,0.55834
-9.6283,134,0.55834
-9.6252,134,0.55834
-9.6221,134,0.55834
-9.6189,134,0.55834
-9.6158,134,0.55834
-9.6127,134,0.55834
-9.6096,134,0.55834
-9.6065,134,0.55834
-9.6033,134,0.55834
-9.6002,134,0.55834
-9.5971,134,0.55834
-9.594,134,0.55834
-9.5909,134,0.55834
-9.5878,134,0.55834
-9.5847,134,0.55834
-9.5816,134,0.55834
-9.5784,134,0.55834
-9.5753,134,0.55834
-9.5722,134,0.55834
-9.5691,134,0.55834
-9.566,134,0.55834
-9.5629,134,0.55834
-9.5598,134,0.55834
-9.5567,134,0.55834
-9.5536,134,0.55834
-9.5505,134,0.55834
-9.5474,134,0.55834
-9.5443,134,0.55834
-9.5413,134,0.55834
-9.5382,134,0.55834
-9.5351,134,0.55834
-9.532,134,0.55834
-9.5289,134,0.55834
-9.5258,134,0.55834
-9.5227,134,0.55834
-9.5196,134,0.55834
-9.5166,134,0.55834
-9.5135,134,0.55834
-9.5104,134,0.55834
-9.5073,134,0.55834
-9.5042,134,0.55835
-9.5012,134,0.55835
-9.4981,134,0.55835
-9.495,134,0.55835
-9.4919,134,0.55835
-9.4889,134,0.55835
-9.4858,134,0.55835
-9.4827,134,0.55835
-9.4797,134,0.55835
-9.4766,134,0.55835
-9.4735,134,0.55835
-9.4705,134,0.55835
-9.4674,134,0.55835
-9.4644,134,0.55835
-9.4613,134,0.55835
-9.4582,134,0.55835
-9.4552,134,0.55835
-9.4521,134,0.55835
-9.4491,134,0.55835
-9.446,134,0.55835
-9.443,134,0.55835
-9.4399,134,0.55835
-9.4369,134,0.55835
-9.4338,134,0.55835
-9.4308,134,0.55835
-9.4277,134,0.55835
-9.4247,134,0.55835
-9.4216,134,0.55835
-9.4186,134,0.55835
-9.4155,134,0.55835
-9.4125,134,0.55835
-9.4095,134,0.55835
-9.4064,134,0.55835
-9.4034,134,0.55835
-9.4004,134,0.55835
-9.3973,134,0.55835
-9.3943,134,0.55835
-9.3913,134,0.55835
-9.3882,134,0.55835
-9.3852,134,0.55835
-9.3822,134,0.55835
-9.3791,134,0.55835
-9.3761,134,0.55835
-9.3731,134,0.55835
-9.3701,134,0.55835
-9.367,134,0.55835
-9.364,134,0.55835
-9.361,134,0.55835
-9.358,134,0.55835
-9.355,134,0.55835
-9.352,134,0.55835
-9.3489,134,0.55835
-9.3459,134,0.55835
-9.3429,134,0.55835
-9.3399,134,0.55835
-9.3369,134,0.55835
-9.3339,134,0.55835
-9.3309,134,0.55835
-9.3279,134,0.55835
-9.3249,134,0.55835
-9.3219,134,0.55835
-9.3189,134,0.55835
-9.3159,134,0.55835
-9.3129,134,0.55835
-9.3099,134,0.55836
-9.3069,134,0.55836
-9.3039,134,0.55836
-9.3009,134,0.55836
-9.2979,134,0.55836
-9.2949,134,0.55836
-9.2919,134,0.55836
-9.2889,134,0.55836
-9.2859,134,0.55836
-9.2829,134,0.55836
-9.2799,134,0.55836
-9.277,134,0.55836
-9.274,134,0.55836
-9.271,134,0.55836
-9.268,134,0.55836
-9.265,134,0.55836
-9.262,134,0.55836
-9.2591,134,0.55836
-9.2561,134,0.55836
-9.2531,134,0.55836
-9.2501,134,0.55836
-9.2472,134,0.55836
-9.2442,134,0.55836
-9.2412,134,0.55836
-9.2382,134,0.55836
-9.2353,134,0.55836
-9.2323,134,0.55836
-9.2293,134,0.55836
-9.2264,134,0.55836
-9.2234,134,0.55836
-9.2204,134,0.55836
-9.2175,134,0.55836
-9.2145,134,0.55836
-9.2116,134,0.55836
-9.2086,134,0.55836
-9.2057,134,0.55836
-9.2027,134,0.55836
-9.1997,134,0.55836
-9.1968,134,0.55836
-9.1938,134,0.55836
-9.1909,134,0.55836
-9.1879,134,0.55836
-9.185,134,0.55836
-9.182,134,0.55836
-9.1791,134,0.55836
-9.1761,134,0.55836
-9.1732,134,0.55836
-9.1703,134,0.55836
-9.1673,134,0.55836
-9.1644,134,0.55836
-9.1614,134,0.55836
-9.1585,134,0.55836
-9.1556,134,0.55836
-9.1526,134,0.55836
-9.1497,134,0.55836
-9.1468,134,0.55836
-9.1438,134,0.55836
-9.1409,134,0.55836
-9.138,134,0.55836
-9.135,134,0.55836
-9.1321,134,0.55836
-9.1292,134,0.55836
-9.1263,134,0.55836
-9.1233,134,0.55836
-9.1204,134,0.55836
-9.1175,134,0.55836
-9.1146,134,0.55836
-9.1116,134,0.55836
-9.1087,134,0.55836
-9.1058,134,0.55837
-9.1029,134,0.55837
-9.1,134,0.55837
-9.0971,134,0.55837
-9.0941,134,0.55837
-9.0912,134,0.55837
-9.0883,134,0.55837
-9.0854,134,0.55837
-9.0825,134,0.55837
-9.0796,134,0.55837
-9.0767,134,0.55837
-9.0738,134,0.55837
-9.0709,134,0.55837
-9.068,134,0.55837
-9.0651,134,0.55837
-9.0622,134,0.55837
-9.0593,134,0.55837
-9.0564,134,0.55837
-9.0535,134,0.55837
-9.0506,134,0.55837
-9.0477,134,0.55837
-9.0448,134,0.55837
-9.0419,134,0.55837
-9.039,134,0.55837
-9.0361,134,0.55837
-9.0332,134,0.55837
-9.0304,134,0.55837
-9.0275,134,0.55837
-9.0246,134,0.55837
-9.0217,134,0.55837
-9.0188,134,0.55837
-9.0159,134,0.55837
-9.0131,134,0.55837
-9.0102,134,0.55837
-9.0073,134,0.55837
-9.0044,134,0.55837
-9.0015,134,0.55837
-8.9987,134,0.55837
-8.9958,134,0.55837
-8.9929,134,0.55837
-8.9901,134,0.55837
-8.9872,134,0.55837
-8.9843,134,0.55837
-8.9814,134,0.55837
-8.9786,134,0.55837
-8.9757,134,0.55837
-8.9728,134,0.55837
-8.97,134,0.55837
-8.9671,134,0.55837
-8.9643,134,0.55837
-8.9614,134,0.55837
-8.9585,134,0.55837
-8.9557,134,0.55837
-8.9528,134,0.55837
-8.95,134,0.55837
-8.9471,134,0.55837
-8.9443,134,0.55837
-8.9414,134,0.55837
-8.9386,134,0.55837
-8.9357,134,0.55837
-8.9329,134,0.55837
-8.93,134,0.55837
-8.9272,134,0.55837
-8.9243,134,0.55837
-8.9215,134,0.55837
-8.9186,134,0.55837
-8.9158,134,0.55837
-8.913,134,0.55837
-8.9101,134,0.55837
-8.9073,134,0.55837
-8.9044,134,0.55837
-8.9016,134,0.55837
-8.8988,134,0.55837
-8.8959,134,0.55837
-8.8931,134,0.55838
-8.8903,134,0.55838
-8.8874,134,0.55838
-8.8846,134,0.55838
-8.8818,134,0.55838
-8.8789,134,0.55838
-8.8761,134,0.55838
-8.8733,134,0.55838
-8.8705,134,0.55838
-8.8676,134,0.55838
-8.8648,134,0.55838
-8.862,134,0.55838
-8.8592,134,0.55838
-8.8564,134,0.55838
-8.8536,134,0.55838
-8.8507,134,0.55838
-8.8479,134,0.55838
-8.8451,134,0.55838
-8.8423,134,0.55838
-8.8395,134,0.55838
-8.8367,134,0.55838
-8.8339,134,0.55838
-8.8311,134,0.55838
-8.8282,134,0.55838
-8.8254,134,0.55838
-8.8226,134,0.55838
-8.8198,134,0.55838
-8.817,134,0.55838
-8.8142,134,0.55838
-8.8114,134,0.55838
-8.8086,134,0.55838
-8.8058,134,0.55838
-8.803,134,0.55838
-8.8002,134,0.55838
-8.7974,134,0.55838
-8.7946,134,0.55838
-8.7918,134,0.55838
-8.7891,134,0.55838
-8.7863,134,0.55838
-8.7835,134,0.55838
-8.7807,134,0.55838
-8.7779,134,0.55838
-8.7751,134,0.55838
-8.7723,134,0.55838
-8.7695,134,0.55838
-8.7668,134,0.55838
-8.764,134,0.55838
-8.7612,134,0.55838
-8.7584,134,0.55838
-8.7556,134,0.55838
-8.7529,134,0.55838
-8.7501,134,0.55838
-8.7473,134,0.55838
-8.7445,134,0.55838
-8.7418,134,0.55838
-8.739,134,0.55838
-8.7362,134,0.55838
-8.7334,134,0.55838
-8.7307,134,0.55838
-8.7279,134,0.55838
-8.7251,134,0.55838
-8.7224,134,0.55838
-8.7196,134,0.55838
-8.7168,134,0.55838
-8.7141,134,0.55838
-8.7113,134,0.55838
-8.7086,134,0.55838
-8.7058,134,0.55838
-8.703,134,0.55838
-8.7003,134,0.55838
-8.6975,134,0.55838
-8.6948,134,0.55838
-8.692,134,0.55838
-8.6893,134,0.55838
-8.6865,134,0.55838
-8.6838,134,0.55838
-8.681,134,0.55838
-8.6783,134,0.55838
-8.6755,134,0.55838
-8.6728,134,0.55838
-8.67,134,0.55839
-8.6673,134,0.55839
-8.6645,134,0.55839
-8.6618,134,0.55839
-8.6591,134,0.55839
-8.6563,134,0.55839
-8.6536,134,0.55839
-8.6508,134,0.55839
-8.6481,134,0.55839
-8.6454,134,0.55839
-8.6426,134,0.55839
-8.6399,134,0.55839
-8.6372,134,0.55839
-8.6344,134,0.55839
-8.6317,134,0.55839
-8.629,134,0.55839
-8.6263,134,0.55839
-8.6235,134,0.55839
-8.6208,134,0.55839
-8.6181,134,0.55839
-8.6153,134,0.55839
-8.6126,134,0.55839
-8.6099,134,0.55839
-8.6072,134,0.55839
-8.6045,134,0.55839
-8.6017,134,0.55839
-8.599,134,0.55839
-8.5963,134,0.55839
-8.5936,134,0.55839
-8.5909,134,0.55839
-8.5882,134,0.55839
-8.5855,134,0.55839
-8.5827,134,0.55839
-8.58,134,0.55839
-8.5773,134,0.55839
-8.5746,134,0.55839
-8.5719,134,0.55839
-8.5692,134,0.55839
-8.5665,134,0.55839
-8.5638,134,0.55839
-8.5611,134,0.55839
-8.5584,134,0.55839
-8.5557,134,0.55839
-8.553,134,0.55839
-8.5503,134,0.55839
-8.5476,134,0.55839
-8.5449,134,0.55839
-8.5422,134,0.55839
-8.5395,134,0.55839
-8.5368,134,0.55839
-8.5341,134,0.55839
-8.5314,134,0.55839
-8.5287,134,0.55839
-8.5261,134,0.55839
-8.5234,134,0.55839
-8.5207,134,0.55839
-8.518,134,0.55839
-8.5153,134,0.55839
-8.5126,134,0.55839
-8.5099,134,0.55839
-8.5073,134,0.55839
-8.5046,134,0.55839
-8.5019,134,0.55839
-8.4992,134,0.55839
-8.4965,134,0.55839
-8.4939,134,0.55839
-8.4912,134,0.55839
-8.4885,134,0.55839
-8.4858,134,0.55839
-8.4832,134,0.55839
-8.4805,134,0.55839
-8.4778,134,0.55839
-8.4752,134,0.55839
-8.4725,134,0.55839
-8.4698,134,0.55839
-8.4672,134,0.55839
-8.4645,134,0.55839
-8.4618,134,0.55839
-8.4592,134,0.55839
-8.4565,134,0.55839
-8.4538,134,0.55839
-8.4512,134,0.55839
-8.4485,134,0.55839
-8.4459,134,0.55839
-8.4432,134,0.55839
-8.4406,134,0.55839
-8.4379,134,0.55839
-8.4353,134,0.5584
-8.4326,134,0.5584
-8.4299,134,0.5584
-8.4273,134,0.5584
-8.4246,134,0.5584
-8.422,134,0.5584
-8.4194,134,0.5584
-8.4167,134,0.5584
-8.4141,134,0.5584
-8.4114,134,0.5584
-8.4088,134,0.5584
-8.4061,134,0.5584
-8.4035,134,0.5584
-8.4008,134,0.5584
-8.3982,134,0.5584
-8.3956,134,0.5584
-8.3929,134,0.5584
-8.3903,134,0.5584
-8.3877,134,0.5584
-8.385,134,0.5584
-8.3824,134,0.5584
-8.3798,134,0.5584
-8.3771,134,0.5584
-8.3745,134,0.5584
-8.3719,134,0.5584
-8.3692,134,0.5584
-8.3666,134,0.5584
-8.364,134,0.5584
-8.3614,134,0.5584
-8.3587,134,0.5584
-8.3561,134,0.5584
-8.3535,134,0.5584
-8.3509,134,0.5584
-8.3483,134,0.5584
-8.3456,134,0.5584
-8.343,134,0.5584
-8.3404,134,0.5584
-8.3378,134,0.5584
-8.3352,134,0.5584
-8.3326,134,0.5584
-8.3299,134,0.5584
-8.3273,134,0.5584
-8.3247,134,0.5584
-8.3221,134,0.5584
-8.3195,134,0.5584
-8.3169,134,0.5584
-8.3143,134,0.5584
-8.3117,134,0.5584
-8.3091,134,0.5584
-8.3065,134,0.5584
-8.3039,134,0.5584
-8.3013,134,0.5584
-8.2987,134,0.5584
-8.2961,134,0.5584
-8.2935,134,0.5584
-8.2909,134,0.5584
-8.2883,134,0.5584
-8.2857,134,0.5584
-8.2831,134,0.5584
-8.2805,134,0.5584
-8.2779,134,0.5584
-8.2753,134,0.5584
-8.2727,134,0.5584
-8.2701,134,0.5584
-8.2675,134,0.5584
-8.265,134,0.5584
-8.2624,134,0.5584
-8.2598,134,0.5584
-8.2572,134,0.5584
-8.2546,134,0.5584
-8.252,134,0.5584
-8.2495,134,0.5584
-8.2469,134,0.5584
-8.2443,134,0.5584
-8.2417,134,0.5584
-8.2391,134,0.5584
-8.2366,134,0.5584
-8.234,134,0.5584
-8.2314,134,0.5584
-8.2288,134,0.5584
-8.2263,134,0.5584
-8.2237,134,0.5584
-8.2211,134,0.5584
-8.2185,134,0.5584
-8.216,134,0.5584
-8.2134,134,0.5584
-8.2108,134,0.5584
-8.2083,134,0.5584
-8.2057,134,0.5584
-8.2032,134,0.5584
-8.2006,134,0.5584
-8.198,134,0.5584
-8.1955,134,0.5584
-8.1929,134,0.5584
-8.1903,134,0.5584
-8.1878,134,0.55841
-8.1852,134,0.55841
-8.1827,134,0.55841
-8.1801,134,0.55841
-8.1776,134,0.55841
-8.175,134,0.55841
-8.1725,134,0.55841
-8.1699,134,0.55841
-8.1674,134,0.55841
-8.1648,134,0.55841
-8.1623,134,0.55841
-8.1597,134,0.55841
-8.1572,134,0.55841
-8.1546,134,0.55841
-8.1521,134,0.55841
-8.1495,134,0.55841
-8.147,134,0.55841
-8.1445,134,0.55841
-8.1419,134,0.55841
-8.1394,134,0.55841
-8.1368,134,0.55841
-8.1343,134,0.55841
-8.1318,134,0.55841
-8.1292,134,0.55841
-8.1267,134,0.55841
-8.1242,134,0.55841
-8.1216,134,0.55841
-8.1191,134,0.55841
-8.1166,134,0.55841
-8.114,134,0.55841
-8.1115,134,0.55841
-8.109,134,0.55841
-8.1064,134,0.55841
-8.1039,134,0.55841
-8.1014,134,0.55841
-8.0989,134,0.55841
-8.0964,134,0.55841
-8.0938,134,0.55841
-8.0913,134,0.55841
-8.0888,134,0.55841
-8.0863,134,0.55841
-8.0837,134,0.55841
-8.0812,134,0.55841
-8.0787,134,0.55841
-8.0762,134,0.55841
-8.0737,134,0.55841
-8.0712,134,0.55841
-8.0687,134,0.55841
-8.0661,134,0.55841
-8.0636,134,0.55841
-8.0611,134,0.55841
-8.0586,134,0.55841
-8.0561,134,0.55841
-8.0536,134,0.55841
-8.0511,134,0.55841
-8.0486,134,0.55841
-8.0461,134,0.55841
-8.0436,134,0.55841
-8.0411,134,0.55841
-8.0386,134,0.55841
-8.0361,134,0.55841
-8.0336,134,0.55841
-8.0311,134,0.55841
-8.0286,134,0.55841
-8.0261,134,0.55841
-8.0236,134,0.55841
-8.0211,134,0.55841
-8.0186,134,0.55841
-8.0161,134,0.55841
-8.0136,134,0.55841
-8.0111,134,0.55841
-8.0086,134,0.55841
-8.0062,134,0.55841
-8.0037,134,0.55841
-8.0012,134,0.55841
-7.9987,134,0.55841
-7.9962,134,0.55841
-7.9937,134,0.55841
-7.9912,134,0.55841
-7.9888,134,0.55841
-7.9863,134,0.55841
-7.9838,134,0.55841
-7.9813,134,0.55841
-7.9788,134,0.55841
-7.9764,134,0.55841
-7.9739,134,0.55841
-7.9714,134,0.55841
-7.9689,134,0.55841
-7.9665,134,0.55841
-7.964,134,0.55841
-7.9615,134,0.55841
-7.9591,134,0.55841
-7.9566,134,0.55841
-7.9541,134,0.55841
-7.9516,134,0.55841
-7.9492,134,0.55841
-7.9467,134,0.55841
-7.9442,134,0.55841
-7.9418,134,0.55841
-7.9393,134,0.55841
-7.9369,134,0.55841
-7.9344,134,0.55841
-7.9319,134,0.55841
-7.9295,134,0.55841
-7.927,134,0.55841
-7.9246,134,0.55842
-7.9221,134,0.55842
-7.9196,134,0.55842
-7.9172,134,0.55842
-7.9147,134,0.55842
-7.9123,134,0.55842
-7.9098,134,0.55842
-7.9074,134,0.55842
-7.9049,134,0.55842
-7.9025,134,0.55842
-7.9,134,0.55842
-7.8976,134,0.55842
-7.8951,134,0.55842
-7.8927,134,0.55842
-7.8902,134,0.55842
-7.8878,134,0.55842
-7.8854,134,0.55842
-7.8829,134,0.55842
-7.8805,134,0.55842
-7.878,134,0.55842
-7.8756,134,0.55842
-7.8732,134,0.55842
-7.8707,134,0.55842
-7.8683,134,0.55842
-7.8658,134,0.55842
-7.8634,134,0.55842
-7.861,134,0.55842
-7.8585,134,0.55842
-7.8561,134,0.55842
-7.8537,134,0.55842
-7.8513,134,0.55842
-7.8488,134,0.55842
-7.8464,134,0.55842
-7.844,134,0.55842
-7.8415,134,0.55842
-7.8391,134,0.55842
-7.8367,134,0.55842
-7.8343,134,0.55842
-7.8318,134,0.55842
-7.8294,134,0.55842
-7.827,134,0.55842
-7.8246,134,0.55842
-7.8222,134,0.55842
-7.8197,134,0.55842
-7.8173,134,0.55842
-7.8149,134,0.55842
-7.8125,134,0.55842
-7.8101,134,0.55842
-7.8077,134,0.55842
-7.8052,134,0.55842
-7.8028,134,0.55842
-7.8004,134,0.55842
-7.798,134,0.55842
-7.7956,134,0.55842
-7.7932,134,0.55842
-7.7908,134,0.55842
-7.7884,134,0.55842
-7.786,134,0.55842
-7.7836,134,0.55842
-7.7812,134,0.55842
-7.7788,134,0.55842
-7.7764,134,0.55842
-7.774,134,0.55842
-7.7716,134,0.55842
-7.7692,134,0.55842
-7.7668,134,0.55842
-7.7644,134,0.55842
-7.762,134,0.55842
-7.7596,134,0.55842
-7.7572,134,0.55842
-7.7548,134,0.55842
-7.7524,134,0.55842
-7.75,134,0.55842
-7.7476,134,0.55842
-7.7452,134,0.55842
-7.7428,134,0.55842
-7.7404,134,0.55842
-7.738,134,0.55842
-7.7357,134,0.55842
-7.7333,134,0.55842
-7.7309,134,0.55842
-7.7285,134,0.55842
-7.7261,134,0.55842
-7.7237,134,0.55842
-7.7214,134,0.55842
-7.719,134,0.55842
-7.7166,134,0.55842
-7.7142,134,0.55842
-7.7118,134,0.55842
-7.7095,134,0.55842
-7.7071,134,0.55842
-7.7047,134,0.55842
-7.7023,134,0.55842
-7.7,134,0.55842
-7.6976,134,0.55842
-7.6952,134,0.55842
-7.6928,134,0.55842
-7.6905,134,0.55842
-7.6881,134,0.55842
-7.6857,134,0.55842
-7.6834,134,0.55842
-7.681,134,0.55842
-7.6786,134,0.55842
-7.6763,134,0.55842
-7.6739,134,0.55842
-7.6715,134,0.55842
-7.6692,134,0.55842
-7.6668,134,0.55842
-7.6645,134,0.55842
-7.6621,134,0.55842
-7.6597,134,0.55842
-7.6574,134,0.55842
-7.655,134,0.55842
-7.6527,134,0.55842
-7.6503,134,0.55842
-7.648,134,0.55842
-7.6456,134,0.55842
-7.6433,134,0.55843
-7.6409,134,0.55843
-7.6385,134,0.55843
-7.6362,134,0.55843
-7.6339,134,0.55843
-7.6315,134,0.55843
-7.6292,134,0.55843
-7.6268,134,0.55843
-7.6245,134,0.55843
-7.6221,134,0.55843
-7.6198,134,0.55843
-7.6174,134,0.55843
-7.6151,134,0.55843
-7.6127,134,0.55843
-7.6104,134,0.55843
-7.6081,134,0.55843
-7.6057,134,0.55843
-7.6034,134,0.55843
-7.6011,134,0.55843
-7.5987,134,0.55843
-7.5964,134,0.55843
-7.594,134,0.55843
-7.5917,134,0.55843
-7.5894,134,0.55843
-7.587,134,0.55843
-7.5847,134,0.55843
-7.5824,134,0.55843
-7.5801,134,0.55843
-7.5777,134,0.55843
-7.5754,134,0.55843
-7.5731,134,0.55843
-7.5707,134,0.55843
-7.5684,134,0.55843
-7.5661,134,0.55843
-7.5638,134,0.55843
-7.5614,134,0.55843
-7.5591,134,0.55843
-7.5568,134,0.55843
-7.5545,134,0.55843
-7.5522,134,0.55843
-7.5498,134,0.55843
-7.5475,134,0.55843
-7.5452,134,0.55843
-7.5429,134,0.55843
-7.5406,134,0.55843
-7.5383,134,0.55843
-7.536,134,0.55843
-7.5336,134,0.55843
-7.5313,134,0.55843
-7.529,134,0.55843
-7.5267,134,0.55843
-7.5244,134,0.55843
-7.5221,134,0.55843
-7.5198,134,0.55843
-7.5175,134,0.55843
-7.5152,134,0.55843
-7.5129,134,0.55843
-7.5106,134,0.55843
-7.5083,134,0.55843
-7.506,134,0.55843
-7.5037,134,0.55843
-7.5014,134,0.55843
-7.4991,134,0.55843
-7.4968,134,0.55843
-7.4945,134,0.55843
-7.4922,134,0.55843
-7.4899,134,0.55843
-7.4876,134,0.55843
-7.4853,134,0.55843
-7.483,134,0.55843
-7.4807,134,0.55843
-7.4784,134,0.55843
-7.4761,134,0.55843
-7.4738,134,0.55843
-7.4715,134,0.55843
-7.4692,134,0.55843
-7.4669,134,0.55843
-7.4647,134,0.55843
-7.4624,134,0.55843
-7.4601,134,0.55843
-7.4578,134,0.55843
-7.4555,134,0.55843
-7.4532,134,0.55843
-7.451,134,0.55843
-7.4487,134,0.55843
-7.4464,134,0.55843
-7.4441,134,0.55843
-7.4418,134,0.55843
-7.4396,134,0.55843
-7.4373,134,0.55843
-7.435,134,0.55843
-7.4327,134,0.55843
-7.4305,134,0.55843
-7.4282,134,0.55843
-7.4259,134,0.55843
-7.4236,134,0.55843
-7.4214,134,0.55843
-7.4191,134,0.55843
-7.4168,134,0.55843
-7.4146,134,0.55843
-7.4123,134,0.55843
-7.41,134,0.55843
-7.4078,134,0.55843
-7.4055,134,0.55843
-7.4032,134,0.55843
-7.401,134,0.55843
-7.3987,134,0.55843
-7.3964,134,0.55843
-7.3942,134,0.55843
-7.3919,134,0.55843
-7.3896,134,0.55843
-7.3874,134,0.55843
-7.3851,134,0.55843
-7.3829,134,0.55843
-7.3806,134,0.55843
-7.3784,134,0.55843
-7.3761,134,0.55843
-7.3739,134,0.55843
-7.3716,134,0.55843
-7.3693,134,0.55843
-7.3671,134,0.55843
-7.3648,134,0.55843
-7.3626,134,0.55843
-7.3603,134,0.55843
-7.3581,134,0.55843
-7.3558,134,0.55843
-7.3536,134,0.55843
-7.3514,134,0.55843
-7.3491,134,0.55843
-7.3469,134,0.55843
-7.3446,134,0.55843
-7.3424,134,0.55843
-7.3401,134,0.55843
-7.3379,134,0.55844
-7.3357,134,0.55844
-7.3334,134,0.55844
-7.3312,134,0.55844
-7.3289,134,0.55844
-7.3267,134,0.55844
-7.3245,134,0.55844
-7.3222,134,0.55844
-7.32,134,0.55844
-7.3178,134,0.55844
-7.3155,134,0.55844
-7.3133,134,0.55844
-7.3111,134,0.55844
-7.3088,134,0.55844
-7.3066,134,0.55844
-7.3044,134,0.55844
-7.3022,134,0.55844
-7.2999,134,0.55844
-7.2977,134,0.55844
-7.2955,134,0.55844
-7.2932,134,0.55844
-7.291,134,0.55844
-7.2888,134,0.55844
-7.2866,134,0.55844
-7.2844,134,0.55844
-7.2821,134,0.55844
-7.2799,134,0.55844
-7.2777,134,0.55844
-7.2755,134,0.55844
-7.2733,134,0.55844
-7.271,134,0.55844
-7.2688,134,0.55844
-7.2666,134,0.55844
-7.2644,134,0.55844
-7.2622,134,0.55844
-7.26,134,0.55844
-7.2578,134,0.55844
-7.2555,134,0.55844
-7.2533,134,0.55844
-7.2511,134,0.55844
-7.2489,134,0.55844
-7.2467,134,0.55844
-7.2445,134,0.55844
-7.2423,134,0.55844
-7.2401,134,0.55844
-7.2379,134,0.55844
-7.2357,134,0.55844
-7.2335,134,0.55844
-7.2313,134,0.55844
-7.2291,134,0.55844
-7.2269,134,0.55844
-7.2247,134,0.55844
-7.2225,134,0.55844
-7.2203,134,0.55844
-7.2181,134,0.55844
-7.2159,134,0.55844
-7.2137,134,0.55844
-7.2115,134,0.55844
-7.2093,134,0.55844
-7.2071,134,0.55844
-7.2049,134,0.55844
-7.2027,134,0.55844
-7.2005,134,0.55844
-7.1983,134,0.55844
-7.1961,134,0.55844
-7.194,134,0.55844
-7.1918,134,0.55844
-7.1896,134,0.55844
-7.1874,134,0.55844
-7.1852,134,0.55844
-7.183,134,0.55844
-7.1808,134,0.55844
-7.1787,134,0.55844
-7.1765,134,0.55844
-7.1743,134,0.55844
-7.1721,134,0.55844
-7.1699,134,0.55844
-7.1677,134,0.55844
-7.1656,134,0.55844
-7.1634,134,0.55844
-7.1612,134,0.55844
-7.159,134,0.55844
-7.1569,134,0.55844
-7.1547,134,0.55844
-7.1525,134,0.55844
-7.1503,134,0.55844
-7.1482,134,0.55844
-7.146,134,0.55844
-7.1438,134,0.55844
-7.1416,134,0.55844
-7.1395,134,0.55844
-7.1373,134,0.55844
-7.1351,134,0.55844
-7.133,134,0.55844
-7.1308,134,0.55844
-7.1286,134,0.55844
-7.1265,134,0.55844
-7.1243,134,0.55844
-7.1222,134,0.55844
-7.12,134,0.55844
-7.1178,134,0.55844
-7.1157,134,0.55844
-7.1135,134,0.55844
-7.1113,134,0.55844
-7.1092,134,0.55844
-7.107,134,0.55844
-7.1049,134,0.55844
-7.1027,134,0.55844
-7.1006,134,0.55844
-7.0984,134,0.55844
-7.0963,134,0.55844
-7.0941,134,0.55844
-7.0919,134,0.55844
-7.0898,134,0.55844
-7.0876,134,0.55844
-7.0855,134,0.55844
-7.0833,134,0.55844
-7.0812,134,0.55844
-7.079,134,0.55844
-7.0769,134,0.55844
-7.0748,134,0.55844
-7.0726,134,0.55844
-7.0705,134,0.55844
-7.0683,134,0.55844
-7.0662,134,0.55844
-7.064,134,0.55844
-7.0619,134,0.55844
-7.0597,134,0.55844
-7.0576,134,0.55844
-7.0555,134,0.55844
-7.0533,134,0.55844
-7.0512,134,0.55844
-7.0491,134,0.55844
-7.0469,134,0.55844
-7.0448,134,0.55844
-7.0426,134,0.55844
-7.0405,134,0.55844
-7.0384,134,0.55844
-7.0362,134,0.55844
-7.0341,134,0.55844
-7.032,134,0.55844
-7.0299,134,0.55844
-7.0277,134,0.55844
-7.0256,134,0.55844
-7.0235,134,0.55844
-7.0213,134,0.55844
-7.0192,134,0.55844
-7.0171,134,0.55844
-7.015,134,0.55844
-7.0128,134,0.55844
-7.0107,134,0.55844
-7.0086,134,0.55844
-7.0065,134,0.55844
-7.0044,134,0.55845
-7.0022,134,0.55845
-7.0001,134,0.55845
-6.998,134,0.55845
-6.9959,134,0.55845
-6.9938,134,0.55845
-6.9916,134,0.55845
-6.9895,134,0.55845
-6.9874,134,0.55845
-6.9853,134,0.55845
-6.9832,134,0.55845
-6.9811,134,0.55845
-6.979,134,0.55845
-6.9768,134,0.55845
-6.9747,134,0.55845
-6.9726,134,0.55845
-6.9705,134,0.55845
-6.9684,134,0.55845
-6.9663,134,0.55845
-6.9642,134,0.55845
-6.9621,134,0.55845
-6.96,134,0.55845
-6.9579,134,0.55845
-6.9558,134,0.55845
-6.9537,134,0.55845
-6.9516,134,0.55845
-6.9495,134,0.55845
-6.9474,134,0.55845
-6.9453,134,0.55845
-6.9432,134,0.55845
-6.9411,134,0.55845
-6.939,134,0.55845
-6.9369,134,0.55845
-6.9348,134,0.55845
-6.9327,134,0.55845
-6.9306,134,0.55845
-6.9285,134,0.55845
-6.9264,134,0.55845
-6.9243,134,0.55845
-6.9222,134,0.55845
-6.9201,134,0.55845
-6.918,134,0.55845
-6.9159,134,0.55845
-6.9138,134,0.55845
-6.9118,134,0.55845
-6.9097,134,0.55845
-6.9076,134,0.55845
-6.9055,134,0.55845
-6.9034,134,0.55845
-6.9013,134,0.55845
-6.8992,134,0.55845
-6.8972,134,0.55845
-6.8951,134,0.55845
-6.893,134,0.55845
-6.8909,134,0.55845
-6.8888,134,0.55845
-6.8868,134,0.55845
-6.8847,134,0.55845
-6.8826,134,0.55845
-6.8805,134,0.55845
-6.8784,134,0.55845
-6.8764,134,0.55845
-6.8743,134,0.55845
-6.8722,134,0.55845
-6.8701,134,0.55845
-6.8681,134,0.55845
-6.866,134,0.55845
-6.8639,134,0.55845
-6.8619,134,0.55845
-6.8598,134,0.55845
-6.8577,134,0.55845
-6.8557,134,0.55845
-6.8536,134,0.55845
-6.8515,134,0.55845
-6.8495,134,0.55845
-6.8474,134,0.55845
-6.8453,134,0.55845
-6.8433,134,0.55845
-6.8412,134,0.55845
-6.8391,134,0.55845
-6.8371,134,0.55845
-6.835,134,0.55845
-6.8329,134,0.55845
-6.8309,134,0.55845
-6.8288,134,0.55845
-6.8268,134,0.55845
-6.8247,134,0.55845
-6.8227,134,0.55845
-6.8206,134,0.55845
-6.8185,134,0.55845
-6.8165,134,0.55845
-6.8144,134,0.55845
-6.8124,134,0.55845
-6.8103,134,0.55845
-6.8083,134,0.55845
-6.8062,134,0.55845
-6.8042,134,0.55845
-6.8021,134,0.55845
-6.8001,134,0.55845
-6.798,134,0.55845
-6.796,134,0.55845
-6.7939,134,0.55845
-6.7919,134,0.55845
-6.7898,134,0.55845
-6.7878,134,0.55845
-6.7858,134,0.55845
-6.7837,134,0.55845
-6.7817,134,0.55845
-6.7796,134,0.55845
-6.7776,134,0.55845
-6.7756,134,0.55845
-6.7735,134,0.55845
-6.7715,134,0.55845
-6.7694,134,0.55845
-6.7674,134,0.55845
-6.7654,134,0.55845
-6.7633,134,0.55845
-6.7613,134,0.55845
-6.7593,134,0.55845
-6.7572,134,0.55845
-6.7552,134,0.55845
-6.7532,134,0.55845
-6.7511,134,0.55845
-6.7491,134,0.55845
-6.7471,134,0.55845
-6.745,134,0.55845
-6.743,134,0.55845
-6.741,134,0.55845
-6.739,134,0.55845
-6.7369,134,0.55845
-6.7349,134,0.55845
-6.7329,134,0.55845
-6.7308,134,0.55845
-6.7288,134,0.55845
-6.7268,134,0.55845
-6.7248,134,0.55845
-6.7228,134,0.55845
-6.7207,134,0.55845
-6.7187,134,0.55845
-6.7167,134,0.55845
-6.7147,134,0.55845
-6.7127,134,0.55845
-6.7106,134,0.55845
-6.7086,134,0.55845
-6.7066,134,0.55845
-6.7046,134,0.55845
-6.7026,134,0.55845
-6.7006,134,0.55845
-6.6986,134,0.55845
-6.6965,134,0.55845
-6.6945,134,0.55845
-6.6925,134,0.55845
-6.6905,134,0.55845
-6.6885,134,0.55845
-6.6865,134,0.55845
-6.6845,134,0.55845
-6.6825,134,0.55845
-6.6805,134,0.55845
-6.6785,134,0.55845
-6.6765,134,0.55845
-6.6745,134,0.55845
-6.6725,134,0.55845
-6.6704,134,0.55845
-6.6684,134,0.55845
-6.6664,134,0.55845
-6.6644,134,0.55845
-6.6624,134,0.55845
-6.6604,134,0.55845
-6.6584,134,0.55845
-6.6564,134,0.55845
-6.6544,134,0.55845
-6.6524,134,0.55845
-6.6505,134,0.55845
-6.6485,134,0.55845
-6.6465,134,0.55845
-6.6445,134,0.55845
-6.6425,134,0.55845
-6.6405,134,0.55845
-6.6385,134,0.55845
-6.6365,134,0.55845
-6.6345,134,0.55845
-6.6325,134,0.55846
-6.6305,134,0.55846
-6.6285,134,0.55846
-6.6266,134,0.55846
-6.6246,134,0.55846
-6.6226,134,0.55846
-6.6206,134,0.55846
-6.6186,134,0.55846
-6.6166,134,0.55846
-6.6146,134,0.55846
-6.6127,134,0.55846
-6.6107,134,0.55846
-6.6087,134,0.55846
-6.6067,134,0.55846
-6.6047,134,0.55846
-6.6028,134,0.55846
-6.6008,134,0.55846
-6.5988,134,0.55846
-6.5968,134,0.55846
-6.5948,134,0.55846
-6.5929,134,0.55846
-6.5909,134,0.55846
-6.5889,134,0.55846
-6.5869,134,0.55846
-6.585,134,0.55846
-6.583,134,0.55846
-6.581,134,0.55846
-6.5791,134,0.55846
-6.5771,134,0.55846
-6.5751,134,0.55846
-6.5731,134,0.55846
-6.5712,134,0.55846
-6.5692,134,0.55846
-6.5672,134,0.55846
-6.5653,134,0.55846
-6.5633,134,0.55846
-6.5613,134,0.55846
-6.5594,134,0.55846
-6.5574,134,0.55846
-6.5555,134,0.55846
-6.5535,134,0.55846
-6.5515,134,0.55846
-6.5496,134,0.55846
-6.5476,134,0.55846
-6.5456,134,0.55846
-6.5437,134,0.55846
-6.5417,134,0.55846
-6.5398,134,0.55846
-6.5378,134,0.55846
-6.5359,134,0.55846
-6.5339,134,0.55846
-6.5319,134,0.55846
-6.53,134,0.55846
-6.528,134,0.55846
-6.5261,134,0.55846
-6.5241,134,0.55846
-6.5222,134,0.55846
-6.5202,134,0.55846
-6.5183,134,0.55846
-6.5163,134,0.55846
-6.5144,134,0.55846
-6.5124,134,0.55846
-6.5105,134,0.55846
-6.5085,134,0.55846
-6.5066,134,0.55846
-6.5047,134,0.55846
-6.5027,134,0.55846
-6.5008,134,0.55846
-6.4988,134,0.55846
-6.4969,134,0.55846
-6.4949,134,0.55846
-6.493,134,0.55846
-6.4911,134,0.55846
-6.4891,134,0.55846
-6.4872,134,0.55846
-6.4852,134,0.55846
-6.4833,134,0.55846
-6.4814,134,0.55846
-6.4794,134,0.55846
-6.4775,134,0.55846
-6.4756,134,0.55846
-6.4736,134,0.55846
-6.4717,134,0.55846
-6.4698,134,0.55846
-6.4678,134,0.55846
-6.4659,134,0.55846
-6.464,134,0.55846
-6.462,134,0.55846
-6.4601,134,0.55846
-6.4582,134,0.55846
-6.4562,134,0.55846
-6.4543,134,0.55846
-6.4524,134,0.55846
-6.4505,134,0.55846
-6.4485,134,0.55846
-6.4466,134,0.55846
-6.4447,134,0.55846
-6.4428,134,0.55846
-6.4408,134,0.55846
-6.4389,134,0.55846
-6.437,134,0.55846
-6.4351,134,0.55846
-6.4331,134,0.55846
-6.4312,134,0.55846
-6.4293,134,0.55846
-6.4274,134,0.55846
-6.4255,134,0.55846
-6.4236,134,0.55846
-6.4216,134,0.55846
-6.4197,134,0.55846
-6.4178,134,0.55846
-6.4159,134,0.55846
-6.414,134,0.55846
-6.4121,134,0.55846
-6.4102,134,0.55846
-6.4082,134,0.55846
-6.4063,134,0.55846
-6.4044,134,0.55846
-6.4025,134,0.55846
-6.4006,134,0.55846
-6.3987,134,0.55846
-6.3968,134,0.55846
-6.3949,134,0.55846
-6.393,134,0.55846
-6.3911,134,0.55846
-6.3892,134,0.55846
-6.3873,134,0.55846
-6.3854,134,0.55846
-6.3834,134,0.55846
-6.3815,134,0.55846
-6.3796,134,0.55846
-6.3777,134,0.55846
-6.3758,134,0.55846
-6.3739,134,0.55846
-6.372,134,0.55846
-6.3701,134,0.55846
-6.3682,134,0.55846
-6.3663,134,0.55846
-6.3645,134,0.55846
-6.3626,134,0.55846
-6.3607,134,0.55846
-6.3588,134,0.55846
-6.3569,134,0.55846
-6.355,134,0.55846
-6.3531,134,0.55846
-6.3512,134,0.55846
-6.3493,134,0.55846
-6.3474,134,0.55846
-6.3455,134,0.55846
-6.3436,134,0.55846
-6.3417,134,0.55846
-6.3399,134,0.55846
-6.338,134,0.55846
-6.3361,134,0.55846
-6.3342,134,0.55846
-6.3323,134,0.55846
-6.3304,134,0.55846
-6.3285,134,0.55846
-6.3267,134,0.55846
-6.3248,134,0.55846
-6.3229,134,0.55846
-6.321,134,0.55846
-6.3191,134,0.55846
-6.3172,134,0.55846
-6.3154,134,0.55846
-6.3135,134,0.55846
-6.3116,134,0.55846
-6.3097,134,0.55846
-6.3079,134,0.55846
-6.306,134,0.55846
-6.3041,134,0.55846
-6.3022,134,0.55846
-6.3003,134,0.55846
-6.2985,134,0.55846
-6.2966,134,0.55846
-6.2947,134,0.55846
-6.2929,134,0.55846
-6.291,134,0.55846
-6.2891,134,0.55846
-6.2872,134,0.55846
-6.2854,134,0.55846
-6.2835,134,0.55846
-6.2816,134,0.55846
-6.2798,134,0.55846
-6.2779,134,0.55846
-6.276,134,0.55846
-6.2742,134,0.55846
-6.2723,134,0.55846
-6.2704,134,0.55846
-6.2686,134,0.55846
-6.2667,134,0.55846
-6.2649,134,0.55846
-6.263,134,0.55846
-6.2611,134,0.55846
-6.2593,134,0.55846
-6.2574,134,0.55846
-6.2555,134,0.55846
-6.2537,134,0.55846
-6.2518,134,0.55846
-6.25,134,0.55846
-6.2481,134,0.55846
-6.2463,134,0.55846
-6.2444,134,0.55846
-6.2426,134,0.55846
-6.2407,134,0.55846
-6.2388,134,0.55846
-6.237,134,0.55846
-6.2351,134,0.55846
-6.2333,134,0.55846
-6.2314,134,0.55846
-6.2296,134,0.55846
-6.2277,134,0.55846
-6.2259,134,0.55846
-6.224,134,0.55846
-6.2222,134,0.55846
-6.2203,134,0.55846
-6.2185,134,0.55846
-6.2166,134,0.55846
-6.2148,134,0.55846
-6.213,134,0.55846
-6.2111,134,0.55846
-6.2093,134,0.55846
-6.2074,134,0.55847
-6.2056,134,0.55847
-6.2037,134,0.55847
-6.2019,134,0.55847
-6.2001,134,0.55847
-6.1982,134,0.55847
-6.1964,134,0.55847
-6.1945,134,0.55847
-6.1927,134,0.55847
-6.1909,134,0.55847
-6.189,134,0.55847
-6.1872,134,0.55847
-6.1854,134,0.55847
-6.1835,134,0.55847
-6.1817,134,0.55847
-6.1799,134,0.55847
-6.178,134,0.55847
-6.1762,134,0.55847
-6.1744,134,0.55847
-6.1725,134,0.55847
-6.1707,134,0.55847
-6.1689,134,0.55847
-6.167,134,0.55847
-6.1652,134,0.55847
-6.1634,134,0.55847
-6.1616,134,0.55847
-6.1597,134,0.55847
-6.1579,134,0.55847
-6.1561,134,0.55847
-6.1543,134,0.55847
-6.1524,134,0.55847
-6.1506,134,0.55847
-6.1488,134,0.55847
-6.147,134,0.55847
-6.1451,134,0.55847
-6.1433,134,0.55847
-6.1415,134,0.55847
-6.1397,134,0.55847
-6.1379,134,0.55847
-6.136,134,0.55847
-6.1342,134,0.55847
-6.1324,134,0.55847
-6.1306,134,0.55847
-6.1288,134,0.55847
-6.127,134,0.55847
-6.1251,134,0.55847
-6.1233,134,0.55847
-6.1215,134,0.55847
-6.1197,134,0.55847
-6.1179,134,0.55847
-6.1161,134,0.55847
-6.1143,134,0.55847
-6.1125,134,0.55847
-6.1106,134,0.55847
-6.1088,134,0.55847
-6.107,134,0.55847
-6.1052,134,0.55847
-6.1034,134,0.55847
-6.1016,134,0.55847
-6.0998,134,0.55847
-6.098,134,0.55847
-6.0962,134,0.55847
-6.0944,134,0.55847
-6.0926,134,0.55847
-6.0908,134,0.55847
-6.089,134,0.55847
-6.0872,134,0.55847
-6.0854,134,0.55847
-6.0836,134,0.55847
-6.0818,134,0.55847
-6.08,134,0.55847
-6.0782,134,0.55847
-6.0764,134,0.55847
-6.0746,134,0.55847
-6.0728,134,0.55847
-6.071,134,0.55847
-6.0692,134,0.55847
-6.0674,134,0.55847
-6.0656,134,0.55847
-6.0638,134,0.55847
-6.062,134,0.55847
-6.0602,134,0.55847
-6.0584,134,0.55847
-6.0566,134,0.55847
-6.0548,134,0.55847
-6.0531,134,0.55847
-6.0513,134,0.55847
-6.0495,134,0.55847
-6.0477,134,0.55847
-6.0459,134,0.55847
-6.0441,134,0.55847
-6.0423,134,0.55847
-6.0405,134,0.55847
-6.0388,134,0.55847
-6.037,134,0.55847
-6.0352,134,0.55847
-6.0334,134,0.55847
-6.0316,134,0.55847
-6.0298,134,0.55847
-6.0281,134,0.55847
-6.0263,134,0.55847
-6.0245,134,0.55847
-6.0227,134,0.55847
-6.0209,134,0.55847
-6.0192,134,0.55847
-6.0174,134,0.55847
-6.0156,134,0.55847
-6.0138,134,0.55847
-6.012,134,0.55847
-6.0103,134,0.55847
-6.0085,134,0.55847
-6.0067,134,0.55847
-6.0049,134,0.55847
-6.0032,134,0.55847
-6.0014,134,0.55847
-5.9996,134,0.55847
-5.9979,134,0.55847
-5.9961,134,0.55847
-5.9943,134,0.55847
-5.9925,134,0.55847
-5.9908,134,0.55847
-5.989,134,0.55847
-5.9872,134,0.55847
-5.9855,134,0.55847
-5.9837,134,0.55847
-5.9819,134,0.55847
-5.9802,134,0.55847
-5.9784,134,0.55847
-5.9766,134,0.55847
-5.9749,134,0.55847
-5.9731,134,0.55847
-5.9713,134,0.55847
-5.9696,134,0.55847
-5.9678,134,0.55847
-5.9661,134,0.55847
-5.9643,134,0.55847
-5.9625,134,0.55847
-5.9608,134,0.55847
-5.959,134,0.55847
-5.9573,134,0.55847
-5.9555,134,0.55847
-5.9538,134,0.55847
-5.952,134,0.55847
-5.9502,134,0.55847
-5.9485,134,0.55847
-5.9467,134,0.55847
-5.945,134,0.55847
-5.9432,134,0.55847
-5.9415,134,0.55847
-5.9397,134,0.55847
-5.938,134,0.55847
-5.9362,134,0.55847
-5.9345,134,0.55847
-5.9327,134,0.55847
-5.931,134,0.55847
-5.9292,134,0.55847
-5.9275,134,0.55847
-5.9257,134,0.55847
-5.924,134,0.55847
-5.9222,134,0.55847
-5.9205,134,0.55847
-5.9187,134,0.55847
-5.917,134,0.55847
-5.9152,134,0.55847
-5.9135,134,0.55847
-5.9118,134,0.55847
-5.91,134,0.55847
-5.9083,134,0.55847
-5.9065,134,0.55847
-5.9048,134,0.55847
-5.9031,134,0.55847
-5.9013,134,0.55847
-5.8996,134,0.55847
-5.8978,134,0.55847
-5.8961,134,0.55847
-5.8944,134,0.55847
-5.8926,134,0.55847
-5.8909,134,0.55847
-5.8892,134,0.55847
-5.8874,134,0.55847
-5.8857,134,0.55847
-5.884,134,0.55847
-5.8822,134,0.55847
-5.8805,134,0.55847
-5.8788,134,0.55847
-5.877,134,0.55847
-5.8753,134,0.55847
-5.8736,134,0.55847
-5.8718,134,0.55847
-5.8701,134,0.55847
-5.8684,134,0.55847
-5.8667,134,0.55847
-5.8649,134,0.55847
-5.8632,134,0.55847
-5.8615,134,0.55847
-5.8598,134,0.55847
-5.858,134,0.55847
-5.8563,134,0.55847
-5.8546,134,0.55847
-5.8529,134,0.55847
-5.8511,134,0.55847
-5.8494,134,0.55847
-5.8477,134,0.55847
-5.846,134,0.55847
-5.8442,134,0.55847
-5.8425,134,0.55847
-5.8408,134,0.55847
-5.8391,134,0.55847
-5.8374,134,0.55847
-5.8357,134,0.55847
-5.8339,134,0.55847
-5.8322,134,0.55847
-5.8305,134,0.55847
-5.8288,134,0.55847
-5.8271,134,0.55847
-5.8254,134,0.55847
-5.8237,134,0.55847
-5.8219,134,0.55847
-5.8202,134,0.55847
-5.8185,134,0.55847
-5.8168,134,0.55847
-5.8151,134,0.55847
-5.8134,134,0.55847
-5.8117,134,0.55847
-5.81,134,0.55847
-5.8083,134,0.55847
-5.8066,134,0.55847
-5.8048,134,0.55847
-5.8031,134,0.55847
-5.8014,134,0.55847
-5.7997,134,0.55847
-5.798,134,0.55847
-5.7963,134,0.55847
-5.7946,134,0.55847
-5.7929,134,0.55847
-5.7912,134,0.55847
-5.7895,134,0.55847
-5.7878,134,0.55847
-5.7861,134,0.55847
-5.7844,134,0.55847
-5.7827,134,0.55847
-5.781,134,0.55847
-5.7793,134,0.55847
-5.7776,134,0.55847
-5.7759,134,0.55847
-5.7742,134,0.55847
-5.7725,134,0.55847
-5.7708,134,0.55847
-5.7691,134,0.55847
-5.7674,134,0.55847
-5.7657,134,0.55847
-5.764,134,0.55847
-5.7624,134,0.55847
-5.7607,134,0.55847
-5.759,134,0.55847
-5.7573,134,0.55847
-5.7556,134,0.55847
-5.7539,134,0.55847
-5.7522,134,0.55847
-5.7505,134,0.55847
-5.7488,134,0.55847
-5.7471,134,0.55847
-5.7455,134,0.55847
-5.7438,134,0.55847
-5.7421,134,0.55847
-5.7404,134,0.55847
-5.7387,134,0.55847
-5.737,134,0.55847
-5.7353,134,0.55847
-5.7337,134,0.55847
-5.732,134,0.55847
-5.7303,134,0.55847
-5.7286,134,0.55847
-5.7269,134,0.55847
-5.7253,134,0.55847
-5.7236,134,0.55847
-5.7219,134,0.55847
-5.7202,134,0.55847
-5.7185,134,0.55847
-5.7169,134,0.55847
-5.7152,134,0.55847
-5.7135,134,0.55847
-5.7118,134,0.55847
-5.7102,134,0.55847
-5.7085,134,0.55848
-5.7068,134,0.55848
-5.7051,134,0.55848
-5.7035,134,0.55848
-5.7018,134,0.55848
-5.7001,134,0.55848
-5.6984,134,0.55848
-5.6968,134,0.55848
-5.6951,134,0.55848
-5.6934,134,0.55848
-5.6918,134,0.55848
-5.6901,134,0.55848
-5.6884,134,0.55848
-5.6868,134,0.55848
-5.6851,134,0.55848
-5.6834,134,0.55848
-5.6818,134,0.55848
-5.6801,134,0.55848
-5.6784,134,0.55848
-5.6768,134,0.55848
-5.6751,134,0.55848
-5.6734,134,0.55848
-5.6718,134,0.55848
-5.6701,134,0.55848
-5.6684,134,0.55848
-5.6668,134,0.55848
-5.6651,134,0.55848
-5.6635,134,0.55848
-5.6618,134,0.55848
-5.6601,134,0.55848
-5.6585,134,0.55848
-5.6568,134,0.55848
-5.6552,134,0.55848
-5.6535,134,0.55848
-5.6519,134,0.55848
-5.6502,134,0.55848
-5.6486,134,0.55848
-5.6469,134,0.55848
-5.6452,134,0.55848
-5.6436,134,0.55848
-5.6419,134,0.55848
-5.6403,134,0.55848
-5.6386,134,0.55848
-5.637,134,0.55848
-5.6353,134,0.55848
-5.6337,134,0.55848
-5.632,134,0.55848
-5.6304,134,0.55848
-5.6287,134,0.55848
-5.6271,134,0.55848
-5.6254,134,0.55848
-5.6238,134,0.55848
-5.6221,134,0.55848
-5.6205,134,0.55848
-5.6189,134,0.55848
-5.6172,134,0.55848
-5.6156,134,0.55848
-5.6139,134,0.55848
-5.6123,134,0.55848
-5.6106,134,0.55848
-5.609,134,0.55848
-5.6074,134,0.55848
-5.6057,134,0.55848
-5.6041,134,0.55848
-5.6024,134,0.55848
-5.6008,134,0.55848
-5.5992,134,0.55848
-5.5975,134,0.55848
-5.5959,134,0.55848
-5.5942,134,0.55848
-5.5926,134,0.55848
-5.591,134,0.55848
-5.5893,134,0.55848
-5.5877,134,0.55848
-5.5861,134,0.55848
-5.5844,134,0.55848
-5.5828,134,0.55848
-5.5812,134,0.55848
-5.5795,134,0.55848
-5.5779,134,0.55848
-5.5763,134,0.55848
-5.5746,134,0.55848
-5.573,134,0.55848
-5.5714,134,0.55848
-5.5697,134,0.55848
-5.5681,134,0.55848
-5.5665,134,0.55848
-5.5649,134,0.55848
-5.5632,134,0.55848
-5.5616,134,0.55848
-5.56,134,0.55848
-5.5584,134,0.55848
-5.5567,134,0.55848
-5.5551,134,0.55848
-5.5535,134,0.55848
-5.5519,134,0.55848
-5.5502,134,0.55848
-5.5486,134,0.55848
-5.547,134,0.55848
-5.5454,134,0.55848
-5.5438,134,0.55848
-5.5421,134,0.55848
-5.5405,134,0.55848
-5.5389,134,0.55848
-5.5373,134,0.55848
-5.5357,134,0.55848
-5.534,134,0.55848
-5.5324,134,0.55848
-5.5308,134,0.55848
-5.5292,134,0.55848
-5.5276,134,0.55848
-5.526,134,0.55848
-5.5244,134,0.55848
-5.5227,134,0.55848
-5.5211,134,0.55848
-5.5195,134,0.55848
-5.5179,134,0.55848
-5.5163,134,0.55848
-5.5147,134,0.55848
-5.5131,134,0.55848
-5.5115,134,0.55848
-5.5098,134,0.55848
-5.5082,134,0.55848
-5.5066,134,0.55848
-5.505,134,0.55848
-5.5034,134,0.55848
-5.5018,134,0.55848
-5.5002,134,0.55848
-5.4986,134,0.55848
-5.497,134,0.55848
-5.4954,134,0.55848
-5.4938,134,0.55848
-5.4922,134,0.55848
-5.4906,134,0.55848
-5.489,134,0.55848
-5.4874,134,0.55848
-5.4858,134,0.55848
-5.4842,134,0.55848
-5.4826,134,0.55848
-5.481,134,0.55848
-5.4794,134,0.55848
-5.4778,134,0.55848
-5.4762,134,0.55848
-5.4746,134,0.55848
-5.473,134,0.55848
-5.4714,134,0.55848
-5.4698,134,0.55848
-5.4682,134,0.55848
-5.4666,134,0.55848
-5.465,134,0.55848
-5.4634,134,0.55848
-5.4618,134,0.55848
-5.4602,134,0.55848
-5.4586,134,0.55848
-5.457,134,0.55848
-5.4554,134,0.55848
-5.4539,134,0.55848
-5.4523,134,0.55848
-5.4507,134,0.55848
-5.4491,134,0.55848
-5.4475,134,0.55848
-5.4459,134,0.55848
-5.4443,134,0.55848
-5.4427,134,0.55848
-5.4411,134,0.55848
-5.4396,134,0.55848
-5.438,134,0.55848
-5.4364,134,0.55848
-5.4348,134,0.55848
-5.4332,134,0.55848
-5.4316,134,0.55848
-5.4301,134,0.55848
-5.4285,134,0.55848
-5.4269,134,0.55848
-5.4253,134,0.55848
-5.4237,134,0.55848
-5.4221,134,0.55848
-5.4206,134,0.55848
-5.419,134,0.55848
-5.4174,134,0.55848
-5.4158,134,0.55848
-5.4142,134,0.55848
-5.4127,134,0.55848
-5.4111,134,0.55848
-5.4095,134,0.55848
-5.4079,134,0.55848
-5.4064,134,0.55848
-5.4048,134,0.55848
-5.4032,134,0.55848
-5.4016,134,0.55848
-5.4001,134,0.55848
-5.3985,134,0.55848
-5.3969,134,0.55848
-5.3954,134,0.55848
-5.3938,134,0.55848
-5.3922,134,0.55848
-5.3906,134,0.55848
-5.3891,134,0.55848
-5.3875,134,0.55848
-5.3859,134,0.55848
-5.3844,134,0.55848
-5.3828,134,0.55848
-5.3812,134,0.55848
-5.3797,134,0.55848
-5.3781,134,0.55848
-5.3765,134,0.55848
-5.375,134,0.55848
-5.3734,134,0.55848
-5.3718,134,0.55848
-5.3703,134,0.55848
-5.3687,134,0.55848
-5.3671,134,0.55848
-5.3656,134,0.55848
-5.364,134,0.55848
-5.3625,134,0.55848
-5.3609,134,0.55848
-5.3593,134,0.55848
-5.3578,134,0.55848
-5.3562,134,0.55848
-5.3547,134,0.55848
-5.3531,134,0.55848
-5.3516,134,0.55848
-5.35,134,0.55848
-5.3484,134,0.55848
-5.3469,134,0.55848
-5.3453,134,0.55848
-5.3438,134,0.55848
-5.3422,134,0.55848
-5.3407,134,0.55848
-5.3391,134,0.55848
-5.3376,134,0.55848
-5.336,134,0.55848
-5.3345,134,0.55848
-5.3329,134,0.55848
-5.3313,134,0.55848
-5.3298,134,0.55848
-5.3282,134,0.55848
-5.3267,134,0.55848
-5.3252,134,0.55848
-5.3236,134,0.55848
-5.3221,134,0.55848
-5.3205,134,0.55848
-5.319,134,0.55848
-5.3174,134,0.55848
-5.3159,134,0.55848
-5.3143,134,0.55848
-5.3128,134,0.55848
-5.3112,134,0.55848
-5.3097,134,0.55848
-5.3081,134,0.55848
-5.3066,134,0.55848
-5.3051,134,0.55848
-5.3035,134,0.55848
-5.302,134,0.55848
-5.3004,134,0.55848
-5.2989,134,0.55848
-5.2974,134,0.55848
-5.2958,134,0.55848
-5.2943,134,0.55848
-5.2927,134,0.55848
-5.2912,134,0.55848
-5.2897,134,0.55848
-5.2881,134,0.55848
-5.2866,134,0.55848
-5.2851,134,0.55848
-5.2835,134,0.55848
-5.282,134,0.55848
-5.2805,134,0.55848
-5.2789,134,0.55848
-5.2774,134,0.55848
-5.2759,134,0.55848
-5.2743,134,0.55848
-5.2728,134,0.55848
-5.2713,134,0.55848
-5.2697,134,0.55848
-5.2682,134,0.55848
-5.2667,134,0.55848
-5.2651,134,0.55848
-5.2636,134,0.55848
-5.2621,134,0.55848
-5.2605,134,0.55848
-5.259,134,0.55848
-5.2575,134,0.55848
-5.256,134,0.55848
-5.2544,134,0.55848
-5.2529,134,0.55848
-5.2514,134,0.55848
-5.2499,134,0.55848
-5.2483,134,0.55848
-5.2468,134,0.55848
-5.2453,134,0.55848
-5.2438,134,0.55848
-5.2423,134,0.55848
-5.2407,134,0.55848
-5.2392,134,0.55848
-5.2377,134,0.55848
-5.2362,134,0.55848
-5.2347,134,0.55848
-5.2331,134,0.55848
-5.2316,134,0.55848
-5.2301,134,0.55848
-5.2286,134,0.55848
-5.2271,134,0.55848
-5.2255,134,0.55848
-5.224,134,0.55848
-5.2225,134,0.55848
-5.221,134,0.55848
-5.2195,134,0.55848
-5.218,134,0.55848
-5.2165,134,0.55848
-5.2149,134,0.55848
-5.2134,134,0.55848
-5.2119,134,0.55848
-5.2104,134,0.55848
-5.2089,134,0.55848
-5.2074,134,0.55848
-5.2059,134,0.55848
-5.2044,134,0.55848
-5.2029,134,0.55848
-5.2013,134,0.55848
-5.1998,134,0.55848
-5.1983,134,0.55848
-5.1968,134,0.55848
-5.1953,134,0.55848
-5.1938,134,0.55848
-5.1923,134,0.55848
-5.1908,134,0.55848
-5.1893,134,0.55848
-5.1878,134,0.55848
-5.1863,134,0.55848
-5.1848,134,0.55848
-5.1833,134,0.55848
-5.1818,134,0.55848
-5.1803,134,0.55848
-5.1788,134,0.55848
-5.1773,134,0.55848
-5.1758,134,0.55848
-5.1743,134,0.55848
-5.1728,134,0.55848
-5.1713,134,0.55848
-5.1698,134,0.55848
-5.1683,134,0.55848
-5.1668,134,0.55848
-5.1653,134,0.55848
-5.1638,134,0.55848
-5.1623,134,0.55848
-5.1608,134,0.55848
-5.1593,134,0.55848
-5.1578,134,0.55848
-5.1563,134,0.55848
-5.1548,134,0.55848
-5.1533,134,0.55848
-5.1518,134,0.55848
-5.1503,134,0.55848
-5.1488,134,0.55848
-5.1474,134,0.55848
-5.1459,134,0.55848
-5.1444,134,0.55848
-5.1429,134,0.55848
-5.1414,134,0.55848
-5.1399,134,0.55848
-5.1384,134,0.55848
-5.1369,134,0.55848
-5.1354,134,0.55848
-5.134,134,0.55848
-5.1325,134,0.55848
-5.131,134,0.55848
-5.1295,134,0.55848
-5.128,134,0.55848
-5.1265,134,0.55848
-5.125,134,0.55848
-5.1236,134,0.55848
-5.1221,134,0.55848
-5.1206,134,0.55848
-5.1191,134,0.55848
-5.1176,134,0.55848
-5.1161,134,0.55848
-5.1147,134,0.55848
-5.1132,134,0.55848
-5.1117,134,0.55848
-5.1102,134,0.55848
-5.1088,134,0.55848
-5.1073,134,0.55848
-5.1058,134,0.55848
-5.1043,134,0.55848
-5.1028,134,0.55848
-5.1014,134,0.55848
-5.0999,134,0.55848
-5.0984,134,0.55848
-5.0969,134,0.55848
-5.0955,134,0.55848
-5.094,134,0.55848
-5.0925,134,0.55848
-5.091,134,0.55848
-5.0896,134,0.55848
-5.0881,134,0.55848
-5.0866,134,0.55848
-5.0852,134,0.55848
-5.0837,134,0.55848
-5.0822,134,0.55848
-5.0807,134,0.55849
-5.0793,134,0.55849
-5.0778,134,0.55849
-5.0763,134,0.55849
-5.0749,134,0.55849
-5.0734,134,0.55849
-5.0719,134,0.55849
-5.0705,134,0.55849
-5.069,134,0.55849
-5.0675,134,0.55849
-5.0661,134,0.55849
-5.0646,134,0.55849
-5.0631,134,0.55849
-5.0617,134,0.55849
-5.0602,134,0.55849
-5.0588,134,0.55849
-5.0573,134,0.55849
-5.0558,134,0.55849
-5.0544,134,0.55849
-5.0529,134,0.55849
-5.0514,134,0.55849
-5.05,134,0.55849
-5.0485,134,0.55849
-5.0471,134,0.55849
-5.0456,134,0.55849
-5.0441,134,0.55849
-5.0427,134,0.55849
-5.0412,134,0.55849
-5.0398,134,0.55849
-5.0383,134,0.55849
-5.0369,134,0.55849
-5.0354,134,0.55849
-5.034,134,0.55849
-5.0325,134,0.55849
-5.031,134,0.55849
-5.0296,134,0.55849
-5.0281,134,0.55849
-5.0267,134,0.55849
-5.0252,134,0.55849
-5.0238,134,0.55849
-5.0223,134,0.55849
-5.0209,134,0.55849
-5.0194,134,0.55849
-5.018,134,0.55849
-5.0165,134,0.55849
-5.0151,134,0.55849
-5.0136,134,0.55849
-5.0122,134,0.55849
-5.0107,134,0.55849
-5.0093,134,0.55849
-5.0078,134,0.55849
-5.0064,134,0.55849
-5.005,134,0.55849
-5.0035,134,0.55849
-5.0021,134,0.55849
-5.0006,134,0.55849
-4.9992,134,0.55849
-4.9977,134,0.55849
-4.9963,134,0.55849
-4.9949,134,0.55849
-4.9934,134,0.55849
-4.992,134,0.55849
-4.9905,134,0.55849
-4.9891,134,0.55849
-4.9876,134,0.55849
-4.9862,134,0.55849
-4.9848,134,0.55849
-4.9833,134,0.55849
-4.9819,134,0.55849
-4.9805,134,0.55849
-4.979,134,0.55849
-4.9776,134,0.55849
-4.9761,134,0.55849
-4.9747,134,0.55849
-4.9733,134,0.55849
-4.9718,134,0.55849
-4.9704,134,0.55849
-4.969,134,0.55849
-4.9675,134,0.55849
-4.9661,134,0.55849
-4.9647,134,0.55849
-4.9632,134,0.55849
-4.9618,134,0.55849
-4.9604,134,0.55849
-4.9589,134,0.55849
-4.9575,134,0.55849
-4.9561,134,0.55849
-4.9547,134,0.55849
-4.9532,134,0.55849
-4.9518,134,0.55849
-4.9504,134,0.55849
-4.9489,134,0.55849
-4.9475,134,0.55849
-4.9461,134,0.55849
-4.9447,134,0.55849
-4.9432,134,0.55849
-4.9418,134,0.55849
-4.9404,134,0.55849
-4.939,134,0.55849
-4.9375,134,0.55849
-4.9361,134,0.55849
-4.9347,134,0.55849
-4.9333,134,0.55849
-4.9318,134,0.55849
-4.9304,134,0.55849
-4.929,134,0.55849
-4.9276,134,0.55849
-4.9262,134,0.55849
-4.9247,134,0.55849
-4.9233,134,0.55849
-4.9219,134,0.55849
-4.9205,134,0.55849
-4.9191,134,0.55849
-4.9177,134,0.55849
-4.9162,134,0.55849
-4.9148,134,0.55849
-4.9134,134,0.55849
-4.912,134,0.55849
-4.9106,134,0.55849
-4.9092,134,0.55849
-4.9077,134,0.55849
-4.9063,134,0.55849
-4.9049,134,0.55849
-4.9035,134,0.55849
-4.9021,134,0.55849
-4.9007,134,0.55849
-4.8993,134,0.55849
-4.8979,134,0.55849
-4.8964,134,0.55849
-4.895,134,0.55849
-4.8936,134,0.55849
-4.8922,134,0.55849
-4.8908,134,0.55849
-4.8894,134,0.55849
-4.888,134,0.55849
-4.8866,134,0.55849
-4.8852,134,0.55849
-4.8838,134,0.55849
-4.8824,134,0.55849
-4.881,134,0.55849
-4.8795,134,0.55849
-4.8781,134,0.55849
-4.8767,134,0.55849
-4.8753,134,0.55849
-4.8739,134,0.55849
-4.8725,134,0.55849
-4.8711,134,0.55849
-4.8697,134,0.55849
-4.8683,134,0.55849
-4.8669,134,0.55849
-4.8655,134,0.55849
-4.8641,134,0.55849
-4.8627,134,0.55849
-4.8613,134,0.55849
-4.8599,134,0.55849
-4.8585,134,0.55849
-4.8571,134,0.55849
-4.8557,134,0.55849
-4.8543,134,0.55849
-4.8529,134,0.55849
-4.8515,134,0.55849
-4.8501,134,0.55849
-4.8487,134,0.55849
-4.8473,134,0.55849
-4.8459,134,0.55849
-4.8446,134,0.55849
-4.8432,134,0.55849
-4.8418,134,0.55849
-4.8404,134,0.55849
-4.839,134,0.55849
-4.8376,134,0.55849
-4.8362,134,0.55849
-4.8348,134,0.55849
-4.8334,134,0.55849
-4.832,134,0.55849
-4.8306,134,0.55849
-4.8292,134,0.55849
-4.8279,134,0.55849
-4.8265,134,0.55849
-4.8251,134,0.55849
-4.8237,134,0.55849
-4.8223,134,0.55849
-4.8209,134,0.55849
-4.8195,134,0.55849
-4.8181,134,0.55849
-4.8168,134,0.55849
-4.8154,134,0.55849
-4.814,134,0.55849
-4.8126,134,0.55849
-4.8112,134,0.55849
-4.8098,134,0.55849
-4.8085,134,0.55849
-4.8071,134,0.55849
-4.8057,134,0.55849
-4.8043,134,0.55849
-4.8029,134,0.55849
-4.8015,134,0.55849
-4.8002,134,0.55849
-4.7988,134,0.55849
-4.7974,134,0.55849
-4.796,134,0.55849
-4.7947,134,0.55849
-4.7933,134,0.55849
-4.7919,134,0.55849
-4.7905,134,0.55849
-4.7891,134,0.55849
-4.7878,134,0.55849
-4.7864,134,0.55849
-4.785,134,0.55849
-4.7836,134,0.55849
-4.7823,134,0.55849
-4.7809,134,0.55849
-4.7795,134,0.55849
-4.7781,134,0.55849
-4.7768,134,0.55849
-4.7754,134,0.55849
-4.774,134,0.55849
-4.7727,134,0.55849
-4.7713,134,0.55849
-4.7699,134,0.55849
-4.7685,134,0.55849
-4.7672,134,0.55849
-4.7658,134,0.55849
-4.7644,134,0.55849
-4.7631,134,0.55849
-4.7617,134,0.55849
-4.7603,134,0.55849
-4.759,134,0.55849
-4.7576,134,0.55849
-4.7562,134,0.55849
-4.7549,134,0.55849
-4.7535,134,0.55849
-4.7521,134,0.55849
-4.7508,134,0.55849
-4.7494,134,0.55849
-4.748,134,0.55849
-4.7467,134,0.55849
-4.7453,134,0.55849
-4.744,134,0.55849
-4.7426,134,0.55849
-4.7412,134,0.55849
-4.7399,134,0.55849
-4.7385,134,0.55849
-4.7371,134,0.55849
-4.7358,134,0.55849
-4.7344,134,0.55849
-4.7331,134,0.55849
-4.7317,134,0.55849
-4.7303,134,0.55849
-4.729,134,0.55849
-4.7276,134,0.55849
-4.7263,134,0.55849
-4.7249,134,0.55849
-4.7236,134,0.55849
-4.7222,134,0.55849
-4.7209,134,0.55849
-4.7195,134,0.55849
-4.7181,134,0.55849
-4.7168,134,0.55849
-4.7154,134,0.55849
-4.7141,134,0.55849
-4.7127,134,0.55849
-4.7114,134,0.55849
-4.71,134,0.55849
-4.7087,134,0.55849
-4.7073,134,0.55849
-4.706,134,0.55849
-4.7046,134,0.55849
-4.7033,134,0.55849
-4.7019,134,0.55849
-4.7006,134,0.55849
-4.6992,134,0.55849
-4.6979,134,0.55849
-4.6965,134,0.55849
-4.6952,134,0.55849
-4.6938,134,0.55849
-4.6925,134,0.55849
-4.6911,134,0.55849
-4.6898,134,0.55849
-4.6885,134,0.55849
-4.6871,134,0.55849
-4.6858,134,0.55849
-4.6844,134,0.55849
-4.6831,134,0.55849
-4.6817,134,0.55849
-4.6804,134,0.55849
-4.6791,134,0.55849
-4.6777,134,0.55849
-4.6764,134,0.55849
-4.675,134,0.55849
-4.6737,134,0.55849
-4.6724,134,0.55849
-4.671,134,0.55849
-4.6697,134,0.55849
-4.6683,134,0.55849
-4.667,134,0.55849
-4.6657,134,0.55849
-4.6643,134,0.55849
-4.663,134,0.55849
-4.6616,134,0.55849
-4.6603,134,0.55849
-4.659,134,0.55849
-4.6576,134,0.55849
-4.6563,134,0.55849
-4.655,134,0.55849
-4.6536,134,0.55849
-4.6523,134,0.55849
-4.651,134,0.55849
-4.6496,134,0.55849
-4.6483,134,0.55849
-4.647,134,0.55849
-4.6456,134,0.55849
-4.6443,134,0.55849
-4.643,134,0.55849
-4.6416,134,0.55849
-4.6403,134,0.55849
-4.639,134,0.55849
-4.6377,134,0.55849
-4.6363,134,0.55849
-4.635,134,0.55849
-4.6337,134,0.55849
-4.6323,134,0.55849
-4.631,134,0.55849
-4.6297,134,0.55849
-4.6284,134,0.55849
-4.627,134,0.55849
-4.6257,134,0.55849
-4.6244,134,0.55849
-4.6231,134,0.55849
-4.6217,134,0.55849
-4.6204,134,0.55849
-4.6191,134,0.55849
-4.6178,134,0.55849
-4.6165,134,0.55849
-4.6151,134,0.55849
-4.6138,134,0.55849
-4.6125,134,0.55849
-4.6112,134,0.55849
-4.6098,134,0.55849
-4.6085,134,0.55849
-4.6072,134,0.55849
-4.6059,134,0.55849
-4.6046,134,0.55849
-4.6033,134,0.55849
-4.6019,134,0.55849
-4.6006,134,0.55849
-4.5993,134,0.55849
-4.598,134,0.55849
-4.5967,134,0.55849
-4.5954,134,0.55849
-4.594,134,0.55849
-4.5927,134,0.55849
-4.5914,134,0.55849
-4.5901,134,0.55849
-4.5888,134,0.55849
-4.5875,134,0.55849
-4.5862,134,0.55849
-4.5848,134,0.55849
-4.5835,134,0.55849
-4.5822,134,0.55849
-4.5809,134,0.55849
-4.5796,134,0.55849
-4.5783,134,0.55849
-4.577,134,0.55849
-4.5757,134,0.55849
-4.5744,134,0.55849
-4.573,134,0.55849
-4.5717,134,0.55849
-4.5704,134,0.55849
-4.5691,134,0.55849
-4.5678,134,0.55849
-4.5665,134,0.55849
-4.5652,134,0.55849
-4.5639,134,0.55849
-4.5626,134,0.55849
-4.5613,134,0.55849
-4.56,134,0.55849
-4.5587,134,0.55849
-4.5574,134,0.55849
-4.5561,134,0.55849
-4.5548,134,0.55849
-4.5535,134,0.55849
-4.5522,134,0.55849
-4.5509,134,0.55849
-4.5496,134,0.55849
-4.5483,134,0.55849
-4.547,134,0.55849
-4.5457,134,0.55849
-4.5444,134,0.55849
-4.5431,134,0.55849
-4.5418,134,0.55849
-4.5405,134,0.55849
-4.5392,134,0.55849
-4.5379,134,0.55849
-4.5366,134,0.55849
-4.5353,134,0.55849
-4.534,134,0.55849
-4.5327,134,0.55849
-4.5314,134,0.55849
-4.5301,134,0.55849
-4.5288,134,0.55849
-4.5275,134,0.55849
-4.5262,134,0.55849
-4.5249,134,0.55849
-4.5236,134,0.55849
-4.5223,134,0.55849
-4.521,134,0.55849
-4.5197,134,0.55849
-4.5184,134,0.55849
-4.5172,134,0.55849
-4.5159,134,0.55849
-4.5146,134,0.55849
-4.5133,134,0.55849
-4.512,134,0.55849
-4.5107,134,0.55849
-4.5094,134,0.55849
-4.5081,134,0.55849
-4.5068,134,0.55849
-4.5056,134,0.55849
-4.5043,134,0.55849
-4.503,134,0.55849
-4.5017,134,0.55849
-4.5004,134,0.55849
-4.4991,134,0.55849
-4.4978,134,0.55849
-4.4966,134,0.55849
-4.4953,134,0.55849
-4.494,134,0.55849
-4.4927,134,0.55849
-4.4914,134,0.55849
-4.4901,134,0.55849
-4.4889,134,0.55849
-4.4876,134,0.55849
-4.4863,134,0.55849
-4.485,134,0.55849
-4.4837,134,0.55849
-4.4824,134,0.55849
-4.4812,134,0.55849
-4.4799,134,0.55849
-4.4786,134,0.55849
-4.4773,134,0.55849
-4.4761,134,0.55849
-4.4748,134,0.55849
-4.4735,134,0.55849
-4.4722,134,0.55849
-4.4709,134,0.55849
-4.4697,134,0.55849
-4.4684,134,0.55849
-4.4671,134,0.55849
-4.4658,134,0.55849
-4.4646,134,0.55849
-4.4633,134,0.55849
-4.462,134,0.55849
-4.4607,134,0.55849
-4.4595,134,0.55849
-4.4582,134,0.55849
-4.4569,134,0.55849
-4.4557,134,0.55849
-4.4544,134,0.55849
-4.4531,134,0.55849
-4.4518,134,0.55849
-4.4506,134,0.55849
-4.4493,134,0.55849
-4.448,134,0.55849
-4.4468,134,0.55849
-4.4455,134,0.55849
-4.4442,134,0.55849
-4.443,134,0.55849
-4.4417,134,0.55849
-4.4404,134,0.55849
-4.4391,134,0.55849
-4.4379,134,0.55849
-4.4366,134,0.55849
-4.4354,134,0.55849
-4.4341,134,0.55849
-4.4328,134,0.55849
-4.4316,134,0.55849
-4.4303,134,0.55849
-4.429,134,0.55849
-4.4278,134,0.55849
-4.4265,134,0.55849
-4.4252,134,0.55849
-4.424,134,0.55849
-4.4227,134,0.55849
-4.4215,134,0.55849
-4.4202,134,0.55849
-4.4189,134,0.55849
-4.4177,134,0.55849
-4.4164,134,0.55849
-4.4152,134,0.55849
-4.4139,134,0.55849
-4.4126,134,0.55849
-4.4114,134,0.55849
-4.4101,134,0.55849
-4.4089,134,0.55849
-4.4076,134,0.55849
-4.4063,134,0.55849
-4.4051,134,0.55849
-4.4038,134,0.55849
-4.4026,134,0.55849
-4.4013,134,0.55849
-4.4001,134,0.55849
-4.3988,134,0.55849
-4.3976,134,0.55849
-4.3963,134,0.55849
-4.3951,134,0.55849
-4.3938,134,0.55849
-4.3925,134,0.55849
-4.3913,134,0.55849
-4.39,134,0.55849
-4.3888,134,0.55849
-4.3875,134,0.55849
-4.3863,134,0.55849
-4.385,134,0.55849
-4.3838,134,0.55849
-4.3825,134,0.55849
-4.3813,134,0.55849
-4.38,134,0.55849
-4.3788,134,0.55849
-4.3776,134,0.55849
-4.3763,134,0.55849
-4.3751,134,0.55849
-4.3738,134,0.55849
-4.3726,134,0.55849
-4.3713,134,0.55849
-4.3701,134,0.55849
-4.3688,134,0.55849
-4.3676,134,0.55849
-4.3663,134,0.55849
-4.3651,134,0.55849
-4.3639,134,0.55849
-4.3626,134,0.55849
-4.3614,134,0.55849
-4.3601,134,0.55849
-4.3589,134,0.55849
-4.3576,134,0.55849
-4.3564,134,0.55849
-4.3552,134,0.55849
-4.3539,134,0.55849
-4.3527,134,0.55849
-4.3514,134,0.55849
-4.3502,134,0.55849
-4.349,134,0.55849
-4.3477,134,0.55849
-4.3465,134,0.55849
-4.3452,134,0.55849
-4.344,134,0.55849
-4.3428,134,0.55849
-4.3415,134,0.55849
-4.3403,134,0.55849
-4.3391,134,0.55849
-4.3378,134,0.55849
-4.3366,134,0.55849
-4.3354,134,0.55849
-4.3341,134,0.55849
-4.3329,134,0.55849
-4.3317,134,0.55849
-4.3304,134,0.55849
-4.3292,134,0.55849
-4.328,134,0.55849
-4.3267,134,0.55849
-4.3255,134,0.55849
-4.3243,134,0.55849
-4.323,134,0.55849
-4.3218,134,0.55849
-4.3206,134,0.55849
-4.3193,134,0.55849
-4.3181,134,0.55849
-4.3169,134,0.55849
-4.3157,134,0.55849
-4.3144,134,0.55849
-4.3132,134,0.55849
-4.312,134,0.55849
-4.3107,134,0.55849
-4.3095,134,0.55849
-4.3083,134,0.55849
-4.3071,134,0.55849
-4.3058,134,0.55849
-4.3046,134,0.55849
-4.3034,134,0.55849
-4.3022,134,0.55849
-4.3009,134,0.55849
-4.2997,134,0.55849
-4.2985,134,0.55849
-4.2973,134,0.55849
-4.296,134,0.55849
-4.2948,134,0.55849
-4.2936,134,0.55849
-4.2924,134,0.55849
-4.2912,134,0.55849
-4.2899,134,0.55849
-4.2887,134,0.55849
-4.2875,134,0.55849
-4.2863,134,0.55849
-4.2851,134,0.55849
-4.2838,134,0.55849
-4.2826,134,0.55849
-4.2814,134,0.55849
-4.2802,134,0.55849
-4.279,134,0.55849
-4.2778,134,0.55849
-4.2765,134,0.55849
-4.2753,134,0.55849
-4.2741,134,0.55849
-4.2729,134,0.55849
-4.2717,134,0.55849
-4.2705,134,0.55849
-4.2692,134,0.55849
-4.268,134,0.55849
-4.2668,134,0.55849
-4.2656,134,0.55849
-4.2644,134,0.55849
-4.2632,134,0.55849
-4.262,134,0.55849
-4.2608,134,0.55849
-4.2595,134,0.55849
-4.2583,134,0.55849
-4.2571,134,0.55849
-4.2559,134,0.55849
-4.2547,134,0.55849
-4.2535,134,0.55849
-4.2523,134,0.55849
-4.2511,134,0.55849
-4.2499,134,0.55849
-4.2487,134,0.55849
-4.2475,134,0.55849
-4.2462,134,0.55849
-4.245,134,0.55849
-4.2438,134,0.55849
-4.2426,134,0.55849
-4.2414,134,0.55849
-4.2402,134,0.55849
-4.239,134,0.55849
-4.2378,134,0.55849
-4.2366,134,0.55849
-4.2354,134,0.55849
-4.2342,134,0.55849
-4.233,134,0.55849
-4.2318,134,0.55849
-4.2306,134,0.55849
-4.2294,134,0.55849
-4.2282,134,0.55849
-4.227,134,0.55849
-4.2258,134,0.55849
-4.2246,134,0.55849
-4.2234,134,0.55849
-4.2222,134,0.55849
-4.221,134,0.55849
-4.2198,134,0.55849
-4.2186,134,0.55849
-4.2174,134,0.55849
-4.2162,134,0.55849
-4.215,134,0.55849
-4.2138,134,0.55849
-4.2126,134,0.55849
-4.2114,134,0.55849
-4.2102,134,0.55849
-4.209,134,0.55849
-4.2078,134,0.55849
-4.2066,134,0.55849
-4.2054,134,0.55849
-4.2042,134,0.55849
-4.203,134,0.55849
-4.2018,134,0.55849
-4.2006,134,0.55849
-4.1995,134,0.55849
-4.1983,134,0.55849
-4.1971,134,0.55849
-4.1959,134,0.55849
-4.1947,134,0.55849
-4.1935,134,0.55849
-4.1923,134,0.55849
-4.1911,134,0.55849
-4.1899,134,0.55849
-4.1887,134,0.55849
-4.1875,134,0.55849
-4.1864,134,0.5585
-4.1852,134,0.5585
-4.184,134,0.5585
-4.1828,134,0.5585
-4.1816,134,0.5585
-4.1804,134,0.5585
-4.1792,134,0.5585
-4.178,134,0.5585
-4.1769,134,0.5585
-4.1757,134,0.5585
-4.1745,134,0.5585
-4.1733,134,0.5585
-4.1721,134,0.5585
-4.1709,134,0.5585
-4.1698,134,0.5585
-4.1686,134,0.5585
-4.1674,134,0.5585
-4.1662,134,0.5585
-4.165,134,0.5585
-4.1638,134,0.5585
-4.1627,134,0.5585
-4.1615,134,0.5585
-4.1603,134,0.5585
-4.1591,134,0.5585
-4.1579,134,0.5585
-4.1568,134,0.5585
-4.1556,134,0.5585
-4.1544,134,0.5585
-4.1532,134,0.5585
-4.152,134,0.5585
-4.1509,134,0.5585
-4.1497,134,0.5585
-4.1485,134,0.5585
-4.1473,134,0.5585
-4.1462,134,0.5585
-4.145,134,0.5585
-4.1438,134,0.5585
-4.1426,134,0.5585
-4.1415,134,0.5585
-4.1403,134,0.5585
-4.1391,134,0.5585
-4.1379,134,0.5585
-4.1368,134,0.5585
-4.1356,134,0.5585
-4.1344,134,0.5585
-4.1332,134,0.5585
-4.1321,134,0.5585
-4.1309,134,0.5585
-4.1297,134,0.5585
-4.1286,134,0.5585
-4.1274,134,0.5585
-4.1262,134,0.5585
-4.125,134,0.5585
-4.1239,134,0.5585
-4.1227,134,0.5585
-4.1215,134,0.5585
-4.1204,134,0.5585
-4.1192,134,0.5585
-4.118,134,0.5585
-4.1169,134,0.5585
-4.1157,134,0.5585
-4.1145,134,0.5585
-4.1134,134,0.5585
-4.1122,134,0.5585
-4.111,134,0.5585
-4.1099,134,0.5585
-4.1087,134,0.5585
-4.1075,134,0.5585
-4.1064,134,0.5585
-4.1052,134,0.5585
-4.1041,134,0.5585
-4.1029,134,0.5585
-4.1017,134,0.5585
-4.1006,134,0.5585
-4.0994,134,0.5585
-4.0982,134,0.5585
-4.0971,134,0.5585
-4.0959,134,0.5585
-4.0948,134,0.5585
-4.0936,134,0.5585
-4.0924,134,0.5585
-4.0913,134,0.5585
-4.0901,134,0.5585
-4.089,134,0.5585
-4.0878,134,0.5585
-4.0866,134,0.5585
-4.0855,134,0.5585
-4.0843,134,0.5585
-4.0832,134,0.5585
-4.082,134,0.5585
-4.0809,134,0.5585
-4.0797,134,0.5585
-4.0785,134,0.5585
-4.0774,134,0.5585
-4.0762,134,0.5585
-4.0751,134,0.5585
-4.0739,134,0.5585
-4.0728,134,0.5585
-4.0716,134,0.5585
-4.0705,134,0.5585
-4.0693,134,0.5585
-4.0682,134,0.5585
-4.067,134,0.5585
-4.0659,134,0.5585
-4.0647,134,0.5585
-4.0636,134,0.5585
-4.0624,134,0.5585
-4.0613,134,0.5585
-4.0601,134,0.5585
-4.059,134,0.5585
-4.0578,134,0.5585
-4.0567,134,0.5585
-4.0555,134,0.5585
-4.0544,134,0.5585
-4.0532,134,0.5585
-4.0521,134,0.5585
-4.0509,134,0.5585
-4.0498,134,0.5585
-4.0486,134,0.5585
-4.0475,134,0.5585
-4.0463,134,0.5585
-4.0452,134,0.5585
-4.044,134,0.5585
-4.0429,134,0.5585
-4.0418,134,0.5585
-4.0406,134,0.5585
-4.0395,134,0.5585
-4.0383,134,0.5585
-4.0372,134,0.5585
-4.036,134,0.5585
-4.0349,134,0.5585
-4.0337,134,0.5585
-4.0326,134,0.5585
-4.0315,134,0.5585
-4.0303,134,0.5585
-4.0292,134,0.5585
-4.028,134,0.5585
-4.0269,134,0.5585
-4.0258,134,0.5585
-4.0246,134,0.5585
-4.0235,134,0.5585
-4.0223,134,0.5585
-4.0212,134,0.5585
-4.0201,134,0.5585
-4.0189,134,0.5585
-4.0178,134,0.5585
-4.0167,134,0.5585
-4.0155,134,0.5585
-4.0144,134,0.5585
-4.0133,134,0.5585
-4.0121,134,0.5585
-4.011,134,0.5585
-4.0098,134,0.5585
-4.0087,134,0.5585
-4.0076,134,0.5585
-4.0064,134,0.5585
-4.0053,134,0.5585
-4.0042,134,0.5585
-4.003,134,0.5585
-4.0019,134,0.5585
-4.0008,134,0.5585
-3.9997,134,0.5585
-3.9985,134,0.5585
-3.9974,134,0.5585
-3.9963,134,0.5585
-3.9951,134,0.5585
-3.994,134,0.5585
-3.9929,134,0.5585
-3.9917,134,0.5585
-3.9906,134,0.5585
-3.9895,134,0.5585
-3.9884,134,0.5585
-3.9872,134,0.5585
-3.9861,134,0.5585
-3.985,134,0.5585
-3.9838,134,0.5585
-3.9827,134,0.5585
-3.9816,134,0.5585
-3.9805,134,0.5585
-3.9793,134,0.5585
-3.9782,134,0.5585
-3.9771,134,0.5585
-3.976,134,0.5585
-3.9748,134,0.5585
-3.9737,134,0.5585
-3.9726,134,0.5585
-3.9715,134,0.5585
-3.9704,134,0.5585
-3.9692,134,0.5585
-3.9681,134,0.5585
-3.967,134,0.5585
-3.9659,134,0.5585
-3.9647,134,0.5585
-3.9636,134,0.5585
-3.9625,134,0.5585
-3.9614,134,0.5585
-3.9603,134,0.5585
-3.9591,134,0.5585
-3.958,134,0.5585
-3.9569,134,0.5585
-3.9558,134,0.5585
-3.9547,134,0.5585
-3.9536,134,0.5585
-3.9524,134,0.5585
-3.9513,134,0.5585
-3.9502,134,0.5585
-3.9491,134,0.5585
-3.948,134,0.5585
-3.9469,134,0.5585
-3.9457,134,0.5585
-3.9446,134,0.5585
-3.9435,134,0.5585
-3.9424,134,0.5585
-3.9413,134,0.5585
-3.9402,134,0.5585
-3.9391,134,0.5585
-3.9379,134,0.5585
-3.9368,134,0.5585
-3.9357,134,0.5585
-3.9346,134,0.5585
-3.9335,134,0.5585
-3.9324,134,0.5585
-3.9313,134,0.5585
-3.9302,134,0.5585
-3.9291,134,0.5585
-3.9279,134,0.5585
-3.9268,134,0.5585
-3.9257,134,0.5585
-3.9246,134,0.5585
-3.9235,134,0.5585
-3.9224,134,0.5585
-3.9213,134,0.5585
-3.9202,134,0.5585
-3.9191,134,0.5585
-3.918,134,0.5585
-3.9169,134,0.5585
-3.9158,134,0.5585
-3.9147,134,0.5585
-3.9136,134,0.5585
-3.9124,134,0.5585
-3.9113,134,0.5585
-3.9102,134,0.5585
-3.9091,134,0.5585
-3.908,134,0.5585
-3.9069,134,0.5585
-3.9058,134,0.5585
-3.9047,134,0.5585
-3.9036,134,0.5585
-3.9025,134,0.5585
-3.9014,134,0.5585
-3.9003,134,0.5585
-3.8992,134,0.5585
-3.8981,134,0.5585
-3.897,134,0.5585
-3.8959,134,0.5585
-3.8948,134,0.5585
-3.8937,134,0.5585
-3.8926,134,0.5585
-3.8915,134,0.5585
-3.8904,134,0.5585
-3.8893,134,0.5585
-3.8882,134,0.5585
-3.8871,134,0.5585
-3.886,134,0.5585
-3.8849,134,0.5585
-3.8838,134,0.5585
-3.8827,134,0.5585
-3.8816,134,0.5585
-3.8805,134,0.5585
-3.8795,134,0.5585
-3.8784,134,0.5585
-3.8773,134,0.5585
-3.8762,134,0.5585
-3.8751,134,0.5585
-3.874,134,0.5585
-3.8729,134,0.5585
-3.8718,134,0.5585
-3.8707,134,0.5585
-3.8696,134,0.5585
-3.8685,134,0.5585
-3.8674,134,0.5585
-3.8663,134,0.5585
-3.8652,134,0.5585
-3.8642,134,0.5585
-3.8631,134,0.5585
-3.862,134,0.5585
-3.8609,134,0.5585
-3.8598,134,0.5585
-3.8587,134,0.5585
-3.8576,134,0.5585
-3.8565,134,0.5585
-3.8554,134,0.5585
-3.8544,134,0.5585
-3.8533,134,0.5585
-3.8522,134,0.5585
-3.8511,134,0.5585
-3.85,134,0.5585
-3.8489,134,0.5585
-3.8478,134,0.5585
-3.8468,134,0.5585
-3.8457,134,0.5585
-3.8446,134,0.5585
-3.8435,134,0.5585
-3.8424,134,0.5585
-3.8413,134,0.5585
-3.8403,134,0.5585
-3.8392,134,0.5585
-3.8381,134,0.5585
-3.837,134,0.5585
-3.8359,134,0.5585
-3.8348,134,0.5585
-3.8338,134,0.5585
-3.8327,134,0.5585
-3.8316,134,0.5585
-3.8305,134,0.5585
-3.8294,134,0.5585
-3.8284,134,0.5585
-3.8273,134,0.5585
-3.8262,134,0.5585
-3.8251,134,0.5585
-3.824,134,0.5585
-3.823,134,0.5585
-3.8219,134,0.5585
-3.8208,134,0.5585
-3.8197,134,0.5585
-3.8187,134,0.5585
-3.8176,134,0.5585
-3.8165,134,0.5585
-3.8154,134,0.5585
-3.8144,134,0.5585
-3.8133,134,0.5585
-3.8122,134,0.5585
-3.8111,134,0.5585
-3.8101,134,0.5585
-3.809,134,0.5585
-3.8079,134,0.5585
-3.8068,134,0.5585
-3.8058,134,0.5585
-3.8047,134,0.5585
-3.8036,134,0.5585
-3.8025,134,0.5585
-3.8015,134,0.5585
-3.8004,134,0.5585
-3.7993,134,0.5585
-3.7983,134,0.5585
-3.7972,134,0.5585
-3.7961,134,0.5585
-3.7951,134,0.5585
-3.794,134,0.5585
-3.7929,134,0.5585
-3.7918,134,0.5585
-3.7908,134,0.5585
-3.7897,134,0.5585
-3.7886,134,0.5585
-3.7876,134,0.5585
-3.7865,134,0.5585
-3.7854,134,0.5585
-3.7844,134,0.5585
-3.7833,134,0.5585
-3.7822,134,0.5585
-3.7812,134,0.5585
-3.7801,134,0.5585
-3.7791,134,0.5585
-3.778,134,0.5585
-3.7769,134,0.5585
-3.7759,134,0.5585
-3.7748,134,0.5585
-3.7737,134,0.5585
-3.7727,134,0.5585
-3.7716,134,0.5585
-3.7705,134,0.5585
-3.7695,134,0.5585
-3.7684,134,0.5585
-3.7674,134,0.5585
-3.7663,134,0.5585
-3.7652,134,0.5585
-3.7642,134,0.5585
-3.7631,134,0.5585
-3.7621,134,0.5585
-3.761,134,0.5585
-3.7599,134,0.5585
-3.7589,134,0.5585
-3.7578,134,0.5585
-3.7568,134,0.5585
-3.7557,134,0.5585
-3.7547,134,0.5585
-3.7536,134,0.5585
-3.7525,134,0.5585
-3.7515,134,0.5585
-3.7504,134,0.5585
-3.7494,134,0.5585
-3.7483,134,0.5585
-3.7473,134,0.5585
-3.7462,134,0.5585
-3.7452,134,0.5585
-3.7441,134,0.5585
-3.743,134,0.5585
-3.742,134,0.5585
-3.7409,134,0.5585
-3.7399,134,0.5585
-3.7388,134,0.5585
-3.7378,134,0.5585
-3.7367,134,0.5585
-3.7357,134,0.5585
-3.7346,134,0.5585
-3.7336,134,0.5585
-3.7325,134,0.5585
-3.7315,134,0.5585
-3.7304,134,0.5585
-3.7294,134,0.5585
-3.7283,134,0.5585
-3.7273,134,0.5585
-3.7262,134,0.5585
-3.7252,134,0.5585
-3.7241,134,0.5585
-3.7231,134,0.5585
-3.722,134,0.5585
-3.721,134,0.5585
-3.7199,134,0.5585
-3.7189,134,0.5585
-3.7178,134,0.5585
-3.7168,134,0.5585
-3.7158,134,0.5585
-3.7147,134,0.5585
-3.7137,134,0.5585
-3.7126,134,0.5585
-3.7116,134,0.5585
-3.7105,134,0.5585
-3.7095,134,0.5585
-3.7084,134,0.5585
-3.7074,134,0.5585
-3.7064,134,0.5585
-3.7053,134,0.5585
-3.7043,134,0.5585
-3.7032,134,0.5585
-3.7022,134,0.5585
-3.7012,134,0.5585
-3.7001,134,0.5585
-3.6991,134,0.5585
-3.698,134,0.5585
-3.697,134,0.5585
-3.696,134,0.5585
-3.6949,134,0.5585
-3.6939,134,0.5585
-3.6928,134,0.5585
-3.6918,134,0.5585
-3.6908,134,0.5585
-3.6897,134,0.5585
-3.6887,134,0.5585
-3.6876,134,0.5585
-3.6866,134,0.5585
-3.6856,134,0.5585
-3.6845,134,0.5585
-3.6835,134,0.5585
-3.6825,134,0.5585
-3.6814,134,0.5585
-3.6804,134,0.5585
-3.6794,134,0.5585
-3.6783,134,0.5585
-3.6773,134,0.5585
-3.6763,134,0.5585
-3.6752,134,0.5585
-3.6742,134,0.5585
-3.6732,134,0.5585
-3.6721,134,0.5585
-3.6711,134,0.5585
-3.6701,134,0.5585
-3.669,134,0.5585
-3.668,134,0.5585
-3.667,134,0.5585
-3.6659,134,0.5585
-3.6649,134,0.5585
-3.6639,134,0.5585
-3.6628,134,0.5585
-3.6618,134,0.5585
-3.6608,134,0.5585
-3.6598,134,0.5585
-3.6587,134,0.5585
-3.6577,134,0.5585
-3.6567,134,0.5585
-3.6556,134,0.5585
-3.6546,134,0.5585
-3.6536,134,0.5585
-3.6526,134,0.5585
-3.6515,134,0.5585
-3.6505,134,0.5585
-3.6495,134,0.5585
-3.6485,134,0.5585
-3.6474,134,0.5585
-3.6464,134,0.5585
-3.6454,134,0.5585
-3.6444,134,0.5585
-3.6433,134,0.5585
-3.6423,134,0.5585
-3.6413,134,0.5585
-3.6403,134,0.5585
-3.6393,134,0.5585
-3.6382,134,0.5585
-3.6372,134,0.5585
-3.6362,134,0.5585
-3.6352,134,0.5585
-3.6341,134,0.5585
-3.6331,134,0.5585
-3.6321,134,0.5585
-3.6311,134,0.5585
-3.6301,134,0.5585
-3.629,134,0.5585
-3.628,134,0.5585
-3.627,134,0.5585
-3.626,134,0.5585
-3.625,134,0.5585
-3.6239,134,0.5585
-3.6229,134,0.5585
-3.6219,134,0.5585
-3.6209,134,0.5585
-3.6199,134,0.5585
-3.6189,134,0.5585
-3.6178,134,0.5585
-3.6168,134,0.5585
-3.6158,134,0.5585
-3.6148,134,0.5585
-3.6138,134,0.5585
-3.6128,134,0.5585
-3.6118,134,0.5585
-3.6107,134,0.5585
-3.6097,134,0.5585
-3.6087,134,0.5585
-3.6077,134,0.5585
-3.6067,134,0.5585
-3.6057,134,0.5585
-3.6047,134,0.5585
-3.6037,134,0.5585
-3.6026,134,0.5585
-3.6016,134,0.5585
-3.6006,134,0.5585
-3.5996,134,0.5585
-3.5986,134,0.5585
-3.5976,134,0.5585
-3.5966,134,0.5585
-3.5956,134,0.5585
-3.5946,134,0.5585
-3.5936,134,0.5585
-3.5925,134,0.5585
-3.5915,134,0.5585
-3.5905,134,0.5585
-3.5895,134,0.5585
-3.5885,134,0.5585
-3.5875,134,0.5585
-3.5865,134,0.5585
-3.5855,134,0.5585
-3.5845,134,0.5585
-3.5835,134,0.5585
-3.5825,134,0.5585
-3.5815,134,0.5585
-3.5805,134,0.5585
-3.5795,134,0.5585
-3.5785,134,0.5585
-3.5775,134,0.5585
-3.5764,134,0.5585
-3.5754,134,0.5585
-3.5744,134,0.5585
-3.5734,134,0.5585
-3.5724,134,0.5585
-3.5714,134,0.5585
-3.5704,134,0.5585
-3.5694,134,0.5585
-3.5684,134,0.5585
-3.5674,134,0.5585
-3.5664,134,0.5585
-3.5654,134,0.5585
-3.5644,134,0.5585
-3.5634,134,0.5585
-3.5624,134,0.5585
-3.5614,134,0.5585
-3.5604,134,0.5585
-3.5594,134,0.5585
-3.5584,134,0.5585
-3.5574,134,0.5585
-3.5564,134,0.5585
-3.5554,134,0.5585
-3.5544,134,0.5585
-3.5534,134,0.5585
-3.5524,134,0.5585
-3.5515,134,0.5585
-3.5505,134,0.5585
-3.5495,134,0.5585
-3.5485,134,0.5585
-3.5475,134,0.5585
-3.5465,134,0.5585
-3.5455,134,0.5585
-3.5445,134,0.5585
-3.5435,134,0.5585
-3.5425,134,0.5585
-3.5415,134,0.5585
-3.5405,134,0.5585
-3.5395,134,0.5585
-3.5385,134,0.5585
-3.5375,134,0.5585
-3.5365,134,0.5585
-3.5356,134,0.5585
-3.5346,134,0.5585
-3.5336,134,0.5585
-3.5326,134,0.5585
-3.5316,134,0.5585
-3.5306,134,0.5585
-3.5296,134,0.5585
-3.5286,134,0.5585
-3.5276,134,0.5585
-3.5266,134,0.5585
-3.5257,134,0.5585
-3.5247,134,0.5585
-3.5237,134,0.5585
-3.5227,134,0.5585
-3.5217,134,0.5585
-3.5207,134,0.5585
-3.5197,134,0.5585
-3.5187,134,0.5585
-3.5178,134,0.5585
-3.5168,134,0.5585
-3.5158,134,0.5585
-3.5148,134,0.5585
-3.5138,134,0.5585
-3.5128,134,0.5585
-3.5118,134,0.5585
-3.5109,134,0.5585
-3.5099,134,0.5585
-3.5089,134,0.5585
-3.5079,134,0.5585
-3.5069,134,0.5585
-3.5059,134,0.5585
-3.505,134,0.5585
-3.504,134,0.5585
-3.503,134,0.5585
-3.502,134,0.5585
-3.501,134,0.5585
-3.5001,134,0.5585
-3.4991,134,0.5585
-3.4981,134,0.5585
-3.4971,134,0.5585
-3.4961,134,0.5585
-3.4952,134,0.5585
-3.4942,134,0.5585
-3.4932,134,0.5585
-3.4922,134,0.5585
-3.4912,134,0.5585
-3.4903,134,0.5585
-3.4893,134,0.5585
-3.4883,134,0.5585
-3.4873,134,0.5585
-3.4863,134,0.5585
-3.4854,134,0.5585
-3.4844,134,0.5585
-3.4834,134,0.5585
-3.4824,134,0.5585
-3.4815,134,0.5585
-3.4805,134,0.5585
-3.4795,134,0.5585
-3.4785,134,0.5585
-3.4776,134,0.5585
-3.4766,134,0.5585
-3.4756,134,0.5585
-3.4746,134,0.5585
-3.4737,134,0.5585
-3.4727,134,0.5585
-3.4717,134,0.5585
-3.4708,134,0.5585
-3.4698,134,0.5585
-3.4688,134,0.5585
-3.4678,134,0.5585
-3.4669,134,0.5585
-3.4659,134,0.5585
-3.4649,134,0.5585
-3.464,134,0.5585
-3.463,134,0.5585
-3.462,134,0.5585
-3.4611,134,0.5585
-3.4601,134,0.5585
-3.4591,134,0.5585
-3.4581,134,0.5585
-3.4572,134,0.5585
-3.4562,134,0.5585
-3.4552,134,0.5585
-3.4543,134,0.5585
-3.4533,134,0.5585
-3.4523,134,0.5585
-3.4514,134,0.5585
-3.4504,134,0.5585
-3.4494,134,0.5585
-3.4485,134,0.5585
-3.4475,134,0.5585
-3.4465,134,0.5585
-3.4456,134,0.5585
-3.4446,134,0.5585
-3.4437,134,0.5585
-3.4427,134,0.5585
-3.4417,134,0.5585
-3.4408,134,0.5585
-3.4398,134,0.5585
-3.4388,134,0.5585
-3.4379,134,0.5585
-3.4369,134,0.5585
-3.436,134,0.5585
-3.435,134,0.5585
-3.434,134,0.5585
-3.4331,134,0.5585
-3.4321,134,0.5585
-3.4311,134,0.5585
-3.4302,134,0.5585
-3.4292,134,0.5585
-3.4283,134,0.5585
-3.4273,134,0.5585
-3.4263,134,0.5585
-3.4254,134,0.5585
-3.4244,134,0.5585
-3.4235,134,0.5585
-3.4225,134,0.5585
-3.4216,134,0.5585
-3.4206,134,0.5585
-3.4196,134,0.5585
-3.4187,134,0.5585
-3.4177,134,0.5585
-3.4168,134,0.5585
-3.4158,134,0.5585
-3.4149,134,0.5585
-3.4139,134,0.5585
-3.413,134,0.5585
-3.412,134,0.5585
-3.411,134,0.5585
-3.4101,134,0.5585
-3.4091,134,0.5585
-3.4082,134,0.5585
-3.4072,134,0.5585
-3.4063,134,0.5585
-3.4053,134,0.5585
-3.4044,134,0.5585
-3.4034,134,0.5585
-3.4025,134,0.5585
-3.4015,134,0.5585
-3.4006,134,0.5585
-3.3996,134,0.5585
-3.3987,134,0.5585
-3.3977,134,0.5585
-3.3968,134,0.5585
-3.3958,134,0.5585
-3.3949,134,0.5585
-3.3939,134,0.5585
-3.393,134,0.5585
-3.392,134,0.5585
-3.3911,134,0.5585
-3.3901,134,0.5585
-3.3892,134,0.5585
-3.3882,134,0.5585
-3.3873,134,0.5585
-3.3863,134,0.5585
-3.3854,134,0.5585
-3.3844,134,0.5585
-3.3835,134,0.5585
-3.3825,134,0.5585
-3.3816,134,0.5585
-3.3806,134,0.5585
-3.3797,134,0.5585
-3.3788,134,0.5585
-3.3778,134,0.5585
-3.3769,134,0.5585
-3.3759,134,0.5585
-3.375,134,0.5585
-3.374,134,0.5585
-3.3731,134,0.5585
-3.3722,134,0.5585
-3.3712,134,0.5585
-3.3703,134,0.5585
-3.3693,134,0.5585
-3.3684,134,0.5585
-3.3674,134,0.5585
-3.3665,134,0.5585
-3.3656,134,0.5585
-3.3646,134,0.5585
-3.3637,134,0.5585
-3.3627,134,0.5585
-3.3618,134,0.5585
-3.3609,134,0.5585
-3.3599,134,0.5585
-3.359,134,0.5585
-3.358,134,0.5585
-3.3571,134,0.5585
-3.3562,134,0.5585
-3.3552,134,0.5585
-3.3543,134,0.5585
-3.3534,134,0.5585
-3.3524,134,0.5585
-3.3515,134,0.5585
-3.3505,134,0.5585
-3.3496,134,0.5585
-3.3487,134,0.5585
-3.3477,134,0.5585
-3.3468,134,0.5585
-3.3459,134,0.5585
-3.3449,134,0.5585
-3.344,134,0.5585
-3.3431,134,0.5585
-3.3421,134,0.5585
-3.3412,134,0.5585
-3.3403,134,0.5585
-3.3393,134,0.5585
-3.3384,134,0.5585
-3.3375,134,0.5585
-3.3365,134,0.5585
-3.3356,134,0.5585
-3.3347,134,0.5585
-3.3337,134,0.5585
-3.3328,134,0.5585
-3.3319,134,0.5585
-3.3309,134,0.5585
-3.33,134,0.5585
-3.3291,134,0.5585
-3.3282,134,0.5585
-3.3272,134,0.5585
-3.3263,134,0.5585
-3.3254,134,0.5585
-3.3244,134,0.5585
-3.3235,134,0.5585
-3.3226,134,0.5585
-3.3216,134,0.5585
-3.3207,134,0.5585
-3.3198,134,0.5585
-3.3189,134,0.5585
-3.3179,134,0.5585
-3.317,134,0.5585
-3.3161,134,0.5585
-3.3152,134,0.5585
-3.3142,134,0.5585
-3.3133,134,0.5585
-3.3124,134,0.5585
-3.3115,134,0.5585
-3.3105,134,0.5585
-3.3096,134,0.5585
-3.3087,134,0.5585
-3.3078,134,0.5585
-3.3068,134,0.5585
-3.3059,134,0.5585
-3.305,134,0.5585
-3.3041,134,0.5585
-3.3031,134,0.5585
-3.3022,134,0.5585
-3.3013,134,0.5585
-3.3004,134,0.5585
-3.2995,134,0.5585
-3.2985,134,0.5585
-3.2976,134,0.5585
-3.2967,134,0.5585
-3.2958,134,0.5585
-3.2949,134,0.5585
-3.2939,134,0.5585
-3.293,134,0.5585
-3.2921,134,0.5585
-3.2912,134,0.5585
-3.2903,134,0.5585
-3.2893,134,0.5585
-3.2884,134,0.5585
-3.2875,134,0.5585
-3.2866,134,0.5585
-3.2857,134,0.5585
-3.2848,134,0.5585
-3.2838,134,0.5585
-3.2829,134,0.5585
-3.282,134,0.5585
-3.2811,134,0.5585
-3.2802,134,0.5585
-3.2793,134,0.5585
-3.2783,134,0.5585
-3.2774,134,0.5585
-3.2765,134,0.5585
-3.2756,134,0.5585
-3.2747,134,0.5585
-3.2738,134,0.5585
-3.2729,134,0.5585
-3.2719,134,0.5585
-3.271,134,0.5585
-3.2701,134,0.5585
-3.2692,134,0.5585
-3.2683,134,0.5585
-3.2674,134,0.5585
-3.2665,134,0.5585
-3.2656,134,0.5585
-3.2646,134,0.5585
-3.2637,134,0.5585
-3.2628,134,0.5585
-3.2619,134,0.5585
-3.261,134,0.5585
-3.2601,134,0.5585
-3.2592,134,0.5585
-3.2583,134,0.5585
-3.2574,134,0.5585
-3.2565,134,0.5585
-3.2556,134,0.5585
-3.2546,134,0.5585
-3.2537,134,0.5585
-3.2528,134,0.5585
-3.2519,134,0.5585
-3.251,134,0.5585
-3.2501,134,0.5585
-3.2492,134,0.5585
-3.2483,134,0.5585
-3.2474,134,0.5585
-3.2465,134,0.5585
-3.2456,134,0.5585
-3.2447,134,0.5585
-3.2438,134,0.5585
-3.2429,134,0.5585
-3.242,134,0.5585
-3.2411,134,0.5585
-3.2401,134,0.5585
-3.2392,134,0.5585
-3.2383,134,0.5585
-3.2374,134,0.5585
-3.2365,134,0.5585
-3.2356,134,0.5585
-3.2347,134,0.5585
-3.2338,134,0.5585
-3.2329,134,0.5585
-3.232,134,0.5585
-3.2311,134,0.5585
-3.2302,134,0.5585
-3.2293,134,0.5585
-3.2284,134,0.5585
-3.2275,134,0.5585
-3.2266,134,0.5585
-3.2257,134,0.5585
-3.2248,134,0.5585
-3.2239,134,0.5585
-3.223,134,0.5585
-3.2221,134,0.5585
-3.2212,134,0.5585
-3.2203,134,0.5585
-3.2194,134,0.5585
-3.2185,134,0.5585
-3.2176,134,0.5585
-3.2167,134,0.5585
-3.2158,134,0.5585
-3.2149,134,0.5585
-3.2141,134,0.5585
-3.2132,134,0.5585
-3.2123,134,0.5585
-3.2114,134,0.5585
-3.2105,134,0.5585
-3.2096,134,0.5585
-3.2087,134,0.5585
-3.2078,134,0.5585
-3.2069,134,0.5585
-3.206,134,0.5585
-3.2051,134,0.5585
-3.2042,134,0.5585
-3.2033,134,0.5585
-3.2024,134,0.5585
-3.2015,134,0.5585
-3.2006,134,0.5585
-3.1997,134,0.5585
-3.1989,134,0.5585
-3.198,134,0.5585
-3.1971,134,0.5585
-3.1962,134,0.5585
-3.1953,134,0.5585
-3.1944,134,0.5585
-3.1935,134,0.5585
-3.1926,134,0.5585
-3.1917,134,0.5585
-3.1908,134,0.5585
-3.19,134,0.5585
-3.1891,134,0.5585
-3.1882,134,0.5585
-3.1873,134,0.5585
-3.1864,134,0.5585
-3.1855,134,0.5585
-3.1846,134,0.5585
-3.1837,134,0.5585
-3.1829,134,0.5585
-3.182,134,0.5585
-3.1811,134,0.5585
-3.1802,134,0.5585
-3.1793,134,0.5585
-3.1784,134,0.5585
-3.1775,134,0.5585
-3.1766,134,0.5585
-3.1758,134,0.5585
-3.1749,134,0.5585
-3.174,134,0.5585
-3.1731,134,0.5585
-3.1722,134,0.5585
-3.1713,134,0.5585
-3.1705,134,0.5585
-3.1696,134,0.5585
-3.1687,134,0.5585
-3.1678,134,0.5585
-3.1669,134,0.5585
-3.166,134,0.5585
-3.1652,134,0.5585
-3.1643,134,0.5585
-3.1634,134,0.5585
-3.1625,134,0.5585
-3.1616,134,0.5585
-3.1608,134,0.5585
-3.1599,134,0.5585
-3.159,134,0.5585
-3.1581,134,0.5585
-3.1572,134,0.5585
-3.1564,134,0.5585
-3.1555,134,0.5585
-3.1546,134,0.5585
-3.1537,134,0.5585
-3.1528,134,0.5585
-3.152,134,0.5585
-3.1511,134,0.5585
-3.1502,134,0.5585
-3.1493,134,0.5585
-3.1485,134,0.5585
-3.1476,134,0.5585
-3.1467,134,0.5585
-3.1458,134,0.5585
-3.145,134,0.5585
-3.1441,134,0.5585
-3.1432,134,0.5585
-3.1423,134,0.5585
-3.1415,134,0.5585
-3.1406,134,0.5585
-3.1397,134,0.5585
-3.1388,134,0.5585
-3.138,134,0.5585
-3.1371,134,0.5585
-3.1362,134,0.5585
-3.1353,134,0.5585
-3.1345,134,0.5585
-3.1336,134,0.5585
-3.1327,134,0.5585
-3.1318,134,0.5585
-3.131,134,0.5585
-3.1301,134,0.5585
-3.1292,134,0.5585
-3.1284,134,0.5585
-3.1275,134,0.5585
-3.1266,134,0.5585
-3.1258,134,0.5585
-3.1249,134,0.5585
-3.124,134,0.5585
-3.1231,134,0.5585
-3.1223,134,0.5585
-3.1214,134,0.5585
-3.1205,134,0.5585
-3.1197,134,0.5585
-3.1188,134,0.5585
-3.1179,134,0.5585
-3.1171,134,0.5585
-3.1162,134,0.5585
-3.1153,134,0.5585
-3.1145,134,0.5585
-3.1136,134,0.5585
-3.1127,134,0.5585
-3.1119,134,0.5585
-3.111,134,0.5585
-3.1101,134,0.5585
-3.1093,134,0.5585
-3.1084,134,0.5585
-3.1075,134,0.5585
-3.1067,134,0.5585
-3.1058,134,0.5585
-3.1049,134,0.5585
-3.1041,134,0.5585
-3.1032,134,0.5585
-3.1024,134,0.5585
-3.1015,134,0.5585
-3.1006,134,0.5585
-3.0998,134,0.5585
-3.0989,134,0.5585
-3.098,134,0.5585
-3.0972,134,0.5585
-3.0963,134,0.5585
-3.0955,134,0.5585
-3.0946,134,0.5585
-3.0937,134,0.5585
-3.0929,134,0.5585
-3.092,134,0.5585
-3.0912,134,0.5585
-3.0903,134,0.5585
-3.0894,134,0.5585
-3.0886,134,0.5585
-3.0877,134,0.5585
-3.0869,134,0.5585
-3.086,134,0.5585
-3.0851,134,0.5585
-3.0843,134,0.5585
-3.0834,134,0.5585
-3.0826,134,0.5585
-3.0817,134,0.5585
-3.0809,134,0.5585
-3.08,134,0.5585
-3.0791,134,0.5585
-3.0783,134,0.5585
-3.0774,134,0.5585
-3.0766,134,0.5585
-3.0757,134,0.5585
-3.0749,134,0.5585
-3.074,134,0.5585
-3.0731,134,0.5585
-3.0723,134,0.5585
-3.0714,134,0.5585
-3.0706,134,0.5585
-3.0697,134,0.5585
-3.0689,134,0.5585
-3.068,134,0.5585
-3.0672,134,0.5585
-3.0663,134,0.5585
-3.0655,134,0.5585
-3.0646,134,0.5585
-3.0638,134,0.5585
-3.0629,134,0.5585
-3.0621,134,0.5585
-3.0612,134,0.5585
-3.0604,134,0.5585
-3.0595,134,0.5585
-3.0587,134,0.5585
-3.0578,134,0.5585
-3.057,134,0.5585
-3.0561,134,0.5585
-3.0553,134,0.5585
-3.0544,134,0.5585
-3.0536,134,0.5585
-3.0527,134,0.5585
-3.0519,134,0.5585
-3.051,134,0.5585
-3.0502,134,0.5585
-3.0493,134,0.5585
-3.0485,134,0.5585
-3.0476,134,0.5585
-3.0468,134,0.5585
-3.0459,134,0.5585
-3.0451,134,0.5585
-3.0442,134,0.5585
-3.0434,134,0.5585
-3.0425,134,0.5585
-3.0417,134,0.5585
-3.0409,134,0.5585
-3.04,134,0.5585
-3.0392,134,0.5585
-3.0383,134,0.5585
-3.0375,134,0.5585
-3.0366,134,0.5585
-3.0358,134,0.5585
-3.0349,134,0.5585
-3.0341,134,0.5585
-3.0333,134,0.5585
-3.0324,134,0.5585
-3.0316,134,0.5585
-3.0307,134,0.5585
-3.0299,134,0.5585
-3.029,134,0.5585
-3.0282,134,0.5585
-3.0274,134,0.5585
-3.0265,134,0.5585
-3.0257,134,0.5585
-3.0248,134,0.5585
-3.024,134,0.5585
-3.0232,134,0.5585
-3.0223,134,0.5585
-3.0215,134,0.5585
-3.0206,134,0.5585
-3.0198,134,0.5585
-3.019,134,0.5585
-3.0181,134,0.5585
-3.0173,134,0.5585
-3.0164,134,0.5585
-3.0156,134,0.5585
-3.0148,134,0.5585
-3.0139,134,0.5585
-3.0131,134,0.5585
-3.0123,134,0.5585
-3.0114,134,0.5585
-3.0106,134,0.5585
-3.0097,134,0.5585
-3.0089,134,0.5585
-3.0081,134,0.5585
-3.0072,134,0.5585
-3.0064,134,0.5585
-3.0056,134,0.5585
-3.0047,134,0.5585
-3.0039,134,0.5585
-3.0031,134,0.5585
-3.0022,134,0.5585
-3.0014,134,0.5585
-3.0006,134,0.5585
-2.9997,134,0.5585
-2.9989,134,0.5585
-2.9981,134,0.5585
-2.9972,134,0.5585
-2.9964,134,0.5585
-2.9956,134,0.5585
-2.9947,134,0.5585
-2.9939,134,0.5585
-2.9931,134,0.5585
-2.9922,134,0.5585
-2.9914,134,0.5585
-2.9906,134,0.5585
-2.9897,134,0.5585
-2.9889,134,0.5585
-2.9881,134,0.5585
-2.9873,134,0.5585
-2.9864,134,0.5585
-2.9856,134,0.5585
-2.9848,134,0.5585
-2.9839,134,0.5585
-2.9831,134,0.5585
-2.9823,134,0.5585
-2.9815,134,0.5585
-2.9806,134,0.5585
-2.9798,134,0.5585
-2.979,134,0.5585
-2.9781,134,0.5585
-2.9773,134,0.5585
-2.9765,134,0.5585
-2.9757,134,0.5585
-2.9748,134,0.5585
-2.974,134,0.5585
-2.9732,134,0.5585
-2.9724,134,0.5585
-2.9715,134,0.5585
-2.9707,134,0.5585
-2.9699,134,0.5585
-2.9691,134,0.5585
-2.9682,134,0.5585
-2.9674,134,0.5585
-2.9666,134,0.5585
-2.9658,134,0.5585
-2.9649,134,0.5585
-2.9641,134,0.5585
-2.9633,134,0.5585
-2.9625,134,0.5585
-2.9617,134,0.5585
-2.9608,134,0.5585
-2.96,134,0.5585
-2.9592,134,0.5585
-2.9584,134,0.5585
-2.9576,134,0.5585
-2.9567,134,0.5585
-2.9559,134,0.5585
-2.9551,134,0.5585
-2.9543,134,0.5585
-2.9534,134,0.5585
-2.9526,134,0.5585
-2.9518,134,0.5585
-2.951,134,0.5585
-2.9502,134,0.5585
-2.9494,134,0.5585
-2.9485,134,0.5585
-2.9477,134,0.5585
-2.9469,134,0.5585
-2.9461,134,0.5585
-2.9453,134,0.5585
-2.9444,134,0.5585
-2.9436,134,0.5585
-2.9428,134,0.5585
-2.942,134,0.5585
-2.9412,134,0.5585
-2.9404,134,0.5585
-2.9395,134,0.5585
-2.9387,134,0.5585
-2.9379,134,0.5585
-2.9371,134,0.5585
-2.9363,134,0.5585
-2.9355,134,0.5585
-2.9347,134,0.5585
-2.9338,134,0.5585
-2.933,134,0.5585
-2.9322,134,0.5585
-2.9314,134,0.5585
-2.9306,134,0.5585
-2.9298,134,0.5585
-2.929,134,0.5585
-2.9282,134,0.5585
-2.9273,134,0.5585
-2.9265,134,0.5585
-2.9257,134,0.5585
-2.9249,134,0.5585
-2.9241,134,0.5585
-2.9233,134,0.5585
-2.9225,134,0.5585
-2.9217,134,0.5585
-2.9209,134,0.5585
-2.92,134,0.5585
-2.9192,134,0.5585
-2.9184,134,0.5585
-2.9176,134,0.5585
-2.9168,134,0.5585
-2.916,134,0.5585
-2.9152,134,0.5585
-2.9144,134,0.5585
-2.9136,134,0.5585
-2.9128,134,0.5585
-2.912,134,0.5585
-2.9111,134,0.5585
-2.9103,134,0.5585
-2.9095,134,0.5585
-2.9087,134,0.5585
-2.9079,134,0.5585
-2.9071,134,0.5585
-2.9063,134,0.5585
-2.9055,134,0.5585
-2.9047,134,0.5585
-2.9039,134,0.5585
-2.9031,134,0.5585
-2.9023,134,0.5585
-2.9015,134,0.5585
-2.9007,134,0.5585
-2.8999,134,0.5585
-2.8991,134,0.5585
-2.8983,134,0.5585
-2.8975,134,0.5585
-2.8967,134,0.5585
-2.8958,134,0.5585
-2.895,134,0.5585
-2.8942,134,0.5585
-2.8934,134,0.5585
-2.8926,134,0.5585
-2.8918,134,0.5585
-2.891,134,0.5585
-2.8902,134,0.5585
-2.8894,134,0.5585
-2.8886,134,0.5585
-2.8878,134,0.5585
-2.887,134,0.5585
-2.8862,134,0.5585
-2.8854,134,0.5585
-2.8846,134,0.5585
-2.8838,134,0.5585
-2.883,134,0.5585
-2.8822,134,0.5585
-2.8814,134,0.5585
-2.8806,134,0.5585
-2.8798,134,0.5585
-2.879,134,0.5585
-2.8782,134,0.5585
-2.8774,134,0.5585
-2.8766,134,0.5585
-2.8758,134,0.5585
-2.8751,134,0.5585
-2.8743,134,0.5585
-2.8735,134,0.5585
-2.8727,134,0.5585
-2.8719,134,0.5585
-2.8711,134,0.5585
-2.8703,134,0.5585
-2.8695,134,0.5585
-2.8687,134,0.5585
-2.8679,134,0.5585
-2.8671,134,0.5585
-2.8663,134,0.5585
-2.8655,134,0.5585
-2.8647,134,0.5585
-2.8639,134,0.5585
-2.8631,134,0.5585
-2.8623,134,0.5585
-2.8615,134,0.5585
-2.8607,134,0.5585
-2.86,134,0.5585
-2.8592,134,0.5585
-2.8584,134,0.5585
-2.8576,134,0.5585
-2.8568,134,0.5585
-2.856,134,0.5585
-2.8552,134,0.5585
-2.8544,134,0.5585
-2.8536,134,0.5585
-2.8528,134,0.5585
-2.852,134,0.5585
-2.8512,134,0.5585
-2.8505,134,0.5585
-2.8497,134,0.5585
-2.8489,134,0.5585
-2.8481,134,0.5585
-2.8473,134,0.5585
-2.8465,134,0.5585
-2.8457,134,0.5585
-2.8449,134,0.5585
-2.8441,134,0.5585
-2.8434,134,0.5585
-2.8426,134,0.5585
-2.8418,134,0.5585
-2.841,134,0.5585
-2.8402,134,0.5585
-2.8394,134,0.5585
-2.8386,134,0.5585
-2.8379,134,0.5585
-2.8371,134,0.5585
-2.8363,134,0.5585
-2.8355,134,0.5585
-2.8347,134,0.5585
-2.8339,134,0.5585
-2.8331,134,0.5585
-2.8324,134,0.5585
-2.8316,134,0.5585
-2.8308,134,0.5585
-2.83,134,0.5585
-2.8292,134,0.5585
-2.8284,134,0.5585
-2.8277,134,0.5585
-2.8269,134,0.5585
-2.8261,134,0.5585
-2.8253,134,0.5585
-2.8245,134,0.5585
-2.8237,134,0.5585
-2.823,134,0.5585
-2.8222,134,0.5585
-2.8214,134,0.5585
-2.8206,134,0.5585
-2.8198,134,0.5585
-2.8191,134,0.5585
-2.8183,134,0.5585
-2.8175,134,0.5585
-2.8167,134,0.5585
-2.8159,134,0.5585
-2.8152,134,0.5585
-2.8144,134,0.5585
-2.8136,134,0.5585
-2.8128,134,0.5585
-2.812,134,0.5585
-2.8113,134,0.5585
-2.8105,134,0.5585
-2.8097,134,0.5585
-2.8089,134,0.5585
-2.8081,134,0.5585
-2.8074,134,0.5585
-2.8066,134,0.5585
-2.8058,134,0.5585
-2.805,134,0.5585
-2.8043,134,0.5585
-2.8035,134,0.5585
-2.8027,134,0.5585
-2.8019,134,0.5585
-2.8012,134,0.5585
-2.8004,134,0.5585
-2.7996,134,0.5585
-2.7988,134,0.5585
-2.7981,134,0.5585
-2.7973,134,0.5585
-2.7965,134,0.5585
-2.7957,134,0.5585
-2.795,134,0.5585
-2.7942,134,0.5585
-2.7934,134,0.5585
-2.7926,134,0.5585
-2.7919,134,0.5585
-2.7911,134,0.5585
-2.7903,134,0.5585
-2.7895,134,0.5585
-2.7888,134,0.5585
-2.788,134,0.5585
-2.7872,134,0.5585
-2.7865,134,0.5585
-2.7857,134,0.5585
-2.7849,134,0.5585
-2.7841,134,0.5585
-2.7834,134,0.5585
-2.7826,134,0.5585
-2.7818,134,0.5585
-2.7811,134,0.5585
-2.7803,134,0.5585
-2.7795,134,0.5585
-2.7788,134,0.5585
-2.778,134,0.5585
-2.7772,134,0.5585
-2.7765,134,0.5585
-2.7757,134,0.5585
-2.7749,134,0.5585
-2.7742,134,0.5585
-2.7734,134,0.5585
-2.7726,134,0.5585
-2.7718,134,0.5585
-2.7711,134,0.5585
-2.7703,134,0.5585
-2.7695,134,0.5585
-2.7688,134,0.5585
-2.768,134,0.5585
-2.7673,134,0.5585
-2.7665,134,0.5585
-2.7657,134,0.5585
-2.765,134,0.5585
-2.7642,134,0.5585
-2.7634,134,0.5585
-2.7627,134,0.5585
-2.7619,134,0.5585
-2.7611,134,0.5585
-2.7604,134,0.5585
-2.7596,134,0.5585
-2.7588,134,0.5585
-2.7581,134,0.5585
-2.7573,134,0.5585
-2.7566,134,0.5585
-2.7558,134,0.5585
-2.755,134,0.5585
-2.7543,134,0.5585
-2.7535,134,0.5585
-2.7527,134,0.5585
-2.752,134,0.5585
-2.7512,134,0.5585
-2.7505,134,0.5585
-2.7497,134,0.5585
-2.7489,134,0.5585
-2.7482,134,0.5585
-2.7474,134,0.5585
-2.7467,134,0.5585
-2.7459,134,0.5585
-2.7451,134,0.5585
-2.7444,134,0.5585
-2.7436,134,0.5585
-2.7429,134,0.5585
-2.7421,134,0.5585
-2.7413,134,0.5585
-2.7406,134,0.5585
-2.7398,134,0.5585
-2.7391,134,0.5585
-2.7383,134,0.5585
-2.7376,134,0.5585
-2.7368,134,0.5585
-2.736,134,0.5585
-2.7353,134,0.5585
-2.7345,134,0.5585
-2.7338,134,0.5585
-2.733,134,0.5585
-2.7323,134,0.5585
-2.7315,134,0.5585
-2.7308,134,0.5585
-2.73,134,0.5585
-2.7292,134,0.5585
-2.7285,134,0.5585
-2.7277,134,0.5585
-2.727,134,0.5585
-2.7262,134,0.5585
-2.7255,134,0.5585
-2.7247,134,0.5585
-2.724,134,0.5585
-2.7232,134,0.5585
-2.7225,134,0.5585
-2.7217,134,0.5585
-2.721,134,0.5585
-2.7202,134,0.5585
-2.7195,134,0.5585
-2.7187,134,0.5585
-2.718,134,0.5585
-2.7172,134,0.5585
-2.7164,134,0.5585
-2.7157,134,0.5585
-2.7149,134,0.5585
-2.7142,134,0.5585
-2.7134,134,0.5585
-2.7127,134,0.5585
-2.7119,134,0.5585
-2.7112,134,0.5585
-2.7104,134,0.5585
-2.7097,134,0.5585
-2.7089,134,0.5585
-2.7082,134,0.5585
-2.7075,134,0.5585
-2.7067,134,0.5585
-2.706,134,0.5585
-2.7052,134,0.5585
-2.7045,134,0.5585
-2.7037,134,0.5585
-2.703,134,0.5585
-2.7022,134,0.5585
-2.7015,134,0.5585
-2.7007,134,0.5585
-2.7,134,0.5585
-2.6992,134,0.5585
-2.6985,134,0.5585
-2.6977,134,0.5585
-2.697,134,0.5585
-2.6963,134,0.5585
-2.6955,134,0.5585
-2.6948,134,0.5585
-2.694,134,0.5585
-2.6933,134,0.5585
-2.6925,134,0.5585
-2.6918,134,0.5585
-2.691,134,0.5585
-2.6903,134,0.5585
-2.6896,134,0.5585
-2.6888,134,0.5585
-2.6881,134,0.5585
-2.6873,134,0.5585
-2.6866,134,0.5585
-2.6858,134,0.5585
-2.6851,134,0.5585
-2.6844,134,0.5585
-2.6836,134,0.5585
-2.6829,134,0.5585
-2.6821,134,0.5585
-2.6814,134,0.5585
-2.6807,134,0.5585
-2.6799,134,0.5585
-2.6792,134,0.5585
-2.6784,134,0.5585
-2.6777,134,0.5585
-2.677,134,0.5585
-2.6762,134,0.5585
-2.6755,134,0.5585
-2.6747,134,0.5585
-2.674,134,0.5585
-2.6733,134,0.5585
-2.6725,134,0.5585
-2.6718,134,0.5585
-2.671,134,0.5585
-2.6703,134,0.5585
-2.6696,134,0.5585
-2.6688,134,0.5585
-2.6681,134,0.5585
-2.6674,134,0.5585
-2.6666,134,0.5585
-2.6659,134,0.5585
-2.6651,134,0.5585
-2.6644,134,0.5585
-2.6637,134,0.5585
-2.6629,134,0.5585
-2.6622,134,0.5585
-2.6615,134,0.5585
-2.6607,134,0.5585
-2.66,134,0.5585
-2.6593,134,0.5585
-2.6585,134,0.5585
-2.6578,134,0.5585
-2.6571,134,0.5585
-2.6563,134,0.5585
-2.6556,134,0.5585
-2.6549,134,0.5585
-2.6541,134,0.5585
-2.6534,134,0.5585
-2.6527,134,0.5585
-2.6519,134,0.5585
-2.6512,134,0.5585
-2.6505,134,0.5585
-2.6497,134,0.5585
-2.649,134,0.5585
-2.6483,134,0.5585
-2.6475,134,0.5585
-2.6468,134,0.5585
-2.6461,134,0.5585
-2.6453,134,0.5585
-2.6446,134,0.5585
-2.6439,134,0.5585
-2.6432,134,0.5585
-2.6424,134,0.5585
-2.6417,134,0.5585
-2.641,134,0.5585
-2.6402,134,0.5585
-2.6395,134,0.5585
-2.6388,134,0.5585
-2.6381,134,0.5585
-2.6373,134,0.5585
-2.6366,134,0.5585
-2.6359,134,0.5585
-2.6351,134,0.5585
-2.6344,134,0.5585
-2.6337,134,0.5585
-2.633,134,0.5585
-2.6322,134,0.5585
-2.6315,134,0.5585
-2.6308,134,0.5585
-2.6301,134,0.5585
-2.6293,134,0.5585
-2.6286,134,0.5585
-2.6279,134,0.5585
-2.6272,134,0.5585
-2.6264,134,0.5585
-2.6257,134,0.5585
-2.625,134,0.5585
-2.6243,134,0.5585
-2.6235,134,0.5585
-2.6228,134,0.5585
-2.6221,134,0.5585
-2.6214,134,0.5585
-2.6206,134,0.5585
-2.6199,134,0.5585
-2.6192,134,0.5585
-2.6185,134,0.5585
-2.6177,134,0.5585
-2.617,134,0.5585
-2.6163,134,0.5585
-2.6156,134,0.5585
-2.6149,134,0.5585
-2.6141,134,0.5585
-2.6134,134,0.5585
-2.6127,134,0.5585
-2.612,134,0.5585
-2.6112,134,0.5585
-2.6105,134,0.5585
-2.6098,134,0.5585
-2.6091,134,0.5585
-2.6084,134,0.5585
-2.6076,134,0.5585
-2.6069,134,0.5585
-2.6062,134,0.5585
-2.6055,134,0.5585
-2.6048,134,0.5585
-2.6041,134,0.5585
-2.6033,134,0.5585
-2.6026,134,0.5585
-2.6019,134,0.5585
-2.6012,134,0.5585
-2.6005,134,0.5585
-2.5997,134,0.5585
-2.599,134,0.5585
-2.5983,134,0.5585
-2.5976,134,0.5585
-2.5969,134,0.5585
-2.5962,134,0.5585
-2.5954,134,0.5585
-2.5947,134,0.5585
-2.594,134,0.5585
-2.5933,134,0.5585
-2.5926,134,0.5585
-2.5919,134,0.5585
-2.5911,134,0.5585
-2.5904,134,0.5585
-2.5897,134,0.5585
-2.589,134,0.5585
-2.5883,134,0.5585
-2.5876,134,0.5585
-2.5869,134,0.5585
-2.5862,134,0.5585
-2.5854,134,0.5585
-2.5847,134,0.5585
-2.584,134,0.5585
-2.5833,134,0.5585
-2.5826,134,0.5585
-2.5819,134,0.5585
-2.5812,134,0.5585
-2.5805,134,0.5585
-2.5797,134,0.5585
-2.579,134,0.5585
-2.5783,134,0.5585
-2.5776,134,0.5585
-2.5769,134,0.5585
-2.5762,134,0.5585
-2.5755,134,0.5585
-2.5748,134,0.5585
-2.5741,134,0.5585
-2.5733,134,0.5585
-2.5726,134,0.5585
-2.5719,134,0.5585
-2.5712,134,0.5585
-2.5705,134,0.5585
-2.5698,134,0.5585
-2.5691,134,0.5585
-2.5684,134,0.5585
-2.5677,134,0.5585
-2.567,134,0.5585
-2.5663,134,0.5585
-2.5655,134,0.5585
-2.5648,134,0.5585
-2.5641,134,0.5585
-2.5634,134,0.5585
-2.5627,134,0.5585
-2.562,134,0.5585
-2.5613,134,0.5585
-2.5606,134,0.5585
-2.5599,134,0.5585
-2.5592,134,0.5585
-2.5585,134,0.5585
-2.5578,134,0.5585
-2.5571,134,0.5585
-2.5564,134,0.5585
-2.5557,134,0.5585
-2.555,134,0.5585
-2.5543,134,0.5585
-2.5535,134,0.5585
-2.5528,134,0.5585
-2.5521,134,0.5585
-2.5514,134,0.5585
-2.5507,134,0.5585
-2.55,134,0.5585
-2.5493,134,0.5585
-2.5486,134,0.5585
-2.5479,134,0.5585
-2.5472,134,0.5585
-2.5465,134,0.5585
-2.5458,134,0.5585
-2.5451,134,0.5585
-2.5444,134,0.5585
-2.5437,134,0.5585
-2.543,134,0.5585
-2.5423,134,0.5585
-2.5416,134,0.5585
-2.5409,134,0.5585
-2.5402,134,0.5585
-2.5395,134,0.5585
-2.5388,134,0.5585
-2.5381,134,0.5585
-2.5374,134,0.5585
-2.5367,134,0.5585
-2.536,134,0.5585
-2.5353,134,0.5585
-2.5346,134,0.5585
-2.5339,134,0.5585
-2.5332,134,0.5585
-2.5325,134,0.5585
-2.5318,134,0.5585
-2.5311,134,0.5585
-2.5304,134,0.5585
-2.5297,134,0.5585
-2.529,134,0.5585
-2.5283,134,0.5585
-2.5276,134,0.5585
-2.5269,134,0.5585
-2.5262,134,0.5585
-2.5255,134,0.5585
-2.5249,134,0.5585
-2.5242,134,0.5585
-2.5235,134,0.5585
-2.5228,134,0.5585
-2.5221,134,0.5585
-2.5214,134,0.5585
-2.5207,134,0.5585
-2.52,134,0.5585
-2.5193,134,0.5585
-2.5186,134,0.5585
-2.5179,134,0.5585
-2.5172,134,0.5585
-2.5165,134,0.5585
-2.5158,134,0.5585
-2.5151,134,0.5585
-2.5144,134,0.5585
-2.5137,134,0.5585
-2.5131,134,0.5585
-2.5124,134,0.5585
-2.5117,134,0.5585
-2.511,134,0.5585
-2.5103,134,0.5585
-2.5096,134,0.5585
-2.5089,134,0.5585
-2.5082,134,0.5585
-2.5075,134,0.5585
-2.5068,134,0.5585
-2.5061,134,0.5585
-2.5054,134,0.5585
-2.5048,134,0.5585
-2.5041,134,0.5585
-2.5034,134,0.5585
-2.5027,134,0.5585
-2.502,134,0.5585
-2.5013,134,0.5585
-2.5006,134,0.5585
-2.4999,134,0.5585
-2.4992,134,0.5585
-2.4986,134,0.5585
-2.4979,134,0.5585
-2.4972,134,0.5585
-2.4965,134,0.5585
-2.4958,134,0.5585
-2.4951,134,0.5585
-2.4944,134,0.5585
-2.4937,134,0.5585
-2.4931,134,0.5585
-2.4924,134,0.5585
-2.4917,134,0.5585
-2.491,134,0.5585
-2.4903,134,0.5585
-2.4896,134,0.5585
-2.4889,134,0.5585
-2.4883,134,0.5585
-2.4876,134,0.5585
-2.4869,134,0.5585
-2.4862,134,0.5585
-2.4855,134,0.5585
-2.4848,134,0.5585
-2.4841,134,0.5585
-2.4835,134,0.5585
-2.4828,134,0.5585
-2.4821,134,0.5585
-2.4814,134,0.5585
-2.4807,134,0.5585
-2.48,134,0.5585
-2.4794,134,0.5585
-2.4787,134,0.5585
-2.478,134,0.5585
-2.4773,134,0.5585
-2.4766,134,0.5585
-2.4759,134,0.5585
-2.4753,134,0.5585
-2.4746,134,0.5585
-2.4739,134,0.5585
-2.4732,134,0.5585
-2.4725,134,0.5585
-2.4719,134,0.5585
-2.4712,134,0.5585
-2.4705,134,0.5585
-2.4698,134,0.5585
-2.4691,134,0.5585
-2.4685,134,0.5585
-2.4678,134,0.5585
-2.4671,134,0.5585
-2.4664,134,0.5585
-2.4657,134,0.5585
-2.4651,134,0.5585
-2.4644,134,0.5585
-2.4637,134,0.5585
-2.463,134,0.5585
-2.4624,134,0.5585
-2.4617,134,0.5585
-2.461,134,0.5585
-2.4603,134,0.5585
-2.4596,134,0.5585
-2.459,134,0.5585
-2.4583,134,0.5585
-2.4576,134,0.5585
-2.4569,134,0.5585
-2.4563,134,0.5585
-2.4556,134,0.5585
-2.4549,134,0.5585
-2.4542,134,0.5585
-2.4536,134,0.5585
-2.4529,134,0.5585
-2.4522,134,0.5585
-2.4515,134,0.5585
-2.4509,134,0.5585
-2.4502,134,0.5585
-2.4495,134,0.5585
-2.4488,134,0.5585
-2.4482,134,0.5585
-2.4475,134,0.5585
-2.4468,134,0.5585
-2.4461,134,0.5585
-2.4455,134,0.5585
-2.4448,134,0.5585
-2.4441,134,0.5585
-2.4434,134,0.5585
-2.4428,134,0.5585
-2.4421,134,0.5585
-2.4414,134,0.5585
-2.4408,134,0.5585
-2.4401,134,0.5585
-2.4394,134,0.5585
-2.4387,134,0.5585
-2.4381,134,0.5585
-2.4374,134,0.5585
-2.4367,134,0.5585
-2.4361,134,0.5585
-2.4354,134,0.5585
-2.4347,134,0.5585
-2.434,134,0.5585
-2.4334,134,0.5585
-2.4327,134,0.5585
-2.432,134,0.5585
-2.4314,134,0.5585
-2.4307,134,0.5585
-2.43,134,0.5585
-2.4294,134,0.5585
-2.4287,134,0.5585
-2.428,134,0.5585
-2.4274,134,0.5585
-2.4267,134,0.5585
-2.426,134,0.5585
-2.4254,134,0.5585
-2.4247,134,0.5585
-2.424,134,0.5585
-2.4234,134,0.5585
-2.4227,134,0.5585
-2.422,134,0.5585
-2.4214,134,0.5585
-2.4207,134,0.5585
-2.42,134,0.5585
-2.4194,134,0.5585
-2.4187,134,0.5585
-2.418,134,0.5585
-2.4174,134,0.5585
-2.4167,134,0.5585
-2.416,134,0.5585
-2.4154,134,0.5585
-2.4147,134,0.5585
-2.414,134,0.5585
-2.4134,134,0.5585
-2.4127,134,0.5585
-2.412,134,0.5585
-2.4114,134,0.5585
-2.4107,134,0.5585
-2.4101,134,0.5585
-2.4094,134,0.5585
-2.4087,134,0.5585
-2.4081,134,0.5585
-2.4074,134,0.5585
-2.4067,134,0.5585
-2.4061,134,0.5585
-2.4054,134,0.5585
-2.4048,134,0.5585
-2.4041,134,0.5585
-2.4034,134,0.5585
-2.4028,134,0.5585
-2.4021,134,0.5585
-2.4015,134,0.5585
-2.4008,134,0.5585
-2.4001,134,0.5585
-2.3995,134,0.5585
-2.3988,134,0.5585
-2.3982,134,0.5585
-2.3975,134,0.5585
-2.3968,134,0.5585
-2.3962,134,0.5585
-2.3955,134,0.5585
-2.3949,134,0.5585
-2.3942,134,0.5585
-2.3935,134,0.5585
-2.3929,134,0.5585
-2.3922,134,0.5585
-2.3916,134,0.5585
-2.3909,134,0.5585
-2.3903,134,0.5585
-2.3896,134,0.5585
-2.3889,134,0.5585
-2.3883,134,0.5585
-2.3876,134,0.5585
-2.387,134,0.5585
-2.3863,134,0.5585
-2.3857,134,0.5585
-2.385,134,0.5585
-2.3843,134,0.5585
-2.3837,134,0.5585
-2.383,134,0.5585
-2.3824,134,0.5585
-2.3817,134,0.5585
-2.3811,134,0.5585
-2.3804,134,0.5585
-2.3798,134,0.5585
-2.3791,134,0.5585
-2.3785,134,0.5585
-2.3778,134,0.5585
-2.3771,134,0.5585
-2.3765,134,0.5585
-2.3758,134,0.5585
-2.3752,134,0.5585
-2.3745,134,0.5585
-2.3739,134,0.5585
-2.3732,134,0.5585
-2.3726,134,0.5585
-2.3719,134,0.5585
-2.3713,134,0.5585
-2.3706,134,0.5585
-2.37,134,0.5585
-2.3693,134,0.5585
-2.3687,134,0.5585
-2.368,134,0.5585
-2.3674,134,0.5585
-2.3667,134,0.5585
-2.3661,134,0.5585
-2.3654,134,0.5585
-2.3648,134,0.5585
-2.3641,134,0.5585
-2.3635,134,0.5585
-2.3628,134,0.5585
-2.3622,134,0.5585
-2.3615,134,0.5585
-2.3609,134,0.5585
-2.3602,134,0.5585
-2.3596,134,0.5585
-2.3589,134,0.5585
-2.3583,134,0.5585
-2.3576,134,0.5585
-2.357,134,0.5585
-2.3563,134,0.5585
-2.3557,134,0.5585
-2.355,134,0.5585
-2.3544,134,0.5585
-2.3537,134,0.5585
-2.3531,134,0.5585
-2.3524,134,0.5585
-2.3518,134,0.5585
-2.3512,134,0.5585
-2.3505,134,0.5585
-2.3499,134,0.5585
-2.3492,134,0.5585
-2.3486,134,0.5585
-2.3479,134,0.5585
-2.3473,134,0.5585
-2.3466,134,0.5585
-2.346,134,0.5585
-2.3453,134,0.5585
-2.3447,134,0.5585
-2.3441,134,0.5585
-2.3434,134,0.5585
-2.3428,134,0.5585
-2.3421,134,0.5585
-2.3415,134,0.5585
-2.3408,134,0.5585
-2.3402,134,0.5585
-2.3396,134,0.5585
-2.3389,134,0.5585
-2.3383,134,0.5585
-2.3376,134,0.5585
-2.337,134,0.5585
-2.3363,134,0.5585
-2.3357,134,0.5585
-2.3351,134,0.5585
-2.3344,134,0.5585
-2.3338,134,0.5585
-2.3331,134,0.5585
-2.3325,134,0.5585
-2.3318,134,0.5585
-2.3312,134,0.5585
-2.3306,134,0.5585
-2.3299,134,0.5585
-2.3293,134,0.5585
-2.3286,134,0.5585
-2.328,134,0.5585
-2.3274,134,0.5585
-2.3267,134,0.5585
-2.3261,134,0.5585
-2.3255,134,0.5585
-2.3248,134,0.5585
-2.3242,134,0.5585
-2.3235,134,0.5585
-2.3229,134,0.5585
-2.3223,134,0.5585
-2.3216,134,0.5585
-2.321,134,0.5585
-2.3203,134,0.5585
-2.3197,134,0.5585
-2.3191,134,0.5585
-2.3184,134,0.5585
-2.3178,134,0.5585
-2.3172,134,0.5585
-2.3165,134,0.5585
-2.3159,134,0.5585
-2.3153,134,0.5585
-2.3146,134,0.5585
-2.314,134,0.5585
-2.3133,134,0.5585
-2.3127,134,0.5585
-2.3121,134,0.5585
-2.3114,134,0.5585
-2.3108,134,0.5585
-2.3102,134,0.5585
-2.3095,134,0.5585
-2.3089,134,0.5585
-2.3083,134,0.5585
-2.3076,134,0.5585
-2.307,134,0.5585
-2.3064,134,0.5585
-2.3057,134,0.5585
-2.3051,134,0.5585
-2.3045,134,0.5585
-2.3038,134,0.5585
-2.3032,134,0.5585
-2.3026,134,0.5585
-2.3019,134,0.5585
-2.3013,134,0.5585
-2.3007,134,0.5585
-2.3,134,0.5585
-2.2994,134,0.5585
-2.2988,134,0.5585
-2.2981,134,0.5585
-2.2975,134,0.5585
-2.2969,134,0.5585
-2.2963,134,0.5585
-2.2956,134,0.5585
-2.295,134,0.5585
-2.2944,134,0.5585
-2.2937,134,0.5585
-2.2931,134,0.5585
-2.2925,134,0.5585
-2.2918,134,0.5585
-2.2912,134,0.5585
-2.2906,134,0.5585
-2.29,134,0.5585
-2.2893,134,0.5585
-2.2887,134,0.5585
-2.2881,134,0.5585
-2.2874,134,0.5585
-2.2868,134,0.5585
-2.2862,134,0.5585
-2.2856,134,0.5585
-2.2849,134,0.5585
-2.2843,134,0.5585
-2.2837,134,0.5585
-2.2831,134,0.5585
-2.2824,134,0.5585
-2.2818,134,0.5585
-2.2812,134,0.5585
-2.2805,134,0.5585
-2.2799,134,0.5585
-2.2793,134,0.5585
-2.2787,134,0.5585
-2.278,134,0.5585
-2.2774,134,0.5585
-2.2768,134,0.5585
-2.2762,134,0.5585
-2.2755,134,0.5585
-2.2749,134,0.5585
-2.2743,134,0.5585
-2.2737,134,0.5585
-2.273,134,0.5585
-2.2724,134,0.5585
-2.2718,134,0.5585
-2.2712,134,0.5585
-2.2706,134,0.5585
-2.2699,134,0.5585
-2.2693,134,0.5585
-2.2687,134,0.5585
-2.2681,134,0.5585
-2.2674,134,0.5585
-2.2668,134,0.5585
-2.2662,134,0.5585
-2.2656,134,0.5585
-2.265,134,0.5585
-2.2643,134,0.5585
-2.2637,134,0.5585
-2.2631,134,0.5585
-2.2625,134,0.5585
-2.2618,134,0.5585
-2.2612,134,0.5585
-2.2606,134,0.5585
-2.26,134,0.5585
-2.2594,134,0.5585
-2.2587,134,0.5585
-2.2581,134,0.5585
-2.2575,134,0.5585
-2.2569,134,0.5585
-2.2563,134,0.5585
-2.2556,134,0.5585
-2.255,134,0.5585
-2.2544,134,0.5585
-2.2538,134,0.5585
-2.2532,134,0.5585
-2.2526,134,0.5585
-2.2519,134,0.5585
-2.2513,134,0.5585
-2.2507,134,0.5585
-2.2501,134,0.5585
-2.2495,134,0.5585
-2.2488,134,0.5585
-2.2482,134,0.5585
-2.2476,134,0.5585
-2.247,134,0.5585
-2.2464,134,0.5585
-2.2458,134,0.5585
-2.2451,134,0.5585
-2.2445,134,0.5585
-2.2439,134,0.5585
-2.2433,134,0.5585
-2.2427,134,0.5585
-2.2421,134,0.5585
-2.2415,134,0.5585
-2.2408,134,0.5585
-2.2402,134,0.5585
-2.2396,134,0.5585
-2.239,134,0.5585
-2.2384,134,0.5585
-2.2378,134,0.5585
-2.2372,134,0.5585
-2.2365,134,0.5585
-2.2359,134,0.5585
-2.2353,134,0.5585
-2.2347,134,0.5585
-2.2341,134,0.5585
-2.2335,134,0.5585
-2.2329,134,0.5585
-2.2323,134,0.5585
-2.2316,134,0.5585
-2.231,134,0.5585
-2.2304,134,0.5585
-2.2298,134,0.5585
-2.2292,134,0.5585
-2.2286,134,0.5585
-2.228,134,0.5585
-2.2274,134,0.5585
-2.2267,134,0.5585
-2.2261,134,0.5585
-2.2255,134,0.5585
-2.2249,134,0.5585
-2.2243,134,0.5585
-2.2237,134,0.5585
-2.2231,134,0.5585
-2.2225,134,0.5585
-2.2219,134,0.5585
-2.2213,134,0.5585
-2.2206,134,0.5585
-2.22,134,0.5585
-2.2194,134,0.5585
-2.2188,134,0.5585
-2.2182,134,0.5585
-2.2176,134,0.5585
-2.217,134,0.5585
-2.2164,134,0.5585
-2.2158,134,0.5585
-2.2152,134,0.5585
-2.2146,134,0.5585
-2.214,134,0.5585
-2.2134,134,0.5585
-2.2127,134,0.5585
-2.2121,134,0.5585
-2.2115,134,0.5585
-2.2109,134,0.5585
-2.2103,134,0.5585
-2.2097,134,0.5585
-2.2091,134,0.5585
-2.2085,134,0.5585
-2.2079,134,0.5585
-2.2073,134,0.5585
-2.2067,134,0.5585
-2.2061,134,0.5585
-2.2055,134,0.5585
-2.2049,134,0.5585
-2.2043,134,0.5585
-2.2037,134,0.5585
-2.2031,134,0.5585
-2.2025,134,0.5585
-2.2018,134,0.5585
-2.2012,134,0.5585
-2.2006,134,0.5585
-2.2,134,0.5585
-2.1994,134,0.5585
-2.1988,134,0.5585
-2.1982,134,0.5585
-2.1976,134,0.5585
-2.197,134,0.5585
-2.1964,134,0.5585
-2.1958,134,0.5585
-2.1952,134,0.5585
-2.1946,134,0.5585
-2.194,134,0.5585
-2.1934,134,0.5585
-2.1928,134,0.5585
-2.1922,134,0.5585
-2.1916,134,0.5585
-2.191,134,0.5585
-2.1904,134,0.5585
-2.1898,134,0.5585
-2.1892,134,0.5585
-2.1886,134,0.5585
-2.188,134,0.5585
-2.1874,134,0.5585
-2.1868,134,0.5585
-2.1862,134,0.5585
-2.1856,134,0.5585
-2.185,134,0.5585
-2.1844,134,0.5585
-2.1838,134,0.5585
-2.1832,134,0.5585
-2.1826,134,0.5585
-2.182,134,0.5585
-2.1814,134,0.5585
-2.1808,134,0.5585
-2.1802,134,0.5585
-2.1796,134,0.5585
-2.179,134,0.5585
-2.1784,134,0.5585
-2.1778,134,0.5585
-2.1772,134,0.5585
-2.1766,134,0.5585
-2.176,134,0.5585
-2.1755,134,0.5585
-2.1749,134,0.5585
-2.1743,134,0.5585
-2.1737,134,0.5585
-2.1731,134,0.5585
-2.1725,134,0.5585
-2.1719,134,0.5585
-2.1713,134,0.5585
-2.1707,134,0.5585
-2.1701,134,0.5585
-2.1695,134,0.5585
-2.1689,134,0.5585
-2.1683,134,0.5585
-2.1677,134,0.5585
-2.1671,134,0.5585
-2.1665,134,0.5585
-2.1659,134,0.5585
-2.1653,134,0.5585
-2.1647,134,0.5585
-2.1642,134,0.5585
-2.1636,134,0.5585
-2.163,134,0.5585
-2.1624,134,0.5585
-2.1618,134,0.5585
-2.1612,134,0.5585
-2.1606,134,0.5585
-2.16,134,0.5585
-2.1594,134,0.5585
-2.1588,134,0.5585
-2.1582,134,0.5585
-2.1576,134,0.5585
-2.157,134,0.5585
-2.1565,134,0.5585
-2.1559,134,0.5585
-2.1553,134,0.5585
-2.1547,134,0.5585
-2.1541,134,0.5585
-2.1535,134,0.5585
-2.1529,134,0.5585
-2.1523,134,0.5585
-2.1517,134,0.5585
-2.1511,134,0.5585
-2.1506,134,0.5585
-2.15,134,0.5585
-2.1494,134,0.5585
-2.1488,134,0.5585
-2.1482,134,0.5585
-2.1476,134,0.5585
-2.147,134,0.5585
-2.1464,134,0.5585
-2.1458,134,0.5585
-2.1453,134,0.5585
-2.1447,134,0.5585
-2.1441,134,0.5585
-2.1435,134,0.5585
-2.1429,134,0.5585
-2.1423,134,0.5585
-2.1417,134,0.5585
-2.1411,134,0.5585
-2.1406,134,0.5585
-2.14,134,0.5585
-2.1394,134,0.5585
-2.1388,134,0.5585
-2.1382,134,0.5585
-2.1376,134,0.5585
-2.137,134,0.5585
-2.1365,134,0.5585
-2.1359,134,0.5585
-2.1353,134,0.5585
-2.1347,134,0.5585
-2.1341,134,0.5585
-2.1335,134,0.5585
-2.133,134,0.5585
-2.1324,134,0.5585
-2.1318,134,0.5585
-2.1312,134,0.5585
-2.1306,134,0.5585
-2.13,134,0.5585
-2.1295,134,0.5585
-2.1289,134,0.5585
-2.1283,134,0.5585
-2.1277,134,0.5585
-2.1271,134,0.5585
-2.1265,134,0.5585
-2.126,134,0.5585
-2.1254,134,0.5585
-2.1248,134,0.5585
-2.1242,134,0.5585
-2.1236,134,0.5585
-2.123,134,0.5585
-2.1225,134,0.5585
-2.1219,134,0.5585
-2.1213,134,0.5585
-2.1207,134,0.5585
-2.1201,134,0.5585
-2.1196,134,0.5585
-2.119,134,0.5585
-2.1184,134,0.5585
-2.1178,134,0.5585
-2.1172,134,0.5585
-2.1167,134,0.5585
-2.1161,134,0.5585
-2.1155,134,0.5585
-2.1149,134,0.5585
-2.1143,134,0.5585
-2.1138,134,0.5585
-2.1132,134,0.5585
-2.1126,134,0.5585
-2.112,134,0.5585
-2.1115,134,0.5585
-2.1109,134,0.5585
-2.1103,134,0.5585
-2.1097,134,0.5585
-2.1091,134,0.5585
-2.1086,134,0.5585
-2.108,134,0.5585
-2.1074,134,0.5585
-2.1068,134,0.5585
-2.1063,134,0.5585
-2.1057,134,0.5585
-2.1051,134,0.5585
-2.1045,134,0.5585
-2.1039,134,0.5585
-2.1034,134,0.5585
-2.1028,134,0.5585
-2.1022,134,0.5585
-2.1016,134,0.5585
-2.1011,134,0.5585
-2.1005,134,0.5585
-2.0999,134,0.5585
-2.0993,134,0.5585
-2.0988,134,0.5585
-2.0982,134,0.5585
-2.0976,134,0.5585
-2.097,134,0.5585
-2.0965,134,0.5585
-2.0959,134,0.5585
-2.0953,134,0.5585
-2.0948,134,0.5585
-2.0942,134,0.5585
-2.0936,134,0.5585
-2.093,134,0.5585
-2.0925,134,0.5585
-2.0919,134,0.5585
-2.0913,134,0.5585
-2.0907,134,0.5585
-2.0902,134,0.5585
-2.0896,134,0.5585
-2.089,134,0.5585
-2.0885,134,0.5585
-2.0879,134,0.5585
-2.0873,134,0.5585
-2.0867,134,0.5585
-2.0862,134,0.5585
-2.0856,134,0.5585
-2.085,134,0.5585
-2.0845,134,0.5585
-2.0839,134,0.5585
-2.0833,134,0.5585
-2.0827,134,0.5585
-2.0822,134,0.5585
-2.0816,134,0.5585
-2.081,134,0.5585
-2.0805,134,0.5585
-2.0799,134,0.5585
-2.0793,134,0.5585
-2.0788,134,0.5585
-2.0782,134,0.5585
-2.0776,134,0.5585
-2.0771,134,0.5585
-2.0765,134,0.5585
-2.0759,134,0.5585
-2.0753,134,0.5585
-2.0748,134,0.5585
-2.0742,134,0.5585
-2.0736,134,0.5585
-2.0731,134,0.5585
-2.0725,134,0.5585
-2.0719,134,0.5585
-2.0714,134,0.5585
-2.0708,134,0.5585
-2.0702,134,0.5585
-2.0697,134,0.5585
-2.0691,134,0.5585
-2.0685,134,0.5585
-2.068,134,0.5585
-2.0674,134,0.5585
-2.0668,134,0.5585
-2.0663,134,0.5585
-2.0657,134,0.5585
-2.0652,134,0.5585
-2.0646,134,0.5585
-2.064,134,0.5585
-2.0635,134,0.5585
-2.0629,134,0.5585
-2.0623,134,0.5585
-2.0618,134,0.5585
-2.0612,134,0.5585
-2.0606,134,0.5585
-2.0601,134,0.5585
-2.0595,134,0.5585
-2.0589,134,0.5585
-2.0584,134,0.5585
-2.0578,134,0.5585
-2.0573,134,0.5585
-2.0567,134,0.5585
-2.0561,134,0.5585
-2.0556,134,0.5585
-2.055,134,0.5585
-2.0544,134,0.5585
-2.0539,134,0.5585
-2.0533,134,0.5585
-2.0528,134,0.5585
-2.0522,134,0.5585
-2.0516,134,0.5585
-2.0511,134,0.5585
-2.0505,134,0.5585
-2.05,134,0.5585
-2.0494,134,0.5585
-2.0488,134,0.5585
-2.0483,134,0.5585
-2.0477,134,0.5585
-2.0472,134,0.5585
-2.0466,134,0.5585
-2.046,134,0.5585
-2.0455,134,0.5585
-2.0449,134,0.5585
-2.0444,134,0.5585
-2.0438,134,0.5585
-2.0432,134,0.5585
-2.0427,134,0.5585
-2.0421,134,0.5585
-2.0416,134,0.5585
-2.041,134,0.5585
-2.0404,134,0.5585
-2.0399,134,0.5585
-2.0393,134,0.5585
-2.0388,134,0.5585
-2.0382,134,0.5585
-2.0377,134,0.5585
-2.0371,134,0.5585
-2.0365,134,0.5585
-2.036,134,0.5585
-2.0354,134,0.5585
-2.0349,134,0.5585
-2.0343,134,0.5585
-2.0338,134,0.5585
-2.0332,134,0.5585
-2.0326,134,0.5585
-2.0321,134,0.5585
-2.0315,134,0.5585
-2.031,134,0.5585
-2.0304,134,0.5585
-2.0299,134,0.5585
-2.0293,134,0.5585
-2.0288,134,0.5585
-2.0282,134,0.5585
-2.0276,134,0.5585
-2.0271,134,0.5585
-2.0265,134,0.5585
-2.026,134,0.5585
-2.0254,134,0.5585
-2.0249,134,0.5585
-2.0243,134,0.5585
-2.0238,134,0.5585
-2.0232,134,0.5585
-2.0227,134,0.5585
-2.0221,134,0.5585
-2.0216,134,0.5585
-2.021,134,0.5585
-2.0205,134,0.5585
-2.0199,134,0.5585
-2.0193,134,0.5585
-2.0188,134,0.5585
-2.0182,134,0.5585
-2.0177,134,0.5585
-2.0171,134,0.5585
-2.0166,134,0.5585
-2.016,134,0.5585
-2.0155,134,0.5585
-2.0149,134,0.5585
-2.0144,134,0.5585
-2.0138,134,0.5585
-2.0133,134,0.5585
-2.0127,134,0.5585
-2.0122,134,0.5585
-2.0116,134,0.5585
-2.0111,134,0.5585
-2.0105,134,0.5585
-2.01,134,0.5585
-2.0094,134,0.5585
-2.0089,134,0.5585
-2.0083,134,0.5585
-2.0078,134,0.5585
-2.0072,134,0.5585
-2.0067,134,0.5585
-2.0061,134,0.5585
-2.0056,134,0.5585
-2.005,134,0.5585
-2.0045,134,0.5585
-2.0039,134,0.5585
-2.0034,134,0.5585
-2.0029,134,0.5585
-2.0023,134,0.5585
-2.0018,134,0.5585
-2.0012,134,0.5585
-2.0007,134,0.5585
-2.0001,134,0.5585
-1.9996,134,0.5585
-1.999,134,0.5585
-1.9985,134,0.5585
-1.9979,134,0.5585
-1.9974,134,0.5585
-1.9968,134,0.5585
-1.9963,134,0.5585
-1.9957,134,0.5585
-1.9952,134,0.5585
-1.9947,134,0.5585
-1.9941,134,0.5585
-1.9936,134,0.5585
-1.993,134,0.5585
-1.9925,134,0.5585
-1.9919,134,0.5585
-1.9914,134,0.5585
-1.9908,134,0.5585
-1.9903,134,0.5585
-1.9898,134,0.5585
-1.9892,134,0.5585
-1.9887,134,0.5585
-1.9881,134,0.5585
-1.9876,134,0.5585
-1.987,134,0.5585
-1.9865,134,0.5585
-1.986,134,0.5585
-1.9854,134,0.5585
-1.9849,134,0.5585
-1.9843,134,0.5585
-1.9838,134,0.5585
-1.9832,134,0.5585
-1.9827,134,0.5585
-1.9822,134,0.5585
-1.9816,134,0.5585
-1.9811,134,0.5585
-1.9805,134,0.5585
-1.98,134,0.5585
-1.9795,134,0.5585
-1.9789,134,0.5585
-1.9784,134,0.5585
-1.9778,134,0.5585
-1.9773,134,0.5585
-1.9767,134,0.5585
-1.9762,134,0.5585
-1.9757,134,0.5585
-1.9751,134,0.5585
-1.9746,134,0.5585
-1.974,134,0.5585
-1.9735,134,0.5585
-1.973,134,0.5585
-1.9724,134,0.5585
-1.9719,134,0.5585
-1.9714,134,0.5585
-1.9708,134,0.5585
-1.9703,134,0.5585
-1.9697,134,0.5585
-1.9692,134,0.5585
-1.9687,134,0.5585
-1.9681,134,0.5585
-1.9676,134,0.5585
-1.967,134,0.5585
-1.9665,134,0.5585
-1.966,134,0.5585
-1.9654,134,0.5585
-1.9649,134,0.5585
-1.9644,134,0.5585
-1.9638,134,0.5585
-1.9633,134,0.5585
-1.9628,134,0.5585
-1.9622,134,0.5585
-1.9617,134,0.5585
-1.9611,134,0.5585
-1.9606,134,0.5585
-1.9601,134,0.5585
-1.9595,134,0.5585
-1.959,134,0.5585
-1.9585,134,0.5585
-1.9579,134,0.5585
-1.9574,134,0.5585
-1.9569,134,0.5585
-1.9563,134,0.5585
-1.9558,134,0.5585
-1.9553,134,0.5585
-1.9547,134,0.5585
-1.9542,134,0.5585
-1.9537,134,0.5585
-1.9531,134,0.5585
-1.9526,134,0.5585
-1.9521,134,0.5585
-1.9515,134,0.5585
-1.951,134,0.5585
-1.9505,134,0.5585
-1.9499,134,0.5585
-1.9494,134,0.5585
-1.9489,134,0.5585
-1.9483,134,0.5585
-1.9478,134,0.5585
-1.9473,134,0.5585
-1.9467,134,0.5585
-1.9462,134,0.5585
-1.9457,134,0.5585
-1.9451,134,0.5585
-1.9446,134,0.5585
-1.9441,134,0.5585
-1.9435,134,0.5585
-1.943,134,0.5585
-1.9425,134,0.5585
-1.942,134,0.5585
-1.9414,134,0.5585
-1.9409,134,0.5585
-1.9404,134,0.5585
-1.9398,134,0.5585
-1.9393,134,0.5585
-1.9388,134,0.5585
-1.9382,134,0.5585
-1.9377,134,0.5585
-1.9372,134,0.5585
-1.9367,134,0.5585
-1.9361,134,0.5585
-1.9356,134,0.5585
-1.9351,134,0.5585
-1.9345,134,0.5585
-1.934,134,0.5585
-1.9335,134,0.5585
-1.933,134,0.5585
-1.9324,134,0.5585
-1.9319,134,0.5585
-1.9314,134,0.5585
-1.9308,134,0.5585
-1.9303,134,0.5585
-1.9298,134,0.5585
-1.9293,134,0.5585
-1.9287,134,0.5585
-1.9282,134,0.5585
-1.9277,134,0.5585
-1.9272,134,0.5585
-1.9266,134,0.5585
-1.9261,134,0.5585
-1.9256,134,0.5585
-1.9251,134,0.5585
-1.9245,134,0.5585
-1.924,134,0.5585
-1.9235,134,0.5585
-1.923,134,0.5585
-1.9224,134,0.5585
-1.9219,134,0.5585
-1.9214,134,0.5585
-1.9209,134,0.5585
-1.9203,134,0.5585
-1.9198,134,0.5585
-1.9193,134,0.5585
-1.9188,134,0.5585
-1.9182,134,0.5585
-1.9177,134,0.5585
-1.9172,134,0.5585
-1.9167,134,0.5585
-1.9161,134,0.5585
-1.9156,134,0.5585
-1.9151,134,0.5585
-1.9146,134,0.5585
-1.9141,134,0.5585
-1.9135,134,0.5585
-1.913,134,0.5585
-1.9125,134,0.5585
-1.912,134,0.5585
-1.9114,134,0.5585
-1.9109,134,0.5585
-1.9104,134,0.5585
-1.9099,134,0.5585
-1.9094,134,0.5585
-1.9088,134,0.5585
-1.9083,134,0.5585
-1.9078,134,0.5585
-1.9073,134,0.5585
-1.9068,134,0.5585
-1.9062,134,0.5585
-1.9057,134,0.5585
-1.9052,134,0.5585
-1.9047,134,0.5585
-1.9042,134,0.5585
-1.9036,134,0.5585
-1.9031,134,0.5585
-1.9026,134,0.5585
-1.9021,134,0.5585
-1.9016,134,0.5585
-1.901,134,0.5585
-1.9005,134,0.5585
-1.9,134,0.5585
-1.8995,134,0.5585
-1.899,134,0.5585
-1.8984,134,0.5585
-1.8979,134,0.5585
-1.8974,134,0.5585
-1.8969,134,0.5585
-1.8964,134,0.5585
-1.8959,134,0.5585
-1.8953,134,0.5585
-1.8948,134,0.5585
-1.8943,134,0.5585
-1.8938,134,0.5585
-1.8933,134,0.5585
-1.8928,134,0.5585
-1.8922,134,0.5585
-1.8917,134,0.5585
-1.8912,134,0.5585
-1.8907,134,0.5585
-1.8902,134,0.5585
-1.8897,134,0.5585
-1.8891,134,0.5585
-1.8886,134,0.5585
-1.8881,134,0.5585
-1.8876,134,0.5585
-1.8871,134,0.5585
-1.8866,134,0.5585
-1.886,134,0.5585
-1.8855,134,0.5585
-1.885,134,0.5585
-1.8845,134,0.5585
-1.884,134,0.5585
-1.8835,134,0.5585
-1.883,134,0.5585
-1.8824,134,0.5585
-1.8819,134,0.5585
-1.8814,134,0.5585
-1.8809,134,0.5585
-1.8804,134,0.5585
-1.8799,134,0.5585
-1.8794,134,0.5585
-1.8789,134,0.5585
-1.8783,134,0.5585
-1.8778,134,0.5585
-1.8773,134,0.5585
-1.8768,134,0.5585
-1.8763,134,0.5585
-1.8758,134,0.5585
-1.8753,134,0.5585
-1.8748,134,0.5585
-1.8742,134,0.5585
-1.8737,134,0.5585
-1.8732,134,0.5585
-1.8727,134,0.5585
-1.8722,134,0.5585
-1.8717,134,0.5585
-1.8712,134,0.5585
-1.8707,134,0.5585
-1.8702,134,0.5585
-1.8697,134,0.5585
-1.8691,134,0.5585
-1.8686,134,0.5585
-1.8681,134,0.5585
-1.8676,134,0.5585
-1.8671,134,0.5585
-1.8666,134,0.5585
-1.8661,134,0.5585
-1.8656,134,0.5585
-1.8651,134,0.5585
-1.8646,134,0.5585
-1.864,134,0.5585
-1.8635,134,0.5585
-1.863,134,0.5585
-1.8625,134,0.5585
-1.862,134,0.5585
-1.8615,134,0.5585
-1.861,134,0.5585
-1.8605,134,0.5585
-1.86,134,0.5585
-1.8595,134,0.5585
-1.859,134,0.5585
-1.8585,134,0.5585
-1.858,134,0.5585
-1.8574,134,0.5585
-1.8569,134,0.5585
-1.8564,134,0.5585
-1.8559,134,0.5585
-1.8554,134,0.5585
-1.8549,134,0.5585
-1.8544,134,0.5585
-1.8539,134,0.5585
-1.8534,134,0.5585
-1.8529,134,0.5585
-1.8524,134,0.5585
-1.8519,134,0.5585
-1.8514,134,0.5585
-1.8509,134,0.5585
-1.8504,134,0.5585
-1.8499,134,0.5585
-1.8494,134,0.5585
-1.8489,134,0.5585
-1.8484,134,0.5585
-1.8478,134,0.5585
-1.8473,134,0.5585
-1.8468,134,0.5585
-1.8463,134,0.5585
-1.8458,134,0.5585
-1.8453,134,0.5585
-1.8448,134,0.5585
-1.8443,134,0.5585
-1.8438,134,0.5585
-1.8433,134,0.5585
-1.8428,134,0.5585
-1.8423,134,0.5585
-1.8418,134,0.5585
-1.8413,134,0.5585
-1.8408,134,0.5585
-1.8403,134,0.5585
-1.8398,134,0.5585
-1.8393,134,0.5585
-1.8388,134,0.5585
-1.8383,134,0.5585
-1.8378,134,0.5585
-1.8373,134,0.5585
-1.8368,134,0.5585
-1.8363,134,0.5585
-1.8358,134,0.5585
-1.8353,134,0.5585
-1.8348,134,0.5585
-1.8343,134,0.5585
-1.8338,134,0.5585
-1.8333,134,0.5585
-1.8328,134,0.5585
-1.8323,134,0.5585
-1.8318,134,0.5585
-1.8313,134,0.5585
-1.8308,134,0.5585
-1.8303,134,0.5585
-1.8298,134,0.5585
-1.8293,134,0.5585
-1.8288,134,0.5585
-1.8283,134,0.5585
-1.8278,134,0.5585
-1.8273,134,0.5585
-1.8268,134,0.5585
-1.8263,134,0.5585
-1.8258,134,0.5585
-1.8253,134,0.5585
-1.8248,134,0.5585
-1.8243,134,0.5585
-1.8238,134,0.5585
-1.8233,134,0.5585
-1.8228,134,0.5585
-1.8223,134,0.5585
-1.8218,134,0.5585
-1.8213,134,0.5585
-1.8208,134,0.5585
-1.8203,134,0.5585
-1.8198,134,0.5585
-1.8193,134,0.5585
-1.8189,134,0.5585
-1.8184,134,0.5585
-1.8179,134,0.5585
-1.8174,134,0.5585
-1.8169,134,0.5585
-1.8164,134,0.5585
-1.8159,134,0.5585
-1.8154,134,0.5585
-1.8149,134,0.5585
-1.8144,134,0.5585
-1.8139,134,0.5585
-1.8134,134,0.5585
-1.8129,134,0.5585
-1.8124,134,0.5585
-1.8119,134,0.5585
-1.8114,134,0.5585
-1.8109,134,0.5585
-1.8104,134,0.5585
-1.8099,134,0.5585
-1.8095,134,0.5585
-1.809,134,0.5585
-1.8085,134,0.5585
-1.808,134,0.5585
-1.8075,134,0.5585
-1.807,134,0.5585
-1.8065,134,0.5585
-1.806,134,0.5585
-1.8055,134,0.5585
-1.805,134,0.5585
-1.8045,134,0.5585
-1.804,134,0.5585
-1.8035,134,0.5585
-1.8031,134,0.5585
-1.8026,134,0.5585
-1.8021,134,0.5585
-1.8016,134,0.5585
-1.8011,134,0.5585
-1.8006,134,0.5585
-1.8001,134,0.5585
-1.7996,134,0.5585
-1.7991,134,0.5585
-1.7986,134,0.5585
-1.7981,134,0.5585
-1.7977,134,0.5585
-1.7972,134,0.5585
-1.7967,134,0.5585
-1.7962,134,0.5585
-1.7957,134,0.5585
-1.7952,134,0.5585
-1.7947,134,0.5585
-1.7942,134,0.5585
-1.7937,134,0.5585
-1.7933,134,0.5585
-1.7928,134,0.5585
-1.7923,134,0.5585
-1.7918,134,0.5585
-1.7913,134,0.5585
-1.7908,134,0.5585
-1.7903,134,0.5585
-1.7898,134,0.5585
-1.7893,134,0.5585
-1.7889,134,0.5585
-1.7884,134,0.5585
-1.7879,134,0.5585
-1.7874,134,0.5585
-1.7869,134,0.5585
-1.7864,134,0.5585
-1.7859,134,0.5585
-1.7855,134,0.5585
-1.785,134,0.5585
-1.7845,134,0.5585
-1.784,134,0.5585
-1.7835,134,0.5585
-1.783,134,0.5585
-1.7825,134,0.5585
-1.7821,134,0.5585
-1.7816,134,0.5585
-1.7811,134,0.5585
-1.7806,134,0.5585
-1.7801,134,0.5585
-1.7796,134,0.5585
-1.7791,134,0.5585
-1.7787,134,0.5585
-1.7782,134,0.5585
-1.7777,134,0.5585
-1.7772,134,0.5585
-1.7767,134,0.5585
-1.7762,134,0.5585
-1.7757,134,0.5585
-1.7753,134,0.5585
-1.7748,134,0.5585
-1.7743,134,0.5585
-1.7738,134,0.5585
-1.7733,134,0.5585
-1.7728,134,0.5585
-1.7724,134,0.5585
-1.7719,134,0.5585
-1.7714,134,0.5585
-1.7709,134,0.5585
-1.7704,134,0.5585
-1.77,134,0.5585
-1.7695,134,0.5585
-1.769,134,0.5585
-1.7685,134,0.5585
-1.768,134,0.5585
-1.7675,134,0.5585
-1.7671,134,0.5585
-1.7666,134,0.5585
-1.7661,134,0.5585
-1.7656,134,0.5585
-1.7651,134,0.5585
-1.7647,134,0.5585
-1.7642,134,0.5585
-1.7637,134,0.5585
-1.7632,134,0.5585
-1.7627,134,0.5585
-1.7623,134,0.5585
-1.7618,134,0.5585
-1.7613,134,0.5585
-1.7608,134,0.5585
-1.7603,134,0.5585
-1.7599,134,0.5585
-1.7594,134,0.5585
-1.7589,134,0.5585
-1.7584,134,0.5585
-1.7579,134,0.5585
-1.7575,134,0.5585
-1.757,134,0.5585
-1.7565,134,0.5585
-1.756,134,0.5585
-1.7555,134,0.5585
-1.7551,134,0.5585
-1.7546,134,0.5585
-1.7541,134,0.5585
-1.7536,134,0.5585
-1.7532,134,0.5585
-1.7527,134,0.5585
-1.7522,134,0.5585
-1.7517,134,0.5585
-1.7512,134,0.5585
-1.7508,134,0.5585
-1.7503,134,0.5585
-1.7498,134,0.5585
-1.7493,134,0.5585
-1.7489,134,0.5585
-1.7484,134,0.5585
-1.7479,134,0.5585
-1.7474,134,0.5585
-1.747,134,0.5585
-1.7465,134,0.5585
-1.746,134,0.5585
-1.7455,134,0.5585
-1.7451,134,0.5585
-1.7446,134,0.5585
-1.7441,134,0.5585
-1.7436,134,0.5585
-1.7432,134,0.5585
-1.7427,134,0.5585
-1.7422,134,0.5585
-1.7417,134,0.5585
-1.7413,134,0.5585
-1.7408,134,0.5585
-1.7403,134,0.5585
-1.7398,134,0.5585
-1.7394,134,0.5585
-1.7389,134,0.5585
-1.7384,134,0.5585
-1.7379,134,0.5585
-1.7375,134,0.5585
-1.737,134,0.5585
-1.7365,134,0.5585
-1.7361,134,0.5585
-1.7356,134,0.5585
-1.7351,134,0.5585
-1.7346,134,0.5585
-1.7342,134,0.5585
-1.7337,134,0.5585
-1.7332,134,0.5585
-1.7327,134,0.5585
-1.7323,134,0.5585
-1.7318,134,0.5585
-1.7313,134,0.5585
-1.7309,134,0.5585
-1.7304,134,0.5585
-1.7299,134,0.5585
-1.7294,134,0.5585
-1.729,134,0.5585
-1.7285,134,0.5585
-1.728,134,0.5585
-1.7276,134,0.5585
-1.7271,134,0.5585
-1.7266,134,0.5585
-1.7262,134,0.5585
-1.7257,134,0.5585
-1.7252,134,0.5585
-1.7247,134,0.5585
-1.7243,134,0.5585
-1.7238,134,0.5585
-1.7233,134,0.5585
-1.7229,134,0.5585
-1.7224,134,0.5585
-1.7219,134,0.5585
-1.7215,134,0.5585
-1.721,134,0.5585
-1.7205,134,0.5585
-1.7201,134,0.5585
-1.7196,134,0.5585
-1.7191,134,0.5585
-1.7187,134,0.5585
-1.7182,134,0.5585
-1.7177,134,0.5585
-1.7173,134,0.5585
-1.7168,134,0.5585
-1.7163,134,0.5585
-1.7158,134,0.5585
-1.7154,134,0.5585
-1.7149,134,0.5585
-1.7144,134,0.5585
-1.714,134,0.5585
-1.7135,134,0.5585
-1.713,134,0.5585
-1.7126,134,0.5585
-1.7121,134,0.5585
-1.7117,134,0.5585
-1.7112,134,0.5585
-1.7107,134,0.5585
-1.7103,134,0.5585
-1.7098,134,0.5585
-1.7093,134,0.5585
-1.7089,134,0.5585
-1.7084,134,0.5585
-1.7079,134,0.5585
-1.7075,134,0.5585
-1.707,134,0.5585
-1.7065,134,0.5585
-1.7061,134,0.5585
-1.7056,134,0.5585
-1.7051,134,0.5585
-1.7047,134,0.5585
-1.7042,134,0.5585
-1.7037,134,0.5585
-1.7033,134,0.5585
-1.7028,134,0.5585
-1.7024,134,0.5585
-1.7019,134,0.5585
-1.7014,134,0.5585
-1.701,134,0.5585
-1.7005,134,0.5585
-1.7,134,0.5585
-1.6996,134,0.5585
-1.6991,134,0.5585
-1.6987,134,0.5585
-1.6982,134,0.5585
-1.6977,134,0.5585
-1.6973,134,0.5585
-1.6968,134,0.5585
-1.6963,134,0.5585
-1.6959,134,0.5585
-1.6954,134,0.5585
-1.695,134,0.5585
-1.6945,134,0.5585
-1.694,134,0.5585
-1.6936,134,0.5585
-1.6931,134,0.5585
-1.6927,134,0.5585
-1.6922,134,0.5585
-1.6917,134,0.5585
-1.6913,134,0.5585
-1.6908,134,0.5585
-1.6904,134,0.5585
-1.6899,134,0.5585
-1.6894,134,0.5585
-1.689,134,0.5585
-1.6885,134,0.5585
-1.6881,134,0.5585
-1.6876,134,0.5585
-1.6871,134,0.5585
-1.6867,134,0.5585
-1.6862,134,0.5585
-1.6858,134,0.5585
-1.6853,134,0.5585
-1.6848,134,0.5585
-1.6844,134,0.5585
-1.6839,134,0.5585
-1.6835,134,0.5585
-1.683,134,0.5585
-1.6826,134,0.5585
-1.6821,134,0.5585
-1.6816,134,0.5585
-1.6812,134,0.5585
-1.6807,134,0.5585
-1.6803,134,0.5585
-1.6798,134,0.5585
-1.6794,134,0.5585
-1.6789,134,0.5585
-1.6784,134,0.5585
-1.678,134,0.5585
-1.6775,134,0.5585
-1.6771,134,0.5585
-1.6766,134,0.5585
-1.6762,134,0.5585
-1.6757,134,0.5585
-1.6752,134,0.5585
-1.6748,134,0.5585
-1.6743,134,0.5585
-1.6739,134,0.5585
-1.6734,134,0.5585
-1.673,134,0.5585
-1.6725,134,0.5585
-1.6721,134,0.5585
-1.6716,134,0.5585
-1.6711,134,0.5585
-1.6707,134,0.5585
-1.6702,134,0.5585
-1.6698,134,0.5585
-1.6693,134,0.5585
-1.6689,134,0.5585
-1.6684,134,0.5585
-1.668,134,0.5585
-1.6675,134,0.5585
-1.6671,134,0.5585
-1.6666,134,0.5585
-1.6662,134,0.5585
-1.6657,134,0.5585
-1.6652,134,0.5585
-1.6648,134,0.5585
-1.6643,134,0.5585
-1.6639,134,0.5585
-1.6634,134,0.5585
-1.663,134,0.5585
-1.6625,134,0.5585
-1.6621,134,0.5585
-1.6616,134,0.5585
-1.6612,134,0.5585
-1.6607,134,0.5585
-1.6603,134,0.5585
-1.6598,134,0.5585
-1.6594,134,0.5585
-1.6589,134,0.5585
-1.6585,134,0.5585
-1.658,134,0.5585
-1.6576,134,0.5585
-1.6571,134,0.5585
-1.6567,134,0.5585
-1.6562,134,0.5585
-1.6558,134,0.5585
-1.6553,134,0.5585
-1.6549,134,0.5585
-1.6544,134,0.5585
-1.654,134,0.55851
-1.6535,134,0.55851
-1.6531,134,0.55851
-1.6526,134,0.55851
-1.6522,134,0.55851
-1.6517,134,0.55851
-1.6513,134,0.55851
-1.6508,134,0.55851
-1.6504,134,0.55851
-1.6499,134,0.55851
-1.6495,134,0.55851
-1.649,134,0.55851
-1.6486,134,0.55851
-1.6481,134,0.55851
-1.6477,134,0.55851
-1.6472,134,0.55851
-1.6468,134,0.55851
-1.6463,134,0.55851
-1.6459,134,0.55851
-1.6454,134,0.55851
-1.645,134,0.55851
-1.6445,134,0.55851
-1.6441,134,0.55851
-1.6437,134,0.55851
-1.6432,134,0.55851
-1.6428,134,0.55851
-1.6423,134,0.55851
-1.6419,134,0.55851
-1.6414,134,0.55851
-1.641,134,0.55851
-1.6405,134,0.55851
-1.6401,134,0.55851
-1.6396,134,0.55851
-1.6392,134,0.55851
-1.6387,134,0.55851
-1.6383,134,0.55851
-1.6379,134,0.55851
-1.6374,134,0.55851
-1.637,134,0.55851
-1.6365,134,0.55851
-1.6361,134,0.55851
-1.6356,134,0.55851
-1.6352,134,0.55851
-1.6347,134,0.55851
-1.6343,134,0.55851
-1.6338,134,0.55851
-1.6334,134,0.55851
-1.633,134,0.55851
-1.6325,134,0.55851
-1.6321,134,0.55851
-1.6316,134,0.55851
-1.6312,134,0.55851
-1.6307,134,0.55851
-1.6303,134,0.55851
-1.6299,134,0.55851
-1.6294,134,0.55851
-1.629,134,0.55851
-1.6285,134,0.55851
-1.6281,134,0.55851
-1.6276,134,0.55851
-1.6272,134,0.55851
-1.6268,134,0.55851
-1.6263,134,0.55851
-1.6259,134,0.55851
-1.6254,134,0.55851
-1.625,134,0.55851
-1.6245,134,0.55851
-1.6241,134,0.55851
-1.6237,134,0.55851
-1.6232,134,0.55851
-1.6228,134,0.55851
-1.6223,134,0.55851
-1.6219,134,0.55851
-1.6215,134,0.55851
-1.621,134,0.55851
-1.6206,134,0.55851
-1.6201,134,0.55851
-1.6197,134,0.55851
-1.6193,134,0.55851
-1.6188,134,0.55851
-1.6184,134,0.55851
-1.6179,134,0.55851
-1.6175,134,0.55851
-1.6171,134,0.55851
-1.6166,134,0.55851
-1.6162,134,0.55851
-1.6157,134,0.55851
-1.6153,134,0.55851
-1.6149,134,0.55851
-1.6144,134,0.55851
-1.614,134,0.55851
-1.6135,134,0.55851
-1.6131,134,0.55851
-1.6127,134,0.55851
-1.6122,134,0.55851
-1.6118,134,0.55851
-1.6114,134,0.55851
-1.6109,134,0.55851
-1.6105,134,0.55851
-1.61,134,0.55851
-1.6096,134,0.55851
-1.6092,134,0.55851
-1.6087,134,0.55851
-1.6083,134,0.55851
-1.6079,134,0.55851
-1.6074,134,0.55851
-1.607,134,0.55851
-1.6065,134,0.55851
-1.6061,134,0.55851
-1.6057,134,0.55851
-1.6052,134,0.55851
-1.6048,134,0.55851
-1.6044,134,0.55851
-1.6039,134,0.55851
-1.6035,134,0.55851
-1.6031,134,0.55851
-1.6026,134,0.55851
-1.6022,134,0.55851
-1.6017,134,0.55851
-1.6013,134,0.55851
-1.6009,134,0.55851
-1.6004,134,0.55851
-1.6,134,0.55851
-1.5996,134,0.55851
-1.5991,134,0.55851
-1.5987,134,0.55851
-1.5983,134,0.55851
-1.5978,134,0.55851
-1.5974,134,0.55851
-1.597,134,0.55851
-1.5965,134,0.55851
-1.5961,134,0.55851
-1.5957,134,0.55851
-1.5952,134,0.55851
-1.5948,134,0.55851
-1.5944,134,0.55851
-1.5939,134,0.55851
-1.5935,134,0.55851
-1.5931,134,0.55851
-1.5926,134,0.55851
-1.5922,134,0.55851
-1.5918,134,0.55851
-1.5913,134,0.55851
-1.5909,134,0.55851
-1.5905,134,0.55851
-1.59,134,0.55851
-1.5896,134,0.55851
-1.5892,134,0.55851
-1.5887,134,0.55851
-1.5883,134,0.55851
-1.5879,134,0.55851
-1.5874,134,0.55851
-1.587,134,0.55851
-1.5866,134,0.55851
-1.5862,134,0.55851
-1.5857,134,0.55851
-1.5853,134,0.55851
-1.5849,134,0.55851
-1.5844,134,0.55851
-1.584,134,0.55851
-1.5836,134,0.55851
-1.5831,134,0.55851
-1.5827,134,0.55851
-1.5823,134,0.55851
-1.5818,134,0.55851
-1.5814,134,0.55851
-1.581,134,0.55851
-1.5806,134,0.55851
-1.5801,134,0.55851
-1.5797,134,0.55851
-1.5793,134,0.55851
-1.5788,134,0.55851
-1.5784,134,0.55851
-1.578,134,0.55851
-1.5776,134,0.55851
-1.5771,134,0.55851
-1.5767,134,0.55851
-1.5763,134,0.55851
-1.5758,134,0.55851
-1.5754,134,0.55851
-1.575,134,0.55851
-1.5746,134,0.55851
-1.5741,134,0.55851
-1.5737,134,0.55851
-1.5733,134,0.55851
-1.5728,134,0.55851
-1.5724,134,0.55851
-1.572,134,0.55851
-1.5716,134,0.55851
-1.5711,134,0.55851
-1.5707,134,0.55851
-1.5703,134,0.55851
-1.5699,134,0.55851
-1.5694,134,0.55851
-1.569,134,0.55851
-1.5686,134,0.55851
-1.5682,134,0.55851
-1.5677,134,0.55851
-1.5673,134,0.55851
-1.5669,134,0.55851
-1.5665,134,0.55851
-1.566,134,0.55851
-1.5656,134,0.55851
-1.5652,134,0.55851
-1.5648,134,0.55851
-1.5643,134,0.55851
-1.5639,134,0.55851
-1.5635,134,0.55851
-1.5631,134,0.55851
-1.5626,134,0.55851
-1.5622,134,0.55851
-1.5618,134,0.55851
-1.5614,134,0.55851
-1.5609,134,0.55851
-1.5605,134,0.55851
-1.5601,134,0.55851
-1.5597,134,0.55851
-1.5592,134,0.55851
-1.5588,134,0.55851
-1.5584,134,0.55851
-1.558,134,0.55851
-1.5575,134,0.55851
-1.5571,134,0.55851
-1.5567,134,0.55851
-1.5563,134,0.55851
-1.5559,134,0.55851
-1.5554,134,0.55851
-1.555,134,0.55851
-1.5546,134,0.55851
-1.5542,134,0.55851
-1.5537,134,0.55851
-1.5533,134,0.55851
-1.5529,134,0.55851
-1.5525,134,0.55851
-1.5521,134,0.55851
-1.5516,134,0.55851
-1.5512,134,0.55851
-1.5508,134,0.55851
-1.5504,134,0.55851
-1.5499,134,0.55851
-1.5495,134,0.55851
-1.5491,134,0.55851
-1.5487,134,0.55851
-1.5483,134,0.55851
-1.5478,134,0.55851
-1.5474,134,0.55851
-1.547,134,0.55851
-1.5466,134,0.55851
-1.5462,134,0.55851
-1.5457,134,0.55851
-1.5453,134,0.55851
-1.5449,134,0.55851
-1.5445,134,0.55851
-1.5441,134,0.55851
-1.5436,134,0.55851
-1.5432,134,0.55851
-1.5428,134,0.55851
-1.5424,134,0.55851
-1.542,134,0.55851
-1.5416,134,0.55851
-1.5411,134,0.55851
-1.5407,134,0.55851
-1.5403,134,0.55851
-1.5399,134,0.55851
-1.5395,134,0.55851
-1.539,134,0.55851
-1.5386,134,0.55851
-1.5382,134,0.55851
-1.5378,134,0.55851
-1.5374,134,0.55851
-1.537,134,0.55851
-1.5365,134,0.55851
-1.5361,134,0.55851
-1.5357,134,0.55851
-1.5353,134,0.55851
-1.5349,134,0.55851
-1.5345,134,0.55851
-1.534,134,0.55851
-1.5336,134,0.55851
-1.5332,134,0.55851
-1.5328,134,0.55851
-1.5324,134,0.55851
-1.532,134,0.55851
-1.5315,134,0.55851
-1.5311,134,0.55851
-1.5307,134,0.55851
-1.5303,134,0.55851
-1.5299,134,0.55851
-1.5295,134,0.55851
-1.529,134,0.55851
-1.5286,134,0.55851
-1.5282,134,0.55851
-1.5278,134,0.55851
-1.5274,134,0.55851
-1.527,134,0.55851
-1.5266,134,0.55851
-1.5261,134,0.55851
-1.5257,134,0.55851
-1.5253,134,0.55851
-1.5249,134,0.55851
-1.5245,134,0.55851
-1.5241,134,0.55851
-1.5237,134,0.55851
-1.5232,134,0.55851
-1.5228,134,0.55851
-1.5224,134,0.55851
-1.522,134,0.55851
-1.5216,134,0.55851
-1.5212,134,0.55851
-1.5208,134,0.55851
-1.5204,134,0.55851
-1.5199,134,0.55851
-1.5195,134,0.55851
-1.5191,134,0.55851
-1.5187,134,0.55851
-1.5183,134,0.55851
-1.5179,134,0.55851
-1.5175,134,0.55851
-1.5171,134,0.55851
-1.5166,134,0.55851
-1.5162,134,0.55851
-1.5158,134,0.55851
-1.5154,134,0.55851
-1.515,134,0.55851
-1.5146,134,0.55851
-1.5142,134,0.55851
-1.5138,134,0.55851
-1.5134,134,0.55851
-1.5129,134,0.55851
-1.5125,134,0.55851
-1.5121,134,0.55851
-1.5117,134,0.55851
-1.5113,134,0.55851
-1.5109,134,0.55851
-1.5105,134,0.55851
-1.5101,134,0.55851
-1.5097,134,0.55851
-1.5093,134,0.55851
-1.5088,134,0.55851
-1.5084,134,0.55851
-1.508,134,0.55851
-1.5076,134,0.55851
-1.5072,134,0.55851
-1.5068,134,0.55851
-1.5064,134,0.55851
-1.506,134,0.55851
-1.5056,134,0.55851
-1.5052,134,0.55851
-1.5048,134,0.55851
-1.5043,134,0.55851
-1.5039,134,0.55851
-1.5035,134,0.55851
-1.5031,134,0.55851
-1.5027,134,0.55851
-1.5023,134,0.55851
-1.5019,134,0.55851
-1.5015,134,0.55851
-1.5011,134,0.55851
-1.5007,134,0.55851
-1.5003,134,0.55851
-1.4999,134,0.55851
-1.4995,134,0.55851
-1.499,134,0.55851
-1.4986,134,0.55851
-1.4982,134,0.55851
-1.4978,134,0.55851
-1.4974,134,0.55851
-1.497,134,0.55851
-1.4966,134,0.55851
-1.4962,134,0.55851
-1.4958,134,0.55851
-1.4954,134,0.55851
-1.495,134,0.55851
-1.4946,134,0.55851
-1.4942,134,0.55851
-1.4938,134,0.55851
-1.4934,134,0.55851
-1.493,134,0.55851
-1.4926,134,0.55851
-1.4921,134,0.55851
-1.4917,134,0.55851
-1.4913,134,0.55851
-1.4909,134,0.55851
-1.4905,134,0.55851
-1.4901,134,0.55851
-1.4897,134,0.55851
-1.4893,134,0.55851
-1.4889,134,0.55851
-1.4885,134,0.55851
-1.4881,134,0.55851
-1.4877,134,0.55851
-1.4873,134,0.55851
-1.4869,134,0.55851
-1.4865,134,0.55851
-1.4861,134,0.55851
-1.4857,134,0.55851
-1.4853,134,0.55851
-1.4849,134,0.55851
-1.4845,134,0.55851
-1.4841,134,0.55851
-1.4837,134,0.55851
-1.4833,134,0.55851
-1.4829,134,0.55851
-1.4825,134,0.55851
-1.4821,134,0.55851
-1.4817,134,0.55851
-1.4813,134,0.55851
-1.4809,134,0.55851
-1.4805,134,0.55851
-1.48,134,0.55851
-1.4796,134,0.55851
-1.4792,134,0.55851
-1.4788,134,0.55851
-1.4784,134,0.55851
-1.478,134,0.55851
-1.4776,134,0.55851
-1.4772,134,0.55851
-1.4768,134,0.55851
-1.4764,134,0.55851
-1.476,134,0.55851
-1.4756,134,0.55851
-1.4752,134,0.55851
-1.4748,134,0.55851
-1.4744,134,0.55851
-1.474,134,0.55851
-1.4736,134,0.55851
-1.4732,134,0.55851
-1.4728,134,0.55851
-1.4724,134,0.55851
-1.472,134,0.55851
-1.4716,134,0.55851
-1.4712,134,0.55851
-1.4708,134,0.55851
-1.4704,134,0.55851
-1.47,134,0.55851
-1.4696,134,0.55851
-1.4692,134,0.55851
-1.4688,134,0.55851
-1.4685,134,0.55851
-1.4681,134,0.55851
-1.4677,134,0.55851
-1.4673,134,0.55851
-1.4669,134,0.55851
-1.4665,134,0.55851
-1.4661,134,0.55851
-1.4657,134,0.55851
-1.4653,134,0.55851
-1.4649,134,0.55851
-1.4645,134,0.55851
-1.4641,134,0.55851
-1.4637,134,0.55851
-1.4633,134,0.55851
-1.4629,134,0.55851
-1.4625,134,0.55851
-1.4621,134,0.55851
-1.4617,134,0.55851
-1.4613,134,0.55851
-1.4609,134,0.55851
-1.4605,134,0.55851
-1.4601,134,0.55851
-1.4597,134,0.55851
-1.4593,134,0.55851
-1.4589,134,0.55851
-1.4585,134,0.55851
-1.4581,134,0.55851
-1.4577,134,0.55851
-1.4573,134,0.55851
-1.4569,134,0.55851
-1.4565,134,0.55851
-1.4562,134,0.55851
-1.4558,134,0.55851
-1.4554,134,0.55851
-1.455,134,0.55851
-1.4546,134,0.55851
-1.4542,134,0.55851
-1.4538,134,0.55851
-1.4534,134,0.55851
-1.453,134,0.55851
-1.4526,134,0.55851
-1.4522,134,0.55851
-1.4518,134,0.55851
-1.4514,134,0.55851
-1.451,134,0.55851
-1.4506,134,0.55851
-1.4502,134,0.55851
-1.4498,134,0.55851
-1.4495,134,0.55851
-1.4491,134,0.55851
-1.4487,134,0.55851
-1.4483,134,0.55851
-1.4479,134,0.55851
-1.4475,134,0.55851
-1.4471,134,0.55851
-1.4467,134,0.55851
-1.4463,134,0.55851
-1.4459,134,0.55851
-1.4455,134,0.55851
-1.4451,134,0.55851
-1.4447,134,0.55851
-1.4444,134,0.55851
-1.444,134,0.55851
-1.4436,134,0.55851
-1.4432,134,0.55851
-1.4428,134,0.55851
-1.4424,134,0.55851
-1.442,134,0.55851
-1.4416,134,0.55851
-1.4412,134,0.55851
-1.4408,134,0.55851
-1.4404,134,0.55851
-1.4401,134,0.55851
-1.4397,134,0.55851
-1.4393,134,0.55851
-1.4389,134,0.55851
-1.4385,134,0.55851
-1.4381,134,0.55851
-1.4377,134,0.55851
-1.4373,134,0.55851
-1.4369,134,0.55851
-1.4365,134,0.55851
-1.4362,134,0.55851
-1.4358,134,0.55851
-1.4354,134,0.55851
-1.435,134,0.55851
-1.4346,134,0.55851
-1.4342,134,0.55851
-1.4338,134,0.55851
-1.4334,134,0.55851
-1.433,134,0.55851
-1.4327,134,0.55851
-1.4323,134,0.55851
-1.4319,134,0.55851
-1.4315,134,0.55851
-1.4311,134,0.55851
-1.4307,134,0.55851
-1.4303,134,0.55851
-1.4299,134,0.55851
-1.4296,134,0.55851
-1.4292,134,0.55851
-1.4288,134,0.55851
-1.4284,134,0.55851
-1.428,134,0.55851
-1.4276,134,0.55851
-1.4272,134,0.55851
-1.4268,134,0.55851
-1.4265,134,0.55851
-1.4261,134,0.55851
-1.4257,134,0.55851
-1.4253,134,0.55851
-1.4249,134,0.55851
-1.4245,134,0.55851
-1.4241,134,0.55851
-1.4237,134,0.55851
-1.4234,134,0.55851
-1.423,134,0.55851
-1.4226,134,0.55851
-1.4222,134,0.55851
-1.4218,134,0.55851
-1.4214,134,0.55851
-1.421,134,0.55851
-1.4207,134,0.55851
-1.4203,134,0.55851
-1.4199,134,0.55851
-1.4195,134,0.55851
-1.4191,134,0.55851
-1.4187,134,0.55851
-1.4184,134,0.55851
-1.418,134,0.55851
-1.4176,134,0.55851
-1.4172,134,0.55851
-1.4168,134,0.55851
-1.4164,134,0.55851
-1.4161,134,0.55851
-1.4157,134,0.55851
-1.4153,134,0.55851
-1.4149,134,0.55851
-1.4145,134,0.55851
-1.4141,134,0.55851
-1.4137,134,0.55851
-1.4134,134,0.55851
-1.413,134,0.55851
-1.4126,134,0.55851
-1.4122,134,0.55851
-1.4118,134,0.55851
-1.4115,134,0.55851
-1.4111,134,0.55851
-1.4107,134,0.55851
-1.4103,134,0.55851
-1.4099,134,0.55851
-1.4095,134,0.55851
-1.4092,134,0.55851
-1.4088,134,0.55851
-1.4084,134,0.55851
-1.408,134,0.55851
-1.4076,134,0.55851
-1.4073,134,0.55851
-1.4069,134,0.55851
-1.4065,134,0.55851
-1.4061,134,0.55851
-1.4057,134,0.55851
-1.4053,134,0.55851
-1.405,134,0.55851
-1.4046,134,0.55851
-1.4042,134,0.55851
-1.4038,134,0.55851
-1.4034,134,0.55851
-1.4031,134,0.55851
-1.4027,134,0.55851
-1.4023,134,0.55851
-1.4019,134,0.55851
-1.4015,134,0.55851
-1.4012,134,0.55851
-1.4008,134,0.55851
-1.4004,134,0.55851
-1.4,134,0.55851
-1.3996,134,0.55851
-1.3993,134,0.55851
-1.3989,134,0.55851
-1.3985,134,0.55851
-1.3981,134,0.55851
-1.3977,134,0.55851
-1.3974,134,0.55851
-1.397,134,0.55851
-1.3966,134,0.55851
-1.3962,134,0.55851
-1.3959,134,0.55851
-1.3955,134,0.55851
-1.3951,134,0.55851
-1.3947,134,0.55851
-1.3943,134,0.55851
-1.394,134,0.55851
-1.3936,134,0.55851
-1.3932,134,0.55851
-1.3928,134,0.55851
-1.3925,134,0.55851
-1.3921,134,0.55851
-1.3917,134,0.55851
-1.3913,134,0.55851
-1.3909,134,0.55851
-1.3906,134,0.55851
-1.3902,134,0.55851
-1.3898,134,0.55851
-1.3894,134,0.55851
-1.3891,134,0.55851
-1.3887,134,0.55851
-1.3883,134,0.55851
-1.3879,134,0.55851
-1.3876,134,0.55851
-1.3872,134,0.55851
-1.3868,134,0.55851
-1.3864,134,0.55851
-1.3861,134,0.55851
-1.3857,134,0.55851
-1.3853,134,0.55851
-1.3849,134,0.55851
-1.3846,134,0.55851
-1.3842,134,0.55851
-1.3838,134,0.55851
-1.3834,134,0.55851
-1.3831,134,0.55851
-1.3827,134,0.55851
-1.3823,134,0.55851
-1.3819,134,0.55851
-1.3816,134,0.55851
-1.3812,134,0.55851
-1.3808,134,0.55851
-1.3804,134,0.55851
-1.3801,134,0.55851
-1.3797,134,0.55851
-1.3793,134,0.55851
-1.3789,134,0.55851
-1.3786,134,0.55851
-1.3782,134,0.55851
-1.3778,134,0.55851
-1.3774,134,0.55851
-1.3771,134,0.55851
-1.3767,134,0.55851
-1.3763,134,0.55851
-1.376,134,0.55851
-1.3756,134,0.55851
-1.3752,134,0.55851
-1.3748,134,0.55851
-1.3745,134,0.55851
-1.3741,134,0.55851
-1.3737,134,0.55851
-1.3733,134,0.55851
-1.373,134,0.55851
-1.3726,134,0.55851
-1.3722,134,0.55851
-1.3719,134,0.55851
-1.3715,134,0.55851
-1.3711,134,0.55851
-1.3707,134,0.55851
-1.3704,134,0.55851
-1.37,134,0.55851
-1.3696,134,0.55851
-1.3693,134,0.55851
-1.3689,134,0.55851
-1.3685,134,0.55851
-1.3681,134,0.55851
-1.3678,134,0.55851
-1.3674,134,0.55851
-1.367,134,0.55851
-1.3667,134,0.55851
-1.3663,134,0.55851
-1.3659,134,0.55851
-1.3656,134,0.55851
-1.3652,134,0.55851
-1.3648,134,0.55851
-1.3644,134,0.55851
-1.3641,134,0.55851
-1.3637,134,0.55851
-1.3633,134,0.55851
-1.363,134,0.55851
-1.3626,134,0.55851
-1.3622,134,0.55851
-1.3619,134,0.55851
-1.3615,134,0.55851
-1.3611,134,0.55851
-1.3608,134,0.55851
-1.3604,134,0.55851
-1.36,134,0.55851
-1.3597,134,0.55851
-1.3593,134,0.55851
-1.3589,134,0.55851
-1.3585,134,0.55851
-1.3582,134,0.55851
-1.3578,134,0.55851
-1.3574,134,0.55851
-1.3571,134,0.55851
-1.3567,134,0.55851
-1.3563,134,0.55851
-1.356,134,0.55851
-1.3556,134,0.55851
-1.3552,134,0.55851
-1.3549,134,0.55851
-1.3545,134,0.55851
-1.3541,134,0.55851
-1.3538,134,0.55851
-1.3534,134,0.55851
-1.353,134,0.55851
-1.3527,134,0.55851
-1.3523,134,0.55851
-1.3519,134,0.55851
-1.3516,134,0.55851
-1.3512,134,0.55851
-1.3508,134,0.55851
