0,60,0
-2.2204e-13,60,0.00018277
-5.1555,60,0.00036554
2.087,60,0.00054831
11.15,60,0.00073108
12.653,60,0.00091385
12.376,60,0.0010966
13.605,60,0.0012794
15.5,60,0.0014621
17.581,60,0.0016449
19.719,60,0.0018277
21.877,60,0.0020104
24.045,60,0.0021932
26.219,60,0.0023759
28.396,60,0.0025587
30.576,60,0.0027414
32.756,60,0.0029242
34.936,60,0.0031069
37.116,60,0.0032897
39.293,60,0.0034724
41.467,60,0.0036551
43.638,60,0.0038379
45.804,60,0.0040206
47.964,60,0.0042033
50.118,60,0.004386
52.265,60,0.0045687
54.404,60,0.0047514
56.534,60,0.0049341
58.654,60,0.0051168
60.763,60,0.0052995
62.862,60,0.0054822
64.948,60,0.0056649
67.022,60,0.0058476
69.082,60,0.0060302
71.129,60,0.0062129
73.16,60,0.0063955
75.176,60,0.0065782
77.176,60,0.0067608
79.16,60,0.0069434
81.126,60,0.0071261
83.075,60,0.0073087
85.006,60,0.0074913
86.918,60,0.0076739
88.811,60,0.0078565
90.685,60,0.0080391
92.539,60,0.0082216
94.373,60,0.0084042
96.186,60,0.0085867
97.979,60,0.0087693
99.751,60,0.0089518
101.5,60,0.0091343
103.23,60,0.0093169
104.94,60,0.0094994
106.63,60,0.0096819
108.29,60,0.0098643
109.94,60,0.010047
111.56,60,0.010229
113.16,60,0.010412
114.74,60,0.010594
116.3,60,0.010777
117.83,60,0.010959
119.35,60,0.011141
120.84,60,0.011324
122.32,60,0.011506
123.77,60,0.011689
125.2,60,0.011871
126.61,60,0.012053
128.01,60,0.012236
129.38,60,0.012418
130.74,60,0.0126
132.07,60,0.012782
133.39,60,0.012965
134.69,60,0.013147
135.97,60,0.013329
137.24,60,0.013511
138.49,60,0.013694
139.72,60,0.013876
140.94,60,0.014058
142.15,60,0.01424
143.33,60,0.014422
144.51,60,0.014605
145.67,60,0.014787
146.82,60,0.014969
147.95,60,0.015151
149.08,60,0.015333
150.19,60,0.015515
151.29,60,0.015697
152.39,60,0.015879
153.47,60,0.016061
154.54,60,0.016243
155.6,60,0.016425
156.66,60,0.016607
157.71,60,0.016789
158.75,60,0.016971
159.78,60,0.017153
160.81,60,0.017335
161.84,60,0.017516
162.85,60,0.017698
163.87,60,0.01788
164.87,60,0.018062
165.88,60,0.018244
166.88,60,0.018425
167.87,60,0.018607
168.87,60,0.018789
169.86,60,0.018971
170.85,60,0.019152
171.83,60,0.019334
172.82,60,0.019516
173.8,60,0.019697
174.79,60,0.019879
175.77,60,0.02006
176.75,60,0.020242
177.73,60,0.020423
178.71,60,0.020605
179.69,60,0.020786
180.67,60,0.020968
181.65,60,0.021149
182.63,60,0.021331
183.61,60,0.021512
184.59,60,0.021693
185.57,60,0.021875
186.55,60,0.022056
187.54,60,0.022237
188.52,60,0.022419
189.5,60,0.0226
190.48,60,0.022781
191.47,60,0.022962
192.45,60,0.023143
193.43,60,0.023325
194.42,60,0.023506
195.4,60,0.023687
196.38,60,0.023868
197.37,60,0.024049
198.35,60,0.02423
199.33,60,0.024411
200.31,60,0.024592
201.3,60,0.024773
202.28,60,0.024954
203.26,60,0.025135
204.23,60,0.025315
205.21,60,0.025496
206.19,60,0.025677
207.16,60,0.025858
208.14,60,0.026039
209.11,60,0.026219
210.08,60,0.0264
211.04,60,0.026581
212.01,60,0.026761
212.97,60,0.026942
213.93,60,0.027122
214.89,60,0.027303
215.84,60,0.027483
216.79,60,0.027664
217.74,60,0.027844
218.69,60,0.028025
219.63,60,0.028205
220.57,60,0.028386
221.51,60,0.028566
222.44,60,0.028746
223.37,60,0.028926
224.3,60,0.029107
225.22,60,0.029287
226.14,60,0.029467
227.06,60,0.029647
227.97,60,0.029827
228.88,60,0.030007
229.79,60,0.030187
230.69,60,0.030367
231.59,60,0.030547
232.49,60,0.030727
233.38,60,0.030907
234.27,60,0.031087
235.16,60,0.031267
236.04,60,0.031447
236.92,60,0.031626
237.8,60,0.031806
238.68,60,0.031986
239.55,60,0.032165
240.42,60,0.032345
241.29,60,0.032525
242.16,60,0.032704
243.02,60,0.032884
243.88,60,0.033063
244.75,60,0.033243
245.61,60,0.033422
246.47,60,0.033601
247.32,60,0.033781
248.18,60,0.03396
249.04,60,0.034139
249.9,60,0.034319
250.76,60,0.034498
251.61,60,0.034677
252.47,60,0.034856
253.33,60,0.035035
254.19,60,0.035214
255.06,60,0.035393
255.92,60,0.035572
256.79,60,0.035751
257.65,60,0.03593
258.52,60,0.036109
259.4,60,0.036287
260.27,60,0.036466
261.15,60,0.036645
262.04,60,0.036824
262.93,60,0.037002
263.82,60,0.037181
264.71,60,0.037359
265.61,60,0.037538
266.52,60,0.037716
267.43,60,0.037895
268.35,60,0.038073
269.27,60,0.038252
270.2,60,0.03843
271.13,60,0.038608
272.07,60,0.038786
273.02,60,0.038964
273.98,60,0.039143
274.94,60,0.039321
275.91,60,0.039499
276.89,60,0.039677
277.87,60,0.039855
278.87,60,0.040033
279.87,60,0.040211
280.88,60,0.040388
281.9,60,0.040566
282.93,60,0.040744
283.96,60,0.040922
285.01,60,0.041099
286.07,60,0.041277
287.13,60,0.041454
288.21,60,0.041632
289.29,60,0.041809
290.39,60,0.041987
291.49,60,0.042164
292.61,60,0.042342
293.73,60,0.042519
294.87,60,0.042696
296.02,60,0.042873
297.17,60,0.04305
298.34,60,0.043228
299.52,60,0.043405
300.71,60,0.043582
301.91,60,0.043759
303.12,60,0.043935
304.34,60,0.044112
305.57,60,0.044289
306.82,60,0.044466
308.07,60,0.044643
309.34,60,0.044819
310.61,60,0.044996
311.9,60,0.045172
313.2,60,0.045349
314.51,60,0.045525
315.83,60,0.045702
317.16,60,0.045878
318.5,60,0.046055
319.85,60,0.046231
321.21,60,0.046407
322.59,60,0.046583
323.97,60,0.046759
325.36,60,0.046935
326.77,60,0.047111
328.18,60,0.047287
329.61,60,0.047463
331.05,60,0.047639
332.49,60,0.047815
333.95,60,0.047991
335.41,60,0.048166
336.89,60,0.048342
338.38,60,0.048518
339.87,60,0.048693
341.38,60,0.048869
342.89,60,0.049044
344.42,60,0.049219
345.95,60,0.049395
347.49,60,0.04957
349.05,60,0.049745
350.61,60,0.04992
352.18,60,0.050096
353.76,60,0.050271
355.34,60,0.050446
356.94,60,0.050621
358.54,60,0.050795
360.16,60,0.05097
361.78,60,0.051145
363.41,60,0.05132
365.05,60,0.051494
366.69,60,0.051669
368.35,60,0.051844
370.01,60,0.052018
371.68,60,0.052192
373.36,60,0.052367
375.04,60,0.052541
376.74,60,0.052715
378.44,60,0.05289
380.14,60,0.053064
381.86,60,0.053238
383.58,60,0.053412
385.31,60,0.053586
387.05,60,0.05376
388.79,60,0.053934
390.54,60,0.054107
392.3,60,0.054281
394.06,60,0.054455
395.83,60,0.054628
397.61,60,0.054802
399.39,60,0.054976
401.18,60,0.055149
402.97,60,0.055322
404.77,60,0.055496
406.58,60,0.055669
408.4,60,0.055842
410.22,60,0.056015
412.04,60,0.056188
413.87,60,0.056361
415.71,60,0.056534
417.55,60,0.056707
419.4,60,0.05688
421.26,60,0.057053
423.12,60,0.057225
424.98,60,0.057398
426.85,60,0.057571
428.73,60,0.057743
430.61,60,0.057916
432.5,60,0.058088
434.39,60,0.05826
436.29,60,0.058433
438.19,60,0.058605
440.1,60,0.058777
442.01,60,0.058949
443.92,60,0.059121
445.85,60,0.059293
447.77,60,0.059465
449.7,60,0.059637
451.64,60,0.059808
453.58,60,0.05998
455.52,60,0.060152
457.47,60,0.060323
459.42,60,0.060495
461.38,60,0.060666
463.34,60,0.060837
465.31,60,0.061009
467.28,60,0.06118
469.25,60,0.061351
471.23,60,0.061522
473.21,60,0.061693
475.19,60,0.061864
477.18,60,0.062035
479.17,60,0.062206
481.17,60,0.062376
483.16,60,0.062547
485.17,60,0.062718
487.17,60,0.062888
489.18,60,0.063059
491.19,60,0.063229
493.2,60,0.063399
495.22,60,0.06357
497.24,60,0.06374
499.26,60,0.06391
501.28,60,0.06408
503.31,60,0.06425
505.34,60,0.06442
507.37,60,0.06459
509.4,60,0.064759
511.44,60,0.064929
513.47,60,0.065099
515.51,60,0.065268
517.55,60,0.065438
519.59,60,0.065607
521.64,60,0.065776
523.68,60,0.065946
525.73,60,0.066115
527.77,60,0.066284
529.82,60,0.066453
531.87,60,0.066622
533.92,60,0.066791
535.97,60,0.06696
538.02,60,0.067128
540.07,60,0.067297
542.12,60,0.067466
544.17,60,0.067634
546.23,60,0.067803
548.28,60,0.067971
550.33,60,0.068139
552.38,60,0.068308
554.43,60,0.068476
556.48,60,0.068644
558.53,60,0.068812
560.57,60,0.06898
562.62,60,0.069148
564.67,60,0.069315
566.71,60,0.069483
568.75,60,0.069651
570.8,60,0.069818
572.84,60,0.069986
574.87,60,0.070153
576.91,60,0.07032
578.94,60,0.070488
580.98,60,0.070655
583.01,60,0.070822
585.03,60,0.070989
587.06,60,0.071156
589.08,60,0.071323
591.1,60,0.071489
593.12,60,0.071656
595.13,60,0.071823
597.14,60,0.071989
599.15,60,0.072156
601.15,60,0.072322
603.15,60,0.072488
605.15,60,0.072655
607.14,60,0.072821
609.13,60,0.072987
611.11,60,0.073153
613.09,60,0.073319
615.07,60,0.073485
617.04,60,0.07365
619.01,60,0.073816
620.97,60,0.073982
622.93,60,0.074147
624.89,60,0.074313
626.83,60,0.074478
628.78,60,0.074643
630.72,60,0.074808
632.65,60,0.074973
634.58,60,0.075138
636.5,60,0.075303
638.42,60,0.075468
640.33,60,0.075633
642.23,60,0.075798
644.13,60,0.075962
646.02,60,0.076127
647.91,60,0.076291
649.79,60,0.076455
651.67,60,0.07662
653.54,60,0.076784
655.4,60,0.076948
657.25,60,0.077112
659.1,60,0.077276
660.94,60,0.07744
662.78,60,0.077603
664.61,60,0.077767
666.43,60,0.077931
668.24,60,0.078094
670.05,60,0.078258
671.85,60,0.078421
673.64,60,0.078584
675.42,60,0.078747
677.2,60,0.07891
678.97,60,0.079073
680.73,60,0.079236
682.48,60,0.079399
684.23,60,0.079562
685.97,60,0.079724
687.7,60,0.079887
689.42,60,0.080049
691.13,60,0.080212
692.84,60,0.080374
694.53,60,0.080536
696.22,60,0.080698
697.9,60,0.08086
699.57,60,0.081022
701.24,60,0.081184
702.89,60,0.081346
704.54,60,0.081508
706.17,60,0.081669
707.8,60,0.081831
709.42,60,0.081992
711.03,60,0.082153
712.63,60,0.082315
714.22,60,0.082476
715.8,60,0.082637
717.38,60,0.082798
718.94,60,0.082958
720.49,60,0.083119
722.04,60,0.08328
723.57,60,0.08344
725.1,60,0.083601
726.61,60,0.083761
728.12,60,0.083922
729.62,60,0.084082
731.1,60,0.084242
732.58,60,0.084402
734.05,60,0.084562
735.51,60,0.084722
736.95,60,0.084882
738.39,60,0.085041
739.82,60,0.085201
741.23,60,0.08536
742.64,60,0.08552
744.04,60,0.085679
745.42,60,0.085838
746.8,60,0.085997
748.16,60,0.086156
749.52,60,0.086315
750.86,60,0.086474
752.2,60,0.086633
753.52,60,0.086791
754.83,60,0.08695
756.13,60,0.087108
757.43,60,0.087266
758.71,60,0.087425
759.98,60,0.087583
761.23,60,0.087741
762.48,60,0.087899
763.72,60,0.088057
764.95,60,0.088214
766.16,60,0.088372
767.37,60,0.08853
768.56,60,0.088687
769.74,60,0.088844
770.92,60,0.089002
772.08,60,0.089159
773.23,60,0.089316
774.36,60,0.089473
775.49,60,0.08963
776.61,60,0.089787
777.71,60,0.089943
778.8,60,0.0901
779.89,60,0.090256
780.96,60,0.090413
782.02,60,0.090569
783.07,60,0.090725
784.1,60,0.090881
785.13,60,0.091037
786.14,60,0.091193
787.15,60,0.091349
788.14,60,0.091505
789.12,60,0.09166
790.09,60,0.091816
791.04,60,0.091971
791.99,60,0.092126
792.92,60,0.092282
793.85,60,0.092437
794.76,60,0.092592
795.66,60,0.092747
796.54,60,0.092901
797.42,60,0.093056
798.29,60,0.093211
799.14,60,0.093365
799.98,60,0.093519
800.81,60,0.093674
801.63,60,0.093828
802.44,60,0.093982
803.24,60,0.094136
804.02,60,0.09429
804.79,60,0.094443
805.55,60,0.094597
806.3,60,0.094751
807.04,60,0.094904
807.77,60,0.095057
808.49,60,0.095211
809.19,60,0.095364
809.88,60,0.095517
810.56,60,0.09567
811.23,60,0.095823
811.89,60,0.095975
812.54,60,0.096128
813.17,60,0.09628
813.8,60,0.096433
814.41,60,0.096585
815.01,60,0.096737
815.6,60,0.096889
816.18,60,0.097041
816.75,60,0.097193
817.31,60,0.097345
817.85,60,0.097497
818.39,60,0.097648
818.91,60,0.0978
819.42,60,0.097951
819.92,60,0.098102
820.41,60,0.098253
820.89,60,0.098404
821.36,60,0.098555
821.81,60,0.098706
822.26,60,0.098857
822.69,60,0.099007
823.12,60,0.099158
823.53,60,0.099308
823.93,60,0.099458
824.33,60,0.099608
824.71,60,0.099758
825.08,60,0.099908
825.44,60,0.10006
825.78,60,0.10021
826.12,60,0.10036
826.45,60,0.10051
826.77,60,0.10066
827.07,60,0.10081
827.37,60,0.10095
827.66,60,0.1011
827.93,60,0.10125
828.2,60,0.1014
828.45,60,0.10155
828.7,60,0.1017
828.93,60,0.10185
829.16,60,0.102
829.37,60,0.10214
829.58,60,0.10229
829.77,60,0.10244
829.96,60,0.10259
830.13,60,0.10274
830.3,60,0.10288
830.46,60,0.10303
830.6,60,0.10318
830.74,60,0.10333
830.87,60,0.10347
830.99,60,0.10362
831.09,60,0.10377
831.19,60,0.10391
831.28,60,0.10406
831.36,60,0.10421
831.44,60,0.10435
831.5,60,0.1045
831.55,60,0.10465
831.6,60,0.10479
831.63,60,0.10494
831.66,60,0.10509
831.68,60,0.10523
831.69,60,0.10538
831.69,60,0.10552
831.68,60,0.10567
831.67,60,0.10581
831.64,60,0.10596
831.61,60,0.1061
831.57,60,0.10625
831.52,60,0.10639
831.46,60,0.10654
831.4,60,0.10668
831.33,60,0.10683
831.25,60,0.10697
831.16,60,0.10712
831.06,60,0.10726
830.96,60,0.10741
830.84,60,0.10755
830.73,60,0.10769
830.6,60,0.10784
830.46,60,0.10798
830.32,60,0.10812
830.17,60,0.10827
830.02,60,0.10841
829.86,60,0.10855
829.69,60,0.1087
829.51,60,0.10884
829.33,60,0.10898
829.14,60,0.10913
828.94,60,0.10927
828.74,60,0.10941
828.53,60,0.10955
828.31,60,0.1097
828.09,60,0.10984
827.86,60,0.10998
827.62,60,0.11012
827.38,60,0.11026
827.13,60,0.1104
826.88,60,0.11055
826.62,60,0.11069
826.36,60,0.11083
826.09,60,0.11097
825.81,60,0.11111
825.53,60,0.11125
825.24,60,0.11139
824.95,60,0.11153
824.65,60,0.11167
824.35,60,0.11181
824.04,60,0.11195
823.73,60,0.11209
823.41,60,0.11223
823.09,60,0.11237
822.76,60,0.11251
822.43,60,0.11265
822.09,60,0.11279
821.75,60,0.11293
821.41,60,0.11307
821.06,60,0.11321
820.7,60,0.11335
820.34,60,0.11349
819.98,60,0.11363
819.62,60,0.11377
819.25,60,0.1139
818.87,60,0.11404
818.5,60,0.11418
818.11,60,0.11432
817.73,60,0.11446
817.34,60,0.1146
816.95,60,0.11473
816.56,60,0.11487
816.16,60,0.11501
815.76,60,0.11515
815.35,60,0.11528
814.95,60,0.11542
814.54,60,0.11556
814.12,60,0.11569
813.71,60,0.11583
813.29,60,0.11597
812.87,60,0.1161
812.45,60,0.11624
812.02,60,0.11638
811.6,60,0.11651
811.17,60,0.11665
810.74,60,0.11679
810.3,60,0.11692
809.87,60,0.11706
809.43,60,0.11719
808.99,60,0.11733
808.55,60,0.11746
808.11,60,0.1176
807.67,60,0.11773
807.22,60,0.11787
806.78,60,0.118
806.33,60,0.11814
805.88,60,0.11827
805.43,60,0.11841
804.98,60,0.11854
804.53,60,0.11867
804.08,60,0.11881
803.63,60,0.11894
803.17,60,0.11908
802.72,60,0.11921
802.27,60,0.11934
801.81,60,0.11948
801.36,60,0.11961
800.9,60,0.11974
800.45,60,0.11988
799.99,60,0.12001
799.54,60,0.12014
799.08,60,0.12027
798.63,60,0.12041
798.17,60,0.12054
797.72,60,0.12067
797.27,60,0.1208
796.81,60,0.12093
796.36,60,0.12107
795.91,60,0.1212
795.46,60,0.12133
795.01,60,0.12146
794.56,60,0.12159
794.11,60,0.12172
793.66,60,0.12185
793.22,60,0.12198
792.77,60,0.12211
792.33,60,0.12224
791.89,60,0.12238
791.44,60,0.12251
791.01,60,0.12264
790.57,60,0.12277
790.13,60,0.1229
789.7,60,0.12303
789.26,60,0.12315
788.83,60,0.12328
788.4,60,0.12341
787.98,60,0.12354
787.55,60,0.12367
787.13,60,0.1238
786.71,60,0.12393
786.29,60,0.12406
785.88,60,0.12419
785.46,60,0.12431
785.05,60,0.12444
784.64,60,0.12457
784.24,60,0.1247
783.83,60,0.12483
783.43,60,0.12495
783.03,60,0.12508
782.64,60,0.12521
782.25,60,0.12534
781.86,60,0.12546
781.47,60,0.12559
781.09,60,0.12572
780.71,60,0.12584
780.33,60,0.12597
779.96,60,0.1261
779.59,60,0.12622
779.22,60,0.12635
778.86,60,0.12648
778.5,60,0.1266
778.14,60,0.12673
777.79,60,0.12685
777.44,60,0.12698
777.09,60,0.1271
776.75,60,0.12723
776.41,60,0.12735
776.07,60,0.12748
775.74,60,0.1276
775.42,60,0.12773
775.09,60,0.12785
774.77,60,0.12798
774.46,60,0.1281
774.15,60,0.12823
773.84,60,0.12835
773.54,60,0.12847
773.24,60,0.1286
772.95,60,0.12872
772.66,60,0.12884
772.37,60,0.12897
772.09,60,0.12909
771.81,60,0.12921
771.54,60,0.12934
771.27,60,0.12946
771.01,60,0.12958
770.75,60,0.1297
770.5,60,0.12983
770.25,60,0.12995
770.01,60,0.13007
769.77,60,0.13019
769.53,60,0.13031
769.3,60,0.13043
769.07,60,0.13056
768.85,60,0.13068
768.64,60,0.1308
768.43,60,0.13092
768.22,60,0.13104
768.02,60,0.13116
767.82,60,0.13128
767.63,60,0.1314
767.45,60,0.13152
767.26,60,0.13164
767.09,60,0.13176
766.92,60,0.13188
766.75,60,0.132
766.59,60,0.13212
766.43,60,0.13224
766.28,60,0.13236
766.14,60,0.13248
766,60,0.1326
765.86,60,0.13272
765.73,60,0.13283
765.61,60,0.13295
765.49,60,0.13307
765.38,60,0.13319
765.27,60,0.13331
765.17,60,0.13343
765.07,60,0.13354
764.98,60,0.13366
764.89,60,0.13378
764.81,60,0.1339
764.73,60,0.13401
764.66,60,0.13413
764.59,60,0.13425
764.53,60,0.13436
764.48,60,0.13448
764.43,60,0.1346
764.38,60,0.13471
764.35,60,0.13483
764.31,60,0.13494
764.29,60,0.13506
764.26,60,0.13518
764.25,60,0.13529
764.23,60,0.13541
764.23,60,0.13552
764.23,60,0.13564
764.23,60,0.13575
764.24,60,0.13587
764.26,60,0.13598
764.28,60,0.1361
764.3,60,0.13621
764.34,60,0.13633
764.37,60,0.13644
764.42,60,0.13655
764.46,60,0.13667
764.52,60,0.13678
764.57,60,0.13689
764.64,60,0.13701
764.71,60,0.13712
764.78,60,0.13723
764.86,60,0.13735
764.95,60,0.13746
765.04,60,0.13757
765.13,60,0.13768
765.23,60,0.1378
765.34,60,0.13791
765.45,60,0.13802
765.57,60,0.13813
765.69,60,0.13824
765.82,60,0.13835
765.95,60,0.13847
766.09,60,0.13858
766.23,60,0.13869
766.37,60,0.1388
766.53,60,0.13891
766.68,60,0.13902
766.85,60,0.13913
767.01,60,0.13924
767.19,60,0.13935
767.36,60,0.13946
767.55,60,0.13957
767.73,60,0.13968
767.93,60,0.13979
768.12,60,0.1399
768.32,60,0.14001
768.53,60,0.14012
768.74,60,0.14023
768.96,60,0.14034
769.18,60,0.14044
769.4,60,0.14055
769.63,60,0.14066
769.87,60,0.14077
770.11,60,0.14088
770.35,60,0.14098
770.6,60,0.14109
770.85,60,0.1412
771.11,60,0.14131
771.37,60,0.14141
771.64,60,0.14152
771.91,60,0.14163
772.18,60,0.14174
772.46,60,0.14184
772.74,60,0.14195
773.03,60,0.14205
773.32,60,0.14216
773.61,60,0.14227
773.91,60,0.14237
774.22,60,0.14248
774.52,60,0.14258
774.84,60,0.14269
775.15,60,0.14279
775.47,60,0.1429
775.79,60,0.143
776.12,60,0.14311
776.45,60,0.14321
776.78,60,0.14332
777.12,60,0.14342
777.46,60,0.14353
777.81,60,0.14363
778.15,60,0.14373
778.51,60,0.14384
778.86,60,0.14394
779.22,60,0.14404
779.58,60,0.14415
779.95,60,0.14425
780.31,60,0.14435
780.68,60,0.14446
781.06,60,0.14456
781.44,60,0.14466
781.82,60,0.14476
782.2,60,0.14486
782.59,60,0.14497
782.98,60,0.14507
783.37,60,0.14517
783.76,60,0.14527
784.16,60,0.14537
784.56,60,0.14547
784.96,60,0.14557
785.37,60,0.14567
785.77,60,0.14578
786.18,60,0.14588
786.6,60,0.14598
787.01,60,0.14608
787.43,60,0.14618
787.85,60,0.14628
788.27,60,0.14638
788.69,60,0.14648
789.12,60,0.14657
789.54,60,0.14667
789.97,60,0.14677
790.4,60,0.14687
790.84,60,0.14697
791.27,60,0.14707
791.71,60,0.14717
792.15,60,0.14727
792.59,60,0.14736
793.03,60,0.14746
793.47,60,0.14756
793.91,60,0.14766
794.36,60,0.14775
794.81,60,0.14785
795.26,60,0.14795
795.7,60,0.14804
796.15,60,0.14814
796.61,60,0.14824
797.06,60,0.14833
797.51,60,0.14843
797.97,60,0.14853
798.42,60,0.14862
798.88,60,0.14872
799.33,60,0.14881
799.79,60,0.14891
800.25,60,0.149
800.71,60,0.1491
801.16,60,0.14919
801.62,60,0.14929
802.08,60,0.14938
802.54,60,0.14948
803,60,0.14957
803.46,60,0.14967
803.92,60,0.14976
804.38,60,0.14985
804.84,60,0.14995
805.3,60,0.15004
805.76,60,0.15013
806.22,60,0.15023
806.68,60,0.15032
807.14,60,0.15041
807.6,60,0.15051
808.06,60,0.1506
808.52,60,0.15069
808.97,60,0.15078
809.43,60,0.15088
809.88,60,0.15097
810.34,60,0.15106
810.79,60,0.15115
811.25,60,0.15124
811.7,60,0.15133
812.15,60,0.15142
812.6,60,0.15151
813.05,60,0.1516
813.5,60,0.1517
813.94,60,0.15179
814.39,60,0.15188
814.83,60,0.15197
815.27,60,0.15206
815.72,60,0.15215
816.15,60,0.15223
816.59,60,0.15232
817.03,60,0.15241
817.46,60,0.1525
817.9,60,0.15259
818.33,60,0.15268
818.75,60,0.15277
819.18,60,0.15286
819.61,60,0.15294
820.03,60,0.15303
820.45,60,0.15312
820.87,60,0.15321
821.28,60,0.1533
821.7,60,0.15338
822.11,60,0.15347
822.52,60,0.15356
822.92,60,0.15364
823.33,60,0.15373
823.73,60,0.15382
824.13,60,0.1539
824.52,60,0.15399
824.91,60,0.15407
825.3,60,0.15416
825.69,60,0.15425
826.07,60,0.15433
826.46,60,0.15442
826.83,60,0.1545
827.21,60,0.15459
827.58,60,0.15467
827.95,60,0.15476
828.31,60,0.15484
828.67,60,0.15492
829.03,60,0.15501
829.39,60,0.15509
829.74,60,0.15518
830.09,60,0.15526
830.43,60,0.15534
830.77,60,0.15543
831.11,60,0.15551
831.44,60,0.15559
831.77,60,0.15568
832.09,60,0.15576
832.41,60,0.15584
832.73,60,0.15592
833.05,60,0.156
833.35,60,0.15609
833.66,60,0.15617
833.96,60,0.15625
834.26,60,0.15633
834.55,60,0.15641
834.84,60,0.15649
835.12,60,0.15657
835.4,60,0.15665
835.67,60,0.15674
835.94,60,0.15682
836.21,60,0.1569
836.47,60,0.15698
836.72,60,0.15706
836.97,60,0.15714
837.22,60,0.15721
837.46,60,0.15729
837.7,60,0.15737
837.93,60,0.15745
838.16,60,0.15753
838.38,60,0.15761
838.6,60,0.15769
838.81,60,0.15777
839.02,60,0.15784
839.22,60,0.15792
839.41,60,0.158
839.6,60,0.15808
839.79,60,0.15815
839.97,60,0.15823
840.14,60,0.15831
840.31,60,0.15839
840.48,60,0.15846
840.64,60,0.15854
840.79,60,0.15862
840.94,60,0.15869
841.08,60,0.15877
841.22,60,0.15884
841.35,60,0.15892
841.47,60,0.15899
841.59,60,0.15907
841.7,60,0.15915
841.81,60,0.15922
841.91,60,0.15929
842.01,60,0.15937
842.1,60,0.15944
842.18,60,0.15952
842.26,60,0.15959
842.33,60,0.15967
842.4,60,0.15974
842.46,60,0.15981
842.51,60,0.15989
842.56,60,0.15996
842.6,60,0.16003
842.64,60,0.16011
842.66,60,0.16018
842.69,60,0.16025
842.7,60,0.16032
842.71,60,0.1604
842.72,60,0.16047
842.71,60,0.16054
842.7,60,0.16061
842.69,60,0.16068
842.67,60,0.16075
842.64,60,0.16082
842.6,60,0.1609
842.56,60,0.16097
842.51,60,0.16104
842.46,60,0.16111
842.4,60,0.16118
842.33,60,0.16125
842.26,60,0.16132
842.17,60,0.16139
842.09,60,0.16146
841.99,60,0.16153
841.89,60,0.16159
841.78,60,0.16166
841.67,60,0.16173
841.55,60,0.1618
841.42,60,0.16187
841.28,60,0.16194
841.14,60,0.16201
840.99,60,0.16207
840.84,60,0.16214
840.67,60,0.16221
840.5,60,0.16228
840.33,60,0.16234
840.15,60,0.16241
839.96,60,0.16248
839.76,60,0.16254
839.55,60,0.16261
839.34,60,0.16268
839.13,60,0.16274
838.9,60,0.16281
838.67,60,0.16287
838.43,60,0.16294
838.18,60,0.16301
837.93,60,0.16307
837.67,60,0.16314
837.4,60,0.1632
837.13,60,0.16327
836.85,60,0.16333
836.56,60,0.16339
836.27,60,0.16346
835.96,60,0.16352
835.65,60,0.16359
835.34,60,0.16365
835.02,60,0.16371
834.68,60,0.16378
834.35,60,0.16384
834,60,0.1639
833.65,60,0.16397
833.29,60,0.16403
832.93,60,0.16409
832.55,60,0.16415
832.17,60,0.16421
831.79,60,0.16428
831.39,60,0.16434
830.99,60,0.1644
830.58,60,0.16446
830.17,60,0.16452
829.74,60,0.16458
829.31,60,0.16464
828.88,60,0.1647
828.43,60,0.16476
827.98,60,0.16482
827.52,60,0.16488
827.06,60,0.16494
826.59,60,0.165
826.11,60,0.16506
825.62,60,0.16512
825.13,60,0.16518
824.63,60,0.16524
824.12,60,0.1653
823.61,60,0.16536
823.09,60,0.16542
822.56,60,0.16547
822.02,60,0.16553
821.48,60,0.16559
820.93,60,0.16565
820.38,60,0.16571
819.81,60,0.16576
819.24,60,0.16582
818.67,60,0.16588
818.08,60,0.16593
817.49,60,0.16599
816.9,60,0.16605
816.29,60,0.1661
815.68,60,0.16616
815.06,60,0.16622
814.44,60,0.16627
813.81,60,0.16633
813.17,60,0.16638
812.53,60,0.16644
811.87,60,0.16649
811.22,60,0.16655
810.55,60,0.1666
809.88,60,0.16666
809.2,60,0.16671
808.52,60,0.16676
807.82,60,0.16682
807.13,60,0.16687
806.42,60,0.16692
805.71,60,0.16698
804.99,60,0.16703
804.27,60,0.16708
803.54,60,0.16714
802.8,60,0.16719
802.06,60,0.16724
801.3,60,0.16729
800.55,60,0.16735
799.78,60,0.1674
799.02,60,0.16745
798.24,60,0.1675
797.46,60,0.16755
796.67,60,0.1676
795.87,60,0.16765
795.07,60,0.1677
794.27,60,0.16776
793.45,60,0.16781
792.63,60,0.16786
791.81,60,0.16791
790.97,60,0.16796
790.14,60,0.168
789.29,60,0.16805
788.44,60,0.1681
787.59,60,0.16815
786.72,60,0.1682
785.86,60,0.16825
784.98,60,0.1683
784.1,60,0.16835
783.22,60,0.1684
782.33,60,0.16844
781.43,60,0.16849
780.52,60,0.16854
779.62,60,0.16859
778.7,60,0.16863
777.78,60,0.16868
776.85,60,0.16873
775.92,60,0.16877
774.99,60,0.16882
774.04,60,0.16887
773.09,60,0.16891
772.14,60,0.16896
771.18,60,0.169
770.22,60,0.16905
769.25,60,0.1691
768.27,60,0.16914
767.29,60,0.16919
766.3,60,0.16923
765.31,60,0.16927
764.31,60,0.16932
763.31,60,0.16936
762.3,60,0.16941
761.29,60,0.16945
760.27,60,0.16949
759.25,60,0.16954
758.22,60,0.16958
757.19,60,0.16962
756.15,60,0.16967
755.11,60,0.16971
754.06,60,0.16975
753.01,60,0.1698
751.95,60,0.16984
750.89,60,0.16988
749.83,60,0.16992
748.75,60,0.16996
747.68,60,0.17
746.6,60,0.17005
745.51,60,0.17009
744.42,60,0.17013
743.33,60,0.17017
742.23,60,0.17021
741.12,60,0.17025
740.02,60,0.17029
738.9,60,0.17033
737.79,60,0.17037
736.66,60,0.17041
735.54,60,0.17045
734.41,60,0.17049
733.28,60,0.17053
732.14,60,0.17057
730.99,60,0.1706
729.85,60,0.17064
728.7,60,0.17068
727.54,60,0.17072
726.38,60,0.17076
725.22,60,0.17079
724.05,60,0.17083
722.88,60,0.17087
721.71,60,0.17091
720.53,60,0.17094
719.35,60,0.17098
718.16,60,0.17102
716.97,60,0.17105
715.78,60,0.17109
714.58,60,0.17113
713.38,60,0.17116
712.18,60,0.1712
710.97,60,0.17123
709.76,60,0.17127
708.55,60,0.1713
707.33,60,0.17134
706.11,60,0.17137
704.88,60,0.17141
703.66,60,0.17144
702.42,60,0.17148
701.19,60,0.17151
699.95,60,0.17154
698.71,60,0.17158
697.47,60,0.17161
696.22,60,0.17164
694.97,60,0.17168
693.72,60,0.17171
692.46,60,0.17174
691.2,60,0.17177
689.94,60,0.17181
688.68,60,0.17184
687.41,60,0.17187
686.14,60,0.1719
684.87,60,0.17193
683.59,60,0.17197
682.31,60,0.172
681.03,60,0.17203
679.75,60,0.17206
678.46,60,0.17209
677.17,60,0.17212
675.88,60,0.17215
674.59,60,0.17218
673.29,60,0.17221
671.99,60,0.17224
670.69,60,0.17227
669.39,60,0.1723
668.08,60,0.17233
666.77,60,0.17236
665.46,60,0.17238
664.15,60,0.17241
662.84,60,0.17244
661.52,60,0.17247
660.2,60,0.1725
658.88,60,0.17252
657.56,60,0.17255
656.24,60,0.17258
654.91,60,0.17261
653.58,60,0.17263
652.25,60,0.17266
650.92,60,0.17269
649.58,60,0.17271
648.25,60,0.17274
646.91,60,0.17277
645.57,60,0.17279
644.23,60,0.17282
642.89,60,0.17284
641.54,60,0.17287
640.2,60,0.17289
638.85,60,0.17292
637.5,60,0.17294
636.15,60,0.17297
634.8,60,0.17299
633.45,60,0.17302
632.09,60,0.17304
630.74,60,0.17306
629.38,60,0.17309
628.02,60,0.17311
626.66,60,0.17313
625.3,60,0.17316
623.94,60,0.17318
622.58,60,0.1732
621.21,60,0.17322
619.85,60,0.17325
618.48,60,0.17327
617.11,60,0.17329
615.74,60,0.17331
614.37,60,0.17333
613,60,0.17336
611.63,60,0.17338
610.26,60,0.1734
608.89,60,0.17342
607.51,60,0.17344
606.14,60,0.17346
604.76,60,0.17348
603.38,60,0.1735
602.01,60,0.17352
600.63,60,0.17354
599.25,60,0.17356
597.87,60,0.17358
596.49,60,0.1736
595.11,60,0.17361
593.73,60,0.17363
592.35,60,0.17365
590.96,60,0.17367
589.58,60,0.17369
588.2,60,0.17371
586.82,60,0.17372
585.43,60,0.17374
584.05,60,0.17376
582.66,60,0.17378
581.28,60,0.17379
579.89,60,0.17381
578.51,60,0.17383
577.12,60,0.17384
575.73,60,0.17386
574.35,60,0.17387
572.96,60,0.17389
571.57,60,0.17391
570.18,60,0.17392
568.8,60,0.17394
567.41,60,0.17395
566.02,60,0.17397
564.63,60,0.17398
563.25,60,0.17399
561.86,60,0.17401
560.47,60,0.17402
559.08,60,0.17404
557.7,60,0.17405
556.31,60,0.17406
554.92,60,0.17408
553.53,60,0.17409
552.15,60,0.1741
550.76,60,0.17412
549.37,60,0.17413
547.99,60,0.17414
546.6,60,0.17415
545.21,60,0.17417
543.83,60,0.17418
542.44,60,0.17419
541.05,60,0.1742
539.67,60,0.17421
538.28,60,0.17422
536.9,60,0.17423
535.51,60,0.17424
534.13,60,0.17425
532.75,60,0.17426
531.36,60,0.17427
529.98,60,0.17428
528.6,60,0.17429
527.21,60,0.1743
525.83,60,0.17431
524.45,60,0.17432
523.07,60,0.17433
521.69,60,0.17434
520.31,60,0.17435
518.93,60,0.17436
517.55,60,0.17436
516.17,60,0.17437
514.79,60,0.17438
513.42,60,0.17439
512.04,60,0.17439
510.66,60,0.1744
509.29,60,0.17441
507.91,60,0.17442
506.54,60,0.17442
505.17,60,0.17443
503.79,60,0.17443
502.42,60,0.17444
501.05,60,0.17445
499.68,60,0.17445
498.31,60,0.17446
496.94,60,0.17446
495.57,60,0.17447
494.2,60,0.17447
492.83,60,0.17448
491.47,60,0.17448
490.1,60,0.17449
488.74,60,0.17449
487.37,60,0.17449
486.01,60,0.1745
484.65,60,0.1745
483.28,60,0.17451
481.92,60,0.17451
480.56,60,0.17451
479.2,60,0.17451
477.84,60,0.17452
476.49,60,0.17452
475.13,60,0.17452
473.77,60,0.17452
472.42,60,0.17453
471.06,60,0.17453
469.71,60,0.17453
468.36,60,0.17453
467.01,60,0.17453
465.66,60,0.17453
464.31,60,0.17453
462.96,60,0.17453
461.61,60,0.17453
460.26,60,0.17453
458.92,60,0.17453
457.57,60,0.17453
456.23,60,0.17453
454.88,60,0.17453
453.54,60,0.17453
452.2,60,0.17453
450.86,60,0.17453
449.52,60,0.17453
448.18,60,0.17453
446.84,60,0.17452
445.51,60,0.17452
444.17,60,0.17452
442.83,60,0.17452
441.5,60,0.17451
440.17,60,0.17451
438.84,60,0.17451
437.51,60,0.17451
436.18,60,0.1745
434.85,60,0.1745
433.52,60,0.17449
432.19,60,0.17449
430.87,60,0.17449
429.54,60,0.17448
428.22,60,0.17448
426.89,60,0.17447
425.57,60,0.17447
424.25,60,0.17446
422.93,60,0.17446
421.61,60,0.17445
420.29,60,0.17445
418.98,60,0.17444
417.66,60,0.17443
416.35,60,0.17443
415.03,60,0.17442
413.72,60,0.17442
412.41,60,0.17441
411.1,60,0.1744
409.79,60,0.17439
408.48,60,0.17439
407.17,60,0.17438
405.86,60,0.17437
404.56,60,0.17436
403.25,60,0.17436
401.95,60,0.17435
400.64,60,0.17434
399.34,60,0.17433
398.04,60,0.17432
396.74,60,0.17431
395.44,60,0.1743
394.14,60,0.17429
392.85,60,0.17428
391.55,60,0.17427
390.25,60,0.17426
388.96,60,0.17425
387.67,60,0.17424
386.37,60,0.17423
385.08,60,0.17422
383.79,60,0.17421
382.5,60,0.1742
381.21,60,0.17419
379.93,60,0.17418
378.64,60,0.17417
377.35,60,0.17415
376.07,60,0.17414
374.78,60,0.17413
373.5,60,0.17412
372.22,60,0.1741
370.94,60,0.17409
369.66,60,0.17408
368.38,60,0.17406
367.1,60,0.17405
365.82,60,0.17404
364.54,60,0.17402
363.27,60,0.17401
361.99,60,0.17399
360.72,60,0.17398
359.44,60,0.17397
358.17,60,0.17395
356.9,60,0.17394
355.63,60,0.17392
354.36,60,0.17391
353.09,60,0.17389
351.82,60,0.17387
350.55,60,0.17386
349.28,60,0.17384
348.02,60,0.17383
346.75,60,0.17381
345.49,60,0.17379
344.22,60,0.17378
342.96,60,0.17376
341.7,60,0.17374
340.44,60,0.17372
339.18,60,0.17371
337.92,60,0.17369
336.66,60,0.17367
335.4,60,0.17365
334.14,60,0.17363
332.88,60,0.17361
331.63,60,0.1736
330.37,60,0.17358
329.12,60,0.17356
327.86,60,0.17354
326.61,60,0.17352
325.36,60,0.1735
324.1,60,0.17348
322.85,60,0.17346
321.6,60,0.17344
320.35,60,0.17342
319.1,60,0.1734
317.85,60,0.17338
316.6,60,0.17336
315.35,60,0.17333
314.11,60,0.17331
312.86,60,0.17329
311.61,60,0.17327
310.37,60,0.17325
309.12,60,0.17322
307.88,60,0.1732
306.63,60,0.17318
305.39,60,0.17316
304.15,60,0.17313
302.91,60,0.17311
301.66,60,0.17309
300.42,60,0.17306
299.18,60,0.17304
297.94,60,0.17302
296.7,60,0.17299
295.46,60,0.17297
294.22,60,0.17294
292.99,60,0.17292
291.75,60,0.17289
290.51,60,0.17287
289.27,60,0.17284
288.04,60,0.17282
286.8,60,0.17279
285.56,60,0.17277
284.33,60,0.17274
283.09,60,0.17271
281.86,60,0.17269
280.62,60,0.17266
279.39,60,0.17263
278.16,60,0.17261
276.92,60,0.17258
275.69,60,0.17255
274.46,60,0.17252
273.23,60,0.1725
271.99,60,0.17247
270.76,60,0.17244
269.53,60,0.17241
268.3,60,0.17238
267.07,60,0.17236
265.84,60,0.17233
264.61,60,0.1723
263.38,60,0.17227
262.15,60,0.17224
260.92,60,0.17221
259.69,60,0.17218
258.46,60,0.17215
257.23,60,0.17212
256,60,0.17209
254.77,60,0.17206
253.55,60,0.17203
252.32,60,0.172
251.09,60,0.17197
249.86,60,0.17193
248.63,60,0.1719
247.41,60,0.17187
246.18,60,0.17184
244.95,60,0.17181
243.72,60,0.17177
242.5,60,0.17174
241.27,60,0.17171
240.04,60,0.17168
238.82,60,0.17164
237.59,60,0.17161
236.36,60,0.17158
235.14,60,0.17154
233.91,60,0.17151
232.68,60,0.17148
231.46,60,0.17144
230.23,60,0.17141
229,60,0.17137
227.78,60,0.17134
226.55,60,0.1713
225.32,60,0.17127
224.1,60,0.17123
222.87,60,0.1712
221.64,60,0.17116
220.42,60,0.17113
219.19,60,0.17109
217.96,60,0.17105
216.74,60,0.17102
215.51,60,0.17098
214.28,60,0.17094
213.05,60,0.17091
211.83,60,0.17087
210.6,60,0.17083
209.37,60,0.17079
208.14,60,0.17076
206.92,60,0.17072
205.69,60,0.17068
204.46,60,0.17064
203.23,60,0.1706
202,60,0.17057
200.78,60,0.17053
199.55,60,0.17049
198.32,60,0.17045
197.09,60,0.17041
195.86,60,0.17037
194.63,60,0.17033
193.4,60,0.17029
192.17,60,0.17025
190.94,60,0.17021
189.71,60,0.17017
188.48,60,0.17013
187.25,60,0.17009
186.02,60,0.17005
184.78,60,0.17
183.55,60,0.16996
182.32,60,0.16992
181.09,60,0.16988
179.85,60,0.16984
178.62,60,0.1698
177.39,60,0.16975
176.15,60,0.16971
174.92,60,0.16967
173.69,60,0.16962
172.45,60,0.16958
171.22,60,0.16954
169.98,60,0.16949
168.75,60,0.16945
167.51,60,0.16941
166.27,60,0.16936
165.04,60,0.16932
163.8,60,0.16927
162.56,60,0.16923
161.32,60,0.16919
160.09,60,0.16914
158.85,60,0.1691
157.61,60,0.16905
156.37,60,0.169
155.13,60,0.16896
153.89,60,0.16891
152.65,60,0.16887
151.4,60,0.16882
150.16,60,0.16877
148.92,60,0.16873
147.68,60,0.16868
146.43,60,0.16863
145.19,60,0.16859
143.95,60,0.16854
142.7,60,0.16849
141.46,60,0.16844
140.21,60,0.1684
138.97,60,0.16835
137.72,60,0.1683
136.47,60,0.16825
135.22,60,0.1682
133.98,60,0.16815
132.73,60,0.1681
131.48,60,0.16805
130.23,60,0.168
128.98,60,0.16796
127.73,60,0.16791
126.48,60,0.16786
125.22,60,0.16781
123.97,60,0.16776
122.72,60,0.1677
121.47,60,0.16765
120.21,60,0.1676
118.96,60,0.16755
117.7,60,0.1675
116.45,60,0.16745
115.19,60,0.1674
113.93,60,0.16735
112.68,60,0.16729
111.42,60,0.16724
110.16,60,0.16719
108.9,60,0.16714
107.64,60,0.16708
106.38,60,0.16703
105.12,60,0.16698
103.86,60,0.16692
102.59,60,0.16687
101.33,60,0.16682
100.07,60,0.16676
98.803,60,0.16671
97.538,60,0.16666
96.272,60,0.1666
95.006,60,0.16655
93.739,60,0.16649
92.472,60,0.16644
91.204,60,0.16638
89.935,60,0.16633
88.666,60,0.16627
87.396,60,0.16622
86.125,60,0.16616
84.854,60,0.1661
83.582,60,0.16605
82.309,60,0.16599
81.036,60,0.16593
79.762,60,0.16588
78.487,60,0.16582
77.211,60,0.16576
75.935,60,0.16571
74.659,60,0.16565
73.381,60,0.16559
72.103,60,0.16553
70.824,60,0.16547
69.545,60,0.16542
68.265,60,0.16536
66.984,60,0.1653
65.702,60,0.16524
64.42,60,0.16518
63.137,60,0.16512
61.853,60,0.16506
60.569,60,0.165
59.284,60,0.16494
57.998,60,0.16488
56.712,60,0.16482
55.425,60,0.16476
54.137,60,0.1647
52.848,60,0.16464
51.559,60,0.16458
50.269,60,0.16452
48.978,60,0.16446
47.687,60,0.1644
46.394,60,0.16434
45.101,60,0.16428
43.808,60,0.16421
42.513,60,0.16415
41.218,60,0.16409
39.923,60,0.16403
38.626,60,0.16397
37.329,60,0.1639
36.031,60,0.16384
34.732,60,0.16378
33.433,60,0.16371
32.133,60,0.16365
30.832,60,0.16359
29.53,60,0.16352
28.228,60,0.16346
26.925,60,0.16339
25.621,60,0.16333
24.317,60,0.16327
23.012,60,0.1632
21.706,60,0.16314
20.399,60,0.16307
19.091,60,0.16301
17.783,60,0.16294
16.474,60,0.16287
15.165,60,0.16281
13.854,60,0.16274
12.543,60,0.16268
11.232,60,0.16261
9.919,60,0.16254
8.6057,60,0.16248
7.2917,60,0.16241
5.977,60,0.16234
4.6615,60,0.16228
3.3453,60,0.16221
2.0283,60,0.16214
0.71068,60,0.16207
-0.60772,60,0.16201
-1.9269,60,0.16194
-3.2467,60,0.16187
-4.5673,60,0.1618
-5.8886,60,0.16173
-7.2107,60,0.16166
-8.5334,60,0.16159
-9.8569,60,0.16153
-11.181,60,0.16146
-12.506,60,0.16139
-13.832,60,0.16132
-15.158,60,0.16125
-16.485,60,0.16118
-17.813,60,0.16111
-19.142,60,0.16104
-20.471,60,0.16097
-21.801,60,0.1609
-23.132,60,0.16082
-24.463,60,0.16075
-25.796,60,0.16068
-27.128,60,0.16061
-28.462,60,0.16054
-29.796,60,0.16047
-31.131,60,0.1604
-32.467,60,0.16032
-33.804,60,0.16025
-35.141,60,0.16018
-36.479,60,0.16011
-37.817,60,0.16003
-39.157,60,0.15996
-40.497,60,0.15989
-41.838,60,0.15981
-43.179,60,0.15974
-44.521,60,0.15967
-45.864,60,0.15959
-47.208,60,0.15952
-48.552,60,0.15944
-49.897,60,0.15937
-51.242,60,0.15929
-52.589,60,0.15922
-53.936,60,0.15915
-55.284,60,0.15907
-56.632,60,0.15899
-57.981,60,0.15892
-59.331,60,0.15884
-60.682,60,0.15877
-62.033,60,0.15869
-63.385,60,0.15862
-64.737,60,0.15854
-66.09,60,0.15846
-67.444,60,0.15839
-68.799,60,0.15831
-70.154,60,0.15823
-71.51,60,0.15815
-72.867,60,0.15808
-74.224,60,0.158
-75.582,60,0.15792
-76.941,60,0.15784
-78.3,60,0.15777
-79.66,60,0.15769
-81.021,60,0.15761
-82.382,60,0.15753
-83.744,60,0.15745
-85.107,60,0.15737
-86.47,60,0.15729
-87.834,60,0.15721
-89.199,60,0.15714
-90.564,60,0.15706
-91.93,60,0.15698
-93.297,60,0.1569
-94.664,60,0.15682
-96.032,60,0.15674
-97.401,60,0.15665
-98.77,60,0.15657
-100.14,60,0.15649
-101.51,60,0.15641
-102.88,60,0.15633
-104.25,60,0.15625
-105.63,60,0.15617
-107,60,0.15609
-108.37,60,0.156
-109.75,60,0.15592
-111.12,60,0.15584
-112.5,60,0.15576
-113.87,60,0.15568
-115.25,60,0.15559
-116.63,60,0.15551
-118.01,60,0.15543
-119.38,60,0.15534
-120.76,60,0.15526
-122.14,60,0.15518
-123.52,60,0.15509
-124.9,60,0.15501
-126.29,60,0.15492
-127.67,60,0.15484
-129.05,60,0.15476
-130.44,60,0.15467
-131.82,60,0.15459
-133.2,60,0.1545
-134.59,60,0.15442
-135.98,60,0.15433
-137.36,60,0.15425
-138.75,60,0.15416
-140.14,60,0.15407
-141.53,60,0.15399
-142.91,60,0.1539
-144.3,60,0.15382
-145.69,60,0.15373
-147.08,60,0.15364
-148.48,60,0.15356
-149.87,60,0.15347
-151.26,60,0.15338
-152.65,60,0.1533
-154.05,60,0.15321
-155.44,60,0.15312
-156.84,60,0.15303
-158.23,60,0.15294
-159.63,60,0.15286
-161.02,60,0.15277
-162.42,60,0.15268
-163.82,60,0.15259
-165.22,60,0.1525
-166.62,60,0.15241
-168.01,60,0.15232
-169.41,60,0.15223
-170.81,60,0.15215
-172.22,60,0.15206
-173.62,60,0.15197
-175.02,60,0.15188
-176.42,60,0.15179
-177.82,60,0.1517
-179.23,60,0.1516
-180.63,60,0.15151
-182.04,60,0.15142
-183.44,60,0.15133
-184.85,60,0.15124
-186.26,60,0.15115
-187.66,60,0.15106
-189.07,60,0.15097
-190.48,60,0.15088
-191.89,60,0.15078
-193.3,60,0.15069
-194.7,60,0.1506
-196.11,60,0.15051
-197.53,60,0.15041
-198.94,60,0.15032
-200.35,60,0.15023
-201.76,60,0.15013
-203.17,60,0.15004
-204.59,60,0.14995
-206,60,0.14985
-207.41,60,0.14976
-208.83,60,0.14967
-210.25,60,0.14957
-211.66,60,0.14948
-213.08,60,0.14938
-214.49,60,0.14929
-215.91,60,0.14919
-217.33,60,0.1491
-218.75,60,0.149
-220.17,60,0.14891
-221.59,60,0.14881
-223.01,60,0.14872
-224.43,60,0.14862
-225.85,60,0.14853
-227.27,60,0.14843
-228.69,60,0.14833
-230.11,60,0.14824
-231.54,60,0.14814
-232.96,60,0.14804
-234.38,60,0.14795
-235.81,60,0.14785
-237.23,60,0.14775
-238.66,60,0.14766
-240.08,60,0.14756
-241.51,60,0.14746
-242.94,60,0.14736
-244.36,60,0.14727
-245.79,60,0.14717
-247.22,60,0.14707
-248.65,60,0.14697
-250.08,60,0.14687
-251.51,60,0.14677
-252.94,60,0.14667
-254.37,60,0.14657
-255.8,60,0.14648
-257.23,60,0.14638
-258.66,60,0.14628
-260.1,60,0.14618
-261.53,60,0.14608
-262.96,60,0.14598
-264.4,60,0.14588
-265.83,60,0.14578
-267.27,60,0.14567
-268.7,60,0.14557
-270.14,60,0.14547
-271.57,60,0.14537
-273.01,60,0.14527
-274.45,60,0.14517
-275.89,60,0.14507
-277.32,60,0.14497
-278.76,60,0.14486
-280.2,60,0.14476
-281.64,60,0.14466
-283.08,60,0.14456
-284.52,60,0.14446
-285.96,60,0.14435
-287.4,60,0.14425
-288.85,60,0.14415
-290.29,60,0.14404
-291.73,60,0.14394
-293.17,60,0.14384
-294.62,60,0.14373
-296.06,60,0.14363
-297.51,60,0.14353
-298.95,60,0.14342
-300.4,60,0.14332
-301.84,60,0.14321
-303.29,60,0.14311
-304.74,60,0.143
-306.18,60,0.1429
-307.63,60,0.14279
-309.08,60,0.14269
-310.53,60,0.14258
-311.98,60,0.14248
-313.43,60,0.14237
-314.88,60,0.14227
-316.33,60,0.14216
-317.78,60,0.14205
-319.23,60,0.14195
-320.68,60,0.14184
-322.13,60,0.14174
-323.59,60,0.14163
-325.04,60,0.14152
-326.49,60,0.14141
-327.95,60,0.14131
-329.4,60,0.1412
-330.86,60,0.14109
-332.31,60,0.14098
-333.77,60,0.14088
-335.22,60,0.14077
-336.68,60,0.14066
-338.14,60,0.14055
-339.59,60,0.14044
-341.05,60,0.14034
-342.51,60,0.14023
-343.97,60,0.14012
-345.43,60,0.14001
-346.89,60,0.1399
-348.35,60,0.13979
-349.81,60,0.13968
-351.27,60,0.13957
-352.73,60,0.13946
-354.19,60,0.13935
-355.66,60,0.13924
-357.12,60,0.13913
-358.58,60,0.13902
-360.04,60,0.13891
-361.51,60,0.1388
-362.97,60,0.13869
-364.44,60,0.13858
-365.9,60,0.13847
-367.37,60,0.13835
-368.83,60,0.13824
-370.3,60,0.13813
-371.77,60,0.13802
-373.24,60,0.13791
-374.7,60,0.1378
-376.17,60,0.13768
-377.64,60,0.13757
-379.11,60,0.13746
-380.58,60,0.13735
-382.05,60,0.13723
-383.52,60,0.13712
-384.99,60,0.13701
-386.46,60,0.13689
-387.93,60,0.13678
-389.4,60,0.13667
-390.88,60,0.13655
-392.35,60,0.13644
-393.82,60,0.13633
-395.3,60,0.13621
-396.77,60,0.1361
-398.25,60,0.13598
-399.72,60,0.13587
-401.2,60,0.13575
-402.67,60,0.13564
-404.15,60,0.13552
-405.63,60,0.13541
-407.1,60,0.13529
-408.58,60,0.13518
-410.06,60,0.13506
-411.54,60,0.13494
-413.02,60,0.13483
-414.49,60,0.13471
-415.97,60,0.1346
-417.45,60,0.13448
-418.94,60,0.13436
-420.42,60,0.13425
-421.9,60,0.13413
-423.38,60,0.13401
-424.86,60,0.1339
-426.34,60,0.13378
-427.83,60,0.13366
-429.31,60,0.13354
-430.79,60,0.13343
-432.28,60,0.13331
-433.76,60,0.13319
-435.25,60,0.13307
-436.73,60,0.13295
-438.22,60,0.13283
-439.71,60,0.13272
-441.19,60,0.1326
-442.68,60,0.13248
-444.17,60,0.13236
-445.66,60,0.13224
-447.14,60,0.13212
-448.63,60,0.132
-450.12,60,0.13188
-451.61,60,0.13176
-453.1,60,0.13164
-454.59,60,0.13152
-456.08,60,0.1314
-457.58,60,0.13128
-459.07,60,0.13116
-460.56,60,0.13104
-462.05,60,0.13092
-463.55,60,0.1308
-465.04,60,0.13068
-466.53,60,0.13056
-468.03,60,0.13043
-469.52,60,0.13031
-471.02,60,0.13019
-472.51,60,0.13007
-474.01,60,0.12995
-475.5,60,0.12983
-477,60,0.1297
-478.5,60,0.12958
-480,60,0.12946
-481.49,60,0.12934
-482.99,60,0.12921
-484.49,60,0.12909
-485.99,60,0.12897
-487.49,60,0.12884
-488.99,60,0.12872
-490.49,60,0.1286
-491.99,60,0.12847
-493.49,60,0.12835
-494.99,60,0.12823
-496.5,60,0.1281
-498,60,0.12798
-499.5,60,0.12785
-501.01,60,0.12773
-502.51,60,0.1276
-504.01,60,0.12748
-505.52,60,0.12735
-507.02,60,0.12723
-508.53,60,0.1271
-510.03,60,0.12698
-511.54,60,0.12685
-513.05,60,0.12673
-514.55,60,0.1266
-516.06,60,0.12648
-517.57,60,0.12635
-519.08,60,0.12622
-520.59,60,0.1261
-522.1,60,0.12597
-523.61,60,0.12584
-525.12,60,0.12572
-526.63,60,0.12559
-528.14,60,0.12546
-529.65,60,0.12534
-531.16,60,0.12521
-532.67,60,0.12508
-534.18,60,0.12495
-535.7,60,0.12483
-537.21,60,0.1247
-538.72,60,0.12457
-540.24,60,0.12444
-541.75,60,0.12431
-543.27,60,0.12419
-544.78,60,0.12406
-546.3,60,0.12393
-547.81,60,0.1238
-549.33,60,0.12367
-550.84,60,0.12354
-552.36,60,0.12341
-553.88,60,0.12328
-555.4,60,0.12315
-556.92,60,0.12303
-558.43,60,0.1229
-559.95,60,0.12277
-561.47,60,0.12264
-562.99,60,0.12251
-564.51,60,0.12238
-566.03,60,0.12224
-567.56,60,0.12211
-569.08,60,0.12198
-570.6,60,0.12185
-572.12,60,0.12172
-573.64,60,0.12159
-575.17,60,0.12146
-576.69,60,0.12133
-578.21,60,0.1212
-579.74,60,0.12107
-581.26,60,0.12093
-582.79,60,0.1208
-584.31,60,0.12067
-585.84,60,0.12054
-587.37,60,0.12041
-588.89,60,0.12027
-590.42,60,0.12014
-591.95,60,0.12001
-593.47,60,0.11988
-595,60,0.11974
-596.53,60,0.11961
-598.06,60,0.11948
-599.59,60,0.11934
-601.12,60,0.11921
-602.65,60,0.11908
-604.18,60,0.11894
-605.71,60,0.11881
-607.24,60,0.11867
-608.77,60,0.11854
-610.31,60,0.11841
-611.84,60,0.11827
-613.37,60,0.11814
-614.9,60,0.118
-616.44,60,0.11787
-617.97,60,0.11773
-619.51,60,0.1176
-621.04,60,0.11746
-622.58,60,0.11733
-624.11,60,0.11719
-625.65,60,0.11706
-627.18,60,0.11692
-628.72,60,0.11679
-630.26,60,0.11665
-631.79,60,0.11651
-633.33,60,0.11638
-634.87,60,0.11624
-636.41,60,0.1161
-637.95,60,0.11597
-639.49,60,0.11583
-641.03,60,0.11569
-642.57,60,0.11556
-644.11,60,0.11542
-645.65,60,0.11528
-647.19,60,0.11515
-648.73,60,0.11501
-650.27,60,0.11487
-651.81,60,0.11473
-653.36,60,0.1146
-654.9,60,0.11446
-656.44,60,0.11432
-657.99,60,0.11418
-659.53,60,0.11404
-661.07,60,0.1139
-662.62,60,0.11377
-664.16,60,0.11363
-665.71,60,0.11349
-667.25,60,0.11335
-668.8,60,0.11321
-670.35,60,0.11307
-671.89,60,0.11293
-673.44,60,0.11279
-674.99,60,0.11265
-676.54,60,0.11251
-678.08,60,0.11237
-679.63,60,0.11223
-681.18,60,0.11209
-682.73,60,0.11195
-684.28,60,0.11181
-685.83,60,0.11167
-687.38,60,0.11153
-688.93,60,0.11139
-690.48,60,0.11125
-692.03,60,0.11111
-693.58,60,0.11097
-695.14,60,0.11083
-696.69,60,0.11069
-698.24,60,0.11055
-699.79,60,0.1104
-701.35,60,0.11026
-702.9,60,0.11012
-704.46,60,0.10998
-706.01,60,0.10984
-707.57,60,0.1097
-709.12,60,0.10955
-710.68,60,0.10941
-712.23,60,0.10927
-713.79,60,0.10913
-715.34,60,0.10898
-716.9,60,0.10884
-718.46,60,0.1087
-720.01,60,0.10855
-721.57,60,0.10841
-723.13,60,0.10827
-724.69,60,0.10812
-726.25,60,0.10798
-727.81,60,0.10784
-729.36,60,0.10769
-730.92,60,0.10755
-732.48,60,0.10741
-734.04,60,0.10726
-735.6,60,0.10712
-737.17,60,0.10697
-738.73,60,0.10683
-740.29,60,0.10668
-741.85,60,0.10654
-743.41,60,0.10639
-744.97,60,0.10625
-746.54,60,0.1061
-748.1,60,0.10596
-749.66,60,0.10581
-751.23,60,0.10567
-752.79,60,0.10552
-754.35,60,0.10538
-755.92,60,0.10523
-757.48,60,0.10509
-759.05,60,0.10494
-760.61,60,0.10479
-762.18,60,0.10465
-763.74,60,0.1045
-765.31,60,0.10435
-766.88,60,0.10421
-768.44,60,0.10406
-770.01,60,0.10391
-771.58,60,0.10377
-773.15,60,0.10362
-774.71,60,0.10347
-776.28,60,0.10333
-777.85,60,0.10318
-779.42,60,0.10303
-780.99,60,0.10288
-782.56,60,0.10274
-784.13,60,0.10259
-785.7,60,0.10244
-787.27,60,0.10229
-788.84,60,0.10214
-790.41,60,0.102
-791.98,60,0.10185
-793.55,60,0.1017
-795.12,60,0.10155
-796.69,60,0.1014
-798.26,60,0.10125
-799.83,60,0.1011
-801.41,60,0.10095
-802.98,60,0.10081
-804.55,60,0.10066
-806.12,60,0.10051
-807.7,60,0.10036
-809.27,60,0.10021
-810.84,60,0.10006
-812.42,60,0.099908
-813.99,60,0.099758
-815.57,60,0.099608
-817.14,60,0.099458
-818.72,60,0.099308
-820.29,60,0.099158
-821.87,60,0.099007
-823.44,60,0.098857
-825.02,60,0.098706
-826.59,60,0.098555
-828.17,60,0.098404
-829.74,60,0.098253
-831.32,60,0.098102
-832.9,60,0.097951
-834.47,60,0.0978
-836.05,60,0.097648
-837.63,60,0.097497
-839.21,60,0.097345
-840.78,60,0.097193
-842.36,60,0.097041
-843.94,60,0.096889
-845.52,60,0.096737
-847.1,60,0.096585
-848.67,60,0.096433
-850.25,60,0.09628
-851.83,60,0.096128
-853.41,60,0.095975
-854.99,60,0.095823
-856.57,60,0.09567
-858.15,60,0.095517
-859.73,60,0.095364
-861.31,60,0.095211
-862.89,60,0.095057
-864.47,60,0.094904
-866.05,60,0.094751
-867.63,60,0.094597
-869.21,60,0.094443
-870.79,60,0.09429
-872.37,60,0.094136
-873.95,60,0.093982
-875.53,60,0.093828
-877.11,60,0.093674
-878.69,60,0.093519
-880.28,60,0.093365
-881.86,60,0.093211
-883.44,60,0.093056
-885.02,60,0.092901
-886.6,60,0.092747
-888.18,60,0.092592
-889.77,60,0.092437
-891.35,60,0.092282
-892.93,60,0.092126
-894.51,60,0.091971
-896.1,60,0.091816
-897.68,60,0.09166
-899.26,60,0.091505
-900.84,60,0.091349
-902.43,60,0.091193
-904.01,60,0.091037
-905.59,60,0.090881
-907.17,60,0.090725
-908.76,60,0.090569
-910.34,60,0.090413
-911.92,60,0.090256
-913.5,60,0.0901
-915.09,60,0.089943
-916.67,60,0.089787
-918.25,60,0.08963
-919.84,60,0.089473
-921.42,60,0.089316
-923,60,0.089159
-924.59,60,0.089002
-926.17,60,0.088844
-927.75,60,0.088687
-929.34,60,0.08853
-930.92,60,0.088372
-932.5,60,0.088214
-934.08,60,0.088057
-935.67,60,0.087899
-937.25,60,0.087741
-938.83,60,0.087583
-940.42,60,0.087425
-942,60,0.087266
-943.58,60,0.087108
-945.16,60,0.08695
-946.75,60,0.086791
-948.33,60,0.086633
-949.91,60,0.086474
-951.49,60,0.086315
-953.08,60,0.086156
-954.66,60,0.085997
-956.24,60,0.085838
-957.82,60,0.085679
-959.4,60,0.08552
-960.99,60,0.08536
-962.57,60,0.085201
-964.15,60,0.085041
-965.73,60,0.084882
-967.31,60,0.084722
-968.89,60,0.084562
-970.47,60,0.084402
-972.05,60,0.084242
-973.63,60,0.084082
-975.21,60,0.083922
-976.8,60,0.083761
-978.38,60,0.083601
-979.96,60,0.08344
-981.53,60,0.08328
-983.11,60,0.083119
-984.69,60,0.082958
-986.27,60,0.082798
-987.85,60,0.082637
-989.43,60,0.082476
-991.01,60,0.082315
-992.59,60,0.082153
-994.16,60,0.081992
-995.74,60,0.081831
-997.32,60,0.081669
-998.9,60,0.081508
-1000.5,60,0.081346
-1002,60,0.081184
-1003.6,60,0.081022
-1005.2,60,0.08086
-1006.8,60,0.080698
-1008.4,60,0.080536
-1009.9,60,0.080374
-1011.5,60,0.080212
-1013.1,60,0.080049
-1014.6,60,0.079887
-1016.2,60,0.079724
-1017.8,60,0.079562
-1019.4,60,0.079399
-1020.9,60,0.079236
-1022.5,60,0.079073
-1024.1,60,0.07891
-1025.7,60,0.078747
-1027.2,60,0.078584
-1028.8,60,0.078421
-1030.4,60,0.078258
-1031.9,60,0.078094
-1033.5,60,0.077931
-1035.1,60,0.077767
-1036.6,60,0.077603
-1038.2,60,0.07744
-1039.8,60,0.077276
-1041.3,60,0.077112
-1042.9,60,0.076948
-1044.5,60,0.076784
-1046,60,0.07662
-1047.6,60,0.076455
-1049.2,60,0.076291
-1050.7,60,0.076127
-1052.3,60,0.075962
-1053.9,60,0.075798
-1055.4,60,0.075633
-1057,60,0.075468
-1058.5,60,0.075303
-1060.1,60,0.075138
-1061.7,60,0.074973
-1063.2,60,0.074808
-1064.8,60,0.074643
-1066.3,60,0.074478
-1067.9,60,0.074313
-1069.4,60,0.074147
-1071,60,0.073982
-1072.5,60,0.073816
-1074.1,60,0.07365
-1075.7,60,0.073485
-1077.2,60,0.073319
-1078.8,60,0.073153
-1080.3,60,0.072987
-1081.9,60,0.072821
-1083.4,60,0.072655
-1085,60,0.072488
-1086.5,60,0.072322
-1088,60,0.072156
-1089.6,60,0.071989
-1091.1,60,0.071823
-1092.7,60,0.071656
-1094.2,60,0.071489
-1095.8,60,0.071323
-1097.3,60,0.071156
-1098.8,60,0.070989
-1100.4,60,0.070822
-1101.9,60,0.070655
-1103.5,60,0.070488
-1105,60,0.07032
-1106.5,60,0.070153
-1108.1,60,0.069986
-1109.6,60,0.069818
-1111.1,60,0.069651
-1112.7,60,0.069483
-1114.2,60,0.069315
-1115.7,60,0.069148
-1117.2,60,0.06898
-1118.8,60,0.068812
-1120.3,60,0.068644
-1121.8,60,0.068476
-1123.3,60,0.068308
-1124.9,60,0.068139
-1126.4,60,0.067971
-1127.9,60,0.067803
-1129.4,60,0.067634
-1130.9,60,0.067466
-1132.5,60,0.067297
-1134,60,0.067128
-1135.5,60,0.06696
-1137,60,0.066791
-1138.5,60,0.066622
-1140,60,0.066453
-1141.5,60,0.066284
-1143,60,0.066115
-1144.5,60,0.065946
-1146,60,0.065776
-1147.5,60,0.065607
-1149,60,0.065438
-1150.5,60,0.065268
-1152,60,0.065099
-1153.5,60,0.064929
-1155,60,0.064759
-1156.5,60,0.06459
-1158,60,0.06442
-1159.5,60,0.06425
-1161,60,0.06408
-1162.5,60,0.06391
-1163.9,60,0.06374
-1165.4,60,0.06357
-1166.9,60,0.063399
-1168.4,60,0.063229
-1169.9,60,0.063059
-1171.3,60,0.062888
-1172.8,60,0.062718
-1174.3,60,0.062547
-1175.8,60,0.062376
-1177.2,60,0.062206
-1178.7,60,0.062035
-1180.2,60,0.061864
-1181.6,60,0.061693
-1183.1,60,0.061522
-1184.5,60,0.061351
-1186,60,0.06118
-1187.5,60,0.061009
-1188.9,60,0.060837
-1190.4,60,0.060666
-1191.8,60,0.060495
-1193.3,60,0.060323
-1194.7,60,0.060152
-1196.1,60,0.05998
-1197.6,60,0.059808
-1199,60,0.059637
-1200.5,60,0.059465
-1201.9,60,0.059293
-1203.3,60,0.059121
-1204.8,60,0.058949
-1206.2,60,0.058777
-1207.6,60,0.058605
-1209,60,0.058433
-1210.4,60,0.05826
-1211.9,60,0.058088
-1213.3,60,0.057916
-1214.7,60,0.057743
-1216.1,60,0.057571
-1217.5,60,0.057398
-1218.9,60,0.057225
-1220.3,60,0.057053
-1221.7,60,0.05688
-1223.1,60,0.056707
-1224.5,60,0.056534
-1225.9,60,0.056361
-1227.3,60,0.056188
-1228.7,60,0.056015
-1230.1,60,0.055842
-1231.4,60,0.055669
-1232.8,60,0.055496
-1234.2,60,0.055322
-1235.6,60,0.055149
-1236.9,60,0.054976
-1238.3,60,0.054802
-1239.7,60,0.054628
-1241,60,0.054455
-1242.4,60,0.054281
-1243.7,60,0.054107
-1245.1,60,0.053934
-1246.4,60,0.05376
-1247.8,60,0.053586
-1249.1,60,0.053412
-1250.5,60,0.053238
-1251.8,60,0.053064
-1253.1,60,0.05289
-1254.5,60,0.052715
-1255.8,60,0.052541
-1257.1,60,0.052367
-1258.4,60,0.052192
-1259.7,60,0.052018
-1261.1,60,0.051844
-1262.4,60,0.051669
-1263.7,60,0.051494
-1265,60,0.05132
-1266.3,60,0.051145
-1267.6,60,0.05097
-1268.8,60,0.050795
-1270.1,60,0.050621
-1271.4,60,0.050446
-1272.7,60,0.050271
-1274,60,0.050096
-1275.2,60,0.04992
-1276.5,60,0.049745
-1277.8,60,0.04957
-1279,60,0.049395
-1280.3,60,0.049219
-1281.5,60,0.049044
-1282.8,60,0.048869
-1284,60,0.048693
-1285.3,60,0.048518
-1286.5,60,0.048342
-1287.7,60,0.048166
-1289,60,0.047991
-1290.2,60,0.047815
-1291.4,60,0.047639
-1292.6,60,0.047463
-1293.8,60,0.047287
-1295,60,0.047111
-1296.2,60,0.046935
-1297.4,60,0.046759
-1298.6,60,0.046583
-1299.8,60,0.046407
-1301,60,0.046231
-1302.2,60,0.046055
-1303.3,60,0.045878
-1304.5,60,0.045702
-1305.7,60,0.045525
-1306.8,60,0.045349
-1308,60,0.045172
-1309.1,60,0.044996
-1310.3,60,0.044819
-1311.4,60,0.044643
-1312.5,60,0.044466
-1313.7,60,0.044289
-1314.8,60,0.044112
-1315.9,60,0.043935
-1317,60,0.043759
-1318.1,60,0.043582
-1319.2,60,0.043405
-1320.3,60,0.043228
-1321.4,60,0.04305
-1322.5,60,0.042873
-1323.6,60,0.042696
-1324.7,60,0.042519
-1325.7,60,0.042342
-1326.8,60,0.042164
-1327.8,60,0.041987
-1328.9,60,0.041809
-1329.9,60,0.041632
-1331,60,0.041454
-1332,60,0.041277
-1333,60,0.041099
-1334.1,60,0.040922
-1335.1,60,0.040744
-1336.1,60,0.040566
-1337.1,60,0.040388
-1338.1,60,0.040211
-1339.1,60,0.040033
-1340,60,0.039855
-1341,60,0.039677
-1342,60,0.039499
-1343,60,0.039321
-1343.9,60,0.039143
-1344.9,60,0.038964
-1345.8,60,0.038786
-1346.7,60,0.038608
-1347.7,60,0.03843
-1348.6,60,0.038252
-1349.5,60,0.038073
-1350.4,60,0.037895
-1351.3,60,0.037716
-1352.2,60,0.037538
-1353.1,60,0.037359
-1354,60,0.037181
-1354.8,60,0.037002
-1355.7,60,0.036824
-1356.6,60,0.036645
-1357.4,60,0.036466
-1358.3,60,0.036287
-1359.1,60,0.036109
-1359.9,60,0.03593
-1360.7,60,0.035751
-1361.6,60,0.035572
-1362.4,60,0.035393
-1363.2,60,0.035214
-1363.9,60,0.035035
-1364.7,60,0.034856
-1365.5,60,0.034677
-1366.3,60,0.034498
-1367,60,0.034319
-1367.8,60,0.034139
-1368.5,60,0.03396
-1369.2,60,0.033781
-1369.9,60,0.033601
-1370.6,60,0.033422
-1371.3,60,0.033243
-1372,60,0.033063
-1372.7,60,0.032884
-1373.4,60,0.032704
-1374.1,60,0.032525
-1374.7,60,0.032345
-1375.4,60,0.032165
-1376,60,0.031986
-1376.6,60,0.031806
-1377.3,60,0.031626
-1377.9,60,0.031447
-1378.5,60,0.031267
-1379.1,60,0.031087
-1379.6,60,0.030907
-1380.2,60,0.030727
-1380.8,60,0.030547
-1381.3,60,0.030367
-1381.9,60,0.030187
-1382.4,60,0.030007
-1382.9,60,0.029827
-1383.4,60,0.029647
-1383.9,60,0.029467
-1384.4,60,0.029287
-1384.9,60,0.029107
-1385.3,60,0.028926
-1385.8,60,0.028746
-1386.2,60,0.028566
-1386.7,60,0.028386
-1387.1,60,0.028205
-1387.5,60,0.028025
-1387.9,60,0.027844
-1388.3,60,0.027664
-1388.7,60,0.027483
-1389,60,0.027303
-1389.4,60,0.027122
-1389.7,60,0.026942
-1390,60,0.026761
-1390.4,60,0.026581
-1390.7,60,0.0264
-1391,60,0.026219
-1391.2,60,0.026039
-1391.5,60,0.025858
-1391.8,60,0.025677
-1392,60,0.025496
-1392.2,60,0.025315
-1392.4,60,0.025135
-1392.6,60,0.024954
-1392.8,60,0.024773
-1393,60,0.024592
-1393.2,60,0.024411
-1393.3,60,0.02423
-1393.4,60,0.024049
-1393.6,60,0.023868
-1393.7,60,0.023687
-1393.7,60,0.023506
-1393.8,60,0.023325
-1393.9,60,0.023143
-1393.9,60,0.022962
-1394,60,0.022781
-1394,60,0.0226
-1394,60,0.022419
-1394,60,0.022237
-1393.9,60,0.022056
-1393.9,60,0.021875
-1393.8,60,0.021693
-1393.8,60,0.021512
-1393.7,60,0.021331
-1393.6,60,0.021149
-1393.4,60,0.020968
-1393.3,60,0.020786
-1393.1,60,0.020605
-1393,60,0.020423
-1392.8,60,0.020242
-1392.6,60,0.02006
-1392.4,60,0.019879
-1392.1,60,0.019697
-1391.9,60,0.019516
-1391.6,60,0.019334
-1391.3,60,0.019152
-1391,60,0.018971
-1390.6,60,0.018789
-1390.3,60,0.018607
-1389.9,60,0.018425
-1389.5,60,0.018244
-1389.1,60,0.018062
-1388.7,60,0.01788
-1388.3,60,0.017698
-1387.8,60,0.017516
-1387.3,60,0.017335
-1386.8,60,0.017153
-1386.3,60,0.016971
-1385.7,60,0.016789
-1385.2,60,0.016607
-1384.6,60,0.016425
-1384,60,0.016243
-1383.4,60,0.016061
-1382.7,60,0.015879
-1382,60,0.015697
-1381.4,60,0.015515
-1380.6,60,0.015333
-1379.9,60,0.015151
-1379.1,60,0.014969
-1378.4,60,0.014787
-1377.6,60,0.014605
-1376.7,60,0.014422
-1375.9,60,0.01424
-1375,60,0.014058
-1374.1,60,0.013876
-1373.2,60,0.013694
-1372.2,60,0.013511
-1371.3,60,0.013329
-1370.3,60,0.013147
-1369.2,60,0.012965
-1368.2,60,0.012782
-1367.1,60,0.0126
-1366,60,0.012418
-1364.9,60,0.012236
-1363.7,60,0.012053
-1362.5,60,0.011871
-1361.3,60,0.011689
-1360.1,60,0.011506
-1358.8,60,0.011324
-1357.5,60,0.011141
-1356.2,60,0.010959
-1354.9,60,0.010777
-1353.5,60,0.010594
-1352.1,60,0.010412
-1350.6,60,0.010229
-1349.2,60,0.010047
-1347.6,60,0.0098643
-1346.1,60,0.0096819
-1344.6,60,0.0094994
-1343,60,0.0093169
-1341.3,60,0.0091343
-1339.7,60,0.0089518
-1338,60,0.0087693
-1336.2,60,0.0085867
-1334.5,60,0.0084042
-1332.7,60,0.0082216
-1330.9,60,0.0080391
-1329,60,0.0078565
-1327.1,60,0.0076739
-1325.2,60,0.0074913
-1323.2,60,0.0073087
-1321.2,60,0.0071261
-1319.1,60,0.0069434
-1317.1,60,0.0067608
-1314.9,60,0.0065782
-1312.8,60,0.0063955
-1310.6,60,0.0062129
-1308.3,60,0.0060302
-1306.1,60,0.0058476
-1303.7,60,0.0056649
-1301.4,60,0.0054822
-1299,60,0.0052995
-1296.5,60,0.0051168
-1294.1,60,0.0049341
-1291.5,60,0.0047514
-1289,60,0.0045687
-1286.3,60,0.004386
-1283.7,60,0.0042033
-1281,60,0.0040206
-1278.2,60,0.0038379
-1275.4,60,0.0036551
-1272.6,60,0.0034724
-1269.7,60,0.0032897
-1266.8,60,0.0031069
-1263.8,60,0.0029242
-1260.7,60,0.0027414
-1257.7,60,0.0025587
-1254.5,60,0.0023759
-1251.3,60,0.0021932
-1248.1,60,0.0020104
-1244.8,60,0.0018277
-1241.5,60,0.0016449
-1238.1,60,0.0014621
-1234.6,60,0.0012794
-1231.1,60,0.0010966
-1227.5,60,0.00091385
-1223.9,60,0.00073108
-1220.2,60,0.00054831
-1216.5,60,0.00036554
-1212.7,60,0.00018277
-1208.8,60,2.1374e-17
-1204.9,60,-0.00018277
-1201,60,-0.00036554
-1196.9,60,-0.00054831
-1192.8,60,-0.00073108
-1188.6,60,-0.00091385
-1184.4,60,-0.0010966
-1180.1,60,-0.0012794
-1175.8,60,-0.0014621
-1171.3,60,-0.0016449
-1166.8,60,-0.0018277
-1162.3,60,-0.0020104
-1157.7,60,-0.0021932
-1152.9,60,-0.0023759
-1148.2,60,-0.0025587
-1143.3,60,-0.0027414
-1138.4,60,-0.0029242
-1133.4,60,-0.0031069
-1128.4,60,-0.0032897
-1123.2,60,-0.0034724
-1118,60,-0.0036551
-1112.7,60,-0.0038379
-1107.3,60,-0.0040206
-1101.9,60,-0.0042033
-1096.3,60,-0.004386
-1090.7,60,-0.0045687
-1085,60,-0.0047514
-1079.2,60,-0.0049341
-1073.4,60,-0.0051168
-1067.4,60,-0.0052995
-1061.4,60,-0.0054822
-1055.2,60,-0.0056649
-1049,60,-0.0058476
-1042.7,60,-0.0060302
-1036.3,60,-0.0062129
-1029.9,60,-0.0063955
-1023.3,60,-0.0065782
-1016.6,60,-0.0067608
-1009.8,60,-0.0069434
-1003,60,-0.0071261
-996.02,60,-0.0073087
-988.97,60,-0.0074913
-981.82,60,-0.0076739
-974.57,60,-0.0078565
-967.22,60,-0.0080391
-959.77,60,-0.0082216
-952.22,60,-0.0084042
-944.56,60,-0.0085867
-936.8,60,-0.0087693
-928.94,60,-0.0089518
-920.97,60,-0.0091343
-912.9,60,-0.0093169
-904.72,60,-0.0094994
-896.43,60,-0.0096819
-888.03,60,-0.0098643
-879.52,60,-0.010047
-870.91,60,-0.010229
-862.18,60,-0.010412
-853.34,60,-0.010594
-844.39,60,-0.010777
-835.33,60,-0.010959
-826.16,60,-0.011141
-816.87,60,-0.011324
-807.47,60,-0.011506
-797.96,60,-0.011689
-788.33,60,-0.011871
-778.59,60,-0.012053
-768.73,60,-0.012236
-758.76,60,-0.012418
-748.68,60,-0.0126
-738.48,60,-0.012782
-728.17,60,-0.012965
-717.75,60,-0.013147
-707.22,60,-0.013329
-696.57,60,-0.013511
-685.81,60,-0.013694
-674.94,60,-0.013876
-663.96,60,-0.014058
-652.87,60,-0.01424
-641.68,60,-0.014422
-630.38,60,-0.014605
-618.97,60,-0.014787
-607.46,60,-0.014969
-595.85,60,-0.015151
-584.14,60,-0.015333
-572.34,60,-0.015515
-560.43,60,-0.015697
-548.44,60,-0.015879
-536.36,60,-0.016061
-524.19,60,-0.016243
-511.93,60,-0.016425
-499.59,60,-0.016607
-487.18,60,-0.016789
-474.69,60,-0.016971
-462.14,60,-0.017153
-449.52,60,-0.017335
-436.83,60,-0.017516
-424.09,60,-0.017698
-411.3,60,-0.01788
-398.46,60,-0.018062
-385.59,60,-0.018244
-372.67,60,-0.018425
-359.73,60,-0.018607
-346.76,60,-0.018789
-333.78,60,-0.018971
-320.79,60,-0.019152
-307.79,60,-0.019334
-294.8,60,-0.019516
-281.82,60,-0.019697
-268.85,60,-0.019879
-255.92,60,-0.02006
-243.02,60,-0.020242
-230.17,60,-0.020423
-217.37,60,-0.020605
-204.64,60,-0.020786
-191.97,60,-0.020968
-179.39,60,-0.021149
-166.9,60,-0.021331
-154.51,60,-0.021512
-142.23,60,-0.021693
-130.08,60,-0.021875
-118.06,60,-0.022056
-106.18,60,-0.022237
-94.454,60,-0.022419
-82.897,60,-0.0226
-71.516,60,-0.022781
-60.324,60,-0.022962
-49.332,60,-0.023143
-38.55,60,-0.023325
-27.991,60,-0.023506
-17.666,60,-0.023687
-7.5851,60,-0.023868
2.239,60,-0.024049
11.796,60,-0.02423
21.074,60,-0.024411
30.062,60,-0.024592
38.75,60,-0.024773
47.128,60,-0.024954
55.184,60,-0.025135
62.91,60,-0.025315
70.295,60,-0.025496
77.329,60,-0.025677
84.005,60,-0.025858
90.312,60,-0.026039
96.244,60,-0.026219
101.79,60,-0.0264
106.95,60,-0.026581
111.71,60,-0.026761
116.06,60,-0.026942
120.01,60,-0.027122
123.54,60,-0.027303
126.64,60,-0.027483
129.33,60,-0.027664
131.59,60,-0.027844
133.42,60,-0.028025
134.81,60,-0.028205
135.77,60,-0.028386
136.3,60,-0.028566
136.39,60,-0.028746
136.05,60,-0.028926
135.27,60,-0.029107
134.06,60,-0.029287
132.42,60,-0.029467
130.35,60,-0.029647
127.86,60,-0.029827
124.95,60,-0.030007
121.63,60,-0.030187
117.89,60,-0.030367
113.75,60,-0.030547
109.21,60,-0.030727
104.29,60,-0.030907
98.974,60,-0.031087
93.286,60,-0.031267
87.23,60,-0.031447
80.814,60,-0.031626
74.048,60,-0.031806
66.94,60,-0.031986
59.499,60,-0.032165
51.737,60,-0.032345
43.662,60,-0.032525
35.285,60,-0.032704
26.616,60,-0.032884
17.666,60,-0.033063
8.4449,60,-0.033243
-1.0354,60,-0.033422
-10.764,60,-0.033601
-20.731,60,-0.033781
-30.925,60,-0.03396
-41.335,60,-0.034139
-51.95,60,-0.034319
-62.759,60,-0.034498
-73.752,60,-0.034677
-84.917,60,-0.034856
-96.244,60,-0.035035
-107.72,60,-0.035214
-119.34,60,-0.035393
-131.09,60,-0.035572
-142.96,60,-0.035751
-154.95,60,-0.03593
-167.03,60,-0.036109
-179.21,60,-0.036287
-191.47,60,-0.036466
-203.8,60,-0.036645
-216.2,60,-0.036824
-228.65,60,-0.037002
-241.16,60,-0.037181
-253.7,60,-0.037359
-266.28,60,-0.037538
-278.88,60,-0.037716
-291.49,60,-0.037895
-304.12,60,-0.038073
-316.76,60,-0.038252
-329.39,60,-0.03843
-342.01,60,-0.038608
-354.61,60,-0.038786
-367.2,60,-0.038964
-379.76,60,-0.039143
-392.29,60,-0.039321
-404.78,60,-0.039499
-417.23,60,-0.039677
-429.63,60,-0.039855
-441.99,60,-0.040033
-454.29,60,-0.040211
-466.53,60,-0.040388
-478.71,60,-0.040566
-490.82,60,-0.040744
-502.87,60,-0.040922
-514.84,60,-0.041099
-526.74,60,-0.041277
-538.56,60,-0.041454
-550.3,60,-0.041632
-561.96,60,-0.041809
-573.53,60,-0.041987
-585.02,60,-0.042164
-596.42,60,-0.042342
-607.73,60,-0.042519
-618.94,60,-0.042696
-630.07,60,-0.042873
-641.1,60,-0.04305
-652.03,60,-0.043228
-662.86,60,-0.043405
-673.6,60,-0.043582
-684.24,60,-0.043759
-694.77,60,-0.043935
-705.21,60,-0.044112
-715.55,60,-0.044289
-725.78,60,-0.044466
-735.92,60,-0.044643
-745.95,60,-0.044819
-755.88,60,-0.044996
-765.7,60,-0.045172
-775.43,60,-0.045349
-785.05,60,-0.045525
-794.57,60,-0.045702
-803.98,60,-0.045878
-813.3,60,-0.046055
-822.51,60,-0.046231
-831.62,60,-0.046407
-840.63,60,-0.046583
-849.53,60,-0.046759
-858.34,60,-0.046935
-867.05,60,-0.047111
-875.66,60,-0.047287
-884.17,60,-0.047463
-892.58,60,-0.047639
-900.89,60,-0.047815
-909.1,60,-0.047991
-917.22,60,-0.048166
-925.25,60,-0.048342
-933.17,60,-0.048518
-941.01,60,-0.048693
-948.75,60,-0.048869
-956.4,60,-0.049044
-963.95,60,-0.049219
-971.42,60,-0.049395
-978.79,60,-0.04957
-986.08,60,-0.049745
-993.27,60,-0.04992
-1000.4,60,-0.050096
-1007.4,60,-0.050271
-1014.3,60,-0.050446
-1021.2,60,-0.050621
-1028,60,-0.050795
-1034.6,60,-0.05097
-1041.2,60,-0.051145
-1047.8,60,-0.05132
-1054.2,60,-0.051494
-1060.6,60,-0.051669
-1066.8,60,-0.051844
-1073,60,-0.052018
-1079.2,60,-0.052192
-1085.2,60,-0.052367
-1091.2,60,-0.052541
-1097.1,60,-0.052715
-1102.9,60,-0.05289
-1108.7,60,-0.053064
-1114.4,60,-0.053238
-1120,60,-0.053412
-1125.6,60,-0.053586
-1131,60,-0.05376
-1136.4,60,-0.053934
-1141.8,60,-0.054107
-1147.1,60,-0.054281
-1152.3,60,-0.054455
-1157.4,60,-0.054628
-1162.5,60,-0.054802
-1167.6,60,-0.054976
-1172.5,60,-0.055149
-1177.4,60,-0.055322
-1182.3,60,-0.055496
-1187.1,60,-0.055669
-1191.8,60,-0.055842
-1196.5,60,-0.056015
-1201.1,60,-0.056188
-1205.7,60,-0.056361
-1210.2,60,-0.056534
-1214.7,60,-0.056707
-1219.1,60,-0.05688
-1223.4,60,-0.057053
-1227.7,60,-0.057225
-1232,60,-0.057398
-1236.2,60,-0.057571
-1240.4,60,-0.057743
-1244.5,60,-0.057916
-1248.5,60,-0.058088
-1252.6,60,-0.05826
-1256.5,60,-0.058433
-1260.5,60,-0.058605
-1264.4,60,-0.058777
-1268.2,60,-0.058949
-1272,60,-0.059121
-1275.8,60,-0.059293
-1279.5,60,-0.059465
-1283.2,60,-0.059637
-1286.9,60,-0.059808
-1290.5,60,-0.05998
-1294.1,60,-0.060152
-1297.6,60,-0.060323
-1301.1,60,-0.060495
-1304.6,60,-0.060666
-1308,60,-0.060837
-1311.4,60,-0.061009
-1314.8,60,-0.06118
-1318.1,60,-0.061351
-1321.4,60,-0.061522
-1324.7,60,-0.061693
-1328,60,-0.061864
-1331.2,60,-0.062035
-1334.4,60,-0.062206
-1337.6,60,-0.062376
-1340.7,60,-0.062547
-1343.8,60,-0.062718
-1346.9,60,-0.062888
-1350,60,-0.063059
-1353,60,-0.063229
-1356,60,-0.063399
-1359,60,-0.06357
-1362,60,-0.06374
-1365,60,-0.06391
-1367.9,60,-0.06408
-1370.8,60,-0.06425
-1373.7,60,-0.06442
-1376.6,60,-0.06459
-1379.5,60,-0.064759
-1382.3,60,-0.064929
-1385.2,60,-0.065099
-1388,60,-0.065268
-1390.8,60,-0.065438
-1393.6,60,-0.065607
-1396.4,60,-0.065776
-1399.1,60,-0.065946
-1401.9,60,-0.066115
-1404.6,60,-0.066284
-1407.4,60,-0.066453
-1410.1,60,-0.066622
-1412.8,60,-0.066791
-1415.5,60,-0.06696
-1418.2,60,-0.067128
-1420.9,60,-0.067297
-1423.6,60,-0.067466
-1426.3,60,-0.067634
-1429,60,-0.067803
-1431.6,60,-0.067971
-1434.3,60,-0.068139
-1437,60,-0.068308
-1439.7,60,-0.068476
-1442.3,60,-0.068644
-1445,60,-0.068812
-1447.7,60,-0.06898
-1450.3,60,-0.069148
-1453,60,-0.069315
-1455.7,60,-0.069483
-1458.4,60,-0.069651
-1461.1,60,-0.069818
-1463.8,60,-0.069986
-1466.5,60,-0.070153
-1469.2,60,-0.07032
-1471.9,60,-0.070488
-1474.6,60,-0.070655
-1477.4,60,-0.070822
-1480.1,60,-0.070989
-1482.9,60,-0.071156
-1485.6,60,-0.071323
-1488.4,60,-0.071489
-1491.2,60,-0.071656
-1494,60,-0.071823
-1496.9,60,-0.071989
-1499.7,60,-0.072156
-1502.6,60,-0.072322
-1505.5,60,-0.072488
-1508.4,60,-0.072655
-1511.3,60,-0.072821
-1514.3,60,-0.072987
-1517.2,60,-0.073153
-1520.2,60,-0.073319
-1523.3,60,-0.073485
-1526.3,60,-0.07365
-1529.4,60,-0.073816
-1532.5,60,-0.073982
-1535.6,60,-0.074147
-1538.8,60,-0.074313
-1542,60,-0.074478
-1545.2,60,-0.074643
-1548.5,60,-0.074808
-1551.8,60,-0.074973
-1555.2,60,-0.075138
-1558.5,60,-0.075303
-1562,60,-0.075468
-1565.4,60,-0.075633
-1568.9,60,-0.075798
-1572.5,60,-0.075962
-1576.1,60,-0.076127
-1579.7,60,-0.076291
-1583.4,60,-0.076455
-1587.2,60,-0.07662
-1591,60,-0.076784
-1594.8,60,-0.076948
-1598.8,60,-0.077112
-1602.7,60,-0.077276
-1606.7,60,-0.07744
-1610.8,60,-0.077603
-1615,60,-0.077767
-1619.2,60,-0.077931
-1623.5,60,-0.078094
-1627.8,60,-0.078258
-1632.3,60,-0.078421
-1636.7,60,-0.078584
-1641.3,60,-0.078747
-1646,60,-0.07891
-1650.7,60,-0.079073
-1655.5,60,-0.079236
-1660.4,60,-0.079399
-1665.4,60,-0.079562
-1670.4,60,-0.079724
-1675.6,60,-0.079887
-1680.8,60,-0.080049
-1686.2,60,-0.080212
-1691.6,60,-0.080374
-1697.2,60,-0.080536
-1702.8,60,-0.080698
-1708.6,60,-0.08086
-1714.5,60,-0.081022
-1720.5,60,-0.081184
-1726.6,60,-0.081346
-1732.8,60,-0.081508
-1739.1,60,-0.081669
-1745.6,60,-0.081831
-1752.2,60,-0.081992
-1759,60,-0.082153
-1765.8,60,-0.082315
-1772.9,60,-0.082476
-1780,60,-0.082637
-1787.3,60,-0.082798
-1794.8,60,-0.082958
-1802.4,60,-0.083119
-1810.2,60,-0.08328
-1818.2,60,-0.08344
-1826.3,60,-0.083601
-1834.6,60,-0.083761
-1843.1,60,-0.083922
-1851.8,60,-0.084082
-1860.7,60,-0.084242
-1869.7,60,-0.084402
-1879,60,-0.084562
-1888.4,60,-0.084722
-1898.1,60,-0.084882
-1908,60,-0.085041
-1918.1,60,-0.085201
-1928.5,60,-0.08536
-1939,60,-0.08552
-1949.9,60,-0.085679
-1960.9,60,-0.085838
-1972.2,60,-0.085997
-1983.8,60,-0.086156
-1995.7,60,-0.086315
-2007.8,60,-0.086474
-2020.2,60,-0.086633
-2032.8,60,-0.086791
-2045.8,60,-0.08695
-2059.1,60,-0.087108
-2072.6,60,-0.087266
-2086.5,60,-0.087425
-2100.7,60,-0.087583
-2115.3,60,-0.087741
-2130.1,60,-0.087899
-2145.3,60,-0.088057
-2160.9,60,-0.088214
-2176.8,60,-0.088372
-2193.1,60,-0.08853
-2209.7,60,-0.088687
-2226.7,60,-0.088844
-2244.1,60,-0.089002
-2261.9,60,-0.089159
-2280.1,60,-0.089316
-2298.7,60,-0.089473
-2317.6,60,-0.08963
-2337,60,-0.089787
-2356.8,60,-0.089943
-2377.1,60,-0.0901
-2397.7,60,-0.090256
-2418.8,60,-0.090413
-2440.3,60,-0.090569
-2462.3,60,-0.090725
-2484.7,60,-0.090881
-2507.5,60,-0.091037
-2530.7,60,-0.091193
-2554.4,60,-0.091349
-2578.5,60,-0.091505
-2603.1,60,-0.09166
-2628,60,-0.091816
-2653.4,60,-0.091971
-2679.2,60,-0.092126
-2705.3,60,-0.092282
-2731.9,60,-0.092437
-2758.8,60,-0.092592
-2786,60,-0.092747
-2813.6,60,-0.092901
-2841.6,60,-0.093056
-2869.8,60,-0.093211
-2898.2,60,-0.093365
-2926.9,60,-0.093519
-2955.8,60,-0.093674
-2984.9,60,-0.093828
-3014.1,60,-0.093982
-3043.4,60,-0.094136
-3072.8,60,-0.09429
-3102.2,60,-0.094443
-3131.5,60,-0.094597
-3160.7,60,-0.094751
-3189.8,60,-0.094904
-3218.7,60,-0.095057
-3247.3,60,-0.095211
-3275.6,60,-0.095364
-3303.4,60,-0.095517
-3330.8,60,-0.09567
-3357.7,60,-0.095823
-3383.9,60,-0.095975
-3409.4,60,-0.096128
-3434.2,60,-0.09628
-3458.1,60,-0.096433
-3481.1,60,-0.096585
-3503.1,60,-0.096737
-3524,60,-0.096889
-3543.8,60,-0.097041
-3562.3,60,-0.097193
-3579.6,60,-0.097345
-3595.4,60,-0.097497
-3609.8,60,-0.097648
-3622.8,60,-0.0978
-3634.1,60,-0.097951
-3643.9,60,-0.098102
-3652,60,-0.098253
-3658.4,60,-0.098404
-3663.1,60,-0.098555
-3666,60,-0.098706
-3667.1,60,-0.098857
-3666.5,60,-0.099007
-3664,60,-0.099158
-3659.7,60,-0.099308
-3653.6,60,-0.099458
-3645.7,60,-0.099608
-3636.1,60,-0.099758
-3624.7,60,-0.099908
-3611.6,60,-0.10006
-3596.9,60,-0.10021
-3580.6,60,-0.10036
-3562.6,60,-0.10051
-3543.2,60,-0.10066
-3522.3,60,-0.10081
-3500.1,60,-0.10095
-3476.5,60,-0.1011
-3451.7,60,-0.10125
-3425.7,60,-0.1014
-3398.6,60,-0.10155
-3370.5,60,-0.1017
-3341.4,60,-0.10185
-3311.5,60,-0.102
-3280.8,60,-0.10214
-3249.3,60,-0.10229
-3217.2,60,-0.10244
-3184.6,60,-0.10259
-3151.4,60,-0.10274
-3117.8,60,-0.10288
-3083.8,60,-0.10303
-3049.5,60,-0.10318
-3015,60,-0.10333
-2980.3,60,-0.10347
-2945.4,60,-0.10362
-2910.5,60,-0.10377
-2875.5,60,-0.10391
-2840.6,60,-0.10406
-2805.7,60,-0.10421
-2771,60,-0.10435
-2736.4,60,-0.1045
-2701.9,60,-0.10465
-2667.7,60,-0.10479
-2633.7,60,-0.10494
-2600,60,-0.10509
-2566.6,60,-0.10523
-2533.5,60,-0.10538
-2500.7,60,-0.10552
-2468.3,60,-0.10567
-2436.3,60,-0.10581
-2404.7,60,-0.10596
-2373.4,60,-0.1061
-2342.6,60,-0.10625
-2312.2,60,-0.10639
-2282.3,60,-0.10654
-2252.7,60,-0.10668
-2223.7,60,-0.10683
-2195,60,-0.10697
-2166.8,60,-0.10712
-2139.1,60,-0.10726
-2111.8,60,-0.10741
-2085,60,-0.10755
-2058.6,60,-0.10769
-2032.7,60,-0.10784
-2007.3,60,-0.10798
-1982.3,60,-0.10812
-1957.7,60,-0.10827
-1933.6,60,-0.10841
-1909.9,60,-0.10855
-1886.6,60,-0.1087
-1863.8,60,-0.10884
-1841.4,60,-0.10898
-1819.5,60,-0.10913
-1797.9,60,-0.10927
-1776.8,60,-0.10941
-1756,60,-0.10955
-1735.7,60,-0.1097
-1715.7,60,-0.10984
-1696.2,60,-0.10998
-1677,60,-0.11012
-1658.2,60,-0.11026
-1639.7,60,-0.1104
-1621.6,60,-0.11055
-1603.9,60,-0.11069
-1586.5,60,-0.11083
-1569.5,60,-0.11097
-1552.7,60,-0.11111
-1536.4,60,-0.11125
-1520.3,60,-0.11139
-1504.6,60,-0.11153
-1489.1,60,-0.11167
-1474,60,-0.11181
-1459.2,60,-0.11195
-1444.6,60,-0.11209
-1430.4,60,-0.11223
-1416.4,60,-0.11237
-1402.7,60,-0.11251
-1389.3,60,-0.11265
-1376.1,60,-0.11279
-1363.2,60,-0.11293
-1350.5,60,-0.11307
-1338.1,60,-0.11321
-1325.9,60,-0.11335
-1314,60,-0.11349
-1302.3,60,-0.11363
-1290.8,60,-0.11377
-1279.6,60,-0.1139
-1268.5,60,-0.11404
-1257.7,60,-0.11418
-1247.1,60,-0.11432
-1236.7,60,-0.11446
-1226.4,60,-0.1146
-1216.4,60,-0.11473
-1206.6,60,-0.11487
-1196.9,60,-0.11501
-1187.5,60,-0.11515
-1178.2,60,-0.11528
-1169.1,60,-0.11542
-1160.1,60,-0.11556
-1151.4,60,-0.11569
-1142.8,60,-0.11583
-1134.3,60,-0.11597
-1126,60,-0.1161
-1117.9,60,-0.11624
-1109.9,60,-0.11638
-1102,60,-0.11651
-1094.3,60,-0.11665
-1086.7,60,-0.11679
-1079.3,60,-0.11692
-1072,60,-0.11706
-1064.9,60,-0.11719
-1057.8,60,-0.11733
-1050.9,60,-0.11746
-1044.1,60,-0.1176
-1037.4,60,-0.11773
-1030.9,60,-0.11787
-1024.5,60,-0.118
-1018.1,60,-0.11814
-1011.9,60,-0.11827
-1005.8,60,-0.11841
-999.79,60,-0.11854
-993.89,60,-0.11867
-988.09,60,-0.11881
-982.38,60,-0.11894
-976.78,60,-0.11908
-971.26,60,-0.11921
-965.84,60,-0.11934
-960.51,60,-0.11948
-955.27,60,-0.11961
-950.11,60,-0.11974
-945.04,60,-0.11988
-940.04,60,-0.12001
-935.14,60,-0.12014
-930.3,60,-0.12027
-925.55,60,-0.12041
-920.87,60,-0.12054
-916.27,60,-0.12067
-911.74,60,-0.1208
-907.28,60,-0.12093
-902.89,60,-0.12107
-898.57,60,-0.1212
-894.31,60,-0.12133
-890.12,60,-0.12146
-885.99,60,-0.12159
-881.93,60,-0.12172
-877.92,60,-0.12185
-873.98,60,-0.12198
-870.09,60,-0.12211
-866.27,60,-0.12224
-862.49,60,-0.12238
-858.78,60,-0.12251
-855.11,60,-0.12264
-851.5,60,-0.12277
-847.94,60,-0.1229
-844.43,60,-0.12303
-840.97,60,-0.12315
-837.56,60,-0.12328
-834.19,60,-0.12341
-830.87,60,-0.12354
-827.6,60,-0.12367
-824.37,60,-0.1238
-821.18,60,-0.12393
-818.04,60,-0.12406
-814.94,60,-0.12419
-811.88,60,-0.12431
-808.86,60,-0.12444
-805.87,60,-0.12457
-802.93,60,-0.1247
-800.02,60,-0.12483
-797.15,60,-0.12495
-794.31,60,-0.12508
-791.51,60,-0.12521
-788.75,60,-0.12534
-786.02,60,-0.12546
-783.32,60,-0.12559
-780.65,60,-0.12572
-778.01,60,-0.12584
-775.41,60,-0.12597
-772.83,60,-0.1261
-770.29,60,-0.12622
-767.77,60,-0.12635
-765.28,60,-0.12648
-762.82,60,-0.1266
-760.39,60,-0.12673
-757.98,60,-0.12685
-755.6,60,-0.12698
-753.25,60,-0.1271
-750.92,60,-0.12723
-748.61,60,-0.12735
-746.33,60,-0.12748
-744.07,60,-0.1276
-741.83,60,-0.12773
-739.62,60,-0.12785
-737.42,60,-0.12798
-735.25,60,-0.1281
-733.1,60,-0.12823
-730.97,60,-0.12835
-728.87,60,-0.12847
-726.78,60,-0.1286
-724.71,60,-0.12872
-722.65,60,-0.12884
-720.62,60,-0.12897
-718.61,60,-0.12909
-716.61,60,-0.12921
-714.63,60,-0.12934
-712.67,60,-0.12946
-710.72,60,-0.12958
-708.79,60,-0.1297
-706.87,60,-0.12983
-704.98,60,-0.12995
-703.09,60,-0.13007
-701.22,60,-0.13019
-699.37,60,-0.13031
-697.53,60,-0.13043
-695.7,60,-0.13056
-693.89,60,-0.13068
-692.09,60,-0.1308
-690.3,60,-0.13092
-688.53,60,-0.13104
-686.77,60,-0.13116
-685.02,60,-0.13128
-683.29,60,-0.1314
-681.56,60,-0.13152
-679.85,60,-0.13164
-678.15,60,-0.13176
-676.45,60,-0.13188
-674.77,60,-0.132
-673.1,60,-0.13212
-671.45,60,-0.13224
-669.8,60,-0.13236
-668.16,60,-0.13248
-666.53,60,-0.1326
-664.91,60,-0.13272
-663.3,60,-0.13283
-661.7,60,-0.13295
-660.1,60,-0.13307
-658.52,60,-0.13319
-656.94,60,-0.13331
-655.38,60,-0.13343
-653.82,60,-0.13354
-652.27,60,-0.13366
-650.73,60,-0.13378
-649.19,60,-0.1339
-647.66,60,-0.13401
-646.14,60,-0.13413
-644.63,60,-0.13425
-643.13,60,-0.13436
-641.63,60,-0.13448
-640.14,60,-0.1346
-638.65,60,-0.13471
-637.17,60,-0.13483
-635.7,60,-0.13494
-634.24,60,-0.13506
-632.78,60,-0.13518
-631.32,60,-0.13529
-629.88,60,-0.13541
-628.44,60,-0.13552
-627,60,-0.13564
-625.57,60,-0.13575
-624.15,60,-0.13587
-622.73,60,-0.13598
-621.31,60,-0.1361
-619.9,60,-0.13621
-618.5,60,-0.13633
-617.1,60,-0.13644
-615.71,60,-0.13655
-614.32,60,-0.13667
-612.94,60,-0.13678
-611.56,60,-0.13689
-610.18,60,-0.13701
-608.81,60,-0.13712
-607.45,60,-0.13723
-606.08,60,-0.13735
-604.73,60,-0.13746
-603.37,60,-0.13757
-602.03,60,-0.13768
-600.68,60,-0.1378
-599.34,60,-0.13791
-598,60,-0.13802
-596.67,60,-0.13813
-595.34,60,-0.13824
-594.02,60,-0.13835
-592.69,60,-0.13847
-591.38,60,-0.13858
-590.06,60,-0.13869
-588.75,60,-0.1388
-587.44,60,-0.13891
-586.14,60,-0.13902
-584.84,60,-0.13913
-583.54,60,-0.13924
-582.24,60,-0.13935
-580.95,60,-0.13946
-579.67,60,-0.13957
-578.38,60,-0.13968
-577.1,60,-0.13979
-575.82,60,-0.1399
-574.54,60,-0.14001
-573.27,60,-0.14012
-572,60,-0.14023
-570.73,60,-0.14034
-569.47,60,-0.14044
-568.21,60,-0.14055
-566.95,60,-0.14066
-565.69,60,-0.14077
-564.44,60,-0.14088
-563.19,60,-0.14098
-561.94,60,-0.14109
-560.69,60,-0.1412
-559.45,60,-0.14131
-558.21,60,-0.14141
-556.97,60,-0.14152
-555.73,60,-0.14163
-554.5,60,-0.14174
-553.27,60,-0.14184
-552.04,60,-0.14195
-550.81,60,-0.14205
-549.59,60,-0.14216
-548.37,60,-0.14227
-547.15,60,-0.14237
-545.93,60,-0.14248
-544.72,60,-0.14258
-543.5,60,-0.14269
-542.29,60,-0.14279
-541.09,60,-0.1429
-539.88,60,-0.143
-538.68,60,-0.14311
-537.47,60,-0.14321
-536.28,60,-0.14332
-535.08,60,-0.14342
-533.88,60,-0.14353
-532.69,60,-0.14363
-531.5,60,-0.14373
-530.31,60,-0.14384
-529.12,60,-0.14394
-527.94,60,-0.14404
-526.75,60,-0.14415
-525.57,60,-0.14425
-524.39,60,-0.14435
-523.22,60,-0.14446
-522.04,60,-0.14456
-520.87,60,-0.14466
-519.7,60,-0.14476
-518.53,60,-0.14486
-517.36,60,-0.14497
-516.2,60,-0.14507
-515.03,60,-0.14517
-513.87,60,-0.14527
-512.71,60,-0.14537
-511.55,60,-0.14547
-510.4,60,-0.14557
-509.24,60,-0.14567
-508.09,60,-0.14578
-506.94,60,-0.14588
-505.79,60,-0.14598
-504.65,60,-0.14608
-503.5,60,-0.14618
-502.36,60,-0.14628
-501.22,60,-0.14638
-500.08,60,-0.14648
-498.94,60,-0.14657
-497.81,60,-0.14667
-496.67,60,-0.14677
-495.54,60,-0.14687
-494.41,60,-0.14697
-493.28,60,-0.14707
-492.16,60,-0.14717
-491.03,60,-0.14727
-489.91,60,-0.14736
-488.79,60,-0.14746
-487.67,60,-0.14756
-486.55,60,-0.14766
-485.44,60,-0.14775
-484.32,60,-0.14785
-483.21,60,-0.14795
-482.1,60,-0.14804
-480.99,60,-0.14814
-479.89,60,-0.14824
-478.78,60,-0.14833
-477.68,60,-0.14843
-476.58,60,-0.14853
-475.48,60,-0.14862
-474.38,60,-0.14872
-473.29,60,-0.14881
-472.19,60,-0.14891
-471.1,60,-0.149
-470.01,60,-0.1491
-468.92,60,-0.14919
-467.84,60,-0.14929
-466.75,60,-0.14938
-465.67,60,-0.14948
-464.59,60,-0.14957
-463.51,60,-0.14967
-462.43,60,-0.14976
-461.35,60,-0.14985
-460.28,60,-0.14995
-459.21,60,-0.15004
-458.14,60,-0.15013
-457.07,60,-0.15023
-456,60,-0.15032
-454.94,60,-0.15041
-453.87,60,-0.15051
-452.81,60,-0.1506
-451.75,60,-0.15069
-450.69,60,-0.15078
-449.64,60,-0.15088
-448.58,60,-0.15097
-447.53,60,-0.15106
-446.48,60,-0.15115
-445.43,60,-0.15124
-444.38,60,-0.15133
-443.34,60,-0.15142
-442.29,60,-0.15151
-441.25,60,-0.1516
-440.21,60,-0.1517
-439.17,60,-0.15179
-438.13,60,-0.15188
-437.1,60,-0.15197
-436.07,60,-0.15206
-435.04,60,-0.15215
-434.01,60,-0.15223
-432.98,60,-0.15232
-431.95,60,-0.15241
-430.93,60,-0.1525
-429.91,60,-0.15259
-428.88,60,-0.15268
-427.87,60,-0.15277
-426.85,60,-0.15286
-425.83,60,-0.15294
-424.82,60,-0.15303
-423.81,60,-0.15312
-422.8,60,-0.15321
-421.79,60,-0.1533
-420.78,60,-0.15338
-419.78,60,-0.15347
-418.78,60,-0.15356
-417.77,60,-0.15364
-416.78,60,-0.15373
-415.78,60,-0.15382
-414.78,60,-0.1539
-413.79,60,-0.15399
-412.8,60,-0.15407
-411.8,60,-0.15416
-410.82,60,-0.15425
-409.83,60,-0.15433
-408.84,60,-0.15442
-407.86,60,-0.1545
-406.88,60,-0.15459
-405.9,60,-0.15467
-404.92,60,-0.15476
-403.94,60,-0.15484
-402.97,60,-0.15492
-401.99,60,-0.15501
-401.02,60,-0.15509
-400.05,60,-0.15518
-399.09,60,-0.15526
-398.12,60,-0.15534
-397.15,60,-0.15543
-396.19,60,-0.15551
-395.23,60,-0.15559
-394.27,60,-0.15568
-393.31,60,-0.15576
-392.36,60,-0.15584
-391.4,60,-0.15592
-390.45,60,-0.156
-389.5,60,-0.15609
-388.55,60,-0.15617
-387.6,60,-0.15625
-386.66,60,-0.15633
-385.71,60,-0.15641
-384.77,60,-0.15649
-383.83,60,-0.15657
-382.89,60,-0.15665
-381.95,60,-0.15674
-381.01,60,-0.15682
-380.08,60,-0.1569
-379.15,60,-0.15698
-378.22,60,-0.15706
-377.29,60,-0.15714
-376.36,60,-0.15721
-375.43,60,-0.15729
-374.51,60,-0.15737
-373.59,60,-0.15745
-372.66,60,-0.15753
-371.74,60,-0.15761
-370.83,60,-0.15769
-369.91,60,-0.15777
-368.99,60,-0.15784
-368.08,60,-0.15792
-367.17,60,-0.158
-366.26,60,-0.15808
-365.35,60,-0.15815
-364.44,60,-0.15823
-363.54,60,-0.15831
-362.63,60,-0.15839
-361.73,60,-0.15846
-360.83,60,-0.15854
-359.93,60,-0.15862
-359.03,60,-0.15869
-358.13,60,-0.15877
-357.24,60,-0.15884
-356.35,60,-0.15892
-355.45,60,-0.15899
-354.56,60,-0.15907
-353.67,60,-0.15915
-352.79,60,-0.15922
-351.9,60,-0.15929
-351.01,60,-0.15937
-350.13,60,-0.15944
-349.25,60,-0.15952
-348.37,60,-0.15959
-347.49,60,-0.15967
-346.61,60,-0.15974
-345.74,60,-0.15981
-344.86,60,-0.15989
-343.99,60,-0.15996
-343.12,60,-0.16003
-342.25,60,-0.16011
-341.38,60,-0.16018
-340.51,60,-0.16025
-339.64,60,-0.16032
-338.78,60,-0.1604
-337.91,60,-0.16047
-337.05,60,-0.16054
-336.19,60,-0.16061
-335.33,60,-0.16068
-334.47,60,-0.16075
-333.61,60,-0.16082
-332.76,60,-0.1609
-331.9,60,-0.16097
-331.05,60,-0.16104
-330.2,60,-0.16111
-329.35,60,-0.16118
-328.5,60,-0.16125
-327.65,60,-0.16132
-326.8,60,-0.16139
-325.96,60,-0.16146
-325.11,60,-0.16153
-324.27,60,-0.16159
-323.43,60,-0.16166
-322.59,60,-0.16173
-321.75,60,-0.1618
-320.91,60,-0.16187
-320.07,60,-0.16194
-319.23,60,-0.16201
-318.4,60,-0.16207
-317.57,60,-0.16214
-316.73,60,-0.16221
-315.9,60,-0.16228
-315.07,60,-0.16234
-314.24,60,-0.16241
-313.41,60,-0.16248
-312.59,60,-0.16254
-311.76,60,-0.16261
-310.93,60,-0.16268
-310.11,60,-0.16274
-309.29,60,-0.16281
-308.47,60,-0.16287
-307.64,60,-0.16294
-306.82,60,-0.16301
-306.01,60,-0.16307
-305.19,60,-0.16314
-304.37,60,-0.1632
-303.56,60,-0.16327
-302.74,60,-0.16333
-301.93,60,-0.16339
-301.11,60,-0.16346
-300.3,60,-0.16352
-299.49,60,-0.16359
-298.68,60,-0.16365
-297.87,60,-0.16371
-297.06,60,-0.16378
-296.26,60,-0.16384
-295.45,60,-0.1639
-294.64,60,-0.16397
-293.84,60,-0.16403
-293.04,60,-0.16409
-292.23,60,-0.16415
-291.43,60,-0.16421
-290.63,60,-0.16428
-289.83,60,-0.16434
-289.03,60,-0.1644
-288.23,60,-0.16446
-287.43,60,-0.16452
-286.64,60,-0.16458
-285.84,60,-0.16464
-285.04,60,-0.1647
-284.25,60,-0.16476
-283.46,60,-0.16482
-282.66,60,-0.16488
-281.87,60,-0.16494
-281.08,60,-0.165
-280.29,60,-0.16506
-279.5,60,-0.16512
-278.71,60,-0.16518
-277.92,60,-0.16524
-277.13,60,-0.1653
-276.34,60,-0.16536
-275.56,60,-0.16542
-274.77,60,-0.16547
-273.98,60,-0.16553
-273.2,60,-0.16559
-272.41,60,-0.16565
-271.63,60,-0.16571
-270.85,60,-0.16576
-270.07,60,-0.16582
-269.28,60,-0.16588
-268.5,60,-0.16593
-267.72,60,-0.16599
-266.94,60,-0.16605
-266.16,60,-0.1661
-265.38,60,-0.16616
-264.6,60,-0.16622
-263.83,60,-0.16627
-263.05,60,-0.16633
-262.27,60,-0.16638
-261.5,60,-0.16644
-260.72,60,-0.16649
-259.94,60,-0.16655
-259.17,60,-0.1666
-258.39,60,-0.16666
-257.62,60,-0.16671
-256.85,60,-0.16676
-256.07,60,-0.16682
-255.3,60,-0.16687
-254.53,60,-0.16692
-253.76,60,-0.16698
-252.99,60,-0.16703
-252.21,60,-0.16708
-251.44,60,-0.16714
-250.67,60,-0.16719
-249.9,60,-0.16724
-249.13,60,-0.16729
-248.37,60,-0.16735
-247.6,60,-0.1674
-246.83,60,-0.16745
-246.06,60,-0.1675
-245.29,60,-0.16755
-244.53,60,-0.1676
-243.76,60,-0.16765
-242.99,60,-0.1677
-242.22,60,-0.16776
-241.46,60,-0.16781
-240.69,60,-0.16786
-239.93,60,-0.16791
-239.16,60,-0.16796
-238.4,60,-0.168
-237.63,60,-0.16805
-236.87,60,-0.1681
-236.1,60,-0.16815
-235.34,60,-0.1682
-234.57,60,-0.16825
-233.81,60,-0.1683
-233.05,60,-0.16835
-232.28,60,-0.1684
-231.52,60,-0.16844
-230.76,60,-0.16849
-230,60,-0.16854
-229.23,60,-0.16859
-228.47,60,-0.16863
-227.71,60,-0.16868
-226.95,60,-0.16873
-226.18,60,-0.16877
-225.42,60,-0.16882
-224.66,60,-0.16887
-223.9,60,-0.16891
-223.14,60,-0.16896
-222.38,60,-0.169
-221.62,60,-0.16905
-220.85,60,-0.1691
-220.09,60,-0.16914
-219.33,60,-0.16919
-218.57,60,-0.16923
-217.81,60,-0.16927
-217.05,60,-0.16932
-216.29,60,-0.16936
-215.53,60,-0.16941
-214.77,60,-0.16945
-214.01,60,-0.16949
-213.25,60,-0.16954
-212.49,60,-0.16958
-211.73,60,-0.16962
-210.97,60,-0.16967
-210.21,60,-0.16971
-209.45,60,-0.16975
-208.69,60,-0.1698
-207.93,60,-0.16984
-207.17,60,-0.16988
-206.41,60,-0.16992
-205.65,60,-0.16996
-204.89,60,-0.17
-204.13,60,-0.17005
-203.36,60,-0.17009
-202.6,60,-0.17013
-201.84,60,-0.17017
-201.08,60,-0.17021
-200.32,60,-0.17025
-199.56,60,-0.17029
-198.8,60,-0.17033
-198.04,60,-0.17037
-197.28,60,-0.17041
-196.52,60,-0.17045
-195.76,60,-0.17049
-195,60,-0.17053
-194.24,60,-0.17057
-193.48,60,-0.1706
-192.72,60,-0.17064
-191.96,60,-0.17068
-191.19,60,-0.17072
-190.43,60,-0.17076
-189.67,60,-0.17079
-188.91,60,-0.17083
-188.15,60,-0.17087
-187.39,60,-0.17091
-186.62,60,-0.17094
-185.86,60,-0.17098
-185.1,60,-0.17102
-184.34,60,-0.17105
-183.58,60,-0.17109
-182.81,60,-0.17113
-182.05,60,-0.17116
-181.29,60,-0.1712
-180.53,60,-0.17123
-179.76,60,-0.17127
-179,60,-0.1713
-178.24,60,-0.17134
-177.47,60,-0.17137
-176.71,60,-0.17141
-175.95,60,-0.17144
-175.18,60,-0.17148
-174.42,60,-0.17151
-173.65,60,-0.17154
-172.89,60,-0.17158
-172.13,60,-0.17161
-171.36,60,-0.17164
-170.6,60,-0.17168
-169.83,60,-0.17171
-169.07,60,-0.17174
-168.3,60,-0.17177
-167.54,60,-0.17181
-166.77,60,-0.17184
-166.01,60,-0.17187
-165.24,60,-0.1719
-164.47,60,-0.17193
-163.71,60,-0.17197
-162.94,60,-0.172
-162.17,60,-0.17203
-161.41,60,-0.17206
-160.64,60,-0.17209
-159.87,60,-0.17212
-159.11,60,-0.17215
-158.34,60,-0.17218
-157.57,60,-0.17221
-156.8,60,-0.17224
-156.04,60,-0.17227
-155.27,60,-0.1723
-154.5,60,-0.17233
-153.73,60,-0.17236
-152.96,60,-0.17238
-152.19,60,-0.17241
-151.43,60,-0.17244
-150.66,60,-0.17247
-149.89,60,-0.1725
-149.12,60,-0.17252
-148.35,60,-0.17255
-147.58,60,-0.17258
-146.81,60,-0.17261
-146.04,60,-0.17263
-145.27,60,-0.17266
-144.5,60,-0.17269
-143.73,60,-0.17271
-142.95,60,-0.17274
-142.18,60,-0.17277
-141.41,60,-0.17279
-140.64,60,-0.17282
-139.87,60,-0.17284
-139.1,60,-0.17287
-138.33,60,-0.17289
-137.55,60,-0.17292
-136.78,60,-0.17294
-136.01,60,-0.17297
-135.24,60,-0.17299
-134.46,60,-0.17302
-133.69,60,-0.17304
-132.92,60,-0.17306
-132.15,60,-0.17309
-131.37,60,-0.17311
-130.6,60,-0.17313
-129.83,60,-0.17316
-129.05,60,-0.17318
-128.28,60,-0.1732
-127.5,60,-0.17322
-126.73,60,-0.17325
-125.96,60,-0.17327
-125.18,60,-0.17329
-124.41,60,-0.17331
-123.63,60,-0.17333
-122.86,60,-0.17336
-122.08,60,-0.17338
-121.31,60,-0.1734
-120.53,60,-0.17342
-119.76,60,-0.17344
-118.98,60,-0.17346
-118.21,60,-0.17348
-117.43,60,-0.1735
-116.65,60,-0.17352
-115.88,60,-0.17354
-115.1,60,-0.17356
-114.33,60,-0.17358
-113.55,60,-0.1736
-112.77,60,-0.17361
-112,60,-0.17363
-111.22,60,-0.17365
-110.45,60,-0.17367
-109.67,60,-0.17369
-108.89,60,-0.17371
-108.12,60,-0.17372
-107.34,60,-0.17374
-106.56,60,-0.17376
-105.79,60,-0.17378
-105.01,60,-0.17379
-104.23,60,-0.17381
-103.46,60,-0.17383
-102.68,60,-0.17384
-101.9,60,-0.17386
-101.12,60,-0.17387
-100.35,60,-0.17389
-99.57,60,-0.17391
-98.793,60,-0.17392
-98.015,60,-0.17394
-97.238,60,-0.17395
-96.461,60,-0.17397
-95.684,60,-0.17398
-94.907,60,-0.17399
-94.13,60,-0.17401
-93.352,60,-0.17402
-92.575,60,-0.17404
-91.798,60,-0.17405
-91.021,60,-0.17406
-90.244,60,-0.17408
-89.467,60,-0.17409
-88.69,60,-0.1741
-87.913,60,-0.17412
-87.136,60,-0.17413
-86.359,60,-0.17414
-85.582,60,-0.17415
-84.805,60,-0.17417
-84.028,60,-0.17418
-83.252,60,-0.17419
-82.475,60,-0.1742
-81.698,60,-0.17421
-80.922,60,-0.17422
-80.146,60,-0.17423
-79.369,60,-0.17424
-78.593,60,-0.17425
-77.817,60,-0.17426
-77.041,60,-0.17427
-76.265,60,-0.17428
-75.489,60,-0.17429
-74.714,60,-0.1743
-73.938,60,-0.17431
-73.163,60,-0.17432
-72.387,60,-0.17433
-71.612,60,-0.17434
-70.837,60,-0.17435
-70.063,60,-0.17436
-69.288,60,-0.17436
-68.513,60,-0.17437
-67.739,60,-0.17438
-66.965,60,-0.17439
-66.191,60,-0.17439
-65.417,60,-0.1744
-64.643,60,-0.17441
-63.87,60,-0.17442
-63.097,60,-0.17442
-62.324,60,-0.17443
-61.551,60,-0.17443
-60.778,60,-0.17444
-60.006,60,-0.17445
-59.234,60,-0.17445
-58.462,60,-0.17446
-57.69,60,-0.17446
-56.919,60,-0.17447
-56.147,60,-0.17447
-55.376,60,-0.17448
-54.606,60,-0.17448
-53.835,60,-0.17449
-53.065,60,-0.17449
-52.295,60,-0.17449
-51.526,60,-0.1745
-50.756,60,-0.1745
-49.987,60,-0.17451
-49.219,60,-0.17451
-48.45,60,-0.17451
-47.682,60,-0.17451
-46.914,60,-0.17452
-46.147,60,-0.17452
-45.38,60,-0.17452
-44.613,60,-0.17452
-43.846,60,-0.17453
-43.08,60,-0.17453
-42.314,60,-0.17453
-41.549,60,-0.17453
-40.784,60,-0.17453
-40.019,60,-0.17453
-39.255,60,-0.17453
-38.491,60,-0.17453
-37.727,60,-0.17453
-36.964,60,-0.17453
-36.201,60,-0.17453
-35.439,60,-0.17453
-34.677,60,-0.17453
-33.915,60,-0.17453
-33.154,60,-0.17453
-32.393,60,-0.17453
-31.633,60,-0.17453
-30.873,60,-0.17453
-30.113,60,-0.17453
-29.354,60,-0.17452
-28.596,60,-0.17452
-27.838,60,-0.17452
-27.08,60,-0.17452
-26.323,60,-0.17451
-25.566,60,-0.17451
-24.81,60,-0.17451
-24.054,60,-0.17451
-23.299,60,-0.1745
-22.544,60,-0.1745
-21.79,60,-0.17449
-21.036,60,-0.17449
-20.283,60,-0.17449
-19.53,60,-0.17448
-18.778,60,-0.17448
-18.026,60,-0.17447
-17.275,60,-0.17447
-16.524,60,-0.17446
-15.774,60,-0.17446
-15.024,60,-0.17445
-14.275,60,-0.17445
-13.527,60,-0.17444
-12.779,60,-0.17443
-12.032,60,-0.17443
-11.285,60,-0.17442
-10.539,60,-0.17442
-9.7932,60,-0.17441
-9.0482,60,-0.1744
-8.3038,60,-0.17439
-7.5599,60,-0.17439
-6.8167,60,-0.17438
-6.0741,60,-0.17437
-5.3322,60,-0.17436
-4.5908,60,-0.17436
-3.8501,60,-0.17435
-3.11,60,-0.17434
-2.3705,60,-0.17433
-1.6317,60,-0.17432
-0.89347,60,-0.17431
-0.15593,60,-0.1743
0.58096,60,-0.17429
1.3172,60,-0.17428
2.0527,60,-0.17427
2.7876,60,-0.17426
3.5219,60,-0.17425
4.2554,60,-0.17424
4.9883,60,-0.17423
5.7204,60,-0.17422
6.4519,60,-0.17421
7.1827,60,-0.1742
7.9128,60,-0.17419
8.6422,60,-0.17418
9.3708,60,-0.17417
10.099,60,-0.17415
10.826,60,-0.17414
11.553,60,-0.17413
12.278,60,-0.17412
13.003,60,-0.1741
13.728,60,-0.17409
14.451,60,-0.17408
15.174,60,-0.17406
15.896,60,-0.17405
16.618,60,-0.17404
17.338,60,-0.17402
18.058,60,-0.17401
18.777,60,-0.17399
19.495,60,-0.17398
20.213,60,-0.17397
20.929,60,-0.17395
21.645,60,-0.17394
22.361,60,-0.17392
23.075,60,-0.17391
23.788,60,-0.17389
24.501,60,-0.17387
25.213,60,-0.17386
25.924,60,-0.17384
26.635,60,-0.17383
27.344,60,-0.17381
28.053,60,-0.17379
28.761,60,-0.17378
29.468,60,-0.17376
30.174,60,-0.17374
30.88,60,-0.17372
31.584,60,-0.17371
32.288,60,-0.17369
32.991,60,-0.17367
33.693,60,-0.17365
34.395,60,-0.17363
35.095,60,-0.17361
35.795,60,-0.1736
36.493,60,-0.17358
37.191,60,-0.17356
37.888,60,-0.17354
38.584,60,-0.17352
39.28,60,-0.1735
39.974,60,-0.17348
40.667,60,-0.17346
41.36,60,-0.17344
42.052,60,-0.17342
42.743,60,-0.1734
43.433,60,-0.17338
44.122,60,-0.17336
44.81,60,-0.17333
45.498,60,-0.17331
46.184,60,-0.17329
46.87,60,-0.17327
47.554,60,-0.17325
48.238,60,-0.17322
48.921,60,-0.1732
49.603,60,-0.17318
50.284,60,-0.17316
50.964,60,-0.17313
51.643,60,-0.17311
52.322,60,-0.17309
52.999,60,-0.17306
53.676,60,-0.17304
54.351,60,-0.17302
55.026,60,-0.17299
55.7,60,-0.17297
56.373,60,-0.17294
57.045,60,-0.17292
57.716,60,-0.17289
58.386,60,-0.17287
59.055,60,-0.17284
59.723,60,-0.17282
60.391,60,-0.17279
61.057,60,-0.17277
61.722,60,-0.17274
62.387,60,-0.17271
63.051,60,-0.17269
63.713,60,-0.17266
64.375,60,-0.17263
65.036,60,-0.17261
65.696,60,-0.17258
66.355,60,-0.17255
67.013,60,-0.17252
67.67,60,-0.1725
68.326,60,-0.17247
68.981,60,-0.17244
69.635,60,-0.17241
70.288,60,-0.17238
70.941,60,-0.17236
71.592,60,-0.17233
72.243,60,-0.1723
72.892,60,-0.17227
73.541,60,-0.17224
74.188,60,-0.17221
74.835,60,-0.17218
75.481,60,-0.17215
76.126,60,-0.17212
76.769,60,-0.17209
77.412,60,-0.17206
78.054,60,-0.17203
78.695,60,-0.172
79.335,60,-0.17197
79.975,60,-0.17193
80.613,60,-0.1719
81.25,60,-0.17187
81.886,60,-0.17184
82.522,60,-0.17181
83.156,60,-0.17177
83.79,60,-0.17174
84.422,60,-0.17171
85.054,60,-0.17168
85.685,60,-0.17164
86.315,60,-0.17161
86.944,60,-0.17158
87.571,60,-0.17154
88.198,60,-0.17151
88.825,60,-0.17148
89.45,60,-0.17144
90.074,60,-0.17141
90.697,60,-0.17137
91.32,60,-0.17134
91.941,60,-0.1713
92.562,60,-0.17127
93.181,60,-0.17123
93.8,60,-0.1712
94.418,60,-0.17116
95.034,60,-0.17113
95.65,60,-0.17109
96.265,60,-0.17105
96.88,60,-0.17102
97.493,60,-0.17098
98.105,60,-0.17094
98.717,60,-0.17091
99.327,60,-0.17087
99.937,60,-0.17083
100.55,60,-0.17079
101.15,60,-0.17076
101.76,60,-0.17072
102.37,60,-0.17068
102.97,60,-0.17064
103.58,60,-0.1706
104.18,60,-0.17057
104.78,60,-0.17053
105.38,60,-0.17049
105.98,60,-0.17045
106.58,60,-0.17041
107.18,60,-0.17037
107.78,60,-0.17033
108.38,60,-0.17029
108.98,60,-0.17025
109.57,60,-0.17021
110.17,60,-0.17017
110.76,60,-0.17013
111.35,60,-0.17009
111.94,60,-0.17005
112.54,60,-0.17
113.13,60,-0.16996
113.72,60,-0.16992
114.31,60,-0.16988
114.89,60,-0.16984
115.48,60,-0.1698
116.07,60,-0.16975
116.65,60,-0.16971
117.24,60,-0.16967
117.82,60,-0.16962
118.4,60,-0.16958
118.99,60,-0.16954
119.57,60,-0.16949
120.15,60,-0.16945
120.73,60,-0.16941
121.31,60,-0.16936
121.89,60,-0.16932
122.46,60,-0.16927
123.04,60,-0.16923
123.62,60,-0.16919
124.19,60,-0.16914
124.77,60,-0.1691
125.34,60,-0.16905
125.92,60,-0.169
126.49,60,-0.16896
127.06,60,-0.16891
127.63,60,-0.16887
128.2,60,-0.16882
128.77,60,-0.16877
129.34,60,-0.16873
129.91,60,-0.16868
130.47,60,-0.16863
131.04,60,-0.16859
131.61,60,-0.16854
132.17,60,-0.16849
132.74,60,-0.16844
133.3,60,-0.1684
133.86,60,-0.16835
134.43,60,-0.1683
134.99,60,-0.16825
135.55,60,-0.1682
136.11,60,-0.16815
136.67,60,-0.1681
137.23,60,-0.16805
137.79,60,-0.168
138.35,60,-0.16796
138.9,60,-0.16791
139.46,60,-0.16786
140.02,60,-0.16781
140.57,60,-0.16776
141.13,60,-0.1677
141.68,60,-0.16765
142.24,60,-0.1676
142.79,60,-0.16755
143.34,60,-0.1675
143.89,60,-0.16745
144.45,60,-0.1674
145,60,-0.16735
145.55,60,-0.16729
146.1,60,-0.16724
146.65,60,-0.16719
147.2,60,-0.16714
147.74,60,-0.16708
148.29,60,-0.16703
148.84,60,-0.16698
149.39,60,-0.16692
149.93,60,-0.16687
150.48,60,-0.16682
151.02,60,-0.16676
151.57,60,-0.16671
152.11,60,-0.16666
152.66,60,-0.1666
153.2,60,-0.16655
153.74,60,-0.16649
154.28,60,-0.16644
154.83,60,-0.16638
155.37,60,-0.16633
155.91,60,-0.16627
156.45,60,-0.16622
156.99,60,-0.16616
157.53,60,-0.1661
158.07,60,-0.16605
158.61,60,-0.16599
159.15,60,-0.16593
159.69,60,-0.16588
160.22,60,-0.16582
160.76,60,-0.16576
161.3,60,-0.16571
161.84,60,-0.16565
162.37,60,-0.16559
162.91,60,-0.16553
163.45,60,-0.16547
163.98,60,-0.16542
164.52,60,-0.16536
165.05,60,-0.1653
165.59,60,-0.16524
166.12,60,-0.16518
166.66,60,-0.16512
167.19,60,-0.16506
167.72,60,-0.165
168.26,60,-0.16494
168.79,60,-0.16488
169.32,60,-0.16482
169.86,60,-0.16476
170.39,60,-0.1647
170.92,60,-0.16464
171.45,60,-0.16458
171.99,60,-0.16452
172.52,60,-0.16446
173.05,60,-0.1644
173.58,60,-0.16434
174.11,60,-0.16428
174.64,60,-0.16421
175.17,60,-0.16415
175.71,60,-0.16409
176.24,60,-0.16403
176.77,60,-0.16397
177.3,60,-0.1639
177.83,60,-0.16384
178.36,60,-0.16378
178.89,60,-0.16371
179.42,60,-0.16365
179.95,60,-0.16359
180.48,60,-0.16352
181.01,60,-0.16346
181.54,60,-0.16339
182.07,60,-0.16333
182.6,60,-0.16327
183.13,60,-0.1632
183.66,60,-0.16314
184.19,60,-0.16307
184.72,60,-0.16301
185.25,60,-0.16294
185.78,60,-0.16287
186.31,60,-0.16281
186.84,60,-0.16274
187.37,60,-0.16268
187.9,60,-0.16261
188.43,60,-0.16254
188.96,60,-0.16248
189.49,60,-0.16241
190.02,60,-0.16234
190.55,60,-0.16228
191.08,60,-0.16221
191.61,60,-0.16214
192.14,60,-0.16207
192.68,60,-0.16201
193.21,60,-0.16194
193.74,60,-0.16187
194.27,60,-0.1618
194.8,60,-0.16173
195.33,60,-0.16166
195.87,60,-0.16159
196.4,60,-0.16153
196.93,60,-0.16146
197.46,60,-0.16139
198,60,-0.16132
198.53,60,-0.16125
199.06,60,-0.16118
199.6,60,-0.16111
200.13,60,-0.16104
200.67,60,-0.16097
201.2,60,-0.1609
201.74,60,-0.16082
202.27,60,-0.16075
202.81,60,-0.16068
203.34,60,-0.16061
203.88,60,-0.16054
204.42,60,-0.16047
204.95,60,-0.1604
205.49,60,-0.16032
206.03,60,-0.16025
206.57,60,-0.16018
207.11,60,-0.16011
207.65,60,-0.16003
208.19,60,-0.15996
208.73,60,-0.15989
209.27,60,-0.15981
209.81,60,-0.15974
210.35,60,-0.15967
210.89,60,-0.15959
211.43,60,-0.15952
211.97,60,-0.15944
212.52,60,-0.15937
213.06,60,-0.15929
213.61,60,-0.15922
214.15,60,-0.15915
214.7,60,-0.15907
215.24,60,-0.15899
215.79,60,-0.15892
216.33,60,-0.15884
216.88,60,-0.15877
217.43,60,-0.15869
217.98,60,-0.15862
218.53,60,-0.15854
219.08,60,-0.15846
219.63,60,-0.15839
220.18,60,-0.15831
220.73,60,-0.15823
221.28,60,-0.15815
221.84,60,-0.15808
222.39,60,-0.158
222.95,60,-0.15792
223.5,60,-0.15784
224.06,60,-0.15777
224.61,60,-0.15769
225.17,60,-0.15761
225.73,60,-0.15753
226.29,60,-0.15745
226.85,60,-0.15737
227.41,60,-0.15729
227.97,60,-0.15721
228.53,60,-0.15714
229.09,60,-0.15706
229.66,60,-0.15698
230.22,60,-0.1569
230.78,60,-0.15682
231.35,60,-0.15674
231.92,60,-0.15665
232.48,60,-0.15657
233.05,60,-0.15649
233.62,60,-0.15641
234.19,60,-0.15633
234.76,60,-0.15625
235.33,60,-0.15617
235.91,60,-0.15609
236.48,60,-0.156
237.06,60,-0.15592
237.63,60,-0.15584
238.21,60,-0.15576
238.78,60,-0.15568
239.36,60,-0.15559
239.94,60,-0.15551
240.52,60,-0.15543
241.1,60,-0.15534
241.69,60,-0.15526
242.27,60,-0.15518
242.85,60,-0.15509
243.44,60,-0.15501
244.02,60,-0.15492
244.61,60,-0.15484
245.2,60,-0.15476
245.79,60,-0.15467
246.38,60,-0.15459
246.97,60,-0.1545
247.56,60,-0.15442
248.16,60,-0.15433
248.75,60,-0.15425
249.35,60,-0.15416
249.95,60,-0.15407
250.54,60,-0.15399
251.14,60,-0.1539
251.74,60,-0.15382
252.35,60,-0.15373
252.95,60,-0.15364
253.55,60,-0.15356
254.16,60,-0.15347
254.76,60,-0.15338
255.37,60,-0.1533
255.98,60,-0.15321
256.59,60,-0.15312
257.2,60,-0.15303
257.82,60,-0.15294
258.43,60,-0.15286
259.04,60,-0.15277
259.66,60,-0.15268
260.28,60,-0.15259
260.9,60,-0.1525
261.52,60,-0.15241
262.14,60,-0.15232
262.76,60,-0.15223
263.39,60,-0.15215
264.01,60,-0.15206
264.64,60,-0.15197
265.27,60,-0.15188
265.9,60,-0.15179
266.53,60,-0.1517
267.16,60,-0.1516
267.79,60,-0.15151
268.43,60,-0.15142
269.07,60,-0.15133
269.7,60,-0.15124
270.34,60,-0.15115
270.98,60,-0.15106
271.63,60,-0.15097
272.27,60,-0.15088
272.92,60,-0.15078
273.56,60,-0.15069
274.21,60,-0.1506
274.86,60,-0.15051
275.51,60,-0.15041
276.16,60,-0.15032
276.82,60,-0.15023
277.47,60,-0.15013
278.13,60,-0.15004
278.79,60,-0.14995
279.45,60,-0.14985
280.11,60,-0.14976
280.78,60,-0.14967
281.44,60,-0.14957
282.11,60,-0.14948
282.78,60,-0.14938
283.45,60,-0.14929
284.12,60,-0.14919
284.79,60,-0.1491
285.47,60,-0.149
286.14,60,-0.14891
286.82,60,-0.14881
287.5,60,-0.14872
288.18,60,-0.14862
288.86,60,-0.14853
289.55,60,-0.14843
290.23,60,-0.14833
290.92,60,-0.14824
291.61,60,-0.14814
292.3,60,-0.14804
293,60,-0.14795
293.69,60,-0.14785
294.39,60,-0.14775
295.09,60,-0.14766
295.79,60,-0.14756
296.49,60,-0.14746
297.19,60,-0.14736
297.9,60,-0.14727
298.6,60,-0.14717
299.31,60,-0.14707
300.02,60,-0.14697
300.74,60,-0.14687
301.45,60,-0.14677
302.17,60,-0.14667
302.89,60,-0.14657
303.61,60,-0.14648
304.33,60,-0.14638
305.05,60,-0.14628
305.78,60,-0.14618
306.5,60,-0.14608
307.23,60,-0.14598
307.96,60,-0.14588
308.7,60,-0.14578
309.43,60,-0.14567
310.17,60,-0.14557
310.91,60,-0.14547
311.65,60,-0.14537
312.39,60,-0.14527
313.14,60,-0.14517
313.88,60,-0.14507
314.63,60,-0.14497
315.38,60,-0.14486
316.13,60,-0.14476
316.89,60,-0.14466
317.64,60,-0.14456
318.4,60,-0.14446
319.16,60,-0.14435
319.93,60,-0.14425
320.69,60,-0.14415
321.46,60,-0.14404
322.22,60,-0.14394
323,60,-0.14384
323.77,60,-0.14373
324.54,60,-0.14363
325.32,60,-0.14353
326.1,60,-0.14342
326.88,60,-0.14332
327.66,60,-0.14321
328.45,60,-0.14311
329.23,60,-0.143
330.02,60,-0.1429
330.81,60,-0.14279
331.61,60,-0.14269
332.4,60,-0.14258
333.2,60,-0.14248
334,60,-0.14237
334.8,60,-0.14227
335.61,60,-0.14216
336.41,60,-0.14205
337.22,60,-0.14195
338.03,60,-0.14184
338.84,60,-0.14174
339.66,60,-0.14163
340.48,60,-0.14152
341.29,60,-0.14141
342.12,60,-0.14131
342.94,60,-0.1412
343.77,60,-0.14109
344.59,60,-0.14098
345.42,60,-0.14088
346.26,60,-0.14077
347.09,60,-0.14066
347.93,60,-0.14055
348.77,60,-0.14044
349.61,60,-0.14034
350.45,60,-0.14023
351.3,60,-0.14012
352.15,60,-0.14001
353,60,-0.1399
353.85,60,-0.13979
354.71,60,-0.13968
355.57,60,-0.13957
356.43,60,-0.13946
357.29,60,-0.13935
358.15,60,-0.13924
359.02,60,-0.13913
359.89,60,-0.13902
360.76,60,-0.13891
361.64,60,-0.1388
362.51,60,-0.13869
363.39,60,-0.13858
364.27,60,-0.13847
365.16,60,-0.13835
366.04,60,-0.13824
366.93,60,-0.13813
367.82,60,-0.13802
368.71,60,-0.13791
369.61,60,-0.1378
370.51,60,-0.13768
371.41,60,-0.13757
372.31,60,-0.13746
373.22,60,-0.13735
374.13,60,-0.13723
375.04,60,-0.13712
375.95,60,-0.13701
376.86,60,-0.13689
377.78,60,-0.13678
378.7,60,-0.13667
379.62,60,-0.13655
380.55,60,-0.13644
381.48,60,-0.13633
382.41,60,-0.13621
383.34,60,-0.1361
384.28,60,-0.13598
385.21,60,-0.13587
386.15,60,-0.13575
387.1,60,-0.13564
388.04,60,-0.13552
388.99,60,-0.13541
389.94,60,-0.13529
390.89,60,-0.13518
391.85,60,-0.13506
392.81,60,-0.13494
393.77,60,-0.13483
394.73,60,-0.13471
395.7,60,-0.1346
396.66,60,-0.13448
397.64,60,-0.13436
398.61,60,-0.13425
399.59,60,-0.13413
400.56,60,-0.13401
401.55,60,-0.1339
402.53,60,-0.13378
403.52,60,-0.13366
404.51,60,-0.13354
405.5,60,-0.13343
406.49,60,-0.13331
407.49,60,-0.13319
408.49,60,-0.13307
409.49,60,-0.13295
410.5,60,-0.13283
411.51,60,-0.13272
412.52,60,-0.1326
413.53,60,-0.13248
414.55,60,-0.13236
415.57,60,-0.13224
416.59,60,-0.13212
417.61,60,-0.132
418.64,60,-0.13188
419.67,60,-0.13176
420.7,60,-0.13164
421.74,60,-0.13152
422.77,60,-0.1314
423.82,60,-0.13128
424.86,60,-0.13116
425.9,60,-0.13104
426.95,60,-0.13092
428.01,60,-0.1308
429.06,60,-0.13068
430.12,60,-0.13056
431.18,60,-0.13043
432.24,60,-0.13031
433.31,60,-0.13019
434.37,60,-0.13007
435.45,60,-0.12995
436.52,60,-0.12983
437.6,60,-0.1297
438.68,60,-0.12958
439.76,60,-0.12946
440.84,60,-0.12934
441.93,60,-0.12921
443.02,60,-0.12909
444.12,60,-0.12897
445.22,60,-0.12884
446.31,60,-0.12872
447.42,60,-0.1286
448.52,60,-0.12847
449.63,60,-0.12835
450.74,60,-0.12823
451.86,60,-0.1281
452.97,60,-0.12798
454.09,60,-0.12785
455.22,60,-0.12773
456.34,60,-0.1276
457.47,60,-0.12748
458.6,60,-0.12735
459.74,60,-0.12723
460.87,60,-0.1271
462.02,60,-0.12698
463.16,60,-0.12685
464.3,60,-0.12673
465.45,60,-0.1266
466.61,60,-0.12648
467.76,60,-0.12635
468.92,60,-0.12622
470.08,60,-0.1261
471.25,60,-0.12597
472.41,60,-0.12584
473.58,60,-0.12572
474.76,60,-0.12559
475.93,60,-0.12546
477.11,60,-0.12534
478.29,60,-0.12521
479.48,60,-0.12508
480.67,60,-0.12495
481.86,60,-0.12483
483.05,60,-0.1247
484.25,60,-0.12457
485.45,60,-0.12444
486.65,60,-0.12431
487.86,60,-0.12419
489.07,60,-0.12406
490.28,60,-0.12393
491.5,60,-0.1238
492.72,60,-0.12367
493.94,60,-0.12354
495.17,60,-0.12341
496.39,60,-0.12328
497.62,60,-0.12315
498.86,60,-0.12303
500.1,60,-0.1229
501.34,60,-0.12277
502.58,60,-0.12264
503.83,60,-0.12251
505.08,60,-0.12238
506.33,60,-0.12224
507.59,60,-0.12211
508.85,60,-0.12198
510.11,60,-0.12185
511.38,60,-0.12172
512.65,60,-0.12159
513.92,60,-0.12146
515.19,60,-0.12133
516.47,60,-0.1212
517.75,60,-0.12107
519.04,60,-0.12093
520.33,60,-0.1208
521.62,60,-0.12067
522.91,60,-0.12054
524.21,60,-0.12041
525.51,60,-0.12027
526.82,60,-0.12014
528.12,60,-0.12001
529.44,60,-0.11988
530.75,60,-0.11974
532.07,60,-0.11961
533.39,60,-0.11948
534.71,60,-0.11934
536.04,60,-0.11921
537.37,60,-0.11908
538.7,60,-0.11894
540.04,60,-0.11881
541.38,60,-0.11867
542.73,60,-0.11854
544.07,60,-0.11841
545.42,60,-0.11827
546.78,60,-0.11814
548.13,60,-0.118
549.49,60,-0.11787
550.86,60,-0.11773
552.22,60,-0.1176
553.6,60,-0.11746
554.97,60,-0.11733
556.35,60,-0.11719
557.73,60,-0.11706
559.11,60,-0.11692
560.5,60,-0.11679
561.89,60,-0.11665
563.28,60,-0.11651
564.68,60,-0.11638
566.08,60,-0.11624
567.49,60,-0.1161
568.89,60,-0.11597
570.3,60,-0.11583
571.72,60,-0.11569
573.14,60,-0.11556
574.56,60,-0.11542
575.98,60,-0.11528
577.41,60,-0.11515
578.84,60,-0.11501
580.28,60,-0.11487
581.72,60,-0.11473
583.16,60,-0.1146
584.61,60,-0.11446
586.06,60,-0.11432
587.51,60,-0.11418
588.96,60,-0.11404
590.42,60,-0.1139
591.89,60,-0.11377
593.35,60,-0.11363
594.82,60,-0.11349
596.3,60,-0.11335
597.78,60,-0.11321
599.26,60,-0.11307
600.74,60,-0.11293
602.23,60,-0.11279
603.72,60,-0.11265
605.22,60,-0.11251
606.72,60,-0.11237
608.22,60,-0.11223
609.72,60,-0.11209
611.23,60,-0.11195
612.75,60,-0.11181
614.26,60,-0.11167
615.78,60,-0.11153
617.31,60,-0.11139
618.84,60,-0.11125
620.37,60,-0.11111
621.9,60,-0.11097
623.44,60,-0.11083
624.98,60,-0.11069
626.53,60,-0.11055
628.08,60,-0.1104
629.63,60,-0.11026
631.19,60,-0.11012
632.75,60,-0.10998
634.31,60,-0.10984
635.88,60,-0.1097
637.45,60,-0.10955
639.03,60,-0.10941
640.61,60,-0.10927
642.19,60,-0.10913
643.78,60,-0.10898
645.37,60,-0.10884
646.96,60,-0.1087
648.56,60,-0.10855
650.16,60,-0.10841
651.76,60,-0.10827
653.37,60,-0.10812
654.99,60,-0.10798
656.6,60,-0.10784
658.22,60,-0.10769
659.85,60,-0.10755
661.47,60,-0.10741
663.11,60,-0.10726
664.74,60,-0.10712
666.38,60,-0.10697
668.02,60,-0.10683
669.67,60,-0.10668
671.32,60,-0.10654
672.98,60,-0.10639
674.63,60,-0.10625
676.3,60,-0.1061
677.96,60,-0.10596
679.63,60,-0.10581
681.31,60,-0.10567
682.98,60,-0.10552
684.66,60,-0.10538
686.35,60,-0.10523
688.04,60,-0.10509
689.73,60,-0.10494
691.43,60,-0.10479
693.13,60,-0.10465
694.84,60,-0.1045
696.54,60,-0.10435
698.26,60,-0.10421
699.97,60,-0.10406
701.69,60,-0.10391
703.42,60,-0.10377
705.15,60,-0.10362
706.88,60,-0.10347
708.62,60,-0.10333
710.36,60,-0.10318
712.1,60,-0.10303
713.85,60,-0.10288
715.6,60,-0.10274
717.36,60,-0.10259
719.12,60,-0.10244
720.88,60,-0.10229
722.65,60,-0.10214
724.42,60,-0.102
726.2,60,-0.10185
727.98,60,-0.1017
729.76,60,-0.10155
731.55,60,-0.1014
733.34,60,-0.10125
735.14,60,-0.1011
736.94,60,-0.10095
738.74,60,-0.10081
740.55,60,-0.10066
742.36,60,-0.10051
744.18,60,-0.10036
746,60,-0.10021
747.83,60,-0.10006
749.66,60,-0.099908
751.49,60,-0.099758
753.33,60,-0.099608
755.17,60,-0.099458
757.01,60,-0.099308
758.86,60,-0.099158
760.71,60,-0.099007
762.57,60,-0.098857
764.43,60,-0.098706
766.3,60,-0.098555
768.17,60,-0.098404
770.04,60,-0.098253
771.92,60,-0.098102
773.8,60,-0.097951
775.69,60,-0.0978
777.58,60,-0.097648
779.48,60,-0.097497
781.37,60,-0.097345
783.28,60,-0.097193
785.18,60,-0.097041
787.1,60,-0.096889
789.01,60,-0.096737
790.93,60,-0.096585
792.85,60,-0.096433
794.78,60,-0.09628
796.72,60,-0.096128
798.65,60,-0.095975
800.59,60,-0.095823
802.54,60,-0.09567
804.49,60,-0.095517
806.44,60,-0.095364
808.4,60,-0.095211
810.36,60,-0.095057
812.33,60,-0.094904
814.3,60,-0.094751
816.27,60,-0.094597
818.25,60,-0.094443
820.23,60,-0.09429
822.22,60,-0.094136
824.21,60,-0.093982
826.21,60,-0.093828
828.21,60,-0.093674
830.21,60,-0.093519
832.22,60,-0.093365
834.23,60,-0.093211
836.25,60,-0.093056
838.27,60,-0.092901
840.29,60,-0.092747
842.32,60,-0.092592
844.36,60,-0.092437
846.4,60,-0.092282
848.44,60,-0.092126
850.49,60,-0.091971
852.54,60,-0.091816
854.59,60,-0.09166
856.65,60,-0.091505
858.72,60,-0.091349
860.78,60,-0.091193
862.86,60,-0.091037
864.93,60,-0.090881
867.01,60,-0.090725
869.1,60,-0.090569
871.19,60,-0.090413
873.28,60,-0.090256
875.38,60,-0.0901
877.48,60,-0.089943
879.59,60,-0.089787
881.7,60,-0.08963
883.82,60,-0.089473
885.94,60,-0.089316
888.06,60,-0.089159
890.19,60,-0.089002
892.32,60,-0.088844
894.46,60,-0.088687
896.6,60,-0.08853
898.75,60,-0.088372
900.9,60,-0.088214
903.05,60,-0.088057
905.21,60,-0.087899
907.37,60,-0.087741
909.54,60,-0.087583
911.71,60,-0.087425
913.89,60,-0.087266
916.07,60,-0.087108
918.25,60,-0.08695
920.44,60,-0.086791
922.63,60,-0.086633
924.83,60,-0.086474
927.03,60,-0.086315
929.24,60,-0.086156
931.44,60,-0.085997
933.66,60,-0.085838
935.88,60,-0.085679
938.1,60,-0.08552
940.33,60,-0.08536
942.56,60,-0.085201
944.79,60,-0.085041
947.03,60,-0.084882
949.28,60,-0.084722
951.53,60,-0.084562
953.78,60,-0.084402
956.04,60,-0.084242
958.3,60,-0.084082
960.56,60,-0.083922
962.83,60,-0.083761
965.11,60,-0.083601
967.38,60,-0.08344
969.67,60,-0.08328
971.95,60,-0.083119
974.24,60,-0.082958
976.54,60,-0.082798
978.84,60,-0.082637
981.14,60,-0.082476
983.45,60,-0.082315
985.76,60,-0.082153
988.07,60,-0.081992
990.39,60,-0.081831
992.72,60,-0.081669
995.05,60,-0.081508
997.38,60,-0.081346
999.72,60,-0.081184
1002.1,60,-0.081022
1004.4,60,-0.08086
1006.8,60,-0.080698
1009.1,60,-0.080536
1011.5,60,-0.080374
1013.8,60,-0.080212
1016.2,60,-0.080049
1018.6,60,-0.079887
1020.9,60,-0.079724
1023.3,60,-0.079562
1025.7,60,-0.079399
1028.1,60,-0.079236
1030.5,60,-0.079073
1032.9,60,-0.07891
1035.3,60,-0.078747
1037.7,60,-0.078584
1040.1,60,-0.078421
1042.5,60,-0.078258
1044.9,60,-0.078094
1047.3,60,-0.077931
1049.7,60,-0.077767
1052.2,60,-0.077603
1054.6,60,-0.07744
1057,60,-0.077276
1059.5,60,-0.077112
1061.9,60,-0.076948
1064.3,60,-0.076784
1066.8,60,-0.07662
1069.2,60,-0.076455
1071.7,60,-0.076291
1074.2,60,-0.076127
1076.6,60,-0.075962
1079.1,60,-0.075798
1081.6,60,-0.075633
1084,60,-0.075468
1086.5,60,-0.075303
1089,60,-0.075138
1091.5,60,-0.074973
1094,60,-0.074808
1096.5,60,-0.074643
1099,60,-0.074478
1101.5,60,-0.074313
1104,60,-0.074147
1106.5,60,-0.073982
1109,60,-0.073816
1111.5,60,-0.07365
1114,60,-0.073485
1116.6,60,-0.073319
1119.1,60,-0.073153
1121.6,60,-0.072987
1124.2,60,-0.072821
1126.7,60,-0.072655
1129.2,60,-0.072488
1131.8,60,-0.072322
1134.3,60,-0.072156
1136.9,60,-0.071989
1139.4,60,-0.071823
1142,60,-0.071656
1144.6,60,-0.071489
1147.1,60,-0.071323
1149.7,60,-0.071156
1152.3,60,-0.070989
1154.8,60,-0.070822
1157.4,60,-0.070655
1160,60,-0.070488
1162.6,60,-0.07032
1165.2,60,-0.070153
1167.8,60,-0.069986
1170.4,60,-0.069818
1173,60,-0.069651
1175.6,60,-0.069483
1178.2,60,-0.069315
1180.8,60,-0.069148
1183.4,60,-0.06898
1186,60,-0.068812
1188.6,60,-0.068644
1191.2,60,-0.068476
1193.8,60,-0.068308
1196.5,60,-0.068139
1199.1,60,-0.067971
1201.7,60,-0.067803
1204.4,60,-0.067634
1207,60,-0.067466
1209.6,60,-0.067297
1212.3,60,-0.067128
1214.9,60,-0.06696
1217.6,60,-0.066791
1220.2,60,-0.066622
1222.9,60,-0.066453
1225.5,60,-0.066284
1228.2,60,-0.066115
1230.8,60,-0.065946
1233.5,60,-0.065776
1236.2,60,-0.065607
1238.8,60,-0.065438
1241.5,60,-0.065268
1244.2,60,-0.065099
1246.9,60,-0.064929
1249.5,60,-0.064759
1252.2,60,-0.06459
1254.9,60,-0.06442
1257.6,60,-0.06425
1260.3,60,-0.06408
1262.9,60,-0.06391
1265.6,60,-0.06374
1268.3,60,-0.06357
1271,60,-0.063399
1273.7,60,-0.063229
1276.4,60,-0.063059
1279.1,60,-0.062888
1281.8,60,-0.062718
1284.5,60,-0.062547
1287.2,60,-0.062376
1289.9,60,-0.062206
1292.6,60,-0.062035
1295.4,60,-0.061864
1298.1,60,-0.061693
1300.8,60,-0.061522
1303.5,60,-0.061351
1306.2,60,-0.06118
1308.9,60,-0.061009
1311.7,60,-0.060837
1314.4,60,-0.060666
1317.1,60,-0.060495
1319.8,60,-0.060323
1322.5,60,-0.060152
1325.3,60,-0.05998
1328,60,-0.059808
1330.7,60,-0.059637
1333.5,60,-0.059465
1336.2,60,-0.059293
1338.9,60,-0.059121
1341.7,60,-0.058949
1344.4,60,-0.058777
1347.1,60,-0.058605
1349.9,60,-0.058433
1352.6,60,-0.05826
1355.4,60,-0.058088
1358.1,60,-0.057916
1360.8,60,-0.057743
1363.6,60,-0.057571
1366.3,60,-0.057398
1369.1,60,-0.057225
1371.8,60,-0.057053
1374.5,60,-0.05688
1377.3,60,-0.056707
1380,60,-0.056534
1382.8,60,-0.056361
1385.5,60,-0.056188
1388.3,60,-0.056015
1391,60,-0.055842
1393.8,60,-0.055669
1396.5,60,-0.055496
1399.2,60,-0.055322
1402,60,-0.055149
1404.7,60,-0.054976
1407.5,60,-0.054802
1410.2,60,-0.054628
1413,60,-0.054455
1415.7,60,-0.054281
1418.5,60,-0.054107
1421.2,60,-0.053934
1424,60,-0.05376
1426.7,60,-0.053586
1429.4,60,-0.053412
1432.2,60,-0.053238
1434.9,60,-0.053064
1437.7,60,-0.05289
1440.4,60,-0.052715
1443.2,60,-0.052541
1445.9,60,-0.052367
1448.6,60,-0.052192
1451.4,60,-0.052018
1454.1,60,-0.051844
1456.8,60,-0.051669
1459.6,60,-0.051494
1462.3,60,-0.05132
1465,60,-0.051145
1467.8,60,-0.05097
1470.5,60,-0.050795
1473.2,60,-0.050621
1476,60,-0.050446
1478.7,60,-0.050271
1481.4,60,-0.050096
1484.1,60,-0.04992
1486.9,60,-0.049745
1489.6,60,-0.04957
1492.3,60,-0.049395
1495,60,-0.049219
1497.7,60,-0.049044
1500.4,60,-0.048869
1503.1,60,-0.048693
1505.9,60,-0.048518
1508.6,60,-0.048342
1511.3,60,-0.048166
1514,60,-0.047991
1516.7,60,-0.047815
1519.4,60,-0.047639
1522.1,60,-0.047463
1524.8,60,-0.047287
1527.4,60,-0.047111
1530.1,60,-0.046935
1532.8,60,-0.046759
1535.5,60,-0.046583
1538.2,60,-0.046407
1540.9,60,-0.046231
1543.5,60,-0.046055
1546.2,60,-0.045878
1548.9,60,-0.045702
1551.5,60,-0.045525
1554.2,60,-0.045349
1556.9,60,-0.045172
1559.5,60,-0.044996
1562.2,60,-0.044819
1564.8,60,-0.044643
1567.5,60,-0.044466
1570.1,60,-0.044289
1572.7,60,-0.044112
1575.4,60,-0.043935
1578,60,-0.043759
1580.6,60,-0.043582
1583.3,60,-0.043405
1585.9,60,-0.043228
1588.5,60,-0.04305
1591.1,60,-0.042873
1593.7,60,-0.042696
1596.3,60,-0.042519
1598.9,60,-0.042342
1601.5,60,-0.042164
1604.1,60,-0.041987
1606.7,60,-0.041809
1609.3,60,-0.041632
1611.9,60,-0.041454
1614.4,60,-0.041277
1617,60,-0.041099
1619.6,60,-0.040922
1622.1,60,-0.040744
1624.7,60,-0.040566
1627.2,60,-0.040388
1629.8,60,-0.040211
1632.3,60,-0.040033
1634.9,60,-0.039855
1637.4,60,-0.039677
1639.9,60,-0.039499
1642.5,60,-0.039321
1645,60,-0.039143
1647.5,60,-0.038964
1650,60,-0.038786
1652.5,60,-0.038608
1655,60,-0.03843
1657.5,60,-0.038252
1660,60,-0.038073
1662.4,60,-0.037895
1664.9,60,-0.037716
1667.4,60,-0.037538
1669.8,60,-0.037359
1672.3,60,-0.037181
1674.7,60,-0.037002
1677.2,60,-0.036824
1679.6,60,-0.036645
1682,60,-0.036466
1684.5,60,-0.036287
1686.9,60,-0.036109
1689.3,60,-0.03593
1691.7,60,-0.035751
1694.1,60,-0.035572
1696.5,60,-0.035393
1698.9,60,-0.035214
1701.2,60,-0.035035
1703.6,60,-0.034856
1706,60,-0.034677
1708.3,60,-0.034498
1710.7,60,-0.034319
1713,60,-0.034139
1715.4,60,-0.03396
1717.7,60,-0.033781
1720,60,-0.033601
1722.3,60,-0.033422
1724.7,60,-0.033243
1727,60,-0.033063
1729.3,60,-0.032884
1731.5,60,-0.032704
1733.8,60,-0.032525
1736.1,60,-0.032345
1738.4,60,-0.032165
1740.6,60,-0.031986
1742.9,60,-0.031806
1745.1,60,-0.031626
1747.3,60,-0.031447
1749.6,60,-0.031267
1751.8,60,-0.031087
1754,60,-0.030907
1756.2,60,-0.030727
1758.4,60,-0.030547
1760.6,60,-0.030367
1762.7,60,-0.030187
1764.9,60,-0.030007
1767.1,60,-0.029827
1769.2,60,-0.029647
1771.4,60,-0.029467
1773.5,60,-0.029287
1775.6,60,-0.029107
1777.7,60,-0.028926
1779.9,60,-0.028746
1782,60,-0.028566
1784,60,-0.028386
1786.1,60,-0.028205
1788.2,60,-0.028025
1790.3,60,-0.027844
1792.3,60,-0.027664
1794.4,60,-0.027483
1796.4,60,-0.027303
1798.4,60,-0.027122
1800.5,60,-0.026942
1802.5,60,-0.026761
1804.5,60,-0.026581
1806.5,60,-0.0264
1808.5,60,-0.026219
1810.4,60,-0.026039
1812.4,60,-0.025858
1814.3,60,-0.025677
1816.3,60,-0.025496
1818.2,60,-0.025315
1820.2,60,-0.025135
1822.1,60,-0.024954
1824,60,-0.024773
1825.9,60,-0.024592
1827.8,60,-0.024411
1829.6,60,-0.02423
1831.5,60,-0.024049
1833.4,60,-0.023868
1835.2,60,-0.023687
1837,60,-0.023506
1838.9,60,-0.023325
1840.7,60,-0.023143
1842.5,60,-0.022962
1844.3,60,-0.022781
1846.1,60,-0.0226
1847.9,60,-0.022419
1849.6,60,-0.022237
1851.4,60,-0.022056
1853.1,60,-0.021875
1854.9,60,-0.021693
1856.6,60,-0.021512
1858.3,60,-0.021331
1860,60,-0.021149
1861.7,60,-0.020968
1863.4,60,-0.020786
1865,60,-0.020605
1866.7,60,-0.020423
1868.4,60,-0.020242
1870,60,-0.02006
1871.6,60,-0.019879
1873.2,60,-0.019697
1874.8,60,-0.019516
1876.4,60,-0.019334
1878,60,-0.019152
1879.6,60,-0.018971
1881.2,60,-0.018789
1882.7,60,-0.018607
1884.3,60,-0.018425
1885.8,60,-0.018244
1887.3,60,-0.018062
1888.8,60,-0.01788
1890.3,60,-0.017698
1891.8,60,-0.017516
1893.3,60,-0.017335
1894.7,60,-0.017153
1896.2,60,-0.016971
1897.6,60,-0.016789
1899,60,-0.016607
1900.4,60,-0.016425
1901.9,60,-0.016243
1903.2,60,-0.016061
1904.6,60,-0.015879
1906,60,-0.015697
1907.3,60,-0.015515
1908.7,60,-0.015333
1910,60,-0.015151
1911.3,60,-0.014969
1912.7,60,-0.014787
1914,60,-0.014605
1915.2,60,-0.014422
1916.5,60,-0.01424
1917.8,60,-0.014058
1919,60,-0.013876
1920.3,60,-0.013694
1921.5,60,-0.013511
1922.7,60,-0.013329
1923.9,60,-0.013147
1925.1,60,-0.012965
1926.3,60,-0.012782
1927.5,60,-0.0126
1928.6,60,-0.012418
1929.7,60,-0.012236
1930.9,60,-0.012053
1932,60,-0.011871
1933.1,60,-0.011689
1934.2,60,-0.011506
1935.3,60,-0.011324
1936.3,60,-0.011141
1937.4,60,-0.010959
1938.4,60,-0.010777
1939.5,60,-0.010594
1940.5,60,-0.010412
1941.5,60,-0.010229
1942.5,60,-0.010047
1943.5,60,-0.0098643
1944.4,60,-0.0096819
1945.4,60,-0.0094994
1946.4,60,-0.0093169
1947.3,60,-0.0091343
1948.2,60,-0.0089518
1949.1,60,-0.0087693
1950,60,-0.0085867
1950.9,60,-0.0084042
1951.8,60,-0.0082216
1952.6,60,-0.0080391
1953.4,60,-0.0078565
1954.3,60,-0.0076739
1955.1,60,-0.0074913
1955.9,60,-0.0073087
1956.7,60,-0.0071261
1957.5,60,-0.0069434
1958.2,60,-0.0067608
1959,60,-0.0065782
1959.7,60,-0.0063955
1960.5,60,-0.0062129
1961.2,60,-0.0060302
1961.9,60,-0.0058476
1962.6,60,-0.0056649
1963.2,60,-0.0054822
1963.9,60,-0.0052995
1964.5,60,-0.0051168
1965.2,60,-0.0049341
1965.8,60,-0.0047514
1966.4,60,-0.0045687
1967,60,-0.004386
1967.6,60,-0.0042033
1968.2,60,-0.0040206
1968.7,60,-0.0038379
1969.3,60,-0.0036551
1969.8,60,-0.0034724
1970.3,60,-0.0032897
1970.8,60,-0.0031069
1971.3,60,-0.0029242
1971.8,60,-0.0027414
1972.2,60,-0.0025587
1972.7,60,-0.0023759
1973.1,60,-0.0021932
1973.6,60,-0.0020104
1974,60,-0.0018277
1974.4,60,-0.0016449
1974.7,60,-0.0014621
1975.1,60,-0.0012794
1975.5,60,-0.0010966
1975.8,60,-0.00091385
1976.1,60,-0.00073108
1976.4,60,-0.00054831
1976.7,60,-0.00036554
1977,60,-0.00018277
1977.3,60,-4.2748e-17
1977.6,60,0.00018277
1977.8,60,0.00036554
1978,60,0.00054831
1978.3,60,0.00073108
1978.5,60,0.00091385
1978.7,60,0.0010966
1978.8,60,0.0012794
1979,60,0.0014621
1979.1,60,0.0016449
1979.3,60,0.0018277
1979.4,60,0.0020104
1979.5,60,0.0021932
1979.6,60,0.0023759
1979.7,60,0.0025587
1979.7,60,0.0027414
1979.8,60,0.0029242
1979.8,60,0.0031069
1979.8,60,0.0032897
1979.8,60,0.0034724
1979.8,60,0.0036551
1979.8,60,0.0038379
1979.7,60,0.0040206
1979.7,60,0.0042033
1979.6,60,0.004386
1979.5,60,0.0045687
1979.4,60,0.0047514
1979.3,60,0.0049341
1979.2,60,0.0051168
1979.1,60,0.0052995
1978.9,60,0.0054822
1978.7,60,0.0056649
1978.5,60,0.0058476
1978.3,60,0.0060302
1978.1,60,0.0062129
1977.9,60,0.0063955
1977.6,60,0.0065782
1977.4,60,0.0067608
1977.1,60,0.0069434
1976.8,60,0.0071261
1976.5,60,0.0073087
1976.2,60,0.0074913
1975.8,60,0.0076739
1975.5,60,0.0078565
1975.1,60,0.0080391
1974.7,60,0.0082216
1974.3,60,0.0084042
1973.9,60,0.0085867
1973.5,60,0.0087693
1973,60,0.0089518
1972.5,60,0.0091343
1972,60,0.0093169
1971.5,60,0.0094994
1971,60,0.0096819
1970.5,60,0.0098643
1969.9,60,0.010047
1969.4,60,0.010229
1968.8,60,0.010412
1968.2,60,0.010594
1967.6,60,0.010777
1967,60,0.010959
1966.3,60,0.011141
1965.6,60,0.011324
1965,60,0.011506
1964.2,60,0.011689
1963.5,60,0.011871
1962.8,60,0.012053
1962,60,0.012236
1961.3,60,0.012418
1960.5,60,0.0126
1959.7,60,0.012782
1958.8,60,0.012965
1958,60,0.013147
1957.1,60,0.013329
1956.3,60,0.013511
1955.4,60,0.013694
1954.4,60,0.013876
1953.5,60,0.014058
1952.6,60,0.01424
1951.6,60,0.014422
1950.6,60,0.014605
1949.6,60,0.014787
1948.6,60,0.014969
1947.5,60,0.015151
1946.4,60,0.015333
1945.3,60,0.015515
1944.2,60,0.015697
1943.1,60,0.015879
1942,60,0.016061
1940.8,60,0.016243
1939.6,60,0.016425
1938.4,60,0.016607
1937.2,60,0.016789
1935.9,60,0.016971
1934.6,60,0.017153
1933.3,60,0.017335
1932,60,0.017516
1930.7,60,0.017698
1929.3,60,0.01788
1927.9,60,0.018062
1926.5,60,0.018244
1925.1,60,0.018425
1923.7,60,0.018607
1922.2,60,0.018789
1920.7,60,0.018971
1919.2,60,0.019152
1917.6,60,0.019334
1916.1,60,0.019516
1914.5,60,0.019697
1912.9,60,0.019879
1911.2,60,0.02006
1909.5,60,0.020242
1907.9,60,0.020423
1906.1,60,0.020605
1904.4,60,0.020786
1902.6,60,0.020968
1900.8,60,0.021149
1899,60,0.021331
1897.2,60,0.021512
1895.3,60,0.021693
1893.4,60,0.021875
1891.5,60,0.022056
1889.5,60,0.022237
1887.6,60,0.022419
1885.5,60,0.0226
1883.5,60,0.022781
1881.4,60,0.022962
1879.3,60,0.023143
1877.2,60,0.023325
1875,60,0.023506
1872.9,60,0.023687
1870.6,60,0.023868
1868.4,60,0.024049
1866.1,60,0.02423
1863.8,60,0.024411
1861.4,60,0.024592
1859.1,60,0.024773
1856.6,60,0.024954
1854.2,60,0.025135
1851.7,60,0.025315
1849.2,60,0.025496
1846.6,60,0.025677
1844,60,0.025858
1841.4,60,0.026039
1838.8,60,0.026219
1836,60,0.0264
1833.3,60,0.026581
1830.5,60,0.026761
1827.7,60,0.026942
1824.9,60,0.027122
1822,60,0.027303
1819,60,0.027483
1816,60,0.027664
1813,60,0.027844
1809.9,60,0.028025
1806.8,60,0.028205
1803.7,60,0.028386
1800.5,60,0.028566
1797.2,60,0.028746
1793.9,60,0.028926
1790.6,60,0.029107
1787.2,60,0.029287
1783.8,60,0.029467
1780.3,60,0.029647
1776.7,60,0.029827
1773.2,60,0.030007
1769.5,60,0.030187
1765.8,60,0.030367
1762.1,60,0.030547
1758.3,60,0.030727
1754.4,60,0.030907
1750.5,60,0.031087
1746.5,60,0.031267
1742.5,60,0.031447
1738.4,60,0.031626
1734.2,60,0.031806
1730,60,0.031986
1725.7,60,0.032165
1721.3,60,0.032345
1716.9,60,0.032525
1712.4,60,0.032704
1707.8,60,0.032884
1703.2,60,0.033063
1698.5,60,0.033243
1693.7,60,0.033422
1688.9,60,0.033601
1683.9,60,0.033781
1678.9,60,0.03396
1673.8,60,0.034139
1668.6,60,0.034319
1663.4,60,0.034498
1658,60,0.034677
1652.6,60,0.034856
1647.1,60,0.035035
1641.4,60,0.035214
1635.7,60,0.035393
1629.9,60,0.035572
1624,60,0.035751
1618,60,0.03593
1611.9,60,0.036109
1605.7,60,0.036287
1599.3,60,0.036466
1592.9,60,0.036645
1586.3,60,0.036824
1579.7,60,0.037002
1572.9,60,0.037181
1566,60,0.037359
1558.9,60,0.037538
1551.8,60,0.037716
1544.5,60,0.037895
1537,60,0.038073
1529.5,60,0.038252
1521.7,60,0.03843
1513.9,60,0.038608
1505.9,60,0.038786
1497.7,60,0.038964
1489.4,60,0.039143
1480.9,60,0.039321
1472.2,60,0.039499
1463.4,60,0.039677
1454.3,60,0.039855
1445.1,60,0.040033
1435.8,60,0.040211
1426.2,60,0.040388
1416.4,60,0.040566
1406.4,60,0.040744
1396.2,60,0.040922
1385.8,60,0.041099
1375.2,60,0.041277
1364.3,60,0.041454
1353.2,60,0.041632
1341.8,60,0.041809
1330.2,60,0.041987
1318.3,60,0.042164
1306.2,60,0.042342
1293.7,60,0.042519
1281,60,0.042696
1268,60,0.042873
1254.7,60,0.04305
1241,60,0.043228
1227.1,60,0.043405
1212.8,60,0.043582
1198.1,60,0.043759
1183.1,60,0.043935
1167.6,60,0.044112
1151.8,60,0.044289
1135.6,60,0.044466
1119,60,0.044643
1102.3,60,0.044819
1085.8,60,0.044996
1069.6,60,0.045172
1053.8,60,0.045349
1038.2,60,0.045525
1022.6,60,0.045702
1007,60,0.045878
991.36,60,0.046055
975.5,60,0.046231
959.38,60,0.046407
942.92,60,0.046583
926.08,60,0.046759
908.79,60,0.046935
891,60,0.047111
872.66,60,0.047287
853.72,60,0.047463
834.15,60,0.047639
813.89,60,0.047815
792.91,60,0.047991
771.16,60,0.048166
748.61,60,0.048342
725.23,60,0.048518
700.96,60,0.048693
675.78,60,0.048869
649.63,60,0.049044
622.49,60,0.049219
594.32,60,0.049395
565.06,60,0.04957
534.68,60,0.049745
503.12,60,0.04992
470.35,60,0.050096
436.31,60,0.050271
400.95,60,0.050446
364.21,60,0.050621
326.03,60,0.050795
286.35,60,0.05097
245.12,60,0.051145
202.24,60,0.05132
157.66,60,0.051494
111.3,60,0.051669
63.068,60,0.051844
12.881,60,0.052018
-39.353,60,0.052192
-93.733,60,0.052367
-150.36,60,0.052541
-209.35,60,0.052715
-270.82,60,0.05289
-334.88,60,0.053064
-401.67,60,0.053238
-471.32,60,0.053412
-543.98,60,0.053586
-619.81,60,0.05376
-698.95,60,0.053934
-781.57,60,0.054107
-867.86,60,0.054281
-957.99,60,0.054455
-1052.1,60,0.054628
-1152.2,60,0.054802
-1270.8,60,0.054976
-1393.1,60,0.055149
-1519.2,60,0.055322
-1649,60,0.055496
-1782.5,60,0.055669
-1919.9,60,0.055842
-2061.1,60,0.056015
-2206.3,60,0.056188
-2355.4,60,0.056361
-2508.6,60,0.056534
-2666,60,0.056707
-2827.5,60,0.05688
-2993.4,60,0.057053
-3163.6,60,0.057225
-3338.4,60,0.057398
-3517.8,60,0.057571
-3702,60,0.057743
-3891,60,0.057916
-4085.8,60,0.058088
-4306.6,60,0.05826
-4535.8,60,0.058433
-4768.1,60,0.058605
-5003.2,60,0.058777
-5181.7,60,0.058949
-5184.4,60,0.059121
-5188.4,60,0.059293
-5193.2,60,0.059465
-5193.9,60,0.059637
-5187.2,60,0.059808
-5170.7,60,0.05998
-5143,60,0.060152
-5103.5,60,0.060323
-5051.8,60,0.060495
-4988.3,60,0.060666
-4913.4,60,0.060837
-4827.9,60,0.061009
-4732.8,60,0.06118
-4629.2,60,0.061351
-4518.3,60,0.061522
-4401.2,60,0.061693
-4279.1,60,0.061864
-4153.2,60,0.062035
-4024.5,60,0.062206
-3893.9,60,0.062376
-3762.4,60,0.062547
-3630.7,60,0.062718
-3499.5,60,0.062888
-3369.3,60,0.063059
-3240.8,60,0.063229
-3114.3,60,0.063399
-2990,60,0.06357
-2868.4,60,0.06374
-2749.6,60,0.06391
-2633.7,60,0.06408
-2520.8,60,0.06425
-2411,60,0.06442
-2304.3,60,0.06459
-2200.8,60,0.064759
-2100.3,60,0.064929
-2002.9,60,0.065099
-1908.6,60,0.065268
-1817.1,60,0.065438
-1728.6,60,0.065607
-1642.8,60,0.065776
-1559.7,60,0.065946
-1479.3,60,0.066115
-1401.4,60,0.066284
-1325.9,60,0.066453
-1252.8,60,0.066622
-1181.9,60,0.066791
-1113.3,60,0.06696
-1046.7,60,0.067128
-982.22,60,0.067297
-919.67,60,0.067466
-858.99,60,0.067634
-800.12,60,0.067803
-743,60,0.067971
-687.55,60,0.068139
-633.72,60,0.068308
-581.45,60,0.068476
-530.67,60,0.068644
-481.33,60,0.068812
-433.39,60,0.06898
-386.79,60,0.069148
-341.49,60,0.069315
-297.43,60,0.069483
-254.59,60,0.069651
-212.91,60,0.069818
-172.35,60,0.069986
-132.89,60,0.070153
-94.476,60,0.07032
-57.083,60,0.070488
-20.677,60,0.070655
14.773,60,0.070822
49.299,60,0.070989
82.929,60,0.071156
115.69,60,0.071323
147.61,60,0.071489
178.71,60,0.071656
209.01,60,0.071823
238.55,60,0.071989
267.34,60,0.072156
295.4,60,0.072322
322.76,60,0.072488
349.43,60,0.072655
375.44,60,0.072821
400.8,60,0.072987
425.52,60,0.073153
449.64,60,0.073319
473.15,60,0.073485
496.08,60,0.07365
518.45,60,0.073816
540.27,60,0.073982
561.55,60,0.074147
582.3,60,0.074313
602.55,60,0.074478
622.3,60,0.074643
641.56,60,0.074808
660.35,60,0.074973
678.68,60,0.075138
696.57,60,0.075303
714.01,60,0.075468
731.02,60,0.075633
747.62,60,0.075798
763.81,60,0.075962
779.6,60,0.076127
795,60,0.076291
810.02,60,0.076455
824.67,60,0.07662
838.97,60,0.076784
852.9,60,0.076948
866.49,60,0.077112
879.75,60,0.077276
892.67,60,0.07744
905.28,60,0.077603
917.56,60,0.077767
929.54,60,0.077931
941.22,60,0.078094
952.61,60,0.078258
963.71,60,0.078421
974.53,60,0.078584
985.07,60,0.078747
995.35,60,0.07891
1005.4,60,0.079073
1015.1,60,0.079236
1024.6,60,0.079399
1033.9,60,0.079562
1042.9,60,0.079724
1051.7,60,0.079887
1060.2,60,0.080049
1068.6,60,0.080212
1076.7,60,0.080374
1084.6,60,0.080536
1092.3,60,0.080698
1099.7,60,0.08086
1107,60,0.081022
1114.1,60,0.081184
1121,60,0.081346
1127.7,60,0.081508
1134.2,60,0.081669
1140.6,60,0.081831
1146.7,60,0.081992
1152.7,60,0.082153
1158.6,60,0.082315
1164.2,60,0.082476
1169.7,60,0.082637
1175.1,60,0.082798
1180.2,60,0.082958
1185.3,60,0.083119
1190.2,60,0.08328
1194.9,60,0.08344
1199.5,60,0.083601
1204,60,0.083761
1208.3,60,0.083922
1212.5,60,0.084082
1216.6,60,0.084242
1220.5,60,0.084402
1224.3,60,0.084562
1228,60,0.084722
1231.6,60,0.084882
1235.1,60,0.085041
1238.4,60,0.085201
1241.6,60,0.08536
1244.8,60,0.08552
1247.8,60,0.085679
1250.7,60,0.085838
1253.5,60,0.085997
1256.3,60,0.086156
1258.9,60,0.086315
1261.4,60,0.086474
1263.8,60,0.086633
1266.2,60,0.086791
1268.4,60,0.08695
1270.6,60,0.087108
1272.7,60,0.087266
1274.7,60,0.087425
1276.6,60,0.087583
1278.4,60,0.087741
1280.2,60,0.087899
1281.8,60,0.088057
1283.5,60,0.088214
1285,60,0.088372
1286.4,60,0.08853
1287.8,60,0.088687
1289.2,60,0.088844
1290.4,60,0.089002
1291.6,60,0.089159
1292.7,60,0.089316
1293.8,60,0.089473
1294.8,60,0.08963
1295.7,60,0.089787
1296.6,60,0.089943
1297.4,60,0.0901
1298.2,60,0.090256
1298.9,60,0.090413
1299.5,60,0.090569
1300.1,60,0.090725
1300.7,60,0.090881
1301.2,60,0.091037
1301.6,60,0.091193
1302,60,0.091349
1302.4,60,0.091505
1302.7,60,0.09166
1302.9,60,0.091816
1303.1,60,0.091971
1303.3,60,0.092126
1303.4,60,0.092282
1303.5,60,0.092437
1303.5,60,0.092592
1303.5,60,0.092747
1303.5,60,0.092901
1303.4,60,0.093056
1303.3,60,0.093211
1303.1,60,0.093365
1302.9,60,0.093519
1302.7,60,0.093674
1302.4,60,0.093828
1302.1,60,0.093982
1301.8,60,0.094136
1301.4,60,0.09429
1301,60,0.094443
1300.5,60,0.094597
1300.1,60,0.094751
1299.6,60,0.094904
1299,60,0.095057
1298.5,60,0.095211
1297.9,60,0.095364
1297.3,60,0.095517
1296.6,60,0.09567
1296,60,0.095823
1295.3,60,0.095975
1294.5,60,0.096128
1293.8,60,0.09628
1293,60,0.096433
1292.2,60,0.096585
1291.4,60,0.096737
1290.5,60,0.096889
1289.6,60,0.097041
1288.7,60,0.097193
1287.8,60,0.097345
1286.9,60,0.097497
1285.9,60,0.097648
1284.9,60,0.0978
1283.9,60,0.097951
1282.9,60,0.098102
1281.8,60,0.098253
1280.7,60,0.098404
1279.7,60,0.098555
1278.5,60,0.098706
1277.4,60,0.098857
1276.3,60,0.099007
1275.1,60,0.099158
1273.9,60,0.099308
1272.7,60,0.099458
1271.5,60,0.099608
1270.3,60,0.099758
1269,60,0.099908
1267.8,60,0.10006
1266.5,60,0.10021
1265.2,60,0.10036
1263.9,60,0.10051
1262.6,60,0.10066
1261.2,60,0.10081
1259.9,60,0.10095
1258.5,60,0.1011
1257.1,60,0.10125
1255.7,60,0.1014
1254.3,60,0.10155
1252.9,60,0.1017
1251.5,60,0.10185
1250.1,60,0.102
1248.6,60,0.10214
1247.1,60,0.10229
1245.7,60,0.10244
1244.2,60,0.10259
1242.7,60,0.10274
1241.2,60,0.10288
1239.6,60,0.10303
1238.1,60,0.10318
1236.6,60,0.10333
1235,60,0.10347
1233.5,60,0.10362
1231.9,60,0.10377
1230.3,60,0.10391
1228.7,60,0.10406
1227.2,60,0.10421
1225.6,60,0.10435
1223.9,60,0.1045
1222.3,60,0.10465
1220.7,60,0.10479
1219.1,60,0.10494
1217.4,60,0.10509
1215.8,60,0.10523
1214.1,60,0.10538
1212.5,60,0.10552
1210.8,60,0.10567
1209.1,60,0.10581
1207.4,60,0.10596
1205.8,60,0.1061
1204.1,60,0.10625
1202.4,60,0.10639
1200.7,60,0.10654
1199,60,0.10668
1197.2,60,0.10683
1195.5,60,0.10697
1193.8,60,0.10712
1192.1,60,0.10726
1190.3,60,0.10741
1188.6,60,0.10755
1186.8,60,0.10769
1185.1,60,0.10784
1183.3,60,0.10798
1181.6,60,0.10812
1179.8,60,0.10827
1178.1,60,0.10841
1176.3,60,0.10855
1174.5,60,0.1087
1172.7,60,0.10884
1171,60,0.10898
1169.2,60,0.10913
1167.4,60,0.10927
1165.6,60,0.10941
1163.8,60,0.10955
1162,60,0.1097
1160.2,60,0.10984
1158.4,60,0.10998
1156.6,60,0.11012
1154.8,60,0.11026
1153,60,0.1104
1151.2,60,0.11055
1149.4,60,0.11069
1147.5,60,0.11083
1145.7,60,0.11097
1143.9,60,0.11111
1142.1,60,0.11125
1140.3,60,0.11139
1138.4,60,0.11153
1136.6,60,0.11167
1134.8,60,0.11181
1133,60,0.11195
1131.1,60,0.11209
1129.3,60,0.11223
1127.5,60,0.11237
1125.6,60,0.11251
1123.8,60,0.11265
1122,60,0.11279
1120.1,60,0.11293
1118.3,60,0.11307
1116.4,60,0.11321
1114.6,60,0.11335
1112.8,60,0.11349
1110.9,60,0.11363
1109.1,60,0.11377
1107.2,60,0.1139
1105.4,60,0.11404
1103.5,60,0.11418
1101.7,60,0.11432
1099.9,60,0.11446
1098,60,0.1146
1096.2,60,0.11473
1094.3,60,0.11487
1092.5,60,0.11501
1090.6,60,0.11515
1088.8,60,0.11528
1087,60,0.11542
1085.1,60,0.11556
1083.3,60,0.11569
1081.4,60,0.11583
1079.6,60,0.11597
1077.8,60,0.1161
1075.9,60,0.11624
1074.1,60,0.11638
1072.3,60,0.11651
1070.4,60,0.11665
1068.6,60,0.11679
1066.8,60,0.11692
1064.9,60,0.11706
1063.1,60,0.11719
1061.3,60,0.11733
1059.4,60,0.11746
1057.6,60,0.1176
1055.8,60,0.11773
1054,60,0.11787
1052.1,60,0.118
1050.3,60,0.11814
1048.5,60,0.11827
1046.7,60,0.11841
1044.9,60,0.11854
1043.1,60,0.11867
1041.3,60,0.11881
1039.5,60,0.11894
1037.7,60,0.11908
1035.9,60,0.11921
1034.1,60,0.11934
1032.3,60,0.11948
1030.5,60,0.11961
1028.7,60,0.11974
1026.9,60,0.11988
1025.1,60,0.12001
1023.3,60,0.12014
1021.5,60,0.12027
1019.7,60,0.12041
1018,60,0.12054
1016.2,60,0.12067
1014.4,60,0.1208
1012.7,60,0.12093
1010.9,60,0.12107
1009.1,60,0.1212
1007.4,60,0.12133
1005.6,60,0.12146
1003.9,60,0.12159
1002.1,60,0.12172
1000.4,60,0.12185
998.64,60,0.12198
996.91,60,0.12211
995.17,60,0.12224
993.45,60,0.12238
991.72,60,0.12251
990,60,0.12264
988.28,60,0.12277
986.57,60,0.1229
984.86,60,0.12303
983.16,60,0.12315
981.46,60,0.12328
979.76,60,0.12341
978.07,60,0.12354
976.38,60,0.12367
974.7,60,0.1238
973.02,60,0.12393
971.34,60,0.12406
969.68,60,0.12419
968.01,60,0.12431
966.35,60,0.12444
964.7,60,0.12457
963.04,60,0.1247
961.4,60,0.12483
959.76,60,0.12495
958.12,60,0.12508
956.49,60,0.12521
954.87,60,0.12534
953.25,60,0.12546
951.63,60,0.12559
950.02,60,0.12572
948.42,60,0.12584
946.82,60,0.12597
945.23,60,0.1261
943.64,60,0.12622
942.06,60,0.12635
940.49,60,0.12648
938.92,60,0.1266
937.35,60,0.12673
935.79,60,0.12685
934.24,60,0.12698
932.7,60,0.1271
931.16,60,0.12723
929.62,60,0.12735
928.09,60,0.12748
926.57,60,0.1276
925.06,60,0.12773
923.55,60,0.12785
922.05,60,0.12798
920.55,60,0.1281
919.06,60,0.12823
917.58,60,0.12835
916.11,60,0.12847
914.64,60,0.1286
913.18,60,0.12872
911.72,60,0.12884
910.27,60,0.12897
908.83,60,0.12909
907.4,60,0.12921
905.98,60,0.12934
904.56,60,0.12946
903.15,60,0.12958
901.74,60,0.1297
900.35,60,0.12983
898.96,60,0.12995
897.58,60,0.13007
896.21,60,0.13019
894.84,60,0.13031
893.49,60,0.13043
892.14,60,0.13056
890.8,60,0.13068
889.47,60,0.1308
888.14,60,0.13092
886.83,60,0.13104
885.52,60,0.13116
884.22,60,0.13128
882.93,60,0.1314
881.65,60,0.13152
880.38,60,0.13164
879.12,60,0.13176
877.86,60,0.13188
876.62,60,0.132
875.38,60,0.13212
874.16,60,0.13224
872.94,60,0.13236
871.73,60,0.13248
870.54,60,0.1326
869.35,60,0.13272
868.17,60,0.13283
867,60,0.13295
865.84,60,0.13307
864.7,60,0.13319
863.56,60,0.13331
862.43,60,0.13343
861.32,60,0.13354
860.21,60,0.13366
859.12,60,0.13378
858.03,60,0.1339
856.96,60,0.13401
855.9,60,0.13413
854.85,60,0.13425
853.81,60,0.13436
852.78,60,0.13448
851.77,60,0.1346
850.76,60,0.13471
849.77,60,0.13483
848.79,60,0.13494
847.82,60,0.13506
846.87,60,0.13518
845.92,60,0.13529
845,60,0.13541
844.08,60,0.13552
843.17,60,0.13564
842.28,60,0.13575
841.41,60,0.13587
840.54,60,0.13598
839.69,60,0.1361
838.86,60,0.13621
838.04,60,0.13633
837.23,60,0.13644
836.44,60,0.13655
835.66,60,0.13667
834.9,60,0.13678
834.15,60,0.13689
833.42,60,0.13701
832.7,60,0.13712
832,60,0.13723
831.31,60,0.13735
830.65,60,0.13746
829.99,60,0.13757
829.36,60,0.13768
828.74,60,0.1378
828.14,60,0.13791
827.56,60,0.13802
826.99,60,0.13813
826.44,60,0.13824
825.91,60,0.13835
825.4,60,0.13847
824.91,60,0.13858
824.44,60,0.13869
823.99,60,0.1388
823.56,60,0.13891
823.14,60,0.13902
822.75,60,0.13913
822.38,60,0.13924
822.03,60,0.13935
821.7,60,0.13946
821.4,60,0.13957
821.11,60,0.13968
820.85,60,0.13979
820.62,60,0.1399
820.4,60,0.14001
820.22,60,0.14012
820.05,60,0.14023
819.91,60,0.14034
819.8,60,0.14044
819.71,60,0.14055
819.65,60,0.14066
819.62,60,0.14077
819.61,60,0.14088
819.63,60,0.14098
819.68,60,0.14109
819.76,60,0.1412
819.87,60,0.14131
820.01,60,0.14141
820.18,60,0.14152
820.39,60,0.14163
820.62,60,0.14174
820.89,60,0.14184
821.2,60,0.14195
821.53,60,0.14205
821.91,60,0.14216
822.32,60,0.14227
822.76,60,0.14237
823.25,60,0.14248
823.77,60,0.14258
824.34,60,0.14269
824.94,60,0.14279
825.59,60,0.1429
826.28,60,0.143
827.01,60,0.14311
827.79,60,0.14321
828.61,60,0.14332
829.48,60,0.14342
830.4,60,0.14353
831.37,60,0.14363
832.39,60,0.14373
833.46,60,0.14384
834.58,60,0.14394
835.76,60,0.14404
837,60,0.14415
838.3,60,0.14425
839.65,60,0.14435
841.06,60,0.14446
842.54,60,0.14456
844.09,60,0.14466
845.7,60,0.14476
847.37,60,0.14486
849.12,60,0.14497
850.94,60,0.14507
852.84,60,0.14517
854.81,60,0.14527
856.86,60,0.14537
858.99,60,0.14547
861.21,60,0.14557
863.52,60,0.14567
865.91,60,0.14578
868.4,60,0.14588
870.98,60,0.14598
873.66,60,0.14608
876.44,60,0.14618
879.32,60,0.14628
882.32,60,0.14638
885.42,60,0.14648
888.64,60,0.14657
891.99,60,0.14667
895.45,60,0.14677
899.04,60,0.14687
902.77,60,0.14697
906.63,60,0.14707
910.64,60,0.14717
914.79,60,0.14727
919.1,60,0.14736
923.56,60,0.14746
928.19,60,0.14756
932.99,60,0.14766
937.97,60,0.14775
943.13,60,0.14785
948.48,60,0.14795
954.03,60,0.14804
959.79,60,0.14814
965.76,60,0.14824
971.96,60,0.14833
978.38,60,0.14843
985.05,60,0.14853
991.97,60,0.14862
999.15,60,0.14872
1006.6,60,0.14881
1014.4,60,0.14891
1022.4,60,0.149
1030.7,60,0.1491
1039.4,60,0.14919
1048.4,60,0.14929
1057.8,60,0.14938
1067.5,60,0.14948
1077.7,60,0.14957
1088.2,60,0.14967
1099.1,60,0.14976
1110.5,60,0.14985
1122.4,60,0.14995
1134.8,60,0.15004
1147.6,60,0.15013
1161,60,0.15023
1175,60,0.15032
1189.5,60,0.15041
1204.7,60,0.15051
1220.6,60,0.1506
1237.1,60,0.15069
1254.3,60,0.15078
1272.3,60,0.15088
1291.1,60,0.15097
1310.8,60,0.15106
1331.4,60,0.15115
1352.8,60,0.15124
1375.3,60,0.15133
1398.9,60,0.15142
1423.5,60,0.15151
1449.3,60,0.1516
1476.4,60,0.1517
1504.7,60,0.15179
1534.5,60,0.15188
1565.7,60,0.15197
1598.5,60,0.15206
1632.9,60,0.15215
1669.1,60,0.15223
1707.2,60,0.15232
1747.2,60,0.15241
1789.3,60,0.1525
1833.7,60,0.15259
1880.4,60,0.15268
1929.6,60,0.15277
1981.4,60,0.15286
2036.2,60,0.15294
2093.9,60,0.15303
2154.8,60,0.15312
2219.1,60,0.15321
2287.1,60,0.1533
2358.9,60,0.15338
2434.7,60,0.15347
2514.9,60,0.15356
2599.7,60,0.15364
2689.3,60,0.15373
2784,60,0.15382
2884.1,60,0.1539
2989.9,60,0.15399
3101.7,60,0.15407
3219.8,60,0.15416
3344.4,60,0.15425
3475.8,60,0.15433
3614.2,60,0.15442
3759.9,60,0.1545
3912.9,60,0.15459
4073.4,60,0.15467
4241.3,60,0.15476
4416.6,60,0.15484
4599.1,60,0.15492
4788.2,60,0.15501
4983.6,60,0.15509
5184.4,60,0.15518
5389.7,60,0.15526
5598.1,60,0.15534
5808.3,60,0.15543
6018.4,60,0.15551
6226.3,60,0.15559
6429.6,60,0.15568
6625.9,60,0.15576
6812.2,60,0.15584
6985.8,60,0.15592
7143.7,60,0.156
7283.1,60,0.15609
7401.3,60,0.15617
7496.1,60,0.15625
7565.7,60,0.15633
7608.7,60,0.15641
7624.4,60,0.15649
7612.8,60,0.15657
7574.4,60,0.15665
7510.6,60,0.15674
7423.1,60,0.15682
7314,60,0.1569
7185.8,60,0.15698
7041.4,60,0.15706
6883.3,60,0.15714
6714.6,60,0.15721
6537.6,60,0.15729
6354.9,60,0.15737
6168.8,60,0.15745
5981,60,0.15753
5793.4,60,0.15761
5607.2,60,0.15769
5423.7,60,0.15777
5243.8,60,0.15784
5068.2,60,0.15792
4897.3,60,0.158
4731.6,60,0.15808
4571.3,60,0.15815
4416.6,60,0.15823
4267.4,60,0.15831
4123.8,60,0.15839
3985.7,60,0.15846
3853,60,0.15854
3725.6,60,0.15862
3603.2,60,0.15869
3485.7,60,0.15877
3372.9,60,0.15884
3264.6,60,0.15892
3160.6,60,0.15899
3060.8,60,0.15907
2964.8,60,0.15915
2872.6,60,0.15922
2784,60,0.15929
2698.8,60,0.15937
2616.8,60,0.15944
2537.9,60,0.15952
2461.9,60,0.15959
2388.7,60,0.15967
2318.1,60,0.15974
2250.1,60,0.15981
2184.5,60,0.15989
2121.1,60,0.15996
2060,60,0.16003
2000.9,60,0.16011
1943.8,60,0.16018
1888.5,60,0.16025
1835.1,60,0.16032
1783.4,60,0.1604
1733.4,60,0.16047
1684.9,60,0.16054
1637.9,60,0.16061
1592.4,60,0.16068
1548.2,60,0.16075
1505.4,60,0.16082
1463.9,60,0.1609
1423.5,60,0.16097
1384.3,60,0.16104
1346.3,60,0.16111
1309.3,60,0.16118
1273.3,60,0.16125
1238.4,60,0.16132
1204.4,60,0.16139
1171.3,60,0.16146
1139.1,60,0.16153
1107.7,60,0.16159
1077.2,60,0.16166
1047.5,60,0.16173
1018.5,60,0.1618
990.26,60,0.16187
962.73,60,0.16194
935.89,60,0.16201
909.72,60,0.16207
884.18,60,0.16214
859.26,60,0.16221
834.94,60,0.16228
811.2,60,0.16234
788.02,60,0.16241
765.39,60,0.16248
743.28,60,0.16254
721.67,60,0.16261
700.57,60,0.16268
679.94,60,0.16274
659.77,60,0.16281
640.05,60,0.16287
620.77,60,0.16294
601.91,60,0.16301
583.47,60,0.16307
565.42,60,0.16314
547.76,60,0.1632
530.48,60,0.16327
513.56,60,0.16333
497,60,0.16339
480.79,60,0.16346
464.91,60,0.16352
449.36,60,0.16359
434.13,60,0.16365
419.21,60,0.16371
404.59,60,0.16378
390.27,60,0.16384
376.23,60,0.1639
362.47,60,0.16397
348.99,60,0.16403
335.77,60,0.16409
322.81,60,0.16415
310.1,60,0.16421
297.64,60,0.16428
285.42,60,0.16434
273.44,60,0.1644
261.68,60,0.16446
250.15,60,0.16452
238.83,60,0.16458
227.73,60,0.16464
216.84,60,0.1647
206.15,60,0.16476
195.65,60,0.16482
185.36,60,0.16488
175.25,60,0.16494
165.33,60,0.165
155.59,60,0.16506
146.03,60,0.16512
136.65,60,0.16518
127.43,60,0.16524
118.38,60,0.1653
109.49,60,0.16536
100.77,60,0.16542
92.198,60,0.16547
83.781,60,0.16553
75.514,60,0.16559
67.395,60,0.16565
59.419,60,0.16571
51.585,60,0.16576
43.889,60,0.16582
36.329,60,0.16588
28.902,60,0.16593
21.605,60,0.16599
14.437,60,0.16605
7.3934,60,0.1661
0.47321,60,0.16616
-6.3262,60,0.16622
-13.007,60,0.16627
-19.572,60,0.16633
-26.022,60,0.16638
-32.361,60,0.16644
-38.589,60,0.16649
-44.71,60,0.16655
-50.725,60,0.1666
-56.635,60,0.16666
-62.443,60,0.16671
-68.151,60,0.16676
-73.76,60,0.16682
-79.272,60,0.16687
-84.689,60,0.16692
-90.013,60,0.16698
-95.244,60,0.16703
-100.39,60,0.16708
-105.44,60,0.16714
-110.4,60,0.16719
-115.28,60,0.16724
-120.08,60,0.16729
-124.79,60,0.16735
-129.42,60,0.1674
-133.97,60,0.16745
-138.44,60,0.1675
-142.83,60,0.16755
-147.15,60,0.1676
-151.39,60,0.16765
-155.56,60,0.1677
-159.66,60,0.16776
-163.68,60,0.16781
-167.64,60,0.16786
-171.52,60,0.16791
-175.34,60,0.16796
-179.09,60,0.168
-182.77,60,0.16805
-186.39,60,0.1681
-189.95,60,0.16815
-193.44,60,0.1682
-196.87,60,0.16825
-200.24,60,0.1683
-203.55,60,0.16835
-206.8,60,0.1684
-210,60,0.16844
-213.13,60,0.16849
-216.21,60,0.16854
-219.24,60,0.16859
-222.21,60,0.16863
-225.13,60,0.16868
-227.99,60,0.16873
-230.8,60,0.16877
-233.56,60,0.16882
-236.27,60,0.16887
-238.93,60,0.16891
-241.55,60,0.16896
-244.11,60,0.169
-246.63,60,0.16905
-249.1,60,0.1691
-251.52,60,0.16914
-253.9,60,0.16919
-256.24,60,0.16923
-258.53,60,0.16927
-260.77,60,0.16932
-262.98,60,0.16936
-265.14,60,0.16941
-267.26,60,0.16945
-269.35,60,0.16949
-271.39,60,0.16954
-273.39,60,0.16958
-275.35,60,0.16962
-277.28,60,0.16967
-279.16,60,0.16971
-281.01,60,0.16975
-282.83,60,0.1698
-284.61,60,0.16984
-286.35,60,0.16988
-288.05,60,0.16992
-289.73,60,0.16996
-291.37,60,0.17
-292.97,60,0.17005
-294.54,60,0.17009
-296.09,60,0.17013
-297.59,60,0.17017
-299.07,60,0.17021
-300.52,60,0.17025
-301.93,60,0.17029
-303.32,60,0.17033
-304.67,60,0.17037
-306,60,0.17041
-307.3,60,0.17045
-308.57,60,0.17049
-309.81,60,0.17053
-311.02,60,0.17057
-312.21,60,0.1706
-313.37,60,0.17064
-314.5,60,0.17068
-315.61,60,0.17072
-316.69,60,0.17076
-317.75,60,0.17079
-318.78,60,0.17083
-319.78,60,0.17087
-320.77,60,0.17091
-321.73,60,0.17094
-322.66,60,0.17098
-323.57,60,0.17102
-324.46,60,0.17105
-325.33,60,0.17109
-326.17,60,0.17113
-327,60,0.17116
-327.8,60,0.1712
-328.58,60,0.17123
-329.34,60,0.17127
-330.08,60,0.1713
-330.79,60,0.17134
-331.49,60,0.17137
-332.17,60,0.17141
-332.83,60,0.17144
-333.47,60,0.17148
-334.09,60,0.17151
-334.69,60,0.17154
-335.27,60,0.17158
-335.84,60,0.17161
-336.38,60,0.17164
-336.91,60,0.17168
-337.42,60,0.17171
-337.92,60,0.17174
-338.39,60,0.17177
-338.85,60,0.17181
-339.3,60,0.17184
-339.73,60,0.17187
-340.14,60,0.1719
-340.53,60,0.17193
-340.91,60,0.17197
-341.28,60,0.172
-341.63,60,0.17203
-341.96,60,0.17206
-342.28,60,0.17209
-342.58,60,0.17212
-342.87,60,0.17215
-343.15,60,0.17218
-343.41,60,0.17221
-343.66,60,0.17224
-343.89,60,0.17227
-344.11,60,0.1723
-344.32,60,0.17233
-344.51,60,0.17236
-344.7,60,0.17238
-344.86,60,0.17241
-345.02,60,0.17244
-345.16,60,0.17247
-345.3,60,0.1725
-345.41,60,0.17252
-345.52,60,0.17255
-345.62,60,0.17258
-345.7,60,0.17261
-345.77,60,0.17263
-345.83,60,0.17266
-345.88,60,0.17269
-345.92,60,0.17271
-345.95,60,0.17274
-345.97,60,0.17277
-345.98,60,0.17279
-345.97,60,0.17282
-345.96,60,0.17284
-345.93,60,0.17287
-345.9,60,0.17289
-345.86,60,0.17292
-345.8,60,0.17294
-345.74,60,0.17297
-345.67,60,0.17299
-345.59,60,0.17302
-345.5,60,0.17304
-345.4,60,0.17306
-345.29,60,0.17309
-345.17,60,0.17311
-345.04,60,0.17313
-344.91,60,0.17316
-344.76,60,0.17318
-344.61,60,0.1732
-344.45,60,0.17322
-344.28,60,0.17325
-344.11,60,0.17327
-343.92,60,0.17329
-343.73,60,0.17331
-343.53,60,0.17333
-343.33,60,0.17336
-343.11,60,0.17338
-342.89,60,0.1734
-342.66,60,0.17342
-342.43,60,0.17344
-342.18,60,0.17346
-341.93,60,0.17348
-341.68,60,0.1735
-341.41,60,0.17352
-341.14,60,0.17354
-340.87,60,0.17356
-340.58,60,0.17358
-340.29,60,0.1736
-340,60,0.17361
-339.7,60,0.17363
-339.39,60,0.17365
-339.08,60,0.17367
-338.76,60,0.17369
-338.43,60,0.17371
-338.1,60,0.17372
-337.76,60,0.17374
-337.42,60,0.17376
-337.07,60,0.17378
-336.72,60,0.17379
-336.36,60,0.17381
-335.99,60,0.17383
-335.62,60,0.17384
-335.25,60,0.17386
-334.87,60,0.17387
-334.48,60,0.17389
-334.1,60,0.17391
-333.7,60,0.17392
-333.3,60,0.17394
-332.9,60,0.17395
-332.49,60,0.17397
-332.08,60,0.17398
-331.66,60,0.17399
-331.24,60,0.17401
-330.81,60,0.17402
-330.38,60,0.17404
-329.94,60,0.17405
-329.5,60,0.17406
-329.06,60,0.17408
-328.61,60,0.17409
-328.16,60,0.1741
-327.71,60,0.17412
-327.25,60,0.17413
-326.78,60,0.17414
-326.32,60,0.17415
-325.85,60,0.17417
-325.37,60,0.17418
-324.89,60,0.17419
-324.41,60,0.1742
-323.93,60,0.17421
-323.44,60,0.17422
-322.95,60,0.17423
-322.45,60,0.17424
-321.95,60,0.17425
-321.45,60,0.17426
-320.94,60,0.17427
-320.44,60,0.17428
-319.92,60,0.17429
-319.41,60,0.1743
-318.89,60,0.17431
-318.37,60,0.17432
-317.85,60,0.17433
-317.32,60,0.17434
-316.79,60,0.17435
-316.26,60,0.17436
-315.72,60,0.17436
-315.18,60,0.17437
-314.64,60,0.17438
-314.1,60,0.17439
-313.55,60,0.17439
-313,60,0.1744
-312.45,60,0.17441
-311.9,60,0.17442
-311.34,60,0.17442
-310.78,60,0.17443
-310.22,60,0.17443
-309.65,60,0.17444
-309.09,60,0.17445
-308.52,60,0.17445
-307.95,60,0.17446
-307.37,60,0.17446
-306.8,60,0.17447
-306.22,60,0.17447
-305.64,60,0.17448
-305.06,60,0.17448
-304.47,60,0.17449
-303.89,60,0.17449
-303.3,60,0.17449
-302.71,60,0.1745
-302.12,60,0.1745
-301.52,60,0.17451
-300.93,60,0.17451
-300.33,60,0.17451
-299.73,60,0.17451
-299.13,60,0.17452
-298.52,60,0.17452
-297.92,60,0.17452
-297.31,60,0.17452
-296.7,60,0.17453
-296.09,60,0.17453
-295.48,60,0.17453
-294.87,60,0.17453
-294.25,60,0.17453
-293.63,60,0.17453
-293.02,60,0.17453
-292.4,60,0.17453
-291.77,60,0.17453
-291.15,60,0.17453
-290.53,60,0.17453
-289.9,60,0.17453
-289.27,60,0.17453
-288.64,60,0.17453
-288.01,60,0.17453
-287.38,60,0.17453
-286.75,60,0.17453
-286.12,60,0.17453
-285.48,60,0.17453
-284.84,60,0.17452
-284.21,60,0.17452
-283.57,60,0.17452
-282.93,60,0.17452
-282.29,60,0.17451
-281.64,60,0.17451
-281,60,0.17451
-280.36,60,0.17451
-279.71,60,0.1745
-279.06,60,0.1745
-278.42,60,0.17449
-277.77,60,0.17449
-277.12,60,0.17449
-276.47,60,0.17448
-275.82,60,0.17448
-275.17,60,0.17447
-274.51,60,0.17447
-273.86,60,0.17446
-273.2,60,0.17446
-272.55,60,0.17445
-271.89,60,0.17445
-271.24,60,0.17444
-270.58,60,0.17443
-269.92,60,0.17443
-269.26,60,0.17442
-268.6,60,0.17442
-267.94,60,0.17441
-267.28,60,0.1744
-266.62,60,0.17439
-265.95,60,0.17439
-265.29,60,0.17438
-264.63,60,0.17437
-263.96,60,0.17436
-263.3,60,0.17436
-262.63,60,0.17435
-261.97,60,0.17434
-261.3,60,0.17433
-260.64,60,0.17432
-259.97,60,0.17431
-259.3,60,0.1743
-258.63,60,0.17429
-257.97,60,0.17428
-257.3,60,0.17427
-256.63,60,0.17426
-255.96,60,0.17425
-255.29,60,0.17424
-254.62,60,0.17423
-253.95,60,0.17422
-253.28,60,0.17421
-252.61,60,0.1742
-251.94,60,0.17419
-251.27,60,0.17418
-250.6,60,0.17417
-249.93,60,0.17415
-249.26,60,0.17414
-248.59,60,0.17413
-247.92,60,0.17412
-247.25,60,0.1741
-246.57,60,0.17409
-245.9,60,0.17408
-245.23,60,0.17406
-244.56,60,0.17405
-243.89,60,0.17404
-243.22,60,0.17402
-242.55,60,0.17401
-241.88,60,0.17399
-241.21,60,0.17398
-240.54,60,0.17397
-239.87,60,0.17395
-239.2,60,0.17394
-238.53,60,0.17392
-237.86,60,0.17391
-237.19,60,0.17389
-236.52,60,0.17387
-235.85,60,0.17386
-235.18,60,0.17384
-234.51,60,0.17383
-233.84,60,0.17381
-233.17,60,0.17379
-232.51,60,0.17378
-231.84,60,0.17376
-231.17,60,0.17374
-230.51,60,0.17372
-229.84,60,0.17371
-229.18,60,0.17369
-228.51,60,0.17367
-227.85,60,0.17365
-227.18,60,0.17363
-226.52,60,0.17361
-225.86,60,0.1736
-225.19,60,0.17358
-224.53,60,0.17356
-223.87,60,0.17354
-223.21,60,0.17352
-222.55,60,0.1735
-221.89,60,0.17348
-221.23,60,0.17346
-220.58,60,0.17344
-219.92,60,0.17342
-219.26,60,0.1734
-218.61,60,0.17338
-217.95,60,0.17336
-217.3,60,0.17333
-216.65,60,0.17331
-216,60,0.17329
-215.35,60,0.17327
-214.69,60,0.17325
-214.05,60,0.17322
-213.4,60,0.1732
-212.75,60,0.17318
-212.1,60,0.17316
-211.46,60,0.17313
-210.81,60,0.17311
-210.17,60,0.17309
-209.53,60,0.17306
-208.89,60,0.17304
-208.25,60,0.17302
-207.61,60,0.17299
-206.97,60,0.17297
-206.33,60,0.17294
-205.7,60,0.17292
-205.06,60,0.17289
-204.43,60,0.17287
-203.8,60,0.17284
-203.17,60,0.17282
-202.54,60,0.17279
-201.91,60,0.17277
-201.28,60,0.17274
-200.66,60,0.17271
-200.04,60,0.17269
-199.41,60,0.17266
-198.79,60,0.17263
-198.17,60,0.17261
-197.55,60,0.17258
-196.94,60,0.17255
-196.32,60,0.17252
-195.71,60,0.1725
-195.1,60,0.17247
-194.49,60,0.17244
-193.88,60,0.17241
-193.27,60,0.17238
-192.66,60,0.17236
-192.06,60,0.17233
-191.46,60,0.1723
-190.86,60,0.17227
-190.26,60,0.17224
-189.66,60,0.17221
-189.07,60,0.17218
-188.47,60,0.17215
-187.88,60,0.17212
-187.29,60,0.17209
-186.7,60,0.17206
-186.12,60,0.17203
-185.53,60,0.172
-184.95,60,0.17197
-184.37,60,0.17193
-183.79,60,0.1719
-183.21,60,0.17187
-182.64,60,0.17184
-182.07,60,0.17181
-181.5,60,0.17177
-180.93,60,0.17174
-180.36,60,0.17171
-179.8,60,0.17168
-179.24,60,0.17164
-178.68,60,0.17161
-178.12,60,0.17158
-177.56,60,0.17154
-177.01,60,0.17151
-176.46,60,0.17148
-175.91,60,0.17144
-175.36,60,0.17141
-174.82,60,0.17137
-174.28,60,0.17134
-173.74,60,0.1713
-173.2,60,0.17127
-172.67,60,0.17123
-172.13,60,0.1712
-171.6,60,0.17116
-171.08,60,0.17113
-170.55,60,0.17109
-170.03,60,0.17105
-169.51,60,0.17102
-168.99,60,0.17098
-168.48,60,0.17094
-167.97,60,0.17091
-167.46,60,0.17087
-166.95,60,0.17083
-166.44,60,0.17079
-165.94,60,0.17076
-165.44,60,0.17072
-164.95,60,0.17068
-164.46,60,0.17064
-163.97,60,0.1706
-163.48,60,0.17057
-162.99,60,0.17053
-162.51,60,0.17049
-162.03,60,0.17045
-161.56,60,0.17041
-161.08,60,0.17037
-160.61,60,0.17033
-160.14,60,0.17029
-159.68,60,0.17025
-159.22,60,0.17021
-158.76,60,0.17017
-158.3,60,0.17013
-157.85,60,0.17009
-157.4,60,0.17005
-156.96,60,0.17
-156.51,60,0.16996
-156.07,60,0.16992
-155.64,60,0.16988
-155.2,60,0.16984
-154.77,60,0.1698
-154.34,60,0.16975
-153.92,60,0.16971
-153.5,60,0.16967
-153.08,60,0.16962
-152.67,60,0.16958
-152.26,60,0.16954
-151.85,60,0.16949
-151.45,60,0.16945
-151.05,60,0.16941
-150.65,60,0.16936
-150.25,60,0.16932
-149.86,60,0.16927
-149.48,60,0.16923
-149.09,60,0.16919
-148.71,60,0.16914
-148.34,60,0.1691
-147.96,60,0.16905
-147.6,60,0.169
-147.23,60,0.16896
-146.87,60,0.16891
-146.51,60,0.16887
-146.15,60,0.16882
-145.8,60,0.16877
-145.46,60,0.16873
-145.11,60,0.16868
-144.77,60,0.16863
-144.44,60,0.16859
-144.1,60,0.16854
-143.77,60,0.16849
-143.45,60,0.16844
-143.13,60,0.1684
-142.81,60,0.16835
-142.5,60,0.1683
-142.19,60,0.16825
-141.88,60,0.1682
-141.58,60,0.16815
-141.28,60,0.1681
-140.99,60,0.16805
-140.7,60,0.168
-140.41,60,0.16796
-140.13,60,0.16791
-139.85,60,0.16786
-139.58,60,0.16781
-139.31,60,0.16776
-139.04,60,0.1677
-138.78,60,0.16765
-138.53,60,0.1676
-138.27,60,0.16755
-138.02,60,0.1675
-137.78,60,0.16745
-137.54,60,0.1674
-137.3,60,0.16735
-137.07,60,0.16729
-136.84,60,0.16724
-136.61,60,0.16719
-136.39,60,0.16714
-136.18,60,0.16708
-135.97,60,0.16703
-135.76,60,0.16698
-135.56,60,0.16692
-135.36,60,0.16687
-135.17,60,0.16682
-134.98,60,0.16676
-134.79,60,0.16671
-134.61,60,0.16666
-134.43,60,0.1666
-134.26,60,0.16655
-134.09,60,0.16649
-133.93,60,0.16644
-133.77,60,0.16638
-133.62,60,0.16633
-133.47,60,0.16627
-133.32,60,0.16622
-133.18,60,0.16616
-133.04,60,0.1661
-132.91,60,0.16605
-132.78,60,0.16599
-132.66,60,0.16593
-132.54,60,0.16588
-132.43,60,0.16582
-132.32,60,0.16576
-132.21,60,0.16571
-132.11,60,0.16565
-132.02,60,0.16559
-131.93,60,0.16553
-131.84,60,0.16547
-131.76,60,0.16542
-131.68,60,0.16536
-131.61,60,0.1653
-131.54,60,0.16524
-131.48,60,0.16518
-131.42,60,0.16512
-131.37,60,0.16506
-131.32,60,0.165
-131.28,60,0.16494
-131.24,60,0.16488
-131.2,60,0.16482
-131.17,60,0.16476
-131.15,60,0.1647
-131.13,60,0.16464
-131.11,60,0.16458
-131.1,60,0.16452
-131.1,60,0.16446
-131.1,60,0.1644
-131.1,60,0.16434
-131.11,60,0.16428
-131.12,60,0.16421
-131.14,60,0.16415
-131.17,60,0.16409
-131.19,60,0.16403
-131.23,60,0.16397
-131.27,60,0.1639
-131.31,60,0.16384
-131.36,60,0.16378
-131.41,60,0.16371
-131.47,60,0.16365
-131.53,60,0.16359
-131.6,60,0.16352
-131.67,60,0.16346
-131.75,60,0.16339
-131.83,60,0.16333
-131.92,60,0.16327
-132.01,60,0.1632
-132.1,60,0.16314
-132.21,60,0.16307
-132.31,60,0.16301
-132.42,60,0.16294
-132.54,60,0.16287
-132.66,60,0.16281
-132.79,60,0.16274
-132.92,60,0.16268
-133.06,60,0.16261
-133.2,60,0.16254
-133.35,60,0.16248
-133.5,60,0.16241
-133.65,60,0.16234
-133.81,60,0.16228
-133.98,60,0.16221
-134.15,60,0.16214
-134.33,60,0.16207
-134.51,60,0.16201
-134.7,60,0.16194
-134.89,60,0.16187
-135.08,60,0.1618
-135.29,60,0.16173
-135.49,60,0.16166
-135.7,60,0.16159
-135.92,60,0.16153
-136.14,60,0.16146
-136.37,60,0.16139
-136.6,60,0.16132
-136.83,60,0.16125
-137.08,60,0.16118
-137.32,60,0.16111
-137.57,60,0.16104
-137.83,60,0.16097
-138.09,60,0.1609
-138.36,60,0.16082
-138.63,60,0.16075
-138.9,60,0.16068
-139.18,60,0.16061
-139.47,60,0.16054
-139.76,60,0.16047
-140.06,60,0.1604
-140.36,60,0.16032
-140.66,60,0.16025
-140.98,60,0.16018
-141.29,60,0.16011
-141.61,60,0.16003
-141.94,60,0.15996
-142.27,60,0.15989
-142.6,60,0.15981
-142.94,60,0.15974
-143.29,60,0.15967
-143.64,60,0.15959
-144,60,0.15952
-144.36,60,0.15944
-144.72,60,0.15937
-145.09,60,0.15929
-145.47,60,0.15922
-145.85,60,0.15915
-146.23,60,0.15907
-146.62,60,0.15899
-147.01,60,0.15892
-147.41,60,0.15884
-147.82,60,0.15877
-148.23,60,0.15869
-148.64,60,0.15862
-149.06,60,0.15854
-149.48,60,0.15846
-149.91,60,0.15839
-150.34,60,0.15831
-150.78,60,0.15823
-151.23,60,0.15815
-151.67,60,0.15808
-152.13,60,0.158
-152.58,60,0.15792
-153.04,60,0.15784
-153.51,60,0.15777
-153.98,60,0.15769
-154.46,60,0.15761
-154.94,60,0.15753
-155.43,60,0.15745
-155.92,60,0.15737
-156.41,60,0.15729
-156.91,60,0.15721
-157.42,60,0.15714
-157.93,60,0.15706
-158.44,60,0.15698
-158.96,60,0.1569
-159.48,60,0.15682
-160.01,60,0.15674
-160.54,60,0.15665
-161.08,60,0.15657
-161.62,60,0.15649
-162.17,60,0.15641
-162.72,60,0.15633
-163.27,60,0.15625
-163.83,60,0.15617
-164.4,60,0.15609
-164.97,60,0.156
-165.54,60,0.15592
-166.12,60,0.15584
-166.7,60,0.15576
-167.29,60,0.15568
-167.88,60,0.15559
-168.48,60,0.15551
-169.08,60,0.15543
-169.68,60,0.15534
-170.29,60,0.15526
-170.91,60,0.15518
-171.52,60,0.15509
-172.15,60,0.15501
-172.77,60,0.15492
-173.41,60,0.15484
-174.04,60,0.15476
-174.68,60,0.15467
-175.33,60,0.15459
-175.97,60,0.1545
-176.63,60,0.15442
-177.29,60,0.15433
-177.95,60,0.15425
-178.61,60,0.15416
-179.28,60,0.15407
-179.96,60,0.15399
-180.64,60,0.1539
-181.32,60,0.15382
-182.01,60,0.15373
-182.7,60,0.15364
-183.39,60,0.15356
-184.09,60,0.15347
-184.8,60,0.15338
-185.51,60,0.1533
-186.22,60,0.15321
-186.93,60,0.15312
-187.65,60,0.15303
-188.38,60,0.15294
-189.11,60,0.15286
-189.84,60,0.15277
-190.57,60,0.15268
-191.31,60,0.15259
-192.06,60,0.1525
-192.81,60,0.15241
-193.56,60,0.15232
-194.32,60,0.15223
-195.08,60,0.15215
-195.84,60,0.15206
-196.61,60,0.15197
-197.38,60,0.15188
-198.16,60,0.15179
-198.93,60,0.1517
-199.72,60,0.1516
-200.51,60,0.15151
-201.3,60,0.15142
-202.09,60,0.15133
-202.89,60,0.15124
-203.69,60,0.15115
-204.5,60,0.15106
-205.31,60,0.15097
-206.12,60,0.15088
-206.94,60,0.15078
-207.76,60,0.15069
-208.58,60,0.1506
-209.41,60,0.15051
-210.24,60,0.15041
-211.08,60,0.15032
-211.92,60,0.15023
-212.76,60,0.15013
-213.61,60,0.15004
-214.45,60,0.14995
-215.31,60,0.14985
-216.16,60,0.14976
-217.02,60,0.14967
-217.89,60,0.14957
-218.76,60,0.14948
-219.63,60,0.14938
-220.5,60,0.14929
-221.38,60,0.14919
-222.26,60,0.1491
-223.14,60,0.149
-224.03,60,0.14891
-224.92,60,0.14881
-225.81,60,0.14872
-226.71,60,0.14862
-227.61,60,0.14853
-228.51,60,0.14843
-229.42,60,0.14833
-230.33,60,0.14824
-231.25,60,0.14814
-232.16,60,0.14804
-233.08,60,0.14795
-234.01,60,0.14785
-234.93,60,0.14775
-235.86,60,0.14766
-236.79,60,0.14756
-237.73,60,0.14746
-238.67,60,0.14736
-239.61,60,0.14727
-240.55,60,0.14717
-241.5,60,0.14707
-242.45,60,0.14697
-243.41,60,0.14687
-244.36,60,0.14677
-245.32,60,0.14667
-246.29,60,0.14657
-247.25,60,0.14648
-248.22,60,0.14638
-249.19,60,0.14628
-250.17,60,0.14618
-251.14,60,0.14608
-252.12,60,0.14598
-253.11,60,0.14588
-254.09,60,0.14578
-255.08,60,0.14567
-256.07,60,0.14557
-257.07,60,0.14547
-258.06,60,0.14537
-259.06,60,0.14527
-260.07,60,0.14517
-261.07,60,0.14507
-262.08,60,0.14497
-263.09,60,0.14486
-264.1,60,0.14476
-265.12,60,0.14466
-266.14,60,0.14456
-267.16,60,0.14446
-268.18,60,0.14435
-269.21,60,0.14425
-270.24,60,0.14415
-271.27,60,0.14404
-272.3,60,0.14394
-273.34,60,0.14384
-274.38,60,0.14373
-275.42,60,0.14363
-276.46,60,0.14353
-277.51,60,0.14342
-278.56,60,0.14332
-279.61,60,0.14321
-280.66,60,0.14311
-281.72,60,0.143
-282.77,60,0.1429
-283.83,60,0.14279
-284.9,60,0.14269
-285.96,60,0.14258
-287.03,60,0.14248
-288.1,60,0.14237
-289.17,60,0.14227
-290.25,60,0.14216
-291.32,60,0.14205
-292.4,60,0.14195
-293.48,60,0.14184
-294.57,60,0.14174
-295.65,60,0.14163
-296.74,60,0.14152
-297.83,60,0.14141
-298.92,60,0.14131
-300.02,60,0.1412
-301.12,60,0.14109
-302.21,60,0.14098
-303.31,60,0.14088
-304.42,60,0.14077
-305.52,60,0.14066
-306.63,60,0.14055
-307.74,60,0.14044
-308.85,60,0.14034
-309.96,60,0.14023
-311.08,60,0.14012
-312.2,60,0.14001
-313.31,60,0.1399
-314.44,60,0.13979
-315.56,60,0.13968
-316.68,60,0.13957
-317.81,60,0.13946
-318.94,60,0.13935
-320.07,60,0.13924
-321.2,60,0.13913
-322.34,60,0.13902
-323.48,60,0.13891
-324.61,60,0.1388
-325.76,60,0.13869
-326.9,60,0.13858
-328.04,60,0.13847
-329.19,60,0.13835
-330.34,60,0.13824
-331.48,60,0.13813
-332.64,60,0.13802
-333.79,60,0.13791
-334.94,60,0.1378
-336.1,60,0.13768
-337.26,60,0.13757
-338.42,60,0.13746
-339.58,60,0.13735
-340.75,60,0.13723
-341.91,60,0.13712
-343.08,60,0.13701
-344.25,60,0.13689
-345.42,60,0.13678
-346.59,60,0.13667
-347.76,60,0.13655
-348.94,60,0.13644
-350.12,60,0.13633
-351.3,60,0.13621
-352.48,60,0.1361
-353.66,60,0.13598
-354.84,60,0.13587
-356.03,60,0.13575
-357.22,60,0.13564
-358.4,60,0.13552
-359.59,60,0.13541
-360.79,60,0.13529
-361.98,60,0.13518
-363.17,60,0.13506
-364.37,60,0.13494
-365.57,60,0.13483
-366.77,60,0.13471
-367.97,60,0.1346
-369.17,60,0.13448
-370.38,60,0.13436
-371.58,60,0.13425
-372.79,60,0.13413
-374,60,0.13401
-375.21,60,0.1339
-376.42,60,0.13378
-377.63,60,0.13366
-378.85,60,0.13354
-380.06,60,0.13343
-381.28,60,0.13331
-382.5,60,0.13319
-383.72,60,0.13307
-384.94,60,0.13295
-386.17,60,0.13283
-387.39,60,0.13272
-388.62,60,0.1326
-389.85,60,0.13248
-391.08,60,0.13236
-392.31,60,0.13224
-393.54,60,0.13212
-394.77,60,0.132
-396.01,60,0.13188
-397.24,60,0.13176
-398.48,60,0.13164
-399.72,60,0.13152
-400.96,60,0.1314
-402.2,60,0.13128
-403.45,60,0.13116
-404.69,60,0.13104
-405.94,60,0.13092
-407.19,60,0.1308
-408.44,60,0.13068
-409.69,60,0.13056
-410.94,60,0.13043
-412.19,60,0.13031
-413.44,60,0.13019
-414.7,60,0.13007
-415.96,60,0.12995
-417.22,60,0.12983
-418.48,60,0.1297
-419.74,60,0.12958
-421,60,0.12946
-422.27,60,0.12934
-423.53,60,0.12921
-424.8,60,0.12909
-426.07,60,0.12897
-427.34,60,0.12884
-428.61,60,0.12872
-429.88,60,0.1286
-431.15,60,0.12847
-432.43,60,0.12835
-433.7,60,0.12823
-434.98,60,0.1281
-436.26,60,0.12798
-437.54,60,0.12785
-438.82,60,0.12773
-440.11,60,0.1276
-441.39,60,0.12748
-442.68,60,0.12735
-443.97,60,0.12723
-445.26,60,0.1271
-446.55,60,0.12698
-447.84,60,0.12685
-449.13,60,0.12673
-450.43,60,0.1266
-451.72,60,0.12648
-453.02,60,0.12635
-454.32,60,0.12622
-455.62,60,0.1261
-456.92,60,0.12597
-458.22,60,0.12584
-459.53,60,0.12572
-460.83,60,0.12559
-462.14,60,0.12546
-463.45,60,0.12534
-464.76,60,0.12521
-466.07,60,0.12508
-467.38,60,0.12495
-468.7,60,0.12483
-470.01,60,0.1247
-471.33,60,0.12457
-472.65,60,0.12444
-473.97,60,0.12431
-475.29,60,0.12419
-476.61,60,0.12406
-477.94,60,0.12393
-479.26,60,0.1238
-480.59,60,0.12367
-481.92,60,0.12354
-483.25,60,0.12341
-484.58,60,0.12328
-485.92,60,0.12315
-487.25,60,0.12303
-488.59,60,0.1229
-489.93,60,0.12277
-491.27,60,0.12264
-492.61,60,0.12251
-493.95,60,0.12238
-495.3,60,0.12224
-496.64,60,0.12211
-497.99,60,0.12198
-499.34,60,0.12185
-500.69,60,0.12172
-502.04,60,0.12159
-503.4,60,0.12146
-504.75,60,0.12133
-506.11,60,0.1212
-507.47,60,0.12107
-508.83,60,0.12093
-510.19,60,0.1208
-511.55,60,0.12067
-512.92,60,0.12054
-514.29,60,0.12041
-515.66,60,0.12027
-517.03,60,0.12014
-518.4,60,0.12001
-519.77,60,0.11988
-521.15,60,0.11974
-522.53,60,0.11961
-523.9,60,0.11948
-525.29,60,0.11934
-526.67,60,0.11921
-528.05,60,0.11908
-529.44,60,0.11894
-530.83,60,0.11881
-532.22,60,0.11867
-533.61,60,0.11854
-535,60,0.11841
-536.4,60,0.11827
-537.8,60,0.11814
-539.19,60,0.118
-540.6,60,0.11787
-542,60,0.11773
-543.4,60,0.1176
-544.81,60,0.11746
-546.22,60,0.11733
-547.63,60,0.11719
-549.04,60,0.11706
-550.46,60,0.11692
-551.87,60,0.11679
-553.29,60,0.11665
-554.71,60,0.11651
-556.13,60,0.11638
-557.56,60,0.11624
-558.98,60,0.1161
-560.41,60,0.11597
-561.84,60,0.11583
-563.28,60,0.11569
-564.71,60,0.11556
-566.15,60,0.11542
-567.59,60,0.11528
-569.03,60,0.11515
-570.47,60,0.11501
-571.92,60,0.11487
-573.36,60,0.11473
-574.81,60,0.1146
-576.27,60,0.11446
-577.72,60,0.11432
-579.18,60,0.11418
-580.63,60,0.11404
-582.1,60,0.1139
-583.56,60,0.11377
-585.02,60,0.11363
-586.49,60,0.11349
-587.96,60,0.11335
-589.43,60,0.11321
-590.91,60,0.11307
-592.39,60,0.11293
-593.87,60,0.11279
-595.35,60,0.11265
-596.83,60,0.11251
-598.32,60,0.11237
-599.81,60,0.11223
-601.3,60,0.11209
-602.79,60,0.11195
-604.29,60,0.11181
-605.79,60,0.11167
-607.29,60,0.11153
-608.79,60,0.11139
-610.3,60,0.11125
-611.81,60,0.11111
-613.32,60,0.11097
-614.84,60,0.11083
-616.35,60,0.11069
-617.87,60,0.11055
-619.4,60,0.1104
-620.92,60,0.11026
-622.45,60,0.11012
-623.98,60,0.10998
-625.51,60,0.10984
-627.05,60,0.1097
-628.59,60,0.10955
-630.13,60,0.10941
-631.67,60,0.10927
-633.22,60,0.10913
-634.77,60,0.10898
-636.32,60,0.10884
-637.88,60,0.1087
-639.43,60,0.10855
-641,60,0.10841
-642.56,60,0.10827
-644.13,60,0.10812
-645.7,60,0.10798
-647.27,60,0.10784
-648.84,60,0.10769
-650.42,60,0.10755
-652.01,60,0.10741
-653.59,60,0.10726
-655.18,60,0.10712
-656.77,60,0.10697
-658.36,60,0.10683
-659.96,60,0.10668
-661.56,60,0.10654
-663.16,60,0.10639
-664.77,60,0.10625
-666.38,60,0.1061
-667.99,60,0.10596
-669.61,60,0.10581
-671.23,60,0.10567
-672.85,60,0.10552
-674.48,60,0.10538
-676.11,60,0.10523
-677.74,60,0.10509
-679.37,60,0.10494
-681.01,60,0.10479
-682.66,60,0.10465
-684.3,60,0.1045
-685.95,60,0.10435
-687.6,60,0.10421
-689.26,60,0.10406
-690.92,60,0.10391
-692.58,60,0.10377
-694.25,60,0.10362
-695.92,60,0.10347
-697.59,60,0.10333
-699.27,60,0.10318
-700.95,60,0.10303
-702.63,60,0.10288
-704.32,60,0.10274
-706.01,60,0.10259
-707.71,60,0.10244
-709.4,60,0.10229
-711.11,60,0.10214
-712.81,60,0.102
-714.52,60,0.10185
-716.23,60,0.1017
-717.95,60,0.10155
-719.67,60,0.1014
-721.4,60,0.10125
-723.12,60,0.1011
-724.86,60,0.10095
-726.59,60,0.10081
-728.33,60,0.10066
-730.07,60,0.10051
-731.82,60,0.10036
-733.57,60,0.10021
-735.33,60,0.10006
-737.09,60,0.099908
-738.85,60,0.099758
-740.62,60,0.099608
-742.39,60,0.099458
-744.16,60,0.099308
-745.94,60,0.099158
-747.73,60,0.099007
-749.51,60,0.098857
-751.3,60,0.098706
-753.1,60,0.098555
-754.9,60,0.098404
-756.7,60,0.098253
-758.51,60,0.098102
-760.32,60,0.097951
-762.14,60,0.0978
-763.96,60,0.097648
-765.78,60,0.097497
-767.61,60,0.097345
-769.44,60,0.097193
-771.28,60,0.097041
-773.12,60,0.096889
-774.97,60,0.096737
-776.82,60,0.096585
-778.67,60,0.096433
-780.53,60,0.09628
-782.39,60,0.096128
-784.26,60,0.095975
-786.13,60,0.095823
-788.01,60,0.09567
-789.89,60,0.095517
-791.77,60,0.095364
-793.66,60,0.095211
-795.55,60,0.095057
-797.45,60,0.094904
-799.36,60,0.094751
-801.26,60,0.094597
-803.17,60,0.094443
-805.09,60,0.09429
-807.01,60,0.094136
-808.94,60,0.093982
-810.87,60,0.093828
-812.8,60,0.093674
-814.74,60,0.093519
-816.68,60,0.093365
-818.63,60,0.093211
-820.59,60,0.093056
-822.54,60,0.092901
-824.51,60,0.092747
-826.47,60,0.092592
-828.44,60,0.092437
-830.42,60,0.092282
-832.4,60,0.092126
-834.39,60,0.091971
-836.38,60,0.091816
-838.37,60,0.09166
-840.37,60,0.091505
-842.38,60,0.091349
-844.39,60,0.091193
-846.4,60,0.091037
-848.42,60,0.090881
-850.45,60,0.090725
-852.48,60,0.090569
-854.51,60,0.090413
-856.55,60,0.090256
-858.59,60,0.0901
-860.64,60,0.089943
-862.7,60,0.089787
-864.75,60,0.08963
-866.82,60,0.089473
-868.89,60,0.089316
-870.96,60,0.089159
-873.04,60,0.089002
-875.12,60,0.088844
-877.21,60,0.088687
-879.3,60,0.08853
-881.4,60,0.088372
-883.5,60,0.088214
-885.61,60,0.088057
-887.73,60,0.087899
-889.84,60,0.087741
-891.97,60,0.087583
-894.1,60,0.087425
-896.23,60,0.087266
-898.37,60,0.087108
-900.51,60,0.08695
-902.66,60,0.086791
-904.81,60,0.086633
-906.97,60,0.086474
-909.14,60,0.086315
-911.31,60,0.086156
-913.48,60,0.085997
-915.66,60,0.085838
-917.84,60,0.085679
-920.03,60,0.08552
-922.23,60,0.08536
-924.43,60,0.085201
-926.63,60,0.085041
-928.84,60,0.084882
-931.06,60,0.084722
-933.28,60,0.084562
-935.5,60,0.084402
-937.73,60,0.084242
-939.97,60,0.084082
-942.21,60,0.083922
-944.46,60,0.083761
-946.71,60,0.083601
-948.97,60,0.08344
-951.23,60,0.08328
-953.49,60,0.083119
-955.77,60,0.082958
-958.04,60,0.082798
-960.33,60,0.082637
-962.61,60,0.082476
-964.91,60,0.082315
-967.2,60,0.082153
-969.51,60,0.081992
-971.82,60,0.081831
-974.13,60,0.081669
-976.45,60,0.081508
-978.77,60,0.081346
-981.1,60,0.081184
-983.43,60,0.081022
-985.77,60,0.08086
-988.12,60,0.080698
-990.47,60,0.080536
-992.82,60,0.080374
-995.18,60,0.080212
-997.55,60,0.080049
-999.92,60,0.079887
-1002.3,60,0.079724
-1004.7,60,0.079562
-1007.1,60,0.079399
-1009.5,60,0.079236
-1011.8,60,0.079073
-1014.2,60,0.07891
-1016.7,60,0.078747
-1019.1,60,0.078584
-1021.5,60,0.078421
-1023.9,60,0.078258
-1026.3,60,0.078094
-1028.8,60,0.077931
-1031.2,60,0.077767
-1033.6,60,0.077603
-1036.1,60,0.07744
-1038.5,60,0.077276
-1041,60,0.077112
-1043.5,60,0.076948
-1045.9,60,0.076784
-1048.4,60,0.07662
-1050.9,60,0.076455
-1053.4,60,0.076291
-1055.8,60,0.076127
-1058.3,60,0.075962
-1060.8,60,0.075798
-1063.3,60,0.075633
-1065.8,60,0.075468
-1068.4,60,0.075303
-1070.9,60,0.075138
-1073.4,60,0.074973
-1075.9,60,0.074808
-1078.4,60,0.074643
-1081,60,0.074478
-1083.5,60,0.074313
-1086.1,60,0.074147
-1088.6,60,0.073982
-1091.2,60,0.073816
-1093.7,60,0.07365
-1096.3,60,0.073485
-1098.9,60,0.073319
-1101.4,60,0.073153
-1104,60,0.072987
-1106.6,60,0.072821
-1109.2,60,0.072655
-1111.8,60,0.072488
-1114.4,60,0.072322
-1117,60,0.072156
-1119.6,60,0.071989
-1122.2,60,0.071823
-1124.8,60,0.071656
-1127.4,60,0.071489
-1130.1,60,0.071323
-1132.7,60,0.071156
-1135.3,60,0.070989
-1138,60,0.070822
-1140.6,60,0.070655
-1143.3,60,0.070488
-1145.9,60,0.07032
-1148.6,60,0.070153
-1151.2,60,0.069986
-1153.9,60,0.069818
-1156.5,60,0.069651
-1159.2,60,0.069483
-1161.9,60,0.069315
-1164.6,60,0.069148
-1167.3,60,0.06898
-1169.9,60,0.068812
-1172.6,60,0.068644
-1175.3,60,0.068476
-1178,60,0.068308
-1180.7,60,0.068139
-1183.5,60,0.067971
-1186.2,60,0.067803
-1188.9,60,0.067634
-1191.6,60,0.067466
-1194.3,60,0.067297
-1197.1,60,0.067128
-1199.8,60,0.06696
-1202.5,60,0.066791
-1205.3,60,0.066622
-1208,60,0.066453
-1210.8,60,0.066284
-1213.5,60,0.066115
-1216.3,60,0.065946
-1219,60,0.065776
-1221.8,60,0.065607
-1224.5,60,0.065438
-1227.3,60,0.065268
-1230.1,60,0.065099
-1232.8,60,0.064929
-1235.6,60,0.064759
-1238.4,60,0.06459
-1241.2,60,0.06442
-1244,60,0.06425
-1246.8,60,0.06408
-1249.6,60,0.06391
-1252.4,60,0.06374
-1255.2,60,0.06357
-1258,60,0.063399
-1260.8,60,0.063229
-1263.6,60,0.063059
-1266.4,60,0.062888
-1269.2,60,0.062718
-1272,60,0.062547
-1274.8,60,0.062376
-1277.7,60,0.062206
-1280.5,60,0.062035
-1283.3,60,0.061864
-1286.1,60,0.061693
-1289,60,0.061522
-1291.8,60,0.061351
-1294.6,60,0.06118
-1297.5,60,0.061009
-1300.3,60,0.060837
-1303.2,60,0.060666
-1306,60,0.060495
-1308.9,60,0.060323
-1311.7,60,0.060152
-1314.6,60,0.05998
-1317.4,60,0.059808
-1320.3,60,0.059637
-1323.1,60,0.059465
-1326,60,0.059293
-1328.9,60,0.059121
-1331.7,60,0.058949
-1334.6,60,0.058777
-1337.5,60,0.058605
-1340.3,60,0.058433
-1343.2,60,0.05826
-1346.1,60,0.058088
-1349,60,0.057916
-1351.8,60,0.057743
-1354.7,60,0.057571
-1357.6,60,0.057398
-1360.5,60,0.057225
-1363.3,60,0.057053
-1366.2,60,0.05688
-1369.1,60,0.056707
-1372,60,0.056534
-1374.9,60,0.056361
-1377.8,60,0.056188
-1380.7,60,0.056015
-1383.5,60,0.055842
-1386.4,60,0.055669
-1389.3,60,0.055496
-1392.2,60,0.055322
-1395.1,60,0.055149
-1398,60,0.054976
-1400.9,60,0.054802
-1403.8,60,0.054628
-1406.7,60,0.054455
-1409.6,60,0.054281
-1412.4,60,0.054107
-1415.3,60,0.053934
-1418.2,60,0.05376
-1421.1,60,0.053586
-1424,60,0.053412
-1426.9,60,0.053238
-1429.8,60,0.053064
-1432.7,60,0.05289
-1435.6,60,0.052715
-1438.5,60,0.052541
-1441.4,60,0.052367
-1444.3,60,0.052192
-1447.2,60,0.052018
-1450,60,0.051844
-1452.9,60,0.051669
-1455.8,60,0.051494
-1458.7,60,0.05132
-1461.6,60,0.051145
-1464.5,60,0.05097
-1467.4,60,0.050795
-1470.3,60,0.050621
-1473.1,60,0.050446
-1476,60,0.050271
-1478.9,60,0.050096
-1481.8,60,0.04992
-1484.7,60,0.049745
-1487.5,60,0.04957
-1490.4,60,0.049395
-1493.3,60,0.049219
-1496.2,60,0.049044
-1499,60,0.048869
-1501.9,60,0.048693
-1504.8,60,0.048518
-1507.6,60,0.048342
-1510.5,60,0.048166
-1513.3,60,0.047991
-1516.2,60,0.047815
-1519.1,60,0.047639
-1521.9,60,0.047463
-1524.8,60,0.047287
-1527.6,60,0.047111
-1530.5,60,0.046935
-1533.3,60,0.046759
-1536.1,60,0.046583
-1539,60,0.046407
-1541.8,60,0.046231
-1544.7,60,0.046055
-1547.5,60,0.045878
-1550.3,60,0.045702
-1553.1,60,0.045525
-1556,60,0.045349
-1558.8,60,0.045172
-1561.6,60,0.044996
-1564.4,60,0.044819
-1567.2,60,0.044643
-1570,60,0.044466
-1572.8,60,0.044289
-1575.6,60,0.044112
-1578.4,60,0.043935
-1581.2,60,0.043759
-1584,60,0.043582
-1586.8,60,0.043405
-1589.6,60,0.043228
-1592.3,60,0.04305
-1595.1,60,0.042873
-1597.9,60,0.042696
-1600.6,60,0.042519
-1603.4,60,0.042342
-1606.1,60,0.042164
-1608.9,60,0.041987
-1611.6,60,0.041809
-1614.4,60,0.041632
-1617.1,60,0.041454
-1619.8,60,0.041277
-1622.6,60,0.041099
-1625.3,60,0.040922
-1628,60,0.040744
-1630.7,60,0.040566
-1633.4,60,0.040388
-1636.1,60,0.040211
-1638.8,60,0.040033
-1641.5,60,0.039855
-1644.2,60,0.039677
-1646.9,60,0.039499
-1649.6,60,0.039321
-1652.2,60,0.039143
-1654.9,60,0.038964
-1657.6,60,0.038786
-1660.2,60,0.038608
-1662.9,60,0.03843
-1665.5,60,0.038252
-1668.1,60,0.038073
-1670.8,60,0.037895
-1673.4,60,0.037716
-1676,60,0.037538
-1678.6,60,0.037359
-1681.2,60,0.037181
-1683.8,60,0.037002
-1686.4,60,0.036824
-1689,60,0.036645
-1691.6,60,0.036466
-1694.2,60,0.036287
-1696.7,60,0.036109
-1699.3,60,0.03593
-1701.8,60,0.035751
-1704.4,60,0.035572
-1706.9,60,0.035393
-1709.4,60,0.035214
-1712,60,0.035035
-1714.5,60,0.034856
-1717,60,0.034677
-1719.5,60,0.034498
-1722,60,0.034319
-1724.5,60,0.034139
-1727,60,0.03396
-1729.4,60,0.033781
-1731.9,60,0.033601
-1734.4,60,0.033422
-1736.8,60,0.033243
-1739.3,60,0.033063
-1741.7,60,0.032884
-1744.1,60,0.032704
-1746.5,60,0.032525
-1748.9,60,0.032345
-1751.3,60,0.032165
-1753.7,60,0.031986
-1756.1,60,0.031806
-1758.5,60,0.031626
-1760.9,60,0.031447
-1763.2,60,0.031267
-1765.6,60,0.031087
-1767.9,60,0.030907
-1770.3,60,0.030727
-1772.6,60,0.030547
-1774.9,60,0.030367
-1777.2,60,0.030187
-1779.5,60,0.030007
-1781.8,60,0.029827
-1784.1,60,0.029647
-1786.4,60,0.029467
-1788.6,60,0.029287
-1790.9,60,0.029107
-1793.1,60,0.028926
-1795.4,60,0.028746
-1797.6,60,0.028566
-1799.8,60,0.028386
-1802,60,0.028205
-1804.2,60,0.028025
-1806.4,60,0.027844
-1808.6,60,0.027664
-1810.8,60,0.027483
-1813,60,0.027303
-1815.1,60,0.027122
-1817.3,60,0.026942
-1819.4,60,0.026761
-1821.5,60,0.026581
-1823.6,60,0.0264
-1825.7,60,0.026219
-1827.8,60,0.026039
-1829.9,60,0.025858
-1832,60,0.025677
-1834.1,60,0.025496
-1836.1,60,0.025315
-1838.2,60,0.025135
-1840.2,60,0.024954
-1842.2,60,0.024773
-1844.2,60,0.024592
-1846.2,60,0.024411
-1848.2,60,0.02423
-1850.2,60,0.024049
-1852.2,60,0.023868
-1854.1,60,0.023687
-1856.1,60,0.023506
-1858,60,0.023325
-1860,60,0.023143
-1861.9,60,0.022962
-1863.8,60,0.022781
-1865.7,60,0.0226
-1867.6,60,0.022419
-1869.5,60,0.022237
-1871.3,60,0.022056
-1873.2,60,0.021875
-1875,60,0.021693
-1876.9,60,0.021512
-1878.7,60,0.021331
-1880.5,60,0.021149
-1882.3,60,0.020968
-1884.1,60,0.020786
-1885.9,60,0.020605
-1887.6,60,0.020423
-1889.4,60,0.020242
-1891.1,60,0.02006
-1892.9,60,0.019879
-1894.6,60,0.019697
-1896.3,60,0.019516
-1898,60,0.019334
-1899.7,60,0.019152
-1901.3,60,0.018971
-1903,60,0.018789
-1904.7,60,0.018607
-1906.3,60,0.018425
-1907.9,60,0.018244
-1909.5,60,0.018062
-1911.2,60,0.01788
-1912.7,60,0.017698
-1914.3,60,0.017516
-1915.9,60,0.017335
-1917.5,60,0.017153
-1919,60,0.016971
-1920.5,60,0.016789
-1922.1,60,0.016607
-1923.6,60,0.016425
-1925.1,60,0.016243
-1926.6,60,0.016061
-1928,60,0.015879
-1929.5,60,0.015697
-1931,60,0.015515
-1932.4,60,0.015333
-1933.8,60,0.015151
-1935.2,60,0.014969
-1936.7,60,0.014787
-1938,60,0.014605
-1939.4,60,0.014422
-1940.8,60,0.01424
-1942.1,60,0.014058
-1943.5,60,0.013876
-1944.8,60,0.013694
-1946.1,60,0.013511
-1947.4,60,0.013329
-1948.7,60,0.013147
-1950,60,0.012965
-1951.3,60,0.012782
-1952.6,60,0.0126
-1953.8,60,0.012418
-1955,60,0.012236
-1956.3,60,0.012053
-1957.5,60,0.011871
-1958.7,60,0.011689
-1959.8,60,0.011506
-1961,60,0.011324
-1962.2,60,0.011141
-1963.3,60,0.010959
-1964.4,60,0.010777
-1965.6,60,0.010594
-1966.7,60,0.010412
-1967.8,60,0.010229
-1968.9,60,0.010047
-1969.9,60,0.0098643
-1971,60,0.0096819
-1972,60,0.0094994
-1973.1,60,0.0093169
-1974.1,60,0.0091343
-1975.1,60,0.0089518
-1976.1,60,0.0087693
-1977.1,60,0.0085867
-1978,60,0.0084042
-1979,60,0.0082216
-1979.9,60,0.0080391
-1980.9,60,0.0078565
-1981.8,60,0.0076739
-1982.7,60,0.0074913
-1983.6,60,0.0073087
-1984.5,60,0.0071261
-1985.3,60,0.0069434
-1986.2,60,0.0067608
-1987,60,0.0065782
-1987.9,60,0.0063955
-1988.7,60,0.0062129
-1989.5,60,0.0060302
-1990.3,60,0.0058476
-1991,60,0.0056649
-1991.8,60,0.0054822
-1992.6,60,0.0052995
-1993.3,60,0.0051168
-1994,60,0.0049341
-1994.7,60,0.0047514
-1995.4,60,0.0045687
-1996.1,60,0.004386
-1996.8,60,0.0042033
-1997.4,60,0.0040206
-1998.1,60,0.0038379
-1998.7,60,0.0036551
-1999.4,60,0.0034724
-2000,60,0.0032897
-2000.6,60,0.0031069
-2001.1,60,0.0029242
-2001.7,60,0.0027414
-2002.3,60,0.0025587
-2002.8,60,0.0023759
-2003.3,60,0.0021932
-2003.9,60,0.0020104
-2004.4,60,0.0018277
-2004.8,60,0.0016449
-2005.3,60,0.0014621
-2005.8,60,0.0012794
-2006.2,60,0.0010966
-2006.7,60,0.00091385
-2007.1,60,0.00073108
-2007.5,60,0.00054831
-2007.9,60,0.00036554
-2008.3,60,0.00018277
-2008.7,60,6.4122e-17
-2009,60,-0.00018277
-2009.4,60,-0.00036554
-2009.7,60,-0.00054831
-2010,60,-0.00073108
-2010.3,60,-0.00091385
-2010.6,60,-0.0010966
-2010.9,60,-0.0012794
-2011.1,60,-0.0014621
-2011.4,60,-0.0016449
-2011.6,60,-0.0018277
-2011.8,60,-0.0020104
-2012.1,60,-0.0021932
-2012.3,60,-0.0023759
-2012.4,60,-0.0025587
-2012.6,60,-0.0027414
-2012.8,60,-0.0029242
-2012.9,60,-0.0031069
-2013,60,-0.0032897
-2013.1,60,-0.0034724
-2013.2,60,-0.0036551
-2013.3,60,-0.0038379
-2013.4,60,-0.0040206
-2013.5,60,-0.0042033
-2013.5,60,-0.004386
-2013.5,60,-0.0045687
-2013.6,60,-0.0047514
-2013.6,60,-0.0049341
-2013.5,60,-0.0051168
-2013.5,60,-0.0052995
-2013.5,60,-0.0054822
-2013.4,60,-0.0056649
-2013.4,60,-0.0058476
-2013.3,60,-0.0060302
-2013.2,60,-0.0062129
-2013.1,60,-0.0063955
-2013,60,-0.0065782
-2012.8,60,-0.0067608
-2012.7,60,-0.0069434
-2012.5,60,-0.0071261
-2012.3,60,-0.0073087
-2012.1,60,-0.0074913
-2011.9,60,-0.0076739
-2011.7,60,-0.0078565
-2011.5,60,-0.0080391
-2011.2,60,-0.0082216
-2010.9,60,-0.0084042
-2010.7,60,-0.0085867
-2010.4,60,-0.0087693
-2010.1,60,-0.0089518
-2009.7,60,-0.0091343
-2009.4,60,-0.0093169
-2009,60,-0.0094994
-2008.7,60,-0.0096819
-2008.3,60,-0.0098643
-2007.9,60,-0.010047
-2007.5,60,-0.010229
-2007,60,-0.010412
-2006.6,60,-0.010594
-2006.1,60,-0.010777
-2005.7,60,-0.010959
-2005.2,60,-0.011141
-2004.7,60,-0.011324
-2004.1,60,-0.011506
-2003.6,60,-0.011689
-2003,60,-0.011871
-2002.5,60,-0.012053
-2001.9,60,-0.012236
-2001.3,60,-0.012418
-2000.7,60,-0.0126
-2000,60,-0.012782
-1999.4,60,-0.012965
-1998.7,60,-0.013147
-1998.1,60,-0.013329
-1997.4,60,-0.013511
-1996.6,60,-0.013694
-1995.9,60,-0.013876
-1995.2,60,-0.014058
-1994.4,60,-0.01424
-1993.6,60,-0.014422
-1992.8,60,-0.014605
-1992,60,-0.014787
-1991.2,60,-0.014969
-1990.4,60,-0.015151
-1989.5,60,-0.015333
-1988.6,60,-0.015515
-1987.7,60,-0.015697
-1986.8,60,-0.015879
-1985.9,60,-0.016061
-1984.9,60,-0.016243
-1984,60,-0.016425
-1983,60,-0.016607
-1982,60,-0.016789
-1980.9,60,-0.016971
-1979.9,60,-0.017153
-1978.8,60,-0.017335
-1977.8,60,-0.017516
-1976.7,60,-0.017698
-1975.6,60,-0.01788
-1974.4,60,-0.018062
-1973.3,60,-0.018244
-1972.1,60,-0.018425
-1970.9,60,-0.018607
-1969.7,60,-0.018789
-1968.5,60,-0.018971
-1967.2,60,-0.019152
-1966,60,-0.019334
-1964.7,60,-0.019516
-1963.4,60,-0.019697
-1962,60,-0.019879
-1960.7,60,-0.02006
-1959.3,60,-0.020242
-1957.9,60,-0.020423
-1956.5,60,-0.020605
-1955.1,60,-0.020786
-1953.6,60,-0.020968
-1952.2,60,-0.021149
-1950.7,60,-0.021331
-1949.1,60,-0.021512
-1947.6,60,-0.021693
-1946,60,-0.021875
-1944.5,60,-0.022056
-1942.8,60,-0.022237
-1941.2,60,-0.022419
-1939.6,60,-0.0226
-1937.9,60,-0.022781
-1936.2,60,-0.022962
-1934.4,60,-0.023143
-1932.7,60,-0.023325
-1930.9,60,-0.023506
-1929.1,60,-0.023687
-1927.3,60,-0.023868
-1925.4,60,-0.024049
-1923.6,60,-0.02423
-1921.7,60,-0.024411
-1919.7,60,-0.024592
-1917.8,60,-0.024773
-1915.8,60,-0.024954
-1913.8,60,-0.025135
-1911.8,60,-0.025315
-1909.7,60,-0.025496
-1907.6,60,-0.025677
-1905.5,60,-0.025858
-1903.3,60,-0.026039
-1901.2,60,-0.026219
-1898.9,60,-0.0264
-1896.7,60,-0.026581
-1894.4,60,-0.026761
-1892.1,60,-0.026942
-1889.8,60,-0.027122
-1887.4,60,-0.027303
-1885.1,60,-0.027483
-1882.6,60,-0.027664
-1880.2,60,-0.027844
-1877.7,60,-0.028025
-1875.2,60,-0.028205
-1872.6,60,-0.028386
-1870,60,-0.028566
-1867.4,60,-0.028746
-1864.7,60,-0.028926
-1862,60,-0.029107
-1859.3,60,-0.029287
-1856.5,60,-0.029467
-1853.7,60,-0.029647
-1850.8,60,-0.029827
-1847.9,60,-0.030007
-1845,60,-0.030187
-1842,60,-0.030367
-1839,60,-0.030547
-1836,60,-0.030727
-1832.9,60,-0.030907
-1829.8,60,-0.031087
-1826.6,60,-0.031267
-1823.3,60,-0.031447
-1820.1,60,-0.031626
-1816.8,60,-0.031806
-1813.4,60,-0.031986
-1810,60,-0.032165
-1806.5,60,-0.032345
-1803,60,-0.032525
-1799.5,60,-0.032704
-1795.9,60,-0.032884
-1792.2,60,-0.033063
-1788.5,60,-0.033243
-1784.7,60,-0.033422
-1780.9,60,-0.033601
-1777,60,-0.033781
-1773.1,60,-0.03396
-1769.1,60,-0.034139
-1765.1,60,-0.034319
-1761,60,-0.034498
-1756.8,60,-0.034677
-1752.6,60,-0.034856
-1748.3,60,-0.035035
-1743.9,60,-0.035214
-1739.5,60,-0.035393
-1735,60,-0.035572
-1730.4,60,-0.035751
-1725.8,60,-0.03593
-1721.1,60,-0.036109
-1716.3,60,-0.036287
-1711.5,60,-0.036466
-1706.6,60,-0.036645
-1701.6,60,-0.036824
-1696.5,60,-0.037002
-1691.3,60,-0.037181
-1686.1,60,-0.037359
-1680.7,60,-0.037538
-1675.3,60,-0.037716
-1669.8,60,-0.037895
-1664.2,60,-0.038073
-1658.5,60,-0.038252
-1652.7,60,-0.03843
-1646.8,60,-0.038608
-1640.9,60,-0.038786
-1634.8,60,-0.038964
-1628.6,60,-0.039143
-1622.3,60,-0.039321
-1615.9,60,-0.039499
-1609.4,60,-0.039677
-1602.7,60,-0.039855
-1596,60,-0.040033
-1589.1,60,-0.040211
-1582.1,60,-0.040388
-1575,60,-0.040566
-1567.7,60,-0.040744
-1560.3,60,-0.040922
-1552.8,60,-0.041099
-1545.1,60,-0.041277
-1537.3,60,-0.041454
-1529.4,60,-0.041632
-1521.3,60,-0.041809
-1513,60,-0.041987
-1504.5,60,-0.042164
-1495.9,60,-0.042342
-1487.2,60,-0.042519
-1478.2,60,-0.042696
-1469.1,60,-0.042873
-1459.8,60,-0.04305
-1450.3,60,-0.043228
-1440.6,60,-0.043405
-1430.7,60,-0.043582
-1420.6,60,-0.043759
-1410.2,60,-0.043935
-1399.7,60,-0.044112
-1388.9,60,-0.044289
-1377.9,60,-0.044466
-1366.6,60,-0.044643
-1355,60,-0.044819
-1343,60,-0.044996
-1329.5,60,-0.045172
-1316,60,-0.045349
-1302.8,60,-0.045525
-1290,60,-0.045702
-1277.5,60,-0.045878
-1265.1,60,-0.046055
-1252.9,60,-0.046231
-1240.6,60,-0.046407
-1228.3,60,-0.046583
-1216,60,-0.046759
-1203.4,60,-0.046935
-1190.7,60,-0.047111
-1177.7,60,-0.047287
-1164.4,60,-0.047463
-1150.8,60,-0.047639
-1136.8,60,-0.047815
-1122.5,60,-0.047991
-1107.7,60,-0.048166
-1092.5,60,-0.048342
-1076.9,60,-0.048518
-1060.7,60,-0.048693
-1044.1,60,-0.048869
-1026.9,60,-0.049044
-1009.1,60,-0.049219
-990.84,60,-0.049395
-971.94,60,-0.04957
-952.42,60,-0.049745
-932.28,60,-0.04992
-911.48,60,-0.050096
-890,60,-0.050271
-867.83,60,-0.050446
-844.93,60,-0.050621
-821.29,60,-0.050795
-796.87,60,-0.05097
-771.65,60,-0.051145
-745.61,60,-0.05132
-718.71,60,-0.051494
-690.92,60,-0.051669
-662.2,60,-0.051844
-632.52,60,-0.052018
-601.84,60,-0.052192
-570.12,60,-0.052367
-537.31,60,-0.052541
-503.37,60,-0.052715
-468.25,60,-0.05289
-431.89,60,-0.053064
-394.24,60,-0.053238
-355.24,60,-0.053412
-314.82,60,-0.053586
-272.92,60,-0.05376
-229.45,60,-0.053934
-184.36,60,-0.054107
-137.54,60,-0.054281
-88.926,60,-0.054455
-38.409,60,-0.054628
14.104,60,-0.054802
68.719,60,-0.054976
125.55,60,-0.055149
184.71,60,-0.055322
246.32,60,-0.055496
313.15,60,-0.055669
407.25,60,-0.055842
505.14,60,-0.056015
606.11,60,-0.056188
710.15,60,-0.056361
817.24,60,-0.056534
927.42,60,-0.056707
1040.7,60,-0.05688
1157.1,60,-0.057053
1276.6,60,-0.057225
1399.3,60,-0.057398
1525.3,60,-0.057571
1654.6,60,-0.057743
1787.3,60,-0.057916
1923.4,60,-0.058088
2063,60,-0.05826
2206.2,60,-0.058433
2353.1,60,-0.058605
2503.8,60,-0.058777
2658.3,60,-0.058949
2816.8,60,-0.059121
2979.4,60,-0.059293
3146.1,60,-0.059465
3317.2,60,-0.059637
3492.6,60,-0.059808
3672.6,60,-0.05998
3857.3,60,-0.060152
4046.7,60,-0.060323
4241.1,60,-0.060495
4440.5,60,-0.060666
4645.1,60,-0.060837
4855.1,60,-0.061009
5070.6,60,-0.06118
5291.8,60,-0.061351
5518.8,60,-0.061522
5756.2,60,-0.061693
5805,60,-0.061864
5768.6,60,-0.062035
5735.9,60,-0.062206
5700.7,60,-0.062376
5658.9,60,-0.062547
5607.9,60,-0.062718
5546.2,60,-0.062888
5473.2,60,-0.063059
5388.7,60,-0.063229
5293.2,60,-0.063399
5187.4,60,-0.06357
5072.4,60,-0.06374
4949.4,60,-0.06391
4819.6,60,-0.06408
4684.3,60,-0.06425
4544.8,60,-0.06442
4402.1,60,-0.06459
4257.6,60,-0.064759
4112.1,60,-0.064929
3966.6,60,-0.065099
3821.8,60,-0.065268
3678.4,60,-0.065438
3537,60,-0.065607
3398.1,60,-0.065776
3261.9,60,-0.065946
3128.8,60,-0.066115
2999,60,-0.066284
2872.6,60,-0.066453
2749.8,60,-0.066622
2630.6,60,-0.066791
2515,60,-0.06696
2402.9,60,-0.067128
2294.4,60,-0.067297
2189.4,60,-0.067466
2087.8,60,-0.067634
1989.5,60,-0.067803
1894.4,60,-0.067971
1802.5,60,-0.068139
1713.5,60,-0.068308
1627.5,60,-0.068476
1544.3,60,-0.068644
1463.8,60,-0.068812
1385.9,60,-0.06898
1310.4,60,-0.069148
1237.4,60,-0.069315
1166.7,60,-0.069483
1098.2,60,-0.069651
1031.9,60,-0.069818
967.54,60,-0.069986
905.18,60,-0.070153
844.72,60,-0.07032
786.06,60,-0.070488
729.16,60,-0.070655
673.93,60,-0.070822
620.31,60,-0.070989
568.26,60,-0.071156
517.69,60,-0.071323
468.58,60,-0.071489
420.85,60,-0.071656
374.47,60,-0.071823
329.38,60,-0.071989
285.54,60,-0.072156
242.9,60,-0.072322
201.43,60,-0.072488
161.09,60,-0.072655
121.84,60,-0.072821
83.642,60,-0.072987
46.463,60,-0.073153
10.272,60,-0.073319
-24.963,60,-0.073485
-59.272,60,-0.07365
-92.683,60,-0.073816
-125.22,60,-0.073982
-156.92,60,-0.074147
-187.79,60,-0.074313
-217.88,60,-0.074478
-247.18,60,-0.074643
-275.74,60,-0.074808
-303.57,60,-0.074973
-330.69,60,-0.075138
-357.13,60,-0.075303
-382.89,60,-0.075468
-408.01,60,-0.075633
-432.49,60,-0.075798
-456.35,60,-0.075962
-479.62,60,-0.076127
-502.3,60,-0.076291
-524.41,60,-0.076455
-545.97,60,-0.07662
-566.99,60,-0.076784
-587.49,60,-0.076948
-607.47,60,-0.077112
-626.95,60,-0.077276
-645.95,60,-0.07744
-664.47,60,-0.077603
-682.53,60,-0.077767
-700.14,60,-0.077931
-717.31,60,-0.078094
-734.05,60,-0.078258
-750.37,60,-0.078421
-766.29,60,-0.078584
-781.8,60,-0.078747
-796.93,60,-0.07891
-811.67,60,-0.079073
-826.04,60,-0.079236
-840.05,60,-0.079399
-853.71,60,-0.079562
-867.02,60,-0.079724
-880,60,-0.079887
-892.64,60,-0.080049
-904.96,60,-0.080212
-916.97,60,-0.080374
-928.67,60,-0.080536
-940.07,60,-0.080698
-951.18,60,-0.08086
-962,60,-0.081022
-972.54,60,-0.081184
-982.81,60,-0.081346
-992.81,60,-0.081508
-1002.5,60,-0.081669
-1012,60,-0.081831
-1021.3,60,-0.081992
-1030.2,60,-0.082153
-1039,60,-0.082315
-1047.5,60,-0.082476
-1055.8,60,-0.082637
-1063.9,60,-0.082798
-1071.7,60,-0.082958
-1079.3,60,-0.083119
-1086.8,60,-0.08328
-1094,60,-0.08344
-1101,60,-0.083601
-1107.8,60,-0.083761
-1114.5,60,-0.083922
-1120.9,60,-0.084082
-1127.2,60,-0.084242
-1133.3,60,-0.084402
-1139.2,60,-0.084562
-1145,60,-0.084722
-1150.5,60,-0.084882
-1156,60,-0.085041
-1161.2,60,-0.085201
-1166.3,60,-0.08536
-1171.3,60,-0.08552
-1176.1,60,-0.085679
-1180.7,60,-0.085838
-1185.3,60,-0.085997
-1189.6,60,-0.086156
-1193.9,60,-0.086315
-1198,60,-0.086474
-1202,60,-0.086633
-1205.8,60,-0.086791
-1209.6,60,-0.08695
-1213.2,60,-0.087108
-1216.7,60,-0.087266
-1220,60,-0.087425
-1223.3,60,-0.087583
-1226.4,60,-0.087741
-1229.5,60,-0.087899
-1232.4,60,-0.088057
-1235.2,60,-0.088214
-1238,60,-0.088372
-1240.6,60,-0.08853
-1243.1,60,-0.088687
-1245.6,60,-0.088844
-1247.9,60,-0.089002
-1250.2,60,-0.089159
-1252.3,60,-0.089316
-1254.4,60,-0.089473
-1256.4,60,-0.08963
-1258.3,60,-0.089787
-1260.1,60,-0.089943
-1261.9,60,-0.0901
-1263.5,60,-0.090256
-1265.1,60,-0.090413
-1266.7,60,-0.090569
-1268.1,60,-0.090725
-1269.5,60,-0.090881
-1270.8,60,-0.091037
-1272,60,-0.091193
-1273.2,60,-0.091349
-1274.3,60,-0.091505
-1275.3,60,-0.09166
-1276.3,60,-0.091816
-1277.2,60,-0.091971
-1278.1,60,-0.092126
-1278.9,60,-0.092282
-1279.6,60,-0.092437
-1280.3,60,-0.092592
-1281,60,-0.092747
-1281.5,60,-0.092901
-1282.1,60,-0.093056
-1282.5,60,-0.093211
-1283,60,-0.093365
-1283.3,60,-0.093519
-1283.6,60,-0.093674
-1283.9,60,-0.093828
-1284.1,60,-0.093982
-1284.3,60,-0.094136
-1284.5,60,-0.09429
-1284.6,60,-0.094443
-1284.6,60,-0.094597
-1284.6,60,-0.094751
-1284.6,60,-0.094904
-1284.5,60,-0.095057
-1284.4,60,-0.095211
-1284.2,60,-0.095364
-1284,60,-0.095517
-1283.8,60,-0.09567
-1283.6,60,-0.095823
-1283.3,60,-0.095975
-1282.9,60,-0.096128
-1282.5,60,-0.09628
-1282.1,60,-0.096433
-1281.7,60,-0.096585
-1281.2,60,-0.096737
-1280.7,60,-0.096889
-1280.2,60,-0.097041
-1279.6,60,-0.097193
-1279,60,-0.097345
-1278.4,60,-0.097497
-1277.7,60,-0.097648
-1277.1,60,-0.0978
-1276.4,60,-0.097951
-1275.6,60,-0.098102
-1274.9,60,-0.098253
-1274.1,60,-0.098404
-1273.2,60,-0.098555
-1272.4,60,-0.098706
-1271.5,60,-0.098857
-1270.6,60,-0.099007
-1269.7,60,-0.099158
-1268.8,60,-0.099308
-1267.8,60,-0.099458
-1266.8,60,-0.099608
-1265.8,60,-0.099758
-1264.8,60,-0.099908
-1263.7,60,-0.10006
-1262.7,60,-0.10021
-1261.6,60,-0.10036
-1260.5,60,-0.10051
-1259.3,60,-0.10066
-1258.2,60,-0.10081
-1257,60,-0.10095
-1255.8,60,-0.1011
-1254.6,60,-0.10125
-1253.4,60,-0.1014
-1252.1,60,-0.10155
-1250.9,60,-0.1017
-1249.6,60,-0.10185
-1248.3,60,-0.102
-1247,60,-0.10214
-1245.7,60,-0.10229
-1244.3,60,-0.10244
-1242.9,60,-0.10259
-1241.6,60,-0.10274
-1240.2,60,-0.10288
-1238.8,60,-0.10303
-1237.4,60,-0.10318
-1235.9,60,-0.10333
-1234.5,60,-0.10347
-1233,60,-0.10362
-1231.6,60,-0.10377
-1230.1,60,-0.10391
-1228.6,60,-0.10406
-1227.1,60,-0.10421
-1225.6,60,-0.10435
-1224,60,-0.1045
-1222.5,60,-0.10465
-1220.9,60,-0.10479
-1219.4,60,-0.10494
-1217.8,60,-0.10509
-1216.2,60,-0.10523
-1214.6,60,-0.10538
-1213,60,-0.10552
-1211.4,60,-0.10567
-1209.8,60,-0.10581
-1208.2,60,-0.10596
-1206.5,60,-0.1061
-1204.9,60,-0.10625
-1203.2,60,-0.10639
-1201.5,60,-0.10654
-1199.9,60,-0.10668
-1198.2,60,-0.10683
-1196.5,60,-0.10697
-1194.8,60,-0.10712
-1193.1,60,-0.10726
-1191.4,60,-0.10741
-1189.6,60,-0.10755
-1187.9,60,-0.10769
-1186.2,60,-0.10784
-1184.4,60,-0.10798
-1182.7,60,-0.10812
-1180.9,60,-0.10827
-1179.2,60,-0.10841
-1177.4,60,-0.10855
-1175.6,60,-0.1087
-1173.9,60,-0.10884
-1172.1,60,-0.10898
-1170.3,60,-0.10913
-1168.5,60,-0.10927
-1166.7,60,-0.10941
-1164.9,60,-0.10955
-1163.1,60,-0.1097
-1161.3,60,-0.10984
-1159.4,60,-0.10998
-1157.6,60,-0.11012
-1155.8,60,-0.11026
-1154,60,-0.1104
-1152.1,60,-0.11055
-1150.3,60,-0.11069
-1148.4,60,-0.11083
-1146.6,60,-0.11097
-1144.7,60,-0.11111
-1142.9,60,-0.11125
-1141,60,-0.11139
-1139.2,60,-0.11153
-1137.3,60,-0.11167
-1135.4,60,-0.11181
-1133.6,60,-0.11195
-1131.7,60,-0.11209
-1129.8,60,-0.11223
-1127.9,60,-0.11237
-1126.1,60,-0.11251
-1124.2,60,-0.11265
-1122.3,60,-0.11279
-1120.4,60,-0.11293
-1118.5,60,-0.11307
-1116.6,60,-0.11321
-1114.7,60,-0.11335
-1112.8,60,-0.11349
-1110.9,60,-0.11363
-1109,60,-0.11377
-1107.1,60,-0.1139
-1105.2,60,-0.11404
-1103.3,60,-0.11418
-1101.4,60,-0.11432
-1099.5,60,-0.11446
-1097.6,60,-0.1146
-1095.6,60,-0.11473
-1093.7,60,-0.11487
-1091.8,60,-0.11501
-1089.9,60,-0.11515
-1088,60,-0.11528
-1086.1,60,-0.11542
-1084.1,60,-0.11556
-1082.2,60,-0.11569
-1080.3,60,-0.11583
-1078.4,60,-0.11597
-1076.5,60,-0.1161
-1074.5,60,-0.11624
-1072.6,60,-0.11638
-1070.7,60,-0.11651
-1068.8,60,-0.11665
-1066.8,60,-0.11679
-1064.9,60,-0.11692
-1063,60,-0.11706
-1061.1,60,-0.11719
-1059.1,60,-0.11733
-1057.2,60,-0.11746
-1055.3,60,-0.1176
-1053.4,60,-0.11773
-1051.4,60,-0.11787
-1049.5,60,-0.118
-1047.6,60,-0.11814
-1045.7,60,-0.11827
-1043.8,60,-0.11841
-1041.8,60,-0.11854
-1039.9,60,-0.11867
-1038,60,-0.11881
-1036.1,60,-0.11894
-1034.2,60,-0.11908
-1032.2,60,-0.11921
-1030.3,60,-0.11934
-1028.4,60,-0.11948
-1026.5,60,-0.11961
-1024.6,60,-0.11974
-1022.7,60,-0.11988
-1020.8,60,-0.12001
-1018.8,60,-0.12014
-1016.9,60,-0.12027
-1015,60,-0.12041
-1013.1,60,-0.12054
-1011.2,60,-0.12067
-1009.3,60,-0.1208
-1007.4,60,-0.12093
-1005.5,60,-0.12107
-1003.6,60,-0.1212
-1001.7,60,-0.12133
-999.85,60,-0.12146
-997.96,60,-0.12159
-996.07,60,-0.12172
-994.18,60,-0.12185
-992.3,60,-0.12198
-990.42,60,-0.12211
-988.54,60,-0.12224
-986.66,60,-0.12238
-984.79,60,-0.12251
-982.92,60,-0.12264
-981.05,60,-0.12277
-979.18,60,-0.1229
-977.32,60,-0.12303
-975.46,60,-0.12315
-973.6,60,-0.12328
-971.74,60,-0.12341
-969.89,60,-0.12354
-968.04,60,-0.12367
-966.19,60,-0.1238
-964.35,60,-0.12393
-962.51,60,-0.12406
-960.67,60,-0.12419
-958.84,60,-0.12431
-957.01,60,-0.12444
-955.18,60,-0.12457
-953.35,60,-0.1247
-951.53,60,-0.12483
-949.71,60,-0.12495
-947.9,60,-0.12508
-946.09,60,-0.12521
-944.28,60,-0.12534
-942.48,60,-0.12546
-940.68,60,-0.12559
-938.88,60,-0.12572
-937.09,60,-0.12584
-935.3,60,-0.12597
-933.52,60,-0.1261
-931.74,60,-0.12622
-929.96,60,-0.12635
-928.19,60,-0.12648
-926.42,60,-0.1266
-924.65,60,-0.12673
-922.89,60,-0.12685
-921.14,60,-0.12698
-919.39,60,-0.1271
-917.64,60,-0.12723
-915.9,60,-0.12735
-914.16,60,-0.12748
-912.42,60,-0.1276
-910.69,60,-0.12773
-908.97,60,-0.12785
-907.25,60,-0.12798
-905.53,60,-0.1281
-903.82,60,-0.12823
-902.11,60,-0.12835
-900.41,60,-0.12847
-898.71,60,-0.1286
-897.02,60,-0.12872
-895.33,60,-0.12884
-893.65,60,-0.12897
-891.97,60,-0.12909
-890.3,60,-0.12921
-888.63,60,-0.12934
-886.97,60,-0.12946
-885.31,60,-0.12958
-883.66,60,-0.1297
-882.02,60,-0.12983
-880.37,60,-0.12995
-878.74,60,-0.13007
-877.11,60,-0.13019
-875.48,60,-0.13031
-873.86,60,-0.13043
-872.25,60,-0.13056
-870.64,60,-0.13068
-869.04,60,-0.1308
-867.44,60,-0.13092
-865.85,60,-0.13104
-864.26,60,-0.13116
-862.68,60,-0.13128
-861.11,60,-0.1314
-859.54,60,-0.13152
-857.97,60,-0.13164
-856.42,60,-0.13176
-854.87,60,-0.13188
-853.32,60,-0.132
-851.78,60,-0.13212
-850.25,60,-0.13224
-848.72,60,-0.13236
-847.2,60,-0.13248
-845.69,60,-0.1326
-844.18,60,-0.13272
-842.68,60,-0.13283
-841.18,60,-0.13295
-839.69,60,-0.13307
-838.21,60,-0.13319
-836.74,60,-0.13331
-835.27,60,-0.13343
-833.8,60,-0.13354
-832.35,60,-0.13366
-830.9,60,-0.13378
-829.46,60,-0.1339
-828.02,60,-0.13401
-826.59,60,-0.13413
-825.17,60,-0.13425
-823.76,60,-0.13436
-822.35,60,-0.13448
-820.95,60,-0.1346
-819.55,60,-0.13471
-818.17,60,-0.13483
-816.79,60,-0.13494
-815.41,60,-0.13506
-814.05,60,-0.13518
-812.69,60,-0.13529
-811.34,60,-0.13541
-810,60,-0.13552
-808.66,60,-0.13564
-807.33,60,-0.13575
-806.01,60,-0.13587
-804.7,60,-0.13598
-803.4,60,-0.1361
-802.1,60,-0.13621
-800.81,60,-0.13633
-799.53,60,-0.13644
-798.26,60,-0.13655
-796.99,60,-0.13667
-795.73,60,-0.13678
-794.48,60,-0.13689
-793.24,60,-0.13701
-792.01,60,-0.13712
-790.79,60,-0.13723
-789.57,60,-0.13735
-788.36,60,-0.13746
-787.16,60,-0.13757
-785.97,60,-0.13768
-784.79,60,-0.1378
-783.62,60,-0.13791
-782.45,60,-0.13802
-781.29,60,-0.13813
-780.15,60,-0.13824
-779.01,60,-0.13835
-777.88,60,-0.13847
-776.76,60,-0.13858
-775.65,60,-0.13869
-774.55,60,-0.1388
-773.46,60,-0.13891
-772.37,60,-0.13902
-771.3,60,-0.13913
-770.23,60,-0.13924
-769.18,60,-0.13935
-768.14,60,-0.13946
-767.1,60,-0.13957
-766.08,60,-0.13968
-765.06,60,-0.13979
-764.06,60,-0.1399
-763.06,60,-0.14001
-762.08,60,-0.14012
-761.1,60,-0.14023
-760.14,60,-0.14034
-759.18,60,-0.14044
-758.24,60,-0.14055
-757.31,60,-0.14066
-756.39,60,-0.14077
-755.48,60,-0.14088
-754.58,60,-0.14098
-753.69,60,-0.14109
-752.81,60,-0.1412
-751.94,60,-0.14131
-751.09,60,-0.14141
-750.25,60,-0.14152
-749.41,60,-0.14163
-748.59,60,-0.14174
-747.79,60,-0.14184
-746.99,60,-0.14195
-746.21,60,-0.14205
-745.44,60,-0.14216
-744.68,60,-0.14227
-743.93,60,-0.14237
-743.2,60,-0.14248
-742.48,60,-0.14258
-741.77,60,-0.14269
-741.07,60,-0.14279
-740.39,60,-0.1429
-739.72,60,-0.143
-739.07,60,-0.14311
-738.43,60,-0.14321
-737.8,60,-0.14332
-737.19,60,-0.14342
-736.59,60,-0.14353
-736.01,60,-0.14363
-735.44,60,-0.14373
-734.89,60,-0.14384
-734.35,60,-0.14394
-733.82,60,-0.14404
-733.31,60,-0.14415
-732.82,60,-0.14425
-732.34,60,-0.14435
-731.88,60,-0.14446
-731.44,60,-0.14456
-731.01,60,-0.14466
-730.6,60,-0.14476
-730.21,60,-0.14486
-729.83,60,-0.14497
-729.47,60,-0.14507
-729.13,60,-0.14517
-728.8,60,-0.14527
-728.5,60,-0.14537
-728.21,60,-0.14547
-727.95,60,-0.14557
-727.7,60,-0.14567
-727.47,60,-0.14578
-727.26,60,-0.14588
-727.07,60,-0.14598
-726.9,60,-0.14608
-726.76,60,-0.14618
-726.63,60,-0.14628
-726.53,60,-0.14638
-726.44,60,-0.14648
-726.38,60,-0.14657
-726.35,60,-0.14667
-726.33,60,-0.14677
-726.34,60,-0.14687
-726.38,60,-0.14697
-726.44,60,-0.14707
-726.52,60,-0.14717
-726.63,60,-0.14727
-726.76,60,-0.14736
-726.93,60,-0.14746
-727.12,60,-0.14756
-727.33,60,-0.14766
-727.58,60,-0.14775
-727.85,60,-0.14785
-728.15,60,-0.14795
-728.48,60,-0.14804
-728.85,60,-0.14814
-729.24,60,-0.14824
-729.67,60,-0.14833
-730.13,60,-0.14843
-730.62,60,-0.14853
-731.14,60,-0.14862
-731.71,60,-0.14872
-732.3,60,-0.14881
-732.93,60,-0.14891
-733.61,60,-0.149
-734.31,60,-0.1491
-735.06,60,-0.14919
-735.85,60,-0.14929
-736.68,60,-0.14938
-737.55,60,-0.14948
-738.46,60,-0.14957
-739.42,60,-0.14967
-740.42,60,-0.14976
-741.47,60,-0.14985
-742.57,60,-0.14995
-743.72,60,-0.15004
-744.91,60,-0.15013
-746.16,60,-0.15023
-747.46,60,-0.15032
-748.82,60,-0.15041
-750.23,60,-0.15051
-751.7,60,-0.1506
-753.22,60,-0.15069
-754.81,60,-0.15078
-756.46,60,-0.15088
-758.18,60,-0.15097
-759.96,60,-0.15106
-761.81,60,-0.15115
-763.73,60,-0.15124
-765.72,60,-0.15133
-767.78,60,-0.15142
-769.92,60,-0.15151
-772.14,60,-0.1516
-774.44,60,-0.1517
-776.83,60,-0.15179
-779.3,60,-0.15188
-781.87,60,-0.15197
-784.52,60,-0.15206
-787.27,60,-0.15215
-790.12,60,-0.15223
-793.07,60,-0.15232
-796.12,60,-0.15241
-799.29,60,-0.1525
-802.56,60,-0.15259
-805.95,60,-0.15268
-809.47,60,-0.15277
-813.1,60,-0.15286
-816.87,60,-0.15294
-820.77,60,-0.15303
-824.81,60,-0.15312
-829,60,-0.15321
-833.33,60,-0.1533
-837.81,60,-0.15338
-842.46,60,-0.15347
-847.28,60,-0.15356
-852.26,60,-0.15364
-857.43,60,-0.15373
-862.79,60,-0.15382
-868.34,60,-0.1539
-874.09,60,-0.15399
-880.05,60,-0.15407
-886.23,60,-0.15416
-892.64,60,-0.15425
-899.28,60,-0.15433
-906.18,60,-0.15442
-913.33,60,-0.1545
-920.75,60,-0.15459
-928.45,60,-0.15467
-936.45,60,-0.15476
-944.75,60,-0.15484
-953.37,60,-0.15492
-962.33,60,-0.15501
-971.64,60,-0.15509
-981.31,60,-0.15518
-991.37,60,-0.15526
-1001.8,60,-0.15534
-1012.7,60,-0.15543
-1024,60,-0.15551
-1035.8,60,-0.15559
-1048.1,60,-0.15568
-1060.8,60,-0.15576
-1074.1,60,-0.15584
-1088,60,-0.15592
-1102.5,60,-0.156
-1117.6,60,-0.15609
-1133.3,60,-0.15617
-1149.7,60,-0.15625
-1166.9,60,-0.15633
-1184.8,60,-0.15641
-1203.5,60,-0.15649
-1223.1,60,-0.15657
-1243.5,60,-0.15665
-1264.9,60,-0.15674
-1287.3,60,-0.15682
-1310.8,60,-0.1569
-1335.4,60,-0.15698
-1361.2,60,-0.15706
-1388.2,60,-0.15714
-1416.6,60,-0.15721
-1446.3,60,-0.15729
-1477.6,60,-0.15737
-1510.4,60,-0.15745
-1545,60,-0.15753
-1581.3,60,-0.15761
-1619.5,60,-0.15769
-1659.8,60,-0.15777
-1702.2,60,-0.15784
-1746.9,60,-0.15792
-1794,60,-0.158
-1843.7,60,-0.15808
-1896.2,60,-0.15815
-1951.6,60,-0.15823
-2010.2,60,-0.15831
-2072.1,60,-0.15839
-2137.6,60,-0.15846
-2206.8,60,-0.15854
-2280.1,60,-0.15862
-2357.7,60,-0.15869
-2439.8,60,-0.15877
-2526.8,60,-0.15884
-2619,60,-0.15892
-2721.1,60,-0.15899
-2840.3,60,-0.15907
-2966.1,60,-0.15915
-3097.8,60,-0.15922
-3235.5,60,-0.15929
-3379.2,60,-0.15937
-3529,60,-0.15944
-3684.8,60,-0.15952
-3846.7,60,-0.15959
-4014.6,60,-0.15967
-4188.3,60,-0.15974
-4367.8,60,-0.15981
-4552.7,60,-0.15989
-4742.8,60,-0.15996
-4937.7,60,-0.16003
-5136.8,60,-0.16011
-5339.6,60,-0.16018
-5545.3,60,-0.16025
-5753.3,60,-0.16032
-5969,60,-0.1604
-6200.9,60,-0.16047
-6429.4,60,-0.16054
-6651.3,60,-0.16061
-6863.9,60,-0.16068
-7064.4,60,-0.16075
-7249.6,60,-0.16082
-7416.2,60,-0.1609
-7561.1,60,-0.16097
-7681.5,60,-0.16104
-7774.7,60,-0.16111
-7838.8,60,-0.16118
-7872.8,60,-0.16125
-7875.9,60,-0.16132
-7848.7,60,-0.16139
-7792.1,60,-0.16146
-7707.9,60,-0.16153
-7598.6,60,-0.16159
-7467,60,-0.16166
-7316.1,60,-0.16173
-7149.2,60,-0.1618
-6969.6,60,-0.16187
-6780.4,60,-0.16194
-6584.4,60,-0.16201
-6384.3,60,-0.16207
-6182.4,60,-0.16214
-5980.6,60,-0.16221
-5780.6,60,-0.16228
-5583.7,60,-0.16234
-5390.9,60,-0.16241
-5203.1,60,-0.16248
-5020.7,60,-0.16254
-4844.2,60,-0.16261
-4673.8,60,-0.16268
-4509.6,60,-0.16274
-4351.8,60,-0.16281
-4200.1,60,-0.16287
-4054.5,60,-0.16294
-3914.9,60,-0.16301
-3781,60,-0.16307
-3652.7,60,-0.16314
-3529.7,60,-0.1632
-3411.8,60,-0.16327
-3298.8,60,-0.16333
-3190.5,60,-0.16339
-3086.5,60,-0.16346
-2986.8,60,-0.16352
-2891.1,60,-0.16359
-2799.1,60,-0.16365
-2710.8,60,-0.16371
-2625.9,60,-0.16378
-2544.2,60,-0.16384
-2465.7,60,-0.1639
-2390,60,-0.16397
-2317.2,60,-0.16403
-2247,60,-0.16409
-2179.3,60,-0.16415
-2114,60,-0.16421
-2050.9,60,-0.16428
-1990.1,60,-0.16434
-1931.3,60,-0.1644
-1874.4,60,-0.16446
-1819.4,60,-0.16452
-1766.3,60,-0.16458
-1714.8,60,-0.16464
-1664.9,60,-0.1647
-1616.6,60,-0.16476
-1569.8,60,-0.16482
-1524.4,60,-0.16488
-1480.4,60,-0.16494
-1437.7,60,-0.165
-1396.3,60,-0.16506
-1356,60,-0.16512
-1316.9,60,-0.16518
-1278.9,60,-0.16524
-1242,60,-0.1653
-1206.1,60,-0.16536
-1171.1,60,-0.16542
-1137.1,60,-0.16547
-1104,60,-0.16553
-1071.8,60,-0.16559
-1040.5,60,-0.16565
-1009.9,60,-0.16571
-980.13,60,-0.16576
-951.11,60,-0.16582
-922.82,60,-0.16588
-895.23,60,-0.16593
-868.32,60,-0.16599
-842.06,60,-0.16605
-816.44,60,-0.1661
-791.44,60,-0.16616
-767.02,60,-0.16622
-743.18,60,-0.16627
-719.9,60,-0.16633
-697.15,60,-0.16638
-674.92,60,-0.16644
-653.2,60,-0.16649
-631.96,60,-0.16655
-611.2,60,-0.1666
-590.9,60,-0.16666
-571.05,60,-0.16671
-551.63,60,-0.16676
-532.63,60,-0.16682
-514.04,60,-0.16687
-495.85,60,-0.16692
-478.04,60,-0.16698
-460.6,60,-0.16703
-443.53,60,-0.16708
-426.81,60,-0.16714
-410.44,60,-0.16719
-394.41,60,-0.16724
-378.7,60,-0.16729
-363.3,60,-0.16735
-348.22,60,-0.1674
-333.44,60,-0.16745
-318.95,60,-0.1675
-304.75,60,-0.16755
-290.82,60,-0.1676
-277.17,60,-0.16765
-263.78,60,-0.1677
-250.66,60,-0.16776
-237.78,60,-0.16781
-225.15,60,-0.16786
-212.76,60,-0.16791
-200.61,60,-0.16796
-188.68,60,-0.168
-176.98,60,-0.16805
-165.49,60,-0.1681
-154.22,60,-0.16815
-143.16,60,-0.1682
-132.31,60,-0.16825
-121.65,60,-0.1683
-111.18,60,-0.16835
-100.91,60,-0.1684
-90.827,60,-0.16844
-80.924,60,-0.16849
-71.199,60,-0.16854
-61.649,60,-0.16859
-52.271,60,-0.16863
-43.06,60,-0.16868
-34.013,60,-0.16873
-25.127,60,-0.16877
-16.398,60,-0.16882
-7.8231,60,-0.16887
0.60043,60,-0.16891
8.8758,60,-0.16896
17.006,60,-0.169
24.994,60,-0.16905
32.842,60,-0.1691
40.554,60,-0.16914
48.131,60,-0.16919
55.577,60,-0.16923
62.893,60,-0.16927
70.083,60,-0.16932
77.148,60,-0.16936
84.091,60,-0.16941
90.915,60,-0.16945
97.621,60,-0.16949
104.21,60,-0.16954
110.69,60,-0.16958
117.05,60,-0.16962
123.31,60,-0.16967
129.46,60,-0.16971
135.5,60,-0.16975
141.44,60,-0.1698
147.28,60,-0.16984
153.02,60,-0.16988
158.66,60,-0.16992
164.2,60,-0.16996
169.65,60,-0.17
175,60,-0.17005
180.27,60,-0.17009
185.44,60,-0.17013
190.52,60,-0.17017
195.52,60,-0.17021
200.43,60,-0.17025
205.25,60,-0.17029
210,60,-0.17033
214.66,60,-0.17037
219.24,60,-0.17041
223.74,60,-0.17045
228.16,60,-0.17049
232.51,60,-0.17053
236.78,60,-0.17057
240.98,60,-0.1706
245.11,60,-0.17064
249.16,60,-0.17068
253.14,60,-0.17072
257.05,60,-0.17076
260.9,60,-0.17079
264.68,60,-0.17083
268.39,60,-0.17087
272.03,60,-0.17091
275.61,60,-0.17094
279.13,60,-0.17098
282.59,60,-0.17102
285.98,60,-0.17105
289.31,60,-0.17109
292.59,60,-0.17113
295.8,60,-0.17116
298.96,60,-0.1712
302.06,60,-0.17123
305.11,60,-0.17127
308.1,60,-0.1713
311.04,60,-0.17134
313.92,60,-0.17137
316.75,60,-0.17141
319.53,60,-0.17144
322.25,60,-0.17148
324.93,60,-0.17151
327.56,60,-0.17154
330.14,60,-0.17158
332.67,60,-0.17161
335.15,60,-0.17164
337.59,60,-0.17168
339.98,60,-0.17171
342.32,60,-0.17174
344.62,60,-0.17177
346.88,60,-0.17181
349.09,60,-0.17184
351.26,60,-0.17187
353.39,60,-0.1719
355.48,60,-0.17193
357.53,60,-0.17197
359.53,60,-0.172
361.5,60,-0.17203
363.43,60,-0.17206
365.32,60,-0.17209
367.17,60,-0.17212
368.98,60,-0.17215
370.76,60,-0.17218
372.5,60,-0.17221
374.2,60,-0.17224
375.87,60,-0.17227
377.51,60,-0.1723
379.11,60,-0.17233
380.68,60,-0.17236
382.21,60,-0.17238
383.71,60,-0.17241
385.18,60,-0.17244
386.62,60,-0.17247
388.02,60,-0.1725
389.4,60,-0.17252
390.74,60,-0.17255
392.05,60,-0.17258
393.34,60,-0.17261
394.59,60,-0.17263
395.82,60,-0.17266
397.02,60,-0.17269
398.18,60,-0.17271
399.33,60,-0.17274
400.44,60,-0.17277
401.53,60,-0.17279
402.59,60,-0.17282
403.62,60,-0.17284
404.63,60,-0.17287
405.62,60,-0.17289
406.58,60,-0.17292
407.51,60,-0.17294
408.42,60,-0.17297
409.31,60,-0.17299
410.17,60,-0.17302
411.01,60,-0.17304
411.82,60,-0.17306
412.61,60,-0.17309
413.38,60,-0.17311
414.13,60,-0.17313
414.86,60,-0.17316
415.56,60,-0.17318
416.25,60,-0.1732
416.91,60,-0.17322
417.55,60,-0.17325
418.17,60,-0.17327
418.77,60,-0.17329
419.35,60,-0.17331
419.91,60,-0.17333
420.45,60,-0.17336
420.98,60,-0.17338
421.48,60,-0.1734
421.97,60,-0.17342
422.43,60,-0.17344
422.88,60,-0.17346
423.31,60,-0.17348
423.73,60,-0.1735
424.12,60,-0.17352
424.5,60,-0.17354
424.86,60,-0.17356
425.21,60,-0.17358
425.53,60,-0.1736
425.85,60,-0.17361
426.14,60,-0.17363
426.42,60,-0.17365
426.69,60,-0.17367
426.94,60,-0.17369
427.17,60,-0.17371
427.39,60,-0.17372
427.59,60,-0.17374
427.78,60,-0.17376
427.95,60,-0.17378
428.11,60,-0.17379
428.26,60,-0.17381
428.39,60,-0.17383
428.51,60,-0.17384
428.61,60,-0.17386
428.7,60,-0.17387
428.78,60,-0.17389
428.85,60,-0.17391
428.9,60,-0.17392
428.94,60,-0.17394
428.96,60,-0.17395
428.98,60,-0.17397
428.98,60,-0.17398
428.97,60,-0.17399
428.95,60,-0.17401
428.91,60,-0.17402
428.87,60,-0.17404
428.81,60,-0.17405
428.74,60,-0.17406
428.66,60,-0.17408
428.57,60,-0.17409
428.47,60,-0.1741
428.36,60,-0.17412
428.23,60,-0.17413
428.1,60,-0.17414
427.96,60,-0.17415
427.8,60,-0.17417
427.64,60,-0.17418
427.46,60,-0.17419
427.28,60,-0.1742
427.09,60,-0.17421
426.88,60,-0.17422
426.67,60,-0.17423
426.45,60,-0.17424
426.22,60,-0.17425
425.98,60,-0.17426
425.73,60,-0.17427
425.47,60,-0.17428
425.21,60,-0.17429
424.93,60,-0.1743
424.65,60,-0.17431
424.36,60,-0.17432
424.06,60,-0.17433
423.75,60,-0.17434
423.43,60,-0.17435
423.11,60,-0.17436
422.78,60,-0.17436
422.44,60,-0.17437
422.09,60,-0.17438
421.74,60,-0.17439
421.37,60,-0.17439
421.01,60,-0.1744
420.63,60,-0.17441
420.25,60,-0.17442
419.85,60,-0.17442
419.46,60,-0.17443
419.05,60,-0.17443
418.64,60,-0.17444
418.22,60,-0.17445
417.8,60,-0.17445
417.37,60,-0.17446
416.93,60,-0.17446
416.49,60,-0.17447
416.04,60,-0.17447
415.58,60,-0.17448
415.12,60,-0.17448
414.65,60,-0.17449
414.18,60,-0.17449
413.7,60,-0.17449
413.21,60,-0.1745
412.72,60,-0.1745
412.23,60,-0.17451
411.72,60,-0.17451
411.22,60,-0.17451
410.7,60,-0.17451
410.19,60,-0.17452
409.66,60,-0.17452
409.13,60,-0.17452
408.6,60,-0.17452
408.06,60,-0.17453
407.52,60,-0.17453
406.97,60,-0.17453
406.42,60,-0.17453
405.86,60,-0.17453
405.3,60,-0.17453
404.73,60,-0.17453
404.16,60,-0.17453
403.58,60,-0.17453
403,60,-0.17453
402.41,60,-0.17453
401.82,60,-0.17453
401.23,60,-0.17453
400.63,60,-0.17453
400.03,60,-0.17453
399.42,60,-0.17453
398.81,60,-0.17453
398.2,60,-0.17453
397.58,60,-0.17453
396.96,60,-0.17452
396.33,60,-0.17452
395.7,60,-0.17452
395.07,60,-0.17452
394.43,60,-0.17451
393.79,60,-0.17451
393.15,60,-0.17451
392.5,60,-0.17451
391.85,60,-0.1745
391.19,60,-0.1745
390.53,60,-0.17449
389.87,60,-0.17449
389.21,60,-0.17449
388.54,60,-0.17448
387.87,60,-0.17448
387.19,60,-0.17447
386.51,60,-0.17447
385.83,60,-0.17446
385.15,60,-0.17446
384.46,60,-0.17445
383.77,60,-0.17445
383.08,60,-0.17444
382.38,60,-0.17443
381.68,60,-0.17443
380.98,60,-0.17442
380.28,60,-0.17442
379.57,60,-0.17441
378.86,60,-0.1744
378.15,60,-0.17439
377.43,60,-0.17439
376.71,60,-0.17438
375.99,60,-0.17437
375.27,60,-0.17436
374.55,60,-0.17436
373.82,60,-0.17435
373.09,60,-0.17434
372.36,60,-0.17433
371.62,60,-0.17432
370.88,60,-0.17431
370.14,60,-0.1743
369.4,60,-0.17429
368.66,60,-0.17428
367.91,60,-0.17427
367.17,60,-0.17426
366.42,60,-0.17425
365.66,60,-0.17424
364.91,60,-0.17423
364.15,60,-0.17422
363.39,60,-0.17421
362.63,60,-0.1742
361.87,60,-0.17419
361.11,60,-0.17418
360.34,60,-0.17417
359.57,60,-0.17415
358.8,60,-0.17414
358.03,60,-0.17413
357.26,60,-0.17412
356.49,60,-0.1741
355.71,60,-0.17409
354.93,60,-0.17408
354.15,60,-0.17406
353.37,60,-0.17405
352.59,60,-0.17404
351.8,60,-0.17402
351.02,60,-0.17401
350.23,60,-0.17399
349.44,60,-0.17398
348.65,60,-0.17397
347.86,60,-0.17395
347.07,60,-0.17394
346.27,60,-0.17392
345.48,60,-0.17391
344.68,60,-0.17389
343.88,60,-0.17387
343.08,60,-0.17386
342.28,60,-0.17384
341.48,60,-0.17383
340.68,60,-0.17381
339.88,60,-0.17379
339.07,60,-0.17378
338.27,60,-0.17376
337.46,60,-0.17374
336.65,60,-0.17372
335.84,60,-0.17371
335.03,60,-0.17369
334.22,60,-0.17367
333.41,60,-0.17365
332.6,60,-0.17363
331.78,60,-0.17361
330.97,60,-0.1736
330.15,60,-0.17358
329.34,60,-0.17356
328.52,60,-0.17354
327.7,60,-0.17352
326.88,60,-0.1735
326.07,60,-0.17348
325.25,60,-0.17346
324.43,60,-0.17344
323.61,60,-0.17342
322.78,60,-0.1734
321.96,60,-0.17338
321.14,60,-0.17336
320.32,60,-0.17333
319.49,60,-0.17331
318.67,60,-0.17329
317.85,60,-0.17327
317.02,60,-0.17325
316.2,60,-0.17322
315.37,60,-0.1732
314.54,60,-0.17318
313.72,60,-0.17316
312.89,60,-0.17313
312.06,60,-0.17311
311.24,60,-0.17309
310.41,60,-0.17306
309.58,60,-0.17304
308.75,60,-0.17302
307.93,60,-0.17299
307.1,60,-0.17297
306.27,60,-0.17294
305.44,60,-0.17292
304.61,60,-0.17289
303.79,60,-0.17287
302.96,60,-0.17284
302.13,60,-0.17282
301.3,60,-0.17279
300.47,60,-0.17277
299.65,60,-0.17274
298.82,60,-0.17271
297.99,60,-0.17269
297.16,60,-0.17266
296.33,60,-0.17263
295.51,60,-0.17261
294.68,60,-0.17258
293.85,60,-0.17255
293.03,60,-0.17252
292.2,60,-0.1725
291.37,60,-0.17247
290.55,60,-0.17244
289.72,60,-0.17241
288.9,60,-0.17238
288.07,60,-0.17236
287.25,60,-0.17233
286.43,60,-0.1723
285.6,60,-0.17227
284.78,60,-0.17224
283.96,60,-0.17221
283.14,60,-0.17218
282.32,60,-0.17215
281.5,60,-0.17212
280.68,60,-0.17209
279.86,60,-0.17206
279.04,60,-0.17203
278.22,60,-0.172
277.41,60,-0.17197
276.59,60,-0.17193
275.77,60,-0.1719
274.96,60,-0.17187
274.15,60,-0.17184
273.33,60,-0.17181
272.52,60,-0.17177
271.71,60,-0.17174
270.9,60,-0.17171
270.09,60,-0.17168
269.28,60,-0.17164
268.47,60,-0.17161
267.67,60,-0.17158
266.86,60,-0.17154
266.06,60,-0.17151
265.26,60,-0.17148
264.45,60,-0.17144
263.65,60,-0.17141
262.85,60,-0.17137
262.06,60,-0.17134
261.26,60,-0.1713
260.46,60,-0.17127
259.67,60,-0.17123
258.87,60,-0.1712
258.08,60,-0.17116
257.29,60,-0.17113
256.5,60,-0.17109
255.72,60,-0.17105
254.93,60,-0.17102
254.14,60,-0.17098
253.36,60,-0.17094
252.58,60,-0.17091
251.8,60,-0.17087
251.02,60,-0.17083
250.24,60,-0.17079
249.47,60,-0.17076
248.69,60,-0.17072
247.92,60,-0.17068
247.15,60,-0.17064
246.38,60,-0.1706
245.61,60,-0.17057
244.85,60,-0.17053
244.08,60,-0.17049
243.32,60,-0.17045
242.56,60,-0.17041
241.8,60,-0.17037
241.05,60,-0.17033
240.29,60,-0.17029
239.54,60,-0.17025
238.79,60,-0.17021
238.04,60,-0.17017
237.3,60,-0.17013
236.55,60,-0.17009
235.81,60,-0.17005
235.07,60,-0.17
234.33,60,-0.16996
233.59,60,-0.16992
232.86,60,-0.16988
232.13,60,-0.16984
231.4,60,-0.1698
230.67,60,-0.16975
229.95,60,-0.16971
229.23,60,-0.16967
228.51,60,-0.16962
227.79,60,-0.16958
227.07,60,-0.16954
226.36,60,-0.16949
225.65,60,-0.16945
224.94,60,-0.16941
224.24,60,-0.16936
223.54,60,-0.16932
222.84,60,-0.16927
222.14,60,-0.16923
221.44,60,-0.16919
220.75,60,-0.16914
220.06,60,-0.1691
219.37,60,-0.16905
218.69,60,-0.169
218.01,60,-0.16896
217.33,60,-0.16891
216.65,60,-0.16887
215.98,60,-0.16882
215.31,60,-0.16877
214.64,60,-0.16873
213.98,60,-0.16868
213.32,60,-0.16863
212.66,60,-0.16859
212,60,-0.16854
211.35,60,-0.16849
210.7,60,-0.16844
210.05,60,-0.1684
209.41,60,-0.16835
208.77,60,-0.1683
208.13,60,-0.16825
207.5,60,-0.1682
206.87,60,-0.16815
206.24,60,-0.1681
205.62,60,-0.16805
205,60,-0.168
204.38,60,-0.16796
203.77,60,-0.16791
203.15,60,-0.16786
202.55,60,-0.16781
201.94,60,-0.16776
201.34,60,-0.1677
200.75,60,-0.16765
200.15,60,-0.1676
199.56,60,-0.16755
198.98,60,-0.1675
198.39,60,-0.16745
197.81,60,-0.1674
197.24,60,-0.16735
196.66,60,-0.16729
196.1,60,-0.16724
195.53,60,-0.16719
194.97,60,-0.16714
194.41,60,-0.16708
193.86,60,-0.16703
193.31,60,-0.16698
192.76,60,-0.16692
192.22,60,-0.16687
191.68,60,-0.16682
191.15,60,-0.16676
190.62,60,-0.16671
190.09,60,-0.16666
189.57,60,-0.1666
189.05,60,-0.16655
188.54,60,-0.16649
188.03,60,-0.16644
187.52,60,-0.16638
187.02,60,-0.16633
186.52,60,-0.16627
186.03,60,-0.16622
185.54,60,-0.16616
185.05,60,-0.1661
184.57,60,-0.16605
184.09,60,-0.16599
183.62,60,-0.16593
183.15,60,-0.16588
182.69,60,-0.16582
182.23,60,-0.16576
181.77,60,-0.16571
181.32,60,-0.16565
180.87,60,-0.16559
180.43,60,-0.16553
179.99,60,-0.16547
179.56,60,-0.16542
179.13,60,-0.16536
178.71,60,-0.1653
178.29,60,-0.16524
177.87,60,-0.16518
177.46,60,-0.16512
177.05,60,-0.16506
176.65,60,-0.165
176.25,60,-0.16494
175.86,60,-0.16488
175.48,60,-0.16482
175.09,60,-0.16476
174.71,60,-0.1647
174.34,60,-0.16464
173.97,60,-0.16458
173.61,60,-0.16452
173.25,60,-0.16446
172.9,60,-0.1644
172.55,60,-0.16434
172.2,60,-0.16428
171.86,60,-0.16421
171.53,60,-0.16415
171.2,60,-0.16409
170.87,60,-0.16403
170.55,60,-0.16397
170.24,60,-0.1639
169.93,60,-0.16384
169.62,60,-0.16378
169.32,60,-0.16371
169.03,60,-0.16365
168.74,60,-0.16359
168.45,60,-0.16352
168.18,60,-0.16346
167.9,60,-0.16339
167.63,60,-0.16333
167.37,60,-0.16327
167.11,60,-0.1632
166.86,60,-0.16314
166.61,60,-0.16307
166.36,60,-0.16301
166.13,60,-0.16294
165.89,60,-0.16287
165.67,60,-0.16281
165.45,60,-0.16274
165.23,60,-0.16268
165.02,60,-0.16261
164.81,60,-0.16254
164.61,60,-0.16248
164.42,60,-0.16241
164.23,60,-0.16234
164.04,60,-0.16228
163.86,60,-0.16221
163.69,60,-0.16214
163.52,60,-0.16207
163.36,60,-0.16201
163.2,60,-0.16194
163.05,60,-0.16187
162.9,60,-0.1618
162.76,60,-0.16173
162.63,60,-0.16166
162.5,60,-0.16159
162.38,60,-0.16153
162.26,60,-0.16146
162.14,60,-0.16139
162.04,60,-0.16132
161.94,60,-0.16125
161.84,60,-0.16118
161.75,60,-0.16111
161.66,60,-0.16104
161.59,60,-0.16097
161.51,60,-0.1609
161.44,60,-0.16082
161.38,60,-0.16075
161.33,60,-0.16068
161.28,60,-0.16061
161.23,60,-0.16054
161.19,60,-0.16047
161.16,60,-0.1604
161.13,60,-0.16032
161.11,60,-0.16025
161.09,60,-0.16018
161.08,60,-0.16011
161.08,60,-0.16003
161.08,60,-0.15996
161.09,60,-0.15989
161.1,60,-0.15981
161.12,60,-0.15974
161.14,60,-0.15967
161.17,60,-0.15959
161.21,60,-0.15952
161.25,60,-0.15944
161.3,60,-0.15937
161.35,60,-0.15929
161.41,60,-0.15922
161.47,60,-0.15915
161.55,60,-0.15907
161.62,60,-0.15899
161.71,60,-0.15892
161.79,60,-0.15884
161.89,60,-0.15877
161.99,60,-0.15869
162.1,60,-0.15862
162.21,60,-0.15854
162.33,60,-0.15846
162.45,60,-0.15839
162.58,60,-0.15831
162.72,60,-0.15823
162.86,60,-0.15815
163,60,-0.15808
163.16,60,-0.158
163.32,60,-0.15792
163.48,60,-0.15784
163.65,60,-0.15777
163.83,60,-0.15769
164.01,60,-0.15761
164.2,60,-0.15753
164.4,60,-0.15745
164.6,60,-0.15737
164.81,60,-0.15729
165.02,60,-0.15721
165.24,60,-0.15714
165.46,60,-0.15706
165.69,60,-0.15698
165.93,60,-0.1569
166.17,60,-0.15682
166.42,60,-0.15674
166.67,60,-0.15665
166.93,60,-0.15657
167.2,60,-0.15649
167.47,60,-0.15641
167.75,60,-0.15633
168.03,60,-0.15625
168.32,60,-0.15617
168.62,60,-0.15609
168.92,60,-0.156
169.23,60,-0.15592
169.54,60,-0.15584
169.86,60,-0.15576
170.19,60,-0.15568
170.52,60,-0.15559
170.85,60,-0.15551
171.2,60,-0.15543
171.54,60,-0.15534
171.9,60,-0.15526
172.26,60,-0.15518
172.63,60,-0.15509
173,60,-0.15501
173.37,60,-0.15492
173.76,60,-0.15484
174.15,60,-0.15476
174.54,60,-0.15467
174.94,60,-0.15459
175.35,60,-0.1545
175.76,60,-0.15442
176.18,60,-0.15433
176.61,60,-0.15425
177.04,60,-0.15416
177.47,60,-0.15407
177.91,60,-0.15399
178.36,60,-0.1539
178.81,60,-0.15382
179.27,60,-0.15373
179.74,60,-0.15364
180.21,60,-0.15356
180.68,60,-0.15347
181.16,60,-0.15338
181.65,60,-0.1533
182.14,60,-0.15321
182.64,60,-0.15312
183.15,60,-0.15303
183.66,60,-0.15294
184.17,60,-0.15286
184.69,60,-0.15277
185.22,60,-0.15268
185.75,60,-0.15259
186.29,60,-0.1525
186.84,60,-0.15241
187.38,60,-0.15232
187.94,60,-0.15223
188.5,60,-0.15215
189.07,60,-0.15206
189.64,60,-0.15197
190.21,60,-0.15188
190.8,60,-0.15179
191.38,60,-0.1517
191.98,60,-0.1516
192.58,60,-0.15151
193.18,60,-0.15142
193.79,60,-0.15133
194.41,60,-0.15124
195.03,60,-0.15115
195.65,60,-0.15106
196.28,60,-0.15097
196.92,60,-0.15088
197.56,60,-0.15078
198.21,60,-0.15069
198.86,60,-0.1506
199.52,60,-0.15051
200.18,60,-0.15041
200.85,60,-0.15032
201.53,60,-0.15023
202.21,60,-0.15013
202.89,60,-0.15004
203.58,60,-0.14995
204.27,60,-0.14985
204.97,60,-0.14976
205.68,60,-0.14967
206.39,60,-0.14957
207.11,60,-0.14948
207.83,60,-0.14938
208.55,60,-0.14929
209.28,60,-0.14919
210.02,60,-0.1491
210.76,60,-0.149
211.51,60,-0.14891
212.26,60,-0.14881
213.01,60,-0.14872
213.77,60,-0.14862
214.54,60,-0.14853
215.31,60,-0.14843
216.09,60,-0.14833
216.87,60,-0.14824
217.65,60,-0.14814
218.45,60,-0.14804
219.24,60,-0.14795
220.04,60,-0.14785
220.85,60,-0.14775
221.66,60,-0.14766
222.47,60,-0.14756
223.29,60,-0.14746
224.12,60,-0.14736
224.95,60,-0.14727
225.78,60,-0.14717
226.62,60,-0.14707
227.46,60,-0.14697
228.31,60,-0.14687
229.16,60,-0.14677
230.02,60,-0.14667
230.88,60,-0.14657
231.75,60,-0.14648
232.62,60,-0.14638
233.5,60,-0.14628
234.38,60,-0.14618
235.26,60,-0.14608
236.15,60,-0.14598
237.04,60,-0.14588
237.94,60,-0.14578
238.85,60,-0.14567
239.75,60,-0.14557
240.66,60,-0.14547
241.58,60,-0.14537
242.5,60,-0.14527
243.43,60,-0.14517
244.35,60,-0.14507
245.29,60,-0.14497
246.23,60,-0.14486
247.17,60,-0.14476
248.11,60,-0.14466
249.06,60,-0.14456
250.02,60,-0.14446
250.98,60,-0.14435
251.94,60,-0.14425
252.91,60,-0.14415
253.88,60,-0.14404
254.85,60,-0.14394
255.83,60,-0.14384
256.82,60,-0.14373
257.81,60,-0.14363
258.8,60,-0.14353
259.79,60,-0.14342
260.79,60,-0.14332
261.8,60,-0.14321
262.8,60,-0.14311
263.82,60,-0.143
264.83,60,-0.1429
265.85,60,-0.14279
266.87,60,-0.14269
267.9,60,-0.14258
268.93,60,-0.14248
269.97,60,-0.14237
271.01,60,-0.14227
272.05,60,-0.14216
273.09,60,-0.14205
274.14,60,-0.14195
275.2,60,-0.14184
276.26,60,-0.14174
277.32,60,-0.14163
278.38,60,-0.14152
279.45,60,-0.14141
280.52,60,-0.14131
281.6,60,-0.1412
282.68,60,-0.14109
283.76,60,-0.14098
284.85,60,-0.14088
285.93,60,-0.14077
287.03,60,-0.14066
288.12,60,-0.14055
289.22,60,-0.14044
290.33,60,-0.14034
291.44,60,-0.14023
292.55,60,-0.14012
293.66,60,-0.14001
294.78,60,-0.1399
295.9,60,-0.13979
297.02,60,-0.13968
298.15,60,-0.13957
299.28,60,-0.13946
300.41,60,-0.13935
301.55,60,-0.13924
302.69,60,-0.13913
303.83,60,-0.13902
304.98,60,-0.13891
306.13,60,-0.1388
307.28,60,-0.13869
308.44,60,-0.13858
309.6,60,-0.13847
310.76,60,-0.13835
311.93,60,-0.13824
313.09,60,-0.13813
314.27,60,-0.13802
315.44,60,-0.13791
316.62,60,-0.1378
317.8,60,-0.13768
318.98,60,-0.13757
320.17,60,-0.13746
321.36,60,-0.13735
322.55,60,-0.13723
323.74,60,-0.13712
324.94,60,-0.13701
326.14,60,-0.13689
327.35,60,-0.13678
328.55,60,-0.13667
329.76,60,-0.13655
330.97,60,-0.13644
332.19,60,-0.13633
333.41,60,-0.13621
334.63,60,-0.1361
335.85,60,-0.13598
337.08,60,-0.13587
338.3,60,-0.13575
339.54,60,-0.13564
340.77,60,-0.13552
342.01,60,-0.13541
343.24,60,-0.13529
344.49,60,-0.13518
345.73,60,-0.13506
346.98,60,-0.13494
348.23,60,-0.13483
349.48,60,-0.13471
350.73,60,-0.1346
351.99,60,-0.13448
353.25,60,-0.13436
354.51,60,-0.13425
355.78,60,-0.13413
357.04,60,-0.13401
358.31,60,-0.1339
359.58,60,-0.13378
360.86,60,-0.13366
362.13,60,-0.13354
363.41,60,-0.13343
364.69,60,-0.13331
365.98,60,-0.13319
367.26,60,-0.13307
368.55,60,-0.13295
369.84,60,-0.13283
371.13,60,-0.13272
372.43,60,-0.1326
373.73,60,-0.13248
375.03,60,-0.13236
376.33,60,-0.13224
377.63,60,-0.13212
378.94,60,-0.132
380.25,60,-0.13188
381.56,60,-0.13176
382.87,60,-0.13164
384.18,60,-0.13152
385.5,60,-0.1314
386.82,60,-0.13128
388.14,60,-0.13116
389.46,60,-0.13104
390.79,60,-0.13092
392.12,60,-0.1308
393.45,60,-0.13068
394.78,60,-0.13056
396.11,60,-0.13043
397.45,60,-0.13031
398.79,60,-0.13019
400.13,60,-0.13007
401.47,60,-0.12995
402.81,60,-0.12983
404.16,60,-0.1297
405.5,60,-0.12958
406.85,60,-0.12946
408.21,60,-0.12934
409.56,60,-0.12921
410.91,60,-0.12909
412.27,60,-0.12897
413.63,60,-0.12884
414.99,60,-0.12872
416.36,60,-0.1286
417.72,60,-0.12847
419.09,60,-0.12835
420.46,60,-0.12823
421.83,60,-0.1281
423.2,60,-0.12798
424.57,60,-0.12785
425.95,60,-0.12773
427.33,60,-0.1276
428.71,60,-0.12748
430.09,60,-0.12735
431.47,60,-0.12723
432.86,60,-0.1271
434.24,60,-0.12698
435.63,60,-0.12685
437.02,60,-0.12673
438.41,60,-0.1266
439.81,60,-0.12648
441.2,60,-0.12635
442.6,60,-0.12622
444,60,-0.1261
445.4,60,-0.12597
446.8,60,-0.12584
448.21,60,-0.12572
449.61,60,-0.12559
451.02,60,-0.12546
452.43,60,-0.12534
453.84,60,-0.12521
455.25,60,-0.12508
456.67,60,-0.12495
458.08,60,-0.12483
459.5,60,-0.1247
460.92,60,-0.12457
462.34,60,-0.12444
463.77,60,-0.12431
465.19,60,-0.12419
466.62,60,-0.12406
468.04,60,-0.12393
469.47,60,-0.1238
470.91,60,-0.12367
472.34,60,-0.12354
473.77,60,-0.12341
475.21,60,-0.12328
476.65,60,-0.12315
478.09,60,-0.12303
479.53,60,-0.1229
480.97,60,-0.12277
482.41,60,-0.12264
483.86,60,-0.12251
485.31,60,-0.12238
486.76,60,-0.12224
488.21,60,-0.12211
489.66,60,-0.12198
491.11,60,-0.12185
492.57,60,-0.12172
494.03,60,-0.12159
495.49,60,-0.12146
496.95,60,-0.12133
498.41,60,-0.1212
499.87,60,-0.12107
501.34,60,-0.12093
502.8,60,-0.1208
504.27,60,-0.12067
505.74,60,-0.12054
507.22,60,-0.12041
508.69,60,-0.12027
510.16,60,-0.12014
511.64,60,-0.12001
513.12,60,-0.11988
514.6,60,-0.11974
516.08,60,-0.11961
517.57,60,-0.11948
519.05,60,-0.11934
520.54,60,-0.11921
522.03,60,-0.11908
523.52,60,-0.11894
525.01,60,-0.11881
526.5,60,-0.11867
528,60,-0.11854
529.49,60,-0.11841
530.99,60,-0.11827
532.49,60,-0.11814
533.99,60,-0.118
535.5,60,-0.11787
537,60,-0.11773
538.51,60,-0.1176
540.02,60,-0.11746
541.53,60,-0.11733
543.04,60,-0.11719
544.55,60,-0.11706
546.07,60,-0.11692
547.58,60,-0.11679
549.1,60,-0.11665
550.62,60,-0.11651
552.15,60,-0.11638
553.67,60,-0.11624
555.2,60,-0.1161
556.72,60,-0.11597
558.25,60,-0.11583
559.78,60,-0.11569
561.32,60,-0.11556
562.85,60,-0.11542
564.39,60,-0.11528
565.93,60,-0.11515
567.47,60,-0.11501
569.01,60,-0.11487
570.55,60,-0.11473
572.1,60,-0.1146
573.65,60,-0.11446
575.19,60,-0.11432
576.75,60,-0.11418
578.3,60,-0.11404
579.85,60,-0.1139
581.41,60,-0.11377
582.97,60,-0.11363
584.53,60,-0.11349
586.09,60,-0.11335
587.66,60,-0.11321
589.22,60,-0.11307
590.79,60,-0.11293
592.36,60,-0.11279
593.93,60,-0.11265
595.51,60,-0.11251
597.08,60,-0.11237
598.66,60,-0.11223
600.24,60,-0.11209
601.82,60,-0.11195
603.41,60,-0.11181
604.99,60,-0.11167
606.58,60,-0.11153
608.17,60,-0.11139
609.77,60,-0.11125
611.36,60,-0.11111
612.96,60,-0.11097
614.56,60,-0.11083
616.16,60,-0.11069
617.76,60,-0.11055
619.36,60,-0.1104
620.97,60,-0.11026
622.58,60,-0.11012
624.19,60,-0.10998
625.81,60,-0.10984
627.42,60,-0.1097
629.04,60,-0.10955
630.66,60,-0.10941
632.28,60,-0.10927
633.91,60,-0.10913
635.54,60,-0.10898
637.17,60,-0.10884
638.8,60,-0.1087
640.43,60,-0.10855
642.07,60,-0.10841
643.71,60,-0.10827
645.35,60,-0.10812
646.99,60,-0.10798
648.64,60,-0.10784
650.29,60,-0.10769
651.94,60,-0.10755
653.59,60,-0.10741
655.24,60,-0.10726
656.9,60,-0.10712
658.56,60,-0.10697
660.23,60,-0.10683
661.89,60,-0.10668
663.56,60,-0.10654
665.23,60,-0.10639
666.9,60,-0.10625
668.58,60,-0.1061
670.26,60,-0.10596
671.94,60,-0.10581
673.62,60,-0.10567
675.31,60,-0.10552
676.99,60,-0.10538
678.69,60,-0.10523
680.38,60,-0.10509
682.08,60,-0.10494
683.78,60,-0.10479
685.48,60,-0.10465
687.18,60,-0.1045
688.89,60,-0.10435
690.6,60,-0.10421
692.31,60,-0.10406
694.03,60,-0.10391
695.75,60,-0.10377
697.47,60,-0.10362
699.19,60,-0.10347
700.92,60,-0.10333
702.65,60,-0.10318
704.38,60,-0.10303
706.12,60,-0.10288
707.86,60,-0.10274
709.6,60,-0.10259
711.34,60,-0.10244
713.09,60,-0.10229
714.84,60,-0.10214
716.6,60,-0.102
718.35,60,-0.10185
720.11,60,-0.1017
721.88,60,-0.10155
723.64,60,-0.1014
725.41,60,-0.10125
727.18,60,-0.1011
728.96,60,-0.10095
730.74,60,-0.10081
732.52,60,-0.10066
734.3,60,-0.10051
736.09,60,-0.10036
737.88,60,-0.10021
739.68,60,-0.10006
741.47,60,-0.099908
743.28,60,-0.099758
745.08,60,-0.099608
746.89,60,-0.099458
748.7,60,-0.099308
750.51,60,-0.099158
752.33,60,-0.099007
754.15,60,-0.098857
755.98,60,-0.098706
757.8,60,-0.098555
759.64,60,-0.098404
761.47,60,-0.098253
763.31,60,-0.098102
765.15,60,-0.097951
767,60,-0.0978
768.84,60,-0.097648
770.7,60,-0.097497
772.55,60,-0.097345
774.41,60,-0.097193
776.28,60,-0.097041
778.14,60,-0.096889
780.01,60,-0.096737
781.89,60,-0.096585
783.76,60,-0.096433
785.64,60,-0.09628
787.53,60,-0.096128
789.42,60,-0.095975
791.31,60,-0.095823
793.21,60,-0.09567
795.11,60,-0.095517
797.01,60,-0.095364
798.92,60,-0.095211
800.83,60,-0.095057
802.75,60,-0.094904
804.66,60,-0.094751
806.59,60,-0.094597
808.51,60,-0.094443
810.44,60,-0.09429
812.38,60,-0.094136
814.32,60,-0.093982
816.26,60,-0.093828
818.21,60,-0.093674
820.16,60,-0.093519
822.11,60,-0.093365
824.07,60,-0.093211
826.03,60,-0.093056
828,60,-0.092901
829.97,60,-0.092747
831.95,60,-0.092592
833.92,60,-0.092437
835.91,60,-0.092282
837.89,60,-0.092126
839.89,60,-0.091971
841.88,60,-0.091816
843.88,60,-0.09166
845.88,60,-0.091505
847.89,60,-0.091349
849.9,60,-0.091193
851.92,60,-0.091037
853.94,60,-0.090881
855.97,60,-0.090725
858,60,-0.090569
860.03,60,-0.090413
862.07,60,-0.090256
864.11,60,-0.0901
866.16,60,-0.089943
868.21,60,-0.089787
870.26,60,-0.08963
872.32,60,-0.089473
874.39,60,-0.089316
876.46,60,-0.089159
878.53,60,-0.089002
880.61,60,-0.088844
882.69,60,-0.088687
884.77,60,-0.08853
886.87,60,-0.088372
888.96,60,-0.088214
891.06,60,-0.088057
893.16,60,-0.087899
895.27,60,-0.087741
897.39,60,-0.087583
899.5,60,-0.087425
901.63,60,-0.087266
903.75,60,-0.087108
905.89,60,-0.08695
908.02,60,-0.086791
910.16,60,-0.086633
912.31,60,-0.086474
914.46,60,-0.086315
916.61,60,-0.086156
918.77,60,-0.085997
920.94,60,-0.085838
923.11,60,-0.085679
925.28,60,-0.08552
927.46,60,-0.08536
929.64,60,-0.085201
931.83,60,-0.085041
934.02,60,-0.084882
936.22,60,-0.084722
938.42,60,-0.084562
940.63,60,-0.084402
942.84,60,-0.084242
945.05,60,-0.084082
947.27,60,-0.083922
949.5,60,-0.083761
951.73,60,-0.083601
953.96,60,-0.08344
956.2,60,-0.08328
958.45,60,-0.083119
960.7,60,-0.082958
962.95,60,-0.082798
965.21,60,-0.082637
967.48,60,-0.082476
969.74,60,-0.082315
972.02,60,-0.082153
974.3,60,-0.081992
976.58,60,-0.081831
978.87,60,-0.081669
981.16,60,-0.081508
983.46,60,-0.081346
985.76,60,-0.081184
988.07,60,-0.081022
990.38,60,-0.08086
992.7,60,-0.080698
995.02,60,-0.080536
997.35,60,-0.080374
999.68,60,-0.080212
1002,60,-0.080049
1004.4,60,-0.079887
1006.7,60,-0.079724
1009.1,60,-0.079562
1011.4,60,-0.079399
1013.8,60,-0.079236
1016.1,60,-0.079073
1018.5,60,-0.07891
1020.9,60,-0.078747
1023.3,60,-0.078584
1025.7,60,-0.078421
1028,60,-0.078258
1030.4,60,-0.078094
1032.8,60,-0.077931
1035.2,60,-0.077767
1037.7,60,-0.077603
1040.1,60,-0.07744
1042.5,60,-0.077276
1044.9,60,-0.077112
1047.3,60,-0.076948
1049.8,60,-0.076784
1052.2,60,-0.07662
1054.7,60,-0.076455
1057.1,60,-0.076291
1059.6,60,-0.076127
1062,60,-0.075962
1064.5,60,-0.075798
1066.9,60,-0.075633
1069.4,60,-0.075468
1071.9,60,-0.075303
1074.4,60,-0.075138
1076.9,60,-0.074973
1079.4,60,-0.074808
1081.9,60,-0.074643
1084.4,60,-0.074478
1086.9,60,-0.074313
1089.4,60,-0.074147
1091.9,60,-0.073982
1094.4,60,-0.073816
1096.9,60,-0.07365
1099.5,60,-0.073485
1102,60,-0.073319
1104.5,60,-0.073153
1107.1,60,-0.072987
1109.6,60,-0.072821
1112.2,60,-0.072655
1114.7,60,-0.072488
1117.3,60,-0.072322
1119.9,60,-0.072156
1122.4,60,-0.071989
1125,60,-0.071823
1127.6,60,-0.071656
1130.2,60,-0.071489
1132.8,60,-0.071323
1135.3,60,-0.071156
1137.9,60,-0.070989
1140.5,60,-0.070822
1143.1,60,-0.070655
1145.8,60,-0.070488
1148.4,60,-0.07032
1151,60,-0.070153
1153.6,60,-0.069986
1156.2,60,-0.069818
1158.9,60,-0.069651
1161.5,60,-0.069483
1164.1,60,-0.069315
1166.8,60,-0.069148
1169.4,60,-0.06898
1172.1,60,-0.068812
1174.8,60,-0.068644
1177.4,60,-0.068476
1180.1,60,-0.068308
1182.7,60,-0.068139
1185.4,60,-0.067971
1188.1,60,-0.067803
1190.8,60,-0.067634
1193.5,60,-0.067466
1196.2,60,-0.067297
1198.8,60,-0.067128
1201.5,60,-0.06696
1204.2,60,-0.066791
1206.9,60,-0.066622
1209.7,60,-0.066453
1212.4,60,-0.066284
1215.1,60,-0.066115
1217.8,60,-0.065946
1220.5,60,-0.065776
1223.2,60,-0.065607
1226,60,-0.065438
1228.7,60,-0.065268
1231.4,60,-0.065099
1234.2,60,-0.064929
1236.9,60,-0.064759
1239.7,60,-0.06459
1242.4,60,-0.06442
1245.2,60,-0.06425
1247.9,60,-0.06408
1250.7,60,-0.06391
1253.5,60,-0.06374
1256.2,60,-0.06357
1259,60,-0.063399
1261.8,60,-0.063229
1264.6,60,-0.063059
1267.3,60,-0.062888
1270.1,60,-0.062718
1272.9,60,-0.062547
1275.7,60,-0.062376
1278.5,60,-0.062206
1281.3,60,-0.062035
1284.1,60,-0.061864
1286.9,60,-0.061693
1289.7,60,-0.061522
1292.5,60,-0.061351
1295.3,60,-0.06118
1298.1,60,-0.061009
1300.9,60,-0.060837
1303.7,60,-0.060666
1306.5,60,-0.060495
1309.4,60,-0.060323
1312.2,60,-0.060152
1315,60,-0.05998
1317.8,60,-0.059808
1320.7,60,-0.059637
1323.5,60,-0.059465
1326.3,60,-0.059293
1329.2,60,-0.059121
1332,60,-0.058949
1334.8,60,-0.058777
1337.7,60,-0.058605
1340.5,60,-0.058433
1343.4,60,-0.05826
1346.2,60,-0.058088
1349.1,60,-0.057916
1351.9,60,-0.057743
1354.8,60,-0.057571
1357.6,60,-0.057398
1360.5,60,-0.057225
1363.3,60,-0.057053
1366.2,60,-0.05688
1369,60,-0.056707
1371.9,60,-0.056534
1374.8,60,-0.056361
1377.6,60,-0.056188
1380.5,60,-0.056015
1383.4,60,-0.055842
1386.2,60,-0.055669
1389.1,60,-0.055496
1392,60,-0.055322
1394.8,60,-0.055149
1397.7,60,-0.054976
1400.6,60,-0.054802
1403.4,60,-0.054628
1406.3,60,-0.054455
1409.2,60,-0.054281
1412.1,60,-0.054107
1414.9,60,-0.053934
1417.8,60,-0.05376
1420.7,60,-0.053586
1423.6,60,-0.053412
1426.4,60,-0.053238
1429.3,60,-0.053064
1432.2,60,-0.05289
1435,60,-0.052715
1437.9,60,-0.052541
1440.8,60,-0.052367
1443.7,60,-0.052192
1446.5,60,-0.052018
1449.4,60,-0.051844
1452.3,60,-0.051669
1455.2,60,-0.051494
1458,60,-0.05132
1460.9,60,-0.051145
1463.8,60,-0.05097
1466.6,60,-0.050795
1469.5,60,-0.050621
1472.4,60,-0.050446
1475.3,60,-0.050271
1478.1,60,-0.050096
1481,60,-0.04992
1483.8,60,-0.049745
1486.7,60,-0.04957
1489.6,60,-0.049395
1492.4,60,-0.049219
1495.3,60,-0.049044
1498.1,60,-0.048869
1501,60,-0.048693
1503.9,60,-0.048518
1506.7,60,-0.048342
1509.6,60,-0.048166
1512.4,60,-0.047991
1515.3,60,-0.047815
1518.1,60,-0.047639
1520.9,60,-0.047463
1523.8,60,-0.047287
1526.6,60,-0.047111
1529.5,60,-0.046935
1532.3,60,-0.046759
1535.1,60,-0.046583
1538,60,-0.046407
1540.8,60,-0.046231
1543.6,60,-0.046055
1546.4,60,-0.045878
1549.3,60,-0.045702
1552.1,60,-0.045525
1554.9,60,-0.045349
1557.7,60,-0.045172
1560.5,60,-0.044996
1563.3,60,-0.044819
1566.1,60,-0.044643
1568.9,60,-0.044466
1571.7,60,-0.044289
1574.5,60,-0.044112
1577.3,60,-0.043935
1580.1,60,-0.043759
1582.9,60,-0.043582
1585.6,60,-0.043405
1588.4,60,-0.043228
1591.2,60,-0.04305
1594,60,-0.042873
1596.7,60,-0.042696
1599.5,60,-0.042519
1602.2,60,-0.042342
1605,60,-0.042164
1607.7,60,-0.041987
1610.5,60,-0.041809
1613.2,60,-0.041632
1615.9,60,-0.041454
1618.7,60,-0.041277
1621.4,60,-0.041099
1624.1,60,-0.040922
1626.8,60,-0.040744
1629.5,60,-0.040566
1632.2,60,-0.040388
1634.9,60,-0.040211
1637.6,60,-0.040033
1640.3,60,-0.039855
1643,60,-0.039677
1645.7,60,-0.039499
1648.4,60,-0.039321
1651,60,-0.039143
1653.7,60,-0.038964
1656.4,60,-0.038786
1659,60,-0.038608
1661.7,60,-0.03843
1664.3,60,-0.038252
1666.9,60,-0.038073
1669.6,60,-0.037895
1672.2,60,-0.037716
1674.8,60,-0.037538
1677.4,60,-0.037359
1680,60,-0.037181
1682.6,60,-0.037002
1685.2,60,-0.036824
1687.8,60,-0.036645
1690.4,60,-0.036466
1693,60,-0.036287
1695.5,60,-0.036109
1698.1,60,-0.03593
1700.6,60,-0.035751
1703.2,60,-0.035572
1705.7,60,-0.035393
1708.3,60,-0.035214
1710.8,60,-0.035035
1713.3,60,-0.034856
1715.8,60,-0.034677
1718.3,60,-0.034498
1720.8,60,-0.034319
1723.3,60,-0.034139
1725.8,60,-0.03396
1728.3,60,-0.033781
1730.7,60,-0.033601
1733.2,60,-0.033422
1735.7,60,-0.033243
1738.1,60,-0.033063
1740.5,60,-0.032884
1743,60,-0.032704
1745.4,60,-0.032525
1747.8,60,-0.032345
1750.2,60,-0.032165
1752.6,60,-0.031986
1755,60,-0.031806
1757.4,60,-0.031626
1759.8,60,-0.031447
1762.1,60,-0.031267
1764.5,60,-0.031087
1766.8,60,-0.030907
1769.2,60,-0.030727
1771.5,60,-0.030547
1773.8,60,-0.030367
1776.1,60,-0.030187
1778.4,60,-0.030007
1780.7,60,-0.029827
1783,60,-0.029647
1785.3,60,-0.029467
1787.6,60,-0.029287
1789.8,60,-0.029107
1792.1,60,-0.028926
1794.3,60,-0.028746
1796.6,60,-0.028566
1798.8,60,-0.028386
1801,60,-0.028205
1803.2,60,-0.028025
1805.4,60,-0.027844
1807.6,60,-0.027664
1809.8,60,-0.027483
1811.9,60,-0.027303
1814.1,60,-0.027122
1816.2,60,-0.026942
1818.4,60,-0.026761
1820.5,60,-0.026581
1822.6,60,-0.0264
1824.7,60,-0.026219
1826.8,60,-0.026039
1828.9,60,-0.025858
1831,60,-0.025677
1833.1,60,-0.025496
1835.1,60,-0.025315
1837.2,60,-0.025135
1839.2,60,-0.024954
1841.3,60,-0.024773
1843.3,60,-0.024592
1845.3,60,-0.024411
1847.3,60,-0.02423
1849.3,60,-0.024049
1851.2,60,-0.023868
1853.2,60,-0.023687
1855.2,60,-0.023506
1857.1,60,-0.023325
1859,60,-0.023143
1861,60,-0.022962
1862.9,60,-0.022781
1864.8,60,-0.0226
1866.7,60,-0.022419
1868.6,60,-0.022237
1870.4,60,-0.022056
1872.3,60,-0.021875
1874.1,60,-0.021693
1876,60,-0.021512
1877.8,60,-0.021331
1879.6,60,-0.021149
1881.4,60,-0.020968
1883.2,60,-0.020786
1885,60,-0.020605
1886.8,60,-0.020423
1888.5,60,-0.020242
1890.3,60,-0.02006
1892,60,-0.019879
1893.7,60,-0.019697
1895.4,60,-0.019516
1897.1,60,-0.019334
1898.8,60,-0.019152
1900.5,60,-0.018971
1902.2,60,-0.018789
1903.8,60,-0.018607
1905.5,60,-0.018425
1907.1,60,-0.018244
1908.7,60,-0.018062
1910.3,60,-0.01788
1911.9,60,-0.017698
1913.5,60,-0.017516
1915.1,60,-0.017335
1916.7,60,-0.017153
1918.2,60,-0.016971
1919.7,60,-0.016789
1921.3,60,-0.016607
1922.8,60,-0.016425
1924.3,60,-0.016243
1925.8,60,-0.016061
1927.3,60,-0.015879
1928.7,60,-0.015697
1930.2,60,-0.015515
1931.6,60,-0.015333
1933,60,-0.015151
1934.5,60,-0.014969
1935.9,60,-0.014787
1937.3,60,-0.014605
1938.7,60,-0.014422
1940,60,-0.01424
1941.4,60,-0.014058
1942.7,60,-0.013876
1944.1,60,-0.013694
1945.4,60,-0.013511
1946.7,60,-0.013329
1948,60,-0.013147
1949.3,60,-0.012965
1950.5,60,-0.012782
1951.8,60,-0.0126
1953,60,-0.012418
1954.3,60,-0.012236
1955.5,60,-0.012053
1956.7,60,-0.011871
1957.9,60,-0.011689
1959.1,60,-0.011506
1960.3,60,-0.011324
1961.4,60,-0.011141
1962.6,60,-0.010959
1963.7,60,-0.010777
1964.8,60,-0.010594
1965.9,60,-0.010412
1967,60,-0.010229
1968.1,60,-0.010047
1969.2,60,-0.0098643
1970.2,60,-0.0096819
1971.3,60,-0.0094994
1972.3,60,-0.0093169
1973.3,60,-0.0091343
1974.3,60,-0.0089518
1975.3,60,-0.0087693
1976.3,60,-0.0085867
1977.3,60,-0.0084042
1978.2,60,-0.0082216
1979.2,60,-0.0080391
1980.1,60,-0.0078565
1981,60,-0.0076739
1981.9,60,-0.0074913
1982.8,60,-0.0073087
1983.7,60,-0.0071261
1984.6,60,-0.0069434
1985.4,60,-0.0067608
1986.3,60,-0.0065782
1987.1,60,-0.0063955
1987.9,60,-0.0062129
1988.7,60,-0.0060302
1989.5,60,-0.0058476
1990.3,60,-0.0056649
1991,60,-0.0054822
1991.8,60,-0.0052995
1992.5,60,-0.0051168
1993.3,60,-0.0049341
1994,60,-0.0047514
1994.7,60,-0.0045687
1995.4,60,-0.004386
1996,60,-0.0042033
1996.7,60,-0.0040206
1997.3,60,-0.0038379
1998,60,-0.0036551
1998.6,60,-0.0034724
1999.2,60,-0.0032897
1999.8,60,-0.0031069
2000.4,60,-0.0029242
2000.9,60,-0.0027414
2001.5,60,-0.0025587
2002,60,-0.0023759
2002.6,60,-0.0021932
2003.1,60,-0.0020104
2003.6,60,-0.0018277
2004.1,60,-0.0016449
2004.5,60,-0.0014621
2005,60,-0.0012794
2005.4,60,-0.0010966
2005.9,60,-0.00091385
2006.3,60,-0.00073108
2006.7,60,-0.00054831
2007.1,60,-0.00036554
2007.5,60,-0.00018277
2007.9,60,-8.5496e-17
2008.2,60,0.00018277
2008.5,60,0.00036554
2008.9,60,0.00054831
2009.2,60,0.00073108
2009.5,60,0.00091385
2009.8,60,0.0010966
2010.1,60,0.0012794
2010.3,60,0.0014621
2010.6,60,0.0016449
2010.8,60,0.0018277
2011,60,0.0020104
2011.2,60,0.0021932
2011.4,60,0.0023759
2011.6,60,0.0025587
2011.8,60,0.0027414
2011.9,60,0.0029242
2012,60,0.0031069
2012.2,60,0.0032897
2012.3,60,0.0034724
2012.4,60,0.0036551
2012.5,60,0.0038379
2012.5,60,0.0040206
2012.6,60,0.0042033
2012.6,60,0.004386
2012.7,60,0.0045687
2012.7,60,0.0047514
2012.7,60,0.0049341
2012.7,60,0.0051168
2012.6,60,0.0052995
2012.6,60,0.0054822
2012.5,60,0.0056649
2012.5,60,0.0058476
2012.4,60,0.0060302
2012.3,60,0.0062129
2012.2,60,0.0063955
2012,60,0.0065782
2011.9,60,0.0067608
2011.7,60,0.0069434
2011.6,60,0.0071261
2011.4,60,0.0073087
2011.2,60,0.0074913
2011,60,0.0076739
2010.7,60,0.0078565
2010.5,60,0.0080391
2010.2,60,0.0082216
2010,60,0.0084042
2009.7,60,0.0085867
2009.4,60,0.0087693
2009.1,60,0.0089518
2008.7,60,0.0091343
2008.4,60,0.0093169
2008,60,0.0094994
2007.7,60,0.0096819
2007.3,60,0.0098643
2006.9,60,0.010047
2006.4,60,0.010229
2006,60,0.010412
2005.6,60,0.010594
2005.1,60,0.010777
2004.6,60,0.010959
2004.1,60,0.011141
2003.6,60,0.011324
2003.1,60,0.011506
2002.5,60,0.011689
2002,60,0.011871
2001.4,60,0.012053
2000.8,60,0.012236
2000.2,60,0.012418
1999.6,60,0.0126
1999,60,0.012782
1998.3,60,0.012965
1997.6,60,0.013147
1997,60,0.013329
1996.3,60,0.013511
1995.5,60,0.013694
1994.8,60,0.013876
1994,60,0.014058
1993.3,60,0.01424
1992.5,60,0.014422
1991.7,60,0.014605
1990.9,60,0.014787
1990,60,0.014969
1989.2,60,0.015151
1988.3,60,0.015333
1987.4,60,0.015515
1986.5,60,0.015697
1985.6,60,0.015879
1984.7,60,0.016061
1983.7,60,0.016243
1982.7,60,0.016425
1981.8,60,0.016607
1980.7,60,0.016789
1979.7,60,0.016971
1978.7,60,0.017153
1977.6,60,0.017335
1976.5,60,0.017516
1975.4,60,0.017698
1974.3,60,0.01788
1973.2,60,0.018062
1972,60,0.018244
1970.8,60,0.018425
1969.6,60,0.018607
1968.4,60,0.018789
1967.2,60,0.018971
1965.9,60,0.019152
1964.6,60,0.019334
1963.4,60,0.019516
1962,60,0.019697
1960.7,60,0.019879
1959.3,60,0.02006
1958,60,0.020242
1956.6,60,0.020423
1955.1,60,0.020605
1953.7,60,0.020786
1952.2,60,0.020968
1950.8,60,0.021149
1949.3,60,0.021331
1947.7,60,0.021512
1946.2,60,0.021693
1944.6,60,0.021875
1943,60,0.022056
1941.4,60,0.022237
1939.7,60,0.022419
1938.1,60,0.0226
1936.4,60,0.022781
1934.7,60,0.022962
1932.9,60,0.023143
1931.2,60,0.023325
1929.4,60,0.023506
1927.6,60,0.023687
1925.8,60,0.023868
1923.9,60,0.024049
1922,60,0.02423
1920.1,60,0.024411
1918.2,60,0.024592
1916.2,60,0.024773
1914.2,60,0.024954
1912.2,60,0.025135
1910.1,60,0.025315
1908.1,60,0.025496
1905.9,60,0.025677
1903.8,60,0.025858
1901.7,60,0.026039
1899.5,60,0.026219
1897.2,60,0.0264
1895,60,0.026581
1892.7,60,0.026761
1890.4,60,0.026942
1888.1,60,0.027122
1885.7,60,0.027303
1883.3,60,0.027483
1880.8,60,0.027664
1878.4,60,0.027844
1875.9,60,0.028025
1873.3,60,0.028205
1870.7,60,0.028386
1868.1,60,0.028566
1865.5,60,0.028746
1862.8,60,0.028926
1860.1,60,0.029107
1857.3,60,0.029287
1854.6,60,0.029467
1851.7,60,0.029647
1848.9,60,0.029827
1846,60,0.030007
1843,60,0.030187
1840,60,0.030367
1837,60,0.030547
1833.9,60,0.030727
1830.8,60,0.030907
1827.7,60,0.031087
1824.5,60,0.031267
1821.2,60,0.031447
1817.9,60,0.031626
1814.6,60,0.031806
1811.2,60,0.031986
1807.8,60,0.032165
1804.3,60,0.032345
1800.8,60,0.032525
1797.2,60,0.032704
1793.6,60,0.032884
1789.9,60,0.033063
1786.2,60,0.033243
1782.4,60,0.033422
1778.5,60,0.033601
1774.6,60,0.033781
1770.7,60,0.03396
1766.7,60,0.034139
1762.6,60,0.034319
1758.5,60,0.034498
1754.3,60,0.034677
1750,60,0.034856
1745.7,60,0.035035
1741.3,60,0.035214
1736.9,60,0.035393
1732.3,60,0.035572
1727.7,60,0.035751
1723.1,60,0.03593
1718.4,60,0.036109
1713.5,60,0.036287
1708.7,60,0.036466
1703.7,60,0.036645
1698.7,60,0.036824
1693.5,60,0.037002
1688.3,60,0.037181
1683.1,60,0.037359
1677.7,60,0.037538
1672.2,60,0.037716
1666.7,60,0.037895
1661.1,60,0.038073
1655.3,60,0.038252
1649.5,60,0.03843
1643.6,60,0.038608
1637.5,60,0.038786
1631.4,60,0.038964
1625.2,60,0.039143
1618.8,60,0.039321
1612.4,60,0.039499
1605.8,60,0.039677
1599.1,60,0.039855
1592.3,60,0.040033
1585.4,60,0.040211
1578.3,60,0.040388
1571.2,60,0.040566
1563.9,60,0.040744
1556.4,60,0.040922
1548.8,60,0.041099
1541.1,60,0.041277
1533.2,60,0.041454
1525.2,60,0.041632
1517,60,0.041809
1508.7,60,0.041987
1500.2,60,0.042164
1491.5,60,0.042342
1482.6,60,0.042519
1473.6,60,0.042696
1464.4,60,0.042873
1455,60,0.04305
1445.4,60,0.043228
1435.6,60,0.043405
1425.6,60,0.043582
1415.4,60,0.043759
1405,60,0.043935
1394.3,60,0.044112
1383.5,60,0.044289
1372.3,60,0.044466
1361,60,0.044643
1349.3,60,0.044819
1337.1,60,0.044996
1323.7,60,0.045172
1310.1,60,0.045349
1296.8,60,0.045525
1284,60,0.045702
1271.4,60,0.045878
1259,60,0.046055
1246.7,60,0.046231
1234.4,60,0.046407
1222,60,0.046583
1209.6,60,0.046759
1196.9,60,0.046935
1184.1,60,0.047111
1171,60,0.047287
1157.7,60,0.047463
1144,60,0.047639
1129.9,60,0.047815
1115.5,60,0.047991
1100.6,60,0.048166
1085.3,60,0.048342
1069.5,60,0.048518
1053.2,60,0.048693
1036.4,60,0.048869
1019.1,60,0.049044
1001.2,60,0.049219
982.74,60,0.049395
963.67,60,0.04957
943.98,60,0.049745
923.65,60,0.04992
902.65,60,0.050096
880.97,60,0.050271
858.58,60,0.050446
835.46,60,0.050621
811.57,60,0.050795
786.91,60,0.05097
761.43,60,0.051145
735.11,60,0.05132
707.91,60,0.051494
679.81,60,0.051669
650.77,60,0.051844
620.75,60,0.052018
589.72,60,0.052192
557.62,60,0.052367
524.42,60,0.052541
490.07,60,0.052715
454.51,60,0.05289
417.69,60,0.053064
379.56,60,0.053238
340.06,60,0.053412
299.1,60,0.053586
256.64,60,0.05376
212.59,60,0.053934
166.87,60,0.054107
119.41,60,0.054281
70.099,60,0.054455
18.859,60,0.054628
-34.417,60,0.054802
-89.835,60,0.054976
-147.51,60,0.055149
-207.56,60,0.055322
-270.11,60,0.055496
-340.21,60,0.055669
-435.7,60,0.055842
-534.43,60,0.056015
-636.24,60,0.056188
-741.14,60,0.056361
-849.12,60,0.056534
-960.19,60,0.056707
-1074.4,60,0.05688
-1191.7,60,0.057053
-1312.2,60,0.057225
-1435.9,60,0.057398
-1562.9,60,0.057571
-1693.3,60,0.057743
-1827,60,0.057916
-1964.2,60,0.058088
-2104.9,60,0.05826
-2249.3,60,0.058433
-2397.4,60,0.058605
-2549.3,60,0.058777
-2705.1,60,0.058949
-2864.9,60,0.059121
-3028.8,60,0.059293
-3196.9,60,0.059465
-3369.3,60,0.059637
-3546.2,60,0.059808
-3727.7,60,0.05998
-3913.9,60,0.060152
-4104.9,60,0.060323
-4300.9,60,0.060495
-4502,60,0.060666
-4708.4,60,0.060837
-4920.1,60,0.061009
-5137.5,60,0.06118
-5360.5,60,0.061351
-5590.1,60,0.061522
-5798.4,60,0.061693
-5771,60,0.061864
-5738.4,60,0.062035
-5706.7,60,0.062206
-5670.6,60,0.062376
-5626.8,60,0.062547
-5573,60,0.062718
-5508.1,60,0.062888
-5431.7,60,0.063059
-5344,60,0.063229
-5245.4,60,0.063399
-5136.9,60,0.06357
-5019.6,60,0.06374
-4894.7,60,0.06391
-4763.4,60,0.06408
-4627,60,0.06425
-4486.8,60,0.06442
-4343.9,60,0.06459
-4199.4,60,0.064759
-4054.2,60,0.064929
-3909.3,60,0.065099
-3765.3,60,0.065268
-3623,60,0.065438
-3482.7,60,0.065607
-3345,60,0.065776
-3210.2,60,0.065946
-3078.5,60,0.066115
-2950.1,60,0.066284
-2825.3,60,0.066453
-2703.9,60,0.066622
-2586.1,60,0.066791
-2472,60,0.06696
-2361.3,60,0.067128
-2254.2,60,0.067297
-2150.6,60,0.067466
-2050.3,60,0.067634
-1953.2,60,0.067803
-1859.4,60,0.067971
-1768.6,60,0.068139
-1680.8,60,0.068308
-1595.9,60,0.068476
-1513.7,60,0.068644
-1434.2,60,0.068812
-1357.3,60,0.06898
-1282.8,60,0.069148
-1210.6,60,0.069315
-1140.8,60,0.069483
-1073.1,60,0.069651
-1007.5,60,0.069818
-943.98,60,0.069986
-882.35,60,0.070153
-822.58,60,0.07032
-764.6,60,0.070488
-708.34,60,0.070655
-653.73,60,0.070822
-600.71,60,0.070989
-549.23,60,0.071156
-499.22,60,0.071323
-450.64,60,0.071489
-403.43,60,0.071656
-357.54,60,0.071823
-312.92,60,0.071989
-269.55,60,0.072156
-227.36,60,0.072322
-186.32,60,0.072488
-146.39,60,0.072655
-107.54,60,0.072821
-69.731,60,0.072987
-32.928,60,0.073153
2.9004,60,0.073319
37.784,60,0.073485
71.752,60,0.07365
104.83,60,0.073816
137.05,60,0.073982
168.44,60,0.074147
199.01,60,0.074313
228.8,60,0.074478
257.83,60,0.074643
286.11,60,0.074808
313.68,60,0.074973
340.54,60,0.075138
366.72,60,0.075303
392.24,60,0.075468
417.12,60,0.075633
441.37,60,0.075798
465.01,60,0.075962
488.06,60,0.076127
510.52,60,0.076291
532.43,60,0.076455
553.79,60,0.07662
574.61,60,0.076784
594.92,60,0.076948
614.72,60,0.077112
634.02,60,0.077276
652.84,60,0.07744
671.19,60,0.077603
689.09,60,0.077767
706.54,60,0.077931
723.55,60,0.078094
740.13,60,0.078258
756.3,60,0.078421
772.07,60,0.078584
787.44,60,0.078747
802.43,60,0.07891
817.04,60,0.079073
831.28,60,0.079236
845.16,60,0.079399
858.69,60,0.079562
871.88,60,0.079724
884.73,60,0.079887
897.26,60,0.080049
909.47,60,0.080212
921.37,60,0.080374
932.96,60,0.080536
944.25,60,0.080698
955.26,60,0.08086
965.98,60,0.081022
976.42,60,0.081184
986.59,60,0.081346
996.49,60,0.081508
1006.1,60,0.081669
1015.5,60,0.081831
1024.7,60,0.081992
1033.6,60,0.082153
1042.2,60,0.082315
1050.7,60,0.082476
1058.9,60,0.082637
1066.9,60,0.082798
1074.6,60,0.082958
1082.2,60,0.083119
1089.6,60,0.08328
1096.7,60,0.08344
1103.7,60,0.083601
1110.4,60,0.083761
1117,60,0.083922
1123.4,60,0.084082
1129.6,60,0.084242
1135.6,60,0.084402
1141.5,60,0.084562
1147.2,60,0.084722
1152.7,60,0.084882
1158.1,60,0.085041
1163.3,60,0.085201
1168.3,60,0.08536
1173.2,60,0.08552
1178,60,0.085679
1182.6,60,0.085838
1187,60,0.085997
1191.4,60,0.086156
1195.6,60,0.086315
1199.6,60,0.086474
1203.6,60,0.086633
1207.4,60,0.086791
1211.1,60,0.08695
1214.6,60,0.087108
1218.1,60,0.087266
1221.4,60,0.087425
1224.6,60,0.087583
1227.7,60,0.087741
1230.7,60,0.087899
1233.6,60,0.088057
1236.4,60,0.088214
1239.1,60,0.088372
1241.7,60,0.08853
1244.2,60,0.088687
1246.6,60,0.088844
1248.9,60,0.089002
1251.2,60,0.089159
1253.3,60,0.089316
1255.3,60,0.089473
1257.3,60,0.08963
1259.2,60,0.089787
1261,60,0.089943
1262.7,60,0.0901
1264.4,60,0.090256
1265.9,60,0.090413
1267.4,60,0.090569
1268.8,60,0.090725
1270.2,60,0.090881
1271.5,60,0.091037
1272.7,60,0.091193
1273.8,60,0.091349
1274.9,60,0.091505
1275.9,60,0.09166
1276.9,60,0.091816
1277.8,60,0.091971
1278.6,60,0.092126
1279.4,60,0.092282
1280.1,60,0.092437
1280.8,60,0.092592
1281.4,60,0.092747
1282,60,0.092901
1282.5,60,0.093056
1282.9,60,0.093211
1283.3,60,0.093365
1283.7,60,0.093519
1284,60,0.093674
1284.3,60,0.093828
1284.5,60,0.093982
1284.6,60,0.094136
1284.8,60,0.09429
1284.8,60,0.094443
1284.9,60,0.094597
1284.9,60,0.094751
1284.8,60,0.094904
1284.7,60,0.095057
1284.6,60,0.095211
1284.4,60,0.095364
1284.2,60,0.095517
1284,60,0.09567
1283.7,60,0.095823
1283.4,60,0.095975
1283.1,60,0.096128
1282.7,60,0.09628
1282.3,60,0.096433
1281.8,60,0.096585
1281.3,60,0.096737
1280.8,60,0.096889
1280.3,60,0.097041
1279.7,60,0.097193
1279.1,60,0.097345
1278.4,60,0.097497
1277.8,60,0.097648
1277.1,60,0.0978
1276.4,60,0.097951
1275.6,60,0.098102
1274.8,60,0.098253
1274,60,0.098404
1273.2,60,0.098555
1272.4,60,0.098706
1271.5,60,0.098857
1270.6,60,0.099007
1269.7,60,0.099158
1268.7,60,0.099308
1267.7,60,0.099458
1266.8,60,0.099608
1265.7,60,0.099758
1264.7,60,0.099908
1263.6,60,0.10006
1262.6,60,0.10021
1261.5,60,0.10036
1260.3,60,0.10051
1259.2,60,0.10066
1258,60,0.10081
1256.9,60,0.10095
1255.7,60,0.1011
1254.5,60,0.10125
1253.2,60,0.1014
1252,60,0.10155
1250.7,60,0.1017
1249.4,60,0.10185
1248.1,60,0.102
1246.8,60,0.10214
1245.5,60,0.10229
1244.1,60,0.10244
1242.8,60,0.10259
1241.4,60,0.10274
1240,60,0.10288
1238.6,60,0.10303
1237.2,60,0.10318
1235.7,60,0.10333
1234.3,60,0.10347
1232.8,60,0.10362
1231.4,60,0.10377
1229.9,60,0.10391
1228.4,60,0.10406
1226.9,60,0.10421
1225.3,60,0.10435
1223.8,60,0.1045
1222.3,60,0.10465
1220.7,60,0.10479
1219.2,60,0.10494
1217.6,60,0.10509
1216,60,0.10523
1214.4,60,0.10538
1212.8,60,0.10552
1211.2,60,0.10567
1209.5,60,0.10581
1207.9,60,0.10596
1206.3,60,0.1061
1204.6,60,0.10625
1203,60,0.10639
1201.3,60,0.10654
1199.6,60,0.10668
1197.9,60,0.10683
1196.2,60,0.10697
1194.5,60,0.10712
1192.8,60,0.10726
1191.1,60,0.10741
1189.4,60,0.10755
1187.7,60,0.10769
1185.9,60,0.10784
1184.2,60,0.10798
1182.4,60,0.10812
1180.7,60,0.10827
1178.9,60,0.10841
1177.2,60,0.10855
1175.4,60,0.1087
1173.6,60,0.10884
1171.8,60,0.10898
1170,60,0.10913
1168.2,60,0.10927
1166.4,60,0.10941
1164.6,60,0.10955
1162.8,60,0.1097
1161,60,0.10984
1159.2,60,0.10998
1157.4,60,0.11012
1155.5,60,0.11026
1153.7,60,0.1104
1151.9,60,0.11055
1150,60,0.11069
1148.2,60,0.11083
1146.4,60,0.11097
1144.5,60,0.11111
1142.6,60,0.11125
1140.8,60,0.11139
1138.9,60,0.11153
1137.1,60,0.11167
1135.2,60,0.11181
1133.3,60,0.11195
1131.5,60,0.11209
1129.6,60,0.11223
1127.7,60,0.11237
1125.8,60,0.11251
1123.9,60,0.11265
1122.1,60,0.11279
1120.2,60,0.11293
1118.3,60,0.11307
1116.4,60,0.11321
1114.5,60,0.11335
1112.6,60,0.11349
1110.7,60,0.11363
1108.8,60,0.11377
1106.9,60,0.1139
1105,60,0.11404
1103.1,60,0.11418
1101.2,60,0.11432
1099.3,60,0.11446
1097.4,60,0.1146
1095.5,60,0.11473
1093.5,60,0.11487
1091.6,60,0.11501
1089.7,60,0.11515
1087.8,60,0.11528
1085.9,60,0.11542
1084,60,0.11556
1082.1,60,0.11569
1080.1,60,0.11583
1078.2,60,0.11597
1076.3,60,0.1161
1074.4,60,0.11624
1072.5,60,0.11638
1070.5,60,0.11651
1068.6,60,0.11665
1066.7,60,0.11679
1064.8,60,0.11692
1062.9,60,0.11706
1060.9,60,0.11719
1059,60,0.11733
1057.1,60,0.11746
1055.2,60,0.1176
1053.3,60,0.11773
1051.3,60,0.11787
1049.4,60,0.118
1047.5,60,0.11814
1045.6,60,0.11827
1043.7,60,0.11841
1041.7,60,0.11854
1039.8,60,0.11867
1037.9,60,0.11881
1036,60,0.11894
1034.1,60,0.11908
1032.2,60,0.11921
1030.3,60,0.11934
1028.3,60,0.11948
1026.4,60,0.11961
1024.5,60,0.11974
1022.6,60,0.11988
1020.7,60,0.12001
1018.8,60,0.12014
1016.9,60,0.12027
1015,60,0.12041
1013.1,60,0.12054
1011.2,60,0.12067
1009.3,60,0.1208
1007.4,60,0.12093
1005.5,60,0.12107
1003.6,60,0.1212
1001.7,60,0.12133
999.86,60,0.12146
997.97,60,0.12159
996.09,60,0.12172
994.21,60,0.12185
992.33,60,0.12198
990.46,60,0.12211
988.58,60,0.12224
986.71,60,0.12238
984.84,60,0.12251
982.97,60,0.12264
981.11,60,0.12277
979.25,60,0.1229
977.39,60,0.12303
975.54,60,0.12315
973.68,60,0.12328
971.83,60,0.12341
969.99,60,0.12354
968.14,60,0.12367
966.3,60,0.1238
964.46,60,0.12393
962.63,60,0.12406
960.79,60,0.12419
958.97,60,0.12431
957.14,60,0.12444
955.32,60,0.12457
953.5,60,0.1247
951.68,60,0.12483
949.87,60,0.12495
948.06,60,0.12508
946.26,60,0.12521
944.46,60,0.12534
942.66,60,0.12546
940.87,60,0.12559
939.08,60,0.12572
937.29,60,0.12584
935.51,60,0.12597
933.73,60,0.1261
931.96,60,0.12622
930.19,60,0.12635
928.42,60,0.12648
926.66,60,0.1266
924.9,60,0.12673
923.15,60,0.12685
921.4,60,0.12698
919.65,60,0.1271
917.91,60,0.12723
916.18,60,0.12735
914.44,60,0.12748
912.72,60,0.1276
910.99,60,0.12773
909.27,60,0.12785
907.56,60,0.12798
905.85,60,0.1281
904.15,60,0.12823
902.45,60,0.12835
900.75,60,0.12847
899.06,60,0.1286
897.38,60,0.12872
895.7,60,0.12884
894.02,60,0.12897
892.35,60,0.12909
890.69,60,0.12921
889.03,60,0.12934
887.37,60,0.12946
885.72,60,0.12958
884.08,60,0.1297
882.44,60,0.12983
880.81,60,0.12995
879.18,60,0.13007
877.55,60,0.13019
875.94,60,0.13031
874.32,60,0.13043
872.72,60,0.13056
871.12,60,0.13068
869.52,60,0.1308
867.93,60,0.13092
866.35,60,0.13104
864.77,60,0.13116
863.2,60,0.13128
861.63,60,0.1314
860.07,60,0.13152
858.52,60,0.13164
856.97,60,0.13176
855.42,60,0.13188
853.89,60,0.132
852.36,60,0.13212
850.83,60,0.13224
849.31,60,0.13236
847.8,60,0.13248
846.3,60,0.1326
844.8,60,0.13272
843.31,60,0.13283
841.82,60,0.13295
840.34,60,0.13307
838.87,60,0.13319
837.4,60,0.13331
835.94,60,0.13343
834.49,60,0.13354
833.04,60,0.13366
831.6,60,0.13378
830.17,60,0.1339
828.74,60,0.13401
827.32,60,0.13413
825.91,60,0.13425
824.5,60,0.13436
823.1,60,0.13448
821.71,60,0.1346
820.33,60,0.13471
818.95,60,0.13483
817.58,60,0.13494
816.22,60,0.13506
814.87,60,0.13518
813.52,60,0.13529
812.18,60,0.13541
810.85,60,0.13552
809.52,60,0.13564
808.2,60,0.13575
806.9,60,0.13587
805.59,60,0.13598
804.3,60,0.1361
803.01,60,0.13621
801.74,60,0.13633
800.47,60,0.13644
799.2,60,0.13655
797.95,60,0.13667
796.7,60,0.13678
795.47,60,0.13689
794.24,60,0.13701
793.02,60,0.13712
791.8,60,0.13723
790.6,60,0.13735
789.4,60,0.13746
788.22,60,0.13757
787.04,60,0.13768
785.87,60,0.1378
784.71,60,0.13791
783.55,60,0.13802
782.41,60,0.13813
781.28,60,0.13824
780.15,60,0.13835
779.04,60,0.13847
777.93,60,0.13858
776.83,60,0.13869
775.74,60,0.1388
774.67,60,0.13891
773.6,60,0.13902
772.54,60,0.13913
771.49,60,0.13924
770.45,60,0.13935
769.42,60,0.13946
768.4,60,0.13957
767.39,60,0.13968
766.39,60,0.13979
765.4,60,0.1399
764.42,60,0.14001
763.45,60,0.14012
762.49,60,0.14023
761.54,60,0.14034
760.61,60,0.14044
759.68,60,0.14055
758.76,60,0.14066
757.86,60,0.14077
756.97,60,0.14088
756.08,60,0.14098
755.21,60,0.14109
754.35,60,0.1412
753.51,60,0.14131
752.67,60,0.14141
751.85,60,0.14152
751.03,60,0.14163
750.23,60,0.14174
749.44,60,0.14184
748.67,60,0.14195
747.91,60,0.14205
747.15,60,0.14216
746.42,60,0.14227
745.69,60,0.14237
744.98,60,0.14248
744.28,60,0.14258
743.59,60,0.14269
742.92,60,0.14279
742.26,60,0.1429
741.62,60,0.143
740.99,60,0.14311
740.37,60,0.14321
739.77,60,0.14332
739.18,60,0.14342
738.61,60,0.14353
738.05,60,0.14363
737.51,60,0.14373
736.98,60,0.14384
736.46,60,0.14394
735.97,60,0.14404
735.49,60,0.14415
735.02,60,0.14425
734.57,60,0.14435
734.14,60,0.14446
733.73,60,0.14456
733.33,60,0.14466
732.95,60,0.14476
732.59,60,0.14486
732.24,60,0.14497
731.91,60,0.14507
731.61,60,0.14517
731.32,60,0.14527
731.05,60,0.14537
730.8,60,0.14547
730.56,60,0.14557
730.35,60,0.14567
730.16,60,0.14578
729.99,60,0.14588
729.84,60,0.14598
729.71,60,0.14608
729.61,60,0.14618
729.52,60,0.14628
729.46,60,0.14638
729.42,60,0.14648
729.4,60,0.14657
729.41,60,0.14667
729.44,60,0.14677
729.5,60,0.14687
729.58,60,0.14697
729.69,60,0.14707
729.82,60,0.14717
729.98,60,0.14727
730.17,60,0.14736
730.39,60,0.14746
730.63,60,0.14756
730.9,60,0.14766
731.2,60,0.14775
731.54,60,0.14785
731.9,60,0.14795
732.29,60,0.14804
732.72,60,0.14814
733.18,60,0.14824
733.67,60,0.14833
734.2,60,0.14843
734.76,60,0.14853
735.35,60,0.14862
735.99,60,0.14872
736.66,60,0.14881
737.37,60,0.14891
738.12,60,0.149
738.91,60,0.1491
739.74,60,0.14919
740.61,60,0.14929
741.53,60,0.14938
742.49,60,0.14948
743.49,60,0.14957
744.55,60,0.14967
745.65,60,0.14976
746.8,60,0.14985
748,60,0.14995
749.25,60,0.15004
750.55,60,0.15013
751.91,60,0.15023
753.33,60,0.15032
754.8,60,0.15041
756.34,60,0.15051
757.93,60,0.1506
759.59,60,0.15069
761.31,60,0.15078
763.09,60,0.15088
764.95,60,0.15097
766.88,60,0.15106
768.88,60,0.15115
770.95,60,0.15124
773.1,60,0.15133
775.33,60,0.15142
777.64,60,0.15151
780.04,60,0.1516
782.52,60,0.1517
785.1,60,0.15179
787.76,60,0.15188
790.52,60,0.15197
793.38,60,0.15206
796.35,60,0.15215
799.42,60,0.15223
802.6,60,0.15232
805.89,60,0.15241
809.3,60,0.1525
812.83,60,0.15259
816.48,60,0.15268
820.27,60,0.15277
824.19,60,0.15286
828.25,60,0.15294
832.46,60,0.15303
836.81,60,0.15312
841.32,60,0.15321
845.99,60,0.1533
850.83,60,0.15338
855.85,60,0.15347
861.04,60,0.15356
866.43,60,0.15364
872.01,60,0.15373
877.79,60,0.15382
883.79,60,0.1539
890,60,0.15399
896.45,60,0.15407
903.13,60,0.15416
910.07,60,0.15425
917.26,60,0.15433
924.72,60,0.15442
932.47,60,0.1545
940.52,60,0.15459
948.87,60,0.15467
957.54,60,0.15476
966.55,60,0.15484
975.92,60,0.15492
985.65,60,0.15501
995.77,60,0.15509
1006.3,60,0.15518
1017.2,60,0.15526
1028.6,60,0.15534
1040.5,60,0.15543
1052.8,60,0.15551
1065.7,60,0.15559
1079.1,60,0.15568
1093.1,60,0.15576
1107.6,60,0.15584
1122.8,60,0.15592
1138.6,60,0.156
1155.2,60,0.15609
1172.4,60,0.15617
1190.5,60,0.15625
1209.3,60,0.15633
1229,60,0.15641
1249.6,60,0.15649
1271.2,60,0.15657
1293.8,60,0.15665
1317.4,60,0.15674
1342.2,60,0.15682
1368.1,60,0.1569
1395.4,60,0.15698
1423.9,60,0.15706
1453.9,60,0.15714
1485.4,60,0.15721
1518.6,60,0.15729
1553.4,60,0.15737
1590,60,0.15745
1628.5,60,0.15753
1669.1,60,0.15761
1711.8,60,0.15769
1756.9,60,0.15777
1804.4,60,0.15784
1854.5,60,0.15792
1907.4,60,0.158
1963.3,60,0.15808
2022.3,60,0.15815
2084.7,60,0.15823
2150.7,60,0.15831
2220.5,60,0.15839
2294.4,60,0.15846
2372.6,60,0.15854
2455.5,60,0.15862
2543.2,60,0.15869
2636.1,60,0.15877
2736.2,60,0.15884
2855.3,60,0.15892
2981.6,60,0.15899
3113.8,60,0.15907
3252,60,0.15915
3396.3,60,0.15922
3546.6,60,0.15929
3702.9,60,0.15937
3865.4,60,0.15944
4033.8,60,0.15952
4208,60,0.15959
4387.9,60,0.15967
4573.3,60,0.15974
4763.7,60,0.15981
4958.9,60,0.15989
5158.2,60,0.15996
5361.1,60,0.16003
5566.9,60,0.16011
5774.9,60,0.16018
5996.9,60,0.16025
6228.5,60,0.16032
6455.4,60,0.1604
6675.4,60,0.16047
6886,60,0.16054
7084,60,0.16061
7266.5,60,0.16068
7430,60,0.16075
7571.5,60,0.16082
7688.1,60,0.1609
7777.3,60,0.16097
7837.5,60,0.16104
7867.4,60,0.16111
7866.6,60,0.16118
7835.6,60,0.16125
7775.6,60,0.16132
7688.3,60,0.16139
7576.3,60,0.16146
7442.4,60,0.16153
7289.8,60,0.16159
7121.6,60,0.16166
6941,60,0.16173
6751.3,60,0.1618
6555.1,60,0.16187
6355.1,60,0.16194
6153.6,60,0.16201
5952.4,60,0.16207
5753.1,60,0.16214
5557,60,0.16221
5365.1,60,0.16228
5178.2,60,0.16234
4996.8,60,0.16241
4821.3,60,0.16248
4651.9,60,0.16254
4488.8,60,0.16261
4331.9,60,0.16268
4181.2,60,0.16274
4036.5,60,0.16281
3897.7,60,0.16287
3764.7,60,0.16294
3637.2,60,0.16301
3514.9,60,0.16307
3397.8,60,0.16314
3285.4,60,0.1632
3177.7,60,0.16327
3074.4,60,0.16333
2975.2,60,0.16339
2880.1,60,0.16346
2788.6,60,0.16352
2700.8,60,0.16359
2616.4,60,0.16365
2535.2,60,0.16371
2457,60,0.16378
2381.8,60,0.16384
2309.3,60,0.1639
2239.4,60,0.16397
2172.1,60,0.16403
2107.1,60,0.16409
2044.4,60,0.16415
1983.8,60,0.16421
1925.3,60,0.16428
1868.7,60,0.16434
1814,60,0.1644
1761,60,0.16446
1709.8,60,0.16452
1660.2,60,0.16458
1612.1,60,0.16464
1565.5,60,0.1647
1520.3,60,0.16476
1476.5,60,0.16482
1433.9,60,0.16488
1392.7,60,0.16494
1352.6,60,0.165
1313.6,60,0.16506
1275.8,60,0.16512
1239,60,0.16518
1203.2,60,0.16524
1168.4,60,0.1653
1134.6,60,0.16536
1101.6,60,0.16542
1069.5,60,0.16547
1038.3,60,0.16553
1007.8,60,0.16559
978.17,60,0.16565
949.25,60,0.16571
921.07,60,0.16576
893.58,60,0.16582
866.77,60,0.16588
840.61,60,0.16593
815.08,60,0.16599
790.17,60,0.16605
765.84,60,0.1661
742.08,60,0.16616
718.88,60,0.16622
696.21,60,0.16627
674.06,60,0.16633
652.41,60,0.16638
631.25,60,0.16644
610.56,60,0.16649
590.33,60,0.16655
570.55,60,0.1666
551.19,60,0.16666
532.26,60,0.16671
513.73,60,0.16676
495.6,60,0.16682
477.85,60,0.16687
460.47,60,0.16692
443.45,60,0.16698
426.79,60,0.16703
410.48,60,0.16708
394.49,60,0.16714
378.83,60,0.16719
363.49,60,0.16724
348.46,60,0.16729
333.72,60,0.16735
319.28,60,0.1674
305.12,60,0.16745
291.24,60,0.1675
277.64,60,0.16755
264.29,60,0.1676
251.21,60,0.16765
238.37,60,0.1677
225.78,60,0.16776
213.43,60,0.16781
201.31,60,0.16786
189.43,60,0.16791
177.76,60,0.16796
166.31,60,0.168
155.08,60,0.16805
144.05,60,0.1681
133.23,60,0.16815
122.6,60,0.1682
112.17,60,0.16825
101.93,60,0.1683
91.879,60,0.16835
82.007,60,0.1684
72.312,60,0.16844
62.792,60,0.16849
53.443,60,0.16854
44.261,60,0.16859
35.242,60,0.16863
26.383,60,0.16868
17.681,60,0.16873
9.1333,60,0.16877
0.73592,60,0.16882
-7.5138,60,0.16887
-15.619,60,0.16891
-23.582,60,0.16896
-31.406,60,0.169
-39.093,60,0.16905
-46.647,60,0.1691
-54.07,60,0.16914
-61.364,60,0.16919
-68.531,60,0.16923
-75.574,60,0.16927
-82.496,60,0.16932
-89.299,60,0.16936
-95.984,60,0.16941
-102.55,60,0.16945
-109.01,60,0.16949
-115.36,60,0.16954
-121.59,60,0.16958
-127.72,60,0.16962
-133.75,60,0.16967
-139.67,60,0.16971
-145.49,60,0.16975
-151.21,60,0.1698
-156.83,60,0.16984
-162.36,60,0.16988
-167.79,60,0.16992
-173.12,60,0.16996
-178.37,60,0.17
-183.53,60,0.17005
-188.59,60,0.17009
-193.57,60,0.17013
-198.47,60,0.17017
-203.28,60,0.17021
-208.01,60,0.17025
-212.65,60,0.17029
-217.22,60,0.17033
-221.71,60,0.17037
-226.12,60,0.17041
-230.45,60,0.17045
-234.71,60,0.17049
-238.89,60,0.17053
-243.01,60,0.17057
-247.05,60,0.1706
-251.02,60,0.17064
-254.92,60,0.17068
-258.75,60,0.17072
-262.51,60,0.17076
-266.21,60,0.17079
-269.85,60,0.17083
-273.41,60,0.17087
-276.92,60,0.17091
-280.37,60,0.17094
-283.75,60,0.17098
-287.07,60,0.17102
-290.34,60,0.17105
-293.54,60,0.17109
-296.69,60,0.17113
-299.78,60,0.17116
-302.82,60,0.1712
-305.8,60,0.17123
-308.72,60,0.17127
-311.6,60,0.1713
-314.42,60,0.17134
-317.19,60,0.17137
-319.9,60,0.17141
-322.57,60,0.17144
-325.19,60,0.17148
-327.76,60,0.17151
-330.28,60,0.17154
-332.76,60,0.17158
-335.19,60,0.17161
-337.57,60,0.17164
-339.91,60,0.17168
-342.2,60,0.17171
-344.45,60,0.17174
-346.65,60,0.17177
-348.82,60,0.17181
-350.94,60,0.17184
-353.02,60,0.17187
-355.06,60,0.1719
-357.06,60,0.17193
-359.02,60,0.17197
-360.94,60,0.172
-362.82,60,0.17203
-364.67,60,0.17206
-366.48,60,0.17209
-368.25,60,0.17212
-369.98,60,0.17215
-371.68,60,0.17218
-373.35,60,0.17221
-374.98,60,0.17224
-376.57,60,0.17227
-378.13,60,0.1723
-379.66,60,0.17233
-381.16,60,0.17236
-382.62,60,0.17238
-384.05,60,0.17241
-385.45,60,0.17244
-386.82,60,0.17247
-388.16,60,0.1725
-389.47,60,0.17252
-390.75,60,0.17255
-392,60,0.17258
-393.22,60,0.17261
-394.42,60,0.17263
-395.58,60,0.17266
-396.72,60,0.17269
-397.83,60,0.17271
-398.92,60,0.17274
-399.97,60,0.17277
-401.01,60,0.17279
-402.01,60,0.17282
-402.99,60,0.17284
-403.95,60,0.17287
-404.88,60,0.17289
-405.79,60,0.17292
-406.67,60,0.17294
-407.53,60,0.17297
-408.36,60,0.17299
-409.18,60,0.17302
-409.97,60,0.17304
-410.73,60,0.17306
-411.48,60,0.17309
-412.2,60,0.17311
-412.9,60,0.17313
-413.59,60,0.17316
-414.25,60,0.17318
-414.88,60,0.1732
-415.5,60,0.17322
-416.1,60,0.17325
-416.68,60,0.17327
-417.24,60,0.17329
-417.78,60,0.17331
-418.3,60,0.17333
-418.8,60,0.17336
-419.29,60,0.17338
-419.75,60,0.1734
-420.2,60,0.17342
-420.63,60,0.17344
-421.04,60,0.17346
-421.44,60,0.17348
-421.82,60,0.1735
-422.18,60,0.17352
-422.52,60,0.17354
-422.85,60,0.17356
-423.16,60,0.17358
-423.45,60,0.1736
-423.73,60,0.17361
-424,60,0.17363
-424.24,60,0.17365
-424.48,60,0.17367
-424.69,60,0.17369
-424.9,60,0.17371
-425.09,60,0.17372
-425.26,60,0.17374
-425.42,60,0.17376
-425.57,60,0.17378
-425.7,60,0.17379
-425.82,60,0.17381
-425.92,60,0.17383
-426.01,60,0.17384
-426.09,60,0.17386
-426.15,60,0.17387
-426.21,60,0.17389
-426.24,60,0.17391
-426.27,60,0.17392
-426.29,60,0.17394
-426.29,60,0.17395
-426.28,60,0.17397
-426.26,60,0.17398
-426.22,60,0.17399
-426.18,60,0.17401
-426.12,60,0.17402
-426.05,60,0.17404
-425.98,60,0.17405
-425.89,60,0.17406
-425.79,60,0.17408
-425.67,60,0.17409
-425.55,60,0.1741
-425.42,60,0.17412
-425.28,60,0.17413
-425.12,60,0.17414
-424.96,60,0.17415
-424.79,60,0.17417
-424.61,60,0.17418
-424.41,60,0.17419
-424.21,60,0.1742
-424,60,0.17421
-423.78,60,0.17422
-423.55,60,0.17423
-423.31,60,0.17424
-423.07,60,0.17425
-422.81,60,0.17426
-422.55,60,0.17427
-422.27,60,0.17428
-421.99,60,0.17429
-421.7,60,0.1743
-421.4,60,0.17431
-421.1,60,0.17432
-420.78,60,0.17433
-420.46,60,0.17434
-420.13,60,0.17435
-419.79,60,0.17436
-419.45,60,0.17436
-419.1,60,0.17437
-418.74,60,0.17438
-418.37,60,0.17439
-418,60,0.17439
-417.61,60,0.1744
-417.23,60,0.17441
-416.83,60,0.17442
-416.43,60,0.17442
-416.02,60,0.17443
-415.6,60,0.17443
-415.18,60,0.17444
-414.75,60,0.17445
-414.32,60,0.17445
-413.88,60,0.17446
-413.43,60,0.17446
-412.98,60,0.17447
-412.52,60,0.17447
-412.05,60,0.17448
-411.58,60,0.17448
-411.11,60,0.17449
-410.62,60,0.17449
-410.14,60,0.17449
-409.64,60,0.1745
-409.14,60,0.1745
-408.64,60,0.17451
-408.13,60,0.17451
-407.61,60,0.17451
-407.09,60,0.17451
-406.57,60,0.17452
-406.04,60,0.17452
-405.5,60,0.17452
-404.96,60,0.17452
-404.42,60,0.17453
-403.87,60,0.17453
-403.31,60,0.17453
-402.75,60,0.17453
-402.19,60,0.17453
-401.62,60,0.17453
-401.05,60,0.17453
-400.47,60,0.17453
-399.89,60,0.17453
-399.3,60,0.17453
-398.71,60,0.17453
-398.11,60,0.17453
-397.52,60,0.17453
-396.91,60,0.17453
-396.31,60,0.17453
-395.69,60,0.17453
-395.08,60,0.17453
-394.46,60,0.17453
-393.84,60,0.17453
-393.21,60,0.17452
-392.58,60,0.17452
-391.95,60,0.17452
-391.31,60,0.17452
-390.67,60,0.17451
-390.03,60,0.17451
-389.38,60,0.17451
-388.73,60,0.17451
-388.07,60,0.1745
-387.41,60,0.1745
-386.75,60,0.17449
-386.09,60,0.17449
-385.42,60,0.17449
-384.75,60,0.17448
-384.08,60,0.17448
-383.4,60,0.17447
-382.72,60,0.17447
-382.03,60,0.17446
-381.35,60,0.17446
-380.66,60,0.17445
-379.97,60,0.17445
-379.27,60,0.17444
-378.58,60,0.17443
-377.88,60,0.17443
-377.17,60,0.17442
-376.47,60,0.17442
-375.76,60,0.17441
-375.05,60,0.1744
-374.33,60,0.17439
-373.62,60,0.17439
-372.9,60,0.17438
-372.18,60,0.17437
-371.45,60,0.17436
-370.73,60,0.17436
-370,60,0.17435
-369.27,60,0.17434
-368.54,60,0.17433
-367.8,60,0.17432
-367.06,60,0.17431
-366.33,60,0.1743
-365.58,60,0.17429
-364.84,60,0.17428
-364.09,60,0.17427
-363.35,60,0.17426
-362.6,60,0.17425
-361.84,60,0.17424
-361.09,60,0.17423
-360.33,60,0.17422
-359.58,60,0.17421
-358.82,60,0.1742
-358.06,60,0.17419
-357.29,60,0.17418
-356.53,60,0.17417
-355.76,60,0.17415
-354.99,60,0.17414
-354.22,60,0.17413
-353.45,60,0.17412
-352.68,60,0.1741
-351.9,60,0.17409
-351.13,60,0.17408
-350.35,60,0.17406
-349.57,60,0.17405
-348.79,60,0.17404
-348,60,0.17402
-347.22,60,0.17401
-346.43,60,0.17399
-345.65,60,0.17398
-344.86,60,0.17397
-344.07,60,0.17395
-343.28,60,0.17394
-342.49,60,0.17392
-341.69,60,0.17391
-340.9,60,0.17389
-340.1,60,0.17387
-339.31,60,0.17386
-338.51,60,0.17384
-337.71,60,0.17383
-336.91,60,0.17381
-336.11,60,0.17379
-335.31,60,0.17378
-334.5,60,0.17376
-333.7,60,0.17374
-332.89,60,0.17372
-332.09,60,0.17371
-331.28,60,0.17369
-330.47,60,0.17367
-329.66,60,0.17365
-328.85,60,0.17363
-328.04,60,0.17361
-327.23,60,0.1736
-326.42,60,0.17358
-325.61,60,0.17356
-324.79,60,0.17354
-323.98,60,0.17352
-323.17,60,0.1735
-322.35,60,0.17348
-321.53,60,0.17346
-320.72,60,0.17344
-319.9,60,0.17342
-319.08,60,0.1734
-318.27,60,0.17338
-317.45,60,0.17336
-316.63,60,0.17333
-315.81,60,0.17331
-314.99,60,0.17329
-314.17,60,0.17327
-313.35,60,0.17325
-312.53,60,0.17322
-311.7,60,0.1732
-310.88,60,0.17318
-310.06,60,0.17316
-309.24,60,0.17313
-308.42,60,0.17311
-307.59,60,0.17309
-306.77,60,0.17306
-305.95,60,0.17304
-305.13,60,0.17302
-304.3,60,0.17299
-303.48,60,0.17297
-302.66,60,0.17294
-301.83,60,0.17292
-301.01,60,0.17289
-300.19,60,0.17287
-299.36,60,0.17284
-298.54,60,0.17282
-297.72,60,0.17279
-296.89,60,0.17277
-296.07,60,0.17274
-295.25,60,0.17271
-294.42,60,0.17269
-293.6,60,0.17266
-292.78,60,0.17263
-291.96,60,0.17261
-291.14,60,0.17258
-290.32,60,0.17255
-289.49,60,0.17252
-288.67,60,0.1725
-287.85,60,0.17247
-287.03,60,0.17244
-286.21,60,0.17241
-285.39,60,0.17238
-284.58,60,0.17236
-283.76,60,0.17233
-282.94,60,0.1723
-282.12,60,0.17227
-281.31,60,0.17224
-280.49,60,0.17221
-279.68,60,0.17218
-278.86,60,0.17215
-278.05,60,0.17212
-277.23,60,0.17209
-276.42,60,0.17206
-275.61,60,0.17203
-274.8,60,0.172
-273.99,60,0.17197
-273.18,60,0.17193
-272.37,60,0.1719
-271.56,60,0.17187
-270.75,60,0.17184
-269.95,60,0.17181
-269.14,60,0.17177
-268.34,60,0.17174
-267.53,60,0.17171
-266.73,60,0.17168
-265.93,60,0.17164
-265.13,60,0.17161
-264.33,60,0.17158
-263.53,60,0.17154
-262.73,60,0.17151
-261.94,60,0.17148
-261.14,60,0.17144
-260.35,60,0.17141
-259.56,60,0.17137
-258.77,60,0.17134
-257.98,60,0.1713
-257.19,60,0.17127
-256.4,60,0.17123
-255.61,60,0.1712
-254.83,60,0.17116
-254.05,60,0.17113
-253.27,60,0.17109
-252.49,60,0.17105
-251.71,60,0.17102
-250.93,60,0.17098
-250.15,60,0.17094
-249.38,60,0.17091
-248.61,60,0.17087
-247.84,60,0.17083
-247.07,60,0.17079
-246.3,60,0.17076
-245.53,60,0.17072
-244.77,60,0.17068
-244,60,0.17064
-243.24,60,0.1706
-242.48,60,0.17057
-241.73,60,0.17053
-240.97,60,0.17049
-240.22,60,0.17045
-239.47,60,0.17041
-238.72,60,0.17037
-237.97,60,0.17033
-237.22,60,0.17029
-236.48,60,0.17025
-235.74,60,0.17021
-235,60,0.17017
-234.26,60,0.17013
-233.52,60,0.17009
-232.79,60,0.17005
-232.06,60,0.17
-231.33,60,0.16996
-230.6,60,0.16992
-229.88,60,0.16988
-229.16,60,0.16984
-228.44,60,0.1698
-227.72,60,0.16975
-227,60,0.16971
-226.29,60,0.16967
-225.58,60,0.16962
-224.87,60,0.16958
-224.16,60,0.16954
-223.46,60,0.16949
-222.76,60,0.16945
-222.06,60,0.16941
-221.36,60,0.16936
-220.67,60,0.16932
-219.98,60,0.16927
-219.29,60,0.16923
-218.61,60,0.16919
-217.92,60,0.16914
-217.24,60,0.1691
-216.57,60,0.16905
-215.89,60,0.169
-215.22,60,0.16896
-214.55,60,0.16891
-213.89,60,0.16887
-213.22,60,0.16882
-212.56,60,0.16877
-211.9,60,0.16873
-211.25,60,0.16868
-210.6,60,0.16863
-209.95,60,0.16859
-209.3,60,0.16854
-208.66,60,0.16849
-208.02,60,0.16844
-207.39,60,0.1684
-206.75,60,0.16835
-206.12,60,0.1683
-205.5,60,0.16825
-204.87,60,0.1682
-204.25,60,0.16815
-203.64,60,0.1681
-203.02,60,0.16805
-202.41,60,0.168
-201.8,60,0.16796
-201.2,60,0.16791
-200.6,60,0.16786
-200,60,0.16781
-199.41,60,0.16776
-198.82,60,0.1677
-198.23,60,0.16765
-197.65,60,0.1676
-197.07,60,0.16755
-196.5,60,0.1675
-195.92,60,0.16745
-195.36,60,0.1674
-194.79,60,0.16735
-194.23,60,0.16729
-193.67,60,0.16724
-193.12,60,0.16719
-192.57,60,0.16714
-192.02,60,0.16708
-191.48,60,0.16703
-190.94,60,0.16698
-190.41,60,0.16692
-189.87,60,0.16687
-189.35,60,0.16682
-188.82,60,0.16676
-188.3,60,0.16671
-187.79,60,0.16666
-187.28,60,0.1666
-186.77,60,0.16655
-186.27,60,0.16649
-185.77,60,0.16644
-185.27,60,0.16638
-184.78,60,0.16633
-184.3,60,0.16627
-183.81,60,0.16622
-183.34,60,0.16616
-182.86,60,0.1661
-182.39,60,0.16605
-181.93,60,0.16599
-181.47,60,0.16593
-181.01,60,0.16588
-180.56,60,0.16582
-180.11,60,0.16576
-179.66,60,0.16571
-179.22,60,0.16565
-178.79,60,0.16559
-178.36,60,0.16553
-177.93,60,0.16547
-177.51,60,0.16542
-177.09,60,0.16536
-176.68,60,0.1653
-176.27,60,0.16524
-175.87,60,0.16518
-175.47,60,0.16512
-175.08,60,0.16506
-174.69,60,0.165
-174.3,60,0.16494
-173.92,60,0.16488
-173.55,60,0.16482
-173.17,60,0.16476
-172.81,60,0.1647
-172.45,60,0.16464
-172.09,60,0.16458
-171.74,60,0.16452
-171.39,60,0.16446
-171.05,60,0.1644
-170.71,60,0.16434
-170.38,60,0.16428
-170.05,60,0.16421
-169.73,60,0.16415
-169.41,60,0.16409
-169.1,60,0.16403
-168.79,60,0.16397
-168.49,60,0.1639
-168.19,60,0.16384
-167.9,60,0.16378
-167.61,60,0.16371
-167.33,60,0.16365
-167.05,60,0.16359
-166.78,60,0.16352
-166.51,60,0.16346
-166.25,60,0.16339
-165.99,60,0.16333
-165.74,60,0.16327
-165.5,60,0.1632
-165.25,60,0.16314
-165.02,60,0.16307
-164.79,60,0.16301
-164.56,60,0.16294
-164.34,60,0.16287
-164.13,60,0.16281
-163.92,60,0.16274
-163.71,60,0.16268
-163.51,60,0.16261
-163.32,60,0.16254
-163.13,60,0.16248
-162.95,60,0.16241
-162.77,60,0.16234
-162.6,60,0.16228
-162.43,60,0.16221
-162.27,60,0.16214
-162.12,60,0.16207
-161.97,60,0.16201
-161.82,60,0.16194
-161.68,60,0.16187
-161.55,60,0.1618
-161.42,60,0.16173
-161.3,60,0.16166
-161.18,60,0.16159
-161.07,60,0.16153
-160.96,60,0.16146
-160.86,60,0.16139
-160.77,60,0.16132
-160.68,60,0.16125
-160.59,60,0.16118
-160.52,60,0.16111
-160.44,60,0.16104
-160.38,60,0.16097
-160.32,60,0.1609
-160.26,60,0.16082
-160.21,60,0.16075
-160.17,60,0.16068
-160.13,60,0.16061
-160.1,60,0.16054
-160.07,60,0.16047
-160.05,60,0.1604
-160.03,60,0.16032
-160.02,60,0.16025
-160.02,60,0.16018
-160.02,60,0.16011
-160.03,60,0.16003
-160.04,60,0.15996
-160.06,60,0.15989
-160.08,60,0.15981
-160.12,60,0.15974
-160.15,60,0.15967
-160.19,60,0.15959
-160.24,60,0.15952
-160.3,60,0.15944
-160.36,60,0.15937
-160.42,60,0.15929
-160.49,60,0.15922
-160.57,60,0.15915
-160.65,60,0.15907
-160.74,60,0.15899
-160.84,60,0.15892
-160.94,60,0.15884
-161.04,60,0.15877
-161.15,60,0.15869
-161.27,60,0.15862
-161.4,60,0.15854
-161.53,60,0.15846
-161.66,60,0.15839
-161.8,60,0.15831
-161.95,60,0.15823
-162.1,60,0.15815
-162.26,60,0.15808
-162.43,60,0.158
-162.6,60,0.15792
-162.78,60,0.15784
-162.96,60,0.15777
-163.15,60,0.15769
-163.34,60,0.15761
-163.54,60,0.15753
-163.75,60,0.15745
-163.96,60,0.15737
-164.18,60,0.15729
-164.4,60,0.15721
-164.63,60,0.15714
-164.87,60,0.15706
-165.11,60,0.15698
-165.36,60,0.1569
-165.61,60,0.15682
-165.87,60,0.15674
-166.14,60,0.15665
-166.41,60,0.15657
-166.68,60,0.15649
-166.97,60,0.15641
-167.26,60,0.15633
-167.55,60,0.15625
-167.85,60,0.15617
-168.16,60,0.15609
-168.47,60,0.156
-168.79,60,0.15592
-169.11,60,0.15584
-169.44,60,0.15576
-169.78,60,0.15568
-170.12,60,0.15559
-170.47,60,0.15551
-170.82,60,0.15543
-171.18,60,0.15534
-171.54,60,0.15526
-171.91,60,0.15518
-172.29,60,0.15509
-172.67,60,0.15501
-173.06,60,0.15492
-173.45,60,0.15484
-173.85,60,0.15476
-174.26,60,0.15467
-174.67,60,0.15459
-175.09,60,0.1545
-175.51,60,0.15442
-175.94,60,0.15433
-176.37,60,0.15425
-176.81,60,0.15416
-177.26,60,0.15407
-177.71,60,0.15399
-178.17,60,0.1539
-178.63,60,0.15382
-179.1,60,0.15373
-179.57,60,0.15364
-180.05,60,0.15356
-180.54,60,0.15347
-181.03,60,0.15338
-181.52,60,0.1533
-182.03,60,0.15321
-182.53,60,0.15312
-183.05,60,0.15303
-183.57,60,0.15294
-184.09,60,0.15286
-184.62,60,0.15277
-185.16,60,0.15268
-185.7,60,0.15259
-186.25,60,0.1525
-186.8,60,0.15241
-187.36,60,0.15232
-187.92,60,0.15223
-188.49,60,0.15215
-189.06,60,0.15206
-189.64,60,0.15197
-190.23,60,0.15188
-190.82,60,0.15179
-191.42,60,0.1517
-192.02,60,0.1516
-192.62,60,0.15151
-193.24,60,0.15142
-193.86,60,0.15133
-194.48,60,0.15124
-195.11,60,0.15115
-195.74,60,0.15106
-196.38,60,0.15097
-197.03,60,0.15088
-197.68,60,0.15078
-198.33,60,0.15069
-198.99,60,0.1506
-199.66,60,0.15051
-200.33,60,0.15041
-201,60,0.15032
-201.69,60,0.15023
-202.37,60,0.15013
-203.06,60,0.15004
-203.76,60,0.14995
-204.46,60,0.14985
-205.17,60,0.14976
-205.88,60,0.14967
-206.6,60,0.14957
-207.32,60,0.14948
-208.05,60,0.14938
-208.78,60,0.14929
-209.52,60,0.14919
-210.27,60,0.1491
-211.01,60,0.149
-211.77,60,0.14891
-212.52,60,0.14881
-213.29,60,0.14872
-214.05,60,0.14862
-214.83,60,0.14853
-215.6,60,0.14843
-216.39,60,0.14833
-217.17,60,0.14824
-217.97,60,0.14814
-218.76,60,0.14804
-219.57,60,0.14795
-220.37,60,0.14785
-221.18,60,0.14775
-222,60,0.14766
-222.82,60,0.14756
-223.65,60,0.14746
-224.48,60,0.14736
-225.31,60,0.14727
-226.15,60,0.14717
-227,60,0.14707
-227.84,60,0.14697
-228.7,60,0.14687
-229.56,60,0.14677
-230.42,60,0.14667
-231.29,60,0.14657
-232.16,60,0.14648
-233.04,60,0.14638
-233.92,60,0.14628
-234.8,60,0.14618
-235.69,60,0.14608
-236.59,60,0.14598
-237.48,60,0.14588
-238.39,60,0.14578
-239.3,60,0.14567
-240.21,60,0.14557
-241.12,60,0.14547
-242.04,60,0.14537
-242.97,60,0.14527
-243.9,60,0.14517
-244.83,60,0.14507
-245.77,60,0.14497
-246.71,60,0.14486
-247.66,60,0.14476
-248.61,60,0.14466
-249.56,60,0.14456
-250.52,60,0.14446
-251.49,60,0.14435
-252.45,60,0.14425
-253.42,60,0.14415
-254.4,60,0.14404
-255.38,60,0.14394
-256.36,60,0.14384
-257.35,60,0.14373
-258.34,60,0.14363
-259.34,60,0.14353
-260.33,60,0.14342
-261.34,60,0.14332
-262.34,60,0.14321
-263.36,60,0.14311
-264.37,60,0.143
-265.39,60,0.1429
-266.41,60,0.14279
-267.44,60,0.14269
-268.47,60,0.14258
-269.5,60,0.14248
-270.54,60,0.14237
-271.58,60,0.14227
-272.63,60,0.14216
-273.68,60,0.14205
-274.73,60,0.14195
-275.79,60,0.14184
-276.85,60,0.14174
-277.91,60,0.14163
-278.98,60,0.14152
-280.05,60,0.14141
-281.12,60,0.14131
-282.2,60,0.1412
-283.28,60,0.14109
-284.36,60,0.14098
-285.45,60,0.14088
-286.54,60,0.14077
-287.64,60,0.14066
-288.74,60,0.14055
-289.84,60,0.14044
-290.95,60,0.14034
-292.06,60,0.14023
-293.17,60,0.14012
-294.28,60,0.14001
-295.4,60,0.1399
-296.52,60,0.13979
-297.65,60,0.13968
-298.78,60,0.13957
-299.91,60,0.13946
-301.04,60,0.13935
-302.18,60,0.13924
-303.32,60,0.13913
-304.47,60,0.13902
-305.62,60,0.13891
-306.77,60,0.1388
-307.92,60,0.13869
-309.08,60,0.13858
-310.24,60,0.13847
-311.4,60,0.13835
-312.57,60,0.13824
-313.74,60,0.13813
-314.91,60,0.13802
-316.08,60,0.13791
-317.26,60,0.1378
-318.44,60,0.13768
-319.63,60,0.13757
-320.81,60,0.13746
-322,60,0.13735
-323.2,60,0.13723
-324.39,60,0.13712
-325.59,60,0.13701
-326.79,60,0.13689
-327.99,60,0.13678
-329.2,60,0.13667
-330.41,60,0.13655
-331.62,60,0.13644
-332.84,60,0.13633
-334.06,60,0.13621
-335.28,60,0.1361
-336.5,60,0.13598
-337.72,60,0.13587
-338.95,60,0.13575
-340.18,60,0.13564
-341.42,60,0.13552
-342.65,60,0.13541
-343.89,60,0.13529
-345.13,60,0.13518
-346.38,60,0.13506
-347.62,60,0.13494
-348.87,60,0.13483
-350.12,60,0.13471
-351.38,60,0.1346
-352.63,60,0.13448
-353.89,60,0.13436
-355.15,60,0.13425
-356.41,60,0.13413
-357.68,60,0.13401
-358.95,60,0.1339
-360.22,60,0.13378
-361.49,60,0.13366
-362.77,60,0.13354
-364.05,60,0.13343
-365.33,60,0.13331
-366.61,60,0.13319
-367.89,60,0.13307
-369.18,60,0.13295
-370.47,60,0.13283
-371.76,60,0.13272
-373.05,60,0.1326
-374.35,60,0.13248
-375.65,60,0.13236
-376.95,60,0.13224
-378.25,60,0.13212
-379.55,60,0.132
-380.86,60,0.13188
-382.17,60,0.13176
-383.48,60,0.13164
-384.79,60,0.13152
-386.11,60,0.1314
-387.43,60,0.13128
-388.75,60,0.13116
-390.07,60,0.13104
-391.39,60,0.13092
-392.72,60,0.1308
-394.04,60,0.13068
-395.37,60,0.13056
-396.7,60,0.13043
-398.04,60,0.13031
-399.37,60,0.13019
-400.71,60,0.13007
-402.05,60,0.12995
-403.39,60,0.12983
-404.74,60,0.1297
-406.08,60,0.12958
-407.43,60,0.12946
-408.78,60,0.12934
-410.13,60,0.12921
-411.48,60,0.12909
-412.84,60,0.12897
-414.19,60,0.12884
-415.55,60,0.12872
-416.91,60,0.1286
-418.27,60,0.12847
-419.64,60,0.12835
-421,60,0.12823
-422.37,60,0.1281
-423.74,60,0.12798
-425.11,60,0.12785
-426.49,60,0.12773
-427.86,60,0.1276
-429.24,60,0.12748
-430.62,60,0.12735
-432,60,0.12723
-433.38,60,0.1271
-434.76,60,0.12698
-436.15,60,0.12685
-437.54,60,0.12673
-438.93,60,0.1266
-440.32,60,0.12648
-441.71,60,0.12635
-443.1,60,0.12622
-444.5,60,0.1261
-445.9,60,0.12597
-447.3,60,0.12584
-448.7,60,0.12572
-450.1,60,0.12559
-451.51,60,0.12546
-452.91,60,0.12534
-454.32,60,0.12521
-455.73,60,0.12508
-457.14,60,0.12495
-458.55,60,0.12483
-459.97,60,0.1247
-461.39,60,0.12457
-462.8,60,0.12444
-464.22,60,0.12431
-465.64,60,0.12419
-467.07,60,0.12406
-468.49,60,0.12393
-469.92,60,0.1238
-471.35,60,0.12367
-472.78,60,0.12354
-474.21,60,0.12341
-475.64,60,0.12328
-477.07,60,0.12315
-478.51,60,0.12303
-479.95,60,0.1229
-481.39,60,0.12277
-482.83,60,0.12264
-484.27,60,0.12251
-485.71,60,0.12238
-487.16,60,0.12224
-488.61,60,0.12211
-490.06,60,0.12198
-491.51,60,0.12185
-492.96,60,0.12172
-494.41,60,0.12159
-495.87,60,0.12146
-497.32,60,0.12133
-498.78,60,0.1212
-500.24,60,0.12107
-501.7,60,0.12093
-503.17,60,0.1208
-504.63,60,0.12067
-506.1,60,0.12054
-507.57,60,0.12041
-509.04,60,0.12027
-510.51,60,0.12014
-511.98,60,0.12001
-513.46,60,0.11988
-514.93,60,0.11974
-516.41,60,0.11961
-517.89,60,0.11948
-519.37,60,0.11934
-520.86,60,0.11921
-522.34,60,0.11908
-523.83,60,0.11894
-525.32,60,0.11881
-526.81,60,0.11867
-528.3,60,0.11854
-529.79,60,0.11841
-531.28,60,0.11827
-532.78,60,0.11814
-534.28,60,0.118
-535.78,60,0.11787
-537.28,60,0.11773
-538.78,60,0.1176
-540.29,60,0.11746
-541.79,60,0.11733
-543.3,60,0.11719
-544.81,60,0.11706
-546.32,60,0.11692
-547.84,60,0.11679
-549.35,60,0.11665
-550.87,60,0.11651
-552.39,60,0.11638
-553.91,60,0.11624
-555.43,60,0.1161
-556.96,60,0.11597
-558.48,60,0.11583
-560.01,60,0.11569
-561.54,60,0.11556
-563.07,60,0.11542
-564.6,60,0.11528
-566.14,60,0.11515
-567.67,60,0.11501
-569.21,60,0.11487
-570.75,60,0.11473
-572.29,60,0.1146
-573.84,60,0.11446
-575.38,60,0.11432
-576.93,60,0.11418
-578.48,60,0.11404
-580.03,60,0.1139
-581.58,60,0.11377
-583.14,60,0.11363
-584.7,60,0.11349
-586.25,60,0.11335
-587.82,60,0.11321
-589.38,60,0.11307
-590.94,60,0.11293
-592.51,60,0.11279
-594.08,60,0.11265
-595.65,60,0.11251
-597.22,60,0.11237
-598.8,60,0.11223
-600.37,60,0.11209
-601.95,60,0.11195
-603.53,60,0.11181
-605.11,60,0.11167
-606.7,60,0.11153
-608.29,60,0.11139
-609.88,60,0.11125
-611.47,60,0.11111
-613.06,60,0.11097
-614.66,60,0.11083
-616.25,60,0.11069
-617.85,60,0.11055
-619.45,60,0.1104
-621.06,60,0.11026
-622.66,60,0.11012
-624.27,60,0.10998
-625.88,60,0.10984
-627.5,60,0.1097
-629.11,60,0.10955
-630.73,60,0.10941
-632.35,60,0.10927
-633.97,60,0.10913
-635.59,60,0.10898
-637.22,60,0.10884
-638.85,60,0.1087
-640.48,60,0.10855
-642.11,60,0.10841
-643.75,60,0.10827
-645.39,60,0.10812
-647.03,60,0.10798
-648.67,60,0.10784
-650.31,60,0.10769
-651.96,60,0.10755
-653.61,60,0.10741
-655.26,60,0.10726
-656.92,60,0.10712
-658.58,60,0.10697
-660.24,60,0.10683
-661.9,60,0.10668
-663.56,60,0.10654
-665.23,60,0.10639
-666.9,60,0.10625
-668.57,60,0.1061
-670.25,60,0.10596
-671.93,60,0.10581
-673.61,60,0.10567
-675.29,60,0.10552
-676.98,60,0.10538
-678.67,60,0.10523
-680.36,60,0.10509
-682.05,60,0.10494
-683.75,60,0.10479
-685.45,60,0.10465
-687.15,60,0.1045
-688.85,60,0.10435
-690.56,60,0.10421
-692.27,60,0.10406
-693.98,60,0.10391
-695.7,60,0.10377
-697.42,60,0.10362
-699.14,60,0.10347
-700.87,60,0.10333
-702.59,60,0.10318
-704.32,60,0.10303
-706.06,60,0.10288
-707.79,60,0.10274
-709.53,60,0.10259
-711.28,60,0.10244
-713.02,60,0.10229
-714.77,60,0.10214
-716.52,60,0.102
-718.28,60,0.10185
-720.03,60,0.1017
-721.79,60,0.10155
-723.56,60,0.1014
-725.32,60,0.10125
-727.09,60,0.1011
-728.87,60,0.10095
-730.64,60,0.10081
-732.42,60,0.10066
-734.21,60,0.10051
-735.99,60,0.10036
-737.78,60,0.10021
-739.57,60,0.10006
-741.37,60,0.099908
-743.17,60,0.099758
-744.97,60,0.099608
-746.78,60,0.099458
-748.59,60,0.099308
-750.4,60,0.099158
-752.21,60,0.099007
-754.03,60,0.098857
-755.86,60,0.098706
-757.68,60,0.098555
-759.51,60,0.098404
-761.34,60,0.098253
-763.18,60,0.098102
-765.02,60,0.097951
-766.87,60,0.0978
-768.71,60,0.097648
-770.56,60,0.097497
-772.42,60,0.097345
-774.28,60,0.097193
-776.14,60,0.097041
-778,60,0.096889
-779.87,60,0.096737
-781.74,60,0.096585
-783.62,60,0.096433
-785.5,60,0.09628
-787.38,60,0.096128
-789.27,60,0.095975
-791.16,60,0.095823
-793.06,60,0.09567
-794.95,60,0.095517
-796.86,60,0.095364
-798.76,60,0.095211
-800.67,60,0.095057
-802.59,60,0.094904
-804.51,60,0.094751
-806.43,60,0.094597
-808.35,60,0.094443
-810.28,60,0.09429
-812.22,60,0.094136
-814.15,60,0.093982
-816.1,60,0.093828
-818.04,60,0.093674
-819.99,60,0.093519
-821.94,60,0.093365
-823.9,60,0.093211
-825.86,60,0.093056
-827.83,60,0.092901
-829.8,60,0.092747
-831.77,60,0.092592
-833.75,60,0.092437
-835.73,60,0.092282
-837.72,60,0.092126
-839.71,60,0.091971
-841.7,60,0.091816
-843.7,60,0.09166
-845.71,60,0.091505
-847.71,60,0.091349
-849.73,60,0.091193
-851.74,60,0.091037
-853.76,60,0.090881
-855.79,60,0.090725
-857.81,60,0.090569
-859.85,60,0.090413
-861.89,60,0.090256
-863.93,60,0.0901
-865.97,60,0.089943
-868.02,60,0.089787
-870.08,60,0.08963
-872.14,60,0.089473
-874.2,60,0.089316
-876.27,60,0.089159
-878.34,60,0.089002
-880.42,60,0.088844
-882.5,60,0.088687
-884.59,60,0.08853
-886.68,60,0.088372
-888.77,60,0.088214
-890.87,60,0.088057
-892.98,60,0.087899
-895.09,60,0.087741
-897.2,60,0.087583
-899.32,60,0.087425
-901.44,60,0.087266
-903.57,60,0.087108
-905.7,60,0.08695
-907.83,60,0.086791
-909.98,60,0.086633
-912.12,60,0.086474
-914.27,60,0.086315
-916.43,60,0.086156
-918.59,60,0.085997
-920.75,60,0.085838
-922.92,60,0.085679
-925.09,60,0.08552
-927.27,60,0.08536
-929.45,60,0.085201
-931.64,60,0.085041
-933.83,60,0.084882
-936.03,60,0.084722
-938.23,60,0.084562
-940.44,60,0.084402
-942.65,60,0.084242
-944.87,60,0.084082
-947.09,60,0.083922
-949.31,60,0.083761
-951.54,60,0.083601
-953.78,60,0.08344
-956.02,60,0.08328
-958.27,60,0.083119
-960.52,60,0.082958
-962.77,60,0.082798
-965.03,60,0.082637
-967.29,60,0.082476
-969.56,60,0.082315
-971.84,60,0.082153
-974.12,60,0.081992
-976.4,60,0.081831
-978.69,60,0.081669
-980.98,60,0.081508
-983.28,60,0.081346
-985.58,60,0.081184
-987.89,60,0.081022
-990.21,60,0.08086
-992.52,60,0.080698
-994.85,60,0.080536
-997.17,60,0.080374
-999.51,60,0.080212
-1001.8,60,0.080049
-1004.2,60,0.079887
-1006.5,60,0.079724
-1008.9,60,0.079562
-1011.2,60,0.079399
-1013.6,60,0.079236
-1016,60,0.079073
-1018.3,60,0.07891
-1020.7,60,0.078747
-1023.1,60,0.078584
-1025.5,60,0.078421
-1027.9,60,0.078258
-1030.3,60,0.078094
-1032.7,60,0.077931
-1035.1,60,0.077767
-1037.5,60,0.077603
-1039.9,60,0.07744
-1042.3,60,0.077276
-1044.8,60,0.077112
-1047.2,60,0.076948
-1049.6,60,0.076784
-1052.1,60,0.07662
-1054.5,60,0.076455
-1057,60,0.076291
-1059.4,60,0.076127
-1061.9,60,0.075962
-1064.3,60,0.075798
-1066.8,60,0.075633
-1069.3,60,0.075468
-1071.7,60,0.075303
-1074.2,60,0.075138
-1076.7,60,0.074973
-1079.2,60,0.074808
-1081.7,60,0.074643
-1084.2,60,0.074478
-1086.7,60,0.074313
-1089.2,60,0.074147
-1091.7,60,0.073982
-1094.3,60,0.073816
-1096.8,60,0.07365
-1099.3,60,0.073485
-1101.9,60,0.073319
-1104.4,60,0.073153
-1106.9,60,0.072987
-1109.5,60,0.072821
-1112,60,0.072655
-1114.6,60,0.072488
-1117.2,60,0.072322
-1119.7,60,0.072156
-1122.3,60,0.071989
-1124.9,60,0.071823
-1127.5,60,0.071656
-1130,60,0.071489
-1132.6,60,0.071323
-1135.2,60,0.071156
-1137.8,60,0.070989
-1140.4,60,0.070822
-1143,60,0.070655
-1145.6,60,0.070488
-1148.3,60,0.07032
-1150.9,60,0.070153
-1153.5,60,0.069986
-1156.1,60,0.069818
-1158.8,60,0.069651
-1161.4,60,0.069483
-1164,60,0.069315
-1166.7,60,0.069148
-1169.3,60,0.06898
-1172,60,0.068812
-1174.7,60,0.068644
-1177.3,60,0.068476
-1180,60,0.068308
-1182.6,60,0.068139
-1185.3,60,0.067971
-1188,60,0.067803
-1190.7,60,0.067634
-1193.4,60,0.067466
-1196.1,60,0.067297
-1198.8,60,0.067128
-1201.5,60,0.06696
-1204.2,60,0.066791
-1206.9,60,0.066622
-1209.6,60,0.066453
-1212.3,60,0.066284
-1215,60,0.066115
-1217.7,60,0.065946
-1220.4,60,0.065776
-1223.2,60,0.065607
-1225.9,60,0.065438
-1228.6,60,0.065268
-1231.4,60,0.065099
-1234.1,60,0.064929
-1236.9,60,0.064759
-1239.6,60,0.06459
-1242.4,60,0.06442
-1245.1,60,0.06425
-1247.9,60,0.06408
-1250.6,60,0.06391
-1253.4,60,0.06374
-1256.2,60,0.06357
-1258.9,60,0.063399
-1261.7,60,0.063229
-1264.5,60,0.063059
-1267.3,60,0.062888
-1270.1,60,0.062718
-1272.8,60,0.062547
-1275.6,60,0.062376
-1278.4,60,0.062206
-1281.2,60,0.062035
-1284,60,0.061864
-1286.8,60,0.061693
-1289.6,60,0.061522
-1292.4,60,0.061351
-1295.2,60,0.06118
-1298.1,60,0.061009
-1300.9,60,0.060837
-1303.7,60,0.060666
-1306.5,60,0.060495
-1309.3,60,0.060323
-1312.1,60,0.060152
-1315,60,0.05998
-1317.8,60,0.059808
-1320.6,60,0.059637
-1323.5,60,0.059465
-1326.3,60,0.059293
-1329.1,60,0.059121
-1332,60,0.058949
-1334.8,60,0.058777
-1337.7,60,0.058605
-1340.5,60,0.058433
-1343.3,60,0.05826
-1346.2,60,0.058088
-1349,60,0.057916
-1351.9,60,0.057743
-1354.7,60,0.057571
-1357.6,60,0.057398
-1360.5,60,0.057225
-1363.3,60,0.057053
-1366.2,60,0.05688
-1369,60,0.056707
-1371.9,60,0.056534
-1374.8,60,0.056361
-1377.6,60,0.056188
-1380.5,60,0.056015
-1383.4,60,0.055842
-1386.2,60,0.055669
-1389.1,60,0.055496
-1392,60,0.055322
-1394.8,60,0.055149
-1397.7,60,0.054976
-1400.6,60,0.054802
-1403.4,60,0.054628
-1406.3,60,0.054455
-1409.2,60,0.054281
-1412.1,60,0.054107
-1414.9,60,0.053934
-1417.8,60,0.05376
-1420.7,60,0.053586
-1423.6,60,0.053412
-1426.4,60,0.053238
-1429.3,60,0.053064
-1432.2,60,0.05289
-1435.1,60,0.052715
-1437.9,60,0.052541
-1440.8,60,0.052367
-1443.7,60,0.052192
-1446.6,60,0.052018
-1449.4,60,0.051844
-1452.3,60,0.051669
-1455.2,60,0.051494
-1458,60,0.05132
-1460.9,60,0.051145
-1463.8,60,0.05097
-1466.7,60,0.050795
-1469.5,60,0.050621
-1472.4,60,0.050446
-1475.3,60,0.050271
-1478.1,60,0.050096
-1481,60,0.04992
-1483.9,60,0.049745
-1486.7,60,0.04957
-1489.6,60,0.049395
-1492.4,60,0.049219
-1495.3,60,0.049044
-1498.2,60,0.048869
-1501,60,0.048693
-1503.9,60,0.048518
-1506.7,60,0.048342
-1509.6,60,0.048166
-1512.4,60,0.047991
-1515.3,60,0.047815
-1518.1,60,0.047639
-1521,60,0.047463
-1523.8,60,0.047287
-1526.7,60,0.047111
-1529.5,60,0.046935
-1532.3,60,0.046759
-1535.2,60,0.046583
-1538,60,0.046407
-1540.8,60,0.046231
-1543.6,60,0.046055
-1546.5,60,0.045878
-1549.3,60,0.045702
-1552.1,60,0.045525
-1554.9,60,0.045349
-1557.7,60,0.045172
-1560.5,60,0.044996
-1563.3,60,0.044819
-1566.2,60,0.044643
-1568.9,60,0.044466
-1571.7,60,0.044289
-1574.5,60,0.044112
-1577.3,60,0.043935
-1580.1,60,0.043759
-1582.9,60,0.043582
-1585.7,60,0.043405
-1588.4,60,0.043228
-1591.2,60,0.04305
-1594,60,0.042873
-1596.7,60,0.042696
-1599.5,60,0.042519
-1602.3,60,0.042342
-1605,60,0.042164
-1607.8,60,0.041987
-1610.5,60,0.041809
-1613.2,60,0.041632
-1616,60,0.041454
-1618.7,60,0.041277
-1621.4,60,0.041099
-1624.1,60,0.040922
-1626.9,60,0.040744
-1629.6,60,0.040566
-1632.3,60,0.040388
-1635,60,0.040211
-1637.7,60,0.040033
-1640.4,60,0.039855
-1643.1,60,0.039677
-1645.7,60,0.039499
-1648.4,60,0.039321
-1651.1,60,0.039143
-1653.7,60,0.038964
-1656.4,60,0.038786
-1659.1,60,0.038608
-1661.7,60,0.03843
-1664.3,60,0.038252
-1667,60,0.038073
-1669.6,60,0.037895
-1672.2,60,0.037716
-1674.8,60,0.037538
-1677.5,60,0.037359
-1680.1,60,0.037181
-1682.7,60,0.037002
-1685.3,60,0.036824
-1687.8,60,0.036645
-1690.4,60,0.036466
-1693,60,0.036287
-1695.6,60,0.036109
-1698.1,60,0.03593
-1700.7,60,0.035751
-1703.2,60,0.035572
-1705.8,60,0.035393
-1708.3,60,0.035214
-1710.8,60,0.035035
-1713.3,60,0.034856
-1715.9,60,0.034677
-1718.4,60,0.034498
-1720.9,60,0.034319
-1723.4,60,0.034139
-1725.8,60,0.03396
-1728.3,60,0.033781
-1730.8,60,0.033601
-1733.2,60,0.033422
-1735.7,60,0.033243
-1738.1,60,0.033063
-1740.6,60,0.032884
-1743,60,0.032704
-1745.4,60,0.032525
-1747.8,60,0.032345
-1750.3,60,0.032165
-1752.6,60,0.031986
-1755,60,0.031806
-1757.4,60,0.031626
-1759.8,60,0.031447
-1762.2,60,0.031267
-1764.5,60,0.031087
-1766.9,60,0.030907
-1769.2,60,0.030727
-1771.5,60,0.030547
-1773.9,60,0.030367
-1776.2,60,0.030187
-1778.5,60,0.030007
-1780.8,60,0.029827
-1783.1,60,0.029647
-1785.3,60,0.029467
-1787.6,60,0.029287
-1789.9,60,0.029107
-1792.1,60,0.028926
-1794.4,60,0.028746
-1796.6,60,0.028566
-1798.8,60,0.028386
-1801,60,0.028205
-1803.2,60,0.028025
-1805.4,60,0.027844
-1807.6,60,0.027664
-1809.8,60,0.027483
-1812,60,0.027303
-1814.1,60,0.027122
-1816.3,60,0.026942
-1818.4,60,0.026761
-1820.5,60,0.026581
-1822.7,60,0.0264
-1824.8,60,0.026219
-1826.9,60,0.026039
-1829,60,0.025858
-1831,60,0.025677
-1833.1,60,0.025496
-1835.2,60,0.025315
-1837.2,60,0.025135
-1839.3,60,0.024954
-1841.3,60,0.024773
-1843.3,60,0.024592
-1845.3,60,0.024411
-1847.3,60,0.02423
-1849.3,60,0.024049
-1851.3,60,0.023868
-1853.2,60,0.023687
-1855.2,60,0.023506
-1857.1,60,0.023325
-1859.1,60,0.023143
-1861,60,0.022962
-1862.9,60,0.022781
-1864.8,60,0.0226
-1866.7,60,0.022419
-1868.6,60,0.022237
-1870.5,60,0.022056
-1872.3,60,0.021875
-1874.2,60,0.021693
-1876,60,0.021512
-1877.8,60,0.021331
-1879.6,60,0.021149
-1881.4,60,0.020968
-1883.2,60,0.020786
-1885,60,0.020605
-1886.8,60,0.020423
-1888.5,60,0.020242
-1890.3,60,0.02006
-1892,60,0.019879
-1893.8,60,0.019697
-1895.5,60,0.019516
-1897.2,60,0.019334
-1898.9,60,0.019152
-1900.5,60,0.018971
-1902.2,60,0.018789
-1903.9,60,0.018607
-1905.5,60,0.018425
-1907.1,60,0.018244
-1908.8,60,0.018062
-1910.4,60,0.01788
-1912,60,0.017698
-1913.5,60,0.017516
-1915.1,60,0.017335
-1916.7,60,0.017153
-1918.2,60,0.016971
-1919.8,60,0.016789
-1921.3,60,0.016607
-1922.8,60,0.016425
-1924.3,60,0.016243
-1925.8,60,0.016061
-1927.3,60,0.015879
-1928.8,60,0.015697
-1930.2,60,0.015515
-1931.6,60,0.015333
-1933.1,60,0.015151
-1934.5,60,0.014969
-1935.9,60,0.014787
-1937.3,60,0.014605
-1938.7,60,0.014422
-1940,60,0.01424
-1941.4,60,0.014058
-1942.8,60,0.013876
-1944.1,60,0.013694
-1945.4,60,0.013511
-1946.7,60,0.013329
-1948,60,0.013147
-1949.3,60,0.012965
-1950.6,60,0.012782
-1951.8,60,0.0126
-1953.1,60,0.012418
-1954.3,60,0.012236
-1955.5,60,0.012053
-1956.7,60,0.011871
-1957.9,60,0.011689
-1959.1,60,0.011506
-1960.3,60,0.011324
-1961.4,60,0.011141
-1962.6,60,0.010959
-1963.7,60,0.010777
-1964.8,60,0.010594
-1966,60,0.010412
-1967.1,60,0.010229
-1968.1,60,0.010047
-1969.2,60,0.0098643
-1970.3,60,0.0096819
-1971.3,60,0.0094994
-1972.3,60,0.0093169
-1973.4,60,0.0091343
-1974.4,60,0.0089518
-1975.4,60,0.0087693
-1976.3,60,0.0085867
-1977.3,60,0.0084042
-1978.3,60,0.0082216
-1979.2,60,0.0080391
-1980.1,60,0.0078565
-1981.1,60,0.0076739
-1982,60,0.0074913
-1982.9,60,0.0073087
-1983.7,60,0.0071261
-1984.6,60,0.0069434
-1985.5,60,0.0067608
-1986.3,60,0.0065782
-1987.1,60,0.0063955
-1987.9,60,0.0062129
-1988.7,60,0.0060302
-1989.5,60,0.0058476
-1990.3,60,0.0056649
-1991.1,60,0.0054822
-1991.8,60,0.0052995
-1992.6,60,0.0051168
-1993.3,60,0.0049341
-1994,60,0.0047514
-1994.7,60,0.0045687
-1995.4,60,0.004386
-1996.1,60,0.0042033
-1996.7,60,0.0040206
-1997.4,60,0.0038379
-1998,60,0.0036551
-1998.6,60,0.0034724
-1999.2,60,0.0032897
-1999.8,60,0.0031069
-2000.4,60,0.0029242
-2001,60,0.0027414
-2001.5,60,0.0025587
-2002.1,60,0.0023759
-2002.6,60,0.0021932
-2003.1,60,0.0020104
-2003.6,60,0.0018277
-2004.1,60,0.0016449
-2004.6,60,0.0014621
-2005,60,0.0012794
-2005.5,60,0.0010966
-2005.9,60,0.00091385
-2006.3,60,0.00073108
-2006.7,60,0.00054831
-2007.1,60,0.00036554
-2007.5,60,0.00018277
