0,44,1.8224e-05
-20.104,44,1.8407e-05
-211.01,44,1.8592e-05
-253.87,44,1.8779e-05
170.98,44,1.8968e-05
213.33,44,1.9158e-05
73.847,44,1.9351e-05
19.648,44,1.9545e-05
5.5352,44,1.9742e-05
1.8161,44,1.994e-05
0.72875,44,2.014e-05
0.37337,44,2.0343e-05
0.2455,44,2.0547e-05
0.19605,44,2.0754e-05
0.17623,44,2.0962e-05
0.16853,44,2.1173e-05
0.16615,44,2.1386e-05
0.16625,44,2.1601e-05
0.16758,44,2.1818e-05
0.16954,44,2.2037e-05
0.17184,44,2.2258e-05
0.17434,44,2.2482e-05
0.17694,44,2.2708e-05
0.17962,44,2.2936e-05
0.18234,44,2.3167e-05
0.18508,44,2.34e-05
0.18785,44,2.3635e-05
0.19063,44,2.3872e-05
0.19341,44,2.4112e-05
0.1962,44,2.4355e-05
0.199,44,2.4599e-05
0.20179,44,2.4846e-05
0.20459,44,2.5096e-05
0.20739,44,2.5348e-05
0.21019,44,2.5603e-05
0.21299,44,2.586e-05
0.21579,44,2.612e-05
0.21858,44,2.6383e-05
0.22138,44,2.6648e-05
0.22418,44,2.6916e-05
0.22698,44,2.7186e-05
0.22978,44,2.7459e-05
0.23257,44,2.7735e-05
0.23537,44,2.8014e-05
0.23817,44,2.8296e-05
0.24097,44,2.858e-05
0.24377,44,2.8867e-05
0.24658,44,2.9157e-05
0.24938,44,2.945e-05
0.25219,44,2.9746e-05
0.255,44,3.0045e-05
0.25782,44,3.0347e-05
0.26064,44,3.0652e-05
0.26346,44,3.096e-05
0.26629,44,3.1271e-05
0.26913,44,3.1586e-05
0.27198,44,3.1903e-05
0.27483,44,3.2224e-05
0.2777,44,3.2547e-05
0.28058,44,3.2874e-05
0.28346,44,3.3205e-05
0.28636,44,3.3539e-05
0.28928,44,3.3876e-05
0.29221,44,3.4216e-05
0.29515,44,3.456e-05
0.29811,44,3.4907e-05
0.30109,44,3.5258e-05
0.30409,44,3.5612e-05
0.30711,44,3.597e-05
0.31015,44,3.6332e-05
0.31322,44,3.6697e-05
0.31631,44,3.7065e-05
0.31943,44,3.7438e-05
0.32257,44,3.7814e-05
0.32575,44,3.8194e-05
0.32895,44,3.8578e-05
0.33219,44,3.8966e-05
0.33546,44,3.9357e-05
0.33876,44,3.9753e-05
0.3421,44,4.0152e-05
0.34548,44,4.0556e-05
0.34889,44,4.0963e-05
0.35235,44,4.1375e-05
0.35585,44,4.1791e-05
0.35939,44,4.2211e-05
0.36297,44,4.2635e-05
0.36661,44,4.3063e-05
0.37029,44,4.3496e-05
0.37402,44,4.3933e-05
0.3778,44,4.4375e-05
0.38163,44,4.4821e-05
0.38552,44,4.5271e-05
0.38946,44,4.5726e-05
0.39345,44,4.6185e-05
0.39751,44,4.6649e-05
0.40162,44,4.7118e-05
0.4058,44,4.7592e-05
0.41003,44,4.807e-05
0.41433,44,4.8553e-05
0.41869,44,4.9041e-05
0.42312,44,4.9534e-05
0.42761,44,5.0032e-05
0.43217,44,5.0534e-05
0.4368,44,5.1042e-05
0.4415,44,5.1555e-05
0.44627,44,5.2073e-05
0.45111,44,5.2596e-05
0.45602,44,5.3125e-05
0.46101,44,5.3659e-05
0.46607,44,5.4198e-05
0.47121,44,5.4743e-05
0.47643,44,5.5293e-05
0.48172,44,5.5848e-05
0.48709,44,5.6409e-05
0.49254,44,5.6976e-05
0.49807,44,5.7549e-05
0.50368,44,5.8127e-05
0.50937,44,5.8711e-05
0.51515,44,5.9301e-05
0.521,44,5.9897e-05
0.52694,44,6.0499e-05
0.53297,44,6.1107e-05
0.53908,44,6.1721e-05
0.54527,44,6.2341e-05
0.55155,44,6.2968e-05
0.55791,44,6.36e-05
0.56437,44,6.4239e-05
0.57091,44,6.4885e-05
0.57754,44,6.5537e-05
0.58425,44,6.6196e-05
0.59106,44,6.6861e-05
0.59795,44,6.7533e-05
0.60494,44,6.8211e-05
0.61201,44,6.8897e-05
0.61918,44,6.9589e-05
0.62643,44,7.0288e-05
0.63378,44,7.0994e-05
0.64122,44,7.1708e-05
0.64875,44,7.2428e-05
0.65638,44,7.3156e-05
0.6641,44,7.3891e-05
0.67191,44,7.4634e-05
0.67982,44,7.5384e-05
0.68782,44,7.6141e-05
0.69592,44,7.6906e-05
0.70411,44,7.7679e-05
0.7124,44,7.8459e-05
0.72079,44,7.9248e-05
0.72927,44,8.0044e-05
0.73786,44,8.0848e-05
0.74654,44,8.1661e-05
0.75532,44,8.2481e-05
0.7642,44,8.331e-05
0.77319,44,8.4147e-05
0.78227,44,8.4993e-05
0.79146,44,8.5847e-05
0.80075,44,8.6709e-05
0.81015,44,8.7581e-05
0.81965,44,8.8461e-05
0.82925,44,8.9349e-05
0.83897,44,9.0247e-05
0.84879,44,9.1154e-05
0.85872,44,9.207e-05
0.86876,44,9.2995e-05
0.87891,44,9.3929e-05
0.88917,44,9.4873e-05
0.89955,44,9.5826e-05
0.91005,44,9.6789e-05
0.92066,44,9.7762e-05
0.93138,44,9.8744e-05
0.94223,44,9.9736e-05
0.9532,44,0.00010074
0.96429,44,0.00010175
0.9755,44,0.00010277
0.98684,44,0.00010381
0.9983,44,0.00010485
1.0099,44,0.0001059
1.0216,44,0.00010697
1.0335,44,0.00010804
1.0455,44,0.00010913
1.0576,44,0.00011022
1.0699,44,0.00011133
1.0823,44,0.00011245
1.0948,44,0.00011358
1.1075,44,0.00011472
1.1204,44,0.00011587
1.1333,44,0.00011704
1.1465,44,0.00011821
1.1598,44,0.0001194
1.1732,44,0.0001206
1.1868,44,0.00012181
1.2006,44,0.00012304
1.2146,44,0.00012427
1.2287,44,0.00012552
1.2429,44,0.00012678
1.2574,44,0.00012805
1.272,44,0.00012934
1.2868,44,0.00013064
1.3018,44,0.00013195
1.3169,44,0.00013328
1.3323,44,0.00013462
1.3478,44,0.00013597
1.3635,44,0.00013734
1.3794,44,0.00013872
1.3956,44,0.00014011
1.4119,44,0.00014152
1.4284,44,0.00014294
1.4452,44,0.00014438
1.4621,44,0.00014583
1.4793,44,0.00014729
1.4966,44,0.00014877
1.5142,44,0.00015027
1.5321,44,0.00015178
1.5501,44,0.0001533
1.5684,44,0.00015484
1.587,44,0.0001564
1.6057,44,0.00015797
1.6247,44,0.00015955
1.644,44,0.00016116
1.6635,44,0.00016278
1.6833,44,0.00016441
1.7033,44,0.00016606
1.7236,44,0.00016773
1.7441,44,0.00016942
1.765,44,0.00017112
1.786,44,0.00017284
1.8074,44,0.00017457
1.8291,44,0.00017633
1.851,44,0.0001781
1.8732,44,0.00017989
1.8958,44,0.00018169
1.9186,44,0.00018352
1.9417,44,0.00018536
1.9652,44,0.00018723
1.9889,44,0.00018911
2.013,44,0.00019101
2.0373,44,0.00019292
2.062,44,0.00019486
2.0871,44,0.00019682
2.1124,44,0.0001988
2.1381,44,0.00020079
2.1642,44,0.00020281
2.1905,44,0.00020485
2.2173,44,0.00020691
2.2444,44,0.00020898
2.2718,44,0.00021108
2.2996,44,0.0002132
2.3278,44,0.00021534
2.3563,44,0.00021751
2.3853,44,0.00021969
2.4146,44,0.0002219
2.4442,44,0.00022413
2.4743,44,0.00022638
2.5048,44,0.00022865
2.5357,44,0.00023095
2.567,44,0.00023327
2.5986,44,0.00023561
2.6308,44,0.00023798
2.6633,44,0.00024037
2.6962,44,0.00024278
2.7296,44,0.00024522
2.7634,44,0.00024769
2.7977,44,0.00025017
2.8324,44,0.00025269
2.8675,44,0.00025522
2.9031,44,0.00025779
2.9392,44,0.00026038
2.9757,44,0.00026299
3.0127,44,0.00026563
3.0502,44,0.0002683
3.0881,44,0.000271
3.1266,44,0.00027372
3.1655,44,0.00027647
3.205,44,0.00027924
3.2449,44,0.00028205
3.2854,44,0.00028488
3.3263,44,0.00028774
3.3678,44,0.00029063
3.4098,44,0.00029355
3.4524,44,0.0002965
3.4955,44,0.00029948
3.5391,44,0.00030248
3.5833,44,0.00030552
3.6281,44,0.00030859
3.6734,44,0.00031169
3.7193,44,0.00031482
3.7657,44,0.00031798
3.8128,44,0.00032117
3.8604,44,0.0003244
3.9087,44,0.00032766
3.9575,44,0.00033095
4.007,44,0.00033427
4.057,44,0.00033763
4.1077,44,0.00034102
4.1591,44,0.00034444
4.2111,44,0.0003479
4.2637,44,0.00035139
4.3169,44,0.00035492
4.3709,44,0.00035848
4.4255,44,0.00036208
4.4808,44,0.00036572
4.5367,44,0.00036939
4.5934,44,0.0003731
4.6508,44,0.00037685
4.7088,44,0.00038063
4.7676,44,0.00038445
4.8272,44,0.00038831
4.8874,44,0.00039221
4.9484,44,0.00039615
5.0101,44,0.00040013
5.0726,44,0.00040414
5.1359,44,0.0004082
5.1999,44,0.0004123
5.2648,44,0.00041644
5.3304,44,0.00042062
5.3968,44,0.00042484
5.4641,44,0.00042911
5.5321,44,0.00043342
5.601,44,0.00043777
5.6708,44,0.00044216
5.7414,44,0.0004466
5.8128,44,0.00045108
5.8851,44,0.00045561
5.9583,44,0.00046019
6.0324,44,0.00046481
6.1074,44,0.00046947
6.1833,44,0.00047418
6.2601,44,0.00047894
6.3379,44,0.00048375
6.4166,44,0.00048861
6.4962,44,0.00049351
6.5769,44,0.00049847
6.6584,44,0.00050347
6.741,44,0.00050852
6.8246,44,0.00051363
6.9092,44,0.00051878
6.9948,44,0.00052399
7.0814,44,0.00052925
7.1691,44,0.00053456
7.2578,44,0.00053993
7.3476,44,0.00054534
7.4385,44,0.00055082
7.5304,44,0.00055635
7.6235,44,0.00056193
7.7177,44,0.00056757
7.813,44,0.00057327
7.9095,44,0.00057902
8.0071,44,0.00058483
8.1058,44,0.0005907
8.2058,44,0.00059663
8.3069,44,0.00060261
8.4092,44,0.00060866
8.5128,44,0.00061477
8.6176,44,0.00062094
8.7236,44,0.00062717
8.8309,44,0.00063346
8.9395,44,0.00063982
9.0493,44,0.00064624
9.1605,44,0.00065272
9.273,44,0.00065927
9.3868,44,0.00066589
9.5019,44,0.00067257
9.6184,44,0.00067931
9.7363,44,0.00068613
9.8555,44,0.00069301
9.9762,44,0.00069997
10.098,44,0.00070699
10.222,44,0.00071408
10.347,44,0.00072125
10.473,44,0.00072848
10.601,44,0.00073579
10.73,44,0.00074317
10.861,44,0.00075062
10.994,44,0.00075815
11.128,44,0.00076576
11.263,44,0.00077344
11.4,44,0.0007812
11.539,44,0.00078903
11.679,44,0.00079695
11.821,44,0.00080494
11.965,44,0.00081302
12.11,44,0.00082117
12.257,44,0.00082941
12.406,44,0.00083772
12.556,44,0.00084613
12.708,44,0.00085461
12.862,44,0.00086318
13.017,44,0.00087184
13.175,44,0.00088058
13.334,44,0.00088941
13.495,44,0.00089833
13.658,44,0.00090734
13.822,44,0.00091644
13.989,44,0.00092563
14.157,44,0.00093491
14.328,44,0.00094428
14.5,44,0.00095375
14.674,44,0.00096331
14.85,44,0.00097297
15.029,44,0.00098272
15.209,44,0.00099257
15.391,44,0.0010025
15.576,44,0.0010126
15.762,44,0.0010227
15.951,44,0.001033
16.141,44,0.0010433
16.334,44,0.0010538
16.529,44,0.0010644
16.726,44,0.001075
16.926,44,0.0010858
17.127,44,0.0010967
17.331,44,0.0011077
17.537,44,0.0011188
17.746,44,0.00113
17.957,44,0.0011413
18.17,44,0.0011527
18.385,44,0.0011643
18.603,44,0.001176
18.824,44,0.0011877
19.046,44,0.0011996
19.272,44,0.0012117
19.499,44,0.0012238
19.73,44,0.0012361
19.963,44,0.0012485
20.198,44,0.001261
20.436,44,0.0012736
20.677,44,0.0012864
20.92,44,0.0012992
21.166,44,0.0013123
21.415,44,0.0013254
21.666,44,0.0013387
21.92,44,0.0013521
22.177,44,0.0013656
22.437,44,0.0013793
22.699,44,0.0013931
22.965,44,0.0014071
23.233,44,0.0014212
23.505,44,0.0014354
23.779,44,0.0014498
24.056,44,0.0014643
24.336,44,0.0014789
24.62,44,0.0014938
24.906,44,0.0015087
25.195,44,0.0015238
25.488,44,0.0015391
25.784,44,0.0015545
26.083,44,0.00157
26.385,44,0.0015858
26.691,44,0.0016016
27,44,0.0016177
27.312,44,0.0016339
27.627,44,0.0016502
27.946,44,0.0016667
28.268,44,0.0016834
28.594,44,0.0017003
28.923,44,0.0017173
29.256,44,0.0017345
29.593,44,0.0017518
29.933,44,0.0017693
30.276,44,0.001787
30.624,44,0.0018049
30.975,44,0.001823
31.33,44,0.0018412
31.688,44,0.0018596
32.05,44,0.0018782
32.417,44,0.001897
32.787,44,0.001916
33.161,44,0.0019352
33.539,44,0.0019545
33.921,44,0.0019741
34.307,44,0.0019938
34.697,44,0.0020137
35.092,44,0.0020339
35.49,44,0.0020542
35.893,44,0.0020748
36.3,44,0.0020955
36.711,44,0.0021164
37.127,44,0.0021376
37.547,44,0.002159
37.971,44,0.0021805
38.4,44,0.0022023
38.834,44,0.0022244
39.272,44,0.0022466
39.714,44,0.002269
40.161,44,0.0022917
40.613,44,0.0023146
41.07,44,0.0023377
41.531,44,0.0023611
41.997,44,0.0023847
42.469,44,0.0024085
42.945,44,0.0024326
43.426,44,0.0024569
43.912,44,0.0024814
44.403,44,0.0025062
44.899,44,0.0025312
45.4,44,0.0025565
45.907,44,0.002582
46.419,44,0.0026078
46.936,44,0.0026338
47.458,44,0.0026601
47.986,44,0.0026867
48.519,44,0.0027135
49.058,44,0.0027406
49.603,44,0.0027679
50.153,44,0.0027956
50.709,44,0.0028235
51.27,44,0.0028516
51.837,44,0.0028801
52.411,44,0.0029088
52.99,44,0.0029378
53.575,44,0.0029672
54.166,44,0.0029968
54.763,44,0.0030266
55.366,44,0.0030568
55.975,44,0.0030873
56.591,44,0.0031181
57.213,44,0.0031492
57.841,44,0.0031806
58.476,44,0.0032123
59.117,44,0.0032443
59.765,44,0.0032767
60.419,44,0.0033093
61.08,44,0.0033423
61.748,44,0.0033756
62.423,44,0.0034093
63.104,44,0.0034432
63.793,44,0.0034775
64.488,44,0.0035122
65.191,44,0.0035472
65.9,44,0.0035825
66.617,44,0.0036182
67.341,44,0.0036542
68.072,44,0.0036906
68.811,44,0.0037273
69.557,44,0.0037644
70.311,44,0.0038019
71.073,44,0.0038398
71.842,44,0.003878
72.619,44,0.0039166
73.403,44,0.0039556
74.196,44,0.0039949
74.997,44,0.0040347
75.805,44,0.0040748
76.622,44,0.0041153
77.447,44,0.0041563
78.281,44,0.0041976
79.122,44,0.0042393
79.972,44,0.0042815
80.831,44,0.004324
81.698,44,0.004367
82.574,44,0.0044104
83.459,44,0.0044543
84.352,44,0.0044985
85.255,44,0.0045432
86.166,44,0.0045884
87.087,44,0.004634
88.017,44,0.00468
88.956,44,0.0047265
89.904,44,0.0047734
90.862,44,0.0048208
91.829,44,0.0048687
92.806,44,0.004917
93.793,44,0.0049658
94.789,44,0.0050151
95.796,44,0.0050649
96.812,44,0.0051151
97.838,44,0.0051659
98.875,44,0.0052171
99.922,44,0.0052688
100.98,44,0.0053211
102.05,44,0.0053739
103.12,44,0.0054271
104.21,44,0.0054809
105.31,44,0.0055353
106.42,44,0.0055901
107.55,44,0.0056455
108.68,44,0.0057014
109.82,44,0.0057579
110.98,44,0.0058149
112.14,44,0.0058725
113.32,44,0.0059307
114.51,44,0.0059894
115.71,44,0.0060487
116.92,44,0.0061085
118.15,44,0.006169
119.38,44,0.00623
120.63,44,0.0062917
121.89,44,0.0063539
123.17,44,0.0064167
124.45,44,0.0064802
125.75,44,0.0065442
127.06,44,0.0066089
128.39,44,0.0066742
129.72,44,0.0067402
131.07,44,0.0068068
132.44,44,0.006874
133.81,44,0.0069419
135.2,44,0.0070105
136.61,44,0.0070797
138.02,44,0.0071496
139.45,44,0.0072201
140.9,44,0.0072914
142.36,44,0.0073633
143.83,44,0.0074359
145.32,44,0.0075093
146.82,44,0.0075833
148.33,44,0.0076581
149.86,44,0.0077336
151.41,44,0.0078098
152.97,44,0.0078867
154.55,44,0.0079644
156.14,44,0.0080428
157.74,44,0.008122
159.36,44,0.008202
161,44,0.0082827
162.65,44,0.0083642
164.32,44,0.0084465
166.01,44,0.0085296
167.71,44,0.0086135
169.43,44,0.0086982
171.16,44,0.0087837
172.91,44,0.00887
174.68,44,0.0089572
176.46,44,0.0090452
178.26,44,0.009134
180.08,44,0.0092237
181.92,44,0.0093143
183.77,44,0.0094057
185.64,44,0.009498
187.53,44,0.0095911
189.44,44,0.0096852
191.37,44,0.0097802
193.31,44,0.009876
195.27,44,0.0099728
197.26,44,0.010071
199.26,44,0.010169
201.27,44,0.010269
203.31,44,0.010369
205.37,44,0.010471
207.45,44,0.010573
209.55,44,0.010677
211.66,44,0.010781
213.8,44,0.010887
215.96,44,0.010993
218.14,44,0.0111
220.33,44,0.011209
222.55,44,0.011318
224.79,44,0.011429
227.06,44,0.01154
229.34,44,0.011653
231.64,44,0.011767
233.97,44,0.011881
236.32,44,0.011997
238.69,44,0.012114
241.08,44,0.012232
243.49,44,0.012351
245.93,44,0.012472
248.39,44,0.012593
250.88,44,0.012716
253.38,44,0.012839
255.92,44,0.012964
258.47,44,0.01309
261.05,44,0.013218
263.65,44,0.013346
266.28,44,0.013476
268.93,44,0.013606
271.61,44,0.013738
274.31,44,0.013872
277.03,44,0.014006
279.79,44,0.014142
282.56,44,0.014279
285.37,44,0.014418
288.2,44,0.014557
291.05,44,0.014698
293.94,44,0.01484
296.85,44,0.014984
299.78,44,0.015129
302.75,44,0.015275
305.74,44,0.015423
308.76,44,0.015572
311.8,44,0.015722
314.88,44,0.015874
317.98,44,0.016027
321.11,44,0.016182
324.27,44,0.016338
327.47,44,0.016495
330.69,44,0.016654
333.93,44,0.016814
337.21,44,0.016976
340.52,44,0.01714
343.86,44,0.017304
347.24,44,0.017471
350.64,44,0.017639
354.07,44,0.017808
357.54,44,0.017979
361.03,44,0.018151
364.56,44,0.018326
368.12,44,0.018501
371.71,44,0.018679
375.34,44,0.018857
379,44,0.019038
382.69,44,0.01922
386.42,44,0.019404
390.18,44,0.019589
393.98,44,0.019777
397.81,44,0.019966
401.67,44,0.020156
405.57,44,0.020348
409.5,44,0.020542
413.47,44,0.020738
417.48,44,0.020936
421.52,44,0.021135
425.6,44,0.021336
429.72,44,0.021539
433.87,44,0.021744
438.07,44,0.02195
442.29,44,0.022159
446.56,44,0.022369
450.87,44,0.022581
455.21,44,0.022795
459.6,44,0.023011
464.02,44,0.023229
468.48,44,0.023449
472.98,44,0.023671
477.53,44,0.023895
482.11,44,0.02412
486.74,44,0.024348
491.4,44,0.024578
496.11,44,0.02481
500.86,44,0.025043
505.66,44,0.025279
510.49,44,0.025517
515.37,44,0.025757
520.29,44,0.025999
525.26,44,0.026243
530.27,44,0.02649
535.32,44,0.026738
540.42,44,0.026989
545.57,44,0.027242
550.76,44,0.027497
555.99,44,0.027754
561.27,44,0.028013
566.6,44,0.028275
571.98,44,0.028539
577.4,44,0.028805
582.87,44,0.029074
588.39,44,0.029345
593.96,44,0.029618
599.58,44,0.029893
605.24,44,0.030171
610.96,44,0.030451
616.72,44,0.030734
622.54,44,0.031019
628.4,44,0.031306
634.32,44,0.031596
640.29,44,0.031889
646.31,44,0.032183
652.38,44,0.032481
658.51,44,0.032781
664.69,44,0.033083
670.92,44,0.033388
677.2,44,0.033695
683.54,44,0.034005
689.94,44,0.034318
696.39,44,0.034633
702.89,44,0.03495
709.46,44,0.035271
716.07,44,0.035594
722.75,44,0.03592
729.48,44,0.036248
736.26,44,0.036579
743.11,44,0.036913
750.01,44,0.037249
756.98,44,0.037589
764,44,0.037931
771.08,44,0.038276
778.22,44,0.038623
785.42,44,0.038974
792.68,44,0.039327
800,44,0.039683
807.39,44,0.040042
814.83,44,0.040404
822.34,44,0.040769
829.91,44,0.041137
837.54,44,0.041508
845.24,44,0.041881
853,44,0.042258
860.82,44,0.042637
868.71,44,0.04302
876.66,44,0.043406
884.68,44,0.043794
892.76,44,0.044186
900.91,44,0.044581
909.13,44,0.044979
917.41,44,0.04538
925.76,44,0.045784
934.17,44,0.046191
942.65,44,0.046601
951.21,44,0.047015
959.83,44,0.047431
968.51,44,0.047851
977.27,44,0.048274
986.1,44,0.048701
994.99,44,0.04913
1004,44,0.049563
1013,44,0.049999
1022.1,44,0.050438
1031.3,44,0.050881
1040.5,44,0.051327
1049.8,44,0.051776
1059.2,44,0.052229
1068.7,44,0.052685
1078.2,44,0.053144
1087.8,44,0.053607
1097.5,44,0.054073
1107.3,44,0.054543
1117.1,44,0.055016
1127,44,0.055492
1136.9,44,0.055972
1147,44,0.056456
1157.1,44,0.056943
1167.3,44,0.057433
1177.5,44,0.057927
1187.9,44,0.058424
1198.3,44,0.058925
1208.8,44,0.05943
1219.3,44,0.059938
1230,44,0.06045
1240.7,44,0.060965
1251.4,44,0.061484
1262.3,44,0.062006
1273.2,44,0.062532
1284.2,44,0.063062
1295.3,44,0.063596
1306.4,44,0.064133
1317.7,44,0.064673
1328.9,44,0.065218
1340.3,44,0.065766
1351.7,44,0.066317
1363.3,44,0.066873
1374.8,44,0.067432
1386.5,44,0.067995
1398.2,44,0.068562
1410,44,0.069132
1421.9,44,0.069706
1433.8,44,0.070284
1445.9,44,0.070866
1457.9,44,0.071451
1470.1,44,0.07204
1482.3,44,0.072633
1494.6,44,0.07323
1507,44,0.073831
1519.4,44,0.074435
1531.9,44,0.075044
1544.5,44,0.075656
1557.1,44,0.076272
1569.8,44,0.076891
1582.6,44,0.077515
1595.4,44,0.078142
1608.3,44,0.078773
1621.3,44,0.079408
1634.3,44,0.080047
1647.4,44,0.08069
1660.5,44,0.081337
1673.7,44,0.081987
1687,44,0.082642
1700.3,44,0.0833
1713.7,44,0.083962
1727.1,44,0.084628
1740.6,44,0.085298
1754.1,44,0.085971
1767.7,44,0.086649
1781.4,44,0.08733
1795.1,44,0.088016
1808.8,44,0.088705
1822.6,44,0.089398
1836.5,44,0.090094
1850.4,44,0.090795
1864.3,44,0.0915
1878.3,44,0.092208
1892.3,44,0.09292
1906.4,44,0.093636
1920.5,44,0.094356
1934.7,44,0.09508
1948.9,44,0.095807
1963.1,44,0.096539
1977.4,44,0.097274
1991.7,44,0.098013
2006,44,0.098755
2020.3,44,0.099502
2034.7,44,0.10025
2049.1,44,0.10101
2063.6,44,0.10176
2078,44,0.10253
2092.5,44,0.10329
2107,44,0.10406
2121.6,44,0.10483
2136.1,44,0.10561
2150.7,44,0.10639
2165.3,44,0.10717
2179.9,44,0.10796
2194.5,44,0.10875
2209.1,44,0.10955
2223.7,44,0.11034
2238.3,44,0.11115
2252.9,44,0.11195
2267.6,44,0.11276
2282.2,44,0.11357
2296.8,44,0.11439
2311.4,44,0.11521
2326.1,44,0.11603
2340.7,44,0.11686
2355.3,44,0.11769
2369.9,44,0.11852
2384.4,44,0.11936
2399,44,0.1202
2413.5,44,0.12104
2428.1,44,0.12189
2442.6,44,0.12274
2457.1,44,0.1236
2471.5,44,0.12445
2485.9,44,0.12531
2500.3,44,0.12618
2514.7,44,0.12704
2529.1,44,0.12791
2543.4,44,0.12879
2557.6,44,0.12966
2571.8,44,0.13054
2586,44,0.13142
2600.2,44,0.13231
2614.3,44,0.1332
2628.3,44,0.13409
2642.3,44,0.13498
2656.3,44,0.13588
2670.2,44,0.13678
2684,44,0.13768
2697.8,44,0.13859
2711.6,44,0.1395
2725.2,44,0.14041
2738.9,44,0.14133
2752.4,44,0.14224
2765.9,44,0.14316
2779.3,44,0.14408
2792.7,44,0.14501
2805.9,44,0.14594
2819.1,44,0.14687
2832.3,44,0.1478
2845.3,44,0.14874
2858.3,44,0.14967
2871.2,44,0.15061
2884,44,0.15155
2896.7,44,0.1525
2909.4,44,0.15345
2922,44,0.15439
2934.4,44,0.15535
2946.8,44,0.1563
2959.1,44,0.15725
2971.3,44,0.15821
2983.4,44,0.15917
2995.4,44,0.16013
3007.3,44,0.1611
3019.1,44,0.16206
3030.9,44,0.16303
3042.5,44,0.164
3054,44,0.16497
3065.4,44,0.16594
3076.7,44,0.16692
3087.9,44,0.16789
3098.9,44,0.16887
3109.9,44,0.16985
3120.8,44,0.17083
3131.5,44,0.17181
3142.2,44,0.1728
3152.7,44,0.17378
3163.1,44,0.17477
3173.4,44,0.17575
3183.6,44,0.17674
3193.6,44,0.17773
3203.6,44,0.17872
3213.4,44,0.17972
3223.1,44,0.18071
3232.6,44,0.1817
3242.1,44,0.1827
3251.4,44,0.18369
3260.6,44,0.18469
3269.7,44,0.18569
3278.6,44,0.18669
3287.5,44,0.18768
3296.1,44,0.18868
3304.7,44,0.18968
3313.1,44,0.19069
3321.4,44,0.19169
3329.6,44,0.19269
3337.7,44,0.19369
3345.6,44,0.19469
3353.3,44,0.1957
3361,44,0.1967
3368.5,44,0.1977
3375.9,44,0.19871
3383.1,44,0.19971
3390.2,44,0.20071
3397.2,44,0.20172
3404,44,0.20272
3410.7,44,0.20372
3417.3,44,0.20473
3423.7,44,0.20573
3430,44,0.20673
3436.2,44,0.20773
3442.2,44,0.20874
3448.1,44,0.20974
3453.9,44,0.21074
3459.5,44,0.21174
3465,44,0.21274
3470.3,44,0.21374
3475.5,44,0.21474
3480.6,44,0.21574
3485.5,44,0.21674
3490.3,44,0.21773
3494.9,44,0.21873
3499.4,44,0.21972
3503.8,44,0.22072
3508.1,44,0.22171
3512.2,44,0.2227
3516.1,44,0.22369
3520,44,0.22468
3523.7,44,0.22567
3527.2,44,0.22666
3530.7,44,0.22765
3534,44,0.22863
3537.1,44,0.22961
3540.1,44,0.2306
3543,44,0.23158
3545.8,44,0.23256
3548.4,44,0.23353
3550.9,44,0.23451
3553.3,44,0.23548
3555.5,44,0.23646
3557.6,44,0.23743
3559.5,44,0.2384
3561.4,44,0.23936
3563.1,44,0.24033
3564.6,44,0.24129
3566.1,44,0.24225
3567.4,44,0.24321
3568.6,44,0.24417
3569.6,44,0.24513
3570.6,44,0.24608
3571.4,44,0.24703
3572,44,0.24798
3572.6,44,0.24893
3573,44,0.24987
3573.3,44,0.25081
3573.5,44,0.25175
3573.6,44,0.25269
3573.5,44,0.25363
3573.3,44,0.25456
3573,44,0.25549
3572.6,44,0.25642
3572,44,0.25734
3571.4,44,0.25826
3570.6,44,0.25918
3569.7,44,0.2601
3568.7,44,0.26101
3567.5,44,0.26193
3566.3,44,0.26283
3564.9,44,0.26374
3563.4,44,0.26464
3561.8,44,0.26554
3560.1,44,0.26644
3558.3,44,0.26734
3556.4,44,0.26823
3554.4,44,0.26912
3552.2,44,0.27
3550,44,0.27088
3547.6,44,0.27176
3545.1,44,0.27264
3542.6,44,0.27351
3539.9,44,0.27438
3537.1,44,0.27525
3534.2,44,0.27611
3531.3,44,0.27697
3528.2,44,0.27783
3525,44,0.27868
3521.7,44,0.27953
3518.3,44,0.28038
3514.8,44,0.28123
3511.2,44,0.28207
3507.6,44,0.2829
3503.8,44,0.28374
3499.9,44,0.28457
3496,44,0.28539
3491.9,44,0.28622
3487.8,44,0.28704
3483.5,44,0.28785
3479.2,44,0.28867
3474.8,44,0.28947
3470.3,44,0.29028
3465.7,44,0.29108
3461,44,0.29188
3456.3,44,0.29267
3451.4,44,0.29347
3446.5,44,0.29425
3441.5,44,0.29504
3436.4,44,0.29582
3431.2,44,0.29659
3425.9,44,0.29737
3420.6,44,0.29814
3415.2,44,0.2989
3409.7,44,0.29966
3404.1,44,0.30042
3398.5,44,0.30117
3392.8,44,0.30192
3387,44,0.30267
3381.1,44,0.30341
3375.1,44,0.30415
3369.1,44,0.30489
3363,44,0.30562
3356.9,44,0.30635
3350.7,44,0.30707
3344.4,44,0.30779
3338,44,0.30851
3331.6,44,0.30922
3325.1,44,0.30993
3318.6,44,0.31063
3311.9,44,0.31133
3305.3,44,0.31203
3298.5,44,0.31272
3291.7,44,0.31341
3284.8,44,0.3141
3277.9,44,0.31478
3270.9,44,0.31545
3263.9,44,0.31613
3256.8,44,0.3168
3249.7,44,0.31746
3242.4,44,0.31813
3235.2,44,0.31878
3227.9,44,0.31944
3220.5,44,0.32009
3213.1,44,0.32074
3205.6,44,0.32138
3198.1,44,0.32202
3190.5,44,0.32265
3182.9,44,0.32328
3175.2,44,0.32391
3167.5,44,0.32453
3159.8,44,0.32515
3152,44,0.32577
3144.1,44,0.32638
3136.2,44,0.32699
3128.3,44,0.32759
3120.3,44,0.3282
3112.3,44,0.32879
3104.2,44,0.32939
3096.1,44,0.32997
3088,44,0.33056
3079.8,44,0.33114
3071.6,44,0.33172
3063.4,44,0.33229
3055.1,44,0.33286
3046.8,44,0.33343
3038.4,44,0.33399
3030,44,0.33455
3021.6,44,0.33511
3013.1,44,0.33566
3004.6,44,0.33621
2996.1,44,0.33675
2987.6,44,0.33729
2979,44,0.33783
2970.4,44,0.33836
2961.8,44,0.33889
2953.1,44,0.33942
2944.4,44,0.33994
2935.7,44,0.34046
2927,44,0.34098
2918.2,44,0.34149
2909.4,44,0.342
2900.6,44,0.3425
2891.8,44,0.343
2883,44,0.3435
2874.1,44,0.34399
2865.2,44,0.34448
2856.3,44,0.34497
2847.3,44,0.34545
2838.4,44,0.34593
2829.4,44,0.34641
2820.4,44,0.34688
2811.4,44,0.34735
2802.4,44,0.34782
2793.4,44,0.34828
2784.3,44,0.34874
2775.3,44,0.3492
2766.2,44,0.34965
2757.1,44,0.3501
2748,44,0.35054
2738.9,44,0.35099
2729.8,44,0.35143
2720.7,44,0.35186
2711.5,44,0.3523
2702.4,44,0.35273
2693.2,44,0.35315
2684,44,0.35357
2674.9,44,0.35399
2665.7,44,0.35441
2656.5,44,0.35482
2647.3,44,0.35523
2638.1,44,0.35564
2628.9,44,0.35605
2619.7,44,0.35645
2610.5,44,0.35685
2601.2,44,0.35724
2592,44,0.35763
2582.8,44,0.35802
2573.6,44,0.35841
2564.3,44,0.35879
2555.1,44,0.35917
2545.9,44,0.35954
2536.7,44,0.35992
2527.4,44,0.36029
2518.2,44,0.36066
2509,44,0.36102
2499.8,44,0.36138
2490.6,44,0.36174
2481.3,44,0.3621
2472.1,44,0.36245
2462.9,44,0.3628
2453.7,44,0.36315
2444.5,44,0.36349
2435.3,44,0.36384
2426.1,44,0.36418
2416.9,44,0.36451
2407.8,44,0.36485
2398.6,44,0.36518
2389.4,44,0.36551
2380.3,44,0.36583
2371.1,44,0.36615
2362,44,0.36648
2352.9,44,0.36679
2343.8,44,0.36711
2334.6,44,0.36742
2325.5,44,0.36773
2316.5,44,0.36804
2307.4,44,0.36834
2298.3,44,0.36865
2289.3,44,0.36894
2280.2,44,0.36924
2271.2,44,0.36954
2262.2,44,0.36983
2253.1,44,0.37012
2244.2,44,0.37041
2235.2,44,0.37069
2226.2,44,0.37097
2217.3,44,0.37125
2208.3,44,0.37153
2199.4,44,0.37181
2190.5,44,0.37208
2181.6,44,0.37235
2172.7,44,0.37262
2163.9,44,0.37289
2155,44,0.37315
2146.2,44,0.37341
2137.4,44,0.37367
2128.6,44,0.37393
2119.8,44,0.37418
2111,44,0.37444
2102.3,44,0.37469
2093.6,44,0.37494
2084.9,44,0.37518
2076.2,44,0.37543
2067.5,44,0.37567
2058.9,44,0.37591
2050.2,44,0.37615
2041.6,44,0.37638
2033,44,0.37662
2024.5,44,0.37685
2015.9,44,0.37708
2007.4,44,0.37731
1998.9,44,0.37753
1990.4,44,0.37775
1981.9,44,0.37798
1973.5,44,0.3782
1965.1,44,0.37841
1956.7,44,0.37863
1948.3,44,0.37884
1940,44,0.37906
1931.6,44,0.37927
1923.3,44,0.37948
1915,44,0.37968
1906.8,44,0.37989
1898.5,44,0.38009
1890.3,44,0.38029
1882.1,44,0.38049
1873.9,44,0.38069
1865.8,44,0.38088
1857.7,44,0.38108
1849.6,44,0.38127
1841.5,44,0.38146
1833.4,44,0.38165
1825.4,44,0.38184
1817.4,44,0.38202
1809.4,44,0.38221
1801.5,44,0.38239
1793.6,44,0.38257
1785.7,44,0.38275
1777.8,44,0.38292
1770,44,0.3831
1762.1,44,0.38327
1754.3,44,0.38345
1746.6,44,0.38362
1738.8,44,0.38379
1731.1,44,0.38396
1723.4,44,0.38412
1715.7,44,0.38429
1708.1,44,0.38445
1700.5,44,0.38461
1692.9,44,0.38477
1685.3,44,0.38493
1677.8,44,0.38509
1670.3,44,0.38524
1662.8,44,0.3854
1655.4,44,0.38555
1647.9,44,0.3857
1640.5,44,0.38585
1633.2,44,0.386
1625.8,44,0.38615
1618.5,44,0.3863
1611.2,44,0.38644
1604,44,0.38659
1596.7,44,0.38673
1589.5,44,0.38687
1582.3,44,0.38701
1575.2,44,0.38715
1568.1,44,0.38728
1561,44,0.38742
1553.9,44,0.38755
1546.9,44,0.38769
1539.9,44,0.38782
1532.9,44,0.38795
1525.9,44,0.38808
1519,44,0.38821
1512.1,44,0.38834
1505.2,44,0.38846
1498.4,44,0.38859
1491.6,44,0.38871
1484.8,44,0.38883
1478,44,0.38895
1471.3,44,0.38907
1464.6,44,0.38919
1457.9,44,0.38931
1451.3,44,0.38943
1444.7,44,0.38954
1438.1,44,0.38966
1431.5,44,0.38977
1425,44,0.38989
1418.5,44,0.39
1412,44,0.39011
1405.6,44,0.39022
1399.2,44,0.39033
1392.8,44,0.39043
1386.4,44,0.39054
1380.1,44,0.39064
1373.8,44,0.39075
1367.5,44,0.39085
1361.3,44,0.39095
1355,44,0.39106
1348.9,44,0.39116
1342.7,44,0.39126
1336.6,44,0.39136
1330.5,44,0.39145
1324.4,44,0.39155
1318.3,44,0.39165
1312.3,44,0.39174
1306.3,44,0.39183
1300.4,44,0.39193
1294.4,44,0.39202
1288.5,44,0.39211
1282.6,44,0.3922
1276.8,44,0.39229
1271,44,0.39238
1265.2,44,0.39247
1259.4,44,0.39256
1253.7,44,0.39264
1247.9,44,0.39273
1242.3,44,0.39281
1236.6,44,0.3929
1231,44,0.39298
1225.4,44,0.39306
1219.8,44,0.39314
1214.3,44,0.39322
1208.7,44,0.3933
1203.2,44,0.39338
1197.8,44,0.39346
1192.3,44,0.39354
1186.9,44,0.39362
1181.6,44,0.39369
1176.2,44,0.39377
1170.9,44,0.39384
1165.6,44,0.39392
1160.3,44,0.39399
1155,44,0.39406
1149.8,44,0.39413
1144.6,44,0.39421
1139.5,44,0.39428
1134.3,44,0.39435
1129.2,44,0.39442
1124.1,44,0.39448
1119.1,44,0.39455
1114,44,0.39462
1109,44,0.39469
1104,44,0.39475
1099.1,44,0.39482
1094.2,44,0.39488
1089.3,44,0.39495
1084.4,44,0.39501
1079.5,44,0.39507
1074.7,44,0.39513
1069.9,44,0.3952
1065.1,44,0.39526
1060.4,44,0.39532
1055.7,44,0.39538
1051,44,0.39544
1046.3,44,0.3955
1041.7,44,0.39555
1037,44,0.39561
1032.4,44,0.39567
1027.9,44,0.39572
1023.3,44,0.39578
1018.8,44,0.39584
1014.3,44,0.39589
1009.8,44,0.39594
1005.4,44,0.396
1001,44,0.39605
996.56,44,0.3961
992.19,44,0.39616
987.84,44,0.39621
983.52,44,0.39626
979.21,44,0.39631
974.94,44,0.39636
970.68,44,0.39641
966.45,44,0.39646
962.25,44,0.39651
958.07,44,0.39656
953.91,44,0.3966
949.77,44,0.39665
945.66,44,0.3967
941.57,44,0.39675
937.51,44,0.39679
933.47,44,0.39684
929.45,44,0.39688
925.45,44,0.39693
921.48,44,0.39697
917.53,44,0.39702
913.6,44,0.39706
909.69,44,0.3971
905.81,44,0.39714
901.95,44,0.39719
898.11,44,0.39723
894.29,44,0.39727
890.5,44,0.39731
886.72,44,0.39735
882.97,44,0.39739
879.24,44,0.39743
875.54,44,0.39747
871.85,44,0.39751
868.18,44,0.39755
864.54,44,0.39759
860.92,44,0.39762
857.32,44,0.39766
853.74,44,0.3977
850.18,44,0.39774
846.64,44,0.39777
843.12,44,0.39781
839.63,44,0.39784
836.15,44,0.39788
832.69,44,0.39791
829.26,44,0.39795
825.84,44,0.39798
822.45,44,0.39802
819.07,44,0.39805
815.72,44,0.39808
812.38,44,0.39812
809.06,44,0.39815
805.77,44,0.39818
802.49,44,0.39821
799.23,44,0.39825
796,44,0.39828
792.78,44,0.39831
789.58,44,0.39834
786.4,44,0.39837
783.23,44,0.3984
780.09,44,0.39843
776.97,44,0.39846
773.86,44,0.39849
770.77,44,0.39852
767.7,44,0.39855
764.65,44,0.39857
761.62,44,0.3986
758.6,44,0.39863
755.61,44,0.39866
752.63,44,0.39869
749.67,44,0.39871
746.72,44,0.39874
743.8,44,0.39877
740.89,44,0.39879
738,44,0.39882
735.12,44,0.39884
732.27,44,0.39887
729.43,44,0.39889
726.6,44,0.39892
723.8,44,0.39894
721.01,44,0.39897
718.23,44,0.39899
715.48,44,0.39902
712.74,44,0.39904
710.01,44,0.39906
707.31,44,0.39909
704.62,44,0.39911
701.94,44,0.39913
699.28,44,0.39916
696.64,44,0.39918
694.01,44,0.3992
691.4,44,0.39922
688.8,44,0.39925
686.22,44,0.39927
683.65,44,0.39929
681.1,44,0.39931
678.57,44,0.39933
676.05,44,0.39935
673.54,44,0.39937
671.05,44,0.39939
668.57,44,0.39941
666.11,44,0.39943
663.66,44,0.39945
661.23,44,0.39947
658.81,44,0.39949
656.41,44,0.39951
654.02,44,0.39953
651.64,44,0.39955
649.28,44,0.39957
646.93,44,0.39958
644.6,44,0.3996
642.27,44,0.39962
639.97,44,0.39964
637.67,44,0.39966
635.39,44,0.39967
633.12,44,0.39969
630.87,44,0.39971
628.63,44,0.39973
626.4,44,0.39974
624.18,44,0.39976
621.98,44,0.39978
619.79,44,0.39979
617.61,44,0.39981
615.45,44,0.39982
613.3,44,0.39984
611.16,44,0.39986
609.03,44,0.39987
606.91,44,0.39989
604.81,44,0.3999
602.71,44,0.39992
600.63,44,0.39993
598.57,44,0.39995
596.51,44,0.39996
594.46,44,0.39998
592.43,44,0.39999
590.41,44,0.4
588.4,44,0.40002
586.4,44,0.40003
584.41,44,0.40005
582.43,44,0.40006
580.46,44,0.40007
578.51,44,0.40009
576.56,44,0.4001
574.63,44,0.40011
572.7,44,0.40013
570.79,44,0.40014
568.89,44,0.40015
566.99,44,0.40016
565.11,44,0.40018
563.24,44,0.40019
561.38,44,0.4002
559.52,44,0.40021
557.68,44,0.40023
555.85,44,0.40024
554.03,44,0.40025
552.21,44,0.40026
550.41,44,0.40027
548.61,44,0.40028
546.83,44,0.4003
545.05,44,0.40031
543.29,44,0.40032
541.53,44,0.40033
539.78,44,0.40034
538.04,44,0.40035
536.31,44,0.40036
534.59,44,0.40037
532.88,44,0.40038
531.18,44,0.40039
529.48,44,0.4004
527.79,44,0.40041
526.12,44,0.40042
524.45,44,0.40043
522.79,44,0.40044
521.13,44,0.40045
519.49,44,0.40046
517.85,44,0.40047
516.22,44,0.40048
514.6,44,0.40049
512.99,44,0.4005
511.38,44,0.40051
509.78,44,0.40052
508.19,44,0.40053
506.61,44,0.40054
505.03,44,0.40055
503.47,44,0.40055
501.91,44,0.40056
500.35,44,0.40057
498.81,44,0.40058
497.27,44,0.40059
495.74,44,0.4006
494.21,44,0.4006
492.69,44,0.40061
491.18,44,0.40062
489.68,44,0.40063
488.18,44,0.40064
486.69,44,0.40064
485.21,44,0.40065
483.73,44,0.40066
482.26,44,0.40067
480.79,44,0.40068
479.33,44,0.40068
477.88,44,0.40069
476.43,44,0.4007
474.99,44,0.4007
473.56,44,0.40071
472.13,44,0.40072
470.71,44,0.40073
469.29,44,0.40073
467.88,44,0.40074
466.48,44,0.40075
465.08,44,0.40075
463.69,44,0.40076
462.3,44,0.40077
460.92,44,0.40077
459.54,44,0.40078
458.17,44,0.40079
456.8,44,0.40079
455.44,44,0.4008
454.09,44,0.4008
452.74,44,0.40081
451.39,44,0.40082
450.05,44,0.40082
448.71,44,0.40083
447.38,44,0.40084
446.06,44,0.40084
444.74,44,0.40085
443.42,44,0.40085
442.11,44,0.40086
440.81,44,0.40086
439.5,44,0.40087
438.21,44,0.40087
436.91,44,0.40088
435.63,44,0.40089
434.34,44,0.40089
433.06,44,0.4009
431.79,44,0.4009
430.52,44,0.40091
429.25,44,0.40091
427.99,44,0.40092
426.73,44,0.40092
425.47,44,0.40093
424.22,44,0.40093
422.98,44,0.40094
421.74,44,0.40094
420.5,44,0.40095
419.26,44,0.40095
418.03,44,0.40096
416.8,44,0.40096
415.58,44,0.40097
414.36,44,0.40097
413.15,44,0.40097
411.93,44,0.40098
410.72,44,0.40098
409.52,44,0.40099
408.32,44,0.40099
407.12,44,0.401
405.92,44,0.401
404.73,44,0.40101
403.54,44,0.40101
402.36,44,0.40101
401.17,44,0.40102
400,44,0.40102
398.82,44,0.40103
397.65,44,0.40103
396.48,44,0.40103
395.31,44,0.40104
394.15,44,0.40104
392.99,44,0.40105
391.83,44,0.40105
390.67,44,0.40105
389.52,44,0.40106
388.37,44,0.40106
387.23,44,0.40106
386.08,44,0.40107
384.94,44,0.40107
383.8,44,0.40107
382.67,44,0.40108
381.53,44,0.40108
380.4,44,0.40108
379.27,44,0.40109
378.15,44,0.40109
377.03,44,0.40109
375.91,44,0.4011
374.79,44,0.4011
373.67,44,0.4011
372.56,44,0.40111
371.45,44,0.40111
370.34,44,0.40111
369.23,44,0.40112
368.13,44,0.40112
367.03,44,0.40112
365.93,44,0.40113
364.83,44,0.40113
363.73,44,0.40113
362.64,44,0.40114
361.55,44,0.40114
360.46,44,0.40114
359.37,44,0.40114
358.29,44,0.40115
357.21,44,0.40115
356.13,44,0.40115
355.05,44,0.40115
353.97,44,0.40116
352.9,44,0.40116
351.82,44,0.40116
350.75,44,0.40117
349.68,44,0.40117
348.61,44,0.40117
347.55,44,0.40117
346.48,44,0.40118
345.42,44,0.40118
344.36,44,0.40118
343.3,44,0.40118
342.25,44,0.40119
341.19,44,0.40119
340.14,44,0.40119
339.09,44,0.40119
338.04,44,0.40119
336.99,44,0.4012
335.94,44,0.4012
334.9,44,0.4012
333.85,44,0.4012
332.81,44,0.40121
331.77,44,0.40121
330.73,44,0.40121
329.69,44,0.40121
328.66,44,0.40121
327.62,44,0.40122
326.59,44,0.40122
325.56,44,0.40122
324.53,44,0.40122
323.5,44,0.40122
322.47,44,0.40123
321.45,44,0.40123
320.42,44,0.40123
319.4,44,0.40123
318.38,44,0.40123
317.36,44,0.40124
316.34,44,0.40124
315.33,44,0.40124
314.31,44,0.40124
313.3,44,0.40124
312.28,44,0.40125
311.27,44,0.40125
310.26,44,0.40125
309.25,44,0.40125
308.24,44,0.40125
307.24,44,0.40125
306.23,44,0.40126
305.23,44,0.40126
304.23,44,0.40126
303.22,44,0.40126
302.22,44,0.40126
301.23,44,0.40126
300.23,44,0.40127
299.23,44,0.40127
298.24,44,0.40127
297.24,44,0.40127
296.25,44,0.40127
295.26,44,0.40127
294.27,44,0.40128
293.28,44,0.40128
292.3,44,0.40128
291.31,44,0.40128
290.32,44,0.40128
289.34,44,0.40128
288.36,44,0.40128
287.38,44,0.40129
286.4,44,0.40129
285.42,44,0.40129
284.44,44,0.40129
283.47,44,0.40129
282.49,44,0.40129
281.52,44,0.40129
280.54,44,0.4013
279.57,44,0.4013
278.6,44,0.4013
277.63,44,0.4013
276.67,44,0.4013
275.7,44,0.4013
274.73,44,0.4013
273.77,44,0.4013
272.81,44,0.40131
271.85,44,0.40131
270.89,44,0.40131
269.93,44,0.40131
268.97,44,0.40131
268.01,44,0.40131
267.06,44,0.40131
266.1,44,0.40131
265.15,44,0.40131
264.2,44,0.40132
263.25,44,0.40132
262.3,44,0.40132
261.35,44,0.40132
260.4,44,0.40132
259.46,44,0.40132
258.51,44,0.40132
257.57,44,0.40132
256.63,44,0.40132
255.69,44,0.40132
254.75,44,0.40133
253.81,44,0.40133
252.88,44,0.40133
251.94,44,0.40133
251.01,44,0.40133
250.07,44,0.40133
249.14,44,0.40133
248.21,44,0.40133
247.28,44,0.40133
246.36,44,0.40133
245.43,44,0.40134
244.51,44,0.40134
243.58,44,0.40134
242.66,44,0.40134
241.74,44,0.40134
240.82,44,0.40134
239.9,44,0.40134
238.99,44,0.40134
238.07,44,0.40134
237.16,44,0.40134
236.25,44,0.40134
235.34,44,0.40134
234.43,44,0.40135
233.52,44,0.40135
232.61,44,0.40135
231.71,44,0.40135
230.8,44,0.40135
229.9,44,0.40135
229,44,0.40135
228.1,44,0.40135
227.2,44,0.40135
226.31,44,0.40135
225.41,44,0.40135
224.52,44,0.40135
223.63,44,0.40135
222.74,44,0.40136
221.85,44,0.40136
220.96,44,0.40136
220.07,44,0.40136
219.19,44,0.40136
218.31,44,0.40136
217.43,44,0.40136
216.55,44,0.40136
215.67,44,0.40136
214.79,44,0.40136
213.92,44,0.40136
213.04,44,0.40136
212.17,44,0.40136
211.3,44,0.40136
210.43,44,0.40136
209.57,44,0.40137
208.7,44,0.40137
207.84,44,0.40137
206.98,44,0.40137
206.12,44,0.40137
205.26,44,0.40137
204.4,44,0.40137
203.55,44,0.40137
202.69,44,0.40137
201.84,44,0.40137
200.99,44,0.40137
200.15,44,0.40137
199.3,44,0.40137
198.45,44,0.40137
197.61,44,0.40137
196.77,44,0.40137
195.93,44,0.40137
195.09,44,0.40137
194.26,44,0.40138
193.42,44,0.40138
192.59,44,0.40138
191.76,44,0.40138
190.93,44,0.40138
190.11,44,0.40138
189.28,44,0.40138
188.46,44,0.40138
187.64,44,0.40138
186.82,44,0.40138
186,44,0.40138
185.19,44,0.40138
184.37,44,0.40138
183.56,44,0.40138
182.75,44,0.40138
181.94,44,0.40138
181.14,44,0.40138
180.33,44,0.40138
179.53,44,0.40138
178.73,44,0.40138
177.93,44,0.40138
177.14,44,0.40138
176.34,44,0.40139
175.55,44,0.40139
174.76,44,0.40139
173.97,44,0.40139
173.19,44,0.40139
172.4,44,0.40139
171.62,44,0.40139
170.84,44,0.40139
170.06,44,0.40139
169.29,44,0.40139
168.52,44,0.40139
167.74,44,0.40139
166.97,44,0.40139
166.21,44,0.40139
165.44,44,0.40139
164.68,44,0.40139
163.92,44,0.40139
163.16,44,0.40139
162.4,44,0.40139
161.64,44,0.40139
160.89,44,0.40139
160.14,44,0.40139
159.39,44,0.40139
158.65,44,0.40139
157.9,44,0.40139
157.16,44,0.40139
156.42,44,0.40139
155.68,44,0.40139
154.95,44,0.4014
154.21,44,0.4014
153.48,44,0.4014
152.75,44,0.4014
152.03,44,0.4014
151.3,44,0.4014
150.58,44,0.4014
149.86,44,0.4014
149.14,44,0.4014
148.42,44,0.4014
147.71,44,0.4014
147,44,0.4014
146.29,44,0.4014
145.58,44,0.4014
144.88,44,0.4014
144.18,44,0.4014
143.48,44,0.4014
142.78,44,0.4014
142.08,44,0.4014
141.39,44,0.4014
140.7,44,0.4014
140.01,44,0.4014
139.32,44,0.4014
138.64,44,0.4014
137.96,44,0.4014
137.28,44,0.4014
136.6,44,0.4014
135.92,44,0.4014
135.25,44,0.4014
134.58,44,0.4014
133.91,44,0.4014
133.25,44,0.4014
132.58,44,0.4014
131.92,44,0.4014
131.26,44,0.4014
130.61,44,0.4014
129.95,44,0.4014
129.3,44,0.4014
128.65,44,0.4014
128,44,0.4014
127.36,44,0.40141
126.72,44,0.40141
126.07,44,0.40141
125.44,44,0.40141
124.8,44,0.40141
124.17,44,0.40141
123.54,44,0.40141
122.91,44,0.40141
122.28,44,0.40141
121.66,44,0.40141
121.04,44,0.40141
120.42,44,0.40141
119.8,44,0.40141
119.18,44,0.40141
118.57,44,0.40141
117.96,44,0.40141
117.35,44,0.40141
116.75,44,0.40141
116.15,44,0.40141
115.54,44,0.40141
114.95,44,0.40141
114.35,44,0.40141
113.76,44,0.40141
113.16,44,0.40141
112.58,44,0.40141
111.99,44,0.40141
111.4,44,0.40141
110.82,44,0.40141
110.24,44,0.40141
109.66,44,0.40141
109.09,44,0.40141
108.52,44,0.40141
107.95,44,0.40141
107.38,44,0.40141
106.81,44,0.40141
106.25,44,0.40141
105.69,44,0.40141
105.13,44,0.40141
104.57,44,0.40141
104.02,44,0.40141
103.46,44,0.40141
102.91,44,0.40141
102.37,44,0.40141
101.82,44,0.40141
101.28,44,0.40141
100.74,44,0.40141
100.2,44,0.40141
99.662,44,0.40141
99.128,44,0.40141
98.596,44,0.40141
98.067,44,0.40141
97.539,44,0.40141
97.014,44,0.40141
96.491,44,0.40141
95.971,44,0.40141
95.452,44,0.40141
94.936,44,0.40141
94.422,44,0.40141
93.91,44,0.40141
93.401,44,0.40141
92.893,44,0.40141
92.388,44,0.40141
91.885,44,0.40141
91.384,44,0.40141
90.886,44,0.40141
90.389,44,0.40142
89.895,44,0.40142
89.402,44,0.40142
88.912,44,0.40142
88.424,44,0.40142
87.939,44,0.40142
87.455,44,0.40142
86.974,44,0.40142
86.494,44,0.40142
86.017,44,0.40142
85.542,44,0.40142
85.068,44,0.40142
84.597,44,0.40142
84.128,44,0.40142
83.661,44,0.40142
83.197,44,0.40142
82.734,44,0.40142
82.273,44,0.40142
81.814,44,0.40142
81.358,44,0.40142
80.903,44,0.40142
80.45,44,0.40142
80,44,0.40142
79.551,44,0.40142
79.104,44,0.40142
78.66,44,0.40142
78.217,44,0.40142
77.776,44,0.40142
77.337,44,0.40142
76.9,44,0.40142
76.465,44,0.40142
76.032,44,0.40142
75.601,44,0.40142
75.172,44,0.40142
74.745,44,0.40142
74.319,44,0.40142
73.896,44,0.40142
73.474,44,0.40142
73.054,44,0.40142
72.636,44,0.40142
72.22,44,0.40142
71.806,44,0.40142
71.394,44,0.40142
70.983,44,0.40142
70.574,44,0.40142
70.167,44,0.40142
69.762,44,0.40142
69.358,44,0.40142
68.956,44,0.40142
68.556,44,0.40142
68.158,44,0.40142
67.762,44,0.40142
67.367,44,0.40142
66.974,44,0.40142
66.582,44,0.40142
66.192,44,0.40142
65.804,44,0.40142
65.418,44,0.40142
65.033,44,0.40142
64.65,44,0.40142
64.268,44,0.40142
63.889,44,0.40142
63.51,44,0.40142
63.134,44,0.40142
62.759,44,0.40142
62.385,44,0.40142
62.013,44,0.40142
61.643,44,0.40142
61.274,44,0.40142
60.907,44,0.40142
60.541,44,0.40142
60.176,44,0.40142
59.814,44,0.40142
59.452,44,0.40142
59.092,44,0.40142
58.734,44,0.40142
58.377,44,0.40142
58.022,44,0.40142
57.667,44,0.40142
57.315,44,0.40142
56.964,44,0.40142
56.614,44,0.40142
56.265,44,0.40142
55.918,44,0.40142
55.572,44,0.40142
55.228,44,0.40142
54.885,44,0.40142
54.543,44,0.40142
54.202,44,0.40142
53.863,44,0.40142
53.525,44,0.40142
53.188,44,0.40142
52.853,44,0.40142
52.519,44,0.40142
52.186,44,0.40142
51.854,44,0.40142
51.524,44,0.40142
51.194,44,0.40142
50.866,44,0.40142
50.539,44,0.40142
50.213,44,0.40142
49.889,44,0.40142
49.565,44,0.40142
49.243,44,0.40142
48.921,44,0.40142
48.601,44,0.40142
48.282,44,0.40142
47.964,44,0.40142
47.647,44,0.40142
47.331,44,0.40142
47.016,44,0.40142
46.703,44,0.40142
46.39,44,0.40142
46.078,44,0.40142
45.767,44,0.40142
45.457,44,0.40142
45.148,44,0.40142
44.84,44,0.40142
44.533,44,0.40142
44.227,44,0.40142
43.922,44,0.40142
43.618,44,0.40142
43.314,44,0.40142
43.012,44,0.40142
42.71,44,0.40142
42.409,44,0.40142
42.109,44,0.40142
41.81,44,0.40142
41.512,44,0.40142
41.214,44,0.40142
40.918,44,0.40142
40.622,44,0.40142
40.327,44,0.40142
40.032,44,0.40142
39.739,44,0.40142
39.446,44,0.40142
39.154,44,0.40142
38.862,44,0.40142
38.572,44,0.40142
38.281,44,0.40142
37.992,44,0.40142
37.703,44,0.40142
37.415,44,0.40142
37.128,44,0.40142
36.841,44,0.40142
36.555,44,0.40142
36.27,44,0.40142
35.985,44,0.40142
35.7,44,0.40142
35.416,44,0.40142
35.133,44,0.40142
34.851,44,0.40142
34.569,44,0.40142
34.287,44,0.40142
34.006,44,0.40142
33.725,44,0.40142
33.445,44,0.40142
33.166,44,0.40142
32.887,44,0.40142
32.608,44,0.40142
32.33,44,0.40142
32.052,44,0.40142
31.775,44,0.40142
31.498,44,0.40142
31.222,44,0.40142
30.946,44,0.40142
30.67,44,0.40142
30.395,44,0.40142
30.12,44,0.40142
29.846,44,0.40142
29.571,44,0.40142
29.298,44,0.40142
29.024,44,0.40142
28.751,44,0.40142
28.478,44,0.40142
28.206,44,0.40142
27.934,44,0.40142
27.662,44,0.40142
27.39,44,0.40142
27.119,44,0.40142
26.847,44,0.40142
26.577,44,0.40142
26.306,44,0.40142
26.036,44,0.40142
25.765,44,0.40142
25.495,44,0.40142
25.226,44,0.40142
24.956,44,0.40142
24.687,44,0.40142
24.417,44,0.40142
24.148,44,0.40142
23.879,44,0.40142
23.611,44,0.40142
23.342,44,0.40142
23.074,44,0.40142
22.805,44,0.40142
22.537,44,0.40142
22.269,44,0.40142
22.001,44,0.40142
21.733,44,0.40142
21.465,44,0.40142
21.197,44,0.40142
20.93,44,0.40142
20.662,44,0.40142
20.395,44,0.40142
20.127,44,0.40142
19.86,44,0.40142
19.592,44,0.40142
19.325,44,0.40142
19.057,44,0.40142
18.79,44,0.40142
18.523,44,0.40142
18.255,44,0.40142
17.988,44,0.40142
17.72,44,0.40142
17.453,44,0.40142
17.185,44,0.40142
16.918,44,0.40142
16.65,44,0.40142
16.383,44,0.40142
16.115,44,0.40142
15.847,44,0.40142
15.58,44,0.40142
15.312,44,0.40142
15.044,44,0.40142
14.776,44,0.40142
14.508,44,0.40142
14.24,44,0.40142
13.971,44,0.40142
13.703,44,0.40142
13.434,44,0.40142
13.166,44,0.40142
12.897,44,0.40142
12.628,44,0.40142
12.359,44,0.40142
12.09,44,0.40142
11.821,44,0.40142
11.551,44,0.40142
11.282,44,0.40142
11.012,44,0.40142
10.742,44,0.40142
10.472,44,0.40142
10.202,44,0.40142
9.9312,44,0.40142
9.6606,44,0.40142
9.3899,44,0.40142
9.1189,44,0.40142
8.8478,44,0.40142
8.5764,44,0.40142
8.3049,44,0.40142
8.0332,44,0.40142
7.7613,44,0.40142
7.4891,44,0.40142
7.2168,44,0.40142
6.9443,44,0.40142
6.6715,44,0.40142
6.3985,44,0.40142
6.1253,44,0.40142
5.8519,44,0.40142
5.5782,44,0.40142
5.3044,44,0.40142
5.0302,44,0.40142
4.7559,44,0.40142
4.4813,44,0.40142
4.2065,44,0.40142
3.9315,44,0.40142
3.6562,44,0.40142
3.3806,44,0.40142
3.1048,44,0.40142
2.8288,44,0.40142
2.5525,44,0.40143
2.276,44,0.40143
1.9992,44,0.40143
1.7222,44,0.40143
1.4449,44,0.40143
1.1673,44,0.40143
0.88955,44,0.40143
0.61149,44,0.40143
0.33317,44,0.40143
0.054599,44,0.40143
-0.22424,44,0.40143
-0.50333,44,0.40143
-0.78269,44,0.40143
-1.0623,44,0.40143
-1.3422,44,0.40143
-1.6223,44,0.40143
-1.9027,44,0.40143
-2.1834,44,0.40143
-2.4643,44,0.40143
-2.7455,44,0.40143
-3.027,44,0.40143
-3.3087,44,0.40143
-3.5907,44,0.40143
-3.8729,44,0.40143
-4.1554,44,0.40143
-4.4382,44,0.40143
-4.7212,44,0.40143
-5.0045,44,0.40143
-5.288,44,0.40143
-5.5718,44,0.40143
-5.8559,44,0.40143
-6.1402,44,0.40143
-6.4248,44,0.40143
-6.7096,44,0.40143
-6.9946,44,0.40143
-7.28,44,0.40143
-7.5655,44,0.40143
-7.8513,44,0.40143
-8.1374,44,0.40143
-8.4237,44,0.40143
-8.7103,44,0.40143
-8.997,44,0.40143
-9.2841,44,0.40143
-9.5713,44,0.40143
-9.8588,44,0.40143
-10.147,44,0.40143
-10.435,44,0.40143
-10.723,44,0.40143
-11.011,44,0.40143
-11.3,44,0.40143
-11.589,44,0.40143
-11.878,44,0.40143
-12.167,44,0.40143
-12.456,44,0.40143
-12.746,44,0.40143
-13.036,44,0.40143
-13.326,44,0.40143
-13.616,44,0.40143
-13.907,44,0.40143
-14.198,44,0.40143
-14.489,44,0.40143
-14.78,44,0.40143
-15.071,44,0.40143
-15.362,44,0.40143
-15.654,44,0.40143
-15.946,44,0.40143
-16.238,44,0.40143
-16.53,44,0.40143
-16.822,44,0.40143
-17.115,44,0.40143
-17.407,44,0.40143
-17.7,44,0.40143
-17.993,44,0.40143
-18.286,44,0.40143
-18.579,44,0.40143
-18.873,44,0.40143
-19.166,44,0.40143
-19.46,44,0.40143
-19.753,44,0.40143
-20.047,44,0.40143
-20.341,44,0.40143
-20.635,44,0.40143
-20.929,44,0.40143
-21.223,44,0.40143
-21.518,44,0.40143
-21.812,44,0.40143
-22.107,44,0.40143
-22.401,44,0.40143
-22.696,44,0.40143
-22.991,44,0.40143
-23.285,44,0.40143
-23.58,44,0.40143
-23.875,44,0.40143
-24.17,44,0.40143
-24.465,44,0.40143
-24.76,44,0.40143
-25.055,44,0.40143
-25.35,44,0.40143
-25.645,44,0.40143
-25.941,44,0.40143
-26.236,44,0.40143
-26.531,44,0.40143
-26.826,44,0.40143
-27.121,44,0.40143
-27.416,44,0.40143
-27.711,44,0.40143
-28.006,44,0.40143
-28.301,44,0.40143
-28.596,44,0.40143
-28.891,44,0.40143
-29.186,44,0.40143
-29.481,44,0.40143
-29.776,44,0.40143
-30.071,44,0.40143
-30.365,44,0.40143
-30.66,44,0.40143
-30.955,44,0.40143
-31.249,44,0.40143
-31.543,44,0.40143
-31.838,44,0.40143
-32.132,44,0.40143
-32.426,44,0.40143
-32.72,44,0.40143
-33.013,44,0.40143
-33.307,44,0.40143
-33.6,44,0.40143
-33.894,44,0.40143
-34.187,44,0.40143
-34.48,44,0.40143
-34.773,44,0.40143
-35.066,44,0.40143
-35.358,44,0.40143
-35.65,44,0.40143
-35.943,44,0.40143
-36.234,44,0.40143
-36.526,44,0.40143
-36.818,44,0.40143
-37.109,44,0.40143
-37.4,44,0.40143
-37.691,44,0.40143
-37.982,44,0.40143
-38.272,44,0.40143
-38.562,44,0.40143
-38.852,44,0.40143
-39.141,44,0.40143
-39.431,44,0.40143
-39.72,44,0.40143
-40.008,44,0.40143
-40.297,44,0.40143
-40.585,44,0.40143
-40.873,44,0.40143
-41.16,44,0.40143
-41.448,44,0.40143
-41.734,44,0.40143
-42.021,44,0.40143
-42.307,44,0.40143
-42.593,44,0.40143
-42.878,44,0.40143
-43.163,44,0.40143
-43.448,44,0.40143
-43.733,44,0.40143
-44.017,44,0.40143
-44.3,44,0.40143
-44.583,44,0.40143
-44.866,44,0.40143
-45.149,44,0.40143
-45.43,44,0.40143
-45.712,44,0.40143
-45.993,44,0.40143
-46.274,44,0.40143
-46.554,44,0.40143
-46.834,44,0.40143
-47.113,44,0.40143
-47.392,44,0.40143
-47.67,44,0.40143
-47.948,44,0.40143
-48.225,44,0.40143
-48.502,44,0.40143
-48.779,44,0.40143
-49.055,44,0.40143
-49.33,44,0.40143
-49.605,44,0.40143
-49.879,44,0.40143
-50.153,44,0.40143
-50.426,44,0.40143
-50.699,44,0.40143
-50.971,44,0.40143
-51.242,44,0.40143
-51.513,44,0.40143
-51.784,44,0.40143
-52.053,44,0.40143
-52.323,44,0.40143
-52.591,44,0.40143
-52.859,44,0.40143
-53.127,44,0.40143
-53.393,44,0.40143
-53.66,44,0.40143
-53.925,44,0.40143
-54.19,44,0.40143
-54.454,44,0.40143
-54.718,44,0.40143
-54.981,44,0.40143
-55.243,44,0.40143
-55.505,44,0.40143
-55.765,44,0.40143
-56.026,44,0.40143
-56.285,44,0.40143
-56.544,44,0.40143
-56.802,44,0.40143
-57.059,44,0.40143
-57.316,44,0.40143
-57.572,44,0.40143
-57.827,44,0.40143
-58.082,44,0.40143
-58.336,44,0.40143
-58.589,44,0.40143
-58.841,44,0.40143
-59.092,44,0.40143
-59.343,44,0.40143
-59.593,44,0.40143
-59.842,44,0.40143
-60.09,44,0.40143
-60.338,44,0.40143
-60.585,44,0.40143
-60.831,44,0.40143
-61.076,44,0.40143
-61.32,44,0.40143
-61.564,44,0.40143
-61.806,44,0.40143
-62.048,44,0.40143
-62.289,44,0.40143
-62.529,44,0.40143
-62.769,44,0.40143
-63.007,44,0.40143
-63.245,44,0.40143
-63.482,44,0.40143
-63.717,44,0.40143
-63.952,44,0.40143
-64.186,44,0.40143
-64.42,44,0.40143
-64.652,44,0.40143
-64.883,44,0.40143
-65.114,44,0.40143
-65.343,44,0.40143
-65.572,44,0.40143
-65.8,44,0.40143
-66.027,44,0.40143
-66.252,44,0.40143
-66.477,44,0.40143
-66.701,44,0.40143
-66.924,44,0.40143
-67.146,44,0.40143
-67.368,44,0.40143
-67.588,44,0.40143
-67.807,44,0.40143
-68.025,44,0.40143
-68.242,44,0.40143
-68.459,44,0.40143
-68.674,44,0.40143
-68.888,44,0.40143
-69.101,44,0.40143
-69.314,44,0.40143
-69.525,44,0.40143
-69.735,44,0.40143
-69.944,44,0.40143
-70.153,44,0.40143
-70.36,44,0.40143
-70.566,44,0.40143
-70.771,44,0.40143
-70.975,44,0.40143
-71.178,44,0.40143
-71.38,44,0.40143
-71.581,44,0.40143
-71.781,44,0.40143
-71.98,44,0.40143
-72.178,44,0.40143
-72.375,44,0.40143
-72.57,44,0.40143
-72.765,44,0.40143
-72.958,44,0.40143
-73.151,44,0.40143
-73.342,44,0.40143
-73.532,44,0.40143
-73.722,44,0.40143
-73.91,44,0.40143
-74.097,44,0.40143
-74.283,44,0.40143
-74.467,44,0.40143
-74.651,44,0.40143
-74.834,44,0.40143
-75.015,44,0.40143
-75.195,44,0.40143
-75.375,44,0.40143
-75.553,44,0.40143
-75.73,44,0.40143
-75.905,44,0.40143
-76.08,44,0.40143
-76.254,44,0.40143
-76.426,44,0.40143
-76.597,44,0.40143
-76.768,44,0.40143
-76.937,44,0.40143
-77.105,44,0.40143
-77.271,44,0.40143
-77.437,44,0.40143
-77.601,44,0.40143
-77.764,44,0.40143
-77.927,44,0.40143
-78.088,44,0.40143
-78.247,44,0.40143
-78.406,44,0.40143
-78.563,44,0.40143
-78.72,44,0.40143
-78.875,44,0.40143
-79.029,44,0.40143
-79.181,44,0.40143
-79.333,44,0.40143
-79.483,44,0.40143
-79.633,44,0.40143
-79.781,44,0.40143
-79.928,44,0.40143
-80.073,44,0.40143
-80.218,44,0.40143
-80.361,44,0.40143
-80.503,44,0.40143
-80.644,44,0.40143
-80.784,44,0.40143
-80.923,44,0.40143
-81.06,44,0.40143
-81.196,44,0.40143
-81.331,44,0.40143
-81.465,44,0.40143
-81.598,44,0.40143
-81.729,44,0.40143
-81.859,44,0.40143
-81.988,44,0.40143
-82.116,44,0.40143
-82.243,44,0.40143
-82.368,44,0.40143
-82.492,44,0.40143
-82.615,44,0.40143
-82.737,44,0.40143
-82.858,44,0.40143
-82.977,44,0.40143
-83.096,44,0.40143
-83.213,44,0.40143
-83.328,44,0.40143
-83.443,44,0.40143
-83.556,44,0.40143
-83.669,44,0.40143
-83.78,44,0.40143
-83.89,44,0.40143
-83.998,44,0.40143
-84.106,44,0.40143
-84.212,44,0.40143
-84.317,44,0.40143
-84.421,44,0.40143
-84.523,44,0.40143
-84.625,44,0.40143
-84.725,44,0.40143
-84.824,44,0.40143
-84.922,44,0.40143
-85.019,44,0.40143
-85.114,44,0.40143
-85.209,44,0.40143
-85.302,44,0.40143
-85.394,44,0.40143
-85.484,44,0.40143
-85.574,44,0.40143
-85.662,44,0.40143
-85.749,44,0.40143
-85.835,44,0.40143
-85.92,44,0.40143
-86.004,44,0.40143
-86.086,44,0.40143
-86.168,44,0.40143
-86.248,44,0.40143
-86.327,44,0.40143
-86.404,44,0.40143
-86.481,44,0.40143
-86.556,44,0.40143
-86.631,44,0.40143
-86.704,44,0.40143
-86.776,44,0.40143
-86.846,44,0.40143
-86.916,44,0.40143
-86.984,44,0.40143
-87.052,44,0.40143
-87.118,44,0.40143
-87.183,44,0.40143
-87.247,44,0.40143
-87.309,44,0.40143
-87.371,44,0.40143
-87.431,44,0.40143
-87.491,44,0.40143
-87.549,44,0.40143
-87.606,44,0.40143
-87.662,44,0.40143
-87.717,44,0.40143
-87.77,44,0.40143
-87.823,44,0.40143
-87.874,44,0.40143
-87.924,44,0.40143
-87.974,44,0.40143
-88.022,44,0.40143
-88.069,44,0.40143
-88.114,44,0.40143
-88.159,44,0.40143
-88.203,44,0.40143
-88.245,44,0.40143
-88.287,44,0.40143
-88.327,44,0.40143
-88.367,44,0.40143
-88.405,44,0.40143
-88.442,44,0.40143
-88.478,44,0.40143
-88.513,44,0.40143
-88.547,44,0.40143
-88.58,44,0.40143
-88.612,44,0.40143
-88.642,44,0.40143
-88.672,44,0.40143
-88.701,44,0.40143
-88.728,44,0.40143
-88.755,44,0.40143
-88.78,44,0.40143
-88.805,44,0.40143
-88.828,44,0.40143
-88.851,44,0.40143
-88.872,44,0.40143
-88.893,44,0.40143
-88.912,44,0.40143
-88.93,44,0.40143
-88.948,44,0.40143
-88.964,44,0.40143
-88.98,44,0.40143
-88.994,44,0.40143
-89.007,44,0.40143
-89.02,44,0.40143
-89.031,44,0.40143
-89.042,44,0.40143
-89.051,44,0.40143
-89.06,44,0.40143
-89.067,44,0.40143
-89.074,44,0.40143
-89.08,44,0.40143
-89.084,44,0.40143
-89.088,44,0.40143
-89.091,44,0.40143
-89.093,44,0.40143
-89.094,44,0.40143
-89.094,44,0.40143
-89.093,44,0.40143
-89.091,44,0.40143
-89.088,44,0.40143
-89.085,44,0.40143
-89.08,44,0.40143
-89.075,44,0.40143
-89.069,44,0.40143
-89.062,44,0.40143
-89.054,44,0.40143
-89.045,44,0.40143
-89.035,44,0.40143
-89.024,44,0.40143
-89.013,44,0.40143
-89,44,0.40143
-88.987,44,0.40143
-88.973,44,0.40143
-88.958,44,0.40143
-88.942,44,0.40143
-88.926,44,0.40143
-88.908,44,0.40143
-88.89,44,0.40143
-88.871,44,0.40143
-88.851,44,0.40143
-88.831,44,0.40143
-88.809,44,0.40143
-88.787,44,0.40143
-88.764,44,0.40143
-88.741,44,0.40143
-88.716,44,0.40143
-88.691,44,0.40143
-88.665,44,0.40143
-88.638,44,0.40143
-88.61,44,0.40143
-88.582,44,0.40143
-88.553,44,0.40143
-88.523,44,0.40143
-88.493,44,0.40143
-88.461,44,0.40143
-88.429,44,0.40143
-88.397,44,0.40143
-88.363,44,0.40143
-88.329,44,0.40143
-88.295,44,0.40143
-88.259,44,0.40143
-88.223,44,0.40143
-88.186,44,0.40143
-88.149,44,0.40143
-88.111,44,0.40143
-88.072,44,0.40143
-88.032,44,0.40143
-87.992,44,0.40143
-87.952,44,0.40143
-87.91,44,0.40143
-87.868,44,0.40143
-87.825,44,0.40143
-87.782,44,0.40143
-87.738,44,0.40143
-87.694,44,0.40143
-87.649,44,0.40143
-87.603,44,0.40143
-87.557,44,0.40143
-87.51,44,0.40143
-87.463,44,0.40143
-87.415,44,0.40143
-87.366,44,0.40143
-87.317,44,0.40143
-87.267,44,0.40143
-87.217,44,0.40143
-87.166,44,0.40143
-87.115,44,0.40143
-87.063,44,0.40143
-87.011,44,0.40143
-86.958,44,0.40143
-86.905,44,0.40143
-86.851,44,0.40143
-86.796,44,0.40143
-86.742,44,0.40143
-86.686,44,0.40143
-86.63,44,0.40143
-86.574,44,0.40143
-86.517,44,0.40143
-86.46,44,0.40143
-86.402,44,0.40143
-86.344,44,0.40143
-86.286,44,0.40143
-86.227,44,0.40143
-86.167,44,0.40143
-86.107,44,0.40143
-86.047,44,0.40143
-85.986,44,0.40143
-85.925,44,0.40143
-85.864,44,0.40143
-85.802,44,0.40143
-85.739,44,0.40143
-85.677,44,0.40143
-85.613,44,0.40143
-85.55,44,0.40143
-85.486,44,0.40143
-85.422,44,0.40143
-85.357,44,0.40143
-85.293,44,0.40143
-85.227,44,0.40143
-85.162,44,0.40143
-85.096,44,0.40143
-85.03,44,0.40143
-84.963,44,0.40143
-84.896,44,0.40143
-84.829,44,0.40143
-84.761,44,0.40143
-84.694,44,0.40143
-84.626,44,0.40143
-84.557,44,0.40143
-84.489,44,0.40143
-84.42,44,0.40143
-84.35,44,0.40143
-84.281,44,0.40143
-84.211,44,0.40143
-84.141,44,0.40143
-84.071,44,0.40143
-84.001,44,0.40143
-83.93,44,0.40143
-83.859,44,0.40143
-83.788,44,0.40143
-83.717,44,0.40143
-83.645,44,0.40143
-83.573,44,0.40143
-83.501,44,0.40143
-83.429,44,0.40143
-83.357,44,0.40143
-83.284,44,0.40143
-83.212,44,0.40143
-83.139,44,0.40143
-83.066,44,0.40143
-82.992,44,0.40143
-82.919,44,0.40143
-82.845,44,0.40143
-82.772,44,0.40143
-82.698,44,0.40143
-82.624,44,0.40143
-82.55,44,0.40143
-82.476,44,0.40143
-82.401,44,0.40143
-82.327,44,0.40143
-82.252,44,0.40143
-82.178,44,0.40143
-82.103,44,0.40143
-82.028,44,0.40143
-81.953,44,0.40143
-81.878,44,0.40143
-81.803,44,0.40143
-81.728,44,0.40143
-81.653,44,0.40143
-81.578,44,0.40143
-81.502,44,0.40143
-81.427,44,0.40143
-81.351,44,0.40143
-81.276,44,0.40143
-81.2,44,0.40143
-81.125,44,0.40143
-81.049,44,0.40143
-80.974,44,0.40143
-80.898,44,0.40143
-80.822,44,0.40143
-80.747,44,0.40143
-80.671,44,0.40143
-80.595,44,0.40143
-80.52,44,0.40143
-80.444,44,0.40143
-80.368,44,0.40143
-80.293,44,0.40143
-80.217,44,0.40143
-80.142,44,0.40143
-80.066,44,0.40143
-79.991,44,0.40143
-79.915,44,0.40143
-79.84,44,0.40143
-79.764,44,0.40143
-79.689,44,0.40143
-79.614,44,0.40143
-79.539,44,0.40143
-79.464,44,0.40143
-79.388,44,0.40143
-79.314,44,0.40143
-79.239,44,0.40143
-79.164,44,0.40143
-79.089,44,0.40143
-79.015,44,0.40143
-78.94,44,0.40143
-78.866,44,0.40143
-78.791,44,0.40143
-78.717,44,0.40143
-78.643,44,0.40143
-78.569,44,0.40143
-78.495,44,0.40143
-78.421,44,0.40143
-78.348,44,0.40143
-78.274,44,0.40143
-78.201,44,0.40143
-78.128,44,0.40143
-78.055,44,0.40143
-77.982,44,0.40143
-77.909,44,0.40143
-77.836,44,0.40143
-77.764,44,0.40143
-77.692,44,0.40143
-77.619,44,0.40143
-77.547,44,0.40143
-77.476,44,0.40143
-77.404,44,0.40143
-77.333,44,0.40143
-77.261,44,0.40143
-77.19,44,0.40143
-77.119,44,0.40143
-77.049,44,0.40143
-76.978,44,0.40143
-76.908,44,0.40143
-76.838,44,0.40143
-76.768,44,0.40143
-76.698,44,0.40143
-76.628,44,0.40143
-76.559,44,0.40143
-76.49,44,0.40143
-76.421,44,0.40143
-76.353,44,0.40143
-76.284,44,0.40143
-76.216,44,0.40141
-76.207,44,0.40141
-76.139,44,0.40141
-76.072,44,0.40141
-76.005,44,0.40141
-75.938,44,0.40141
-75.872,44,0.40141
-75.805,44,0.40141
-75.739,44,0.40141
-75.674,44,0.40141
-75.608,44,0.40141
-75.543,44,0.40141
-75.478,44,0.40141
-75.413,44,0.40141
-75.349,44,0.40141
-75.285,44,0.40141
-75.221,44,0.40141
-75.157,44,0.40141
-75.094,44,0.40141
-75.031,44,0.40141
-74.968,44,0.40141
-74.905,44,0.40141
-74.843,44,0.40141
-74.781,44,0.40141
-74.72,44,0.40141
-74.658,44,0.40141
-74.597,44,0.40141
-74.536,44,0.40141
-74.476,44,0.40141
-74.416,44,0.40141
-74.356,44,0.40141
-74.296,44,0.40141
-74.237,44,0.40141
-74.178,44,0.40141
-74.119,44,0.40141
-74.061,44,0.40141
-74.003,44,0.40141
-73.945,44,0.40141
-73.887,44,0.40141
-73.83,44,0.40141
-73.773,44,0.40141
-73.717,44,0.40141
-73.66,44,0.40141
-73.605,44,0.40141
-73.549,44,0.40141
-73.494,44,0.40141
-73.439,44,0.40141
-73.384,44,0.40141
-73.33,44,0.40141
-73.276,44,0.40141
-73.222,44,0.40141
-73.169,44,0.40141
-73.116,44,0.40141
-73.063,44,0.40141
-73.01,44,0.40141
-72.958,44,0.40141
-72.907,44,0.40141
-72.855,44,0.40141
-72.804,44,0.40141
-72.754,44,0.40141
-72.703,44,0.40141
-72.653,44,0.40141
-72.603,44,0.40141
-72.554,44,0.4014
-72.505,44,0.4014
-72.456,44,0.4014
-72.408,44,0.4014
-72.36,44,0.4014
-72.312,44,0.4014
-72.264,44,0.4014
-72.217,44,0.4014
-72.171,44,0.4014
-72.124,44,0.4014
-72.078,44,0.4014
-72.033,44,0.4014
-71.987,44,0.4014
-71.942,44,0.4014
-71.897,44,0.4014
-71.853,44,0.4014
-71.809,44,0.4014
-71.765,44,0.4014
-71.722,44,0.4014
-71.679,44,0.4014
-71.636,44,0.4014
-71.594,44,0.4014
-71.552,44,0.4014
-71.51,44,0.4014
-71.469,44,0.4014
-71.428,44,0.4014
-71.387,44,0.4014
-71.347,44,0.4014
-71.307,44,0.4014
-71.268,44,0.4014
-71.228,44,0.4014
-71.189,44,0.4014
-71.151,44,0.4014
-71.112,44,0.4014
-71.074,44,0.4014
-71.037,44,0.4014
-70.999,44,0.4014
-70.963,44,0.4014
-70.926,44,0.4014
-70.89,44,0.40139
-70.854,44,0.40139
-70.818,44,0.40139
-70.783,44,0.40139
-70.748,44,0.40139
-70.713,44,0.40139
-70.679,44,0.40139
-70.645,44,0.40139
-70.611,44,0.40139
-70.578,44,0.40139
-70.545,44,0.40139
-70.512,44,0.40139
-70.48,44,0.40139
-70.448,44,0.40139
-70.416,44,0.40139
-70.385,44,0.40139
-70.354,44,0.40139
-70.323,44,0.40139
-70.292,44,0.40139
-70.262,44,0.40139
-70.232,44,0.40139
-70.203,44,0.40139
-70.174,44,0.40139
-70.145,44,0.40139
-70.116,44,0.40139
-70.088,44,0.40139
-70.06,44,0.40139
-70.032,44,0.40139
-70.005,44,0.40139
-69.978,44,0.40138
-69.951,44,0.40138
-69.925,44,0.40138
-69.899,44,0.40138
-69.873,44,0.40138
-69.847,44,0.40138
-69.822,44,0.40138
-69.797,44,0.40138
-69.772,44,0.40138
-69.748,44,0.40138
-69.724,44,0.40138
-69.7,44,0.40138
-69.677,44,0.40138
-69.653,44,0.40138
-69.631,44,0.40138
-69.608,44,0.40138
-69.585,44,0.40138
-69.563,44,0.40138
-69.542,44,0.40138
-69.52,44,0.40138
-69.499,44,0.40138
-69.478,44,0.40138
-69.457,44,0.40137
-69.437,44,0.40137
-69.416,44,0.40137
-69.396,44,0.40137
-69.377,44,0.40137
-69.357,44,0.40137
-69.338,44,0.40137
-69.319,44,0.40137
-69.301,44,0.40137
-69.282,44,0.40137
-69.264,44,0.40137
-69.246,44,0.40137
-69.229,44,0.40137
-69.211,44,0.40137
-69.194,44,0.40137
-69.177,44,0.40137
-69.161,44,0.40137
-69.144,44,0.40137
-69.128,44,0.40136
-69.112,44,0.40136
-69.096,44,0.40136
-69.081,44,0.40136
-69.066,44,0.40136
-69.051,44,0.40136
-69.036,44,0.40136
-69.021,44,0.40136
-69.007,44,0.40136
-68.993,44,0.40136
-68.979,44,0.40136
-68.965,44,0.40136
-68.952,44,0.40136
-68.938,44,0.40136
-68.925,44,0.40136
-68.912,44,0.40135
-68.9,44,0.40135
-68.887,44,0.40135
-68.875,44,0.40135
-68.863,44,0.40135
-68.851,44,0.40135
-68.839,44,0.40135
-68.828,44,0.40135
-68.816,44,0.40135
-68.805,44,0.40135
-68.794,44,0.40135
-68.784,44,0.40135
-68.773,44,0.40135
-68.763,44,0.40134
-68.752,44,0.40134
-68.742,44,0.40134
-68.733,44,0.40134
-68.723,44,0.40134
-68.713,44,0.40134
-68.704,44,0.40134
-68.695,44,0.40134
-68.686,44,0.40134
-68.677,44,0.40134
-68.668,44,0.40134
-68.659,44,0.40134
-68.651,44,0.40133
-68.643,44,0.40133
-68.634,44,0.40133
-68.626,44,0.40133
-68.619,44,0.40133
-68.611,44,0.40133
-68.603,44,0.40133
-68.596,44,0.40133
-68.589,44,0.40133
-68.581,44,0.40133
-68.574,44,0.40132
-68.567,44,0.40132
-68.561,44,0.40132
-68.554,44,0.40132
-68.547,44,0.40132
-68.541,44,0.40132
-68.534,44,0.40132
-68.528,44,0.40132
-68.522,44,0.40132
-68.516,44,0.40132
-68.51,44,0.40131
-68.504,44,0.40131
-68.499,44,0.40131
-68.493,44,0.40131
-68.488,44,0.40131
-68.482,44,0.40131
-68.477,44,0.40131
-68.472,44,0.40131
-68.466,44,0.4013
-68.461,44,0.4013
-68.456,44,0.4013
-68.452,44,0.4013
-68.447,44,0.4013
-68.442,44,0.4013
-68.437,44,0.4013
-68.433,44,0.4013
-68.428,44,0.40129
-68.424,44,0.40129
-68.419,44,0.40129
-68.415,44,0.40129
-68.411,44,0.40129
-68.407,44,0.40129
-68.402,44,0.40129
-68.398,44,0.40129
-68.394,44,0.40128
-68.39,44,0.40128
-68.386,44,0.40128
-68.382,44,0.40128
-68.379,44,0.40128
-68.375,44,0.40128
-68.371,44,0.40127
-68.367,44,0.40127
-68.364,44,0.40127
-68.36,44,0.40127
-68.356,44,0.40127
-68.353,44,0.40127
-68.349,44,0.40127
-68.346,44,0.40126
-68.342,44,0.40126
-68.339,44,0.40126
-68.335,44,0.40126
-68.332,44,0.40126
-68.328,44,0.40126
-68.325,44,0.40125
-68.321,44,0.40125
-68.318,44,0.40125
-68.315,44,0.40125
-68.311,44,0.40125
-68.308,44,0.40125
-68.304,44,0.40124
-68.301,44,0.40124
-68.298,44,0.40124
-68.294,44,0.40124
-68.291,44,0.40124
-68.287,44,0.40123
-68.284,44,0.40123
-68.281,44,0.40123
-68.277,44,0.40123
-68.274,44,0.40123
-68.27,44,0.40122
-68.267,44,0.40122
-68.263,44,0.40122
-68.26,44,0.40122
-68.256,44,0.40122
-68.253,44,0.40121
-68.249,44,0.40121
-68.246,44,0.40121
-68.242,44,0.40121
-68.238,44,0.40121
-68.235,44,0.4012
-68.231,44,0.4012
-68.227,44,0.4012
-68.223,44,0.4012
-68.219,44,0.40119
-68.216,44,0.40119
-68.212,44,0.40119
-68.208,44,0.40119
-68.204,44,0.40118
-68.2,44,0.40118
-68.196,44,0.40118
-68.191,44,0.40118
-68.187,44,0.40117
-68.183,44,0.40117
-68.179,44,0.40117
-68.174,44,0.40117
-68.17,44,0.40116
-68.166,44,0.40116
-68.161,44,0.40116
-68.157,44,0.40116
-68.152,44,0.40115
-68.147,44,0.40115
-68.143,44,0.40115
-68.138,44,0.40115
-68.133,44,0.40114
-68.128,44,0.40114
-68.123,44,0.40114
-68.118,44,0.40113
-68.113,44,0.40113
-68.108,44,0.40113
-68.102,44,0.40113
-68.097,44,0.40112
-68.092,44,0.40112
-68.086,44,0.40112
-68.081,44,0.40111
-68.075,44,0.40111
-68.069,44,0.40111
-68.064,44,0.4011
-68.058,44,0.4011
-68.052,44,0.4011
-68.046,44,0.40109
-68.04,44,0.40109
-68.034,44,0.40109
-68.028,44,0.40108
-68.021,44,0.40108
-68.015,44,0.40108
-68.008,44,0.40107
-68.002,44,0.40107
-67.995,44,0.40107
-67.989,44,0.40106
-67.982,44,0.40106
-67.975,44,0.40106
-67.968,44,0.40105
-67.961,44,0.40105
-67.954,44,0.40104
-67.947,44,0.40104
-67.939,44,0.40104
-67.932,44,0.40103
-67.925,44,0.40103
-67.917,44,0.40102
-67.909,44,0.40102
-67.902,44,0.40102
-67.894,44,0.40101
-67.886,44,0.40101
-67.878,44,0.401
-67.87,44,0.401
-67.862,44,0.401
-67.854,44,0.40099
-67.845,44,0.40099
-67.837,44,0.40098
-67.828,44,0.40098
-67.82,44,0.40097
-67.811,44,0.40097
-67.802,44,0.40096
-67.794,44,0.40096
-67.785,44,0.40095
-67.776,44,0.40095
-67.767,44,0.40095
-67.757,44,0.40094
-67.748,44,0.40094
-67.739,44,0.40093
-67.729,44,0.40093
-67.72,44,0.40092
-67.71,44,0.40092
-67.701,44,0.40091
-67.691,44,0.40091
-67.681,44,0.4009
-67.671,44,0.4009
-67.661,44,0.40089
-67.651,44,0.40088
-67.641,44,0.40088
-67.631,44,0.40087
-67.62,44,0.40087
-67.61,44,0.40086
-67.6,44,0.40086
-67.589,44,0.40085
-67.578,44,0.40085
-67.568,44,0.40084
-67.557,44,0.40083
-67.546,44,0.40083
-67.535,44,0.40082
-67.524,44,0.40082
-67.513,44,0.40081
-67.502,44,0.4008
-67.491,44,0.4008
-67.48,44,0.40079
-67.469,44,0.40078
-67.457,44,0.40078
-67.446,44,0.40077
-67.434,44,0.40076
-67.423,44,0.40076
-67.411,44,0.40075
-67.4,44,0.40074
-67.388,44,0.40074
-67.376,44,0.40073
-67.365,44,0.40072
-67.353,44,0.40072
-67.341,44,0.40071
-67.329,44,0.4007
-67.317,44,0.4007
-67.305,44,0.40069
-67.293,44,0.40068
-67.281,44,0.40067
-67.269,44,0.40067
-67.257,44,0.40066
-67.244,44,0.40065
-67.232,44,0.40064
-67.22,44,0.40063
-67.208,44,0.40063
-67.195,44,0.40062
-67.183,44,0.40061
-67.171,44,0.4006
-67.158,44,0.40059
-67.146,44,0.40059
-67.133,44,0.40058
-67.121,44,0.40057
-67.109,44,0.40056
-67.096,44,0.40055
-67.084,44,0.40054
-67.071,44,0.40053
-67.059,44,0.40053
-67.046,44,0.40052
-67.034,44,0.40051
-67.022,44,0.4005
-67.009,44,0.40049
-66.997,44,0.40048
-66.984,44,0.40047
-66.972,44,0.40046
-66.96,44,0.40045
-66.947,44,0.40044
-66.935,44,0.40043
-66.923,44,0.40042
-66.91,44,0.40041
-66.898,44,0.4004
-66.886,44,0.40039
-66.874,44,0.40038
-66.862,44,0.40037
-66.85,44,0.40036
-66.838,44,0.40035
-66.826,44,0.40034
-66.814,44,0.40033
-66.802,44,0.40032
-66.791,44,0.4003
-66.779,44,0.40029
-66.767,44,0.40028
-66.756,44,0.40027
-66.744,44,0.40026
-66.733,44,0.40025
-66.722,44,0.40024
-66.711,44,0.40022
-66.699,44,0.40021
-66.688,44,0.4002
-66.678,44,0.40019
-66.667,44,0.40018
-66.656,44,0.40016
-66.646,44,0.40015
-66.635,44,0.40014
-66.625,44,0.40012
-66.615,44,0.40011
-66.604,44,0.4001
-66.595,44,0.40009
-66.585,44,0.40007
-66.575,44,0.40006
-66.566,44,0.40004
-66.556,44,0.40003
-66.547,44,0.40002
-66.538,44,0.4
-66.529,44,0.39999
-66.52,44,0.39997
-66.512,44,0.39996
-66.503,44,0.39995
-66.495,44,0.39993
-66.487,44,0.39992
-66.48,44,0.3999
-66.472,44,0.39988
-66.465,44,0.39987
-66.457,44,0.39985
-66.45,44,0.39984
-66.444,44,0.39982
-66.437,44,0.39981
-66.431,44,0.39979
-66.425,44,0.39977
-66.419,44,0.39976
-66.413,44,0.39974
-66.408,44,0.39972
-66.403,44,0.39971
-66.398,44,0.39969
-66.394,44,0.39967
-66.389,44,0.39966
-66.385,44,0.39964
-66.382,44,0.39962
-66.378,44,0.3996
-66.375,44,0.39958
-66.372,44,0.39957
-66.37,44,0.39955
-66.368,44,0.39953
-66.366,44,0.39951
-66.364,44,0.39949
-66.363,44,0.39947
-66.362,44,0.39945
-66.362,44,0.39943
-66.362,44,0.39941
-66.362,44,0.39939
-66.363,44,0.39937
-66.364,44,0.39935
-66.365,44,0.39933
-66.367,44,0.39931
-66.369,44,0.39929
-66.371,44,0.39927
-66.374,44,0.39925
-66.378,44,0.39922
-66.382,44,0.3992
-66.386,44,0.39918
-66.391,44,0.39916
-66.396,44,0.39913
-66.401,44,0.39911
-66.407,44,0.39909
-66.414,44,0.39907
-66.421,44,0.39904
-66.428,44,0.39902
-66.436,44,0.39899
-66.445,44,0.39897
-66.454,44,0.39895
-66.463,44,0.39892
-66.473,44,0.3989
-66.484,44,0.39887
-66.495,44,0.39885
-66.507,44,0.39882
-66.519,44,0.39879
-66.532,44,0.39877
-66.545,44,0.39874
-66.559,44,0.39871
-66.574,44,0.39869
-66.589,44,0.39866
-66.605,44,0.39863
-66.621,44,0.39861
-66.638,44,0.39858
-66.656,44,0.39855
-66.674,44,0.39852
-66.693,44,0.39849
-66.713,44,0.39846
-66.734,44,0.39843
-66.755,44,0.3984
-66.776,44,0.39837
-66.799,44,0.39834
-66.822,44,0.39831
-66.846,44,0.39828
-66.871,44,0.39825
-66.896,44,0.39822
-66.922,44,0.39819
-66.949,44,0.39815
-66.977,44,0.39812
-67.006,44,0.39809
-67.035,44,0.39806
-67.066,44,0.39802
-67.097,44,0.39799
-67.128,44,0.39796
-67.161,44,0.39792
-67.195,44,0.39789
-67.229,44,0.39785
-67.265,44,0.39782
-67.301,44,0.39778
-67.338,44,0.39774
-67.377,44,0.39771
-67.416,44,0.39767
-67.456,44,0.39763
-67.497,44,0.3976
-67.539,44,0.39756
-67.582,44,0.39752
-67.626,44,0.39748
-67.671,44,0.39744
-67.717,44,0.3974
-67.764,44,0.39736
-67.812,44,0.39732
-67.861,44,0.39728
-67.912,44,0.39724
-67.963,44,0.3972
-68.015,44,0.39716
-68.069,44,0.39712
-68.124,44,0.39707
-68.18,44,0.39703
-68.237,44,0.39699
-68.295,44,0.39694
-68.355,44,0.3969
-68.416,44,0.39685
-68.478,44,0.39681
-68.541,44,0.39676
-68.605,44,0.39672
-68.671,44,0.39667
-68.738,44,0.39663
-68.807,44,0.39658
-68.876,44,0.39653
-68.948,44,0.39648
-69.02,44,0.39643
-69.094,44,0.39638
-69.169,44,0.39633
-69.246,44,0.39628
-69.324,44,0.39623
-69.403,44,0.39618
-69.484,44,0.39613
-69.567,44,0.39608
-69.651,44,0.39603
-69.736,44,0.39597
-69.824,44,0.39592
-69.912,44,0.39587
-70.002,44,0.39581
-70.094,44,0.39576
-70.188,44,0.3957
-70.283,44,0.39564
-70.38,44,0.39559
-70.478,44,0.39553
-70.578,44,0.39547
-70.68,44,0.39541
-70.784,44,0.39536
-70.889,44,0.3953
-70.996,44,0.39524
-71.105,44,0.39518
-71.216,44,0.39511
-71.329,44,0.39505
-71.443,44,0.39499
-71.56,44,0.39493
-71.678,44,0.39486
-71.798,44,0.3948
-71.921,44,0.39473
-72.045,44,0.39467
-72.171,44,0.3946
-72.299,44,0.39454
-72.43,44,0.39447
-72.562,44,0.3944
-72.697,44,0.39433
-72.834,44,0.39426
-72.972,44,0.39419
-73.113,44,0.39412
-73.257,44,0.39405
-73.402,44,0.39398
-73.55,44,0.39391
-73.7,44,0.39383
-73.853,44,0.39376
-74.007,44,0.39369
-74.165,44,0.39361
-74.324,44,0.39353
-74.486,44,0.39346
-74.651,44,0.39338
-74.818,44,0.3933
-74.987,44,0.39322
-75.159,44,0.39314
-75.334,44,0.39306
-75.511,44,0.39298
-75.691,44,0.3929
-75.874,44,0.39282
-76.059,44,0.39273
-76.247,44,0.39265
-76.438,44,0.39256
-76.632,44,0.39248
-76.828,44,0.39239
-77.028,44,0.39231
-77.23,44,0.39222
-77.435,44,0.39213
-77.644,44,0.39204
-77.855,44,0.39195
-78.069,44,0.39186
-78.287,44,0.39176
-78.507,44,0.39167
-78.731,44,0.39158
-78.958,44,0.39148
-79.188,44,0.39139
-79.421,44,0.39129
-79.658,44,0.39119
-79.898,44,0.39109
-80.142,44,0.39099
-80.389,44,0.39089
-80.639,44,0.39079
-80.893,44,0.39069
-81.151,44,0.39059
-81.412,44,0.39048
-81.677,44,0.39038
-81.945,44,0.39027
-82.217,44,0.39016
-82.494,44,0.39006
-82.773,44,0.38995
-83.057,44,0.38984
-83.345,44,0.38973
-83.636,44,0.38961
-83.932,44,0.3895
-84.232,44,0.38939
-84.536,44,0.38927
-84.844,44,0.38916
-85.156,44,0.38904
-85.472,44,0.38892
-85.793,44,0.3888
-86.118,44,0.38868
-86.448,44,0.38856
-86.782,44,0.38844
-87.121,44,0.38831
-87.464,44,0.38819
-87.812,44,0.38806
-88.164,44,0.38794
-88.522,44,0.38781
-88.884,44,0.38768
-89.251,44,0.38755
-89.622,44,0.38742
-89.999,44,0.38729
-90.381,44,0.38715
-90.768,44,0.38702
-91.161,44,0.38688
-91.558,44,0.38674
-91.961,44,0.38661
-92.369,44,0.38647
-92.782,44,0.38632
-93.201,44,0.38618
-93.626,44,0.38604
-94.056,44,0.38589
-94.492,44,0.38575
-94.934,44,0.3856
-95.381,44,0.38545
-95.834,44,0.3853
-96.294,44,0.38515
-96.759,44,0.385
-97.231,44,0.38484
-97.709,44,0.38469
-98.193,44,0.38453
-98.683,44,0.38437
-99.18,44,0.38421
-99.683,44,0.38405
-100.19,44,0.38389
-100.71,44,0.38373
-101.23,44,0.38356
-101.76,44,0.3834
-102.3,44,0.38323
-102.84,44,0.38306
-103.4,44,0.38289
-103.95,44,0.38272
-104.52,44,0.38254
-105.09,44,0.38237
-105.67,44,0.38219
-106.26,44,0.38202
-106.86,44,0.38184
-107.46,44,0.38165
-108.07,44,0.38147
-108.69,44,0.38129
-109.32,44,0.3811
-109.95,44,0.38092
-110.59,44,0.38073
-111.25,44,0.38054
-111.91,44,0.38034
-112.57,44,0.38015
-113.25,44,0.37996
-113.94,44,0.37976
-114.63,44,0.37956
-115.33,44,0.37936
-116.05,44,0.37916
-116.77,44,0.37896
-117.5,44,0.37875
-118.24,44,0.37855
-118.99,44,0.37834
-119.75,44,0.37813
-120.52,44,0.37792
-121.3,44,0.3777
-122.09,44,0.37749
-122.89,44,0.37727
-123.7,44,0.37705
-124.52,44,0.37683
-125.35,44,0.37661
-126.19,44,0.37639
-127.04,44,0.37616
-127.9,44,0.37593
-128.77,44,0.3757
-129.66,44,0.37547
-130.55,44,0.37524
-131.46,44,0.375
-132.38,44,0.37477
-133.31,44,0.37453
-134.25,44,0.37429
-135.21,44,0.37405
-136.17,44,0.3738
-137.15,44,0.37356
-138.14,44,0.37331
-139.15,44,0.37306
-140.16,44,0.37281
-141.19,44,0.37255
-142.23,44,0.3723
-143.29,44,0.37204
-144.36,44,0.37178
-145.44,44,0.37152
-146.54,44,0.37126
-147.65,44,0.37099
-148.77,44,0.37072
-149.91,44,0.37045
-151.06,44,0.37018
-152.23,44,0.36991
-153.41,44,0.36963
-154.61,44,0.36936
-155.82,44,0.36908
-157.04,44,0.3688
-158.29,44,0.36851
-159.54,44,0.36823
-160.82,44,0.36794
-162.11,44,0.36765
-163.41,44,0.36736
-164.74,44,0.36706
-166.08,44,0.36676
-167.43,44,0.36647
-168.8,44,0.36617
-170.19,44,0.36586
-171.6,44,0.36556
-173.03,44,0.36525
-174.47,44,0.36494
-175.93,44,0.36463
-177.41,44,0.36432
-178.91,44,0.364
-180.42,44,0.36368
-181.96,44,0.36336
-183.51,44,0.36304
-185.08,44,0.36272
-186.68,44,0.36239
-188.29,44,0.36206
-189.92,44,0.36173
-191.58,44,0.36139
-193.25,44,0.36106
-194.94,44,0.36072
-196.66,44,0.36038
-198.4,44,0.36004
-200.15,44,0.35969
-201.93,44,0.35935
-203.74,44,0.359
-205.56,44,0.35864
-207.41,44,0.35829
-209.28,44,0.35793
-211.17,44,0.35758
-213.08,44,0.35721
-215.02,44,0.35685
-216.98,44,0.35649
-218.97,44,0.35612
-220.98,44,0.35575
-223.02,44,0.35537
-225.08,44,0.355
-227.16,44,0.35462
-229.27,44,0.35424
-231.41,44,0.35386
-233.57,44,0.35348
-235.76,44,0.35309
-237.98,44,0.3527
-240.22,44,0.35231
-242.49,44,0.35192
-244.79,44,0.35152
-247.11,44,0.35112
-249.46,44,0.35072
-251.84,44,0.35032
-254.25,44,0.34991
-256.69,44,0.34951
-259.16,44,0.3491
-261.66,44,0.34868
-264.18,44,0.34827
-266.74,44,0.34785
-269.33,44,0.34743
-271.95,44,0.34701
-274.6,44,0.34659
-277.28,44,0.34616
-279.99,44,0.34573
-282.73,44,0.3453
-285.51,44,0.34487
-288.32,44,0.34443
-291.16,44,0.34399
-294.04,44,0.34355
-296.95,44,0.34311
-299.89,44,0.34266
-302.87,44,0.34222
-305.89,44,0.34177
-308.93,44,0.34131
-312.02,44,0.34086
-315.14,44,0.3404
-318.29,44,0.33994
-321.48,44,0.33948
-324.71,44,0.33902
-327.98,44,0.33855
-331.28,44,0.33809
-334.62,44,0.33761
-338,44,0.33714
-341.42,44,0.33667
-344.87,44,0.33619
-348.37,44,0.33571
-351.9,44,0.33523
-355.48,44,0.33475
-359.09,44,0.33426
-362.75,44,0.33377
-366.44,44,0.33328
-370.18,44,0.33279
-373.96,44,0.33229
-377.78,44,0.3318
-381.64,44,0.3313
-385.54,44,0.3308
-389.49,44,0.33029
-393.48,44,0.32979
-397.52,44,0.32928
-401.6,44,0.32877
-405.72,44,0.32826
-409.89,44,0.32775
-414.1,44,0.32723
-418.36,44,0.32671
-422.66,44,0.32619
-427.01,44,0.32567
-431.4,44,0.32515
-435.85,44,0.32462
-440.33,44,0.3241
-444.87,44,0.32357
-449.45,44,0.32303
-454.08,44,0.3225
-458.76,44,0.32197
-463.49,44,0.32143
-468.27,44,0.32089
-473.09,44,0.32035
-477.96,44,0.31981
-482.89,44,0.31926
-487.86,44,0.31872
-492.88,44,0.31817
-497.96,44,0.31762
-503.08,44,0.31707
-508.26,44,0.31651
-513.48,44,0.31596
-518.76,44,0.3154
-524.09,44,0.31484
-529.47,44,0.31428
-534.9,44,0.31372
-540.39,44,0.31316
-545.93,44,0.31259
-551.52,44,0.31203
-557.16,44,0.31146
-562.85,44,0.31089
-568.6,44,0.31032
-574.41,44,0.30975
-580.26,44,0.30918
-586.17,44,0.3086
-592.13,44,0.30802
-598.15,44,0.30745
-604.22,44,0.30687
-610.35,44,0.30629
-616.53,44,0.30571
-622.76,44,0.30512
-629.05,44,0.30454
-635.39,44,0.30395
-641.79,44,0.30337
-648.24,44,0.30278
-654.75,44,0.30219
-661.31,44,0.3016
-667.93,44,0.30101
-674.6,44,0.30042
-681.32,44,0.29982
-688.1,44,0.29923
-694.94,44,0.29864
-701.83,44,0.29804
-708.77,44,0.29744
-715.77,44,0.29684
-722.82,44,0.29625
-729.92,44,0.29565
-737.08,44,0.29505
-744.29,44,0.29445
-751.56,44,0.29384
-758.88,44,0.29324
-766.25,44,0.29264
-773.68,44,0.29203
-781.15,44,0.29143
-788.68,44,0.29082
-796.26,44,0.29022
-803.9,44,0.28961
-811.58,44,0.28901
-819.32,44,0.2884
-827.1,44,0.28779
-834.94,44,0.28718
-842.82,44,0.28657
-850.76,44,0.28597
-858.74,44,0.28536
-866.77,44,0.28475
-874.85,44,0.28414
-882.98,44,0.28353
-891.15,44,0.28292
-899.37,44,0.28231
-907.64,44,0.2817
-915.95,44,0.28109
-924.3,44,0.28047
-932.7,44,0.27986
-941.14,44,0.27925
-949.62,44,0.27864
-958.15,44,0.27803
-966.71,44,0.27742
-975.32,44,0.27681
-983.96,44,0.2762
-992.64,44,0.27559
-1001.4,44,0.27498
-1010.1,44,0.27437
-1018.9,44,0.27376
-1027.7,44,0.27315
-1036.6,44,0.27254
-1045.5,44,0.27193
-1054.4,44,0.27132
-1063.4,44,0.27071
-1072.3,44,0.27011
-1081.4,44,0.2695
-1090.4,44,0.26889
-1099.5,44,0.26829
-1108.5,44,0.26768
-1117.7,44,0.26708
-1126.8,44,0.26647
-1135.9,44,0.26587
-1145.1,44,0.26526
-1154.3,44,0.26466
-1163.5,44,0.26406
-1172.7,44,0.26346
-1182,44,0.26286
-1191.2,44,0.26226
-1200.5,44,0.26166
-1209.8,44,0.26106
-1219.1,44,0.26047
-1228.4,44,0.25987
-1237.7,44,0.25928
-1247,44,0.25868
-1256.3,44,0.25809
-1265.6,44,0.2575
-1274.9,44,0.25691
-1284.2,44,0.25632
-1293.5,44,0.25573
-1302.8,44,0.25514
-1312.1,44,0.25455
-1321.3,44,0.25397
-1330.6,44,0.25338
-1339.9,44,0.2528
-1349.1,44,0.25222
-1358.3,44,0.25164
-1367.5,44,0.25106
-1376.7,44,0.25048
-1385.9,44,0.24991
-1395,44,0.24933
-1404.2,44,0.24876
-1413.3,44,0.24818
-1422.3,44,0.24761
-1431.4,44,0.24704
-1440.4,44,0.24648
-1449.3,44,0.24591
-1458.3,44,0.24535
-1467.2,44,0.24478
-1476,44,0.24422
-1484.9,44,0.24366
-1493.6,44,0.2431
-1502.4,44,0.24255
-1511.1,44,0.24199
-1519.7,44,0.24144
-1528.3,44,0.24089
-1536.8,44,0.24034
-1545.3,44,0.23979
-1553.7,44,0.23924
-1562.1,44,0.2387
-1570.4,44,0.23816
-1578.7,44,0.23762
-1586.9,44,0.23708
-1595,44,0.23654
-1603,44,0.236
-1611,44,0.23547
-1619,44,0.23494
-1626.8,44,0.23441
-1634.6,44,0.23388
-1642.3,44,0.23336
-1649.9,44,0.23283
-1657.5,44,0.23231
-1664.9,44,0.23179
-1672.3,44,0.23127
-1679.6,44,0.23076
-1686.9,44,0.23024
-1694,44,0.22973
-1701,44,0.22922
-1708,44,0.22872
-1714.9,44,0.22821
-1721.7,44,0.22771
-1728.3,44,0.22721
-1734.9,44,0.22671
-1741.4,44,0.22621
-1747.8,44,0.22572
-1754.1,44,0.22522
-1760.3,44,0.22473
-1766.4,44,0.22425
-1772.4,44,0.22376
-1778.3,44,0.22328
-1784.1,44,0.22279
-1789.8,44,0.22232
-1795.4,44,0.22184
-1800.9,44,0.22136
-1806.2,44,0.22089
-1811.5,44,0.22042
-1816.6,44,0.21995
-1821.7,44,0.21949
-1826.6,44,0.21902
-1831.4,44,0.21856
-1836.1,44,0.2181
-1840.7,44,0.21765
-1845.1,44,0.21719
-1849.5,44,0.21674
-1853.7,44,0.21629
-1857.8,44,0.21584
-1861.8,44,0.2154
-1865.7,44,0.21495
-1869.5,44,0.21451
-1873.1,44,0.21408
-1876.6,44,0.21364
-1880,44,0.21321
-1883.3,44,0.21278
-1886.5,44,0.21235
-1889.5,44,0.21192
-1892.4,44,0.2115
-1895.2,44,0.21107
-1897.9,44,0.21065
-1900.4,44,0.21024
-1902.8,44,0.20982
-1905.1,44,0.20941
-1907.3,44,0.209
-1909.4,44,0.20859
-1911.3,44,0.20819
-1913.1,44,0.20778
-1914.8,44,0.20738
-1916.4,44,0.20698
-1917.8,44,0.20659
-1919.1,44,0.2062
-1920.3,44,0.2058
-1921.4,44,0.20542
-1922.3,44,0.20503
-1923.2,44,0.20464
-1923.9,44,0.20426
-1924.4,44,0.20388
-1924.9,44,0.20351
-1925.3,44,0.20313
-1925.5,44,0.20276
-1925.6,44,0.20239
-1925.6,44,0.20202
-1925.4,44,0.20165
-1925.2,44,0.20129
-1924.8,44,0.20093
-1924.3,44,0.20057
-1923.7,44,0.20022
-1923,44,0.19986
-1922.1,44,0.19951
-1921.2,44,0.19916
-1920.1,44,0.19881
-1918.9,44,0.19847
-1917.6,44,0.19813
-1916.2,44,0.19778
-1914.7,44,0.19745
-1913.1,44,0.19711
-1911.3,44,0.19678
-1909.5,44,0.19645
-1907.5,44,0.19612
-1905.4,44,0.19579
-1903.3,44,0.19547
-1901,44,0.19514
-1898.6,44,0.19482
-1896.1,44,0.1945
-1893.5,44,0.19419
-1890.8,44,0.19388
-1888,44,0.19356
-1885.1,44,0.19325
-1882.1,44,0.19295
-1879,44,0.19264
-1875.8,44,0.19234
-1872.5,44,0.19204
-1869.1,44,0.19174
-1865.7,44,0.19144
-1862.1,44,0.19115
-1858.4,44,0.19086
-1854.7,44,0.19057
-1850.8,44,0.19028
-1846.9,44,0.18999
-1842.8,44,0.18971
-1838.7,44,0.18943
-1834.5,44,0.18915
-1830.2,44,0.18887
-1825.8,44,0.1886
-1821.4,44,0.18832
-1816.8,44,0.18805
-1812.2,44,0.18778
-1807.5,44,0.18751
-1802.7,44,0.18725
-1797.9,44,0.18698
-1792.9,44,0.18672
-1787.9,44,0.18646
-1782.9,44,0.18621
-1777.7,44,0.18595
-1772.5,44,0.1857
-1767.2,44,0.18545
-1761.8,44,0.1852
-1756.4,44,0.18495
-1750.9,44,0.1847
-1745.3,44,0.18446
-1739.7,44,0.18422
-1734,44,0.18398
-1728.2,44,0.18374
-1722.4,44,0.1835
-1716.5,44,0.18327
-1710.5,44,0.18303
-1704.5,44,0.1828
-1698.5,44,0.18257
-1692.4,44,0.18235
-1686.2,44,0.18212
-1680,44,0.1819
-1673.7,44,0.18167
-1667.4,44,0.18145
-1661,44,0.18123
-1654.6,44,0.18102
-1648.1,44,0.1808
-1641.6,44,0.18059
-1635,44,0.18038
-1628.4,44,0.18017
-1621.8,44,0.17996
-1615.1,44,0.17975
-1608.4,44,0.17955
-1601.6,44,0.17935
-1594.8,44,0.17914
-1587.9,44,0.17894
-1581,44,0.17875
-1574.1,44,0.17855
-1567.2,44,0.17835
-1560.2,44,0.17816
-1553.1,44,0.17797
-1546.1,44,0.17778
-1539,44,0.17759
-1531.9,44,0.1774
-1524.7,44,0.17722
-1517.6,44,0.17703
-1510.4,44,0.17685
-1503.2,44,0.17667
-1495.9,44,0.17649
-1488.6,44,0.17631
-1481.4,44,0.17614
-1474,44,0.17596
-1466.7,44,0.17579
-1459.4,44,0.17562
-1452,44,0.17544
-1444.6,44,0.17528
-1437.2,44,0.17511
-1429.8,44,0.17494
-1422.3,44,0.17478
-1414.9,44,0.17461
-1407.4,44,0.17445
-1400,44,0.17429
-1392.5,44,0.17413
-1385,44,0.17397
-1377.5,44,0.17382
-1370,44,0.17366
-1362.4,44,0.17351
-1354.9,44,0.17336
-1347.4,44,0.1732
-1339.8,44,0.17305
-1332.3,44,0.17291
-1324.8,44,0.17276
-1317.2,44,0.17261
-1309.6,44,0.17247
-1302.1,44,0.17232
-1294.5,44,0.17218
-1287,44,0.17204
-1279.4,44,0.1719
-1271.9,44,0.17176
-1264.3,44,0.17162
-1256.8,44,0.17149
-1249.2,44,0.17135
-1241.7,44,0.17122
-1234.2,44,0.17109
-1226.6,44,0.17096
-1219.1,44,0.17082
-1211.6,44,0.1707
-1204.1,44,0.17057
-1196.6,44,0.17044
-1189.1,44,0.17032
-1181.6,44,0.17019
-1174.2,44,0.17007
-1166.7,44,0.16994
-1159.3,44,0.16982
-1151.8,44,0.1697
-1144.4,44,0.16958
-1137,44,0.16947
-1129.6,44,0.16935
-1122.2,44,0.16923
-1114.9,44,0.16912
-1107.5,44,0.169
-1100.2,44,0.16889
-1092.9,44,0.16878
-1085.6,44,0.16867
-1078.3,44,0.16856
-1071,44,0.16845
-1063.7,44,0.16834
-1056.5,44,0.16823
-1049.3,44,0.16813
-1042.1,44,0.16802
-1034.9,44,0.16792
-1027.8,44,0.16782
-1020.6,44,0.16771
-1013.5,44,0.16761
-1006.4,44,0.16751
-999.37,44,0.16741
-992.33,44,0.16731
-985.3,44,0.16722
-978.3,44,0.16712
-971.32,44,0.16702
-964.37,44,0.16693
-957.44,44,0.16684
-950.53,44,0.16674
-943.65,44,0.16665
-936.79,44,0.16656
-929.96,44,0.16647
-923.15,44,0.16638
-916.37,44,0.16629
-909.62,44,0.1662
-902.89,44,0.16611
-896.19,44,0.16603
-889.52,44,0.16594
-882.87,44,0.16586
-876.25,44,0.16577
-869.65,44,0.16569
-863.09,44,0.16561
-856.55,44,0.16552
-850.04,44,0.16544
-843.56,44,0.16536
-837.11,44,0.16528
-830.69,44,0.1652
-824.29,44,0.16513
-817.93,44,0.16505
-811.59,44,0.16497
-805.29,44,0.16489
-799.01,44,0.16482
-792.77,44,0.16474
-786.55,44,0.16467
-780.36,44,0.1646
-774.21,44,0.16453
-768.08,44,0.16445
-761.99,44,0.16438
-755.92,44,0.16431
-749.89,44,0.16424
-743.89,44,0.16417
-737.91,44,0.1641
-731.97,44,0.16404
-726.06,44,0.16397
-720.19,44,0.1639
-714.34,44,0.16384
-708.52,44,0.16377
-702.74,44,0.16371
-696.99,44,0.16364
-691.27,44,0.16358
-685.58,44,0.16352
-679.92,44,0.16345
-674.29,44,0.16339
-668.7,44,0.16333
-663.14,44,0.16327
-657.61,44,0.16321
-652.11,44,0.16315
-646.64,44,0.16309
-641.21,44,0.16303
-635.81,44,0.16297
-630.44,44,0.16292
-625.1,44,0.16286
-619.79,44,0.1628
-614.52,44,0.16275
-609.28,44,0.16269
-604.07,44,0.16264
-598.89,44,0.16259
-593.74,44,0.16253
-588.63,44,0.16248
-583.55,44,0.16243
-578.5,44,0.16237
-573.48,44,0.16232
-568.49,44,0.16227
-563.54,44,0.16222
-558.62,44,0.16217
-553.73,44,0.16212
-548.87,44,0.16207
-544.04,44,0.16202
-539.24,44,0.16198
-534.48,44,0.16193
-529.75,44,0.16188
-525.04,44,0.16183
-520.37,44,0.16179
-515.74,44,0.16174
-511.13,44,0.1617
-506.55,44,0.16165
-502.01,44,0.16161
-497.49,44,0.16156
-493.01,44,0.16152
-488.56,44,0.16147
-484.14,44,0.16143
-479.75,44,0.16139
-475.39,44,0.16135
-471.06,44,0.16131
-466.76,44,0.16126
-462.49,44,0.16122
-458.25,44,0.16118
-454.04,44,0.16114
-449.86,44,0.1611
-445.72,44,0.16106
-441.6,44,0.16102
-437.51,44,0.16099
-433.45,44,0.16095
-429.42,44,0.16091
-425.42,44,0.16087
-421.45,44,0.16083
-417.51,44,0.1608
-413.6,44,0.16076
-409.72,44,0.16073
-405.87,44,0.16069
-402.04,44,0.16065
-398.25,44,0.16062
-394.48,44,0.16058
-390.74,44,0.16055
-387.03,44,0.16052
-383.35,44,0.16048
-379.69,44,0.16045
-376.07,44,0.16042
-372.47,44,0.16038
-368.9,44,0.16035
-365.35,44,0.16032
-361.84,44,0.16029
-358.35,44,0.16026
-354.89,44,0.16022
-351.45,44,0.16019
-348.05,44,0.16016
-344.67,44,0.16013
-341.31,44,0.1601
-337.99,44,0.16007
-334.69,44,0.16004
-331.41,44,0.16001
-328.16,44,0.15999
-324.94,44,0.15996
-321.75,44,0.15993
-318.58,44,0.1599
-315.43,44,0.15987
-312.31,44,0.15985
-309.22,44,0.15982
-306.15,44,0.15979
-303.11,44,0.15976
-300.09,44,0.15974
-297.09,44,0.15971
-294.13,44,0.15969
-291.18,44,0.15966
-288.26,44,0.15963
-285.36,44,0.15961
-282.49,44,0.15958
-279.64,44,0.15956
-276.82,44,0.15954
-274.02,44,0.15951
-271.24,44,0.15949
-268.49,44,0.15946
-265.76,44,0.15944
-263.05,44,0.15942
-260.37,44,0.15939
-257.71,44,0.15937
-255.07,44,0.15935
-252.45,44,0.15933
-249.86,44,0.1593
-247.29,44,0.15928
-244.74,44,0.15926
-242.21,44,0.15924
-239.7,44,0.15922
-237.22,44,0.1592
-234.76,44,0.15918
-232.32,44,0.15915
-229.9,44,0.15913
-227.5,44,0.15911
-225.12,44,0.15909
-222.76,44,0.15907
-220.43,44,0.15905
-218.11,44,0.15903
-215.82,44,0.15902
-213.54,44,0.159
-211.29,44,0.15898
-209.05,44,0.15896
-206.84,44,0.15894
-204.64,44,0.15892
-202.47,44,0.1589
-200.31,44,0.15889
-198.17,44,0.15887
-196.06,44,0.15885
-193.96,44,0.15883
-191.88,44,0.15882
-189.82,44,0.1588
-187.78,44,0.15878
-185.75,44,0.15876
-183.75,44,0.15875
-181.76,44,0.15873
-179.79,44,0.15872
-177.84,44,0.1587
-175.91,44,0.15868
-173.99,44,0.15867
-172.09,44,0.15865
-170.21,44,0.15864
-168.35,44,0.15862
-166.51,44,0.15861
-164.68,44,0.15859
-162.87,44,0.15858
-161.07,44,0.15856
-159.29,44,0.15855
-157.53,44,0.15853
-155.78,44,0.15852
-154.06,44,0.1585
-152.34,44,0.15849
-150.65,44,0.15847
-148.97,44,0.15846
-147.3,44,0.15845
-145.65,44,0.15843
-144.02,44,0.15842
-142.4,44,0.15841
-140.79,44,0.15839
-139.21,44,0.15838
-137.63,44,0.15837
-136.08,44,0.15836
-134.53,44,0.15834
-133,44,0.15833
-131.49,44,0.15832
-129.99,44,0.15831
-128.5,44,0.15829
-127.03,44,0.15828
-125.58,44,0.15827
-124.13,44,0.15826
-122.7,44,0.15825
-121.29,44,0.15823
-119.89,44,0.15822
-118.5,44,0.15821
-117.12,44,0.1582
-115.76,44,0.15819
-114.41,44,0.15818
-113.08,44,0.15817
-111.76,44,0.15816
-110.45,44,0.15815
-109.15,44,0.15814
-107.87,44,0.15812
-106.6,44,0.15811
-105.34,44,0.1581
-104.09,44,0.15809
-102.85,44,0.15808
-101.63,44,0.15807
-100.42,44,0.15806
-99.223,44,0.15805
-98.036,44,0.15804
-96.861,44,0.15804
-95.697,44,0.15803
-94.545,44,0.15802
-93.404,44,0.15801
-92.275,44,0.158
-91.156,44,0.15799
-90.049,44,0.15798
-88.953,44,0.15797
-87.867,44,0.15796
-86.792,44,0.15795
-85.728,44,0.15794
-84.675,44,0.15794
-83.632,44,0.15793
-82.6,44,0.15792
-81.577,44,0.15791
-80.565,44,0.1579
-79.563,44,0.15789
-78.571,44,0.15789
-77.589,44,0.15788
-76.617,44,0.15787
-75.655,44,0.15786
-74.702,44,0.15785
-73.759,44,0.15785
-72.825,44,0.15784
-71.9,44,0.15783
-70.985,44,0.15782
-70.079,44,0.15782
-69.182,44,0.15781
-68.295,44,0.1578
-67.416,44,0.1578
-66.546,44,0.15779
-65.685,44,0.15778
-64.832,44,0.15777
-63.988,44,0.15777
-63.153,44,0.15776
-62.326,44,0.15775
-61.507,44,0.15775
-60.697,44,0.15774
-59.895,44,0.15773
-59.1,44,0.15773
-58.314,44,0.15772
-57.536,44,0.15771
-56.766,44,0.15771
-56.004,44,0.1577
-55.249,44,0.1577
-54.502,44,0.15769
-53.763,44,0.15768
-53.031,44,0.15768
-52.306,44,0.15767
-51.589,44,0.15767
-50.879,44,0.15766
-50.177,44,0.15765
-49.481,44,0.15765
-48.793,44,0.15764
-48.111,44,0.15764
-47.437,44,0.15763
-46.769,44,0.15763
-46.108,44,0.15762
-45.454,44,0.15762
-44.806,44,0.15761
-44.165,44,0.15761
-43.53,44,0.1576
-42.902,44,0.15759
-42.28,44,0.15759
-41.665,44,0.15758
-41.056,44,0.15758
-40.453,44,0.15757
-39.856,44,0.15757
-39.265,44,0.15756
-38.68,44,0.15756
-38.101,44,0.15756
-37.527,44,0.15755
-36.96,44,0.15755
-36.398,44,0.15754
-35.842,44,0.15754
-35.292,44,0.15753
-34.747,44,0.15753
-34.208,44,0.15752
-33.674,44,0.15752
-33.145,44,0.15751
-32.622,44,0.15751
-32.104,44,0.15751
-31.591,44,0.1575
-31.084,44,0.1575
-30.581,44,0.15749
-30.083,44,0.15749
-29.591,44,0.15748
-29.103,44,0.15748
-28.62,44,0.15748
-28.142,44,0.15747
-27.669,44,0.15747
-27.201,44,0.15747
-26.737,44,0.15746
-26.278,44,0.15746
-25.823,44,0.15745
-25.373,44,0.15745
-24.927,44,0.15745
-24.486,44,0.15744
-24.049,44,0.15744
-23.616,44,0.15744
-23.187,44,0.15743
-22.763,44,0.15743
-22.343,44,0.15743
-21.927,44,0.15742
-21.515,44,0.15742
-21.107,44,0.15741
-20.703,44,0.15741
-20.303,44,0.15741
-19.907,44,0.15741
-19.515,44,0.1574
-19.126,44,0.1574
-18.741,44,0.1574
-18.36,44,0.15739
-17.983,44,0.15739
-17.609,44,0.15739
-17.239,44,0.15738
-16.872,44,0.15738
-16.509,44,0.15738
-16.149,44,0.15737
-15.793,44,0.15737
-15.44,44,0.15737
-15.09,44,0.15737
-14.744,44,0.15736
-14.4,44,0.15736
-14.061,44,0.15736
-13.724,44,0.15735
-13.39,44,0.15735
-13.06,44,0.15735
-12.732,44,0.15735
-12.408,44,0.15734
-12.086,44,0.15734
-11.768,44,0.15734
-11.452,44,0.15734
-11.139,44,0.15733
-10.829,44,0.15733
-10.522,44,0.15733
-10.218,44,0.15733
-9.9161,44,0.15732
-9.6172,44,0.15732
-9.321,44,0.15732
-9.0274,44,0.15732
-8.7364,44,0.15731
-8.4479,44,0.15731
-8.162,44,0.15731
-7.8786,44,0.15731
-7.5977,44,0.1573
-7.3193,44,0.1573
-7.0432,44,0.1573
-6.7696,44,0.1573
-6.4982,44,0.1573
-6.2292,44,0.15729
-5.9625,44,0.15729
-5.6981,44,0.15729
-5.4359,44,0.15729
-5.1759,44,0.15729
-4.9181,44,0.15728
-4.6625,44,0.15728
-4.4089,44,0.15728
-4.1575,44,0.15728
-3.9081,44,0.15728
-3.6608,44,0.15727
-3.4155,44,0.15727
-3.1722,44,0.15727
-2.9308,44,0.15727
-2.6914,44,0.15727
-2.4539,44,0.15726
-2.2183,44,0.15726
-1.9845,44,0.15726
-1.7526,44,0.15726
-1.5225,44,0.15726
-1.2942,44,0.15725
-1.0677,44,0.15725
-0.84291,44,0.15725
-0.61985,44,0.15725
-0.39849,44,0.15725
-0.17881,44,0.15725
0.039216,44,0.15724
0.25561,44,0.15724
0.47039,44,0.15724
0.68358,44,0.15724
0.8952,44,0.15724
1.1053,44,0.15724
1.3138,44,0.15723
1.5208,44,0.15723
1.7264,44,0.15723
1.9305,44,0.15723
2.1331,44,0.15723
2.3343,44,0.15723
2.5341,44,0.15723
2.7325,44,0.15722
2.9295,44,0.15722
3.1252,44,0.15722
3.3195,44,0.15722
3.5125,44,0.15722
3.7042,44,0.15722
3.8947,44,0.15722
4.0838,44,0.15721
4.2717,44,0.15721
4.4584,44,0.15721
4.6439,44,0.15721
4.8282,44,0.15721
5.0112,44,0.15721
5.1931,44,0.15721
5.3739,44,0.15721
5.5535,44,0.1572
5.732,44,0.1572
5.9094,44,0.1572
6.0857,44,0.1572
6.2609,44,0.1572
6.4351,44,0.1572
6.6082,44,0.1572
6.7803,44,0.1572
6.9513,44,0.15719
7.1214,44,0.15719
7.2904,44,0.15719
7.4585,44,0.15719
7.6256,44,0.15719
7.7917,44,0.15719
7.9569,44,0.15719
8.1212,44,0.15719
8.2846,44,0.15719
8.447,44,0.15718
8.6085,44,0.15718
8.7692,44,0.15718
8.929,44,0.15718
9.0879,44,0.15718
9.246,44,0.15718
9.4033,44,0.15718
9.5597,44,0.15718
9.7153,44,0.15718
9.87,44,0.15718
10.024,44,0.15717
10.177,44,0.15717
10.33,44,0.15717
10.481,44,0.15717
10.632,44,0.15717
10.782,44,0.15717
10.932,44,0.15717
11.08,44,0.15717
11.228,44,0.15717
11.376,44,0.15717
11.522,44,0.15717
11.668,44,0.15716
11.813,44,0.15716
11.958,44,0.15716
12.102,44,0.15716
12.245,44,0.15716
12.387,44,0.15716
12.529,44,0.15716
12.67,44,0.15716
12.811,44,0.15716
12.951,44,0.15716
13.09,44,0.15716
13.229,44,0.15716
13.367,44,0.15716
13.504,44,0.15715
13.641,44,0.15715
13.778,44,0.15715
13.913,44,0.15715
14.048,44,0.15715
14.183,44,0.15715
14.317,44,0.15715
14.451,44,0.15715
14.583,44,0.15715
14.716,44,0.15715
14.848,44,0.15715
14.979,44,0.15715
15.11,44,0.15715
15.24,44,0.15715
15.37,44,0.15714
15.499,44,0.15714
15.628,44,0.15714
15.756,44,0.15714
15.883,44,0.15714
16.011,44,0.15714
16.137,44,0.15714
16.263,44,0.15714
16.389,44,0.15714
16.514,44,0.15714
16.639,44,0.15714
16.763,44,0.15714
16.887,44,0.15714
17.011,44,0.15714
17.133,44,0.15714
17.256,44,0.15714
17.378,44,0.15714
17.499,44,0.15713
17.62,44,0.15713
17.741,44,0.15713
17.861,44,0.15713
17.98,44,0.15713
18.1,44,0.15713
18.218,44,0.15713
18.337,44,0.15713
18.455,44,0.15713
18.572,44,0.15713
18.689,44,0.15713
18.806,44,0.15713
18.922,44,0.15713
19.038,44,0.15713
19.153,44,0.15713
19.268,44,0.15713
19.383,44,0.15713
19.497,44,0.15713
19.61,44,0.15713
19.723,44,0.15713
19.836,44,0.15712
19.949,44,0.15712
20.061,44,0.15712
20.172,44,0.15712
20.283,44,0.15712
20.394,44,0.15712
20.504,44,0.15712
20.614,44,0.15712
20.724,44,0.15712
20.833,44,0.15712
20.942,44,0.15712
21.05,44,0.15712
21.158,44,0.15712
21.265,44,0.15712
21.372,44,0.15712
21.479,44,0.15712
21.585,44,0.15712
21.691,44,0.15712
21.797,44,0.15712
21.902,44,0.15712
22.006,44,0.15712
22.111,44,0.15712
22.215,44,0.15712
22.318,44,0.15712
22.421,44,0.15712
22.524,44,0.15711
22.626,44,0.15711
22.728,44,0.15711
22.829,44,0.15711
22.93,44,0.15711
23.031,44,0.15711
23.131,44,0.15711
23.231,44,0.15711
23.33,44,0.15711
23.429,44,0.15711
23.528,44,0.15711
23.626,44,0.15711
23.723,44,0.15711
23.821,44,0.15711
23.918,44,0.15711
24.014,44,0.15711
24.11,44,0.15711
24.206,44,0.15711
24.301,44,0.15711
24.396,44,0.15711
24.49,44,0.15711
24.584,44,0.15711
24.678,44,0.15711
24.771,44,0.15711
24.864,44,0.15711
24.956,44,0.15711
25.048,44,0.15711
25.14,44,0.15711
25.231,44,0.15711
25.321,44,0.15711
25.411,44,0.15711
25.501,44,0.15711
25.59,44,0.15711
25.679,44,0.1571
25.768,44,0.1571
25.856,44,0.1571
25.943,44,0.1571
26.031,44,0.1571
26.117,44,0.1571
26.203,44,0.1571
26.289,44,0.1571
26.375,44,0.1571
26.46,44,0.1571
26.544,44,0.1571
26.628,44,0.1571
26.712,44,0.1571
26.795,44,0.1571
26.877,44,0.1571
26.96,44,0.1571
27.041,44,0.1571
27.123,44,0.1571
27.203,44,0.1571
27.284,44,0.1571
27.364,44,0.1571
27.443,44,0.1571
27.522,44,0.1571
27.6,44,0.1571
27.678,44,0.1571
27.756,44,0.1571
27.833,44,0.1571
27.91,44,0.1571
27.986,44,0.1571
28.061,44,0.1571
28.137,44,0.1571
28.211,44,0.1571
28.285,44,0.1571
28.359,44,0.1571
28.432,44,0.1571
28.505,44,0.1571
28.577,44,0.1571
28.649,44,0.1571
28.72,44,0.1571
28.791,44,0.1571
28.861,44,0.1571
28.931,44,0.1571
29,44,0.1571
29.069,44,0.1571
29.137,44,0.1571
29.205,44,0.1571
29.272,44,0.1571
29.339,44,0.1571
29.405,44,0.1571
29.471,44,0.1571
29.536,44,0.15709
29.6,44,0.15709
29.665,44,0.15709
29.728,44,0.15709
29.791,44,0.15709
29.854,44,0.15709
29.916,44,0.15709
29.977,44,0.15709
30.038,44,0.15709
30.099,44,0.15709
30.159,44,0.15709
30.218,44,0.15709
30.277,44,0.15709
30.335,44,0.15709
30.393,44,0.15709
30.45,44,0.15709
30.507,44,0.15709
30.563,44,0.15709
30.619,44,0.15709
30.674,44,0.15709
30.728,44,0.15709
30.782,44,0.15709
30.836,44,0.15709
30.889,44,0.15709
30.941,44,0.15709
30.993,44,0.15709
31.044,44,0.15709
31.095,44,0.15709
31.145,44,0.15709
31.194,44,0.15709
31.243,44,0.15709
31.292,44,0.15709
31.339,44,0.15709
31.387,44,0.15709
31.433,44,0.15709
31.48,44,0.15709
31.525,44,0.15709
31.57,44,0.15709
31.615,44,0.15709
31.659,44,0.15709
31.702,44,0.15709
31.745,44,0.15709
31.787,44,0.15709
31.829,44,0.15709
31.87,44,0.15709
31.91,44,0.15709
31.95,44,0.15709
31.989,44,0.15709
32.028,44,0.15709
32.066,44,0.15709
32.104,44,0.15709
32.141,44,0.15709
32.177,44,0.15709
32.213,44,0.15709
32.248,44,0.15709
32.283,44,0.15709
32.317,44,0.15709
32.35,44,0.15709
32.383,44,0.15709
32.415,44,0.15709
32.447,44,0.15709
32.478,44,0.15709
32.509,44,0.15709
32.539,44,0.15709
32.568,44,0.15709
32.597,44,0.15709
32.625,44,0.15709
32.653,44,0.15709
32.68,44,0.15709
32.706,44,0.15709
32.732,44,0.15709
32.757,44,0.15709
32.782,44,0.15709
32.806,44,0.15709
32.829,44,0.15709
32.852,44,0.15709
32.875,44,0.15709
32.896,44,0.15709
32.917,44,0.15709
32.938,44,0.15709
32.958,44,0.15709
32.977,44,0.15709
32.996,44,0.15709
33.014,44,0.15709
33.031,44,0.15709
33.048,44,0.15709
33.065,44,0.15709
33.08,44,0.15709
33.096,44,0.15709
33.11,44,0.15709
33.124,44,0.15709
33.137,44,0.15709
33.15,44,0.15709
33.162,44,0.15709
33.174,44,0.15709
33.185,44,0.15709
33.195,44,0.15709
33.205,44,0.15709
33.215,44,0.15709
33.223,44,0.15709
33.231,44,0.15709
33.239,44,0.15709
33.246,44,0.15709
33.252,44,0.15709
33.258,44,0.15709
33.263,44,0.15708
33.267,44,0.15708
33.271,44,0.15708
33.275,44,0.15708
33.278,44,0.15708
33.28,44,0.15708
33.281,44,0.15708
33.282,44,0.15708
33.283,44,0.15708
33.283,44,0.15708
33.282,44,0.15708
33.281,44,0.15708
33.279,44,0.15708
33.277,44,0.15708
33.274,44,0.15708
33.27,44,0.15708
33.266,44,0.15708
33.261,44,0.15708
33.256,44,0.15708
33.25,44,0.15708
33.244,44,0.15708
33.237,44,0.15708
33.229,44,0.15708
33.221,44,0.15708
33.213,44,0.15708
33.203,44,0.15708
33.194,44,0.15708
33.183,44,0.15708
33.172,44,0.15708
33.161,44,0.15708
33.149,44,0.15708
33.136,44,0.15708
33.123,44,0.15708
33.11,44,0.15708
33.095,44,0.15708
33.081,44,0.15708
33.065,44,0.15708
33.05,44,0.15708
33.033,44,0.15708
33.016,44,0.15708
32.999,44,0.15708
32.981,44,0.15708
32.962,44,0.15708
32.943,44,0.15708
32.924,44,0.15708
32.904,44,0.15708
32.883,44,0.15708
32.862,44,0.15708
32.84,44,0.15708
32.818,44,0.15708
32.795,44,0.15708
32.772,44,0.15708
32.748,44,0.15708
32.724,44,0.15708
32.699,44,0.15708
32.674,44,0.15708
32.648,44,0.15708
32.622,44,0.15708
32.595,44,0.15708
32.568,44,0.15708
32.54,44,0.15708
32.512,44,0.15708
32.483,44,0.15708
32.454,44,0.15708
32.424,44,0.15708
32.394,44,0.15708
32.363,44,0.15708
32.332,44,0.15708
32.3,44,0.15708
32.268,44,0.15708
32.235,44,0.15708
32.202,44,0.15708
32.168,44,0.15708
32.134,44,0.15708
32.1,44,0.15708
32.065,44,0.15708
32.029,44,0.15708
31.993,44,0.15708
31.957,44,0.15708
31.92,44,0.15708
31.883,44,0.15708
31.845,44,0.15708
31.807,44,0.15708
31.768,44,0.15708
31.729,44,0.15708
31.69,44,0.15708
31.65,44,0.15708
31.61,44,0.15708
31.569,44,0.15708
31.528,44,0.15708
31.486,44,0.15708
31.444,44,0.15708
31.402,44,0.15708
31.359,44,0.15708
31.315,44,0.15708
31.272,44,0.15708
31.228,44,0.15708
31.183,44,0.15708
31.138,44,0.15708
31.093,44,0.15708
31.047,44,0.15708
31.001,44,0.15708
30.954,44,0.15708
30.908,44,0.15708
30.86,44,0.15708
30.813,44,0.15708
30.765,44,0.15708
30.716,44,0.15708
30.667,44,0.15708
30.618,44,0.15708
30.569,44,0.15708
30.519,44,0.15708
30.469,44,0.15708
30.418,44,0.15708
30.367,44,0.15708
30.316,44,0.15708
30.264,44,0.15708
30.212,44,0.15708
30.16,44,0.15708
30.107,44,0.15708
30.054,44,0.15708
30.001,44,0.15708
29.947,44,0.15708
29.893,44,0.15708
29.839,44,0.15708
29.784,44,0.15708
29.729,44,0.15708
29.674,44,0.15708
29.619,44,0.15708
29.563,44,0.15708
29.507,44,0.15708
29.45,44,0.15708
29.393,44,0.15708
29.336,44,0.15708
29.279,44,0.15708
29.221,44,0.15708
29.163,44,0.15708
29.105,44,0.15708
29.047,44,0.15708
28.988,44,0.15708
28.929,44,0.15708
28.87,44,0.15708
28.81,44,0.15708
28.75,44,0.15708
28.69,44,0.15708
28.63,44,0.15708
28.569,44,0.15708
28.508,44,0.15708
28.447,44,0.15708
28.386,44,0.15708
28.324,44,0.15708
28.263,44,0.15708
28.201,44,0.15708
28.138,44,0.15708
28.076,44,0.15708
28.013,44,0.15708
27.95,44,0.15708
27.887,44,0.15708
27.824,44,0.15708
27.76,44,0.15708
27.696,44,0.15708
27.632,44,0.15708
27.568,44,0.15708
27.504,44,0.15708
27.439,44,0.15708
27.375,44,0.15708
27.31,44,0.15708
27.245,44,0.15708
27.179,44,0.15708
27.114,44,0.15708
27.048,44,0.15708
26.983,44,0.15708
26.917,44,0.15708
26.85,44,0.15708
26.784,44,0.15708
26.718,44,0.15708
26.651,44,0.15708
26.584,44,0.15708
26.518,44,0.15708
26.451,44,0.15708
26.383,44,0.15708
26.316,44,0.15708
26.249,44,0.15708
26.181,44,0.15708
26.113,44,0.15708
26.046,44,0.15708
25.978,44,0.15708
25.91,44,0.15708
25.842,44,0.15708
25.773,44,0.15708
25.705,44,0.15708
25.636,44,0.15708
25.568,44,0.15708
25.499,44,0.15708
25.43,44,0.15708
25.362,44,0.15708
25.293,44,0.15708
25.224,44,0.15708
25.155,44,0.15708
25.085,44,0.15708
25.016,44,0.15708
24.947,44,0.15708
24.878,44,0.15708
24.808,44,0.15708
24.739,44,0.15708
24.669,44,0.15708
24.599,44,0.15708
24.53,44,0.15708
24.46,44,0.15708
24.39,44,0.15708
24.321,44,0.15708
24.251,44,0.15708
24.181,44,0.15708
24.111,44,0.15708
24.041,44,0.15708
23.971,44,0.15708
23.901,44,0.15708
23.831,44,0.15708
23.761,44,0.15708
23.691,44,0.15708
23.621,44,0.15708
23.551,44,0.15708
23.481,44,0.15708
23.411,44,0.15708
23.341,44,0.15708
23.271,44,0.15708
23.201,44,0.15708
23.131,44,0.15708
23.06,44,0.15708
22.99,44,0.15708
22.92,44,0.15708
22.85,44,0.15708
22.781,44,0.15708
22.711,44,0.15708
22.641,44,0.15708
22.571,44,0.15708
22.501,44,0.15708
22.431,44,0.15708
22.362,44,0.15708
22.292,44,0.15708
22.222,44,0.15708
22.153,44,0.15708
22.083,44,0.15708
22.014,44,0.15708
21.944,44,0.15708
21.875,44,0.15708
21.805,44,0.15708
21.736,44,0.15708
21.667,44,0.15708
21.598,44,0.15708
21.529,44,0.15708
21.46,44,0.15708
21.391,44,0.15708
21.322,44,0.15708
21.253,44,0.15708
21.185,44,0.15708
21.116,44,0.15708
21.048,44,0.15708
20.98,44,0.15708
20.911,44,0.15708
20.843,44,0.15708
20.775,44,0.15708
20.707,44,0.15708
20.639,44,0.15708
20.572,44,0.15708
20.504,44,0.15708
20.436,44,0.15708
20.369,44,0.15708
20.302,44,0.15708
20.235,44,0.15708
20.168,44,0.15708
20.101,44,0.15708
20.034,44,0.15708
19.967,44,0.15708
19.901,44,0.15708
19.835,44,0.15708
19.768,44,0.15708
19.702,44,0.15708
19.636,44,0.15708
19.57,44,0.15708
19.505,44,0.15708
19.439,44,0.15708
19.374,44,0.15708
19.309,44,0.15708
19.244,44,0.15708
19.179,44,0.15708
19.114,44,0.15708
19.05,44,0.15708
18.985,44,0.15708
18.921,44,0.15708
18.857,44,0.15708
18.793,44,0.15708
18.729,44,0.15708
18.666,44,0.15708
18.602,44,0.15708
18.539,44,0.15708
18.476,44,0.15708
18.413,44,0.15708
18.351,44,0.15708
18.288,44,0.15708
18.226,44,0.15708
18.164,44,0.15708
18.102,44,0.15708
18.04,44,0.15708
17.979,44,0.15708
17.917,44,0.15708
17.856,44,0.15708
17.795,44,0.15708
17.734,44,0.15708
17.674,44,0.15708
17.614,44,0.15708
17.553,44,0.15708
17.494,44,0.15708
17.434,44,0.15708
17.374,44,0.15708
17.315,44,0.15708
17.256,44,0.15708
17.197,44,0.15708
17.138,44,0.15708
17.08,44,0.15708
17.022,44,0.15708
16.964,44,0.15708
16.906,44,0.15708
16.849,44,0.15708
16.791,44,0.15708
16.734,44,0.15708
16.677,44,0.15708
16.621,44,0.15708
16.564,44,0.15708
16.508,44,0.15708
16.452,44,0.15708
16.397,44,0.15708
16.341,44,0.15708
16.286,44,0.15708
16.231,44,0.15708
16.176,44,0.15708
16.122,44,0.15708
16.067,44,0.15708
16.013,44,0.15708
15.959,44,0.15708
15.906,44,0.15708
15.853,44,0.15708
15.8,44,0.15708
15.747,44,0.15708
15.694,44,0.15708
15.642,44,0.15708
15.59,44,0.15708
15.538,44,0.15708
15.487,44,0.15708
15.435,44,0.15708
15.384,44,0.15708
15.333,44,0.15708
15.283,44,0.15708
15.233,44,0.15708
15.183,44,0.15708
15.133,44,0.15708
15.083,44,0.15708
15.034,44,0.15708
14.985,44,0.15708
14.936,44,0.15708
14.888,44,0.15708
14.84,44,0.15708
14.792,44,0.15708
14.744,44,0.15708
14.697,44,0.15708
14.65,44,0.15708
14.603,44,0.15708
14.556,44,0.15708
14.51,44,0.15708
14.464,44,0.15708
14.418,44,0.15708
14.372,44,0.15708
14.327,44,0.15708
14.282,44,0.15708
14.237,44,0.15708
14.193,44,0.15708
14.149,44,0.15708
14.105,44,0.15708
14.061,44,0.15708
14.018,44,0.15708
13.975,44,0.15708
13.932,44,0.15708
13.889,44,0.15708
13.847,44,0.15708
13.805,44,0.15708
13.763,44,0.15708
13.722,44,0.15708
13.681,44,0.15708
13.64,44,0.15708
13.599,44,0.15708
13.559,44,0.15708
13.519,44,0.15708
13.479,44,0.15708
13.44,44,0.15708
13.4,44,0.15708
13.361,44,0.15708
13.323,44,0.15708
13.284,44,0.15708
13.246,44,0.15708
13.208,44,0.15708
13.17,44,0.15708
13.133,44,0.15708
13.096,44,0.15708
13.059,44,0.15708
13.023,44,0.15708
12.987,44,0.15708
12.951,44,0.15708
12.915,44,0.15708
12.88,44,0.15708
12.844,44,0.15708
12.81,44,0.15708
12.775,44,0.15708
12.741,44,0.15708
12.707,44,0.15708
12.673,44,0.15708
12.639,44,0.15708
12.606,44,0.15708
12.573,44,0.15708
12.541,44,0.15708
12.508,44,0.15708
12.476,44,0.15708
12.444,44,0.15708
12.413,44,0.15708
12.381,44,0.15708
12.35,44,0.15708
12.32,44,0.15708
12.289,44,0.15708
12.259,44,0.15708
12.229,44,0.15708
12.199,44,0.15708
12.17,44,0.15708
12.141,44,0.15708
12.112,44,0.15708
12.083,44,0.15708
12.055,44,0.15708
12.027,44,0.15708
11.999,44,0.15708
11.971,44,0.15708
11.944,44,0.15708
11.917,44,0.15708
11.89,44,0.15708
11.864,44,0.15708
11.837,44,0.15708
11.811,44,0.15708
11.786,44,0.15708
11.76,44,0.15708
11.735,44,0.15708
11.71,44,0.15708
11.685,44,0.15708
11.661,44,0.15708
11.637,44,0.15708
11.613,44,0.15708
11.589,44,0.15708
11.566,44,0.15708
11.543,44,0.15708
11.52,44,0.15708
11.497,44,0.15708
11.475,44,0.15708
11.452,44,0.15708
11.431,44,0.15708
11.409,44,0.15708
11.387,44,0.15708
11.366,44,0.15708
11.345,44,0.15708
11.325,44,0.15708
11.304,44,0.15708
11.284,44,0.15708
11.264,44,0.15708
11.244,44,0.15708
11.225,44,0.15708
11.206,44,0.15708
11.187,44,0.15708
11.168,44,0.15708
11.149,44,0.15708
11.131,44,0.15708
11.113,44,0.15708
11.095,44,0.15708
11.077,44,0.15708
11.06,44,0.15708
11.043,44,0.15708
11.026,44,0.15708
11.009,44,0.15708
10.993,44,0.15708
10.977,44,0.15708
10.961,44,0.15708
10.945,44,0.15708
10.929,44,0.15708
10.914,44,0.15708
10.899,44,0.15708
10.884,44,0.15708
10.869,44,0.15708
10.855,44,0.15708
10.841,44,0.15708
10.826,44,0.15708
10.813,44,0.15708
10.799,44,0.15708
10.786,44,0.15708
10.772,44,0.15708
10.759,44,0.15708
10.747,44,0.15708
10.734,44,0.15708
10.722,44,0.15708
10.709,44,0.15708
10.698,44,0.15708
10.686,44,0.15708
10.674,44,0.15708
10.663,44,0.15708
10.652,44,0.15708
10.641,44,0.15708
10.63,44,0.15708
10.619,44,0.15708
10.609,44,0.15708
10.599,44,0.15708
10.589,44,0.15708
10.579,44,0.15708
10.569,44,0.15708
10.56,44,0.15708
10.55,44,0.15708
10.541,44,0.15708
10.532,44,0.15708
10.524,44,0.15708
10.515,44,0.15708
10.507,44,0.15708
10.498,44,0.15708
10.49,44,0.15708
10.482,44,0.15708
10.475,44,0.15708
10.467,44,0.15708
10.46,44,0.15708
10.453,44,0.15708
10.446,44,0.15708
10.439,44,0.15708
10.432,44,0.15708
10.426,44,0.15708
10.419,44,0.15708
10.413,44,0.15708
10.407,44,0.15708
10.401,44,0.15708
10.395,44,0.15708
10.39,44,0.15708
10.384,44,0.15708
10.379,44,0.15708
10.374,44,0.15708
10.369,44,0.15708
10.364,44,0.15708
10.359,44,0.15708
10.354,44,0.15708
10.35,44,0.15708
10.346,44,0.15708
10.342,44,0.15708
10.338,44,0.15708
10.334,44,0.15708
10.33,44,0.15708
10.326,44,0.15708
10.323,44,0.15708
10.32,44,0.15708
10.316,44,0.15708
10.313,44,0.15708
10.31,44,0.15708
10.307,44,0.15708
10.305,44,0.15708
10.302,44,0.15708
10.3,44,0.15708
10.297,44,0.15708
10.295,44,0.15708
10.293,44,0.15708
10.291,44,0.15708
10.289,44,0.15708
10.287,44,0.15708
10.285,44,0.15708
10.284,44,0.15708
10.282,44,0.15708
10.281,44,0.15708
10.28,44,0.15708
10.278,44,0.15708
10.277,44,0.15708
10.276,44,0.15708
10.276,44,0.15708
10.275,44,0.15708
10.274,44,0.15708
10.273,44,0.15708
10.273,44,0.15708
10.273,44,0.15708
10.272,44,0.15708
10.272,44,0.15708
10.272,44,0.15708
10.272,44,0.15708
10.272,44,0.15708
10.272,44,0.15708
10.272,44,0.15708
10.272,44,0.15708
10.273,44,0.15708
10.273,44,0.15708
10.274,44,0.15708
10.274,44,0.15708
10.275,44,0.15708
10.276,44,0.15708
10.276,44,0.15708
10.277,44,0.15708
10.278,44,0.15708
10.279,44,0.15708
10.28,44,0.15708
10.281,44,0.15708
10.282,44,0.15708
10.284,44,0.15708
10.285,44,0.15708
10.286,44,0.15708
10.287,44,0.15708
10.289,44,0.15708
10.29,44,0.15708
10.292,44,0.15708
10.294,44,0.15708
10.295,44,0.15708
10.297,44,0.15708
10.299,44,0.15708
10.3,44,0.15708
10.302,44,0.15708
10.304,44,0.15708
10.306,44,0.15708
10.308,44,0.15708
10.31,44,0.15708
10.312,44,0.15708
10.314,44,0.15708
10.316,44,0.15708
10.318,44,0.15708
10.32,44,0.15708
10.322,44,0.15708
10.324,44,0.15708
10.327,44,0.15708
10.329,44,0.15708
10.331,44,0.15708
10.333,44,0.15708
10.336,44,0.15708
10.338,44,0.15708
10.34,44,0.15708
10.343,44,0.15708
10.345,44,0.15708
10.347,44,0.15708
10.35,44,0.15708
10.352,44,0.15708
10.355,44,0.15708
10.357,44,0.15708
10.359,44,0.15708
10.362,44,0.15708
10.364,44,0.15708
10.367,44,0.15708
10.369,44,0.15708
10.372,44,0.15708
10.374,44,0.15708
10.377,44,0.15708
10.379,44,0.15708
10.381,44,0.15708
10.384,44,0.15708
10.386,44,0.15708
10.389,44,0.15708
10.391,44,0.15708
10.394,44,0.15708
10.396,44,0.15708
10.398,44,0.15708
10.401,44,0.15708
10.403,44,0.15708
10.406,44,0.15708
10.408,44,0.15708
10.41,44,0.15708
10.413,44,0.15708
10.415,44,0.15708
10.417,44,0.15708
10.419,44,0.15708
10.422,44,0.15708
10.424,44,0.15708
10.426,44,0.15708
10.428,44,0.15708
10.43,44,0.15708
10.433,44,0.15708
10.435,44,0.15708
10.437,44,0.15708
10.439,44,0.15708
10.441,44,0.15708
10.443,44,0.15708
10.445,44,0.15708
10.446,44,0.15708
10.448,44,0.15708
10.45,44,0.15708
10.452,44,0.15708
10.454,44,0.15708
10.455,44,0.15708
10.457,44,0.15708
10.459,44,0.15708
10.46,44,0.15708
10.462,44,0.15708
10.463,44,0.15708
10.465,44,0.15708
10.466,44,0.15708
10.468,44,0.15708
10.469,44,0.15708
10.47,44,0.15708
10.472,44,0.15708
10.473,44,0.15708
10.474,44,0.15708
10.475,44,0.15708
10.476,44,0.15708
10.477,44,0.15708
10.478,44,0.15708
10.479,44,0.15708
10.48,44,0.15708
10.48,44,0.15708
10.481,44,0.15708
10.482,44,0.15708
10.482,44,0.15708
10.483,44,0.15708
10.483,44,0.15708
10.484,44,0.15708
10.484,44,0.15708
10.484,44,0.15708
10.485,44,0.15708
10.485,44,0.15708
10.485,44,0.15708
10.485,44,0.15708
10.485,44,0.15708
10.485,44,0.15708
10.485,44,0.15708
10.485,44,0.15708
10.484,44,0.15708
10.484,44,0.15708
10.484,44,0.15708
10.483,44,0.15708
10.482,44,0.15708
10.482,44,0.15708
10.481,44,0.15708
10.48,44,0.15708
10.48,44,0.15708
10.479,44,0.15708
10.478,44,0.15708
10.477,44,0.15708
10.475,44,0.15708
10.474,44,0.15708
10.473,44,0.15708
10.472,44,0.15708
10.47,44,0.15708
10.469,44,0.15708
10.467,44,0.15708
10.465,44,0.15708
10.464,44,0.15708
10.462,44,0.15708
10.46,44,0.15708
10.458,44,0.15708
10.456,44,0.15708
10.454,44,0.15708
10.452,44,0.15708
10.449,44,0.15708
10.447,44,0.15708
10.444,44,0.15708
10.442,44,0.15708
10.439,44,0.15708
10.437,44,0.15708
10.434,44,0.15708
10.431,44,0.15708
10.428,44,0.15708
10.425,44,0.15708
10.422,44,0.15708
10.419,44,0.15708
10.415,44,0.15708
10.412,44,0.15708
10.408,44,0.15708
10.405,44,0.15708
10.401,44,0.15708
10.398,44,0.15708
10.394,44,0.15708
10.39,44,0.15708
10.386,44,0.15708
10.382,44,0.15708
10.378,44,0.15708
10.373,44,0.15708
10.369,44,0.15708
10.365,44,0.15708
10.36,44,0.15708
10.356,44,0.15708
10.351,44,0.15708
10.346,44,0.15708
10.341,44,0.15708
10.336,44,0.15708
10.331,44,0.15708
10.326,44,0.15708
10.321,44,0.15708
10.316,44,0.15708
10.31,44,0.15708
10.305,44,0.15708
10.299,44,0.15708
10.293,44,0.15708
10.288,44,0.15708
10.282,44,0.15708
10.276,44,0.15708
10.27,44,0.15708
10.264,44,0.15708
10.258,44,0.15708
10.251,44,0.15708
10.245,44,0.15708
10.238,44,0.15708
10.232,44,0.15708
10.225,44,0.15708
10.218,44,0.15708
10.212,44,0.15708
10.205,44,0.15708
10.198,44,0.15708
10.191,44,0.15708
10.183,44,0.15708
10.176,44,0.15708
10.169,44,0.15708
10.161,44,0.15708
10.154,44,0.15708
10.146,44,0.15708
10.138,44,0.15708
10.13,44,0.15708
10.123,44,0.15708
10.115,44,0.15708
10.106,44,0.15708
10.098,44,0.15708
10.09,44,0.15708
10.082,44,0.15708
10.073,44,0.15708
10.065,44,0.15708
10.056,44,0.15708
10.047,44,0.15708
10.039,44,0.15708
10.03,44,0.15708
10.021,44,0.15708
10.012,44,0.15708
10.003,44,0.15708
9.9933,44,0.15708
9.984,44,0.15708
9.9746,44,0.15708
9.9651,44,0.15708
9.9555,44,0.15708
9.9458,44,0.15708
9.9361,44,0.15708
9.9262,44,0.15708
9.9163,44,0.15708
9.9063,44,0.15708
9.8962,44,0.15708
9.886,44,0.15708
9.8758,44,0.15708
9.8654,44,0.15708
9.855,44,0.15708
9.8445,44,0.15708
9.8339,44,0.15708
9.8232,44,0.15708
9.8125,44,0.15708
9.8016,44,0.15708
9.7907,44,0.15708
9.7797,44,0.15708
9.7686,44,0.15708
9.7575,44,0.15708
9.7462,44,0.15708
9.7349,44,0.15708
9.7235,44,0.15708
9.712,44,0.15708
9.7005,44,0.15708
9.6888,44,0.15708
9.6771,44,0.15708
9.6653,44,0.15708
9.6535,44,0.15708
9.6415,44,0.15708
9.6295,44,0.15708
9.6174,44,0.15708
9.6052,44,0.15708
9.593,44,0.15708
9.5806,44,0.15708
9.5682,44,0.15708
9.5557,44,0.15708
9.5432,44,0.15708
9.5306,44,0.15708
9.5179,44,0.15708
9.5051,44,0.15708
9.4923,44,0.15708
9.4794,44,0.15708
9.4664,44,0.15708
9.4533,44,0.15708
9.4402,44,0.15708
9.427,44,0.15708
9.4138,44,0.15708
9.4004,44,0.15708
9.387,44,0.15708
9.3736,44,0.15708
9.36,44,0.15708
9.3464,44,0.15708
9.3328,44,0.15708
9.319,44,0.15708
9.3052,44,0.15708
9.2914,44,0.15708
9.2774,44,0.15708
9.2634,44,0.15708
9.2494,44,0.15708
9.2353,44,0.15708
9.2211,44,0.15708
9.2069,44,0.15708
9.1926,44,0.15708
9.1782,44,0.15708
9.1638,44,0.15708
9.1493,44,0.15708
9.1347,44,0.15708
9.1201,44,0.15708
9.1055,44,0.15708
9.0908,44,0.15708
9.076,44,0.15708
9.0612,44,0.15708
9.0463,44,0.15708
9.0313,44,0.15708
9.0163,44,0.15708
9.0013,44,0.15708
8.9862,44,0.15708
8.971,44,0.15708
8.9558,44,0.15708
8.9406,44,0.15708
8.9252,44,0.15708
8.9099,44,0.15708
8.8945,44,0.15708
8.879,44,0.15708
8.8635,44,0.15708
8.8479,44,0.15708
8.8323,44,0.15708
8.8167,44,0.15708
8.801,44,0.15708
8.7852,44,0.15708
8.7694,44,0.15708
8.7536,44,0.15708
8.7377,44,0.15708
8.7218,44,0.15708
8.7058,44,0.15708
8.6898,44,0.15708
8.6737,44,0.15708
8.6576,44,0.15708
8.6415,44,0.15708
8.6253,44,0.15708
8.6091,44,0.15708
8.5928,44,0.15708
8.5765,44,0.15708
8.5602,44,0.15708
8.5438,44,0.15708
8.5274,44,0.15708
8.511,44,0.15708
8.4945,44,0.15708
8.478,44,0.15708
8.4614,44,0.15708
8.4449,44,0.15708
8.4282,44,0.15708
8.4116,44,0.15708
8.3949,44,0.15708
8.3782,44,0.15708
8.3615,44,0.15708
8.3447,44,0.15708
8.3279,44,0.15708
8.3111,44,0.15708
8.2942,44,0.15708
8.2773,44,0.15708
8.2604,44,0.15708
8.2435,44,0.15708
8.2265,44,0.15708
8.2095,44,0.15708
8.1925,44,0.15708
8.1755,44,0.15708
8.1584,44,0.15708
8.1413,44,0.15708
8.1242,44,0.15708
8.1071,44,0.15708
8.09,44,0.15708
8.0728,44,0.15708
8.0556,44,0.15708
8.0384,44,0.15708
8.0212,44,0.15708
8.004,44,0.15708
7.9867,44,0.15708
7.9694,44,0.15708
7.9522,44,0.15708
7.9349,44,0.15708
7.9175,44,0.15708
7.9002,44,0.15708
7.8829,44,0.15708
7.8655,44,0.15708
7.8481,44,0.15708
7.8308,44,0.15708
7.8134,44,0.15708
7.796,44,0.15708
7.7786,44,0.15708
7.7611,44,0.15708
7.7437,44,0.15708
7.7263,44,0.15708
7.7088,44,0.15708
7.6914,44,0.15708
7.6739,44,0.15708
7.6565,44,0.15708
7.639,44,0.15708
7.6215,44,0.15708
7.6041,44,0.15708
7.5866,44,0.15708
7.5691,44,0.15708
7.5516,44,0.15708
7.5342,44,0.15708
7.5167,44,0.15708
7.4992,44,0.15708
7.4817,44,0.15708
7.4642,44,0.15708
7.4468,44,0.15708
7.4293,44,0.15708
7.4118,44,0.15708
7.3943,44,0.15708
7.3769,44,0.15708
7.3594,44,0.15708
7.342,44,0.15708
7.3245,44,0.15708
7.3071,44,0.15708
7.2896,44,0.15708
7.2722,44,0.15708
7.2548,44,0.15708
7.2374,44,0.15708
7.22,44,0.15708
7.2026,44,0.15708
7.1852,44,0.15708
7.1678,44,0.15708
7.1505,44,0.15708
7.1331,44,0.15708
7.1158,44,0.15708
7.0985,44,0.15708
7.0811,44,0.15708
7.0639,44,0.15708
7.0466,44,0.15708
7.0293,44,0.15708
7.0121,44,0.15708
6.9948,44,0.15708
6.9776,44,0.15708
6.9604,44,0.15708
6.9432,44,0.15708
6.9261,44,0.15708
6.9089,44,0.15708
6.8918,44,0.15708
6.8747,44,0.15708
6.8576,44,0.15708
6.8405,44,0.15708
6.8235,44,0.15708
6.8065,44,0.15708
6.7895,44,0.15708
6.7725,44,0.15708
6.7556,44,0.15708
6.7386,44,0.15708
6.7217,44,0.15708
6.7049,44,0.15708
6.688,44,0.15708
6.6712,44,0.15708
6.6544,44,0.15708
6.6376,44,0.15708
6.6208,44,0.15708
6.6041,44,0.15708
6.5874,44,0.15708
6.5708,44,0.15708
6.5541,44,0.15708
6.5375,44,0.15708
6.521,44,0.15708
6.5044,44,0.15708
6.4879,44,0.15708
6.4714,44,0.15708
6.455,44,0.15708
6.4386,44,0.15708
6.4222,44,0.15708
6.4058,44,0.15708
6.3895,44,0.15708
6.3732,44,0.15708
6.357,44,0.15708
6.3408,44,0.15708
6.3246,44,0.15708
6.3084,44,0.15708
6.2923,44,0.15708
6.2763,44,0.15708
6.2602,44,0.15708
6.2442,44,0.15708
6.2283,44,0.15708
6.2123,44,0.15708
6.1965,44,0.15708
6.1806,44,0.15708
6.1648,44,0.15708
6.149,44,0.15708
6.1333,44,0.15708
6.1176,44,0.15708
6.102,44,0.15708
6.0864,44,0.15708
6.0708,44,0.15708
6.0553,44,0.15708
6.0398,44,0.15708
6.0244,44,0.15708
6.009,44,0.15708
5.9936,44,0.15708
5.9783,44,0.15708
5.963,44,0.15708
5.9478,44,0.15708
5.9326,44,0.15708
5.9175,44,0.15708
5.9024,44,0.15708
5.8874,44,0.15708
5.8724,44,0.15708
5.8574,44,0.15708
5.8425,44,0.15708
5.8277,44,0.15708
5.8129,44,0.15708
5.7981,44,0.15708
5.7834,44,0.15708
5.7687,44,0.15708
5.7541,44,0.15708
5.7395,44,0.15708
5.725,44,0.15708
5.7105,44,0.15708
5.6961,44,0.15708
5.6817,44,0.15708
5.6674,44,0.15708
5.6531,44,0.15708
5.6389,44,0.15708
5.6247,44,0.15708
5.6106,44,0.15708
5.5965,44,0.15708
5.5825,44,0.15708
5.5685,44,0.15708
5.5546,44,0.15708
5.5408,44,0.15708
5.5269,44,0.15708
5.5132,44,0.15708
5.4995,44,0.15708
5.4858,44,0.15708
5.4722,44,0.15708
5.4586,44,0.15708
5.4451,44,0.15708
5.4317,44,0.15708
5.4183,44,0.15708
5.405,44,0.15708
5.3917,44,0.15708
5.3785,44,0.15708
5.3653,44,0.15708
5.3522,44,0.15708
5.3391,44,0.15708
5.3261,44,0.15708
5.3131,44,0.15708
5.3002,44,0.15708
5.2874,44,0.15708
5.2746,44,0.15708
5.2619,44,0.15708
5.2492,44,0.15708
5.2366,44,0.15708
5.224,44,0.15708
5.2115,44,0.15708
5.199,44,0.15708
5.1866,44,0.15708
5.1743,44,0.15708
5.162,44,0.15708
5.1498,44,0.15708
5.1376,44,0.15708
5.1255,44,0.15708
5.1134,44,0.15708
5.1015,44,0.15708
5.0895,44,0.15708
5.0776,44,0.15708
5.0658,44,0.15708
5.054,44,0.15708
5.0423,44,0.15708
5.0307,44,0.15708
5.0191,44,0.15708
5.0075,44,0.15708
4.9961,44,0.15708
4.9847,44,0.15708
4.9733,44,0.15708
4.962,44,0.15708
4.9507,44,0.15708
4.9396,44,0.15708
4.9284,44,0.15708
4.9174,44,0.15708
4.9064,44,0.15708
4.8954,44,0.15708
4.8845,44,0.15708
4.8737,44,0.15708
4.8629,44,0.15708
4.8522,44,0.15708
4.8415,44,0.15708
4.8309,44,0.15708
4.8204,44,0.15708
4.8099,44,0.15708
4.7995,44,0.15708
4.7891,44,0.15708
4.7788,44,0.15708
4.7686,44,0.15708
4.7584,44,0.15708
4.7482,44,0.15708
4.7382,44,0.15708
4.7281,44,0.15708
4.7182,44,0.15708
4.7083,44,0.15708
4.6985,44,0.15708
4.6887,44,0.15708
4.679,44,0.15708
4.6693,44,0.15708
4.6597,44,0.15708
4.6502,44,0.15708
4.6407,44,0.15708
4.6312,44,0.15708
4.6219,44,0.15708
4.6126,44,0.15708
4.6033,44,0.15708
4.5941,44,0.15708
4.585,44,0.15708
4.5759,44,0.15708
4.5669,44,0.15708
4.5579,44,0.15708
4.549,44,0.15708
4.5402,44,0.15708
4.5314,44,0.15708
4.5227,44,0.15708
4.514,44,0.15708
4.5054,44,0.15708
4.4968,44,0.15708
4.4883,44,0.15708
4.4799,44,0.15708
4.4715,44,0.15708
4.4631,44,0.15708
4.4549,44,0.15708
4.4466,44,0.15708
4.4385,44,0.15708
4.4304,44,0.15708
4.4223,44,0.15708
4.4143,44,0.15708
4.4064,44,0.15708
4.3985,44,0.15708
4.3907,44,0.15708
4.3829,44,0.15708
4.3752,44,0.15708
4.3676,44,0.15708
4.36,44,0.15708
4.3524,44,0.15708
4.3449,44,0.15708
4.3375,44,0.15708
4.3301,44,0.15708
4.3228,44,0.15708
4.3155,44,0.15708
4.3083,44,0.15708
4.3011,44,0.15708
4.294,44,0.15708
4.287,44,0.15708
4.2799,44,0.15708
4.273,44,0.15708
4.2661,44,0.15708
4.2593,44,0.15708
4.2525,44,0.15708
4.2457,44,0.15708
4.239,44,0.15708
4.2324,44,0.15708
4.2258,44,0.15708
4.2193,44,0.15708
4.2128,44,0.15708
4.2064,44,0.15708
4.2,44,0.15708
4.1937,44,0.15708
4.1874,44,0.15708
4.1812,44,0.15708
4.175,44,0.15708
4.1689,44,0.15708
4.1628,44,0.15708
4.1568,44,0.15708
4.1509,44,0.15708
4.1449,44,0.15708
4.1391,44,0.15708
4.1332,44,0.15708
4.1275,44,0.15708
4.1217,44,0.15708
4.1161,44,0.15708
4.1104,44,0.15708
4.1049,44,0.15708
4.0993,44,0.15708
4.0939,44,0.15708
4.0884,44,0.15708
4.083,44,0.15708
4.0777,44,0.15708
4.0724,44,0.15708
4.0671,44,0.15708
4.0619,44,0.15708
4.0568,44,0.15708
4.0517,44,0.15708
4.0466,44,0.15708
4.0416,44,0.15708
4.0366,44,0.15708
4.0317,44,0.15708
4.0268,44,0.15708
4.022,44,0.15708
4.0172,44,0.15708
4.0124,44,0.15708
4.0077,44,0.15708
4.003,44,0.15708
3.9984,44,0.15708
3.9938,44,0.15708
3.9893,44,0.15708
3.9848,44,0.15708
3.9803,44,0.15708
3.9759,44,0.15708
3.9716,44,0.15708
3.9672,44,0.15708
3.9629,44,0.15708
3.9587,44,0.15708
3.9545,44,0.15708
3.9503,44,0.15708
3.9462,44,0.15708
3.9421,44,0.15708
3.938,44,0.15708
3.934,44,0.15708
3.9301,44,0.15708
3.9261,44,0.15708
3.9222,44,0.15708
3.9184,44,0.15708
3.9146,44,0.15708
3.9108,44,0.15708
3.907,44,0.15708
3.9033,44,0.15708
3.8997,44,0.15708
3.896,44,0.15708
3.8924,44,0.15708
3.8889,44,0.15708
3.8853,44,0.15708
3.8819,44,0.15708
3.8784,44,0.15708
3.875,44,0.15708
3.8716,44,0.15708
3.8682,44,0.15708
3.8649,44,0.15708
3.8616,44,0.15708
3.8584,44,0.15708
3.8551,44,0.15708
3.852,44,0.15708
3.8488,44,0.15708
3.8457,44,0.15708
3.8426,44,0.15708
3.8395,44,0.15708
3.8365,44,0.15708
3.8335,44,0.15708
3.8305,44,0.15708
3.8276,44,0.15708
3.8247,44,0.15708
3.8218,44,0.15708
3.819,44,0.15708
3.8161,44,0.15708
3.8133,44,0.15708
3.8106,44,0.15708
3.8078,44,0.15708
3.8051,44,0.15708
3.8025,44,0.15708
3.7998,44,0.15708
3.7972,44,0.15708
3.7946,44,0.15708
3.792,44,0.15708
3.7895,44,0.15708
3.7869,44,0.15708
3.7845,44,0.15708
3.782,44,0.15708
3.7795,44,0.15708
3.7771,44,0.15708
3.7747,44,0.15708
3.7724,44,0.15708
3.77,44,0.15708
3.7677,44,0.15708
3.7654,44,0.15708
3.7631,44,0.15708
3.7608,44,0.15708
3.7586,44,0.15708
3.7564,44,0.15708
3.7542,44,0.15708
3.752,44,0.15708
3.7499,44,0.15708
3.7478,44,0.15708
3.7457,44,0.15708
3.7436,44,0.15708
3.7415,44,0.15708
3.7395,44,0.15708
3.7374,44,0.15708
3.7354,44,0.15708
3.7335,44,0.15708
3.7315,44,0.15708
3.7295,44,0.15708
3.7276,44,0.15708
3.7257,44,0.15708
3.7238,44,0.15708
3.7219,44,0.15708
3.72,44,0.15708
3.7182,44,0.15708
3.7164,44,0.15708
3.7145,44,0.15708
3.7127,44,0.15708
3.711,44,0.15708
3.7092,44,0.15708
3.7074,44,0.15708
3.7057,44,0.15708
3.704,44,0.15708
3.7023,44,0.15708
3.7006,44,0.15708
3.6989,44,0.15708
3.6972,44,0.15708
3.6955,44,0.15708
3.6939,44,0.15708
3.6923,44,0.15708
3.6906,44,0.15708
3.689,44,0.15708
3.6874,44,0.15708
3.6858,44,0.15708
3.6843,44,0.15708
3.6827,44,0.15708
3.6811,44,0.15708
3.6796,44,0.15708
3.6781,44,0.15708
3.6765,44,0.15708
3.675,44,0.15708
3.6735,44,0.15708
3.672,44,0.15708
3.6705,44,0.15708
3.669,44,0.15708
3.6676,44,0.15708
3.6661,44,0.15708
3.6646,44,0.15708
3.6632,44,0.15708
3.6617,44,0.15708
3.6603,44,0.15708
3.6589,44,0.15708
3.6574,44,0.15708
3.656,44,0.15708
3.6546,44,0.15708
3.6532,44,0.15708
3.6518,44,0.15708
3.6504,44,0.15708
3.649,44,0.15708
3.6476,44,0.15708
3.6462,44,0.15708
3.6449,44,0.15708
3.6435,44,0.15708
3.6421,44,0.15708
3.6407,44,0.15708
3.6394,44,0.15708
3.638,44,0.15708
3.6366,44,0.15708
3.6353,44,0.15708
3.6339,44,0.15708
3.6326,44,0.15708
3.6312,44,0.15708
3.6299,44,0.15708
3.6285,44,0.15708
3.6272,44,0.15708
3.6258,44,0.15708
3.6245,44,0.15708
3.6231,44,0.15708
3.6218,44,0.15708
3.6204,44,0.15708
3.6191,44,0.15708
3.6177,44,0.15708
3.6164,44,0.15708
3.615,44,0.15708
3.6136,44,0.15708
3.6123,44,0.15708
3.6109,44,0.15708
3.6096,44,0.15708
3.6082,44,0.15708
3.6069,44,0.15708
3.6055,44,0.15708
3.6041,44,0.15708
3.6027,44,0.15708
3.6014,44,0.15708
3.6,44,0.15708
3.5986,44,0.15708
3.5972,44,0.15708
3.5958,44,0.15708
3.5944,44,0.15708
3.593,44,0.15708
3.5916,44,0.15708
3.5902,44,0.15708
3.5888,44,0.15708
3.5874,44,0.15708
3.586,44,0.15708
3.5846,44,0.15708
3.5831,44,0.15708
3.5817,44,0.15708
3.5803,44,0.15708
3.5788,44,0.15708
3.5773,44,0.15708
3.5759,44,0.15708
3.5744,44,0.15708
3.5729,44,0.15708
3.5715,44,0.15708
3.57,44,0.15708
3.5685,44,0.15708
3.567,44,0.15708
3.5654,44,0.15708
3.5639,44,0.15708
3.5624,44,0.15708
3.5609,44,0.15708
3.5593,44,0.15708
3.5578,44,0.15708
3.5562,44,0.15708
3.5546,44,0.15708
3.553,44,0.15708
3.5515,44,0.15708
3.5499,44,0.15708
3.5483,44,0.15708
3.5466,44,0.15708
3.545,44,0.15708
3.5434,44,0.15708
3.5417,44,0.15708
3.5401,44,0.15708
3.5384,44,0.15708
3.5367,44,0.15708
3.5351,44,0.15708
3.5334,44,0.15708
3.5316,44,0.15708
3.5299,44,0.15708
3.5282,44,0.15708
3.5265,44,0.15708
3.5247,44,0.15708
3.523,44,0.15708
3.5212,44,0.15708
3.5194,44,0.15708
3.5176,44,0.15708
3.5158,44,0.15708
3.514,44,0.15708
3.5121,44,0.15708
3.5103,44,0.15708
3.5084,44,0.15708
3.5066,44,0.15708
3.5047,44,0.15708
3.5028,44,0.15708
3.5009,44,0.15708
3.499,44,0.15708
3.497,44,0.15708
3.4951,44,0.15708
3.4931,44,0.15708
3.4912,44,0.15708
3.4892,44,0.15708
3.4872,44,0.15708
3.4852,44,0.15708
3.4832,44,0.15708
3.4811,44,0.15708
3.4791,44,0.15708
3.477,44,0.15708
3.4749,44,0.15708
3.4729,44,0.15708
3.4708,44,0.15708
3.4686,44,0.15708
3.4665,44,0.15708
3.4644,44,0.15708
3.4622,44,0.15708
3.46,44,0.15708
3.4578,44,0.15708
3.4556,44,0.15708
3.4534,44,0.15708
3.4512,44,0.15708
3.4489,44,0.15708
3.4467,44,0.15708
3.4444,44,0.15708
3.4421,44,0.15708
3.4398,44,0.15708
3.4375,44,0.15708
3.4352,44,0.15708
3.4328,44,0.15708
3.4305,44,0.15708
3.4281,44,0.15708
3.4257,44,0.15708
3.4233,44,0.15708
3.4209,44,0.15708
3.4184,44,0.15708
3.416,44,0.15708
3.4135,44,0.15708
3.411,44,0.15708
3.4085,44,0.15708
3.406,44,0.15708
3.4035,44,0.15708
3.401,44,0.15708
3.3984,44,0.15708
3.3958,44,0.15708
3.3932,44,0.15708
3.3906,44,0.15708
3.388,44,0.15708
3.3854,44,0.15708
3.3827,44,0.15708
3.3801,44,0.15708
3.3774,44,0.15708
3.3747,44,0.15708
3.372,44,0.15708
3.3692,44,0.15708
3.3665,44,0.15708
3.3637,44,0.15708
3.361,44,0.15708
3.3582,44,0.15708
3.3554,44,0.15708
3.3526,44,0.15708
3.3497,44,0.15708
3.3469,44,0.15708
3.344,44,0.15708
3.3411,44,0.15708
3.3382,44,0.15708
3.3353,44,0.15708
3.3324,44,0.15708
3.3294,44,0.15708
3.3265,44,0.15708
3.3235,44,0.15708
3.3205,44,0.15708
3.3175,44,0.15708
3.3145,44,0.15708
3.3115,44,0.15708
3.3084,44,0.15708
3.3053,44,0.15708
3.3023,44,0.15708
3.2992,44,0.15708
3.2961,44,0.15708
3.2929,44,0.15708
3.2898,44,0.15708
3.2866,44,0.15708
3.2835,44,0.15708
3.2803,44,0.15708
3.2771,44,0.15708
3.2739,44,0.15708
3.2706,44,0.15708
3.2674,44,0.15708
3.2641,44,0.15708
3.2608,44,0.15708
3.2576,44,0.15708
3.2543,44,0.15708
3.2509,44,0.15708
3.2476,44,0.15708
3.2442,44,0.15708
3.2409,44,0.15708
3.2375,44,0.15708
3.2341,44,0.15708
3.2307,44,0.15708
3.2273,44,0.15708
3.2239,44,0.15708
3.2204,44,0.15708
3.2169,44,0.15708
3.2135,44,0.15708
3.21,44,0.15708
3.2065,44,0.15708
3.2029,44,0.15708
3.1994,44,0.15708
3.1959,44,0.15708
3.1923,44,0.15708
3.1887,44,0.15708
3.1851,44,0.15708
3.1815,44,0.15708
3.1779,44,0.15708
3.1743,44,0.15708
3.1706,44,0.15708
3.167,44,0.15708
3.1633,44,0.15708
3.1596,44,0.15708
3.1559,44,0.15708
3.1522,44,0.15708
3.1485,44,0.15708
3.1448,44,0.15708
3.141,44,0.15708
3.1373,44,0.15708
3.1335,44,0.15708
3.1297,44,0.15708
3.1259,44,0.15708
3.1221,44,0.15708
3.1183,44,0.15708
3.1145,44,0.15708
3.1106,44,0.15708
3.1067,44,0.15708
3.1029,44,0.15708
3.099,44,0.15708
3.0951,44,0.15708
3.0912,44,0.15708
3.0873,44,0.15708
3.0833,44,0.15708
3.0794,44,0.15708
3.0755,44,0.15708
3.0715,44,0.15708
3.0675,44,0.15708
3.0635,44,0.15708
3.0595,44,0.15708
3.0555,44,0.15708
3.0515,44,0.15708
3.0475,44,0.15708
3.0434,44,0.15708
3.0394,44,0.15708
3.0353,44,0.15708
3.0313,44,0.15708
3.0272,44,0.15708
3.0231,44,0.15708
3.019,44,0.15708
3.0149,44,0.15708
3.0107,44,0.15708
3.0066,44,0.15708
3.0025,44,0.15708
2.9983,44,0.15708
2.9942,44,0.15708
2.99,44,0.15708
2.9858,44,0.15708
2.9816,44,0.15708
2.9774,44,0.15708
2.9732,44,0.15708
2.969,44,0.15708
2.9648,44,0.15708
2.9606,44,0.15708
2.9563,44,0.15708
2.9521,44,0.15708
2.9478,44,0.15708
2.9435,44,0.15708
2.9393,44,0.15708
2.935,44,0.15708
2.9307,44,0.15708
2.9264,44,0.15708
2.9221,44,0.15708
2.9178,44,0.15708
2.9135,44,0.15708
2.9091,44,0.15708
2.9048,44,0.15708
2.9005,44,0.15708
2.8961,44,0.15708
2.8918,44,0.15708
2.8874,44,0.15708
2.883,44,0.15708
2.8787,44,0.15708
2.8743,44,0.15708
2.8699,44,0.15708
2.8655,44,0.15708
2.8611,44,0.15708
2.8567,44,0.15708
2.8523,44,0.15708
2.8478,44,0.15708
2.8434,44,0.15708
2.839,44,0.15708
2.8346,44,0.15708
2.8301,44,0.15708
2.8257,44,0.15708
2.8212,44,0.15708
2.8168,44,0.15708
2.8123,44,0.15708
2.8078,44,0.15708
2.8034,44,0.15708
2.7989,44,0.15708
2.7944,44,0.15708
2.7899,44,0.15708
2.7854,44,0.15708
2.781,44,0.15708
2.7765,44,0.15708
2.772,44,0.15708
2.7675,44,0.15708
2.763,44,0.15708
2.7584,44,0.15708
2.7539,44,0.15708
2.7494,44,0.15708
2.7449,44,0.15708
2.7404,44,0.15708
2.7358,44,0.15708
2.7313,44,0.15708
2.7268,44,0.15708
2.7223,44,0.15708
2.7177,44,0.15708
2.7132,44,0.15708
2.7086,44,0.15708
2.7041,44,0.15708
2.6996,44,0.15708
2.695,44,0.15708
2.6905,44,0.15708
2.6859,44,0.15708
2.6814,44,0.15708
2.6768,44,0.15708
2.6723,44,0.15708
2.6677,44,0.15708
2.6631,44,0.15708
2.6586,44,0.15708
2.654,44,0.15708
2.6495,44,0.15708
2.6449,44,0.15708
2.6404,44,0.15708
2.6358,44,0.15708
2.6312,44,0.15708
2.6267,44,0.15708
2.6221,44,0.15708
2.6176,44,0.15708
2.613,44,0.15708
2.6084,44,0.15708
2.6039,44,0.15708
2.5993,44,0.15708
2.5948,44,0.15708
2.5902,44,0.15708
2.5857,44,0.15708
2.5811,44,0.15708
2.5766,44,0.15708
2.572,44,0.15708
2.5674,44,0.15708
2.5629,44,0.15708
2.5584,44,0.15708
2.5538,44,0.15708
2.5493,44,0.15708
2.5447,44,0.15708
2.5402,44,0.15708
2.5356,44,0.15708
2.5311,44,0.15708
2.5266,44,0.15708
2.522,44,0.15708
2.5175,44,0.15708
2.513,44,0.15708
2.5085,44,0.15708
2.5039,44,0.15708
2.4994,44,0.15708
2.4949,44,0.15708
2.4904,44,0.15708
2.4859,44,0.15708
2.4814,44,0.15708
2.4769,44,0.15708
2.4724,44,0.15708
2.4679,44,0.15708
2.4634,44,0.15708
2.4589,44,0.15708
2.4544,44,0.15708
2.4499,44,0.15708
2.4455,44,0.15708
2.441,44,0.15708
2.4365,44,0.15708
2.4321,44,0.15708
2.4276,44,0.15708
2.4232,44,0.15708
2.4187,44,0.15708
2.4143,44,0.15708
2.4098,44,0.15708
2.4054,44,0.15708
2.401,44,0.15708
2.3966,44,0.15708
2.3921,44,0.15708
2.3877,44,0.15708
2.3833,44,0.15708
2.3789,44,0.15708
2.3745,44,0.15708
2.3702,44,0.15708
2.3658,44,0.15708
2.3614,44,0.15708
2.357,44,0.15708
2.3527,44,0.15708
2.3483,44,0.15708
2.344,44,0.15708
2.3396,44,0.15708
2.3353,44,0.15708
2.3309,44,0.15708
2.3266,44,0.15708
2.3223,44,0.15708
2.318,44,0.15708
2.3137,44,0.15708
2.3094,44,0.15708
2.3051,44,0.15708
2.3008,44,0.15708
2.2965,44,0.15708
2.2923,44,0.15708
2.288,44,0.15708
2.2838,44,0.15708
2.2795,44,0.15708
2.2753,44,0.15708
2.271,44,0.15708
2.2668,44,0.15708
2.2626,44,0.15708
2.2584,44,0.15708
2.2542,44,0.15708
2.25,44,0.15708
2.2458,44,0.15708
2.2417,44,0.15708
2.2375,44,0.15708
2.2333,44,0.15708
2.2292,44,0.15708
2.225,44,0.15708
2.2209,44,0.15708
2.2168,44,0.15708
2.2127,44,0.15708
2.2086,44,0.15708
2.2045,44,0.15708
2.2004,44,0.15708
2.1963,44,0.15708
2.1922,44,0.15708
2.1882,44,0.15708
2.1841,44,0.15708
2.1801,44,0.15708
2.1761,44,0.15708
2.172,44,0.15708
2.168,44,0.15708
2.164,44,0.15708
2.16,44,0.15708
2.1561,44,0.15708
2.1521,44,0.15708
2.1481,44,0.15708
2.1442,44,0.15708
2.1402,44,0.15708
2.1363,44,0.15708
2.1324,44,0.15708
2.1284,44,0.15708
2.1245,44,0.15708
2.1206,44,0.15708
2.1168,44,0.15708
2.1129,44,0.15708
2.109,44,0.15708
2.1052,44,0.15708
2.1013,44,0.15708
2.0975,44,0.15708
2.0937,44,0.15708
2.0899,44,0.15708
2.0861,44,0.15708
2.0823,44,0.15708
2.0785,44,0.15708
2.0747,44,0.15708
2.071,44,0.15708
2.0672,44,0.15708
2.0635,44,0.15708
2.0598,44,0.15708
2.0561,44,0.15708
2.0524,44,0.15708
2.0487,44,0.15708
2.045,44,0.15708
2.0413,44,0.15708
2.0377,44,0.15708
2.034,44,0.15708
2.0304,44,0.15708
2.0268,44,0.15708
2.0232,44,0.15708
2.0196,44,0.15708
2.016,44,0.15708
2.0124,44,0.15708
2.0088,44,0.15708
2.0053,44,0.15708
2.0017,44,0.15708
1.9982,44,0.15708
1.9947,44,0.15708
1.9912,44,0.15708
1.9877,44,0.15708
1.9842,44,0.15708
1.9807,44,0.15708
1.9773,44,0.15708
1.9738,44,0.15708
1.9704,44,0.15708
1.967,44,0.15708
1.9636,44,0.15708
1.9602,44,0.15708
1.9568,44,0.15708
1.9534,44,0.15708
1.95,44,0.15708
1.9467,44,0.15708
1.9433,44,0.15708
1.94,44,0.15708
1.9367,44,0.15708
1.9334,44,0.15708
1.9301,44,0.15708
1.9268,44,0.15708
1.9235,44,0.15708
1.9203,44,0.15708
1.917,44,0.15708
1.9138,44,0.15708
1.9106,44,0.15708
1.9074,44,0.15708
1.9042,44,0.15708
1.901,44,0.15708
1.8978,44,0.15708
1.8947,44,0.15708
1.8915,44,0.15708
1.8884,44,0.15708
1.8853,44,0.15708
1.8821,44,0.15708
1.879,44,0.15708
1.876,44,0.15708
1.8729,44,0.15708
1.8698,44,0.15708
1.8668,44,0.15708
1.8637,44,0.15708
1.8607,44,0.15708
1.8577,44,0.15708
1.8547,44,0.15708
1.8517,44,0.15708
1.8487,44,0.15708
1.8458,44,0.15708
1.8428,44,0.15708
1.8399,44,0.15708
1.837,44,0.15708
1.834,44,0.15708
1.8311,44,0.15708
1.8282,44,0.15708
1.8254,44,0.15708
1.8225,44,0.15708
1.8196,44,0.15708
1.8168,44,0.15708
1.814,44,0.15708
1.8112,44,0.15708
1.8084,44,0.15708
1.8056,44,0.15708
1.8028,44,0.15708
1.8,44,0.15708
1.7973,44,0.15708
1.7945,44,0.15708
1.7918,44,0.15708
1.7891,44,0.15708
1.7864,44,0.15708
1.7837,44,0.15708
1.781,44,0.15708
1.7783,44,0.15708
1.7756,44,0.15708
1.773,44,0.15708
1.7704,44,0.15708
1.7677,44,0.15708
1.7651,44,0.15708
1.7625,44,0.15708
1.7599,44,0.15708
1.7574,44,0.15708
1.7548,44,0.15708
1.7522,44,0.15708
1.7497,44,0.15708
1.7472,44,0.15708
1.7447,44,0.15708
1.7421,44,0.15708
1.7397,44,0.15708
1.7372,44,0.15708
1.7347,44,0.15708
1.7322,44,0.15708
1.7298,44,0.15708
1.7274,44,0.15708
1.7249,44,0.15708
1.7225,44,0.15708
1.7201,44,0.15708
1.7177,44,0.15708
1.7154,44,0.15708
1.713,44,0.15708
1.7106,44,0.15708
1.7083,44,0.15708
1.706,44,0.15708
1.7036,44,0.15708
1.7013,44,0.15708
1.699,44,0.15708
1.6968,44,0.15708
1.6945,44,0.15708
1.6922,44,0.15708
1.69,44,0.15708
1.6877,44,0.15708
1.6855,44,0.15708
1.6833,44,0.15708
1.6811,44,0.15708
1.6789,44,0.15708
1.6767,44,0.15708
1.6745,44,0.15708
1.6723,44,0.15708
1.6702,44,0.15708
1.668,44,0.15708
1.6659,44,0.15708
1.6638,44,0.15708
1.6617,44,0.15708
1.6596,44,0.15708
1.6575,44,0.15708
1.6554,44,0.15708
1.6533,44,0.15708
1.6513,44,0.15708
1.6492,44,0.15708
1.6472,44,0.15708
1.6451,44,0.15708
1.6431,44,0.15708
1.6411,44,0.15708
1.6391,44,0.15708
1.6371,44,0.15708
1.6352,44,0.15708
1.6332,44,0.15708
1.6312,44,0.15708
1.6293,44,0.15708
1.6273,44,0.15708
1.6254,44,0.15708
1.6235,44,0.15708
1.6216,44,0.15708
1.6197,44,0.15708
1.6178,44,0.15708
1.6159,44,0.15708
1.6141,44,0.15708
1.6122,44,0.15708
1.6104,44,0.15708
1.6085,44,0.15708
1.6067,44,0.15708
1.6049,44,0.15708
1.6031,44,0.15708
1.6012,44,0.15708
1.5995,44,0.15708
1.5977,44,0.15708
1.5959,44,0.15708
1.5941,44,0.15708
1.5924,44,0.15708
1.5906,44,0.15708
1.5889,44,0.15708
1.5872,44,0.15708
1.5854,44,0.15708
1.5837,44,0.15708
1.582,44,0.15708
1.5803,44,0.15708
1.5786,44,0.15708
1.577,44,0.15708
1.5753,44,0.15708
1.5736,44,0.15708
1.572,44,0.15708
1.5703,44,0.15708
1.5687,44,0.15708
1.5671,44,0.15708
1.5654,44,0.15708
1.5638,44,0.15708
1.5622,44,0.15708
1.5606,44,0.15708
1.559,44,0.15708
1.5575,44,0.15708
1.5559,44,0.15708
1.5543,44,0.15708
1.5528,44,0.15708
1.5512,44,0.15708
1.5497,44,0.15708
1.5482,44,0.15708
1.5466,44,0.15708
1.5451,44,0.15708
1.5436,44,0.15708
1.5421,44,0.15708
1.5406,44,0.15708
1.5391,44,0.15708
1.5376,44,0.15708
1.5362,44,0.15708
1.5347,44,0.15708
1.5332,44,0.15708
1.5318,44,0.15708
1.5303,44,0.15708
1.5289,44,0.15708
1.5275,44,0.15708
1.526,44,0.15708
1.5246,44,0.15708
1.5232,44,0.15708
1.5218,44,0.15708
1.5204,44,0.15708
1.519,44,0.15708
1.5176,44,0.15708
1.5163,44,0.15708
1.5149,44,0.15708
1.5135,44,0.15708
1.5121,44,0.15708
1.5108,44,0.15708
1.5094,44,0.15708
1.5081,44,0.15708
1.5068,44,0.15708
1.5054,44,0.15708
1.5041,44,0.15708
1.5028,44,0.15708
1.5015,44,0.15708
1.5002,44,0.15708
1.4989,44,0.15708
1.4976,44,0.15708
1.4963,44,0.15708
1.495,44,0.15708
1.4937,44,0.15708
1.4924,44,0.15708
1.4912,44,0.15708
1.4899,44,0.15708
1.4887,44,0.15708
1.4874,44,0.15708
1.4862,44,0.15708
1.4849,44,0.15708
1.4837,44,0.15708
1.4824,44,0.15708
1.4812,44,0.15708
1.48,44,0.15708
1.4788,44,0.15708
1.4776,44,0.15708
1.4763,44,0.15708
1.4751,44,0.15708
1.4739,44,0.15708
1.4727,44,0.15708
1.4716,44,0.15708
1.4704,44,0.15708
1.4692,44,0.15708
1.468,44,0.15708
1.4668,44,0.15708
1.4657,44,0.15708
1.4645,44,0.15708
1.4633,44,0.15708
1.4622,44,0.15708
1.461,44,0.15708
1.4599,44,0.15708
1.4587,44,0.15708
1.4576,44,0.15708
1.4564,44,0.15708
1.4553,44,0.15708
1.4542,44,0.15708
1.453,44,0.15708
1.4519,44,0.15708
1.4508,44,0.15708
1.4497,44,0.15708
1.4486,44,0.15708
1.4475,44,0.15708
1.4463,44,0.15708
1.4452,44,0.15708
1.4441,44,0.15708
1.443,44,0.15708
1.4419,44,0.15708
1.4409,44,0.15708
1.4398,44,0.15708
1.4387,44,0.15708
1.4376,44,0.15708
1.4365,44,0.15708
1.4354,44,0.15708
1.4344,44,0.15708
1.4333,44,0.15708
1.4322,44,0.15708
1.4311,44,0.15708
1.4301,44,0.15708
1.429,44,0.15708
1.428,44,0.15708
1.4269,44,0.15708
1.4258,44,0.15708
1.4248,44,0.15708
1.4237,44,0.15708
1.4227,44,0.15708
1.4216,44,0.15708
1.4206,44,0.15708
1.4195,44,0.15708
1.4185,44,0.15708
1.4175,44,0.15708
1.4164,44,0.15708
1.4154,44,0.15708
1.4143,44,0.15708
1.4133,44,0.15708
1.4123,44,0.15708
1.4112,44,0.15708
1.4102,44,0.15708
1.4092,44,0.15708
1.4082,44,0.15708
1.4071,44,0.15708
1.4061,44,0.15708
1.4051,44,0.15708
1.4041,44,0.15708
1.4031,44,0.15708
1.402,44,0.15708
1.401,44,0.15708
1.4,44,0.15708
1.399,44,0.15708
1.398,44,0.15708
1.397,44,0.15708
1.396,44,0.15708
1.3949,44,0.15708
1.3939,44,0.15708
1.3929,44,0.15708
1.3919,44,0.15708
1.3909,44,0.15708
1.3899,44,0.15708
1.3889,44,0.15708
1.3879,44,0.15708
1.3869,44,0.15708
1.3859,44,0.15708
1.3849,44,0.15708
1.3839,44,0.15708
1.3829,44,0.15708
1.3819,44,0.15708
1.3809,44,0.15708
1.3798,44,0.15708
1.3788,44,0.15708
1.3778,44,0.15708
1.3768,44,0.15708
1.3758,44,0.15708
1.3748,44,0.15708
1.3738,44,0.15708
1.3728,44,0.15708
1.3718,44,0.15708
1.3708,44,0.15708
1.3698,44,0.15708
1.3688,44,0.15708
1.3678,44,0.15708
1.3668,44,0.15708
1.3658,44,0.15708
1.3648,44,0.15708
1.3638,44,0.15708
1.3628,44,0.15708
1.3618,44,0.15708
1.3608,44,0.15708
1.3598,44,0.15708
1.3588,44,0.15708
1.3578,44,0.15708
1.3568,44,0.15708
1.3558,44,0.15708
1.3548,44,0.15708
1.3537,44,0.15708
1.3527,44,0.15708
1.3517,44,0.15708
1.3507,44,0.15708
1.3497,44,0.15708
1.3487,44,0.15708
1.3477,44,0.15708
1.3467,44,0.15708
1.3457,44,0.15708
1.3446,44,0.15708
1.3436,44,0.15708
1.3426,44,0.15708
1.3416,44,0.15708
1.3406,44,0.15708
1.3395,44,0.15708
1.3385,44,0.15708
1.3375,44,0.15708
1.3365,44,0.15708
1.3355,44,0.15708
1.3344,44,0.15708
1.3334,44,0.15708
1.3324,44,0.15708
1.3313,44,0.15708
1.3303,44,0.15708
1.3293,44,0.15708
1.3282,44,0.15708
1.3272,44,0.15708
1.3262,44,0.15708
1.3251,44,0.15708
1.3241,44,0.15708
1.3231,44,0.15708
1.322,44,0.15708
1.321,44,0.15708
1.3199,44,0.15708
1.3189,44,0.15708
1.3178,44,0.15708
1.3168,44,0.15708
1.3157,44,0.15708
1.3147,44,0.15708
1.3136,44,0.15708
1.3126,44,0.15708
1.3115,44,0.15708
1.3105,44,0.15708
1.3094,44,0.15708
1.3083,44,0.15708
1.3073,44,0.15708
1.3062,44,0.15708
1.3051,44,0.15708
1.3041,44,0.15708
1.303,44,0.15708
1.3019,44,0.15708
1.3009,44,0.15708
1.2998,44,0.15708
1.2987,44,0.15708
1.2976,44,0.15708
1.2965,44,0.15708
1.2955,44,0.15708
1.2944,44,0.15708
1.2933,44,0.15708
1.2922,44,0.15708
1.2911,44,0.15708
1.29,44,0.15708
1.2889,44,0.15708
1.2878,44,0.15708
1.2867,44,0.15708
1.2856,44,0.15708
1.2845,44,0.15708
1.2834,44,0.15708
1.2823,44,0.15708
1.2812,44,0.15708
1.2801,44,0.15708
1.279,44,0.15708
1.2779,44,0.15708
1.2767,44,0.15708
1.2756,44,0.15708
1.2745,44,0.15708
1.2734,44,0.15708
1.2723,44,0.15708
1.2711,44,0.15708
1.27,44,0.15708
1.2689,44,0.15708
1.2677,44,0.15708
1.2666,44,0.15708
1.2655,44,0.15708
1.2643,44,0.15708
1.2632,44,0.15708
1.262,44,0.15708
1.2609,44,0.15708
1.2597,44,0.15708
1.2586,44,0.15708
1.2574,44,0.15708
1.2563,44,0.15708
1.2551,44,0.15708
1.254,44,0.15708
1.2528,44,0.15708
1.2516,44,0.15708
1.2505,44,0.15708
1.2493,44,0.15708
1.2481,44,0.15708
1.247,44,0.15708
1.2458,44,0.15708
1.2446,44,0.15708
1.2434,44,0.15708
1.2423,44,0.15708
1.2411,44,0.15708
1.2399,44,0.15708
1.2387,44,0.15708
1.2375,44,0.15708
1.2363,44,0.15708
1.2351,44,0.15708
1.2339,44,0.15708
1.2328,44,0.15708
1.2316,44,0.15708
1.2304,44,0.15708
1.2291,44,0.15708
1.2279,44,0.15708
1.2267,44,0.15708
1.2255,44,0.15708
1.2243,44,0.15708
1.2231,44,0.15708
1.2219,44,0.15708
1.2207,44,0.15708
1.2194,44,0.15708
1.2182,44,0.15708
1.217,44,0.15708
1.2158,44,0.15708
1.2145,44,0.15708
1.2133,44,0.15708
1.2121,44,0.15708
1.2108,44,0.15708
1.2096,44,0.15708
1.2084,44,0.15708
1.2071,44,0.15708
1.2059,44,0.15708
1.2046,44,0.15708
1.2034,44,0.15708
1.2021,44,0.15708
1.2009,44,0.15708
1.1996,44,0.15708
1.1984,44,0.15708
1.1971,44,0.15708
1.1959,44,0.15708
1.1946,44,0.15708
1.1933,44,0.15708
1.1921,44,0.15708
1.1908,44,0.15708
1.1895,44,0.15708
1.1883,44,0.15708
1.187,44,0.15708
1.1857,44,0.15708
1.1844,44,0.15708
1.1832,44,0.15708
1.1819,44,0.15708
1.1806,44,0.15708
1.1793,44,0.15708
1.178,44,0.15708
1.1767,44,0.15708
1.1754,44,0.15708
1.1742,44,0.15708
1.1729,44,0.15708
1.1716,44,0.15708
1.1703,44,0.15708
1.169,44,0.15708
1.1677,44,0.15708
1.1664,44,0.15708
1.1651,44,0.15708
1.1638,44,0.15708
1.1625,44,0.15708
1.1612,44,0.15708
1.1598,44,0.15708
1.1585,44,0.15708
1.1572,44,0.15708
1.1559,44,0.15708
1.1546,44,0.15708
1.1533,44,0.15708
1.1519,44,0.15708
1.1506,44,0.15708
1.1493,44,0.15708
1.148,44,0.15708
1.1467,44,0.15708
1.1453,44,0.15708
1.144,44,0.15708
1.1427,44,0.15708
1.1413,44,0.15708
1.14,44,0.15708
1.1387,44,0.15708
1.1373,44,0.15708
1.136,44,0.15708
1.1347,44,0.15708
1.1333,44,0.15708
1.132,44,0.15708
1.1306,44,0.15708
1.1293,44,0.15708
1.1279,44,0.15708
1.1266,44,0.15708
1.1253,44,0.15708
1.1239,44,0.15708
1.1226,44,0.15708
1.1212,44,0.15708
1.1198,44,0.15708
1.1185,44,0.15708
1.1171,44,0.15708
1.1158,44,0.15708
1.1144,44,0.15708
1.1131,44,0.15708
1.1117,44,0.15708
1.1104,44,0.15708
1.109,44,0.15708
1.1076,44,0.15708
1.1063,44,0.15708
1.1049,44,0.15708
1.1035,44,0.15708
1.1022,44,0.15708
1.1008,44,0.15708
1.0994,44,0.15708
1.0981,44,0.15708
1.0967,44,0.15708
1.0953,44,0.15708
1.094,44,0.15708
1.0926,44,0.15708
1.0912,44,0.15708
1.0898,44,0.15708
1.0885,44,0.15708
1.0871,44,0.15708
1.0857,44,0.15708
1.0843,44,0.15708
1.083,44,0.15708
1.0816,44,0.15708
1.0802,44,0.15708
1.0788,44,0.15708
1.0775,44,0.15708
1.0761,44,0.15708
1.0747,44,0.15708
1.0733,44,0.15708
1.0719,44,0.15708
1.0706,44,0.15708
1.0692,44,0.15708
1.0678,44,0.15708
1.0664,44,0.15708
1.065,44,0.15708
1.0636,44,0.15708
1.0623,44,0.15708
1.0609,44,0.15708
1.0595,44,0.15708
1.0581,44,0.15708
1.0567,44,0.15708
1.0553,44,0.15708
1.0539,44,0.15708
1.0526,44,0.15708
1.0512,44,0.15708
1.0498,44,0.15708
1.0484,44,0.15708
1.047,44,0.15708
1.0456,44,0.15708
1.0442,44,0.15708
1.0429,44,0.15708
1.0415,44,0.15708
1.0401,44,0.15708
1.0387,44,0.15708
1.0373,44,0.15708
1.0359,44,0.15708
1.0345,44,0.15708
1.0332,44,0.15708
1.0318,44,0.15708
1.0304,44,0.15708
1.029,44,0.15708
1.0276,44,0.15708
1.0262,44,0.15708
1.0248,44,0.15708
1.0235,44,0.15708
1.0221,44,0.15708
1.0207,44,0.15708
1.0193,44,0.15708
1.0179,44,0.15708
1.0165,44,0.15708
1.0151,44,0.15708
1.0138,44,0.15708
1.0124,44,0.15708
1.011,44,0.15708
1.0096,44,0.15708
1.0082,44,0.15708
1.0069,44,0.15708
1.0055,44,0.15708
1.0041,44,0.15708
1.0027,44,0.15708
1.0013,44,0.15708
0.99996,44,0.15708
0.99859,44,0.15708
0.99721,44,0.15708
0.99583,44,0.15708
0.99446,44,0.15708
0.99308,44,0.15708
0.99171,44,0.15708
0.99034,44,0.15708
0.98896,44,0.15708
0.98759,44,0.15708
0.98622,44,0.15708
0.98485,44,0.15708
0.98348,44,0.15708
0.98211,44,0.15708
0.98075,44,0.15708
0.97938,44,0.15708
0.97801,44,0.15708
0.97665,44,0.15708
0.97528,44,0.15708
0.97392,44,0.15708
0.97256,44,0.15708
0.9712,44,0.15708
0.96984,44,0.15708
0.96848,44,0.15708
0.96712,44,0.15708
0.96577,44,0.15708
0.96441,44,0.15708
0.96305,44,0.15708
0.9617,44,0.15708
0.96035,44,0.15708
0.959,44,0.15708
0.95765,44,0.15708
0.9563,44,0.15708
0.95495,44,0.15708
0.9536,44,0.15708
0.95226,44,0.15708
0.95092,44,0.15708
0.94957,44,0.15708
0.94823,44,0.15708
0.94689,44,0.15708
0.94555,44,0.15708
0.94422,44,0.15708
0.94288,44,0.15708
0.94155,44,0.15708
0.94021,44,0.15708
0.93888,44,0.15708
0.93755,44,0.15708
0.93622,44,0.15708
0.9349,44,0.15708
0.93357,44,0.15708
0.93225,44,0.15708
0.93092,44,0.15708
0.9296,44,0.15708
0.92828,44,0.15708
0.92697,44,0.15708
0.92565,44,0.15708
0.92433,44,0.15708
0.92302,44,0.15708
0.92171,44,0.15708
0.9204,44,0.15708
0.91909,44,0.15708
0.91779,44,0.15708
0.91648,44,0.15708
0.91518,44,0.15708
0.91388,44,0.15708
0.91258,44,0.15708
0.91128,44,0.15708
0.90998,44,0.15708
0.90869,44,0.15708
0.9074,44,0.15708
0.90611,44,0.15708
0.90482,44,0.15708
0.90353,44,0.15708
0.90225,44,0.15708
0.90097,44,0.15708
0.89968,44,0.15708
0.89841,44,0.15708
0.89713,44,0.15708
0.89585,44,0.15708
0.89458,44,0.15708
0.89331,44,0.15708
0.89204,44,0.15708
0.89077,44,0.15708
0.88951,44,0.15708
0.88824,44,0.15708
0.88698,44,0.15708
0.88572,44,0.15708
0.88447,44,0.15708
0.88321,44,0.15708
0.88196,44,0.15708
0.88071,44,0.15708
0.87946,44,0.15708
0.87821,44,0.15708
0.87697,44,0.15708
0.87573,44,0.15708
0.87449,44,0.15708
0.87325,44,0.15708
0.87201,44,0.15708
0.87078,44,0.15708
0.86955,44,0.15708
0.86832,44,0.15708
0.86709,44,0.15708
0.86587,44,0.15708
0.86465,44,0.15708
0.86343,44,0.15708
0.86221,44,0.15708
0.86099,44,0.15708
0.85978,44,0.15708
0.85857,44,0.15708
0.85736,44,0.15708
0.85615,44,0.15708
0.85495,44,0.15708
0.85375,44,0.15708
0.85255,44,0.15708
0.85135,44,0.15708
0.85016,44,0.15708
0.84897,44,0.15708
0.84778,44,0.15708
0.84659,44,0.15708
0.8454,44,0.15708
0.84422,44,0.15708
0.84304,44,0.15708
0.84186,44,0.15708
0.84069,44,0.15708
0.83952,44,0.15708
0.83835,44,0.15708
0.83718,44,0.15708
0.83601,44,0.15708
0.83485,44,0.15708
0.83369,44,0.15708
0.83253,44,0.15708
0.83138,44,0.15708
0.83023,44,0.15708
0.82908,44,0.15708
0.82793,44,0.15708
0.82678,44,0.15708
0.82564,44,0.15708
0.8245,44,0.15708
0.82336,44,0.15708
0.82223,44,0.15708
0.82109,44,0.15708
0.81997,44,0.15708
0.81884,44,0.15708
0.81771,44,0.15708
0.81659,44,0.15708
0.81547,44,0.15708
0.81435,44,0.15708
0.81324,44,0.15708
0.81213,44,0.15708
0.81102,44,0.15708
0.80991,44,0.15708
0.80881,44,0.15708
0.80771,44,0.15708
0.80661,44,0.15708
0.80551,44,0.15708
0.80442,44,0.15708
0.80333,44,0.15708
0.80224,44,0.15708
0.80116,44,0.15708
0.80008,44,0.15708
0.799,44,0.15708
0.79792,44,0.15708
0.79684,44,0.15708
0.79577,44,0.15708
0.7947,44,0.15708
0.79364,44,0.15708
0.79257,44,0.15708
0.79151,44,0.15708
0.79045,44,0.15708
0.7894,44,0.15708
0.78834,44,0.15708
0.78729,44,0.15708
0.78624,44,0.15708
0.7852,44,0.15708
0.78416,44,0.15708
0.78312,44,0.15708
0.78208,44,0.15708
0.78105,44,0.15708
0.78002,44,0.15708
0.77899,44,0.15708
0.77796,44,0.15708
0.77694,44,0.15708
0.77592,44,0.15708
0.7749,44,0.15708
0.77388,44,0.15708
0.77287,44,0.15708
0.77186,44,0.15708
0.77085,44,0.15708
0.76985,44,0.15708
0.76885,44,0.15708
0.76785,44,0.15708
0.76685,44,0.15708
0.76586,44,0.15708
0.76487,44,0.15708
0.76388,44,0.15708
0.76289,44,0.15708
0.76191,44,0.15708
0.76093,44,0.15708
0.75995,44,0.15708
0.75898,44,0.15708
0.75801,44,0.15708
0.75704,44,0.15708
0.75607,44,0.15708
0.75511,44,0.15708
0.75415,44,0.15708
0.75319,44,0.15708
0.75223,44,0.15708
0.75128,44,0.15708
0.75033,44,0.15708
0.74938,44,0.15708
0.74844,44,0.15708
0.74749,44,0.15708
0.74655,44,0.15708
0.74562,44,0.15708
0.74468,44,0.15708
0.74375,44,0.15708
0.74282,44,0.15708
0.7419,44,0.15708
0.74097,44,0.15708
0.74005,44,0.15708
0.73913,44,0.15708
0.73822,44,0.15708
0.7373,44,0.15708
0.73639,44,0.15708
0.73549,44,0.15708
0.73458,44,0.15708
0.73368,44,0.15708
0.73278,44,0.15708
0.73188,44,0.15708
0.73099,44,0.15708
0.73009,44,0.15708
0.72921,44,0.15708
0.72832,44,0.15708
0.72743,44,0.15708
0.72655,44,0.15708
0.72567,44,0.15708
0.7248,44,0.15708
0.72392,44,0.15708
0.72305,44,0.15708
0.72218,44,0.15708
0.72132,44,0.15708
0.72045,44,0.15708
0.71959,44,0.15708
0.71874,44,0.15708
0.71788,44,0.15708
0.71703,44,0.15708
0.71618,44,0.15708
0.71533,44,0.15708
0.71448,44,0.15708
0.71364,44,0.15708
0.7128,44,0.15708
0.71196,44,0.15708
0.71112,44,0.15708
0.71029,44,0.15708
0.70946,44,0.15708
0.70863,44,0.15708
0.7078,44,0.15708
0.70698,44,0.15708
0.70616,44,0.15708
0.70534,44,0.15708
0.70453,44,0.15708
0.70371,44,0.15708
0.7029,44,0.15708
0.70209,44,0.15708
0.70129,44,0.15708
0.70048,44,0.15708
0.69968,44,0.15708
0.69888,44,0.15708
0.69809,44,0.15708
0.69729,44,0.15708
0.6965,44,0.15708
0.69571,44,0.15708
0.69492,44,0.15708
0.69414,44,0.15708
0.69335,44,0.15708
0.69257,44,0.15708
0.6918,44,0.15708
0.69102,44,0.15708
0.69025,44,0.15708
0.68948,44,0.15708
0.68871,44,0.15708
0.68794,44,0.15708
0.68718,44,0.15708
0.68641,44,0.15708
0.68565,44,0.15708
0.6849,44,0.15708
0.68414,44,0.15708
0.68339,44,0.15708
0.68264,44,0.15708
0.68189,44,0.15708
0.68114,44,0.15708
0.6804,44,0.15708
0.67966,44,0.15708
0.67892,44,0.15708
0.67818,44,0.15708
0.67744,44,0.15708
0.67671,44,0.15708
0.67598,44,0.15708
0.67525,44,0.15708
0.67452,44,0.15708
0.6738,44,0.15708
0.67308,44,0.15708
0.67236,44,0.15708
0.67164,44,0.15708
0.67092,44,0.15708
0.67021,44,0.15708
0.66949,44,0.15708
0.66878,44,0.15708
0.66808,44,0.15708
0.66737,44,0.15708
0.66666,44,0.15708
0.66596,44,0.15708
0.66526,44,0.15708
0.66456,44,0.15708
0.66387,44,0.15708
0.66317,44,0.15708
0.66248,44,0.15708
0.66179,44,0.15708
0.6611,44,0.15708
0.66042,44,0.15708
0.65973,44,0.15708
0.65905,44,0.15708
0.65837,44,0.15708
0.65769,44,0.15708
0.65701,44,0.15708
0.65634,44,0.15708
0.65566,44,0.15708
0.65499,44,0.15708
0.65432,44,0.15708
0.65365,44,0.15708
0.65299,44,0.15708
0.65232,44,0.15708
0.65166,44,0.15708
0.651,44,0.15708
0.65034,44,0.15708
0.64968,44,0.15708
0.64903,44,0.15708
0.64837,44,0.15708
0.64772,44,0.15708
0.64707,44,0.15708
0.64642,44,0.15708
0.64578,44,0.15708
0.64513,44,0.15708
0.64449,44,0.15708
0.64385,44,0.15708
0.64321,44,0.15708
0.64257,44,0.15708
0.64193,44,0.15708
0.6413,44,0.15708
0.64066,44,0.15708
0.64003,44,0.15708
0.6394,44,0.15708
0.63877,44,0.15708
0.63814,44,0.15708
0.63752,44,0.15708
0.63689,44,0.15708
0.63627,44,0.15708
0.63565,44,0.15708
0.63503,44,0.15708
0.63441,44,0.15708
0.63379,44,0.15708
0.63318,44,0.15708
0.63257,44,0.15708
0.63195,44,0.15708
0.63134,44,0.15708
0.63073,44,0.15708
0.63013,44,0.15708
0.62952,44,0.15708
0.62891,44,0.15704
-1.0569,44,0.15704
-1.0628,44,0.15704
-1.0688,44,0.15704
-1.0749,44,0.15704
-1.0813,44,0.15704
-1.0877,44,0.15704
-1.0943,44,0.15704
-1.101,44,0.15704
-1.1077,44,0.15704
-1.1146,44,0.15704
-1.1216,44,0.15704
-1.1286,44,0.15704
-1.1358,44,0.15704
-1.143,44,0.15704
-1.1503,44,0.15704
-1.1577,44,0.15704
-1.1652,44,0.15703
-1.1728,44,0.15703
-1.1805,44,0.15703
-1.1882,44,0.15703
-1.196,44,0.15703
-1.204,44,0.15703
-1.212,44,0.15703
-1.2201,44,0.15703
-1.2283,44,0.15703
-1.2367,44,0.15703
-1.2451,44,0.15703
-1.2536,44,0.15703
-1.2623,44,0.15703
-1.271,44,0.15703
-1.2798,44,0.15703
-1.2888,44,0.15703
-1.2979,44,0.15703
-1.3071,44,0.15703
-1.3164,44,0.15703
-1.3258,44,0.15703
-1.3354,44,0.15702
-1.3451,44,0.15702
-1.3549,44,0.15702
-1.3648,44,0.15702
-1.3749,44,0.15702
-1.3851,44,0.15702
-1.3954,44,0.15702
-1.4059,44,0.15702
-1.4166,44,0.15702
-1.4273,44,0.15702
-1.4382,44,0.15702
-1.4493,44,0.15702
-1.4605,44,0.15702
-1.4718,44,0.15702
-1.4833,44,0.15702
-1.495,44,0.15702
-1.5068,44,0.15702
-1.5188,44,0.15701
-1.5309,44,0.15701
-1.5432,44,0.15701
-1.5557,44,0.15701
-1.5683,44,0.15701
-1.5812,44,0.15701
-1.5941,44,0.15701
-1.6073,44,0.15701
-1.6206,44,0.15701
-1.6341,44,0.15701
-1.6478,44,0.15701
-1.6616,44,0.15701
-1.6757,44,0.15701
-1.6899,44,0.15701
-1.7043,44,0.157
-1.719,44,0.157
-1.7338,44,0.157
-1.7488,44,0.157
-1.764,44,0.157
-1.7794,44,0.157
-1.795,44,0.157
-1.8107,44,0.157
-1.8268,44,0.157
-1.843,44,0.157
-1.8594,44,0.157
-1.876,44,0.157
-1.8929,44,0.15699
-1.9099,44,0.15699
-1.9272,44,0.15699
-1.9447,44,0.15699
-1.9625,44,0.15699
-1.9804,44,0.15699
-1.9986,44,0.15699
-2.017,44,0.15699
-2.0357,44,0.15699
-2.0545,44,0.15699
-2.0737,44,0.15699
-2.093,44,0.15699
-2.1126,44,0.15698
-2.1325,44,0.15698
-2.1526,44,0.15698
-2.1729,44,0.15698
-2.1935,44,0.15698
-2.2143,44,0.15698
-2.2355,44,0.15698
-2.2568,44,0.15698
-2.2784,44,0.15698
-2.3003,44,0.15698
-2.3225,44,0.15697
-2.3449,44,0.15697
-2.3677,44,0.15697
-2.3906,44,0.15697
-2.4139,44,0.15697
-2.4374,44,0.15697
-2.4613,44,0.15697
-2.4854,44,0.15697
-2.5098,44,0.15697
-2.5345,44,0.15696
-2.5595,44,0.15696
-2.5848,44,0.15696
-2.6103,44,0.15696
-2.6362,44,0.15696
-2.6624,44,0.15696
-2.6889,44,0.15696
-2.7158,44,0.15696
-2.7429,44,0.15695
-2.7704,44,0.15695
-2.7981,44,0.15695
-2.8262,44,0.15695
-2.8547,44,0.15695
-2.8834,44,0.15695
-2.9125,44,0.15695
-2.942,44,0.15695
-2.9717,44,0.15694
-3.0019,44,0.15694
-3.0323,44,0.15694
-3.0631,44,0.15694
-3.0943,44,0.15694
-3.1258,44,0.15694
-3.1577,44,0.15694
-3.19,44,0.15693
-3.2226,44,0.15693
-3.2556,44,0.15693
-3.289,44,0.15693
-3.3227,44,0.15693
-3.3568,44,0.15693
-3.3913,44,0.15693
-3.4262,44,0.15692
-3.4615,44,0.15692
-3.4972,44,0.15692
-3.5333,44,0.15692
-3.5698,44,0.15692
-3.6067,44,0.15692
-3.644,44,0.15691
-3.6817,44,0.15691
-3.7199,44,0.15691
-3.7584,44,0.15691
-3.7974,44,0.15691
-3.8369,44,0.15691
-3.8767,44,0.1569
-3.917,44,0.1569
-3.9578,44,0.1569
-3.999,44,0.1569
-4.0406,44,0.1569
-4.0827,44,0.1569
-4.1253,44,0.15689
-4.1683,44,0.15689
-4.2118,44,0.15689
-4.2558,44,0.15689
-4.3003,44,0.15689
-4.3452,44,0.15688
-4.3907,44,0.15688
-4.4366,44,0.15688
-4.483,44,0.15688
-4.5299,44,0.15688
-4.5773,44,0.15687
-4.6253,44,0.15687
-4.6737,44,0.15687
-4.7227,44,0.15687
-4.7722,44,0.15687
-4.8223,44,0.15686
-4.8728,44,0.15686
-4.9239,44,0.15686
-4.9756,44,0.15686
-5.0278,44,0.15685
-5.0806,44,0.15685
-5.1339,44,0.15685
-5.1878,44,0.15685
-5.2423,44,0.15684
-5.2974,44,0.15684
-5.353,44,0.15684
-5.4093,44,0.15684
-5.4661,44,0.15684
-5.5235,44,0.15683
-5.5816,44,0.15683
-5.6402,44,0.15683
-5.6995,44,0.15683
-5.7594,44,0.15682
-5.82,44,0.15682
-5.8811,44,0.15682
-5.9429,44,0.15682
-6.0054,44,0.15681
-6.0685,44,0.15681
-6.1323,44,0.15681
-6.1968,44,0.1568
-6.2619,44,0.1568
-6.3278,44,0.1568
-6.3943,44,0.1568
-6.4615,44,0.15679
-6.5294,44,0.15679
-6.598,44,0.15679
-6.6674,44,0.15678
-6.7374,44,0.15678
-6.8082,44,0.15678
-6.8798,44,0.15678
-6.952,44,0.15677
-7.0251,44,0.15677
-7.0989,44,0.15677
-7.1734,44,0.15676
-7.2488,44,0.15676
-7.3249,44,0.15676
-7.4018,44,0.15675
-7.4795,44,0.15675
-7.5581,44,0.15675
-7.6374,44,0.15674
-7.7175,44,0.15674
-7.7985,44,0.15674
-7.8804,44,0.15673
-7.963,44,0.15673
-8.0466,44,0.15673
-8.131,44,0.15672
-8.2162,44,0.15672
-8.3024,44,0.15672
-8.3894,44,0.15671
-8.4774,44,0.15671
-8.5662,44,0.1567
-8.656,44,0.1567
-8.7467,44,0.1567
-8.8383,44,0.15669
-8.9309,44,0.15669
-9.0244,44,0.15668
-9.1189,44,0.15668
-9.2144,44,0.15668
-9.3108,44,0.15667
-9.4083,44,0.15667
-9.5067,44,0.15666
-9.6062,44,0.15666
-9.7067,44,0.15666
-9.8082,44,0.15665
-9.9107,44,0.15665
-10.014,44,0.15664
-10.119,44,0.15664
-10.225,44,0.15663
-10.332,44,0.15663
-10.44,44,0.15663
-10.549,44,0.15662
-10.659,44,0.15662
-10.77,44,0.15661
-10.882,44,0.15661
-10.996,44,0.1566
-11.111,44,0.1566
-11.227,44,0.15659
-11.344,44,0.15659
-11.462,44,0.15658
-11.582,44,0.15658
-11.702,44,0.15657
-11.824,44,0.15657
-11.948,44,0.15656
-12.072,44,0.15656
-12.198,44,0.15655
-12.325,44,0.15655
-12.453,44,0.15654
-12.583,44,0.15654
-12.714,44,0.15653
-12.846,44,0.15653
-12.98,44,0.15652
-13.115,44,0.15651
-13.252,44,0.15651
-13.389,44,0.1565
-13.529,44,0.1565
-13.669,44,0.15649
-13.811,44,0.15649
-13.955,44,0.15648
-14.1,44,0.15647
-14.247,44,0.15647
-14.395,44,0.15646
-14.544,44,0.15645
-14.695,44,0.15645
-14.848,44,0.15644
-15.002,44,0.15644
-15.158,44,0.15643
-15.315,44,0.15642
-15.474,44,0.15642
-15.634,44,0.15641
-15.797,44,0.1564
-15.961,44,0.1564
-16.126,44,0.15639
-16.293,44,0.15638
-16.462,44,0.15638
-16.633,44,0.15637
-16.805,44,0.15636
-16.979,44,0.15635
-17.155,44,0.15635
-17.333,44,0.15634
-17.513,44,0.15633
-17.694,44,0.15632
-17.877,44,0.15632
-18.062,44,0.15631
-18.249,44,0.1563
-18.438,44,0.15629
-18.629,44,0.15629
-18.822,44,0.15628
-19.016,44,0.15627
-19.213,44,0.15626
-19.412,44,0.15625
-19.613,44,0.15624
-19.815,44,0.15624
-20.02,44,0.15623
-20.227,44,0.15622
-20.436,44,0.15621
-20.648,44,0.1562
-20.861,44,0.15619
-21.077,44,0.15618
-21.294,44,0.15618
-21.514,44,0.15617
-21.737,44,0.15616
-21.961,44,0.15615
-22.188,44,0.15614
-22.417,44,0.15613
-22.649,44,0.15612
-22.882,44,0.15611
-23.119,44,0.1561
-23.357,44,0.15609
-23.598,44,0.15608
-23.842,44,0.15607
-24.088,44,0.15606
-24.337,44,0.15605
-24.588,44,0.15604
-24.841,44,0.15603
-25.098,44,0.15602
-25.357,44,0.15601
-25.618,44,0.156
-25.882,44,0.15599
-26.149,44,0.15598
-26.419,44,0.15596
-26.691,44,0.15595
-26.967,44,0.15594
-27.245,44,0.15593
-27.526,44,0.15592
-27.809,44,0.15591
-28.096,44,0.1559
-28.386,44,0.15588
-28.678,44,0.15587
-28.974,44,0.15586
-29.272,44,0.15585
-29.574,44,0.15583
-29.879,44,0.15582
-30.187,44,0.15581
-30.498,44,0.1558
-30.812,44,0.15578
-31.13,44,0.15577
-31.45,44,0.15576
-31.774,44,0.15574
-32.102,44,0.15573
-32.433,44,0.15572
-32.767,44,0.1557
-33.104,44,0.15569
-33.445,44,0.15568
-33.79,44,0.15566
-34.138,44,0.15565
-34.49,44,0.15563
-34.845,44,0.15562
-35.204,44,0.1556
-35.566,44,0.15559
-35.933,44,0.15557
-36.303,44,0.15556
-36.677,44,0.15554
-37.055,44,0.15553
-37.436,44,0.15551
-37.822,44,0.1555
-38.212,44,0.15548
-38.605,44,0.15547
-39.003,44,0.15545
-39.405,44,0.15543
-39.811,44,0.15542
-40.221,44,0.1554
-40.635,44,0.15538
-41.054,44,0.15537
-41.477,44,0.15535
-41.904,44,0.15533
-42.336,44,0.15531
-42.772,44,0.1553
-43.213,44,0.15528
-43.658,44,0.15526
-44.108,44,0.15524
-44.562,44,0.15522
-45.022,44,0.1552
-45.486,44,0.15519
-45.954,44,0.15517
-46.428,44,0.15515
-46.907,44,0.15513
-47.39,44,0.15511
-47.879,44,0.15509
-48.372,44,0.15507
-48.871,44,0.15505
-49.375,44,0.15503
-49.884,44,0.15501
-50.399,44,0.15499
-50.918,44,0.15497
-51.444,44,0.15495
-51.974,44,0.15492
-52.51,44,0.1549
-53.052,44,0.15488
-53.6,44,0.15486
-54.153,44,0.15484
-54.712,44,0.15481
-55.276,44,0.15479
-55.847,44,0.15477
-56.423,44,0.15474
-57.006,44,0.15472
-57.594,44,0.1547
-58.189,44,0.15467
-58.79,44,0.15465
-59.397,44,0.15463
-60.011,44,0.1546
-60.631,44,0.15458
-61.257,44,0.15455
-61.89,44,0.15453
-62.53,44,0.1545
-63.176,44,0.15447
-63.83,44,0.15445
-64.489,44,0.15442
-65.156,44,0.1544
-65.83,44,0.15437
-66.511,44,0.15434
-67.199,44,0.15431
-67.895,44,0.15429
-68.597,44,0.15426
-69.307,44,0.15423
-70.025,44,0.1542
-70.75,44,0.15417
-71.482,44,0.15414
-72.223,44,0.15411
-72.971,44,0.15408
-73.727,44,0.15405
-74.491,44,0.15402
-75.263,44,0.15399
-76.043,44,0.15396
-76.832,44,0.15393
-77.629,44,0.1539
-78.434,44,0.15387
-79.248,44,0.15384
-80.07,44,0.1538
-80.901,44,0.15377
-81.741,44,0.15374
-82.59,44,0.1537
-83.447,44,0.15367
-84.314,44,0.15364
-85.19,44,0.1536
-86.076,44,0.15357
-86.97,44,0.15353
-87.875,44,0.1535
-88.789,44,0.15346
-89.712,44,0.15342
-90.646,44,0.15339
-91.589,44,0.15335
-92.543,44,0.15331
-93.506,44,0.15328
-94.48,44,0.15324
-95.464,44,0.1532
-96.459,44,0.15316
-97.465,44,0.15312
-98.481,44,0.15308
-99.508,44,0.15304
-100.55,44,0.153
-101.6,44,0.15296
-102.66,44,0.15292
-103.73,44,0.15288
-104.81,44,0.15284
-105.91,44,0.15279
-107.01,44,0.15275
-108.13,44,0.15271
-109.26,44,0.15266
-110.41,44,0.15262
-111.56,44,0.15257
-112.73,44,0.15253
-113.91,44,0.15248
-115.1,44,0.15244
-116.31,44,0.15239
-117.53,44,0.15234
-118.76,44,0.1523
-120.01,44,0.15225
-121.26,44,0.1522
-122.54,44,0.15215
-123.82,44,0.1521
-125.12,44,0.15205
-126.44,44,0.152
-127.77,44,0.15195
-129.11,44,0.1519
-130.47,44,0.15185
-131.84,44,0.1518
-133.23,44,0.15174
-134.63,44,0.15169
-136.05,44,0.15164
-137.49,44,0.15158
-138.94,44,0.15153
-140.4,44,0.15147
-141.88,44,0.15142
-143.38,44,0.15136
-144.9,44,0.1513
-146.43,44,0.15125
-147.97,44,0.15119
-149.54,44,0.15113
-151.12,44,0.15107
-152.72,44,0.15101
-154.34,44,0.15095
-155.97,44,0.15089
-157.63,44,0.15083
-159.3,44,0.15076
-160.99,44,0.1507
-162.7,44,0.15064
-164.43,44,0.15057
-166.17,44,0.15051
-167.94,44,0.15044
-169.73,44,0.15038
-171.53,44,0.15031
-173.36,44,0.15024
-175.21,44,0.15017
-177.07,44,0.1501
-178.96,44,0.15003
-180.87,44,0.14996
-182.8,44,0.14989
-184.76,44,0.14982
-186.73,44,0.14975
-188.73,44,0.14968
-190.75,44,0.1496
-192.79,44,0.14953
-194.86,44,0.14945
-196.94,44,0.14938
-199.06,44,0.1493
-201.19,44,0.14922
-203.35,44,0.14915
-205.54,44,0.14907
-207.75,44,0.14899
-209.98,44,0.14891
-212.24,44,0.14882
-214.53,44,0.14874
-216.84,44,0.14866
-219.18,44,0.14858
-221.55,44,0.14849
-223.94,44,0.14841
-226.36,44,0.14832
-228.81,44,0.14823
-231.28,44,0.14814
-233.79,44,0.14806
-236.32,44,0.14797
-238.88,44,0.14788
-241.48,44,0.14778
-244.1,44,0.14769
-246.75,44,0.1476
-249.44,44,0.1475
-252.15,44,0.14741
-254.9,44,0.14731
-257.68,44,0.14722
-260.49,44,0.14712
-263.33,44,0.14702
-266.21,44,0.14692
-269.12,44,0.14682
-272.06,44,0.14672
-275.04,44,0.14661
-278.06,44,0.14651
-281.11,44,0.1464
-284.2,44,0.1463
-287.32,44,0.14619
-290.48,44,0.14608
-293.68,44,0.14597
-296.91,44,0.14586
-300.18,44,0.14575
-303.5,44,0.14564
-306.85,44,0.14553
-310.24,44,0.14541
-313.67,44,0.1453
-317.15,44,0.14518
-320.66,44,0.14506
-324.22,44,0.14494
-327.82,44,0.14482
-331.47,44,0.1447
-335.16,44,0.14458
-338.89,44,0.14446
-342.67,44,0.14433
-346.49,44,0.14421
-350.36,44,0.14408
-354.28,44,0.14395
-358.25,44,0.14382
-362.26,44,0.14369
-366.32,44,0.14356
-370.44,44,0.14342
-374.6,44,0.14329
-378.81,44,0.14315
-383.08,44,0.14301
-387.4,44,0.14287
-391.77,44,0.14273
-396.2,44,0.14259
-400.68,44,0.14245
-405.22,44,0.1423
-409.82,44,0.14216
-414.47,44,0.14201
-419.18,44,0.14186
-423.95,44,0.14171
-428.78,44,0.14156
-433.67,44,0.14141
-438.62,44,0.14125
-443.63,44,0.1411
-448.71,44,0.14094
-453.85,44,0.14078
-459.06,44,0.14062
-464.34,44,0.14046
-469.68,44,0.14029
-475.09,44,0.14013
-480.56,44,0.13996
-486.11,44,0.13979
-491.74,44,0.13962
-497.43,44,0.13945
-503.2,44,0.13928
-509.04,44,0.1391
-514.95,44,0.13893
-520.95,44,0.13875
-527.02,44,0.13857
-533.17,44,0.13839
-539.4,44,0.1382
-545.72,44,0.13802
-552.12,44,0.13783
-558.6,44,0.13764
-565.16,44,0.13745
-571.82,44,0.13726
-578.56,44,0.13706
-585.39,44,0.13687
-592.31,44,0.13667
-599.33,44,0.13647
-606.44,44,0.13627
-613.64,44,0.13606
-620.94,44,0.13586
-628.34,44,0.13565
-635.84,44,0.13544
-643.45,44,0.13523
-651.15,44,0.13501
-658.96,44,0.1348
-666.88,44,0.13458
-674.9,44,0.13436
-683.04,44,0.13414
-691.28,44,0.13391
-699.64,44,0.13369
-708.12,44,0.13346
-716.71,44,0.13323
-725.42,44,0.133
-734.26,44,0.13276
-743.21,44,0.13252
-752.29,44,0.13228
-761.5,44,0.13204
-770.84,44,0.1318
-780.31,44,0.13155
-789.92,44,0.1313
-799.66,44,0.13105
-809.54,44,0.1308
-819.56,44,0.13054
-829.72,44,0.13028
-840.02,44,0.13002
-850.48,44,0.12976
-861.09,44,0.1295
-871.85,44,0.12923
-882.76,44,0.12896
-893.83,44,0.12868
-905.07,44,0.12841
-916.47,44,0.12813
-928.03,44,0.12785
-939.76,44,0.12757
-951.67,44,0.12728
-963.75,44,0.12699
-976.01,44,0.1267
-988.46,44,0.12641
-1001.1,44,0.12611
-1013.9,44,0.12581
-1026.9,44,0.12551
-1040.1,44,0.1252
-1053.5,44,0.12489
-1067.1,44,0.12458
-1080.9,44,0.12427
-1094.9,44,0.12395
-1109.2,44,0.12363
-1123.6,44,0.12331
-1138.3,44,0.12298
-1153.2,44,0.12266
-1168.3,44,0.12232
-1183.6,44,0.12199
-1199.2,44,0.12165
-1215,44,0.12131
-1231.1,44,0.12097
-1247.4,44,0.12062
-1264,44,0.12027
-1280.9,44,0.11992
-1298,44,0.11956
-1315.3,44,0.1192
-1333,44,0.11883
-1350.9,44,0.11847
-1369.1,44,0.1181
-1387.6,44,0.11772
-1406.4,44,0.11735
-1425.5,44,0.11697
-1444.9,44,0.11658
-1464.6,44,0.1162
-1484.6,44,0.11581
-1505,44,0.11541
-1525.7,44,0.11501
-1546.7,44,0.11461
-1568,44,0.11421
-1589.7,44,0.1138
-1611.8,44,0.11339
-1634.2,44,0.11297
-1657,44,0.11255
-1680.1,44,0.11213
-1703.6,44,0.1117
-1727.6,44,0.11127
-1751.9,44,0.11083
-1776.6,44,0.1104
-1801.7,44,0.10995
-1827.3,44,0.10951
-1853.2,44,0.10906
-1879.7,44,0.1086
-1906.5,44,0.10814
-1933.8,44,0.10768
-1961.5,44,0.10721
-1989.8,44,0.10674
-2018.4,44,0.10627
-2047.6,44,0.10579
-2077.3,44,0.1053
-2107.4,44,0.10482
-2138.1,44,0.10432
-2169.3,44,0.10383
-2201,44,0.10333
-2233.2,44,0.10282
-2266,44,0.10231
-2299.4,44,0.1018
-2333.3,44,0.10128
-2367.8,44,0.10076
-2402.8,44,0.10023
-2438.5,44,0.099695
-2474.8,44,0.099158
-2511.6,44,0.098617
-2549.1,44,0.098071
-2587.3,44,0.09752
-2626,44,0.096964
-2665.5,44,0.096404
-2705.6,44,0.095839
-2746.3,44,0.095268
-2787.8,44,0.094694
-2829.9,44,0.094114
-2872.8,44,0.093529
-2916.3,44,0.092939
-2960.6,44,0.092344
-3005.6,44,0.091744
-3051.4,44,0.091139
-3097.9,44,0.090529
-3145.2,44,0.089914
-3193.2,44,0.089294
-3242.1,44,0.088668
-3291.7,44,0.088037
-3342.1,44,0.087401
-3393.4,44,0.08676
-3445.4,44,0.086113
-3498.3,44,0.08546
-3552,44,0.084803
-3606.5,44,0.08414
-3661.9,44,0.083471
-3718.2,44,0.082797
-3775.3,44,0.082117
-3833.3,44,0.081432
-3892.2,44,0.080741
-3951.9,44,0.080044
-4012.5,44,0.079342
-4074,44,0.078633
-4136.4,44,0.07792
-4199.7,44,0.0772
-4263.9,44,0.076474
-4329,44,0.075743
-4394.9,44,0.075005
-4461.8,44,0.074262
-4529.6,44,0.073513
-4598.3,44,0.072758
-4667.8,44,0.071996
-4738.3,44,0.071229
-4809.7,44,0.070455
-4881.9,44,0.069675
-4955,44,0.068889
-5029.1,44,0.068097
-5103.9,44,0.067299
-5179.7,44,0.066494
-5256.3,44,0.065683
-5333.8,44,0.064865
-5412.1,44,0.064042
-5491.3,44,0.063211
-5571.2,44,0.062375
-5652.1,44,0.061531
-5733.7,44,0.060682
-5816.2,44,0.059825
-5899.4,44,0.058962
-5983.5,44,0.058093
-6068.3,44,0.057216
-6153.9,44,0.056333
-6240.3,44,0.055444
-6327.4,44,0.054547
-6415.4,44,0.053644
-6504,44,0.052734
-6593.4,44,0.051817
-6683.6,44,0.050893
-6774.5,44,0.049963
-6866.1,44,0.049025
-6958.5,44,0.04808
-7051.6,44,0.047129
-7145.5,44,0.04617
-7240,44,0.045204
-7335.3,44,0.044231
-7431.2,44,0.043251
-7527.9,44,0.042264
-7625.2,44,0.041269
-7723.2,44,0.040268
-7821.8,44,0.039259
-7921,44,0.038243
-8020.7,44,0.037219
-8120.9,44,0.036189
-8221.4,44,0.03515
-8322.1,44,0.034105
-8423,44,0.033052
-8523.7,44,0.031992
-8624.1,44,0.030924
-8704.7,44,0.029848
-8776.6,44,0.028765
-8777.3,44,0.027675
-8740.4,44,0.026577
-8669.1,44,0.025472
-8561.9,44,0.024359
-8444.6,44,0.023238
-8310.3,44,0.022109
-8166.8,44,0.020973
-8013.5,44,0.019829
-7850.1,44,0.018678
-7675.8,44,0.017519
-7490.2,44,0.016352
-7292.8,44,0.015177
-7082.8,44,0.013994
-6859.8,44,0.012804
-6623.2,44,0.011606
-6372.3,44,0.0104
-6106.5,44,0.0091858
-5825.1,44,0.007964
-5527.6,44,0.0067343
-5213.1,44,0.0054967
-4880.9,44,0.0042512
-4530.4,44,0.0029977
-4160.8,44,0.0017363
-3771.2,44,0.00046695
-3360.9,44,-0.00081038
-2929,44,-0.0020957
-2474.6,44,-0.003389
-1996.7,44,-0.0046903
-1494.6,44,-0.0059997
-967.12,44,-0.007317
-413.31,44,-0.0086424
167.88,44,-0.0099758
777.56,44,-0.011317
1416.9,44,-0.012667
2086.9,44,-0.014024
2789,44,-0.01539
3524.4,44,-0.016764
4022.8,44,-0.018145
2790.7,44,-0.019535
1754.7,44,-0.020933
887.14,44,-0.022339
145.07,44,-0.023753
-496.93,44,-0.025175
-1056.2,44,-0.026605
-1546.1,44,-0.028043
-1977.4,44,-0.029489
-2358.8,44,-0.030943
-2697.9,44,-0.032406
-3001,44,-0.033876
-3273.2,44,-0.035354
-3518.8,44,-0.036841
-3741.6,44,-0.038335
-3944.6,44,-0.039837
-4130.2,44,-0.041348
-4300.5,44,-0.042866
-4457.5,44,-0.044392
-4602.5,44,-0.045926
-4736.9,44,-0.047468
-4861.7,44,-0.049018
-4977.8,44,-0.050576
-5086.2,44,-0.052142
-5187.5,44,-0.053716
-5282.2,44,-0.055297
-5371,44,-0.056886
-5454.3,44,-0.058483
-5532.4,44,-0.060088
-5605.9,44,-0.061701
-5675,44,-0.063321
-5740,44,-0.064949
-5801.1,44,-0.066585
-5858.7,44,-0.068228
-5912.9,44,-0.069879
-5963.9,44,-0.071538
-6011.8,44,-0.073204
-6057,44,-0.074877
-6099.5,44,-0.076558
-6139.4,44,-0.078247
-6176.9,44,-0.079943
-6212.1,44,-0.081646
-6245.1,44,-0.083357
-6276,44,-0.085075
-6304.9,44,-0.0868
-6331.9,44,-0.088532
-6357,44,-0.090272
-6380.5,44,-0.092019
-6402.2,44,-0.093773
-6422.3,44,-0.095534
-6440.9,44,-0.097301
-6458,44,-0.099076
-6473.6,44,-0.10086
-6487.9,44,-0.10265
-6500.8,44,-0.10444
-6512.5,44,-0.10624
-6523,44,-0.10805
-6532.2,44,-0.10987
-6540.3,44,-0.11169
-6547.3,44,-0.11352
-6553.3,44,-0.11535
-6558.2,44,-0.1172
-6562.1,44,-0.11904
-6565,44,-0.1209
-6567,44,-0.12276
-6568.1,44,-0.12463
-6568.3,44,-0.1265
-6567.7,44,-0.12838
-6566.3,44,-0.13026
-6564.1,44,-0.13215
-6561.1,44,-0.13405
-6557.3,44,-0.13595
-6552.9,44,-0.13786
-6547.7,44,-0.13977
-6541.8,44,-0.14169
-6535.3,44,-0.14362
-6528.2,44,-0.14555
-6520.4,44,-0.14749
-6512.1,44,-0.14943
-6503.1,44,-0.15137
-6493.6,44,-0.15332
-6483.6,44,-0.15528
-6473,44,-0.15724
-6461.9,44,-0.15921
-6450.2,44,-0.16118
-6438.1,44,-0.16316
-6425.6,44,-0.16514
-6412.5,44,-0.16712
-6399.1,44,-0.16911
-6385.2,44,-0.1711
-6370.8,44,-0.1731
-6356.1,44,-0.17511
-6341,44,-0.17711
-6325.4,44,-0.17912
-6309.6,44,-0.18114
-6293.3,44,-0.18316
-6276.7,44,-0.18518
-6259.8,44,-0.18721
-6242.5,44,-0.18923
-6224.9,44,-0.19127
-6207,44,-0.1933
-6188.9,44,-0.19534
-6170.4,44,-0.19739
-6151.6,44,-0.19943
-6132.6,44,-0.20148
-6113.3,44,-0.20354
-6093.7,44,-0.20559
-6073.9,44,-0.20765
-6053.9,44,-0.20971
-6033.6,44,-0.21177
-6013.1,44,-0.21384
-5992.4,44,-0.21591
-5971.5,44,-0.21798
-5950.4,44,-0.22005
-5929,44,-0.22213
-5907.5,44,-0.2242
-5885.9,44,-0.22628
-5864,44,-0.22836
-5842,44,-0.23044
-5819.8,44,-0.23253
-5797.5,44,-0.23461
-5775,44,-0.2367
-5752.4,44,-0.23878
-5729.6,44,-0.24087
-5706.7,44,-0.24296
-5683.7,44,-0.24505
-5660.6,44,-0.24714
-5637.3,44,-0.24924
-5613.9,44,-0.25133
-5590.5,44,-0.25342
-5566.9,44,-0.25552
-5543.3,44,-0.25761
-5519.5,44,-0.25971
-5495.7,44,-0.2618
-5471.8,44,-0.26389
-5447.8,44,-0.26599
-5423.8,44,-0.26808
-5399.7,44,-0.27018
-5375.5,44,-0.27227
-5351.2,44,-0.27436
-5327,44,-0.27645
-5302.6,44,-0.27855
-5278.2,44,-0.28064
-5253.8,44,-0.28273
-5229.4,44,-0.28481
-5204.9,44,-0.2869
-5180.3,44,-0.28899
-5155.8,44,-0.29107
-5131.2,44,-0.29316
-5106.6,44,-0.29524
-5082,44,-0.29732
-5057.4,44,-0.2994
-5032.7,44,-0.30147
-5008.1,44,-0.30355
-4983.5,44,-0.30562
-4958.8,44,-0.30769
-4934.1,44,-0.30976
-4909.5,44,-0.31182
-4884.8,44,-0.31389
-4860.2,44,-0.31595
-4835.6,44,-0.31801
-4811,44,-0.32006
-4786.4,44,-0.32211
-4761.8,44,-0.32416
-4737.2,44,-0.32621
-4712.7,44,-0.32825
-4688.2,44,-0.33029
-4663.7,44,-0.33233
-4639.2,44,-0.33436
-4614.8,44,-0.33639
-4590.4,44,-0.33842
-4566,44,-0.34044
-4541.6,44,-0.34246
-4517.3,44,-0.34448
-4493.1,44,-0.34649
-4468.9,44,-0.34849
-4444.7,44,-0.3505
-4420.5,44,-0.35249
-4396.4,44,-0.35449
-4372.4,44,-0.35648
-4348.4,44,-0.35846
-4324.4,44,-0.36044
-4300.5,44,-0.36242
-4276.7,44,-0.36439
-4252.9,44,-0.36636
-4229.1,44,-0.36832
-4205.4,44,-0.37027
-4181.8,44,-0.37223
-4158.2,44,-0.37417
-4134.7,44,-0.37611
-4111.2,44,-0.37805
-4087.8,44,-0.37998
-4064.5,44,-0.3819
-4041.2,44,-0.38382
-4018,44,-0.38574
-3994.8,44,-0.38765
-3971.7,44,-0.38955
-3948.7,44,-0.39145
-3925.7,44,-0.39334
-3902.8,44,-0.39522
-3880,44,-0.3971
-3857.3,44,-0.39897
-3834.6,44,-0.40084
-3812,44,-0.4027
-3789.4,44,-0.40455
-3766.9,44,-0.4064
-3744.5,44,-0.40824
-3722.2,44,-0.41008
-3700,44,-0.41191
-3677.8,44,-0.41373
-3655.7,44,-0.41555
-3633.7,44,-0.41735
-3611.7,44,-0.41916
-3589.8,44,-0.42095
-3568,44,-0.42274
-3546.3,44,-0.42452
-3524.7,44,-0.4263
-3503.1,44,-0.42807
-3481.7,44,-0.42983
-3460.3,44,-0.43158
-3439,44,-0.43333
-3417.8,44,-0.43507
-3396.6,44,-0.4368
-3375.6,44,-0.43852
-3354.6,44,-0.44024
-3333.7,44,-0.44195
-3312.9,44,-0.44366
-3292.2,44,-0.44535
-3271.6,44,-0.44704
-3251,44,-0.44872
-3230.6,44,-0.4504
-3210.2,44,-0.45206
-3189.9,44,-0.45372
-3169.8,44,-0.45537
-3149.7,44,-0.45701
-3129.7,44,-0.45865
-3109.8,44,-0.46028
-3090,44,-0.4619
-3070.2,44,-0.46351
-3050.6,44,-0.46512
-3031.1,44,-0.46671
-3011.6,44,-0.4683
-2992.3,44,-0.46988
-2973,44,-0.47146
-2953.9,44,-0.47302
-2934.8,44,-0.47458
-2915.9,44,-0.47613
-2897,44,-0.47767
-2878.2,44,-0.47921
-2859.6,44,-0.48073
-2841,44,-0.48225
-2822.5,44,-0.48376
-2804.2,44,-0.48526
-2785.9,44,-0.48676
-2767.7,44,-0.48824
-2749.6,44,-0.48972
-2731.7,44,-0.49119
-2713.8,44,-0.49266
-2696,44,-0.49411
-2678.4,44,-0.49556
-2660.8,44,-0.49699
-2643.3,44,-0.49842
-2626,44,-0.49985
-2608.7,44,-0.50126
-2591.5,44,-0.50267
-2574.5,44,-0.50406
-2557.5,44,-0.50545
-2540.7,44,-0.50684
-2523.9,44,-0.50821
-2507.3,44,-0.50957
-2490.8,44,-0.51093
-2474.3,44,-0.51228
-2458,44,-0.51362
-2441.8,44,-0.51496
-2425.7,44,-0.51628
-2409.7,44,-0.5176
-2393.7,44,-0.51891
-2377.9,44,-0.52021
-2362.2,44,-0.5215
-2346.6,44,-0.52279
-2331.1,44,-0.52407
-2315.8,44,-0.52534
-2300.5,44,-0.5266
-2285.3,44,-0.52785
-2270.2,44,-0.5291
-2255.3,44,-0.53033
-2240.4,44,-0.53156
-2225.7,44,-0.53278
-2211,44,-0.534
-2196.5,44,-0.5352
-2182,44,-0.5364
-2167.7,44,-0.53759
-2153.4,44,-0.53878
-2139.3,44,-0.53995
-2125.3,44,-0.54112
-2111.4,44,-0.54228
-2097.5,44,-0.54343
-2083.8,44,-0.54457
-2070.2,44,-0.54571
-2056.7,44,-0.54684
-2043.3,44,-0.54796
-2030,44,-0.54907
-2016.8,44,-0.55018
-2003.7,44,-0.55127
-1990.7,44,-0.55236
-1977.8,44,-0.55345
-1965,44,-0.55452
-1952.3,44,-0.55559
-1939.8,44,-0.55665
-1927.3,44,-0.5577
-1914.9,44,-0.55875
-1902.6,44,-0.55979
-1890.4,44,-0.56082
-1878.3,44,-0.56184
-1866.4,44,-0.56286
-1854.5,44,-0.56387
-1842.7,44,-0.56487
-1831,44,-0.56586
-1819.4,44,-0.56685
-1807.9,44,-0.56783
-1796.5,44,-0.5688
-1785.2,44,-0.56977
-1774,44,-0.57073
-1762.9,44,-0.57168
-1751.9,44,-0.57262
-1741,44,-0.57356
-1730.2,44,-0.57449
-1719.5,44,-0.57542
-1708.9,44,-0.57633
-1698.3,44,-0.57724
-1687.9,44,-0.57815
-1677.6,44,-0.57904
-1667.3,44,-0.57993
-1657.2,44,-0.58082
-1647.1,44,-0.58169
-1637.1,44,-0.58256
-1627.3,44,-0.58342
-1617.5,44,-0.58428
-1607.8,44,-0.58513
-1598.2,44,-0.58597
-1588.7,44,-0.58681
-1579.3,44,-0.58764
-1569.9,44,-0.58846
-1560.7,44,-0.58928
-1551.5,44,-0.59009
-1542.5,44,-0.5909
-1533.5,44,-0.5917
-1524.6,44,-0.59249
-1515.8,44,-0.59327
-1507.1,44,-0.59405
-1498.5,44,-0.59483
-1490,44,-0.59559
-1481.5,44,-0.59636
-1473.2,44,-0.59711
-1464.9,44,-0.59786
-1456.7,44,-0.5986
-1448.6,44,-0.59934
-1440.6,44,-0.60007
-1432.6,44,-0.6008
-1424.8,44,-0.60152
-1417,44,-0.60223
-1409.3,44,-0.60294
-1401.7,44,-0.60364
-1394.2,44,-0.60434
-1386.8,44,-0.60503
-1379.4,44,-0.60572
-1372.2,44,-0.6064
-1365,44,-0.60707
-1357.9,44,-0.60774
-1350.8,44,-0.6084
-1343.9,44,-0.60906
-1337,44,-0.60971
-1330.2,44,-0.61036
-1323.5,44,-0.611
-1316.9,44,-0.61164
-1310.3,44,-0.61227
-1303.9,44,-0.61289
-1297.5,44,-0.61351
-1291.1,44,-0.61413
-1284.9,44,-0.61474
-1278.7,44,-0.61534
-1272.7,44,-0.61594
-1266.6,44,-0.61654
-1260.7,44,-0.61713
-1254.9,44,-0.61771
-1249.1,44,-0.61829
-1243.4,44,-0.61887
-1237.7,44,-0.61944
-1232.2,44,-0.62
-1226.7,44,-0.62056
-1221.3,44,-0.62112
-1216,44,-0.62167
-1210.7,44,-0.62222
-1205.5,44,-0.62276
-1200.4,44,-0.62329
-1195.4,44,-0.62383
-1190.4,44,-0.62435
-1185.5,44,-0.62488
-1180.7,44,-0.6254
-1176,44,-0.62591
-1171.3,44,-0.62642
-1166.7,44,-0.62692
-1162.2,44,-0.62743
-1157.7,44,-0.62792
-1153.3,44,-0.62841
-1149,44,-0.6289
-1144.8,44,-0.62939
-1140.6,44,-0.62987
-1136.5,44,-0.63034
-1132.5,44,-0.63081
-1128.6,44,-0.63128
-1124.7,44,-0.63174
-1120.9,44,-0.6322
-1117.2,44,-0.63265
-1113.5,44,-0.63311
-1109.9,44,-0.63355
-1106.4,44,-0.63399
-1103,44,-0.63443
-1099.6,44,-0.63487
-1096.3,44,-0.6353
-1093,44,-0.63573
-1089.9,44,-0.63615
-1086.8,44,-0.63657
-1083.8,44,-0.63699
-1080.9,44,-0.6374
-1078,44,-0.63781
-1075.2,44,-0.63821
-1072.5,44,-0.63861
-1069.9,44,-0.63901
-1067.3,44,-0.63941
-1064.8,44,-0.6398
-1062.4,44,-0.64018
-1060,44,-0.64057
-1057.8,44,-0.64095
-1055.6,44,-0.64132
-1053.5,44,-0.6417
-1051.4,44,-0.64207
-1049.5,44,-0.64243
-1047.6,44,-0.6428
-1045.8,44,-0.64316
-1044.1,44,-0.64351
-1042.5,44,-0.64387
-1040.9,44,-0.64422
-1039.5,44,-0.64456
-1038.1,44,-0.64491
-1036.8,44,-0.64525
-1035.6,44,-0.64559
-1034.4,44,-0.64592
-1033.4,44,-0.64625
-1032.5,44,-0.64658
-1031.6,44,-0.64691
-1030.9,44,-0.64723
-1030.2,44,-0.64755
-1029.6,44,-0.64787
-1029.2,44,-0.64818
-1028.8,44,-0.64849
-1028.5,44,-0.6488
-1028.4,44,-0.64911
-1028.3,44,-0.64941
-1028.3,44,-0.64971
-1028.5,44,-0.65
-1028.8,44,-0.6503
-1029.2,44,-0.65059
-1029.7,44,-0.65088
-1030.3,44,-0.65116
-1031,44,-0.65145
-1031.9,44,-0.65173
-1032.9,44,-0.65201
-1034.1,44,-0.65228
-1035.4,44,-0.65256
-1036.8,44,-0.65283
-1038.4,44,-0.65309
-1040.1,44,-0.65336
-1042,44,-0.65362
-1044,44,-0.65388
-1046.2,44,-0.65414
-1048.6,44,-0.6544
-1051.1,44,-0.65465
-1053.9,44,-0.6549
-1056.8,44,-0.65515
-1059.9,44,-0.6554
-1063.3,44,-0.65564
-1066.8,44,-0.65588
-1070.6,44,-0.65612
-1074.6,44,-0.65636
-1078.8,44,-0.65659
-1083.3,44,-0.65683
-1088.1,44,-0.65706
-1093.1,44,-0.65729
-1098.4,44,-0.65751
-1104,44,-0.65774
-1110,44,-0.65796
-1116.2,44,-0.65818
-1122.8,44,-0.6584
-1129.7,44,-0.65861
-1137.1,44,-0.65883
-1144.8,44,-0.65904
-1152.9,44,-0.65925
-1161.5,44,-0.65946
-1170.5,44,-0.65966
-1180,44,-0.65987
-1190,44,-0.66007
-1200.6,44,-0.66027
-1211.7,44,-0.66047
-1224.1,44,-0.66066
-1249.3,44,-0.66086
-1282.4,44,-0.66105
-1317.6,44,-0.66124
-1355,44,-0.66143
-1394.6,44,-0.66162
-1436.6,44,-0.6618
-1481,44,-0.66199
-1527.9,44,-0.66217
-1577.6,44,-0.66235
-1629.9,44,-0.66253
-1685.2,44,-0.6627
-1743.6,44,-0.66288
-1805.1,44,-0.66305
-1870,44,-0.66322
-1938.4,44,-0.66339
-2010.5,44,-0.66356
-2086.6,44,-0.66373
-2166.8,44,-0.66389
-2251.3,44,-0.66406
-2340.4,44,-0.66422
-2434.4,44,-0.66438
-2533.5,44,-0.66454
-2637.9,44,-0.6647
-2748,44,-0.66485
-2864.1,44,-0.66501
-2986.5,44,-0.66516
-3115.4,44,-0.66531
-3251.1,44,-0.66546
-3394.1,44,-0.66561
-3544.5,44,-0.66576
-3702.6,44,-0.6659
-3868.8,44,-0.66605
-4043.1,44,-0.66619
-4225.8,44,-0.66633
-4416.9,44,-0.66647
-4616.5,44,-0.66661
-4824.6,44,-0.66675
-5040.8,44,-0.66689
-5264.9,44,-0.66702
-5496.3,44,-0.66715
-5734.5,44,-0.66729
-5978.5,44,-0.66742
-6227.3,44,-0.66755
-6479.6,44,-0.66768
-6734,44,-0.6678
-6988.7,44,-0.66793
-7242,44,-0.66806
-7492.1,44,-0.66818
-7737.1,44,-0.6683
-7975.2,44,-0.66842
-8199,44,-0.66854
-8350.8,44,-0.66866
-8456.1,44,-0.66878
-8516.5,44,-0.6689
-8528.9,44,-0.66901
-8492.1,44,-0.66913
-8406.8,44,-0.66924
-8275.7,44,-0.66935
-8103.6,44,-0.66946
-7896.5,44,-0.66957
-7661.4,44,-0.66968
-7405.5,44,-0.66979
-7135.9,44,-0.6699
-6858.9,44,-0.67
-6580,44,-0.67011
-6303.6,44,-0.67021
-6033.2,44,-0.67031
-5771.2,44,-0.67042
-5519.4,44,-0.67052
-5278.8,44,-0.67062
-5049.8,44,-0.67072
-4832.6,44,-0.67081
-4627.1,44,-0.67091
-4432.9,44,-0.67101
-4249.5,44,-0.6711
-4076.4,44,-0.6712
-3912.9,44,-0.67129
-3758.5,44,-0.67138
-3612.6,44,-0.67147
-3474.6,44,-0.67156
-3343.8,44,-0.67165
-3220,44,-0.67174
-3102.4,44,-0.67183
-2990.8,44,-0.67192
-2884.6,44,-0.672
-2783.5,44,-0.67209
-2687.2,44,-0.67217
-2595.3,44,-0.67226
-2507.6,44,-0.67234
-2423.6,44,-0.67242
-2343.3,44,-0.6725
-2266.4,44,-0.67259
-2192.7,44,-0.67266
-2121.9,44,-0.67274
-2053.9,44,-0.67282
-1988.6,44,-0.6729
-1925.7,44,-0.67298
-1865.2,44,-0.67305
-1806.8,44,-0.67313
-1750.6,44,-0.6732
-1696.3,44,-0.67328
-1644,44,-0.67335
-1593.4,44,-0.67342
-1544.4,44,-0.67349
-1497.1,44,-0.67356
-1451.3,44,-0.67363
-1407,44,-0.6737
-1364,44,-0.67377
-1322.4,44,-0.67384
-1282,44,-0.67391
-1242.9,44,-0.67397
-1204.9,44,-0.67404
-1168,44,-0.67411
-1132.1,44,-0.67417
-1097.3,44,-0.67424
-1063.5,44,-0.6743
-1030.5,44,-0.67436
-998.52,44,-0.67442
-967.36,44,-0.67449
-937.02,44,-0.67455
-907.49,44,-0.67461
-878.72,44,-0.67467
-850.7,44,-0.67473
-823.38,44,-0.67479
-796.76,44,-0.67484
-770.8,44,-0.6749
-745.48,44,-0.67496
-720.78,44,-0.67502
-696.67,44,-0.67507
-673.15,44,-0.67513
-650.18,44,-0.67518
-627.76,44,-0.67524
-605.86,44,-0.67529
-584.47,44,-0.67534
-563.57,44,-0.6754
-543.15,44,-0.67545
-523.19,44,-0.6755
-503.68,44,-0.67555
-484.6,44,-0.6756
-465.95,44,-0.67565
-447.71,44,-0.6757
-429.86,44,-0.67575
-412.41,44,-0.6758
-395.33,44,-0.67585
-378.61,44,-0.6759
-362.25,44,-0.67594
-346.24,44,-0.67599
-330.57,44,-0.67604
-315.22,44,-0.67608
-300.2,44,-0.67613
-285.48,44,-0.67617
-271.07,44,-0.67622
-256.96,44,-0.67626
-243.13,44,-0.67631
-229.59,44,-0.67635
-216.32,44,-0.67639
-203.32,44,-0.67643
-190.57,44,-0.67648
-178.09,44,-0.67652
-165.85,44,-0.67656
-153.86,44,-0.6766
-142.1,44,-0.67664
-130.58,44,-0.67668
-119.29,44,-0.67672
-108.21,44,-0.67676
-97.355,44,-0.6768
-86.71,44,-0.67684
-76.274,44,-0.67687
-66.04,44,-0.67691
-56.005,44,-0.67695
-46.165,44,-0.67699
-36.515,44,-0.67702
-27.052,44,-0.67706
-17.772,44,-0.67709
-8.6709,44,-0.67713
0.25503,44,-0.67717
9.0091,44,-0.6772
17.595,44,-0.67723
26.015,44,-0.67727
34.274,44,-0.6773
42.374,44,-0.67734
50.318,44,-0.67737
58.109,44,-0.6774
65.751,44,-0.67743
73.246,44,-0.67747
80.596,44,-0.6775
87.805,44,-0.67753
94.875,44,-0.67756
101.81,44,-0.67759
108.61,44,-0.67762
115.28,44,-0.67765
121.81,44,-0.67768
128.23,44,-0.67771
134.51,44,-0.67774
140.68,44,-0.67777
146.72,44,-0.6778
152.65,44,-0.67783
158.46,44,-0.67786
164.15,44,-0.67788
169.74,44,-0.67791
175.21,44,-0.67794
180.57,44,-0.67797
185.83,44,-0.67799
190.98,44,-0.67802
196.03,44,-0.67805
200.98,44,-0.67807
205.83,44,-0.6781
210.57,44,-0.67812
215.23,44,-0.67815
219.78,44,-0.67817
224.25,44,-0.6782
228.62,44,-0.67822
232.9,44,-0.67825
237.09,44,-0.67827
241.2,44,-0.6783
245.22,44,-0.67832
249.15,44,-0.67834
253,44,-0.67837
256.77,44,-0.67839
260.46,44,-0.67841
264.06,44,-0.67843
267.59,44,-0.67846
271.05,44,-0.67848
274.42,44,-0.6785
277.72,44,-0.67852
280.95,44,-0.67854
284.11,44,-0.67857
287.19,44,-0.67859
290.21,44,-0.67861
293.15,44,-0.67863
296.03,44,-0.67865
298.84,44,-0.67867
301.59,44,-0.67869
304.27,44,-0.67871
306.88,44,-0.67873
309.44,44,-0.67875
311.93,44,-0.67877
314.36,44,-0.67878
316.73,44,-0.6788
319.05,44,-0.67882
321.3,44,-0.67884
323.5,44,-0.67886
325.64,44,-0.67888
327.73,44,-0.67889
329.77,44,-0.67891
331.75,44,-0.67893
333.67,44,-0.67895
335.55,44,-0.67896
337.37,44,-0.67898
339.15,44,-0.679
340.88,44,-0.67902
342.56,44,-0.67903
344.19,44,-0.67905
345.77,44,-0.67906
347.31,44,-0.67908
348.8,44,-0.6791
350.25,44,-0.67911
351.65,44,-0.67913
353.02,44,-0.67914
354.34,44,-0.67916
355.61,44,-0.67917
356.85,44,-0.67919
358.05,44,-0.6792
359.21,44,-0.67922
360.32,44,-0.67923
361.4,44,-0.67925
362.45,44,-0.67926
363.45,44,-0.67927
364.42,44,-0.67929
365.36,44,-0.6793
366.26,44,-0.67932
367.12,44,-0.67933
367.95,44,-0.67934
368.75,44,-0.67936
369.52,44,-0.67937
370.25,44,-0.67938
370.95,44,-0.6794
371.62,44,-0.67941
372.26,44,-0.67942
372.87,44,-0.67943
373.45,44,-0.67945
374.01,44,-0.67946
374.53,44,-0.67947
375.02,44,-0.67948
375.49,44,-0.67949
375.93,44,-0.67951
376.35,44,-0.67952
376.74,44,-0.67953
377.1,44,-0.67954
377.44,44,-0.67955
377.75,44,-0.67956
378.04,44,-0.67957
378.31,44,-0.67958
378.55,44,-0.6796
378.77,44,-0.67961
378.97,44,-0.67962
379.14,44,-0.67963
379.29,44,-0.67964
379.42,44,-0.67965
379.53,44,-0.67966
379.62,44,-0.67967
379.69,44,-0.67968
379.74,44,-0.67969
379.77,44,-0.6797
379.78,44,-0.67971
379.77,44,-0.67972
379.75,44,-0.67973
379.7,44,-0.67974
379.64,44,-0.67975
379.56,44,-0.67976
379.46,44,-0.67976
379.34,44,-0.67977
379.21,44,-0.67978
379.06,44,-0.67979
378.9,44,-0.6798
378.72,44,-0.67981
378.52,44,-0.67982
378.31,44,-0.67983
378.09,44,-0.67983
377.85,44,-0.67984
377.59,44,-0.67985
377.32,44,-0.67986
377.04,44,-0.67987
376.74,44,-0.67988
376.43,44,-0.67988
376.11,44,-0.67989
375.77,44,-0.6799
375.42,44,-0.67991
375.06,44,-0.67992
374.68,44,-0.67992
374.29,44,-0.67993
373.9,44,-0.67994
373.49,44,-0.67995
373.06,44,-0.67995
372.63,44,-0.67996
372.19,44,-0.67997
371.73,44,-0.67997
371.26,44,-0.67998
370.79,44,-0.67999
370.3,44,-0.67999
369.8,44,-0.68
369.3,44,-0.68001
368.78,44,-0.68001
368.25,44,-0.68002
367.72,44,-0.68003
367.17,44,-0.68003
366.62,44,-0.68004
366.05,44,-0.68005
365.48,44,-0.68005
364.9,44,-0.68006
364.31,44,-0.68007
363.71,44,-0.68007
363.11,44,-0.68008
362.49,44,-0.68008
361.87,44,-0.68009
361.24,44,-0.6801
360.61,44,-0.6801
359.96,44,-0.68011
359.31,44,-0.68011
358.65,44,-0.68012
357.98,44,-0.68012
357.31,44,-0.68013
356.63,44,-0.68014
355.94,44,-0.68014
355.25,44,-0.68015
354.55,44,-0.68015
353.84,44,-0.68016
353.13,44,-0.68016
352.41,44,-0.68017
351.69,44,-0.68017
350.96,44,-0.68018
350.22,44,-0.68018
349.48,44,-0.68019
348.73,44,-0.68019
347.98,44,-0.6802
347.22,44,-0.6802
346.46,44,-0.68021
345.69,44,-0.68021
344.91,44,-0.68022
344.14,44,-0.68022
343.35,44,-0.68022
342.56,44,-0.68023
341.77,44,-0.68023
340.97,44,-0.68024
340.17,44,-0.68024
339.36,44,-0.68025
338.55,44,-0.68025
337.73,44,-0.68026
336.91,44,-0.68026
336.09,44,-0.68026
335.26,44,-0.68027
334.42,44,-0.68027
333.59,44,-0.68028
332.75,44,-0.68028
331.9,44,-0.68028
331.05,44,-0.68029
330.2,44,-0.68029
329.34,44,-0.6803
328.48,44,-0.6803
327.62,44,-0.6803
326.75,44,-0.68031
325.88,44,-0.68031
325.01,44,-0.68031
324.13,44,-0.68032
323.25,44,-0.68032
322.36,44,-0.68032
321.48,44,-0.68033
320.58,44,-0.68033
319.69,44,-0.68034
318.79,44,-0.68034
317.89,44,-0.68034
316.99,44,-0.68035
316.08,44,-0.68035
315.17,44,-0.68035
314.26,44,-0.68036
313.35,44,-0.68036
312.43,44,-0.68036
311.51,44,-0.68036
310.58,44,-0.68037
309.66,44,-0.68037
308.73,44,-0.68037
307.79,44,-0.68038
306.86,44,-0.68038
305.92,44,-0.68038
304.98,44,-0.68039
304.04,44,-0.68039
303.09,44,-0.68039
302.14,44,-0.68039
301.19,44,-0.6804
300.24,44,-0.6804
299.28,44,-0.6804
298.32,44,-0.68041
297.36,44,-0.68041
296.39,44,-0.68041
295.43,44,-0.68041
294.46,44,-0.68042
293.49,44,-0.68042
292.51,44,-0.68042
291.53,44,-0.68042
290.55,44,-0.68043
289.57,44,-0.68043
288.59,44,-0.68043
287.6,44,-0.68043
286.61,44,-0.68044
285.62,44,-0.68044
284.62,44,-0.68044
283.63,44,-0.68044
282.63,44,-0.68045
281.63,44,-0.68045
280.62,44,-0.68045
279.61,44,-0.68045
278.6,44,-0.68046
277.59,44,-0.68046
276.58,44,-0.68046
275.56,44,-0.68046
274.54,44,-0.68046
273.52,44,-0.68047
272.5,44,-0.68047
271.47,44,-0.68047
270.44,44,-0.68047
269.41,44,-0.68047
268.37,44,-0.68048
267.34,44,-0.68048
266.3,44,-0.68048
265.26,44,-0.68048
264.21,44,-0.68048
263.17,44,-0.68049
262.12,44,-0.68049
261.06,44,-0.68049
260.01,44,-0.68049
258.95,44,-0.68049
257.89,44,-0.6805
256.83,44,-0.6805
255.77,44,-0.6805
254.7,44,-0.6805
253.63,44,-0.6805
252.56,44,-0.6805
251.49,44,-0.68051
250.41,44,-0.68051
249.33,44,-0.68051
248.25,44,-0.68051
247.16,44,-0.68051
246.08,44,-0.68051
244.99,44,-0.68052
243.9,44,-0.68052
242.8,44,-0.68052
241.7,44,-0.68052
240.6,44,-0.68052
239.5,44,-0.68052
238.4,44,-0.68053
237.29,44,-0.68053
236.18,44,-0.68053
235.06,44,-0.68053
233.95,44,-0.68053
232.83,44,-0.68053
231.71,44,-0.68053
230.59,44,-0.68054
229.46,44,-0.68054
228.33,44,-0.68054
227.2,44,-0.68054
226.06,44,-0.68054
224.93,44,-0.68054
223.79,44,-0.68054
222.65,44,-0.68055
221.5,44,-0.68055
220.35,44,-0.68055
219.2,44,-0.68055
218.05,44,-0.68055
216.9,44,-0.68055
215.74,44,-0.68055
214.58,44,-0.68055
213.41,44,-0.68056
212.25,44,-0.68056
211.08,44,-0.68056
209.91,44,-0.68056
208.73,44,-0.68056
207.56,44,-0.68056
206.38,44,-0.68056
205.19,44,-0.68056
204.01,44,-0.68057
202.82,44,-0.68057
201.63,44,-0.68057
200.44,44,-0.68057
199.24,44,-0.68057
198.04,44,-0.68057
196.84,44,-0.68057
195.64,44,-0.68057
194.43,44,-0.68057
193.22,44,-0.68058
192.01,44,-0.68058
190.79,44,-0.68058
189.58,44,-0.68058
188.36,44,-0.68058
187.13,44,-0.68058
185.91,44,-0.68058
184.68,44,-0.68058
183.45,44,-0.68058
182.21,44,-0.68058
180.98,44,-0.68058
179.74,44,-0.68059
178.5,44,-0.68059
177.25,44,-0.68059
176,44,-0.68059
174.75,44,-0.68059
173.5,44,-0.68059
172.25,44,-0.68059
170.99,44,-0.68059
169.73,44,-0.68059
168.47,44,-0.68059
167.2,44,-0.68059
165.93,44,-0.6806
164.66,44,-0.6806
163.39,44,-0.6806
162.11,44,-0.6806
160.83,44,-0.6806
159.55,44,-0.6806
158.27,44,-0.6806
156.98,44,-0.6806
155.69,44,-0.6806
154.4,44,-0.6806
153.1,44,-0.6806
151.81,44,-0.6806
150.51,44,-0.6806
149.21,44,-0.68061
147.9,44,-0.68061
146.59,44,-0.68061
145.28,44,-0.68061
143.97,44,-0.68061
142.66,44,-0.68061
141.34,44,-0.68061
140.02,44,-0.68061
138.7,44,-0.68061
137.38,44,-0.68061
136.05,44,-0.68061
134.72,44,-0.68061
133.39,44,-0.68061
132.05,44,-0.68061
130.72,44,-0.68062
129.38,44,-0.68062
128.04,44,-0.68062
126.69,44,-0.68062
125.35,44,-0.68062
124,44,-0.68062
122.65,44,-0.68062
121.3,44,-0.68062
119.94,44,-0.68062
118.59,44,-0.68062
117.23,44,-0.68062
115.87,44,-0.68062
114.5,44,-0.68062
113.14,44,-0.68062
111.77,44,-0.68062
110.4,44,-0.68062
109.03,44,-0.68062
107.66,44,-0.68062
106.28,44,-0.68063
104.9,44,-0.68063
103.52,44,-0.68063
102.14,44,-0.68063
100.76,44,-0.68063
99.37,44,-0.68063
97.983,44,-0.68063
96.593,44,-0.68063
95.201,44,-0.68063
93.808,44,-0.68063
92.413,44,-0.68063
91.016,44,-0.68063
89.617,44,-0.68063
88.216,44,-0.68063
86.814,44,-0.68063
85.41,44,-0.68063
84.005,44,-0.68063
82.597,44,-0.68063
81.188,44,-0.68063
79.778,44,-0.68063
78.366,44,-0.68064
76.952,44,-0.68064
75.537,44,-0.68064
74.12,44,-0.68064
72.702,44,-0.68064
71.283,44,-0.68064
69.862,44,-0.68064
68.439,44,-0.68064
67.015,44,-0.68064
65.59,44,-0.68064
64.164,44,-0.68064
62.736,44,-0.68064
61.308,44,-0.68064
59.878,44,-0.68064
58.446,44,-0.68064
57.014,44,-0.68064
55.58,44,-0.68064
54.146,44,-0.68064
52.71,44,-0.68064
51.274,44,-0.68064
49.836,44,-0.68064
48.397,44,-0.68064
46.958,44,-0.68064
45.517,44,-0.68064
44.076,44,-0.68064
42.634,44,-0.68064
41.191,44,-0.68065
39.747,44,-0.68065
38.303,44,-0.68065
36.858,44,-0.68065
35.412,44,-0.68065
33.966,44,-0.68065
32.519,44,-0.68065
31.071,44,-0.68065
29.623,44,-0.68065
28.174,44,-0.68065
26.725,44,-0.68065
25.276,44,-0.68065
23.826,44,-0.68065
22.376,44,-0.68065
20.926,44,-0.68065
19.475,44,-0.68065
18.024,44,-0.68065
16.573,44,-0.68065
15.121,44,-0.68065
13.67,44,-0.68065
12.218,44,-0.68065
10.766,44,-0.68065
9.3147,44,-0.68065
7.863,44,-0.68065
6.4113,44,-0.68065
4.9598,44,-0.68065
3.5084,44,-0.68065
2.0571,44,-0.68065
0.60604,44,-0.68065
-0.84478,44,-0.68065
-2.2953,44,-0.68065
-3.7456,44,-0.68065
-5.1955,44,-0.68065
-6.645,44,-0.68065
-8.094,44,-0.68065
-9.5426,44,-0.68065
-10.991,44,-0.68066
-12.438,44,-0.68066
-13.885,44,-0.68066
-15.332,44,-0.68066
-16.777,44,-0.68066
-18.222,44,-0.68066
-19.667,44,-0.68066
-21.11,44,-0.68066
-22.553,44,-0.68066
-23.994,44,-0.68066
-25.435,44,-0.68066
-26.875,44,-0.68066
-28.314,44,-0.68066
-29.752,44,-0.68066
-31.189,44,-0.68066
-32.625,44,-0.68066
-34.06,44,-0.68066
-35.494,44,-0.68066
-36.926,44,-0.68066
-38.357,44,-0.68066
-39.787,44,-0.68066
-41.215,44,-0.68066
-42.642,44,-0.68066
-44.068,44,-0.68066
-45.492,44,-0.68066
-46.915,44,-0.68066
-48.336,44,-0.68066
-49.756,44,-0.68066
-51.174,44,-0.68066
-52.591,44,-0.68066
-54.005,44,-0.68066
-55.419,44,-0.68066
-56.83,44,-0.68066
-58.239,44,-0.68066
-59.647,44,-0.68066
-61.053,44,-0.68066
-62.456,44,-0.68066
-63.858,44,-0.68066
-65.258,44,-0.68066
-66.656,44,-0.68066
-68.052,44,-0.68066
-69.445,44,-0.68066
-70.837,44,-0.68066
-72.226,44,-0.68066
-73.613,44,-0.68066
-74.998,44,-0.68066
-76.38,44,-0.68066
-77.76,44,-0.68066
-79.138,44,-0.68066
-80.513,44,-0.68066
-81.886,44,-0.68066
-83.257,44,-0.68066
-84.624,44,-0.68066
-85.989,44,-0.68066
-87.352,44,-0.68066
-88.712,44,-0.68066
-90.069,44,-0.68067
-91.423,44,-0.68067
-92.775,44,-0.68067
-94.124,44,-0.68067
-95.47,44,-0.68067
-96.813,44,-0.68067
-98.153,44,-0.68067
-99.491,44,-0.68067
-100.82,44,-0.68067
-102.16,44,-0.68067
-103.48,44,-0.68067
-104.81,44,-0.68067
-106.13,44,-0.68067
-107.45,44,-0.68067
-108.76,44,-0.68067
-110.08,44,-0.68067
-111.39,44,-0.68067
-112.69,44,-0.68067
-113.99,44,-0.68067
-115.29,44,-0.68067
-116.59,44,-0.68067
-117.88,44,-0.68067
-119.17,44,-0.68067
-120.45,44,-0.68067
-121.73,44,-0.68067
-123.01,44,-0.68067
-124.29,44,-0.68067
-125.56,44,-0.68067
-126.82,44,-0.68067
-128.09,44,-0.68067
-129.34,44,-0.68067
-130.6,44,-0.68067
-131.85,44,-0.68067
-133.1,44,-0.68067
-134.34,44,-0.68067
-135.58,44,-0.68067
-136.82,44,-0.68067
-138.05,44,-0.68067
-139.28,44,-0.68067
-140.5,44,-0.68067
-141.72,44,-0.68067
-142.93,44,-0.68067
-144.15,44,-0.68067
-145.35,44,-0.68067
-146.55,44,-0.68067
-147.75,44,-0.68067
-148.95,44,-0.68067
-150.14,44,-0.68067
-151.32,44,-0.68067
-152.5,44,-0.68067
-153.68,44,-0.68067
-154.85,44,-0.68067
-156.02,44,-0.68067
-157.18,44,-0.68067
-158.34,44,-0.68067
-159.49,44,-0.68067
-160.64,44,-0.68067
-161.79,44,-0.68067
-162.93,44,-0.68067
-164.06,44,-0.68067
-165.2,44,-0.68067
-166.32,44,-0.68067
-167.44,44,-0.68067
-168.56,44,-0.68067
-169.67,44,-0.68067
-170.78,44,-0.68067
-171.88,44,-0.68067
-172.98,44,-0.68067
-174.07,44,-0.68067
-175.16,44,-0.68067
-176.24,44,-0.68067
-177.32,44,-0.68067
-178.39,44,-0.68067
-179.46,44,-0.68067
-180.52,44,-0.68067
-181.58,44,-0.68067
-182.63,44,-0.68067
-183.67,44,-0.68067
-184.72,44,-0.68067
-185.75,44,-0.68067
-186.78,44,-0.68067
-187.81,44,-0.68067
-188.83,44,-0.68067
-189.85,44,-0.68067
-190.86,44,-0.68067
-191.86,44,-0.68067
-192.86,44,-0.68067
-193.86,44,-0.68067
-194.85,44,-0.68067
-195.83,44,-0.68067
-196.81,44,-0.68067
-197.78,44,-0.68067
-198.75,44,-0.68067
-199.71,44,-0.68067
-200.67,44,-0.68067
-201.62,44,-0.68067
-202.57,44,-0.68067
-203.51,44,-0.68067
-204.44,44,-0.68067
-205.37,44,-0.68067
-206.29,44,-0.68067
-207.21,44,-0.68067
-208.12,44,-0.68067
-209.03,44,-0.68067
-209.93,44,-0.68067
-210.83,44,-0.68067
-211.72,44,-0.68067
-212.6,44,-0.68067
-213.48,44,-0.68067
-214.35,44,-0.68067
-215.22,44,-0.68067
-216.08,44,-0.68067
-216.94,44,-0.68067
-217.79,44,-0.68067
-218.63,44,-0.68067
-219.47,44,-0.68067
-220.3,44,-0.68067
-221.13,44,-0.68067
-221.95,44,-0.68067
-222.77,44,-0.68067
-223.58,44,-0.68067
-224.38,44,-0.68067
-225.18,44,-0.68067
-225.97,44,-0.68067
-226.76,44,-0.68067
-227.54,44,-0.68067
-228.31,44,-0.68067
-229.08,44,-0.68067
-229.84,44,-0.68067
-230.6,44,-0.68067
-231.35,44,-0.68067
-232.09,44,-0.68067
-232.83,44,-0.68067
-233.57,44,-0.68067
-234.29,44,-0.68067
-235.02,44,-0.68067
-235.73,44,-0.68067
-236.44,44,-0.68068
-237.14,44,-0.68068
-237.84,44,-0.68068
-238.53,44,-0.68068
-239.22,44,-0.68068
-239.9,44,-0.68068
-240.57,44,-0.68068
-241.24,44,-0.68068
-241.9,44,-0.68068
-242.56,44,-0.68068
-243.21,44,-0.68068
-243.85,44,-0.68068
-244.49,44,-0.68068
-245.12,44,-0.68068
-245.75,44,-0.68068
-246.37,44,-0.68068
-246.98,44,-0.68068
-247.59,44,-0.68068
-248.19,44,-0.68068
-248.79,44,-0.68068
-249.38,44,-0.68068
-249.96,44,-0.68068
-250.54,44,-0.68068
-251.12,44,-0.68068
-251.68,44,-0.68068
-252.24,44,-0.68068
-252.8,44,-0.68068
-253.35,44,-0.68068
-253.89,44,-0.68068
-254.43,44,-0.68068
-254.96,44,-0.68068
-255.48,44,-0.68068
-256,44,-0.68068
-256.51,44,-0.68068
-257.02,44,-0.68068
-257.52,44,-0.68068
-258.02,44,-0.68068
-258.51,44,-0.68068
-258.99,44,-0.68068
-259.47,44,-0.68068
-259.94,44,-0.68068
-260.41,44,-0.68068
-260.87,44,-0.68068
-261.32,44,-0.68068
-261.77,44,-0.68068
-262.21,44,-0.68068
-262.65,44,-0.68068
-263.08,44,-0.68068
-263.5,44,-0.68068
-263.92,44,-0.68068
-264.34,44,-0.68068
-264.74,44,-0.68068
-265.15,44,-0.68068
-265.54,44,-0.68068
-265.93,44,-0.68068
-266.32,44,-0.68068
-266.7,44,-0.68068
-267.07,44,-0.68068
-267.44,44,-0.68068
-267.8,44,-0.68068
-268.16,44,-0.68068
-268.51,44,-0.68068
-268.85,44,-0.68068
-269.19,44,-0.68068
-269.52,44,-0.68068
-269.85,44,-0.68068
-270.17,44,-0.68068
-270.49,44,-0.68068
-270.8,44,-0.68068
-271.11,44,-0.68068
-271.41,44,-0.68068
-271.7,44,-0.68068
-271.99,44,-0.68068
-272.28,44,-0.68068
-272.55,44,-0.68068
-272.83,44,-0.68068
-273.09,44,-0.68068
-273.35,44,-0.68068
-273.61,44,-0.68068
-273.86,44,-0.68068
-274.11,44,-0.68068
-274.35,44,-0.68068
-274.58,44,-0.68068
-274.81,44,-0.68068
-275.04,44,-0.68068
-275.25,44,-0.68068
-275.47,44,-0.68068
-275.68,44,-0.68068
-275.88,44,-0.68068
-276.08,44,-0.68068
-276.27,44,-0.68068
-276.46,44,-0.68068
-276.64,44,-0.68068
-276.82,44,-0.68068
-276.99,44,-0.68068
-277.15,44,-0.68068
-277.32,44,-0.68068
-277.47,44,-0.68068
-277.62,44,-0.68068
-277.77,44,-0.68068
-277.91,44,-0.68068
-278.05,44,-0.68068
-278.18,44,-0.68068
-278.31,44,-0.68068
-278.43,44,-0.68068
-278.55,44,-0.68068
-278.66,44,-0.68068
-278.76,44,-0.68068
-278.87,44,-0.68068
-278.96,44,-0.68068
-279.06,44,-0.68068
-279.14,44,-0.68068
-279.23,44,-0.68068
-279.3,44,-0.68068
-279.38,44,-0.68068
-279.45,44,-0.68068
-279.51,44,-0.68068
-279.57,44,-0.68068
-279.62,44,-0.68068
-279.67,44,-0.68068
-279.72,44,-0.68068
-279.76,44,-0.68068
-279.8,44,-0.68068
-279.83,44,-0.68068
-279.86,44,-0.68068
-279.88,44,-0.68068
-279.9,44,-0.68068
-279.91,44,-0.68068
-279.92,44,-0.68068
-279.93,44,-0.68068
-279.93,44,-0.68068
-279.93,44,-0.68068
-279.92,44,-0.68068
-279.91,44,-0.68068
-279.89,44,-0.68068
-279.87,44,-0.68068
-279.85,44,-0.68068
-279.82,44,-0.68068
-279.79,44,-0.68068
-279.75,44,-0.68068
-279.71,44,-0.68068
-279.66,44,-0.68068
-279.62,44,-0.68068
-279.56,44,-0.68068
-279.51,44,-0.68068
-279.44,44,-0.68068
-279.38,44,-0.68068
-279.31,44,-0.68068
-279.24,44,-0.68068
-279.16,44,-0.68068
-279.08,44,-0.68068
-279,44,-0.68068
-278.91,44,-0.68068
-278.82,44,-0.68068
-278.72,44,-0.68068
-278.63,44,-0.68068
-278.52,44,-0.68068
-278.42,44,-0.68068
-278.31,44,-0.68068
-278.19,44,-0.68068
-278.08,44,-0.68068
-277.96,44,-0.68068
-277.83,44,-0.68068
-277.7,44,-0.68068
-277.57,44,-0.68068
-277.44,44,-0.68068
-277.3,44,-0.68068
-277.16,44,-0.68068
-277.02,44,-0.68068
-276.87,44,-0.68068
-276.72,44,-0.68068
-276.56,44,-0.68068
-276.41,44,-0.68068
-276.25,44,-0.68068
-276.08,44,-0.68068
-275.92,44,-0.68068
-275.75,44,-0.68068
-275.57,44,-0.68068
-275.4,44,-0.68068
-275.22,44,-0.68068
-275.03,44,-0.68068
-274.85,44,-0.68068
-274.66,44,-0.68068
-274.47,44,-0.68068
-274.28,44,-0.68068
-274.08,44,-0.68068
-273.88,44,-0.68068
-273.68,44,-0.68068
-273.47,44,-0.68068
-273.27,44,-0.68068
-273.05,44,-0.68068
-272.84,44,-0.68068
-272.63,44,-0.68068
-272.41,44,-0.68068
-272.19,44,-0.68068
-271.96,44,-0.68068
-271.74,44,-0.68068
-271.51,44,-0.68068
-271.28,44,-0.68068
-271.04,44,-0.68068
-270.81,44,-0.68068
-270.57,44,-0.68068
-270.33,44,-0.68068
-270.08,44,-0.68068
-269.84,44,-0.68068
-269.59,44,-0.68068
-269.34,44,-0.68068
-269.09,44,-0.68068
-268.83,44,-0.68068
-268.57,44,-0.68068
-268.32,44,-0.68068
-268.05,44,-0.68068
-267.79,44,-0.68068
-267.53,44,-0.68068
-267.26,44,-0.68068
-266.99,44,-0.68068
-266.72,44,-0.68068
-266.44,44,-0.68068
-266.17,44,-0.68068
-265.89,44,-0.68068
-265.61,44,-0.68068
-265.33,44,-0.68068
-265.05,44,-0.68068
-264.77,44,-0.68068
-264.48,44,-0.68068
-264.19,44,-0.68068
-263.9,44,-0.68068
-263.61,44,-0.68068
-263.32,44,-0.68068
-263.02,44,-0.68068
-262.73,44,-0.68068
-262.43,44,-0.68068
-262.13,44,-0.68068
-261.83,44,-0.68068
-261.53,44,-0.68068
-261.22,44,-0.68068
-260.92,44,-0.68068
-260.61,44,-0.68068
-260.3,44,-0.68068
-259.99,44,-0.68068
-259.68,44,-0.68068
-259.37,44,-0.68068
-259.06,44,-0.68068
-258.74,44,-0.68068
-258.42,44,-0.68068
-258.11,44,-0.68068
-257.79,44,-0.68068
-257.47,44,-0.68068
-257.15,44,-0.68068
-256.83,44,-0.68068
-256.5,44,-0.68068
-256.18,44,-0.68068
-255.86,44,-0.68068
-255.53,44,-0.68068
-255.2,44,-0.68068
-254.88,44,-0.68068
-254.55,44,-0.68068
-254.22,44,-0.68068
-253.89,44,-0.68068
-253.56,44,-0.68068
-253.22,44,-0.68068
-252.89,44,-0.68068
-252.56,44,-0.68068
-252.22,44,-0.68068
-251.89,44,-0.68068
-251.55,44,-0.68068
-251.21,44,-0.68068
-250.88,44,-0.68068
-250.54,44,-0.68068
-250.2,44,-0.68068
-249.86,44,-0.68068
-249.52,44,-0.68068
-249.18,44,-0.68068
-248.84,44,-0.68068
-248.5,44,-0.68068
-248.16,44,-0.68068
-247.82,44,-0.68068
-247.47,44,-0.68068
-247.13,44,-0.68068
-246.79,44,-0.68068
-246.44,44,-0.68068
-246.1,44,-0.68068
-245.75,44,-0.68068
-245.41,44,-0.68068
-245.07,44,-0.68068
-244.72,44,-0.68068
-244.37,44,-0.68068
-244.03,44,-0.68068
-243.68,44,-0.68068
-243.34,44,-0.68068
-242.99,44,-0.68068
-242.65,44,-0.68068
-242.3,44,-0.68068
-241.95,44,-0.68068
-241.61,44,-0.68068
-241.26,44,-0.68068
-240.91,44,-0.68068
-240.57,44,-0.68068
-240.22,44,-0.68068
-239.88,44,-0.68068
-239.53,44,-0.68068
-239.18,44,-0.68068
-238.84,44,-0.68068
-238.49,44,-0.68068
-238.15,44,-0.68068
-237.8,44,-0.68068
-237.46,44,-0.68068
-237.11,44,-0.68068
-236.77,44,-0.68068
-236.42,44,-0.68068
-236.08,44,-0.68068
-235.73,44,-0.68068
-235.39,44,-0.68068
-235.05,44,-0.68068
-234.7,44,-0.68068
-234.36,44,-0.68068
-234.02,44,-0.68068
-233.68,44,-0.68068
-233.34,44,-0.68068
-233,44,-0.68068
-232.66,44,-0.68068
-232.32,44,-0.68068
-231.98,44,-0.68068
-231.64,44,-0.68068
-231.3,44,-0.68068
-230.96,44,-0.68068
-230.62,44,-0.68068
-230.29,44,-0.68068
-229.95,44,-0.68068
-229.62,44,-0.68068
-229.28,44,-0.68068
-228.95,44,-0.68068
-228.61,44,-0.68068
-228.28,44,-0.68068
-227.95,44,-0.68068
-227.62,44,-0.68068
-227.29,44,-0.68068
-226.96,44,-0.68068
-226.63,44,-0.68068
-226.3,44,-0.68068
-225.97,44,-0.68068
-225.64,44,-0.68068
-225.32,44,-0.68068
-224.99,44,-0.68068
-224.67,44,-0.68068
-224.34,44,-0.68068
-224.02,44,-0.68068
-223.7,44,-0.68068
-223.38,44,-0.68068
-223.06,44,-0.68068
-222.74,44,-0.68068
-222.42,44,-0.68068
-222.1,44,-0.68068
-221.79,44,-0.68068
-221.47,44,-0.68068
-221.16,44,-0.68068
-220.84,44,-0.68068
-220.53,44,-0.68068
-220.22,44,-0.68068
-219.91,44,-0.68068
-219.6,44,-0.68068
-219.29,44,-0.68068
-218.99,44,-0.68068
-218.68,44,-0.68068
-218.38,44,-0.68068
-218.07,44,-0.68068
-217.77,44,-0.68068
-217.47,44,-0.68068
-217.17,44,-0.68068
-216.87,44,-0.68068
-216.57,44,-0.68068
-216.27,44,-0.68068
-215.98,44,-0.68068
-215.69,44,-0.68068
-215.39,44,-0.68068
-215.1,44,-0.68068
-214.81,44,-0.68068
-214.52,44,-0.68068
-214.23,44,-0.68068
-213.94,44,-0.68068
-213.66,44,-0.68068
-213.37,44,-0.68068
-213.09,44,-0.68068
-212.81,44,-0.68068
-212.53,44,-0.68068
-212.25,44,-0.68068
-211.97,44,-0.68068
-211.7,44,-0.68068
-211.42,44,-0.68068
-211.15,44,-0.68068
-210.87,44,-0.68068
-210.6,44,-0.68068
-210.33,44,-0.68068
-210.06,44,-0.68068
-209.8,44,-0.68068
-209.53,44,-0.68068
-209.27,44,-0.68068
-209,44,-0.68068
-208.74,44,-0.68068
-208.48,44,-0.68068
-208.22,44,-0.68068
-207.97,44,-0.68068
-207.71,44,-0.68068
-207.46,44,-0.68068
-207.2,44,-0.68068
-206.95,44,-0.68068
-206.7,44,-0.68068
-206.45,44,-0.68068
-206.21,44,-0.68068
-205.96,44,-0.68068
-205.72,44,-0.68068
-205.47,44,-0.68068
-205.23,44,-0.68068
-204.99,44,-0.68068
-204.75,44,-0.68068
-204.52,44,-0.68068
-204.28,44,-0.68068
-204.05,44,-0.68068
-203.82,44,-0.68068
-203.59,44,-0.68068
-203.36,44,-0.68068
-203.13,44,-0.68068
-202.9,44,-0.68068
-202.68,44,-0.68068
-202.45,44,-0.68068
-202.23,44,-0.68068
-202.01,44,-0.68068
-201.79,44,-0.68068
-201.58,44,-0.68068
-201.36,44,-0.68068
-201.15,44,-0.68068
-200.94,44,-0.68068
-200.72,44,-0.68068
-200.52,44,-0.68068
-200.31,44,-0.68068
-200.1,44,-0.68068
-199.9,44,-0.68068
-199.69,44,-0.68068
-199.49,44,-0.68068
-199.29,44,-0.68068
-199.09,44,-0.68068
-198.9,44,-0.68068
-198.7,44,-0.68068
-198.51,44,-0.68068
-198.32,44,-0.68068
-198.13,44,-0.68068
-197.94,44,-0.68068
-197.75,44,-0.68068
-197.56,44,-0.68068
-197.38,44,-0.68068
-197.2,44,-0.68068
-197.02,44,-0.68068
-196.84,44,-0.68068
-196.66,44,-0.68068
-196.48,44,-0.68068
-196.31,44,-0.68068
-196.13,44,-0.68068
-195.96,44,-0.68068
-195.79,44,-0.68068
-195.62,44,-0.68068
-195.46,44,-0.68068
-195.29,44,-0.68068
-195.13,44,-0.68068
-194.96,44,-0.68068
-194.8,44,-0.68068
-194.64,44,-0.68068
-194.49,44,-0.68068
-194.33,44,-0.68068
-194.18,44,-0.68068
-194.02,44,-0.68068
-193.87,44,-0.68068
-193.72,44,-0.68068
-193.57,44,-0.68068
-193.42,44,-0.68068
-193.28,44,-0.68068
-193.14,44,-0.68068
-192.99,44,-0.68068
-192.85,44,-0.68068
-192.71,44,-0.68068
-192.57,44,-0.68068
-192.44,44,-0.68068
-192.3,44,-0.68068
-192.17,44,-0.68068
-192.04,44,-0.68068
-191.91,44,-0.68068
-191.78,44,-0.68068
-191.65,44,-0.68068
-191.52,44,-0.68068
-191.4,44,-0.68068
-191.28,44,-0.68068
-191.16,44,-0.68068
-191.04,44,-0.68068
-190.92,44,-0.68068
-190.8,44,-0.68068
-190.68,44,-0.68068
-190.57,44,-0.68068
-190.46,44,-0.68068
-190.35,44,-0.68068
-190.24,44,-0.68068
-190.13,44,-0.68068
-190.02,44,-0.68068
-189.91,44,-0.68068
-189.81,44,-0.68068
-189.71,44,-0.68068
-189.61,44,-0.68068
-189.51,44,-0.68068
-189.41,44,-0.68068
-189.31,44,-0.68068
-189.21,44,-0.68068
-189.12,44,-0.68068
-189.03,44,-0.68068
-188.93,44,-0.68068
-188.84,44,-0.68068
-188.75,44,-0.68068
-188.67,44,-0.68068
-188.58,44,-0.68068
-188.49,44,-0.68068
-188.41,44,-0.68068
-188.33,44,-0.68068
-188.25,44,-0.68068
-188.17,44,-0.68068
-188.09,44,-0.68068
-188.01,44,-0.68068
-187.93,44,-0.68068
-187.86,44,-0.68068
-187.79,44,-0.68068
-187.71,44,-0.68068
-187.64,44,-0.68068
-187.57,44,-0.68068
-187.5,44,-0.68068
-187.44,44,-0.68068
-187.37,44,-0.68068
-187.31,44,-0.68068
-187.24,44,-0.68068
-187.18,44,-0.68068
-187.12,44,-0.68068
-187.06,44,-0.68068
-187,44,-0.68068
-186.94,44,-0.68068
-186.88,44,-0.68068
-186.83,44,-0.68068
-186.77,44,-0.68068
-186.72,44,-0.68068
-186.67,44,-0.68068
-186.62,44,-0.68068
-186.57,44,-0.68068
-186.52,44,-0.68068
-186.47,44,-0.68068
-186.42,44,-0.68068
-186.38,44,-0.68068
-186.33,44,-0.68068
-186.29,44,-0.68068
-186.25,44,-0.68068
-186.21,44,-0.68068
-186.17,44,-0.68068
-186.13,44,-0.68068
-186.09,44,-0.68068
-186.05,44,-0.68068
-186.02,44,-0.68068
-185.98,44,-0.68068
-185.95,44,-0.68068
-185.91,44,-0.68068
-185.88,44,-0.68068
-185.85,44,-0.68068
-185.82,44,-0.68068
-185.79,44,-0.68068
-185.76,44,-0.68068
-185.73,44,-0.68068
-185.71,44,-0.68068
-185.68,44,-0.68068
-185.66,44,-0.68068
-185.63,44,-0.68068
-185.61,44,-0.68068
-185.59,44,-0.68068
-185.56,44,-0.68068
-185.54,44,-0.68068
-185.52,44,-0.68068
-185.5,44,-0.68068
-185.49,44,-0.68068
-185.47,44,-0.68068
-185.45,44,-0.68068
-185.44,44,-0.68068
-185.42,44,-0.68068
-185.41,44,-0.68068
-185.39,44,-0.68068
-185.38,44,-0.68068
-185.37,44,-0.68068
-185.36,44,-0.68068
-185.35,44,-0.68068
-185.34,44,-0.68068
-185.33,44,-0.68068
-185.32,44,-0.68068
-185.31,44,-0.68068
-185.31,44,-0.68068
-185.3,44,-0.68068
-185.29,44,-0.68068
-185.29,44,-0.68068
-185.28,44,-0.68068
-185.28,44,-0.68068
-185.28,44,-0.68068
-185.27,44,-0.68068
-185.27,44,-0.68068
-185.27,44,-0.68068
-185.27,44,-0.68068
-185.27,44,-0.68068
-185.27,44,-0.68068
-185.27,44,-0.68068
-185.27,44,-0.68068
-185.27,44,-0.68068
-185.28,44,-0.68068
-185.28,44,-0.68068
-185.28,44,-0.68068
-185.29,44,-0.68068
-185.29,44,-0.68068
-185.3,44,-0.68068
-185.3,44,-0.68068
-185.31,44,-0.68068
-185.31,44,-0.68068
-185.32,44,-0.68068
-185.33,44,-0.68068
-185.33,44,-0.68068
-185.34,44,-0.68068
-185.35,44,-0.68068
-185.36,44,-0.68068
-185.37,44,-0.68068
-185.38,44,-0.68068
-185.39,44,-0.68068
-185.4,44,-0.68068
-185.41,44,-0.68068
-185.42,44,-0.68068
-185.43,44,-0.68068
-185.44,44,-0.68068
-185.45,44,-0.68068
-185.46,44,-0.68068
-185.48,44,-0.68068
-185.49,44,-0.68068
-185.5,44,-0.68068
-185.52,44,-0.68068
-185.53,44,-0.68068
-185.54,44,-0.68068
-185.56,44,-0.68068
-185.57,44,-0.68068
-185.58,44,-0.68068
-185.6,44,-0.68068
-185.61,44,-0.68068
-185.63,44,-0.68068
-185.64,44,-0.68068
-185.66,44,-0.68068
-185.67,44,-0.68068
-185.69,44,-0.68068
-185.7,44,-0.68068
-185.72,44,-0.68068
-185.74,44,-0.68068
-185.75,44,-0.68068
-185.77,44,-0.68068
-185.78,44,-0.68068
-185.8,44,-0.68068
-185.82,44,-0.68068
-185.83,44,-0.68068
-185.85,44,-0.68068
-185.86,44,-0.68068
-185.88,44,-0.68068
-185.9,44,-0.68068
-185.91,44,-0.68068
-185.93,44,-0.68068
-185.95,44,-0.68068
-185.96,44,-0.68068
-185.98,44,-0.68068
-186,44,-0.68068
-186.01,44,-0.68068
-186.03,44,-0.68068
-186.05,44,-0.68068
-186.06,44,-0.68068
-186.08,44,-0.68068
-186.09,44,-0.68068
-186.11,44,-0.68068
-186.13,44,-0.68068
-186.14,44,-0.68068
-186.16,44,-0.68068
-186.17,44,-0.68068
-186.19,44,-0.68068
-186.2,44,-0.68068
-186.22,44,-0.68068
-186.23,44,-0.68068
-186.25,44,-0.68068
-186.26,44,-0.68068
-186.28,44,-0.68068
-186.29,44,-0.68068
-186.31,44,-0.68068
-186.32,44,-0.68068
-186.33,44,-0.68068
-186.35,44,-0.68068
-186.36,44,-0.68068
-186.37,44,-0.68068
-186.39,44,-0.68068
-186.4,44,-0.68068
-186.41,44,-0.68068
-186.42,44,-0.68068
-186.44,44,-0.68068
-186.45,44,-0.68068
-186.46,44,-0.68068
-186.47,44,-0.68068
-186.48,44,-0.68068
-186.49,44,-0.68068
-186.5,44,-0.68068
-186.51,44,-0.68068
-186.52,44,-0.68068
-186.53,44,-0.68068
-186.54,44,-0.68068
-186.55,44,-0.68068
-186.56,44,-0.68068
-186.56,44,-0.68068
-186.57,44,-0.68068
-186.58,44,-0.68068
-186.59,44,-0.68068
-186.59,44,-0.68068
-186.6,44,-0.68068
-186.6,44,-0.68068
-186.61,44,-0.68068
-186.61,44,-0.68068
-186.62,44,-0.68068
-186.62,44,-0.68068
-186.63,44,-0.68068
-186.63,44,-0.68068
-186.63,44,-0.68068
-186.63,44,-0.68068
-186.64,44,-0.68068
-186.64,44,-0.68068
-186.64,44,-0.68068
-186.64,44,-0.68068
-186.64,44,-0.68068
-186.64,44,-0.68068
-186.64,44,-0.68068
-186.64,44,-0.68068
-186.63,44,-0.68068
-186.63,44,-0.68068
-186.63,44,-0.68068
-186.63,44,-0.68068
-186.62,44,-0.68068
-186.62,44,-0.68068
-186.61,44,-0.68068
-186.61,44,-0.68068
-186.6,44,-0.68068
-186.59,44,-0.68068
-186.59,44,-0.68068
-186.58,44,-0.68068
-186.57,44,-0.68068
-186.56,44,-0.68068
-186.55,44,-0.68068
-186.54,44,-0.68068
-186.53,44,-0.68068
-186.52,44,-0.68068
-186.51,44,-0.68068
-186.5,44,-0.68068
-186.49,44,-0.68068
-186.47,44,-0.68068
-186.46,44,-0.68068
-186.44,44,-0.68068
-186.43,44,-0.68068
-186.41,44,-0.68068
-186.4,44,-0.68068
-186.38,44,-0.68068
-186.36,44,-0.68068
-186.35,44,-0.68068
-186.33,44,-0.68068
-186.31,44,-0.68068
-186.29,44,-0.68068
-186.27,44,-0.68068
-186.25,44,-0.68068
-186.22,44,-0.68068
-186.2,44,-0.68068
-186.18,44,-0.68068
-186.15,44,-0.68068
-186.13,44,-0.68068
-186.1,44,-0.68068
-186.08,44,-0.68068
-186.05,44,-0.68068
-186.02,44,-0.68068
-186,44,-0.68068
-185.97,44,-0.68068
-185.94,44,-0.68068
-185.91,44,-0.68068
-185.88,44,-0.68068
-185.85,44,-0.68068
-185.82,44,-0.68068
-185.78,44,-0.68068
-185.75,44,-0.68068
-185.72,44,-0.68068
-185.68,44,-0.68068
-185.65,44,-0.68068
-185.61,44,-0.68068
-185.57,44,-0.68068
-185.54,44,-0.68068
-185.5,44,-0.68068
-185.46,44,-0.68068
-185.42,44,-0.68068
-185.38,44,-0.68068
-185.34,44,-0.68068
-185.3,44,-0.68068
-185.25,44,-0.68068
-185.21,44,-0.68068
-185.17,44,-0.68068
-185.12,44,-0.68068
-185.08,44,-0.68068
-185.03,44,-0.68068
-184.98,44,-0.68068
-184.94,44,-0.68068
-184.89,44,-0.68068
-184.84,44,-0.68068
-184.79,44,-0.68068
-184.74,44,-0.68068
-184.69,44,-0.68068
-184.64,44,-0.68068
-184.58,44,-0.68068
-184.53,44,-0.68068
-184.48,44,-0.68068
-184.42,44,-0.68068
-184.37,44,-0.68068
-184.31,44,-0.68068
-184.25,44,-0.68068
-184.2,44,-0.68068
-184.14,44,-0.68068
-184.08,44,-0.68068
-184.02,44,-0.68068
-183.96,44,-0.68068
-183.9,44,-0.68068
-183.83,44,-0.68068
-183.77,44,-0.68068
-183.71,44,-0.68068
-183.64,44,-0.68068
-183.58,44,-0.68068
-183.51,44,-0.68068
-183.45,44,-0.68068
-183.38,44,-0.68068
-183.31,44,-0.68068
-183.24,44,-0.68068
-183.17,44,-0.68068
-183.1,44,-0.68068
-183.03,44,-0.68068
-182.96,44,-0.68068
-182.89,44,-0.68068
-182.81,44,-0.68068
-182.74,44,-0.68068
-182.67,44,-0.68068
-182.59,44,-0.68068
-182.51,44,-0.68068
-182.44,44,-0.68068
-182.36,44,-0.68068
-182.28,44,-0.68068
-182.2,44,-0.68068
-182.12,44,-0.68068
-182.04,44,-0.68068
-181.96,44,-0.68068
-181.88,44,-0.68068
-181.8,44,-0.68068
-181.71,44,-0.68068
-181.63,44,-0.68068
-181.54,44,-0.68068
-181.46,44,-0.68068
-181.37,44,-0.68068
-181.28,44,-0.68068
-181.2,44,-0.68068
-181.11,44,-0.68068
-181.02,44,-0.68068
-180.93,44,-0.68068
-180.84,44,-0.68068
-180.75,44,-0.68068
-180.66,44,-0.68068
-180.56,44,-0.68068
-180.47,44,-0.68068
-180.38,44,-0.68068
-180.28,44,-0.68068
-180.19,44,-0.68068
-180.09,44,-0.68068
-179.99,44,-0.68068
-179.9,44,-0.68068
-179.8,44,-0.68068
-179.7,44,-0.68068
-179.6,44,-0.68068
-179.5,44,-0.68068
-179.4,44,-0.68068
-179.3,44,-0.68068
-179.19,44,-0.68068
-179.09,44,-0.68068
-178.99,44,-0.68068
-178.88,44,-0.68068
-178.78,44,-0.68068
-178.67,44,-0.68068
-178.57,44,-0.68068
-178.46,44,-0.68068
-178.35,44,-0.68068
-178.24,44,-0.68068
-178.13,44,-0.68068
-178.03,44,-0.68068
-177.91,44,-0.68068
-177.8,44,-0.68068
-177.69,44,-0.68068
-177.58,44,-0.68068
-177.47,44,-0.68068
-177.35,44,-0.68068
-177.24,44,-0.68068
-177.13,44,-0.68068
-177.01,44,-0.68068
-176.9,44,-0.68068
-176.78,44,-0.68068
-176.66,44,-0.68068
-176.54,44,-0.68068
-176.43,44,-0.68068
-176.31,44,-0.68068
-176.19,44,-0.68068
-176.07,44,-0.68068
-175.95,44,-0.68068
-175.83,44,-0.68068
-175.7,44,-0.68068
-175.58,44,-0.68068
-175.46,44,-0.68068
-175.33,44,-0.68068
-175.21,44,-0.68068
-175.09,44,-0.68068
-174.96,44,-0.68068
-174.83,44,-0.68068
-174.71,44,-0.68068
-174.58,44,-0.68068
-174.45,44,-0.68068
-174.33,44,-0.68068
-174.2,44,-0.68068
-174.07,44,-0.68068
-173.94,44,-0.68068
-173.81,44,-0.68068
-173.68,44,-0.68068
-173.55,44,-0.68068
-173.41,44,-0.68068
-173.28,44,-0.68068
-173.15,44,-0.68068
-173.02,44,-0.68068
-172.88,44,-0.68068
-172.75,44,-0.68068
-172.61,44,-0.68068
-172.48,44,-0.68068
-172.34,44,-0.68068
-172.21,44,-0.68068
-172.07,44,-0.68068
-171.93,44,-0.68068
-171.79,44,-0.68068
-171.66,44,-0.68068
-171.52,44,-0.68068
-171.38,44,-0.68068
-171.24,44,-0.68068
-171.1,44,-0.68068
-170.96,44,-0.68068
-170.82,44,-0.68068
-170.67,44,-0.68068
-170.53,44,-0.68068
-170.39,44,-0.68068
-170.25,44,-0.68068
-170.1,44,-0.68068
-169.96,44,-0.68068
-169.82,44,-0.68068
-169.67,44,-0.68068
-169.53,44,-0.68068
-169.38,44,-0.68068
-169.24,44,-0.68068
-169.09,44,-0.68068
-168.94,44,-0.68068
-168.8,44,-0.68068
-168.65,44,-0.68068
-168.5,44,-0.68068
-168.35,44,-0.68068
-168.21,44,-0.68068
-168.06,44,-0.68068
-167.91,44,-0.68068
-167.76,44,-0.68068
-167.61,44,-0.68068
-167.46,44,-0.68068
-167.31,44,-0.68068
-167.16,44,-0.68068
-167.01,44,-0.68068
-166.85,44,-0.68068
-166.7,44,-0.68068
-166.55,44,-0.68068
-166.4,44,-0.68068
-166.24,44,-0.68068
-166.09,44,-0.68068
-165.94,44,-0.68068
-165.78,44,-0.68068
-165.63,44,-0.68068
-165.48,44,-0.68068
-165.32,44,-0.68068
-165.17,44,-0.68068
-165.01,44,-0.68068
-164.85,44,-0.68068
-164.7,44,-0.68068
-164.54,44,-0.68068
-164.39,44,-0.68068
-164.23,44,-0.68068
-164.07,44,-0.68068
-163.92,44,-0.68068
-163.76,44,-0.68068
-163.6,44,-0.68068
-163.44,44,-0.68068
-163.28,44,-0.68068
-163.13,44,-0.68068
-162.97,44,-0.68068
-162.81,44,-0.68068
-162.65,44,-0.68068
-162.49,44,-0.68068
-162.33,44,-0.68068
-162.17,44,-0.68068
-162.01,44,-0.68068
-161.85,44,-0.68068
-161.69,44,-0.68068
-161.53,44,-0.68068
-161.37,44,-0.68068
-161.21,44,-0.68068
-161.05,44,-0.68068
-160.89,44,-0.68068
-160.72,44,-0.68068
-160.56,44,-0.68068
-160.4,44,-0.68068
-160.24,44,-0.68068
-160.08,44,-0.68068
-159.91,44,-0.68068
-159.75,44,-0.68068
-159.59,44,-0.68068
-159.43,44,-0.68068
-159.26,44,-0.68068
-159.1,44,-0.68068
-158.94,44,-0.68068
-158.78,44,-0.68068
-158.61,44,-0.68068
-158.45,44,-0.68068
-158.29,44,-0.68068
-158.12,44,-0.68068
-157.96,44,-0.68068
-157.79,44,-0.68068
-157.63,44,-0.68068
-157.47,44,-0.68068
-157.3,44,-0.68068
-157.14,44,-0.68068
-156.97,44,-0.68068
-156.81,44,-0.68068
-156.65,44,-0.68068
-156.48,44,-0.68068
-156.32,44,-0.68068
-156.15,44,-0.68068
-155.99,44,-0.68068
-155.82,44,-0.68068
-155.66,44,-0.68068
-155.49,44,-0.68068
-155.33,44,-0.68068
-155.16,44,-0.68068
-155,44,-0.68068
-154.83,44,-0.68068
-154.67,44,-0.68068
-154.5,44,-0.68068
-154.34,44,-0.68068
-154.17,44,-0.68068
-154.01,44,-0.68068
-153.85,44,-0.68068
-153.68,44,-0.68068
-153.52,44,-0.68068
-153.35,44,-0.68068
-153.19,44,-0.68068
-153.02,44,-0.68068
-152.86,44,-0.68068
-152.69,44,-0.68068
-152.53,44,-0.68068
-152.36,44,-0.68068
-152.2,44,-0.68068
-152.03,44,-0.68068
-151.87,44,-0.68068
-151.7,44,-0.68068
-151.54,44,-0.68068
-151.37,44,-0.68068
-151.21,44,-0.68068
-151.05,44,-0.68068
-150.88,44,-0.68068
-150.72,44,-0.68068
-150.55,44,-0.68068
-150.39,44,-0.68068
-150.22,44,-0.68068
-150.06,44,-0.68068
-149.9,44,-0.68068
-149.73,44,-0.68068
-149.57,44,-0.68068
-149.41,44,-0.68068
-149.24,44,-0.68068
-149.08,44,-0.68068
-148.92,44,-0.68068
-148.75,44,-0.68068
-148.59,44,-0.68068
-148.43,44,-0.68068
-148.26,44,-0.68068
-148.1,44,-0.68068
-147.94,44,-0.68068
-147.78,44,-0.68068
-147.61,44,-0.68068
-147.45,44,-0.68068
-147.29,44,-0.68068
-147.13,44,-0.68068
-146.96,44,-0.68068
-146.8,44,-0.68068
-146.64,44,-0.68068
-146.48,44,-0.68068
-146.32,44,-0.68068
-146.16,44,-0.68068
-146,44,-0.68068
-145.84,44,-0.68068
-145.68,44,-0.68068
-145.51,44,-0.68068
-145.35,44,-0.68068
-145.19,44,-0.68068
-145.03,44,-0.68068
-144.87,44,-0.68068
-144.72,44,-0.68068
-144.56,44,-0.68068
-144.4,44,-0.68068
-144.24,44,-0.68068
-144.08,44,-0.68068
-143.92,44,-0.68068
-143.76,44,-0.68068
-143.6,44,-0.68068
-143.45,44,-0.68068
-143.29,44,-0.68068
-143.13,44,-0.68068
-142.97,44,-0.68068
-142.82,44,-0.68068
-142.66,44,-0.68068
-142.5,44,-0.68068
-142.35,44,-0.68068
-142.19,44,-0.68068
-142.03,44,-0.68068
-141.88,44,-0.68068
-141.72,44,-0.68068
-141.57,44,-0.68068
-141.41,44,-0.68068
-141.26,44,-0.68068
-141.1,44,-0.68068
-140.95,44,-0.68068
-140.79,44,-0.68068
-140.64,44,-0.68068
-140.48,44,-0.68068
-140.33,44,-0.68068
-140.18,44,-0.68068
-140.02,44,-0.68068
-139.87,44,-0.68068
-139.72,44,-0.68068
-139.57,44,-0.68068
-139.41,44,-0.68068
-139.26,44,-0.68068
-139.11,44,-0.68068
-138.96,44,-0.68068
-138.81,44,-0.68068
-138.66,44,-0.68068
-138.51,44,-0.68068
-138.36,44,-0.68068
-138.21,44,-0.68068
-138.06,44,-0.68068
-137.91,44,-0.68068
-137.76,44,-0.68068
-137.61,44,-0.68068
-137.46,44,-0.68068
-137.31,44,-0.68068
-137.17,44,-0.68068
-137.02,44,-0.68068
-136.87,44,-0.68068
-136.72,44,-0.68068
-136.58,44,-0.68068
-136.43,44,-0.68068
-136.28,44,-0.68068
-136.14,44,-0.68068
-135.99,44,-0.68068
-135.85,44,-0.68068
-135.7,44,-0.68068
-135.56,44,-0.68068
-135.41,44,-0.68068
-135.27,44,-0.68068
-135.12,44,-0.68068
-134.98,44,-0.68068
-134.84,44,-0.68068
-134.69,44,-0.68068
-134.55,44,-0.68068
-134.41,44,-0.68068
-134.27,44,-0.68068
-134.12,44,-0.68068
-133.98,44,-0.68068
-133.84,44,-0.68068
-133.7,44,-0.68068
-133.56,44,-0.68068
-133.42,44,-0.68068
-133.28,44,-0.68068
-133.14,44,-0.68068
-133,44,-0.68068
-132.86,44,-0.68068
-132.72,44,-0.68068
-132.59,44,-0.68068
-132.45,44,-0.68068
-132.31,44,-0.68068
-132.17,44,-0.68068
-132.04,44,-0.68068
-131.9,44,-0.68068
-131.76,44,-0.68068
-131.63,44,-0.68068
-131.49,44,-0.68068
-131.36,44,-0.68068
-131.22,44,-0.68068
-131.09,44,-0.68068
-130.95,44,-0.68068
-130.82,44,-0.68068
-130.68,44,-0.68068
-130.55,44,-0.68068
-130.42,44,-0.68068
-130.28,44,-0.68068
-130.15,44,-0.68068
-130.02,44,-0.68068
-129.89,44,-0.68068
-129.76,44,-0.68068
-129.62,44,-0.68068
-129.49,44,-0.68068
-129.36,44,-0.68068
-129.23,44,-0.68068
-129.1,44,-0.68068
-128.97,44,-0.68068
-128.84,44,-0.68068
-128.72,44,-0.68068
-128.59,44,-0.68068
-128.46,44,-0.68068
-128.33,44,-0.68068
-128.2,44,-0.68068
-128.08,44,-0.68068
-127.95,44,-0.68068
-127.82,44,-0.68068
-127.7,44,-0.68068
-127.57,44,-0.68068
-127.45,44,-0.68068
-127.32,44,-0.68068
-127.2,44,-0.68068
-127.07,44,-0.68068
-126.95,44,-0.68068
-126.82,44,-0.68068
-126.7,44,-0.68068
-126.58,44,-0.68068
-126.45,44,-0.68068
-126.33,44,-0.68068
-126.21,44,-0.68068
-126.09,44,-0.68068
-125.96,44,-0.68068
-125.84,44,-0.68068
-125.72,44,-0.68068
-125.6,44,-0.68068
-125.48,44,-0.68068
-125.36,44,-0.68068
-125.24,44,-0.68068
-125.12,44,-0.68068
-125,44,-0.68068
-124.88,44,-0.68068
-124.77,44,-0.68068
-124.65,44,-0.68068
-124.53,44,-0.68068
-124.41,44,-0.68068
-124.3,44,-0.68068
-124.18,44,-0.68068
-124.06,44,-0.68068
-123.95,44,-0.68068
-123.83,44,-0.68068
-123.72,44,-0.68068
-123.6,44,-0.68068
-123.49,44,-0.68068
-123.37,44,-0.68068
-123.26,44,-0.68068
-123.14,44,-0.68068
-123.03,44,-0.68068
-122.92,44,-0.68068
-122.8,44,-0.68068
-122.69,44,-0.68068
-122.58,44,-0.68068
-122.47,44,-0.68068
-122.36,44,-0.68068
-122.24,44,-0.68068
-122.13,44,-0.68068
-122.02,44,-0.68068
-121.91,44,-0.68068
-121.8,44,-0.68068
-121.69,44,-0.68068
-121.58,44,-0.68068
-121.47,44,-0.68068
-121.36,44,-0.68068
-121.26,44,-0.68068
-121.15,44,-0.68068
-121.04,44,-0.68068
-120.93,44,-0.68068
-120.82,44,-0.68068
-120.72,44,-0.68068
-120.61,44,-0.68068
-120.5,44,-0.68068
-120.4,44,-0.68068
-120.29,44,-0.68068
-120.19,44,-0.68068
-120.08,44,-0.68068
-119.98,44,-0.68068
-119.87,44,-0.68068
-119.77,44,-0.68068
-119.66,44,-0.68068
-119.56,44,-0.68068
-119.46,44,-0.68068
-119.35,44,-0.68068
-119.25,44,-0.68068
-119.15,44,-0.68068
-119.04,44,-0.68068
-118.94,44,-0.68068
-118.84,44,-0.68068
-118.74,44,-0.68068
-118.64,44,-0.68068
-118.54,44,-0.68068
-118.44,44,-0.68068
-118.33,44,-0.68068
-118.23,44,-0.68068
-118.13,44,-0.68068
-118.03,44,-0.68068
-117.94,44,-0.68068
-117.84,44,-0.68068
-117.74,44,-0.68068
-117.64,44,-0.68068
-117.54,44,-0.68068
-117.44,44,-0.68068
-117.34,44,-0.68068
-117.25,44,-0.68068
-117.15,44,-0.68068
-117.05,44,-0.68068
-116.95,44,-0.68068
-116.86,44,-0.68068
-116.76,44,-0.68068
-116.67,44,-0.68068
-116.57,44,-0.68068
-116.47,44,-0.68068
-116.38,44,-0.68068
-116.28,44,-0.68068
-116.19,44,-0.68068
-116.09,44,-0.68068
-116,44,-0.68068
-115.91,44,-0.68068
-115.81,44,-0.68068
-115.72,44,-0.68068
-115.62,44,-0.68068
-115.53,44,-0.68068
-115.44,44,-0.68068
-115.35,44,-0.68068
-115.25,44,-0.68068
-115.16,44,-0.68068
-115.07,44,-0.68068
-114.98,44,-0.68068
-114.88,44,-0.68068
-114.79,44,-0.68068
-114.7,44,-0.68068
-114.61,44,-0.68068
-114.52,44,-0.68068
-114.43,44,-0.68068
-114.34,44,-0.68068
-114.25,44,-0.68068
-114.16,44,-0.68068
-114.07,44,-0.68068
-113.98,44,-0.68068
-113.89,44,-0.68068
-113.8,44,-0.68068
-113.71,44,-0.68068
-113.62,44,-0.68068
-113.54,44,-0.68068
-113.45,44,-0.68068
-113.36,44,-0.68068
-113.27,44,-0.68068
-113.18,44,-0.68068
-113.1,44,-0.68068
-113.01,44,-0.68068
-112.92,44,-0.68068
-112.83,44,-0.68068
-112.75,44,-0.68068
-112.66,44,-0.68068
-112.57,44,-0.68068
-112.49,44,-0.68068
-112.4,44,-0.68068
-112.32,44,-0.68068
-112.23,44,-0.68068
-112.14,44,-0.68068
-112.06,44,-0.68068
-111.97,44,-0.68068
-111.89,44,-0.68068
-111.8,44,-0.68068
-111.72,44,-0.68068
-111.63,44,-0.68068
-111.55,44,-0.68068
-111.47,44,-0.68068
-111.38,44,-0.68068
-111.3,44,-0.68068
-111.21,44,-0.68068
-111.13,44,-0.68068
-111.05,44,-0.68068
-110.96,44,-0.68068
-110.88,44,-0.68068
-110.8,44,-0.68068
-110.71,44,-0.68068
-110.63,44,-0.68068
-110.55,44,-0.68068
-110.47,44,-0.68068
-110.38,44,-0.68068
-110.3,44,-0.68068
-110.22,44,-0.68068
-110.14,44,-0.68068
-110.06,44,-0.68068
-109.97,44,-0.68068
-109.89,44,-0.68068
-109.81,44,-0.68068
-109.73,44,-0.68068
-109.65,44,-0.68068
-109.57,44,-0.68068
-109.49,44,-0.68068
-109.41,44,-0.68068
-109.33,44,-0.68068
-109.25,44,-0.68068
-109.16,44,-0.68068
-109.08,44,-0.68068
-109,44,-0.68068
-108.92,44,-0.68068
-108.84,44,-0.68068
-108.76,44,-0.68068
-108.68,44,-0.68068
-108.6,44,-0.68068
-108.53,44,-0.68068
-108.45,44,-0.68068
-108.37,44,-0.68068
-108.29,44,-0.68068
-108.21,44,-0.68068
-108.13,44,-0.68068
-108.05,44,-0.68068
-107.97,44,-0.68068
-107.89,44,-0.68068
-107.81,44,-0.68068
-107.73,44,-0.68068
-107.66,44,-0.68068
-107.58,44,-0.68068
-107.5,44,-0.68068
-107.42,44,-0.68068
-107.34,44,-0.68068
-107.26,44,-0.68068
-107.19,44,-0.68068
-107.11,44,-0.68068
-107.03,44,-0.68068
-106.95,44,-0.68068
-106.88,44,-0.68068
-106.8,44,-0.68068
-106.72,44,-0.68068
-106.64,44,-0.68068
-106.56,44,-0.68068
-106.49,44,-0.68068
-106.41,44,-0.68068
-106.33,44,-0.68068
-106.26,44,-0.68068
-106.18,44,-0.68068
-106.1,44,-0.68068
-106.02,44,-0.68068
-105.95,44,-0.68068
-105.87,44,-0.68068
-105.79,44,-0.68068
-105.72,44,-0.68068
-105.64,44,-0.68068
-105.56,44,-0.68068
-105.49,44,-0.68068
-105.41,44,-0.68068
-105.33,44,-0.68068
-105.26,44,-0.68068
-105.18,44,-0.68068
-105.1,44,-0.68068
-105.03,44,-0.68068
-104.95,44,-0.68068
-104.87,44,-0.68068
-104.8,44,-0.68068
-104.72,44,-0.68068
-104.64,44,-0.68068
-104.57,44,-0.68068
-104.49,44,-0.68068
-104.42,44,-0.68068
-104.34,44,-0.68068
-104.26,44,-0.68068
-104.19,44,-0.68068
-104.11,44,-0.68068
-104.04,44,-0.68068
-103.96,44,-0.68068
-103.88,44,-0.68068
-103.81,44,-0.68068
-103.73,44,-0.68068
-103.66,44,-0.68068
-103.58,44,-0.68068
-103.5,44,-0.68068
-103.43,44,-0.68068
-103.35,44,-0.68068
-103.28,44,-0.68068
-103.2,44,-0.68068
-103.12,44,-0.68068
-103.05,44,-0.68068
-102.97,44,-0.68068
-102.9,44,-0.68068
-102.82,44,-0.68068
-102.74,44,-0.68068
-102.67,44,-0.68068
-102.59,44,-0.68068
-102.52,44,-0.68068
-102.44,44,-0.68068
-102.36,44,-0.68068
-102.29,44,-0.68068
-102.21,44,-0.68068
-102.14,44,-0.68068
-102.06,44,-0.68068
-101.99,44,-0.68068
-101.91,44,-0.68068
-101.83,44,-0.68068
-101.76,44,-0.68068
-101.68,44,-0.68068
-101.61,44,-0.68068
-101.53,44,-0.68068
-101.45,44,-0.68068
-101.38,44,-0.68068
-101.3,44,-0.68068
-101.23,44,-0.68068
-101.15,44,-0.68068
-101.07,44,-0.68068
-101,44,-0.68068
-100.92,44,-0.68068
-100.85,44,-0.68068
-100.77,44,-0.68068
-100.69,44,-0.68068
-100.62,44,-0.68068
-100.54,44,-0.68068
-100.46,44,-0.68068
-100.39,44,-0.68068
-100.31,44,-0.68068
-100.24,44,-0.68068
-100.16,44,-0.68068
-100.08,44,-0.68068
-100.01,44,-0.68068
-99.931,44,-0.68068
-99.854,44,-0.68068
-99.778,44,-0.68068
-99.701,44,-0.68068
-99.625,44,-0.68068
-99.548,44,-0.68068
-99.472,44,-0.68068
-99.395,44,-0.68068
-99.318,44,-0.68068
-99.242,44,-0.68068
-99.165,44,-0.68068
-99.088,44,-0.68068
-99.011,44,-0.68068
-98.935,44,-0.68068
-98.858,44,-0.68068
-98.781,44,-0.68068
-98.704,44,-0.68068
-98.627,44,-0.68068
-98.55,44,-0.68068
-98.473,44,-0.68068
-98.396,44,-0.68068
-98.318,44,-0.68068
-98.241,44,-0.68068
-98.164,44,-0.68068
-98.087,44,-0.68068
-98.009,44,-0.68068
-97.932,44,-0.68068
-97.855,44,-0.68068
-97.777,44,-0.68068
-97.7,44,-0.68068
-97.622,44,-0.68068
-97.545,44,-0.68068
-97.467,44,-0.68068
-97.389,44,-0.68068
-97.311,44,-0.68068
-97.234,44,-0.68068
-97.156,44,-0.68068
-97.078,44,-0.68068
-97,44,-0.68068
-96.922,44,-0.68068
-96.844,44,-0.68068
-96.766,44,-0.68068
-96.688,44,-0.68068
-96.609,44,-0.68068
-96.531,44,-0.68068
-96.453,44,-0.68068
-96.375,44,-0.68068
-96.296,44,-0.68068
-96.218,44,-0.68068
-96.139,44,-0.68068
-96.061,44,-0.68068
-95.982,44,-0.68068
-95.903,44,-0.68068
-95.825,44,-0.68068
-95.746,44,-0.68068
-95.667,44,-0.68068
-95.588,44,-0.68068
-95.509,44,-0.68068
-95.43,44,-0.68068
-95.351,44,-0.68068
-95.272,44,-0.68068
-95.193,44,-0.68068
-95.114,44,-0.68068
-95.034,44,-0.68068
-94.955,44,-0.68068
-94.876,44,-0.68068
-94.796,44,-0.68068
-94.717,44,-0.68068
-94.637,44,-0.68068
-94.557,44,-0.68068
-94.478,44,-0.68068
-94.398,44,-0.68068
-94.318,44,-0.68068
-94.238,44,-0.68068
-94.159,44,-0.68068
-94.079,44,-0.68068
-93.999,44,-0.68068
-93.918,44,-0.68068
-93.838,44,-0.68068
-93.758,44,-0.68068
-93.678,44,-0.68068
-93.598,44,-0.68068
-93.517,44,-0.68068
-93.437,44,-0.68068
-93.356,44,-0.68068
-93.276,44,-0.68068
-93.195,44,-0.68068
-93.115,44,-0.68068
-93.034,44,-0.68068
-92.953,44,-0.68068
-92.872,44,-0.68068
-92.791,44,-0.68068
-92.71,44,-0.68068
-92.629,44,-0.68068
-92.548,44,-0.68068
-92.467,44,-0.68068
-92.386,44,-0.68068
-92.305,44,-0.68068
-92.224,44,-0.68068
-92.142,44,-0.68068
-92.061,44,-0.68068
-91.979,44,-0.68068
-91.898,44,-0.68068
-91.816,44,-0.68068
-91.735,44,-0.68068
-91.653,44,-0.68068
-91.571,44,-0.68068
-91.49,44,-0.68068
-91.408,44,-0.68068
-91.326,44,-0.68068
-91.244,44,-0.68068
-91.162,44,-0.68068
-91.08,44,-0.68068
-90.998,44,-0.68068
-90.916,44,-0.68068
-90.833,44,-0.68068
-90.751,44,-0.68068
-90.669,44,-0.68068
-90.586,44,-0.68068
-90.504,44,-0.68068
-90.421,44,-0.68068
-90.339,44,-0.68068
-90.256,44,-0.68068
-90.174,44,-0.68068
-90.091,44,-0.68068
-90.008,44,-0.68068
-89.926,44,-0.68068
-89.843,44,-0.68068
-89.76,44,-0.68068
-89.677,44,-0.68068
-89.594,44,-0.68068
-89.511,44,-0.68068
-89.428,44,-0.68068
-89.345,44,-0.68068
-89.261,44,-0.68068
-89.178,44,-0.68068
-89.095,44,-0.68068
-89.012,44,-0.68068
-88.928,44,-0.68068
-88.845,44,-0.68068
-88.761,44,-0.68068
-88.678,44,-0.68068
-88.594,44,-0.68068
-88.511,44,-0.68068
-88.427,44,-0.68068
-88.343,44,-0.68068
-88.26,44,-0.68068
-88.176,44,-0.68068
-88.092,44,-0.68068
-88.008,44,-0.68068
-87.924,44,-0.68068
-87.841,44,-0.68068
-87.757,44,-0.68068
-87.673,44,-0.68068
-87.588,44,-0.68068
-87.504,44,-0.68068
-87.42,44,-0.68068
-87.336,44,-0.68068
-87.252,44,-0.68068
-87.168,44,-0.68068
-87.083,44,-0.68068
-86.999,44,-0.68068
-86.915,44,-0.68068
-86.83,44,-0.68068
-86.746,44,-0.68068
-86.661,44,-0.68068
-86.577,44,-0.68068
-86.492,44,-0.68068
-86.408,44,-0.68068
-86.323,44,-0.68068
-86.239,44,-0.68068
-86.154,44,-0.68068
-86.069,44,-0.68068
-85.985,44,-0.68068
-85.9,44,-0.68068
-85.815,44,-0.68068
-85.73,44,-0.68068
-85.645,44,-0.68068
-85.56,44,-0.68068
-85.476,44,-0.68068
-85.391,44,-0.68068
-85.306,44,-0.68068
-85.221,44,-0.68068
-85.136,44,-0.68068
-85.051,44,-0.68068
-84.966,44,-0.68068
-84.881,44,-0.68068
-84.796,44,-0.68068
-84.71,44,-0.68068
-84.625,44,-0.68068
-84.54,44,-0.68068
-84.455,44,-0.68068
-84.37,44,-0.68068
-84.285,44,-0.68068
-84.199,44,-0.68068
-84.114,44,-0.68068
-84.029,44,-0.68068
-83.944,44,-0.68068
-83.858,44,-0.68068
-83.773,44,-0.68068
-83.688,44,-0.68068
-83.602,44,-0.68068
-83.517,44,-0.68068
-83.431,44,-0.68068
-83.346,44,-0.68068
-83.261,44,-0.68068
-83.175,44,-0.68068
-83.09,44,-0.68068
-83.004,44,-0.68068
-82.919,44,-0.68068
-82.833,44,-0.68068
-82.748,44,-0.68068
-82.663,44,-0.68068
-82.577,44,-0.68068
-82.492,44,-0.68068
-82.406,44,-0.68068
-82.321,44,-0.68068
-82.235,44,-0.68068
-82.15,44,-0.68068
-82.064,44,-0.68068
-81.979,44,-0.68068
-81.893,44,-0.68068
-81.808,44,-0.68068
-81.722,44,-0.68068
-81.636,44,-0.68068
-81.551,44,-0.68068
-81.465,44,-0.68068
-81.38,44,-0.68068
-81.294,44,-0.68068
-81.209,44,-0.68068
-81.123,44,-0.68068
-81.038,44,-0.68068
-80.952,44,-0.68068
-80.867,44,-0.68068
-80.781,44,-0.68068
-80.696,44,-0.68068
-80.61,44,-0.68068
-80.525,44,-0.68068
-80.439,44,-0.68068
-80.354,44,-0.68068
-80.269,44,-0.68068
-80.183,44,-0.68068
-80.098,44,-0.68068
-80.012,44,-0.68068
-79.927,44,-0.68068
-79.842,44,-0.68068
-79.756,44,-0.68068
-79.671,44,-0.68068
-79.585,44,-0.68068
-79.5,44,-0.68068
-79.415,44,-0.68068
-79.33,44,-0.68068
-79.244,44,-0.68068
-79.159,44,-0.68068
-79.074,44,-0.68068
-78.989,44,-0.68068
-78.903,44,-0.68068
-78.818,44,-0.68068
-78.733,44,-0.68068
-78.648,44,-0.68068
-78.563,44,-0.68068
-78.478,44,-0.68068
-78.393,44,-0.68068
-78.308,44,-0.68068
-78.222,44,-0.68068
-78.137,44,-0.68068
-78.053,44,-0.68068
-77.968,44,-0.68068
-77.883,44,-0.68068
-77.798,44,-0.68068
-77.713,44,-0.68068
-77.628,44,-0.68068
-77.543,44,-0.68068
-77.459,44,-0.68068
-77.374,44,-0.68068
-77.289,44,-0.68068
-77.204,44,-0.68068
-77.12,44,-0.68068
-77.035,44,-0.68068
-76.951,44,-0.68068
-76.866,44,-0.68068
-76.782,44,-0.68068
-76.697,44,-0.68068
-76.613,44,-0.68068
-76.528,44,-0.68068
-76.444,44,-0.68068
-76.36,44,-0.68068
-76.275,44,-0.68068
-76.191,44,-0.68068
-76.107,44,-0.68068
-76.023,44,-0.68068
-75.939,44,-0.68068
-75.854,44,-0.68068
-75.77,44,-0.68068
-75.686,44,-0.68068
-75.603,44,-0.68068
-75.519,44,-0.68068
-75.435,44,-0.68068
-75.351,44,-0.68068
-75.267,44,-0.68068
-75.183,44,-0.68068
-75.1,44,-0.68068
-75.016,44,-0.68068
-74.933,44,-0.68068
-74.849,44,-0.68068
-74.766,44,-0.68068
-74.682,44,-0.68068
-74.599,44,-0.68068
-74.515,44,-0.68068
-74.432,44,-0.68068
-74.349,44,-0.68068
-74.266,44,-0.68068
-74.183,44,-0.68068
-74.1,44,-0.68068
-74.017,44,-0.68068
-73.934,44,-0.68068
-73.851,44,-0.68068
-73.768,44,-0.68068
-73.685,44,-0.68068
-73.602,44,-0.68068
-73.52,44,-0.68068
-73.437,44,-0.68068
-73.355,44,-0.68068
-73.272,44,-0.68068
-73.19,44,-0.68068
-73.107,44,-0.68068
-73.025,44,-0.68068
-72.943,44,-0.68068
-72.861,44,-0.68068
-72.778,44,-0.68068
-72.696,44,-0.68068
-72.614,44,-0.68068
-72.532,44,-0.68068
-72.451,44,-0.68068
-72.369,44,-0.68068
-72.287,44,-0.68068
-72.205,44,-0.68068
-72.124,44,-0.68068
-72.042,44,-0.68068
-71.961,44,-0.68068
-71.879,44,-0.68068
-71.798,44,-0.68068
-71.717,44,-0.68068
-71.635,44,-0.68068
-71.554,44,-0.68068
-71.473,44,-0.68068
-71.392,44,-0.68068
-71.311,44,-0.68068
-71.23,44,-0.68068
-71.15,44,-0.68068
-71.069,44,-0.68068
-70.988,44,-0.68068
-70.908,44,-0.68068
-70.827,44,-0.68068
-70.747,44,-0.68068
-70.667,44,-0.68068
-70.586,44,-0.68068
-70.506,44,-0.68068
-70.426,44,-0.68068
-70.346,44,-0.68068
-70.266,44,-0.68068
-70.186,44,-0.68068
-70.106,44,-0.68068
-70.027,44,-0.68068
-69.947,44,-0.68068
-69.867,44,-0.68068
-69.788,44,-0.68068
-69.708,44,-0.68068
-69.629,44,-0.68068
-69.55,44,-0.68068
-69.471,44,-0.68068
-69.391,44,-0.68068
-69.312,44,-0.68068
-69.233,44,-0.68068
-69.155,44,-0.68068
-69.076,44,-0.68068
-68.997,44,-0.68068
-68.919,44,-0.68068
-68.84,44,-0.68068
-68.762,44,-0.68068
-68.683,44,-0.68068
-68.605,44,-0.68068
-68.527,44,-0.68068
-68.449,44,-0.68068
-68.371,44,-0.68068
-68.293,44,-0.68068
-68.215,44,-0.68068
-68.137,44,-0.68068
-68.059,44,-0.68068
-67.982,44,-0.68068
-67.904,44,-0.68068
-67.827,44,-0.68068
-67.749,44,-0.68068
-67.672,44,-0.68068
-67.595,44,-0.68068
-67.518,44,-0.68068
-67.441,44,-0.68068
-67.364,44,-0.68068
-67.287,44,-0.68068
-67.211,44,-0.68068
-67.134,44,-0.68068
-67.057,44,-0.68068
-66.981,44,-0.68068
-66.905,44,-0.68068
-66.828,44,-0.68068
-66.752,44,-0.68068
-66.676,44,-0.68068
-66.6,44,-0.68068
-66.524,44,-0.68068
-66.448,44,-0.68068
-66.373,44,-0.68068
-66.297,44,-0.68068
-66.222,44,-0.68068
-66.146,44,-0.68068
-66.071,44,-0.68068
-65.995,44,-0.68068
-65.92,44,-0.68068
-65.845,44,-0.68068
-65.77,44,-0.68068
-65.695,44,-0.68068
-65.621,44,-0.68068
-65.546,44,-0.68068
-65.471,44,-0.68068
-65.397,44,-0.68068
-65.322,44,-0.68068
-65.248,44,-0.68068
-65.174,44,-0.68068
-65.1,44,-0.68068
-65.026,44,-0.68068
-64.952,44,-0.68068
-64.878,44,-0.68068
-64.804,44,-0.68068
-64.731,44,-0.68068
-64.657,44,-0.68068
-64.584,44,-0.68068
-64.51,44,-0.68068
-64.437,44,-0.68068
-64.364,44,-0.68068
-64.291,44,-0.68068
-64.218,44,-0.68068
-64.145,44,-0.68068
-64.072,44,-0.68068
-63.999,44,-0.68068
-63.927,44,-0.68068
-63.854,44,-0.68068
-63.782,44,-0.68068
-63.71,44,-0.68068
-63.637,44,-0.68068
-63.565,44,-0.68068
-63.493,44,-0.68068
-63.421,44,-0.68068
-63.35,44,-0.68068
-63.278,44,-0.68068
-63.206,44,-0.68068
-63.135,44,-0.68068
-63.063,44,-0.68068
-62.992,44,-0.68068
-62.921,44,-0.68068
-62.85,44,-0.68068
-62.779,44,-0.68068
-62.708,44,-0.68068
-62.637,44,-0.68068
-62.566,44,-0.68068
-62.496,44,-0.68068
-62.425,44,-0.68068
-62.355,44,-0.68068
-62.284,44,-0.68068
-62.214,44,-0.68068
-62.144,44,-0.68068
-62.074,44,-0.68068
-62.004,44,-0.68068
-61.934,44,-0.68068
-61.865,44,-0.68068
-61.795,44,-0.68068
-61.725,44,-0.68068
-61.656,44,-0.68068
-61.587,44,-0.68068
-61.517,44,-0.68068
-61.448,44,-0.68068
-61.379,44,-0.68068
-61.31,44,-0.68068
-61.242,44,-0.68068
-61.173,44,-0.68068
-61.104,44,-0.68068
-61.036,44,-0.68068
-60.967,44,-0.68068
-60.899,44,-0.68068
-60.831,44,-0.68068
-60.762,44,-0.68068
-60.694,44,-0.68068
-60.626,44,-0.68068
-60.559,44,-0.68068
-60.491,44,-0.68068
-60.423,44,-0.68068
-60.356,44,-0.68068
-60.288,44,-0.68068
-60.221,44,-0.68068
-60.154,44,-0.68068
-60.086,44,-0.68068
-60.019,44,-0.68068
-59.952,44,-0.68068
-59.886,44,-0.68068
-59.819,44,-0.68068
-59.752,44,-0.68068
-59.686,44,-0.68068
-59.619,44,-0.68068
-59.553,44,-0.68068
-59.486,44,-0.68068
-59.42,44,-0.68068
-59.354,44,-0.68068
-59.288,44,-0.68068
-59.222,44,-0.68068
-59.157,44,-0.68068
-59.091,44,-0.68068
-59.025,44,-0.68068
-58.96,44,-0.68068
-58.894,44,-0.68068
-58.829,44,-0.68068
-58.764,44,-0.68068
-58.699,44,-0.68068
-58.634,44,-0.68068
-58.569,44,-0.68068
-58.504,44,-0.68068
-58.439,44,-0.68068
-58.375,44,-0.68068
-58.31,44,-0.68068
-58.246,44,-0.68068
-58.181,44,-0.68068
-58.117,44,-0.68068
-58.053,44,-0.68068
-57.989,44,-0.68068
-57.925,44,-0.68068
-57.861,44,-0.68068
-57.797,44,-0.68068
-57.734,44,-0.68068
-57.67,44,-0.68068
-57.606,44,-0.68068
-57.543,44,-0.68068
-57.48,44,-0.68068
-57.417,44,-0.68068
-57.353,44,-0.68068
-57.29,44,-0.68068
-57.227,44,-0.68068
-57.165,44,-0.68068
-57.102,44,-0.68068
-57.039,44,-0.68068
-56.977,44,-0.68068
-56.914,44,-0.68068
-56.852,44,-0.68068
-56.79,44,-0.68068
-56.727,44,-0.68068
-56.665,44,-0.68068
-56.603,44,-0.68068
-56.541,44,-0.68068
-56.479,44,-0.68068
-56.418,44,-0.68068
-56.356,44,-0.68068
-56.295,44,-0.68068
-56.233,44,-0.68068
-56.172,44,-0.68068
-56.11,44,-0.68068
-56.049,44,-0.68068
-55.988,44,-0.68068
-55.927,44,-0.68068
-55.866,44,-0.68068
-55.805,44,-0.68068
-55.745,44,-0.68068
-55.684,44,-0.68068
-55.623,44,-0.68068
-55.563,44,-0.68068
-55.502,44,-0.68068
-55.442,44,-0.68068
-55.382,44,-0.68068
-55.322,44,-0.68068
-55.262,44,-0.68068
-55.202,44,-0.68068
-55.142,44,-0.68068
-55.082,44,-0.68068
-55.022,44,-0.68068
-54.963,44,-0.68068
-54.903,44,-0.68068
-54.844,44,-0.68068
-54.784,44,-0.68068
-54.725,44,-0.68068
-54.666,44,-0.68068
-54.607,44,-0.68068
-54.548,44,-0.68068
-54.489,44,-0.68068
-54.43,44,-0.68068
-54.371,44,-0.68068
-54.312,44,-0.68068
-54.254,44,-0.68068
-54.195,44,-0.68068
-54.137,44,-0.68068
-54.079,44,-0.68068
-54.02,44,-0.68068
-53.962,44,-0.68068
-53.904,44,-0.68068
-53.846,44,-0.68068
-53.788,44,-0.68068
-53.73,44,-0.68068
-53.672,44,-0.68068
-53.615,44,-0.68068
-53.557,44,-0.68068
-53.499,44,-0.68068
-53.442,44,-0.68068
-53.384,44,-0.68068
-53.327,44,-0.68068
-53.27,44,-0.68068
-53.213,44,-0.68068
-53.156,44,-0.68068
-53.099,44,-0.68068
-53.042,44,-0.68068
-52.985,44,-0.68068
-52.928,44,-0.68068
-52.871,44,-0.68068
-52.815,44,-0.68068
-52.758,44,-0.68068
-52.702,44,-0.68068
-52.645,44,-0.68068
-52.589,44,-0.68068
-52.533,44,-0.68068
-52.477,44,-0.68068
-52.421,44,-0.68068
-52.365,44,-0.68068
-52.309,44,-0.68068
-52.253,44,-0.68068
-52.197,44,-0.68068
-52.141,44,-0.68068
-52.086,44,-0.68068
-52.03,44,-0.68068
-51.975,44,-0.68068
-51.919,44,-0.68068
-51.864,44,-0.68068
-51.809,44,-0.68068
-51.753,44,-0.68068
-51.698,44,-0.68068
-51.643,44,-0.68068
-51.588,44,-0.68068
-51.533,44,-0.68068
-51.478,44,-0.68068
-51.424,44,-0.68068
-51.369,44,-0.68068
-51.314,44,-0.68068
-51.26,44,-0.68068
-51.205,44,-0.68068
-51.151,44,-0.68068
-51.096,44,-0.68068
-51.042,44,-0.68068
-50.988,44,-0.68068
-50.934,44,-0.68068
-50.879,44,-0.68068
-50.825,44,-0.68068
-50.771,44,-0.68068
-50.718,44,-0.68068
-50.664,44,-0.68068
-50.61,44,-0.68068
-50.556,44,-0.68068
-50.503,44,-0.68068
-50.449,44,-0.68068
-50.396,44,-0.68068
-50.342,44,-0.68068
-50.289,44,-0.68068
-50.235,44,-0.68068
-50.182,44,-0.68068
-50.129,44,-0.68068
-50.076,44,-0.68068
-50.023,44,-0.68068
-49.97,44,-0.68068
-49.917,44,-0.68068
-49.864,44,-0.68068
-49.811,44,-0.68068
-49.759,44,-0.68068
-49.706,44,-0.68068
-49.653,44,-0.68068
-49.601,44,-0.68068
-49.548,44,-0.68068
-49.496,44,-0.68068
-49.443,44,-0.68068
-49.391,44,-0.68068
-49.339,44,-0.68068
-49.287,44,-0.68068
-49.234,44,-0.68068
-49.182,44,-0.68068
-49.13,44,-0.68068
-49.078,44,-0.68068
-49.027,44,-0.68068
-48.975,44,-0.68068
-48.923,44,-0.68068
-48.871,44,-0.68068
-48.819,44,-0.68068
-48.768,44,-0.68068
-48.716,44,-0.68068
-48.665,44,-0.68068
-48.613,44,-0.68068
-48.562,44,-0.68068
-48.511,44,-0.68068
-48.459,44,-0.68068
-48.408,44,-0.68068
-48.357,44,-0.68068
-48.306,44,-0.68068
-48.255,44,-0.68068
-48.204,44,-0.68068
-48.153,44,-0.68068
-48.102,44,-0.68068
-48.051,44,-0.68068
-48,44,-0.68068
-47.95,44,-0.68068
-47.899,44,-0.68068
-47.848,44,-0.68068
-47.798,44,-0.68068
-47.747,44,-0.68068
-47.697,44,-0.68068
-47.646,44,-0.68068
-47.596,44,-0.68068
-47.546,44,-0.68068
-47.495,44,-0.68068
-47.445,44,-0.68068
-47.395,44,-0.68068
-47.345,44,-0.68068
-47.295,44,-0.68068
-47.245,44,-0.68068
-47.195,44,-0.68068
-47.145,44,-0.68068
-47.095,44,-0.68068
-47.045,44,-0.68068
-46.996,44,-0.68068
-46.946,44,-0.68068
-46.896,44,-0.68068
-46.847,44,-0.68068
-46.797,44,-0.68068
-46.748,44,-0.68068
-46.698,44,-0.68068
-46.649,44,-0.68068
-46.599,44,-0.68068
-46.55,44,-0.68068
-46.501,44,-0.68068
-46.451,44,-0.68068
-46.402,44,-0.68068
-46.353,44,-0.68068
-46.304,44,-0.68068
-46.255,44,-0.68068
-46.206,44,-0.68068
-46.157,44,-0.68068
-46.108,44,-0.68068
-46.059,44,-0.68068
-46.01,44,-0.68068
-45.962,44,-0.68068
-45.913,44,-0.68068
-45.864,44,-0.68068
-45.815,44,-0.68068
-45.767,44,-0.68068
-45.718,44,-0.68068
-45.67,44,-0.68068
-45.621,44,-0.68068
-45.573,44,-0.68068
-45.525,44,-0.68068
-45.476,44,-0.68068
-45.428,44,-0.68068
-45.38,44,-0.68068
-45.331,44,-0.68068
-45.283,44,-0.68068
-45.235,44,-0.68068
-45.187,44,-0.68068
-45.139,44,-0.68068
-45.091,44,-0.68068
-45.043,44,-0.68068
-44.995,44,-0.68068
-44.947,44,-0.68068
-44.899,44,-0.68068
-44.851,44,-0.68068
-44.804,44,-0.68068
-44.756,44,-0.68068
-44.708,44,-0.68068
-44.661,44,-0.68068
-44.613,44,-0.68068
-44.565,44,-0.68068
-44.518,44,-0.68068
-44.47,44,-0.68068
-44.423,44,-0.68068
-44.376,44,-0.68068
-44.328,44,-0.68068
-44.281,44,-0.68068
-44.234,44,-0.68068
-44.186,44,-0.68068
-44.139,44,-0.68068
-44.092,44,-0.68068
-44.045,44,-0.68068
-43.998,44,-0.68068
-43.951,44,-0.68068
-43.904,44,-0.68068
-43.857,44,-0.68068
-43.81,44,-0.68068
-43.763,44,-0.68068
-43.716,44,-0.68068
-43.669,44,-0.68068
-43.622,44,-0.68068
-43.575,44,-0.68068
-43.529,44,-0.68068
-43.482,44,-0.68068
-43.435,44,-0.68068
-43.389,44,-0.68068
-43.342,44,-0.68068
-43.295,44,-0.68068
-43.249,44,-0.68068
-43.202,44,-0.68068
-43.156,44,-0.68068
-43.109,44,-0.68068
-43.063,44,-0.68068
-43.017,44,-0.68068
-42.97,44,-0.68068
-42.924,44,-0.68068
-42.878,44,-0.68068
-42.832,44,-0.68068
-42.785,44,-0.68068
-42.739,44,-0.68068
-42.693,44,-0.68068
-42.647,44,-0.68068
-42.601,44,-0.68068
-42.555,44,-0.68068
-42.509,44,-0.68068
-42.463,44,-0.68068
-42.417,44,-0.68068
-42.371,44,-0.68068
-42.325,44,-0.68068
-42.28,44,-0.68068
-42.234,44,-0.68068
-42.188,44,-0.68068
-42.142,44,-0.68068
-42.097,44,-0.68068
-42.051,44,-0.68068
-42.005,44,-0.68068
-41.96,44,-0.68068
-41.914,44,-0.68068
-41.869,44,-0.68068
-41.823,44,-0.68068
-41.778,44,-0.68068
-41.732,44,-0.68068
-41.687,44,-0.68068
-41.642,44,-0.68068
-41.596,44,-0.68068
-41.551,44,-0.68068
-41.506,44,-0.68068
-41.461,44,-0.68068
-41.415,44,-0.68068
-41.37,44,-0.68068
-41.325,44,-0.68068
-41.28,44,-0.68068
-41.235,44,-0.68068
-41.19,44,-0.68068
-41.145,44,-0.68068
-41.1,44,-0.68068
-41.055,44,-0.68068
-41.01,44,-0.68068
-40.965,44,-0.68068
-40.92,44,-0.68068
-40.875,44,-0.68068
-40.83,44,-0.68068
-40.786,44,-0.68068
-40.741,44,-0.68068
-40.696,44,-0.68068
-40.652,44,-0.68068
-40.607,44,-0.68068
-40.562,44,-0.68068
-40.518,44,-0.68068
-40.473,44,-0.68068
-40.429,44,-0.68068
-40.384,44,-0.68068
-40.34,44,-0.68068
-40.295,44,-0.68068
-40.251,44,-0.68068
-40.206,44,-0.68068
-40.162,44,-0.68068
-40.118,44,-0.68068
-40.073,44,-0.68068
-40.029,44,-0.68068
-39.985,44,-0.68068
-39.941,44,-0.68068
-39.896,44,-0.68068
-39.852,44,-0.68068
-39.808,44,-0.68068
-39.764,44,-0.68068
-39.72,44,-0.68068
-39.676,44,-0.68068
-39.632,44,-0.68068
-39.588,44,-0.68068
-39.544,44,-0.68068
-39.5,44,-0.68068
-39.456,44,-0.68068
-39.412,44,-0.68068
-39.369,44,-0.68068
-39.325,44,-0.68068
-39.281,44,-0.68068
-39.237,44,-0.68068
-39.193,44,-0.68068
-39.15,44,-0.68068
-39.106,44,-0.68068
-39.063,44,-0.68068
-39.019,44,-0.68068
-38.975,44,-0.68068
-38.932,44,-0.68068
-38.888,44,-0.68068
-38.845,44,-0.68068
-38.801,44,-0.68068
-38.758,44,-0.68068
-38.715,44,-0.68068
-38.671,44,-0.68068
-38.628,44,-0.68068
-38.584,44,-0.68068
-38.541,44,-0.68068
-38.498,44,-0.68068
-38.455,44,-0.68068
-38.412,44,-0.68068
-38.368,44,-0.68068
-38.325,44,-0.68068
-38.282,44,-0.68068
-38.239,44,-0.68068
-38.196,44,-0.68068
-38.153,44,-0.68068
-38.11,44,-0.68068
-38.067,44,-0.68068
-38.024,44,-0.68068
-37.981,44,-0.68068
-37.938,44,-0.68068
-37.895,44,-0.68068
-37.853,44,-0.68068
-37.81,44,-0.68068
-37.767,44,-0.68068
-37.724,44,-0.68068
-37.682,44,-0.68068
-37.639,44,-0.68068
-37.596,44,-0.68068
-37.554,44,-0.68068
-37.511,44,-0.68068
-37.468,44,-0.68068
-37.426,44,-0.68068
-37.383,44,-0.68068
-37.341,44,-0.68068
-37.298,44,-0.68068
-37.256,44,-0.68068
-37.214,44,-0.68068
-37.171,44,-0.68068
-37.129,44,-0.68068
-37.087,44,-0.68068
-37.044,44,-0.68068
-37.002,44,-0.68068
-36.96,44,-0.68068
-36.918,44,-0.68068
-36.875,44,-0.68068
-36.833,44,-0.68068
-36.791,44,-0.68068
-36.749,44,-0.68068
-36.707,44,-0.68068
-36.665,44,-0.68068
-36.623,44,-0.68068
-36.581,44,-0.68068
-36.539,44,-0.68068
-36.497,44,-0.68068
-36.455,44,-0.68068
-36.414,44,-0.68068
-36.372,44,-0.68068
-36.33,44,-0.68068
-36.288,44,-0.68068
-36.247,44,-0.68068
-36.205,44,-0.68068
-36.163,44,-0.68068
-36.122,44,-0.68068
-36.08,44,-0.68068
-36.038,44,-0.68068
-35.997,44,-0.68068
-35.955,44,-0.68068
-35.914,44,-0.68068
-35.872,44,-0.68068
-35.831,44,-0.68068
-35.79,44,-0.68068
-35.748,44,-0.68068
-35.707,44,-0.68068
-35.666,44,-0.68068
-35.624,44,-0.68068
-35.583,44,-0.68068
-35.542,44,-0.68068
-35.501,44,-0.68068
-35.459,44,-0.68068
-35.418,44,-0.68068
-35.377,44,-0.68068
-35.336,44,-0.68068
-35.295,44,-0.68068
-35.254,44,-0.68068
-35.213,44,-0.68068
-35.172,44,-0.68068
-35.131,44,-0.68068
-35.09,44,-0.68068
-35.05,44,-0.68068
-35.009,44,-0.68068
-34.968,44,-0.68068
-34.927,44,-0.68068
-34.886,44,-0.68068
-34.846,44,-0.68068
-34.805,44,-0.68068
-34.764,44,-0.68068
-34.724,44,-0.68068
-34.683,44,-0.68068
-34.643,44,-0.68068
-34.602,44,-0.68068
-34.562,44,-0.68068
-34.521,44,-0.68068
-34.481,44,-0.68068
-34.44,44,-0.68068
-34.4,44,-0.68068
-34.36,44,-0.68068
-34.319,44,-0.68068
-34.279,44,-0.68068
-34.239,44,-0.68068
-34.199,44,-0.68068
-34.159,44,-0.68068
-34.118,44,-0.68068
-34.078,44,-0.68068
-34.038,44,-0.68068
-33.998,44,-0.68068
-33.958,44,-0.68068
-33.918,44,-0.68068
-33.878,44,-0.68068
-33.838,44,-0.68068
-33.799,44,-0.68068
-33.759,44,-0.68068
-33.719,44,-0.68068
-33.679,44,-0.68068
-33.639,44,-0.68068
-33.6,44,-0.68068
-33.56,44,-0.68068
-33.52,44,-0.68068
-33.481,44,-0.68068
-33.441,44,-0.68068
-33.402,44,-0.68068
-33.362,44,-0.68068
-33.323,44,-0.68068
-33.283,44,-0.68068
-33.244,44,-0.68068
-33.204,44,-0.68068
-33.165,44,-0.68068
-33.126,44,-0.68068
-33.086,44,-0.68068
-33.047,44,-0.68068
-33.008,44,-0.68068
-32.969,44,-0.68068
-32.929,44,-0.68068
-32.89,44,-0.68068
-32.851,44,-0.68068
-32.812,44,-0.68068
-32.773,44,-0.68068
-32.734,44,-0.68068
-32.695,44,-0.68068
-32.656,44,-0.68068
-32.617,44,-0.68068
-32.579,44,-0.68068
-32.54,44,-0.68068
-32.501,44,-0.68068
-32.462,44,-0.68068
-32.423,44,-0.68068
-32.385,44,-0.68068
-32.346,44,-0.68068
-32.307,44,-0.68068
-32.269,44,-0.68068
-32.23,44,-0.68068
-32.192,44,-0.68068
-32.153,44,-0.68068
-32.115,44,-0.68068
-32.077,44,-0.68068
-32.038,44,-0.68068
-32,44,-0.68068
-31.961,44,-0.68068
-31.923,44,-0.68068
-31.885,44,-0.68068
-31.847,44,-0.68068
-31.809,44,-0.68068
-31.77,44,-0.68068
-31.732,44,-0.68068
-31.694,44,-0.68068
-31.656,44,-0.68068
-31.618,44,-0.68068
-31.58,44,-0.68068
-31.542,44,-0.68068
-31.505,44,-0.68068
-31.467,44,-0.68068
-31.429,44,-0.68068
-31.391,44,-0.68068
-31.353,44,-0.68068
-31.316,44,-0.68068
-31.278,44,-0.68068
-31.24,44,-0.68068
-31.203,44,-0.68068
-31.165,44,-0.68068
-31.128,44,-0.68068
-31.09,44,-0.68068
-31.053,44,-0.68068
-31.015,44,-0.68068
-30.978,44,-0.68068
-30.941,44,-0.68068
-30.903,44,-0.68068
-30.866,44,-0.68068
-30.829,44,-0.68068
-30.791,44,-0.68068
-30.754,44,-0.68068
-30.717,44,-0.68068
-30.68,44,-0.68068
-30.643,44,-0.68068
-30.606,44,-0.68068
-30.569,44,-0.68068
-30.532,44,-0.68068
-30.495,44,-0.68068
-30.458,44,-0.68068
-30.421,44,-0.68068
-30.385,44,-0.68068
-30.348,44,-0.68068
-30.311,44,-0.68068
-30.274,44,-0.68068
-30.238,44,-0.68068
-30.201,44,-0.68068
-30.165,44,-0.68068
-30.128,44,-0.68068
-30.092,44,-0.68068
-30.055,44,-0.68068
-30.019,44,-0.68068
-29.982,44,-0.68068
-29.946,44,-0.68068
-29.91,44,-0.68068
-29.873,44,-0.68068
-29.837,44,-0.68068
-29.801,44,-0.68068
-29.765,44,-0.68068
-29.729,44,-0.68068
-29.692,44,-0.68068
-29.656,44,-0.68068
-29.62,44,-0.68068
-29.584,44,-0.68068
-29.548,44,-0.68068
-29.512,44,-0.68068
-29.477,44,-0.68068
-29.441,44,-0.68068
-29.405,44,-0.68068
-29.369,44,-0.68068
-29.334,44,-0.68068
-29.298,44,-0.68068
-29.262,44,-0.68068
-29.227,44,-0.68068
-29.191,44,-0.68068
-29.155,44,-0.68068
-29.12,44,-0.68068
-29.085,44,-0.68068
-29.049,44,-0.68068
-29.014,44,-0.68068
-28.978,44,-0.68068
-28.943,44,-0.68068
-28.908,44,-0.68068
-28.873,44,-0.68068
-28.837,44,-0.68068
-28.802,44,-0.68068
-28.767,44,-0.68068
-28.732,44,-0.68068
-28.697,44,-0.68068
-28.662,44,-0.68068
-28.627,44,-0.68068
-28.592,44,-0.68068
-28.557,44,-0.68068
-28.522,44,-0.68068
-28.488,44,-0.68068
-28.453,44,-0.68068
-28.418,44,-0.68068
-28.384,44,-0.68068
-28.349,44,-0.68068
-28.314,44,-0.68068
-28.28,44,-0.68068
-28.245,44,-0.68068
-28.211,44,-0.68068
-28.176,44,-0.68068
-28.142,44,-0.68068
-28.107,44,-0.68068
-28.073,44,-0.68068
-28.039,44,-0.68068
-28.005,44,-0.68068
-27.97,44,-0.68068
-27.936,44,-0.68068
-27.902,44,-0.68068
-27.868,44,-0.68068
-27.834,44,-0.68068
-27.8,44,-0.68068
-27.766,44,-0.68068
-27.732,44,-0.68068
-27.698,44,-0.68068
-27.664,44,-0.68068
-27.63,44,-0.68068
-27.596,44,-0.68068
-27.563,44,-0.68068
-27.529,44,-0.68068
-27.495,44,-0.68068
-27.462,44,-0.68068
-27.428,44,-0.68068
-27.395,44,-0.68068
-27.361,44,-0.68068
-27.328,44,-0.68068
-27.294,44,-0.68068
-27.261,44,-0.68068
-27.227,44,-0.68068
-27.194,44,-0.68068
-27.161,44,-0.68068
-27.128,44,-0.68068
-27.094,44,-0.68068
-27.061,44,-0.68068
-27.028,44,-0.68068
-26.995,44,-0.68068
-26.962,44,-0.68068
-26.929,44,-0.68068
-26.896,44,-0.68068
-26.863,44,-0.68068
-26.83,44,-0.68068
-26.797,44,-0.68068
-26.764,44,-0.68068
-26.732,44,-0.68068
-26.699,44,-0.68068
-26.666,44,-0.68068
-26.634,44,-0.68068
-26.601,44,-0.68068
-26.568,44,-0.68068
-26.536,44,-0.68068
-26.503,44,-0.68068
-26.471,44,-0.68068
-26.438,44,-0.68068
-26.406,44,-0.68068
-26.374,44,-0.68068
-26.341,44,-0.68068
-26.309,44,-0.68068
-26.277,44,-0.68068
-26.245,44,-0.68068
-26.213,44,-0.68068
-26.181,44,-0.68068
-26.148,44,-0.68068
-26.116,44,-0.68068
-26.084,44,-0.68068
-26.053,44,-0.68068
-26.021,44,-0.68068
-25.989,44,-0.68068
-25.957,44,-0.68068
-25.925,44,-0.68068
-25.893,44,-0.68068
-25.862,44,-0.68068
-25.83,44,-0.68068
-25.798,44,-0.68068
-25.767,44,-0.68068
-25.735,44,-0.68068
-25.704,44,-0.68068
-25.672,44,-0.68068
-25.641,44,-0.68068
-25.609,44,-0.68068
-25.578,44,-0.68068
-25.547,44,-0.68068
-25.515,44,-0.68068
-25.484,44,-0.68068
-25.453,44,-0.68068
-25.422,44,-0.68068
-25.391,44,-0.68068
-25.36,44,-0.68068
-25.329,44,-0.68068
-25.298,44,-0.68068
-25.267,44,-0.68068
-25.236,44,-0.68068
-25.205,44,-0.68068
-25.174,44,-0.68068
-25.143,44,-0.68068
-25.112,44,-0.68068
-25.082,44,-0.68068
-25.051,44,-0.68068
-25.02,44,-0.68068
-24.99,44,-0.68068
-24.959,44,-0.68068
-24.928,44,-0.68068
-24.898,44,-0.68068
-24.867,44,-0.68068
-24.837,44,-0.68068
-24.807,44,-0.68068
-24.776,44,-0.68068
-24.746,44,-0.68068
-24.716,44,-0.68068
-24.685,44,-0.68068
-24.655,44,-0.68068
-24.625,44,-0.68068
-24.595,44,-0.68068
-24.565,44,-0.68068
-24.535,44,-0.68068
-24.505,44,-0.68068
-24.475,44,-0.68068
-24.445,44,-0.68068
-24.415,44,-0.68068
-24.385,44,-0.68068
-24.355,44,-0.68068
-24.326,44,-0.68068
-24.296,44,-0.68068
-24.266,44,-0.68068
-24.237,44,-0.68068
-24.207,44,-0.68068
-24.177,44,-0.68068
-24.148,44,-0.68068
-24.118,44,-0.68068
-24.089,44,-0.68068
-24.059,44,-0.68068
-24.03,44,-0.68068
-24.001,44,-0.68068
-23.971,44,-0.68068
-23.942,44,-0.68068
-23.913,44,-0.68068
-23.884,44,-0.68068
-23.854,44,-0.68068
-23.825,44,-0.68068
-23.796,44,-0.68068
-23.767,44,-0.68068
-23.738,44,-0.68068
-23.709,44,-0.68068
-23.68,44,-0.68068
-23.651,44,-0.68068
-23.622,44,-0.68068
-23.593,44,-0.68068
-23.565,44,-0.68068
-23.536,44,-0.68068
-23.507,44,-0.68068
-23.479,44,-0.68068
-23.45,44,-0.68068
-23.421,44,-0.68068
-23.393,44,-0.68068
-23.364,44,-0.68068
-23.336,44,-0.68068
-23.307,44,-0.68068
-23.279,44,-0.68068
-23.25,44,-0.68068
-23.222,44,-0.68068
-23.194,44,-0.68068
-23.165,44,-0.68068
-23.137,44,-0.68068
-23.109,44,-0.68068
-23.081,44,-0.68068
-23.053,44,-0.68068
-23.025,44,-0.68068
-22.997,44,-0.68068
-22.968,44,-0.68068
-22.94,44,-0.68068
-22.913,44,-0.68068
-22.885,44,-0.68068
-22.857,44,-0.68068
-22.829,44,-0.68068
-22.801,44,-0.68068
-22.773,44,-0.68068
-22.746,44,-0.68068
-22.718,44,-0.68068
-22.69,44,-0.68068
-22.663,44,-0.68068
-22.635,44,-0.68068
-22.607,44,-0.68068
-22.58,44,-0.68068
-22.552,44,-0.68068
-22.525,44,-0.68068
-22.498,44,-0.68068
-22.47,44,-0.68068
-22.443,44,-0.68068
-22.416,44,-0.68068
-22.388,44,-0.68068
-22.361,44,-0.68068
-22.334,44,-0.68068
-22.307,44,-0.68068
-22.28,44,-0.68068
-22.252,44,-0.68068
-22.225,44,-0.68068
-22.198,44,-0.68068
-22.171,44,-0.68068
-22.144,44,-0.68068
-22.118,44,-0.68068
-22.091,44,-0.68068
-22.064,44,-0.68068
-22.037,44,-0.68068
-22.01,44,-0.68068
-21.983,44,-0.68068
-21.957,44,-0.68068
-21.93,44,-0.68068
-21.903,44,-0.68068
-21.877,44,-0.68068
-21.85,44,-0.68068
-21.824,44,-0.68068
-21.797,44,-0.68068
-21.771,44,-0.68068
-21.744,44,-0.68068
-21.718,44,-0.68068
-21.692,44,-0.68068
-21.665,44,-0.68068
-21.639,44,-0.68068
-21.613,44,-0.68068
-21.586,44,-0.68068
-21.56,44,-0.68068
-21.534,44,-0.68068
-21.508,44,-0.68068
-21.482,44,-0.68068
-21.456,44,-0.68068
-21.43,44,-0.68068
-21.404,44,-0.68068
-21.378,44,-0.68068
-21.352,44,-0.68068
-21.326,44,-0.68068
-21.3,44,-0.68068
-21.274,44,-0.68068
-21.248,44,-0.68068
-21.223,44,-0.68068
-21.197,44,-0.68068
-21.171,44,-0.68068
-21.146,44,-0.68068
-21.12,44,-0.68068
-21.094,44,-0.68068
-21.069,44,-0.68068
-21.043,44,-0.68068
-21.018,44,-0.68068
-20.992,44,-0.68068
-20.967,44,-0.68068
-20.941,44,-0.68068
-20.916,44,-0.68068
-20.891,44,-0.68068
-20.865,44,-0.68068
-20.84,44,-0.68068
-20.815,44,-0.68068
-20.79,44,-0.68068
-20.765,44,-0.68068
-20.739,44,-0.68068
-20.714,44,-0.68068
-20.689,44,-0.68068
-20.664,44,-0.68068
-20.639,44,-0.68068
-20.614,44,-0.68068
-20.589,44,-0.68068
-20.564,44,-0.68068
-20.539,44,-0.68068
-20.515,44,-0.68068
-20.49,44,-0.68068
-20.465,44,-0.68068
-20.44,44,-0.68068
-20.415,44,-0.68068
-20.391,44,-0.68068
-20.366,44,-0.68068
-20.341,44,-0.68068
-20.317,44,-0.68068
-20.292,44,-0.68068
-20.268,44,-0.68068
-20.243,44,-0.68068
-20.219,44,-0.68068
-20.194,44,-0.68068
-20.17,44,-0.68068
-20.145,44,-0.68068
-20.121,44,-0.68068
-20.097,44,-0.68068
-20.072,44,-0.68068
-20.048,44,-0.68068
-20.024,44,-0.68068
-20,44,-0.68068
-19.975,44,-0.68068
-19.951,44,-0.68068
-19.927,44,-0.68068
-19.903,44,-0.68068
-19.879,44,-0.68068
-19.855,44,-0.68068
-19.831,44,-0.68068
-19.807,44,-0.68068
-19.783,44,-0.68068
-19.759,44,-0.68068
-19.735,44,-0.68068
-19.712,44,-0.68068
-19.688,44,-0.68068
-19.664,44,-0.68068
-19.64,44,-0.68068
-19.616,44,-0.68068
-19.593,44,-0.68068
-19.569,44,-0.68068
-19.545,44,-0.68068
-19.522,44,-0.68068
-19.498,44,-0.68068
-19.475,44,-0.68068
-19.451,44,-0.68068
-19.428,44,-0.68068
-19.404,44,-0.68068
-19.381,44,-0.68068
-19.357,44,-0.68068
-19.334,44,-0.68068
-19.311,44,-0.68068
-19.287,44,-0.68068
-19.264,44,-0.68068
-19.241,44,-0.68068
-19.217,44,-0.68068
-19.194,44,-0.68068
-19.171,44,-0.68068
-19.148,44,-0.68068
-19.125,44,-0.68068
-19.102,44,-0.68068
-19.079,44,-0.68068
-19.056,44,-0.68068
-19.033,44,-0.68068
-19.01,44,-0.68068
-18.987,44,-0.68068
-18.964,44,-0.68068
-18.941,44,-0.68068
-18.918,44,-0.68068
-18.895,44,-0.68068
-18.872,44,-0.68068
-18.849,44,-0.68068
-18.827,44,-0.68068
-18.804,44,-0.68068
-18.781,44,-0.68068
-18.759,44,-0.68068
-18.736,44,-0.68068
-18.713,44,-0.68068
-18.691,44,-0.68068
-18.668,44,-0.68068
-18.646,44,-0.68068
-18.623,44,-0.68068
-18.601,44,-0.68068
-18.578,44,-0.68068
-18.556,44,-0.68068
-18.533,44,-0.68068
-18.511,44,-0.68068
-18.489,44,-0.68068
-18.466,44,-0.68068
-18.444,44,-0.68068
-18.422,44,-0.68068
-18.399,44,-0.68068
-18.377,44,-0.68068
-18.355,44,-0.68068
-18.333,44,-0.68068
-18.311,44,-0.68068
-18.289,44,-0.68068
-18.266,44,-0.68068
-18.244,44,-0.68068
-18.222,44,-0.68068
-18.2,44,-0.68068
-18.178,44,-0.68068
-18.156,44,-0.68068
-18.134,44,-0.68068
-18.113,44,-0.68068
-18.091,44,-0.68068
-18.069,44,-0.68068
-18.047,44,-0.68068
-18.025,44,-0.68068
-18.003,44,-0.68068
-17.982,44,-0.68068
-17.96,44,-0.68068
-17.938,44,-0.68068
-17.917,44,-0.68068
-17.895,44,-0.68068
-17.873,44,-0.68068
-17.852,44,-0.68068
-17.83,44,-0.68068
-17.809,44,-0.68068
-17.787,44,-0.68068
-17.765,44,-0.68068
-17.744,44,-0.68068
-17.723,44,-0.68068
-17.701,44,-0.68068
-17.68,44,-0.68068
-17.658,44,-0.68068
-17.637,44,-0.68068
-17.616,44,-0.68068
-17.594,44,-0.68068
-17.573,44,-0.68068
-17.552,44,-0.68068
-17.531,44,-0.68068
-17.509,44,-0.68068
-17.488,44,-0.68068
-17.467,44,-0.68068
-17.446,44,-0.68068
-17.425,44,-0.68068
-17.404,44,-0.68068
-17.383,44,-0.68068
-17.362,44,-0.68068
-17.341,44,-0.68068
-17.32,44,-0.68068
-17.299,44,-0.68068
-17.278,44,-0.68068
-17.257,44,-0.68068
-17.236,44,-0.68068
-17.215,44,-0.68068
-17.194,44,-0.68068
-17.174,44,-0.68068
-17.153,44,-0.68068
-17.132,44,-0.68068
-17.111,44,-0.68068
-17.09,44,-0.68068
-17.07,44,-0.68068
-17.049,44,-0.68068
-17.028,44,-0.68068
-17.008,44,-0.68068
-16.987,44,-0.68068
-16.967,44,-0.68068
-16.946,44,-0.68068
-16.926,44,-0.68068
-16.905,44,-0.68068
-16.885,44,-0.68068
-16.864,44,-0.68068
-16.844,44,-0.68068
-16.823,44,-0.68068
-16.803,44,-0.68068
-16.782,44,-0.68068
-16.762,44,-0.68068
-16.742,44,-0.68068
-16.722,44,-0.68068
-16.701,44,-0.68068
-16.681,44,-0.68068
-16.661,44,-0.68068
-16.641,44,-0.68068
-16.62,44,-0.68068
-16.6,44,-0.68068
-16.58,44,-0.68068
-16.56,44,-0.68068
-16.54,44,-0.68068
-16.52,44,-0.68068
-16.5,44,-0.68068
-16.48,44,-0.68068
-16.46,44,-0.68068
-16.44,44,-0.68068
-16.42,44,-0.68068
-16.4,44,-0.68068
-16.38,44,-0.68068
-16.36,44,-0.68068
-16.34,44,-0.68068
-16.32,44,-0.68068
-16.3,44,-0.68068
-16.281,44,-0.68068
-16.261,44,-0.68068
-16.241,44,-0.68068
-16.221,44,-0.68068
-16.202,44,-0.68068
-16.182,44,-0.68068
-16.162,44,-0.68068
-16.143,44,-0.68068
-16.123,44,-0.68068
-16.103,44,-0.68068
-16.084,44,-0.68068
-16.064,44,-0.68068
-16.045,44,-0.68068
-16.025,44,-0.68068
-16.006,44,-0.68068
-15.986,44,-0.68068
-15.967,44,-0.68068
-15.947,44,-0.68068
-15.928,44,-0.68068
-15.908,44,-0.68068
-15.889,44,-0.68068
-15.87,44,-0.68068
-15.85,44,-0.68068
-15.831,44,-0.68068
-15.812,44,-0.68068
-15.792,44,-0.68068
-15.773,44,-0.68068
-15.754,44,-0.68068
-15.735,44,-0.68068
-15.716,44,-0.68068
-15.696,44,-0.68068
-15.677,44,-0.68068
-15.658,44,-0.68068
-15.639,44,-0.68068
-15.62,44,-0.68068
-15.601,44,-0.68068
-15.582,44,-0.68068
-15.563,44,-0.68068
-15.544,44,-0.68068
-15.525,44,-0.68068
-15.506,44,-0.68068
-15.487,44,-0.68068
-15.468,44,-0.68068
-15.449,44,-0.68068
-15.43,44,-0.68068
-15.412,44,-0.68068
-15.393,44,-0.68068
-15.374,44,-0.68068
-15.355,44,-0.68068
-15.336,44,-0.68068
-15.318,44,-0.68068
-15.299,44,-0.68068
-15.28,44,-0.68068
-15.261,44,-0.68068
-15.243,44,-0.68068
-15.224,44,-0.68068
-15.206,44,-0.68068
-15.187,44,-0.68068
-15.168,44,-0.68068
-15.15,44,-0.68068
-15.131,44,-0.68068
-15.113,44,-0.68068
-15.094,44,-0.68068
-15.076,44,-0.68068
-15.057,44,-0.68068
-15.039,44,-0.68068
-15.02,44,-0.68068
-15.002,44,-0.68068
-14.984,44,-0.68068
-14.965,44,-0.68068
-14.947,44,-0.68068
-14.929,44,-0.68068
-14.91,44,-0.68068
-14.892,44,-0.68068
-14.874,44,-0.68068
-14.855,44,-0.68068
-14.837,44,-0.68068
-14.819,44,-0.68068
-14.801,44,-0.68068
-14.783,44,-0.68068
-14.765,44,-0.68068
-14.746,44,-0.68068
-14.728,44,-0.68068
-14.71,44,-0.68068
-14.692,44,-0.68068
-14.674,44,-0.68068
-14.656,44,-0.68068
-14.638,44,-0.68068
-14.62,44,-0.68068
-14.602,44,-0.68068
-14.584,44,-0.68068
-14.566,44,-0.68068
-14.548,44,-0.68068
-14.53,44,-0.68068
-14.513,44,-0.68068
-14.495,44,-0.68068
-14.477,44,-0.68068
-14.459,44,-0.68068
-14.441,44,-0.68068
-14.423,44,-0.68068
-14.406,44,-0.68068
-14.388,44,-0.68068
-14.37,44,-0.68068
-14.353,44,-0.68068
-14.335,44,-0.68068
-14.317,44,-0.68068
-14.3,44,-0.68068
-14.282,44,-0.68068
-14.264,44,-0.68068
-14.247,44,-0.68068
-14.229,44,-0.68068
-14.212,44,-0.68068
-14.194,44,-0.68068
-14.177,44,-0.68068
-14.159,44,-0.68068
-14.142,44,-0.68068
-14.124,44,-0.68068
-14.107,44,-0.68068
-14.089,44,-0.68068
-14.072,44,-0.68068
-14.055,44,-0.68068
-14.037,44,-0.68068
-14.02,44,-0.68068
-14.003,44,-0.68068
-13.985,44,-0.68068
-13.968,44,-0.68068
-13.951,44,-0.68068
-13.933,44,-0.68068
-13.916,44,-0.68068
-13.899,44,-0.68068
-13.882,44,-0.68068
-13.865,44,-0.68068
-13.848,44,-0.68068
-13.83,44,-0.68068
-13.813,44,-0.68068
-13.796,44,-0.68068
-13.779,44,-0.68068
-13.762,44,-0.68068
-13.745,44,-0.68068
-13.728,44,-0.68068
-13.711,44,-0.68068
-13.694,44,-0.68068
-13.677,44,-0.68068
-13.66,44,-0.68068
-13.643,44,-0.68068
-13.626,44,-0.68068
-13.609,44,-0.68068
-13.592,44,-0.68068
-13.576,44,-0.68068
-13.559,44,-0.68068
-13.542,44,-0.68068
-13.525,44,-0.68068
-13.508,44,-0.68068
-13.492,44,-0.68068
-13.475,44,-0.68068
-13.458,44,-0.68068
-13.441,44,-0.68068
-13.425,44,-0.68068
-13.408,44,-0.68068
-13.391,44,-0.68068
-13.375,44,-0.68068
-13.358,44,-0.68068
-13.341,44,-0.68068
-13.325,44,-0.68068
-13.308,44,-0.68068
-13.292,44,-0.68068
-13.275,44,-0.68068
-13.259,44,-0.68068
-13.242,44,-0.68068
-13.226,44,-0.68068
-13.209,44,-0.68068
-13.193,44,-0.68068
-13.176,44,-0.68068
-13.16,44,-0.68068
-13.144,44,-0.68068
-13.127,44,-0.68068
-13.111,44,-0.68068
-13.095,44,-0.68068
-13.078,44,-0.68068
-13.062,44,-0.68068
-13.046,44,-0.68068
-13.029,44,-0.68068
-13.013,44,-0.68068
-12.997,44,-0.68068
-12.981,44,-0.68068
-12.965,44,-0.68068
-12.948,44,-0.68068
-12.932,44,-0.68068
-12.916,44,-0.68068
-12.9,44,-0.68068
-12.884,44,-0.68068
-12.868,44,-0.68068
-12.852,44,-0.68068
-12.836,44,-0.68068
-12.82,44,-0.68068
-12.804,44,-0.68068
-12.788,44,-0.68068
-12.772,44,-0.68068
-12.756,44,-0.68068
-12.74,44,-0.68068
-12.724,44,-0.68068
-12.708,44,-0.68068
-12.692,44,-0.68068
-12.676,44,-0.68068
-12.66,44,-0.68068
-12.644,44,-0.68068
-12.629,44,-0.68068
-12.613,44,-0.68068
-12.597,44,-0.68068
-12.581,44,-0.68068
-12.566,44,-0.68068
-12.55,44,-0.68068
-12.534,44,-0.68068
-12.518,44,-0.68068
-12.503,44,-0.68068
-12.487,44,-0.68068
-12.471,44,-0.68068
-12.456,44,-0.68068
-12.44,44,-0.68068
-12.425,44,-0.68068
-12.409,44,-0.68068
-12.393,44,-0.68068
-12.378,44,-0.68068
-12.362,44,-0.68068
-12.347,44,-0.68068
-12.331,44,-0.68068
-12.316,44,-0.68068
-12.3,44,-0.68068
-12.285,44,-0.68068
-12.27,44,-0.68068
-12.254,44,-0.68068
-12.239,44,-0.68068
-12.223,44,-0.68068
-12.208,44,-0.68068
-12.193,44,-0.68068
-12.177,44,-0.68068
-12.162,44,-0.68068
-12.147,44,-0.68068
-12.132,44,-0.68068
-12.116,44,-0.68068
-12.101,44,-0.68068
-12.086,44,-0.68068
-12.071,44,-0.68068
-12.056,44,-0.68068
-12.04,44,-0.68068
-12.025,44,-0.68068
-12.01,44,-0.68068
-11.995,44,-0.68068
-11.98,44,-0.68068
-11.965,44,-0.68068
-11.95,44,-0.68068
-11.935,44,-0.68068
-11.92,44,-0.68068
-11.905,44,-0.68068
-11.89,44,-0.68068
-11.875,44,-0.68068
-11.86,44,-0.68068
-11.845,44,-0.68068
-11.83,44,-0.68068
-11.815,44,-0.68068
-11.8,44,-0.68068
-11.785,44,-0.68068
-11.77,44,-0.68068
-11.756,44,-0.68068
-11.741,44,-0.68068
-11.726,44,-0.68068
-11.711,44,-0.68068
-11.696,44,-0.68068
-11.682,44,-0.68068
-11.667,44,-0.68068
-11.652,44,-0.68068
-11.637,44,-0.68068
-11.623,44,-0.68068
-11.608,44,-0.68068
-11.593,44,-0.68068
-11.579,44,-0.68068
-11.564,44,-0.68068
-11.55,44,-0.68068
-11.535,44,-0.68068
-11.52,44,-0.68068
-11.506,44,-0.68068
-11.491,44,-0.68068
-11.477,44,-0.68068
-11.462,44,-0.68068
-11.448,44,-0.68068
-11.433,44,-0.68068
-11.419,44,-0.68068
-11.405,44,-0.68068
-11.39,44,-0.68068
-11.376,44,-0.68068
-11.361,44,-0.68068
-11.347,44,-0.68068
-11.333,44,-0.68068
-11.318,44,-0.68068
-11.304,44,-0.68068
-11.29,44,-0.68068
-11.275,44,-0.68068
-11.261,44,-0.68068
-11.247,44,-0.68068
-11.233,44,-0.68068
-11.218,44,-0.68068
-11.204,44,-0.68068
-11.19,44,-0.68068
-11.176,44,-0.68068
-11.162,44,-0.68068
-11.148,44,-0.68068
-11.133,44,-0.68068
-11.119,44,-0.68068
-11.105,44,-0.68068
-11.091,44,-0.68068
-11.077,44,-0.68068
-11.063,44,-0.68068
-11.049,44,-0.68068
-11.035,44,-0.68068
-11.021,44,-0.68068
-11.007,44,-0.68068
-10.993,44,-0.68068
-10.979,44,-0.68068
-10.965,44,-0.68068
-10.951,44,-0.68068
-10.938,44,-0.68068
-10.924,44,-0.68068
-10.91,44,-0.68068
-10.896,44,-0.68068
-10.882,44,-0.68068
-10.868,44,-0.68068
-10.855,44,-0.68068
-10.841,44,-0.68068
-10.827,44,-0.68068
-10.813,44,-0.68068
-10.8,44,-0.68068
-10.786,44,-0.68068
-10.772,44,-0.68068
-10.758,44,-0.68068
-10.745,44,-0.68068
-10.731,44,-0.68068
-10.718,44,-0.68068
-10.704,44,-0.68068
-10.69,44,-0.68068
-10.677,44,-0.68068
-10.663,44,-0.68068
-10.65,44,-0.68068
-10.636,44,-0.68068
-10.623,44,-0.68068
-10.609,44,-0.68068
-10.596,44,-0.68068
-10.582,44,-0.68068
-10.569,44,-0.68068
-10.555,44,-0.68068
-10.542,44,-0.68068
-10.528,44,-0.68068
-10.515,44,-0.68068
-10.502,44,-0.68068
-10.488,44,-0.68068
-10.475,44,-0.68068
-10.462,44,-0.68068
-10.448,44,-0.68068
-10.435,44,-0.68068
-10.422,44,-0.68068
-10.409,44,-0.68068
-10.395,44,-0.68068
-10.382,44,-0.68068
-10.369,44,-0.68068
-10.356,44,-0.68068
-10.343,44,-0.68068
-10.329,44,-0.68068
-10.316,44,-0.68068
-10.303,44,-0.68068
-10.29,44,-0.68068
-10.277,44,-0.68068
-10.264,44,-0.68068
-10.251,44,-0.68068
-10.238,44,-0.68068
-10.225,44,-0.68068
-10.212,44,-0.68068
-10.199,44,-0.68068
-10.186,44,-0.68068
-10.173,44,-0.68068
-10.16,44,-0.68068
-10.147,44,-0.68068
-10.134,44,-0.68068
-10.121,44,-0.68068
-10.108,44,-0.68068
-10.095,44,-0.68068
-10.082,44,-0.68068
-10.07,44,-0.68068
-10.057,44,-0.68068
-10.044,44,-0.68068
-10.031,44,-0.68068
-10.018,44,-0.68068
-10.006,44,-0.68068
-9.9928,44,-0.68068
-9.9801,44,-0.68068
-9.9674,44,-0.68068
-9.9547,44,-0.68068
-9.942,44,-0.68068
-9.9293,44,-0.68068
-9.9167,44,-0.68068
-9.904,44,-0.68068
-9.8914,44,-0.68068
-9.8788,44,-0.68068
-9.8662,44,-0.68068
-9.8536,44,-0.68068
-9.8411,44,-0.68068
-9.8285,44,-0.68068
-9.816,44,-0.68068
-9.8035,44,-0.68068
-9.791,44,-0.68068
-9.7785,44,-0.68068
-9.766,44,-0.68068
-9.7536,44,-0.68068
-9.7411,44,-0.68068
-9.7287,44,-0.68068
-9.7163,44,-0.68068
-9.7039,44,-0.68068
-9.6915,44,-0.68068
-9.6792,44,-0.68068
-9.6668,44,-0.68068
-9.6545,44,-0.68068
-9.6422,44,-0.68068
-9.6299,44,-0.68068
-9.6176,44,-0.68068
-9.6053,44,-0.68068
-9.5931,44,-0.68068
-9.5808,44,-0.68068
-9.5686,44,-0.68068
-9.5564,44,-0.68068
-9.5442,44,-0.68068
-9.532,44,-0.68068
-9.5199,44,-0.68068
-9.5077,44,-0.68068
-9.4956,44,-0.68068
-9.4835,44,-0.68068
-9.4714,44,-0.68068
-9.4593,44,-0.68068
-9.4472,44,-0.68068
-9.4351,44,-0.68068
-9.4231,44,-0.68068
-9.4111,44,-0.68068
-9.3991,44,-0.68068
-9.3871,44,-0.68068
-9.3751,44,-0.68068
-9.3631,44,-0.68068
-9.3512,44,-0.68068
-9.3392,44,-0.68068
-9.3273,44,-0.68068
-9.3154,44,-0.68068
-9.3035,44,-0.68068
-9.2916,44,-0.68068
-9.2798,44,-0.68068
-9.2679,44,-0.68068
-9.2561,44,-0.68068
-9.2443,44,-0.68068
-9.2325,44,-0.68068
-9.2207,44,-0.68068
-9.2089,44,-0.68068
-9.1972,44,-0.68068
-9.1854,44,-0.68068
-9.1737,44,-0.68068
-9.162,44,-0.68068
-9.1503,44,-0.68068
-9.1386,44,-0.68068
-9.127,44,-0.68068
-9.1153,44,-0.68068
-9.1037,44,-0.68068
-9.092,44,-0.68068
-9.0804,44,-0.68068
-9.0688,44,-0.68068
-9.0573,44,-0.68068
-9.0457,44,-0.68068
-9.0341,44,-0.68068
-9.0226,44,-0.68068
-9.0111,44,-0.68068
-8.9996,44,-0.68068
-8.9881,44,-0.68068
-8.9766,44,-0.68068
-8.9652,44,-0.68068
-8.9537,44,-0.68068
-8.9423,44,-0.68068
-8.9309,44,-0.68068
-8.9194,44,-0.68068
-8.9081,44,-0.68068
-8.8967,44,-0.68068
-8.8853,44,-0.68068
-8.874,44,-0.68068
-8.8626,44,-0.68068
-8.8513,44,-0.68068
-8.84,44,-0.68068
-8.8287,44,-0.68068
-8.8175,44,-0.68068
-8.8062,44,-0.68068
-8.795,44,-0.68068
-8.7837,44,-0.68068
-8.7725,44,-0.68068
-8.7613,44,-0.68068
-8.7501,44,-0.68068
-8.739,44,-0.68068
-8.7278,44,-0.68068
-8.7167,44,-0.68068
-8.7055,44,-0.68068
-8.6944,44,-0.68068
-8.6833,44,-0.68068
-8.6722,44,-0.68068
-8.6611,44,-0.68068
-8.6501,44,-0.68068
-8.639,44,-0.68068
-8.628,44,-0.68068
-8.617,44,-0.68068
-8.606,44,-0.68068
-8.595,44,-0.68068
-8.584,44,-0.68068
-8.5731,44,-0.68068
-8.5621,44,-0.68068
-8.5512,44,-0.68068
-8.5403,44,-0.68068
-8.5294,44,-0.68068
-8.5185,44,-0.68068
-8.5076,44,-0.68068
-8.4967,44,-0.68068
-8.4859,44,-0.68068
-8.4751,44,-0.68068
-8.4642,44,-0.68068
-8.4534,44,-0.68068
-8.4426,44,-0.68068
-8.4319,44,-0.68068
-8.4211,44,-0.68068
-8.4103,44,-0.68068
-8.3996,44,-0.68068
-8.3889,44,-0.68068
-8.3782,44,-0.68068
-8.3675,44,-0.68068
-8.3568,44,-0.68068
-8.3461,44,-0.68068
-8.3355,44,-0.68068
-8.3248,44,-0.68068
-8.3142,44,-0.68068
-8.3036,44,-0.68068
-8.293,44,-0.68068
-8.2824,44,-0.68068
-8.2718,44,-0.68068
-8.2613,44,-0.68068
-8.2507,44,-0.68068
-8.2402,44,-0.68068
-8.2297,44,-0.68068
-8.2192,44,-0.68068
-8.2087,44,-0.68068
-8.1982,44,-0.68068
-8.1878,44,-0.68068
-8.1773,44,-0.68068
-8.1669,44,-0.68068
-8.1565,44,-0.68068
-8.146,44,-0.68068
-8.1356,44,-0.68068
-8.1253,44,-0.68068
-8.1149,44,-0.68068
-8.1045,44,-0.68068
-8.0942,44,-0.68068
-8.0839,44,-0.68068
-8.0736,44,-0.68068
-8.0633,44,-0.68068
-8.053,44,-0.68068
-8.0427,44,-0.68068
-8.0324,44,-0.68068
-8.0222,44,-0.68068
-8.0119,44,-0.68068
-8.0017,44,-0.68068
-7.9915,44,-0.68068
-7.9813,44,-0.68068
-7.9711,44,-0.68068
-7.961,44,-0.68068
-7.9508,44,-0.68068
-7.9407,44,-0.68068
-7.9305,44,-0.68068
-7.9204,44,-0.68068
-7.9103,44,-0.68068
-7.9002,44,-0.68068
-7.8902,44,-0.68068
-7.8801,44,-0.68068
-7.87,44,-0.68068
-7.86,44,-0.68068
-7.85,44,-0.68068
-7.84,44,-0.68068
-7.83,44,-0.68068
-7.82,44,-0.68068
-7.81,44,-0.68068
-7.8,44,-0.68068
-7.7901,44,-0.68068
-7.7802,44,-0.68068
-7.7702,44,-0.68068
-7.7603,44,-0.68068
-7.7504,44,-0.68068
-7.7406,44,-0.68068
-7.7307,44,-0.68068
-7.7208,44,-0.68068
-7.711,44,-0.68068
-7.7012,44,-0.68068
-7.6913,44,-0.68068
-7.6815,44,-0.68068
-7.6717,44,-0.68068
-7.662,44,-0.68068
-7.6522,44,-0.68068
-7.6424,44,-0.68068
-7.6327,44,-0.68068
-7.623,44,-0.68068
-7.6132,44,-0.68068
-7.6035,44,-0.68068
-7.5939,44,-0.68068
-7.5842,44,-0.68068
-7.5745,44,-0.68068
-7.5649,44,-0.68068
-7.5552,44,-0.68068
-7.5456,44,-0.68068
-7.536,44,-0.68068
-7.5264,44,-0.68068
-7.5168,44,-0.68068
-7.5072,44,-0.68068
-7.4976,44,-0.68068
-7.4881,44,-0.68068
-7.4785,44,-0.68068
-7.469,44,-0.68068
-7.4595,44,-0.68068
-7.45,44,-0.68068
-7.4405,44,-0.68068
-7.431,44,-0.68068
-7.4215,44,-0.68068
-7.4121,44,-0.68068
-7.4026,44,-0.68068
-7.3932,44,-0.68068
-7.3838,44,-0.68068
-7.3744,44,-0.68068
-7.365,44,-0.68068
-7.3556,44,-0.68068
-7.3462,44,-0.68068
-7.3369,44,-0.68068
-7.3275,44,-0.68068
-7.3182,44,-0.68068
-7.3089,44,-0.68068
-7.2996,44,-0.68068
-7.2903,44,-0.68068
-7.281,44,-0.68068
-7.2717,44,-0.68068
-7.2624,44,-0.68068
-7.2532,44,-0.68068
-7.244,44,-0.68068
-7.2347,44,-0.68068
-7.2255,44,-0.68068
-7.2163,44,-0.68068
-7.2071,44,-0.68068
-7.1979,44,-0.68068
-7.1888,44,-0.68068
-7.1796,44,-0.68068
-7.1705,44,-0.68068
-7.1613,44,-0.68068
-7.1522,44,-0.68068
-7.1431,44,-0.68068
-7.134,44,-0.68068
-7.1249,44,-0.68068
-7.1159,44,-0.68068
-7.1068,44,-0.68068
-7.0978,44,-0.68068
-7.0887,44,-0.68068
-7.0797,44,-0.68068
-7.0707,44,-0.68068
-7.0617,44,-0.68068
-7.0527,44,-0.68068
-7.0437,44,-0.68068
-7.0348,44,-0.68068
-7.0258,44,-0.68068
-7.0169,44,-0.68068
-7.0079,44,-0.68068
-6.999,44,-0.68068
-6.9901,44,-0.68068
-6.9812,44,-0.68068
-6.9723,44,-0.68068
-6.9634,44,-0.68068
-6.9546,44,-0.68068
-6.9457,44,-0.68068
-6.9369,44,-0.68068
-6.9281,44,-0.68068
-6.9192,44,-0.68068
-6.9104,44,-0.68068
-6.9016,44,-0.68068
-6.8929,44,-0.68068
-6.8841,44,-0.68068
-6.8753,44,-0.68068
-6.8666,44,-0.68068
-6.8578,44,-0.68068
-6.8491,44,-0.68068
-6.8404,44,-0.68068
-6.8317,44,-0.68068
-6.823,44,-0.68068
-6.8143,44,-0.68068
-6.8056,44,-0.68068
-6.797,44,-0.68068
-6.7883,44,-0.68068
-6.7797,44,-0.68068
-6.7711,44,-0.68068
-6.7625,44,-0.68068
-6.7539,44,-0.68068
-6.7453,44,-0.68068
-6.7367,44,-0.68068
-6.7281,44,-0.68068
-6.7196,44,-0.68068
-6.711,44,-0.68068
-6.7025,44,-0.68068
-6.6939,44,-0.68068
-6.6854,44,-0.68068
-6.6769,44,-0.68068
-6.6684,44,-0.68068
-6.6599,44,-0.68068
-6.6515,44,-0.68068
-6.643,44,-0.68068
-6.6346,44,-0.68068
-6.6261,44,-0.68068
-6.6177,44,-0.68068
-6.6093,44,-0.68068
-6.6009,44,-0.68068
-6.5925,44,-0.68068
-6.5841,44,-0.68068
-6.5757,44,-0.68068
-6.5673,44,-0.68068
-6.559,44,-0.68068
-6.5507,44,-0.68068
-6.5423,44,-0.68068
-6.534,44,-0.68068
-6.5257,44,-0.68068
-6.5174,44,-0.68068
-6.5091,44,-0.68068
-6.5008,44,-0.68068
-6.4926,44,-0.68068
-6.4843,44,-0.68068
-6.476,44,-0.68068
-6.4678,44,-0.68068
-6.4596,44,-0.68068
-6.4514,44,-0.68068
-6.4432,44,-0.68068
-6.435,44,-0.68068
-6.4268,44,-0.68068
-6.4186,44,-0.68068
-6.4105,44,-0.68068
-6.4023,44,-0.68068
-6.3942,44,-0.68068
-6.386,44,-0.68068
-6.3779,44,-0.68068
-6.3698,44,-0.68068
-6.3617,44,-0.68068
-6.3536,44,-0.68068
-6.3455,44,-0.68068
-6.3375,44,-0.68068
-6.3294,44,-0.68068
-6.3213,44,-0.68068
-6.3133,44,-0.68068
-6.3053,44,-0.68068
-6.2973,44,-0.68068
-6.2892,44,-0.68068
-6.2812,44,-0.68068
-6.2733,44,-0.68068
-6.2653,44,-0.68068
-6.2573,44,-0.68068
-6.2494,44,-0.68068
-6.2414,44,-0.68068
-6.2335,44,-0.68068
-6.2255,44,-0.68068
-6.2176,44,-0.68068
-6.2097,44,-0.68068
-6.2018,44,-0.68068
-6.1939,44,-0.68068
-6.1861,44,-0.68068
-6.1782,44,-0.68068
-6.1703,44,-0.68068
-6.1625,44,-0.68068
-6.1546,44,-0.68068
-6.1468,44,-0.68068
-6.139,44,-0.68068
-6.1312,44,-0.68068
-6.1234,44,-0.68068
-6.1156,44,-0.68068
-6.1078,44,-0.68068
-6.1001,44,-0.68068
-6.0923,44,-0.68068
-6.0846,44,-0.68068
-6.0768,44,-0.68068
-6.0691,44,-0.68068
-6.0614,44,-0.68068
-6.0537,44,-0.68068
-6.046,44,-0.68068
-6.0383,44,-0.68068
-6.0306,44,-0.68068
-6.0229,44,-0.68068
-6.0153,44,-0.68068
-6.0076,44,-0.68068
-6,44,-0.68068
-5.9923,44,-0.68068
-5.9847,44,-0.68068
-5.9771,44,-0.68068
-5.9695,44,-0.68068
-5.9619,44,-0.68068
-5.9543,44,-0.68068
-5.9467,44,-0.68068
-5.9392,44,-0.68068
-5.9316,44,-0.68068
-5.9241,44,-0.68068
-5.9165,44,-0.68068
-5.909,44,-0.68068
-5.9015,44,-0.68068
-5.894,44,-0.68068
-5.8865,44,-0.68068
-5.879,44,-0.68068
-5.8715,44,-0.68068
-5.864,44,-0.68068
-5.8566,44,-0.68068
-5.8491,44,-0.68068
-5.8417,44,-0.68068
-5.8343,44,-0.68068
-5.8268,44,-0.68068
-5.8194,44,-0.68068
-5.812,44,-0.68068
-5.8046,44,-0.68068
-5.7972,44,-0.68068
-5.7899,44,-0.68068
-5.7825,44,-0.68068
-5.7751,44,-0.68068
-5.7678,44,-0.68068
-5.7604,44,-0.68068
-5.7531,44,-0.68068
-5.7458,44,-0.68068
-5.7385,44,-0.68068
-5.7312,44,-0.68068
-5.7239,44,-0.68068
-5.7166,44,-0.68068
-5.7093,44,-0.68068
-5.702,44,-0.68068
-5.6948,44,-0.68068
-5.6875,44,-0.68068
-5.6803,44,-0.68068
-5.6731,44,-0.68068
-5.6658,44,-0.68068
-5.6586,44,-0.68068
-5.6514,44,-0.68068
-5.6442,44,-0.68068
-5.637,44,-0.68068
-5.6299,44,-0.68068
-5.6227,44,-0.68068
-5.6155,44,-0.68068
-5.6084,44,-0.68068
-5.6013,44,-0.68068
-5.5941,44,-0.68068
-5.587,44,-0.68068
-5.5799,44,-0.68068
-5.5728,44,-0.68068
-5.5657,44,-0.68068
-5.5586,44,-0.68068
-5.5515,44,-0.68068
-5.5444,44,-0.68068
-5.5374,44,-0.68068
-5.5303,44,-0.68068
-5.5233,44,-0.68068
-5.5162,44,-0.68068
-5.5092,44,-0.68068
-5.5022,44,-0.68068
-5.4952,44,-0.68068
-5.4882,44,-0.68068
-5.4812,44,-0.68068
-5.4742,44,-0.68068
-5.4672,44,-0.68068
-5.4603,44,-0.68068
-5.4533,44,-0.68068
-5.4464,44,-0.68068
-5.4394,44,-0.68068
-5.4325,44,-0.68068
-5.4256,44,-0.68068
-5.4187,44,-0.68068
-5.4117,44,-0.68068
-5.4049,44,-0.68068
-5.398,44,-0.68068
-5.3911,44,-0.68068
-5.3842,44,-0.68068
-5.3773,44,-0.68068
-5.3705,44,-0.68068
-5.3636,44,-0.68068
-5.3568,44,-0.68068
-5.35,44,-0.68068
-5.3432,44,-0.68068
-5.3363,44,-0.68068
-5.3295,44,-0.68068
-5.3227,44,-0.68068
-5.316,44,-0.68068
-5.3092,44,-0.68068
-5.3024,44,-0.68068
-5.2956,44,-0.68068
-5.2889,44,-0.68068
-5.2821,44,-0.68068
-5.2754,44,-0.68068
-5.2687,44,-0.68068
-5.262,44,-0.68068
-5.2552,44,-0.68068
-5.2485,44,-0.68068
-5.2418,44,-0.68068
-5.2352,44,-0.68068
-5.2285,44,-0.68068
-5.2218,44,-0.68068
-5.2151,44,-0.68068
-5.2085,44,-0.68068
-5.2018,44,-0.68068
-5.1952,44,-0.68068
-5.1886,44,-0.68068
-5.182,44,-0.68068
-5.1753,44,-0.68068
-5.1687,44,-0.68068
-5.1621,44,-0.68068
-5.1555,44,-0.68068
-5.149,44,-0.68068
-5.1424,44,-0.68068
-5.1358,44,-0.68068
-5.1293,44,-0.68068
-5.1227,44,-0.68068
-5.1162,44,-0.68068
-5.1096,44,-0.68068
-5.1031,44,-0.68068
-5.0966,44,-0.68068
-5.0901,44,-0.68068
-5.0836,44,-0.68068
-5.0771,44,-0.68068
-5.0706,44,-0.68068
-5.0641,44,-0.68068
-5.0577,44,-0.68068
-5.0512,44,-0.68068
-5.0448,44,-0.68068
-5.0383,44,-0.68068
-5.0319,44,-0.68068
-5.0254,44,-0.68068
-5.019,44,-0.68068
-5.0126,44,-0.68068
-5.0062,44,-0.68068
-4.9998,44,-0.68068
-4.9934,44,-0.68068
-4.987,44,-0.68068
-4.9807,44,-0.68068
-4.9743,44,-0.68068
-4.9679,44,-0.68068
-4.9616,44,-0.68068
-4.9552,44,-0.68068
-4.9489,44,-0.68068
-4.9426,44,-0.68068
-4.9363,44,-0.68068
-4.9299,44,-0.68068
-4.9236,44,-0.68068
-4.9173,44,-0.68068
-4.9111,44,-0.68068
-4.9048,44,-0.68068
-4.8985,44,-0.68068
-4.8922,44,-0.68068
-4.886,44,-0.68068
-4.8797,44,-0.68068
-4.8735,44,-0.68068
-4.8672,44,-0.68068
-4.861,44,-0.68068
-4.8548,44,-0.68068
-4.8486,44,-0.68068
-4.8424,44,-0.68068
-4.8362,44,-0.68068
-4.83,44,-0.68068
-4.8238,44,-0.68068
-4.8176,44,-0.68068
-4.8115,44,-0.68068
-4.8053,44,-0.68068
-4.7992,44,-0.68068
-4.793,44,-0.68068
-4.7869,44,-0.68068
-4.7807,44,-0.68068
-4.7746,44,-0.68068
-4.7685,44,-0.68068
-4.7624,44,-0.68068
-4.7563,44,-0.68068
-4.7502,44,-0.68068
-4.7441,44,-0.68068
-4.738,44,-0.68068
-4.732,44,-0.68068
-4.7259,44,-0.68068
-4.7199,44,-0.68068
-4.7138,44,-0.68068
-4.7078,44,-0.68068
-4.7017,44,-0.68068
-4.6957,44,-0.68068
-4.6897,44,-0.68068
-4.6837,44,-0.68068
-4.6777,44,-0.68068
-4.6717,44,-0.68068
-4.6657,44,-0.68068
-4.6597,44,-0.68068
-4.6537,44,-0.68068
-4.6478,44,-0.68068
-4.6418,44,-0.68068
-4.6359,44,-0.68068
-4.6299,44,-0.68068
-4.624,44,-0.68068
-4.618,44,-0.68068
-4.6121,44,-0.68068
-4.6062,44,-0.68068
-4.6003,44,-0.68068
-4.5944,44,-0.68068
-4.5885,44,-0.68068
-4.5826,44,-0.68068
-4.5767,44,-0.68068
-4.5709,44,-0.68068
-4.565,44,-0.68068
-4.5591,44,-0.68068
-4.5533,44,-0.68068
-4.5474,44,-0.68068
-4.5416,44,-0.68068
-4.5358,44,-0.68068
-4.5299,44,-0.68068
-4.5241,44,-0.68068
-4.5183,44,-0.68068
-4.5125,44,-0.68068
-4.5067,44,-0.68068
-4.5009,44,-0.68068
-4.4952,44,-0.68068
-4.4894,44,-0.68068
-4.4836,44,-0.68068
-4.4779,44,-0.68068
-4.4721,44,-0.68068
-4.4664,44,-0.68068
-4.4606,44,-0.68068
-4.4549,44,-0.68068
-4.4492,44,-0.68068
-4.4434,44,-0.68068
-4.4377,44,-0.68068
-4.432,44,-0.68068
-4.4263,44,-0.68068
-4.4206,44,-0.68068
-4.415,44,-0.68068
-4.4093,44,-0.68068
-4.4036,44,-0.68068
-4.398,44,-0.68068
-4.3923,44,-0.68068
-4.3867,44,-0.68068
-4.381,44,-0.68068
-4.3754,44,-0.68068
-4.3698,44,-0.68068
-4.3641,44,-0.68068
-4.3585,44,-0.68068
-4.3529,44,-0.68068
-4.3473,44,-0.68068
-4.3417,44,-0.68068
-4.3361,44,-0.68068
-4.3306,44,-0.68068
-4.325,44,-0.68068
-4.3194,44,-0.68068
-4.3139,44,-0.68068
-4.3083,44,-0.68068
-4.3028,44,-0.68068
-4.2972,44,-0.68068
-4.2917,44,-0.68068
-4.2862,44,-0.68068
-4.2806,44,-0.68068
-4.2751,44,-0.68068
-4.2696,44,-0.68068
-4.2641,44,-0.68068
-4.2586,44,-0.68068
-4.2532,44,-0.68068
-4.2477,44,-0.68068
-4.2422,44,-0.68068
-4.2367,44,-0.68068
-4.2313,44,-0.68068
-4.2258,44,-0.68068
-4.2204,44,-0.68068
-4.215,44,-0.68068
-4.2095,44,-0.68068
-4.2041,44,-0.68068
-4.1987,44,-0.68068
-4.1933,44,-0.68068
-4.1879,44,-0.68068
-4.1825,44,-0.68068
-4.1771,44,-0.68068
-4.1717,44,-0.68068
-4.1663,44,-0.68068
-4.1609,44,-0.68068
-4.1556,44,-0.68068
-4.1502,44,-0.68068
-4.1449,44,-0.68068
-4.1395,44,-0.68068
-4.1342,44,-0.68068
-4.1289,44,-0.68068
-4.1235,44,-0.68068
-4.1182,44,-0.68068
-4.1129,44,-0.68068
-4.1076,44,-0.68068
-4.1023,44,-0.68068
-4.097,44,-0.68068
-4.0917,44,-0.68068
-4.0864,44,-0.68068
-4.0812,44,-0.68068
-4.0759,44,-0.68068
-4.0706,44,-0.68068
-4.0654,44,-0.68068
-4.0601,44,-0.68068
-4.0549,44,-0.68068
-4.0497,44,-0.68068
-4.0444,44,-0.68068
-4.0392,44,-0.68068
-4.034,44,-0.68068
-4.0288,44,-0.68068
-4.0236,44,-0.68068
-4.0184,44,-0.68068
-4.0132,44,-0.68068
-4.008,44,-0.68068
-4.0028,44,-0.68068
-3.9977,44,-0.68068
-3.9925,44,-0.68068
-3.9873,44,-0.68068
-3.9822,44,-0.68068
-3.9771,44,-0.68068
-3.9719,44,-0.68068
-3.9668,44,-0.68068
-3.9617,44,-0.68068
-3.9565,44,-0.68068
-3.9514,44,-0.68068
-3.9463,44,-0.68068
-3.9412,44,-0.68068
-3.9361,44,-0.68068
-3.931,44,-0.68068
-3.926,44,-0.68068
-3.9209,44,-0.68068
-3.9158,44,-0.68068
-3.9107,44,-0.68068
-3.9057,44,-0.68068
-3.9006,44,-0.68068
-3.8956,44,-0.68068
-3.8906,44,-0.68068
-3.8855,44,-0.68068
-3.8805,44,-0.68068
-3.8755,44,-0.68068
-3.8705,44,-0.68068
-3.8655,44,-0.68068
-3.8605,44,-0.68068
-3.8555,44,-0.68068
-3.8505,44,-0.68068
-3.8455,44,-0.68068
-3.8405,44,-0.68068
-3.8356,44,-0.68068
-3.8306,44,-0.68068
-3.8256,44,-0.68068
-3.8207,44,-0.68068
-3.8157,44,-0.68068
-3.8108,44,-0.68068
-3.8059,44,-0.68068
-3.8009,44,-0.68068
-3.796,44,-0.68068
-3.7911,44,-0.68068
-3.7862,44,-0.68068
-3.7813,44,-0.68068
-3.7764,44,-0.68068
-3.7715,44,-0.68068
-3.7666,44,-0.68068
-3.7617,44,-0.68068
-3.7569,44,-0.68068
-3.752,44,-0.68068
-3.7471,44,-0.68068
-3.7423,44,-0.68068
-3.7374,44,-0.68068
-3.7326,44,-0.68068
-3.7278,44,-0.68068
-3.7229,44,-0.68068
-3.7181,44,-0.68068
-3.7133,44,-0.68068
-3.7085,44,-0.68068
-3.7037,44,-0.68068
-3.6989,44,-0.68068
-3.6941,44,-0.68068
-3.6893,44,-0.68068
-3.6845,44,-0.68068
-3.6797,44,-0.68068
-3.675,44,-0.68068
-3.6702,44,-0.68068
-3.6655,44,-0.68068
-3.6607,44,-0.68068
-3.656,44,-0.68068
-3.6512,44,-0.68068
-3.6465,44,-0.68068
-3.6418,44,-0.68068
-3.637,44,-0.68068
-3.6323,44,-0.68068
-3.6276,44,-0.68068
-3.6229,44,-0.68068
-3.6182,44,-0.68068
-3.6135,44,-0.68068
-3.6088,44,-0.68068
-3.6041,44,-0.68068
-3.5995,44,-0.68068
-3.5948,44,-0.68068
-3.5901,44,-0.68068
-3.5855,44,-0.68068
-3.5808,44,-0.68068
-3.5762,44,-0.68068
-3.5715,44,-0.68068
-3.5669,44,-0.68068
-3.5623,44,-0.68068
-3.5577,44,-0.68068
-3.553,44,-0.68068
-3.5484,44,-0.68068
-3.5438,44,-0.68068
-3.5392,44,-0.68068
-3.5346,44,-0.68068
-3.5301,44,-0.68068
-3.5255,44,-0.68068
-3.5209,44,-0.68068
-3.5163,44,-0.68068
-3.5118,44,-0.68068
-3.5072,44,-0.68068
-3.5026,44,-0.68068
-3.4981,44,-0.68068
-3.4936,44,-0.68068
-3.489,44,-0.68068
-3.4845,44,-0.68068
-3.48,44,-0.68068
-3.4755,44,-0.68068
-3.4709,44,-0.68068
-3.4664,44,-0.68068
-3.4619,44,-0.68068
-3.4574,44,-0.68068
-3.4529,44,-0.68068
-3.4485,44,-0.68068
-3.444,44,-0.68068
-3.4395,44,-0.68068
-3.435,44,-0.68068
-3.4306,44,-0.68068
-3.4261,44,-0.68068
-3.4217,44,-0.68068
-3.4172,44,-0.68068
-3.4128,44,-0.68068
-3.4084,44,-0.68068
-3.4039,44,-0.68068
-3.3995,44,-0.68068
-3.3951,44,-0.68068
-3.3907,44,-0.68068
-3.3863,44,-0.68068
-3.3819,44,-0.68068
-3.3775,44,-0.68068
-3.3731,44,-0.68068
-3.3687,44,-0.68068
-3.3643,44,-0.68068
-3.36,44,-0.68068
-3.3556,44,-0.68068
-3.3512,44,-0.68068
-3.3469,44,-0.68068
-3.3425,44,-0.68068
-3.3382,44,-0.68068
-3.3338,44,-0.68068
-3.3295,44,-0.68068
-3.3252,44,-0.68068
-3.3209,44,-0.68068
-3.3165,44,-0.68068
-3.3122,44,-0.68068
-3.3079,44,-0.68068
-3.3036,44,-0.68068
-3.2993,44,-0.68068
-3.295,44,-0.68068
-3.2908,44,-0.68068
-3.2865,44,-0.68068
-3.2822,44,-0.68068
-3.2779,44,-0.68068
-3.2737,44,-0.68068
-3.2694,44,-0.68068
-3.2652,44,-0.68068
-3.2609,44,-0.68068
-3.2567,44,-0.68068
-3.2525,44,-0.68068
-3.2482,44,-0.68068
-3.244,44,-0.68068
-3.2398,44,-0.68068
-3.2356,44,-0.68068
-3.2314,44,-0.68068
-3.2272,44,-0.68068
-3.223,44,-0.68068
-3.2188,44,-0.68068
-3.2146,44,-0.68068
-3.2104,44,-0.68068
-3.2062,44,-0.68068
-3.2021,44,-0.68068
-3.1979,44,-0.68068
-3.1937,44,-0.68068
-3.1896,44,-0.68068
-3.1854,44,-0.68068
-3.1813,44,-0.68068
-3.1772,44,-0.68068
-3.173,44,-0.68068
-3.1689,44,-0.68068
-3.1648,44,-0.68068
-3.1607,44,-0.68068
-3.1565,44,-0.68068
-3.1524,44,-0.68068
-3.1483,44,-0.68068
-3.1442,44,-0.68068
-3.1402,44,-0.68068
-3.1361,44,-0.68068
-3.132,44,-0.68068
-3.1279,44,-0.68068
-3.1238,44,-0.68068
-3.1198,44,-0.68068
-3.1157,44,-0.68068
-3.1117,44,-0.68068
-3.1076,44,-0.68068
-3.1036,44,-0.68068
-3.0995,44,-0.68068
-3.0955,44,-0.68068
-3.0915,44,-0.68068
-3.0875,44,-0.68068
-3.0834,44,-0.68068
-3.0794,44,-0.68068
-3.0754,44,-0.68068
-3.0714,44,-0.68068
-3.0674,44,-0.68068
-3.0634,44,-0.68068
-3.0595,44,-0.68068
-3.0555,44,-0.68068
-3.0515,44,-0.68068
-3.0475,44,-0.68068
-3.0436,44,-0.68068
-3.0396,44,-0.68068
-3.0356,44,-0.68068
-3.0317,44,-0.68068
-3.0278,44,-0.68068
-3.0238,44,-0.68068
-3.0199,44,-0.68068
-3.0159,44,-0.68068
-3.012,44,-0.68068
-3.0081,44,-0.68068
-3.0042,44,-0.68068
-3.0003,44,-0.68068
-2.9964,44,-0.68068
-2.9925,44,-0.68068
-2.9886,44,-0.68068
-2.9847,44,-0.68068
-2.9808,44,-0.68068
-2.9769,44,-0.68068
-2.9731,44,-0.68068
-2.9692,44,-0.68068
-2.9653,44,-0.68068
-2.9615,44,-0.68068
-2.9576,44,-0.68068
-2.9538,44,-0.68068
-2.9499,44,-0.68068
-2.9461,44,-0.68068
-2.9423,44,-0.68068
-2.9384,44,-0.68068
-2.9346,44,-0.68068
-2.9308,44,-0.68068
-2.927,44,-0.68068
-2.9232,44,-0.68068
-2.9194,44,-0.68068
-2.9156,44,-0.68068
-2.9118,44,-0.68068
-2.908,44,-0.68068
-2.9042,44,-0.68068
-2.9004,44,-0.68068
-2.8966,44,-0.68068
-2.8929,44,-0.68068
-2.8891,44,-0.68068
-2.8854,44,-0.68068
-2.8816,44,-0.68068
-2.8778,44,-0.68068
-2.8741,44,-0.68068
-2.8704,44,-0.68068
-2.8666,44,-0.68068
-2.8629,44,-0.68068
-2.8592,44,-0.68068
-2.8555,44,-0.68068
-2.8517,44,-0.68068
-2.848,44,-0.68068
-2.8443,44,-0.68068
-2.8406,44,-0.68068
-2.8369,44,-0.68068
-2.8332,44,-0.68068
-2.8296,44,-0.68068
-2.8259,44,-0.68068
-2.8222,44,-0.68068
-2.8185,44,-0.68068
-2.8149,44,-0.68068
-2.8112,44,-0.68068
-2.8075,44,-0.68068
-2.8039,44,-0.68068
-2.8002,44,-0.68068
-2.7966,44,-0.68068
-2.793,44,-0.68068
-2.7893,44,-0.68068
-2.7857,44,-0.68068
-2.7821,44,-0.68068
-2.7785,44,-0.68068
-2.7748,44,-0.68068
-2.7712,44,-0.68068
-2.7676,44,-0.68068
-2.764,44,-0.68068
-2.7604,44,-0.68068
-2.7568,44,-0.68068
-2.7533,44,-0.68068
-2.7497,44,-0.68068
-2.7461,44,-0.68068
-2.7425,44,-0.68068
-2.739,44,-0.68068
-2.7354,44,-0.68068
-2.7318,44,-0.68068
-2.7283,44,-0.68068
-2.7247,44,-0.68068
-2.7212,44,-0.68068
-2.7177,44,-0.68068
-2.7141,44,-0.68068
-2.7106,44,-0.68068
-2.7071,44,-0.68068
-2.7036,44,-0.68068
-2.7,44,-0.68068
-2.6965,44,-0.68068
-2.693,44,-0.68068
-2.6895,44,-0.68068
-2.686,44,-0.68068
-2.6825,44,-0.68068
-2.679,44,-0.68068
-2.6756,44,-0.68068
-2.6721,44,-0.68068
-2.6686,44,-0.68068
-2.6651,44,-0.68068
-2.6617,44,-0.68068
-2.6582,44,-0.68068
-2.6548,44,-0.68068
-2.6513,44,-0.68068
-2.6479,44,-0.68068
-2.6444,44,-0.68068
-2.641,44,-0.68068
-2.6375,44,-0.68068
-2.6341,44,-0.68068
-2.6307,44,-0.68068
-2.6273,44,-0.68068
-2.6239,44,-0.68068
-2.6204,44,-0.68068
-2.617,44,-0.68068
-2.6136,44,-0.68068
-2.6102,44,-0.68068
-2.6068,44,-0.68068
-2.6035,44,-0.68068
-2.6001,44,-0.68068
-2.5967,44,-0.68068
-2.5933,44,-0.68068
-2.59,44,-0.68068
-2.5866,44,-0.68068
-2.5832,44,-0.68068
-2.5799,44,-0.68068
-2.5765,44,-0.68068
-2.5732,44,-0.68068
-2.5698,44,-0.68068
-2.5665,44,-0.68068
-2.5632,44,-0.68068
-2.5598,44,-0.68068
-2.5565,44,-0.68068
-2.5532,44,-0.68068
-2.5499,44,-0.68068
-2.5465,44,-0.68068
-2.5432,44,-0.68068
-2.5399,44,-0.68068
-2.5366,44,-0.68068
-2.5333,44,-0.68068
-2.53,44,-0.68068
-2.5268,44,-0.68068
-2.5235,44,-0.68068
-2.5202,44,-0.68068
-2.5169,44,-0.68068
-2.5137,44,-0.68068
-2.5104,44,-0.68068
-2.5071,44,-0.68068
-2.5039,44,-0.68068
-2.5006,44,-0.68068
-2.4974,44,-0.68068
-2.4941,44,-0.68068
-2.4909,44,-0.68068
-2.4877,44,-0.68068
-2.4844,44,-0.68068
-2.4812,44,-0.68068
-2.478,44,-0.68068
-2.4748,44,-0.68068
-2.4715,44,-0.68068
-2.4683,44,-0.68068
-2.4651,44,-0.68068
-2.4619,44,-0.68068
-2.4587,44,-0.68068
-2.4555,44,-0.68068
-2.4524,44,-0.68068
-2.4492,44,-0.68068
-2.446,44,-0.68068
-2.4428,44,-0.68068
-2.4396,44,-0.68068
-2.4365,44,-0.68068
-2.4333,44,-0.68068
-2.4302,44,-0.68068
-2.427,44,-0.68068
-2.4238,44,-0.68068
-2.4207,44,-0.68068
-2.4176,44,-0.68068
-2.4144,44,-0.68068
-2.4113,44,-0.68068
-2.4082,44,-0.68068
-2.405,44,-0.68068
-2.4019,44,-0.68068
-2.3988,44,-0.68068
-2.3957,44,-0.68068
-2.3926,44,-0.68068
-2.3895,44,-0.68068
-2.3864,44,-0.68068
-2.3833,44,-0.68068
-2.3802,44,-0.68068
-2.3771,44,-0.68068
-2.374,44,-0.68068
-2.3709,44,-0.68068
-2.3678,44,-0.68068
-2.3648,44,-0.68068
-2.3617,44,-0.68068
-2.3586,44,-0.68068
-2.3556,44,-0.68068
-2.3525,44,-0.68068
-2.3495,44,-0.68068
-2.3464,44,-0.68068
-2.3434,44,-0.68068
-2.3403,44,-0.68068
-2.3373,44,-0.68068
-2.3343,44,-0.68068
-2.3312,44,-0.68068
-2.3282,44,-0.68068
-2.3252,44,-0.68068
-2.3222,44,-0.68068
-2.3192,44,-0.68068
-2.3162,44,-0.68068
-2.3132,44,-0.68068
-2.3102,44,-0.68068
-2.3072,44,-0.68068
-2.3042,44,-0.68068
-2.3012,44,-0.68068
-2.2982,44,-0.68068
-2.2952,44,-0.68068
-2.2922,44,-0.68068
-2.2893,44,-0.68068
-2.2863,44,-0.68068
-2.2833,44,-0.68068
-2.2804,44,-0.68068
-2.2774,44,-0.68068
-2.2745,44,-0.68068
-2.2715,44,-0.68068
-2.2686,44,-0.68068
-2.2656,44,-0.68068
-2.2627,44,-0.68068
-2.2598,44,-0.68068
-2.2568,44,-0.68068
-2.2539,44,-0.68068
-2.251,44,-0.68068
-2.2481,44,-0.68068
-2.2451,44,-0.68068
-2.2422,44,-0.68068
-2.2393,44,-0.68068
-2.2364,44,-0.68068
-2.2335,44,-0.68068
-2.2306,44,-0.68068
-2.2277,44,-0.68068
-2.2248,44,-0.68068
-2.222,44,-0.68068
-2.2191,44,-0.68068
-2.2162,44,-0.68068
-2.2133,44,-0.68068
-2.2105,44,-0.68068
-2.2076,44,-0.68068
-2.2047,44,-0.68068
-2.2019,44,-0.68068
-2.199,44,-0.68068
-2.1962,44,-0.68068
-2.1933,44,-0.68068
-2.1905,44,-0.68068
-2.1877,44,-0.68068
-2.1848,44,-0.68068
-2.182,44,-0.68068
-2.1792,44,-0.68068
-2.1763,44,-0.68068
-2.1735,44,-0.68068
-2.1707,44,-0.68068
-2.1679,44,-0.68068
-2.1651,44,-0.68068
-2.1623,44,-0.68068
-2.1595,44,-0.68068
-2.1567,44,-0.68068
-2.1539,44,-0.68068
-2.1511,44,-0.68068
-2.1483,44,-0.68068
-2.1455,44,-0.68068
-2.1427,44,-0.68068
-2.14,44,-0.68068
-2.1372,44,-0.68068
-2.1344,44,-0.68068
-2.1317,44,-0.68068
-2.1289,44,-0.68068
-2.1261,44,-0.68068
