0,106,-0.05236
840.26,106,-0.05236
309.84,106,-0.05236
-622.94,106,-0.05236
-734.06,106,-0.05236
-800.71,106,-0.05236
-657.55,106,-0.05236
-445.86,106,-0.05236
-376.83,106,-0.05236
-359.54,106,-0.05236
-355.36,106,-0.05236
-354.56,106,-0.05236
-354.71,106,-0.05236
-355.11,106,-0.05236
-355.57,106,-0.05236
-356,106,-0.05236
-356.38,106,-0.05236
-356.69,106,-0.05236
-356.93,106,-0.05236
-357.09,106,-0.05236
-357.19,106,-0.05236
-357.2,106,-0.05236
-357.14,106,-0.05236
-357,106,-0.05236
-356.78,106,-0.05236
-356.49,106,-0.05236
-356.12,106,-0.05236
-355.67,106,-0.05236
-355.15,106,-0.05236
-354.55,106,-0.05236
-353.88,106,-0.05236
-353.13,106,-0.05236
-352.31,106,-0.05236
-351.42,106,-0.05236
-350.46,106,-0.05236
-349.43,106,-0.05236
-348.34,106,-0.05236
-347.18,106,-0.05236
-345.95,106,-0.05236
-344.66,106,-0.05236
-343.31,106,-0.05236
-341.9,106,-0.05236
-340.43,106,-0.05236
-338.91,106,-0.05236
-337.33,106,-0.05236
-335.7,106,-0.05236
-334.02,106,-0.05236
-332.29,106,-0.05236
-330.52,106,-0.05236
-328.7,106,-0.05236
-326.84,106,-0.05236
-324.95,106,-0.05236
-323.01,106,-0.05236
-321.04,106,-0.05236
-319.04,106,-0.05236
-317,106,-0.05236
-314.94,106,-0.05236
-312.85,106,-0.05236
-310.74,106,-0.05236
-308.61,106,-0.05236
-306.46,106,-0.05236
-304.29,106,-0.05236
-302.1,106,-0.05236
-299.91,106,-0.05236
-297.7,106,-0.05236
-295.48,106,-0.05236
-293.26,106,-0.05236
-291.04,106,-0.05236
-288.81,106,-0.05236
-286.58,106,-0.05236
-284.36,106,-0.05236
-282.14,106,-0.05236
-279.92,106,-0.05236
-277.71,106,-0.05236
-275.52,106,-0.05236
-273.33,106,-0.05236
-271.16,106,-0.05236
-269,106,-0.05236
-266.86,106,-0.05236
-264.73,106,-0.05236
-262.63,106,-0.05236
-260.55,106,-0.05236
-258.48,106,-0.05236
-256.45,106,-0.05236
-254.43,106,-0.05236
-252.44,106,-0.05236
-250.48,106,-0.05236
-248.55,106,-0.05236
-246.64,106,-0.05236
-244.77,106,-0.05236
-242.92,106,-0.05236
-241.11,106,-0.05236
-239.33,106,-0.05236
-237.58,106,-0.05236
-235.86,106,-0.05236
-234.18,106,-0.05236
-232.53,106,-0.05236
-230.91,106,-0.05236
-229.33,106,-0.05236
-227.78,106,-0.05236
-226.27,106,-0.05236
-224.79,106,-0.05236
-223.35,106,-0.05236
-221.94,106,-0.05236
-220.56,106,-0.05236
-219.22,106,-0.05236
-217.91,106,-0.05236
-216.64,106,-0.05236
-215.4,106,-0.05236
-214.19,106,-0.05236
-213.01,106,-0.05236
-211.87,106,-0.05236
-210.75,106,-0.05236
-209.67,106,-0.05236
-208.62,106,-0.05236
-207.6,106,-0.05236
-206.61,106,-0.05236
-205.64,106,-0.05236
-204.7,106,-0.05236
-203.79,106,-0.05236
-202.91,106,-0.05236
-202.05,106,-0.05236
-201.22,106,-0.05236
-200.41,106,-0.05236
-199.62,106,-0.05236
-198.86,106,-0.05236
-198.11,106,-0.05236
-197.39,106,-0.05236
-196.69,106,-0.05236
-196,106,-0.05236
-195.34,106,-0.05236
-194.69,106,-0.05236
-194.06,106,-0.05236
-193.45,106,-0.05236
-192.85,106,-0.05236
-192.26,106,-0.05236
-191.69,106,-0.05236
-191.13,106,-0.05236
-190.58,106,-0.05236
-190.05,106,-0.05236
-189.53,106,-0.05236
-189.01,106,-0.05236
-188.51,106,-0.05236
-188.01,106,-0.05236
-187.52,106,-0.05236
-187.05,106,-0.05236
-186.57,106,-0.05236
-186.11,106,-0.05236
-185.65,106,-0.05236
-185.2,106,-0.05236
-184.75,106,-0.05236
-184.31,106,-0.05236
-183.87,106,-0.05236
-183.43,106,-0.05236
-183,106,-0.05236
-182.58,106,-0.05236
-182.15,106,-0.05236
-181.73,106,-0.05236
-181.31,106,-0.05236
-180.9,106,-0.05236
-180.49,106,-0.05236
-180.08,106,-0.05236
-179.67,106,-0.05236
-179.26,106,-0.05236
-178.86,106,-0.05236
-178.46,106,-0.05236
-178.06,106,-0.05236
-177.66,106,-0.05236
-177.26,106,-0.05236
-176.87,106,-0.05236
-176.48,106,-0.05236
-176.09,106,-0.05236
-175.7,106,-0.05236
-175.31,106,-0.05236
-174.93,106,-0.05236
-174.55,106,-0.05236
-174.17,106,-0.05236
-173.8,106,-0.05236
-173.43,106,-0.05236
-173.06,106,-0.05236
-172.7,106,-0.05236
-172.34,106,-0.05236
-171.98,106,-0.05236
-171.63,106,-0.05236
-171.28,106,-0.05236
-170.94,106,-0.05236
-170.6,106,-0.05236
-170.27,106,-0.05236
-169.95,106,-0.05236
-169.63,106,-0.05236
-169.31,106,-0.05236
-169.01,106,-0.05236
-168.71,106,-0.05236
-168.41,106,-0.05236
-168.13,106,-0.05236
-167.85,106,-0.05236
-167.58,106,-0.05236
-167.32,106,-0.05236
-167.07,106,-0.05236
-166.83,106,-0.05236
-166.59,106,-0.05236
-166.37,106,-0.05236
-166.16,106,-0.05236
-165.95,106,-0.05236
-165.76,106,-0.05236
-165.57,106,-0.05236
-165.4,106,-0.05236
-165.24,106,-0.05236
-165.09,106,-0.05236
-164.95,106,-0.05236
-164.82,106,-0.05236
-164.71,106,-0.05236
-164.6,106,-0.05236
-164.51,106,-0.05236
-164.44,106,-0.05236
-164.37,106,-0.05236
-164.32,106,-0.05236
-164.28,106,-0.05236
-164.25,106,-0.05236
-164.23,106,-0.05236
-164.23,106,-0.05236
-164.24,106,-0.05236
-164.27,106,-0.05236
-164.31,106,-0.05236
-164.36,106,-0.05236
-164.43,106,-0.05236
-164.51,106,-0.05236
-164.6,106,-0.05236
-164.7,106,-0.05236
-164.82,106,-0.05236
-164.96,106,-0.05236
-165.1,106,-0.05236
-165.26,106,-0.05236
-165.44,106,-0.05236
-165.62,106,-0.05236
-165.82,106,-0.05236
-166.04,106,-0.05236
-166.26,106,-0.05236
-166.5,106,-0.05236
-166.75,106,-0.05236
-167.02,106,-0.05236
-167.3,106,-0.05236
-167.59,106,-0.05236
-167.89,106,-0.05236
-168.2,106,-0.05236
-168.53,106,-0.05236
-168.87,106,-0.05236
-169.22,106,-0.05236
-169.58,106,-0.05236
-169.95,106,-0.05236
-170.34,106,-0.05236
-170.73,106,-0.05236
-171.14,106,-0.05236
-171.56,106,-0.05236
-171.99,106,-0.05236
-172.42,106,-0.05236
-172.87,106,-0.05236
-173.33,106,-0.05236
-173.8,106,-0.05236
-174.27,106,-0.05236
-174.76,106,-0.05236
-175.25,106,-0.05236
-175.76,106,-0.05236
-176.27,106,-0.05236
-176.79,106,-0.05236
-177.32,106,-0.05236
-177.85,106,-0.05236
-178.4,106,-0.05236
-178.95,106,-0.05236
-179.51,106,-0.05236
-180.08,106,-0.05236
-180.65,106,-0.05236
-181.23,106,-0.05236
-181.82,106,-0.05236
-182.41,106,-0.05236
-183.01,106,-0.05236
-183.61,106,-0.05236
-184.22,106,-0.05236
-184.84,106,-0.05236
-185.46,106,-0.05236
-186.09,106,-0.05236
-186.72,106,-0.05236
-187.35,106,-0.05236
-187.99,106,-0.05236
-188.64,106,-0.05236
-189.29,106,-0.05236
-189.94,106,-0.05236
-190.6,106,-0.05236
-191.26,106,-0.05236
-191.92,106,-0.05236
-192.59,106,-0.05236
-193.26,106,-0.05236
-193.94,106,-0.05236
-194.61,106,-0.05236
-195.29,106,-0.05236
-195.98,106,-0.05236
-196.66,106,-0.05236
-197.35,106,-0.05236
-198.04,106,-0.05236
-198.73,106,-0.05236
-199.43,106,-0.05236
-200.13,106,-0.05236
-200.83,106,-0.05236
-201.53,106,-0.05236
-202.23,106,-0.05236
-202.93,106,-0.05236
-203.64,106,-0.05236
-204.35,106,-0.05236
-205.05,106,-0.05236
-205.76,106,-0.05236
-206.47,106,-0.05236
-207.18,106,-0.05236
-207.9,106,-0.05236
-208.61,106,-0.05236
-209.33,106,-0.05236
-210.04,106,-0.05236
-210.76,106,-0.05236
-211.47,106,-0.05236
-212.19,106,-0.05236
-212.91,106,-0.05236
-213.62,106,-0.05236
-214.34,106,-0.05236
-215.06,106,-0.05236
-215.78,106,-0.05236
-216.5,106,-0.05236
-217.22,106,-0.05236
-217.93,106,-0.05236
-218.65,106,-0.05236
-219.37,106,-0.05236
-220.09,106,-0.05236
-220.81,106,-0.05236
-221.53,106,-0.05236
-222.24,106,-0.05236
-222.96,106,-0.05236
-223.68,106,-0.05236
-224.39,106,-0.05236
-225.11,106,-0.05236
-225.82,106,-0.05236
-226.54,106,-0.05236
-227.25,106,-0.05236
-227.96,106,-0.05236
-228.67,106,-0.05236
-229.39,106,-0.05236
-230.1,106,-0.05236
-230.8,106,-0.05236
-231.51,106,-0.05236
-232.22,106,-0.05236
-232.92,106,-0.05236
-233.63,106,-0.05236
-234.33,106,-0.05236
-235.03,106,-0.05236
-235.73,106,-0.05236
-236.43,106,-0.05236
-237.13,106,-0.05236
-237.82,106,-0.05236
-238.52,106,-0.05236
-239.21,106,-0.05236
-239.9,106,-0.05236
-240.59,106,-0.05236
-241.27,106,-0.05236
-241.96,106,-0.05236
-242.64,106,-0.05236
-243.32,106,-0.05236
-244,106,-0.05236
-244.68,106,-0.05236
-245.35,106,-0.05236
-246.02,106,-0.05236
-246.69,106,-0.05236
-247.35,106,-0.05236
-248.02,106,-0.05236
-248.68,106,-0.05236
-249.34,106,-0.05236
-249.99,106,-0.05236
-250.64,106,-0.05236
-251.29,106,-0.05236
-251.94,106,-0.05236
-252.58,106,-0.05236
-253.22,106,-0.05236
-253.86,106,-0.05236
-254.5,106,-0.05236
-255.13,106,-0.05236
-255.75,106,-0.05236
-256.38,106,-0.05236
-257,106,-0.05236
-257.61,106,-0.05236
-258.23,106,-0.05236
-258.84,106,-0.05236
-259.44,106,-0.05236
-260.04,106,-0.05236
-260.64,106,-0.05236
-261.24,106,-0.05236
-261.83,106,-0.05236
-262.41,106,-0.05236
-262.99,106,-0.05236
-263.57,106,-0.05236
-264.14,106,-0.05236
-264.71,106,-0.05236
-265.28,106,-0.05236
-265.84,106,-0.05236
-266.39,106,-0.05236
-266.94,106,-0.05236
-267.49,106,-0.05236
-268.03,106,-0.05236
-268.57,106,-0.05236
-269.1,106,-0.05236
-269.62,106,-0.05236
-270.15,106,-0.05236
-270.66,106,-0.05236
-271.18,106,-0.05236
-271.68,106,-0.05236
-272.18,106,-0.05236
-272.68,106,-0.05236
-273.17,106,-0.05236
-273.66,106,-0.05236
-274.14,106,-0.05236
-274.62,106,-0.05236
-275.09,106,-0.05236
-275.55,106,-0.05236
-276.01,106,-0.05236
-276.47,106,-0.05236
-276.91,106,-0.05236
-277.36,106,-0.05236
-277.8,106,-0.05236
-278.23,106,-0.05236
-278.65,106,-0.05236
-279.07,106,-0.05236
-279.49,106,-0.05236
-279.9,106,-0.05236
-280.3,106,-0.05236
-280.7,106,-0.05236
-281.09,106,-0.05236
-281.48,106,-0.05236
-281.86,106,-0.05236
-282.23,106,-0.05236
-282.6,106,-0.05236
-282.96,106,-0.05236
-283.32,106,-0.05236
-283.67,106,-0.05236
-284.01,106,-0.05236
-284.35,106,-0.05236
-284.69,106,-0.05236
-285.01,106,-0.05236
-285.33,106,-0.05236
-285.65,106,-0.05236
-285.96,106,-0.05236
-286.26,106,-0.05236
-286.55,106,-0.05236
-286.84,106,-0.05236
-287.13,106,-0.05236
-287.41,106,-0.05236
-287.68,106,-0.05236
-287.94,106,-0.05236
-288.2,106,-0.05236
-288.46,106,-0.05236
-288.7,106,-0.05236
-288.94,106,-0.05236
-289.18,106,-0.05236
-289.41,106,-0.05236
-289.63,106,-0.05236
-289.85,106,-0.05236
-290.06,106,-0.05236
-290.26,106,-0.05236
-290.46,106,-0.05236
-290.65,106,-0.05236
-290.83,106,-0.05236
-291.01,106,-0.05236
-291.19,106,-0.05236
-291.35,106,-0.05236
-291.51,106,-0.05236
-291.67,106,-0.05236
-291.82,106,-0.05236
-291.96,106,-0.05236
-292.1,106,-0.05236
-292.23,106,-0.05236
-292.35,106,-0.05236
-292.47,106,-0.05236
-292.58,106,-0.05236
-292.68,106,-0.05236
-292.78,106,-0.05236
-292.88,106,-0.05236
-292.96,106,-0.05236
-293.05,106,-0.05236
-293.12,106,-0.05236
-293.19,106,-0.05236
-293.25,106,-0.05236
-293.31,106,-0.05236
-293.36,106,-0.05236
-293.41,106,-0.05236
-293.44,106,-0.05236
-293.48,106,-0.05236
-293.5,106,-0.05236
-293.52,106,-0.05236
-293.54,106,-0.05236
-293.55,106,-0.05236
-293.55,106,-0.05236
-293.55,106,-0.05236
-293.54,106,-0.05236
-293.53,106,-0.05236
-293.51,106,-0.05236
-293.48,106,-0.05236
-293.45,106,-0.05236
-293.41,106,-0.05236
-293.37,106,-0.05236
-293.32,106,-0.05236
-293.26,106,-0.05236
-293.2,106,-0.05236
-293.13,106,-0.05236
-293.06,106,-0.05236
-292.98,106,-0.05236
-292.9,106,-0.05236
-292.81,106,-0.05236
-292.71,106,-0.05236
-292.61,106,-0.05236
-292.51,106,-0.05236
-292.4,106,-0.05236
-292.28,106,-0.05236
-292.16,106,-0.05236
-292.03,106,-0.05236
-291.89,106,-0.05236
-291.75,106,-0.05236
-291.61,106,-0.05236
-291.46,106,-0.05236
-291.3,106,-0.05236
-291.14,106,-0.05236
-290.98,106,-0.05236
-290.8,106,-0.05236
-290.63,106,-0.05236
-290.45,106,-0.05236
-290.26,106,-0.05236
-290.07,106,-0.05236
-289.87,106,-0.05236
-289.66,106,-0.05236
-289.46,106,-0.05236
-289.24,106,-0.05236
-289.02,106,-0.05236
-288.8,106,-0.05236
-288.57,106,-0.05236
-288.34,106,-0.05236
-288.1,106,-0.05236
-287.86,106,-0.05236
-287.61,106,-0.05236
-287.36,106,-0.05236
-287.1,106,-0.05236
-286.84,106,-0.05236
-286.57,106,-0.05236
-286.3,106,-0.05236
-286.02,106,-0.05236
-285.74,106,-0.05236
-285.45,106,-0.05236
-285.16,106,-0.05236
-284.86,106,-0.05236
-284.56,106,-0.05236
-284.26,106,-0.05236
-283.95,106,-0.05236
-283.64,106,-0.05236
-283.32,106,-0.05236
-283,106,-0.05236
-282.67,106,-0.05236
-282.34,106,-0.05236
-282,106,-0.05236
-281.66,106,-0.05236
-281.32,106,-0.05236
-280.97,106,-0.05236
-280.62,106,-0.05236
-280.26,106,-0.05236
-279.9,106,-0.05236
-279.54,106,-0.05236
-279.17,106,-0.05236
-278.8,106,-0.05236
-278.42,106,-0.05236
-278.04,106,-0.05236
-277.66,106,-0.05236
-277.27,106,-0.05236
-276.88,106,-0.05236
-276.49,106,-0.05236
-276.09,106,-0.05236
-275.68,106,-0.05236
-275.28,106,-0.05236
-274.87,106,-0.05236
-274.46,106,-0.05236
-274.04,106,-0.05236
-273.62,106,-0.05236
-273.2,106,-0.05236
-272.77,106,-0.05236
-272.34,106,-0.05236
-271.91,106,-0.05236
-271.47,106,-0.05236
-271.03,106,-0.05236
-270.59,106,-0.05236
-270.14,106,-0.05236
-269.69,106,-0.05236
-269.24,106,-0.05236
-268.79,106,-0.05236
-268.33,106,-0.05236
-267.87,106,-0.05236
-267.4,106,-0.05236
-266.94,106,-0.05236
-266.47,106,-0.05236
-266,106,-0.05236
-265.52,106,-0.05236
-265.04,106,-0.05236
-264.56,106,-0.05236
-264.08,106,-0.05236
-263.6,106,-0.05236
-263.11,106,-0.05236
-262.62,106,-0.05236
-262.13,106,-0.05236
-261.63,106,-0.05236
-261.14,106,-0.05236
-260.64,106,-0.05236
-260.14,106,-0.05236
-259.63,106,-0.05236
-259.13,106,-0.05236
-258.62,106,-0.05236
-258.11,106,-0.05236
-257.6,106,-0.05236
-257.09,106,-0.05236
-256.57,106,-0.05236
-256.06,106,-0.05236
-255.54,106,-0.05236
-255.02,106,-0.05236
-254.49,106,-0.05236
-253.97,106,-0.05236
-253.45,106,-0.05236
-252.92,106,-0.05236
-252.39,106,-0.05236
-251.86,106,-0.05236
-251.33,106,-0.05236
-250.8,106,-0.05236
-250.26,106,-0.05236
-249.73,106,-0.05236
-249.19,106,-0.05236
-248.65,106,-0.05236
-248.11,106,-0.05236
-247.57,106,-0.05236
-247.03,106,-0.05236
-246.49,106,-0.05236
-245.94,106,-0.05236
-245.4,106,-0.05236
-244.85,106,-0.05236
-244.31,106,-0.05236
-243.76,106,-0.05236
-243.21,106,-0.05236
-242.66,106,-0.05236
-242.11,106,-0.05236
-241.56,106,-0.05236
-241.01,106,-0.05236
-240.46,106,-0.05236
-239.91,106,-0.05236
-239.36,106,-0.05236
-238.8,106,-0.05236
-238.25,106,-0.05236
-237.7,106,-0.05236
-237.14,106,-0.05236
-236.59,106,-0.05236
-236.03,106,-0.05236
-235.48,106,-0.05236
-234.92,106,-0.05236
-234.37,106,-0.05236
-233.81,106,-0.05236
-233.26,106,-0.05236
-232.7,106,-0.05236
-232.15,106,-0.05236
-231.59,106,-0.05236
-231.04,106,-0.05236
-230.48,106,-0.05236
-229.93,106,-0.05236
-229.38,106,-0.05236
-228.82,106,-0.05236
-228.27,106,-0.05236
-227.71,106,-0.05236
-227.16,106,-0.05236
-226.61,106,-0.05236
-226.06,106,-0.05236
-225.51,106,-0.05236
-224.95,106,-0.05236
-224.4,106,-0.05236
-223.85,106,-0.05236
-223.31,106,-0.05236
-222.76,106,-0.05236
-222.21,106,-0.05236
-221.66,106,-0.05236
-221.12,106,-0.05236
-220.57,106,-0.05236
-220.03,106,-0.05236
-219.48,106,-0.05236
-218.94,106,-0.05236
-218.4,106,-0.05236
-217.86,106,-0.05236
-217.32,106,-0.05236
-216.78,106,-0.05236
-216.24,106,-0.05236
-215.71,106,-0.05236
-215.17,106,-0.05236
-214.64,106,-0.05236
-214.11,106,-0.05236
-213.58,106,-0.05236
-213.05,106,-0.05236
-212.52,106,-0.05236
-211.99,106,-0.05236
-211.46,106,-0.05236
-210.94,106,-0.05236
-210.42,106,-0.05236
-209.9,106,-0.05236
-209.38,106,-0.05236
-208.86,106,-0.05236
-208.34,106,-0.05236
-207.83,106,-0.05236
-207.32,106,-0.05236
-206.81,106,-0.05236
-206.3,106,-0.05236
-205.79,106,-0.05236
-205.28,106,-0.05236
-204.78,106,-0.05236
-204.28,106,-0.05236
-203.78,106,-0.05236
-203.28,106,-0.05236
-202.78,106,-0.05236
-202.29,106,-0.05236
-201.8,106,-0.05236
-201.31,106,-0.05236
-200.82,106,-0.05236
-200.33,106,-0.05236
-199.85,106,-0.05236
-199.37,106,-0.05236
-198.89,106,-0.05236
-198.41,106,-0.05236
-197.93,106,-0.05236
-197.46,106,-0.05236
-196.99,106,-0.05236
-196.52,106,-0.05236
-196.05,106,-0.05236
-195.59,106,-0.05236
-195.13,106,-0.05236
-194.67,106,-0.05236
-194.21,106,-0.05236
-193.76,106,-0.05236
-193.31,106,-0.05236
-192.86,106,-0.05236
-192.41,106,-0.05236
-191.97,106,-0.05236
-191.53,106,-0.05236
-191.09,106,-0.05236
-190.65,106,-0.05236
-190.22,106,-0.05236
-189.79,106,-0.05236
-189.36,106,-0.05236
-188.93,106,-0.05236
-188.51,106,-0.05236
-188.09,106,-0.05236
-187.67,106,-0.05236
-187.25,106,-0.05236
-186.84,106,-0.05236
-186.43,106,-0.05236
-186.02,106,-0.05236
-185.62,106,-0.05236
-185.22,106,-0.05236
-184.82,106,-0.05236
-184.43,106,-0.05236
-184.03,106,-0.05236
-183.64,106,-0.05236
-183.26,106,-0.05236
-182.87,106,-0.05236
-182.49,106,-0.05236
-182.11,106,-0.05236
-181.74,106,-0.05236
-181.37,106,-0.05236
-181,106,-0.05236
-180.63,106,-0.05236
-180.27,106,-0.05236
-179.91,106,-0.05236
-179.55,106,-0.05236
-179.2,106,-0.05236
-178.85,106,-0.05236
-178.5,106,-0.05236
-178.15,106,-0.05236
-177.81,106,-0.05236
-177.47,106,-0.05236
-177.14,106,-0.05236
-176.8,106,-0.05236
-176.47,106,-0.05236
-176.15,106,-0.05236
-175.83,106,-0.05236
-175.51,106,-0.05236
-175.19,106,-0.05236
-174.87,106,-0.05236
-174.56,106,-0.05236
-174.26,106,-0.05236
-173.95,106,-0.05236
-173.65,106,-0.05236
-173.35,106,-0.05236
-173.06,106,-0.05236
-172.77,106,-0.05236
-172.48,106,-0.05236
-172.19,106,-0.05236
-171.91,106,-0.05236
-171.63,106,-0.05236
-171.36,106,-0.05236
-171.09,106,-0.05236
-170.82,106,-0.05236
-170.55,106,-0.05236
-170.29,106,-0.05236
-170.03,106,-0.05236
-169.77,106,-0.05236
-169.52,106,-0.05236
-169.27,106,-0.05236
-169.03,106,-0.05236
-168.78,106,-0.05236
-168.54,106,-0.05236
-168.31,106,-0.05236
-168.07,106,-0.05236
-167.84,106,-0.05236
-167.62,106,-0.05236
-167.39,106,-0.05236
-167.17,106,-0.05236
-166.95,106,-0.05236
-166.74,106,-0.05236
-166.53,106,-0.05236
-166.32,106,-0.05236
-166.12,106,-0.05236
-165.92,106,-0.05236
-165.72,106,-0.05236
-165.52,106,-0.05236
-165.33,106,-0.05236
-165.14,106,-0.05236
-164.96,106,-0.05236
-164.78,106,-0.05236
-164.6,106,-0.05236
-164.42,106,-0.05236
-164.25,106,-0.05236
-164.08,106,-0.05236
-163.92,106,-0.05236
-163.75,106,-0.05236
-163.59,106,-0.05236
-163.44,106,-0.05236
-163.28,106,-0.05236
-163.13,106,-0.05236
-162.99,106,-0.05236
-162.84,106,-0.05236
-162.7,106,-0.05236
-162.56,106,-0.05236
-162.43,106,-0.05236
-162.3,106,-0.05236
-162.17,106,-0.05236
-162.04,106,-0.05236
-161.92,106,-0.05236
-161.8,106,-0.05236
-161.68,106,-0.05236
-161.57,106,-0.05236
-161.46,106,-0.05236
-161.35,106,-0.05236
-161.25,106,-0.05236
-161.15,106,-0.05236
-161.05,106,-0.05236
-160.95,106,-0.05236
-160.86,106,-0.05236
-160.77,106,-0.05236
-160.69,106,-0.05236
-160.6,106,-0.05236
-160.52,106,-0.05236
-160.44,106,-0.05236
-160.37,106,-0.05236
-160.3,106,-0.05236
-160.23,106,-0.05236
-160.16,106,-0.05236
-160.1,106,-0.05236
-160.04,106,-0.05236
-159.98,106,-0.05236
-159.92,106,-0.05236
-159.87,106,-0.05236
-159.82,106,-0.05236
-159.77,106,-0.05236
-159.73,106,-0.05236
-159.69,106,-0.05236
-159.65,106,-0.05236
-159.61,106,-0.05236
-159.58,106,-0.05236
-159.55,106,-0.05236
-159.52,106,-0.05236
-159.5,106,-0.05236
-159.47,106,-0.05236
-159.45,106,-0.05236
-159.43,106,-0.05236
-159.42,106,-0.05236
-159.41,106,-0.05236
-159.4,106,-0.05236
-159.39,106,-0.05236
-159.38,106,-0.05236
-159.38,106,-0.05236
-159.38,106,-0.05236
-159.38,106,-0.05236
-159.39,106,-0.05236
-159.39,106,-0.05236
-159.4,106,-0.05236
-159.42,106,-0.05236
-159.43,106,-0.05236
-159.45,106,-0.05236
-159.47,106,-0.05236
-159.49,106,-0.05236
-159.51,106,-0.05236
-159.54,106,-0.05236
-159.56,106,-0.05236
-159.59,106,-0.05236
-159.63,106,-0.05236
-159.66,106,-0.05236
-159.7,106,-0.05236
-159.74,106,-0.05236
-159.78,106,-0.05236
-159.82,106,-0.05236
-159.86,106,-0.05236
-159.91,106,-0.05236
-159.96,106,-0.05236
-160.01,106,-0.05236
-160.06,106,-0.05236
-160.12,106,-0.05236
-160.18,106,-0.05236
-160.24,106,-0.05236
-160.3,106,-0.05236
-160.36,106,-0.05236
-160.43,106,-0.05236
-160.49,106,-0.05236
-160.56,106,-0.05236
-160.63,106,-0.05236
-160.7,106,-0.05236
-160.78,106,-0.05236
-160.85,106,-0.05236
-160.93,106,-0.05236
-161.01,106,-0.05236
-161.09,106,-0.05236
-161.17,106,-0.05236
-161.26,106,-0.05236
-161.34,106,-0.05236
-161.43,106,-0.05236
-161.52,106,-0.05236
-161.61,106,-0.05236
-161.7,106,-0.05236
-161.79,106,-0.05236
-161.89,106,-0.05236
-161.99,106,-0.05236
-162.08,106,-0.05236
-162.18,106,-0.05236
-162.28,106,-0.05236
-162.39,106,-0.05236
-162.49,106,-0.05236
-162.6,106,-0.05236
-162.7,106,-0.05236
-162.81,106,-0.05236
-162.92,106,-0.05236
-163.03,106,-0.05236
-163.14,106,-0.05236
-163.25,106,-0.05236
-163.37,106,-0.05236
-163.48,106,-0.05236
-163.6,106,-0.05236
-163.72,106,-0.05236
-163.83,106,-0.05236
-163.95,106,-0.05236
-164.07,106,-0.05236
-164.2,106,-0.05236
-164.32,106,-0.05236
-164.44,106,-0.05236
-164.57,106,-0.05236
-164.69,106,-0.05236
-164.82,106,-0.05236
-164.95,106,-0.05236
-165.08,106,-0.05236
-165.21,106,-0.05236
-165.34,106,-0.05236
-165.47,106,-0.05236
-165.6,106,-0.05236
-165.73,106,-0.05236
-165.87,106,-0.05236
-166,106,-0.05236
-166.13,106,-0.05236
-166.27,106,-0.05236
-166.41,106,-0.05236
-166.54,106,-0.05236
-166.68,106,-0.05236
-166.82,106,-0.05236
-166.96,106,-0.05236
-167.1,106,-0.05236
-167.24,106,-0.05236
-167.38,106,-0.05236
-167.52,106,-0.05236
-167.66,106,-0.05236
-167.8,106,-0.05236
-167.94,106,-0.05236
-168.09,106,-0.05236
-168.23,106,-0.05236
-168.37,106,-0.05236
-168.52,106,-0.05236
-168.66,106,-0.05236
-168.81,106,-0.05236
-168.95,106,-0.05236
-169.1,106,-0.05236
-169.24,106,-0.05236
-169.39,106,-0.05236
-169.54,106,-0.05236
-169.68,106,-0.05236
-169.83,106,-0.05236
-169.98,106,-0.05236
-170.12,106,-0.05236
-170.27,106,-0.05236
-170.42,106,-0.05236
-170.56,106,-0.05236
-170.71,106,-0.05236
-170.86,106,-0.05236
-171.01,106,-0.05236
-171.15,106,-0.05236
-171.3,106,-0.05236
-171.45,106,-0.05236
-171.59,106,-0.05236
-171.74,106,-0.05236
-171.89,106,-0.05236
-172.04,106,-0.05236
-172.18,106,-0.05236
-172.33,106,-0.05236
-172.48,106,-0.05236
-172.62,106,-0.05236
-172.77,106,-0.05236
-172.91,106,-0.05236
-173.06,106,-0.05236
-173.21,106,-0.05236
-173.35,106,-0.05236
-173.5,106,-0.05236
-173.64,106,-0.05236
-173.78,106,-0.05236
-173.93,106,-0.05236
-174.07,106,-0.05236
-174.21,106,-0.05236
-174.36,106,-0.05236
-174.5,106,-0.05236
-174.64,106,-0.05236
-174.78,106,-0.05236
-174.92,106,-0.05236
-175.07,106,-0.05236
-175.21,106,-0.05236
-175.35,106,-0.05236
-175.48,106,-0.05236
-175.62,106,-0.05236
-175.76,106,-0.05236
-175.9,106,-0.05236
-176.04,106,-0.05236
-176.17,106,-0.05236
-176.31,106,-0.05236
-176.44,106,-0.05236
-176.58,106,-0.05236
-176.71,106,-0.05236
-176.84,106,-0.05236
-176.98,106,-0.05236
-177.11,106,-0.05236
-177.24,106,-0.05236
-177.37,106,-0.05236
-177.5,106,-0.05236
-177.63,106,-0.05236
-177.75,106,-0.05236
-177.88,106,-0.05236
-178.01,106,-0.05236
-178.13,106,-0.05236
-178.26,106,-0.05236
-178.38,106,-0.05236
-178.5,106,-0.05236
-178.63,106,-0.05236
-178.75,106,-0.05236
-178.87,106,-0.05236
-178.99,106,-0.05236
-179.1,106,-0.05236
-179.22,106,-0.05236
-179.34,106,-0.05236
-179.45,106,-0.05236
-179.57,106,-0.05236
-179.68,106,-0.05236
-179.79,106,-0.05236
-179.91,106,-0.05236
-180.02,106,-0.05236
-180.13,106,-0.05236
-180.23,106,-0.05236
-180.34,106,-0.05236
-180.45,106,-0.05236
-180.55,106,-0.05236
-180.66,106,-0.05236
-180.76,106,-0.05236
-180.86,106,-0.05236
-180.96,106,-0.05236
-181.06,106,-0.05236
-181.16,106,-0.05236
-181.26,106,-0.05236
-181.36,106,-0.05236
-181.45,106,-0.05236
-181.54,106,-0.05236
-181.64,106,-0.05236
-181.73,106,-0.05236
-181.82,106,-0.05236
-181.91,106,-0.05236
-182,106,-0.05236
-182.08,106,-0.05236
-182.17,106,-0.05236
-182.25,106,-0.05236
-182.33,106,-0.05236
-182.42,106,-0.05236
-182.5,106,-0.05236
-182.57,106,-0.05236
-182.65,106,-0.05236
-182.73,106,-0.05236
-182.8,106,-0.05236
-182.88,106,-0.05236
-182.95,106,-0.05236
-183.02,106,-0.05236
-183.09,106,-0.05236
-183.16,106,-0.05236
-183.23,106,-0.05236
-183.29,106,-0.05236
-183.36,106,-0.05236
-183.42,106,-0.05236
-183.48,106,-0.05236
-183.54,106,-0.05236
-183.6,106,-0.05236
-183.66,106,-0.05236
-183.72,106,-0.05236
-183.77,106,-0.05236
-183.82,106,-0.05236
-183.88,106,-0.05236
-183.93,106,-0.05236
-183.98,106,-0.05236
-184.02,106,-0.05236
-184.07,106,-0.05236
-184.11,106,-0.05236
-184.16,106,-0.05236
-184.2,106,-0.05236
-184.24,106,-0.05236
-184.28,106,-0.05236
-184.32,106,-0.05236
-184.35,106,-0.05236
-184.39,106,-0.05236
-184.42,106,-0.05236
-184.45,106,-0.05236
-184.48,106,-0.05236
-184.51,106,-0.05236
-184.54,106,-0.05236
-184.57,106,-0.05236
-184.59,106,-0.05236
-184.62,106,-0.05236
-184.64,106,-0.05236
-184.66,106,-0.05236
-184.68,106,-0.05236
-184.69,106,-0.05236
-184.71,106,-0.05236
-184.72,106,-0.05236
-184.74,106,-0.05236
-184.75,106,-0.05236
-184.76,106,-0.05236
-184.77,106,-0.05236
-184.77,106,-0.05236
-184.78,106,-0.05236
-184.78,106,-0.05236
-184.78,106,-0.05236
-184.79,106,-0.05236
-184.79,106,-0.05236
-184.78,106,-0.05236
-184.78,106,-0.05236
-184.78,106,-0.05236
-184.77,106,-0.05236
-184.76,106,-0.05236
-184.75,106,-0.05236
-184.74,106,-0.05236
-184.73,106,-0.05236
-184.71,106,-0.05236
-184.7,106,-0.05236
-184.68,106,-0.05236
-184.66,106,-0.05236
-184.64,106,-0.05236
-184.62,106,-0.05236
-184.6,106,-0.05236
-184.58,106,-0.05236
-184.55,106,-0.05236
-184.52,106,-0.05236
-184.5,106,-0.05236
-184.47,106,-0.05236
-184.43,106,-0.05236
-184.4,106,-0.05236
-184.37,106,-0.05236
-184.33,106,-0.05236
-184.29,106,-0.05236
-184.26,106,-0.05236
-184.22,106,-0.05236
-184.17,106,-0.05236
-184.13,106,-0.05236
-184.09,106,-0.05236
-184.04,106,-0.05236
-184,106,-0.05236
-183.95,106,-0.05236
-183.9,106,-0.05236
-183.85,106,-0.05236
-183.79,106,-0.05236
-183.74,106,-0.05236
-183.68,106,-0.05236
-183.63,106,-0.05236
-183.57,106,-0.05236
-183.51,106,-0.05236
-183.45,106,-0.05236
-183.38,106,-0.05236
-183.32,106,-0.05236
-183.26,106,-0.05236
-183.19,106,-0.05236
-183.12,106,-0.05236
-183.05,106,-0.05236
-182.98,106,-0.05236
-182.91,106,-0.05236
-182.84,106,-0.05236
-182.76,106,-0.05236
-182.69,106,-0.05236
-182.61,106,-0.05236
-182.53,106,-0.05236
-182.45,106,-0.05236
-182.37,106,-0.05236
-182.29,106,-0.05236
-182.21,106,-0.05236
-182.12,106,-0.05236
-182.03,106,-0.05236
-181.95,106,-0.05236
-181.86,106,-0.05236
-181.77,106,-0.05236
-181.68,106,-0.05236
-181.59,106,-0.05236
-181.49,106,-0.05236
-181.4,106,-0.05236
-181.3,106,-0.05236
-181.2,106,-0.05236
-181.11,106,-0.05236
-181.01,106,-0.05236
-180.91,106,-0.05236
-180.8,106,-0.05236
-180.7,106,-0.05236
-180.6,106,-0.05236
-180.49,106,-0.05236
-180.39,106,-0.05236
-180.28,106,-0.05236
-180.17,106,-0.05236
-180.06,106,-0.05236
-179.95,106,-0.05236
-179.84,106,-0.05236
-179.72,106,-0.05236
-179.61,106,-0.05236
-179.49,106,-0.05236
-179.38,106,-0.05236
-179.26,106,-0.05236
-179.14,106,-0.05236
-179.02,106,-0.05236
-178.9,106,-0.05236
-178.78,106,-0.05236
-178.66,106,-0.05236
-178.53,106,-0.05236
-178.41,106,-0.05236
-178.28,106,-0.05236
-178.16,106,-0.05236
-178.03,106,-0.05236
-177.9,106,-0.05236
-177.77,106,-0.05236
-177.64,106,-0.05236
-177.51,106,-0.05236
-177.38,106,-0.05236
-177.24,106,-0.05236
-177.11,106,-0.05236
-176.97,106,-0.05236
-176.84,106,-0.05236
-176.7,106,-0.05236
-176.56,106,-0.05236
-176.42,106,-0.05236
-176.28,106,-0.05236
-176.14,106,-0.05236
-176,106,-0.05236
-175.86,106,-0.05236
-175.72,106,-0.05236
-175.57,106,-0.05236
-175.43,106,-0.05236
-175.28,106,-0.05236
-175.14,106,-0.05236
-174.99,106,-0.05236
-174.84,106,-0.05236
-174.69,106,-0.05236
-174.54,106,-0.05236
-174.39,106,-0.05236
-174.24,106,-0.05236
-174.09,106,-0.05236
-173.94,106,-0.05236
-173.78,106,-0.05236
-173.63,106,-0.05236
-173.48,106,-0.05236
-173.32,106,-0.05236
-173.17,106,-0.05236
-173.01,106,-0.05236
-172.85,106,-0.05236
-172.69,106,-0.05236
-172.54,106,-0.05236
-172.38,106,-0.05236
-172.22,106,-0.05236
-172.06,106,-0.05236
-171.9,106,-0.05236
-171.73,106,-0.05236
-171.57,106,-0.05236
-171.41,106,-0.05236
-171.25,106,-0.05236
-171.08,106,-0.05236
-170.92,106,-0.05236
-170.75,106,-0.05236
-170.59,106,-0.05236
-170.42,106,-0.05236
-170.25,106,-0.05236
-170.09,106,-0.05236
-169.92,106,-0.05236
-169.75,106,-0.05236
-169.58,106,-0.05236
-169.41,106,-0.05236
-169.25,106,-0.05236
-169.08,106,-0.05236
-168.91,106,-0.05236
-168.73,106,-0.05236
-168.56,106,-0.05236
-168.39,106,-0.05236
-168.22,106,-0.05236
-168.05,106,-0.05236
-167.88,106,-0.05236
-167.7,106,-0.05236
-167.53,106,-0.05236
-167.35,106,-0.05236
-167.18,106,-0.05236
-167.01,106,-0.05236
-166.83,106,-0.05236
-166.66,106,-0.05236
-166.48,106,-0.05236
-166.31,106,-0.05236
-166.13,106,-0.05236
-165.95,106,-0.05236
-165.78,106,-0.05236
-165.6,106,-0.05236
-165.42,106,-0.05236
-165.24,106,-0.05236
-165.07,106,-0.05236
-164.89,106,-0.05236
-164.71,106,-0.05236
-164.53,106,-0.05236
-164.35,106,-0.05236
-164.18,106,-0.05236
-164,106,-0.05236
-163.82,106,-0.05236
-163.64,106,-0.05236
-163.46,106,-0.05236
-163.28,106,-0.05236
-163.1,106,-0.05236
-162.92,106,-0.05236
-162.74,106,-0.05236
-162.56,106,-0.05236
-162.38,106,-0.05236
-162.2,106,-0.05236
-162.02,106,-0.05236
-161.84,106,-0.05236
-161.66,106,-0.05236
-161.48,106,-0.05236
-161.3,106,-0.05236
-161.11,106,-0.05236
-160.93,106,-0.05236
-160.75,106,-0.05236
-160.57,106,-0.05236
-160.39,106,-0.05236
-160.21,106,-0.05236
-160.03,106,-0.05236
-159.85,106,-0.05236
-159.67,106,-0.05236
-159.48,106,-0.05236
-159.3,106,-0.05236
-159.12,106,-0.05236
-158.94,106,-0.05236
-158.76,106,-0.05236
-158.58,106,-0.05236
-158.4,106,-0.05236
-158.22,106,-0.05236
-158.04,106,-0.05236
-157.86,106,-0.05236
-157.68,106,-0.05236
-157.5,106,-0.05236
-157.32,106,-0.05236
-157.14,106,-0.05236
-156.95,106,-0.05236
-156.77,106,-0.05236
-156.59,106,-0.05236
-156.41,106,-0.05236
-156.24,106,-0.05236
-156.06,106,-0.05236
-155.88,106,-0.05236
-155.7,106,-0.05236
-155.52,106,-0.05236
-155.34,106,-0.05236
-155.16,106,-0.05236
-154.98,106,-0.05236
-154.8,106,-0.05236
-154.63,106,-0.05236
-154.45,106,-0.05236
-154.27,106,-0.05236
-154.09,106,-0.05236
-153.91,106,-0.05236
-153.74,106,-0.05236
-153.56,106,-0.05236
-153.38,106,-0.05236
-153.21,106,-0.05236
-153.03,106,-0.05236
-152.86,106,-0.05236
-152.68,106,-0.05236
-152.5,106,-0.05236
-152.33,106,-0.05236
-152.15,106,-0.05236
-151.98,106,-0.05236
-151.81,106,-0.05236
-151.63,106,-0.05236
-151.46,106,-0.05236
-151.28,106,-0.05236
-151.11,106,-0.05236
-150.94,106,-0.05236
-150.77,106,-0.05236
-150.59,106,-0.05236
-150.42,106,-0.05236
-150.25,106,-0.05236
-150.08,106,-0.05236
-149.91,106,-0.05236
-149.74,106,-0.05236
-149.57,106,-0.05236
-149.4,106,-0.05236
-149.23,106,-0.05236
-149.06,106,-0.05236
-148.89,106,-0.05236
-148.72,106,-0.05236
-148.56,106,-0.05236
-148.39,106,-0.05236
-148.22,106,-0.05236
-148.06,106,-0.05236
-147.89,106,-0.05236
-147.72,106,-0.05236
-147.56,106,-0.05236
-147.39,106,-0.05236
-147.23,106,-0.05236
-147.06,106,-0.05236
-146.9,106,-0.05236
-146.74,106,-0.05236
-146.57,106,-0.05236
-146.41,106,-0.05236
-146.25,106,-0.05236
-146.09,106,-0.05236
-145.93,106,-0.05236
-145.77,106,-0.05236
-145.61,106,-0.05236
-145.45,106,-0.05236
-145.29,106,-0.05236
-145.13,106,-0.05236
-144.97,106,-0.05236
-144.81,106,-0.05236
-144.65,106,-0.05236
-144.5,106,-0.05236
-144.34,106,-0.05236
-144.18,106,-0.05236
-144.03,106,-0.05236
-143.87,106,-0.05236
-143.72,106,-0.05236
-143.56,106,-0.05236
-143.41,106,-0.05236
-143.26,106,-0.05236
-143.1,106,-0.05236
-142.95,106,-0.05236
-142.8,106,-0.05236
-142.65,106,-0.05236
-142.5,106,-0.05236
-142.35,106,-0.05236
-142.2,106,-0.05236
-142.05,106,-0.05236
-141.9,106,-0.05236
-141.75,106,-0.05236
-141.61,106,-0.05236
-141.46,106,-0.05236
-141.31,106,-0.05236
-141.17,106,-0.05236
-141.02,106,-0.05236
-140.88,106,-0.05236
-140.73,106,-0.05236
-140.59,106,-0.05236
-140.45,106,-0.05236
-140.3,106,-0.05236
-140.16,106,-0.05236
-140.02,106,-0.05236
-139.88,106,-0.05236
-139.74,106,-0.05236
-139.6,106,-0.05236
-139.46,106,-0.05236
-139.32,106,-0.05236
-139.18,106,-0.05236
-139.04,106,-0.05236
-138.91,106,-0.05236
-138.77,106,-0.05236
-138.63,106,-0.05236
-138.5,106,-0.05236
-138.36,106,-0.05236
-138.23,106,-0.05236
-138.1,106,-0.05236
-137.96,106,-0.05236
-137.83,106,-0.05236
-137.7,106,-0.05236
-137.57,106,-0.05236
-137.44,106,-0.05236
-137.3,106,-0.05236
-137.17,106,-0.05236
-137.05,106,-0.05236
-136.92,106,-0.05236
-136.79,106,-0.05236
-136.66,106,-0.05236
-136.53,106,-0.05236
-136.41,106,-0.05236
-136.28,106,-0.05236
-136.16,106,-0.05236
-136.03,106,-0.05236
-135.91,106,-0.05236
-135.78,106,-0.05236
-135.66,106,-0.05236
-135.54,106,-0.05236
-135.42,106,-0.05236
-135.3,106,-0.05236
-135.18,106,-0.05236
-135.06,106,-0.05236
-134.94,106,-0.05236
-134.82,106,-0.05236
-134.7,106,-0.05236
-134.58,106,-0.05236
-134.46,106,-0.05236
-134.35,106,-0.05236
-134.23,106,-0.05236
-134.12,106,-0.05236
-134,106,-0.05236
-133.89,106,-0.05236
-133.77,106,-0.05236
-133.66,106,-0.05236
-133.55,106,-0.05236
-133.43,106,-0.05236
-133.32,106,-0.05236
-133.21,106,-0.05236
-133.1,106,-0.05236
-132.99,106,-0.05236
-132.88,106,-0.05236
-132.77,106,-0.05236
-132.67,106,-0.05236
-132.56,106,-0.05236
-132.45,106,-0.05236
-132.34,106,-0.05236
-132.24,106,-0.05236
-132.13,106,-0.05236
-132.03,106,-0.05236
-131.92,106,-0.05236
-131.82,106,-0.05236
-131.72,106,-0.05236
-131.62,106,-0.05236
-131.51,106,-0.05236
-131.41,106,-0.05236
-131.31,106,-0.05236
-131.21,106,-0.05236
-131.11,106,-0.05236
-131.01,106,-0.05236
-130.91,106,-0.05236
-130.82,106,-0.05236
-130.72,106,-0.05236
-130.62,106,-0.05236
-130.52,106,-0.05236
-130.43,106,-0.05236
-130.33,106,-0.05236
-130.24,106,-0.05236
-130.14,106,-0.05236
-130.05,106,-0.05236
-129.96,106,-0.05236
-129.86,106,-0.05236
-129.77,106,-0.05236
-129.68,106,-0.05236
-129.59,106,-0.05236
-129.5,106,-0.05236
-129.41,106,-0.05236
-129.32,106,-0.05236
-129.23,106,-0.05236
-129.14,106,-0.05236
-129.05,106,-0.05236
-128.97,106,-0.05236
-128.88,106,-0.05236
-128.79,106,-0.05236
-128.71,106,-0.05236
-128.62,106,-0.05236
-128.54,106,-0.05236
-128.45,106,-0.05236
-128.37,106,-0.05236
-128.28,106,-0.05236
-128.2,106,-0.05236
-128.12,106,-0.05236
-128.04,106,-0.05236
-127.96,106,-0.05236
-127.88,106,-0.05236
-127.8,106,-0.05236
-127.72,106,-0.05236
-127.64,106,-0.05236
-127.56,106,-0.05236
-127.48,106,-0.05236
-127.4,106,-0.05236
-127.32,106,-0.05236
-127.25,106,-0.05236
-127.17,106,-0.05236
-127.09,106,-0.05236
-127.02,106,-0.05236
-126.94,106,-0.05236
-126.87,106,-0.05236
-126.79,106,-0.05236
-126.72,106,-0.05236
-126.65,106,-0.05236
-126.57,106,-0.05236
-126.5,106,-0.05236
-126.43,106,-0.05236
-126.36,106,-0.05236
-126.29,106,-0.05236
-126.22,106,-0.05236
-126.14,106,-0.05236
-126.08,106,-0.05236
-126.01,106,-0.05236
-125.94,106,-0.05236
-125.87,106,-0.05236
-125.8,106,-0.05236
-125.73,106,-0.05236
-125.67,106,-0.05236
-125.6,106,-0.05236
-125.53,106,-0.05236
-125.47,106,-0.05236
-125.4,106,-0.05236
-125.34,106,-0.05236
-125.27,106,-0.05236
-125.21,106,-0.05236
-125.14,106,-0.05236
-125.08,106,-0.05236
-125.02,106,-0.05236
-124.95,106,-0.05236
-124.89,106,-0.05236
-124.83,106,-0.05236
-124.77,106,-0.05236
-124.71,106,-0.05236
-124.64,106,-0.05236
-124.58,106,-0.05236
-124.52,106,-0.05236
-124.46,106,-0.05236
-124.41,106,-0.05236
-124.35,106,-0.05236
-124.29,106,-0.05236
-124.23,106,-0.05236
-124.17,106,-0.05236
-124.11,106,-0.05236
-124.06,106,-0.05236
-124,106,-0.05236
-123.94,106,-0.05236
-123.89,106,-0.05236
-123.83,106,-0.05236
-123.78,106,-0.05236
-123.72,106,-0.05236
-123.67,106,-0.05236
-123.61,106,-0.05236
-123.56,106,-0.05236
-123.5,106,-0.05236
-123.45,106,-0.05236
-123.4,106,-0.05236
-123.34,106,-0.05236
-123.29,106,-0.05236
-123.24,106,-0.05236
-123.19,106,-0.05236
-123.14,106,-0.05236
-123.09,106,-0.05236
-123.03,106,-0.05236
-122.98,106,-0.05236
-122.93,106,-0.05236
-122.88,106,-0.05236
-122.83,106,-0.05236
-122.78,106,-0.05236
-122.73,106,-0.05236
-122.69,106,-0.05236
-122.64,106,-0.05236
-122.59,106,-0.05236
-122.54,106,-0.05236
-122.49,106,-0.05236
-122.44,106,-0.05236
-122.4,106,-0.05236
-122.35,106,-0.05236
-122.3,106,-0.05236
-122.26,106,-0.05236
-122.21,106,-0.05236
-122.16,106,-0.05236
-122.12,106,-0.05236
-122.07,106,-0.05236
-122.03,106,-0.05236
-121.98,106,-0.05236
-121.94,106,-0.05236
-121.89,106,-0.05236
-121.85,106,-0.05236
-121.81,106,-0.05236
-121.76,106,-0.05236
-121.72,106,-0.05236
-121.67,106,-0.05236
-121.63,106,-0.05236
-121.59,106,-0.05236
-121.54,106,-0.05236
-121.5,106,-0.05236
-121.46,106,-0.05236
-121.42,106,-0.05236
-121.38,106,-0.05236
-121.33,106,-0.05236
-121.29,106,-0.05236
-121.25,106,-0.05236
-121.21,106,-0.05236
-121.17,106,-0.05236
-121.13,106,-0.05236
-121.09,106,-0.05236
-121.05,106,-0.05236
-121.01,106,-0.05236
-120.97,106,-0.05236
-120.93,106,-0.05236
-120.89,106,-0.05236
-120.85,106,-0.05236
-120.81,106,-0.05236
-120.77,106,-0.05236
-120.73,106,-0.05236
-120.69,106,-0.05236
-120.65,106,-0.05236
-120.61,106,-0.05236
-120.57,106,-0.05236
-120.54,106,-0.05236
-120.5,106,-0.05236
-120.46,106,-0.05236
-120.42,106,-0.05236
-120.38,106,-0.05236
-120.35,106,-0.05236
-120.31,106,-0.05236
-120.27,106,-0.05236
-120.23,106,-0.05236
-120.2,106,-0.05236
-120.16,106,-0.05236
-120.12,106,-0.05236
-120.09,106,-0.05236
-120.05,106,-0.05236
-120.01,106,-0.05236
-119.98,106,-0.05236
-119.94,106,-0.05236
-119.9,106,-0.05236
-119.87,106,-0.05236
-119.83,106,-0.05236
-119.8,106,-0.05236
-119.76,106,-0.05236
-119.72,106,-0.05236
-119.69,106,-0.05236
-119.65,106,-0.05236
-119.62,106,-0.05236
-119.58,106,-0.05236
-119.55,106,-0.05236
-119.51,106,-0.05236
-119.48,106,-0.05236
-119.44,106,-0.05236
-119.41,106,-0.05236
-119.37,106,-0.05236
-119.34,106,-0.05236
-119.3,106,-0.05236
-119.27,106,-0.05236
-119.23,106,-0.05236
-119.2,106,-0.05236
-119.16,106,-0.05236
-119.13,106,-0.05236
-119.09,106,-0.05236
-119.06,106,-0.05236
-119.02,106,-0.05236
-118.99,106,-0.05236
-118.96,106,-0.05236
-118.92,106,-0.05236
-118.89,106,-0.05236
-118.85,106,-0.05236
-118.82,106,-0.05236
-118.79,106,-0.05236
-118.75,106,-0.05236
-118.72,106,-0.05236
-118.68,106,-0.05236
-118.65,106,-0.05236
-118.62,106,-0.05236
-118.58,106,-0.05236
-118.55,106,-0.05236
-118.51,106,-0.05236
-118.48,106,-0.05236
-118.45,106,-0.05236
-118.41,106,-0.05236
-118.38,106,-0.05236
-118.34,106,-0.05236
-118.31,106,-0.05236
-118.28,106,-0.05236
-118.24,106,-0.05236
-118.21,106,-0.05236
-118.18,106,-0.05236
-118.14,106,-0.05236
-118.11,106,-0.05236
-118.07,106,-0.05236
-118.04,106,-0.05236
-118.01,106,-0.05236
-117.97,106,-0.05236
-117.94,106,-0.05236
-117.91,106,-0.05236
-117.87,106,-0.05236
-117.84,106,-0.05236
-117.8,106,-0.05236
-117.77,106,-0.05236
-117.74,106,-0.05236
-117.7,106,-0.05236
-117.67,106,-0.05236
-117.63,106,-0.05236
-117.6,106,-0.05236
-117.57,106,-0.05236
-117.53,106,-0.05236
-117.5,106,-0.05236
-117.46,106,-0.05236
-117.43,106,-0.05236
-117.4,106,-0.05236
-117.36,106,-0.05236
-117.33,106,-0.05236
-117.29,106,-0.05236
-117.26,106,-0.05236
-117.22,106,-0.05236
-117.19,106,-0.05236
-117.15,106,-0.05236
-117.12,106,-0.05236
-117.09,106,-0.05236
-117.05,106,-0.05236
-117.02,106,-0.05236
-116.98,106,-0.05236
-116.95,106,-0.05236
-116.91,106,-0.05236
-116.88,106,-0.05236
-116.84,106,-0.05236
-116.81,106,-0.05236
-116.77,106,-0.05236
-116.74,106,-0.05236
-116.7,106,-0.05236
-116.67,106,-0.05236
-116.63,106,-0.05236
-116.6,106,-0.05236
-116.56,106,-0.05236
-116.53,106,-0.05236
-116.49,106,-0.05236
-116.45,106,-0.05236
-116.42,106,-0.05236
-116.38,106,-0.05236
-116.35,106,-0.05236
-116.31,106,-0.05236
-116.27,106,-0.05236
-116.24,106,-0.05236
-116.2,106,-0.05236
-116.17,106,-0.05236
-116.13,106,-0.05236
-116.09,106,-0.05236
-116.06,106,-0.05236
-116.02,106,-0.05236
-115.98,106,-0.05236
-115.95,106,-0.05236
-115.91,106,-0.05236
-115.87,106,-0.05236
-115.84,106,-0.05236
-115.8,106,-0.05236
-115.76,106,-0.05236
-115.73,106,-0.05236
-115.69,106,-0.05236
-115.65,106,-0.05236
-115.61,106,-0.05236
-115.58,106,-0.05236
-115.54,106,-0.05236
-115.5,106,-0.05236
-115.46,106,-0.05236
-115.43,106,-0.05236
-115.39,106,-0.05236
-115.35,106,-0.05236
-115.31,106,-0.05236
-115.27,106,-0.05236
-115.24,106,-0.05236
-115.2,106,-0.05236
-115.16,106,-0.05236
-115.12,106,-0.05236
-115.08,106,-0.05236
-115.04,106,-0.05236
-115,106,-0.05236
-114.96,106,-0.05236
-114.93,106,-0.05236
-114.89,106,-0.05236
-114.85,106,-0.05236
-114.81,106,-0.05236
-114.77,106,-0.05236
-114.73,106,-0.05236
-114.69,106,-0.05236
-114.65,106,-0.05236
-114.61,106,-0.05236
-114.57,106,-0.05236
-114.53,106,-0.05236
-114.49,106,-0.05236
-114.45,106,-0.05236
-114.41,106,-0.05236
-114.37,106,-0.05236
-114.33,106,-0.05236
-114.29,106,-0.05236
-114.25,106,-0.05236
-114.21,106,-0.05236
-114.17,106,-0.05236
-114.13,106,-0.05236
-114.08,106,-0.05236
-114.04,106,-0.05236
-114,106,-0.05236
-113.96,106,-0.05236
-113.92,106,-0.05236
-113.88,106,-0.05236
-113.84,106,-0.05236
-113.79,106,-0.05236
-113.75,106,-0.05236
-113.71,106,-0.05236
-113.67,106,-0.05236
-113.63,106,-0.05236
-113.58,106,-0.05236
-113.54,106,-0.05236
-113.5,106,-0.05236
-113.46,106,-0.05236
-113.41,106,-0.05236
-113.37,106,-0.05236
-113.33,106,-0.05236
-113.28,106,-0.05236
-113.24,106,-0.05236
-113.2,106,-0.05236
-113.16,106,-0.05236
-113.11,106,-0.05236
-113.07,106,-0.05236
-113.02,106,-0.05236
-112.98,106,-0.05236
-112.94,106,-0.05236
-112.89,106,-0.05236
-112.85,106,-0.05236
-112.81,106,-0.05236
-112.76,106,-0.05236
-112.72,106,-0.05236
-112.67,106,-0.05236
-112.63,106,-0.05236
-112.58,106,-0.05236
-112.54,106,-0.05236
-112.49,106,-0.05236
-112.45,106,-0.05236
-112.4,106,-0.05236
-112.36,106,-0.05236
-112.31,106,-0.05236
-112.27,106,-0.05236
-112.22,106,-0.05236
-112.18,106,-0.05236
-112.13,106,-0.05236
-112.09,106,-0.05236
-112.04,106,-0.05236
-112,106,-0.05236
-111.95,106,-0.05236
-111.9,106,-0.05236
-111.86,106,-0.05236
-111.81,106,-0.05236
-111.77,106,-0.05236
-111.72,106,-0.05236
-111.67,106,-0.05236
-111.63,106,-0.05236
-111.58,106,-0.05236
-111.53,106,-0.05236
-111.49,106,-0.05236
-111.44,106,-0.05236
-111.39,106,-0.05236
-111.35,106,-0.05236
-111.3,106,-0.05236
-111.25,106,-0.05236
-111.2,106,-0.05236
-111.16,106,-0.05236
-111.11,106,-0.05236
-111.06,106,-0.05236
-111.01,106,-0.05236
-110.97,106,-0.05236
-110.92,106,-0.05236
-110.87,106,-0.05236
-110.82,106,-0.05236
-110.77,106,-0.05236
-110.73,106,-0.05236
-110.68,106,-0.05236
-110.63,106,-0.05236
-110.58,106,-0.05236
-110.53,106,-0.05236
-110.48,106,-0.05236
-110.44,106,-0.05236
-110.39,106,-0.05236
-110.34,106,-0.05236
-110.29,106,-0.05236
-110.24,106,-0.05236
-110.19,106,-0.05236
-110.14,106,-0.05236
-110.09,106,-0.05236
-110.04,106,-0.05236
-110,106,-0.05236
-109.95,106,-0.05236
-109.9,106,-0.05236
-109.85,106,-0.05236
-109.8,106,-0.05236
-109.75,106,-0.05236
-109.7,106,-0.05236
-109.65,106,-0.05236
-109.6,106,-0.05236
-109.55,106,-0.05236
-109.5,106,-0.05236
-109.45,106,-0.05236
-109.4,106,-0.05236
-109.35,106,-0.05236
-109.3,106,-0.05236
-109.25,106,-0.05236
-109.2,106,-0.05236
-109.15,106,-0.05236
-109.1,106,-0.05236
-109.05,106,-0.05236
-109,106,-0.05236
-108.95,106,-0.05236
-108.9,106,-0.05236
-108.84,106,-0.05236
-108.79,106,-0.05236
-108.74,106,-0.05236
-108.69,106,-0.05236
-108.64,106,-0.05236
-108.59,106,-0.05236
-108.54,106,-0.05236
-108.49,106,-0.05236
-108.44,106,-0.05236
-108.39,106,-0.05236
-108.33,106,-0.05236
-108.28,106,-0.05236
-108.23,106,-0.05236
-108.18,106,-0.05236
-108.13,106,-0.05236
-108.08,106,-0.05236
-108.03,106,-0.05236
-107.97,106,-0.05236
-107.92,106,-0.05236
-107.87,106,-0.05236
-107.82,106,-0.05236
-107.77,106,-0.05236
-107.72,106,-0.05236
-107.66,106,-0.05236
-107.61,106,-0.05236
-107.56,106,-0.05236
-107.51,106,-0.05236
-107.46,106,-0.05236
-107.41,106,-0.05236
-107.35,106,-0.05236
-107.3,106,-0.05236
-107.25,106,-0.05236
-107.2,106,-0.05236
-107.14,106,-0.05236
-107.09,106,-0.05236
-107.04,106,-0.05236
-106.99,106,-0.05236
-106.94,106,-0.05236
-106.88,106,-0.05236
-106.83,106,-0.05236
-106.78,106,-0.05236
-106.73,106,-0.05236
-106.67,106,-0.05236
-106.62,106,-0.05236
-106.57,106,-0.05236
-106.52,106,-0.05236
-106.46,106,-0.05236
-106.41,106,-0.05236
-106.36,106,-0.05236
-106.31,106,-0.05236
-106.25,106,-0.05236
-106.2,106,-0.05236
-106.15,106,-0.05236
-106.1,106,-0.05236
-106.04,106,-0.05236
-105.99,106,-0.05236
-105.94,106,-0.05236
-105.89,106,-0.05236
-105.83,106,-0.05236
-105.78,106,-0.05236
-105.73,106,-0.05236
-105.68,106,-0.05236
-105.62,106,-0.05236
-105.57,106,-0.05236
-105.52,106,-0.05236
-105.46,106,-0.05236
-105.41,106,-0.05236
-105.36,106,-0.05236
-105.31,106,-0.05236
-105.25,106,-0.05236
-105.2,106,-0.05236
-105.15,106,-0.05236
-105.1,106,-0.05236
-105.04,106,-0.05236
-104.99,106,-0.05236
-104.94,106,-0.05236
-104.88,106,-0.05236
-104.83,106,-0.05236
-104.78,106,-0.05236
-104.73,106,-0.05236
-104.67,106,-0.05236
-104.62,106,-0.05236
-104.57,106,-0.05236
-104.51,106,-0.05236
-104.46,106,-0.05236
-104.41,106,-0.05236
-104.36,106,-0.05236
-104.3,106,-0.05236
-104.25,106,-0.05236
-104.2,106,-0.05236
-104.15,106,-0.05236
-104.09,106,-0.05236
-104.04,106,-0.05236
-103.99,106,-0.05236
-103.93,106,-0.05236
-103.88,106,-0.05236
-103.83,106,-0.05236
-103.78,106,-0.05236
-103.72,106,-0.05236
-103.67,106,-0.05236
-103.62,106,-0.05236
-103.57,106,-0.05236
-103.51,106,-0.05236
-103.46,106,-0.05236
-103.41,106,-0.05236
-103.36,106,-0.05236
-103.3,106,-0.05236
-103.25,106,-0.05236
-103.2,106,-0.05236
-103.15,106,-0.05236
-103.09,106,-0.05236
-103.04,106,-0.05236
-102.99,106,-0.05236
-102.94,106,-0.05236
-102.89,106,-0.05236
-102.83,106,-0.05236
-102.78,106,-0.05236
-102.73,106,-0.05236
-102.68,106,-0.05236
-102.62,106,-0.05236
-102.57,106,-0.05236
-102.52,106,-0.05236
-102.47,106,-0.05236
-102.42,106,-0.05236
-102.36,106,-0.05236
-102.31,106,-0.05236
-102.26,106,-0.05236
-102.21,106,-0.05236
-102.16,106,-0.05236
-102.1,106,-0.05236
-102.05,106,-0.05236
-102,106,-0.05236
-101.95,106,-0.05236
-101.9,106,-0.05236
-101.85,106,-0.05236
-101.79,106,-0.05236
-101.74,106,-0.05236
-101.69,106,-0.05236
-101.64,106,-0.05236
-101.59,106,-0.05236
-101.54,106,-0.05236
-101.49,106,-0.05236
-101.43,106,-0.05236
-101.38,106,-0.05236
-101.33,106,-0.05236
-101.28,106,-0.05236
-101.23,106,-0.05236
-101.18,106,-0.05236
-101.13,106,-0.05236
-101.08,106,-0.05236
-101.03,106,-0.05236
-100.97,106,-0.05236
-100.92,106,-0.05236
-100.87,106,-0.05236
-100.82,106,-0.05236
-100.77,106,-0.05236
-100.72,106,-0.05236
-100.67,106,-0.05236
-100.62,106,-0.05236
-100.57,106,-0.05236
-100.52,106,-0.05236
-100.47,106,-0.05236
-100.42,106,-0.05236
-100.37,106,-0.05236
-100.32,106,-0.05236
-100.27,106,-0.05236
-100.22,106,-0.05236
-100.17,106,-0.05236
-100.12,106,-0.05236
-100.06,106,-0.05236
-100.01,106,-0.05236
-99.965,106,-0.05236
-99.915,106,-0.05236
-99.865,106,-0.05236
-99.815,106,-0.05236
-99.766,106,-0.05236
-99.716,106,-0.05236
-99.666,106,-0.05236
-99.617,106,-0.05236
-99.567,106,-0.05236
-99.518,106,-0.05236
-99.468,106,-0.05236
-99.419,106,-0.05236
-99.369,106,-0.05236
-99.32,106,-0.05236
-99.271,106,-0.05236
-99.222,106,-0.05236
-99.173,106,-0.05236
-99.124,106,-0.05236
-99.075,106,-0.05236
-99.026,106,-0.05236
-98.977,106,-0.05236
-98.928,106,-0.05236
-98.879,106,-0.05236
-98.831,106,-0.05236
-98.782,106,-0.05236
-98.734,106,-0.05236
-98.685,106,-0.05236
-98.637,106,-0.05236
-98.588,106,-0.05236
-98.54,106,-0.05236
-98.492,106,-0.05236
-98.444,106,-0.05236
-98.395,106,-0.05236
-98.347,106,-0.05236
-98.299,106,-0.05236
-98.251,106,-0.05236
-98.204,106,-0.05236
-98.156,106,-0.05236
-98.108,106,-0.05236
-98.06,106,-0.05236
-98.013,106,-0.05236
-97.965,106,-0.05236
-97.918,106,-0.05236
-97.87,106,-0.05236
-97.823,106,-0.05236
-97.776,106,-0.05236
-97.729,106,-0.05236
-97.681,106,-0.05236
-97.634,106,-0.05236
-97.587,106,-0.05236
-97.54,106,-0.05236
-97.493,106,-0.05236
-97.447,106,-0.05236
-97.4,106,-0.05236
-97.353,106,-0.05236
-97.307,106,-0.05236
-97.26,106,-0.05236
-97.214,106,-0.05236
-97.167,106,-0.05236
-97.121,106,-0.05236
-97.074,106,-0.05236
-97.028,106,-0.05236
-96.982,106,-0.05236
-96.936,106,-0.05236
-96.89,106,-0.05236
-96.844,106,-0.05236
-96.798,106,-0.05236
-96.752,106,-0.05236
-96.707,106,-0.05236
-96.661,106,-0.05236
-96.615,106,-0.05236
-96.57,106,-0.05236
-96.524,106,-0.05236
-96.479,106,-0.05236
-96.434,106,-0.05236
-96.389,106,-0.05236
-96.343,106,-0.05236
-96.298,106,-0.05236
-96.253,106,-0.05236
-96.208,106,-0.05236
-96.163,106,-0.05236
-96.119,106,-0.05236
-96.074,106,-0.05236
-96.029,106,-0.05236
-95.984,106,-0.05236
-95.94,106,-0.05236
-95.895,106,-0.05236
-95.851,106,-0.05236
-95.807,106,-0.05236
-95.762,106,-0.05236
-95.718,106,-0.05236
-95.674,106,-0.05236
-95.63,106,-0.05236
-95.586,106,-0.05236
-95.542,106,-0.05236
-95.498,106,-0.05236
-95.455,106,-0.05236
-95.411,106,-0.05236
-95.367,106,-0.05236
-95.324,106,-0.05236
-95.28,106,-0.05236
-95.237,106,-0.05236
-95.193,106,-0.05236
-95.15,106,-0.05236
-95.107,106,-0.05236
-95.064,106,-0.05236
-95.021,106,-0.05236
-94.978,106,-0.05236
-94.935,106,-0.05236
-94.892,106,-0.05236
-94.849,106,-0.05236
-94.807,106,-0.05236
-94.764,106,-0.05236
-94.721,106,-0.05236
-94.679,106,-0.05236
-94.636,106,-0.05236
-94.594,106,-0.05236
-94.552,106,-0.05236
-94.51,106,-0.05236
-94.467,106,-0.05236
-94.425,106,-0.05236
-94.383,106,-0.05236
-94.341,106,-0.05236
-94.3,106,-0.05236
-94.258,106,-0.05236
-94.216,106,-0.05236
-94.174,106,-0.05236
-94.133,106,-0.05236
-94.091,106,-0.05236
-94.05,106,-0.05236
-94.008,106,-0.05236
-93.967,106,-0.05236
-93.926,106,-0.05236
-93.885,106,-0.05236
-93.844,106,-0.05236
-93.803,106,-0.05236
-93.762,106,-0.05236
-93.721,106,-0.05236
-93.68,106,-0.05236
-93.639,106,-0.05236
-93.598,106,-0.05236
-93.558,106,-0.05236
-93.517,106,-0.05236
-93.477,106,-0.05236
-93.436,106,-0.05236
-93.396,106,-0.05236
-93.356,106,-0.05236
-93.316,106,-0.05236
-93.275,106,-0.05236
-93.235,106,-0.05236
-93.195,106,-0.05236
-93.155,106,-0.05236
-93.116,106,-0.05236
-93.076,106,-0.05236
-93.036,106,-0.05236
-92.996,106,-0.05236
-92.957,106,-0.05236
-92.917,106,-0.05236
-92.878,106,-0.05236
-92.838,106,-0.05236
-92.799,106,-0.05236
-92.76,106,-0.05236
-92.72,106,-0.05236
-92.681,106,-0.05236
-92.642,106,-0.05236
-92.603,106,-0.05236
-92.564,106,-0.05236
-92.525,106,-0.05236
-92.486,106,-0.05236
-92.448,106,-0.05236
-92.409,106,-0.05236
-92.37,106,-0.05236
-92.332,106,-0.05236
-92.293,106,-0.05236
-92.255,106,-0.05236
-92.216,106,-0.05236
-92.178,106,-0.05236
-92.14,106,-0.05236
-92.102,106,-0.05236
-92.064,106,-0.05236
-92.025,106,-0.05236
-91.987,106,-0.05236
-91.95,106,-0.05236
-91.912,106,-0.05236
-91.874,106,-0.05236
-91.836,106,-0.05236
-91.798,106,-0.05236
-91.761,106,-0.05236
-91.723,106,-0.05236
-91.686,106,-0.05236
-91.648,106,-0.05236
-91.611,106,-0.05236
-91.573,106,-0.05236
-91.536,106,-0.05236
-91.499,106,-0.05236
-91.462,106,-0.05236
-91.425,106,-0.05236
-91.388,106,-0.05236
-91.351,106,-0.05236
-91.314,106,-0.05236
-91.277,106,-0.05236
-91.24,106,-0.05236
-91.203,106,-0.05236
-91.166,106,-0.05236
-91.13,106,-0.05236
-91.093,106,-0.05236
-91.057,106,-0.05236
-91.02,106,-0.05236
-90.984,106,-0.05236
-90.947,106,-0.05236
-90.911,106,-0.05236
-90.875,106,-0.05236
-90.839,106,-0.05236
-90.803,106,-0.05236
-90.766,106,-0.05236
-90.73,106,-0.05236
-90.694,106,-0.05236
-90.658,106,-0.05236
-90.623,106,-0.05236
-90.587,106,-0.05236
-90.551,106,-0.05236
-90.515,106,-0.05236
-90.48,106,-0.05236
-90.444,106,-0.05236
-90.408,106,-0.05236
-90.373,106,-0.05236
-90.337,106,-0.05236
-90.302,106,-0.05236
-90.267,106,-0.05236
-90.231,106,-0.05236
-90.196,106,-0.05236
-90.161,106,-0.05236
-90.126,106,-0.05236
-90.091,106,-0.05236
-90.056,106,-0.05236
-90.021,106,-0.05236
-89.986,106,-0.05236
-89.951,106,-0.05236
-89.916,106,-0.05236
-89.881,106,-0.05236
-89.846,106,-0.05236
-89.812,106,-0.05236
-89.777,106,-0.05236
-89.742,106,-0.05236
-89.708,106,-0.05236
-89.673,106,-0.05236
-89.639,106,-0.05236
-89.604,106,-0.05236
-89.57,106,-0.05236
-89.535,106,-0.05236
-89.501,106,-0.05236
-89.467,106,-0.05236
-89.433,106,-0.05236
-89.398,106,-0.05236
-89.364,106,-0.05236
-89.33,106,-0.05236
-89.296,106,-0.05236
-89.262,106,-0.05236
-89.228,106,-0.05236
-89.194,106,-0.05236
-89.16,106,-0.05236
-89.127,106,-0.05236
-89.093,106,-0.05236
-89.059,106,-0.05236
-89.025,106,-0.05236
-88.992,106,-0.05236
-88.958,106,-0.05236
-88.924,106,-0.05236
-88.891,106,-0.05236
-88.857,106,-0.05236
-88.824,106,-0.05236
-88.79,106,-0.05236
-88.757,106,-0.05236
-88.724,106,-0.05236
-88.69,106,-0.05236
-88.657,106,-0.05236
-88.624,106,-0.05236
-88.59,106,-0.05236
-88.557,106,-0.05236
-88.524,106,-0.05236
-88.491,106,-0.05236
-88.458,106,-0.05236
-88.425,106,-0.05236
-88.392,106,-0.05236
-88.359,106,-0.05236
-88.326,106,-0.05236
-88.293,106,-0.05236
-88.26,106,-0.05236
-88.227,106,-0.05236
-88.195,106,-0.05236
-88.162,106,-0.05236
-88.129,106,-0.05236
-88.096,106,-0.05236
-88.064,106,-0.05236
-88.031,106,-0.05236
-87.998,106,-0.05236
-87.966,106,-0.05236
-87.933,106,-0.05236
-87.901,106,-0.05236
-87.868,106,-0.05236
-87.836,106,-0.05236
-87.803,106,-0.05236
-87.771,106,-0.05236
-87.739,106,-0.05236
-87.706,106,-0.05236
-87.674,106,-0.05236
-87.642,106,-0.05236
-87.609,106,-0.05236
-87.577,106,-0.05236
-87.545,106,-0.05236
-87.513,106,-0.05236
-87.481,106,-0.05236
-87.449,106,-0.05236
-87.416,106,-0.05236
-87.384,106,-0.05236
-87.352,106,-0.05236
-87.32,106,-0.05236
-87.288,106,-0.05236
-87.256,106,-0.05236
-87.224,106,-0.05236
-87.192,106,-0.05236
-87.161,106,-0.05236
-87.129,106,-0.05236
-87.097,106,-0.05236
-87.065,106,-0.05236
-87.033,106,-0.05236
-87.001,106,-0.05236
-86.97,106,-0.05236
-86.938,106,-0.05236
-86.906,106,-0.05236
-86.874,106,-0.05236
-86.843,106,-0.05236
-86.811,106,-0.05236
-86.779,106,-0.05236
-86.748,106,-0.05236
-86.716,106,-0.05236
-86.685,106,-0.05236
-86.653,106,-0.05236
-86.621,106,-0.05236
-86.59,106,-0.05236
-86.558,106,-0.05236
-86.527,106,-0.05236
-86.495,106,-0.05236
-86.464,106,-0.05236
-86.433,106,-0.05236
-86.401,106,-0.05236
-86.37,106,-0.05236
-86.338,106,-0.05236
-86.307,106,-0.05236
-86.276,106,-0.05236
-86.244,106,-0.05236
-86.213,106,-0.05236
-86.182,106,-0.05236
-86.15,106,-0.05236
-86.119,106,-0.05236
-86.088,106,-0.05236
-86.056,106,-0.05236
-86.025,106,-0.05236
-85.994,106,-0.05236
-85.963,106,-0.05236
-85.931,106,-0.05236
-85.9,106,-0.05236
-85.869,106,-0.05236
-85.838,106,-0.05236
-85.807,106,-0.05236
-85.775,106,-0.05236
-85.744,106,-0.05236
-85.713,106,-0.05236
-85.682,106,-0.05236
-85.651,106,-0.05236
-85.62,106,-0.05236
-85.589,106,-0.05236
-85.558,106,-0.05236
-85.526,106,-0.05236
-85.495,106,-0.05236
-85.464,106,-0.05236
-85.433,106,-0.05236
-85.402,106,-0.05236
-85.371,106,-0.05236
-85.34,106,-0.05236
-85.309,106,-0.05236
-85.278,106,-0.05236
-85.247,106,-0.05236
-85.216,106,-0.05236
-85.185,106,-0.05236
-85.154,106,-0.05236
-85.123,106,-0.05236
-85.092,106,-0.05236
-85.061,106,-0.05236
-85.03,106,-0.05236
-84.999,106,-0.05236
-84.968,106,-0.05236
-84.937,106,-0.05236
-84.906,106,-0.05236
-84.875,106,-0.05236
-84.844,106,-0.05236
-84.813,106,-0.05236
-84.782,106,-0.05236
-84.751,106,-0.05236
-84.72,106,-0.05236
-84.689,106,-0.05236
-84.658,106,-0.05236
-84.627,106,-0.05236
-84.596,106,-0.05236
-84.565,106,-0.05236
-84.534,106,-0.05236
-84.503,106,-0.05236
-84.472,106,-0.05236
-84.441,106,-0.05236
-84.41,106,-0.05236
-84.379,106,-0.05236
-84.348,106,-0.05236
-84.317,106,-0.05236
-84.286,106,-0.05236
-84.255,106,-0.05236
-84.224,106,-0.05236
-84.193,106,-0.05236
-84.162,106,-0.05236
-84.131,106,-0.05236
-84.1,106,-0.05236
-84.069,106,-0.05236
-84.038,106,-0.05236
-84.007,106,-0.05236
-83.976,106,-0.05236
-83.945,106,-0.05236
-83.914,106,-0.05236
-83.883,106,-0.05236
-83.852,106,-0.05236
-83.821,106,-0.05236
-83.79,106,-0.05236
-83.759,106,-0.05236
-83.728,106,-0.05236
-83.697,106,-0.05236
-83.666,106,-0.05236
-83.635,106,-0.05236
-83.604,106,-0.05236
-83.573,106,-0.05236
-83.541,106,-0.05236
-83.51,106,-0.05236
-83.479,106,-0.05236
-83.448,106,-0.05236
-83.417,106,-0.05236
-83.386,106,-0.05236
-83.355,106,-0.05236
-83.323,106,-0.05236
-83.292,106,-0.05236
-83.261,106,-0.05236
-83.23,106,-0.05236
-83.199,106,-0.05236
-83.167,106,-0.05236
-83.136,106,-0.05236
-83.105,106,-0.05236
-83.074,106,-0.05236
-83.042,106,-0.05236
-83.011,106,-0.05236
-82.98,106,-0.05236
-82.949,106,-0.05236
-82.917,106,-0.05236
-82.886,106,-0.05236
-82.855,106,-0.05236
-82.823,106,-0.05236
-82.792,106,-0.05236
-82.761,106,-0.05236
-82.729,106,-0.05236
-82.698,106,-0.05236
-82.666,106,-0.05236
-82.635,106,-0.05236
-82.604,106,-0.05236
-82.572,106,-0.05236
-82.541,106,-0.05236
-82.509,106,-0.05236
-82.478,106,-0.05236
-82.446,106,-0.05236
-82.415,106,-0.05236
-82.383,106,-0.05236
-82.352,106,-0.05236
-82.32,106,-0.05236
-82.288,106,-0.05236
-82.257,106,-0.05236
-82.225,106,-0.05236
-82.193,106,-0.05236
-82.162,106,-0.05236
-82.13,106,-0.05236
-82.098,106,-0.05236
-82.067,106,-0.05236
-82.035,106,-0.05236
-82.003,106,-0.05236
-81.972,106,-0.05236
-81.94,106,-0.05236
-81.908,106,-0.05236
-81.876,106,-0.05236
-81.844,106,-0.05236
-81.812,106,-0.05236
-81.781,106,-0.05236
-81.749,106,-0.05236
-81.717,106,-0.05236
-81.685,106,-0.05236
-81.653,106,-0.05236
-81.621,106,-0.05236
-81.589,106,-0.05236
-81.557,106,-0.05236
-81.525,106,-0.05236
-81.493,106,-0.05236
-81.461,106,-0.05236
-81.429,106,-0.05236
-81.397,106,-0.05236
-81.365,106,-0.05236
-81.332,106,-0.05236
-81.3,106,-0.05236
-81.268,106,-0.05236
-81.236,106,-0.05236
-81.204,106,-0.05236
-81.171,106,-0.05236
-81.139,106,-0.05236
-81.107,106,-0.05236
-81.075,106,-0.05236
-81.042,106,-0.05236
-81.01,106,-0.05236
-80.977,106,-0.05236
-80.945,106,-0.05236
-80.913,106,-0.05236
-80.88,106,-0.05236
-80.848,106,-0.05236
-80.815,106,-0.05236
-80.783,106,-0.05236
-80.75,106,-0.05236
-80.718,106,-0.05236
-80.685,106,-0.05236
-80.652,106,-0.05236
-80.62,106,-0.05236
-80.587,106,-0.05236
-80.554,106,-0.05236
-80.522,106,-0.05236
-80.489,106,-0.05236
-80.456,106,-0.05236
-80.423,106,-0.05236
-80.391,106,-0.05236
-80.358,106,-0.05236
-80.325,106,-0.05236
-80.292,106,-0.05236
-80.259,106,-0.05236
-80.226,106,-0.05236
-80.193,106,-0.05236
-80.16,106,-0.05236
-80.127,106,-0.05236
-80.094,106,-0.05236
-80.061,106,-0.05236
-80.028,106,-0.05236
-79.995,106,-0.05236
-79.962,106,-0.05236
-79.929,106,-0.05236
-79.895,106,-0.05236
-79.862,106,-0.05236
-79.829,106,-0.05236
-79.796,106,-0.05236
-79.762,106,-0.05236
-79.729,106,-0.05236
-79.696,106,-0.05236
-79.662,106,-0.05236
-79.629,106,-0.05236
-79.595,106,-0.05236
-79.562,106,-0.05236
-79.529,106,-0.05236
-79.495,106,-0.05236
-79.461,106,-0.05236
-79.428,106,-0.05236
-79.394,106,-0.05236
-79.361,106,-0.05236
-79.327,106,-0.05236
-79.293,106,-0.05236
-79.26,106,-0.05236
-79.226,106,-0.05236
-79.192,106,-0.05236
-79.158,106,-0.05236
-79.124,106,-0.05236
-79.091,106,-0.05236
-79.057,106,-0.05236
-79.023,106,-0.05236
-78.989,106,-0.05236
-78.955,106,-0.05236
-78.921,106,-0.05236
-78.887,106,-0.05236
-78.853,106,-0.05236
-78.819,106,-0.05236
-78.785,106,-0.05236
-78.75,106,-0.05236
-78.716,106,-0.05236
-78.682,106,-0.05236
-78.648,106,-0.05236
-78.614,106,-0.05236
-78.579,106,-0.05236
-78.545,106,-0.05236
-78.511,106,-0.05236
-78.476,106,-0.05236
-78.442,106,-0.05236
-78.407,106,-0.05236
-78.373,106,-0.05236
-78.338,106,-0.05236
-78.304,106,-0.05236
-78.269,106,-0.05236
-78.235,106,-0.05236
-78.2,106,-0.05236
-78.165,106,-0.05236
-78.131,106,-0.05236
-78.096,106,-0.05236
-78.061,106,-0.05236
-78.026,106,-0.05236
-77.992,106,-0.05236
-77.957,106,-0.05236
-77.922,106,-0.05236
-77.887,106,-0.05236
-77.852,106,-0.05236
-77.817,106,-0.05236
-77.782,106,-0.05236
-77.747,106,-0.05236
-77.712,106,-0.05236
-77.677,106,-0.05236
-77.642,106,-0.05236
-77.607,106,-0.05236
-77.571,106,-0.05236
-77.536,106,-0.05236
-77.501,106,-0.05236
-77.466,106,-0.05236
-77.43,106,-0.05236
-77.395,106,-0.05236
-77.36,106,-0.05236
-77.324,106,-0.05236
-77.289,106,-0.05236
-77.253,106,-0.05236
-77.218,106,-0.05236
-77.182,106,-0.05236
-77.147,106,-0.05236
-77.111,106,-0.05236
-77.076,106,-0.05236
-77.04,106,-0.05236
-77.004,106,-0.05236
-76.968,106,-0.05236
-76.933,106,-0.05236
-76.897,106,-0.05236
-76.861,106,-0.05236
-76.825,106,-0.05236
-76.789,106,-0.05236
-76.753,106,-0.05236
-76.717,106,-0.05236
-76.681,106,-0.05236
-76.645,106,-0.05236
-76.609,106,-0.05236
-76.573,106,-0.05236
-76.537,106,-0.05236
-76.501,106,-0.05236
-76.465,106,-0.05236
-76.429,106,-0.05236
-76.392,106,-0.05236
-76.356,106,-0.05236
-76.32,106,-0.05236
-76.284,106,-0.05236
-76.247,106,-0.05236
-76.211,106,-0.05236
-76.174,106,-0.05236
-76.138,106,-0.05236
-76.101,106,-0.05236
-76.065,106,-0.05236
-76.028,106,-0.05236
-75.992,106,-0.05236
-75.955,106,-0.05236
-75.918,106,-0.05236
-75.882,106,-0.05236
-75.845,106,-0.05236
-75.808,106,-0.05236
-75.771,106,-0.05236
-75.735,106,-0.05236
-75.698,106,-0.05236
-75.661,106,-0.05236
-75.624,106,-0.05236
-75.587,106,-0.05236
-75.55,106,-0.05236
-75.513,106,-0.05236
-75.476,106,-0.05236
-75.439,106,-0.05236
-75.402,106,-0.05236
-75.365,106,-0.05236
-75.327,106,-0.05236
-75.29,106,-0.05236
-75.253,106,-0.05236
-75.216,106,-0.05236
-75.178,106,-0.05236
-75.141,106,-0.05236
-75.104,106,-0.05236
-75.066,106,-0.05236
-75.029,106,-0.05236
-74.991,106,-0.05236
-74.954,106,-0.05236
-74.916,106,-0.05236
-74.879,106,-0.05236
-74.841,106,-0.05236
-74.803,106,-0.05236
-74.766,106,-0.05236
-74.728,106,-0.05236
-74.69,106,-0.05236
-74.653,106,-0.05236
-74.615,106,-0.05236
-74.577,106,-0.05236
-74.539,106,-0.05236
-74.501,106,-0.05236
-74.463,106,-0.05236
-74.425,106,-0.05236
-74.387,106,-0.05236
-74.349,106,-0.05236
-74.311,106,-0.05236
-74.273,106,-0.05236
-74.235,106,-0.05236
-74.197,106,-0.05236
-74.159,106,-0.05236
-74.121,106,-0.05236
-74.082,106,-0.05236
-74.044,106,-0.05236
-74.006,106,-0.05236
-73.967,106,-0.05236
-73.929,106,-0.05236
-73.891,106,-0.05236
-73.852,106,-0.05236
-73.814,106,-0.05236
-73.775,106,-0.05236
-73.737,106,-0.05236
-73.698,106,-0.05236
-73.659,106,-0.05236
-73.621,106,-0.05236
-73.582,106,-0.05236
-73.544,106,-0.05236
-73.505,106,-0.05236
-73.466,106,-0.05236
-73.427,106,-0.05236
-73.388,106,-0.05236
-73.35,106,-0.05236
-73.311,106,-0.05236
-73.272,106,-0.05236
-73.233,106,-0.05236
-73.194,106,-0.05236
-73.155,106,-0.05236
-73.116,106,-0.05236
-73.077,106,-0.05236
-73.038,106,-0.05236
-72.999,106,-0.05236
-72.96,106,-0.05236
-72.92,106,-0.05236
-72.881,106,-0.05236
-72.842,106,-0.05236
-72.803,106,-0.05236
-72.763,106,-0.05236
-72.724,106,-0.05236
-72.685,106,-0.05236
-72.645,106,-0.05236
-72.606,106,-0.05236
-72.566,106,-0.05236
-72.527,106,-0.05236
-72.487,106,-0.05236
-72.448,106,-0.05236
-72.408,106,-0.05236
-72.369,106,-0.05236
-72.329,106,-0.05236
-72.289,106,-0.05236
-72.25,106,-0.05236
-72.21,106,-0.05236
-72.17,106,-0.05236
-72.13,106,-0.05236
-72.091,106,-0.05236
-72.051,106,-0.05236
-72.011,106,-0.05236
-71.971,106,-0.05236
-71.931,106,-0.05236
-71.891,106,-0.05236
-71.851,106,-0.05236
-71.811,106,-0.05236
-71.771,106,-0.05236
-71.731,106,-0.05236
-71.691,106,-0.05236
-71.651,106,-0.05236
-71.611,106,-0.05236
-71.57,106,-0.05236
-71.53,106,-0.05236
-71.49,106,-0.05236
-71.45,106,-0.05236
-71.409,106,-0.05236
-71.369,106,-0.05236
-71.329,106,-0.05236
-71.288,106,-0.05236
-71.248,106,-0.05236
-71.207,106,-0.05236
-71.167,106,-0.05236
-71.127,106,-0.05236
-71.086,106,-0.05236
-71.045,106,-0.05236
-71.005,106,-0.05236
-70.964,106,-0.05236
-70.924,106,-0.05236
-70.883,106,-0.05236
-70.842,106,-0.05236
-70.802,106,-0.05236
-70.761,106,-0.05236
-70.72,106,-0.05236
-70.679,106,-0.05236
-70.638,106,-0.05236
-70.598,106,-0.05236
-70.557,106,-0.05236
-70.516,106,-0.05236
-70.475,106,-0.05236
-70.434,106,-0.05236
-70.393,106,-0.05236
-70.352,106,-0.05236
-70.311,106,-0.05236
-70.27,106,-0.05236
-70.229,106,-0.05236
-70.188,106,-0.05236
-70.147,106,-0.05236
-70.105,106,-0.05236
-70.064,106,-0.05236
-70.023,106,-0.05236
-69.982,106,-0.05236
-69.94,106,-0.05236
-69.899,106,-0.05236
-69.858,106,-0.05236
-69.817,106,-0.05236
-69.775,106,-0.05236
-69.734,106,-0.05236
-69.692,106,-0.05236
-69.651,106,-0.05236
-69.609,106,-0.05236
-69.568,106,-0.05236
-69.526,106,-0.05236
-69.485,106,-0.05236
-69.443,106,-0.05236
-69.402,106,-0.05236
-69.36,106,-0.05236
-69.319,106,-0.05236
-69.277,106,-0.05236
-69.235,106,-0.05236
-69.194,106,-0.05236
-69.152,106,-0.05236
-69.11,106,-0.05236
-69.068,106,-0.05236
-69.026,106,-0.05236
-68.985,106,-0.05236
-68.943,106,-0.05236
-68.901,106,-0.05236
-68.859,106,-0.05236
-68.817,106,-0.05236
-68.775,106,-0.05236
-68.733,106,-0.05236
-68.691,106,-0.05236
-68.649,106,-0.05236
-68.607,106,-0.05236
-68.565,106,-0.05236
-68.523,106,-0.05236
-68.481,106,-0.05236
-68.439,106,-0.05236
-68.397,106,-0.05236
-68.355,106,-0.05236
-68.312,106,-0.05236
-68.27,106,-0.05236
-68.228,106,-0.05236
-68.186,106,-0.05236
-68.144,106,-0.05236
-68.101,106,-0.05236
-68.059,106,-0.05236
-68.017,106,-0.05236
-67.974,106,-0.05236
-67.932,106,-0.05236
-67.89,106,-0.05236
-67.847,106,-0.05236
-67.805,106,-0.05236
-67.762,106,-0.05236
-67.72,106,-0.05236
-67.677,106,-0.05236
-67.635,106,-0.05236
-67.592,106,-0.05236
-67.55,106,-0.05236
-67.507,106,-0.05236
-67.465,106,-0.05236
-67.422,106,-0.05236
-67.379,106,-0.05236
-67.337,106,-0.05236
-67.294,106,-0.05236
-67.251,106,-0.05236
-67.209,106,-0.05236
-67.166,106,-0.05236
-67.123,106,-0.05236
-67.08,106,-0.05236
-67.038,106,-0.05236
-66.995,106,-0.05236
-66.952,106,-0.05236
-66.909,106,-0.05236
-66.866,106,-0.05236
-66.824,106,-0.05236
-66.781,106,-0.05236
-66.738,106,-0.05236
-66.695,106,-0.05236
-66.652,106,-0.05236
-66.609,106,-0.05236
-66.566,106,-0.05236
-66.523,106,-0.05236
-66.48,106,-0.05236
-66.437,106,-0.05236
-66.394,106,-0.05236
-66.351,106,-0.05236
-66.308,106,-0.05236
-66.265,106,-0.05236
-66.222,106,-0.05236
-66.179,106,-0.05236
-66.135,106,-0.05236
-66.092,106,-0.05236
-66.049,106,-0.05236
-66.006,106,-0.05236
-65.963,106,-0.05236
-65.919,106,-0.05236
-65.876,106,-0.05236
-65.833,106,-0.05236
-65.79,106,-0.05236
-65.746,106,-0.05236
-65.703,106,-0.05236
-65.66,106,-0.05236
-65.617,106,-0.05236
-65.573,106,-0.05236
-65.53,106,-0.05236
-65.487,106,-0.05236
-65.443,106,-0.05236
-65.4,106,-0.05236
-65.356,106,-0.05236
-65.313,106,-0.05236
-65.27,106,-0.05236
-65.226,106,-0.05236
-65.183,106,-0.05236
-65.139,106,-0.05236
-65.096,106,-0.05236
-65.052,106,-0.05236
-65.009,106,-0.05236
-64.965,106,-0.05236
-64.922,106,-0.05236
-64.878,106,-0.05236
-64.835,106,-0.05236
-64.791,106,-0.05236
-64.747,106,-0.05236
-64.704,106,-0.05236
-64.66,106,-0.05236
-64.617,106,-0.05236
-64.573,106,-0.05236
-64.529,106,-0.05236
-64.486,106,-0.05236
-64.442,106,-0.05236
-64.398,106,-0.05236
-64.355,106,-0.05236
-64.311,106,-0.05236
-64.267,106,-0.05236
-64.223,106,-0.05236
-64.18,106,-0.05236
-64.136,106,-0.05236
-64.092,106,-0.05236
-64.048,106,-0.05236
-64.005,106,-0.05236
-63.961,106,-0.05236
-63.917,106,-0.05236
-63.873,106,-0.05236
-63.829,106,-0.05236
-63.786,106,-0.05236
-63.742,106,-0.05236
-63.698,106,-0.05236
-63.654,106,-0.05236
-63.61,106,-0.05236
-63.566,106,-0.05236
-63.522,106,-0.05236
-63.479,106,-0.05236
-63.435,106,-0.05236
-63.391,106,-0.05236
-63.347,106,-0.05236
-63.303,106,-0.05236
-63.259,106,-0.05236
-63.215,106,-0.05236
-63.171,106,-0.05236
-63.127,106,-0.05236
-63.083,106,-0.05236
-63.039,106,-0.05236
-62.995,106,-0.05236
-62.951,106,-0.05236
-62.907,106,-0.05236
-62.863,106,-0.05236
-62.819,106,-0.05236
-62.775,106,-0.05236
-62.731,106,-0.05236
-62.687,106,-0.05236
-62.643,106,-0.05236
-62.599,106,-0.05236
-62.555,106,-0.05236
-62.511,106,-0.05236
-62.467,106,-0.05236
-62.423,106,-0.05236
-62.379,106,-0.05236
-62.334,106,-0.05236
-62.29,106,-0.05236
-62.246,106,-0.05236
-62.202,106,-0.05236
-62.158,106,-0.05236
-62.114,106,-0.05236
-62.07,106,-0.05236
-62.026,106,-0.05236
-61.981,106,-0.05236
-61.937,106,-0.05236
-61.893,106,-0.05236
-61.849,106,-0.05236
-61.805,106,-0.05236
-61.761,106,-0.05236
-61.717,106,-0.05236
-61.672,106,-0.05236
-61.628,106,-0.05236
-61.584,106,-0.05236
-61.54,106,-0.05236
-61.496,106,-0.05236
-61.451,106,-0.05236
-61.407,106,-0.05236
-61.363,106,-0.05236
-61.319,106,-0.05236
-61.275,106,-0.05236
-61.23,106,-0.05236
-61.186,106,-0.05236
-61.142,106,-0.05236
-61.098,106,-0.05236
-61.054,106,-0.05236
-61.009,106,-0.05236
-60.965,106,-0.05236
-60.921,106,-0.05236
-60.877,106,-0.05236
-60.832,106,-0.05236
-60.788,106,-0.05236
-60.744,106,-0.05236
-60.7,106,-0.05236
-60.655,106,-0.05236
-60.611,106,-0.05236
-60.567,106,-0.05236
-60.523,106,-0.05236
-60.478,106,-0.05236
-60.434,106,-0.05236
-60.39,106,-0.05236
-60.345,106,-0.05236
-60.301,106,-0.05236
-60.257,106,-0.05236
-60.213,106,-0.05236
-60.168,106,-0.05236
-60.124,106,-0.05236
-60.08,106,-0.05236
-60.036,106,-0.05236
-59.991,106,-0.05236
-59.947,106,-0.05236
-59.903,106,-0.05236
-59.858,106,-0.05236
-59.814,106,-0.05236
-59.77,106,-0.05236
-59.726,106,-0.05236
-59.681,106,-0.05236
-59.637,106,-0.05236
-59.593,106,-0.05236
-59.548,106,-0.05236
-59.504,106,-0.05236
-59.46,106,-0.05236
-59.416,106,-0.05236
-59.371,106,-0.05236
-59.327,106,-0.05236
-59.283,106,-0.05236
-59.238,106,-0.05236
-59.194,106,-0.05236
-59.15,106,-0.05236
-59.106,106,-0.05236
-59.061,106,-0.05236
-59.017,106,-0.05236
-58.973,106,-0.05236
-58.929,106,-0.05236
-58.884,106,-0.05236
-58.84,106,-0.05236
-58.796,106,-0.05236
-58.751,106,-0.05236
-58.707,106,-0.05236
-58.663,106,-0.05236
-58.619,106,-0.05236
-58.574,106,-0.05236
-58.53,106,-0.05236
-58.486,106,-0.05236
-58.442,106,-0.05236
-58.397,106,-0.05236
-58.353,106,-0.05236
-58.309,106,-0.05236
-58.265,106,-0.05236
-58.22,106,-0.05236
-58.176,106,-0.05236
-58.132,106,-0.05236
-58.088,106,-0.05236
-58.043,106,-0.05236
-57.999,106,-0.05236
-57.955,106,-0.05236
-57.911,106,-0.05236
-57.866,106,-0.05236
-57.822,106,-0.05236
-57.778,106,-0.05236
-57.734,106,-0.05236
-57.689,106,-0.05236
-57.645,106,-0.05236
-57.601,106,-0.05236
-57.557,106,-0.05236
-57.513,106,-0.05236
-57.468,106,-0.05236
-57.424,106,-0.05236
-57.38,106,-0.05236
-57.336,106,-0.05236
-57.292,106,-0.05236
-57.247,106,-0.05236
-57.203,106,-0.05236
-57.159,106,-0.05236
-57.115,106,-0.05236
-57.071,106,-0.05236
-57.027,106,-0.05236
-56.982,106,-0.05236
-56.938,106,-0.05236
-56.894,106,-0.05236
-56.85,106,-0.05236
-56.806,106,-0.05236
-56.762,106,-0.05236
-56.717,106,-0.05236
-56.673,106,-0.05236
-56.629,106,-0.05236
-56.585,106,-0.05236
-56.541,106,-0.05236
-56.497,106,-0.05236
-56.453,106,-0.05236
-56.409,106,-0.05236
-56.365,106,-0.05236
-56.32,106,-0.05236
-56.276,106,-0.05236
-56.232,106,-0.05236
-56.188,106,-0.05236
-56.144,106,-0.05236
-56.1,106,-0.05236
-56.056,106,-0.05236
-56.012,106,-0.05236
-55.968,106,-0.05236
-55.924,106,-0.05236
-55.88,106,-0.05236
-55.836,106,-0.05236
-55.792,106,-0.05236
-55.748,106,-0.05236
-55.704,106,-0.05236
-55.66,106,-0.05236
-55.616,106,-0.05236
-55.572,106,-0.05236
-55.528,106,-0.05236
-55.484,106,-0.05236
-55.44,106,-0.05236
-55.396,106,-0.05236
-55.352,106,-0.05236
-55.308,106,-0.05236
-55.264,106,-0.05236
-55.22,106,-0.05236
-55.176,106,-0.05236
-55.132,106,-0.05236
-55.088,106,-0.05236
-55.044,106,-0.05236
-55,106,-0.05236
-54.956,106,-0.05236
-54.912,106,-0.05236
-54.868,106,-0.05236
-54.824,106,-0.05236
-54.781,106,-0.05236
-54.737,106,-0.05236
-54.693,106,-0.05236
-54.649,106,-0.05236
-54.605,106,-0.05236
-54.561,106,-0.05236
-54.517,106,-0.05236
-54.473,106,-0.05236
-54.43,106,-0.05236
-54.386,106,-0.05236
-54.342,106,-0.05236
-54.298,106,-0.05236
-54.254,106,-0.05236
-54.21,106,-0.05236
-54.167,106,-0.05236
-54.123,106,-0.05236
-54.079,106,-0.05236
-54.035,106,-0.05236
-53.991,106,-0.05236
-53.948,106,-0.05236
-53.904,106,-0.05236
-53.86,106,-0.05236
-53.816,106,-0.05236
-53.773,106,-0.05236
-53.729,106,-0.05236
-53.685,106,-0.05236
-53.642,106,-0.05236
-53.598,106,-0.05236
-53.554,106,-0.05236
-53.51,106,-0.05236
-53.467,106,-0.05236
-53.423,106,-0.05236
-53.379,106,-0.05236
-53.336,106,-0.05236
-53.292,106,-0.05236
-53.248,106,-0.05236
-53.205,106,-0.05236
-53.161,106,-0.05236
-53.117,106,-0.05236
-53.074,106,-0.05236
-53.03,106,-0.05236
-52.987,106,-0.05236
-52.943,106,-0.05236
-52.899,106,-0.05236
-52.856,106,-0.05236
-52.812,106,-0.05236
-52.769,106,-0.05236
-52.725,106,-0.05236
-52.681,106,-0.05236
-52.638,106,-0.05236
-52.594,106,-0.05236
-52.551,106,-0.05236
-52.507,106,-0.05236
-52.464,106,-0.05236
-52.42,106,-0.05236
-52.377,106,-0.05236
-52.333,106,-0.05236
-52.29,106,-0.05236
-52.246,106,-0.05236
-52.203,106,-0.05236
-52.159,106,-0.05236
-52.116,106,-0.05236
-52.072,106,-0.05236
-52.029,106,-0.05236
-51.985,106,-0.05236
-51.942,106,-0.05236
-51.899,106,-0.05236
-51.855,106,-0.05236
-51.812,106,-0.05236
-51.768,106,-0.05236
-51.725,106,-0.05236
-51.682,106,-0.05236
-51.638,106,-0.05236
-51.595,106,-0.05236
-51.551,106,-0.05236
-51.508,106,-0.05236
-51.465,106,-0.05236
-51.421,106,-0.05236
-51.378,106,-0.05236
-51.335,106,-0.05236
-51.291,106,-0.05236
-51.248,106,-0.05236
-51.205,106,-0.05236
-51.162,106,-0.05236
-51.118,106,-0.05236
-51.075,106,-0.05236
-51.032,106,-0.05236
-50.988,106,-0.05236
-50.945,106,-0.05236
-50.902,106,-0.05236
-50.859,106,-0.05236
-50.815,106,-0.05236
-50.772,106,-0.05236
-50.729,106,-0.05236
-50.686,106,-0.05236
-50.643,106,-0.05236
-50.599,106,-0.05236
-50.556,106,-0.05236
-50.513,106,-0.05236
-50.47,106,-0.05236
-50.427,106,-0.05236
-50.383,106,-0.05236
-50.34,106,-0.05236
-50.297,106,-0.05236
-50.254,106,-0.05236
-50.211,106,-0.05236
-50.168,106,-0.05236
-50.125,106,-0.05236
-50.082,106,-0.05236
-50.038,106,-0.05236
-49.995,106,-0.05236
-49.952,106,-0.05236
-49.909,106,-0.05236
-49.866,106,-0.05236
-49.823,106,-0.05236
-49.78,106,-0.05236
-49.737,106,-0.05236
-49.694,106,-0.05236
-49.651,106,-0.05236
-49.608,106,-0.05236
-49.565,106,-0.05236
-49.522,106,-0.05236
-49.479,106,-0.05236
-49.436,106,-0.05236
-49.393,106,-0.05236
-49.35,106,-0.05236
-49.307,106,-0.05236
-49.264,106,-0.05236
-49.221,106,-0.05236
-49.178,106,-0.05236
-49.135,106,-0.05236
-49.092,106,-0.05236
-49.049,106,-0.05236
-49.006,106,-0.05236
-48.963,106,-0.05236
-48.921,106,-0.05236
-48.878,106,-0.05236
-48.835,106,-0.05236
-48.792,106,-0.05236
-48.749,106,-0.05236
-48.706,106,-0.05236
-48.663,106,-0.05236
-48.62,106,-0.05236
-48.578,106,-0.05236
-48.535,106,-0.05236
-48.492,106,-0.05236
-48.449,106,-0.05236
-48.406,106,-0.05236
-48.363,106,-0.05236
-48.321,106,-0.05236
-48.278,106,-0.05236
-48.235,106,-0.05236
-48.192,106,-0.05236
-48.149,106,-0.05236
-48.107,106,-0.05236
-48.064,106,-0.05236
-48.021,106,-0.05236
-47.978,106,-0.05236
-47.936,106,-0.05236
-47.893,106,-0.05236
-47.85,106,-0.05236
-47.808,106,-0.05236
-47.765,106,-0.05236
-47.722,106,-0.05236
-47.679,106,-0.05236
-47.637,106,-0.05236
-47.594,106,-0.05236
-47.551,106,-0.05236
-47.509,106,-0.05236
-47.466,106,-0.05236
-47.423,106,-0.05236
-47.381,106,-0.05236
-47.338,106,-0.05236
-47.295,106,-0.05236
-47.253,106,-0.05236
-47.21,106,-0.05236
-47.168,106,-0.05236
-47.125,106,-0.05236
-47.082,106,-0.05236
-47.04,106,-0.05236
-46.997,106,-0.05236
-46.955,106,-0.05236
-46.912,106,-0.05236
-46.869,106,-0.05236
-46.827,106,-0.05236
-46.784,106,-0.05236
-46.742,106,-0.05236
-46.699,106,-0.05236
-46.657,106,-0.05236
-46.614,106,-0.05236
-46.572,106,-0.05236
-46.529,106,-0.05236
-46.487,106,-0.05236
-46.444,106,-0.05236
-46.402,106,-0.05236
-46.359,106,-0.05236
-46.317,106,-0.05236
-46.274,106,-0.05236
-46.232,106,-0.05236
-46.189,106,-0.05236
-46.147,106,-0.05236
-46.104,106,-0.05236
-46.062,106,-0.05236
-46.019,106,-0.05236
-45.977,106,-0.05236
-45.935,106,-0.05236
-45.892,106,-0.05236
-45.85,106,-0.05236
-45.807,106,-0.05236
-45.765,106,-0.05236
-45.722,106,-0.05236
-45.68,106,-0.05236
-45.638,106,-0.05236
-45.595,106,-0.05236
-45.553,106,-0.05236
-45.511,106,-0.05236
-45.468,106,-0.05236
-45.426,106,-0.05236
-45.384,106,-0.05236
-45.341,106,-0.05236
-45.299,106,-0.05236
-45.257,106,-0.05236
-45.214,106,-0.05236
-45.172,106,-0.05236
-45.13,106,-0.05236
-45.087,106,-0.05236
-45.045,106,-0.05236
-45.003,106,-0.05236
-44.96,106,-0.05236
-44.918,106,-0.05236
-44.876,106,-0.05236
-44.834,106,-0.05236
-44.791,106,-0.05236
-44.749,106,-0.05236
-44.707,106,-0.05236
-44.665,106,-0.05236
-44.622,106,-0.05236
-44.58,106,-0.05236
-44.538,106,-0.05236
-44.496,106,-0.05236
-44.453,106,-0.05236
-44.411,106,-0.05236
-44.369,106,-0.05236
-44.327,106,-0.05236
-44.285,106,-0.05236
-44.242,106,-0.05236
-44.2,106,-0.05236
-44.158,106,-0.05236
-44.116,106,-0.05236
-44.074,106,-0.05236
-44.032,106,-0.05236
-43.989,106,-0.05236
-43.947,106,-0.05236
-43.905,106,-0.05236
-43.863,106,-0.05236
-43.821,106,-0.05236
-43.779,106,-0.05236
-43.737,106,-0.05236
-43.694,106,-0.05236
-43.652,106,-0.05236
-43.61,106,-0.05236
-43.568,106,-0.05236
-43.526,106,-0.05236
-43.484,106,-0.05236
-43.442,106,-0.05236
-43.4,106,-0.05236
-43.358,106,-0.05236
-43.316,106,-0.05236
-43.274,106,-0.05236
-43.232,106,-0.05236
-43.19,106,-0.05236
-43.148,106,-0.05236
-43.105,106,-0.05236
-43.063,106,-0.05236
-43.021,106,-0.05236
-42.979,106,-0.05236
-42.937,106,-0.05236
-42.895,106,-0.05236
-42.853,106,-0.05236
-42.811,106,-0.05236
-42.769,106,-0.05236
-42.727,106,-0.05236
-42.685,106,-0.05236
-42.644,106,-0.05236
-42.602,106,-0.05236
-42.56,106,-0.05236
-42.518,106,-0.05236
-42.476,106,-0.05236
-42.434,106,-0.05236
-42.392,106,-0.05236
-42.35,106,-0.05236
-42.308,106,-0.05236
-42.266,106,-0.05236
-42.224,106,-0.05236
-42.182,106,-0.05236
-42.14,106,-0.05236
-42.098,106,-0.05236
-42.057,106,-0.05236
-42.015,106,-0.05236
-41.973,106,-0.05236
-41.931,106,-0.05236
-41.889,106,-0.05236
-41.847,106,-0.05236
-41.805,106,-0.05236
-41.763,106,-0.05236
-41.722,106,-0.05236
-41.68,106,-0.05236
-41.638,106,-0.05236
-41.596,106,-0.05236
-41.554,106,-0.05236
-41.512,106,-0.05236
-41.471,106,-0.05236
-41.429,106,-0.05236
-41.387,106,-0.05236
-41.345,106,-0.05236
-41.303,106,-0.05236
-41.262,106,-0.05236
-41.22,106,-0.05236
-41.178,106,-0.05236
-41.136,106,-0.05236
-41.095,106,-0.05236
-41.053,106,-0.05236
-41.011,106,-0.05236
-40.969,106,-0.05236
-40.928,106,-0.05236
-40.886,106,-0.05236
-40.844,106,-0.05236
-40.802,106,-0.05236
-40.761,106,-0.05236
-40.719,106,-0.05236
-40.677,106,-0.05236
-40.636,106,-0.05236
-40.594,106,-0.05236
-40.552,106,-0.05236
-40.511,106,-0.05236
-40.469,106,-0.05236
-40.427,106,-0.05236
-40.386,106,-0.05236
-40.344,106,-0.05236
-40.302,106,-0.05236
-40.261,106,-0.05236
-40.219,106,-0.05236
-40.177,106,-0.05236
-40.136,106,-0.05236
-40.094,106,-0.05236
-40.053,106,-0.05236
-40.011,106,-0.05236
-39.969,106,-0.05236
-39.928,106,-0.05236
-39.886,106,-0.05236
-39.845,106,-0.05236
-39.803,106,-0.05236
-39.762,106,-0.05236
-39.72,106,-0.05236
-39.678,106,-0.05236
-39.637,106,-0.05236
-39.595,106,-0.05236
-39.554,106,-0.05236
-39.512,106,-0.05236
-39.471,106,-0.05236
-39.429,106,-0.05236
-39.388,106,-0.05236
-39.346,106,-0.05236
-39.305,106,-0.05236
-39.263,106,-0.05236
-39.222,106,-0.05236
-39.18,106,-0.05236
-39.139,106,-0.05236
-39.097,106,-0.05236
-39.056,106,-0.05236
-39.015,106,-0.05236
-38.973,106,-0.05236
-38.932,106,-0.05236
-38.89,106,-0.05236
-38.849,106,-0.05236
-38.808,106,-0.05236
-38.766,106,-0.05236
-38.725,106,-0.05236
-38.683,106,-0.05236
-38.642,106,-0.05236
-38.601,106,-0.05236
-38.559,106,-0.05236
-38.518,106,-0.05236
-38.477,106,-0.05236
-38.435,106,-0.05236
-38.394,106,-0.05236
-38.353,106,-0.05236
-38.311,106,-0.05236
-38.27,106,-0.05236
-38.229,106,-0.05236
-38.187,106,-0.05236
-38.146,106,-0.05236
-38.105,106,-0.05236
-38.063,106,-0.05236
-38.022,106,-0.05236
-37.981,106,-0.05236
-37.94,106,-0.05236
-37.898,106,-0.05236
-37.857,106,-0.05236
-37.816,106,-0.05236
-37.775,106,-0.05236
-37.734,106,-0.05236
-37.692,106,-0.05236
-37.651,106,-0.05236
-37.61,106,-0.05236
-37.569,106,-0.05236
-37.528,106,-0.05236
-37.487,106,-0.05236
-37.445,106,-0.05236
-37.404,106,-0.05236
-37.363,106,-0.05236
-37.322,106,-0.05236
-37.281,106,-0.05236
-37.24,106,-0.05236
-37.199,106,-0.05236
-37.158,106,-0.05236
-37.117,106,-0.05236
-37.075,106,-0.05236
-37.034,106,-0.05236
-36.993,106,-0.05236
-36.952,106,-0.05236
-36.911,106,-0.05236
-36.87,106,-0.05236
-36.829,106,-0.05236
-36.788,106,-0.05236
-36.747,106,-0.05236
-36.706,106,-0.05236
-36.665,106,-0.05236
-36.624,106,-0.05236
-36.583,106,-0.05236
-36.542,106,-0.05236
-36.501,106,-0.05236
-36.46,106,-0.05236
-36.42,106,-0.05236
-36.379,106,-0.05236
-36.338,106,-0.05236
-36.297,106,-0.05236
-36.256,106,-0.05236
-36.215,106,-0.05236
-36.174,106,-0.05236
-36.133,106,-0.05236
-36.092,106,-0.05236
-36.052,106,-0.05236
-36.011,106,-0.05236
-35.97,106,-0.05236
-35.929,106,-0.05236
-35.888,106,-0.05236
-35.848,106,-0.05236
-35.807,106,-0.05236
-35.766,106,-0.05236
-35.725,106,-0.05236
-35.685,106,-0.05236
-35.644,106,-0.05236
-35.603,106,-0.05236
-35.562,106,-0.05236
-35.522,106,-0.05236
-35.481,106,-0.05236
-35.44,106,-0.05236
-35.4,106,-0.05236
-35.359,106,-0.05236
-35.318,106,-0.05236
-35.278,106,-0.05236
-35.237,106,-0.05236
-35.196,106,-0.05236
-35.156,106,-0.05236
-35.115,106,-0.05236
-35.075,106,-0.05236
-35.034,106,-0.05236
-34.994,106,-0.05236
-34.953,106,-0.05236
-34.913,106,-0.05236
-34.872,106,-0.05236
-34.831,106,-0.05236
-34.791,106,-0.05236
-34.75,106,-0.05236
-34.71,106,-0.05236
-34.67,106,-0.05236
-34.629,106,-0.05236
-34.589,106,-0.05236
-34.548,106,-0.05236
-34.508,106,-0.05236
-34.467,106,-0.05236
-34.427,106,-0.05236
-34.387,106,-0.05236
-34.346,106,-0.05236
-34.306,106,-0.05236
-34.266,106,-0.05236
-34.225,106,-0.05236
-34.185,106,-0.05236
-34.145,106,-0.05236
-34.104,106,-0.05236
-34.064,106,-0.05236
-34.024,106,-0.05236
-33.984,106,-0.05236
-33.943,106,-0.05236
-33.903,106,-0.05236
-33.863,106,-0.05236
-33.823,106,-0.05236
-33.783,106,-0.05236
-33.742,106,-0.05236
-33.702,106,-0.05236
-33.662,106,-0.05236
-33.622,106,-0.05236
-33.582,106,-0.05236
-33.542,106,-0.05236
-33.502,106,-0.05236
-33.462,106,-0.05236
-33.421,106,-0.05236
-33.381,106,-0.05236
-33.341,106,-0.05236
-33.301,106,-0.05236
-33.261,106,-0.05236
-33.221,106,-0.05236
-33.181,106,-0.05236
-33.141,106,-0.05236
-33.102,106,-0.05236
-33.062,106,-0.05236
-33.022,106,-0.05236
-32.982,106,-0.05236
-32.942,106,-0.05236
-32.902,106,-0.05236
-32.862,106,-0.05236
-32.822,106,-0.05236
-32.782,106,-0.05236
-32.743,106,-0.05236
-32.703,106,-0.05236
-32.663,106,-0.05236
-32.623,106,-0.05236
-32.584,106,-0.05236
-32.544,106,-0.05236
-32.504,106,-0.05236
-32.464,106,-0.05236
-32.425,106,-0.05236
-32.385,106,-0.05236
-32.345,106,-0.05236
-32.306,106,-0.05236
-32.266,106,-0.05236
-32.226,106,-0.05236
-32.187,106,-0.05236
-32.147,106,-0.05236
-32.108,106,-0.05236
-32.068,106,-0.05236
-32.029,106,-0.05236
-31.989,106,-0.05236
-31.95,106,-0.05236
-31.91,106,-0.05236
-31.871,106,-0.05236
-31.831,106,-0.05236
-31.792,106,-0.05236
-31.752,106,-0.05236
-31.713,106,-0.05236
-31.674,106,-0.05236
-31.634,106,-0.05236
-31.595,106,-0.05236
-31.556,106,-0.05236
-31.516,106,-0.05236
-31.477,106,-0.05236
-31.438,106,-0.05236
-31.398,106,-0.05236
-31.359,106,-0.05236
-31.32,106,-0.05236
-31.281,106,-0.05236
-31.242,106,-0.05236
-31.202,106,-0.05236
-31.163,106,-0.05236
-31.124,106,-0.05236
-31.085,106,-0.05236
-31.046,106,-0.05236
-31.007,106,-0.05236
-30.968,106,-0.05236
-30.929,106,-0.05236
-30.89,106,-0.05236
-30.851,106,-0.05236
-30.812,106,-0.05236
-30.773,106,-0.05236
-30.734,106,-0.05236
-30.695,106,-0.05236
-30.656,106,-0.05236
-30.617,106,-0.05236
-30.578,106,-0.05236
-30.539,106,-0.05236
-30.5,106,-0.05236
-30.462,106,-0.05236
-30.423,106,-0.05236
-30.384,106,-0.05236
-30.345,106,-0.05236
-30.306,106,-0.05236
-30.268,106,-0.05236
-30.229,106,-0.05236
-30.19,106,-0.05236
-30.152,106,-0.05236
-30.113,106,-0.05236
-30.074,106,-0.05236
-30.036,106,-0.05236
-29.997,106,-0.05236
-29.959,106,-0.05236
-29.92,106,-0.05236
-29.882,106,-0.05236
-29.843,106,-0.05236
-29.805,106,-0.05236
-29.766,106,-0.05236
-29.728,106,-0.05236
-29.689,106,-0.05236
-29.651,106,-0.05236
-29.612,106,-0.05236
-29.574,106,-0.05236
-29.536,106,-0.05236
-29.497,106,-0.05236
-29.459,106,-0.05236
-29.421,106,-0.05236
-29.383,106,-0.05236
-29.344,106,-0.05236
-29.306,106,-0.05236
-29.268,106,-0.05236
-29.23,106,-0.05236
-29.192,106,-0.05236
-29.153,106,-0.05236
-29.115,106,-0.05236
-29.077,106,-0.05236
-29.039,106,-0.05236
-29.001,106,-0.05236
-28.963,106,-0.05236
-28.925,106,-0.05236
-28.887,106,-0.05236
-28.849,106,-0.05236
-28.811,106,-0.05236
-28.773,106,-0.05236
-28.735,106,-0.05236
-28.697,106,-0.05236
-28.66,106,-0.05236
-28.622,106,-0.05236
-28.584,106,-0.05236
-28.546,106,-0.05236
-28.508,106,-0.05236
-28.471,106,-0.05236
-28.433,106,-0.05236
-28.395,106,-0.05236
-28.357,106,-0.05236
-28.32,106,-0.05236
-28.282,106,-0.05236
-28.245,106,-0.05236
-28.207,106,-0.05236
-28.169,106,-0.05236
-28.132,106,-0.05236
-28.094,106,-0.05236
-28.057,106,-0.05236
-28.019,106,-0.05236
-27.982,106,-0.05236
-27.944,106,-0.05236
-27.907,106,-0.05236
-27.87,106,-0.05236
-27.832,106,-0.05236
-27.795,106,-0.05236
-27.758,106,-0.05236
-27.72,106,-0.05236
-27.683,106,-0.05236
-27.646,106,-0.05236
-27.609,106,-0.05236
-27.571,106,-0.05236
-27.534,106,-0.05236
-27.497,106,-0.05236
-27.46,106,-0.05236
-27.423,106,-0.05236
-27.386,106,-0.05236
-27.349,106,-0.05236
-27.312,106,-0.05236
-27.275,106,-0.05236
-27.238,106,-0.05236
-27.201,106,-0.05236
-27.164,106,-0.05236
-27.127,106,-0.05236
-27.09,106,-0.05236
-27.053,106,-0.05236
-27.016,106,-0.05236
-26.979,106,-0.05236
-26.943,106,-0.05236
-26.906,106,-0.05236
-26.869,106,-0.05236
-26.832,106,-0.05236
-26.796,106,-0.05236
-26.759,106,-0.05236
-26.722,106,-0.05236
-26.686,106,-0.05236
-26.649,106,-0.05236
-26.613,106,-0.05236
-26.576,106,-0.05236
-26.54,106,-0.05236
-26.503,106,-0.05236
-26.467,106,-0.05236
-26.43,106,-0.05236
-26.394,106,-0.05236
-26.357,106,-0.05236
-26.321,106,-0.05236
-26.285,106,-0.05236
-26.248,106,-0.05236
-26.212,106,-0.05236
-26.176,106,-0.05236
-26.14,106,-0.05236
-26.103,106,-0.05236
-26.067,106,-0.05236
-26.031,106,-0.05236
-25.995,106,-0.05236
-25.959,106,-0.05236
-25.923,106,-0.05236
-25.887,106,-0.05236
-25.851,106,-0.05236
-25.815,106,-0.05236
-25.779,106,-0.05236
-25.743,106,-0.05236
-25.707,106,-0.05236
-25.671,106,-0.05236
-25.635,106,-0.05236
-25.599,106,-0.05236
-25.563,106,-0.05236
-25.527,106,-0.05236
-25.492,106,-0.05236
-25.456,106,-0.05236
-25.42,106,-0.05236
-25.384,106,-0.05236
-25.349,106,-0.05236
-25.313,106,-0.05236
-25.277,106,-0.05236
-25.242,106,-0.05236
-25.206,106,-0.05236
-25.171,106,-0.05236
-25.135,106,-0.05236
-25.1,106,-0.05236
-25.064,106,-0.05236
-25.029,106,-0.05236
-24.993,106,-0.05236
-24.958,106,-0.05236
-24.923,106,-0.05236
-24.887,106,-0.05236
-24.852,106,-0.05236
-24.817,106,-0.05236
-24.781,106,-0.05236
-24.746,106,-0.05236
-24.711,106,-0.05236
-24.676,106,-0.05236
-24.641,106,-0.05236
-24.605,106,-0.05236
-24.57,106,-0.05236
-24.535,106,-0.05236
-24.5,106,-0.05236
-24.465,106,-0.05236
-24.43,106,-0.05236
-24.395,106,-0.05236
-24.36,106,-0.05236
-24.325,106,-0.05236
-24.291,106,-0.05236
-24.256,106,-0.05236
-24.221,106,-0.05236
-24.186,106,-0.05236
-24.151,106,-0.05236
-24.117,106,-0.05236
-24.082,106,-0.05236
-24.047,106,-0.05236
-24.012,106,-0.05236
-23.978,106,-0.05236
-23.943,106,-0.05236
-23.909,106,-0.05236
-23.874,106,-0.05236
-23.84,106,-0.05236
-23.805,106,-0.05236
-23.771,106,-0.05236
-23.736,106,-0.05236
-23.702,106,-0.05236
-23.667,106,-0.05236
-23.633,106,-0.05236
-23.599,106,-0.05236
-23.564,106,-0.05236
-23.53,106,-0.05236
-23.496,106,-0.05236
-23.461,106,-0.05236
-23.427,106,-0.05236
-23.393,106,-0.05236
-23.359,106,-0.05236
-23.325,106,-0.05236
-23.291,106,-0.05236
-23.257,106,-0.05236
-23.223,106,-0.05236
-23.189,106,-0.05236
-23.155,106,-0.05236
-23.121,106,-0.05236
-23.087,106,-0.05236
-23.053,106,-0.05236
-23.019,106,-0.05236
-22.985,106,-0.05236
-22.951,106,-0.05236
-22.917,106,-0.05236
-22.884,106,-0.05236
-22.85,106,-0.05236
-22.816,106,-0.05236
-22.782,106,-0.05236
-22.749,106,-0.05236
-22.715,106,-0.05236
-22.682,106,-0.05236
-22.648,106,-0.05236
-22.614,106,-0.05236
-22.581,106,-0.05236
-22.547,106,-0.05236
-22.514,106,-0.05236
-22.48,106,-0.05236
-22.447,106,-0.05236
-22.414,106,-0.05236
-22.38,106,-0.05236
-22.347,106,-0.05236
-22.314,106,-0.05236
-22.28,106,-0.05236
-22.247,106,-0.05236
-22.214,106,-0.05236
-22.181,106,-0.05236
-22.148,106,-0.05236
-22.114,106,-0.05236
-22.081,106,-0.05236
-22.048,106,-0.05236
-22.015,106,-0.05236
-21.982,106,-0.05236
-21.949,106,-0.05236
-21.916,106,-0.05236
-21.883,106,-0.05236
-21.85,106,-0.05236
-21.817,106,-0.05236
-21.784,106,-0.05236
-21.752,106,-0.05236
-21.719,106,-0.05236
-21.686,106,-0.05236
-21.653,106,-0.05236
-21.621,106,-0.05236
-21.588,106,-0.05236
-21.555,106,-0.05236
-21.523,106,-0.05236
-21.49,106,-0.05236
-21.457,106,-0.05236
-21.425,106,-0.05236
-21.392,106,-0.05236
-21.36,106,-0.05236
-21.327,106,-0.05236
-21.295,106,-0.05236
-21.262,106,-0.05236
-21.23,106,-0.05236
-21.198,106,-0.05236
-21.165,106,-0.05236
-21.133,106,-0.05236
-21.101,106,-0.05236
-21.068,106,-0.05236
-21.036,106,-0.05236
-21.004,106,-0.05236
-20.972,106,-0.05236
-20.94,106,-0.05236
-20.907,106,-0.05236
-20.875,106,-0.05236
-20.843,106,-0.05236
-20.811,106,-0.05236
-20.779,106,-0.05236
-20.747,106,-0.05236
-20.715,106,-0.05236
-20.683,106,-0.05236
-20.651,106,-0.05236
-20.619,106,-0.05236
-20.588,106,-0.05236
-20.556,106,-0.05236
-20.524,106,-0.05236
-20.492,106,-0.05236
-20.46,106,-0.05236
-20.429,106,-0.05236
-20.397,106,-0.05236
-20.365,106,-0.05236
-20.334,106,-0.05236
-20.302,106,-0.05236
-20.27,106,-0.05236
-20.239,106,-0.05236
-20.207,106,-0.05236
-20.176,106,-0.05236
-20.144,106,-0.05236
-20.113,106,-0.05236
-20.081,106,-0.05236
-20.05,106,-0.05236
-20.019,106,-0.05236
-19.987,106,-0.05236
-19.956,106,-0.05236
-19.925,106,-0.05236
-19.893,106,-0.05236
-19.862,106,-0.05236
-19.831,106,-0.05236
-19.8,106,-0.05236
-19.769,106,-0.05236
-19.737,106,-0.05236
-19.706,106,-0.05236
-19.675,106,-0.05236
-19.644,106,-0.05236
-19.613,106,-0.05236
-19.582,106,-0.05236
-19.551,106,-0.05236
-19.52,106,-0.05236
-19.489,106,-0.05236
-19.458,106,-0.05236
-19.427,106,-0.05236
-19.397,106,-0.05236
-19.366,106,-0.05236
-19.335,106,-0.05236
-19.304,106,-0.05236
-19.274,106,-0.05236
-19.243,106,-0.05236
-19.212,106,-0.05236
-19.181,106,-0.05236
-19.151,106,-0.05236
-19.12,106,-0.05236
-19.09,106,-0.05236
-19.059,106,-0.05236
-19.028,106,-0.05236
-18.998,106,-0.05236
-18.967,106,-0.05236
-18.937,106,-0.05236
-18.907,106,-0.05236
-18.876,106,-0.05236
-18.846,106,-0.05236
-18.815,106,-0.05236
-18.785,106,-0.05236
-18.755,106,-0.05236
-18.725,106,-0.05236
-18.694,106,-0.05236
-18.664,106,-0.05236
-18.634,106,-0.05236
-18.604,106,-0.05236
-18.574,106,-0.05236
-18.543,106,-0.05236
-18.513,106,-0.05236
-18.483,106,-0.05236
-18.453,106,-0.05236
-18.423,106,-0.05236
-18.393,106,-0.05236
-18.363,106,-0.05236
-18.333,106,-0.05236
-18.303,106,-0.05236
-18.273,106,-0.05236
-18.244,106,-0.05236
-18.214,106,-0.05236
-18.184,106,-0.05236
-18.154,106,-0.05236
-18.124,106,-0.05236
-18.095,106,-0.05236
-18.065,106,-0.05236
-18.035,106,-0.05236
-18.005,106,-0.05236
-17.976,106,-0.05236
-17.946,106,-0.05236
-17.917,106,-0.05236
-17.887,106,-0.05236
-17.858,106,-0.05236
-17.828,106,-0.05236
-17.799,106,-0.05236
-17.769,106,-0.05236
-17.74,106,-0.05236
-17.71,106,-0.05236
-17.681,106,-0.05236
-17.651,106,-0.05236
-17.622,106,-0.05236
-17.593,106,-0.05236
-17.563,106,-0.05236
-17.534,106,-0.05236
-17.505,106,-0.05236
-17.476,106,-0.05236
-17.446,106,-0.05236
-17.417,106,-0.05236
-17.388,106,-0.05236
-17.359,106,-0.05236
-17.33,106,-0.05236
-17.301,106,-0.05236
-17.272,106,-0.05236
-17.243,106,-0.05236
-17.214,106,-0.05236
-17.185,106,-0.05236
-17.156,106,-0.05236
-17.127,106,-0.05236
-17.098,106,-0.05236
-17.069,106,-0.05236
-17.04,106,-0.05236
-17.011,106,-0.05236
-16.983,106,-0.05236
-16.954,106,-0.05236
-16.925,106,-0.05236
-16.896,106,-0.05236
-16.868,106,-0.05236
-16.839,106,-0.05236
-16.81,106,-0.05236
-16.782,106,-0.05236
-16.753,106,-0.05236
-16.724,106,-0.05236
-16.696,106,-0.05236
-16.667,106,-0.05236
-16.639,106,-0.05236
-16.61,106,-0.05236
-16.582,106,-0.05236
-16.553,106,-0.05236
-16.525,106,-0.05236
-16.496,106,-0.05236
-16.468,106,-0.05236
-16.44,106,-0.05236
-16.411,106,-0.05236
-16.383,106,-0.05236
-16.355,106,-0.05236
-16.326,106,-0.05236
-16.298,106,-0.05236
-16.27,106,-0.05236
-16.242,106,-0.05236
-16.214,106,-0.05236
-16.185,106,-0.05236
-16.157,106,-0.05236
-16.129,106,-0.05236
-16.101,106,-0.05236
-16.073,106,-0.05236
-16.045,106,-0.05236
-16.017,106,-0.05236
-15.989,106,-0.05236
-15.961,106,-0.05236
-15.933,106,-0.05236
-15.905,106,-0.05236
-15.877,106,-0.05236
-15.849,106,-0.05236
-15.822,106,-0.05236
-15.794,106,-0.05236
-15.766,106,-0.05236
-15.738,106,-0.05236
-15.71,106,-0.05236
-15.683,106,-0.05236
-15.655,106,-0.05236
-15.627,106,-0.05236
-15.599,106,-0.05236
-15.572,106,-0.05236
-15.544,106,-0.05236
-15.517,106,-0.05236
-15.489,106,-0.05236
-15.461,106,-0.05236
-15.434,106,-0.05236
-15.406,106,-0.05236
-15.379,106,-0.05236
-15.351,106,-0.05236
-15.324,106,-0.05236
-15.297,106,-0.05236
-15.269,106,-0.05236
-15.242,106,-0.05236
-15.214,106,-0.05236
-15.187,106,-0.05236
-15.16,106,-0.05236
-15.132,106,-0.05236
-15.105,106,-0.05236
-15.078,106,-0.05236
-15.051,106,-0.05236
-15.023,106,-0.05236
-14.996,106,-0.05236
-14.969,106,-0.05236
-14.942,106,-0.05236
-14.915,106,-0.05236
-14.888,106,-0.05236
-14.861,106,-0.05236
-14.834,106,-0.05236
-14.807,106,-0.05236
-14.78,106,-0.05236
-14.753,106,-0.05236
-14.726,106,-0.05236
-14.699,106,-0.05236
-14.672,106,-0.05236
-14.645,106,-0.05236
-14.618,106,-0.05236
-14.591,106,-0.05236
-14.564,106,-0.05236
-14.537,106,-0.05236
-14.511,106,-0.05236
-14.484,106,-0.05236
-14.457,106,-0.05236
-14.43,106,-0.05236
-14.404,106,-0.05236
-14.377,106,-0.05236
-14.35,106,-0.05236
-14.324,106,-0.05236
-14.297,106,-0.05236
-14.27,106,-0.05236
-14.244,106,-0.05236
-14.217,106,-0.05236
-14.191,106,-0.05236
-14.164,106,-0.05236
-14.138,106,-0.05236
-14.111,106,-0.05236
-14.085,106,-0.05236
-14.058,106,-0.05236
-14.032,106,-0.05236
-14.006,106,-0.05236
-13.979,106,-0.05236
-13.953,106,-0.05236
-13.926,106,-0.05236
-13.9,106,-0.05236
-13.874,106,-0.05236
-13.848,106,-0.05236
-13.821,106,-0.05236
-13.795,106,-0.05236
-13.769,106,-0.05236
-13.743,106,-0.05236
-13.717,106,-0.05236
-13.69,106,-0.05236
-13.664,106,-0.05236
-13.638,106,-0.05236
-13.612,106,-0.05236
-13.586,106,-0.05236
-13.56,106,-0.05236
-13.534,106,-0.05236
-13.508,106,-0.05236
-13.482,106,-0.05236
-13.456,106,-0.05236
-13.43,106,-0.05236
-13.404,106,-0.05236
-13.378,106,-0.05236
-13.352,106,-0.05236
-13.327,106,-0.05236
-13.301,106,-0.05236
-13.275,106,-0.05236
-13.249,106,-0.05236
-13.223,106,-0.05236
-13.198,106,-0.05236
-13.172,106,-0.05236
-13.146,106,-0.05236
-13.121,106,-0.05236
-13.095,106,-0.05236
-13.069,106,-0.05236
-13.044,106,-0.05236
-13.018,106,-0.05236
-12.992,106,-0.05236
-12.967,106,-0.05236
-12.941,106,-0.05236
-12.916,106,-0.05236
-12.89,106,-0.05236
-12.865,106,-0.05236
-12.839,106,-0.05236
-12.814,106,-0.05236
-12.788,106,-0.05236
-12.763,106,-0.05236
-12.738,106,-0.05236
-12.712,106,-0.05236
-12.687,106,-0.05236
-12.662,106,-0.05236
-12.636,106,-0.05236
-12.611,106,-0.05236
-12.586,106,-0.05236
-12.561,106,-0.05236
-12.535,106,-0.05236
-12.51,106,-0.05236
-12.485,106,-0.05236
-12.46,106,-0.05236
-12.435,106,-0.05236
-12.409,106,-0.05236
-12.384,106,-0.05236
-12.359,106,-0.05236
-12.334,106,-0.05236
-12.309,106,-0.05236
-12.284,106,-0.05236
-12.259,106,-0.05236
-12.234,106,-0.05236
-12.209,106,-0.05236
-12.184,106,-0.05236
-12.159,106,-0.05236
-12.134,106,-0.05236
-12.11,106,-0.05236
-12.085,106,-0.05236
-12.06,106,-0.05236
-12.035,106,-0.05236
-12.01,106,-0.05236
-11.985,106,-0.05236
-11.961,106,-0.05236
-11.936,106,-0.05236
-11.911,106,-0.05236
-11.886,106,-0.05236
-11.862,106,-0.05236
-11.837,106,-0.05236
-11.812,106,-0.05236
-11.788,106,-0.05236
-11.763,106,-0.05236
-11.739,106,-0.05236
-11.714,106,-0.05236
-11.69,106,-0.05236
-11.665,106,-0.05236
-11.641,106,-0.05236
-11.616,106,-0.05236
-11.592,106,-0.05236
-11.567,106,-0.05236
-11.543,106,-0.05236
-11.518,106,-0.05236
-11.494,106,-0.05236
-11.47,106,-0.05236
-11.445,106,-0.05236
-11.421,106,-0.05236
-11.397,106,-0.05236
-11.372,106,-0.05236
-11.348,106,-0.05236
-11.324,106,-0.05236
-11.3,106,-0.05236
-11.275,106,-0.05236
-11.251,106,-0.05236
-11.227,106,-0.05236
-11.203,106,-0.05236
-11.179,106,-0.05236
-11.155,106,-0.05236
-11.13,106,-0.05236
-11.106,106,-0.05236
-11.082,106,-0.05236
-11.058,106,-0.05236
-11.034,106,-0.05236
-11.01,106,-0.05236
-10.986,106,-0.05236
-10.962,106,-0.05236
-10.938,106,-0.05236
-10.914,106,-0.05236
-10.891,106,-0.05236
-10.867,106,-0.05236
-10.843,106,-0.05236
-10.819,106,-0.05236
-10.795,106,-0.05236
-10.771,106,-0.05236
-10.748,106,-0.05236
-10.724,106,-0.05236
-10.7,106,-0.05236
-10.676,106,-0.05236
-10.653,106,-0.05236
-10.629,106,-0.05236
-10.605,106,-0.05236
-10.582,106,-0.05236
-10.558,106,-0.05236
-10.535,106,-0.05236
-10.511,106,-0.05236
-10.487,106,-0.05236
-10.464,106,-0.05236
-10.44,106,-0.05236
-10.417,106,-0.05236
-10.393,106,-0.05236
-10.37,106,-0.05236
-10.346,106,-0.05236
-10.323,106,-0.05236
-10.3,106,-0.05236
-10.276,106,-0.05236
-10.253,106,-0.05236
-10.23,106,-0.05236
-10.206,106,-0.05236
-10.183,106,-0.05236
-10.16,106,-0.05236
-10.136,106,-0.05236
-10.113,106,-0.05236
-10.09,106,-0.05236
-10.067,106,-0.05236
-10.043,106,-0.05236
-10.02,106,-0.05236
-9.9972,106,-0.05236
-9.974,106,-0.05236
-9.9509,106,-0.05236
-9.9278,106,-0.05236
-9.9048,106,-0.05236
-9.8817,106,-0.05236
-9.8587,106,-0.05236
-9.8357,106,-0.05236
-9.8127,106,-0.05236
-9.7897,106,-0.05236
-9.7668,106,-0.05236
-9.7439,106,-0.05236
-9.7209,106,-0.05236
-9.6981,106,-0.05236
-9.6752,106,-0.05236
-9.6523,106,-0.05236
-9.6295,106,-0.05236
-9.6067,106,-0.05236
-9.5839,106,-0.05236
-9.5611,106,-0.05236
-9.5384,106,-0.05236
-9.5157,106,-0.05236
-9.493,106,-0.05236
-9.4703,106,-0.05236
-9.4476,106,-0.05236
-9.4249,106,-0.05236
-9.4023,106,-0.05236
-9.3797,106,-0.05236
-9.3571,106,-0.05236
-9.3345,106,-0.05236
-9.312,106,-0.05236
-9.2895,106,-0.05236
-9.2669,106,-0.05236
-9.2444,106,-0.05236
-9.222,106,-0.05236
-9.1995,106,-0.05236
-9.1771,106,-0.05236
-9.1547,106,-0.05236
-9.1323,106,-0.05236
-9.1099,106,-0.05236
-9.0876,106,-0.05236
-9.0652,106,-0.05236
-9.0429,106,-0.05236
-9.0206,106,-0.05236
-8.9984,106,-0.05236
-8.9761,106,-0.05236
-8.9539,106,-0.05236
-8.9317,106,-0.05236
-8.9095,106,-0.05236
-8.8873,106,-0.05236
-8.8652,106,-0.05236
-8.843,106,-0.05236
-8.8209,106,-0.05236
-8.7988,106,-0.05236
-8.7767,106,-0.05236
-8.7547,106,-0.05236
-8.7327,106,-0.05236
-8.7107,106,-0.05236
-8.6887,106,-0.05236
-8.6667,106,-0.05236
-8.6447,106,-0.05236
-8.6228,106,-0.05236
-8.6009,106,-0.05236
-8.579,106,-0.05236
-8.5571,106,-0.05236
-8.5353,106,-0.05236
-8.5135,106,-0.05236
-8.4917,106,-0.05236
-8.4699,106,-0.05236
-8.4481,106,-0.05236
-8.4264,106,-0.05236
-8.4046,106,-0.05236
-8.3829,106,-0.05236
-8.3612,106,-0.05236
-8.3396,106,-0.05236
-8.3179,106,-0.05236
-8.2963,106,-0.05236
-8.2747,106,-0.05236
-8.2531,106,-0.05236
-8.2315,106,-0.05236
-8.21,106,-0.05236
-8.1885,106,-0.05236
-8.167,106,-0.05236
-8.1455,106,-0.05236
-8.124,106,-0.05236
-8.1026,106,-0.05236
-8.0811,106,-0.05236
-8.0597,106,-0.05236
-8.0384,106,-0.05236
-8.017,106,-0.05236
-7.9957,106,-0.05236
-7.9743,106,-0.05236
-7.953,106,-0.05236
-7.9318,106,-0.05236
-7.9105,106,-0.05236
-7.8893,106,-0.05236
-7.868,106,-0.05236
-7.8468,106,-0.05236
-7.8257,106,-0.05236
-7.8045,106,-0.05236
-7.7834,106,-0.05236
-7.7623,106,-0.05236
-7.7412,106,-0.05236
-7.7201,106,-0.05236
-7.699,106,-0.05236
-7.678,106,-0.05236
-7.657,106,-0.05236
-7.636,106,-0.05236
-7.615,106,-0.05236
-7.5941,106,-0.05236
-7.5731,106,-0.05236
-7.5522,106,-0.05236
-7.5313,106,-0.05236
-7.5105,106,-0.05236
-7.4896,106,-0.05236
-7.4688,106,-0.05236
-7.448,106,-0.05236
-7.4272,106,-0.05236
-7.4064,106,-0.05236
-7.3857,106,-0.05236
-7.365,106,-0.05236
-7.3443,106,-0.05236
-7.3236,106,-0.05236
-7.3029,106,-0.05236
-7.2823,106,-0.05236
-7.2616,106,-0.05236
-7.241,106,-0.05236
-7.2205,106,-0.05236
-7.1999,106,-0.05236
-7.1794,106,-0.05236
-7.1589,106,-0.05236
-7.1384,106,-0.05236
-7.1179,106,-0.05236
-7.0974,106,-0.05236
-7.077,106,-0.05236
-7.0566,106,-0.05236
-7.0362,106,-0.05236
-7.0158,106,-0.05236
-6.9955,106,-0.05236
-6.9751,106,-0.05236
-6.9548,106,-0.05236
-6.9345,106,-0.05236
-6.9143,106,-0.05236
-6.894,106,-0.05236
-6.8738,106,-0.05236
-6.8536,106,-0.05236
-6.8334,106,-0.05236
-6.8132,106,-0.05236
-6.7931,106,-0.05236
-6.773,106,-0.05236
-6.7529,106,-0.05236
-6.7328,106,-0.05236
-6.7127,106,-0.05236
-6.6927,106,-0.05236
-6.6727,106,-0.05236
-6.6527,106,-0.05236
-6.6327,106,-0.05236
-6.6128,106,-0.05236
-6.5928,106,-0.05236
-6.5729,106,-0.05236
-6.553,106,-0.05236
-6.5332,106,-0.05236
-6.5133,106,-0.05236
-6.4935,106,-0.05236
-6.4737,106,-0.05236
-6.4539,106,-0.05236
-6.4341,106,-0.05236
-6.4144,106,-0.05236
-6.3947,106,-0.05236
-6.3749,106,-0.05236
-6.3553,106,-0.05236
-6.3356,106,-0.05236
-6.316,106,-0.05236
-6.2963,106,-0.05236
-6.2768,106,-0.05236
-6.2572,106,-0.05236
-6.2376,106,-0.05236
-6.2181,106,-0.05236
-6.1986,106,-0.05236
-6.1791,106,-0.05236
-6.1596,106,-0.05236
-6.1402,106,-0.05236
-6.1207,106,-0.05236
-6.1013,106,-0.05236
-6.0819,106,-0.05236
-6.0626,106,-0.05236
-6.0432,106,-0.05236
-6.0239,106,-0.05236
-6.0046,106,-0.05236
-5.9853,106,-0.05236
-5.9661,106,-0.05236
-5.9468,106,-0.05236
-5.9276,106,-0.05236
-5.9084,106,-0.05236
-5.8892,106,-0.05236
-5.8701,106,-0.05236
-5.8509,106,-0.05236
-5.8318,106,-0.05236
-5.8127,106,-0.05236
-5.7937,106,-0.05236
-5.7746,106,-0.05236
-5.7556,106,-0.05236
-5.7366,106,-0.05236
-5.7176,106,-0.05236
-5.6986,106,-0.05236
-5.6797,106,-0.05236
-5.6608,106,-0.05236
-5.6419,106,-0.05236
-5.623,106,-0.05236
-5.6041,106,-0.05236
-5.5853,106,-0.05236
-5.5665,106,-0.05236
-5.5477,106,-0.05236
-5.5289,106,-0.05236
-5.5102,106,-0.05236
-5.4914,106,-0.05236
-5.4727,106,-0.05236
-5.454,106,-0.05236
-5.4354,106,-0.05236
-5.4167,106,-0.05236
-5.3981,106,-0.05236
-5.3795,106,-0.05236
-5.3609,106,-0.05236
-5.3423,106,-0.05236
-5.3238,106,-0.05236
-5.3053,106,-0.05236
-5.2868,106,-0.05236
-5.2683,106,-0.05236
-5.2498,106,-0.05236
-5.2314,106,-0.05236
-5.213,106,-0.05236
-5.1946,106,-0.05236
-5.1762,106,-0.05236
-5.1579,106,-0.05236
-5.1395,106,-0.05236
-5.1212,106,-0.05236
-5.1029,106,-0.05236
-5.0847,106,-0.05236
-5.0664,106,-0.05236
-5.0482,106,-0.05236
-5.03,106,-0.05236
-5.0118,106,-0.05236
-4.9936,106,-0.05236
-4.9755,106,-0.05236
-4.9574,106,-0.05236
-4.9393,106,-0.05236
-4.9212,106,-0.05236
-4.9031,106,-0.05236
-4.8851,106,-0.05236
-4.8671,106,-0.05236
-4.8491,106,-0.05236
-4.8311,106,-0.05236
-4.8132,106,-0.05236
-4.7952,106,-0.05236
-4.7773,106,-0.05236
-4.7594,106,-0.05236
-4.7416,106,-0.05236
-4.7237,106,-0.05236
-4.7059,106,-0.05236
-4.6881,106,-0.05236
-4.6703,106,-0.05236
-4.6526,106,-0.05236
-4.6348,106,-0.05236
-4.6171,106,-0.05236
-4.5994,106,-0.05236
-4.5817,106,-0.05236
-4.5641,106,-0.05236
-4.5464,106,-0.05236
-4.5288,106,-0.05236
-4.5112,106,-0.05236
-4.4936,106,-0.05236
-4.4761,106,-0.05236
-4.4586,106,-0.05236
-4.441,106,-0.05236
-4.4236,106,-0.05236
-4.4061,106,-0.05236
-4.3886,106,-0.05236
-4.3712,106,-0.05236
-4.3538,106,-0.05236
-4.3364,106,-0.05236
-4.3191,106,-0.05236
-4.3017,106,-0.05236
-4.2844,106,-0.05236
-4.2671,106,-0.05236
-4.2498,106,-0.05236
-4.2325,106,-0.05236
-4.2153,106,-0.05236
-4.1981,106,-0.05236
-4.1809,106,-0.05236
-4.1637,106,-0.05236
-4.1466,106,-0.05236
-4.1294,106,-0.05236
-4.1123,106,-0.05236
-4.0952,106,-0.05236
-4.0781,106,-0.05236
-4.0611,106,-0.05236
-4.0441,106,-0.05236
-4.027,106,-0.05236
-4.0101,106,-0.05236
-3.9931,106,-0.05236
-3.9761,106,-0.05236
-3.9592,106,-0.05236
-3.9423,106,-0.05236
-3.9254,106,-0.05236
-3.9085,106,-0.05236
-3.8917,106,-0.05236
-3.8749,106,-0.05236
-3.8581,106,-0.05236
-3.8413,106,-0.05236
-3.8245,106,-0.05236
-3.8078,106,-0.05236
-3.791,106,-0.05236
-3.7743,106,-0.05236
-3.7577,106,-0.05236
-3.741,106,-0.05236
-3.7244,106,-0.05236
-3.7077,106,-0.05236
-3.6911,106,-0.05236
-3.6746,106,-0.05236
-3.658,106,-0.05236
-3.6415,106,-0.05236
-3.6249,106,-0.05236
-3.6084,106,-0.05236
-3.592,106,-0.05236
-3.5755,106,-0.05236
-3.5591,106,-0.05236
-3.5427,106,-0.05236
-3.5263,106,-0.05236
-3.5099,106,-0.05236
-3.4935,106,-0.05236
-3.4772,106,-0.05236
-3.4609,106,-0.05236
-3.4446,106,-0.05236
-3.4283,106,-0.05236
-3.4121,106,-0.05236
-3.3958,106,-0.05236
-3.3796,106,-0.05236
-3.3634,106,-0.05236
-3.3472,106,-0.05236
-3.3311,106,-0.05236
-3.315,106,-0.05236
-3.2988,106,-0.05236
-3.2828,106,-0.05236
-3.2667,106,-0.05236
-3.2506,106,-0.05236
-3.2346,106,-0.05236
-3.2186,106,-0.05236
-3.2026,106,-0.05236
-3.1866,106,-0.05236
-3.1707,106,-0.05236
-3.1547,106,-0.05236
-3.1388,106,-0.05236
-3.1229,106,-0.05236
-3.1071,106,-0.05236
-3.0912,106,-0.05236
-3.0754,106,-0.05236
-3.0596,106,-0.05236
-3.0438,106,-0.05236
-3.028,106,-0.05236
-3.0122,106,-0.05236
-2.9965,106,-0.05236
-2.9808,106,-0.05236
-2.9651,106,-0.05236
-2.9494,106,-0.05236
-2.9338,106,-0.05236
-2.9181,106,-0.05236
-2.9025,106,-0.05236
-2.8869,106,-0.05236
-2.8713,106,-0.05236
-2.8558,106,-0.05236
-2.8402,106,-0.05236
-2.8247,106,-0.05236
-2.8092,106,-0.05236
-2.7937,106,-0.05236
-2.7783,106,-0.05236
-2.7628,106,-0.05236
-2.7474,106,-0.05236
-2.732,106,-0.05236
-2.7166,106,-0.05236
-2.7013,106,-0.05236
-2.6859,106,-0.05236
-2.6706,106,-0.05236
-2.6553,106,-0.05236
-2.64,106,-0.05236
-2.6248,106,-0.05236
-2.6095,106,-0.05236
-2.5943,106,-0.05236
-2.5791,106,-0.05236
-2.5639,106,-0.05236
-2.5487,106,-0.05236
-2.5336,106,-0.05236
-2.5184,106,-0.05236
-2.5033,106,-0.05236
-2.4882,106,-0.05236
-2.4732,106,-0.05236
-2.4581,106,-0.05236
-2.4431,106,-0.05236
-2.4281,106,-0.05236
-2.4131,106,-0.05236
-2.3981,106,-0.05236
-2.3831,106,-0.05236
-2.3682,106,-0.05236
-2.3533,106,-0.05236
-2.3384,106,-0.05236
-2.3235,106,-0.05236
-2.3086,106,-0.05236
-2.2938,106,-0.05236
-2.2789,106,-0.05236
-2.2641,106,-0.05236
-2.2494,106,-0.05236
-2.2346,106,-0.05236
-2.2198,106,-0.05236
-2.2051,106,-0.05236
-2.1904,106,-0.05236
-2.1757,106,-0.05236
-2.161,106,-0.05236
-2.1464,106,-0.05236
-2.1317,106,-0.05236
-2.1171,106,-0.05236
-2.1025,106,-0.05236
-2.0879,106,-0.05236
-2.0733,106,-0.05236
-2.0588,106,-0.05236
-2.0443,106,-0.05236
-2.0298,106,-0.05236
-2.0153,106,-0.05236
-2.0008,106,-0.05236
-1.9863,106,-0.05236
-1.9719,106,-0.05236
-1.9575,106,-0.05236
-1.9431,106,-0.05236
-1.9287,106,-0.05236
-1.9143,106,-0.05236
-1.9,106,-0.05236
-1.8857,106,-0.05236
-1.8714,106,-0.05236
-1.8571,106,-0.05236
-1.8428,106,-0.05236
-1.8286,106,-0.05236
-1.8143,106,-0.05236
-1.8001,106,-0.05236
-1.7859,106,-0.05236
-1.7717,106,-0.05236
-1.7576,106,-0.05236
-1.7434,106,-0.05236
-1.7293,106,-0.05236
-1.7152,106,-0.05236
-1.7011,106,-0.05236
-1.687,106,-0.05236
-1.673,106,-0.05236
-1.6589,106,-0.05236
-1.6449,106,-0.05236
-1.6309,106,-0.05236
-1.6169,106,-0.05236
-1.6029,106,-0.05236
-1.589,106,-0.05236
-1.5751,106,-0.05236
-1.5611,106,-0.05236
-1.5473,106,-0.05236
-1.5334,106,-0.05236
-1.5195,106,-0.05236
-1.5057,106,-0.05236
-1.4918,106,-0.05236
-1.478,106,-0.05236
-1.4642,106,-0.05236
-1.4505,106,-0.05236
-1.4367,106,-0.05236
-1.423,106,-0.05236
-1.4093,106,-0.05236
-1.3956,106,-0.05236
-1.3819,106,-0.05236
-1.3682,106,-0.05236
-1.3545,106,-0.05236
-1.3409,106,-0.05236
-1.3273,106,-0.05236
-1.3137,106,-0.05236
-1.3001,106,-0.05236
-1.2865,106,-0.05236
-1.273,106,-0.05236
-1.2595,106,-0.05236
-1.246,106,-0.05236
-1.2325,106,-0.05236
-1.219,106,-0.05236
-1.2055,106,-0.05236
-1.1921,106,-0.05236
-1.1786,106,-0.05236
-1.1652,106,-0.05236
-1.1518,106,-0.05236
-1.1385,106,-0.05236
-1.1251,106,-0.05236
-1.1118,106,-0.05236
-1.0984,106,-0.05236
-1.0851,106,-0.05236
-1.0718,106,-0.05236
-1.0585,106,-0.05236
-1.0453,106,-0.05236
-1.032,106,-0.05236
-1.0188,106,-0.05236
-1.0056,106,-0.05236
-0.99241,106,-0.05236
-0.97923,106,-0.05236
-0.96607,106,-0.05236
-0.95293,106,-0.05236
-0.9398,106,-0.05236
-0.92669,106,-0.05236
-0.9136,106,-0.05236
-0.90052,106,-0.05236
-0.88746,106,-0.05236
-0.87442,106,-0.05236
-0.86139,106,-0.05236
-0.84838,106,-0.05236
-0.83538,106,-0.05236
-0.8224,106,-0.05236
-0.80944,106,-0.05236
-0.79649,106,-0.05236
-0.78356,106,-0.05236
-0.77065,106,-0.05236
-0.75775,106,-0.05236
-0.74487,106,-0.05236
-0.732,106,-0.05236
-0.71915,106,-0.05236
-0.70632,106,-0.05236
-0.6935,106,-0.05236
-0.6807,106,-0.05236
-0.66792,106,-0.05236
-0.65515,106,-0.05236
-0.6424,106,-0.05236
-0.62966,106,-0.05236
-0.61694,106,-0.05236
-0.60423,106,-0.05236
-0.59154,106,-0.05236
-0.57887,106,-0.05236
-0.56621,106,-0.05236
-0.55357,106,-0.05236
-0.54095,106,-0.05236
-0.52834,106,-0.05236
-0.51574,106,-0.05236
-0.50316,106,-0.05236
-0.4906,106,-0.05236
-0.47805,106,-0.05236
-0.46552,106,-0.05236
-0.45301,106,-0.05236
-0.44051,106,-0.05236
-0.42802,106,-0.05236
-0.41555,106,-0.05236
-0.4031,106,-0.05236
-0.39066,106,-0.05236
-0.37824,106,-0.05236
-0.36583,106,-0.05236
-0.35344,106,-0.05236
-0.34106,106,-0.05236
-0.3287,106,-0.05236
-0.31636,106,-0.05236
-0.30403,106,-0.05236
-0.29171,106,-0.05236
-0.27941,106,-0.05236
-0.26713,106,-0.05236
-0.25486,106,-0.05236
-0.24261,106,-0.05236
-0.23037,106,-0.05236
-0.21815,106,-0.05236
-0.20594,106,-0.05236
-0.19375,106,-0.05236
-0.18157,106,-0.05236
-0.16941,106,-0.05236
-0.15726,106,-0.05236
-0.14513,106,-0.05236
-0.13301,106,-0.05236
-0.12091,106,-0.05236
-0.10882,106,-0.05236
-0.096748,106,-0.05236
-0.08469,106,-0.05236
-0.072648,106,-0.05236
-0.060621,106,-0.05236
-0.048608,106,-0.05236
-0.036611,106,-0.05236
-0.024628,106,-0.05236
-0.01266,106,-0.05236
-0.00070725,106,-0.05236
0.011231,106,-0.05236
0.023155,106,-0.05236
0.035063,106,-0.05236
0.046957,106,-0.05236
0.058837,106,-0.05236
0.070701,106,-0.05236
0.082551,106,-0.05236
0.094387,106,-0.05236
0.10621,106,-0.05236
0.11801,106,-0.05236
0.1298,106,-0.05236
0.14158,106,-0.05236
0.15334,106,-0.05236
0.16509,106,-0.05236
0.17683,106,-0.05236
0.18854,106,-0.05236
0.20025,106,-0.05236
0.21194,106,-0.05236
0.22361,106,-0.05236
0.23528,106,-0.05236
0.24692,106,-0.05236
0.25856,106,-0.05236
0.27017,106,-0.05236
0.28178,106,-0.05236
0.29337,106,-0.05236
0.30494,106,-0.05236
0.3165,106,-0.05236
0.32805,106,-0.05236
0.33958,106,-0.05236
0.3511,106,-0.05236
0.3626,106,-0.05236
0.37409,106,-0.05236
0.38557,106,-0.05236
0.39703,106,-0.05236
0.40848,106,-0.05236
0.41991,106,-0.05236
0.43133,106,-0.05236
0.44274,106,-0.05236
0.45413,106,-0.05236
0.46551,106,-0.05236
0.47687,106,-0.05236
0.48822,106,-0.05236
0.49956,106,-0.05236
0.51088,106,-0.05236
0.52219,106,-0.05236
0.53348,106,-0.05236
0.54476,106,-0.05236
0.55602,106,-0.05236
0.56728,106,-0.05236
0.57852,106,-0.05236
0.58974,106,-0.05236
0.60095,106,-0.05236
0.61215,106,-0.05236
0.62333,106,-0.05236
0.6345,106,-0.05236
0.64566,106,-0.05236
0.6568,106,-0.05236
0.66793,106,-0.05236
0.67904,106,-0.05236
0.69014,106,-0.05236
0.70123,106,-0.05236
0.7123,106,-0.05236
0.72336,106,-0.05236
0.73441,106,-0.05236
0.74544,106,-0.05236
0.75646,106,-0.05236
0.76747,106,-0.05236
0.77846,106,-0.05236
0.78944,106,-0.05236
0.80041,106,-0.05236
0.81136,106,-0.05236
0.8223,106,-0.05236
0.83322,106,-0.05236
0.84414,106,-0.05236
0.85503,106,-0.05236
0.86592,106,-0.05236
0.87679,106,-0.05236
0.88765,106,-0.05236
0.89849,106,-0.05236
0.90933,106,-0.05236
0.92014,106,-0.05236
0.93095,106,-0.05236
0.94174,106,-0.05236
0.95252,106,-0.05236
0.96328,106,-0.05236
0.97404,106,-0.05236
0.98478,106,-0.05236
0.9955,106,-0.05236
1.0062,106,-0.05236
1.0169,106,-0.05236
1.0276,106,-0.05236
1.0383,106,-0.05236
1.0489,106,-0.05236
1.0596,106,-0.05236
1.0702,106,-0.05236
1.0808,106,-0.05236
1.0914,106,-0.05236
1.102,106,-0.05236
1.1126,106,-0.05236
1.1232,106,-0.05236
1.1337,106,-0.05236
1.1443,106,-0.05236
1.1548,106,-0.05236
1.1653,106,-0.05236
1.1758,106,-0.05236
1.1863,106,-0.05236
1.1968,106,-0.05236
1.2073,106,-0.05236
1.2177,106,-0.05236
1.2282,106,-0.05236
1.2386,106,-0.05236
1.249,106,-0.05236
1.2594,106,-0.05236
1.2698,106,-0.05236
1.2802,106,-0.05236
1.2905,106,-0.05236
1.3009,106,-0.05236
1.3112,106,-0.05236
1.3215,106,-0.05236
1.3318,106,-0.05236
1.3421,106,-0.05236
1.3524,106,-0.05236
1.3627,106,-0.05236
1.373,106,-0.05236
1.3832,106,-0.05236
1.3934,106,-0.05236
1.4037,106,-0.05236
1.4139,106,-0.05236
1.4241,106,-0.05236
1.4343,106,-0.05236
1.4444,106,-0.05236
1.4546,106,-0.05236
1.4647,106,-0.05236
1.4749,106,-0.05236
1.485,106,-0.05236
1.4951,106,-0.05236
1.5052,106,-0.05236
1.5153,106,-0.05236
1.5253,106,-0.05236
1.5354,106,-0.05236
1.5454,106,-0.05236
1.5555,106,-0.05236
1.5655,106,-0.05236
1.5755,106,-0.05236
1.5855,106,-0.05236
1.5955,106,-0.05236
1.6055,106,-0.05236
1.6154,106,-0.05236
1.6254,106,-0.05236
1.6353,106,-0.05236
1.6452,106,-0.05236
1.6551,106,-0.05236
1.665,106,-0.05236
1.6749,106,-0.05236
1.6848,106,-0.05236
1.6946,106,-0.05236
1.7045,106,-0.05236
1.7143,106,-0.05236
1.7241,106,-0.05236
1.734,106,-0.05236
1.7438,106,-0.05236
1.7535,106,-0.05236
1.7633,106,-0.05236
1.7731,106,-0.05236
1.7828,106,-0.05236
1.7926,106,-0.05236
1.8023,106,-0.05236
1.812,106,-0.05236
1.8217,106,-0.05236
1.8314,106,-0.05236
1.8411,106,-0.05236
1.8507,106,-0.05236
1.8604,106,-0.05236
1.87,106,-0.05236
1.8796,106,-0.05236
1.8893,106,-0.05236
1.8989,106,-0.05236
1.9085,106,-0.05236
1.918,106,-0.05236
1.9276,106,-0.05236
1.9371,106,-0.05236
1.9467,106,-0.05236
1.9562,106,-0.05236
1.9657,106,-0.05236
1.9752,106,-0.05236
1.9847,106,-0.05236
1.9942,106,-0.05236
2.0037,106,-0.05236
2.0131,106,-0.05236
2.0226,106,-0.05236
2.032,106,-0.05236
2.0414,106,-0.05236
2.0509,106,-0.05236
2.0603,106,-0.05236
2.0696,106,-0.05236
2.079,106,-0.05236
2.0884,106,-0.05236
2.0977,106,-0.05236
2.1071,106,-0.05236
2.1164,106,-0.05236
2.1257,106,-0.05236
2.135,106,-0.05236
2.1443,106,-0.05236
2.1536,106,-0.05236
2.1628,106,-0.05236
2.1721,106,-0.05236
2.1813,106,-0.05236
2.1906,106,-0.05236
2.1998,106,-0.05236
2.209,106,-0.05236
2.2182,106,-0.05236
2.2274,106,-0.05236
2.2365,106,-0.05236
2.2457,106,-0.05236
2.2548,106,-0.05236
2.264,106,-0.05236
2.2731,106,-0.05236
2.2822,106,-0.05236
2.2913,106,-0.05236
2.3004,106,-0.05236
2.3095,106,-0.05236
2.3185,106,-0.05236
2.3276,106,-0.05236
2.3366,106,-0.05236
2.3457,106,-0.05236
2.3547,106,-0.05236
2.3637,106,-0.05236
2.3727,106,-0.05236
2.3817,106,-0.05236
2.3906,106,-0.05236
2.3996,106,-0.05236
2.4085,106,-0.05236
2.4175,106,-0.05236
2.4264,106,-0.05236
2.4353,106,-0.05236
2.4442,106,-0.05236
2.4531,106,-0.05236
2.462,106,-0.05236
2.4708,106,-0.05236
2.4797,106,-0.05236
2.4885,106,-0.05236
2.4973,106,-0.05236
2.5062,106,-0.05236
2.515,106,-0.05236
2.5238,106,-0.05236
2.5325,106,-0.05236
2.5413,106,-0.05236
2.5501,106,-0.05236
2.5588,106,-0.05236
2.5676,106,-0.05236
2.5763,106,-0.05236
2.585,106,-0.05236
2.5937,106,-0.05236
2.6024,106,-0.05236
2.6111,106,-0.05236
2.6197,106,-0.05236
2.6284,106,-0.05236
2.637,106,-0.05236
2.6457,106,-0.05236
2.6543,106,-0.05236
2.6629,106,-0.05236
2.6715,106,-0.05236
2.6801,106,-0.05236
2.6886,106,-0.05236
2.6972,106,-0.05236
2.7058,106,-0.05236
2.7143,106,-0.05236
2.7228,106,-0.05236
2.7313,106,-0.05236
2.7398,106,-0.05236
2.7483,106,-0.05236
2.7568,106,-0.05236
2.7653,106,-0.05236
2.7737,106,-0.05236
2.7822,106,-0.05236
2.7906,106,-0.05236
2.799,106,-0.05236
2.8075,106,-0.05236
2.8159,106,-0.05236
2.8243,106,-0.05236
2.8326,106,-0.05236
2.841,106,-0.05236
2.8494,106,-0.05236
2.8577,106,-0.05236
2.866,106,-0.05236
2.8743,106,-0.05236
2.8827,106,-0.05236
2.891,106,-0.05236
2.8992,106,-0.05236
2.9075,106,-0.05236
2.9158,106,-0.05236
2.924,106,-0.05236
2.9323,106,-0.05236
2.9405,106,-0.05236
2.9487,106,-0.05236
2.9569,106,-0.05236
2.9651,106,-0.05236
2.9733,106,-0.05236
2.9815,106,-0.05236
2.9896,106,-0.05236
2.9978,106,-0.05236
3.0059,106,-0.05236
3.014,106,-0.05236
3.0222,106,-0.05236
3.0303,106,-0.05236
3.0384,106,-0.05236
3.0464,106,-0.05236
3.0545,106,-0.05236
3.0626,106,-0.05236
3.0706,106,-0.05236
3.0787,106,-0.05236
3.0867,106,-0.05236
3.0947,106,-0.05236
3.1027,106,-0.05236
3.1107,106,-0.05236
3.1187,106,-0.05236
3.1266,106,-0.05236
3.1346,106,-0.05236
3.1425,106,-0.05236
3.1505,106,-0.05236
3.1584,106,-0.05236
3.1663,106,-0.05236
3.1742,106,-0.05236
3.1821,106,-0.05236
3.19,106,-0.05236
3.1978,106,-0.05236
3.2057,106,-0.05236
3.2135,106,-0.05236
3.2214,106,-0.05236
3.2292,106,-0.05236
3.237,106,-0.05236
3.2448,106,-0.05236
3.2526,106,-0.05236
3.2604,106,-0.05236
3.2681,106,-0.05236
3.2759,106,-0.05236
3.2836,106,-0.05236
3.2914,106,-0.05236
3.2991,106,-0.05236
3.3068,106,-0.05236
3.3145,106,-0.05236
3.3222,106,-0.05236
3.3298,106,-0.05236
3.3375,106,-0.05236
3.3452,106,-0.05236
3.3528,106,-0.05236
3.3604,106,-0.05236
3.3681,106,-0.05236
3.3757,106,-0.05236
3.3833,106,-0.05236
3.3909,106,-0.05236
3.3984,106,-0.05236
3.406,106,-0.05236
3.4135,106,-0.05236
3.4211,106,-0.05236
3.4286,106,-0.05236
3.4361,106,-0.05236
3.4437,106,-0.05236
3.4511,106,-0.05236
3.4586,106,-0.05236
3.4661,106,-0.05236
3.4736,106,-0.05236
3.481,106,-0.05236
3.4885,106,-0.05236
3.4959,106,-0.05236
3.5033,106,-0.05236
3.5107,106,-0.05236
3.5181,106,-0.05236
3.5255,106,-0.05236
3.5329,106,-0.05236
3.5403,106,-0.05236
3.5476,106,-0.05236
3.555,106,-0.05236
3.5623,106,-0.05236
3.5696,106,-0.05236
3.5769,106,-0.05236
3.5842,106,-0.05236
3.5915,106,-0.05236
3.5988,106,-0.05236
3.6061,106,-0.05236
3.6133,106,-0.05236
3.6206,106,-0.05236
3.6278,106,-0.05236
3.635,106,-0.05236
3.6422,106,-0.05236
3.6494,106,-0.05236
3.6566,106,-0.05236
3.6638,106,-0.05236
3.671,106,-0.05236
3.6781,106,-0.05236
3.6853,106,-0.05236
3.6924,106,-0.05236
3.6995,106,-0.05236
3.7066,106,-0.05236
3.7137,106,-0.05236
3.7208,106,-0.05236
3.7279,106,-0.05236
3.735,106,-0.05236
3.742,106,-0.05236
3.7491,106,-0.05236
3.7561,106,-0.05236
3.7632,106,-0.05236
3.7702,106,-0.05236
3.7772,106,-0.05236
3.7842,106,-0.05236
3.7911,106,-0.05236
3.7981,106,-0.05236
3.8051,106,-0.05236
3.812,106,-0.05236
3.819,106,-0.05236
3.8259,106,-0.05236
3.8328,106,-0.05236
3.8397,106,-0.05236
3.8466,106,-0.05236
3.8535,106,-0.05236
3.8604,106,-0.05236
3.8673,106,-0.05236
3.8741,106,-0.05236
3.881,106,-0.05236
3.8878,106,-0.05236
3.8946,106,-0.05236
3.9014,106,-0.05236
3.9082,106,-0.05236
3.915,106,-0.05236
3.9218,106,-0.05236
3.9286,106,-0.05236
3.9353,106,-0.05236
3.9421,106,-0.05236
3.9488,106,-0.05236
3.9555,106,-0.05236
3.9622,106,-0.05236
3.9689,106,-0.05236
3.9756,106,-0.05236
3.9823,106,-0.05236
3.989,106,-0.05236
3.9957,106,-0.05236
4.0023,106,-0.05236
4.0089,106,-0.05236
4.0156,106,-0.05236
4.0222,106,-0.05236
4.0288,106,-0.05236
4.0354,106,-0.05236
4.042,106,-0.05236
4.0486,106,-0.05236
4.0551,106,-0.05236
4.0617,106,-0.05236
4.0682,106,-0.05236
4.0748,106,-0.05236
4.0813,106,-0.05236
4.0878,106,-0.05236
4.0943,106,-0.05236
4.1008,106,-0.05236
4.1073,106,-0.05236
4.1138,106,-0.05236
4.1202,106,-0.05236
4.1267,106,-0.05236
4.1331,106,-0.05236
4.1396,106,-0.05236
4.146,106,-0.05236
4.1524,106,-0.05236
4.1588,106,-0.05236
4.1652,106,-0.05236
4.1716,106,-0.05236
4.1779,106,-0.05236
4.1843,106,-0.05236
4.1906,106,-0.05236
4.197,106,-0.05236
4.2033,106,-0.05236
4.2096,106,-0.05236
4.2159,106,-0.05236
4.2222,106,-0.05236
4.2285,106,-0.05236
4.2348,106,-0.05236
4.241,106,-0.05236
4.2473,106,-0.05236
4.2535,106,-0.05236
4.2598,106,-0.05236
4.266,106,-0.05236
4.2722,106,-0.05236
4.2784,106,-0.05236
4.2846,106,-0.05236
4.2908,106,-0.05236
4.297,106,-0.05236
4.3031,106,-0.05236
4.3093,106,-0.05236
4.3154,106,-0.05236
4.3216,106,-0.05236
4.3277,106,-0.05236
4.3338,106,-0.05236
4.3399,106,-0.05236
4.346,106,-0.05236
4.3521,106,-0.05236
4.3581,106,-0.05236
4.3642,106,-0.05236
4.3702,106,-0.05236
4.3763,106,-0.05236
4.3823,106,-0.05236
4.3883,106,-0.05236
4.3943,106,-0.05236
4.4003,106,-0.05236
4.4063,106,-0.05236
4.4123,106,-0.05236
4.4183,106,-0.05236
4.4242,106,-0.05236
4.4302,106,-0.05236
4.4361,106,-0.05236
4.4421,106,-0.05236
4.448,106,-0.05236
4.4539,106,-0.05236
4.4598,106,-0.05236
4.4657,106,-0.05236
4.4716,106,-0.05236
4.4774,106,-0.05236
4.4833,106,-0.05236
4.4892,106,-0.05236
4.495,106,-0.05236
4.5008,106,-0.05236
4.5066,106,-0.05236
4.5125,106,-0.05236
4.5183,106,-0.05236
4.5241,106,-0.05236
4.5298,106,-0.05236
4.5356,106,-0.05236
4.5414,106,-0.05236
4.5471,106,-0.05236
4.5529,106,-0.05236
4.5586,106,-0.05236
4.5643,106,-0.05236
4.57,106,-0.05236
4.5757,106,-0.05236
4.5814,106,-0.05236
4.5871,106,-0.05236
4.5928,106,-0.05236
4.5984,106,-0.05236
4.6041,106,-0.05236
4.6097,106,-0.05236
4.6154,106,-0.05236
4.621,106,-0.05236
4.6266,106,-0.05236
4.6322,106,-0.05236
4.6378,106,-0.05236
4.6434,106,-0.05236
4.649,106,-0.05236
4.6546,106,-0.05236
4.6601,106,-0.05236
4.6657,106,-0.05236
4.6712,106,-0.05236
4.6767,106,-0.05236
4.6823,106,-0.05236
4.6878,106,-0.05236
4.6933,106,-0.05236
4.6988,106,-0.05236
4.7042,106,-0.05236
4.7097,106,-0.05236
4.7152,106,-0.05236
4.7206,106,-0.05236
4.7261,106,-0.05236
4.7315,106,-0.05236
4.7369,106,-0.05236
4.7424,106,-0.05236
4.7478,106,-0.05236
4.7532,106,-0.05236
4.7585,106,-0.05236
4.7639,106,-0.05236
4.7693,106,-0.05236
4.7746,106,-0.05236
4.78,106,-0.05236
4.7853,106,-0.05236
4.7907,106,-0.05236
4.796,106,-0.05236
4.8013,106,-0.05236
4.8066,106,-0.05236
4.8119,106,-0.05236
4.8172,106,-0.05236
4.8225,106,-0.05236
4.8277,106,-0.05236
4.833,106,-0.05236
4.8382,106,-0.05236
4.8435,106,-0.05236
4.8487,106,-0.05236
4.8539,106,-0.05236
4.8591,106,-0.05236
4.8643,106,-0.05236
4.8695,106,-0.05236
4.8747,106,-0.05236
4.8799,106,-0.05236
4.8851,106,-0.05236
4.8902,106,-0.05236
4.8954,106,-0.05236
4.9005,106,-0.05236
4.9056,106,-0.05236
4.9107,106,-0.05236
4.9159,106,-0.05236
4.921,106,-0.05236
4.926,106,-0.05236
4.9311,106,-0.05236
4.9362,106,-0.05236
4.9413,106,-0.05236
4.9463,106,-0.05236
4.9514,106,-0.05236
4.9564,106,-0.05236
4.9614,106,-0.05236
4.9665,106,-0.05236
4.9715,106,-0.05236
4.9765,106,-0.05236
4.9815,106,-0.05236
4.9865,106,-0.05236
4.9914,106,-0.05236
4.9964,106,-0.05236
5.0014,106,-0.05236
5.0063,106,-0.05236
5.0113,106,-0.05236
5.0162,106,-0.05236
5.0211,106,-0.05236
5.026,106,-0.05236
5.0309,106,-0.05236
5.0358,106,-0.05236
5.0407,106,-0.05236
5.0456,106,-0.05236
5.0505,106,-0.05236
5.0553,106,-0.05236
5.0602,106,-0.05236
5.065,106,-0.05236
5.0699,106,-0.05236
5.0747,106,-0.05236
5.0795,106,-0.05236
5.0843,106,-0.05236
5.0891,106,-0.05236
5.0939,106,-0.05236
5.0987,106,-0.05236
5.1035,106,-0.05236
5.1082,106,-0.05236
5.113,106,-0.05236
5.1178,106,-0.05236
5.1225,106,-0.05236
5.1272,106,-0.05236
5.132,106,-0.05236
5.1367,106,-0.05236
5.1414,106,-0.05236
5.1461,106,-0.05236
5.1508,106,-0.05236
5.1555,106,-0.05236
5.1601,106,-0.05236
5.1648,106,-0.05236
5.1695,106,-0.05236
5.1741,106,-0.05236
5.1787,106,-0.05236
5.1834,106,-0.05236
5.188,106,-0.05236
5.1926,106,-0.05236
5.1972,106,-0.05236
5.2018,106,-0.05236
5.2064,106,-0.05236
5.211,106,-0.05236
5.2156,106,-0.05236
5.2201,106,-0.05236
5.2247,106,-0.05236
5.2292,106,-0.05236
5.2338,106,-0.05236
5.2383,106,-0.05236
5.2428,106,-0.05236
5.2473,106,-0.05236
5.2519,106,-0.05236
5.2564,106,-0.05236
5.2608,106,-0.05236
5.2653,106,-0.05236
5.2698,106,-0.05236
5.2743,106,-0.05236
5.2787,106,-0.05236
5.2832,106,-0.05236
5.2876,106,-0.05236
5.2921,106,-0.05236
5.2965,106,-0.05236
5.3009,106,-0.05236
5.3053,106,-0.05236
5.3097,106,-0.05236
5.3141,106,-0.05236
5.3185,106,-0.05236
5.3229,106,-0.05236
5.3272,106,-0.05236
5.3316,106,-0.05236
5.336,106,-0.05236
5.3403,106,-0.05236
5.3446,106,-0.05236
5.349,106,-0.05236
5.3533,106,-0.05236
5.3576,106,-0.05236
5.3619,106,-0.05236
5.3662,106,-0.05236
5.3705,106,-0.05236
5.3748,106,-0.05236
5.3791,106,-0.05236
5.3833,106,-0.05236
5.3876,106,-0.05236
5.3918,106,-0.05236
5.3961,106,-0.05236
5.4003,106,-0.05236
5.4045,106,-0.05236
5.4088,106,-0.05236
5.413,106,-0.05236
5.4172,106,-0.05236
5.4214,106,-0.05236
5.4256,106,-0.05236
5.4298,106,-0.05236
5.4339,106,-0.05236
5.4381,106,-0.05236
5.4423,106,-0.05236
5.4464,106,-0.05236
5.4505,106,-0.05236
5.4547,106,-0.05236
5.4588,106,-0.05236
5.4629,106,-0.05236
5.467,106,-0.05236
5.4711,106,-0.05236
5.4752,106,-0.05236
5.4793,106,-0.05236
5.4834,106,-0.05236
5.4875,106,-0.05236
5.4916,106,-0.05236
5.4956,106,-0.05236
5.4997,106,-0.05236
5.5037,106,-0.05236
5.5078,106,-0.05236
5.5118,106,-0.05236
5.5158,106,-0.05236
5.5198,106,-0.05236
5.5238,106,-0.05236
5.5278,106,-0.05236
5.5318,106,-0.05236
5.5358,106,-0.05236
5.5398,106,-0.05236
5.5438,106,-0.05236
5.5477,106,-0.05236
5.5517,106,-0.05236
5.5556,106,-0.05236
5.5596,106,-0.05236
5.5635,106,-0.05236
5.5674,106,-0.05236
5.5714,106,-0.05236
5.5753,106,-0.05236
5.5792,106,-0.05236
5.5831,106,-0.05236
5.587,106,-0.05236
5.5908,106,-0.05236
5.5947,106,-0.05236
5.5986,106,-0.05236
5.6025,106,-0.05236
5.6063,106,-0.05236
5.6102,106,-0.05236
5.614,106,-0.05236
5.6178,106,-0.05236
5.6217,106,-0.05236
5.6255,106,-0.05236
5.6293,106,-0.05236
5.6331,106,-0.05236
5.6369,106,-0.05236
5.6407,106,-0.05236
5.6445,106,-0.05236
5.6482,106,-0.05236
5.652,106,-0.05236
5.6558,106,-0.05236
5.6595,106,-0.05236
5.6633,106,-0.05236
5.667,106,-0.05236
5.6707,106,-0.05236
5.6745,106,-0.05236
5.6782,106,-0.05236
5.6819,106,-0.05236
5.6856,106,-0.05236
5.6893,106,-0.05236
5.693,106,-0.05236
5.6967,106,-0.05236
5.7004,106,-0.05236
5.704,106,-0.05236
5.7077,106,-0.05236
5.7114,106,-0.05236
5.715,106,-0.05236
5.7187,106,-0.05236
5.7223,106,-0.05236
5.7259,106,-0.05236
5.7295,106,-0.05236
5.7332,106,-0.05236
5.7368,106,-0.05236
5.7404,106,-0.05236
5.744,106,-0.05236
5.7476,106,-0.05236
5.7511,106,-0.05236
5.7547,106,-0.05236
5.7583,106,-0.05236
5.7618,106,-0.05236
5.7654,106,-0.05236
5.7689,106,-0.05236
5.7725,106,-0.05236
5.776,106,-0.05236
5.7796,106,-0.05236
5.7831,106,-0.05236
5.7866,106,-0.05236
5.7901,106,-0.05236
5.7936,106,-0.05236
5.7971,106,-0.05236
5.8006,106,-0.05236
5.8041,106,-0.05236
5.8075,106,-0.05236
5.811,106,-0.05236
5.8145,106,-0.05236
5.8179,106,-0.05236
5.8214,106,-0.05236
5.8248,106,-0.05236
5.8283,106,-0.05236
5.8317,106,-0.05236
5.8351,106,-0.05236
5.8385,106,-0.05236
5.8419,106,-0.05236
5.8453,106,-0.05236
5.8487,106,-0.05236
5.8521,106,-0.05236
5.8555,106,-0.05236
5.8589,106,-0.05236
5.8623,106,-0.05236
5.8656,106,-0.05236
5.869,106,-0.05236
5.8723,106,-0.05236
5.8757,106,-0.05236
5.879,106,-0.05236
5.8823,106,-0.05236
5.8857,106,-0.05236
5.889,106,-0.05236
5.8923,106,-0.05236
5.8956,106,-0.05236
5.8989,106,-0.05236
5.9022,106,-0.05236
5.9055,106,-0.05236
5.9088,106,-0.05236
5.912,106,-0.05236
5.9153,106,-0.05236
5.9186,106,-0.05236
5.9218,106,-0.05236
5.9251,106,-0.05236
5.9283,106,-0.05236
5.9316,106,-0.05236
5.9348,106,-0.05236
5.938,106,-0.05236
5.9412,106,-0.05236
5.9444,106,-0.05236
5.9477,106,-0.05236
5.9509,106,-0.05236
5.954,106,-0.05236
5.9572,106,-0.05236
5.9604,106,-0.05236
5.9636,106,-0.05236
5.9668,106,-0.05236
5.9699,106,-0.05236
5.9731,106,-0.05236
5.9762,106,-0.05236
5.9794,106,-0.05236
5.9825,106,-0.05236
5.9856,106,-0.05236
5.9888,106,-0.05236
5.9919,106,-0.05236
5.995,106,-0.05236
5.9981,106,-0.05236
6.0012,106,-0.05236
6.0043,106,-0.05236
6.0074,106,-0.05236
6.0105,106,-0.05236
6.0135,106,-0.05236
6.0166,106,-0.05236
6.0197,106,-0.05236
6.0227,106,-0.05236
6.0258,106,-0.05236
6.0288,106,-0.05236
6.0319,106,-0.05236
6.0349,106,-0.05236
6.0379,106,-0.05236
6.041,106,-0.05236
6.044,106,-0.05236
6.047,106,-0.05236
6.05,106,-0.05236
6.053,106,-0.05236
6.056,106,-0.05236
6.059,106,-0.05236
6.062,106,-0.05236
6.0649,106,-0.05236
6.0679,106,-0.05236
6.0709,106,-0.05236
6.0738,106,-0.05236
6.0768,106,-0.05236
6.0797,106,-0.05236
6.0827,106,-0.05236
6.0856,106,-0.05236
6.0885,106,-0.05236
6.0914,106,-0.05236
6.0944,106,-0.05236
6.0973,106,-0.05236
6.1002,106,-0.05236
6.1031,106,-0.05236
6.106,106,-0.05236
6.1088,106,-0.05236
6.1117,106,-0.05236
6.1146,106,-0.05236
6.1175,106,-0.05236
6.1203,106,-0.05236
6.1232,106,-0.05236
6.126,106,-0.05236
6.1289,106,-0.05236
6.1317,106,-0.05236
6.1346,106,-0.05236
6.1374,106,-0.05236
6.1402,106,-0.05236
6.143,106,-0.05236
6.1458,106,-0.05236
6.1487,106,-0.05236
6.1515,106,-0.05236
6.1542,106,-0.05236
6.157,106,-0.05236
6.1598,106,-0.05236
6.1626,106,-0.05236
6.1654,106,-0.05236
6.1681,106,-0.05236
6.1709,106,-0.05236
6.1736,106,-0.05236
6.1764,106,-0.05236
6.1791,106,-0.05236
6.1819,106,-0.05236
6.1846,106,-0.05236
6.1873,106,-0.05236
6.1901,106,-0.05236
6.1928,106,-0.05236
6.1955,106,-0.05236
6.1982,106,-0.05236
6.2009,106,-0.05236
6.2036,106,-0.05236
6.2063,106,-0.05236
6.2089,106,-0.05236
6.2116,106,-0.05236
6.2143,106,-0.05236
6.217,106,-0.05236
6.2196,106,-0.05236
6.2223,106,-0.05236
6.2249,106,-0.05236
6.2276,106,-0.05236
6.2302,106,-0.05236
6.2328,106,-0.05236
6.2355,106,-0.05236
6.2381,106,-0.05236
6.2407,106,-0.05236
6.2433,106,-0.05236
6.2459,106,-0.05236
6.2485,106,-0.05236
6.2511,106,-0.05236
6.2537,106,-0.05236
6.2563,106,-0.05236
6.2588,106,-0.05236
6.2614,106,-0.05236
6.264,106,-0.05236
6.2665,106,-0.05236
6.2691,106,-0.05236
6.2716,106,-0.05236
6.2742,106,-0.05236
6.2767,106,-0.05236
6.2793,106,-0.05236
6.2818,106,-0.05236
6.2843,106,-0.05236
6.2868,106,-0.05236
6.2893,106,-0.05236
6.2918,106,-0.05236
6.2943,106,-0.05236
6.2968,106,-0.05236
6.2993,106,-0.05236
6.3018,106,-0.05236
6.3043,106,-0.05236
6.3068,106,-0.05236
6.3092,106,-0.05236
6.3117,106,-0.05236
6.3141,106,-0.05236
6.3166,106,-0.05236
6.319,106,-0.05236
6.3215,106,-0.05236
6.3239,106,-0.05236
6.3263,106,-0.05236
6.3288,106,-0.05236
6.3312,106,-0.05236
6.3336,106,-0.05236
6.336,106,-0.05236
6.3384,106,-0.05236
6.3408,106,-0.05236
6.3432,106,-0.05236
6.3456,106,-0.05236
6.348,106,-0.05236
6.3504,106,-0.05236
6.3527,106,-0.05236
6.3551,106,-0.05236
6.3575,106,-0.05236
6.3598,106,-0.05236
6.3622,106,-0.05236
6.3645,106,-0.05236
6.3669,106,-0.05236
6.3692,106,-0.05236
6.3715,106,-0.05236
6.3738,106,-0.05236
6.3762,106,-0.05236
6.3785,106,-0.05236
6.3808,106,-0.05236
6.3831,106,-0.05236
6.3854,106,-0.05236
6.3877,106,-0.05236
6.39,106,-0.05236
6.3923,106,-0.05236
6.3945,106,-0.05236
6.3968,106,-0.05236
6.3991,106,-0.05236
6.4013,106,-0.05236
6.4036,106,-0.05236
6.4059,106,-0.05236
6.4081,106,-0.05236
6.4103,106,-0.05236
6.4126,106,-0.05236
6.4148,106,-0.05236
6.417,106,-0.05236
6.4193,106,-0.05236
6.4215,106,-0.05236
6.4237,106,-0.05236
6.4259,106,-0.05236
6.4281,106,-0.05236
6.4303,106,-0.05236
6.4325,106,-0.05236
6.4347,106,-0.05236
6.4368,106,-0.05236
6.439,106,-0.05236
6.4412,106,-0.05236
6.4434,106,-0.05236
6.4455,106,-0.05236
6.4477,106,-0.05236
6.4498,106,-0.05236
6.452,106,-0.05236
6.4541,106,-0.05236
6.4562,106,-0.05236
6.4584,106,-0.05236
6.4605,106,-0.05236
6.4626,106,-0.05236
6.4647,106,-0.05236
6.4668,106,-0.05236
6.4689,106,-0.05236
6.471,106,-0.05236
6.4731,106,-0.05236
6.4752,106,-0.05236
6.4773,106,-0.05236
6.4794,106,-0.05236
6.4815,106,-0.05236
6.4835,106,-0.05236
6.4856,106,-0.05236
6.4876,106,-0.05236
6.4897,106,-0.05236
6.4918,106,-0.05236
6.4938,106,-0.05236
6.4958,106,-0.05236
6.4979,106,-0.05236
6.4999,106,-0.05236
6.5019,106,-0.05236
6.5039,106,-0.05236
6.506,106,-0.05236
6.508,106,-0.05236
6.51,106,-0.05236
6.512,106,-0.05236
6.514,106,-0.05236
6.516,106,-0.05236
6.5179,106,-0.05236
6.5199,106,-0.05236
6.5219,106,-0.05236
6.5239,106,-0.05236
6.5258,106,-0.05236
6.5278,106,-0.05236
6.5297,106,-0.05236
6.5317,106,-0.05236
6.5336,106,-0.05236
6.5356,106,-0.05236
6.5375,106,-0.05236
6.5394,106,-0.05236
6.5414,106,-0.05236
6.5433,106,-0.05236
6.5452,106,-0.05236
6.5471,106,-0.05236
6.549,106,-0.05236
6.5509,106,-0.05236
6.5528,106,-0.05236
6.5547,106,-0.05236
6.5566,106,-0.05236
6.5585,106,-0.05236
6.5604,106,-0.05236
6.5622,106,-0.05236
6.5641,106,-0.05236
6.566,106,-0.05236
6.5678,106,-0.05236
6.5697,106,-0.05236
6.5715,106,-0.05236
6.5734,106,-0.05236
6.5752,106,-0.05236
6.577,106,-0.05236
6.5789,106,-0.05236
6.5807,106,-0.05236
6.5825,106,-0.05236
6.5843,106,-0.05236
6.5861,106,-0.05236
6.5879,106,-0.05236
6.5897,106,-0.05236
6.5915,106,-0.05236
6.5933,106,-0.05236
6.5951,106,-0.05236
6.5969,106,-0.05236
6.5987,106,-0.05236
6.6004,106,-0.05236
6.6022,106,-0.05236
6.604,106,-0.05236
6.6057,106,-0.05236
6.6075,106,-0.05236
6.6092,106,-0.05236
6.611,106,-0.05236
6.6127,106,-0.05236
6.6144,106,-0.05236
6.6162,106,-0.05236
6.6179,106,-0.05236
6.6196,106,-0.05236
6.6213,106,-0.05236
6.623,106,-0.05236
6.6247,106,-0.05236
6.6264,106,-0.05236
6.6281,106,-0.05236
6.6298,106,-0.05236
6.6315,106,-0.05236
6.6332,106,-0.05236
6.6349,106,-0.05236
6.6365,106,-0.05236
6.6382,106,-0.05236
6.6399,106,-0.05236
6.6415,106,-0.05236
6.6432,106,-0.05236
6.6448,106,-0.05236
6.6465,106,-0.05236
6.6481,106,-0.05236
6.6497,106,-0.05236
6.6514,106,-0.05236
6.653,106,-0.05236
6.6546,106,-0.05236
6.6562,106,-0.05236
6.6579,106,-0.05236
6.6595,106,-0.05236
6.6611,106,-0.05236
6.6627,106,-0.05236
6.6643,106,-0.05236
6.6658,106,-0.05236
6.6674,106,-0.05236
6.669,106,-0.05236
6.6706,106,-0.05236
6.6721,106,-0.05236
6.6737,106,-0.05236
6.6753,106,-0.05236
6.6768,106,-0.05236
6.6784,106,-0.05236
6.6799,106,-0.05236
6.6815,106,-0.05236
6.683,106,-0.05236
6.6845,106,-0.05236
6.6861,106,-0.05236
6.6876,106,-0.05236
6.6891,106,-0.05236
6.6906,106,-0.05236
6.6921,106,-0.05236
6.6937,106,-0.05236
6.6952,106,-0.05236
6.6967,106,-0.05236
6.6981,106,-0.05236
6.6996,106,-0.05236
6.7011,106,-0.05236
6.7026,106,-0.05236
6.7041,106,-0.05236
6.7055,106,-0.05236
6.707,106,-0.05236
6.7085,106,-0.05236
6.7099,106,-0.05236
6.7114,106,-0.05236
6.7128,106,-0.05236
6.7143,106,-0.05236
6.7157,106,-0.05236
6.7171,106,-0.05236
6.7186,106,-0.05236
6.72,106,-0.05236
6.7214,106,-0.05236
6.7228,106,-0.05236
6.7243,106,-0.05236
6.7257,106,-0.05236
6.7271,106,-0.05236
6.7285,106,-0.05236
6.7299,106,-0.05236
6.7312,106,-0.05236
6.7326,106,-0.05236
6.734,106,-0.05236
6.7354,106,-0.05236
6.7368,106,-0.05236
6.7381,106,-0.05236
6.7395,106,-0.05236
6.7409,106,-0.05236
6.7422,106,-0.05236
6.7436,106,-0.05236
6.7449,106,-0.05236
6.7462,106,-0.05236
6.7476,106,-0.05236
6.7489,106,-0.05236
6.7502,106,-0.05236
6.7516,106,-0.05236
6.7529,106,-0.05236
6.7542,106,-0.05236
6.7555,106,-0.05236
6.7568,106,-0.05236
6.7581,106,-0.05236
6.7594,106,-0.05236
6.7607,106,-0.05236
6.762,106,-0.05236
6.7633,106,-0.05236
6.7646,106,-0.05236
6.7658,106,-0.05236
6.7671,106,-0.05236
6.7684,106,-0.05236
6.7697,106,-0.05236
6.7709,106,-0.05236
6.7722,106,-0.05236
6.7734,106,-0.05236
6.7747,106,-0.05236
6.7759,106,-0.05236
6.7771,106,-0.05236
6.7784,106,-0.05236
6.7796,106,-0.05236
6.7808,106,-0.05236
6.7821,106,-0.05236
6.7833,106,-0.05236
6.7845,106,-0.05236
6.7857,106,-0.05236
6.7869,106,-0.05236
6.7881,106,-0.05236
6.7893,106,-0.05236
6.7905,106,-0.05236
6.7917,106,-0.05236
6.7929,106,-0.05236
6.794,106,-0.05236
6.7952,106,-0.05236
6.7964,106,-0.05236
6.7975,106,-0.05236
6.7987,106,-0.05236
6.7999,106,-0.05236
6.801,106,-0.05236
6.8022,106,-0.05236
6.8033,106,-0.05236
6.8045,106,-0.05236
6.8056,106,-0.05236
6.8067,106,-0.05236
6.8078,106,-0.05236
6.809,106,-0.05236
6.8101,106,-0.05236
6.8112,106,-0.05236
6.8123,106,-0.05236
6.8134,106,-0.05236
6.8145,106,-0.05236
6.8156,106,-0.05236
6.8167,106,-0.05236
6.8178,106,-0.05236
6.8189,106,-0.05236
6.82,106,-0.05236
6.8211,106,-0.05236
6.8221,106,-0.05236
6.8232,106,-0.05236
6.8243,106,-0.05236
6.8253,106,-0.05236
6.8264,106,-0.05236
6.8275,106,-0.05236
6.8285,106,-0.05236
6.8296,106,-0.05236
6.8306,106,-0.05236
6.8316,106,-0.05236
6.8327,106,-0.05236
6.8337,106,-0.05236
6.8347,106,-0.05236
6.8357,106,-0.05236
6.8368,106,-0.05236
6.8378,106,-0.05236
6.8388,106,-0.05236
6.8398,106,-0.05236
6.8408,106,-0.05236
6.8418,106,-0.05236
6.8428,106,-0.05236
6.8438,106,-0.05236
6.8448,106,-0.05236
6.8458,106,-0.05236
6.8467,106,-0.05236
6.8477,106,-0.05236
6.8487,106,-0.05236
6.8496,106,-0.05236
6.8506,106,-0.05236
6.8516,106,-0.05236
6.8525,106,-0.05236
6.8535,106,-0.05236
6.8544,106,-0.05236
6.8554,106,-0.05236
6.8563,106,-0.05236
6.8572,106,-0.05236
6.8582,106,-0.05236
6.8591,106,-0.05236
6.86,106,-0.05236
6.8609,106,-0.05236
6.8618,106,-0.05236
6.8628,106,-0.05236
6.8637,106,-0.05236
6.8646,106,-0.05236
6.8655,106,-0.05236
6.8664,106,-0.05236
6.8673,106,-0.05236
6.8681,106,-0.05236
6.869,106,-0.05236
6.8699,106,-0.05236
6.8708,106,-0.05236
6.8717,106,-0.05236
6.8725,106,-0.05236
6.8734,106,-0.05236
6.8743,106,-0.05236
6.8751,106,-0.05236
6.876,106,-0.05236
6.8768,106,-0.05236
6.8777,106,-0.05236
6.8785,106,-0.05236
6.8793,106,-0.05236
6.8802,106,-0.05236
6.881,106,-0.05236
6.8818,106,-0.05236
6.8827,106,-0.05236
6.8835,106,-0.05236
6.8843,106,-0.05236
6.8851,106,-0.05236
6.8859,106,-0.05236
6.8867,106,-0.05236
6.8875,106,-0.05236
6.8883,106,-0.05236
6.8891,106,-0.05236
6.8899,106,-0.05236
6.8907,106,-0.05236
6.8915,106,-0.05236
6.8922,106,-0.05236
6.893,106,-0.05236
6.8938,106,-0.05236
6.8946,106,-0.05236
6.8953,106,-0.05236
6.8961,106,-0.05236
6.8968,106,-0.05236
6.8976,106,-0.05236
6.8983,106,-0.05236
6.8991,106,-0.05236
6.8998,106,-0.05236
6.9006,106,-0.05236
6.9013,106,-0.05236
6.902,106,-0.05236
6.9028,106,-0.05236
6.9035,106,-0.05236
6.9042,106,-0.05236
6.9049,106,-0.05236
6.9056,106,-0.05236
6.9063,106,-0.05236
6.907,106,-0.05236
6.9077,106,-0.05236
6.9084,106,-0.05236
6.9091,106,-0.05236
6.9098,106,-0.05236
6.9105,106,-0.05236
6.9112,106,-0.05236
6.9119,106,-0.05236
6.9126,106,-0.05236
6.9132,106,-0.05236
6.9139,106,-0.05236
6.9146,106,-0.05236
6.9152,106,-0.05236
6.9159,106,-0.05236
6.9165,106,-0.05236
6.9172,106,-0.05236
6.9178,106,-0.05236
6.9185,106,-0.05236
6.9191,106,-0.05236
6.9198,106,-0.05236
6.9204,106,-0.05236
6.921,106,-0.05236
6.9217,106,-0.05236
6.9223,106,-0.05236
6.9229,106,-0.05236
6.9235,106,-0.05236
6.9241,106,-0.05236
6.9247,106,-0.05236
6.9253,106,-0.05236
6.9259,106,-0.05236
6.9265,106,-0.05236
6.9271,106,-0.05236
6.9277,106,-0.05236
6.9283,106,-0.05236
6.9289,106,-0.05236
6.9295,106,-0.05236
6.9301,106,-0.05236
6.9306,106,-0.05236
6.9312,106,-0.05236
6.9318,106,-0.05236
6.9323,106,-0.05236
6.9329,106,-0.05236
6.9335,106,-0.05236
6.934,106,-0.05236
6.9346,106,-0.05236
6.9351,106,-0.05236
6.9357,106,-0.05236
6.9362,106,-0.05236
6.9367,106,-0.05236
6.9373,106,-0.05236
6.9378,106,-0.05236
6.9383,106,-0.05236
6.9389,106,-0.05236
6.9394,106,-0.05236
6.9399,106,-0.05236
6.9404,106,-0.05236
6.9409,106,-0.05236
6.9414,106,-0.05236
6.9419,106,-0.05236
6.9424,106,-0.05236
6.9429,106,-0.05236
6.9434,106,-0.05236
6.9439,106,-0.05236
6.9444,106,-0.05236
6.9449,106,-0.05236
6.9454,106,-0.05236
6.9459,106,-0.05236
6.9463,106,-0.05236
6.9468,106,-0.05236
6.9473,106,-0.05236
6.9477,106,-0.05236
6.9482,106,-0.05236
6.9487,106,-0.05236
6.9491,106,-0.05236
6.9496,106,-0.05236
6.95,106,-0.05236
6.9505,106,-0.05236
6.9509,106,-0.05236
6.9513,106,-0.05236
6.9518,106,-0.05236
6.9522,106,-0.05236
6.9526,106,-0.05236
6.9531,106,-0.05236
6.9535,106,-0.05236
6.9539,106,-0.05236
6.9543,106,-0.05236
6.9547,106,-0.05236
6.9552,106,-0.05236
6.9556,106,-0.05236
6.956,106,-0.05236
6.9564,106,-0.05236
6.9568,106,-0.05236
6.9572,106,-0.05236
6.9576,106,-0.05236
6.9579,106,-0.05236
6.9583,106,-0.05236
6.9587,106,-0.05236
6.9591,106,-0.05236
6.9595,106,-0.05236
6.9598,106,-0.05236
6.9602,106,-0.05236
6.9606,106,-0.05236
6.9609,106,-0.05236
6.9613,106,-0.05236
6.9617,106,-0.05236
6.962,106,-0.05236
6.9624,106,-0.05236
6.9627,106,-0.05236
6.9631,106,-0.05236
6.9634,106,-0.05236
6.9637,106,-0.05236
6.9641,106,-0.05236
6.9644,106,-0.05236
6.9647,106,-0.05236
6.9651,106,-0.05236
6.9654,106,-0.05236
6.9657,106,-0.05236
6.966,106,-0.05236
6.9663,106,-0.05236
6.9667,106,-0.05236
6.967,106,-0.05236
6.9673,106,-0.05236
6.9676,106,-0.05236
6.9679,106,-0.05236
6.9682,106,-0.05236
6.9685,106,-0.05236
6.9688,106,-0.05236
6.969,106,-0.05236
6.9693,106,-0.05236
6.9696,106,-0.05236
6.9699,106,-0.05236
6.9702,106,-0.05236
6.9704,106,-0.05236
6.9707,106,-0.05236
6.971,106,-0.05236
6.9712,106,-0.05236
6.9715,106,-0.05236
6.9718,106,-0.05236
6.972,106,-0.05236
6.9723,106,-0.05236
6.9725,106,-0.05236
6.9728,106,-0.05236
6.973,106,-0.05236
6.9733,106,-0.05236
6.9735,106,-0.05236
6.9737,106,-0.05236
6.974,106,-0.05236
6.9742,106,-0.05236
6.9744,106,-0.05236
6.9746,106,-0.05236
6.9749,106,-0.05236
6.9751,106,-0.05236
6.9753,106,-0.05236
6.9755,106,-0.05236
6.9757,106,-0.05236
6.9759,106,-0.05236
6.9761,106,-0.05236
6.9763,106,-0.05236
6.9765,106,-0.05236
6.9767,106,-0.05236
6.9769,106,-0.05236
6.9771,106,-0.05236
6.9773,106,-0.05236
6.9775,106,-0.05236
6.9777,106,-0.05236
6.9778,106,-0.05236
6.978,106,-0.05236
6.9782,106,-0.05236
6.9784,106,-0.05236
6.9785,106,-0.05236
6.9787,106,-0.05236
6.9789,106,-0.05236
6.979,106,-0.05236
6.9792,106,-0.05236
6.9793,106,-0.05236
6.9795,106,-0.05236
6.9796,106,-0.05236
6.9798,106,-0.05236
6.9799,106,-0.05236
6.9801,106,-0.05236
6.9802,106,-0.05236
6.9803,106,-0.05236
6.9805,106,-0.05236
6.9806,106,-0.05236
6.9807,106,-0.05236
6.9808,106,-0.05236
6.981,106,-0.05236
6.9811,106,-0.05236
6.9812,106,-0.05236
6.9813,106,-0.05236
6.9814,106,-0.05236
6.9815,106,-0.05236
6.9816,106,-0.05236
6.9817,106,-0.05236
6.9818,106,-0.05236
6.9819,106,-0.05236
6.982,106,-0.05236
6.9821,106,-0.05236
6.9822,106,-0.05236
6.9823,106,-0.05236
6.9824,106,-0.05236
6.9825,106,-0.05236
6.9825,106,-0.05236
6.9826,106,-0.05236
6.9827,106,-0.05236
6.9828,106,-0.05236
6.9828,106,-0.05236
6.9829,106,-0.05236
6.983,106,-0.05236
6.983,106,-0.05236
6.9831,106,-0.05236
6.9831,106,-0.05236
6.9832,106,-0.05236
6.9832,106,-0.05236
6.9833,106,-0.05236
6.9833,106,-0.05236
6.9834,106,-0.05236
6.9834,106,-0.05236
6.9835,106,-0.05236
6.9835,106,-0.05236
6.9835,106,-0.05236
6.9835,106,-0.05236
6.9836,106,-0.05236
6.9836,106,-0.05236
6.9836,106,-0.05236
6.9836,106,-0.05236
6.9837,106,-0.05236
6.9837,106,-0.05236
6.9837,106,-0.05236
6.9837,106,-0.05236
6.9837,106,-0.05236
6.9837,106,-0.05236
6.9837,106,-0.05236
6.9837,106,-0.05236
6.9837,106,-0.05236
6.9837,106,-0.05236
6.9837,106,-0.05236
6.9837,106,-0.05236
6.9837,106,-0.05236
6.9836,106,-0.05236
6.9836,106,-0.05236
6.9836,106,-0.05236
6.9836,106,-0.05236
6.9836,106,-0.05236
6.9835,106,-0.05236
6.9835,106,-0.05236
6.9835,106,-0.05236
6.9834,106,-0.05236
6.9834,106,-0.05236
6.9834,106,-0.05236
6.9833,106,-0.05236
6.9833,106,-0.05236
6.9832,106,-0.05236
6.9832,106,-0.05236
6.9831,106,-0.05236
6.9831,106,-0.05236
6.983,106,-0.05236
6.9829,106,-0.05236
6.9829,106,-0.05236
6.9828,106,-0.05236
6.9828,106,-0.05236
6.9827,106,-0.05236
6.9826,106,-0.05236
6.9825,106,-0.05236
6.9825,106,-0.05236
6.9824,106,-0.05236
6.9823,106,-0.05236
6.9822,106,-0.05236
6.9821,106,-0.05236
6.982,106,-0.05236
6.982,106,-0.05236
6.9819,106,-0.05236
6.9818,106,-0.05236
6.9817,106,-0.05236
6.9816,106,-0.05236
6.9815,106,-0.05236
6.9814,106,-0.05236
6.9813,106,-0.05236
6.9811,106,-0.05236
6.981,106,-0.05236
6.9809,106,-0.05236
6.9808,106,-0.05236
6.9807,106,-0.05236
6.9806,106,-0.05236
6.9804,106,-0.05236
6.9803,106,-0.05236
6.9802,106,-0.05236
6.9801,106,-0.05236
6.9799,106,-0.05236
6.9798,106,-0.05236
6.9797,106,-0.05236
6.9795,106,-0.05236
6.9794,106,-0.05236
6.9792,106,-0.05236
6.9791,106,-0.05236
6.9789,106,-0.05236
6.9788,106,-0.05236
6.9786,106,-0.05236
6.9785,106,-0.05236
6.9783,106,-0.05236
6.9782,106,-0.05236
6.978,106,-0.05236
6.9778,106,-0.05236
6.9777,106,-0.05236
6.9775,106,-0.05236
6.9773,106,-0.05236
6.9771,106,-0.05236
6.977,106,-0.05236
6.9768,106,-0.05236
6.9766,106,-0.05236
6.9764,106,-0.05236
6.9762,106,-0.05236
6.9761,106,-0.05236
6.9759,106,-0.05236
6.9757,106,-0.05236
6.9755,106,-0.05236
6.9753,106,-0.05236
6.9751,106,-0.05236
6.9749,106,-0.05236
6.9747,106,-0.05236
6.9745,106,-0.05236
6.9743,106,-0.05236
6.9741,106,-0.05236
6.9739,106,-0.05236
6.9736,106,-0.05236
6.9734,106,-0.05236
6.9732,106,-0.05236
6.973,106,-0.05236
6.9728,106,-0.05236
6.9725,106,-0.05236
6.9723,106,-0.05236
6.9721,106,-0.05236
6.9719,106,-0.05236
6.9716,106,-0.05236
6.9714,106,-0.05236
6.9712,106,-0.05236
6.9709,106,-0.05236
6.9707,106,-0.05236
6.9704,106,-0.05236
6.9702,106,-0.05236
6.9699,106,-0.05236
6.9697,106,-0.05236
6.9694,106,-0.05236
6.9692,106,-0.05236
6.9689,106,-0.05236
6.9687,106,-0.05236
6.9684,106,-0.05236
6.9681,106,-0.05236
6.9679,106,-0.05236
6.9676,106,-0.05236
6.9673,106,-0.05236
6.9671,106,-0.05236
6.9668,106,-0.05236
6.9665,106,-0.05236
6.9662,106,-0.05236
6.966,106,-0.05236
6.9657,106,-0.05236
6.9654,106,-0.05236
6.9651,106,-0.05236
6.9648,106,-0.05236
6.9645,106,-0.05236
6.9642,106,-0.05236
6.9639,106,-0.05236
6.9636,106,-0.05236
6.9633,106,-0.05236
6.963,106,-0.05236
6.9627,106,-0.05236
6.9624,106,-0.05236
6.9621,106,-0.05236
6.9618,106,-0.05236
6.9615,106,-0.05236
6.9612,106,-0.05236
6.9609,106,-0.05236
6.9606,106,-0.05236
6.9602,106,-0.05236
6.9599,106,-0.05236
6.9596,106,-0.05236
6.9593,106,-0.05236
6.959,106,-0.05236
6.9586,106,-0.05236
6.9583,106,-0.05236
6.958,106,-0.05236
6.9576,106,-0.05236
6.9573,106,-0.05236
6.9569,106,-0.05236
6.9566,106,-0.05236
6.9563,106,-0.05236
6.9559,106,-0.05236
6.9556,106,-0.05236
6.9552,106,-0.05236
6.9549,106,-0.05236
6.9545,106,-0.05236
6.9542,106,-0.05236
6.9538,106,-0.05236
6.9534,106,-0.05236
6.9531,106,-0.05236
6.9527,106,-0.05236
6.9524,106,-0.05236
6.952,106,-0.05236
6.9516,106,-0.05236
6.9512,106,-0.05236
6.9509,106,-0.05236
6.9505,106,-0.05236
6.9501,106,-0.05236
6.9497,106,-0.05236
6.9494,106,-0.05236
6.949,106,-0.05236
6.9486,106,-0.05236
6.9482,106,-0.05236
6.9478,106,-0.05236
6.9474,106,-0.05236
6.947,106,-0.05236
6.9466,106,-0.05236
6.9462,106,-0.05236
6.9458,106,-0.05236
6.9454,106,-0.05236
6.945,106,-0.05236
6.9446,106,-0.05236
6.9442,106,-0.05236
6.9438,106,-0.05236
6.9434,106,-0.05236
6.943,106,-0.05236
6.9426,106,-0.05236
6.9422,106,-0.05236
6.9417,106,-0.05236
6.9413,106,-0.05236
6.9409,106,-0.05236
6.9405,106,-0.05236
6.94,106,-0.05236
6.9396,106,-0.05236
6.9392,106,-0.05236
6.9388,106,-0.05236
6.9383,106,-0.05236
6.9379,106,-0.05236
6.9375,106,-0.05236
6.937,106,-0.05236
6.9366,106,-0.05236
6.9361,106,-0.05236
6.9357,106,-0.05236
6.9352,106,-0.05236
6.9348,106,-0.05236
6.9343,106,-0.05236
6.9339,106,-0.05236
6.9334,106,-0.05236
6.933,106,-0.05236
6.9325,106,-0.05236
6.9321,106,-0.05236
6.9316,106,-0.05236
6.9311,106,-0.05236
6.9307,106,-0.05236
6.9302,106,-0.05236
6.9297,106,-0.05236
6.9293,106,-0.05236
6.9288,106,-0.05236
6.9283,106,-0.05236
6.9278,106,-0.05236
6.9274,106,-0.05236
6.9269,106,-0.05236
6.9264,106,-0.05236
6.9259,106,-0.05236
6.9254,106,-0.05236
6.9249,106,-0.05236
6.9244,106,-0.05236
6.924,106,-0.05236
6.9235,106,-0.05236
6.923,106,-0.05236
6.9225,106,-0.05236
6.922,106,-0.05236
6.9215,106,-0.05236
6.921,106,-0.05236
6.9205,106,-0.05236
6.92,106,-0.05236
6.9195,106,-0.05236
6.9189,106,-0.05236
6.9184,106,-0.05236
6.9179,106,-0.05236
6.9174,106,-0.05236
6.9169,106,-0.05236
6.9164,106,-0.05236
6.9158,106,-0.05236
6.9153,106,-0.05236
6.9148,106,-0.05236
6.9143,106,-0.05236
6.9137,106,-0.05236
6.9132,106,-0.05236
6.9127,106,-0.05236
6.9122,106,-0.05236
6.9116,106,-0.05236
6.9111,106,-0.05236
6.9105,106,-0.05236
6.91,106,-0.05236
6.9095,106,-0.05236
6.9089,106,-0.05236
6.9084,106,-0.05236
6.9078,106,-0.05236
6.9073,106,-0.05236
6.9067,106,-0.05236
6.9062,106,-0.05236
6.9056,106,-0.05236
6.9051,106,-0.05236
6.9045,106,-0.05236
6.9039,106,-0.05236
6.9034,106,-0.05236
6.9028,106,-0.05236
6.9023,106,-0.05236
6.9017,106,-0.05236
6.9011,106,-0.05236
6.9006,106,-0.05236
6.9,106,-0.05236
6.8994,106,-0.05236
6.8988,106,-0.05236
6.8983,106,-0.05236
6.8977,106,-0.05236
6.8971,106,-0.05236
6.8965,106,-0.05236
6.8959,106,-0.05236
6.8953,106,-0.05236
6.8948,106,-0.05236
6.8942,106,-0.05236
6.8936,106,-0.05236
6.893,106,-0.05236
6.8924,106,-0.05236
6.8918,106,-0.05236
6.8912,106,-0.05236
6.8906,106,-0.05236
6.89,106,-0.05236
6.8894,106,-0.05236
6.8888,106,-0.05236
6.8882,106,-0.05236
6.8876,106,-0.05236
6.887,106,-0.05236
6.8864,106,-0.05236
6.8857,106,-0.05236
6.8851,106,-0.05236
6.8845,106,-0.05236
6.8839,106,-0.05236
6.8833,106,-0.05236
6.8827,106,-0.05236
6.882,106,-0.05236
6.8814,106,-0.05236
6.8808,106,-0.05236
6.8802,106,-0.05236
6.8795,106,-0.05236
6.8789,106,-0.05236
6.8783,106,-0.05236
6.8776,106,-0.05236
6.877,106,-0.05236
6.8764,106,-0.05236
6.8757,106,-0.05236
6.8751,106,-0.05236
6.8744,106,-0.05236
6.8738,106,-0.05236
6.8731,106,-0.05236
6.8725,106,-0.05236
6.8718,106,-0.05236
6.8712,106,-0.05236
6.8705,106,-0.05236
6.8699,106,-0.05236
6.8692,106,-0.05236
6.8686,106,-0.05236
6.8679,106,-0.05236
6.8673,106,-0.05236
6.8666,106,-0.05236
6.8659,106,-0.05236
6.8653,106,-0.05236
6.8646,106,-0.05236
6.8639,106,-0.05236
6.8633,106,-0.05236
6.8626,106,-0.05236
6.8619,106,-0.05236
6.8612,106,-0.05236
6.8606,106,-0.05236
6.8599,106,-0.05236
6.8592,106,-0.05236
6.8585,106,-0.05236
6.8578,106,-0.05236
6.8571,106,-0.05236
6.8565,106,-0.05236
6.8558,106,-0.05236
6.8551,106,-0.05236
6.8544,106,-0.05236
6.8537,106,-0.05236
6.853,106,-0.05236
6.8523,106,-0.05236
6.8516,106,-0.05236
6.8509,106,-0.05236
6.8502,106,-0.05236
6.8495,106,-0.05236
6.8488,106,-0.05236
6.8481,106,-0.05236
6.8474,106,-0.05236
6.8467,106,-0.05236
6.846,106,-0.05236
6.8453,106,-0.05236
6.8445,106,-0.05236
6.8438,106,-0.05236
6.8431,106,-0.05236
6.8424,106,-0.05236
6.8417,106,-0.05236
6.841,106,-0.05236
6.8402,106,-0.05236
6.8395,106,-0.05236
6.8388,106,-0.05236
6.8381,106,-0.05236
6.8373,106,-0.05236
6.8366,106,-0.05236
6.8359,106,-0.05236
6.8351,106,-0.05236
6.8344,106,-0.05236
6.8337,106,-0.05236
6.8329,106,-0.05236
6.8322,106,-0.05236
6.8314,106,-0.05236
6.8307,106,-0.05236
6.83,106,-0.05236
6.8292,106,-0.05236
6.8285,106,-0.05236
6.8277,106,-0.05236
6.827,106,-0.05236
6.8262,106,-0.05236
6.8255,106,-0.05236
6.8247,106,-0.05236
6.8239,106,-0.05236
6.8232,106,-0.05236
6.8224,106,-0.05236
6.8217,106,-0.05236
6.8209,106,-0.05236
6.8201,106,-0.05236
6.8194,106,-0.05236
6.8186,106,-0.05236
6.8178,106,-0.05236
6.8171,106,-0.05236
6.8163,106,-0.05236
6.8155,106,-0.05236
6.8148,106,-0.05236
6.814,106,-0.05236
6.8132,106,-0.05236
6.8124,106,-0.05236
6.8116,106,-0.05236
6.8109,106,-0.05236
6.8101,106,-0.05236
6.8093,106,-0.05236
6.8085,106,-0.05236
6.8077,106,-0.05236
6.8069,106,-0.05236
6.8061,106,-0.05236
6.8053,106,-0.05236
6.8046,106,-0.05236
6.8038,106,-0.05236
6.803,106,-0.05236
6.8022,106,-0.05236
6.8014,106,-0.05236
6.8006,106,-0.05236
6.7998,106,-0.05236
6.799,106,-0.05236
6.7982,106,-0.05236
6.7974,106,-0.05236
6.7965,106,-0.05236
6.7957,106,-0.05236
6.7949,106,-0.05236
6.7941,106,-0.05236
6.7933,106,-0.05236
6.7925,106,-0.05236
6.7917,106,-0.05236
6.7908,106,-0.05236
6.79,106,-0.05236
6.7892,106,-0.05236
6.7884,106,-0.05236
6.7876,106,-0.05236
6.7867,106,-0.05236
6.7859,106,-0.05236
6.7851,106,-0.05236
6.7843,106,-0.05236
6.7834,106,-0.05236
6.7826,106,-0.05236
6.7818,106,-0.05236
6.7809,106,-0.05236
6.7801,106,-0.05236
6.7793,106,-0.05236
6.7784,106,-0.05236
6.7776,106,-0.05236
6.7767,106,-0.05236
6.7759,106,-0.05236
6.775,106,-0.05236
6.7742,106,-0.05236
6.7734,106,-0.05236
6.7725,106,-0.05236
6.7717,106,-0.05236
6.7708,106,-0.05236
6.77,106,-0.05236
6.7691,106,-0.05236
6.7682,106,-0.05236
6.7674,106,-0.05236
6.7665,106,-0.05236
6.7657,106,-0.05236
6.7648,106,-0.05236
6.7639,106,-0.05236
6.7631,106,-0.05236
6.7622,106,-0.05236
6.7614,106,-0.05236
6.7605,106,-0.05236
6.7596,106,-0.05236
6.7587,106,-0.05236
6.7579,106,-0.05236
6.757,106,-0.05236
6.7561,106,-0.05236
6.7553,106,-0.05236
6.7544,106,-0.05236
6.7535,106,-0.05236
6.7526,106,-0.05236
6.7517,106,-0.05236
6.7509,106,-0.05236
6.75,106,-0.05236
6.7491,106,-0.05236
6.7482,106,-0.05236
6.7473,106,-0.05236
6.7464,106,-0.05236
6.7455,106,-0.05236
6.7446,106,-0.05236
6.7438,106,-0.05236
6.7429,106,-0.05236
6.742,106,-0.05236
6.7411,106,-0.05236
6.7402,106,-0.05236
6.7393,106,-0.05236
6.7384,106,-0.05236
6.7375,106,-0.05236
6.7366,106,-0.05236
6.7357,106,-0.05236
6.7348,106,-0.05236
6.7339,106,-0.05236
6.7329,106,-0.05236
6.732,106,-0.05236
6.7311,106,-0.05236
6.7302,106,-0.05236
6.7293,106,-0.05236
6.7284,106,-0.05236
6.7275,106,-0.05236
6.7266,106,-0.05236
6.7256,106,-0.05236
6.7247,106,-0.05236
6.7238,106,-0.05236
6.7229,106,-0.05236
6.722,106,-0.05236
6.721,106,-0.05236
6.7201,106,-0.05236
6.7192,106,-0.05236
6.7182,106,-0.05236
6.7173,106,-0.05236
6.7164,106,-0.05236
6.7155,106,-0.05236
6.7145,106,-0.05236
6.7136,106,-0.05236
6.7127,106,-0.05236
6.7117,106,-0.05236
6.7108,106,-0.05236
6.7098,106,-0.05236
6.7089,106,-0.05236
6.708,106,-0.05236
6.707,106,-0.05236
6.7061,106,-0.05236
6.7051,106,-0.05236
6.7042,106,-0.05236
6.7032,106,-0.05236
6.7023,106,-0.05236
6.7013,106,-0.05236
6.7004,106,-0.05236
6.6994,106,-0.05236
6.6985,106,-0.05236
6.6975,106,-0.05236
6.6966,106,-0.05236
6.6956,106,-0.05236
6.6946,106,-0.05236
6.6937,106,-0.05236
6.6927,106,-0.05236
6.6918,106,-0.05236
6.6908,106,-0.05236
6.6898,106,-0.05236
6.6889,106,-0.05236
6.6879,106,-0.05236
6.6869,106,-0.05236
6.686,106,-0.05236
6.685,106,-0.05236
6.684,106,-0.05236
6.6831,106,-0.05236
6.6821,106,-0.05236
6.6811,106,-0.05236
6.6801,106,-0.05236
6.6791,106,-0.05236
6.6782,106,-0.05236
6.6772,106,-0.05236
6.6762,106,-0.05236
6.6752,106,-0.05236
6.6742,106,-0.05236
6.6733,106,-0.05236
6.6723,106,-0.05236
6.6713,106,-0.05236
6.6703,106,-0.05236
6.6693,106,-0.05236
6.6683,106,-0.05236
6.6673,106,-0.05236
6.6663,106,-0.05236
6.6653,106,-0.05236
6.6644,106,-0.05236
6.6634,106,-0.05236
6.6624,106,-0.05236
6.6614,106,-0.05236
6.6604,106,-0.05236
6.6594,106,-0.05236
6.6584,106,-0.05236
6.6574,106,-0.05236
6.6564,106,-0.05236
6.6553,106,-0.05236
6.6543,106,-0.05236
6.6533,106,-0.05236
6.6523,106,-0.05236
6.6513,106,-0.05236
6.6503,106,-0.05236
6.6493,106,-0.05236
6.6483,106,-0.05236
6.6473,106,-0.05236
6.6463,106,-0.05236
6.6452,106,-0.05236
6.6442,106,-0.05236
6.6432,106,-0.05236
6.6422,106,-0.05236
6.6412,106,-0.05236
6.6401,106,-0.05236
6.6391,106,-0.05236
6.6381,106,-0.05236
6.6371,106,-0.05236
6.6361,106,-0.05236
6.635,106,-0.05236
6.634,106,-0.05236
6.633,106,-0.05236
6.6319,106,-0.05236
6.6309,106,-0.05236
6.6299,106,-0.05236
6.6288,106,-0.05236
6.6278,106,-0.05236
6.6268,106,-0.05236
6.6257,106,-0.05236
6.6247,106,-0.05236
6.6237,106,-0.05236
6.6226,106,-0.05236
6.6216,106,-0.05236
6.6205,106,-0.05236
6.6195,106,-0.05236
6.6185,106,-0.05236
6.6174,106,-0.05236
6.6164,106,-0.05236
6.6153,106,-0.05236
6.6143,106,-0.05236
6.6132,106,-0.05236
6.6122,106,-0.05236
6.6111,106,-0.05236
6.6101,106,-0.05236
6.609,106,-0.05236
6.608,106,-0.05236
6.6069,106,-0.05236
6.6059,106,-0.05236
6.6048,106,-0.05236
6.6038,106,-0.05236
6.6027,106,-0.05236
6.6016,106,-0.05236
6.6006,106,-0.05236
6.5995,106,-0.05236
6.5985,106,-0.05236
6.5974,106,-0.05236
6.5963,106,-0.05236
6.5953,106,-0.05236
6.5942,106,-0.05236
6.5931,106,-0.05236
6.5921,106,-0.05236
6.591,106,-0.05236
6.5899,106,-0.05236
6.5888,106,-0.05236
6.5878,106,-0.05236
6.5867,106,-0.05236
6.5856,106,-0.05236
6.5845,106,-0.05236
6.5835,106,-0.05236
6.5824,106,-0.05236
6.5813,106,-0.05236
6.5802,106,-0.05236
6.5792,106,-0.05236
6.5781,106,-0.05236
6.577,106,-0.05236
6.5759,106,-0.05236
6.5748,106,-0.05236
6.5737,106,-0.05236
6.5727,106,-0.05236
6.5716,106,-0.05236
6.5705,106,-0.05236
6.5694,106,-0.05236
6.5683,106,-0.05236
6.5672,106,-0.05236
6.5661,106,-0.05236
6.565,106,-0.05236
6.5639,106,-0.05236
6.5628,106,-0.05236
6.5617,106,-0.05236
6.5607,106,-0.05236
6.5596,106,-0.05236
6.5585,106,-0.05236
6.5574,106,-0.05236
6.5563,106,-0.05236
6.5552,106,-0.05236
6.5541,106,-0.05236
6.553,106,-0.05236
6.5518,106,-0.05236
6.5507,106,-0.05236
6.5496,106,-0.05236
6.5485,106,-0.05236
6.5474,106,-0.05236
6.5463,106,-0.05236
6.5452,106,-0.05236
6.5441,106,-0.05236
6.543,106,-0.05236
6.5419,106,-0.05236
6.5408,106,-0.05236
6.5396,106,-0.05236
6.5385,106,-0.05236
6.5374,106,-0.05236
6.5363,106,-0.05236
6.5352,106,-0.05236
6.5341,106,-0.05236
6.5329,106,-0.05236
6.5318,106,-0.05236
6.5307,106,-0.05236
6.5296,106,-0.05236
6.5285,106,-0.05236
6.5273,106,-0.05236
6.5262,106,-0.05236
6.5251,106,-0.05236
6.524,106,-0.05236
6.5228,106,-0.05236
6.5217,106,-0.05236
6.5206,106,-0.05236
6.5195,106,-0.05236
6.5183,106,-0.05236
6.5172,106,-0.05236
6.5161,106,-0.05236
6.5149,106,-0.05236
6.5138,106,-0.05236
6.5127,106,-0.05236
6.5115,106,-0.05236
6.5104,106,-0.05236
6.5093,106,-0.05236
6.5081,106,-0.05236
6.507,106,-0.05236
6.5058,106,-0.05236
6.5047,106,-0.05236
6.5036,106,-0.05236
6.5024,106,-0.05236
6.5013,106,-0.05236
6.5001,106,-0.05236
6.499,106,-0.05236
6.4978,106,-0.05236
6.4967,106,-0.05236
6.4955,106,-0.05236
6.4944,106,-0.05236
6.4932,106,-0.05236
6.4921,106,-0.05236
6.4909,106,-0.05236
6.4898,106,-0.05236
6.4886,106,-0.05236
6.4875,106,-0.05236
6.4863,106,-0.05236
6.4852,106,-0.05236
6.484,106,-0.05236
6.4829,106,-0.05236
6.4817,106,-0.05236
6.4806,106,-0.05236
6.4794,106,-0.05236
6.4782,106,-0.05236
6.4771,106,-0.05236
6.4759,106,-0.05236
6.4748,106,-0.05236
6.4736,106,-0.05236
6.4724,106,-0.05236
6.4713,106,-0.05236
6.4701,106,-0.05236
6.4689,106,-0.05236
6.4678,106,-0.05236
6.4666,106,-0.05236
6.4654,106,-0.05236
6.4643,106,-0.05236
6.4631,106,-0.05236
6.4619,106,-0.05236
6.4608,106,-0.05236
6.4596,106,-0.05236
6.4584,106,-0.05236
6.4572,106,-0.05236
6.4561,106,-0.05236
6.4549,106,-0.05236
6.4537,106,-0.05236
6.4525,106,-0.05236
6.4514,106,-0.05236
6.4502,106,-0.05236
6.449,106,-0.05236
6.4478,106,-0.05236
6.4466,106,-0.05236
6.4455,106,-0.05236
6.4443,106,-0.05236
6.4431,106,-0.05236
6.4419,106,-0.05236
6.4407,106,-0.05236
6.4395,106,-0.05236
6.4384,106,-0.05236
6.4372,106,-0.05236
6.436,106,-0.05236
6.4348,106,-0.05236
6.4336,106,-0.05236
6.4324,106,-0.05236
6.4312,106,-0.05236
6.43,106,-0.05236
6.4288,106,-0.05236
6.4276,106,-0.05236
6.4265,106,-0.05236
6.4253,106,-0.05236
6.4241,106,-0.05236
6.4229,106,-0.05236
6.4217,106,-0.05236
6.4205,106,-0.05236
6.4193,106,-0.05236
6.4181,106,-0.05236
6.4169,106,-0.05236
6.4157,106,-0.05236
6.4145,106,-0.05236
6.4133,106,-0.05236
6.4121,106,-0.05236
6.4109,106,-0.05236
6.4097,106,-0.05236
6.4085,106,-0.05236
6.4073,106,-0.05236
6.4061,106,-0.05236
6.4049,106,-0.05236
6.4037,106,-0.05236
6.4024,106,-0.05236
6.4012,106,-0.05236
6.4,106,-0.05236
6.3988,106,-0.05236
6.3976,106,-0.05236
6.3964,106,-0.05236
6.3952,106,-0.05236
6.394,106,-0.05236
6.3928,106,-0.05236
6.3915,106,-0.05236
6.3903,106,-0.05236
6.3891,106,-0.05236
6.3879,106,-0.05236
6.3867,106,-0.05236
6.3855,106,-0.05236
6.3843,106,-0.05236
6.383,106,-0.05236
6.3818,106,-0.05236
6.3806,106,-0.05236
6.3794,106,-0.05236
6.3782,106,-0.05236
6.3769,106,-0.05236
6.3757,106,-0.05236
6.3745,106,-0.05236
6.3733,106,-0.05236
6.372,106,-0.05236
6.3708,106,-0.05236
6.3696,106,-0.05236
6.3684,106,-0.05236
6.3671,106,-0.05236
6.3659,106,-0.05236
6.3647,106,-0.05236
6.3634,106,-0.05236
6.3622,106,-0.05236
6.361,106,-0.05236
6.3598,106,-0.05236
6.3585,106,-0.05236
6.3573,106,-0.05236
6.3561,106,-0.05236
6.3548,106,-0.05236
6.3536,106,-0.05236
6.3524,106,-0.05236
6.3511,106,-0.05236
6.3499,106,-0.05236
6.3487,106,-0.05236
6.3474,106,-0.05236
6.3462,106,-0.05236
6.3449,106,-0.05236
6.3437,106,-0.05236
6.3425,106,-0.05236
6.3412,106,-0.05236
6.34,106,-0.05236
6.3387,106,-0.05236
6.3375,106,-0.05236
6.3362,106,-0.05236
6.335,106,-0.05236
6.3338,106,-0.05236
6.3325,106,-0.05236
6.3313,106,-0.05236
6.33,106,-0.05236
6.3288,106,-0.05236
6.3275,106,-0.05236
6.3263,106,-0.05236
6.325,106,-0.05236
6.3238,106,-0.05236
6.3225,106,-0.05236
6.3213,106,-0.05236
6.32,106,-0.05236
6.3188,106,-0.05236
6.3175,106,-0.05236
6.3163,106,-0.05236
6.315,106,-0.05236
6.3138,106,-0.05236
6.3125,106,-0.05236
6.3113,106,-0.05236
6.31,106,-0.05236
6.3087,106,-0.05236
6.3075,106,-0.05236
6.3062,106,-0.05236
6.305,106,-0.05236
6.3037,106,-0.05236
6.3025,106,-0.05236
6.3012,106,-0.05236
6.2999,106,-0.05236
6.2987,106,-0.05236
6.2974,106,-0.05236
6.2961,106,-0.05236
6.2949,106,-0.05236
6.2936,106,-0.05236
6.2924,106,-0.05236
6.2911,106,-0.05236
6.2898,106,-0.05236
6.2886,106,-0.05236
6.2873,106,-0.05236
6.286,106,-0.05236
6.2848,106,-0.05236
6.2835,106,-0.05236
6.2822,106,-0.05236
6.2809,106,-0.05236
6.2797,106,-0.05236
6.2784,106,-0.05236
6.2771,106,-0.05236
6.2759,106,-0.05236
6.2746,106,-0.05236
6.2733,106,-0.05236
6.272,106,-0.05236
6.2708,106,-0.05236
6.2695,106,-0.05236
6.2682,106,-0.05236
6.2669,106,-0.05236
6.2657,106,-0.05236
6.2644,106,-0.05236
6.2631,106,-0.05236
6.2618,106,-0.05236
6.2606,106,-0.05236
6.2593,106,-0.05236
6.258,106,-0.05236
6.2567,106,-0.05236
6.2554,106,-0.05236
6.2542,106,-0.05236
6.2529,106,-0.05236
6.2516,106,-0.05236
6.2503,106,-0.05236
6.249,106,-0.05236
6.2477,106,-0.05236
6.2465,106,-0.05236
6.2452,106,-0.05236
6.2439,106,-0.05236
6.2426,106,-0.05236
6.2413,106,-0.05236
6.24,106,-0.05236
6.2387,106,-0.05236
6.2375,106,-0.05236
6.2362,106,-0.05236
6.2349,106,-0.05236
6.2336,106,-0.05236
6.2323,106,-0.05236
6.231,106,-0.05236
6.2297,106,-0.05236
6.2284,106,-0.05236
6.2271,106,-0.05236
6.2258,106,-0.05236
6.2245,106,-0.05236
6.2232,106,-0.05236
6.222,106,-0.05236
6.2207,106,-0.05236
6.2194,106,-0.05236
6.2181,106,-0.05236
6.2168,106,-0.05236
6.2155,106,-0.05236
6.2142,106,-0.05236
6.2129,106,-0.05236
6.2116,106,-0.05236
6.2103,106,-0.05236
6.209,106,-0.05236
6.2077,106,-0.05236
6.2064,106,-0.05236
6.2051,106,-0.05236
6.2038,106,-0.05236
6.2025,106,-0.05236
6.2012,106,-0.05236
6.1999,106,-0.05236
6.1986,106,-0.05236
6.1973,106,-0.05236
6.196,106,-0.05236
6.1946,106,-0.05236
6.1933,106,-0.05236
6.192,106,-0.05236
6.1907,106,-0.05236
6.1894,106,-0.05236
6.1881,106,-0.05236
6.1868,106,-0.05236
6.1855,106,-0.05236
6.1842,106,-0.05236
6.1829,106,-0.05236
6.1816,106,-0.05236
6.1803,106,-0.05236
6.1789,106,-0.05236
6.1776,106,-0.05236
6.1763,106,-0.05236
6.175,106,-0.05236
6.1737,106,-0.05236
6.1724,106,-0.05236
6.1711,106,-0.05236
6.1698,106,-0.05236
6.1684,106,-0.05236
6.1671,106,-0.05236
6.1658,106,-0.05236
6.1645,106,-0.05236
6.1632,106,-0.05236
6.1619,106,-0.05236
6.1605,106,-0.05236
6.1592,106,-0.05236
6.1579,106,-0.05236
6.1566,106,-0.05236
6.1553,106,-0.05236
6.1539,106,-0.05236
6.1526,106,-0.05236
6.1513,106,-0.05236
6.15,106,-0.05236
6.1487,106,-0.05236
6.1473,106,-0.05236
6.146,106,-0.05236
6.1447,106,-0.05236
6.1434,106,-0.05236
6.142,106,-0.05236
6.1407,106,-0.05236
6.1394,106,-0.05236
6.1381,106,-0.05236
6.1367,106,-0.05236
6.1354,106,-0.05236
6.1341,106,-0.05236
6.1328,106,-0.05236
6.1314,106,-0.05236
6.1301,106,-0.05236
6.1288,106,-0.05236
6.1274,106,-0.05236
6.1261,106,-0.05236
6.1248,106,-0.05236
6.1234,106,-0.05236
6.1221,106,-0.05236
6.1208,106,-0.05236
6.1194,106,-0.05236
6.1181,106,-0.05236
6.1168,106,-0.05236
6.1155,106,-0.05236
6.1141,106,-0.05236
6.1128,106,-0.05236
6.1114,106,-0.05236
6.1101,106,-0.05236
6.1088,106,-0.05236
6.1074,106,-0.05236
6.1061,106,-0.05236
6.1048,106,-0.05236
6.1034,106,-0.05236
6.1021,106,-0.05236
6.1008,106,-0.05236
6.0994,106,-0.05236
6.0981,106,-0.05236
6.0967,106,-0.05236
6.0954,106,-0.05236
6.0941,106,-0.05236
6.0927,106,-0.05236
6.0914,106,-0.05236
6.09,106,-0.05236
6.0887,106,-0.05236
6.0873,106,-0.05236
6.086,106,-0.05236
6.0847,106,-0.05236
6.0833,106,-0.05236
6.082,106,-0.05236
6.0806,106,-0.05236
6.0793,106,-0.05236
6.0779,106,-0.05236
6.0766,106,-0.05236
6.0752,106,-0.05236
6.0739,106,-0.05236
6.0726,106,-0.05236
6.0712,106,-0.05236
6.0699,106,-0.05236
6.0685,106,-0.05236
6.0672,106,-0.05236
6.0658,106,-0.05236
6.0645,106,-0.05236
6.0631,106,-0.05236
6.0618,106,-0.05236
6.0604,106,-0.05236
6.0591,106,-0.05236
6.0577,106,-0.05236
6.0564,106,-0.05236
6.055,106,-0.05236
6.0537,106,-0.05236
6.0523,106,-0.05236
6.0509,106,-0.05236
6.0496,106,-0.05236
6.0482,106,-0.05236
6.0469,106,-0.05236
6.0455,106,-0.05236
6.0442,106,-0.05236
6.0428,106,-0.05236
6.0415,106,-0.05236
6.0401,106,-0.05236
6.0387,106,-0.05236
6.0374,106,-0.05236
6.036,106,-0.05236
6.0347,106,-0.05236
6.0333,106,-0.05236
6.032,106,-0.05236
6.0306,106,-0.05236
6.0292,106,-0.05236
6.0279,106,-0.05236
6.0265,106,-0.05236
6.0252,106,-0.05236
6.0238,106,-0.05236
6.0224,106,-0.05236
6.0211,106,-0.05236
6.0197,106,-0.05236
6.0183,106,-0.05236
6.017,106,-0.05236
6.0156,106,-0.05236
6.0143,106,-0.05236
6.0129,106,-0.05236
6.0115,106,-0.05236
6.0102,106,-0.05236
6.0088,106,-0.05236
6.0074,106,-0.05236
6.0061,106,-0.05236
6.0047,106,-0.05236
6.0033,106,-0.05236
6.002,106,-0.05236
6.0006,106,-0.05236
5.9992,106,-0.05236
5.9979,106,-0.05236
5.9965,106,-0.05236
5.9951,106,-0.05236
5.9938,106,-0.05236
5.9924,106,-0.05236
5.991,106,-0.05236
5.9896,106,-0.05236
5.9883,106,-0.05236
5.9869,106,-0.05236
5.9855,106,-0.05236
5.9842,106,-0.05236
5.9828,106,-0.05236
5.9814,106,-0.05236
5.98,106,-0.05236
5.9787,106,-0.05236
5.9773,106,-0.05236
5.9759,106,-0.05236
5.9746,106,-0.05236
5.9732,106,-0.05236
5.9718,106,-0.05236
5.9704,106,-0.05236
5.9691,106,-0.05236
5.9677,106,-0.05236
5.9663,106,-0.05236
5.9649,106,-0.05236
5.9635,106,-0.05236
5.9622,106,-0.05236
5.9608,106,-0.05236
5.9594,106,-0.05236
5.958,106,-0.05236
5.9567,106,-0.05236
5.9553,106,-0.05236
5.9539,106,-0.05236
5.9525,106,-0.05236
5.9511,106,-0.05236
5.9498,106,-0.05236
5.9484,106,-0.05236
5.947,106,-0.05236
5.9456,106,-0.05236
5.9442,106,-0.05236
5.9429,106,-0.05236
5.9415,106,-0.05236
5.9401,106,-0.05236
5.9387,106,-0.05236
5.9373,106,-0.05236
5.9359,106,-0.05236
5.9346,106,-0.05236
5.9332,106,-0.05236
5.9318,106,-0.05236
5.9304,106,-0.05236
5.929,106,-0.05236
5.9276,106,-0.05236
5.9262,106,-0.05236
5.9249,106,-0.05236
5.9235,106,-0.05236
5.9221,106,-0.05236
5.9207,106,-0.05236
5.9193,106,-0.05236
5.9179,106,-0.05236
5.9165,106,-0.05236
5.9151,106,-0.05236
5.9138,106,-0.05236
5.9124,106,-0.05236
5.911,106,-0.05236
5.9096,106,-0.05236
5.9082,106,-0.05236
5.9068,106,-0.05236
5.9054,106,-0.05236
5.904,106,-0.05236
5.9026,106,-0.05236
5.9012,106,-0.05236
5.8999,106,-0.05236
5.8985,106,-0.05236
5.8971,106,-0.05236
5.8957,106,-0.05236
5.8943,106,-0.05236
5.8929,106,-0.05236
5.8915,106,-0.05236
5.8901,106,-0.05236
5.8887,106,-0.05236
5.8873,106,-0.05236
5.8859,106,-0.05236
5.8845,106,-0.05236
5.8831,106,-0.05236
5.8817,106,-0.05236
5.8803,106,-0.05236
5.8789,106,-0.05236
5.8776,106,-0.05236
5.8762,106,-0.05236
5.8748,106,-0.05236
5.8734,106,-0.05236
5.872,106,-0.05236
5.8706,106,-0.05236
5.8692,106,-0.05236
5.8678,106,-0.05236
5.8664,106,-0.05236
5.865,106,-0.05236
5.8636,106,-0.05236
5.8622,106,-0.05236
5.8608,106,-0.05236
5.8594,106,-0.05236
5.858,106,-0.05236
5.8566,106,-0.05236
5.8552,106,-0.05236
5.8538,106,-0.05236
5.8524,106,-0.05236
5.851,106,-0.05236
5.8496,106,-0.05236
5.8482,106,-0.05236
5.8468,106,-0.05236
5.8454,106,-0.05236
5.844,106,-0.05236
5.8426,106,-0.05236
5.8412,106,-0.05236
5.8397,106,-0.05236
5.8383,106,-0.05236
5.8369,106,-0.05236
5.8355,106,-0.05236
5.8341,106,-0.05236
5.8327,106,-0.05236
5.8313,106,-0.05236
5.8299,106,-0.05236
5.8285,106,-0.05236
5.8271,106,-0.05236
5.8257,106,-0.05236
5.8243,106,-0.05236
5.8229,106,-0.05236
5.8215,106,-0.05236
5.8201,106,-0.05236
5.8187,106,-0.05236
5.8173,106,-0.05236
5.8158,106,-0.05236
5.8144,106,-0.05236
5.813,106,-0.05236
5.8116,106,-0.05236
5.8102,106,-0.05236
5.8088,106,-0.05236
5.8074,106,-0.05236
5.806,106,-0.05236
5.8046,106,-0.05236
5.8032,106,-0.05236
5.8018,106,-0.05236
5.8003,106,-0.05236
5.7989,106,-0.05236
5.7975,106,-0.05236
5.7961,106,-0.05236
5.7947,106,-0.05236
5.7933,106,-0.05236
5.7919,106,-0.05236
5.7905,106,-0.05236
5.7891,106,-0.05236
5.7876,106,-0.05236
5.7862,106,-0.05236
5.7848,106,-0.05236
5.7834,106,-0.05236
5.782,106,-0.05236
5.7806,106,-0.05236
5.7792,106,-0.05236
5.7777,106,-0.05236
5.7763,106,-0.05236
5.7749,106,-0.05236
5.7735,106,-0.05236
5.7721,106,-0.05236
5.7707,106,-0.05236
5.7693,106,-0.05236
5.7678,106,-0.05236
5.7664,106,-0.05236
5.765,106,-0.05236
5.7636,106,-0.05236
5.7622,106,-0.05236
5.7608,106,-0.05236
5.7593,106,-0.05236
5.7579,106,-0.05236
5.7565,106,-0.05236
5.7551,106,-0.05236
5.7537,106,-0.05236
5.7522,106,-0.05236
5.7508,106,-0.05236
5.7494,106,-0.05236
5.748,106,-0.05236
5.7466,106,-0.05236
5.7452,106,-0.05236
5.7437,106,-0.05236
5.7423,106,-0.05236
5.7409,106,-0.05236
5.7395,106,-0.05236
5.7381,106,-0.05236
5.7366,106,-0.05236
5.7352,106,-0.05236
5.7338,106,-0.05236
5.7324,106,-0.05236
5.7309,106,-0.05236
5.7295,106,-0.05236
5.7281,106,-0.05236
5.7267,106,-0.05236
5.7253,106,-0.05236
5.7238,106,-0.05236
5.7224,106,-0.05236
5.721,106,-0.05236
5.7196,106,-0.05236
5.7181,106,-0.05236
5.7167,106,-0.05236
5.7153,106,-0.05236
5.7139,106,-0.05236
5.7125,106,-0.05236
5.711,106,-0.05236
5.7096,106,-0.05236
5.7082,106,-0.05236
5.7068,106,-0.05236
5.7053,106,-0.05236
5.7039,106,-0.05236
5.7025,106,-0.05236
5.7011,106,-0.05236
5.6996,106,-0.05236
5.6982,106,-0.05236
5.6968,106,-0.05236
5.6954,106,-0.05236
5.6939,106,-0.05236
5.6925,106,-0.05236
5.6911,106,-0.05236
5.6896,106,-0.05236
5.6882,106,-0.05236
5.6868,106,-0.05236
5.6854,106,-0.05236
5.6839,106,-0.05236
5.6825,106,-0.05236
5.6811,106,-0.05236
5.6797,106,-0.05236
5.6782,106,-0.05236
5.6768,106,-0.05236
5.6754,106,-0.05236
5.6739,106,-0.05236
5.6725,106,-0.05236
5.6711,106,-0.05236
5.6697,106,-0.05236
5.6682,106,-0.05236
5.6668,106,-0.05236
5.6654,106,-0.05236
5.6639,106,-0.05236
5.6625,106,-0.05236
5.6611,106,-0.05236
5.6596,106,-0.05236
5.6582,106,-0.05236
5.6568,106,-0.05236
5.6554,106,-0.05236
5.6539,106,-0.05236
5.6525,106,-0.05236
5.6511,106,-0.05236
5.6496,106,-0.05236
5.6482,106,-0.05236
5.6468,106,-0.05236
5.6453,106,-0.05236
5.6439,106,-0.05236
5.6425,106,-0.05236
5.641,106,-0.05236
5.6396,106,-0.05236
5.6382,106,-0.05236
5.6367,106,-0.05236
5.6353,106,-0.05236
5.6339,106,-0.05236
5.6324,106,-0.05236
5.631,106,-0.05236
5.6296,106,-0.05236
5.6281,106,-0.05236
5.6267,106,-0.05236
5.6253,106,-0.05236
5.6238,106,-0.05236
5.6224,106,-0.05236
5.621,106,-0.05236
5.6195,106,-0.05236
5.6181,106,-0.05236
5.6167,106,-0.05236
5.6152,106,-0.05236
5.6138,106,-0.05236
5.6124,106,-0.05236
5.6109,106,-0.05236
5.6095,106,-0.05236
5.6081,106,-0.05236
5.6066,106,-0.05236
5.6052,106,-0.05236
5.6037,106,-0.05236
5.6023,106,-0.05236
5.6009,106,-0.05236
5.5994,106,-0.05236
5.598,106,-0.05236
5.5966,106,-0.05236
5.5951,106,-0.05236
5.5937,106,-0.05236
5.5923,106,-0.05236
5.5908,106,-0.05236
5.5894,106,-0.05236
5.5879,106,-0.05236
5.5865,106,-0.05236
5.5851,106,-0.05236
5.5836,106,-0.05236
5.5822,106,-0.05236
5.5808,106,-0.05236
5.5793,106,-0.05236
5.5779,106,-0.05236
5.5764,106,-0.05236
5.575,106,-0.05236
5.5736,106,-0.05236
5.5721,106,-0.05236
5.5707,106,-0.05236
5.5692,106,-0.05236
5.5678,106,-0.05236
5.5664,106,-0.05236
5.5649,106,-0.05236
5.5635,106,-0.05236
5.5621,106,-0.05236
5.5606,106,-0.05236
5.5592,106,-0.05236
5.5577,106,-0.05236
5.5563,106,-0.05236
5.5549,106,-0.05236
5.5534,106,-0.05236
5.552,106,-0.05236
5.5505,106,-0.05236
5.5491,106,-0.05236
5.5477,106,-0.05236
5.5462,106,-0.05236
5.5448,106,-0.05236
5.5433,106,-0.05236
5.5419,106,-0.05236
5.5404,106,-0.05236
5.539,106,-0.05236
5.5376,106,-0.05236
5.5361,106,-0.05236
5.5347,106,-0.05236
5.5332,106,-0.05236
5.5318,106,-0.05236
5.5304,106,-0.05236
5.5289,106,-0.05236
5.5275,106,-0.05236
5.526,106,-0.05236
5.5246,106,-0.05236
5.5231,106,-0.05236
5.5217,106,-0.05236
5.5203,106,-0.05236
5.5188,106,-0.05236
5.5174,106,-0.05236
5.5159,106,-0.05236
5.5145,106,-0.05236
5.5131,106,-0.05236
5.5116,106,-0.05236
5.5102,106,-0.05236
5.5087,106,-0.05236
5.5073,106,-0.05236
5.5058,106,-0.05236
5.5044,106,-0.05236
5.503,106,-0.05236
5.5015,106,-0.05236
5.5001,106,-0.05236
5.4986,106,-0.05236
5.4972,106,-0.05236
5.4957,106,-0.05236
5.4943,106,-0.05236
5.4928,106,-0.05236
5.4914,106,-0.05236
5.49,106,-0.05236
5.4885,106,-0.05236
5.4871,106,-0.05236
5.4856,106,-0.05236
5.4842,106,-0.05236
5.4827,106,-0.05236
5.4813,106,-0.05236
5.4798,106,-0.05236
5.4784,106,-0.05236
5.477,106,-0.05236
5.4755,106,-0.05236
5.4741,106,-0.05236
5.4726,106,-0.05236
5.4712,106,-0.05236
5.4697,106,-0.05236
5.4683,106,-0.05236
5.4668,106,-0.05236
5.4654,106,-0.05236
5.464,106,-0.05236
5.4625,106,-0.05236
5.4611,106,-0.05236
5.4596,106,-0.05236
5.4582,106,-0.05236
5.4567,106,-0.05236
5.4553,106,-0.05236
5.4538,106,-0.05236
5.4524,106,-0.05236
5.4509,106,-0.05236
5.4495,106,-0.05236
5.4481,106,-0.05236
5.4466,106,-0.05236
5.4452,106,-0.05236
5.4437,106,-0.05236
5.4423,106,-0.05236
5.4408,106,-0.05236
5.4394,106,-0.05236
5.4379,106,-0.05236
5.4365,106,-0.05236
5.435,106,-0.05236
5.4336,106,-0.05236
5.4321,106,-0.05236
5.4307,106,-0.05236
5.4293,106,-0.05236
5.4278,106,-0.05236
5.4264,106,-0.05236
5.4249,106,-0.05236
5.4235,106,-0.05236
5.422,106,-0.05236
5.4206,106,-0.05236
5.4191,106,-0.05236
5.4177,106,-0.05236
5.4162,106,-0.05236
5.4148,106,-0.05236
5.4133,106,-0.05236
5.4119,106,-0.05236
5.4104,106,-0.05236
5.409,106,-0.05236
5.4076,106,-0.05236
5.4061,106,-0.05236
5.4047,106,-0.05236
5.4032,106,-0.05236
5.4018,106,-0.05236
5.4003,106,-0.05236
5.3989,106,-0.05236
5.3974,106,-0.05236
5.396,106,-0.05236
5.3945,106,-0.05236
5.3931,106,-0.05236
5.3916,106,-0.05236
5.3902,106,-0.05236
5.3887,106,-0.05236
5.3873,106,-0.05236
5.3858,106,-0.05236
5.3844,106,-0.05236
5.3829,106,-0.05236
5.3815,106,-0.05236
5.38,106,-0.05236
5.3786,106,-0.05236
5.3772,106,-0.05236
5.3757,106,-0.05236
5.3743,106,-0.05236
5.3728,106,-0.05236
5.3714,106,-0.05236
5.3699,106,-0.05236
5.3685,106,-0.05236
5.367,106,-0.05236
5.3656,106,-0.05236
5.3641,106,-0.05236
5.3627,106,-0.05236
5.3612,106,-0.05236
5.3598,106,-0.05236
5.3583,106,-0.05236
5.3569,106,-0.05236
5.3554,106,-0.05236
5.354,106,-0.05236
5.3525,106,-0.05236
5.3511,106,-0.05236
5.3496,106,-0.05236
5.3482,106,-0.05236
5.3467,106,-0.05236
5.3453,106,-0.05236
5.3438,106,-0.05236
5.3424,106,-0.05236
5.341,106,-0.05236
5.3395,106,-0.05236
5.3381,106,-0.05236
5.3366,106,-0.05236
5.3352,106,-0.05236
5.3337,106,-0.05236
5.3323,106,-0.05236
5.3308,106,-0.05236
5.3294,106,-0.05236
5.3279,106,-0.05236
5.3265,106,-0.05236
5.325,106,-0.05236
5.3236,106,-0.05236
5.3221,106,-0.05236
5.3207,106,-0.05236
5.3192,106,-0.05236
5.3178,106,-0.05236
5.3163,106,-0.05236
5.3149,106,-0.05236
5.3134,106,-0.05236
5.312,106,-0.05236
5.3105,106,-0.05236
5.3091,106,-0.05236
5.3076,106,-0.05236
5.3062,106,-0.05236
5.3047,106,-0.05236
5.3033,106,-0.05236
5.3018,106,-0.05236
5.3004,106,-0.05236
5.2989,106,-0.05236
5.2975,106,-0.05236
5.2961,106,-0.05236
5.2946,106,-0.05236
5.2932,106,-0.05236
5.2917,106,-0.05236
5.2903,106,-0.05236
5.2888,106,-0.05236
5.2874,106,-0.05236
5.2859,106,-0.05236
5.2845,106,-0.05236
5.283,106,-0.05236
5.2816,106,-0.05236
5.2801,106,-0.05236
5.2787,106,-0.05236
5.2772,106,-0.05236
5.2758,106,-0.05236
5.2743,106,-0.05236
5.2729,106,-0.05236
5.2714,106,-0.05236
5.27,106,-0.05236
5.2685,106,-0.05236
5.2671,106,-0.05236
5.2656,106,-0.05236
5.2642,106,-0.05236
5.2627,106,-0.05236
5.2613,106,-0.05236
5.2598,106,-0.05236
5.2584,106,-0.05236
5.257,106,-0.05236
5.2555,106,-0.05236
5.2541,106,-0.05236
5.2526,106,-0.05236
5.2512,106,-0.05236
5.2497,106,-0.05236
5.2483,106,-0.05236
5.2468,106,-0.05236
5.2454,106,-0.05236
5.2439,106,-0.05236
5.2425,106,-0.05236
5.241,106,-0.05236
5.2396,106,-0.05236
5.2381,106,-0.05236
5.2367,106,-0.05236
5.2352,106,-0.05236
5.2338,106,-0.05236
5.2323,106,-0.05236
5.2309,106,-0.05236
5.2294,106,-0.05236
5.228,106,-0.05236
5.2265,106,-0.05236
5.2251,106,-0.05236
5.2237,106,-0.05236
5.2222,106,-0.05236
5.2208,106,-0.05236
5.2193,106,-0.05236
5.2179,106,-0.05236
5.2164,106,-0.05236
5.215,106,-0.05236
5.2135,106,-0.05236
5.2121,106,-0.05236
5.2106,106,-0.05236
5.2092,106,-0.05236
5.2077,106,-0.05236
5.2063,106,-0.05236
5.2048,106,-0.05236
5.2034,106,-0.05236
5.2019,106,-0.05236
5.2005,106,-0.05236
5.1991,106,-0.05236
5.1976,106,-0.05236
5.1962,106,-0.05236
5.1947,106,-0.05236
5.1933,106,-0.05236
5.1918,106,-0.05236
5.1904,106,-0.05236
5.1889,106,-0.05236
5.1875,106,-0.05236
5.186,106,-0.05236
5.1846,106,-0.05236
5.1831,106,-0.05236
5.1817,106,-0.05236
5.1802,106,-0.05236
5.1788,106,-0.05236
5.1774,106,-0.05236
5.1759,106,-0.05236
5.1745,106,-0.05236
5.173,106,-0.05236
5.1716,106,-0.05236
5.1701,106,-0.05236
5.1687,106,-0.05236
5.1672,106,-0.05236
5.1658,106,-0.05236
5.1643,106,-0.05236
5.1629,106,-0.05236
5.1614,106,-0.05236
5.16,106,-0.05236
5.1586,106,-0.05236
5.1571,106,-0.05236
5.1557,106,-0.05236
5.1542,106,-0.05236
5.1528,106,-0.05236
5.1513,106,-0.05236
5.1499,106,-0.05236
5.1484,106,-0.05236
5.147,106,-0.05236
5.1455,106,-0.05236
5.1441,106,-0.05236
5.1427,106,-0.05236
5.1412,106,-0.05236
5.1398,106,-0.05236
5.1383,106,-0.05236
5.1369,106,-0.05236
5.1354,106,-0.05236
5.134,106,-0.05236
5.1325,106,-0.05236
5.1311,106,-0.05236
5.1297,106,-0.05236
5.1282,106,-0.05236
5.1268,106,-0.05236
5.1253,106,-0.05236
5.1239,106,-0.05236
5.1224,106,-0.05236
5.121,106,-0.05236
5.1195,106,-0.05236
5.1181,106,-0.05236
5.1167,106,-0.05236
5.1152,106,-0.05236
5.1138,106,-0.05236
5.1123,106,-0.05236
5.1109,106,-0.05236
5.1094,106,-0.05236
5.108,106,-0.05236
5.1066,106,-0.05236
5.1051,106,-0.05236
5.1037,106,-0.05236
5.1022,106,-0.05236
5.1008,106,-0.05236
5.0993,106,-0.05236
5.0979,106,-0.05236
5.0964,106,-0.05236
5.095,106,-0.05236
5.0936,106,-0.05236
5.0921,106,-0.05236
5.0907,106,-0.05236
5.0892,106,-0.05236
5.0878,106,-0.05236
5.0863,106,-0.05236
5.0849,106,-0.05236
5.0835,106,-0.05236
5.082,106,-0.05236
5.0806,106,-0.05236
5.0791,106,-0.05236
5.0777,106,-0.05236
5.0763,106,-0.05236
5.0748,106,-0.05236
5.0734,106,-0.05236
5.0719,106,-0.05236
5.0705,106,-0.05236
5.069,106,-0.05236
5.0676,106,-0.05236
5.0662,106,-0.05236
5.0647,106,-0.05236
5.0633,106,-0.05236
5.0618,106,-0.05236
5.0604,106,-0.05236
5.059,106,-0.05236
5.0575,106,-0.05236
5.0561,106,-0.05236
5.0546,106,-0.05236
5.0532,106,-0.05236
5.0517,106,-0.05236
5.0503,106,-0.05236
5.0489,106,-0.05236
5.0474,106,-0.05236
5.046,106,-0.05236
5.0445,106,-0.05236
5.0431,106,-0.05236
5.0417,106,-0.05236
5.0402,106,-0.05236
5.0388,106,-0.05236
5.0373,106,-0.05236
5.0359,106,-0.05236
5.0345,106,-0.05236
5.033,106,-0.05236
5.0316,106,-0.05236
5.0301,106,-0.05236
5.0287,106,-0.05236
5.0273,106,-0.05236
5.0258,106,-0.05236
5.0244,106,-0.05236
5.0229,106,-0.05236
5.0215,106,-0.05236
5.0201,106,-0.05236
5.0186,106,-0.05236
5.0172,106,-0.05236
5.0158,106,-0.05236
5.0143,106,-0.05236
5.0129,106,-0.05236
5.0114,106,-0.05236
5.01,106,-0.05236
5.0086,106,-0.05236
5.0071,106,-0.05236
5.0057,106,-0.05236
5.0042,106,-0.05236
5.0028,106,-0.05236
5.0014,106,-0.05236
4.9999,106,-0.05236
4.9985,106,-0.05236
4.9971,106,-0.05236
4.9956,106,-0.05236
4.9942,106,-0.05236
4.9927,106,-0.05236
4.9913,106,-0.05236
4.9899,106,-0.05236
4.9884,106,-0.05236
4.987,106,-0.05236
4.9856,106,-0.05236
4.9841,106,-0.05236
4.9827,106,-0.05236
4.9813,106,-0.05236
4.9798,106,-0.05236
4.9784,106,-0.05236
4.9769,106,-0.05236
4.9755,106,-0.05236
4.9741,106,-0.05236
4.9726,106,-0.05236
4.9712,106,-0.05236
4.9698,106,-0.05236
4.9683,106,-0.05236
4.9669,106,-0.05236
4.9655,106,-0.05236
4.964,106,-0.05236
4.9626,106,-0.05236
4.9612,106,-0.05236
4.9597,106,-0.05236
4.9583,106,-0.05236
4.9569,106,-0.05236
4.9554,106,-0.05236
4.954,106,-0.05236
4.9525,106,-0.05236
4.9511,106,-0.05236
4.9497,106,-0.05236
4.9482,106,-0.05236
4.9468,106,-0.05236
4.9454,106,-0.05236
4.9439,106,-0.05236
4.9425,106,-0.05236
4.9411,106,-0.05236
4.9396,106,-0.05236
4.9382,106,-0.05236
4.9368,106,-0.05236
4.9353,106,-0.05236
4.9339,106,-0.05236
4.9325,106,-0.05236
4.931,106,-0.05236
4.9296,106,-0.05236
4.9282,106,-0.05236
4.9267,106,-0.05236
4.9253,106,-0.05236
4.9239,106,-0.05236
4.9225,106,-0.05236
4.921,106,-0.05236
4.9196,106,-0.05236
4.9182,106,-0.05236
4.9167,106,-0.05236
4.9153,106,-0.05236
4.9139,106,-0.05236
4.9124,106,-0.05236
4.911,106,-0.05236
4.9096,106,-0.05236
4.9081,106,-0.05236
4.9067,106,-0.05236
4.9053,106,-0.05236
4.9038,106,-0.05236
4.9024,106,-0.05236
4.901,106,-0.05236
4.8996,106,-0.05236
4.8981,106,-0.05236
4.8967,106,-0.05236
4.8953,106,-0.05236
4.8938,106,-0.05236
4.8924,106,-0.05236
4.891,106,-0.05236
4.8895,106,-0.05236
4.8881,106,-0.05236
4.8867,106,-0.05236
4.8853,106,-0.05236
4.8838,106,-0.05236
4.8824,106,-0.05236
4.881,106,-0.05236
4.8795,106,-0.05236
4.8781,106,-0.05236
4.8767,106,-0.05236
4.8753,106,-0.05236
4.8738,106,-0.05236
4.8724,106,-0.05236
4.871,106,-0.05236
4.8695,106,-0.05236
4.8681,106,-0.05236
4.8667,106,-0.05236
4.8653,106,-0.05236
4.8638,106,-0.05236
4.8624,106,-0.05236
4.861,106,-0.05236
4.8596,106,-0.05236
4.8581,106,-0.05236
4.8567,106,-0.05236
4.8553,106,-0.05236
4.8539,106,-0.05236
4.8524,106,-0.05236
4.851,106,-0.05236
4.8496,106,-0.05236
4.8481,106,-0.05236
4.8467,106,-0.05236
4.8453,106,-0.05236
4.8439,106,-0.05236
4.8424,106,-0.05236
4.841,106,-0.05236
4.8396,106,-0.05236
4.8382,106,-0.05236
4.8367,106,-0.05236
4.8353,106,-0.05236
4.8339,106,-0.05236
4.8325,106,-0.05236
4.831,106,-0.05236
4.8296,106,-0.05236
4.8282,106,-0.05236
4.8268,106,-0.05236
4.8254,106,-0.05236
4.8239,106,-0.05236
4.8225,106,-0.05236
4.8211,106,-0.05236
4.8197,106,-0.05236
4.8182,106,-0.05236
4.8168,106,-0.05236
4.8154,106,-0.05236
4.814,106,-0.05236
4.8125,106,-0.05236
4.8111,106,-0.05236
4.8097,106,-0.05236
4.8083,106,-0.05236
4.8069,106,-0.05236
4.8054,106,-0.05236
4.804,106,-0.05236
4.8026,106,-0.05236
4.8012,106,-0.05236
4.7997,106,-0.05236
4.7983,106,-0.05236
4.7969,106,-0.05236
4.7955,106,-0.05236
4.7941,106,-0.05236
4.7926,106,-0.05236
4.7912,106,-0.05236
4.7898,106,-0.05236
4.7884,106,-0.05236
4.787,106,-0.05236
4.7855,106,-0.05236
4.7841,106,-0.05236
4.7827,106,-0.05236
4.7813,106,-0.05236
4.7799,106,-0.05236
4.7784,106,-0.05236
4.777,106,-0.05236
4.7756,106,-0.05236
4.7742,106,-0.05236
4.7728,106,-0.05236
4.7714,106,-0.05236
4.7699,106,-0.05236
4.7685,106,-0.05236
4.7671,106,-0.05236
4.7657,106,-0.05236
4.7643,106,-0.05236
4.7628,106,-0.05236
4.7614,106,-0.05236
4.76,106,-0.05236
4.7586,106,-0.05236
4.7572,106,-0.05236
4.7558,106,-0.05236
4.7543,106,-0.05236
4.7529,106,-0.05236
4.7515,106,-0.05236
4.7501,106,-0.05236
4.7487,106,-0.05236
4.7473,106,-0.05236
4.7458,106,-0.05236
4.7444,106,-0.05236
4.743,106,-0.05236
4.7416,106,-0.05236
4.7402,106,-0.05236
4.7388,106,-0.05236
4.7374,106,-0.05236
4.7359,106,-0.05236
4.7345,106,-0.05236
4.7331,106,-0.05236
4.7317,106,-0.05236
4.7303,106,-0.05236
4.7289,106,-0.05236
4.7275,106,-0.05236
4.726,106,-0.05236
4.7246,106,-0.05236
4.7232,106,-0.05236
4.7218,106,-0.05236
4.7204,106,-0.05236
4.719,106,-0.05236
4.7176,106,-0.05236
4.7162,106,-0.05236
4.7147,106,-0.05236
4.7133,106,-0.05236
4.7119,106,-0.05236
4.7105,106,-0.05236
4.7091,106,-0.05236
4.7077,106,-0.05236
4.7063,106,-0.05236
4.7049,106,-0.05236
4.7035,106,-0.05236
4.702,106,-0.05236
4.7006,106,-0.05236
4.6992,106,-0.05236
4.6978,106,-0.05236
4.6964,106,-0.05236
4.695,106,-0.05236
4.6936,106,-0.05236
4.6922,106,-0.05236
4.6908,106,-0.05236
4.6894,106,-0.05236
4.6879,106,-0.05236
4.6865,106,-0.05236
4.6851,106,-0.05236
4.6837,106,-0.05236
4.6823,106,-0.05236
4.6809,106,-0.05236
4.6795,106,-0.05236
4.6781,106,-0.05236
4.6767,106,-0.05236
4.6753,106,-0.05236
4.6739,106,-0.05236
4.6725,106,-0.05236
4.671,106,-0.05236
4.6696,106,-0.05236
4.6682,106,-0.05236
4.6668,106,-0.05236
4.6654,106,-0.05236
4.664,106,-0.05236
4.6626,106,-0.05236
4.6612,106,-0.05236
4.6598,106,-0.05236
4.6584,106,-0.05236
4.657,106,-0.05236
4.6556,106,-0.05236
4.6542,106,-0.05236
4.6528,106,-0.05236
4.6514,106,-0.05236
4.65,106,-0.05236
4.6486,106,-0.05236
4.6471,106,-0.05236
4.6457,106,-0.05236
4.6443,106,-0.05236
4.6429,106,-0.05236
4.6415,106,-0.05236
4.6401,106,-0.05236
4.6387,106,-0.05236
4.6373,106,-0.05236
4.6359,106,-0.05236
4.6345,106,-0.05236
4.6331,106,-0.05236
4.6317,106,-0.05236
4.6303,106,-0.05236
4.6289,106,-0.05236
4.6275,106,-0.05236
4.6261,106,-0.05236
4.6247,106,-0.05236
4.6233,106,-0.05236
4.6219,106,-0.05236
4.6205,106,-0.05236
4.6191,106,-0.05236
4.6177,106,-0.05236
4.6163,106,-0.05236
4.6149,106,-0.05236
4.6135,106,-0.05236
4.6121,106,-0.05236
4.6107,106,-0.05236
4.6093,106,-0.05236
4.6079,106,-0.05236
4.6065,106,-0.05236
4.6051,106,-0.05236
4.6037,106,-0.05236
4.6023,106,-0.05236
4.6009,106,-0.05236
4.5995,106,-0.05236
4.5981,106,-0.05236
4.5967,106,-0.05236
4.5953,106,-0.05236
4.5939,106,-0.05236
4.5925,106,-0.05236
4.5911,106,-0.05236
4.5897,106,-0.05236
4.5883,106,-0.05236
4.5869,106,-0.05236
4.5855,106,-0.05236
4.5841,106,-0.05236
4.5827,106,-0.05236
4.5813,106,-0.05236
4.5799,106,-0.05236
4.5786,106,-0.05236
4.5772,106,-0.05236
4.5758,106,-0.05236
4.5744,106,-0.05236
4.573,106,-0.05236
4.5716,106,-0.05236
4.5702,106,-0.05236
4.5688,106,-0.05236
4.5674,106,-0.05236
4.566,106,-0.05236
4.5646,106,-0.05236
4.5632,106,-0.05236
4.5618,106,-0.05236
4.5604,106,-0.05236
4.559,106,-0.05236
4.5576,106,-0.05236
4.5562,106,-0.05236
4.5549,106,-0.05236
4.5535,106,-0.05236
4.5521,106,-0.05236
4.5507,106,-0.05236
4.5493,106,-0.05236
4.5479,106,-0.05236
4.5465,106,-0.05236
4.5451,106,-0.05236
4.5437,106,-0.05236
4.5423,106,-0.05236
4.5409,106,-0.05236
4.5396,106,-0.05236
4.5382,106,-0.05236
4.5368,106,-0.05236
4.5354,106,-0.05236
4.534,106,-0.05236
4.5326,106,-0.05236
4.5312,106,-0.05236
4.5298,106,-0.05236
4.5284,106,-0.05236
4.527,106,-0.05236
4.5257,106,-0.05236
4.5243,106,-0.05236
4.5229,106,-0.05236
4.5215,106,-0.05236
4.5201,106,-0.05236
4.5187,106,-0.05236
4.5173,106,-0.05236
4.5159,106,-0.05236
4.5146,106,-0.05236
4.5132,106,-0.05236
4.5118,106,-0.05236
4.5104,106,-0.05236
4.509,106,-0.05236
4.5076,106,-0.05236
4.5062,106,-0.05236
4.5049,106,-0.05236
4.5035,106,-0.05236
4.5021,106,-0.05236
4.5007,106,-0.05236
4.4993,106,-0.05236
4.4979,106,-0.05236
4.4965,106,-0.05236
4.4952,106,-0.05236
4.4938,106,-0.05236
4.4924,106,-0.05236
4.491,106,-0.05236
4.4896,106,-0.05236
4.4882,106,-0.05236
4.4869,106,-0.05236
4.4855,106,-0.05236
4.4841,106,-0.05236
4.4827,106,-0.05236
4.4813,106,-0.05236
4.48,106,-0.05236
4.4786,106,-0.05236
4.4772,106,-0.05236
4.4758,106,-0.05236
4.4744,106,-0.05236
4.473,106,-0.05236
4.4717,106,-0.05236
4.4703,106,-0.05236
4.4689,106,-0.05236
4.4675,106,-0.05236
4.4661,106,-0.05236
4.4648,106,-0.05236
4.4634,106,-0.05236
4.462,106,-0.05236
4.4606,106,-0.05236
4.4593,106,-0.05236
4.4579,106,-0.05236
4.4565,106,-0.05236
4.4551,106,-0.05236
4.4537,106,-0.05236
4.4524,106,-0.05236
4.451,106,-0.05236
4.4496,106,-0.05236
4.4482,106,-0.05236
4.4469,106,-0.05236
4.4455,106,-0.05236
4.4441,106,-0.05236
4.4427,106,-0.05236
4.4413,106,-0.05236
4.44,106,-0.05236
4.4386,106,-0.05236
4.4372,106,-0.05236
4.4358,106,-0.05236
4.4345,106,-0.05236
4.4331,106,-0.05236
4.4317,106,-0.05236
4.4303,106,-0.05236
4.429,106,-0.05236
4.4276,106,-0.05236
4.4262,106,-0.05236
4.4249,106,-0.05236
4.4235,106,-0.05236
4.4221,106,-0.05236
4.4207,106,-0.05236
4.4194,106,-0.05236
4.418,106,-0.05236
4.4166,106,-0.05236
4.4152,106,-0.05236
4.4139,106,-0.05236
4.4125,106,-0.05236
4.4111,106,-0.05236
4.4098,106,-0.05236
4.4084,106,-0.05236
4.407,106,-0.05236
4.4056,106,-0.05236
4.4043,106,-0.05236
4.4029,106,-0.05236
4.4015,106,-0.05236
4.4002,106,-0.05236
4.3988,106,-0.05236
4.3974,106,-0.05236
4.3961,106,-0.05236
4.3947,106,-0.05236
4.3933,106,-0.05236
4.392,106,-0.05236
4.3906,106,-0.05236
4.3892,106,-0.05236
4.3878,106,-0.05236
4.3865,106,-0.05236
4.3851,106,-0.05236
4.3837,106,-0.05236
4.3824,106,-0.05236
4.381,106,-0.05236
4.3796,106,-0.05236
4.3783,106,-0.05236
4.3769,106,-0.05236
4.3755,106,-0.05236
4.3742,106,-0.05236
4.3728,106,-0.05236
4.3715,106,-0.05236
4.3701,106,-0.05236
4.3687,106,-0.05236
4.3674,106,-0.05236
4.366,106,-0.05236
4.3646,106,-0.05236
4.3633,106,-0.05236
4.3619,106,-0.05236
4.3605,106,-0.05236
4.3592,106,-0.05236
4.3578,106,-0.05236
4.3565,106,-0.05236
4.3551,106,-0.05236
4.3537,106,-0.05236
4.3524,106,-0.05236
4.351,106,-0.05236
4.3496,106,-0.05236
4.3483,106,-0.05236
4.3469,106,-0.05236
4.3456,106,-0.05236
4.3442,106,-0.05236
4.3428,106,-0.05236
4.3415,106,-0.05236
4.3401,106,-0.05236
4.3388,106,-0.05236
4.3374,106,-0.05236
4.336,106,-0.05236
4.3347,106,-0.05236
4.3333,106,-0.05236
4.332,106,-0.05236
4.3306,106,-0.05236
4.3292,106,-0.05236
4.3279,106,-0.05236
4.3265,106,-0.05236
4.3252,106,-0.05236
4.3238,106,-0.05236
4.3225,106,-0.05236
4.3211,106,-0.05236
4.3197,106,-0.05236
4.3184,106,-0.05236
4.317,106,-0.05236
4.3157,106,-0.05236
4.3143,106,-0.05236
4.313,106,-0.05236
4.3116,106,-0.05236
4.3103,106,-0.05236
4.3089,106,-0.05236
4.3075,106,-0.05236
4.3062,106,-0.05236
4.3048,106,-0.05236
4.3035,106,-0.05236
4.3021,106,-0.05236
4.3008,106,-0.05236
4.2994,106,-0.05236
4.2981,106,-0.05236
4.2967,106,-0.05236
4.2954,106,-0.05236
4.294,106,-0.05236
4.2927,106,-0.05236
4.2913,106,-0.05236
4.29,106,-0.05236
4.2886,106,-0.05236
4.2873,106,-0.05236
4.2859,106,-0.05236
4.2846,106,-0.05236
4.2832,106,-0.05236
4.2819,106,-0.05236
4.2805,106,-0.05236
4.2792,106,-0.05236
4.2778,106,-0.05236
4.2765,106,-0.05236
4.2751,106,-0.05236
4.2738,106,-0.05236
4.2724,106,-0.05236
4.2711,106,-0.05236
4.2697,106,-0.05236
4.2684,106,-0.05236
4.267,106,-0.05236
4.2657,106,-0.05236
4.2643,106,-0.05236
4.263,106,-0.05236
4.2616,106,-0.05236
4.2603,106,-0.05236
4.2589,106,-0.05236
4.2576,106,-0.05236
4.2563,106,-0.05236
4.2549,106,-0.05236
4.2536,106,-0.05236
4.2522,106,-0.05236
4.2509,106,-0.05236
4.2495,106,-0.05236
4.2482,106,-0.05236
4.2468,106,-0.05236
4.2455,106,-0.05236
4.2442,106,-0.05236
4.2428,106,-0.05236
4.2415,106,-0.05236
4.2401,106,-0.05236
4.2388,106,-0.05236
4.2374,106,-0.05236
4.2361,106,-0.05236
4.2348,106,-0.05236
4.2334,106,-0.05236
4.2321,106,-0.05236
4.2307,106,-0.05236
4.2294,106,-0.05236
4.228,106,-0.05236
4.2267,106,-0.05236
4.2254,106,-0.05236
4.224,106,-0.05236
4.2227,106,-0.05236
4.2213,106,-0.05236
4.22,106,-0.05236
4.2187,106,-0.05236
4.2173,106,-0.05236
4.216,106,-0.05236
4.2147,106,-0.05236
4.2133,106,-0.05236
4.212,106,-0.05236
4.2106,106,-0.05236
4.2093,106,-0.05236
4.208,106,-0.05236
4.2066,106,-0.05236
4.2053,106,-0.05236
4.204,106,-0.05236
4.2026,106,-0.05236
4.2013,106,-0.05236
4.2,106,-0.05236
4.1986,106,-0.05236
4.1973,106,-0.05236
4.1959,106,-0.05236
4.1946,106,-0.05236
4.1933,106,-0.05236
4.1919,106,-0.05236
4.1906,106,-0.05236
4.1893,106,-0.05236
4.1879,106,-0.05236
4.1866,106,-0.05236
4.1853,106,-0.05236
4.1839,106,-0.05236
4.1826,106,-0.05236
4.1813,106,-0.05236
4.1799,106,-0.05236
4.1786,106,-0.05236
4.1773,106,-0.05236
4.176,106,-0.05236
4.1746,106,-0.05236
4.1733,106,-0.05236
4.172,106,-0.05236
4.1706,106,-0.05236
4.1693,106,-0.05236
4.168,106,-0.05236
4.1666,106,-0.05236
4.1653,106,-0.05236
4.164,106,-0.05236
4.1627,106,-0.05236
4.1613,106,-0.05236
4.16,106,-0.05236
4.1587,106,-0.05236
4.1573,106,-0.05236
4.156,106,-0.05236
4.1547,106,-0.05236
4.1534,106,-0.05236
4.152,106,-0.05236
4.1507,106,-0.05236
4.1494,106,-0.05236
4.1481,106,-0.05236
4.1467,106,-0.05236
4.1454,106,-0.05236
4.1441,106,-0.05236
4.1428,106,-0.05236
4.1414,106,-0.05236
4.1401,106,-0.05236
4.1388,106,-0.05236
4.1375,106,-0.05236
4.1361,106,-0.05236
4.1348,106,-0.05236
4.1335,106,-0.05236
4.1322,106,-0.05236
4.1308,106,-0.05236
4.1295,106,-0.05236
4.1282,106,-0.05236
4.1269,106,-0.05236
4.1256,106,-0.05236
4.1242,106,-0.05236
4.1229,106,-0.05236
4.1216,106,-0.05236
4.1203,106,-0.05236
4.1189,106,-0.05236
4.1176,106,-0.05236
4.1163,106,-0.05236
4.115,106,-0.05236
4.1137,106,-0.05236
4.1124,106,-0.05236
4.111,106,-0.05236
4.1097,106,-0.05236
4.1084,106,-0.05236
4.1071,106,-0.05236
4.1058,106,-0.05236
4.1044,106,-0.05236
4.1031,106,-0.05236
4.1018,106,-0.05236
4.1005,106,-0.05236
4.0992,106,-0.05236
4.0979,106,-0.05236
4.0965,106,-0.05236
4.0952,106,-0.05236
4.0939,106,-0.05236
4.0926,106,-0.05236
4.0913,106,-0.05236
4.09,106,-0.05236
4.0887,106,-0.05236
4.0873,106,-0.05236
4.086,106,-0.05236
4.0847,106,-0.05236
4.0834,106,-0.05236
4.0821,106,-0.05236
4.0808,106,-0.05236
4.0795,106,-0.05236
4.0781,106,-0.05236
4.0768,106,-0.05236
4.0755,106,-0.05236
4.0742,106,-0.05236
4.0729,106,-0.05236
4.0716,106,-0.05236
4.0703,106,-0.05236
4.069,106,-0.05236
4.0677,106,-0.05236
4.0663,106,-0.05236
4.065,106,-0.05236
4.0637,106,-0.05236
4.0624,106,-0.05236
4.0611,106,-0.05236
4.0598,106,-0.05236
4.0585,106,-0.05236
4.0572,106,-0.05236
4.0559,106,-0.05236
4.0546,106,-0.05236
4.0533,106,-0.05236
4.0519,106,-0.05236
4.0506,106,-0.05236
4.0493,106,-0.05236
4.048,106,-0.05236
4.0467,106,-0.05236
4.0454,106,-0.05236
4.0441,106,-0.05236
4.0428,106,-0.05236
4.0415,106,-0.05236
4.0402,106,-0.05236
4.0389,106,-0.05236
4.0376,106,-0.05236
4.0363,106,-0.05236
4.035,106,-0.05236
4.0337,106,-0.05236
4.0324,106,-0.05236
4.0311,106,-0.05236
4.0298,106,-0.05236
4.0285,106,-0.05236
4.0272,106,-0.05236
4.0259,106,-0.05236
4.0246,106,-0.05236
4.0233,106,-0.05236
4.0219,106,-0.05236
4.0206,106,-0.05236
4.0193,106,-0.05236
4.018,106,-0.05236
4.0167,106,-0.05236
4.0154,106,-0.05236
4.0141,106,-0.05236
4.0128,106,-0.05236
4.0115,106,-0.05236
4.0102,106,-0.05236
4.0089,106,-0.05236
4.0077,106,-0.05236
4.0064,106,-0.05236
4.0051,106,-0.05236
4.0038,106,-0.05236
4.0025,106,-0.05236
4.0012,106,-0.05236
3.9999,106,-0.05236
3.9986,106,-0.05236
3.9973,106,-0.05236
3.996,106,-0.05236
3.9947,106,-0.05236
3.9934,106,-0.05236
3.9921,106,-0.05236
3.9908,106,-0.05236
3.9895,106,-0.05236
3.9882,106,-0.05236
3.9869,106,-0.05236
3.9856,106,-0.05236
3.9843,106,-0.05236
3.983,106,-0.05236
3.9817,106,-0.05236
3.9804,106,-0.05236
3.9792,106,-0.05236
3.9779,106,-0.05236
3.9766,106,-0.05236
3.9753,106,-0.05236
3.974,106,-0.05236
3.9727,106,-0.05236
3.9714,106,-0.05236
3.9701,106,-0.05236
3.9688,106,-0.05236
3.9675,106,-0.05236
3.9662,106,-0.05236
3.9649,106,-0.05236
3.9637,106,-0.05236
3.9624,106,-0.05236
3.9611,106,-0.05236
3.9598,106,-0.05236
3.9585,106,-0.05236
3.9572,106,-0.05236
3.9559,106,-0.05236
3.9546,106,-0.05236
3.9534,106,-0.05236
3.9521,106,-0.05236
3.9508,106,-0.05236
3.9495,106,-0.05236
3.9482,106,-0.05236
3.9469,106,-0.05236
3.9456,106,-0.05236
3.9443,106,-0.05236
3.9431,106,-0.05236
3.9418,106,-0.05236
3.9405,106,-0.05236
3.9392,106,-0.05236
3.9379,106,-0.05236
3.9366,106,-0.05236
3.9354,106,-0.05236
3.9341,106,-0.05236
3.9328,106,-0.05236
3.9315,106,-0.05236
3.9302,106,-0.05236
3.9289,106,-0.05236
3.9277,106,-0.05236
3.9264,106,-0.05236
3.9251,106,-0.05236
3.9238,106,-0.05236
3.9225,106,-0.05236
3.9213,106,-0.05236
3.92,106,-0.05236
3.9187,106,-0.05236
3.9174,106,-0.05236
3.9161,106,-0.05236
3.9149,106,-0.05236
3.9136,106,-0.05236
3.9123,106,-0.05236
3.911,106,-0.05236
3.9097,106,-0.05236
3.9085,106,-0.05236
3.9072,106,-0.05236
3.9059,106,-0.05236
3.9046,106,-0.05236
3.9034,106,-0.05236
3.9021,106,-0.05236
3.9008,106,-0.05236
3.8995,106,-0.05236
3.8983,106,-0.05236
3.897,106,-0.05236
3.8957,106,-0.05236
3.8944,106,-0.05236
3.8931,106,-0.05236
3.8919,106,-0.05236
3.8906,106,-0.05236
3.8893,106,-0.05236
3.8881,106,-0.05236
3.8868,106,-0.05236
3.8855,106,-0.05236
3.8842,106,-0.05236
3.883,106,-0.05236
3.8817,106,-0.05236
3.8804,106,-0.05236
3.8791,106,-0.05236
3.8779,106,-0.05236
3.8766,106,-0.05236
3.8753,106,-0.05236
3.8741,106,-0.05236
3.8728,106,-0.05236
3.8715,106,-0.05236
3.8703,106,-0.05236
3.869,106,-0.05236
3.8677,106,-0.05236
3.8664,106,-0.05236
3.8652,106,-0.05236
3.8639,106,-0.05236
3.8626,106,-0.05236
3.8614,106,-0.05236
3.8601,106,-0.05236
3.8588,106,-0.05236
3.8576,106,-0.05236
3.8563,106,-0.05236
3.855,106,-0.05236
3.8538,106,-0.05236
3.8525,106,-0.05236
3.8512,106,-0.05236
3.85,106,-0.05236
3.8487,106,-0.05236
3.8474,106,-0.05236
3.8462,106,-0.05236
3.8449,106,-0.05236
3.8436,106,-0.05236
3.8424,106,-0.05236
3.8411,106,-0.05236
3.8399,106,-0.05236
3.8386,106,-0.05236
3.8373,106,-0.05236
3.8361,106,-0.05236
3.8348,106,-0.05236
3.8335,106,-0.05236
3.8323,106,-0.05236
3.831,106,-0.05236
3.8298,106,-0.05236
3.8285,106,-0.05236
3.8272,106,-0.05236
3.826,106,-0.05236
3.8247,106,-0.05236
3.8235,106,-0.05236
3.8222,106,-0.05236
3.8209,106,-0.05236
3.8197,106,-0.05236
3.8184,106,-0.05236
3.8172,106,-0.05236
3.8159,106,-0.05236
3.8147,106,-0.05236
3.8134,106,-0.05236
3.8121,106,-0.05236
3.8109,106,-0.05236
3.8096,106,-0.05236
3.8084,106,-0.05236
3.8071,106,-0.05236
3.8059,106,-0.05236
3.8046,106,-0.05236
3.8033,106,-0.05236
3.8021,106,-0.05236
3.8008,106,-0.05236
3.7996,106,-0.05236
3.7983,106,-0.05236
3.7971,106,-0.05236
3.7958,106,-0.05236
3.7946,106,-0.05236
3.7933,106,-0.05236
3.7921,106,-0.05236
3.7908,106,-0.05236
3.7896,106,-0.05236
3.7883,106,-0.05236
3.7871,106,-0.05236
3.7858,106,-0.05236
3.7846,106,-0.05236
3.7833,106,-0.05236
3.7821,106,-0.05236
3.7808,106,-0.05236
3.7795,106,-0.05236
3.7783,106,-0.05236
3.7771,106,-0.05236
3.7758,106,-0.05236
3.7746,106,-0.05236
3.7733,106,-0.05236
3.7721,106,-0.05236
3.7708,106,-0.05236
3.7696,106,-0.05236
3.7683,106,-0.05236
3.7671,106,-0.05236
3.7658,106,-0.05236
3.7646,106,-0.05236
3.7633,106,-0.05236
3.7621,106,-0.05236
3.7608,106,-0.05236
3.7596,106,-0.05236
3.7583,106,-0.05236
3.7571,106,-0.05236
3.7559,106,-0.05236
3.7546,106,-0.05236
3.7534,106,-0.05236
3.7521,106,-0.05236
3.7509,106,-0.05236
3.7496,106,-0.05236
3.7484,106,-0.05236
3.7472,106,-0.05236
3.7459,106,-0.05236
3.7447,106,-0.05236
3.7434,106,-0.05236
3.7422,106,-0.05236
3.7409,106,-0.05236
3.7397,106,-0.05236
3.7385,106,-0.05236
3.7372,106,-0.05236
3.736,106,-0.05236
3.7347,106,-0.05236
3.7335,106,-0.05236
3.7323,106,-0.05236
3.731,106,-0.05236
3.7298,106,-0.05236
3.7285,106,-0.05236
3.7273,106,-0.05236
3.7261,106,-0.05236
3.7248,106,-0.05236
3.7236,106,-0.05236
3.7224,106,-0.05236
3.7211,106,-0.05236
3.7199,106,-0.05236
3.7186,106,-0.05236
3.7174,106,-0.05236
3.7162,106,-0.05236
3.7149,106,-0.05236
3.7137,106,-0.05236
3.7125,106,-0.05236
3.7112,106,-0.05236
3.71,106,-0.05236
3.7088,106,-0.05236
3.7075,106,-0.05236
3.7063,106,-0.05236
3.7051,106,-0.05236
3.7038,106,-0.05236
3.7026,106,-0.05236
3.7014,106,-0.05236
3.7001,106,-0.05236
3.6989,106,-0.05236
3.6977,106,-0.05236
3.6964,106,-0.05236
3.6952,106,-0.05236
3.694,106,-0.05236
3.6928,106,-0.05236
3.6915,106,-0.05236
3.6903,106,-0.05236
3.6891,106,-0.05236
3.6878,106,-0.05236
3.6866,106,-0.05236
3.6854,106,-0.05236
3.6842,106,-0.05236
3.6829,106,-0.05236
3.6817,106,-0.05236
3.6805,106,-0.05236
3.6792,106,-0.05236
3.678,106,-0.05236
3.6768,106,-0.05236
3.6756,106,-0.05236
3.6743,106,-0.05236
3.6731,106,-0.05236
3.6719,106,-0.05236
3.6707,106,-0.05236
3.6694,106,-0.05236
3.6682,106,-0.05236
3.667,106,-0.05236
3.6658,106,-0.05236
3.6645,106,-0.05236
3.6633,106,-0.05236
3.6621,106,-0.05236
3.6609,106,-0.05236
3.6596,106,-0.05236
3.6584,106,-0.05236
3.6572,106,-0.05236
3.656,106,-0.05236
3.6548,106,-0.05236
3.6535,106,-0.05236
3.6523,106,-0.05236
3.6511,106,-0.05236
3.6499,106,-0.05236
3.6487,106,-0.05236
3.6474,106,-0.05236
3.6462,106,-0.05236
3.645,106,-0.05236
3.6438,106,-0.05236
3.6426,106,-0.05236
3.6413,106,-0.05236
3.6401,106,-0.05236
3.6389,106,-0.05236
3.6377,106,-0.05236
3.6365,106,-0.05236
3.6353,106,-0.05236
3.634,106,-0.05236
3.6328,106,-0.05236
3.6316,106,-0.05236
3.6304,106,-0.05236
3.6292,106,-0.05236
3.628,106,-0.05236
3.6267,106,-0.05236
3.6255,106,-0.05236
3.6243,106,-0.05236
3.6231,106,-0.05236
3.6219,106,-0.05236
3.6207,106,-0.05236
3.6195,106,-0.05236
3.6183,106,-0.05236
3.617,106,-0.05236
3.6158,106,-0.05236
3.6146,106,-0.05236
3.6134,106,-0.05236
3.6122,106,-0.05236
3.611,106,-0.05236
3.6098,106,-0.05236
3.6086,106,-0.05236
3.6073,106,-0.05236
3.6061,106,-0.05236
3.6049,106,-0.05236
3.6037,106,-0.05236
3.6025,106,-0.05236
3.6013,106,-0.05236
3.6001,106,-0.05236
3.5989,106,-0.05236
3.5977,106,-0.05236
3.5965,106,-0.05236
3.5953,106,-0.05236
3.5941,106,-0.05236
3.5928,106,-0.05236
3.5916,106,-0.05236
3.5904,106,-0.05236
3.5892,106,-0.05236
3.588,106,-0.05236
3.5868,106,-0.05236
3.5856,106,-0.05236
3.5844,106,-0.05236
3.5832,106,-0.05236
3.582,106,-0.05236
3.5808,106,-0.05236
3.5796,106,-0.05236
3.5784,106,-0.05236
3.5772,106,-0.05236
3.576,106,-0.05236
3.5748,106,-0.05236
3.5736,106,-0.05236
3.5724,106,-0.05236
3.5712,106,-0.05236
3.57,106,-0.05236
3.5688,106,-0.05236
3.5676,106,-0.05236
3.5664,106,-0.05236
3.5652,106,-0.05236
3.564,106,-0.05236
3.5628,106,-0.05236
3.5616,106,-0.05236
3.5604,106,-0.05236
3.5592,106,-0.05236
3.558,106,-0.05236
3.5568,106,-0.05236
3.5556,106,-0.05236
3.5544,106,-0.05236
3.5532,106,-0.05236
3.552,106,-0.05236
3.5508,106,-0.05236
3.5496,106,-0.05236
3.5484,106,-0.05236
3.5472,106,-0.05236
3.546,106,-0.05236
3.5448,106,-0.05236
3.5436,106,-0.05236
3.5424,106,-0.05236
3.5412,106,-0.05236
3.54,106,-0.05236
3.5388,106,-0.05236
3.5377,106,-0.05236
3.5365,106,-0.05236
3.5353,106,-0.05236
3.5341,106,-0.05236
3.5329,106,-0.05236
3.5317,106,-0.05236
3.5305,106,-0.05236
3.5293,106,-0.05236
3.5281,106,-0.05236
3.5269,106,-0.05236
3.5257,106,-0.05236
3.5245,106,-0.05236
3.5234,106,-0.05236
3.5222,106,-0.05236
3.521,106,-0.05236
3.5198,106,-0.05236
3.5186,106,-0.05236
3.5174,106,-0.05236
3.5162,106,-0.05236
3.515,106,-0.05236
3.5138,106,-0.05236
3.5127,106,-0.05236
3.5115,106,-0.05236
3.5103,106,-0.05236
3.5091,106,-0.05236
3.5079,106,-0.05236
3.5067,106,-0.05236
3.5055,106,-0.05236
3.5044,106,-0.05236
3.5032,106,-0.05236
3.502,106,-0.05236
3.5008,106,-0.05236
3.4996,106,-0.05236
3.4984,106,-0.05236
3.4973,106,-0.05236
3.4961,106,-0.05236
3.4949,106,-0.05236
3.4937,106,-0.05236
3.4925,106,-0.05236
3.4913,106,-0.05236
3.4902,106,-0.05236
3.489,106,-0.05236
3.4878,106,-0.05236
3.4866,106,-0.05236
3.4854,106,-0.05236
3.4843,106,-0.05236
3.4831,106,-0.05236
3.4819,106,-0.05236
3.4807,106,-0.05236
3.4795,106,-0.05236
3.4784,106,-0.05236
3.4772,106,-0.05236
3.476,106,-0.05236
3.4748,106,-0.05236
3.4736,106,-0.05236
3.4725,106,-0.05236
3.4713,106,-0.05236
3.4701,106,-0.05236
3.4689,106,-0.05236
3.4678,106,-0.05236
3.4666,106,-0.05236
3.4654,106,-0.05236
3.4642,106,-0.05236
3.4631,106,-0.05236
3.4619,106,-0.05236
3.4607,106,-0.05236
3.4595,106,-0.05236
3.4584,106,-0.05236
3.4572,106,-0.05236
3.456,106,-0.05236
3.4548,106,-0.05236
3.4537,106,-0.05236
3.4525,106,-0.05236
3.4513,106,-0.05236
3.4502,106,-0.05236
3.449,106,-0.05236
3.4478,106,-0.05236
3.4466,106,-0.05236
3.4455,106,-0.05236
3.4443,106,-0.05236
3.4431,106,-0.05236
3.442,106,-0.05236
3.4408,106,-0.05236
3.4396,106,-0.05236
3.4385,106,-0.05236
3.4373,106,-0.05236
3.4361,106,-0.05236
3.4349,106,-0.05236
3.4338,106,-0.05236
3.4326,106,-0.05236
3.4314,106,-0.05236
3.4303,106,-0.05236
3.4291,106,-0.05236
3.4279,106,-0.05236
3.4268,106,-0.05236
3.4256,106,-0.05236
3.4244,106,-0.05236
3.4233,106,-0.05236
3.4221,106,-0.05236
3.421,106,-0.05236
3.4198,106,-0.05236
3.4186,106,-0.05236
3.4175,106,-0.05236
3.4163,106,-0.05236
3.4151,106,-0.05236
3.414,106,-0.05236
3.4128,106,-0.05236
3.4116,106,-0.05236
3.4105,106,-0.05236
3.4093,106,-0.05236
3.4082,106,-0.05236
3.407,106,-0.05236
3.4058,106,-0.05236
3.4047,106,-0.05236
3.4035,106,-0.05236
3.4024,106,-0.05236
3.4012,106,-0.05236
3.4,106,-0.05236
3.3989,106,-0.05236
3.3977,106,-0.05236
3.3966,106,-0.05236
3.3954,106,-0.05236
3.3943,106,-0.05236
3.3931,106,-0.05236
3.3919,106,-0.05236
3.3908,106,-0.05236
3.3896,106,-0.05236
3.3885,106,-0.05236
3.3873,106,-0.05236
3.3862,106,-0.05236
3.385,106,-0.05236
3.3838,106,-0.05236
3.3827,106,-0.05236
3.3815,106,-0.05236
3.3804,106,-0.05236
3.3792,106,-0.05236
3.3781,106,-0.05236
3.3769,106,-0.05236
3.3758,106,-0.05236
3.3746,106,-0.05236
3.3735,106,-0.05236
3.3723,106,-0.05236
3.3712,106,-0.05236
3.37,106,-0.05236
3.3689,106,-0.05236
3.3677,106,-0.05236
3.3666,106,-0.05236
3.3654,106,-0.05236
3.3643,106,-0.05236
3.3631,106,-0.05236
3.362,106,-0.05236
3.3608,106,-0.05236
3.3597,106,-0.05236
3.3585,106,-0.05236
3.3574,106,-0.05236
3.3562,106,-0.05236
3.3551,106,-0.05236
3.3539,106,-0.05236
3.3528,106,-0.05236
3.3516,106,-0.05236
3.3505,106,-0.05236
3.3493,106,-0.05236
3.3482,106,-0.05236
3.347,106,-0.05236
3.3459,106,-0.05236
3.3448,106,-0.05236
3.3436,106,-0.05236
3.3425,106,-0.05236
3.3413,106,-0.05236
3.3402,106,-0.05236
3.339,106,-0.05236
3.3379,106,-0.05236
3.3368,106,-0.05236
3.3356,106,-0.05236
3.3345,106,-0.05236
3.3333,106,-0.05236
3.3322,106,-0.05236
3.331,106,-0.05236
3.3299,106,-0.05236
3.3288,106,-0.05236
3.3276,106,-0.05236
3.3265,106,-0.05236
3.3253,106,-0.05236
3.3242,106,-0.05236
3.3231,106,-0.05236
3.3219,106,-0.05236
3.3208,106,-0.05236
3.3196,106,-0.05236
3.3185,106,-0.05236
3.3174,106,-0.05236
3.3162,106,-0.05236
3.3151,106,-0.05236
3.314,106,-0.05236
3.3128,106,-0.05236
3.3117,106,-0.05236
3.3105,106,-0.05236
3.3094,106,-0.05236
3.3083,106,-0.05236
3.3071,106,-0.05236
3.306,106,-0.05236
3.3049,106,-0.05236
3.3037,106,-0.05236
3.3026,106,-0.05236
3.3015,106,-0.05236
3.3003,106,-0.05236
3.2992,106,-0.05236
3.2981,106,-0.05236
3.2969,106,-0.05236
3.2958,106,-0.05236
3.2947,106,-0.05236
3.2935,106,-0.05236
3.2924,106,-0.05236
3.2913,106,-0.05236
3.2902,106,-0.05236
3.289,106,-0.05236
3.2879,106,-0.05236
3.2868,106,-0.05236
3.2856,106,-0.05236
3.2845,106,-0.05236
3.2834,106,-0.05236
3.2822,106,-0.05236
3.2811,106,-0.05236
3.28,106,-0.05236
3.2789,106,-0.05236
3.2777,106,-0.05236
3.2766,106,-0.05236
3.2755,106,-0.05236
3.2744,106,-0.05236
3.2732,106,-0.05236
3.2721,106,-0.05236
3.271,106,-0.05236
3.2699,106,-0.05236
3.2687,106,-0.05236
3.2676,106,-0.05236
3.2665,106,-0.05236
3.2654,106,-0.05236
3.2642,106,-0.05236
3.2631,106,-0.05236
3.262,106,-0.05236
3.2609,106,-0.05236
3.2597,106,-0.05236
3.2586,106,-0.05236
3.2575,106,-0.05236
3.2564,106,-0.05236
3.2552,106,-0.05236
3.2541,106,-0.05236
3.253,106,-0.05236
3.2519,106,-0.05236
3.2508,106,-0.05236
3.2496,106,-0.05236
3.2485,106,-0.05236
3.2474,106,-0.05236
3.2463,106,-0.05236
3.2452,106,-0.05236
3.2441,106,-0.05236
3.2429,106,-0.05236
3.2418,106,-0.05236
3.2407,106,-0.05236
3.2396,106,-0.05236
3.2385,106,-0.05236
3.2373,106,-0.05236
3.2362,106,-0.05236
3.2351,106,-0.05236
3.234,106,-0.05236
3.2329,106,-0.05236
3.2318,106,-0.05236
3.2307,106,-0.05236
3.2295,106,-0.05236
3.2284,106,-0.05236
3.2273,106,-0.05236
3.2262,106,-0.05236
3.2251,106,-0.05236
3.224,106,-0.05236
3.2229,106,-0.05236
3.2217,106,-0.05236
3.2206,106,-0.05236
3.2195,106,-0.05236
3.2184,106,-0.05236
3.2173,106,-0.05236
3.2162,106,-0.05236
3.2151,106,-0.05236
3.214,106,-0.05236
3.2129,106,-0.05236
3.2117,106,-0.05236
3.2106,106,-0.05236
3.2095,106,-0.05236
3.2084,106,-0.05236
3.2073,106,-0.05236
3.2062,106,-0.05236
3.2051,106,-0.05236
3.204,106,-0.05236
3.2029,106,-0.05236
3.2018,106,-0.05236
3.2007,106,-0.05236
3.1996,106,-0.05236
3.1985,106,-0.05236
3.1973,106,-0.05236
3.1962,106,-0.05236
3.1951,106,-0.05236
3.194,106,-0.05236
3.1929,106,-0.05236
3.1918,106,-0.05236
3.1907,106,-0.05236
3.1896,106,-0.05236
3.1885,106,-0.05236
3.1874,106,-0.05236
3.1863,106,-0.05236
3.1852,106,-0.05236
3.1841,106,-0.05236
3.183,106,-0.05236
3.1819,106,-0.05236
3.1808,106,-0.05236
3.1797,106,-0.05236
3.1786,106,-0.05236
3.1775,106,-0.05236
3.1764,106,-0.05236
3.1753,106,-0.05236
3.1742,106,-0.05236
3.1731,106,-0.05236
3.172,106,-0.05236
3.1709,106,-0.05236
3.1698,106,-0.05236
3.1687,106,-0.05236
3.1676,106,-0.05236
3.1665,106,-0.05236
3.1654,106,-0.05236
3.1643,106,-0.05236
3.1632,106,-0.05236
3.1621,106,-0.05236
3.161,106,-0.05236
3.1599,106,-0.05236
3.1588,106,-0.05236
3.1577,106,-0.05236
3.1566,106,-0.05236
3.1555,106,-0.05236
3.1544,106,-0.05236
3.1534,106,-0.05236
3.1523,106,-0.05236
3.1512,106,-0.05236
3.1501,106,-0.05236
3.149,106,-0.05236
3.1479,106,-0.05236
3.1468,106,-0.05236
3.1457,106,-0.05236
3.1446,106,-0.05236
3.1435,106,-0.05236
3.1424,106,-0.05236
3.1413,106,-0.05236
3.1402,106,-0.05236
3.1392,106,-0.05236
3.1381,106,-0.05236
3.137,106,-0.05236
3.1359,106,-0.05236
3.1348,106,-0.05236
3.1337,106,-0.05236
3.1326,106,-0.05236
3.1315,106,-0.05236
3.1304,106,-0.05236
3.1294,106,-0.05236
3.1283,106,-0.05236
3.1272,106,-0.05236
3.1261,106,-0.05236
3.125,106,-0.05236
3.1239,106,-0.05236
3.1228,106,-0.05236
3.1218,106,-0.05236
3.1207,106,-0.05236
3.1196,106,-0.05236
3.1185,106,-0.05236
3.1174,106,-0.05236
3.1163,106,-0.05236
3.1152,106,-0.05236
3.1142,106,-0.05236
3.1131,106,-0.05236
3.112,106,-0.05236
3.1109,106,-0.05236
3.1098,106,-0.05236
3.1088,106,-0.05236
3.1077,106,-0.05236
3.1066,106,-0.05236
3.1055,106,-0.05236
3.1044,106,-0.05236
3.1033,106,-0.05236
3.1023,106,-0.05236
3.1012,106,-0.05236
3.1001,106,-0.05236
3.099,106,-0.05236
3.098,106,-0.05236
3.0969,106,-0.05236
3.0958,106,-0.05236
3.0947,106,-0.05236
3.0936,106,-0.05236
3.0926,106,-0.05236
3.0915,106,-0.05236
3.0904,106,-0.05236
3.0893,106,-0.05236
3.0883,106,-0.05236
3.0872,106,-0.05236
3.0861,106,-0.05236
3.085,106,-0.05236
3.084,106,-0.05236
3.0829,106,-0.05236
3.0818,106,-0.05236
3.0807,106,-0.05236
3.0797,106,-0.05236
3.0786,106,-0.05236
3.0775,106,-0.05236
3.0764,106,-0.05236
3.0754,106,-0.05236
3.0743,106,-0.05236
3.0732,106,-0.05236
3.0721,106,-0.05236
3.0711,106,-0.05236
3.07,106,-0.05236
3.0689,106,-0.05236
3.0679,106,-0.05236
3.0668,106,-0.05236
3.0657,106,-0.05236
3.0647,106,-0.05236
3.0636,106,-0.05236
3.0625,106,-0.05236
3.0614,106,-0.05236
3.0604,106,-0.05236
3.0593,106,-0.05236
3.0582,106,-0.05236
3.0572,106,-0.05236
3.0561,106,-0.05236
3.055,106,-0.05236
3.054,106,-0.05236
3.0529,106,-0.05236
3.0518,106,-0.05236
3.0508,106,-0.05236
3.0497,106,-0.05236
3.0486,106,-0.05236
3.0476,106,-0.05236
3.0465,106,-0.05236
3.0455,106,-0.05236
3.0444,106,-0.05236
3.0433,106,-0.05236
3.0423,106,-0.05236
3.0412,106,-0.05236
3.0401,106,-0.05236
3.0391,106,-0.05236
3.038,106,-0.05236
3.0369,106,-0.05236
3.0359,106,-0.05236
3.0348,106,-0.05236
3.0338,106,-0.05236
3.0327,106,-0.05236
3.0316,106,-0.05236
3.0306,106,-0.05236
3.0295,106,-0.05236
3.0285,106,-0.05236
3.0274,106,-0.05236
3.0263,106,-0.05236
3.0253,106,-0.05236
3.0242,106,-0.05236
3.0232,106,-0.05236
3.0221,106,-0.05236
3.0211,106,-0.05236
3.02,106,-0.05236
3.0189,106,-0.05236
3.0179,106,-0.05236
3.0168,106,-0.05236
3.0158,106,-0.05236
3.0147,106,-0.05236
3.0137,106,-0.05236
3.0126,106,-0.05236
3.0116,106,-0.05236
3.0105,106,-0.05236
3.0094,106,-0.05236
3.0084,106,-0.05236
3.0073,106,-0.05236
3.0063,106,-0.05236
3.0052,106,-0.05236
3.0042,106,-0.05236
3.0031,106,-0.05236
3.0021,106,-0.05236
3.001,106,-0.05236
3,106,-0.05236
2.9989,106,-0.05236
2.9979,106,-0.05236
2.9968,106,-0.05236
2.9958,106,-0.05236
2.9947,106,-0.05236
2.9937,106,-0.05236
2.9926,106,-0.05236
2.9916,106,-0.05236
2.9905,106,-0.05236
2.9895,106,-0.05236
2.9884,106,-0.05236
2.9874,106,-0.05236
2.9863,106,-0.05236
2.9853,106,-0.05236
2.9842,106,-0.05236
2.9832,106,-0.05236
2.9821,106,-0.05236
2.9811,106,-0.05236
2.98,106,-0.05236
2.979,106,-0.05236
2.978,106,-0.05236
2.9769,106,-0.05236
2.9759,106,-0.05236
2.9748,106,-0.05236
2.9738,106,-0.05236
2.9727,106,-0.05236
2.9717,106,-0.05236
2.9706,106,-0.05236
2.9696,106,-0.05236
2.9686,106,-0.05236
2.9675,106,-0.05236
2.9665,106,-0.05236
2.9654,106,-0.05236
2.9644,106,-0.05236
2.9634,106,-0.05236
2.9623,106,-0.05236
2.9613,106,-0.05236
2.9602,106,-0.05236
2.9592,106,-0.05236
2.9582,106,-0.05236
2.9571,106,-0.05236
2.9561,106,-0.05236
2.955,106,-0.05236
2.954,106,-0.05236
2.953,106,-0.05236
2.9519,106,-0.05236
2.9509,106,-0.05236
2.9498,106,-0.05236
2.9488,106,-0.05236
2.9478,106,-0.05236
2.9467,106,-0.05236
2.9457,106,-0.05236
2.9447,106,-0.05236
2.9436,106,-0.05236
2.9426,106,-0.05236
2.9416,106,-0.05236
2.9405,106,-0.05236
2.9395,106,-0.05236
2.9385,106,-0.05236
2.9374,106,-0.05236
2.9364,106,-0.05236
2.9354,106,-0.05236
2.9343,106,-0.05236
2.9333,106,-0.05236
2.9323,106,-0.05236
2.9312,106,-0.05236
2.9302,106,-0.05236
2.9292,106,-0.05236
2.9281,106,-0.05236
2.9271,106,-0.05236
2.9261,106,-0.05236
2.925,106,-0.05236
2.924,106,-0.05236
2.923,106,-0.05236
2.922,106,-0.05236
2.9209,106,-0.05236
2.9199,106,-0.05236
2.9189,106,-0.05236
2.9178,106,-0.05236
2.9168,106,-0.05236
2.9158,106,-0.05236
2.9148,106,-0.05236
2.9137,106,-0.05236
2.9127,106,-0.05236
2.9117,106,-0.05236
2.9107,106,-0.05236
2.9096,106,-0.05236
2.9086,106,-0.05236
2.9076,106,-0.05236
2.9065,106,-0.05236
2.9055,106,-0.05236
2.9045,106,-0.05236
2.9035,106,-0.05236
2.9025,106,-0.05236
2.9014,106,-0.05236
2.9004,106,-0.05236
2.8994,106,-0.05236
2.8984,106,-0.05236
2.8973,106,-0.05236
2.8963,106,-0.05236
2.8953,106,-0.05236
2.8943,106,-0.05236
2.8933,106,-0.05236
2.8922,106,-0.05236
2.8912,106,-0.05236
2.8902,106,-0.05236
2.8892,106,-0.05236
2.8882,106,-0.05236
2.8871,106,-0.05236
2.8861,106,-0.05236
2.8851,106,-0.05236
2.8841,106,-0.05236
2.8831,106,-0.05236
2.882,106,-0.05236
2.881,106,-0.05236
2.88,106,-0.05236
2.879,106,-0.05236
2.878,106,-0.05236
2.877,106,-0.05236
2.8759,106,-0.05236
2.8749,106,-0.05236
2.8739,106,-0.05236
2.8729,106,-0.05236
2.8719,106,-0.05236
2.8709,106,-0.05236
2.8699,106,-0.05236
2.8688,106,-0.05236
2.8678,106,-0.05236
2.8668,106,-0.05236
2.8658,106,-0.05236
2.8648,106,-0.05236
2.8638,106,-0.05236
2.8628,106,-0.05236
2.8617,106,-0.05236
2.8607,106,-0.05236
2.8597,106,-0.05236
2.8587,106,-0.05236
2.8577,106,-0.05236
2.8567,106,-0.05236
2.8557,106,-0.05236
2.8547,106,-0.05236
2.8537,106,-0.05236
2.8527,106,-0.05236
2.8516,106,-0.05236
2.8506,106,-0.05236
2.8496,106,-0.05236
2.8486,106,-0.05236
2.8476,106,-0.05236
2.8466,106,-0.05236
2.8456,106,-0.05236
2.8446,106,-0.05236
2.8436,106,-0.05236
2.8426,106,-0.05236
2.8416,106,-0.05236
2.8406,106,-0.05236
2.8396,106,-0.05236
2.8386,106,-0.05236
2.8376,106,-0.05236
2.8365,106,-0.05236
2.8355,106,-0.05236
2.8345,106,-0.05236
2.8335,106,-0.05236
2.8325,106,-0.05236
2.8315,106,-0.05236
2.8305,106,-0.05236
2.8295,106,-0.05236
2.8285,106,-0.05236
2.8275,106,-0.05236
2.8265,106,-0.05236
2.8255,106,-0.05236
2.8245,106,-0.05236
2.8235,106,-0.05236
2.8225,106,-0.05236
2.8215,106,-0.05236
2.8205,106,-0.05236
2.8195,106,-0.05236
2.8185,106,-0.05236
2.8175,106,-0.05236
2.8165,106,-0.05236
2.8155,106,-0.05236
2.8145,106,-0.05236
2.8135,106,-0.05236
2.8125,106,-0.05236
2.8115,106,-0.05236
2.8105,106,-0.05236
2.8095,106,-0.05236
2.8085,106,-0.05236
2.8075,106,-0.05236
2.8065,106,-0.05236
2.8055,106,-0.05236
2.8046,106,-0.05236
2.8036,106,-0.05236
2.8026,106,-0.05236
2.8016,106,-0.05236
2.8006,106,-0.05236
2.7996,106,-0.05236
2.7986,106,-0.05236
2.7976,106,-0.05236
2.7966,106,-0.05236
2.7956,106,-0.05236
2.7946,106,-0.05236
2.7936,106,-0.05236
2.7926,106,-0.05236
2.7916,106,-0.05236
2.7907,106,-0.05236
2.7897,106,-0.05236
2.7887,106,-0.05236
2.7877,106,-0.05236
2.7867,106,-0.05236
2.7857,106,-0.05236
2.7847,106,-0.05236
2.7837,106,-0.05236
2.7827,106,-0.05236
2.7817,106,-0.05236
2.7808,106,-0.05236
2.7798,106,-0.05236
2.7788,106,-0.05236
2.7778,106,-0.05236
2.7768,106,-0.05236
2.7758,106,-0.05236
2.7748,106,-0.05236
2.7738,106,-0.05236
2.7729,106,-0.05236
2.7719,106,-0.05236
2.7709,106,-0.05236
2.7699,106,-0.05236
2.7689,106,-0.05236
2.7679,106,-0.05236
2.767,106,-0.05236
2.766,106,-0.05236
2.765,106,-0.05236
2.764,106,-0.05236
2.763,106,-0.05236
2.762,106,-0.05236
2.7611,106,-0.05236
2.7601,106,-0.05236
2.7591,106,-0.05236
2.7581,106,-0.05236
2.7571,106,-0.05236
2.7561,106,-0.05236
2.7552,106,-0.05236
2.7542,106,-0.05236
2.7532,106,-0.05236
2.7522,106,-0.05236
2.7512,106,-0.05236
2.7503,106,-0.05236
2.7493,106,-0.05236
2.7483,106,-0.05236
2.7473,106,-0.05236
2.7464,106,-0.05236
2.7454,106,-0.05236
2.7444,106,-0.05236
2.7434,106,-0.05236
2.7424,106,-0.05236
2.7415,106,-0.05236
2.7405,106,-0.05236
2.7395,106,-0.05236
2.7385,106,-0.05236
2.7376,106,-0.05236
2.7366,106,-0.05236
2.7356,106,-0.05236
2.7346,106,-0.05236
2.7337,106,-0.05236
2.7327,106,-0.05236
2.7317,106,-0.05236
2.7307,106,-0.05236
2.7298,106,-0.05236
2.7288,106,-0.05236
2.7278,106,-0.05236
2.7269,106,-0.05236
2.7259,106,-0.05236
2.7249,106,-0.05236
2.7239,106,-0.05236
2.723,106,-0.05236
2.722,106,-0.05236
2.721,106,-0.05236
2.7201,106,-0.05236
2.7191,106,-0.05236
2.7181,106,-0.05236
2.7171,106,-0.05236
2.7162,106,-0.05236
2.7152,106,-0.05236
2.7142,106,-0.05236
2.7133,106,-0.05236
2.7123,106,-0.05236
2.7113,106,-0.05236
2.7104,106,-0.05236
2.7094,106,-0.05236
2.7084,106,-0.05236
2.7075,106,-0.05236
2.7065,106,-0.05236
2.7055,106,-0.05236
2.7046,106,-0.05236
2.7036,106,-0.05236
2.7026,106,-0.05236
2.7017,106,-0.05236
2.7007,106,-0.05236
2.6998,106,-0.05236
2.6988,106,-0.05236
2.6978,106,-0.05236
2.6969,106,-0.05236
2.6959,106,-0.05236
2.6949,106,-0.05236
2.694,106,-0.05236
2.693,106,-0.05236
2.692,106,-0.05236
2.6911,106,-0.05236
2.6901,106,-0.05236
2.6892,106,-0.05236
2.6882,106,-0.05236
2.6872,106,-0.05236
2.6863,106,-0.05236
2.6853,106,-0.05236
2.6844,106,-0.05236
2.6834,106,-0.05236
2.6824,106,-0.05236
2.6815,106,-0.05236
2.6805,106,-0.05236
2.6796,106,-0.05236
2.6786,106,-0.05236
2.6777,106,-0.05236
2.6767,106,-0.05236
2.6757,106,-0.05236
2.6748,106,-0.05236
2.6738,106,-0.05236
2.6729,106,-0.05236
2.6719,106,-0.05236
2.671,106,-0.05236
2.67,106,-0.05236
2.6691,106,-0.05236
2.6681,106,-0.05236
2.6671,106,-0.05236
2.6662,106,-0.05236
2.6652,106,-0.05236
2.6643,106,-0.05236
2.6633,106,-0.05236
2.6624,106,-0.05236
2.6614,106,-0.05236
2.6605,106,-0.05236
2.6595,106,-0.05236
2.6586,106,-0.05236
2.6576,106,-0.05236
2.6567,106,-0.05236
2.6557,106,-0.05236
2.6548,106,-0.05236
2.6538,106,-0.05236
2.6529,106,-0.05236
2.6519,106,-0.05236
2.651,106,-0.05236
2.65,106,-0.05236
2.6491,106,-0.05236
2.6481,106,-0.05236
2.6472,106,-0.05236
2.6462,106,-0.05236
2.6453,106,-0.05236
2.6443,106,-0.05236
2.6434,106,-0.05236
2.6424,106,-0.05236
2.6415,106,-0.05236
2.6405,106,-0.05236
2.6396,106,-0.05236
2.6387,106,-0.05236
2.6377,106,-0.05236
2.6368,106,-0.05236
2.6358,106,-0.05236
2.6349,106,-0.05236
2.6339,106,-0.05236
2.633,106,-0.05236
2.632,106,-0.05236
2.6311,106,-0.05236
2.6302,106,-0.05236
2.6292,106,-0.05236
2.6283,106,-0.05236
2.6273,106,-0.05236
2.6264,106,-0.05236
2.6254,106,-0.05236
2.6245,106,-0.05236
2.6236,106,-0.05236
2.6226,106,-0.05236
2.6217,106,-0.05236
2.6207,106,-0.05236
2.6198,106,-0.05236
2.6189,106,-0.05236
2.6179,106,-0.05236
2.617,106,-0.05236
2.616,106,-0.05236
2.6151,106,-0.05236
2.6142,106,-0.05236
2.6132,106,-0.05236
2.6123,106,-0.05236
2.6114,106,-0.05236
2.6104,106,-0.05236
2.6095,106,-0.05236
2.6085,106,-0.05236
2.6076,106,-0.05236
2.6067,106,-0.05236
2.6057,106,-0.05236
2.6048,106,-0.05236
2.6039,106,-0.05236
2.6029,106,-0.05236
2.602,106,-0.05236
2.6011,106,-0.05236
2.6001,106,-0.05236
2.5992,106,-0.05236
2.5983,106,-0.05236
2.5973,106,-0.05236
2.5964,106,-0.05236
2.5955,106,-0.05236
2.5945,106,-0.05236
2.5936,106,-0.05236
2.5927,106,-0.05236
2.5917,106,-0.05236
2.5908,106,-0.05236
2.5899,106,-0.05236
2.5889,106,-0.05236
2.588,106,-0.05236
2.5871,106,-0.05236
2.5862,106,-0.05236
2.5852,106,-0.05236
2.5843,106,-0.05236
2.5834,106,-0.05236
2.5824,106,-0.05236
2.5815,106,-0.05236
2.5806,106,-0.05236
2.5797,106,-0.05236
2.5787,106,-0.05236
2.5778,106,-0.05236
2.5769,106,-0.05236
2.5759,106,-0.05236
2.575,106,-0.05236
2.5741,106,-0.05236
2.5732,106,-0.05236
2.5722,106,-0.05236
2.5713,106,-0.05236
2.5704,106,-0.05236
2.5695,106,-0.05236
2.5685,106,-0.05236
2.5676,106,-0.05236
2.5667,106,-0.05236
2.5658,106,-0.05236
2.5648,106,-0.05236
2.5639,106,-0.05236
2.563,106,-0.05236
2.5621,106,-0.05236
2.5612,106,-0.05236
2.5602,106,-0.05236
2.5593,106,-0.05236
2.5584,106,-0.05236
2.5575,106,-0.05236
2.5566,106,-0.05236
2.5556,106,-0.05236
2.5547,106,-0.05236
2.5538,106,-0.05236
2.5529,106,-0.05236
2.552,106,-0.05236
2.551,106,-0.05236
2.5501,106,-0.05236
2.5492,106,-0.05236
2.5483,106,-0.05236
2.5474,106,-0.05236
2.5464,106,-0.05236
2.5455,106,-0.05236
2.5446,106,-0.05236
2.5437,106,-0.05236
2.5428,106,-0.05236
2.5419,106,-0.05236
2.5409,106,-0.05236
2.54,106,-0.05236
2.5391,106,-0.05236
2.5382,106,-0.05236
2.5373,106,-0.05236
2.5364,106,-0.05236
2.5355,106,-0.05236
2.5345,106,-0.05236
2.5336,106,-0.05236
2.5327,106,-0.05236
2.5318,106,-0.05236
2.5309,106,-0.05236
2.53,106,-0.05236
2.5291,106,-0.05236
2.5282,106,-0.05236
2.5272,106,-0.05236
2.5263,106,-0.05236
2.5254,106,-0.05236
2.5245,106,-0.05236
2.5236,106,-0.05236
2.5227,106,-0.05236
2.5218,106,-0.05236
2.5209,106,-0.05236
2.52,106,-0.05236
2.5191,106,-0.05236
2.5181,106,-0.05236
2.5172,106,-0.05236
2.5163,106,-0.05236
2.5154,106,-0.05236
2.5145,106,-0.05236
2.5136,106,-0.05236
2.5127,106,-0.05236
2.5118,106,-0.05236
2.5109,106,-0.05236
2.51,106,-0.05236
2.5091,106,-0.05236
2.5082,106,-0.05236
2.5073,106,-0.05236
2.5064,106,-0.05236
2.5055,106,-0.05236
2.5045,106,-0.05236
2.5036,106,-0.05236
2.5027,106,-0.05236
2.5018,106,-0.05236
2.5009,106,-0.05236
2.5,106,-0.05236
2.4991,106,-0.05236
2.4982,106,-0.05236
2.4973,106,-0.05236
2.4964,106,-0.05236
2.4955,106,-0.05236
2.4946,106,-0.05236
2.4937,106,-0.05236
2.4928,106,-0.05236
2.4919,106,-0.05236
2.491,106,-0.05236
2.4901,106,-0.05236
2.4892,106,-0.05236
2.4883,106,-0.05236
2.4874,106,-0.05236
2.4865,106,-0.05236
2.4856,106,-0.05236
2.4847,106,-0.05236
2.4838,106,-0.05236
2.4829,106,-0.05236
2.482,106,-0.05236
2.4811,106,-0.05236
2.4802,106,-0.05236
2.4793,106,-0.05236
2.4784,106,-0.05236
2.4775,106,-0.05236
2.4766,106,-0.05236
2.4758,106,-0.05236
2.4749,106,-0.05236
2.474,106,-0.05236
2.4731,106,-0.05236
2.4722,106,-0.05236
2.4713,106,-0.05236
2.4704,106,-0.05236
2.4695,106,-0.05236
2.4686,106,-0.05236
2.4677,106,-0.05236
2.4668,106,-0.05236
2.4659,106,-0.05236
2.465,106,-0.05236
2.4641,106,-0.05236
2.4632,106,-0.05236
2.4624,106,-0.05236
2.4615,106,-0.05236
2.4606,106,-0.05236
2.4597,106,-0.05236
2.4588,106,-0.05236
2.4579,106,-0.05236
2.457,106,-0.05236
2.4561,106,-0.05236
2.4552,106,-0.05236
2.4543,106,-0.05236
2.4535,106,-0.05236
2.4526,106,-0.05236
2.4517,106,-0.05236
2.4508,106,-0.05236
2.4499,106,-0.05236
2.449,106,-0.05236
2.4481,106,-0.05236
2.4472,106,-0.05236
2.4464,106,-0.05236
2.4455,106,-0.05236
2.4446,106,-0.05236
2.4437,106,-0.05236
2.4428,106,-0.05236
2.4419,106,-0.05236
2.441,106,-0.05236
2.4402,106,-0.05236
2.4393,106,-0.05236
2.4384,106,-0.05236
2.4375,106,-0.05236
2.4366,106,-0.05236
2.4357,106,-0.05236
2.4349,106,-0.05236
2.434,106,-0.05236
2.4331,106,-0.05236
2.4322,106,-0.05236
2.4313,106,-0.05236
2.4305,106,-0.05236
2.4296,106,-0.05236
2.4287,106,-0.05236
2.4278,106,-0.05236
2.4269,106,-0.05236
2.426,106,-0.05236
2.4252,106,-0.05236
2.4243,106,-0.05236
2.4234,106,-0.05236
2.4225,106,-0.05236
2.4217,106,-0.05236
2.4208,106,-0.05236
2.4199,106,-0.05236
2.419,106,-0.05236
2.4181,106,-0.05236
2.4173,106,-0.05236
2.4164,106,-0.05236
2.4155,106,-0.05236
2.4146,106,-0.05236
2.4138,106,-0.05236
2.4129,106,-0.05236
2.412,106,-0.05236
2.4111,106,-0.05236
2.4103,106,-0.05236
2.4094,106,-0.05236
2.4085,106,-0.05236
2.4076,106,-0.05236
2.4068,106,-0.05236
2.4059,106,-0.05236
2.405,106,-0.05236
2.4041,106,-0.05236
2.4033,106,-0.05236
2.4024,106,-0.05236
2.4015,106,-0.05236
2.4007,106,-0.05236
2.3998,106,-0.05236
2.3989,106,-0.05236
2.398,106,-0.05236
2.3972,106,-0.05236
2.3963,106,-0.05236
2.3954,106,-0.05236
2.3946,106,-0.05236
2.3937,106,-0.05236
2.3928,106,-0.05236
2.3919,106,-0.05236
2.3911,106,-0.05236
2.3902,106,-0.05236
2.3893,106,-0.05236
2.3885,106,-0.05236
2.3876,106,-0.05236
2.3867,106,-0.05236
2.3859,106,-0.05236
2.385,106,-0.05236
2.3841,106,-0.05236
2.3833,106,-0.05236
2.3824,106,-0.05236
2.3815,106,-0.05236
2.3807,106,-0.05236
2.3798,106,-0.05236
2.3789,106,-0.05236
2.3781,106,-0.05236
2.3772,106,-0.05236
2.3763,106,-0.05236
2.3755,106,-0.05236
2.3746,106,-0.05236
2.3738,106,-0.05236
2.3729,106,-0.05236
2.372,106,-0.05236
2.3712,106,-0.05236
2.3703,106,-0.05236
2.3694,106,-0.05236
2.3686,106,-0.05236
2.3677,106,-0.05236
2.3669,106,-0.05236
2.366,106,-0.05236
2.3651,106,-0.05236
2.3643,106,-0.05236
2.3634,106,-0.05236
2.3626,106,-0.05236
2.3617,106,-0.05236
2.3608,106,-0.05236
2.36,106,-0.05236
2.3591,106,-0.05236
2.3583,106,-0.05236
2.3574,106,-0.05236
2.3565,106,-0.05236
2.3557,106,-0.05236
2.3548,106,-0.05236
2.354,106,-0.05236
2.3531,106,-0.05236
2.3523,106,-0.05236
2.3514,106,-0.05236
2.3505,106,-0.05236
2.3497,106,-0.05236
2.3488,106,-0.05236
2.348,106,-0.05236
2.3471,106,-0.05236
2.3463,106,-0.05236
2.3454,106,-0.05236
2.3446,106,-0.05236
2.3437,106,-0.05236
2.3429,106,-0.05236
2.342,106,-0.05236
2.3411,106,-0.05236
2.3403,106,-0.05236
2.3394,106,-0.05236
2.3386,106,-0.05236
2.3377,106,-0.05236
2.3369,106,-0.05236
2.336,106,-0.05236
2.3352,106,-0.05236
2.3343,106,-0.05236
2.3335,106,-0.05236
2.3326,106,-0.05236
2.3318,106,-0.05236
2.3309,106,-0.05236
2.3301,106,-0.05236
2.3292,106,-0.05236
2.3284,106,-0.05236
2.3275,106,-0.05236
2.3267,106,-0.05236
2.3258,106,-0.05236
2.325,106,-0.05236
2.3241,106,-0.05236
2.3233,106,-0.05236
2.3225,106,-0.05236
2.3216,106,-0.05236
2.3208,106,-0.05236
2.3199,106,-0.05236
2.3191,106,-0.05236
2.3182,106,-0.05236
2.3174,106,-0.05236
2.3165,106,-0.05236
2.3157,106,-0.05236
2.3148,106,-0.05236
2.314,106,-0.05236
2.3132,106,-0.05236
2.3123,106,-0.05236
2.3115,106,-0.05236
2.3106,106,-0.05236
2.3098,106,-0.05236
2.3089,106,-0.05236
2.3081,106,-0.05236
2.3072,106,-0.05236
2.3064,106,-0.05236
2.3056,106,-0.05236
2.3047,106,-0.05236
2.3039,106,-0.05236
2.303,106,-0.05236
2.3022,106,-0.05236
2.3014,106,-0.05236
2.3005,106,-0.05236
2.2997,106,-0.05236
2.2988,106,-0.05236
2.298,106,-0.05236
2.2972,106,-0.05236
2.2963,106,-0.05236
2.2955,106,-0.05236
2.2946,106,-0.05236
2.2938,106,-0.05236
2.293,106,-0.05236
2.2921,106,-0.05236
2.2913,106,-0.05236
2.2905,106,-0.05236
2.2896,106,-0.05236
2.2888,106,-0.05236
2.288,106,-0.05236
2.2871,106,-0.05236
2.2863,106,-0.05236
2.2854,106,-0.05236
2.2846,106,-0.05236
2.2838,106,-0.05236
2.2829,106,-0.05236
2.2821,106,-0.05236
2.2813,106,-0.05236
2.2804,106,-0.05236
2.2796,106,-0.05236
2.2788,106,-0.05236
2.2779,106,-0.05236
2.2771,106,-0.05236
2.2763,106,-0.05236
2.2754,106,-0.05236
2.2746,106,-0.05236
2.2738,106,-0.05236
2.273,106,-0.05236
2.2721,106,-0.05236
2.2713,106,-0.05236
2.2705,106,-0.05236
2.2696,106,-0.05236
2.2688,106,-0.05236
2.268,106,-0.05236
2.2671,106,-0.05236
2.2663,106,-0.05236
2.2655,106,-0.05236
2.2647,106,-0.05236
2.2638,106,-0.05236
2.263,106,-0.05236
2.2622,106,-0.05236
2.2613,106,-0.05236
2.2605,106,-0.05236
2.2597,106,-0.05236
2.2589,106,-0.05236
2.258,106,-0.05236
2.2572,106,-0.05236
2.2564,106,-0.05236
2.2556,106,-0.05236
2.2547,106,-0.05236
2.2539,106,-0.05236
2.2531,106,-0.05236
2.2523,106,-0.05236
2.2514,106,-0.05236
2.2506,106,-0.05236
2.2498,106,-0.05236
2.249,106,-0.05236
2.2481,106,-0.05236
2.2473,106,-0.05236
2.2465,106,-0.05236
2.2457,106,-0.05236
2.2448,106,-0.05236
2.244,106,-0.05236
2.2432,106,-0.05236
2.2424,106,-0.05236
2.2416,106,-0.05236
2.2407,106,-0.05236
2.2399,106,-0.05236
2.2391,106,-0.05236
2.2383,106,-0.05236
2.2375,106,-0.05236
2.2366,106,-0.05236
2.2358,106,-0.05236
2.235,106,-0.05236
2.2342,106,-0.05236
2.2334,106,-0.05236
2.2325,106,-0.05236
2.2317,106,-0.05236
2.2309,106,-0.05236
2.2301,106,-0.05236
2.2293,106,-0.05236
2.2285,106,-0.05236
2.2276,106,-0.05236
2.2268,106,-0.05236
2.226,106,-0.05236
2.2252,106,-0.05236
2.2244,106,-0.05236
2.2236,106,-0.05236
2.2228,106,-0.05236
2.2219,106,-0.05236
2.2211,106,-0.05236
2.2203,106,-0.05236
2.2195,106,-0.05236
2.2187,106,-0.05236
2.2179,106,-0.05236
2.2171,106,-0.05236
2.2162,106,-0.05236
2.2154,106,-0.05236
2.2146,106,-0.05236
2.2138,106,-0.05236
2.213,106,-0.05236
2.2122,106,-0.05236
2.2114,106,-0.05236
2.2106,106,-0.05236
2.2097,106,-0.05236
2.2089,106,-0.05236
2.2081,106,-0.05236
2.2073,106,-0.05236
2.2065,106,-0.05236
2.2057,106,-0.05236
2.2049,106,-0.05236
2.2041,106,-0.05236
2.2033,106,-0.05236
2.2025,106,-0.05236
2.2017,106,-0.05236
2.2008,106,-0.05236
2.2,106,-0.05236
2.1992,106,-0.05236
2.1984,106,-0.05236
2.1976,106,-0.05236
2.1968,106,-0.05236
2.196,106,-0.05236
2.1952,106,-0.05236
2.1944,106,-0.05236
2.1936,106,-0.05236
2.1928,106,-0.05236
2.192,106,-0.05236
2.1912,106,-0.05236
2.1904,106,-0.05236
2.1896,106,-0.05236
2.1888,106,-0.05236
2.188,106,-0.05236
2.1872,106,-0.05236
2.1864,106,-0.05236
2.1855,106,-0.05236
2.1847,106,-0.05236
2.1839,106,-0.05236
2.1831,106,-0.05236
2.1823,106,-0.05236
2.1815,106,-0.05236
2.1807,106,-0.05236
2.1799,106,-0.05236
2.1791,106,-0.05236
2.1783,106,-0.05236
2.1775,106,-0.05236
2.1767,106,-0.05236
2.1759,106,-0.05236
2.1751,106,-0.05236
2.1743,106,-0.05236
2.1735,106,-0.05236
2.1727,106,-0.05236
2.1719,106,-0.05236
2.1711,106,-0.05236
2.1703,106,-0.05236
2.1695,106,-0.05236
2.1687,106,-0.05236
2.168,106,-0.05236
2.1672,106,-0.05236
2.1664,106,-0.05236
2.1656,106,-0.05236
2.1648,106,-0.05236
2.164,106,-0.05236
2.1632,106,-0.05236
2.1624,106,-0.05236
2.1616,106,-0.05236
2.1608,106,-0.05236
2.16,106,-0.05236
2.1592,106,-0.05236
2.1584,106,-0.05236
2.1576,106,-0.05236
2.1568,106,-0.05236
2.156,106,-0.05236
2.1552,106,-0.05236
2.1544,106,-0.05236
2.1536,106,-0.05236
2.1529,106,-0.05236
2.1521,106,-0.05236
2.1513,106,-0.05236
2.1505,106,-0.05236
2.1497,106,-0.05236
2.1489,106,-0.05236
2.1481,106,-0.05236
2.1473,106,-0.05236
2.1465,106,-0.05236
2.1457,106,-0.05236
2.1449,106,-0.05236
2.1442,106,-0.05236
2.1434,106,-0.05236
2.1426,106,-0.05236
2.1418,106,-0.05236
2.141,106,-0.05236
2.1402,106,-0.05236
2.1394,106,-0.05236
2.1386,106,-0.05236
2.1379,106,-0.05236
2.1371,106,-0.05236
2.1363,106,-0.05236
2.1355,106,-0.05236
2.1347,106,-0.05236
2.1339,106,-0.05236
2.1331,106,-0.05236
2.1324,106,-0.05236
2.1316,106,-0.05236
2.1308,106,-0.05236
2.13,106,-0.05236
2.1292,106,-0.05236
2.1284,106,-0.05236
2.1276,106,-0.05236
2.1269,106,-0.05236
2.1261,106,-0.05236
2.1253,106,-0.05236
2.1245,106,-0.05236
2.1237,106,-0.05236
2.1229,106,-0.05236
2.1222,106,-0.05236
2.1214,106,-0.05236
2.1206,106,-0.05236
2.1198,106,-0.05236
2.119,106,-0.05236
2.1183,106,-0.05236
2.1175,106,-0.05236
2.1167,106,-0.05236
2.1159,106,-0.05236
2.1151,106,-0.05236
2.1144,106,-0.05236
2.1136,106,-0.05236
2.1128,106,-0.05236
2.112,106,-0.05236
2.1112,106,-0.05236
2.1105,106,-0.05236
2.1097,106,-0.05236
2.1089,106,-0.05236
2.1081,106,-0.05236
2.1074,106,-0.05236
2.1066,106,-0.05236
2.1058,106,-0.05236
2.105,106,-0.05236
2.1042,106,-0.05236
2.1035,106,-0.05236
2.1027,106,-0.05236
2.1019,106,-0.05236
2.1011,106,-0.05236
2.1004,106,-0.05236
2.0996,106,-0.05236
2.0988,106,-0.05236
2.098,106,-0.05236
2.0973,106,-0.05236
2.0965,106,-0.05236
2.0957,106,-0.05236
2.095,106,-0.05236
2.0942,106,-0.05236
2.0934,106,-0.05236
2.0926,106,-0.05236
2.0919,106,-0.05236
2.0911,106,-0.05236
2.0903,106,-0.05236
2.0895,106,-0.05236
2.0888,106,-0.05236
2.088,106,-0.05236
2.0872,106,-0.05236
2.0865,106,-0.05236
2.0857,106,-0.05236
2.0849,106,-0.05236
2.0842,106,-0.05236
2.0834,106,-0.05236
2.0826,106,-0.05236
2.0818,106,-0.05236
2.0811,106,-0.05236
2.0803,106,-0.05236
2.0795,106,-0.05236
2.0788,106,-0.05236
2.078,106,-0.05236
2.0772,106,-0.05236
2.0765,106,-0.05236
2.0757,106,-0.05236
2.0749,106,-0.05236
2.0742,106,-0.05236
2.0734,106,-0.05236
2.0726,106,-0.05236
2.0719,106,-0.05236
2.0711,106,-0.05236
2.0703,106,-0.05236
2.0696,106,-0.05236
2.0688,106,-0.05236
2.0681,106,-0.05236
2.0673,106,-0.05236
2.0665,106,-0.05236
2.0658,106,-0.05236
2.065,106,-0.05236
2.0642,106,-0.05236
2.0635,106,-0.05236
2.0627,106,-0.05236
2.0619,106,-0.05236
2.0612,106,-0.05236
2.0604,106,-0.05236
2.0597,106,-0.05236
2.0589,106,-0.05236
2.0581,106,-0.05236
2.0574,106,-0.05236
2.0566,106,-0.05236
2.0559,106,-0.05236
2.0551,106,-0.05236
2.0543,106,-0.05236
2.0536,106,-0.05236
2.0528,106,-0.05236
2.0521,106,-0.05236
2.0513,106,-0.05236
2.0505,106,-0.05236
2.0498,106,-0.05236
2.049,106,-0.05236
2.0483,106,-0.05236
2.0475,106,-0.05236
2.0468,106,-0.05236
2.046,106,-0.05236
2.0452,106,-0.05236
2.0445,106,-0.05236
2.0437,106,-0.05236
2.043,106,-0.05236
2.0422,106,-0.05236
2.0415,106,-0.05236
2.0407,106,-0.05236
2.04,106,-0.05236
2.0392,106,-0.05236
2.0384,106,-0.05236
2.0377,106,-0.05236
2.0369,106,-0.05236
2.0362,106,-0.05236
2.0354,106,-0.05236
2.0347,106,-0.05236
2.0339,106,-0.05236
2.0332,106,-0.05236
2.0324,106,-0.05236
2.0317,106,-0.05236
2.0309,106,-0.05236
2.0302,106,-0.05236
2.0294,106,-0.05236
2.0287,106,-0.05236
2.0279,106,-0.05236
2.0272,106,-0.05236
2.0264,106,-0.05236
2.0257,106,-0.05236
2.0249,106,-0.05236
2.0242,106,-0.05236
2.0234,106,-0.05236
2.0227,106,-0.05236
2.0219,106,-0.05236
2.0212,106,-0.05236
2.0204,106,-0.05236
2.0197,106,-0.05236
2.0189,106,-0.05236
2.0182,106,-0.05236
2.0174,106,-0.05236
2.0167,106,-0.05236
2.0159,106,-0.05236
2.0152,106,-0.05236
2.0144,106,-0.05236
2.0137,106,-0.05236
2.0129,106,-0.05236
2.0122,106,-0.05236
2.0115,106,-0.05236
2.0107,106,-0.05236
2.01,106,-0.05236
2.0092,106,-0.05236
2.0085,106,-0.05236
2.0077,106,-0.05236
2.007,106,-0.05236
2.0062,106,-0.05236
2.0055,106,-0.05236
2.0048,106,-0.05236
2.004,106,-0.05236
2.0033,106,-0.05236
2.0025,106,-0.05236
2.0018,106,-0.05236
2.001,106,-0.05236
2.0003,106,-0.05236
1.9996,106,-0.05236
1.9988,106,-0.05236
1.9981,106,-0.05236
1.9973,106,-0.05236
1.9966,106,-0.05236
1.9959,106,-0.05236
1.9951,106,-0.05236
1.9944,106,-0.05236
1.9936,106,-0.05236
1.9929,106,-0.05236
1.9922,106,-0.05236
1.9914,106,-0.05236
1.9907,106,-0.05236
1.9899,106,-0.05236
1.9892,106,-0.05236
1.9885,106,-0.05236
1.9877,106,-0.05236
1.987,106,-0.05236
1.9863,106,-0.05236
1.9855,106,-0.05236
1.9848,106,-0.05236
1.9841,106,-0.05236
1.9833,106,-0.05236
1.9826,106,-0.05236
1.9818,106,-0.05236
1.9811,106,-0.05236
1.9804,106,-0.05236
1.9796,106,-0.05236
1.9789,106,-0.05236
1.9782,106,-0.05236
1.9774,106,-0.05236
1.9767,106,-0.05236
1.976,106,-0.05236
1.9752,106,-0.05236
1.9745,106,-0.05236
1.9738,106,-0.05236
1.973,106,-0.05236
1.9723,106,-0.05236
1.9716,106,-0.05236
1.9708,106,-0.05236
1.9701,106,-0.05236
1.9694,106,-0.05236
1.9686,106,-0.05236
1.9679,106,-0.05236
1.9672,106,-0.05236
1.9665,106,-0.05236
1.9657,106,-0.05236
1.965,106,-0.05236
1.9643,106,-0.05236
1.9635,106,-0.05236
1.9628,106,-0.05236
1.9621,106,-0.05236
1.9614,106,-0.05236
1.9606,106,-0.05236
1.9599,106,-0.05236
1.9592,106,-0.05236
1.9584,106,-0.05236
1.9577,106,-0.05236
1.957,106,-0.05236
1.9563,106,-0.05236
1.9555,106,-0.05236
1.9548,106,-0.05236
1.9541,106,-0.05236
1.9534,106,-0.05236
1.9526,106,-0.05236
1.9519,106,-0.05236
1.9512,106,-0.05236
1.9505,106,-0.05236
1.9497,106,-0.05236
1.949,106,-0.05236
1.9483,106,-0.05236
1.9476,106,-0.05236
1.9468,106,-0.05236
1.9461,106,-0.05236
1.9454,106,-0.05236
1.9447,106,-0.05236
1.9439,106,-0.05236
1.9432,106,-0.05236
1.9425,106,-0.05236
1.9418,106,-0.05236
1.9411,106,-0.05236
1.9403,106,-0.05236
1.9396,106,-0.05236
1.9389,106,-0.05236
1.9382,106,-0.05236
1.9374,106,-0.05236
1.9367,106,-0.05236
1.936,106,-0.05236
1.9353,106,-0.05236
1.9346,106,-0.05236
1.9338,106,-0.05236
1.9331,106,-0.05236
1.9324,106,-0.05236
1.9317,106,-0.05236
1.931,106,-0.05236
1.9303,106,-0.05236
1.9295,106,-0.05236
1.9288,106,-0.05236
1.9281,106,-0.05236
1.9274,106,-0.05236
1.9267,106,-0.05236
1.9259,106,-0.05236
1.9252,106,-0.05236
1.9245,106,-0.05236
1.9238,106,-0.05236
1.9231,106,-0.05236
1.9224,106,-0.05236
1.9217,106,-0.05236
1.9209,106,-0.05236
1.9202,106,-0.05236
1.9195,106,-0.05236
1.9188,106,-0.05236
1.9181,106,-0.05236
1.9174,106,-0.05236
1.9167,106,-0.05236
1.9159,106,-0.05236
1.9152,106,-0.05236
1.9145,106,-0.05236
1.9138,106,-0.05236
1.9131,106,-0.05236
1.9124,106,-0.05236
1.9117,106,-0.05236
1.911,106,-0.05236
1.9102,106,-0.05236
1.9095,106,-0.05236
1.9088,106,-0.05236
1.9081,106,-0.05236
1.9074,106,-0.05236
1.9067,106,-0.05236
1.906,106,-0.05236
1.9053,106,-0.05236
1.9046,106,-0.05236
1.9039,106,-0.05236
1.9031,106,-0.05236
1.9024,106,-0.05236
1.9017,106,-0.05236
1.901,106,-0.05236
1.9003,106,-0.05236
1.8996,106,-0.05236
1.8989,106,-0.05236
1.8982,106,-0.05236
1.8975,106,-0.05236
1.8968,106,-0.05236
1.8961,106,-0.05236
1.8954,106,-0.05236
1.8947,106,-0.05236
1.894,106,-0.05236
1.8932,106,-0.05236
1.8925,106,-0.05236
1.8918,106,-0.05236
1.8911,106,-0.05236
1.8904,106,-0.05236
1.8897,106,-0.05236
1.889,106,-0.05236
1.8883,106,-0.05236
1.8876,106,-0.05236
1.8869,106,-0.05236
1.8862,106,-0.05236
1.8855,106,-0.05236
1.8848,106,-0.05236
1.8841,106,-0.05236
1.8834,106,-0.05236
1.8827,106,-0.05236
1.882,106,-0.05236
1.8813,106,-0.05236
1.8806,106,-0.05236
1.8799,106,-0.05236
1.8792,106,-0.05236
1.8785,106,-0.05236
1.8778,106,-0.05236
1.8771,106,-0.05236
1.8764,106,-0.05236
1.8757,106,-0.05236
1.875,106,-0.05236
1.8743,106,-0.05236
1.8736,106,-0.05236
1.8729,106,-0.05236
1.8722,106,-0.05236
1.8715,106,-0.05236
1.8708,106,-0.05236
1.8701,106,-0.05236
1.8694,106,-0.05236
1.8687,106,-0.05236
1.868,106,-0.05236
1.8673,106,-0.05236
1.8666,106,-0.05236
1.8659,106,-0.05236
1.8652,106,-0.05236
1.8645,106,-0.05236
1.8638,106,-0.05236
1.8631,106,-0.05236
1.8624,106,-0.05236
1.8617,106,-0.05236
1.861,106,-0.05236
1.8604,106,-0.05236
1.8597,106,-0.05236
1.859,106,-0.05236
1.8583,106,-0.05236
1.8576,106,-0.05236
1.8569,106,-0.05236
1.8562,106,-0.05236
1.8555,106,-0.05236
1.8548,106,-0.05236
1.8541,106,-0.05236
1.8534,106,-0.05236
1.8527,106,-0.05236
1.852,106,-0.05236
1.8513,106,-0.05236
1.8507,106,-0.05236
1.85,106,-0.05236
1.8493,106,-0.05236
1.8486,106,-0.05236
1.8479,106,-0.05236
1.8472,106,-0.05236
1.8465,106,-0.05236
1.8458,106,-0.05236
1.8451,106,-0.05236
1.8444,106,-0.05236
1.8438,106,-0.05236
1.8431,106,-0.05236
1.8424,106,-0.05236
1.8417,106,-0.05236
1.841,106,-0.05236
1.8403,106,-0.05236
1.8396,106,-0.05236
1.8389,106,-0.05236
1.8383,106,-0.05236
1.8376,106,-0.05236
1.8369,106,-0.05236
1.8362,106,-0.05236
1.8355,106,-0.05236
1.8348,106,-0.05236
1.8341,106,-0.05236
1.8335,106,-0.05236
1.8328,106,-0.05236
1.8321,106,-0.05236
1.8314,106,-0.05236
1.8307,106,-0.05236
1.83,106,-0.05236
1.8293,106,-0.05236
1.8287,106,-0.05236
1.828,106,-0.05236
1.8273,106,-0.05236
1.8266,106,-0.05236
1.8259,106,-0.05236
1.8252,106,-0.05236
1.8246,106,-0.05236
1.8239,106,-0.05236
1.8232,106,-0.05236
1.8225,106,-0.05236
1.8218,106,-0.05236
1.8212,106,-0.05236
1.8205,106,-0.05236
1.8198,106,-0.05236
1.8191,106,-0.05236
1.8184,106,-0.05236
1.8178,106,-0.05236
1.8171,106,-0.05236
1.8164,106,-0.05236
1.8157,106,-0.05236
1.815,106,-0.05236
1.8144,106,-0.05236
1.8137,106,-0.05236
1.813,106,-0.05236
1.8123,106,-0.05236
1.8117,106,-0.05236
1.811,106,-0.05236
1.8103,106,-0.05236
1.8096,106,-0.05236
1.8089,106,-0.05236
1.8083,106,-0.05236
1.8076,106,-0.05236
1.8069,106,-0.05236
1.8062,106,-0.05236
1.8056,106,-0.05236
1.8049,106,-0.05236
1.8042,106,-0.05236
1.8035,106,-0.05236
1.8029,106,-0.05236
1.8022,106,-0.05236
1.8015,106,-0.05236
1.8008,106,-0.05236
1.8002,106,-0.05236
1.7995,106,-0.05236
1.7988,106,-0.05236
1.7981,106,-0.05236
1.7975,106,-0.05236
1.7968,106,-0.05236
1.7961,106,-0.05236
1.7955,106,-0.05236
1.7948,106,-0.05236
1.7941,106,-0.05236
1.7934,106,-0.05236
1.7928,106,-0.05236
1.7921,106,-0.05236
1.7914,106,-0.05236
1.7908,106,-0.05236
1.7901,106,-0.05236
1.7894,106,-0.05236
1.7887,106,-0.05236
1.7881,106,-0.05236
1.7874,106,-0.05236
1.7867,106,-0.05236
1.7861,106,-0.05236
1.7854,106,-0.05236
1.7847,106,-0.05236
1.7841,106,-0.05236
1.7834,106,-0.05236
1.7827,106,-0.05236
1.7821,106,-0.05236
1.7814,106,-0.05236
1.7807,106,-0.05236
1.7801,106,-0.05236
1.7794,106,-0.05236
1.7787,106,-0.05236
1.7781,106,-0.05236
1.7774,106,-0.05236
1.7767,106,-0.05236
1.7761,106,-0.05236
1.7754,106,-0.05236
1.7747,106,-0.05236
1.7741,106,-0.05236
1.7734,106,-0.05236
1.7727,106,-0.05236
1.7721,106,-0.05236
1.7714,106,-0.05236
1.7707,106,-0.05236
1.7701,106,-0.05236
1.7694,106,-0.05236
1.7688,106,-0.05236
1.7681,106,-0.05236
1.7674,106,-0.05236
1.7668,106,-0.05236
1.7661,106,-0.05236
1.7654,106,-0.05236
1.7648,106,-0.05236
1.7641,106,-0.05236
1.7635,106,-0.05236
1.7628,106,-0.05236
1.7621,106,-0.05236
1.7615,106,-0.05236
1.7608,106,-0.05236
1.7602,106,-0.05236
1.7595,106,-0.05236
1.7588,106,-0.05236
1.7582,106,-0.05236
1.7575,106,-0.05236
1.7569,106,-0.05236
1.7562,106,-0.05236
1.7555,106,-0.05236
1.7549,106,-0.05236
1.7542,106,-0.05236
1.7536,106,-0.05236
1.7529,106,-0.05236
1.7523,106,-0.05236
1.7516,106,-0.05236
1.7509,106,-0.05236
1.7503,106,-0.05236
1.7496,106,-0.05236
1.749,106,-0.05236
1.7483,106,-0.05236
1.7477,106,-0.05236
1.747,106,-0.05236
1.7463,106,-0.05236
1.7457,106,-0.05236
1.745,106,-0.05236
1.7444,106,-0.05236
1.7437,106,-0.05236
1.7431,106,-0.05236
1.7424,106,-0.05236
1.7418,106,-0.05236
1.7411,106,-0.05236
1.7405,106,-0.05236
1.7398,106,-0.05236
1.7392,106,-0.05236
1.7385,106,-0.05236
1.7378,106,-0.05236
1.7372,106,-0.05236
1.7365,106,-0.05236
1.7359,106,-0.05236
1.7352,106,-0.05236
1.7346,106,-0.05236
1.7339,106,-0.05236
1.7333,106,-0.05236
1.7326,106,-0.05236
1.732,106,-0.05236
1.7313,106,-0.05236
1.7307,106,-0.05236
1.73,106,-0.05236
1.7294,106,-0.05236
1.7287,106,-0.05236
1.7281,106,-0.05236
1.7274,106,-0.05236
1.7268,106,-0.05236
1.7261,106,-0.05236
1.7255,106,-0.05236
1.7248,106,-0.05236
1.7242,106,-0.05236
1.7236,106,-0.05236
1.7229,106,-0.05236
1.7223,106,-0.05236
1.7216,106,-0.05236
1.721,106,-0.05236
1.7203,106,-0.05236
1.7197,106,-0.05236
1.719,106,-0.05236
1.7184,106,-0.05236
1.7177,106,-0.05236
1.7171,106,-0.05236
1.7164,106,-0.05236
1.7158,106,-0.05236
1.7152,106,-0.05236
1.7145,106,-0.05236
1.7139,106,-0.05236
1.7132,106,-0.05236
1.7126,106,-0.05236
1.7119,106,-0.05236
1.7113,106,-0.05236
1.7107,106,-0.05236
1.71,106,-0.05236
1.7094,106,-0.05236
1.7087,106,-0.05236
1.7081,106,-0.05236
1.7074,106,-0.05236
1.7068,106,-0.05236
1.7062,106,-0.05236
1.7055,106,-0.05236
1.7049,106,-0.05236
1.7042,106,-0.05236
1.7036,106,-0.05236
1.703,106,-0.05236
1.7023,106,-0.05236
1.7017,106,-0.05236
1.701,106,-0.05236
1.7004,106,-0.05236
1.6998,106,-0.05236
1.6991,106,-0.05236
1.6985,106,-0.05236
1.6978,106,-0.05236
1.6972,106,-0.05236
1.6966,106,-0.05236
1.6959,106,-0.05236
1.6953,106,-0.05236
1.6947,106,-0.05236
1.694,106,-0.05236
1.6934,106,-0.05236
1.6927,106,-0.05236
1.6921,106,-0.05236
1.6915,106,-0.05236
1.6908,106,-0.05236
1.6902,106,-0.05236
1.6896,106,-0.05236
1.6889,106,-0.05236
1.6883,106,-0.05236
1.6877,106,-0.05236
1.687,106,-0.05236
1.6864,106,-0.05236
1.6857,106,-0.05236
1.6851,106,-0.05236
1.6845,106,-0.05236
1.6838,106,-0.05236
1.6832,106,-0.05236
1.6826,106,-0.05236
1.6819,106,-0.05236
1.6813,106,-0.05236
1.6807,106,-0.05236
1.6801,106,-0.05236
1.6794,106,-0.05236
1.6788,106,-0.05236
1.6782,106,-0.05236
1.6775,106,-0.05236
1.6769,106,-0.05236
1.6763,106,-0.05236
1.6756,106,-0.05236
1.675,106,-0.05236
1.6744,106,-0.05236
1.6737,106,-0.05236
1.6731,106,-0.05236
1.6725,106,-0.05236
1.6719,106,-0.05236
1.6712,106,-0.05236
1.6706,106,-0.05236
1.67,106,-0.05236
1.6693,106,-0.05236
1.6687,106,-0.05236
1.6681,106,-0.05236
1.6675,106,-0.05236
1.6668,106,-0.05236
1.6662,106,-0.05236
1.6656,106,-0.05236
1.6649,106,-0.05236
1.6643,106,-0.05236
1.6637,106,-0.05236
1.6631,106,-0.05236
1.6624,106,-0.05236
1.6618,106,-0.05236
1.6612,106,-0.05236
1.6606,106,-0.05236
1.6599,106,-0.05236
1.6593,106,-0.05236
1.6587,106,-0.05236
1.6581,106,-0.05236
1.6574,106,-0.05236
1.6568,106,-0.05236
1.6562,106,-0.05236
1.6556,106,-0.05236
1.6549,106,-0.05236
1.6543,106,-0.05236
1.6537,106,-0.05236
1.6531,106,-0.05236
1.6524,106,-0.05236
1.6518,106,-0.05236
1.6512,106,-0.05236
1.6506,106,-0.05236
1.65,106,-0.05236
1.6493,106,-0.05236
1.6487,106,-0.05236
1.6481,106,-0.05236
1.6475,106,-0.05236
1.6469,106,-0.05236
1.6462,106,-0.05236
1.6456,106,-0.05236
1.645,106,-0.05236
1.6444,106,-0.05236
1.6438,106,-0.05236
1.6431,106,-0.05236
1.6425,106,-0.05236
1.6419,106,-0.05236
1.6413,106,-0.05236
1.6407,106,-0.05236
1.64,106,-0.05236
1.6394,106,-0.05236
1.6388,106,-0.05236
1.6382,106,-0.05236
1.6376,106,-0.05236
1.6369,106,-0.05236
1.6363,106,-0.05236
1.6357,106,-0.05236
1.6351,106,-0.05236
1.6345,106,-0.05236
1.6339,106,-0.05236
1.6332,106,-0.05236
1.6326,106,-0.05236
1.632,106,-0.05236
1.6314,106,-0.05236
1.6308,106,-0.05236
1.6302,106,-0.05236
1.6296,106,-0.05236
1.6289,106,-0.05236
1.6283,106,-0.05236
1.6277,106,-0.05236
1.6271,106,-0.05236
1.6265,106,-0.05236
1.6259,106,-0.05236
1.6253,106,-0.05236
1.6246,106,-0.05236
1.624,106,-0.05236
1.6234,106,-0.05236
1.6228,106,-0.05236
1.6222,106,-0.05236
1.6216,106,-0.05236
1.621,106,-0.05236
1.6204,106,-0.05236
1.6198,106,-0.05236
1.6191,106,-0.05236
1.6185,106,-0.05236
1.6179,106,-0.05236
1.6173,106,-0.05236
1.6167,106,-0.05236
1.6161,106,-0.05236
1.6155,106,-0.05236
1.6149,106,-0.05236
1.6143,106,-0.05236
1.6137,106,-0.05236
1.613,106,-0.05236
1.6124,106,-0.05236
1.6118,106,-0.05236
1.6112,106,-0.05236
1.6106,106,-0.05236
1.61,106,-0.05236
1.6094,106,-0.05236
1.6088,106,-0.05236
1.6082,106,-0.05236
1.6076,106,-0.05236
1.607,106,-0.05236
1.6064,106,-0.05236
1.6058,106,-0.05236
1.6051,106,-0.05236
1.6045,106,-0.05236
1.6039,106,-0.05236
1.6033,106,-0.05236
1.6027,106,-0.05236
1.6021,106,-0.05236
1.6015,106,-0.05236
1.6009,106,-0.05236
1.6003,106,-0.05236
1.5997,106,-0.05236
1.5991,106,-0.05236
1.5985,106,-0.05236
1.5979,106,-0.05236
1.5973,106,-0.05236
1.5967,106,-0.05236
1.5961,106,-0.05236
1.5955,106,-0.05236
1.5949,106,-0.05236
1.5943,106,-0.05236
1.5937,106,-0.05236
1.5931,106,-0.05236
1.5925,106,-0.05236
1.5919,106,-0.05236
1.5913,106,-0.05236
1.5907,106,-0.05236
1.5901,106,-0.05236
1.5895,106,-0.05236
1.5889,106,-0.05236
1.5883,106,-0.05236
1.5877,106,-0.05236
1.5871,106,-0.05236
1.5865,106,-0.05236
1.5859,106,-0.05236
1.5853,106,-0.05236
1.5847,106,-0.05236
1.5841,106,-0.05236
1.5835,106,-0.05236
1.5829,106,-0.05236
1.5823,106,-0.05236
1.5817,106,-0.05236
1.5811,106,-0.05236
1.5805,106,-0.05236
1.5799,106,-0.05236
1.5793,106,-0.05236
1.5787,106,-0.05236
1.5781,106,-0.05236
1.5775,106,-0.05236
1.5769,106,-0.05236
1.5763,106,-0.05236
1.5757,106,-0.05236
1.5751,106,-0.05236
1.5745,106,-0.05236
1.5739,106,-0.05236
1.5733,106,-0.05236
1.5727,106,-0.05236
1.5721,106,-0.05236
1.5715,106,-0.05236
1.5709,106,-0.05236
1.5704,106,-0.05236
1.5698,106,-0.05236
1.5692,106,-0.05236
1.5686,106,-0.05236
1.568,106,-0.05236
1.5674,106,-0.05236
1.5668,106,-0.05236
1.5662,106,-0.05236
1.5656,106,-0.05236
1.565,106,-0.05236
1.5644,106,-0.05236
1.5638,106,-0.05236
1.5632,106,-0.05236
1.5626,106,-0.05236
1.5621,106,-0.05236
1.5615,106,-0.05236
1.5609,106,-0.05236
1.5603,106,-0.05236
1.5597,106,-0.05236
1.5591,106,-0.05236
1.5585,106,-0.05236
1.5579,106,-0.05236
1.5573,106,-0.05236
1.5567,106,-0.05236
1.5562,106,-0.05236
1.5556,106,-0.05236
1.555,106,-0.05236
1.5544,106,-0.05236
1.5538,106,-0.05236
1.5532,106,-0.05236
1.5526,106,-0.05236
1.552,106,-0.05236
1.5515,106,-0.05236
1.5509,106,-0.05236
1.5503,106,-0.05236
1.5497,106,-0.05236
1.5491,106,-0.05236
1.5485,106,-0.05236
1.5479,106,-0.05236
1.5474,106,-0.05236
1.5468,106,-0.05236
1.5462,106,-0.05236
1.5456,106,-0.05236
1.545,106,-0.05236
1.5444,106,-0.05236
1.5438,106,-0.05236
1.5433,106,-0.05236
1.5427,106,-0.05236
1.5421,106,-0.05236
1.5415,106,-0.05236
1.5409,106,-0.05236
1.5403,106,-0.05236
1.5398,106,-0.05236
1.5392,106,-0.05236
1.5386,106,-0.05236
1.538,106,-0.05236
1.5374,106,-0.05236
1.5368,106,-0.05236
1.5363,106,-0.05236
1.5357,106,-0.05236
1.5351,106,-0.05236
1.5345,106,-0.05236
1.5339,106,-0.05236
1.5334,106,-0.05236
1.5328,106,-0.05236
1.5322,106,-0.05236
1.5316,106,-0.05236
1.531,106,-0.05236
1.5305,106,-0.05236
1.5299,106,-0.05236
1.5293,106,-0.05236
1.5287,106,-0.05236
1.5281,106,-0.05236
1.5276,106,-0.05236
1.527,106,-0.05236
1.5264,106,-0.05236
1.5258,106,-0.05236
1.5252,106,-0.05236
1.5247,106,-0.05236
1.5241,106,-0.05236
1.5235,106,-0.05236
1.5229,106,-0.05236
1.5224,106,-0.05236
1.5218,106,-0.05236
1.5212,106,-0.05236
1.5206,106,-0.05236
1.52,106,-0.05236
1.5195,106,-0.05236
1.5189,106,-0.05236
1.5183,106,-0.05236
1.5177,106,-0.05236
1.5172,106,-0.05236
1.5166,106,-0.05236
1.516,106,-0.05236
1.5154,106,-0.05236
1.5149,106,-0.05236
1.5143,106,-0.05236
1.5137,106,-0.05236
1.5132,106,-0.05236
1.5126,106,-0.05236
1.512,106,-0.05236
1.5114,106,-0.05236
1.5109,106,-0.05236
1.5103,106,-0.05236
1.5097,106,-0.05236
1.5091,106,-0.05236
1.5086,106,-0.05236
1.508,106,-0.05236
1.5074,106,-0.05236
1.5069,106,-0.05236
1.5063,106,-0.05236
1.5057,106,-0.05236
1.5051,106,-0.05236
1.5046,106,-0.05236
1.504,106,-0.05236
1.5034,106,-0.05236
1.5029,106,-0.05236
1.5023,106,-0.05236
1.5017,106,-0.05236
1.5012,106,-0.05236
1.5006,106,-0.05236
1.5,106,-0.05236
1.4994,106,-0.05236
1.4989,106,-0.05236
1.4983,106,-0.05236
1.4977,106,-0.05236
1.4972,106,-0.05236
1.4966,106,-0.05236
1.496,106,-0.05236
1.4955,106,-0.05236
1.4949,106,-0.05236
1.4943,106,-0.05236
1.4938,106,-0.05236
1.4932,106,-0.05236
1.4926,106,-0.05236
1.4921,106,-0.05236
1.4915,106,-0.05236
1.4909,106,-0.05236
1.4904,106,-0.05236
1.4898,106,-0.05236
1.4892,106,-0.05236
1.4887,106,-0.05236
1.4881,106,-0.05236
1.4875,106,-0.05236
1.487,106,-0.05236
1.4864,106,-0.05236
1.4859,106,-0.05236
1.4853,106,-0.05236
1.4847,106,-0.05236
1.4842,106,-0.05236
1.4836,106,-0.05236
1.483,106,-0.05236
1.4825,106,-0.05236
1.4819,106,-0.05236
1.4813,106,-0.05236
1.4808,106,-0.05236
1.4802,106,-0.05236
1.4797,106,-0.05236
1.4791,106,-0.05236
1.4785,106,-0.05236
1.478,106,-0.05236
1.4774,106,-0.05236
1.4769,106,-0.05236
1.4763,106,-0.05236
1.4757,106,-0.05236
1.4752,106,-0.05236
1.4746,106,-0.05236
1.4741,106,-0.05236
1.4735,106,-0.05236
1.4729,106,-0.05236
1.4724,106,-0.05236
1.4718,106,-0.05236
1.4713,106,-0.05236
1.4707,106,-0.05236
1.4701,106,-0.05236
1.4696,106,-0.05236
1.469,106,-0.05236
1.4685,106,-0.05236
1.4679,106,-0.05236
1.4674,106,-0.05236
1.4668,106,-0.05236
1.4662,106,-0.05236
1.4657,106,-0.05236
1.4651,106,-0.05236
1.4646,106,-0.05236
1.464,106,-0.05236
1.4635,106,-0.05236
1.4629,106,-0.05236
1.4623,106,-0.05236
1.4618,106,-0.05236
1.4612,106,-0.05236
1.4607,106,-0.05236
1.4601,106,-0.05236
1.4596,106,-0.05236
1.459,106,-0.05236
1.4585,106,-0.05236
1.4579,106,-0.05236
1.4574,106,-0.05236
1.4568,106,-0.05236
1.4562,106,-0.05236
1.4557,106,-0.05236
1.4551,106,-0.05236
1.4546,106,-0.05236
1.454,106,-0.05236
1.4535,106,-0.05236
1.4529,106,-0.05236
1.4524,106,-0.05236
1.4518,106,-0.05236
1.4513,106,-0.05236
1.4507,106,-0.05236
1.4502,106,-0.05236
1.4496,106,-0.05236
1.4491,106,-0.05236
1.4485,106,-0.05236
1.448,106,-0.05236
1.4474,106,-0.05236
1.4469,106,-0.05236
1.4463,106,-0.05236
1.4458,106,-0.05236
1.4452,106,-0.05236
1.4447,106,-0.05236
1.4441,106,-0.05236
1.4436,106,-0.05236
1.443,106,-0.05236
1.4425,106,-0.05236
1.4419,106,-0.05236
1.4414,106,-0.05236
1.4408,106,-0.05236
1.4403,106,-0.05236
1.4397,106,-0.05236
1.4392,106,-0.05236
1.4386,106,-0.05236
1.4381,106,-0.05236
1.4375,106,-0.05236
1.437,106,-0.05236
1.4364,106,-0.05236
1.4359,106,-0.05236
1.4354,106,-0.05236
1.4348,106,-0.05236
1.4343,106,-0.05236
1.4337,106,-0.05236
1.4332,106,-0.05236
1.4326,106,-0.05236
1.4321,106,-0.05236
1.4315,106,-0.05236
1.431,106,-0.05236
1.4305,106,-0.05236
1.4299,106,-0.05236
1.4294,106,-0.05236
1.4288,106,-0.05236
1.4283,106,-0.05236
1.4277,106,-0.05236
1.4272,106,-0.05236
1.4266,106,-0.05236
1.4261,106,-0.05236
1.4256,106,-0.05236
1.425,106,-0.05236
1.4245,106,-0.05236
1.4239,106,-0.05236
1.4234,106,-0.05236
1.4229,106,-0.05236
1.4223,106,-0.05236
1.4218,106,-0.05236
1.4212,106,-0.05236
1.4207,106,-0.05236
1.4201,106,-0.05236
1.4196,106,-0.05236
1.4191,106,-0.05236
1.4185,106,-0.05236
1.418,106,-0.05236
1.4174,106,-0.05236
1.4169,106,-0.05236
1.4164,106,-0.05236
1.4158,106,-0.05236
1.4153,106,-0.05236
1.4148,106,-0.05236
1.4142,106,-0.05236
1.4137,106,-0.05236
1.4131,106,-0.05236
1.4126,106,-0.05236
1.4121,106,-0.05236
1.4115,106,-0.05236
1.411,106,-0.05236
1.4104,106,-0.05236
1.4099,106,-0.05236
1.4094,106,-0.05236
1.4088,106,-0.05236
1.4083,106,-0.05236
1.4078,106,-0.05236
1.4072,106,-0.05236
1.4067,106,-0.05236
1.4062,106,-0.05236
1.4056,106,-0.05236
1.4051,106,-0.05236
1.4046,106,-0.05236
1.404,106,-0.05236
1.4035,106,-0.05236
1.4029,106,-0.05236
1.4024,106,-0.05236
1.4019,106,-0.05236
1.4013,106,-0.05236
1.4008,106,-0.05236
1.4003,106,-0.05236
1.3997,106,-0.05236
1.3992,106,-0.05236
1.3987,106,-0.05236
1.3981,106,-0.05236
1.3976,106,-0.05236
1.3971,106,-0.05236
1.3966,106,-0.05236
1.396,106,-0.05236
1.3955,106,-0.05236
1.395,106,-0.05236
1.3944,106,-0.05236
1.3939,106,-0.05236
1.3934,106,-0.05236
1.3928,106,-0.05236
1.3923,106,-0.05236
1.3918,106,-0.05236
1.3912,106,-0.05236
1.3907,106,-0.05236
1.3902,106,-0.05236
1.3897,106,-0.05236
1.3891,106,-0.05236
1.3886,106,-0.05236
1.3881,106,-0.05236
1.3875,106,-0.05236
1.387,106,-0.05236
1.3865,106,-0.05236
1.3859,106,-0.05236
1.3854,106,-0.05236
1.3849,106,-0.05236
1.3844,106,-0.05236
1.3838,106,-0.05236
1.3833,106,-0.05236
1.3828,106,-0.05236
1.3823,106,-0.05236
1.3817,106,-0.05236
1.3812,106,-0.05236
1.3807,106,-0.05236
1.3801,106,-0.05236
1.3796,106,-0.05236
1.3791,106,-0.05236
1.3786,106,-0.05236
1.378,106,-0.05236
1.3775,106,-0.05236
1.377,106,-0.05236
1.3765,106,-0.05236
1.3759,106,-0.05236
1.3754,106,-0.05236
1.3749,106,-0.05236
1.3744,106,-0.05236
1.3738,106,-0.05236
1.3733,106,-0.05236
1.3728,106,-0.05236
1.3723,106,-0.05236
1.3718,106,-0.05236
1.3712,106,-0.05236
1.3707,106,-0.05236
1.3702,106,-0.05236
1.3697,106,-0.05236
1.3691,106,-0.05236
1.3686,106,-0.05236
1.3681,106,-0.05236
1.3676,106,-0.05236
1.3671,106,-0.05236
1.3665,106,-0.05236
1.366,106,-0.05236
1.3655,106,-0.05236
1.365,106,-0.05236
1.3644,106,-0.05236
1.3639,106,-0.05236
1.3634,106,-0.05236
1.3629,106,-0.05236
1.3624,106,-0.05236
1.3618,106,-0.05236
1.3613,106,-0.05236
1.3608,106,-0.05236
1.3603,106,-0.05236
1.3598,106,-0.05236
1.3593,106,-0.05236
1.3587,106,-0.05236
1.3582,106,-0.05236
1.3577,106,-0.05236
1.3572,106,-0.05236
1.3567,106,-0.05236
1.3561,106,-0.05236
1.3556,106,-0.05236
1.3551,106,-0.05236
1.3546,106,-0.05236
1.3541,106,-0.05236
1.3536,106,-0.05236
1.353,106,-0.05236
1.3525,106,-0.05236
1.352,106,-0.05236
1.3515,106,-0.05236
1.351,106,-0.05236
1.3505,106,-0.05236
1.3499,106,-0.05236
1.3494,106,-0.05236
1.3489,106,-0.05236
1.3484,106,-0.05236
1.3479,106,-0.05236
1.3474,106,-0.05236
1.3469,106,-0.05236
1.3463,106,-0.05236
1.3458,106,-0.05236
1.3453,106,-0.05236
1.3448,106,-0.05236
1.3443,106,-0.05236
1.3438,106,-0.05236
1.3433,106,-0.05236
1.3428,106,-0.05236
1.3422,106,-0.05236
1.3417,106,-0.05236
1.3412,106,-0.05236
1.3407,106,-0.05236
1.3402,106,-0.05236
1.3397,106,-0.05236
1.3392,106,-0.05236
1.3387,106,-0.05236
1.3381,106,-0.05236
1.3376,106,-0.05236
1.3371,106,-0.05236
1.3366,106,-0.05236
1.3361,106,-0.05236
1.3356,106,-0.05236
1.3351,106,-0.05236
1.3346,106,-0.05236
1.3341,106,-0.05236
1.3336,106,-0.05236
1.333,106,-0.05236
1.3325,106,-0.05236
1.332,106,-0.05236
1.3315,106,-0.05236
1.331,106,-0.05236
1.3305,106,-0.05236
1.33,106,-0.05236
1.3295,106,-0.05236
1.329,106,-0.05236
1.3285,106,-0.05236
1.328,106,-0.05236
1.3275,106,-0.05236
1.3269,106,-0.05236
1.3264,106,-0.05236
1.3259,106,-0.05236
1.3254,106,-0.05236
1.3249,106,-0.05236
1.3244,106,-0.05236
1.3239,106,-0.05236
1.3234,106,-0.05236
1.3229,106,-0.05236
1.3224,106,-0.05236
1.3219,106,-0.05236
1.3214,106,-0.05236
1.3209,106,-0.05236
1.3204,106,-0.05236
1.3199,106,-0.05236
1.3194,106,-0.05236
1.3189,106,-0.05236
1.3184,106,-0.05236
1.3179,106,-0.05236
1.3173,106,-0.05236
1.3168,106,-0.05236
1.3163,106,-0.05236
1.3158,106,-0.05236
1.3153,106,-0.05236
1.3148,106,-0.05236
1.3143,106,-0.05236
1.3138,106,-0.05236
1.3133,106,-0.05236
1.3128,106,-0.05236
1.3123,106,-0.05236
1.3118,106,-0.05236
1.3113,106,-0.05236
1.3108,106,-0.05236
1.3103,106,-0.05236
1.3098,106,-0.05236
1.3093,106,-0.05236
1.3088,106,-0.05236
1.3083,106,-0.05236
1.3078,106,-0.05236
1.3073,106,-0.05236
1.3068,106,-0.05236
1.3063,106,-0.05236
1.3058,106,-0.05236
1.3053,106,-0.05236
1.3048,106,-0.05236
1.3043,106,-0.05236
1.3038,106,-0.05236
1.3033,106,-0.05236
1.3028,106,-0.05236
1.3023,106,-0.05236
1.3018,106,-0.05236
1.3013,106,-0.05236
1.3008,106,-0.05236
1.3003,106,-0.05236
1.2998,106,-0.05236
1.2993,106,-0.05236
1.2988,106,-0.05236
1.2983,106,-0.05236
1.2978,106,-0.05236
1.2974,106,-0.05236
1.2969,106,-0.05236
1.2964,106,-0.05236
1.2959,106,-0.05236
1.2954,106,-0.05236
1.2949,106,-0.05236
1.2944,106,-0.05236
1.2939,106,-0.05236
1.2934,106,-0.05236
1.2929,106,-0.05236
1.2924,106,-0.05236
1.2919,106,-0.05236
1.2914,106,-0.05236
1.2909,106,-0.05236
1.2904,106,-0.05236
1.2899,106,-0.05236
1.2894,106,-0.05236
1.2889,106,-0.05236
1.2884,106,-0.05236
1.288,106,-0.05236
1.2875,106,-0.05236
1.287,106,-0.05236
1.2865,106,-0.05236
1.286,106,-0.05236
1.2855,106,-0.05236
1.285,106,-0.05236
1.2845,106,-0.05236
1.284,106,-0.05236
1.2835,106,-0.05236
1.283,106,-0.05236
1.2825,106,-0.05236
1.2821,106,-0.05236
1.2816,106,-0.05236
1.2811,106,-0.05236
1.2806,106,-0.05236
1.2801,106,-0.05236
1.2796,106,-0.05236
1.2791,106,-0.05236
1.2786,106,-0.05236
1.2781,106,-0.05236
1.2776,106,-0.05236
1.2772,106,-0.05236
1.2767,106,-0.05236
1.2762,106,-0.05236
1.2757,106,-0.05236
1.2752,106,-0.05236
1.2747,106,-0.05236
1.2742,106,-0.05236
1.2737,106,-0.05236
1.2732,106,-0.05236
1.2728,106,-0.05236
1.2723,106,-0.05236
1.2718,106,-0.05236
1.2713,106,-0.05236
1.2708,106,-0.05236
1.2703,106,-0.05236
1.2698,106,-0.05236
1.2694,106,-0.05236
1.2689,106,-0.05236
1.2684,106,-0.05236
1.2679,106,-0.05236
1.2674,106,-0.05236
1.2669,106,-0.05236
1.2664,106,-0.05236
1.266,106,-0.05236
1.2655,106,-0.05236
1.265,106,-0.05236
1.2645,106,-0.05236
1.264,106,-0.05236
1.2635,106,-0.05236
1.263,106,-0.05236
1.2626,106,-0.05236
1.2621,106,-0.05236
1.2616,106,-0.05236
1.2611,106,-0.05236
1.2606,106,-0.05236
1.2601,106,-0.05236
1.2597,106,-0.05236
1.2592,106,-0.05236
1.2587,106,-0.05236
1.2582,106,-0.05236
1.2577,106,-0.05236
1.2573,106,-0.05236
1.2568,106,-0.05236
1.2563,106,-0.05236
1.2558,106,-0.05236
1.2553,106,-0.05236
1.2548,106,-0.05236
1.2544,106,-0.05236
1.2539,106,-0.05236
1.2534,106,-0.05236
1.2529,106,-0.05236
1.2524,106,-0.05236
1.252,106,-0.05236
1.2515,106,-0.05236
1.251,106,-0.05236
1.2505,106,-0.05236
1.25,106,-0.05236
1.2496,106,-0.05236
1.2491,106,-0.05236
1.2486,106,-0.05236
1.2481,106,-0.05236
1.2477,106,-0.05236
1.2472,106,-0.05236
1.2467,106,-0.05236
1.2462,106,-0.05236
1.2457,106,-0.05236
1.2453,106,-0.05236
1.2448,106,-0.05236
1.2443,106,-0.05236
1.2438,106,-0.05236
1.2434,106,-0.05236
1.2429,106,-0.05236
1.2424,106,-0.05236
1.2419,106,-0.05236
1.2415,106,-0.05236
1.241,106,-0.05236
1.2405,106,-0.05236
1.24,106,-0.05236
1.2395,106,-0.05236
1.2391,106,-0.05236
1.2386,106,-0.05236
1.2381,106,-0.05236
1.2376,106,-0.05236
1.2372,106,-0.05236
1.2367,106,-0.05236
1.2362,106,-0.05236
1.2358,106,-0.05236
1.2353,106,-0.05236
1.2348,106,-0.05236
1.2343,106,-0.05236
1.2339,106,-0.05236
1.2334,106,-0.05236
1.2329,106,-0.05236
1.2324,106,-0.05236
1.232,106,-0.05236
1.2315,106,-0.05236
1.231,106,-0.05236
1.2305,106,-0.05236
1.2301,106,-0.05236
1.2296,106,-0.05236
1.2291,106,-0.05236
1.2287,106,-0.05236
1.2282,106,-0.05236
1.2277,106,-0.05236
1.2272,106,-0.05236
1.2268,106,-0.05236
1.2263,106,-0.05236
1.2258,106,-0.05236
1.2254,106,-0.05236
1.2249,106,-0.05236
1.2244,106,-0.05236
1.224,106,-0.05236
1.2235,106,-0.05236
1.223,106,-0.05236
1.2225,106,-0.05236
1.2221,106,-0.05236
1.2216,106,-0.05236
1.2211,106,-0.05236
1.2207,106,-0.05236
1.2202,106,-0.05236
1.2197,106,-0.05236
1.2193,106,-0.05236
1.2188,106,-0.05236
1.2183,106,-0.05236
1.2179,106,-0.05236
1.2174,106,-0.05236
1.2169,106,-0.05236
1.2165,106,-0.05236
1.216,106,-0.05236
1.2155,106,-0.05236
1.2151,106,-0.05236
1.2146,106,-0.05236
1.2141,106,-0.05236
1.2137,106,-0.05236
1.2132,106,-0.05236
1.2127,106,-0.05236
1.2123,106,-0.05236
1.2118,106,-0.05236
1.2113,106,-0.05236
1.2109,106,-0.05236
1.2104,106,-0.05236
1.2099,106,-0.05236
1.2095,106,-0.05236
1.209,106,-0.05236
1.2086,106,-0.05236
1.2081,106,-0.05236
1.2076,106,-0.05236
1.2072,106,-0.05236
1.2067,106,-0.05236
1.2062,106,-0.05236
1.2058,106,-0.05236
1.2053,106,-0.05236
1.2048,106,-0.05236
1.2044,106,-0.05236
1.2039,106,-0.05236
1.2035,106,-0.05236
1.203,106,-0.05236
1.2025,106,-0.05236
1.2021,106,-0.05236
1.2016,106,-0.05236
1.2011,106,-0.05236
1.2007,106,-0.05236
1.2002,106,-0.05236
1.1998,106,-0.05236
1.1993,106,-0.05236
1.1988,106,-0.05236
1.1984,106,-0.05236
1.1979,106,-0.05236
1.1975,106,-0.05236
1.197,106,-0.05236
1.1965,106,-0.05236
1.1961,106,-0.05236
1.1956,106,-0.05236
1.1952,106,-0.05236
1.1947,106,-0.05236
1.1942,106,-0.05236
1.1938,106,-0.05236
1.1933,106,-0.05236
1.1929,106,-0.05236
1.1924,106,-0.05236
1.192,106,-0.05236
1.1915,106,-0.05236
1.191,106,-0.05236
1.1906,106,-0.05236
1.1901,106,-0.05236
1.1897,106,-0.05236
1.1892,106,-0.05236
1.1888,106,-0.05236
1.1883,106,-0.05236
1.1878,106,-0.05236
1.1874,106,-0.05236
1.1869,106,-0.05236
1.1865,106,-0.05236
1.186,106,-0.05236
1.1856,106,-0.05236
1.1851,106,-0.05236
1.1847,106,-0.05236
1.1842,106,-0.05236
1.1837,106,-0.05236
1.1833,106,-0.05236
1.1828,106,-0.05236
1.1824,106,-0.05236
1.1819,106,-0.05236
1.1815,106,-0.05236
1.181,106,-0.05236
1.1806,106,-0.05236
1.1801,106,-0.05236
1.1797,106,-0.05236
1.1792,106,-0.05236
1.1787,106,-0.05236
1.1783,106,-0.05236
1.1778,106,-0.05236
1.1774,106,-0.05236
1.1769,106,-0.05236
1.1765,106,-0.05236
1.176,106,-0.05236
1.1756,106,-0.05236
1.1751,106,-0.05236
1.1747,106,-0.05236
1.1742,106,-0.05236
1.1738,106,-0.05236
1.1733,106,-0.05236
1.1729,106,-0.05236
1.1724,106,-0.05236
1.172,106,-0.05236
1.1715,106,-0.05236
1.1711,106,-0.05236
1.1706,106,-0.05236
1.1702,106,-0.05236
1.1697,106,-0.05236
1.1693,106,-0.05236
1.1688,106,-0.05236
1.1684,106,-0.05236
1.1679,106,-0.05236
1.1675,106,-0.05236
1.167,106,-0.05236
1.1666,106,-0.05236
1.1661,106,-0.05236
1.1657,106,-0.05236
1.1652,106,-0.05236
1.1648,106,-0.05236
1.1643,106,-0.05236
1.1639,106,-0.05236
1.1634,106,-0.05236
1.163,106,-0.05236
1.1625,106,-0.05236
1.1621,106,-0.05236
1.1616,106,-0.05236
1.1612,106,-0.05236
1.1608,106,-0.05236
1.1603,106,-0.05236
1.1599,106,-0.05236
1.1594,106,-0.05236
1.159,106,-0.05236
1.1585,106,-0.05236
1.1581,106,-0.05236
1.1576,106,-0.05236
1.1572,106,-0.05236
1.1567,106,-0.05236
1.1563,106,-0.05236
1.1559,106,-0.05236
1.1554,106,-0.05236
1.155,106,-0.05236
1.1545,106,-0.05236
1.1541,106,-0.05236
1.1536,106,-0.05236
1.1532,106,-0.05236
1.1527,106,-0.05236
1.1523,106,-0.05236
1.1519,106,-0.05236
1.1514,106,-0.05236
1.151,106,-0.05236
1.1505,106,-0.05236
1.1501,106,-0.05236
1.1496,106,-0.05236
1.1492,106,-0.05236
1.1488,106,-0.05236
1.1483,106,-0.05236
1.1479,106,-0.05236
1.1474,106,-0.05236
1.147,106,-0.05236
1.1466,106,-0.05236
1.1461,106,-0.05236
1.1457,106,-0.05236
1.1452,106,-0.05236
1.1448,106,-0.05236
1.1443,106,-0.05236
1.1439,106,-0.05236
1.1435,106,-0.05236
1.143,106,-0.05236
1.1426,106,-0.05236
1.1421,106,-0.05236
1.1417,106,-0.05236
1.1413,106,-0.05236
1.1408,106,-0.05236
1.1404,106,-0.05236
1.14,106,-0.05236
1.1395,106,-0.05236
1.1391,106,-0.05236
1.1386,106,-0.05236
1.1382,106,-0.05236
1.1378,106,-0.05236
1.1373,106,-0.05236
1.1369,106,-0.05236
1.1364,106,-0.05236
1.136,106,-0.05236
1.1356,106,-0.05236
1.1351,106,-0.05236
1.1347,106,-0.05236
1.1343,106,-0.05236
1.1338,106,-0.05236
1.1334,106,-0.05236
1.1329,106,-0.05236
1.1325,106,-0.05236
1.1321,106,-0.05236
1.1316,106,-0.05236
1.1312,106,-0.05236
1.1308,106,-0.05236
1.1303,106,-0.05236
1.1299,106,-0.05236
1.1295,106,-0.05236
1.129,106,-0.05236
1.1286,106,-0.05236
1.1282,106,-0.05236
1.1277,106,-0.05236
1.1273,106,-0.05236
1.1269,106,-0.05236
1.1264,106,-0.05236
1.126,106,-0.05236
1.1256,106,-0.05236
1.1251,106,-0.05236
1.1247,106,-0.05236
1.1243,106,-0.05236
1.1238,106,-0.05236
1.1234,106,-0.05236
1.123,106,-0.05236
1.1225,106,-0.05236
1.1221,106,-0.05236
1.1217,106,-0.05236
1.1212,106,-0.05236
1.1208,106,-0.05236
1.1204,106,-0.05236
1.1199,106,-0.05236
1.1195,106,-0.05236
1.1191,106,-0.05236
1.1186,106,-0.05236
1.1182,106,-0.05236
1.1178,106,-0.05236
1.1173,106,-0.05236
1.1169,106,-0.05236
1.1165,106,-0.05236
1.1161,106,-0.05236
1.1156,106,-0.05236
1.1152,106,-0.05236
1.1148,106,-0.05236
1.1143,106,-0.05236
1.1139,106,-0.05236
1.1135,106,-0.05236
1.113,106,-0.05236
1.1126,106,-0.05236
1.1122,106,-0.05236
1.1118,106,-0.05236
1.1113,106,-0.05236
1.1109,106,-0.05236
1.1105,106,-0.05236
1.11,106,-0.05236
1.1096,106,-0.05236
1.1092,106,-0.05236
1.1088,106,-0.05236
1.1083,106,-0.05236
1.1079,106,-0.05236
1.1075,106,-0.05236
1.1071,106,-0.05236
1.1066,106,-0.05236
1.1062,106,-0.05236
1.1058,106,-0.05236
1.1054,106,-0.05236
1.1049,106,-0.05236
1.1045,106,-0.05236
1.1041,106,-0.05236
1.1036,106,-0.05236
1.1032,106,-0.05236
1.1028,106,-0.05236
1.1024,106,-0.05236
1.1019,106,-0.05236
1.1015,106,-0.05236
1.1011,106,-0.05236
1.1007,106,-0.05236
1.1003,106,-0.05236
1.0998,106,-0.05236
1.0994,106,-0.05236
1.099,106,-0.05236
1.0986,106,-0.05236
1.0981,106,-0.05236
1.0977,106,-0.05236
1.0973,106,-0.05236
1.0969,106,-0.05236
1.0964,106,-0.05236
1.096,106,-0.05236
1.0956,106,-0.05236
1.0952,106,-0.05236
1.0947,106,-0.05236
1.0943,106,-0.05236
1.0939,106,-0.05236
1.0935,106,-0.05236
1.0931,106,-0.05236
1.0926,106,-0.05236
1.0922,106,-0.05236
1.0918,106,-0.05236
1.0914,106,-0.05236
1.091,106,-0.05236
1.0905,106,-0.05236
1.0901,106,-0.05236
1.0897,106,-0.05236
1.0893,106,-0.05236
1.0889,106,-0.05236
1.0884,106,-0.05236
1.088,106,-0.05236
1.0876,106,-0.05236
1.0872,106,-0.05236
1.0868,106,-0.05236
1.0863,106,-0.05236
1.0859,106,-0.05236
1.0855,106,-0.05236
1.0851,106,-0.05236
1.0847,106,-0.05236
1.0842,106,-0.05236
1.0838,106,-0.05236
1.0834,106,-0.05236
1.083,106,-0.05236
1.0826,106,-0.05236
1.0822,106,-0.05236
1.0817,106,-0.05236
1.0813,106,-0.05236
1.0809,106,-0.05236
1.0805,106,-0.05236
1.0801,106,-0.05236
1.0796,106,-0.05236
1.0792,106,-0.05236
1.0788,106,-0.05236
1.0784,106,-0.05236
1.078,106,-0.05236
1.0776,106,-0.05236
1.0772,106,-0.05236
1.0767,106,-0.05236
1.0763,106,-0.05236
1.0759,106,-0.05236
1.0755,106,-0.05236
1.0751,106,-0.05236
1.0747,106,-0.05236
1.0742,106,-0.05236
1.0738,106,-0.05236
1.0734,106,-0.05236
1.073,106,-0.05236
1.0726,106,-0.05236
1.0722,106,-0.05236
1.0718,106,-0.05236
1.0713,106,-0.05236
1.0709,106,-0.05236
1.0705,106,-0.05236
1.0701,106,-0.05236
1.0697,106,-0.05236
1.0693,106,-0.05236
1.0689,106,-0.05236
1.0685,106,-0.05236
1.068,106,-0.05236
1.0676,106,-0.05236
1.0672,106,-0.05236
1.0668,106,-0.05236
1.0664,106,-0.05236
1.066,106,-0.05236
1.0656,106,-0.05236
1.0652,106,-0.05236
1.0648,106,-0.05236
1.0643,106,-0.05236
1.0639,106,-0.05236
1.0635,106,-0.05236
1.0631,106,-0.05236
1.0627,106,-0.05236
1.0623,106,-0.05236
1.0619,106,-0.05236
1.0615,106,-0.05236
1.0611,106,-0.05236
1.0606,106,-0.05236
1.0602,106,-0.05236
1.0598,106,-0.05236
1.0594,106,-0.05236
1.059,106,-0.05236
1.0586,106,-0.05236
1.0582,106,-0.05236
1.0578,106,-0.05236
1.0574,106,-0.05236
1.057,106,-0.05236
1.0566,106,-0.05236
1.0561,106,-0.05236
1.0557,106,-0.05236
1.0553,106,-0.05236
1.0549,106,-0.05236
1.0545,106,-0.05236
1.0541,106,-0.05236
1.0537,106,-0.05236
1.0533,106,-0.05236
1.0529,106,-0.05236
1.0525,106,-0.05236
1.0521,106,-0.05236
1.0517,106,-0.05236
1.0513,106,-0.05236
1.0509,106,-0.05236
1.0505,106,-0.05236
1.05,106,-0.05236
1.0496,106,-0.05236
1.0492,106,-0.05236
1.0488,106,-0.05236
1.0484,106,-0.05236
1.048,106,-0.05236
1.0476,106,-0.05236
1.0472,106,-0.05236
1.0468,106,-0.05236
1.0464,106,-0.05236
1.046,106,-0.05236
1.0456,106,-0.05236
1.0452,106,-0.05236
1.0448,106,-0.05236
1.0444,106,-0.05236
1.044,106,-0.05236
1.0436,106,-0.05236
1.0432,106,-0.05236
1.0428,106,-0.05236
1.0424,106,-0.05236
1.042,106,-0.05236
1.0416,106,-0.05236
1.0412,106,-0.05236
1.0408,106,-0.05236
1.0404,106,-0.05236
1.04,106,-0.05236
1.0396,106,-0.05236
1.0391,106,-0.05236
1.0387,106,-0.05236
1.0383,106,-0.05236
1.0379,106,-0.05236
1.0375,106,-0.05236
1.0371,106,-0.05236
1.0367,106,-0.05236
1.0363,106,-0.05236
1.0359,106,-0.05236
1.0355,106,-0.05236
1.0351,106,-0.05236
1.0347,106,-0.05236
1.0343,106,-0.05236
1.0339,106,-0.05236
1.0335,106,-0.05236
1.0331,106,-0.05236
1.0327,106,-0.05236
1.0323,106,-0.05236
1.0319,106,-0.05236
1.0315,106,-0.05236
1.0311,106,-0.05236
1.0307,106,-0.05236
1.0303,106,-0.05236
1.03,106,-0.05236
1.0296,106,-0.05236
1.0292,106,-0.05236
1.0288,106,-0.05236
1.0284,106,-0.05236
1.028,106,-0.05236
1.0276,106,-0.05236
1.0272,106,-0.05236
1.0268,106,-0.05236
1.0264,106,-0.05236
1.026,106,-0.05236
1.0256,106,-0.05236
1.0252,106,-0.05236
1.0248,106,-0.05236
1.0244,106,-0.05236
1.024,106,-0.05236
1.0236,106,-0.05236
1.0232,106,-0.05236
1.0228,106,-0.05236
1.0224,106,-0.05236
1.022,106,-0.05236
1.0216,106,-0.05236
1.0212,106,-0.05236
1.0208,106,-0.05236
1.0204,106,-0.05236
1.02,106,-0.05236
1.0196,106,-0.05236
1.0193,106,-0.05236
1.0189,106,-0.05236
1.0185,106,-0.05236
1.0181,106,-0.05236
1.0177,106,-0.05236
1.0173,106,-0.05236
1.0169,106,-0.05236
1.0165,106,-0.05236
1.0161,106,-0.05236
1.0157,106,-0.05236
1.0153,106,-0.05236
1.0149,106,-0.05236
1.0145,106,-0.05236
1.0141,106,-0.05236
1.0137,106,-0.05236
1.0134,106,-0.05236
1.013,106,-0.05236
1.0126,106,-0.05236
1.0122,106,-0.05236
1.0118,106,-0.05236
1.0114,106,-0.05236
1.011,106,-0.05236
1.0106,106,-0.05236
1.0102,106,-0.05236
1.0098,106,-0.05236
1.0094,106,-0.05236
1.0091,106,-0.05236
1.0087,106,-0.05236
1.0083,106,-0.05236
1.0079,106,-0.05236
1.0075,106,-0.05236
1.0071,106,-0.05236
1.0067,106,-0.05236
1.0063,106,-0.05236
1.0059,106,-0.05236
1.0055,106,-0.05236
1.0052,106,-0.05236
1.0048,106,-0.05236
1.0044,106,-0.05236
1.004,106,-0.05236
1.0036,106,-0.05236
1.0032,106,-0.05236
1.0028,106,-0.05236
1.0024,106,-0.05236
1.002,106,-0.05236
1.0017,106,-0.05236
1.0013,106,-0.05236
1.0009,106,-0.05236
1.0005,106,-0.05236
1.0001,106,-0.05236
0.99972,106,-0.05236
0.99933,106,-0.05236
0.99895,106,-0.05236
0.99856,106,-0.05236
0.99817,106,-0.05236
0.99779,106,-0.05236
0.9974,106,-0.05236
0.99702,106,-0.05236
0.99663,106,-0.05236
0.99624,106,-0.05236
0.99586,106,-0.05236
0.99547,106,-0.05236
0.99509,106,-0.05236
0.9947,106,-0.05236
0.99432,106,-0.05236
0.99393,106,-0.05236
0.99355,106,-0.05236
0.99316,106,-0.05236
0.99278,106,-0.05236
0.99239,106,-0.05236
0.99201,106,-0.05236
0.99163,106,-0.05236
0.99124,106,-0.05236
0.99086,106,-0.05236
0.99047,106,-0.05236
0.99009,106,-0.05236
0.98971,106,-0.05236
0.98932,106,-0.05236
0.98894,106,-0.05236
0.98856,106,-0.05236
0.98818,106,-0.05236
0.98779,106,-0.05236
0.98741,106,-0.05236
0.98703,106,-0.05236
0.98665,106,-0.05236
0.98626,106,-0.05236
0.98588,106,-0.05236
0.9855,106,-0.05236
0.98512,106,-0.05236
0.98474,106,-0.05236
0.98436,106,-0.05236
0.98398,106,-0.05236
0.98359,106,-0.05236
0.98321,106,-0.05236
0.98283,106,-0.05236
0.98245,106,-0.05236
0.98207,106,-0.05236
0.98169,106,-0.05236
0.98131,106,-0.05236
0.98093,106,-0.05236
0.98055,106,-0.05236
0.98017,106,-0.05236
0.97979,106,-0.05236
0.97941,106,-0.05236
0.97903,106,-0.05236
0.97865,106,-0.05236
0.97827,106,-0.05236
0.9779,106,-0.05236
0.97752,106,-0.05236
0.97714,106,-0.05236
0.97676,106,-0.05236
0.97638,106,-0.05236
0.976,106,-0.05236
0.97562,106,-0.05236
0.97525,106,-0.05236
0.97487,106,-0.05236
0.97449,106,-0.05236
0.97411,106,-0.05236
0.97374,106,-0.05236
0.97336,106,-0.05236
0.97298,106,-0.05236
0.9726,106,-0.05236
0.97223,106,-0.05236
0.97185,106,-0.05236
0.97147,106,-0.05236
0.9711,106,-0.05236
0.97072,106,-0.05236
0.97035,106,-0.05236
0.96997,106,-0.05236
0.96959,106,-0.05236
0.96922,106,-0.05236
0.96884,106,-0.05236
0.96847,106,-0.05236
0.96809,106,-0.05236
0.96772,106,-0.05236
0.96734,106,-0.05236
0.96697,106,-0.05236
0.96659,106,-0.05236
0.96622,106,-0.05236
0.96584,106,-0.05236
0.96547,106,-0.05236
0.9651,106,-0.05236
0.96472,106,-0.05236
0.96435,106,-0.05236
0.96397,106,-0.05236
0.9636,106,-0.05236
0.96323,106,-0.05236
0.96285,106,-0.05236
0.96248,106,-0.05236
0.96211,106,-0.05236
0.96173,106,-0.05236
0.96136,106,-0.05236
0.96099,106,-0.05236
0.96062,106,-0.05236
0.96024,106,-0.05236
0.95987,106,-0.05236
0.9595,106,-0.05236
0.95913,106,-0.05236
0.95876,106,-0.05236
0.95838,106,-0.05236
0.95801,106,-0.05236
0.95764,106,-0.05236
0.95727,106,-0.05236
0.9569,106,-0.05236
0.95653,106,-0.05236
0.95616,106,-0.05236
0.95579,106,-0.05236
0.95542,106,-0.05236
0.95505,106,-0.05236
0.95468,106,-0.05236
0.95431,106,-0.05236
0.95394,106,-0.05236
0.95357,106,-0.05236
0.9532,106,-0.05236
0.95283,106,-0.05236
0.95246,106,-0.05236
0.95209,106,-0.05236
0.95172,106,-0.05236
0.95135,106,-0.05236
0.95098,106,-0.05236
0.95061,106,-0.05236
0.95024,106,-0.05236
0.94987,106,-0.05236
0.94951,106,-0.05236
0.94914,106,-0.05236
0.94877,106,-0.05236
0.9484,106,-0.05236
0.94803,106,-0.05236
0.94767,106,-0.05236
0.9473,106,-0.05236
0.94693,106,-0.05236
0.94656,106,-0.05236
0.9462,106,-0.05236
0.94583,106,-0.05236
0.94546,106,-0.05236
0.9451,106,-0.05236
0.94473,106,-0.05236
0.94436,106,-0.05236
0.944,106,-0.05236
0.94363,106,-0.05236
0.94327,106,-0.05236
0.9429,106,-0.05236
0.94253,106,-0.05236
0.94217,106,-0.05236
0.9418,106,-0.05236
0.94144,106,-0.05236
0.94107,106,-0.05236
0.94071,106,-0.05236
0.94034,106,-0.05236
0.93998,106,-0.05236
0.93961,106,-0.05236
0.93925,106,-0.05236
0.93888,106,-0.05236
0.93852,106,-0.05236
0.93816,106,-0.05236
0.93779,106,-0.05236
0.93743,106,-0.05236
0.93706,106,-0.05236
0.9367,106,-0.05236
0.93634,106,-0.05236
0.93597,106,-0.05236
0.93561,106,-0.05236
0.93525,106,-0.05236
0.93489,106,-0.05236
0.93452,106,-0.05236
0.93416,106,-0.05236
0.9338,106,-0.05236
0.93344,106,-0.05236
0.93307,106,-0.05236
0.93271,106,-0.05236
0.93235,106,-0.05236
0.93199,106,-0.05236
0.93163,106,-0.05236
0.93126,106,-0.05236
0.9309,106,-0.05236
0.93054,106,-0.05236
0.93018,106,-0.05236
0.92982,106,-0.05236
0.92946,106,-0.05236
0.9291,106,-0.05236
0.92874,106,-0.05236
0.92838,106,-0.05236
0.92802,106,-0.05236
0.92766,106,-0.05236
0.9273,106,-0.05236
0.92694,106,-0.05236
0.92658,106,-0.05236
0.92622,106,-0.05236
0.92586,106,-0.05236
0.9255,106,-0.05236
0.92514,106,-0.05236
0.92478,106,-0.05236
0.92442,106,-0.05236
0.92406,106,-0.05236
0.9237,106,-0.05236
0.92335,106,-0.05236
0.92299,106,-0.05236
0.92263,106,-0.05236
0.92227,106,-0.05236
0.92191,106,-0.05236
0.92155,106,-0.05236
0.9212,106,-0.05236
0.92084,106,-0.05236
0.92048,106,-0.05236
0.92012,106,-0.05236
0.91977,106,-0.05236
0.91941,106,-0.05236
0.91905,106,-0.05236
0.9187,106,-0.05236
0.91834,106,-0.05236
0.91798,106,-0.05236
0.91763,106,-0.05236
0.91727,106,-0.05236
0.91691,106,-0.05236
0.91656,106,-0.05236
0.9162,106,-0.05236
0.91585,106,-0.05236
0.91549,106,-0.05236
0.91514,106,-0.05236
0.91478,106,-0.05236
0.91443,106,-0.05236
0.91407,106,-0.05236
0.91372,106,-0.05236
0.91336,106,-0.05236
0.91301,106,-0.05236
0.91265,106,-0.05236
0.9123,106,-0.05236
0.91194,106,-0.05236
0.91159,106,-0.05236
0.91123,106,-0.05236
0.91088,106,-0.05236
0.91053,106,-0.05236
0.91017,106,-0.05236
0.90982,106,-0.05236
0.90947,106,-0.05236
0.90911,106,-0.05236
0.90876,106,-0.05236
0.90841,106,-0.05236
0.90805,106,-0.05236
0.9077,106,-0.05236
0.90735,106,-0.05236
0.907,106,-0.05236
0.90664,106,-0.05236
0.90629,106,-0.05236
0.90594,106,-0.05236
0.90559,106,-0.05236
0.90524,106,-0.05236
0.90489,106,-0.05236
0.90453,106,-0.05236
0.90418,106,-0.05236
0.90383,106,-0.05236
0.90348,106,-0.05236
0.90313,106,-0.05236
0.90278,106,-0.05236
0.90243,106,-0.05236
0.90208,106,-0.05236
0.90173,106,-0.05236
0.90138,106,-0.05236
0.90103,106,-0.05236
0.90068,106,-0.05236
0.90033,106,-0.05236
0.89998,106,-0.05236
0.89963,106,-0.05236
0.89928,106,-0.05236
0.89893,106,-0.05236
0.89858,106,-0.05236
0.89823,106,-0.05236
0.89788,106,-0.05236
0.89753,106,-0.05236
0.89718,106,-0.05236
0.89683,106,-0.05236
0.89649,106,-0.05236
0.89614,106,-0.05236
0.89579,106,-0.05236
0.89544,106,-0.05236
0.89509,106,-0.05236
0.89475,106,-0.05236
0.8944,106,-0.05236
0.89405,106,-0.05236
0.8937,106,-0.05236
0.89336,106,-0.05236
0.89301,106,-0.05236
0.89266,106,-0.05236
0.89231,106,-0.05236
0.89197,106,-0.05236
0.89162,106,-0.05236
0.89127,106,-0.05236
0.89093,106,-0.05236
0.89058,106,-0.05236
0.89024,106,-0.05236
0.88989,106,-0.05236
0.88954,106,-0.05236
0.8892,106,-0.05236
0.88885,106,-0.05236
0.88851,106,-0.05236
0.88816,106,-0.05236
0.88782,106,-0.05236
0.88747,106,-0.05236
0.88713,106,-0.05236
0.88678,106,-0.05236
0.88644,106,-0.05236
0.88609,106,-0.05236
0.88575,106,-0.05236
0.8854,106,-0.05236
0.88506,106,-0.05236
0.88472,106,-0.05236
0.88437,106,-0.05236
0.88403,106,-0.05236
0.88368,106,-0.05236
0.88334,106,-0.05236
0.883,106,-0.05236
0.88265,106,-0.05236
0.88231,106,-0.05236
0.88197,106,-0.05236
0.88163,106,-0.05236
0.88128,106,-0.05236
0.88094,106,-0.05236
0.8806,106,-0.05236
0.88026,106,-0.05236
0.87991,106,-0.05236
0.87957,106,-0.05236
0.87923,106,-0.05236
0.87889,106,-0.05236
0.87855,106,-0.05236
0.8782,106,-0.05236
0.87786,106,-0.05236
0.87752,106,-0.05236
0.87718,106,-0.05236
0.87684,106,-0.05236
0.8765,106,-0.05236
0.87616,106,-0.05236
0.87582,106,-0.05236
0.87548,106,-0.05236
0.87514,106,-0.05236
0.87479,106,-0.05236
0.87445,106,-0.05236
0.87411,106,-0.05236
0.87377,106,-0.05236
0.87343,106,-0.05236
0.8731,106,-0.05236
0.87276,106,-0.05236
0.87242,106,-0.05236
0.87208,106,-0.05236
0.87174,106,-0.05236
0.8714,106,-0.05236
0.87106,106,-0.05236
0.87072,106,-0.05236
0.87038,106,-0.05236
0.87004,106,-0.05236
0.86971,106,-0.05236
0.86937,106,-0.05236
0.86903,106,-0.05236
0.86869,106,-0.05236
0.86835,106,-0.05236
0.86802,106,-0.05236
0.86768,106,-0.05236
0.86734,106,-0.05236
0.867,106,-0.05236
0.86667,106,-0.05236
0.86633,106,-0.05236
0.86599,106,-0.05236
0.86565,106,-0.05236
0.86532,106,-0.05236
0.86498,106,-0.05236
0.86465,106,-0.05236
0.86431,106,-0.05236
0.86397,106,-0.05236
0.86364,106,-0.05236
0.8633,106,-0.05236
0.86296,106,-0.05236
0.86263,106,-0.05236
0.86229,106,-0.05236
0.86196,106,-0.05236
0.86162,106,-0.05236
0.86129,106,-0.05236
0.86095,106,-0.05236
0.86062,106,-0.05236
0.86028,106,-0.05236
0.85995,106,-0.05236
0.85961,106,-0.05236
0.85928,106,-0.05236
0.85894,106,-0.05236
0.85861,106,-0.05236
0.85828,106,-0.05236
0.85794,106,-0.05236
0.85761,106,-0.05236
0.85727,106,-0.05236
0.85694,106,-0.05236
0.85661,106,-0.05236
0.85627,106,-0.05236
0.85594,106,-0.05236
0.85561,106,-0.05236
0.85527,106,-0.05236
0.85494,106,-0.05236
0.85461,106,-0.05236
0.85428,106,-0.05236
0.85394,106,-0.05236
0.85361,106,-0.05236
0.85328,106,-0.05236
0.85295,106,-0.05236
0.85262,106,-0.05236
0.85228,106,-0.05236
0.85195,106,-0.05236
0.85162,106,-0.05236
0.85129,106,-0.05236
0.85096,106,-0.05236
0.85063,106,-0.05236
0.8503,106,-0.05236
0.84996,106,-0.05236
0.84963,106,-0.05236
0.8493,106,-0.05236
0.84897,106,-0.05236
0.84864,106,-0.05236
0.84831,106,-0.05236
0.84798,106,-0.05236
0.84765,106,-0.05236
0.84732,106,-0.05236
0.84699,106,-0.05236
0.84666,106,-0.05236
0.84633,106,-0.05236
0.846,106,-0.05236
0.84567,106,-0.05236
0.84534,106,-0.05236
0.84502,106,-0.05236
0.84469,106,-0.05236
0.84436,106,-0.05236
0.84403,106,-0.05236
0.8437,106,-0.05236
0.84337,106,-0.05236
0.84304,106,-0.05236
0.84271,106,-0.05236
0.84239,106,-0.05236
0.84206,106,-0.05236
0.84173,106,-0.05236
0.8414,106,-0.05236
0.84108,106,-0.05236
0.84075,106,-0.05236
0.84042,106,-0.05236
0.84009,106,-0.05236
0.83977,106,-0.05236
0.83944,106,-0.05236
0.83911,106,-0.05236
0.83879,106,-0.05236
0.83846,106,-0.05236
0.83813,106,-0.05236
0.83781,106,-0.05236
0.83748,106,-0.05236
0.83715,106,-0.05236
0.83683,106,-0.05236
0.8365,106,-0.05236
0.83618,106,-0.05236
0.83585,106,-0.05236
0.83553,106,-0.05236
0.8352,106,-0.05236
0.83487,106,-0.05236
0.83455,106,-0.05236
0.83422,106,-0.05236
0.8339,106,-0.05236
0.83357,106,-0.05236
0.83325,106,-0.05236
0.83293,106,-0.05236
0.8326,106,-0.05236
0.83228,106,-0.05236
0.83195,106,-0.05236
0.83163,106,-0.05236
0.8313,106,-0.05236
0.83098,106,-0.05236
0.83066,106,-0.05236
0.83033,106,-0.05236
0.83001,106,-0.05236
0.82969,106,-0.05236
0.82936,106,-0.05236
0.82904,106,-0.05236
0.82872,106,-0.05236
0.8284,106,-0.05236
0.82807,106,-0.05236
0.82775,106,-0.05236
0.82743,106,-0.05236
0.82711,106,-0.05236
0.82678,106,-0.05236
0.82646,106,-0.05236
0.82614,106,-0.05236
0.82582,106,-0.05236
0.8255,106,-0.05236
0.82517,106,-0.05236
0.82485,106,-0.05236
0.82453,106,-0.05236
0.82421,106,-0.05236
0.82389,106,-0.05236
0.82357,106,-0.05236
0.82325,106,-0.05236
0.82293,106,-0.05236
0.82261,106,-0.05236
0.82228,106,-0.05236
0.82196,106,-0.05236
0.82164,106,-0.05236
0.82132,106,-0.05236
0.821,106,-0.05236
0.82068,106,-0.05236
0.82036,106,-0.05236
0.82004,106,-0.05236
0.81973,106,-0.05236
0.81941,106,-0.05236
0.81909,106,-0.05236
0.81877,106,-0.05236
0.81845,106,-0.05236
0.81813,106,-0.05236
0.81781,106,-0.05236
0.81749,106,-0.05236
0.81717,106,-0.05236
0.81685,106,-0.05236
0.81654,106,-0.05236
0.81622,106,-0.05236
0.8159,106,-0.05236
0.81558,106,-0.05236
0.81526,106,-0.05236
0.81495,106,-0.05236
0.81463,106,-0.05236
0.81431,106,-0.05236
0.81399,106,-0.05236
0.81368,106,-0.05236
0.81336,106,-0.05236
0.81304,106,-0.05236
0.81273,106,-0.05236
0.81241,106,-0.05236
0.81209,106,-0.05236
0.81178,106,-0.05236
0.81146,106,-0.05236
0.81114,106,-0.05236
0.81083,106,-0.05236
0.81051,106,-0.05236
0.81019,106,-0.05236
0.80988,106,-0.05236
0.80956,106,-0.05236
0.80925,106,-0.05236
0.80893,106,-0.05236
0.80862,106,-0.05236
0.8083,106,-0.05236
0.80799,106,-0.05236
0.80767,106,-0.05236
0.80736,106,-0.05236
0.80704,106,-0.05236
0.80673,106,-0.05236
0.80641,106,-0.05236
0.8061,106,-0.05236
0.80578,106,-0.05236
0.80547,106,-0.05236
0.80516,106,-0.05236
0.80484,106,-0.05236
0.80453,106,-0.05236
0.80421,106,-0.05236
0.8039,106,-0.05236
0.80359,106,-0.05236
0.80327,106,-0.05236
0.80296,106,-0.05236
0.80265,106,-0.05236
0.80234,106,-0.05236
0.80202,106,-0.05236
0.80171,106,-0.05236
0.8014,106,-0.05236
0.80108,106,-0.05236
0.80077,106,-0.05236
0.80046,106,-0.05236
0.80015,106,-0.05236
0.79984,106,-0.05236
0.79952,106,-0.05236
0.79921,106,-0.05236
0.7989,106,-0.05236
0.79859,106,-0.05236
0.79828,106,-0.05236
0.79797,106,-0.05236
0.79765,106,-0.05236
0.79734,106,-0.05236
0.79703,106,-0.05236
0.79672,106,-0.05236
0.79641,106,-0.05236
0.7961,106,-0.05236
0.79579,106,-0.05236
0.79548,106,-0.05236
0.79517,106,-0.05236
0.79486,106,-0.05236
0.79455,106,-0.05236
0.79424,106,-0.05236
0.79393,106,-0.05236
0.79362,106,-0.05236
0.79331,106,-0.05236
0.793,106,-0.05236
0.79269,106,-0.05236
0.79238,106,-0.05236
0.79207,106,-0.05236
0.79176,106,-0.05236
0.79146,106,-0.05236
0.79115,106,-0.05236
0.79084,106,-0.05236
0.79053,106,-0.05236
0.79022,106,-0.05236
0.78991,106,-0.05236
0.78961,106,-0.05236
0.7893,106,-0.05236
0.78899,106,-0.05236
0.78868,106,-0.05236
0.78837,106,-0.05236
0.78807,106,-0.05236
0.78776,106,-0.05236
0.78745,106,-0.05236
0.78714,106,-0.05236
0.78684,106,-0.05236
0.78653,106,-0.05236
0.78622,106,-0.05236
0.78592,106,-0.05236
0.78561,106,-0.05236
0.7853,106,-0.05236
0.785,106,-0.05236
0.78469,106,-0.05236
0.78438,106,-0.05236
0.78408,106,-0.05236
0.78377,106,-0.05236
0.78347,106,-0.05236
0.78316,106,-0.05236
0.78286,106,-0.05236
0.78255,106,-0.05236
0.78224,106,-0.05236
0.78194,106,-0.05236
0.78163,106,-0.05236
0.78133,106,-0.05236
0.78102,106,-0.05236
0.78072,106,-0.05236
0.78042,106,-0.05236
0.78011,106,-0.05236
0.77981,106,-0.05236
0.7795,106,-0.05236
0.7792,106,-0.05236
0.77889,106,-0.05236
0.77859,106,-0.05236
0.77829,106,-0.05236
0.77798,106,-0.05236
0.77768,106,-0.05236
0.77737,106,-0.05236
0.77707,106,-0.05236
0.77677,106,-0.05236
0.77646,106,-0.05236
0.77616,106,-0.05236
0.77586,106,-0.05236
0.77556,106,-0.05236
0.77525,106,-0.05236
0.77495,106,-0.05236
0.77465,106,-0.05236
0.77435,106,-0.05236
0.77404,106,-0.05236
0.77374,106,-0.05236
0.77344,106,-0.05236
0.77314,106,-0.05236
0.77284,106,-0.05236
0.77253,106,-0.05236
0.77223,106,-0.05236
0.77193,106,-0.05236
0.77163,106,-0.05236
0.77133,106,-0.05236
0.77103,106,-0.05236
0.77073,106,-0.05236
0.77043,106,-0.05236
0.77013,106,-0.05236
0.76982,106,-0.05236
0.76952,106,-0.05236
0.76922,106,-0.05236
0.76892,106,-0.05236
0.76862,106,-0.05236
0.76832,106,-0.05236
0.76802,106,-0.05236
0.76772,106,-0.05236
0.76742,106,-0.05236
0.76712,106,-0.05236
0.76682,106,-0.05236
0.76652,106,-0.05236
0.76623,106,-0.05236
0.76593,106,-0.05236
0.76563,106,-0.05236
0.76533,106,-0.05236
0.76503,106,-0.05236
0.76473,106,-0.05236
0.76443,106,-0.05236
0.76413,106,-0.05236
0.76384,106,-0.05236
0.76354,106,-0.05236
0.76324,106,-0.05236
0.76294,106,-0.05236
0.76264,106,-0.05236
0.76235,106,-0.05236
0.76205,106,-0.05236
0.76175,106,-0.05236
0.76145,106,-0.05236
0.76116,106,-0.05236
0.76086,106,-0.05236
0.76056,106,-0.05236
0.76026,106,-0.05236
0.75997,106,-0.05236
0.75967,106,-0.05236
0.75937,106,-0.05236
0.75908,106,-0.05236
0.75878,106,-0.05236
0.75848,106,-0.05236
0.75819,106,-0.05236
0.75789,106,-0.05236
0.7576,106,-0.05236
0.7573,106,-0.05236
0.757,106,-0.05236
0.75671,106,-0.05236
0.75641,106,-0.05236
0.75612,106,-0.05236
0.75582,106,-0.05236
0.75553,106,-0.05236
0.75523,106,-0.05236
0.75494,106,-0.05236
0.75464,106,-0.05236
0.75435,106,-0.05236
0.75405,106,-0.05236
0.75376,106,-0.05236
0.75346,106,-0.05236
0.75317,106,-0.05236
0.75288,106,-0.05236
0.75258,106,-0.05236
0.75229,106,-0.05236
0.75199,106,-0.05236
0.7517,106,-0.05236
0.75141,106,-0.05236
0.75111,106,-0.05236
0.75082,106,-0.05236
0.75053,106,-0.05236
0.75023,106,-0.05236
0.74994,106,-0.05236
0.74965,106,-0.05236
0.74935,106,-0.05236
0.74906,106,-0.05236
0.74877,106,-0.05236
0.74848,106,-0.05236
0.74818,106,-0.05236
0.74789,106,-0.05236
0.7476,106,-0.05236
0.74731,106,-0.05236
0.74701,106,-0.05236
0.74672,106,-0.05236
0.74643,106,-0.05236
0.74614,106,-0.05236
0.74585,106,-0.05236
0.74556,106,-0.05236
0.74527,106,-0.05236
0.74497,106,-0.05236
0.74468,106,-0.05236
0.74439,106,-0.05236
0.7441,106,-0.05236
0.74381,106,-0.05236
0.74352,106,-0.05236
0.74323,106,-0.05236
0.74294,106,-0.05236
0.74265,106,-0.05236
0.74236,106,-0.05236
0.74207,106,-0.05236
0.74178,106,-0.05236
0.74149,106,-0.05236
0.7412,106,-0.05236
0.74091,106,-0.05236
0.74062,106,-0.05236
0.74033,106,-0.05236
0.74004,106,-0.05236
0.73975,106,-0.05236
0.73946,106,-0.05236
0.73917,106,-0.05236
0.73888,106,-0.05236
0.7386,106,-0.05236
0.73831,106,-0.05236
0.73802,106,-0.05236
0.73773,106,-0.05236
0.73744,106,-0.05236
0.73715,106,-0.05236
0.73687,106,-0.05236
0.73658,106,-0.05236
0.73629,106,-0.05236
0.736,106,-0.05236
0.73571,106,-0.05236
0.73543,106,-0.05236
0.73514,106,-0.05236
0.73485,106,-0.05236
0.73456,106,-0.05236
0.73428,106,-0.05236
0.73399,106,-0.05236
0.7337,106,-0.05236
0.73342,106,-0.05236
0.73313,106,-0.05236
0.73284,106,-0.05236
0.73256,106,-0.05236
0.73227,106,-0.05236
0.73198,106,-0.05236
0.7317,106,-0.05236
0.73141,106,-0.05236
0.73113,106,-0.05236
0.73084,106,-0.05236
0.73055,106,-0.05236
0.73027,106,-0.05236
0.72998,106,-0.05236
0.7297,106,-0.05236
0.72941,106,-0.05236
0.72913,106,-0.05236
0.72884,106,-0.05236
0.72856,106,-0.05236
0.72827,106,-0.05236
0.72799,106,-0.05236
0.7277,106,-0.05236
0.72742,106,-0.05236
0.72713,106,-0.05236
0.72685,106,-0.05236
0.72657,106,-0.05236
0.72628,106,-0.05236
0.726,106,-0.05236
0.72571,106,-0.05236
0.72543,106,-0.05236
0.72515,106,-0.05236
0.72486,106,-0.05236
0.72458,106,-0.05236
0.7243,106,-0.05236
0.72401,106,-0.05236
0.72373,106,-0.05236
0.72345,106,-0.05236
0.72316,106,-0.05236
0.72288,106,-0.05236
0.7226,106,-0.05236
0.72232,106,-0.05236
0.72203,106,-0.05236
0.72175,106,-0.05236
0.72147,106,-0.05236
0.72119,106,-0.05236
0.7209,106,-0.05236
0.72062,106,-0.05236
0.72034,106,-0.05236
0.72006,106,-0.05236
0.71978,106,-0.05236
0.7195,106,-0.05236
0.71921,106,-0.05236
0.71893,106,-0.05236
0.71865,106,-0.05236
0.71837,106,-0.05236
0.71809,106,-0.05236
0.71781,106,-0.05236
0.71753,106,-0.05236
0.71725,106,-0.05236
0.71697,106,-0.05236
0.71669,106,-0.05236
0.71641,106,-0.05236
0.71613,106,-0.05236
0.71585,106,-0.05236
0.71557,106,-0.05236
0.71529,106,-0.05236
0.71501,106,-0.05236
0.71473,106,-0.05236
0.71445,106,-0.05236
0.71417,106,-0.05236
0.71389,106,-0.05236
0.71361,106,-0.05236
0.71333,106,-0.05236
0.71305,106,-0.05236
0.71277,106,-0.05236
0.71249,106,-0.05236
0.71221,106,-0.05236
0.71194,106,-0.05236
0.71166,106,-0.05236
0.71138,106,-0.05236
0.7111,106,-0.05236
0.71082,106,-0.05236
0.71054,106,-0.05236
0.71027,106,-0.05236
0.70999,106,-0.05236
0.70971,106,-0.05236
0.70943,106,-0.05236
0.70916,106,-0.05236
0.70888,106,-0.05236
0.7086,106,-0.05236
0.70832,106,-0.05236
0.70805,106,-0.05236
0.70777,106,-0.05236
0.70749,106,-0.05236
0.70722,106,-0.05236
0.70694,106,-0.05236
0.70666,106,-0.05236
0.70639,106,-0.05236
0.70611,106,-0.05236
0.70583,106,-0.05236
0.70556,106,-0.05236
0.70528,106,-0.05236
0.705,106,-0.05236
0.70473,106,-0.05236
0.70445,106,-0.05236
0.70418,106,-0.05236
0.7039,106,-0.05236
0.70363,106,-0.05236
0.70335,106,-0.05236
0.70308,106,-0.05236
0.7028,106,-0.05236
0.70253,106,-0.05236
0.70225,106,-0.05236
0.70198,106,-0.05236
0.7017,106,-0.05236
0.70143,106,-0.05236
0.70115,106,-0.05236
0.70088,106,-0.05236
0.7006,106,-0.05236
0.70033,106,-0.05236
0.70006,106,-0.05236
0.69978,106,-0.05236
0.69951,106,-0.05236
0.69923,106,-0.05236
0.69896,106,-0.05236
0.69869,106,-0.05236
0.69841,106,-0.05236
0.69814,106,-0.05236
0.69787,106,-0.05236
0.69759,106,-0.05236
0.69732,106,-0.05236
0.69705,106,-0.05236
0.69677,106,-0.05236
0.6965,106,-0.05236
0.69623,106,-0.05236
0.69596,106,-0.05236
0.69568,106,-0.05236
0.69541,106,-0.05236
0.69514,106,-0.05236
0.69487,106,-0.05236
0.6946,106,-0.05236
0.69432,106,-0.05236
0.69405,106,-0.05236
0.69378,106,-0.05236
0.69351,106,-0.05236
0.69324,106,-0.05236
0.69297,106,-0.05236
0.69269,106,-0.05236
0.69242,106,-0.05236
0.69215,106,-0.05236
0.69188,106,-0.05236
0.69161,106,-0.05236
0.69134,106,-0.05236
0.69107,106,-0.05236
0.6908,106,-0.05236
0.69053,106,-0.05236
0.69026,106,-0.05236
0.68999,106,-0.05236
0.68972,106,-0.05236
0.68945,106,-0.05236
0.68918,106,-0.05236
0.68891,106,-0.05236
0.68864,106,-0.05236
0.68837,106,-0.05236
0.6881,106,-0.05236
0.68783,106,-0.05236
0.68756,106,-0.05236
0.68729,106,-0.05236
0.68702,106,-0.05236
0.68675,106,-0.05236
0.68648,106,-0.05236
0.68621,106,-0.05236
0.68595,106,-0.05236
0.68568,106,-0.05236
0.68541,106,-0.05236
0.68514,106,-0.05236
0.68487,106,-0.05236
0.6846,106,-0.05236
0.68434,106,-0.05236
0.68407,106,-0.05236
0.6838,106,-0.05236
0.68353,106,-0.05236
0.68326,106,-0.05236
0.683,106,-0.05236
0.68273,106,-0.05236
0.68246,106,-0.05236
0.68219,106,-0.05236
0.68193,106,-0.05236
0.68166,106,-0.05236
0.68139,106,-0.05236
0.68113,106,-0.05236
0.68086,106,-0.05236
0.68059,106,-0.05236
0.68033,106,-0.05236
0.68006,106,-0.05236
0.67979,106,-0.05236
0.67953,106,-0.05236
0.67926,106,-0.05236
0.679,106,-0.05236
0.67873,106,-0.05236
0.67846,106,-0.05236
0.6782,106,-0.05236
0.67793,106,-0.05236
0.67767,106,-0.05236
0.6774,106,-0.05236
0.67714,106,-0.05236
0.67687,106,-0.05236
0.67661,106,-0.05236
0.67634,106,-0.05236
0.67608,106,-0.05236
0.67581,106,-0.05236
0.67555,106,-0.05236
0.67528,106,-0.05236
0.67502,106,-0.05236
0.67475,106,-0.05236
0.67449,106,-0.05236
0.67422,106,-0.05236
0.67396,106,-0.05236
0.6737,106,-0.05236
0.67343,106,-0.05236
0.67317,106,-0.05236
0.6729,106,-0.05236
0.67264,106,-0.05236
0.67238,106,-0.05236
0.67211,106,-0.05236
0.67185,106,-0.05236
0.67159,106,-0.05236
0.67132,106,-0.05236
0.67106,106,-0.05236
0.6708,106,-0.05236
0.67054,106,-0.05236
0.67027,106,-0.05236
0.67001,106,-0.05236
0.66975,106,-0.05236
0.66949,106,-0.05236
0.66922,106,-0.05236
0.66896,106,-0.05236
0.6687,106,-0.05236
0.66844,106,-0.05236
0.66817,106,-0.05236
0.66791,106,-0.05236
0.66765,106,-0.05236
0.66739,106,-0.05236
0.66713,106,-0.05236
0.66687,106,-0.05236
0.66661,106,-0.05236
0.66634,106,-0.05236
0.66608,106,-0.05236
0.66582,106,-0.05236
0.66556,106,-0.05236
0.6653,106,-0.05236
0.66504,106,-0.05236
0.66478,106,-0.05236
0.66452,106,-0.05236
0.66426,106,-0.05236
0.664,106,-0.05236
0.66374,106,-0.05236
0.66348,106,-0.05236
0.66322,106,-0.05236
0.66296,106,-0.05236
0.6627,106,-0.05236
0.66244,106,-0.05236
0.66218,106,-0.05236
0.66192,106,-0.05236
0.66166,106,-0.05236
0.6614,106,-0.05236
0.66114,106,-0.05236
0.66088,106,-0.05236
0.66062,106,-0.05236
0.66036,106,-0.05236
0.66011,106,-0.05236
0.65985,106,-0.05236
0.65959,106,-0.05236
0.65933,106,-0.05236
0.65907,106,-0.05236
0.65881,106,-0.05236
0.65855,106,-0.05236
0.6583,106,-0.05236
0.65804,106,-0.05236
0.65778,106,-0.05236
0.65752,106,-0.05236
0.65726,106,-0.05236
0.65701,106,-0.05236
0.65675,106,-0.05236
0.65649,106,-0.05236
0.65623,106,-0.05236
0.65598,106,-0.05236
0.65572,106,-0.05236
0.65546,106,-0.05236
0.65521,106,-0.05236
0.65495,106,-0.05236
0.65469,106,-0.05236
0.65444,106,-0.05236
0.65418,106,-0.05236
0.65392,106,-0.05236
0.65367,106,-0.05236
0.65341,106,-0.05236
0.65315,106,-0.05236
0.6529,106,-0.05236
0.65264,106,-0.05236
0.65239,106,-0.05236
0.65213,106,-0.05236
0.65188,106,-0.05236
0.65162,106,-0.05236
0.65136,106,-0.05236
0.65111,106,-0.05236
0.65085,106,-0.05236
0.6506,106,-0.05236
0.65034,106,-0.05236
0.65009,106,-0.05236
0.64983,106,-0.05236
0.64958,106,-0.05236
0.64932,106,-0.05236
0.64907,106,-0.05236
0.64881,106,-0.05236
0.64856,106,-0.05236
0.64831,106,-0.05236
0.64805,106,-0.05236
0.6478,106,-0.05236
0.64754,106,-0.05236
0.64729,106,-0.05236
0.64704,106,-0.05236
0.64678,106,-0.05236
0.64653,106,-0.05236
0.64628,106,-0.05236
0.64602,106,-0.05236
0.64577,106,-0.05236
0.64552,106,-0.05236
0.64526,106,-0.05236
0.64501,106,-0.05236
0.64476,106,-0.05236
0.6445,106,-0.05236
0.64425,106,-0.05236
0.644,106,-0.05236
0.64375,106,-0.05236
0.64349,106,-0.05236
0.64324,106,-0.05236
0.64299,106,-0.05236
0.64274,106,-0.05236
0.64248,106,-0.05236
0.64223,106,-0.05236
0.64198,106,-0.05236
0.64173,106,-0.05236
0.64148,106,-0.05236
0.64122,106,-0.05236
0.64097,106,-0.05236
0.64072,106,-0.05236
0.64047,106,-0.05236
0.64022,106,-0.05236
0.63997,106,-0.05236
0.63972,106,-0.05236
0.63947,106,-0.05236
0.63922,106,-0.05236
0.63897,106,-0.05236
0.63871,106,-0.05236
0.63846,106,-0.05236
0.63821,106,-0.05236
0.63796,106,-0.05236
0.63771,106,-0.05236
0.63746,106,-0.05236
0.63721,106,-0.05236
0.63696,106,-0.05236
0.63671,106,-0.05236
0.63646,106,-0.05236
0.63621,106,-0.05236
0.63596,106,-0.05236
0.63571,106,-0.05236
0.63547,106,-0.05236
0.63522,106,-0.05236
0.63497,106,-0.05236
0.63472,106,-0.05236
0.63447,106,-0.05236
0.63422,106,-0.05236
0.63397,106,-0.05236
0.63372,106,-0.05236
0.63347,106,-0.05236
0.63322,106,-0.05236
0.63298,106,-0.05236
0.63273,106,-0.05236
0.63248,106,-0.05236
0.63223,106,-0.05236
0.63198,106,-0.05236
0.63174,106,-0.05236
0.63149,106,-0.05236
0.63124,106,-0.05236
0.63099,106,-0.05236
0.63075,106,-0.05236
0.6305,106,-0.05236
0.63025,106,-0.05236
0.63,106,-0.05236
0.62976,106,-0.05236
0.62951,106,-0.05236
0.62926,106,-0.05236
0.62901,106,-0.05236
0.62877,106,-0.05236
0.62852,106,-0.05236
0.62827,106,-0.05236
0.62803,106,-0.05236
0.62778,106,-0.05236
0.62754,106,-0.05236
0.62729,106,-0.05236
0.62704,106,-0.05236
0.6268,106,-0.05236
0.62655,106,-0.05236
0.62631,106,-0.05236
0.62606,106,-0.05236
0.62581,106,-0.05236
0.62557,106,-0.05236
0.62532,106,-0.05236
0.62508,106,-0.05236
0.62483,106,-0.05236
0.62459,106,-0.05236
0.62434,106,-0.05236
0.6241,106,-0.05236
0.62385,106,-0.05236
0.62361,106,-0.05236
0.62336,106,-0.05236
0.62312,106,-0.05236
0.62287,106,-0.05236
0.62263,106,-0.05236
0.62238,106,-0.05236
0.62214,106,-0.05236
0.6219,106,-0.05236
0.62165,106,-0.05236
0.62141,106,-0.05236
0.62116,106,-0.05236
0.62092,106,-0.05236
0.62068,106,-0.05236
0.62043,106,-0.05236
0.62019,106,-0.05236
0.61995,106,-0.05236
0.6197,106,-0.05236
0.61946,106,-0.05236
0.61922,106,-0.05236
0.61897,106,-0.05236
0.61873,106,-0.05236
0.61849,106,-0.05236
0.61824,106,-0.05236
0.618,106,-0.05236
0.61776,106,-0.05236
0.61752,106,-0.05236
0.61727,106,-0.05236
0.61703,106,-0.05236
0.61679,106,-0.05236
0.61655,106,-0.05236
0.61631,106,-0.05236
0.61606,106,-0.05236
0.61582,106,-0.05236
0.61558,106,-0.05236
0.61534,106,-0.05236
0.6151,106,-0.05236
0.61486,106,-0.05236
0.61461,106,-0.05236
0.61437,106,-0.05236
0.61413,106,-0.05236
0.61389,106,-0.05236
0.61365,106,-0.05236
0.61341,106,-0.05236
0.61317,106,-0.05236
0.61293,106,-0.05236
0.61269,106,-0.05236
0.61245,106,-0.05236
0.61221,106,-0.05236
0.61196,106,-0.05236
0.61172,106,-0.05236
0.61148,106,-0.05236
0.61124,106,-0.05236
0.611,106,-0.05236
0.61076,106,-0.05236
0.61052,106,-0.05236
0.61029,106,-0.05236
0.61005,106,-0.05236
0.60981,106,-0.05236
0.60957,106,-0.05236
0.60933,106,-0.05236
0.60909,106,-0.05236
0.60885,106,-0.05236
0.60861,106,-0.05236
0.60837,106,-0.05236
0.60813,106,-0.05236
0.60789,106,-0.05236
0.60765,106,-0.05236
0.60742,106,-0.05236
0.60718,106,-0.05236
0.60694,106,-0.05236
0.6067,106,-0.05236
0.60646,106,-0.05236
0.60622,106,-0.05236
0.60599,106,-0.05236
0.60575,106,-0.05236
0.60551,106,-0.05236
0.60527,106,-0.05236
0.60503,106,-0.05236
0.6048,106,-0.05236
0.60456,106,-0.05236
0.60432,106,-0.05236
0.60408,106,-0.05236
0.60385,106,-0.05236
0.60361,106,-0.05236
0.60337,106,-0.05236
0.60314,106,-0.05236
0.6029,106,-0.05236
0.60266,106,-0.05236
0.60243,106,-0.05236
0.60219,106,-0.05236
0.60195,106,-0.05236
0.60172,106,-0.05236
0.60148,106,-0.05236
0.60124,106,-0.05236
0.60101,106,-0.05236
0.60077,106,-0.05236
0.60054,106,-0.05236
0.6003,106,-0.05236
0.60006,106,-0.05236
0.59983,106,-0.05236
0.59959,106,-0.05236
0.59936,106,-0.05236
0.59912,106,-0.05236
0.59889,106,-0.05236
0.59865,106,-0.05236
0.59842,106,-0.05236
0.59818,106,-0.05236
0.59795,106,-0.05236
0.59771,106,-0.05236
0.59748,106,-0.05236
0.59724,106,-0.05236
0.59701,106,-0.05236
0.59677,106,-0.05236
0.59654,106,-0.05236
0.5963,106,-0.05236
0.59607,106,-0.05236
0.59584,106,-0.05236
0.5956,106,-0.05236
0.59537,106,-0.05236
0.59513,106,-0.05236
0.5949,106,-0.05236
0.59467,106,-0.05236
0.59443,106,-0.05236
0.5942,106,-0.05236
0.59397,106,-0.05236
0.59373,106,-0.05236
0.5935,106,-0.05236
0.59327,106,-0.05236
0.59303,106,-0.05236
0.5928,106,-0.05236
0.59257,106,-0.05236
0.59233,106,-0.05236
0.5921,106,-0.05236
0.59187,106,-0.05236
0.59164,106,-0.05236
0.5914,106,-0.05236
0.59117,106,-0.05236
0.59094,106,-0.05236
0.59071,106,-0.05236
0.59047,106,-0.05236
0.59024,106,-0.05236
0.59001,106,-0.05236
0.58978,106,-0.05236
0.58955,106,-0.05236
0.58932,106,-0.05236
0.58908,106,-0.05236
0.58885,106,-0.05236
0.58862,106,-0.05236
0.58839,106,-0.05236
0.58816,106,-0.05236
0.58793,106,-0.05236
0.5877,106,-0.05236
0.58747,106,-0.05236
0.58723,106,-0.05236
0.587,106,-0.05236
0.58677,106,-0.05236
0.58654,106,-0.05236
0.58631,106,-0.05236
0.58608,106,-0.05236
0.58585,106,-0.05236
0.58562,106,-0.05236
0.58539,106,-0.05236
0.58516,106,-0.05236
0.58493,106,-0.05236
0.5847,106,-0.05236
0.58447,106,-0.05236
0.58424,106,-0.05236
0.58401,106,-0.05236
0.58378,106,-0.05236
0.58355,106,-0.05236
0.58332,106,-0.05236
0.58309,106,-0.05236
0.58287,106,-0.05236
0.58264,106,-0.05236
0.58241,106,-0.05236
0.58218,106,-0.05236
0.58195,106,-0.05236
0.58172,106,-0.05236
0.58149,106,-0.05236
0.58126,106,-0.05236
0.58104,106,-0.05236
0.58081,106,-0.05236
0.58058,106,-0.05236
0.58035,106,-0.05236
0.58012,106,-0.05236
0.57989,106,-0.05236
0.57967,106,-0.05236
0.57944,106,-0.05236
0.57921,106,-0.05236
0.57898,106,-0.05236
0.57876,106,-0.05236
0.57853,106,-0.05236
0.5783,106,-0.05236
0.57807,106,-0.05236
0.57785,106,-0.05236
0.57762,106,-0.05236
0.57739,106,-0.05236
0.57717,106,-0.05236
0.57694,106,-0.05236
0.57671,106,-0.05236
0.57648,106,-0.05236
0.57626,106,-0.05236
0.57603,106,-0.05236
0.57581,106,-0.05236
0.57558,106,-0.05236
0.57535,106,-0.05236
0.57513,106,-0.05236
0.5749,106,-0.05236
0.57467,106,-0.05236
0.57445,106,-0.05236
0.57422,106,-0.05236
0.574,106,-0.05236
0.57377,106,-0.05236
0.57355,106,-0.05236
0.57332,106,-0.05236
0.57309,106,-0.05236
0.57287,106,-0.05236
0.57264,106,-0.05236
0.57242,106,-0.05236
0.57219,106,-0.05236
0.57197,106,-0.05236
0.57174,106,-0.05236
0.57152,106,-0.05236
0.57129,106,-0.05236
0.57107,106,-0.05236
0.57085,106,-0.05236
0.57062,106,-0.05236
0.5704,106,-0.05236
0.57017,106,-0.05236
0.56995,106,-0.05236
0.56972,106,-0.05236
0.5695,106,-0.05236
0.56928,106,-0.05236
0.56905,106,-0.05236
0.56883,106,-0.05236
0.5686,106,-0.05236
0.56838,106,-0.05236
0.56816,106,-0.05236
0.56793,106,-0.05236
0.56771,106,-0.05236
0.56749,106,-0.05236
0.56726,106,-0.05236
0.56704,106,-0.05236
0.56682,106,-0.05236
0.5666,106,-0.05236
0.56637,106,-0.05236
0.56615,106,-0.05236
0.56593,106,-0.05236
0.56571,106,-0.05236
0.56548,106,-0.05236
0.56526,106,-0.05236
0.56504,106,-0.05236
0.56482,106,-0.05236
0.56459,106,-0.05236
0.56437,106,-0.05236
0.56415,106,-0.05236
0.56393,106,-0.05236
0.56371,106,-0.05236
0.56348,106,-0.05236
0.56326,106,-0.05236
0.56304,106,-0.05236
0.56282,106,-0.05236
0.5626,106,-0.05236
0.56238,106,-0.05236
0.56216,106,-0.05236
0.56193,106,-0.05236
0.56171,106,-0.05236
0.56149,106,-0.05236
0.56127,106,-0.05236
0.56105,106,-0.05236
0.56083,106,-0.05236
0.56061,106,-0.05236
0.56039,106,-0.05236
0.56017,106,-0.05236
0.55995,106,-0.05236
0.55973,106,-0.05236
0.55951,106,-0.05236
0.55929,106,-0.05236
0.55907,106,-0.05236
0.55885,106,-0.05236
0.55863,106,-0.05236
0.55841,106,-0.05236
0.55819,106,-0.05236
0.55797,106,-0.05236
0.55775,106,-0.05236
0.55753,106,-0.05236
0.55731,106,-0.05236
0.55709,106,-0.05236
0.55687,106,-0.05236
0.55665,106,-0.05236
0.55644,106,-0.05236
0.55622,106,-0.05236
0.556,106,-0.05236
0.55578,106,-0.05236
0.55556,106,-0.05236
0.55534,106,-0.05236
0.55512,106,-0.05236
0.5549,106,-0.05236
0.55469,106,-0.05236
0.55447,106,-0.05236
0.55425,106,-0.05236
0.55403,106,-0.05236
0.55381,106,-0.05236
0.5536,106,-0.05236
0.55338,106,-0.05236
0.55316,106,-0.05236
0.55294,106,-0.05236
0.55273,106,-0.05236
0.55251,106,-0.05236
0.55229,106,-0.05236
0.55207,106,-0.05236
0.55186,106,-0.05236
0.55164,106,-0.05236
0.55142,106,-0.05236
0.5512,106,-0.05236
0.55099,106,-0.05236
0.55077,106,-0.05236
0.55055,106,-0.05236
0.55034,106,-0.05236
0.55012,106,-0.05236
0.5499,106,-0.05236
0.54969,106,-0.05236
0.54947,106,-0.05236
0.54926,106,-0.05236
0.54904,106,-0.05236
0.54882,106,-0.05236
0.54861,106,-0.05236
0.54839,106,-0.05236
0.54818,106,-0.05236
0.54796,106,-0.05236
0.54774,106,-0.05236
0.54753,106,-0.05236
0.54731,106,-0.05236
0.5471,106,-0.05236
0.54688,106,-0.05236
0.54667,106,-0.05236
0.54645,106,-0.05236
0.54624,106,-0.05236
0.54602,106,-0.05236
0.54581,106,-0.05236
0.54559,106,-0.05236
0.54538,106,-0.05236
0.54516,106,-0.05236
0.54495,106,-0.05236
0.54474,106,-0.05236
0.54452,106,-0.05236
0.54431,106,-0.05236
0.54409,106,-0.05236
0.54388,106,-0.05236
0.54366,106,-0.05236
0.54345,106,-0.05236
0.54324,106,-0.05236
0.54302,106,-0.05236
0.54281,106,-0.05236
0.5426,106,-0.05236
0.54238,106,-0.05236
0.54217,106,-0.05236
0.54195,106,-0.05236
0.54174,106,-0.05236
0.54153,106,-0.05236
0.54131,106,-0.05236
0.5411,106,-0.05236
0.54089,106,-0.05236
0.54068,106,-0.05236
0.54046,106,-0.05236
0.54025,106,-0.05236
0.54004,106,-0.05236
0.53983,106,-0.05236
0.53961,106,-0.05236
0.5394,106,-0.05236
0.53919,106,-0.05236
0.53898,106,-0.05236
0.53876,106,-0.05236
0.53855,106,-0.05236
0.53834,106,-0.05236
0.53813,106,-0.05236
0.53792,106,-0.05236
0.5377,106,-0.05236
0.53749,106,-0.05236
0.53728,106,-0.05236
0.53707,106,-0.05236
0.53686,106,-0.05236
0.53665,106,-0.05236
0.53644,106,-0.05236
0.53622,106,-0.05236
0.53601,106,-0.05236
0.5358,106,-0.05236
0.53559,106,-0.05236
0.53538,106,-0.05236
0.53517,106,-0.05236
0.53496,106,-0.05236
0.53475,106,-0.05236
0.53454,106,-0.05236
0.53433,106,-0.05236
0.53412,106,-0.05236
0.53391,106,-0.05236
0.5337,106,-0.05236
0.53349,106,-0.05236
0.53328,106,-0.05236
0.53307,106,-0.05236
0.53286,106,-0.05236
0.53265,106,-0.05236
0.53244,106,-0.05236
0.53223,106,-0.05236
0.53202,106,-0.05236
0.53181,106,-0.05236
0.5316,106,-0.05236
0.53139,106,-0.05236
0.53118,106,-0.05236
0.53097,106,-0.05236
0.53076,106,-0.05236
0.53055,106,-0.05236
0.53034,106,-0.05236
0.53014,106,-0.05236
0.52993,106,-0.05236
0.52972,106,-0.05236
0.52951,106,-0.05236
0.5293,106,-0.05236
0.52909,106,-0.05236
0.52888,106,-0.05236
0.52868,106,-0.05236
0.52847,106,-0.05236
0.52826,106,-0.05236
0.52805,106,-0.05236
0.52784,106,-0.05236
0.52764,106,-0.05236
0.52743,106,-0.05236
0.52722,106,-0.05236
0.52701,106,-0.05236
0.52681,106,-0.05236
0.5266,106,-0.05236
0.52639,106,-0.05236
0.52618,106,-0.05236
0.52598,106,-0.05236
0.52577,106,-0.05236
0.52556,106,-0.05236
0.52536,106,-0.05236
0.52515,106,-0.05236
0.52494,106,-0.05236
0.52473,106,-0.05236
0.52453,106,-0.05236
0.52432,106,-0.05236
0.52411,106,-0.05236
0.52391,106,-0.05236
0.5237,106,-0.05236
0.5235,106,-0.05236
0.52329,106,-0.05236
0.52308,106,-0.05236
0.52288,106,-0.05236
0.52267,106,-0.05236
0.52247,106,-0.05236
0.52226,106,-0.05236
0.52205,106,-0.05236
0.52185,106,-0.05236
0.52164,106,-0.05236
0.52144,106,-0.05236
0.52123,106,-0.05236
0.52103,106,-0.05236
0.52082,106,-0.05236
0.52062,106,-0.05236
0.52041,106,-0.05236
0.52021,106,-0.05236
0.52,106,-0.05236
0.5198,106,-0.05236
0.51959,106,-0.05236
0.51939,106,-0.05236
0.51918,106,-0.05236
0.51898,106,-0.05236
0.51877,106,-0.05236
0.51857,106,-0.05236
0.51837,106,-0.05236
0.51816,106,-0.05236
0.51796,106,-0.05236
0.51775,106,-0.05236
0.51755,106,-0.05236
0.51735,106,-0.05236
0.51714,106,-0.05236
0.51694,106,-0.05236
0.51673,106,-0.05236
0.51653,106,-0.05236
0.51633,106,-0.05236
0.51612,106,-0.05236
0.51592,106,-0.05236
0.51572,106,-0.05236
0.51551,106,-0.05236
0.51531,106,-0.05236
0.51511,106,-0.05236
0.51491,106,-0.05236
0.5147,106,-0.05236
0.5145,106,-0.05236
0.5143,106,-0.05236
0.51409,106,-0.05236
0.51389,106,-0.05236
0.51369,106,-0.05236
0.51349,106,-0.05236
0.51328,106,-0.05236
0.51308,106,-0.05236
0.51288,106,-0.05236
0.51268,106,-0.05236
0.51248,106,-0.05236
0.51227,106,-0.05236
0.51207,106,-0.05236
0.51187,106,-0.05236
0.51167,106,-0.05236
0.51147,106,-0.05236
0.51127,106,-0.05236
0.51106,106,-0.05236
0.51086,106,-0.05236
0.51066,106,-0.05236
0.51046,106,-0.05236
0.51026,106,-0.05236
0.51006,106,-0.05236
0.50986,106,-0.05236
0.50966,106,-0.05236
0.50946,106,-0.05236
0.50926,106,-0.05236
0.50905,106,-0.05236
0.50885,106,-0.05236
0.50865,106,-0.05236
0.50845,106,-0.05236
0.50825,106,-0.05236
0.50805,106,-0.05236
0.50785,106,-0.05236
0.50765,106,-0.05236
0.50745,106,-0.05236
0.50725,106,-0.05236
0.50705,106,-0.05236
0.50685,106,-0.05236
0.50665,106,-0.05236
0.50645,106,-0.05236
0.50625,106,-0.05236
0.50605,106,-0.05236
0.50585,106,-0.05236
0.50566,106,-0.05236
0.50546,106,-0.05236
0.50526,106,-0.05236
0.50506,106,-0.05236
0.50486,106,-0.05236
0.50466,106,-0.05236
0.50446,106,-0.05236
0.50426,106,-0.05236
0.50406,106,-0.05236
0.50386,106,-0.05236
0.50367,106,-0.05236
0.50347,106,-0.05236
0.50327,106,-0.05236
0.50307,106,-0.05236
0.50287,106,-0.05236
0.50267,106,-0.05236
0.50248,106,-0.05236
0.50228,106,-0.05236
0.50208,106,-0.05236
0.50188,106,-0.05236
0.50168,106,-0.05236
0.50149,106,-0.05236
0.50129,106,-0.05236
0.50109,106,-0.05236
0.50089,106,-0.05236
0.5007,106,-0.05236
0.5005,106,-0.05236
0.5003,106,-0.05236
0.5001,106,-0.05236
0.49991,106,-0.05236
0.49971,106,-0.05236
0.49951,106,-0.05236
0.49932,106,-0.05236
0.49912,106,-0.05236
0.49892,106,-0.05236
0.49873,106,-0.05236
0.49853,106,-0.05236
0.49833,106,-0.05236
0.49814,106,-0.05236
0.49794,106,-0.05236
0.49774,106,-0.05236
0.49755,106,-0.05236
0.49735,106,-0.05236
0.49716,106,-0.05236
0.49696,106,-0.05236
0.49676,106,-0.05236
0.49657,106,-0.05236
0.49637,106,-0.05236
0.49618,106,-0.05236
0.49598,106,-0.05236
0.49579,106,-0.05236
0.49559,106,-0.05236
0.49539,106,-0.05236
0.4952,106,-0.05236
0.495,106,-0.05236
0.49481,106,-0.05236
0.49461,106,-0.05236
0.49442,106,-0.05236
0.49422,106,-0.05236
0.49403,106,-0.05236
0.49383,106,-0.05236
0.49364,106,-0.05236
0.49345,106,-0.05236
0.49325,106,-0.05236
0.49306,106,-0.05236
0.49286,106,-0.05236
0.49267,106,-0.05236
0.49247,106,-0.05236
0.49228,106,-0.05236
0.49209,106,-0.05236
0.49189,106,-0.05236
0.4917,106,-0.05236
0.4915,106,-0.05236
0.49131,106,-0.05236
0.49112,106,-0.05236
0.49092,106,-0.05236
0.49073,106,-0.05236
0.49054,106,-0.05236
0.49034,106,-0.05236
0.49015,106,-0.05236
0.48996,106,-0.05236
0.48976,106,-0.05236
0.48957,106,-0.05236
0.48938,106,-0.05236
0.48918,106,-0.05236
0.48899,106,-0.05236
0.4888,106,-0.05236
0.4886,106,-0.05236
0.48841,106,-0.05236
0.48822,106,-0.05236
0.48803,106,-0.05236
0.48783,106,-0.05236
0.48764,106,-0.05236
0.48745,106,-0.05236
0.48726,106,-0.05236
0.48707,106,-0.05236
0.48687,106,-0.05236
0.48668,106,-0.05236
0.48649,106,-0.05236
0.4863,106,-0.05236
0.48611,106,-0.05236
0.48591,106,-0.05236
0.48572,106,-0.05236
0.48553,106,-0.05236
0.48534,106,-0.05236
0.48515,106,-0.05236
0.48496,106,-0.05236
0.48477,106,-0.05236
0.48457,106,-0.05236
0.48438,106,-0.05236
0.48419,106,-0.05236
0.484,106,-0.05236
0.48381,106,-0.05236
0.48362,106,-0.05236
0.48343,106,-0.05236
0.48324,106,-0.05236
0.48305,106,-0.05236
0.48286,106,-0.05236
0.48267,106,-0.05236
0.48248,106,-0.05236
0.48229,106,-0.05236
0.4821,106,-0.05236
0.48191,106,-0.05236
0.48172,106,-0.05236
0.48153,106,-0.05236
0.48134,106,-0.05236
0.48115,106,-0.05236
0.48096,106,-0.05236
0.48077,106,-0.05236
0.48058,106,-0.05236
0.48039,106,-0.05236
0.4802,106,-0.05236
0.48001,106,-0.05236
0.47982,106,-0.05236
0.47963,106,-0.05236
0.47944,106,-0.05236
0.47925,106,-0.05236
0.47906,106,-0.05236
0.47887,106,-0.05236
