0,85,0
4.4409e-13,85,0.00027416
-7.6902,85,0.00054831
3.1998,85,0.00082245
16.707,85,0.0010966
18.929,85,0.0013707
18.545,85,0.0016448
20.405,85,0.0019189
23.253,85,0.002193
26.377,85,0.0024671
29.583,85,0.0027411
32.82,85,0.0030151
36.072,85,0.0032891
39.332,85,0.003563
42.597,85,0.0038369
45.864,85,0.0041108
49.132,85,0.0043846
52.4,85,0.0046584
55.665,85,0.0049322
58.927,85,0.0052059
62.184,85,0.0054795
65.434,85,0.0057531
68.677,85,0.0060266
71.911,85,0.0063001
75.134,85,0.0065735
78.346,85,0.0068468
81.545,85,0.0071201
84.729,85,0.0073933
87.898,85,0.0076665
91.05,85,0.0079395
94.185,85,0.0082125
97.3,85,0.0084854
100.4,85,0.0087582
103.47,85,0.0090309
106.52,85,0.0093036
109.55,85,0.0095761
112.55,85,0.0098486
115.53,85,0.010121
118.49,85,0.010393
121.41,85,0.010665
124.31,85,0.010937
127.18,85,0.011209
130.02,85,0.011481
132.83,85,0.011753
135.61,85,0.012024
138.36,85,0.012296
141.07,85,0.012567
143.76,85,0.012839
146.41,85,0.01311
149.03,85,0.013381
151.62,85,0.013651
154.17,85,0.013922
156.69,85,0.014193
159.18,85,0.014463
161.63,85,0.014733
164.04,85,0.015004
166.43,85,0.015274
168.78,85,0.015543
171.09,85,0.015813
173.37,85,0.016083
175.62,85,0.016352
177.84,85,0.016621
180.02,85,0.01689
182.16,85,0.017159
184.28,85,0.017428
186.36,85,0.017697
188.41,85,0.017965
190.43,85,0.018233
192.42,85,0.018501
194.38,85,0.018769
196.31,85,0.019037
198.21,85,0.019304
200.08,85,0.019571
201.92,85,0.019838
203.74,85,0.020105
205.52,85,0.020372
207.28,85,0.020638
209.02,85,0.020905
210.73,85,0.021171
212.42,85,0.021437
214.09,85,0.021702
215.73,85,0.021968
217.35,85,0.022233
218.95,85,0.022498
220.53,85,0.022763
222.09,85,0.023027
223.63,85,0.023292
225.15,85,0.023556
226.66,85,0.02382
228.15,85,0.024083
229.62,85,0.024347
231.08,85,0.02461
232.53,85,0.024873
233.96,85,0.025135
235.38,85,0.025398
236.79,85,0.02566
238.18,85,0.025922
239.57,85,0.026183
240.95,85,0.026445
242.31,85,0.026706
243.67,85,0.026967
245.02,85,0.027227
246.36,85,0.027488
247.69,85,0.027748
249.02,85,0.028008
250.34,85,0.028267
251.66,85,0.028526
252.97,85,0.028785
254.27,85,0.029044
255.57,85,0.029302
256.87,85,0.02956
258.16,85,0.029818
259.44,85,0.030076
260.73,85,0.030333
262.01,85,0.03059
263.28,85,0.030846
264.56,85,0.031103
265.83,85,0.031359
267.09,85,0.031614
268.36,85,0.03187
269.62,85,0.032125
270.88,85,0.03238
272.14,85,0.032634
273.39,85,0.032888
274.64,85,0.033142
275.89,85,0.033395
277.13,85,0.033649
278.37,85,0.033901
279.61,85,0.034154
280.85,85,0.034406
282.08,85,0.034658
283.3,85,0.034909
284.53,85,0.03516
285.75,85,0.035411
286.96,85,0.035661
288.18,85,0.035911
289.38,85,0.036161
290.58,85,0.03641
291.78,85,0.036659
292.97,85,0.036908
294.16,85,0.037156
295.34,85,0.037404
296.51,85,0.037652
297.68,85,0.037899
298.85,85,0.038146
300,85,0.038392
301.15,85,0.038638
302.29,85,0.038884
303.43,85,0.039129
304.55,85,0.039374
305.67,85,0.039618
306.79,85,0.039862
307.89,85,0.040106
308.99,85,0.040349
310.07,85,0.040592
311.15,85,0.040835
312.22,85,0.041077
313.28,85,0.041318
314.34,85,0.04156
315.38,85,0.0418
316.42,85,0.042041
317.44,85,0.042281
318.46,85,0.042521
319.47,85,0.04276
320.47,85,0.042999
321.46,85,0.043237
322.44,85,0.043475
323.41,85,0.043712
324.38,85,0.043949
325.33,85,0.044186
326.28,85,0.044422
327.21,85,0.044658
328.14,85,0.044893
329.06,85,0.045128
329.97,85,0.045363
330.88,85,0.045597
331.77,85,0.04583
332.66,85,0.046063
333.54,85,0.046296
334.41,85,0.046528
335.28,85,0.04676
336.13,85,0.046991
336.99,85,0.047222
337.83,85,0.047452
338.67,85,0.047682
339.5,85,0.047911
340.33,85,0.04814
341.15,85,0.048369
341.97,85,0.048597
342.78,85,0.048824
343.59,85,0.049051
344.39,85,0.049278
345.2,85,0.049504
345.99,85,0.049729
346.79,85,0.049954
347.58,85,0.050179
348.37,85,0.050403
349.16,85,0.050626
349.94,85,0.050849
350.73,85,0.051072
351.51,85,0.051294
352.3,85,0.051515
353.08,85,0.051737
353.87,85,0.051957
354.65,85,0.052177
355.44,85,0.052397
356.23,85,0.052616
357.02,85,0.052834
357.81,85,0.053052
358.6,85,0.053269
359.4,85,0.053486
360.2,85,0.053703
361,85,0.053918
361.81,85,0.054134
362.62,85,0.054348
363.44,85,0.054563
364.26,85,0.054776
365.09,85,0.05499
365.92,85,0.055202
366.76,85,0.055414
367.6,85,0.055626
368.45,85,0.055837
369.31,85,0.056047
370.17,85,0.056257
371.04,85,0.056466
371.92,85,0.056675
372.8,85,0.056883
373.69,85,0.057091
374.59,85,0.057298
375.5,85,0.057504
376.41,85,0.05771
377.34,85,0.057916
378.27,85,0.05812
379.21,85,0.058325
380.16,85,0.058528
381.12,85,0.058731
382.08,85,0.058934
383.06,85,0.059136
384.04,85,0.059337
385.03,85,0.059538
386.03,85,0.059738
387.04,85,0.059938
388.06,85,0.060137
389.09,85,0.060335
390.12,85,0.060533
391.17,85,0.06073
392.22,85,0.060926
393.29,85,0.061122
394.36,85,0.061318
395.44,85,0.061513
396.53,85,0.061707
397.63,85,0.0619
398.74,85,0.062093
399.85,85,0.062286
400.97,85,0.062477
402.11,85,0.062668
403.25,85,0.062859
404.39,85,0.063049
405.55,85,0.063238
406.71,85,0.063427
407.88,85,0.063615
409.06,85,0.063802
410.25,85,0.063989
411.44,85,0.064175
412.64,85,0.06436
413.85,85,0.064545
415.06,85,0.064729
416.28,85,0.064913
417.51,85,0.065096
418.74,85,0.065278
419.98,85,0.06546
421.22,85,0.065641
422.47,85,0.065821
423.73,85,0.066001
424.99,85,0.06618
426.26,85,0.066358
427.53,85,0.066536
428.8,85,0.066713
430.08,85,0.066889
431.37,85,0.067065
432.66,85,0.06724
433.95,85,0.067414
435.24,85,0.067588
436.54,85,0.067761
437.85,85,0.067934
439.15,85,0.068105
440.46,85,0.068276
441.78,85,0.068447
443.09,85,0.068617
444.41,85,0.068786
445.73,85,0.068954
447.05,85,0.069122
448.37,85,0.069289
449.7,85,0.069455
451.02,85,0.069621
452.35,85,0.069786
453.68,85,0.06995
455.01,85,0.070113
456.34,85,0.070276
457.68,85,0.070439
459.01,85,0.0706
460.34,85,0.070761
461.68,85,0.070921
463.01,85,0.07108
464.34,85,0.071239
465.68,85,0.071397
467.01,85,0.071554
468.34,85,0.071711
469.67,85,0.071867
471.01,85,0.072022
472.34,85,0.072176
473.67,85,0.07233
474.99,85,0.072483
476.32,85,0.072635
477.65,85,0.072787
478.97,85,0.072938
480.29,85,0.073088
481.61,85,0.073238
482.93,85,0.073386
484.24,85,0.073534
485.56,85,0.073682
486.87,85,0.073828
488.18,85,0.073974
489.48,85,0.074119
490.78,85,0.074263
492.08,85,0.074407
493.38,85,0.07455
494.67,85,0.074692
495.97,85,0.074833
497.25,85,0.074974
498.54,85,0.075114
499.81,85,0.075253
501.09,85,0.075392
502.36,85,0.075529
503.63,85,0.075666
504.89,85,0.075802
506.15,85,0.075938
507.41,85,0.076073
508.65,85,0.076207
509.9,85,0.07634
511.14,85,0.076472
512.37,85,0.076604
513.6,85,0.076735
514.83,85,0.076865
516.05,85,0.076994
517.26,85,0.077123
518.47,85,0.077251
519.67,85,0.077378
520.86,85,0.077505
522.05,85,0.07763
523.23,85,0.077755
524.41,85,0.077879
525.58,85,0.078002
526.74,85,0.078125
527.9,85,0.078247
529.05,85,0.078368
530.19,85,0.078488
531.32,85,0.078607
532.45,85,0.078726
533.57,85,0.078844
534.68,85,0.078961
535.78,85,0.079077
536.87,85,0.079193
537.96,85,0.079308
539.04,85,0.079422
540.11,85,0.079535
541.16,85,0.079647
542.22,85,0.079759
543.26,85,0.07987
544.29,85,0.07998
545.31,85,0.080089
546.32,85,0.080198
547.33,85,0.080305
548.32,85,0.080412
549.3,85,0.080518
550.27,85,0.080624
551.23,85,0.080728
552.18,85,0.080832
553.12,85,0.080935
554.05,85,0.081037
554.97,85,0.081138
555.87,85,0.081239
556.77,85,0.081339
557.65,85,0.081437
558.52,85,0.081536
559.38,85,0.081633
560.22,85,0.081729
561.05,85,0.081825
561.88,85,0.08192
562.68,85,0.082014
563.48,85,0.082107
564.26,85,0.0822
565.03,85,0.082291
565.78,85,0.082382
566.52,85,0.082472
567.25,85,0.082562
567.96,85,0.08265
568.66,85,0.082737
569.34,85,0.082824
570.01,85,0.08291
570.66,85,0.082995
571.3,85,0.08308
571.93,85,0.083163
572.54,85,0.083246
573.13,85,0.083328
573.71,85,0.083409
574.27,85,0.083489
574.82,85,0.083568
575.35,85,0.083647
575.87,85,0.083725
576.36,85,0.083801
576.85,85,0.083878
577.31,85,0.083953
577.76,85,0.084027
578.19,85,0.084101
578.61,85,0.084174
579.01,85,0.084245
579.39,85,0.084317
579.75,85,0.084387
580.1,85,0.084456
580.43,85,0.084525
580.74,85,0.084593
581.03,85,0.08466
581.3,85,0.084726
581.56,85,0.084791
581.8,85,0.084855
582.02,85,0.084919
582.22,85,0.084982
582.4,85,0.085044
582.57,85,0.085105
582.71,85,0.085165
582.84,85,0.085224
582.95,85,0.085283
583.04,85,0.08534
583.11,85,0.085397
583.16,85,0.085453
583.19,85,0.085508
583.2,85,0.085563
583.19,85,0.085616
583.16,85,0.085669
583.11,85,0.085721
583.05,85,0.085772
582.96,85,0.085822
582.85,85,0.085871
582.73,85,0.085919
582.58,85,0.085967
582.41,85,0.086014
582.22,85,0.08606
582.01,85,0.086105
581.79,85,0.086149
581.54,85,0.086192
581.27,85,0.086235
580.98,85,0.086276
580.66,85,0.086317
580.33,85,0.086357
579.98,85,0.086396
579.61,85,0.086434
579.21,85,0.086471
578.8,85,0.086508
578.36,85,0.086544
577.9,85,0.086578
577.43,85,0.086612
576.93,85,0.086645
576.41,85,0.086678
575.86,85,0.086709
575.3,85,0.086739
574.72,85,0.086769
574.11,85,0.086798
573.48,85,0.086826
572.84,85,0.086853
572.17,85,0.086879
571.47,85,0.086905
570.76,85,0.086929
570.03,85,0.086953
569.27,85,0.086976
568.5,85,0.086997
567.7,85,0.087019
566.88,85,0.087039
566.03,85,0.087058
565.17,85,0.087077
564.29,85,0.087094
563.38,85,0.087111
562.45,85,0.087127
561.5,85,0.087142
560.53,85,0.087156
559.54,85,0.08717
558.52,85,0.087182
557.48,85,0.087194
556.43,85,0.087204
555.35,85,0.087214
554.25,85,0.087223
553.12,85,0.087232
551.98,85,0.087239
550.81,85,0.087245
549.62,85,0.087251
548.41,85,0.087256
547.18,85,0.08726
545.93,85,0.087263
544.65,85,0.087265
543.36,85,0.087266
542.04,85,0.087266
540.7,85,0.087266
539.34,85,0.087265
537.96,85,0.087263
536.55,85,0.08726
535.13,85,0.087256
533.68,85,0.087251
532.21,85,0.087245
530.73,85,0.087239
529.21,85,0.087232
527.68,85,0.087223
526.13,85,0.087214
524.55,85,0.087204
522.96,85,0.087194
521.34,85,0.087182
519.7,85,0.08717
518.04,85,0.087156
516.36,85,0.087142
514.66,85,0.087127
512.94,85,0.087111
511.2,85,0.087094
509.43,85,0.087077
507.65,85,0.087058
505.84,85,0.087039
504.01,85,0.087019
502.17,85,0.086997
500.3,85,0.086976
498.41,85,0.086953
496.5,85,0.086929
494.57,85,0.086905
492.62,85,0.086879
490.65,85,0.086853
488.66,85,0.086826
486.65,85,0.086798
484.62,85,0.086769
482.57,85,0.086739
480.5,85,0.086709
478.41,85,0.086678
476.3,85,0.086645
474.17,85,0.086612
472.02,85,0.086578
469.85,85,0.086544
467.66,85,0.086508
465.45,85,0.086471
463.22,85,0.086434
460.97,85,0.086396
458.71,85,0.086357
456.42,85,0.086317
454.12,85,0.086276
451.79,85,0.086235
449.45,85,0.086192
447.09,85,0.086149
444.71,85,0.086105
442.31,85,0.08606
439.89,85,0.086014
437.45,85,0.085967
435,85,0.085919
432.53,85,0.085871
430.03,85,0.085822
427.53,85,0.085772
425,85,0.085721
422.45,85,0.085669
419.89,85,0.085616
417.31,85,0.085563
414.71,85,0.085508
412.1,85,0.085453
409.46,85,0.085397
406.81,85,0.08534
404.15,85,0.085283
401.46,85,0.085224
398.76,85,0.085165
396.04,85,0.085105
393.31,85,0.085044
390.56,85,0.084982
387.79,85,0.084919
385,85,0.084855
382.2,85,0.084791
379.39,85,0.084726
376.55,85,0.08466
373.71,85,0.084593
370.84,85,0.084525
367.96,85,0.084456
365.07,85,0.084387
362.16,85,0.084317
359.23,85,0.084245
356.29,85,0.084174
353.33,85,0.084101
350.36,85,0.084027
347.37,85,0.083953
344.37,85,0.083878
341.36,85,0.083801
338.33,85,0.083725
335.29,85,0.083647
332.23,85,0.083568
329.16,85,0.083489
326.07,85,0.083409
322.97,85,0.083328
319.86,85,0.083246
316.73,85,0.083163
313.59,85,0.08308
310.43,85,0.082995
307.27,85,0.08291
304.09,85,0.082824
300.9,85,0.082737
297.69,85,0.08265
294.47,85,0.082562
291.24,85,0.082472
288,85,0.082382
284.75,85,0.082291
281.48,85,0.0822
278.2,85,0.082107
274.91,85,0.082014
271.61,85,0.08192
268.29,85,0.081825
264.97,85,0.081729
261.63,85,0.081633
258.29,85,0.081536
254.93,85,0.081437
251.56,85,0.081339
248.18,85,0.081239
244.79,85,0.081138
241.39,85,0.081037
237.98,85,0.080935
234.56,85,0.080832
231.13,85,0.080728
227.69,85,0.080624
224.24,85,0.080518
220.78,85,0.080412
217.31,85,0.080305
213.83,85,0.080198
210.34,85,0.080089
206.85,85,0.07998
203.34,85,0.07987
199.83,85,0.079759
196.3,85,0.079647
192.77,85,0.079535
189.23,85,0.079422
185.69,85,0.079308
182.13,85,0.079193
178.57,85,0.079077
175,85,0.078961
171.42,85,0.078844
167.83,85,0.078726
164.24,85,0.078607
160.64,85,0.078488
157.03,85,0.078368
153.42,85,0.078247
149.79,85,0.078125
146.17,85,0.078002
142.53,85,0.077879
138.89,85,0.077755
135.24,85,0.07763
131.59,85,0.077505
127.93,85,0.077378
124.27,85,0.077251
120.6,85,0.077123
116.92,85,0.076994
113.24,85,0.076865
109.55,85,0.076735
105.86,85,0.076604
102.16,85,0.076472
98.463,85,0.07634
94.757,85,0.076207
91.046,85,0.076073
87.331,85,0.075938
83.611,85,0.075802
79.887,85,0.075666
76.159,85,0.075529
72.427,85,0.075392
68.692,85,0.075253
64.952,85,0.075114
61.209,85,0.074974
57.463,85,0.074833
53.713,85,0.074692
49.96,85,0.07455
46.205,85,0.074407
42.446,85,0.074263
38.684,85,0.074119
34.92,85,0.073974
31.153,85,0.073828
27.384,85,0.073682
23.612,85,0.073534
19.839,85,0.073386
16.063,85,0.073238
12.285,85,0.073088
8.5058,85,0.072938
4.7246,85,0.072787
0.94188,85,0.072635
-2.8423,85,0.072483
-6.6279,85,0.07233
-10.415,85,0.072176
-14.202,85,0.072022
-17.991,85,0.071867
-21.781,85,0.071711
-25.572,85,0.071554
-29.363,85,0.071397
-33.154,85,0.071239
-36.946,85,0.07108
-40.739,85,0.070921
-44.531,85,0.070761
-48.324,85,0.0706
-52.117,85,0.070439
-55.909,85,0.070276
-59.702,85,0.070113
-63.494,85,0.06995
-67.285,85,0.069786
-71.076,85,0.069621
-74.867,85,0.069455
-78.656,85,0.069289
-82.445,85,0.069122
-86.233,85,0.068954
-90.02,85,0.068786
-93.805,85,0.068617
-97.59,85,0.068447
-101.37,85,0.068276
-105.15,85,0.068105
-108.93,85,0.067934
-112.71,85,0.067761
-116.49,85,0.067588
-120.26,85,0.067414
-124.04,85,0.06724
-127.81,85,0.067065
-131.58,85,0.066889
-135.34,85,0.066713
-139.11,85,0.066536
-142.87,85,0.066358
-146.63,85,0.06618
-150.39,85,0.066001
-154.14,85,0.065821
-157.89,85,0.065641
-161.64,85,0.06546
-165.39,85,0.065278
-169.13,85,0.065096
-172.87,85,0.064913
-176.61,85,0.064729
-180.34,85,0.064545
-184.07,85,0.06436
-187.8,85,0.064175
-191.52,85,0.063989
-195.24,85,0.063802
-198.96,85,0.063615
-202.67,85,0.063427
-206.38,85,0.063238
-210.09,85,0.063049
-213.79,85,0.062859
-217.49,85,0.062668
-221.18,85,0.062477
-224.87,85,0.062286
-228.56,85,0.062093
-232.24,85,0.0619
-235.92,85,0.061707
-239.59,85,0.061513
-243.26,85,0.061318
-246.93,85,0.061122
-250.59,85,0.060926
-254.24,85,0.06073
-257.89,85,0.060533
-261.54,85,0.060335
-265.18,85,0.060137
-268.82,85,0.059938
-272.45,85,0.059738
-276.08,85,0.059538
-279.7,85,0.059337
-283.32,85,0.059136
-286.93,85,0.058934
-290.54,85,0.058731
-294.14,85,0.058528
-297.73,85,0.058325
-301.33,85,0.05812
-304.91,85,0.057916
-308.49,85,0.05771
-312.07,85,0.057504
-315.64,85,0.057298
-319.21,85,0.057091
-322.76,85,0.056883
-326.32,85,0.056675
-329.87,85,0.056466
-333.41,85,0.056257
-336.95,85,0.056047
-340.48,85,0.055837
-344.01,85,0.055626
-347.53,85,0.055414
-351.04,85,0.055202
-354.55,85,0.05499
-358.05,85,0.054776
-361.55,85,0.054563
-365.04,85,0.054348
-368.53,85,0.054134
-372.01,85,0.053918
-375.48,85,0.053703
-378.95,85,0.053486
-382.41,85,0.053269
-385.86,85,0.053052
-389.31,85,0.052834
-392.76,85,0.052616
-396.19,85,0.052397
-399.63,85,0.052177
-403.05,85,0.051957
-406.47,85,0.051737
-409.88,85,0.051515
-413.29,85,0.051294
-416.69,85,0.051072
-420.08,85,0.050849
-423.47,85,0.050626
-426.85,85,0.050403
-430.23,85,0.050179
-433.59,85,0.049954
-436.96,85,0.049729
-440.31,85,0.049504
-443.66,85,0.049278
-447.01,85,0.049051
-450.34,85,0.048824
-453.67,85,0.048597
-457,85,0.048369
-460.32,85,0.04814
-463.63,85,0.047911
-466.93,85,0.047682
-470.23,85,0.047452
-473.52,85,0.047222
-476.81,85,0.046991
-480.09,85,0.04676
-483.36,85,0.046528
-486.63,85,0.046296
-489.89,85,0.046063
-493.14,85,0.04583
-496.39,85,0.045597
-499.63,85,0.045363
-502.86,85,0.045128
-506.09,85,0.044893
-509.31,85,0.044658
-512.52,85,0.044422
-515.73,85,0.044186
-518.93,85,0.043949
-522.13,85,0.043712
-525.32,85,0.043475
-528.5,85,0.043237
-531.68,85,0.042999
-534.85,85,0.04276
-538.01,85,0.042521
-541.17,85,0.042281
-544.32,85,0.042041
-547.46,85,0.0418
-550.6,85,0.04156
-553.73,85,0.041318
-556.85,85,0.041077
-559.97,85,0.040835
-563.08,85,0.040592
-566.19,85,0.040349
-569.28,85,0.040106
-572.38,85,0.039862
-575.46,85,0.039618
-578.54,85,0.039374
-581.62,85,0.039129
-584.68,85,0.038884
-587.74,85,0.038638
-590.8,85,0.038392
-593.84,85,0.038146
-596.89,85,0.037899
-599.92,85,0.037652
-602.95,85,0.037404
-605.97,85,0.037156
-608.99,85,0.036908
-612,85,0.036659
-615,85,0.03641
-618,85,0.036161
-620.99,85,0.035911
-623.98,85,0.035661
-626.96,85,0.035411
-629.93,85,0.03516
-632.9,85,0.034909
-635.86,85,0.034658
-638.81,85,0.034406
-641.76,85,0.034154
-644.7,85,0.033901
-647.64,85,0.033649
-650.57,85,0.033395
-653.5,85,0.033142
-656.41,85,0.032888
-659.33,85,0.032634
-662.23,85,0.03238
-665.13,85,0.032125
-668.03,85,0.03187
-670.91,85,0.031614
-673.8,85,0.031359
-676.67,85,0.031103
-679.54,85,0.030846
-682.41,85,0.03059
-685.26,85,0.030333
-688.12,85,0.030076
-690.96,85,0.029818
-693.8,85,0.02956
-696.64,85,0.029302
-699.47,85,0.029044
-702.29,85,0.028785
-705.11,85,0.028526
-707.92,85,0.028267
-710.73,85,0.028008
-713.53,85,0.027748
-716.32,85,0.027488
-719.11,85,0.027227
-721.89,85,0.026967
-724.67,85,0.026706
-727.44,85,0.026445
-730.21,85,0.026183
-732.97,85,0.025922
-735.72,85,0.02566
-738.47,85,0.025398
-741.21,85,0.025135
-743.95,85,0.024873
-746.68,85,0.02461
-749.41,85,0.024347
-752.13,85,0.024083
-754.85,85,0.02382
-757.56,85,0.023556
-760.26,85,0.023292
-762.96,85,0.023027
-765.65,85,0.022763
-768.34,85,0.022498
-771.02,85,0.022233
-773.7,85,0.021968
-776.37,85,0.021702
-779.04,85,0.021437
-781.7,85,0.021171
-784.35,85,0.020905
-787,85,0.020638
-789.65,85,0.020372
-792.28,85,0.020105
-794.92,85,0.019838
-797.55,85,0.019571
-800.17,85,0.019304
-802.79,85,0.019037
-805.4,85,0.018769
-808,85,0.018501
-810.61,85,0.018233
-813.2,85,0.017965
-815.79,85,0.017697
-818.38,85,0.017428
-820.96,85,0.017159
-823.53,85,0.01689
-826.1,85,0.016621
-828.66,85,0.016352
-831.22,85,0.016083
-833.78,85,0.015813
-836.32,85,0.015543
-838.87,85,0.015274
-841.4,85,0.015004
-843.94,85,0.014733
-846.46,85,0.014463
-848.98,85,0.014193
-851.5,85,0.013922
-854.01,85,0.013651
-856.52,85,0.013381
-859.02,85,0.01311
-861.51,85,0.012839
-864,85,0.012567
-866.49,85,0.012296
-868.97,85,0.012024
-871.44,85,0.011753
-873.91,85,0.011481
-876.37,85,0.011209
-878.83,85,0.010937
-881.29,85,0.010665
-883.73,85,0.010393
-886.18,85,0.010121
-888.61,85,0.0098486
-891.05,85,0.0095761
-893.47,85,0.0093036
-895.89,85,0.0090309
-898.31,85,0.0087582
-900.72,85,0.0084854
-903.13,85,0.0082125
-905.53,85,0.0079395
-907.92,85,0.0076665
-910.31,85,0.0073933
-912.69,85,0.0071201
-915.07,85,0.0068468
-917.45,85,0.0065735
-919.81,85,0.0063001
-922.18,85,0.0060266
-924.53,85,0.0057531
-926.89,85,0.0054795
-929.23,85,0.0052059
-931.57,85,0.0049322
-933.91,85,0.0046584
-936.24,85,0.0043846
-938.56,85,0.0041108
-940.88,85,0.0038369
-943.2,85,0.003563
-945.5,85,0.0032891
-947.81,85,0.0030151
-950.1,85,0.0027411
-952.4,85,0.0024671
-954.68,85,0.002193
-956.96,85,0.0019189
-959.24,85,0.0016448
-961.51,85,0.0013707
-963.77,85,0.0010966
-966.03,85,0.00082245
-968.28,85,0.00054831
-970.53,85,0.00027416
-972.77,85,1.0687e-17
-975,85,-0.00027416
-977.23,85,-0.00054831
-979.46,85,-0.00082245
-981.67,85,-0.0010966
-983.89,85,-0.0013707
-986.09,85,-0.0016448
-988.29,85,-0.0019189
-990.49,85,-0.002193
-992.68,85,-0.0024671
-994.86,85,-0.0027411
-997.03,85,-0.0030151
-999.21,85,-0.0032891
-1001.4,85,-0.003563
-1003.5,85,-0.0038369
-1005.7,85,-0.0041108
-1007.8,85,-0.0043846
-1010,85,-0.0046584
-1012.1,85,-0.0049322
-1014.2,85,-0.0052059
-1016.4,85,-0.0054795
-1018.5,85,-0.0057531
-1020.6,85,-0.0060266
-1022.7,85,-0.0063001
-1024.8,85,-0.0065735
-1026.9,85,-0.0068468
-1029,85,-0.0071201
-1031,85,-0.0073933
-1033.1,85,-0.0076665
-1035.2,85,-0.0079395
-1037.2,85,-0.0082125
-1039.3,85,-0.0084854
-1041.3,85,-0.0087582
-1043.4,85,-0.0090309
-1045.4,85,-0.0093036
-1047.4,85,-0.0095761
-1049.4,85,-0.0098486
-1051.5,85,-0.010121
-1053.5,85,-0.010393
-1055.5,85,-0.010665
-1057.4,85,-0.010937
-1059.4,85,-0.011209
-1061.4,85,-0.011481
-1063.4,85,-0.011753
-1065.3,85,-0.012024
-1067.3,85,-0.012296
-1069.3,85,-0.012567
-1071.2,85,-0.012839
-1073.1,85,-0.01311
-1075.1,85,-0.013381
-1077,85,-0.013651
-1078.9,85,-0.013922
-1080.8,85,-0.014193
-1082.7,85,-0.014463
-1084.6,85,-0.014733
-1086.5,85,-0.015004
-1088.4,85,-0.015274
-1090.2,85,-0.015543
-1092.1,85,-0.015813
-1093.9,85,-0.016083
-1095.8,85,-0.016352
-1097.6,85,-0.016621
-1099.5,85,-0.01689
-1101.3,85,-0.017159
-1103.1,85,-0.017428
-1104.9,85,-0.017697
-1106.7,85,-0.017965
-1108.5,85,-0.018233
-1110.3,85,-0.018501
-1112.1,85,-0.018769
-1113.8,85,-0.019037
-1115.6,85,-0.019304
-1117.3,85,-0.019571
-1119.1,85,-0.019838
-1120.8,85,-0.020105
-1122.5,85,-0.020372
-1124.3,85,-0.020638
-1126,85,-0.020905
-1127.7,85,-0.021171
-1129.4,85,-0.021437
-1131.1,85,-0.021702
-1132.7,85,-0.021968
-1134.4,85,-0.022233
-1136.1,85,-0.022498
-1137.7,85,-0.022763
-1139.4,85,-0.023027
-1141,85,-0.023292
-1142.6,85,-0.023556
-1144.2,85,-0.02382
-1145.8,85,-0.024083
-1147.4,85,-0.024347
-1149,85,-0.02461
-1150.6,85,-0.024873
-1152.2,85,-0.025135
-1153.7,85,-0.025398
-1155.3,85,-0.02566
-1156.8,85,-0.025922
-1158.4,85,-0.026183
-1159.9,85,-0.026445
-1161.4,85,-0.026706
-1162.9,85,-0.026967
-1164.4,85,-0.027227
-1165.9,85,-0.027488
-1167.3,85,-0.027748
-1168.8,85,-0.028008
-1170.3,85,-0.028267
-1171.7,85,-0.028526
-1173.1,85,-0.028785
-1174.6,85,-0.029044
-1176,85,-0.029302
-1177.4,85,-0.02956
-1178.8,85,-0.029818
-1180.2,85,-0.030076
-1181.5,85,-0.030333
-1182.9,85,-0.03059
-1184.3,85,-0.030846
-1185.6,85,-0.031103
-1186.9,85,-0.031359
-1188.3,85,-0.031614
-1189.6,85,-0.03187
-1190.9,85,-0.032125
-1192.2,85,-0.03238
-1193.4,85,-0.032634
-1194.7,85,-0.032888
-1196,85,-0.033142
-1197.2,85,-0.033395
-1198.5,85,-0.033649
-1199.7,85,-0.033901
-1200.9,85,-0.034154
-1202.1,85,-0.034406
-1203.3,85,-0.034658
-1204.5,85,-0.034909
-1205.7,85,-0.03516
-1206.8,85,-0.035411
-1208,85,-0.035661
-1209.1,85,-0.035911
-1210.2,85,-0.036161
-1211.3,85,-0.03641
-1212.4,85,-0.036659
-1213.5,85,-0.036908
-1214.6,85,-0.037156
-1215.7,85,-0.037404
-1216.7,85,-0.037652
-1217.8,85,-0.037899
-1218.8,85,-0.038146
-1219.8,85,-0.038392
-1220.8,85,-0.038638
-1221.8,85,-0.038884
-1222.8,85,-0.039129
-1223.8,85,-0.039374
-1224.7,85,-0.039618
-1225.7,85,-0.039862
-1226.6,85,-0.040106
-1227.5,85,-0.040349
-1228.4,85,-0.040592
-1229.3,85,-0.040835
-1230.2,85,-0.041077
-1231.1,85,-0.041318
-1231.9,85,-0.04156
-1232.8,85,-0.0418
-1233.6,85,-0.042041
-1234.4,85,-0.042281
-1235.3,85,-0.042521
-1236,85,-0.04276
-1236.8,85,-0.042999
-1237.6,85,-0.043237
-1238.4,85,-0.043475
-1239.1,85,-0.043712
-1239.8,85,-0.043949
-1240.5,85,-0.044186
-1241.2,85,-0.044422
-1241.9,85,-0.044658
-1242.6,85,-0.044893
-1243.3,85,-0.045128
-1243.9,85,-0.045363
-1244.6,85,-0.045597
-1245.2,85,-0.04583
-1245.8,85,-0.046063
-1246.4,85,-0.046296
-1247,85,-0.046528
-1247.5,85,-0.04676
-1248.1,85,-0.046991
-1248.6,85,-0.047222
-1249.1,85,-0.047452
-1249.7,85,-0.047682
-1250.2,85,-0.047911
-1250.6,85,-0.04814
-1251.1,85,-0.048369
-1251.6,85,-0.048597
-1252,85,-0.048824
-1252.4,85,-0.049051
-1252.9,85,-0.049278
-1253.3,85,-0.049504
-1253.6,85,-0.049729
-1254,85,-0.049954
-1254.4,85,-0.050179
-1254.7,85,-0.050403
-1255,85,-0.050626
-1255.3,85,-0.050849
-1255.6,85,-0.051072
-1255.9,85,-0.051294
-1256.2,85,-0.051515
-1256.4,85,-0.051737
-1256.7,85,-0.051957
-1256.9,85,-0.052177
-1257.1,85,-0.052397
-1257.3,85,-0.052616
-1257.5,85,-0.052834
-1257.7,85,-0.053052
-1257.8,85,-0.053269
-1257.9,85,-0.053486
-1258.1,85,-0.053703
-1258.2,85,-0.053918
-1258.3,85,-0.054134
-1258.3,85,-0.054348
-1258.4,85,-0.054563
-1258.4,85,-0.054776
-1258.5,85,-0.05499
-1258.5,85,-0.055202
-1258.5,85,-0.055414
-1258.4,85,-0.055626
-1258.4,85,-0.055837
-1258.4,85,-0.056047
-1258.3,85,-0.056257
-1258.2,85,-0.056466
-1258.1,85,-0.056675
-1258,85,-0.056883
-1257.9,85,-0.057091
-1257.7,85,-0.057298
-1257.6,85,-0.057504
-1257.4,85,-0.05771
-1257.2,85,-0.057916
-1257,85,-0.05812
-1256.8,85,-0.058325
-1256.6,85,-0.058528
-1256.3,85,-0.058731
-1256,85,-0.058934
-1255.8,85,-0.059136
-1255.5,85,-0.059337
-1255.1,85,-0.059538
-1254.8,85,-0.059738
-1254.5,85,-0.059938
-1254.1,85,-0.060137
-1253.7,85,-0.060335
-1253.3,85,-0.060533
-1252.9,85,-0.06073
-1252.5,85,-0.060926
-1252,85,-0.061122
-1251.6,85,-0.061318
-1251.1,85,-0.061513
-1250.6,85,-0.061707
-1250.1,85,-0.0619
-1249.5,85,-0.062093
-1249,85,-0.062286
-1248.4,85,-0.062477
-1247.9,85,-0.062668
-1247.3,85,-0.062859
-1246.7,85,-0.063049
-1246,85,-0.063238
-1245.4,85,-0.063427
-1244.7,85,-0.063615
-1244.1,85,-0.063802
-1243.4,85,-0.063989
-1242.7,85,-0.064175
-1241.9,85,-0.06436
-1241.2,85,-0.064545
-1240.4,85,-0.064729
-1239.7,85,-0.064913
-1238.9,85,-0.065096
-1238.1,85,-0.065278
-1237.2,85,-0.06546
-1236.4,85,-0.065641
-1235.5,85,-0.065821
-1234.7,85,-0.066001
-1233.8,85,-0.06618
-1232.9,85,-0.066358
-1232,85,-0.066536
-1231,85,-0.066713
-1230.1,85,-0.066889
-1229.1,85,-0.067065
-1228.1,85,-0.06724
-1227.1,85,-0.067414
-1226.1,85,-0.067588
-1225,85,-0.067761
-1224,85,-0.067934
-1222.9,85,-0.068105
-1221.8,85,-0.068276
-1220.7,85,-0.068447
-1219.6,85,-0.068617
-1218.4,85,-0.068786
-1217.3,85,-0.068954
-1216.1,85,-0.069122
-1214.9,85,-0.069289
-1213.7,85,-0.069455
-1212.5,85,-0.069621
-1211.2,85,-0.069786
-1210,85,-0.06995
-1208.7,85,-0.070113
-1207.4,85,-0.070276
-1206.1,85,-0.070439
-1204.7,85,-0.0706
-1203.4,85,-0.070761
-1202,85,-0.070921
-1200.7,85,-0.07108
-1199.3,85,-0.071239
-1197.9,85,-0.071397
-1196.4,85,-0.071554
-1195,85,-0.071711
-1193.5,85,-0.071867
-1192.1,85,-0.072022
-1190.6,85,-0.072176
-1189,85,-0.07233
-1187.5,85,-0.072483
-1186,85,-0.072635
-1184.4,85,-0.072787
-1182.8,85,-0.072938
-1181.2,85,-0.073088
-1179.6,85,-0.073238
-1178,85,-0.073386
-1176.4,85,-0.073534
-1174.7,85,-0.073682
-1173,85,-0.073828
-1171.3,85,-0.073974
-1169.6,85,-0.074119
-1167.9,85,-0.074263
-1166.1,85,-0.074407
-1164.4,85,-0.07455
-1162.6,85,-0.074692
-1160.8,85,-0.074833
-1159,85,-0.074974
-1157.2,85,-0.075114
-1155.3,85,-0.075253
-1153.5,85,-0.075392
-1151.6,85,-0.075529
-1149.7,85,-0.075666
-1147.8,85,-0.075802
-1145.8,85,-0.075938
-1143.9,85,-0.076073
-1141.9,85,-0.076207
-1140,85,-0.07634
-1138,85,-0.076472
-1136,85,-0.076604
-1133.9,85,-0.076735
-1131.9,85,-0.076865
-1129.8,85,-0.076994
-1127.8,85,-0.077123
-1125.7,85,-0.077251
-1123.6,85,-0.077378
-1121.5,85,-0.077505
-1119.3,85,-0.07763
-1117.2,85,-0.077755
-1115,85,-0.077879
-1112.8,85,-0.078002
-1110.6,85,-0.078125
-1108.4,85,-0.078247
-1106.1,85,-0.078368
-1103.9,85,-0.078488
-1101.6,85,-0.078607
-1099.3,85,-0.078726
-1097,85,-0.078844
-1094.7,85,-0.078961
-1092.4,85,-0.079077
-1090,85,-0.079193
-1087.7,85,-0.079308
-1085.3,85,-0.079422
-1082.9,85,-0.079535
-1080.5,85,-0.079647
-1078.1,85,-0.079759
-1075.6,85,-0.07987
-1073.2,85,-0.07998
-1070.7,85,-0.080089
-1068.2,85,-0.080198
-1065.7,85,-0.080305
-1063.2,85,-0.080412
-1060.6,85,-0.080518
-1058.1,85,-0.080624
-1055.5,85,-0.080728
-1052.9,85,-0.080832
-1050.3,85,-0.080935
-1047.7,85,-0.081037
-1045.1,85,-0.081138
-1042.5,85,-0.081239
-1039.8,85,-0.081339
-1037.1,85,-0.081437
-1034.4,85,-0.081536
-1031.7,85,-0.081633
-1029,85,-0.081729
-1026.3,85,-0.081825
-1023.5,85,-0.08192
-1020.8,85,-0.082014
-1018,85,-0.082107
-1015.2,85,-0.0822
-1012.4,85,-0.082291
-1009.6,85,-0.082382
-1006.7,85,-0.082472
-1003.9,85,-0.082562
-1001,85,-0.08265
-998.11,85,-0.082737
-995.21,85,-0.082824
-992.3,85,-0.08291
-989.37,85,-0.082995
-986.43,85,-0.08308
-983.47,85,-0.083163
-980.5,85,-0.083246
-977.52,85,-0.083328
-974.52,85,-0.083409
-971.5,85,-0.083489
-968.47,85,-0.083568
-965.43,85,-0.083647
-962.37,85,-0.083725
-959.3,85,-0.083801
-956.21,85,-0.083878
-953.11,85,-0.083953
-950,85,-0.084027
-946.87,85,-0.084101
-943.73,85,-0.084174
-940.57,85,-0.084245
-937.4,85,-0.084317
-934.22,85,-0.084387
-931.02,85,-0.084456
-927.81,85,-0.084525
-924.58,85,-0.084593
-921.35,85,-0.08466
-918.09,85,-0.084726
-914.83,85,-0.084791
-911.55,85,-0.084855
-908.25,85,-0.084919
-904.94,85,-0.084982
-901.62,85,-0.085044
-898.29,85,-0.085105
-894.94,85,-0.085165
-891.58,85,-0.085224
-888.21,85,-0.085283
-884.82,85,-0.08534
-881.42,85,-0.085397
-878.01,85,-0.085453
-874.58,85,-0.085508
-871.14,85,-0.085563
-867.69,85,-0.085616
-864.22,85,-0.085669
-860.74,85,-0.085721
-857.25,85,-0.085772
-853.75,85,-0.085822
-850.23,85,-0.085871
-846.7,85,-0.085919
-843.16,85,-0.085967
-839.6,85,-0.086014
-836.03,85,-0.08606
-832.45,85,-0.086105
-828.86,85,-0.086149
-825.25,85,-0.086192
-821.64,85,-0.086235
-818.01,85,-0.086276
-814.36,85,-0.086317
-810.71,85,-0.086357
-807.04,85,-0.086396
-803.36,85,-0.086434
-799.67,85,-0.086471
-795.97,85,-0.086508
-792.25,85,-0.086544
-788.52,85,-0.086578
-784.78,85,-0.086612
-781.03,85,-0.086645
-777.27,85,-0.086678
-773.49,85,-0.086709
-769.71,85,-0.086739
-765.91,85,-0.086769
-762.1,85,-0.086798
-758.27,85,-0.086826
-754.44,85,-0.086853
-750.6,85,-0.086879
-746.74,85,-0.086905
-742.87,85,-0.086929
-738.99,85,-0.086953
-735.1,85,-0.086976
-731.2,85,-0.086997
-727.28,85,-0.087019
-723.36,85,-0.087039
-719.42,85,-0.087058
-715.48,85,-0.087077
-711.52,85,-0.087094
-707.55,85,-0.087111
-703.57,85,-0.087127
-699.58,85,-0.087142
-695.58,85,-0.087156
-691.57,85,-0.08717
-687.54,85,-0.087182
-683.51,85,-0.087194
-679.47,85,-0.087204
-675.41,85,-0.087214
-671.35,85,-0.087223
-667.27,85,-0.087232
-663.18,85,-0.087239
-659.09,85,-0.087245
-654.98,85,-0.087251
-650.86,85,-0.087256
-646.73,85,-0.08726
-642.6,85,-0.087263
-638.45,85,-0.087265
-634.29,85,-0.087266
-630.12,85,-0.087266
-625.94,85,-0.087266
-621.75,85,-0.087265
-617.56,85,-0.087263
-613.35,85,-0.08726
-609.13,85,-0.087256
-604.9,85,-0.087251
-600.66,85,-0.087245
-596.42,85,-0.087239
-592.16,85,-0.087232
-587.89,85,-0.087223
-583.62,85,-0.087214
-579.33,85,-0.087204
-575.04,85,-0.087194
-570.73,85,-0.087182
-566.42,85,-0.08717
-562.1,85,-0.087156
-557.76,85,-0.087142
-553.42,85,-0.087127
-549.07,85,-0.087111
-544.71,85,-0.087094
-540.34,85,-0.087077
-535.97,85,-0.087058
-531.58,85,-0.087039
-527.18,85,-0.087019
-522.78,85,-0.086997
-518.37,85,-0.086976
-513.94,85,-0.086953
-509.51,85,-0.086929
-505.07,85,-0.086905
-500.63,85,-0.086879
-496.17,85,-0.086853
-491.7,85,-0.086826
-487.23,85,-0.086798
-482.75,85,-0.086769
-478.26,85,-0.086739
-473.76,85,-0.086709
-469.25,85,-0.086678
-464.74,85,-0.086645
-460.22,85,-0.086612
-455.69,85,-0.086578
-451.15,85,-0.086544
-446.6,85,-0.086508
-442.04,85,-0.086471
-437.48,85,-0.086434
-432.91,85,-0.086396
-428.33,85,-0.086357
-423.74,85,-0.086317
-419.15,85,-0.086276
-414.55,85,-0.086235
-409.94,85,-0.086192
-405.32,85,-0.086149
-400.7,85,-0.086105
-396.06,85,-0.08606
-391.42,85,-0.086014
-386.78,85,-0.085967
-382.12,85,-0.085919
-377.46,85,-0.085871
-372.79,85,-0.085822
-368.12,85,-0.085772
-363.43,85,-0.085721
-358.74,85,-0.085669
-354.04,85,-0.085616
-349.34,85,-0.085563
-344.63,85,-0.085508
-339.91,85,-0.085453
-335.19,85,-0.085397
-330.45,85,-0.08534
-325.72,85,-0.085283
-320.97,85,-0.085224
-316.22,85,-0.085165
-311.46,85,-0.085105
-306.7,85,-0.085044
-301.92,85,-0.084982
-297.15,85,-0.084919
-292.36,85,-0.084855
-287.57,85,-0.084791
-282.77,85,-0.084726
-277.97,85,-0.08466
-273.16,85,-0.084593
-268.35,85,-0.084525
-263.52,85,-0.084456
-258.7,85,-0.084387
-253.86,85,-0.084317
-249.02,85,-0.084245
-244.18,85,-0.084174
-239.33,85,-0.084101
-234.47,85,-0.084027
-229.61,85,-0.083953
-224.74,85,-0.083878
-219.86,85,-0.083801
-214.98,85,-0.083725
-210.1,85,-0.083647
-205.21,85,-0.083568
-200.31,85,-0.083489
-195.41,85,-0.083409
-190.5,85,-0.083328
-185.59,85,-0.083246
-180.67,85,-0.083163
-175.75,85,-0.08308
-170.82,85,-0.082995
-165.89,85,-0.08291
-160.95,85,-0.082824
-156.01,85,-0.082737
-151.06,85,-0.08265
-146.11,85,-0.082562
-141.15,85,-0.082472
-136.19,85,-0.082382
-131.22,85,-0.082291
-126.25,85,-0.0822
-121.27,85,-0.082107
-116.29,85,-0.082014
-111.31,85,-0.08192
-106.32,85,-0.081825
-101.32,85,-0.081729
-96.324,85,-0.081633
-91.321,85,-0.081536
-86.314,85,-0.081437
-81.303,85,-0.081339
-76.287,85,-0.081239
-71.267,85,-0.081138
-66.244,85,-0.081037
-61.216,85,-0.080935
-56.185,85,-0.080832
-51.149,85,-0.080728
-46.11,85,-0.080624
-41.067,85,-0.080518
-36.02,85,-0.080412
-30.97,85,-0.080305
-25.916,85,-0.080198
-20.859,85,-0.080089
-15.798,85,-0.07998
-10.733,85,-0.07987
-5.6655,85,-0.079759
-0.59442,85,-0.079647
4.48,85,-0.079535
9.5576,85,-0.079422
14.638,85,-0.079308
19.722,85,-0.079193
24.809,85,-0.079077
29.899,85,-0.078961
34.992,85,-0.078844
40.087,85,-0.078726
45.186,85,-0.078607
50.287,85,-0.078488
55.391,85,-0.078368
60.498,85,-0.078247
65.607,85,-0.078125
70.719,85,-0.078002
75.833,85,-0.077879
80.949,85,-0.077755
86.068,85,-0.07763
91.19,85,-0.077505
96.313,85,-0.077378
101.44,85,-0.077251
106.57,85,-0.077123
111.7,85,-0.076994
116.83,85,-0.076865
121.96,85,-0.076735
127.1,85,-0.076604
132.23,85,-0.076472
137.37,85,-0.07634
142.52,85,-0.076207
147.66,85,-0.076073
152.8,85,-0.075938
157.95,85,-0.075802
163.09,85,-0.075666
168.24,85,-0.075529
173.39,85,-0.075392
178.54,85,-0.075253
183.7,85,-0.075114
188.85,85,-0.074974
194,85,-0.074833
199.16,85,-0.074692
204.32,85,-0.07455
209.47,85,-0.074407
214.63,85,-0.074263
219.79,85,-0.074119
224.95,85,-0.073974
230.11,85,-0.073828
235.27,85,-0.073682
240.43,85,-0.073534
245.59,85,-0.073386
250.75,85,-0.073238
255.92,85,-0.073088
261.08,85,-0.072938
266.24,85,-0.072787
271.4,85,-0.072635
276.57,85,-0.072483
281.73,85,-0.07233
286.89,85,-0.072176
292.05,85,-0.072022
297.22,85,-0.071867
302.38,85,-0.071711
307.54,85,-0.071554
312.7,85,-0.071397
317.86,85,-0.071239
323.02,85,-0.07108
328.18,85,-0.070921
333.34,85,-0.070761
338.49,85,-0.0706
343.65,85,-0.070439
348.81,85,-0.070276
353.96,85,-0.070113
359.11,85,-0.06995
364.27,85,-0.069786
369.42,85,-0.069621
374.57,85,-0.069455
379.71,85,-0.069289
384.86,85,-0.069122
390.01,85,-0.068954
395.15,85,-0.068786
400.29,85,-0.068617
405.43,85,-0.068447
410.57,85,-0.068276
415.71,85,-0.068105
420.84,85,-0.067934
425.97,85,-0.067761
431.1,85,-0.067588
436.23,85,-0.067414
441.36,85,-0.06724
446.48,85,-0.067065
451.6,85,-0.066889
456.72,85,-0.066713
461.83,85,-0.066536
466.95,85,-0.066358
472.06,85,-0.06618
477.16,85,-0.066001
482.27,85,-0.065821
487.37,85,-0.065641
492.47,85,-0.06546
497.56,85,-0.065278
502.66,85,-0.065096
507.74,85,-0.064913
512.83,85,-0.064729
517.91,85,-0.064545
522.99,85,-0.06436
528.06,85,-0.064175
533.13,85,-0.063989
538.2,85,-0.063802
543.26,85,-0.063615
548.32,85,-0.063427
553.38,85,-0.063238
558.43,85,-0.063049
563.47,85,-0.062859
568.51,85,-0.062668
573.55,85,-0.062477
578.58,85,-0.062286
583.61,85,-0.062093
588.64,85,-0.0619
593.66,85,-0.061707
598.67,85,-0.061513
603.68,85,-0.061318
608.68,85,-0.061122
613.68,85,-0.060926
618.68,85,-0.06073
623.67,85,-0.060533
628.65,85,-0.060335
633.63,85,-0.060137
638.6,85,-0.059938
643.57,85,-0.059738
648.53,85,-0.059538
653.48,85,-0.059337
658.43,85,-0.059136
663.37,85,-0.058934
668.31,85,-0.058731
673.24,85,-0.058528
678.17,85,-0.058325
683.09,85,-0.05812
688,85,-0.057916
692.9,85,-0.05771
697.8,85,-0.057504
702.7,85,-0.057298
707.58,85,-0.057091
712.46,85,-0.056883
717.33,85,-0.056675
722.2,85,-0.056466
727.05,85,-0.056257
731.9,85,-0.056047
736.75,85,-0.055837
741.58,85,-0.055626
746.41,85,-0.055414
751.23,85,-0.055202
756.04,85,-0.05499
760.85,85,-0.054776
765.65,85,-0.054563
770.44,85,-0.054348
775.22,85,-0.054134
779.99,85,-0.053918
784.75,85,-0.053703
789.51,85,-0.053486
794.26,85,-0.053269
799,85,-0.053052
803.73,85,-0.052834
808.45,85,-0.052616
813.17,85,-0.052397
817.87,85,-0.052177
822.57,85,-0.051957
827.25,85,-0.051737
831.93,85,-0.051515
836.6,85,-0.051294
841.26,85,-0.051072
845.91,85,-0.050849
850.55,85,-0.050626
855.18,85,-0.050403
859.8,85,-0.050179
864.41,85,-0.049954
869.01,85,-0.049729
873.61,85,-0.049504
878.19,85,-0.049278
882.76,85,-0.049051
887.32,85,-0.048824
891.87,85,-0.048597
896.41,85,-0.048369
900.94,85,-0.04814
905.46,85,-0.047911
909.97,85,-0.047682
914.47,85,-0.047452
918.95,85,-0.047222
923.43,85,-0.046991
927.9,85,-0.04676
932.35,85,-0.046528
936.79,85,-0.046296
941.23,85,-0.046063
945.65,85,-0.04583
950.06,85,-0.045597
954.45,85,-0.045363
958.84,85,-0.045128
963.22,85,-0.044893
967.58,85,-0.044658
971.93,85,-0.044422
976.27,85,-0.044186
980.6,85,-0.043949
984.91,85,-0.043712
989.21,85,-0.043475
993.5,85,-0.043237
997.78,85,-0.042999
1002,85,-0.04276
1006.3,85,-0.042521
1010.5,85,-0.042281
1014.8,85,-0.042041
1019,85,-0.0418
1023.2,85,-0.04156
1027.4,85,-0.041318
1031.6,85,-0.041077
1035.7,85,-0.040835
1039.9,85,-0.040592
1044,85,-0.040349
1048.1,85,-0.040106
1052.3,85,-0.039862
1056.4,85,-0.039618
1060.4,85,-0.039374
1064.5,85,-0.039129
1068.6,85,-0.038884
1072.6,85,-0.038638
1076.6,85,-0.038392
1080.7,85,-0.038146
1084.7,85,-0.037899
1088.7,85,-0.037652
1092.6,85,-0.037404
1096.6,85,-0.037156
1100.5,85,-0.036908
1104.5,85,-0.036659
1108.4,85,-0.03641
1112.3,85,-0.036161
1116.2,85,-0.035911
1120.1,85,-0.035661
1123.9,85,-0.035411
1127.8,85,-0.03516
1131.6,85,-0.034909
1135.4,85,-0.034658
1139.2,85,-0.034406
1143,85,-0.034154
1146.8,85,-0.033901
1150.6,85,-0.033649
1154.3,85,-0.033395
1158.1,85,-0.033142
1161.8,85,-0.032888
1165.5,85,-0.032634
1169.2,85,-0.03238
1172.8,85,-0.032125
1176.5,85,-0.03187
1180.1,85,-0.031614
1183.8,85,-0.031359
1187.4,85,-0.031103
1191,85,-0.030846
1194.6,85,-0.03059
1198.1,85,-0.030333
1201.7,85,-0.030076
1205.2,85,-0.029818
1208.8,85,-0.02956
1212.3,85,-0.029302
1215.8,85,-0.029044
1219.2,85,-0.028785
1222.7,85,-0.028526
1226.2,85,-0.028267
1229.6,85,-0.028008
1233,85,-0.027748
1236.4,85,-0.027488
1239.8,85,-0.027227
1243.2,85,-0.026967
1246.5,85,-0.026706
1249.9,85,-0.026445
1253.2,85,-0.026183
1256.5,85,-0.025922
1259.8,85,-0.02566
1263.1,85,-0.025398
1266.4,85,-0.025135
1269.6,85,-0.024873
1272.8,85,-0.02461
1276.1,85,-0.024347
1279.3,85,-0.024083
1282.5,85,-0.02382
1285.6,85,-0.023556
1288.8,85,-0.023292
1291.9,85,-0.023027
1295.1,85,-0.022763
1298.2,85,-0.022498
1301.3,85,-0.022233
1304.4,85,-0.021968
1307.5,85,-0.021702
1310.5,85,-0.021437
1313.6,85,-0.021171
1316.6,85,-0.020905
1319.6,85,-0.020638
1322.6,85,-0.020372
1325.6,85,-0.020105
1328.6,85,-0.019838
1331.5,85,-0.019571
1334.5,85,-0.019304
1337.4,85,-0.019037
1340.3,85,-0.018769
1343.2,85,-0.018501
1346.1,85,-0.018233
1348.9,85,-0.017965
1351.8,85,-0.017697
1354.6,85,-0.017428
1357.5,85,-0.017159
1360.3,85,-0.01689
1363.1,85,-0.016621
1365.9,85,-0.016352
1368.7,85,-0.016083
1371.4,85,-0.015813
1374.2,85,-0.015543
1376.9,85,-0.015274
1379.6,85,-0.015004
1382.3,85,-0.014733
1385,85,-0.014463
1387.7,85,-0.014193
1390.4,85,-0.013922
1393,85,-0.013651
1395.7,85,-0.013381
1398.3,85,-0.01311
1400.9,85,-0.012839
1403.5,85,-0.012567
1406.1,85,-0.012296
1408.7,85,-0.012024
1411.3,85,-0.011753
1413.8,85,-0.011481
1416.4,85,-0.011209
1418.9,85,-0.010937
1421.4,85,-0.010665
1423.9,85,-0.010393
1426.4,85,-0.010121
1428.9,85,-0.0098486
1431.4,85,-0.0095761
1433.8,85,-0.0093036
1436.3,85,-0.0090309
1438.7,85,-0.0087582
1441.2,85,-0.0084854
1443.6,85,-0.0082125
1446,85,-0.0079395
1448.4,85,-0.0076665
1450.8,85,-0.0073933
1453.2,85,-0.0071201
1455.5,85,-0.0068468
1457.9,85,-0.0065735
1460.3,85,-0.0063001
1462.6,85,-0.0060266
1464.9,85,-0.0057531
1467.3,85,-0.0054795
1469.6,85,-0.0052059
1471.9,85,-0.0049322
1474.2,85,-0.0046584
1476.5,85,-0.0043846
1478.7,85,-0.0041108
1481,85,-0.0038369
1483.3,85,-0.003563
1485.5,85,-0.0032891
1487.8,85,-0.0030151
1490,85,-0.0027411
1492.2,85,-0.0024671
1494.4,85,-0.002193
1496.6,85,-0.0019189
1498.8,85,-0.0016448
1501,85,-0.0013707
1503.2,85,-0.0010966
1505.4,85,-0.00082245
1507.6,85,-0.00054831
1509.8,85,-0.00027416
1511.9,85,-2.1374e-17
1514.1,85,0.00027416
1516.2,85,0.00054831
1518.4,85,0.00082245
1520.5,85,0.0010966
1522.6,85,0.0013707
1524.8,85,0.0016448
1526.9,85,0.0019189
1529,85,0.002193
1531.1,85,0.0024671
1533.2,85,0.0027411
1535.3,85,0.0030151
1537.4,85,0.0032891
1539.5,85,0.003563
1541.6,85,0.0038369
1543.6,85,0.0041108
1545.7,85,0.0043846
1547.8,85,0.0046584
1549.8,85,0.0049322
1551.9,85,0.0052059
1554,85,0.0054795
1556,85,0.0057531
1558.1,85,0.0060266
1560.1,85,0.0063001
1562.1,85,0.0065735
1564.2,85,0.0068468
1566.2,85,0.0071201
1568.2,85,0.0073933
1570.3,85,0.0076665
1572.3,85,0.0079395
1574.3,85,0.0082125
1576.3,85,0.0084854
1578.3,85,0.0087582
1580.3,85,0.0090309
1582.3,85,0.0093036
1584.3,85,0.0095761
1586.3,85,0.0098486
1588.3,85,0.010121
1590.3,85,0.010393
1592.3,85,0.010665
1594.3,85,0.010937
1596.3,85,0.011209
1598.3,85,0.011481
1600.3,85,0.011753
1602.3,85,0.012024
1604.2,85,0.012296
1606.2,85,0.012567
1608.2,85,0.012839
1610.2,85,0.01311
1612.1,85,0.013381
1614.1,85,0.013651
1616.1,85,0.013922
1618,85,0.014193
1620,85,0.014463
1622,85,0.014733
1623.9,85,0.015004
1625.9,85,0.015274
1627.9,85,0.015543
1629.8,85,0.015813
1631.8,85,0.016083
1633.7,85,0.016352
1635.7,85,0.016621
1637.6,85,0.01689
1639.6,85,0.017159
1641.5,85,0.017428
1643.5,85,0.017697
1645.4,85,0.017965
1647.4,85,0.018233
1649.3,85,0.018501
1651.2,85,0.018769
1653.2,85,0.019037
1655.1,85,0.019304
1657.1,85,0.019571
1659,85,0.019838
1660.9,85,0.020105
1662.9,85,0.020372
1664.8,85,0.020638
1666.7,85,0.020905
1668.7,85,0.021171
1670.6,85,0.021437
1672.5,85,0.021702
1674.4,85,0.021968
1676.4,85,0.022233
1678.3,85,0.022498
1680.2,85,0.022763
1682.1,85,0.023027
1684,85,0.023292
1685.9,85,0.023556
1687.8,85,0.02382
1689.8,85,0.024083
1691.7,85,0.024347
1693.6,85,0.02461
1695.5,85,0.024873
1697.4,85,0.025135
1699.3,85,0.025398
1701.2,85,0.02566
1703,85,0.025922
1704.9,85,0.026183
1706.8,85,0.026445
1708.7,85,0.026706
1710.6,85,0.026967
1712.5,85,0.027227
1714.3,85,0.027488
1716.2,85,0.027748
1718.1,85,0.028008
1719.9,85,0.028267
1721.8,85,0.028526
1723.6,85,0.028785
1725.5,85,0.029044
1727.3,85,0.029302
1729.2,85,0.02956
1731,85,0.029818
1732.9,85,0.030076
1734.7,85,0.030333
1736.5,85,0.03059
1738.3,85,0.030846
1740.1,85,0.031103
1742,85,0.031359
1743.8,85,0.031614
1745.6,85,0.03187
1747.4,85,0.032125
1749.1,85,0.03238
1750.9,85,0.032634
1752.7,85,0.032888
1754.5,85,0.033142
1756.3,85,0.033395
1758,85,0.033649
1759.8,85,0.033901
1761.5,85,0.034154
1763.3,85,0.034406
1765,85,0.034658
1766.7,85,0.034909
1768.4,85,0.03516
1770.2,85,0.035411
1771.9,85,0.035661
1773.6,85,0.035911
1775.2,85,0.036161
1776.9,85,0.03641
1778.6,85,0.036659
1780.3,85,0.036908
1781.9,85,0.037156
1783.6,85,0.037404
1785.2,85,0.037652
1786.9,85,0.037899
1788.5,85,0.038146
1790.1,85,0.038392
1791.7,85,0.038638
1793.3,85,0.038884
1794.9,85,0.039129
1796.5,85,0.039374
1798,85,0.039618
1799.6,85,0.039862
1801.1,85,0.040106
1802.7,85,0.040349
1804.2,85,0.040592
1805.7,85,0.040835
1807.2,85,0.041077
1808.7,85,0.041318
1810.2,85,0.04156
1811.7,85,0.0418
1813.1,85,0.042041
1814.6,85,0.042281
1816,85,0.042521
1817.4,85,0.04276
1818.8,85,0.042999
1820.2,85,0.043237
1821.6,85,0.043475
1823,85,0.043712
1824.3,85,0.043949
1825.7,85,0.044186
1827,85,0.044422
1828.3,85,0.044658
1829.7,85,0.044893
1830.9,85,0.045128
1832.2,85,0.045363
1833.5,85,0.045597
1834.7,85,0.04583
1836,85,0.046063
1837.2,85,0.046296
1838.4,85,0.046528
1839.6,85,0.04676
1840.8,85,0.046991
1841.9,85,0.047222
1843.1,85,0.047452
1844.2,85,0.047682
1845.3,85,0.047911
1846.4,85,0.04814
1847.5,85,0.048369
1848.5,85,0.048597
1849.6,85,0.048824
1850.6,85,0.049051
1851.6,85,0.049278
1852.6,85,0.049504
1853.6,85,0.049729
1854.6,85,0.049954
1855.5,85,0.050179
1856.4,85,0.050403
1857.3,85,0.050626
1858.2,85,0.050849
1859.1,85,0.051072
1859.9,85,0.051294
1860.8,85,0.051515
1861.6,85,0.051737
1862.4,85,0.051957
1863.1,85,0.052177
1863.9,85,0.052397
1864.6,85,0.052616
1865.3,85,0.052834
1866,85,0.053052
1866.7,85,0.053269
1867.4,85,0.053486
1868,85,0.053703
1868.6,85,0.053918
1869.2,85,0.054134
1869.8,85,0.054348
1870.3,85,0.054563
1870.8,85,0.054776
1871.4,85,0.05499
1871.8,85,0.055202
1872.3,85,0.055414
1872.7,85,0.055626
1873.2,85,0.055837
1873.5,85,0.056047
1873.9,85,0.056257
1874.3,85,0.056466
1874.6,85,0.056675
1874.9,85,0.056883
1875.2,85,0.057091
1875.4,85,0.057298
1875.6,85,0.057504
1875.9,85,0.05771
1876,85,0.057916
1876.2,85,0.05812
1876.3,85,0.058325
1876.4,85,0.058528
1876.5,85,0.058731
1876.6,85,0.058934
1876.6,85,0.059136
1876.6,85,0.059337
1876.6,85,0.059538
1876.5,85,0.059738
1876.5,85,0.059938
1876.4,85,0.060137
1876.2,85,0.060335
1876.1,85,0.060533
1875.9,85,0.06073
1875.7,85,0.060926
1875.5,85,0.061122
1875.2,85,0.061318
1874.9,85,0.061513
1874.6,85,0.061707
1874.3,85,0.0619
1873.9,85,0.062093
1873.5,85,0.062286
1873.1,85,0.062477
1872.6,85,0.062668
1872.1,85,0.062859
1871.6,85,0.063049
1871.1,85,0.063238
1870.5,85,0.063427
1869.9,85,0.063615
1869.3,85,0.063802
1868.6,85,0.063989
1867.9,85,0.064175
1867.2,85,0.06436
1866.5,85,0.064545
1865.7,85,0.064729
1864.9,85,0.064913
1864,85,0.065096
1863.1,85,0.065278
1862.2,85,0.06546
1861.3,85,0.065641
1860.3,85,0.065821
1859.3,85,0.066001
1858.3,85,0.06618
1857.2,85,0.066358
1856.2,85,0.066536
1855,85,0.066713
1853.9,85,0.066889
1852.7,85,0.067065
1851.5,85,0.06724
1850.2,85,0.067414
1848.9,85,0.067588
1847.6,85,0.067761
1846.2,85,0.067934
1844.8,85,0.068105
1843.4,85,0.068276
1842,85,0.068447
1840.5,85,0.068617
1839,85,0.068786
1837.4,85,0.068954
1835.8,85,0.069122
1834.2,85,0.069289
1832.5,85,0.069455
1830.8,85,0.069621
1829.1,85,0.069786
1827.3,85,0.06995
1825.5,85,0.070113
1823.7,85,0.070276
1821.9,85,0.070439
1819.9,85,0.0706
1818,85,0.070761
1816,85,0.070921
1814,85,0.07108
1812,85,0.071239
1809.9,85,0.071397
1807.8,85,0.071554
1805.6,85,0.071711
1803.5,85,0.071867
1801.2,85,0.072022
1799,85,0.072176
1796.7,85,0.07233
1794.4,85,0.072483
1792,85,0.072635
1789.6,85,0.072787
1787.2,85,0.072938
1784.7,85,0.073088
1782.2,85,0.073238
1779.6,85,0.073386
1777,85,0.073534
1774.4,85,0.073682
1771.8,85,0.073828
1769.1,85,0.073974
1766.4,85,0.074119
1763.6,85,0.074263
1760.8,85,0.074407
1757.9,85,0.07455
1755.1,85,0.074692
1752.2,85,0.074833
1749.2,85,0.074974
1746.2,85,0.075114
1743.2,85,0.075253
1740.2,85,0.075392
1737.1,85,0.075529
1733.9,85,0.075666
1730.8,85,0.075802
1727.6,85,0.075938
1724.3,85,0.076073
1721,85,0.076207
1717.7,85,0.07634
1714.4,85,0.076472
1711,85,0.076604
1707.6,85,0.076735
1704.1,85,0.076865
1700.6,85,0.076994
1697.1,85,0.077123
1693.5,85,0.077251
1689.9,85,0.077378
1686.3,85,0.077505
1682.6,85,0.07763
1678.9,85,0.077755
1675.2,85,0.077879
1671.4,85,0.078002
1667.6,85,0.078125
1663.7,85,0.078247
1659.8,85,0.078368
1655.9,85,0.078488
1652,85,0.078607
1648,85,0.078726
1643.9,85,0.078844
1639.9,85,0.078961
1635.8,85,0.079077
1631.7,85,0.079193
1627.5,85,0.079308
1623.3,85,0.079422
1619.1,85,0.079535
1614.8,85,0.079647
1610.5,85,0.079759
1606.2,85,0.07987
1601.8,85,0.07998
1597.4,85,0.080089
1593,85,0.080198
1588.5,85,0.080305
1584,85,0.080412
1579.5,85,0.080518
1574.9,85,0.080624
1570.3,85,0.080728
1565.7,85,0.080832
1561.1,85,0.080935
1556.4,85,0.081037
1551.6,85,0.081138
1546.9,85,0.081239
1542.1,85,0.081339
1537.3,85,0.081437
1532.5,85,0.081536
1527.6,85,0.081633
1522.7,85,0.081729
1517.7,85,0.081825
1512.8,85,0.08192
1507.8,85,0.082014
1502.8,85,0.082107
1497.7,85,0.0822
1492.6,85,0.082291
1487.5,85,0.082382
1482.4,85,0.082472
1477.2,85,0.082562
1472,85,0.08265
1466.8,85,0.082737
1461.6,85,0.082824
1456.3,85,0.08291
1451,85,0.082995
1445.7,85,0.08308
1440.3,85,0.083163
1434.9,85,0.083246
1429.5,85,0.083328
1424.1,85,0.083409
1418.6,85,0.083489
1413.1,85,0.083568
1407.6,85,0.083647
1402.1,85,0.083725
1396.5,85,0.083801
1391,85,0.083878
1385.4,85,0.083953
1379.7,85,0.084027
1374.1,85,0.084101
1368.4,85,0.084174
1362.7,85,0.084245
1357,85,0.084317
1351.2,85,0.084387
1345.5,85,0.084456
1339.7,85,0.084525
1333.9,85,0.084593
1328,85,0.08466
1322.2,85,0.084726
1316.3,85,0.084791
1310.4,85,0.084855
1304.5,85,0.084919
1298.6,85,0.084982
1292.6,85,0.085044
1286.6,85,0.085105
1280.6,85,0.085165
1274.6,85,0.085224
1268.6,85,0.085283
1262.5,85,0.08534
1256.5,85,0.085397
1250.4,85,0.085453
1244.3,85,0.085508
1238.2,85,0.085563
1232,85,0.085616
1225.9,85,0.085669
1219.7,85,0.085721
1213.5,85,0.085772
1207.3,85,0.085822
1201.1,85,0.085871
1194.8,85,0.085919
1188.6,85,0.085967
1182.3,85,0.086014
1176,85,0.08606
1169.7,85,0.086105
1163.4,85,0.086149
1157.1,85,0.086192
1150.8,85,0.086235
1144.4,85,0.086276
1138,85,0.086317
1131.6,85,0.086357
1125.3,85,0.086396
1118.8,85,0.086434
1112.4,85,0.086471
1106,85,0.086508
1099.5,85,0.086544
1093.1,85,0.086578
1086.6,85,0.086612
1080.1,85,0.086645
1073.6,85,0.086678
1067.1,85,0.086709
1060.6,85,0.086739
1054.1,85,0.086769
1047.5,85,0.086798
1041,85,0.086826
1034.4,85,0.086853
1027.9,85,0.086879
1021.3,85,0.086905
1014.7,85,0.086929
1008.1,85,0.086953
1001.5,85,0.086976
994.88,85,0.086997
988.25,85,0.087019
981.62,85,0.087039
974.98,85,0.087058
968.33,85,0.087077
961.67,85,0.087094
955,85,0.087111
948.33,85,0.087127
941.65,85,0.087142
934.96,85,0.087156
928.26,85,0.08717
921.56,85,0.087182
914.84,85,0.087194
908.13,85,0.087204
901.4,85,0.087214
894.67,85,0.087223
887.94,85,0.087232
881.19,85,0.087239
874.44,85,0.087245
867.69,85,0.087251
860.93,85,0.087256
854.16,85,0.08726
847.39,85,0.087263
840.61,85,0.087265
833.83,85,0.087266
827.04,85,0.087266
820.25,85,0.087266
813.45,85,0.087265
806.65,85,0.087263
799.85,85,0.08726
793.04,85,0.087256
786.22,85,0.087251
779.41,85,0.087245
772.58,85,0.087239
765.76,85,0.087232
758.93,85,0.087223
752.09,85,0.087214
745.26,85,0.087204
738.42,85,0.087194
731.57,85,0.087182
724.73,85,0.08717
717.88,85,0.087156
711.02,85,0.087142
704.17,85,0.087127
697.31,85,0.087111
690.45,85,0.087094
683.58,85,0.087077
676.72,85,0.087058
669.85,85,0.087039
662.98,85,0.087019
656.11,85,0.086997
649.23,85,0.086976
642.35,85,0.086953
635.47,85,0.086929
628.59,85,0.086905
621.71,85,0.086879
614.83,85,0.086853
607.94,85,0.086826
601.05,85,0.086798
594.16,85,0.086769
587.27,85,0.086739
580.38,85,0.086709
573.49,85,0.086678
566.59,85,0.086645
559.7,85,0.086612
552.8,85,0.086578
545.9,85,0.086544
539,85,0.086508
532.11,85,0.086471
525.2,85,0.086434
518.3,85,0.086396
511.4,85,0.086357
504.5,85,0.086317
497.6,85,0.086276
490.69,85,0.086235
483.79,85,0.086192
476.88,85,0.086149
469.98,85,0.086105
463.07,85,0.08606
456.17,85,0.086014
449.26,85,0.085967
442.36,85,0.085919
435.45,85,0.085871
428.54,85,0.085822
421.64,85,0.085772
414.73,85,0.085721
407.82,85,0.085669
400.91,85,0.085616
394.01,85,0.085563
387.1,85,0.085508
380.19,85,0.085453
373.29,85,0.085397
366.38,85,0.08534
359.47,85,0.085283
352.57,85,0.085224
345.66,85,0.085165
338.76,85,0.085105
331.85,85,0.085044
324.95,85,0.084982
318.04,85,0.084919
311.14,85,0.084855
304.23,85,0.084791
297.33,85,0.084726
290.42,85,0.08466
283.52,85,0.084593
276.62,85,0.084525
269.72,85,0.084456
262.82,85,0.084387
255.91,85,0.084317
249.01,85,0.084245
242.11,85,0.084174
235.21,85,0.084101
228.31,85,0.084027
221.42,85,0.083953
214.52,85,0.083878
207.62,85,0.083801
200.72,85,0.083725
193.83,85,0.083647
186.93,85,0.083568
180.04,85,0.083489
173.14,85,0.083409
166.25,85,0.083328
159.35,85,0.083246
152.46,85,0.083163
145.57,85,0.08308
138.68,85,0.082995
131.79,85,0.08291
124.9,85,0.082824
118.01,85,0.082737
111.12,85,0.08265
104.23,85,0.082562
97.341,85,0.082472
90.454,85,0.082382
83.568,85,0.082291
76.682,85,0.0822
69.797,85,0.082107
62.913,85,0.082014
56.029,85,0.08192
49.146,85,0.081825
42.264,85,0.081729
35.382,85,0.081633
28.501,85,0.081536
21.62,85,0.081437
14.741,85,0.081339
7.8613,85,0.081239
0.98281,85,0.081138
-5.8951,85,0.081037
-12.772,85,0.080935
-19.649,85,0.080832
-26.525,85,0.080728
-33.4,85,0.080624
-40.275,85,0.080518
-47.149,85,0.080412
-54.023,85,0.080305
-60.895,85,0.080198
-67.768,85,0.080089
-74.639,85,0.07998
-81.51,85,0.07987
-88.381,85,0.079759
-95.251,85,0.079647
-102.12,85,0.079535
-108.99,85,0.079422
-115.86,85,0.079308
-122.72,85,0.079193
-129.59,85,0.079077
-136.46,85,0.078961
-143.32,85,0.078844
-150.19,85,0.078726
-157.05,85,0.078607
-163.92,85,0.078488
-170.78,85,0.078368
-177.64,85,0.078247
-184.51,85,0.078125
-191.37,85,0.078002
-198.23,85,0.077879
-205.09,85,0.077755
-211.95,85,0.07763
-218.81,85,0.077505
-225.67,85,0.077378
-232.53,85,0.077251
-239.38,85,0.077123
-246.24,85,0.076994
-253.1,85,0.076865
-259.95,85,0.076735
-266.81,85,0.076604
-273.67,85,0.076472
-280.52,85,0.07634
-287.37,85,0.076207
-294.23,85,0.076073
-301.08,85,0.075938
-307.93,85,0.075802
-314.79,85,0.075666
-321.64,85,0.075529
-328.49,85,0.075392
-335.34,85,0.075253
-342.19,85,0.075114
-349.04,85,0.074974
-355.88,85,0.074833
-362.73,85,0.074692
-369.58,85,0.07455
-376.43,85,0.074407
-383.27,85,0.074263
-390.12,85,0.074119
-396.96,85,0.073974
-403.81,85,0.073828
-410.65,85,0.073682
-417.49,85,0.073534
-424.34,85,0.073386
-431.18,85,0.073238
-438.02,85,0.073088
-444.86,85,0.072938
-451.7,85,0.072787
-458.54,85,0.072635
-465.38,85,0.072483
-472.21,85,0.07233
-479.05,85,0.072176
-485.89,85,0.072022
-492.72,85,0.071867
-499.55,85,0.071711
-506.39,85,0.071554
-513.22,85,0.071397
-520.05,85,0.071239
-526.88,85,0.07108
-533.71,85,0.070921
-540.54,85,0.070761
-547.37,85,0.0706
-554.2,85,0.070439
-561.02,85,0.070276
-567.85,85,0.070113
-574.67,85,0.06995
-581.49,85,0.069786
-588.31,85,0.069621
-595.14,85,0.069455
-601.95,85,0.069289
-608.77,85,0.069122
-615.59,85,0.068954
-622.4,85,0.068786
-629.22,85,0.068617
-636.03,85,0.068447
-642.84,85,0.068276
-649.65,85,0.068105
-656.46,85,0.067934
-663.27,85,0.067761
-670.07,85,0.067588
-676.88,85,0.067414
-683.68,85,0.06724
-690.48,85,0.067065
-697.28,85,0.066889
-704.08,85,0.066713
-710.87,85,0.066536
-717.67,85,0.066358
-724.46,85,0.06618
-731.25,85,0.066001
-738.04,85,0.065821
-744.82,85,0.065641
-751.61,85,0.06546
-758.39,85,0.065278
-765.17,85,0.065096
-771.94,85,0.064913
-778.72,85,0.064729
-785.49,85,0.064545
-792.26,85,0.06436
-799.03,85,0.064175
-805.79,85,0.063989
-812.56,85,0.063802
-819.32,85,0.063615
-826.07,85,0.063427
-832.83,85,0.063238
-839.58,85,0.063049
-846.32,85,0.062859
-853.07,85,0.062668
-859.81,85,0.062477
-866.55,85,0.062286
-873.28,85,0.062093
-880.02,85,0.0619
-886.75,85,0.061707
-893.47,85,0.061513
-900.19,85,0.061318
-906.91,85,0.061122
-913.62,85,0.060926
-920.33,85,0.06073
-927.04,85,0.060533
-933.74,85,0.060335
-940.44,85,0.060137
-947.13,85,0.059938
-953.82,85,0.059738
-960.5,85,0.059538
-967.18,85,0.059337
-973.86,85,0.059136
-980.53,85,0.058934
-987.19,85,0.058731
-993.85,85,0.058528
-1000.5,85,0.058325
-1007.2,85,0.05812
-1013.8,85,0.057916
-1020.4,85,0.05771
-1027.1,85,0.057504
-1033.7,85,0.057298
-1040.3,85,0.057091
-1046.9,85,0.056883
-1053.6,85,0.056675
-1060.2,85,0.056466
-1066.8,85,0.056257
-1073.3,85,0.056047
-1079.9,85,0.055837
-1086.5,85,0.055626
-1093.1,85,0.055414
-1099.6,85,0.055202
-1106.2,85,0.05499
-1112.8,85,0.054776
-1119.3,85,0.054563
-1125.8,85,0.054348
-1132.4,85,0.054134
-1138.9,85,0.053918
-1145.4,85,0.053703
-1151.9,85,0.053486
-1158.4,85,0.053269
-1164.9,85,0.053052
-1171.3,85,0.052834
-1177.8,85,0.052616
-1184.3,85,0.052397
-1190.7,85,0.052177
-1197.2,85,0.051957
-1203.6,85,0.051737
-1210,85,0.051515
-1216.4,85,0.051294
-1222.8,85,0.051072
-1229.2,85,0.050849
-1235.6,85,0.050626
-1242,85,0.050403
-1248.3,85,0.050179
-1254.7,85,0.049954
-1261,85,0.049729
-1267.3,85,0.049504
-1273.6,85,0.049278
-1279.9,85,0.049051
-1286.2,85,0.048824
-1292.5,85,0.048597
-1298.8,85,0.048369
-1305,85,0.04814
-1311.3,85,0.047911
-1317.5,85,0.047682
-1323.7,85,0.047452
-1329.9,85,0.047222
-1336.1,85,0.046991
-1342.3,85,0.04676
-1348.4,85,0.046528
-1354.6,85,0.046296
-1360.7,85,0.046063
-1366.8,85,0.04583
-1372.9,85,0.045597
-1379,85,0.045363
-1385,85,0.045128
-1391.1,85,0.044893
-1397.1,85,0.044658
-1403.1,85,0.044422
-1409.1,85,0.044186
-1415.1,85,0.043949
-1421.1,85,0.043712
-1427,85,0.043475
-1433,85,0.043237
-1438.9,85,0.042999
-1444.8,85,0.04276
-1450.6,85,0.042521
-1456.5,85,0.042281
-1462.3,85,0.042041
-1468.1,85,0.0418
-1473.9,85,0.04156
-1479.7,85,0.041318
-1485.5,85,0.041077
-1491.2,85,0.040835
-1496.9,85,0.040592
-1502.6,85,0.040349
-1508.3,85,0.040106
-1513.9,85,0.039862
-1519.5,85,0.039618
-1525.1,85,0.039374
-1530.7,85,0.039129
-1536.3,85,0.038884
-1541.8,85,0.038638
-1547.3,85,0.038392
-1552.8,85,0.038146
-1558.3,85,0.037899
-1563.7,85,0.037652
-1569.1,85,0.037404
-1574.5,85,0.037156
-1579.8,85,0.036908
-1585.2,85,0.036659
-1590.5,85,0.03641
-1595.7,85,0.036161
-1601,85,0.035911
-1606.2,85,0.035661
-1611.4,85,0.035411
-1616.5,85,0.03516
-1621.7,85,0.034909
-1626.8,85,0.034658
-1631.8,85,0.034406
-1636.9,85,0.034154
-1641.9,85,0.033901
-1646.9,85,0.033649
-1651.8,85,0.033395
-1656.7,85,0.033142
-1661.6,85,0.032888
-1666.5,85,0.032634
-1671.3,85,0.03238
-1676.1,85,0.032125
-1680.8,85,0.03187
-1685.5,85,0.031614
-1690.2,85,0.031359
-1694.9,85,0.031103
-1699.5,85,0.030846
-1704.1,85,0.03059
-1708.6,85,0.030333
-1713.1,85,0.030076
-1717.5,85,0.029818
-1722,85,0.02956
-1726.4,85,0.029302
-1730.7,85,0.029044
-1735,85,0.028785
-1739.3,85,0.028526
-1743.5,85,0.028267
-1747.7,85,0.028008
-1751.8,85,0.027748
-1755.9,85,0.027488
-1760,85,0.027227
-1764,85,0.026967
-1768,85,0.026706
-1771.9,85,0.026445
-1775.8,85,0.026183
-1779.7,85,0.025922
-1783.5,85,0.02566
-1787.2,85,0.025398
-1790.9,85,0.025135
-1794.6,85,0.024873
-1798.2,85,0.02461
-1801.8,85,0.024347
-1805.3,85,0.024083
-1808.8,85,0.02382
-1812.2,85,0.023556
-1815.6,85,0.023292
-1818.9,85,0.023027
-1822.2,85,0.022763
-1825.4,85,0.022498
-1828.6,85,0.022233
-1831.7,85,0.021968
-1834.8,85,0.021702
-1837.8,85,0.021437
-1840.7,85,0.021171
-1843.6,85,0.020905
-1846.5,85,0.020638
-1849.3,85,0.020372
-1852,85,0.020105
-1854.7,85,0.019838
-1857.4,85,0.019571
-1859.9,85,0.019304
-1862.5,85,0.019037
-1864.9,85,0.018769
-1867.3,85,0.018501
-1869.7,85,0.018233
-1872,85,0.017965
-1874.2,85,0.017697
-1876.3,85,0.017428
-1878.5,85,0.017159
-1880.5,85,0.01689
-1882.5,85,0.016621
-1884.4,85,0.016352
-1886.3,85,0.016083
-1888.1,85,0.015813
-1889.8,85,0.015543
-1891.5,85,0.015274
-1893.1,85,0.015004
-1894.6,85,0.014733
-1896.1,85,0.014463
-1897.5,85,0.014193
-1898.8,85,0.013922
-1900.1,85,0.013651
-1901.3,85,0.013381
-1902.5,85,0.01311
-1903.5,85,0.012839
-1904.5,85,0.012567
-1905.5,85,0.012296
-1906.4,85,0.012024
-1907.2,85,0.011753
-1907.9,85,0.011481
-1908.6,85,0.011209
-1909.1,85,0.010937
-1909.7,85,0.010665
-1910.1,85,0.010393
-1910.5,85,0.010121
-1910.8,85,0.0098486
-1911,85,0.0095761
-1911.2,85,0.0093036
-1911.3,85,0.0090309
-1911.3,85,0.0087582
-1911.3,85,0.0084854
-1911.1,85,0.0082125
-1910.9,85,0.0079395
-1910.7,85,0.0076665
-1910.3,85,0.0073933
-1909.9,85,0.0071201
-1909.4,85,0.0068468
-1908.8,85,0.0065735
-1908.2,85,0.0063001
-1907.5,85,0.0060266
-1906.7,85,0.0057531
-1905.8,85,0.0054795
-1904.8,85,0.0052059
-1903.8,85,0.0049322
-1902.7,85,0.0046584
-1901.6,85,0.0043846
-1900.3,85,0.0041108
-1899,85,0.0038369
-1897.6,85,0.003563
-1896.2,85,0.0032891
-1894.6,85,0.0030151
-1893,85,0.0027411
-1891.3,85,0.0024671
-1889.6,85,0.002193
-1887.7,85,0.0019189
-1885.8,85,0.0016448
-1883.8,85,0.0013707
-1881.8,85,0.0010966
-1879.7,85,0.00082245
-1877.5,85,0.00054831
-1875.2,85,0.00027416
-1872.9,85,3.2061e-17
-1870.5,85,-0.00027416
-1868,85,-0.00054831
-1865.4,85,-0.00082245
-1862.8,85,-0.0010966
-1860.1,85,-0.0013707
-1857.4,85,-0.0016448
-1854.6,85,-0.0019189
-1851.7,85,-0.002193
-1848.7,85,-0.0024671
-1845.7,85,-0.0027411
-1842.6,85,-0.0030151
-1839.5,85,-0.0032891
-1836.3,85,-0.003563
-1833,85,-0.0038369
-1829.7,85,-0.0041108
-1826.3,85,-0.0043846
-1822.9,85,-0.0046584
-1819.4,85,-0.0049322
-1815.8,85,-0.0052059
-1812.2,85,-0.0054795
-1808.6,85,-0.0057531
-1804.8,85,-0.0060266
-1801.1,85,-0.0063001
-1797.3,85,-0.0065735
-1793.4,85,-0.0068468
-1789.5,85,-0.0071201
-1785.5,85,-0.0073933
-1781.6,85,-0.0076665
-1777.5,85,-0.0079395
-1773.4,85,-0.0082125
-1769.3,85,-0.0084854
-1765.2,85,-0.0087582
-1761,85,-0.0090309
-1756.8,85,-0.0093036
-1752.5,85,-0.0095761
-1748.3,85,-0.0098486
-1743.9,85,-0.010121
-1739.6,85,-0.010393
-1735.3,85,-0.010665
-1730.9,85,-0.010937
-1726.5,85,-0.011209
-1722.1,85,-0.011481
-1717.7,85,-0.011753
-1713.2,85,-0.012024
-1708.8,85,-0.012296
-1704.3,85,-0.012567
-1699.9,85,-0.012839
-1695.4,85,-0.01311
-1691,85,-0.013381
-1686.5,85,-0.013651
-1682,85,-0.013922
-1677.6,85,-0.014193
-1673.1,85,-0.014463
-1668.7,85,-0.014733
-1664.3,85,-0.015004
-1659.9,85,-0.015274
-1655.5,85,-0.015543
-1651.2,85,-0.015813
-1646.8,85,-0.016083
-1642.5,85,-0.016352
-1638.3,85,-0.016621
-1634,85,-0.01689
-1629.8,85,-0.017159
-1625.7,85,-0.017428
-1621.5,85,-0.017697
-1617.4,85,-0.017965
-1613.4,85,-0.018233
-1609.4,85,-0.018501
-1605.5,85,-0.018769
-1601.6,85,-0.019037
-1597.8,85,-0.019304
-1594,85,-0.019571
-1590.3,85,-0.019838
-1586.7,85,-0.020105
-1583.1,85,-0.020372
-1579.6,85,-0.020638
-1576.1,85,-0.020905
-1572.8,85,-0.021171
-1569.5,85,-0.021437
-1566.3,85,-0.021702
-1563.1,85,-0.021968
-1560.1,85,-0.022233
-1557.1,85,-0.022498
-1554.3,85,-0.022763
-1551.5,85,-0.023027
-1548.8,85,-0.023292
-1546.2,85,-0.023556
-1543.7,85,-0.02382
-1541.3,85,-0.024083
-1539,85,-0.024347
-1536.8,85,-0.02461
-1534.7,85,-0.024873
-1532.7,85,-0.025135
-1530.8,85,-0.025398
-1529,85,-0.02566
-1527.3,85,-0.025922
-1525.7,85,-0.026183
-1524.3,85,-0.026445
-1522.9,85,-0.026706
-1521.7,85,-0.026967
-1520.6,85,-0.027227
-1519.6,85,-0.027488
-1518.7,85,-0.027748
-1517.9,85,-0.028008
-1517.2,85,-0.028267
-1516.7,85,-0.028526
-1516.3,85,-0.028785
-1516,85,-0.029044
-1515.8,85,-0.029302
-1515.7,85,-0.02956
-1515.8,85,-0.029818
-1516,85,-0.030076
-1516.2,85,-0.030333
-1516.7,85,-0.03059
-1517.2,85,-0.030846
-1517.8,85,-0.031103
-1518.6,85,-0.031359
-1519.5,85,-0.031614
-1520.5,85,-0.03187
-1521.6,85,-0.032125
-1522.8,85,-0.03238
-1524.2,85,-0.032634
-1525.6,85,-0.032888
-1527.2,85,-0.033142
-1528.9,85,-0.033395
-1530.7,85,-0.033649
-1532.6,85,-0.033901
-1534.7,85,-0.034154
-1536.8,85,-0.034406
-1539,85,-0.034658
-1541.4,85,-0.034909
-1543.8,85,-0.03516
-1546.4,85,-0.035411
-1549,85,-0.035661
-1551.8,85,-0.035911
-1554.6,85,-0.036161
-1557.6,85,-0.03641
-1560.7,85,-0.036659
-1563.8,85,-0.036908
-1567,85,-0.037156
-1570.4,85,-0.037404
-1573.8,85,-0.037652
-1577.3,85,-0.037899
-1580.9,85,-0.038146
-1584.6,85,-0.038392
-1588.4,85,-0.038638
-1592.2,85,-0.038884
-1596.1,85,-0.039129
-1600.1,85,-0.039374
-1604.2,85,-0.039618
-1608.4,85,-0.039862
-1612.6,85,-0.040106
-1616.9,85,-0.040349
-1621.3,85,-0.040592
-1625.7,85,-0.040835
-1630.2,85,-0.041077
-1634.7,85,-0.041318
-1639.4,85,-0.04156
-1644.1,85,-0.0418
-1648.8,85,-0.042041
-1653.6,85,-0.042281
-1658.5,85,-0.042521
-1663.4,85,-0.04276
-1668.3,85,-0.042999
-1673.3,85,-0.043237
-1678.4,85,-0.043475
-1683.5,85,-0.043712
-1688.6,85,-0.043949
-1693.8,85,-0.044186
-1699.1,85,-0.044422
-1704.3,85,-0.044658
-1709.7,85,-0.044893
-1715,85,-0.045128
-1720.4,85,-0.045363
-1725.8,85,-0.045597
-1731.3,85,-0.04583
-1736.8,85,-0.046063
-1742.3,85,-0.046296
-1747.8,85,-0.046528
-1753.4,85,-0.04676
-1759,85,-0.046991
-1764.6,85,-0.047222
-1770.3,85,-0.047452
-1775.9,85,-0.047682
-1781.6,85,-0.047911
-1787.3,85,-0.04814
-1793.1,85,-0.048369
-1798.8,85,-0.048597
-1804.6,85,-0.048824
-1810.4,85,-0.049051
-1816.2,85,-0.049278
-1822,85,-0.049504
-1827.8,85,-0.049729
-1833.6,85,-0.049954
-1839.5,85,-0.050179
-1845.4,85,-0.050403
-1851.2,85,-0.050626
-1857.1,85,-0.050849
-1863,85,-0.051072
-1868.9,85,-0.051294
-1874.8,85,-0.051515
-1880.7,85,-0.051737
-1886.7,85,-0.051957
-1892.6,85,-0.052177
-1898.5,85,-0.052397
-1904.5,85,-0.052616
-1910.4,85,-0.052834
-1916.3,85,-0.053052
-1922.3,85,-0.053269
-1928.2,85,-0.053486
-1934.2,85,-0.053703
-1940.2,85,-0.053918
-1946.1,85,-0.054134
-1952.1,85,-0.054348
-1958,85,-0.054563
-1964,85,-0.054776
-1970,85,-0.05499
-1975.9,85,-0.055202
-1981.9,85,-0.055414
-1987.9,85,-0.055626
-1993.8,85,-0.055837
-1999.8,85,-0.056047
-2005.8,85,-0.056257
-2011.7,85,-0.056466
-2017.7,85,-0.056675
-2023.6,85,-0.056883
-2029.6,85,-0.057091
-2035.6,85,-0.057298
-2041.5,85,-0.057504
-2047.5,85,-0.05771
-2053.5,85,-0.057916
-2059.4,85,-0.05812
-2065.4,85,-0.058325
-2071.3,85,-0.058528
-2077.3,85,-0.058731
-2083.2,85,-0.058934
-2089.2,85,-0.059136
-2095.1,85,-0.059337
-2101.1,85,-0.059538
-2107,85,-0.059738
-2113,85,-0.059938
-2118.9,85,-0.060137
-2124.9,85,-0.060335
-2130.8,85,-0.060533
-2136.8,85,-0.06073
-2142.7,85,-0.060926
-2148.6,85,-0.061122
-2154.6,85,-0.061318
-2160.5,85,-0.061513
-2166.4,85,-0.061707
-2172.4,85,-0.0619
-2178.3,85,-0.062093
-2184.2,85,-0.062286
-2190.1,85,-0.062477
-2196.1,85,-0.062668
-2202,85,-0.062859
-2207.9,85,-0.063049
-2213.8,85,-0.063238
-2219.7,85,-0.063427
-2225.6,85,-0.063615
-2231.5,85,-0.063802
-2237.4,85,-0.063989
-2243.3,85,-0.064175
-2249.2,85,-0.06436
-2255.1,85,-0.064545
-2261,85,-0.064729
-2266.9,85,-0.064913
-2272.7,85,-0.065096
-2278.6,85,-0.065278
-2284.4,85,-0.06546
-2290.3,85,-0.065641
-2296.1,85,-0.065821
-2301.9,85,-0.066001
-2307.7,85,-0.06618
-2313.5,85,-0.066358
-2319.3,85,-0.066536
-2325.1,85,-0.066713
-2330.8,85,-0.066889
-2336.6,85,-0.067065
-2342.3,85,-0.06724
-2348,85,-0.067414
-2353.7,85,-0.067588
-2359.4,85,-0.067761
-2365,85,-0.067934
-2370.6,85,-0.068105
-2376.2,85,-0.068276
-2381.8,85,-0.068447
-2387.3,85,-0.068617
-2392.8,85,-0.068786
-2398.3,85,-0.068954
-2403.8,85,-0.069122
-2409.2,85,-0.069289
-2414.5,85,-0.069455
-2419.9,85,-0.069621
-2425.2,85,-0.069786
-2430.4,85,-0.06995
-2435.6,85,-0.070113
-2440.8,85,-0.070276
-2445.9,85,-0.070439
-2450.9,85,-0.0706
-2455.9,85,-0.070761
-2460.9,85,-0.070921
-2465.8,85,-0.07108
-2470.6,85,-0.071239
-2475.3,85,-0.071397
-2480,85,-0.071554
-2484.6,85,-0.071711
-2489.1,85,-0.071867
-2493.6,85,-0.072022
-2498,85,-0.072176
-2502.3,85,-0.07233
-2506.5,85,-0.072483
-2510.6,85,-0.072635
-2514.6,85,-0.072787
-2518.5,85,-0.072938
-2522.3,85,-0.073088
-2526,85,-0.073238
-2529.7,85,-0.073386
-2533.1,85,-0.073534
-2536.5,85,-0.073682
-2539.8,85,-0.073828
-2542.9,85,-0.073974
-2545.9,85,-0.074119
-2548.8,85,-0.074263
-2551.5,85,-0.074407
-2554.2,85,-0.07455
-2556.6,85,-0.074692
-2558.9,85,-0.074833
-2561.1,85,-0.074974
-2563.1,85,-0.075114
-2565,85,-0.075253
-2566.7,85,-0.075392
-2568.2,85,-0.075529
-2569.6,85,-0.075666
-2570.8,85,-0.075802
-2571.8,85,-0.075938
-2572.6,85,-0.076073
-2573.3,85,-0.076207
-2573.8,85,-0.07634
-2574.1,85,-0.076472
-2574.2,85,-0.076604
-2574.1,85,-0.076735
-2573.8,85,-0.076865
-2573.3,85,-0.076994
-2572.6,85,-0.077123
-2571.6,85,-0.077251
-2570.5,85,-0.077378
-2569.2,85,-0.077505
-2567.7,85,-0.07763
-2565.9,85,-0.077755
-2563.9,85,-0.077879
-2561.7,85,-0.078002
-2559.3,85,-0.078125
-2556.6,85,-0.078247
-2553.8,85,-0.078368
-2550.7,85,-0.078488
-2547.3,85,-0.078607
-2543.8,85,-0.078726
-2540,85,-0.078844
-2536,85,-0.078961
-2531.7,85,-0.079077
-2527.3,85,-0.079193
-2522.5,85,-0.079308
-2517.6,85,-0.079422
-2512.4,85,-0.079535
-2507,85,-0.079647
-2501.4,85,-0.079759
-2495.5,85,-0.07987
-2489.4,85,-0.07998
-2483.1,85,-0.080089
-2476.5,85,-0.080198
-2469.8,85,-0.080305
-2462.8,85,-0.080412
-2455.5,85,-0.080518
-2448.1,85,-0.080624
-2440.4,85,-0.080728
-2432.6,85,-0.080832
-2424.5,85,-0.080935
-2416.2,85,-0.081037
-2407.6,85,-0.081138
-2398.9,85,-0.081239
-2390,85,-0.081339
-2380.9,85,-0.081437
-2371.5,85,-0.081536
-2362,85,-0.081633
-2352.3,85,-0.081729
-2342.4,85,-0.081825
-2332.3,85,-0.08192
-2322.1,85,-0.082014
-2311.6,85,-0.082107
-2301,85,-0.0822
-2290.3,85,-0.082291
-2279.3,85,-0.082382
-2268.2,85,-0.082472
-2256.9,85,-0.082562
-2245.5,85,-0.08265
-2234,85,-0.082737
-2222.3,85,-0.082824
-2210.4,85,-0.08291
-2198.4,85,-0.082995
-2186.3,85,-0.08308
-2174.1,85,-0.083163
-2161.7,85,-0.083246
-2149.2,85,-0.083328
-2136.6,85,-0.083409
-2123.9,85,-0.083489
-2111.1,85,-0.083568
-2098.2,85,-0.083647
-2085.1,85,-0.083725
-2072,85,-0.083801
-2058.8,85,-0.083878
-2045.6,85,-0.083953
-2032.2,85,-0.084027
-2018.7,85,-0.084101
-2005.2,85,-0.084174
-1991.7,85,-0.084245
-1978,85,-0.084317
-1964.3,85,-0.084387
-1950.5,85,-0.084456
-1936.7,85,-0.084525
-1922.8,85,-0.084593
-1908.9,85,-0.08466
-1895,85,-0.084726
-1881,85,-0.084791
-1866.9,85,-0.084855
-1852.9,85,-0.084919
-1838.8,85,-0.084982
-1824.7,85,-0.085044
-1810.5,85,-0.085105
-1796.4,85,-0.085165
-1782.2,85,-0.085224
-1768,85,-0.085283
-1753.8,85,-0.08534
-1739.6,85,-0.085397
-1725.4,85,-0.085453
-1711.2,85,-0.085508
-1697,85,-0.085563
-1682.8,85,-0.085616
-1668.6,85,-0.085669
-1654.4,85,-0.085721
-1640.2,85,-0.085772
-1626.1,85,-0.085822
-1611.9,85,-0.085871
-1597.8,85,-0.085919
-1583.7,85,-0.085967
-1569.6,85,-0.086014
-1555.5,85,-0.08606
-1541.5,85,-0.086105
-1527.5,85,-0.086149
-1513.5,85,-0.086192
-1499.5,85,-0.086235
-1485.6,85,-0.086276
-1471.7,85,-0.086317
-1457.9,85,-0.086357
-1444,85,-0.086396
-1430.2,85,-0.086434
-1416.5,85,-0.086471
-1402.8,85,-0.086508
-1389.1,85,-0.086544
-1375.5,85,-0.086578
-1361.9,85,-0.086612
-1348.4,85,-0.086645
-1334.9,85,-0.086678
-1321.5,85,-0.086709
-1308.1,85,-0.086739
-1294.7,85,-0.086769
-1281.4,85,-0.086798
-1268.2,85,-0.086826
-1255,85,-0.086853
-1241.8,85,-0.086879
-1228.7,85,-0.086905
-1215.7,85,-0.086929
-1202.7,85,-0.086953
-1189.8,85,-0.086976
-1176.9,85,-0.086997
-1164.1,85,-0.087019
-1151.3,85,-0.087039
-1138.6,85,-0.087058
-1125.9,85,-0.087077
-1113.3,85,-0.087094
-1100.7,85,-0.087111
-1088.2,85,-0.087127
-1075.8,85,-0.087142
-1063.4,85,-0.087156
-1051,85,-0.08717
-1038.8,85,-0.087182
-1026.5,85,-0.087194
-1014.4,85,-0.087204
-1002.3,85,-0.087214
-990.22,85,-0.087223
-978.22,85,-0.087232
-966.29,85,-0.087239
-954.4,85,-0.087245
-942.58,85,-0.087251
-930.81,85,-0.087256
-919.09,85,-0.08726
-907.43,85,-0.087263
-895.83,85,-0.087265
-884.29,85,-0.087266
-872.8,85,-0.087266
-861.36,85,-0.087266
-849.98,85,-0.087265
-838.66,85,-0.087263
-827.39,85,-0.08726
-816.18,85,-0.087256
-805.02,85,-0.087251
-793.91,85,-0.087245
-782.86,85,-0.087239
-771.86,85,-0.087232
-760.92,85,-0.087223
-750.02,85,-0.087214
-739.19,85,-0.087204
-728.4,85,-0.087194
-717.67,85,-0.087182
-706.99,85,-0.08717
-696.36,85,-0.087156
-685.78,85,-0.087142
-675.25,85,-0.087127
-664.78,85,-0.087111
-654.35,85,-0.087094
-643.97,85,-0.087077
-633.65,85,-0.087058
-623.37,85,-0.087039
-613.14,85,-0.087019
-602.97,85,-0.086997
-592.84,85,-0.086976
-582.75,85,-0.086953
-572.72,85,-0.086929
-562.73,85,-0.086905
-552.79,85,-0.086879
-542.89,85,-0.086853
-533.05,85,-0.086826
-523.24,85,-0.086798
-513.49,85,-0.086769
-503.77,85,-0.086739
-494.11,85,-0.086709
-484.48,85,-0.086678
-474.9,85,-0.086645
-465.37,85,-0.086612
-455.87,85,-0.086578
-446.42,85,-0.086544
-437.02,85,-0.086508
-427.65,85,-0.086471
-418.32,85,-0.086434
-409.04,85,-0.086396
-399.8,85,-0.086357
-390.6,85,-0.086317
-381.43,85,-0.086276
-372.31,85,-0.086235
-363.23,85,-0.086192
-354.18,85,-0.086149
-345.17,85,-0.086105
-336.2,85,-0.08606
-327.27,85,-0.086014
-318.38,85,-0.085967
-309.52,85,-0.085919
-300.7,85,-0.085871
-291.92,85,-0.085822
-283.17,85,-0.085772
-274.46,85,-0.085721
-265.78,85,-0.085669
-257.14,85,-0.085616
-248.53,85,-0.085563
-239.95,85,-0.085508
-231.41,85,-0.085453
-222.9,85,-0.085397
-214.43,85,-0.08534
-205.98,85,-0.085283
-197.57,85,-0.085224
-189.19,85,-0.085165
-180.85,85,-0.085105
-172.53,85,-0.085044
-164.24,85,-0.084982
-155.99,85,-0.084919
-147.76,85,-0.084855
-139.57,85,-0.084791
-131.4,85,-0.084726
-123.26,85,-0.08466
-115.15,85,-0.084593
-107.07,85,-0.084525
-99.02,85,-0.084456
-90.995,85,-0.084387
-82.997,85,-0.084317
-75.026,85,-0.084245
-67.082,85,-0.084174
-59.164,85,-0.084101
-51.272,85,-0.084027
-43.405,85,-0.083953
-35.565,85,-0.083878
-27.749,85,-0.083801
-19.957,85,-0.083725
-12.191,85,-0.083647
-4.448,85,-0.083568
3.2709,85,-0.083489
10.966,85,-0.083409
18.639,85,-0.083328
26.288,85,-0.083246
33.915,85,-0.083163
41.519,85,-0.08308
49.102,85,-0.082995
56.662,85,-0.08291
64.202,85,-0.082824
71.72,85,-0.082737
79.218,85,-0.08265
86.695,85,-0.082562
94.151,85,-0.082472
101.59,85,-0.082382
109.01,85,-0.082291
116.4,85,-0.0822
123.78,85,-0.082107
131.14,85,-0.082014
138.48,85,-0.08192
145.8,85,-0.081825
153.11,85,-0.081729
160.4,85,-0.081633
167.67,85,-0.081536
174.92,85,-0.081437
182.15,85,-0.081339
189.37,85,-0.081239
196.57,85,-0.081138
203.76,85,-0.081037
210.93,85,-0.080935
218.08,85,-0.080832
225.22,85,-0.080728
232.34,85,-0.080624
239.45,85,-0.080518
246.55,85,-0.080412
253.63,85,-0.080305
260.69,85,-0.080198
267.74,85,-0.080089
274.78,85,-0.07998
281.8,85,-0.07987
288.81,85,-0.079759
295.81,85,-0.079647
302.79,85,-0.079535
309.76,85,-0.079422
316.72,85,-0.079308
323.67,85,-0.079193
330.61,85,-0.079077
337.53,85,-0.078961
344.44,85,-0.078844
351.34,85,-0.078726
358.23,85,-0.078607
365.11,85,-0.078488
371.98,85,-0.078368
378.83,85,-0.078247
385.68,85,-0.078125
392.52,85,-0.078002
399.35,85,-0.077879
406.16,85,-0.077755
412.97,85,-0.07763
419.77,85,-0.077505
426.56,85,-0.077378
433.34,85,-0.077251
440.12,85,-0.077123
446.88,85,-0.076994
453.64,85,-0.076865
460.39,85,-0.076735
467.13,85,-0.076604
473.86,85,-0.076472
480.59,85,-0.07634
487.31,85,-0.076207
494.02,85,-0.076073
500.72,85,-0.075938
507.42,85,-0.075802
514.11,85,-0.075666
520.8,85,-0.075529
527.48,85,-0.075392
534.15,85,-0.075253
540.82,85,-0.075114
547.48,85,-0.074974
554.14,85,-0.074833
560.79,85,-0.074692
567.44,85,-0.07455
574.08,85,-0.074407
580.71,85,-0.074263
587.35,85,-0.074119
593.97,85,-0.073974
600.6,85,-0.073828
607.22,85,-0.073682
613.83,85,-0.073534
620.45,85,-0.073386
627.06,85,-0.073238
633.66,85,-0.073088
640.26,85,-0.072938
646.86,85,-0.072787
653.46,85,-0.072635
660.05,85,-0.072483
666.64,85,-0.07233
673.23,85,-0.072176
679.82,85,-0.072022
686.4,85,-0.071867
692.99,85,-0.071711
699.57,85,-0.071554
706.15,85,-0.071397
712.72,85,-0.071239
719.3,85,-0.07108
725.88,85,-0.070921
732.45,85,-0.070761
739.02,85,-0.0706
745.6,85,-0.070439
752.17,85,-0.070276
758.74,85,-0.070113
765.31,85,-0.06995
771.88,85,-0.069786
778.45,85,-0.069621
785.02,85,-0.069455
791.6,85,-0.069289
798.17,85,-0.069122
804.74,85,-0.068954
811.31,85,-0.068786
817.88,85,-0.068617
824.46,85,-0.068447
831.03,85,-0.068276
837.61,85,-0.068105
844.19,85,-0.067934
850.77,85,-0.067761
857.35,85,-0.067588
863.93,85,-0.067414
870.51,85,-0.06724
877.1,85,-0.067065
883.69,85,-0.066889
890.28,85,-0.066713
896.87,85,-0.066536
903.46,85,-0.066358
910.06,85,-0.06618
916.66,85,-0.066001
923.26,85,-0.065821
929.87,85,-0.065641
936.48,85,-0.06546
943.09,85,-0.065278
949.7,85,-0.065096
956.32,85,-0.064913
962.94,85,-0.064729
969.56,85,-0.064545
976.19,85,-0.06436
982.82,85,-0.064175
989.45,85,-0.063989
996.09,85,-0.063802
1002.7,85,-0.063615
1009.4,85,-0.063427
1016,85,-0.063238
1022.7,85,-0.063049
1029.3,85,-0.062859
1036,85,-0.062668
1042.7,85,-0.062477
1049.3,85,-0.062286
1056,85,-0.062093
1062.7,85,-0.0619
1069.4,85,-0.061707
1076.1,85,-0.061513
1082.8,85,-0.061318
1089.5,85,-0.061122
1096.2,85,-0.060926
1102.9,85,-0.06073
1109.6,85,-0.060533
1116.3,85,-0.060335
1123.1,85,-0.060137
1129.8,85,-0.059938
1136.5,85,-0.059738
1143.3,85,-0.059538
1150,85,-0.059337
1156.8,85,-0.059136
1163.5,85,-0.058934
1170.3,85,-0.058731
1177.1,85,-0.058528
1183.8,85,-0.058325
1190.6,85,-0.05812
1197.4,85,-0.057916
1204.2,85,-0.05771
1211,85,-0.057504
1217.8,85,-0.057298
1224.6,85,-0.057091
1231.5,85,-0.056883
1238.3,85,-0.056675
1245.1,85,-0.056466
1252,85,-0.056257
1258.8,85,-0.056047
1265.6,85,-0.055837
1272.5,85,-0.055626
1279.4,85,-0.055414
1286.2,85,-0.055202
1293.1,85,-0.05499
1300,85,-0.054776
1306.9,85,-0.054563
1313.8,85,-0.054348
1320.7,85,-0.054134
1327.6,85,-0.053918
1334.5,85,-0.053703
1341.4,85,-0.053486
1348.3,85,-0.053269
1355.3,85,-0.053052
1362.2,85,-0.052834
1369.1,85,-0.052616
1376.1,85,-0.052397
1383.1,85,-0.052177
1390,85,-0.051957
1397,85,-0.051737
1404,85,-0.051515
1410.9,85,-0.051294
1417.9,85,-0.051072
1424.9,85,-0.050849
1431.9,85,-0.050626
1438.9,85,-0.050403
1445.9,85,-0.050179
1452.9,85,-0.049954
1460,85,-0.049729
1467,85,-0.049504
1474,85,-0.049278
1481.1,85,-0.049051
1488.1,85,-0.048824
1495.2,85,-0.048597
1502.2,85,-0.048369
1509.3,85,-0.04814
1516.3,85,-0.047911
1523.4,85,-0.047682
1530.5,85,-0.047452
1537.6,85,-0.047222
1544.6,85,-0.046991
1551.7,85,-0.04676
1558.8,85,-0.046528
1565.9,85,-0.046296
1573,85,-0.046063
1580.1,85,-0.04583
1587.2,85,-0.045597
1594.3,85,-0.045363
1601.5,85,-0.045128
1608.6,85,-0.044893
1615.7,85,-0.044658
1622.8,85,-0.044422
1629.9,85,-0.044186
1637.1,85,-0.043949
1644.2,85,-0.043712
1651.3,85,-0.043475
1658.5,85,-0.043237
1665.6,85,-0.042999
1672.8,85,-0.04276
1679.9,85,-0.042521
1687.1,85,-0.042281
1694.2,85,-0.042041
1701.3,85,-0.0418
1708.5,85,-0.04156
1715.6,85,-0.041318
1722.8,85,-0.041077
1729.9,85,-0.040835
1737.1,85,-0.040592
1744.2,85,-0.040349
1751.4,85,-0.040106
1758.5,85,-0.039862
1765.7,85,-0.039618
1772.8,85,-0.039374
1779.9,85,-0.039129
1787.1,85,-0.038884
1794.2,85,-0.038638
1801.4,85,-0.038392
1808.5,85,-0.038146
1815.6,85,-0.037899
1822.7,85,-0.037652
1829.8,85,-0.037404
1837,85,-0.037156
1844.1,85,-0.036908
1851.2,85,-0.036659
1858.3,85,-0.03641
1865.4,85,-0.036161
1872.4,85,-0.035911
1879.5,85,-0.035661
1886.6,85,-0.035411
1893.7,85,-0.03516
1900.7,85,-0.034909
1907.8,85,-0.034658
1914.8,85,-0.034406
1921.8,85,-0.034154
1928.8,85,-0.033901
1935.9,85,-0.033649
1942.9,85,-0.033395
1949.8,85,-0.033142
1956.8,85,-0.032888
1963.8,85,-0.032634
1970.7,85,-0.03238
1977.7,85,-0.032125
1984.6,85,-0.03187
1991.5,85,-0.031614
1998.4,85,-0.031359
2005.3,85,-0.031103
2012.1,85,-0.030846
2019,85,-0.03059
2025.8,85,-0.030333
2032.6,85,-0.030076
2039.4,85,-0.029818
2046.2,85,-0.02956
2052.9,85,-0.029302
2059.7,85,-0.029044
2066.4,85,-0.028785
2073.1,85,-0.028526
2079.8,85,-0.028267
2086.4,85,-0.028008
2093,85,-0.027748
2099.6,85,-0.027488
2106.2,85,-0.027227
2112.8,85,-0.026967
2119.3,85,-0.026706
2125.8,85,-0.026445
2132.2,85,-0.026183
2138.7,85,-0.025922
2145.1,85,-0.02566
2151.5,85,-0.025398
2157.8,85,-0.025135
2164.1,85,-0.024873
2170.4,85,-0.02461
2176.7,85,-0.024347
2182.9,85,-0.024083
2189.1,85,-0.02382
2195.2,85,-0.023556
2201.3,85,-0.023292
2207.4,85,-0.023027
2213.4,85,-0.022763
2219.4,85,-0.022498
2225.4,85,-0.022233
2231.3,85,-0.021968
2237.2,85,-0.021702
2243,85,-0.021437
2248.8,85,-0.021171
2254.5,85,-0.020905
2260.2,85,-0.020638
2265.8,85,-0.020372
2271.4,85,-0.020105
2277,85,-0.019838
2282.4,85,-0.019571
2287.9,85,-0.019304
2293.3,85,-0.019037
2298.6,85,-0.018769
2303.9,85,-0.018501
2309.1,85,-0.018233
2314.3,85,-0.017965
2319.4,85,-0.017697
2324.4,85,-0.017428
2329.4,85,-0.017159
2334.3,85,-0.01689
2339.2,85,-0.016621
2344,85,-0.016352
2348.7,85,-0.016083
2353.4,85,-0.015813
2358,85,-0.015543
2362.5,85,-0.015274
2366.9,85,-0.015004
2371.3,85,-0.014733
2375.6,85,-0.014463
2379.8,85,-0.014193
2384,85,-0.013922
2388.1,85,-0.013651
2392.1,85,-0.013381
2396,85,-0.01311
2399.8,85,-0.012839
2403.6,85,-0.012567
2407.2,85,-0.012296
2410.8,85,-0.012024
2414.3,85,-0.011753
2417.7,85,-0.011481
2421,85,-0.011209
2424.2,85,-0.010937
2427.3,85,-0.010665
2430.3,85,-0.010393
2433.3,85,-0.010121
2436.1,85,-0.0098486
2438.8,85,-0.0095761
2441.4,85,-0.0093036
2443.9,85,-0.0090309
2446.3,85,-0.0087582
2448.6,85,-0.0084854
2450.8,85,-0.0082125
2452.9,85,-0.0079395
2454.9,85,-0.0076665
2456.7,85,-0.0073933
2458.5,85,-0.0071201
2460.1,85,-0.0068468
2461.6,85,-0.0065735
2463,85,-0.0063001
2464.2,85,-0.0060266
2465.3,85,-0.0057531
2466.3,85,-0.0054795
2467.2,85,-0.0052059
2467.9,85,-0.0049322
2468.5,85,-0.0046584
2469,85,-0.0043846
2469.3,85,-0.0041108
2469.5,85,-0.0038369
2469.5,85,-0.003563
2469.4,85,-0.0032891
2469.2,85,-0.0030151
2468.8,85,-0.0027411
2468.2,85,-0.0024671
2467.5,85,-0.002193
2466.7,85,-0.0019189
2465.7,85,-0.0016448
2464.5,85,-0.0013707
2463.2,85,-0.0010966
2461.7,85,-0.00082245
2460,85,-0.00054831
2458.2,85,-0.00027416
2456.2,85,-4.2748e-17
2454,85,0.00027416
2451.7,85,0.00054831
2449.2,85,0.00082245
2446.5,85,0.0010966
2443.6,85,0.0013707
2440.5,85,0.0016448
2437.2,85,0.0019189
2433.8,85,0.002193
2430.2,85,0.0024671
2426.3,85,0.0027411
2422.3,85,0.0030151
2418.1,85,0.0032891
2413.7,85,0.003563
2409.1,85,0.0038369
2404.2,85,0.0041108
2399.2,85,0.0043846
2394,85,0.0046584
2388.5,85,0.0049322
2382.8,85,0.0052059
2377,85,0.0054795
2370.8,85,0.0057531
2364.5,85,0.0060266
2358,85,0.0063001
2351.2,85,0.0065735
2344.2,85,0.0068468
2337,85,0.0071201
2329.5,85,0.0073933
2321.8,85,0.0076665
2313.9,85,0.0079395
2305.7,85,0.0082125
2297.3,85,0.0084854
2288.6,85,0.0087582
2279.7,85,0.0090309
2270.5,85,0.0093036
2261.1,85,0.0095761
2251.5,85,0.0098486
2241.6,85,0.010121
2231.4,85,0.010393
2221,85,0.010665
2210.4,85,0.010937
2199.4,85,0.011209
2188.2,85,0.011481
2176.8,85,0.011753
2165.1,85,0.012024
2153.1,85,0.012296
2140.9,85,0.012567
2128.4,85,0.012839
2115.6,85,0.01311
2102.6,85,0.013381
2089.3,85,0.013651
2075.7,85,0.013922
2061.9,85,0.014193
2047.8,85,0.014463
2033.4,85,0.014733
2018.8,85,0.015004
2003.9,85,0.015274
1988.7,85,0.015543
1973.3,85,0.015813
1957.6,85,0.016083
1941.6,85,0.016352
1925.4,85,0.016621
1909,85,0.01689
1892.3,85,0.017159
1875.3,85,0.017428
1858.1,85,0.017697
1840.7,85,0.017965
1823,85,0.018233
1805,85,0.018501
1786.9,85,0.018769
1768.5,85,0.019037
1749.9,85,0.019304
1731,85,0.019571
1712,85,0.019838
1692.8,85,0.020105
1673.3,85,0.020372
1653.7,85,0.020638
1633.9,85,0.020905
1613.9,85,0.021171
1593.8,85,0.021437
1573.5,85,0.021702
1553,85,0.021968
1532.4,85,0.022233
1511.7,85,0.022498
1490.9,85,0.022763
1470,85,0.023027
1449,85,0.023292
1427.9,85,0.023556
1406.7,85,0.02382
1385.5,85,0.024083
1364.2,85,0.024347
1343,85,0.02461
1321.7,85,0.024873
1300.4,85,0.025135
1279.1,85,0.025398
1257.9,85,0.02566
1236.7,85,0.025922
1215.7,85,0.026183
1194.7,85,0.026445
1173.8,85,0.026706
1153,85,0.026967
1132.4,85,0.027227
1111.9,85,0.027488
1091.6,85,0.027748
1071.5,85,0.028008
1051.7,85,0.028267
1032,85,0.028526
1012.7,85,0.028785
993.59,85,0.029044
974.8,85,0.029302
956.32,85,0.02956
938.18,85,0.029818
920.39,85,0.030076
902.97,85,0.030333
885.95,85,0.03059
869.33,85,0.030846
853.13,85,0.031103
837.38,85,0.031359
822.09,85,0.031614
807.27,85,0.03187
792.94,85,0.032125
779.12,85,0.03238
765.82,85,0.032634
753.04,85,0.032888
740.82,85,0.033142
729.15,85,0.033395
718.04,85,0.033649
707.52,85,0.033901
697.58,85,0.034154
688.23,85,0.034406
679.48,85,0.034658
671.34,85,0.034909
663.81,85,0.03516
656.9,85,0.035411
650.6,85,0.035661
644.92,85,0.035911
639.87,85,0.036161
635.43,85,0.03641
631.62,85,0.036659
628.41,85,0.036908
625.83,85,0.037156
623.85,85,0.037404
622.47,85,0.037652
621.7,85,0.037899
621.51,85,0.038146
621.91,85,0.038392
622.88,85,0.038638
624.41,85,0.038884
626.5,85,0.039129
629.14,85,0.039374
632.3,85,0.039618
635.99,85,0.039862
640.19,85,0.040106
644.88,85,0.040349
650.05,85,0.040592
655.69,85,0.040835
661.78,85,0.041077
668.31,85,0.041318
675.27,85,0.04156
682.63,85,0.0418
690.39,85,0.042041
698.53,85,0.042281
707.04,85,0.042521
715.89,85,0.04276
725.07,85,0.042999
734.58,85,0.043237
744.38,85,0.043475
754.48,85,0.043712
764.84,85,0.043949
775.47,85,0.044186
786.33,85,0.044422
797.43,85,0.044658
808.74,85,0.044893
820.25,85,0.045128
831.95,85,0.045363
843.83,85,0.045597
855.86,85,0.04583
868.05,85,0.046063
880.36,85,0.046296
892.81,85,0.046528
905.36,85,0.04676
918.02,85,0.046991
930.76,85,0.047222
943.59,85,0.047452
956.48,85,0.047682
969.44,85,0.047911
982.44,85,0.04814
995.49,85,0.048369
1008.6,85,0.048597
1021.7,85,0.048824
1034.8,85,0.049051
1047.9,85,0.049278
1061,85,0.049504
1074.1,85,0.049729
1087.2,85,0.049954
1100.3,85,0.050179
1113.4,85,0.050403
1126.4,85,0.050626
1139.4,85,0.050849
1152.3,85,0.051072
1165.2,85,0.051294
1178.1,85,0.051515
1190.8,85,0.051737
1203.6,85,0.051957
1216.2,85,0.052177
1228.8,85,0.052397
1241.3,85,0.052616
1253.8,85,0.052834
1266.2,85,0.053052
1278.4,85,0.053269
1290.6,85,0.053486
1302.8,85,0.053703
1314.8,85,0.053918
1326.8,85,0.054134
1338.6,85,0.054348
1350.4,85,0.054563
1362.1,85,0.054776
1373.6,85,0.05499
1385.1,85,0.055202
1396.5,85,0.055414
1407.8,85,0.055626
1419,85,0.055837
1430.1,85,0.056047
1441.1,85,0.056257
1452,85,0.056466
1462.8,85,0.056675
1473.5,85,0.056883
1484.1,85,0.057091
1494.6,85,0.057298
1505,85,0.057504
1515.3,85,0.05771
1525.5,85,0.057916
1535.6,85,0.05812
1545.6,85,0.058325
1555.5,85,0.058528
1565.4,85,0.058731
1575.1,85,0.058934
1584.8,85,0.059136
1594.3,85,0.059337
1603.8,85,0.059538
1613.1,85,0.059738
1622.4,85,0.059938
1631.6,85,0.060137
1640.7,85,0.060335
1649.7,85,0.060533
1658.7,85,0.06073
1667.6,85,0.060926
1676.3,85,0.061122
1685,85,0.061318
1693.7,85,0.061513
1702.2,85,0.061707
1710.7,85,0.0619
1719.1,85,0.062093
1727.4,85,0.062286
1735.7,85,0.062477
1743.9,85,0.062668
1752,85,0.062859
1760.1,85,0.063049
1768.1,85,0.063238
1776.1,85,0.063427
1784,85,0.063615
1791.8,85,0.063802
1799.6,85,0.063989
1807.4,85,0.064175
1815.1,85,0.06436
1822.7,85,0.064545
1830.3,85,0.064729
1837.9,85,0.064913
1845.4,85,0.065096
1852.9,85,0.065278
1860.4,85,0.06546
1867.8,85,0.065641
1875.2,85,0.065821
1882.6,85,0.066001
1889.9,85,0.06618
1897.2,85,0.066358
1904.5,85,0.066536
1911.8,85,0.066713
1919.1,85,0.066889
1926.3,85,0.067065
1933.6,85,0.06724
1940.8,85,0.067414
1948.1,85,0.067588
1955.3,85,0.067761
1962.5,85,0.067934
1969.8,85,0.068105
1977,85,0.068276
1984.3,85,0.068447
1991.6,85,0.068617
1998.9,85,0.068786
2006.2,85,0.068954
2013.6,85,0.069122
2020.9,85,0.069289
2028.3,85,0.069455
2035.7,85,0.069621
2043.2,85,0.069786
2050.7,85,0.06995
2058.3,85,0.070113
2065.9,85,0.070276
2073.5,85,0.070439
2081.2,85,0.0706
2089,85,0.070761
2096.8,85,0.070921
2104.7,85,0.07108
2112.6,85,0.071239
2120.6,85,0.071397
2128.7,85,0.071554
2136.9,85,0.071711
2145.2,85,0.071867
2153.5,85,0.072022
2161.9,85,0.072176
2170.5,85,0.07233
2179.1,85,0.072483
2187.8,85,0.072635
2196.7,85,0.072787
2205.6,85,0.072938
2214.7,85,0.073088
2223.9,85,0.073238
2233.2,85,0.073386
2242.6,85,0.073534
2252.2,85,0.073682
2261.9,85,0.073828
2271.7,85,0.073974
2281.7,85,0.074119
2291.9,85,0.074263
2302.2,85,0.074407
2312.6,85,0.07455
2323.3,85,0.074692
2334.1,85,0.074833
2345,85,0.074974
2356.2,85,0.075114
2367.5,85,0.075253
2379,85,0.075392
2390.7,85,0.075529
2402.6,85,0.075666
2414.7,85,0.075802
2427,85,0.075938
2439.5,85,0.076073
2452.2,85,0.076207
2465.1,85,0.07634
2478.3,85,0.076472
2491.6,85,0.076604
2505.2,85,0.076735
2519.1,85,0.076865
2533.1,85,0.076994
2547.4,85,0.077123
2561.9,85,0.077251
2576.7,85,0.077378
2591.7,85,0.077505
2607,85,0.07763
2622.5,85,0.077755
2638.3,85,0.077879
2654.3,85,0.078002
2670.6,85,0.078125
2687.1,85,0.078247
2703.8,85,0.078368
2720.8,85,0.078488
2738.1,85,0.078607
2755.6,85,0.078726
2773.4,85,0.078844
2791.4,85,0.078961
2809.6,85,0.079077
2828.1,85,0.079193
2846.7,85,0.079308
2865.7,85,0.079422
2884.8,85,0.079535
2904.1,85,0.079647
2923.6,85,0.079759
2943.4,85,0.07987
2963.3,85,0.07998
2983.3,85,0.080089
3003.5,85,0.080198
3023.9,85,0.080305
3044.4,85,0.080412
3065,85,0.080518
3085.6,85,0.080624
3106.4,85,0.080728
3127.2,85,0.080832
3148,85,0.080935
3168.8,85,0.081037
3189.7,85,0.081138
3210.4,85,0.081239
3231.1,85,0.081339
3251.7,85,0.081437
3272.2,85,0.081536
3292.5,85,0.081633
3312.6,85,0.081729
3332.5,85,0.081825
3352.2,85,0.08192
3371.5,85,0.082014
3390.5,85,0.082107
3409.1,85,0.0822
3427.3,85,0.082291
3445.1,85,0.082382
3462.4,85,0.082472
3479.1,85,0.082562
3495.3,85,0.08265
3510.9,85,0.082737
3525.8,85,0.082824
3540,85,0.08291
3553.5,85,0.082995
3566.2,85,0.08308
3578.1,85,0.083163
3589.1,85,0.083246
3599.3,85,0.083328
3608.5,85,0.083409
3616.7,85,0.083489
3624,85,0.083568
3630.2,85,0.083647
3635.4,85,0.083725
3639.5,85,0.083801
3642.5,85,0.083878
3644.3,85,0.083953
3645,85,0.084027
3644.6,85,0.084101
3642.9,85,0.084174
3640.1,85,0.084245
3636.1,85,0.084317
3630.8,85,0.084387
3624.4,85,0.084456
3616.7,85,0.084525
3607.8,85,0.084593
3597.8,85,0.08466
3586.5,85,0.084726
3574.1,85,0.084791
3560.5,85,0.084855
3545.8,85,0.084919
3529.9,85,0.084982
3513,85,0.085044
3495,85,0.085105
3475.9,85,0.085165
3455.9,85,0.085224
3434.8,85,0.085283
3412.8,85,0.08534
3389.9,85,0.085397
3366.1,85,0.085453
3341.5,85,0.085508
3316,85,0.085563
3289.8,85,0.085616
3262.8,85,0.085669
3235.2,85,0.085721
3206.9,85,0.085772
3178,85,0.085822
3148.5,85,0.085871
3118.5,85,0.085919
3088,85,0.085967
3057.1,85,0.086014
3025.7,85,0.08606
2993.9,85,0.086105
2961.8,85,0.086149
2929.4,85,0.086192
2896.7,85,0.086235
2863.7,85,0.086276
2830.6,85,0.086317
2797.2,85,0.086357
2763.7,85,0.086396
2730.1,85,0.086434
2696.4,85,0.086471
2662.6,85,0.086508
2628.8,85,0.086544
2595,85,0.086578
2561.1,85,0.086612
2527.3,85,0.086645
2493.5,85,0.086678
2459.8,85,0.086709
2426.2,85,0.086739
2392.7,85,0.086769
2359.3,85,0.086798
2326.1,85,0.086826
2293,85,0.086853
2260,85,0.086879
2227.3,85,0.086905
2194.7,85,0.086929
2162.3,85,0.086953
2130.1,85,0.086976
2098.1,85,0.086997
2066.4,85,0.087019
2034.9,85,0.087039
2003.6,85,0.087058
1972.6,85,0.087077
1941.8,85,0.087094
1911.3,85,0.087111
1881,85,0.087127
1851,85,0.087142
1821.3,85,0.087156
1791.9,85,0.08717
1762.7,85,0.087182
1733.8,85,0.087194
1705.1,85,0.087204
1676.8,85,0.087214
1648.7,85,0.087223
1620.9,85,0.087232
1593.4,85,0.087239
1566.2,85,0.087245
1539.2,85,0.087251
1512.5,85,0.087256
1486.1,85,0.08726
1460,85,0.087263
1434.2,85,0.087265
1408.6,85,0.087266
1383.3,85,0.087266
1358.3,85,0.087266
1333.5,85,0.087265
1309,85,0.087263
1284.8,85,0.08726
1260.9,85,0.087256
1237.2,85,0.087251
1213.8,85,0.087245
1190.6,85,0.087239
1167.7,85,0.087232
1145,85,0.087223
1122.6,85,0.087214
1100.4,85,0.087204
1078.5,85,0.087194
1056.8,85,0.087182
1035.4,85,0.08717
1014.2,85,0.087156
993.22,85,0.087142
972.48,85,0.087127
951.97,85,0.087111
931.69,85,0.087094
911.63,85,0.087077
891.78,85,0.087058
872.16,85,0.087039
852.75,85,0.087019
833.55,85,0.086997
814.56,85,0.086976
795.77,85,0.086953
777.19,85,0.086929
758.81,85,0.086905
740.62,85,0.086879
722.63,85,0.086853
704.83,85,0.086826
687.22,85,0.086798
669.8,85,0.086769
652.56,85,0.086739
635.51,85,0.086709
618.63,85,0.086678
601.93,85,0.086645
585.4,85,0.086612
569.04,85,0.086578
552.85,85,0.086544
536.83,85,0.086508
520.97,85,0.086471
505.28,85,0.086434
489.74,85,0.086396
474.36,85,0.086357
459.13,85,0.086317
444.05,85,0.086276
429.13,85,0.086235
414.35,85,0.086192
399.72,85,0.086149
385.23,85,0.086105
370.88,85,0.08606
356.68,85,0.086014
342.6,85,0.085967
328.67,85,0.085919
314.87,85,0.085871
301.19,85,0.085822
287.65,85,0.085772
274.23,85,0.085721
260.94,85,0.085669
247.77,85,0.085616
234.73,85,0.085563
221.8,85,0.085508
208.99,85,0.085453
196.3,85,0.085397
183.72,85,0.08534
171.25,85,0.085283
158.9,85,0.085224
146.65,85,0.085165
134.52,85,0.085105
122.48,85,0.085044
110.56,85,0.084982
98.731,85,0.084919
87.008,85,0.084855
75.385,85,0.084791
63.859,85,0.084726
52.431,85,0.08466
41.098,85,0.084593
29.859,85,0.084525
18.713,85,0.084456
7.6577,85,0.084387
-3.3076,85,0.084317
-14.184,85,0.084245
-24.974,85,0.084174
-35.678,85,0.084101
-46.297,85,0.084027
-56.833,85,0.083953
-67.287,85,0.083878
-77.66,85,0.083801
-87.954,85,0.083725
-98.169,85,0.083647
-108.31,85,0.083568
-118.37,85,0.083489
-128.35,85,0.083409
-138.27,85,0.083328
-148.11,85,0.083246
-157.88,85,0.083163
-167.57,85,0.08308
-177.2,85,0.082995
-186.76,85,0.08291
-196.25,85,0.082824
-205.68,85,0.082737
-215.04,85,0.08265
-224.34,85,0.082562
-233.57,85,0.082472
-242.74,85,0.082382
-251.85,85,0.082291
-260.9,85,0.0822
-269.88,85,0.082107
-278.81,85,0.082014
-287.69,85,0.08192
-296.5,85,0.081825
-305.26,85,0.081729
-313.96,85,0.081633
-322.61,85,0.081536
-331.2,85,0.081437
-339.75,85,0.081339
-348.24,85,0.081239
-356.67,85,0.081138
-365.06,85,0.081037
-373.4,85,0.080935
-381.69,85,0.080832
-389.93,85,0.080728
-398.13,85,0.080624
-406.27,85,0.080518
-414.37,85,0.080412
-422.43,85,0.080305
-430.44,85,0.080198
-438.41,85,0.080089
-446.33,85,0.07998
-454.22,85,0.07987
-462.06,85,0.079759
-469.86,85,0.079647
-477.62,85,0.079535
-485.33,85,0.079422
-493.01,85,0.079308
-500.66,85,0.079193
-508.26,85,0.079077
-515.82,85,0.078961
-523.35,85,0.078844
-530.85,85,0.078726
-538.3,85,0.078607
-545.73,85,0.078488
-553.12,85,0.078368
-560.47,85,0.078247
-567.79,85,0.078125
-575.08,85,0.078002
-582.34,85,0.077879
-589.56,85,0.077755
-596.76,85,0.07763
-603.92,85,0.077505
-611.05,85,0.077378
-618.16,85,0.077251
-625.23,85,0.077123
-632.28,85,0.076994
-639.3,85,0.076865
-646.29,85,0.076735
-653.26,85,0.076604
-660.19,85,0.076472
-667.11,85,0.07634
-673.99,85,0.076207
-680.85,85,0.076073
-687.69,85,0.075938
-694.5,85,0.075802
-701.29,85,0.075666
-708.06,85,0.075529
-714.8,85,0.075392
-721.53,85,0.075253
-728.23,85,0.075114
-734.9,85,0.074974
-741.56,85,0.074833
-748.2,85,0.074692
-754.81,85,0.07455
-761.41,85,0.074407
-767.99,85,0.074263
-774.55,85,0.074119
-781.09,85,0.073974
-787.61,85,0.073828
-794.11,85,0.073682
-800.6,85,0.073534
-807.07,85,0.073386
-813.52,85,0.073238
-819.96,85,0.073088
-826.38,85,0.072938
-832.79,85,0.072787
-839.18,85,0.072635
-845.56,85,0.072483
-851.92,85,0.07233
-858.27,85,0.072176
-864.6,85,0.072022
-870.92,85,0.071867
-877.23,85,0.071711
-883.53,85,0.071554
-889.81,85,0.071397
-896.09,85,0.071239
-902.35,85,0.07108
-908.6,85,0.070921
-914.83,85,0.070761
-921.06,85,0.0706
-927.28,85,0.070439
-933.49,85,0.070276
-939.69,85,0.070113
-945.88,85,0.06995
-952.06,85,0.069786
-958.23,85,0.069621
-964.4,85,0.069455
-970.55,85,0.069289
-976.7,85,0.069122
-982.85,85,0.068954
-988.98,85,0.068786
-995.11,85,0.068617
-1001.2,85,0.068447
-1007.3,85,0.068276
-1013.5,85,0.068105
-1019.6,85,0.067934
-1025.7,85,0.067761
-1031.8,85,0.067588
-1037.8,85,0.067414
-1043.9,85,0.06724
-1050,85,0.067065
-1056.1,85,0.066889
-1062.2,85,0.066713
-1068.2,85,0.066536
-1074.3,85,0.066358
-1080.4,85,0.06618
-1086.4,85,0.066001
-1092.5,85,0.065821
-1098.6,85,0.065641
-1104.6,85,0.06546
-1110.7,85,0.065278
-1116.7,85,0.065096
-1122.8,85,0.064913
-1128.8,85,0.064729
-1134.9,85,0.064545
-1141,85,0.06436
-1147,85,0.064175
-1153.1,85,0.063989
-1159.1,85,0.063802
-1165.2,85,0.063615
-1171.2,85,0.063427
-1177.3,85,0.063238
-1183.4,85,0.063049
-1189.4,85,0.062859
-1195.5,85,0.062668
-1201.6,85,0.062477
-1207.6,85,0.062286
-1213.7,85,0.062093
-1219.8,85,0.0619
-1225.9,85,0.061707
-1232,85,0.061513
-1238.1,85,0.061318
-1244.2,85,0.061122
-1250.3,85,0.060926
-1256.4,85,0.06073
-1262.5,85,0.060533
-1268.6,85,0.060335
-1274.7,85,0.060137
-1280.8,85,0.059938
-1287,85,0.059738
-1293.1,85,0.059538
-1299.2,85,0.059337
-1305.4,85,0.059136
-1311.6,85,0.058934
-1317.7,85,0.058731
-1323.9,85,0.058528
-1330.1,85,0.058325
-1336.3,85,0.05812
-1342.5,85,0.057916
-1348.7,85,0.05771
-1354.9,85,0.057504
-1361.1,85,0.057298
-1367.3,85,0.057091
-1373.6,85,0.056883
-1379.8,85,0.056675
-1386.1,85,0.056466
-1392.3,85,0.056257
-1398.6,85,0.056047
-1404.9,85,0.055837
-1411.2,85,0.055626
-1417.5,85,0.055414
-1423.8,85,0.055202
-1430.1,85,0.05499
-1436.5,85,0.054776
-1442.8,85,0.054563
-1449.2,85,0.054348
-1455.5,85,0.054134
-1461.9,85,0.053918
-1468.3,85,0.053703
-1474.7,85,0.053486
-1481.1,85,0.053269
-1487.6,85,0.053052
-1494,85,0.052834
-1500.5,85,0.052616
-1506.9,85,0.052397
-1513.4,85,0.052177
-1519.9,85,0.051957
-1526.4,85,0.051737
-1532.9,85,0.051515
-1539.5,85,0.051294
-1546,85,0.051072
-1552.6,85,0.050849
-1559.2,85,0.050626
-1565.7,85,0.050403
-1572.3,85,0.050179
-1579,85,0.049954
-1585.6,85,0.049729
-1592.2,85,0.049504
-1598.9,85,0.049278
-1605.6,85,0.049051
-1612.3,85,0.048824
-1619,85,0.048597
-1625.7,85,0.048369
-1632.4,85,0.04814
-1639.2,85,0.047911
-1646,85,0.047682
-1652.7,85,0.047452
-1659.5,85,0.047222
-1666.4,85,0.046991
-1673.2,85,0.04676
-1680,85,0.046528
-1686.9,85,0.046296
-1693.8,85,0.046063
-1700.7,85,0.04583
-1707.6,85,0.045597
-1714.5,85,0.045363
-1721.5,85,0.045128
-1728.4,85,0.044893
-1735.4,85,0.044658
-1742.4,85,0.044422
-1749.4,85,0.044186
-1756.5,85,0.043949
-1763.5,85,0.043712
-1770.6,85,0.043475
-1777.7,85,0.043237
-1784.7,85,0.042999
-1791.9,85,0.04276
-1799,85,0.042521
-1806.1,85,0.042281
-1813.3,85,0.042041
-1820.5,85,0.0418
-1827.7,85,0.04156
-1834.9,85,0.041318
-1842.1,85,0.041077
-1849.4,85,0.040835
-1856.7,85,0.040592
-1864,85,0.040349
-1871.3,85,0.040106
-1878.6,85,0.039862
-1885.9,85,0.039618
-1893.3,85,0.039374
-1900.6,85,0.039129
-1908,85,0.038884
-1915.4,85,0.038638
-1922.8,85,0.038392
-1930.3,85,0.038146
-1937.7,85,0.037899
-1945.2,85,0.037652
-1952.7,85,0.037404
-1960.2,85,0.037156
-1967.7,85,0.036908
-1975.2,85,0.036659
-1982.8,85,0.03641
-1990.4,85,0.036161
-1997.9,85,0.035911
-2005.5,85,0.035661
-2013.1,85,0.035411
-2020.8,85,0.03516
-2028.4,85,0.034909
-2036,85,0.034658
-2043.7,85,0.034406
-2051.4,85,0.034154
-2059.1,85,0.033901
-2066.8,85,0.033649
-2074.5,85,0.033395
-2082.3,85,0.033142
-2090,85,0.032888
-2097.8,85,0.032634
-2105.5,85,0.03238
-2113.3,85,0.032125
-2121.1,85,0.03187
-2128.9,85,0.031614
-2136.7,85,0.031359
-2144.6,85,0.031103
-2152.4,85,0.030846
-2160.2,85,0.03059
-2168.1,85,0.030333
-2176,85,0.030076
-2183.8,85,0.029818
-2191.7,85,0.02956
-2199.6,85,0.029302
-2207.5,85,0.029044
-2215.4,85,0.028785
-2223.3,85,0.028526
-2231.3,85,0.028267
-2239.2,85,0.028008
-2247.1,85,0.027748
-2255,85,0.027488
-2263,85,0.027227
-2270.9,85,0.026967
-2278.8,85,0.026706
-2286.8,85,0.026445
-2294.7,85,0.026183
-2302.7,85,0.025922
-2310.6,85,0.02566
-2318.6,85,0.025398
-2326.5,85,0.025135
-2334.5,85,0.024873
-2342.4,85,0.02461
-2350.3,85,0.024347
-2358.3,85,0.024083
-2366.2,85,0.02382
-2374.1,85,0.023556
-2382,85,0.023292
-2390,85,0.023027
-2397.9,85,0.022763
-2405.8,85,0.022498
-2413.6,85,0.022233
-2421.5,85,0.021968
-2429.4,85,0.021702
-2437.2,85,0.021437
-2445.1,85,0.021171
-2452.9,85,0.020905
-2460.7,85,0.020638
-2468.5,85,0.020372
-2476.3,85,0.020105
-2484,85,0.019838
-2491.7,85,0.019571
-2499.5,85,0.019304
-2507.2,85,0.019037
-2514.8,85,0.018769
-2522.5,85,0.018501
-2530.1,85,0.018233
-2537.7,85,0.017965
-2545.3,85,0.017697
-2552.8,85,0.017428
-2560.3,85,0.017159
-2567.8,85,0.01689
-2575.3,85,0.016621
-2582.7,85,0.016352
-2590.1,85,0.016083
-2597.4,85,0.015813
-2604.7,85,0.015543
-2612,85,0.015274
-2619.2,85,0.015004
-2626.4,85,0.014733
-2633.5,85,0.014463
-2640.6,85,0.014193
-2647.7,85,0.013922
-2654.7,85,0.013651
-2661.6,85,0.013381
-2668.5,85,0.01311
-2675.4,85,0.012839
-2682.2,85,0.012567
-2688.9,85,0.012296
-2695.6,85,0.012024
-2702.2,85,0.011753
-2708.7,85,0.011481
-2715.2,85,0.011209
-2721.6,85,0.010937
-2728,85,0.010665
-2734.3,85,0.010393
-2740.5,85,0.010121
-2746.6,85,0.0098486
-2752.7,85,0.0095761
-2758.7,85,0.0093036
-2764.6,85,0.0090309
-2770.4,85,0.0087582
-2776.2,85,0.0084854
-2781.8,85,0.0082125
-2787.4,85,0.0079395
-2792.9,85,0.0076665
-2798.3,85,0.0073933
-2803.6,85,0.0071201
-2808.8,85,0.0068468
-2813.9,85,0.0065735
-2818.8,85,0.0063001
-2823.7,85,0.0060266
-2828.5,85,0.0057531
-2833.2,85,0.0054795
-2837.7,85,0.0052059
-2842.2,85,0.0049322
-2846.5,85,0.0046584
-2850.7,85,0.0043846
-2854.8,85,0.0041108
-2858.8,85,0.0038369
-2862.6,85,0.003563
-2866.3,85,0.0032891
-2869.9,85,0.0030151
-2873.3,85,0.0027411
-2876.6,85,0.0024671
-2879.7,85,0.002193
-2882.7,85,0.0019189
-2885.6,85,0.0016448
-2888.3,85,0.0013707
-2890.9,85,0.0010966
-2893.3,85,0.00082245
-2895.5,85,0.00054831
-2897.6,85,0.00027416
-2899.5,85,5.3435e-17
-2901.2,85,-0.00027416
-2902.7,85,-0.00054831
-2904.1,85,-0.00082245
-2905.3,85,-0.0010966
-2906.3,85,-0.0013707
-2907.1,85,-0.0016448
-2907.8,85,-0.0019189
-2908.2,85,-0.002193
-2908.5,85,-0.0024671
-2908.5,85,-0.0027411
-2908.3,85,-0.0030151
-2907.9,85,-0.0032891
-2907.3,85,-0.003563
-2906.5,85,-0.0038369
-2905.5,85,-0.0041108
-2904.2,85,-0.0043846
-2902.7,85,-0.0046584
-2901,85,-0.0049322
-2899,85,-0.0052059
-2896.8,85,-0.0054795
-2894.4,85,-0.0057531
-2891.6,85,-0.0060266
-2888.7,85,-0.0063001
-2885.4,85,-0.0065735
-2881.9,85,-0.0068468
-2878.2,85,-0.0071201
-2874.1,85,-0.0073933
-2869.8,85,-0.0076665
-2865.2,85,-0.0079395
-2860.3,85,-0.0082125
-2855.1,85,-0.0084854
-2849.6,85,-0.0087582
-2843.8,85,-0.0090309
-2837.6,85,-0.0093036
-2831.2,85,-0.0095761
-2824.4,85,-0.0098486
-2817.4,85,-0.010121
-2809.9,85,-0.010393
-2802.2,85,-0.010665
-2794.1,85,-0.010937
-2785.6,85,-0.011209
-2776.8,85,-0.011481
-2767.6,85,-0.011753
-2758.1,85,-0.012024
-2748.2,85,-0.012296
-2737.8,85,-0.012567
-2727.2,85,-0.012839
-2716.1,85,-0.01311
-2704.6,85,-0.013381
-2692.7,85,-0.013651
-2680.4,85,-0.013922
-2667.6,85,-0.014193
-2654.5,85,-0.014463
-2640.9,85,-0.014733
-2626.8,85,-0.015004
-2612.3,85,-0.015274
-2597.4,85,-0.015543
-2582,85,-0.015813
-2566.1,85,-0.016083
-2549.7,85,-0.016352
-2532.9,85,-0.016621
-2515.6,85,-0.01689
-2497.7,85,-0.017159
-2479.4,85,-0.017428
-2460.5,85,-0.017697
-2441.1,85,-0.017965
-2421.2,85,-0.018233
-2400.7,85,-0.018501
-2379.7,85,-0.018769
-2358.1,85,-0.019037
-2336,85,-0.019304
-2313.3,85,-0.019571
-2290.1,85,-0.019838
-2266.2,85,-0.020105
-2241.8,85,-0.020372
-2216.7,85,-0.020638
-2191.1,85,-0.020905
-2164.9,85,-0.021171
-2138,85,-0.021437
-2110.5,85,-0.021702
-2082.4,85,-0.021968
-2053.7,85,-0.022233
-2024.3,85,-0.022498
-1994.2,85,-0.022763
-1963.6,85,-0.023027
-1932.3,85,-0.023292
-1900.3,85,-0.023556
-1867.7,85,-0.02382
-1834.4,85,-0.024083
-1800.5,85,-0.024347
-1765.9,85,-0.02461
-1730.6,85,-0.024873
-1694.7,85,-0.025135
-1658.2,85,-0.025398
-1621,85,-0.02566
-1583.2,85,-0.025922
-1544.7,85,-0.026183
-1505.6,85,-0.026445
-1465.9,85,-0.026706
-1425.6,85,-0.026967
-1384.7,85,-0.027227
-1343.2,85,-0.027488
-1301.1,85,-0.027748
-1258.6,85,-0.028008
-1215.4,85,-0.028267
-1171.8,85,-0.028526
-1127.7,85,-0.028785
-1083.2,85,-0.029044
-1038.3,85,-0.029302
-992.9,85,-0.02956
-947.2,85,-0.029818
-901.18,85,-0.030076
-854.89,85,-0.030333
-808.35,85,-0.03059
-761.63,85,-0.030846
-714.76,85,-0.031103
-667.8,85,-0.031359
-620.8,85,-0.031614
-573.82,85,-0.03187
-526.91,85,-0.032125
-480.14,85,-0.03238
-433.57,85,-0.032634
-387.26,85,-0.032888
-341.28,85,-0.033142
-295.71,85,-0.033395
-250.62,85,-0.033649
-206.07,85,-0.033901
-162.14,85,-0.034154
-118.92,85,-0.034406
-76.466,85,-0.034658
-34.866,85,-0.034909
5.8061,85,-0.03516
45.474,85,-0.035411
84.062,85,-0.035661
121.5,85,-0.035911
157.71,85,-0.036161
192.62,85,-0.03641
226.17,85,-0.036659
258.29,85,-0.036908
288.91,85,-0.037156
317.99,85,-0.037404
345.47,85,-0.037652
371.3,85,-0.037899
395.43,85,-0.038146
417.83,85,-0.038392
438.47,85,-0.038638
457.3,85,-0.038884
474.32,85,-0.039129
489.5,85,-0.039374
502.84,85,-0.039618
514.34,85,-0.039862
523.98,85,-0.040106
531.79,85,-0.040349
537.77,85,-0.040592
541.95,85,-0.040835
544.34,85,-0.041077
544.98,85,-0.041318
543.91,85,-0.04156
541.15,85,-0.0418
536.76,85,-0.042041
530.79,85,-0.042281
523.27,85,-0.042521
514.28,85,-0.04276
503.86,85,-0.042999
492.07,85,-0.043237
478.97,85,-0.043475
464.63,85,-0.043712
449.1,85,-0.043949
432.46,85,-0.044186
414.76,85,-0.044422
396.08,85,-0.044658
376.46,85,-0.044893
355.99,85,-0.045128
334.72,85,-0.045363
312.7,85,-0.045597
290.01,85,-0.04583
266.71,85,-0.046063
242.84,85,-0.046296
218.46,85,-0.046528
193.63,85,-0.04676
168.4,85,-0.046991
142.82,85,-0.047222
116.94,85,-0.047452
90.796,85,-0.047682
64.44,85,-0.047911
37.91,85,-0.04814
11.245,85,-0.048369
-15.518,85,-0.048597
-42.344,85,-0.048824
-69.201,85,-0.049051
-96.057,85,-0.049278
-122.88,85,-0.049504
-149.65,85,-0.049729
-176.34,85,-0.049954
-202.93,85,-0.050179
-229.39,85,-0.050403
-255.7,85,-0.050626
-281.85,85,-0.050849
-307.82,85,-0.051072
-333.6,85,-0.051294
-359.16,85,-0.051515
-384.5,85,-0.051737
-409.6,85,-0.051957
-434.45,85,-0.052177
-459.05,85,-0.052397
-483.39,85,-0.052616
-507.46,85,-0.052834
-531.24,85,-0.053052
-554.74,85,-0.053269
-577.96,85,-0.053486
-600.87,85,-0.053703
-623.49,85,-0.053918
-645.81,85,-0.054134
-667.83,85,-0.054348
-689.54,85,-0.054563
-710.94,85,-0.054776
-732.04,85,-0.05499
-752.83,85,-0.055202
-773.3,85,-0.055414
-793.47,85,-0.055626
-813.33,85,-0.055837
-832.88,85,-0.056047
-852.13,85,-0.056257
-871.07,85,-0.056466
-889.7,85,-0.056675
-908.03,85,-0.056883
-926.06,85,-0.057091
-943.8,85,-0.057298
-961.23,85,-0.057504
-978.38,85,-0.05771
-995.23,85,-0.057916
-1011.8,85,-0.05812
-1028.1,85,-0.058325
-1044.1,85,-0.058528
-1059.8,85,-0.058731
-1075.2,85,-0.058934
-1090.3,85,-0.059136
-1105.2,85,-0.059337
-1119.8,85,-0.059538
-1134.2,85,-0.059738
-1148.3,85,-0.059938
-1162.1,85,-0.060137
-1175.7,85,-0.060335
-1189,85,-0.060533
-1202.1,85,-0.06073
-1214.9,85,-0.060926
-1227.4,85,-0.061122
-1239.8,85,-0.061318
-1251.9,85,-0.061513
-1263.7,85,-0.061707
-1275.4,85,-0.0619
-1286.7,85,-0.062093
-1297.9,85,-0.062286
-1308.9,85,-0.062477
-1319.6,85,-0.062668
-1330.1,85,-0.062859
-1340.4,85,-0.063049
-1350.5,85,-0.063238
-1360.4,85,-0.063427
-1370.1,85,-0.063615
-1379.6,85,-0.063802
-1388.8,85,-0.063989
-1397.9,85,-0.064175
-1406.8,85,-0.06436
-1415.5,85,-0.064545
-1424,85,-0.064729
-1432.4,85,-0.064913
-1440.5,85,-0.065096
-1448.5,85,-0.065278
-1456.3,85,-0.06546
-1463.9,85,-0.065641
-1471.4,85,-0.065821
-1478.6,85,-0.066001
-1485.8,85,-0.06618
-1492.7,85,-0.066358
-1499.5,85,-0.066536
-1506.2,85,-0.066713
-1512.6,85,-0.066889
-1519,85,-0.067065
-1525.2,85,-0.06724
-1531.2,85,-0.067414
-1537.1,85,-0.067588
-1542.8,85,-0.067761
-1548.4,85,-0.067934
-1553.9,85,-0.068105
-1559.2,85,-0.068276
-1564.4,85,-0.068447
-1569.5,85,-0.068617
-1574.4,85,-0.068786
-1579.3,85,-0.068954
-1583.9,85,-0.069122
-1588.5,85,-0.069289
-1593,85,-0.069455
-1597.3,85,-0.069621
-1601.5,85,-0.069786
-1605.6,85,-0.06995
-1609.6,85,-0.070113
-1613.5,85,-0.070276
-1617.3,85,-0.070439
-1620.9,85,-0.0706
-1624.5,85,-0.070761
-1628,85,-0.070921
-1631.3,85,-0.07108
-1634.6,85,-0.071239
-1637.8,85,-0.071397
-1640.9,85,-0.071554
-1643.9,85,-0.071711
-1646.8,85,-0.071867
-1649.6,85,-0.072022
-1652.4,85,-0.072176
-1655,85,-0.07233
-1657.6,85,-0.072483
-1660.1,85,-0.072635
-1662.6,85,-0.072787
-1664.9,85,-0.072938
-1667.2,85,-0.073088
-1669.4,85,-0.073238
-1671.6,85,-0.073386
-1673.6,85,-0.073534
-1675.7,85,-0.073682
-1677.6,85,-0.073828
-1679.5,85,-0.073974
-1681.4,85,-0.074119
-1683.2,85,-0.074263
-1684.9,85,-0.074407
-1686.6,85,-0.07455
-1688.2,85,-0.074692
-1689.8,85,-0.074833
-1691.3,85,-0.074974
-1692.8,85,-0.075114
-1694.3,85,-0.075253
-1695.7,85,-0.075392
-1697.1,85,-0.075529
-1698.5,85,-0.075666
-1699.8,85,-0.075802
-1701.1,85,-0.075938
-1702.3,85,-0.076073
-1703.6,85,-0.076207
-1704.8,85,-0.07634
-1706,85,-0.076472
-1707.1,85,-0.076604
-1708.3,85,-0.076735
-1709.4,85,-0.076865
-1710.5,85,-0.076994
-1711.7,85,-0.077123
-1712.8,85,-0.077251
-1713.9,85,-0.077378
-1715,85,-0.077505
-1716.1,85,-0.07763
-1717.2,85,-0.077755
-1718.3,85,-0.077879
-1719.4,85,-0.078002
-1720.5,85,-0.078125
-1721.6,85,-0.078247
-1722.7,85,-0.078368
-1723.9,85,-0.078488
-1725.1,85,-0.078607
-1726.3,85,-0.078726
-1727.5,85,-0.078844
-1728.8,85,-0.078961
-1730,85,-0.079077
-1731.4,85,-0.079193
-1732.7,85,-0.079308
-1734.1,85,-0.079422
-1735.5,85,-0.079535
-1737,85,-0.079647
-1738.5,85,-0.079759
-1740.1,85,-0.07987
-1741.8,85,-0.07998
-1743.5,85,-0.080089
-1745.2,85,-0.080198
-1747,85,-0.080305
-1748.9,85,-0.080412
-1750.9,85,-0.080518
-1752.9,85,-0.080624
-1755,85,-0.080728
-1757.2,85,-0.080832
-1759.5,85,-0.080935
-1761.9,85,-0.081037
-1764.4,85,-0.081138
-1766.9,85,-0.081239
-1769.6,85,-0.081339
-1772.4,85,-0.081437
-1775.3,85,-0.081536
-1778.3,85,-0.081633
-1781.5,85,-0.081729
-1784.8,85,-0.081825
-1788.2,85,-0.08192
-1791.7,85,-0.082014
-1795.4,85,-0.082107
-1799.2,85,-0.0822
-1803.2,85,-0.082291
-1807.4,85,-0.082382
-1811.7,85,-0.082472
-1816.2,85,-0.082562
-1820.9,85,-0.08265
-1825.7,85,-0.082737
-1830.8,85,-0.082824
-1836,85,-0.08291
-1841.5,85,-0.082995
-1847.2,85,-0.08308
-1853,85,-0.083163
-1859.2,85,-0.083246
-1865.5,85,-0.083328
-1872.1,85,-0.083409
-1879,85,-0.083489
-1886.1,85,-0.083568
-1893.5,85,-0.083647
-1901.1,85,-0.083725
-1909.1,85,-0.083801
-1917.3,85,-0.083878
-1925.9,85,-0.083953
-1934.8,85,-0.084027
-1944,85,-0.084101
-1953.5,85,-0.084174
-1963.4,85,-0.084245
-1973.7,85,-0.084317
-1984.3,85,-0.084387
-1995.4,85,-0.084456
-2006.8,85,-0.084525
-2018.6,85,-0.084593
-2030.9,85,-0.08466
-2043.6,85,-0.084726
-2056.7,85,-0.084791
-2070.3,85,-0.084855
-2084.4,85,-0.084919
-2099,85,-0.084982
-2114.1,85,-0.085044
-2129.7,85,-0.085105
-2145.9,85,-0.085165
-2162.6,85,-0.085224
-2179.9,85,-0.085283
-2197.8,85,-0.08534
-2216.3,85,-0.085397
-2235.4,85,-0.085453
-2255.2,85,-0.085508
-2275.6,85,-0.085563
-2296.7,85,-0.085616
-2318.6,85,-0.085669
-2341.1,85,-0.085721
-2364.3,85,-0.085772
-2388.3,85,-0.085822
-2413.1,85,-0.085871
-2438.7,85,-0.085919
-2465.1,85,-0.085967
-2492.3,85,-0.086014
-2520.3,85,-0.08606
-2549.2,85,-0.086105
-2579,85,-0.086149
-2609.6,85,-0.086192
-2641.2,85,-0.086235
-2673.6,85,-0.086276
-2707,85,-0.086317
-2741.4,85,-0.086357
-2776.6,85,-0.086396
-2812.9,85,-0.086434
-2850,85,-0.086471
-2888.2,85,-0.086508
-2927.3,85,-0.086544
-2967.3,85,-0.086578
-3008.3,85,-0.086612
-3050.2,85,-0.086645
-3093,85,-0.086678
-3136.8,85,-0.086709
-3181.4,85,-0.086739
-3226.8,85,-0.086769
-3273,85,-0.086798
-3320,85,-0.086826
-3367.7,85,-0.086853
-3416.1,85,-0.086879
-3465,85,-0.086905
-3514.5,85,-0.086929
-3564.4,85,-0.086953
-3614.6,85,-0.086976
-3665.1,85,-0.086997
-3715.8,85,-0.087019
-3766.5,85,-0.087039
-3817.1,85,-0.087058
-3867.5,85,-0.087077
-3917.5,85,-0.087094
-3967,85,-0.087111
-4015.9,85,-0.087127
-4063.9,85,-0.087142
-4110.9,85,-0.087156
-4156.7,85,-0.08717
-4201.2,85,-0.087182
-4244.1,85,-0.087194
-4285.4,85,-0.087204
-4324.6,85,-0.087214
-4361.8,85,-0.087223
-4396.8,85,-0.087232
-4429.2,85,-0.087239
-4459,85,-0.087245
-4486,85,-0.087251
-4510.1,85,-0.087256
-4531,85,-0.08726
-4548.8,85,-0.087263
-4563.2,85,-0.087265
-4574.1,85,-0.087266
-4581.5,85,-0.087266
-4585.4,85,-0.087266
-4585.6,85,-0.087265
-4582.1,85,-0.087263
-4575,85,-0.08726
-4564.3,85,-0.087256
-4549.9,85,-0.087251
-4532,85,-0.087245
-4510.6,85,-0.087239
-4485.7,85,-0.087232
-4457.6,85,-0.087223
-4426.3,85,-0.087214
-4391.9,85,-0.087204
-4354.6,85,-0.087194
-4314.6,85,-0.087182
-4271.9,85,-0.08717
-4226.8,85,-0.087156
-4179.4,85,-0.087142
-4129.9,85,-0.087127
-4078.5,85,-0.087111
-4025.2,85,-0.087094
-3970.4,85,-0.087077
-3914.2,85,-0.087058
-3856.6,85,-0.087039
-3798,85,-0.087019
-3738.4,85,-0.086997
-3678,85,-0.086976
-3616.9,85,-0.086953
-3555.2,85,-0.086929
-3493.1,85,-0.086905
-3430.8,85,-0.086879
-3368.2,85,-0.086853
-3305.6,85,-0.086826
-3243,85,-0.086798
-3180.4,85,-0.086769
-3118.1,85,-0.086739
-3056,85,-0.086709
-2994.2,85,-0.086678
-2932.8,85,-0.086645
-2871.9,85,-0.086612
-2811.5,85,-0.086578
-2751.6,85,-0.086544
-2692.2,85,-0.086508
-2633.5,85,-0.086471
-2575.5,85,-0.086434
-2518.1,85,-0.086396
-2461.4,85,-0.086357
-2405.4,85,-0.086317
-2350.1,85,-0.086276
-2295.6,85,-0.086235
-2241.9,85,-0.086192
-2188.9,85,-0.086149
-2136.6,85,-0.086105
-2085.2,85,-0.08606
-2034.5,85,-0.086014
-1984.5,85,-0.085967
-1935.4,85,-0.085919
-1887,85,-0.085871
-1839.4,85,-0.085822
-1792.5,85,-0.085772
-1746.4,85,-0.085721
-1701,85,-0.085669
-1656.4,85,-0.085616
-1612.4,85,-0.085563
-1569.3,85,-0.085508
-1526.8,85,-0.085453
-1485,85,-0.085397
-1443.9,85,-0.08534
-1403.5,85,-0.085283
-1363.7,85,-0.085224
-1324.6,85,-0.085165
-1286.1,85,-0.085105
-1248.3,85,-0.085044
-1211.1,85,-0.084982
-1174.5,85,-0.084919
-1138.6,85,-0.084855
-1103.2,85,-0.084791
-1068.3,85,-0.084726
-1034.1,85,-0.08466
-1000.4,85,-0.084593
-967.25,85,-0.084525
-934.63,85,-0.084456
-902.54,85,-0.084387
-870.97,85,-0.084317
-839.89,85,-0.084245
-809.31,85,-0.084174
-779.21,85,-0.084101
-749.59,85,-0.084027
-720.43,85,-0.083953
-691.72,85,-0.083878
-663.46,85,-0.083801
-635.63,85,-0.083725
-608.23,85,-0.083647
-581.25,85,-0.083568
-554.67,85,-0.083489
-528.5,85,-0.083409
-502.71,85,-0.083328
-477.32,85,-0.083246
-452.3,85,-0.083163
-427.64,85,-0.08308
-403.35,85,-0.082995
-379.41,85,-0.08291
-355.82,85,-0.082824
-332.56,85,-0.082737
-309.64,85,-0.08265
-287.04,85,-0.082562
-264.77,85,-0.082472
-242.8,85,-0.082382
-221.14,85,-0.082291
-199.78,85,-0.0822
-178.71,85,-0.082107
-157.93,85,-0.082014
-137.43,85,-0.08192
-117.2,85,-0.081825
-97.251,85,-0.081729
-77.562,85,-0.081633
-58.134,85,-0.081536
-38.959,85,-0.081437
-20.035,85,-0.081339
-1.3541,85,-0.081239
17.087,85,-0.081138
35.293,85,-0.081037
53.268,85,-0.080935
71.018,85,-0.080832
88.547,85,-0.080728
105.86,85,-0.080624
122.96,85,-0.080518
139.85,85,-0.080412
156.53,85,-0.080305
173.02,85,-0.080198
189.3,85,-0.080089
205.4,85,-0.07998
221.3,85,-0.07987
237.02,85,-0.079759
252.56,85,-0.079647
267.91,85,-0.079535
283.1,85,-0.079422
298.11,85,-0.079308
312.95,85,-0.079193
327.62,85,-0.079077
342.13,85,-0.078961
356.48,85,-0.078844
370.68,85,-0.078726
384.72,85,-0.078607
398.61,85,-0.078488
412.35,85,-0.078368
425.95,85,-0.078247
439.4,85,-0.078125
452.71,85,-0.078002
465.89,85,-0.077879
478.93,85,-0.077755
491.83,85,-0.07763
504.61,85,-0.077505
517.26,85,-0.077378
529.78,85,-0.077251
542.18,85,-0.077123
554.46,85,-0.076994
566.61,85,-0.076865
578.65,85,-0.076735
590.58,85,-0.076604
602.39,85,-0.076472
614.09,85,-0.07634
625.69,85,-0.076207
637.17,85,-0.076073
648.55,85,-0.075938
659.83,85,-0.075802
671,85,-0.075666
682.08,85,-0.075529
693.06,85,-0.075392
703.94,85,-0.075253
714.73,85,-0.075114
725.42,85,-0.074974
736.02,85,-0.074833
746.54,85,-0.074692
756.96,85,-0.07455
767.3,85,-0.074407
777.56,85,-0.074263
787.73,85,-0.074119
797.81,85,-0.073974
807.82,85,-0.073828
817.75,85,-0.073682
827.6,85,-0.073534
837.37,85,-0.073386
847.07,85,-0.073238
856.7,85,-0.073088
866.25,85,-0.072938
875.73,85,-0.072787
885.14,85,-0.072635
894.49,85,-0.072483
903.76,85,-0.07233
912.97,85,-0.072176
922.12,85,-0.072022
931.2,85,-0.071867
940.21,85,-0.071711
949.17,85,-0.071554
958.07,85,-0.071397
966.9,85,-0.071239
975.68,85,-0.07108
984.4,85,-0.070921
993.06,85,-0.070761
1001.7,85,-0.0706
1010.2,85,-0.070439
1018.7,85,-0.070276
1027.2,85,-0.070113
1035.6,85,-0.06995
1043.9,85,-0.069786
1052.2,85,-0.069621
1060.5,85,-0.069455
1068.7,85,-0.069289
1076.8,85,-0.069122
1084.9,85,-0.068954
1093,85,-0.068786
1101,85,-0.068617
1109,85,-0.068447
1116.9,85,-0.068276
1124.8,85,-0.068105
1132.7,85,-0.067934
1140.5,85,-0.067761
1148.3,85,-0.067588
1156,85,-0.067414
1163.7,85,-0.06724
1171.4,85,-0.067065
1179,85,-0.066889
1186.6,85,-0.066713
1194.1,85,-0.066536
1201.7,85,-0.066358
1209.1,85,-0.06618
1216.6,85,-0.066001
1224,85,-0.065821
1231.4,85,-0.065641
1238.8,85,-0.06546
1246.1,85,-0.065278
1253.4,85,-0.065096
1260.7,85,-0.064913
1267.9,85,-0.064729
1275.2,85,-0.064545
1282.4,85,-0.06436
1289.5,85,-0.064175
1296.7,85,-0.063989
1303.8,85,-0.063802
1310.9,85,-0.063615
1318,85,-0.063427
1325,85,-0.063238
1332.1,85,-0.063049
1339.1,85,-0.062859
1346,85,-0.062668
1353,85,-0.062477
1360,85,-0.062286
1366.9,85,-0.062093
1373.8,85,-0.0619
1380.7,85,-0.061707
1387.6,85,-0.061513
1394.4,85,-0.061318
1401.3,85,-0.061122
1408.1,85,-0.060926
1414.9,85,-0.06073
1421.7,85,-0.060533
1428.5,85,-0.060335
1435.2,85,-0.060137
1442,85,-0.059938
1448.7,85,-0.059738
1455.5,85,-0.059538
1462.2,85,-0.059337
1468.9,85,-0.059136
1475.6,85,-0.058934
1482.3,85,-0.058731
1488.9,85,-0.058528
1495.6,85,-0.058325
1502.2,85,-0.05812
1508.9,85,-0.057916
1515.5,85,-0.05771
1522.2,85,-0.057504
1528.8,85,-0.057298
1535.4,85,-0.057091
1542,85,-0.056883
1548.6,85,-0.056675
1555.2,85,-0.056466
1561.8,85,-0.056257
1568.4,85,-0.056047
1575,85,-0.055837
1581.6,85,-0.055626
1588.1,85,-0.055414
1594.7,85,-0.055202
1601.3,85,-0.05499
1607.9,85,-0.054776
1614.4,85,-0.054563
1621,85,-0.054348
1627.6,85,-0.054134
1634.1,85,-0.053918
1640.7,85,-0.053703
1647.3,85,-0.053486
1653.8,85,-0.053269
1660.4,85,-0.053052
1667,85,-0.052834
1673.5,85,-0.052616
1680.1,85,-0.052397
1686.7,85,-0.052177
1693.3,85,-0.051957
1699.8,85,-0.051737
1706.4,85,-0.051515
1713,85,-0.051294
1719.6,85,-0.051072
1726.2,85,-0.050849
1732.8,85,-0.050626
1739.4,85,-0.050403
1746,85,-0.050179
1752.6,85,-0.049954
1759.3,85,-0.049729
1765.9,85,-0.049504
1772.5,85,-0.049278
1779.2,85,-0.049051
1785.8,85,-0.048824
1792.5,85,-0.048597
1799.1,85,-0.048369
1805.8,85,-0.04814
1812.5,85,-0.047911
1819.2,85,-0.047682
1825.9,85,-0.047452
1832.6,85,-0.047222
1839.3,85,-0.046991
1846.1,85,-0.04676
1852.8,85,-0.046528
1859.6,85,-0.046296
1866.3,85,-0.046063
1873.1,85,-0.04583
1879.9,85,-0.045597
1886.7,85,-0.045363
1893.5,85,-0.045128
1900.4,85,-0.044893
1907.2,85,-0.044658
1914,85,-0.044422
1920.9,85,-0.044186
1927.8,85,-0.043949
1934.7,85,-0.043712
1941.6,85,-0.043475
1948.5,85,-0.043237
1955.4,85,-0.042999
1962.4,85,-0.04276
1969.3,85,-0.042521
1976.3,85,-0.042281
1983.3,85,-0.042041
1990.3,85,-0.0418
1997.4,85,-0.04156
2004.4,85,-0.041318
2011.4,85,-0.041077
2018.5,85,-0.040835
2025.6,85,-0.040592
2032.7,85,-0.040349
2039.8,85,-0.040106
2047,85,-0.039862
2054.1,85,-0.039618
2061.3,85,-0.039374
2068.5,85,-0.039129
2075.7,85,-0.038884
2082.9,85,-0.038638
2090.2,85,-0.038392
2097.4,85,-0.038146
2104.7,85,-0.037899
2112,85,-0.037652
2119.3,85,-0.037404
2126.7,85,-0.037156
2134,85,-0.036908
2141.4,85,-0.036659
2148.8,85,-0.03641
2156.2,85,-0.036161
2163.6,85,-0.035911
2171,85,-0.035661
2178.5,85,-0.035411
2186,85,-0.03516
2193.5,85,-0.034909
2201,85,-0.034658
2208.6,85,-0.034406
2216.1,85,-0.034154
2223.7,85,-0.033901
2231.3,85,-0.033649
2238.9,85,-0.033395
2246.5,85,-0.033142
2254.2,85,-0.032888
2261.9,85,-0.032634
2269.5,85,-0.03238
2277.3,85,-0.032125
2285,85,-0.03187
2292.7,85,-0.031614
2300.5,85,-0.031359
2308.3,85,-0.031103
2316.1,85,-0.030846
2323.9,85,-0.03059
2331.7,85,-0.030333
2339.6,85,-0.030076
2347.5,85,-0.029818
2355.4,85,-0.02956
2363.3,85,-0.029302
2371.2,85,-0.029044
2379.1,85,-0.028785
2387.1,85,-0.028526
2395.1,85,-0.028267
2403.1,85,-0.028008
2411.1,85,-0.027748
2419.1,85,-0.027488
2427.1,85,-0.027227
2435.2,85,-0.026967
2443.2,85,-0.026706
2451.3,85,-0.026445
2459.4,85,-0.026183
2467.5,85,-0.025922
2475.7,85,-0.02566
2483.8,85,-0.025398
2491.9,85,-0.025135
2500.1,85,-0.024873
2508.3,85,-0.02461
2516.5,85,-0.024347
2524.6,85,-0.024083
2532.9,85,-0.02382
2541.1,85,-0.023556
2549.3,85,-0.023292
2557.5,85,-0.023027
2565.8,85,-0.022763
2574,85,-0.022498
2582.3,85,-0.022233
2590.5,85,-0.021968
2598.8,85,-0.021702
2607.1,85,-0.021437
2615.3,85,-0.021171
2623.6,85,-0.020905
2631.9,85,-0.020638
2640.2,85,-0.020372
2648.5,85,-0.020105
2656.7,85,-0.019838
2665,85,-0.019571
2673.3,85,-0.019304
2681.6,85,-0.019037
2689.9,85,-0.018769
2698.1,85,-0.018501
2706.4,85,-0.018233
2714.7,85,-0.017965
2722.9,85,-0.017697
2731.2,85,-0.017428
2739.4,85,-0.017159
2747.6,85,-0.01689
2755.9,85,-0.016621
2764.1,85,-0.016352
2772.3,85,-0.016083
2780.4,85,-0.015813
2788.6,85,-0.015543
2796.7,85,-0.015274
2804.9,85,-0.015004
2813,85,-0.014733
2821.1,85,-0.014463
2829.1,85,-0.014193
2837.2,85,-0.013922
2845.2,85,-0.013651
2853.2,85,-0.013381
2861.1,85,-0.01311
2869.1,85,-0.012839
2877,85,-0.012567
2884.9,85,-0.012296
2892.7,85,-0.012024
2900.5,85,-0.011753
2908.3,85,-0.011481
2916,85,-0.011209
2923.7,85,-0.010937
2931.3,85,-0.010665
2938.9,85,-0.010393
2946.5,85,-0.010121
2954,85,-0.0098486
2961.4,85,-0.0095761
2968.8,85,-0.0093036
2976.2,85,-0.0090309
2983.5,85,-0.0087582
2990.7,85,-0.0084854
2997.9,85,-0.0082125
3005,85,-0.0079395
3012,85,-0.0076665
3019,85,-0.0073933
3025.9,85,-0.0071201
3032.8,85,-0.0068468
3039.5,85,-0.0065735
3046.2,85,-0.0063001
3052.8,85,-0.0060266
3059.4,85,-0.0057531
3065.8,85,-0.0054795
3072.2,85,-0.0052059
3078.5,85,-0.0049322
3084.7,85,-0.0046584
3090.8,85,-0.0043846
3096.8,85,-0.0041108
3102.7,85,-0.0038369
3108.5,85,-0.003563
3114.2,85,-0.0032891
3119.8,85,-0.0030151
3125.2,85,-0.0027411
3130.6,85,-0.0024671
3135.9,85,-0.002193
3141,85,-0.0019189
3146,85,-0.0016448
3150.9,85,-0.0013707
3155.7,85,-0.0010966
3160.3,85,-0.00082245
3164.8,85,-0.00054831
3169.1,85,-0.00027416
3173.3,85,-6.4122e-17
3177.4,85,0.00027416
3181.3,85,0.00054831
3185.1,85,0.00082245
3188.7,85,0.0010966
3192.2,85,0.0013707
3195.5,85,0.0016448
3198.6,85,0.0019189
3201.6,85,0.002193
3204.3,85,0.0024671
3207,85,0.0027411
3209.4,85,0.0030151
3211.6,85,0.0032891
3213.7,85,0.003563
3215.5,85,0.0038369
3217.2,85,0.0041108
3218.6,85,0.0043846
3219.9,85,0.0046584
3220.9,85,0.0049322
3221.8,85,0.0052059
3222.4,85,0.0054795
3222.7,85,0.0057531
3222.9,85,0.0060266
3222.8,85,0.0063001
3222.5,85,0.0065735
3221.9,85,0.0068468
3221.1,85,0.0071201
3220.1,85,0.0073933
3218.7,85,0.0076665
3217.2,85,0.0079395
3215.3,85,0.0082125
3213.2,85,0.0084854
3210.8,85,0.0087582
3208.1,85,0.0090309
3205.1,85,0.0093036
3201.8,85,0.0095761
3198.2,85,0.0098486
3194.3,85,0.010121
3190.1,85,0.010393
3185.6,85,0.010665
3180.7,85,0.010937
3175.5,85,0.011209
3170,85,0.011481
3164.1,85,0.011753
3157.9,85,0.012024
3151.3,85,0.012296
3144.4,85,0.012567
3137.1,85,0.012839
3129.4,85,0.01311
3121.3,85,0.013381
3112.8,85,0.013651
3103.9,85,0.013922
3094.6,85,0.014193
3084.9,85,0.014463
3074.7,85,0.014733
3064.1,85,0.015004
3053.1,85,0.015274
3041.6,85,0.015543
3029.6,85,0.015813
3017.2,85,0.016083
3004.3,85,0.016352
2990.9,85,0.016621
2977,85,0.01689
2962.6,85,0.017159
2947.7,85,0.017428
2932.3,85,0.017697
2916.3,85,0.017965
2899.8,85,0.018233
2882.6,85,0.018501
2865,85,0.018769
2846.7,85,0.019037
2827.9,85,0.019304
2808.4,85,0.019571
2788.3,85,0.019838
2767.6,85,0.020105
2746.2,85,0.020372
2724.2,85,0.020638
2701.5,85,0.020905
2678.2,85,0.021171
2654.1,85,0.021437
2629.3,85,0.021702
2603.8,85,0.021968
2577.5,85,0.022233
2550.5,85,0.022498
2522.7,85,0.022763
2494.2,85,0.023027
2464.8,85,0.023292
2434.7,85,0.023556
2403.6,85,0.02382
2371.8,85,0.024083
2339.1,85,0.024347
2305.5,85,0.02461
2271,85,0.024873
2235.6,85,0.025135
2199.3,85,0.025398
2162.1,85,0.02566
2123.9,85,0.025922
2084.7,85,0.026183
2044.6,85,0.026445
2003.4,85,0.026706
1961.3,85,0.026967
1918.1,85,0.027227
1873.8,85,0.027488
1828.6,85,0.027748
1782.2,85,0.028008
1734.8,85,0.028267
1686.4,85,0.028526
1636.8,85,0.028785
1586.1,85,0.029044
1534.4,85,0.029302
1481.5,85,0.02956
1427.6,85,0.029818
1372.5,85,0.030076
1316.4,85,0.030333
1259.1,85,0.03059
1200.8,85,0.030846
1141.4,85,0.031103
1081,85,0.031359
1019.5,85,0.031614
957.07,85,0.03187
893.63,85,0.032125
829.25,85,0.03238
763.96,85,0.032634
697.81,85,0.032888
630.85,85,0.033142
563.14,85,0.033395
494.73,85,0.033649
425.7,85,0.033901
356.11,85,0.034154
286.06,85,0.034406
215.62,85,0.034658
144.9,85,0.034909
73.998,85,0.03516
3.0247,85,0.035411
-67.902,85,0.035661
-138.66,85,0.035911
-209.11,85,0.036161
-279.11,85,0.03641
-348.53,85,0.036659
-417.21,85,0.036908
-485,85,0.037156
-551.72,85,0.037404
-617.24,85,0.037652
-681.36,85,0.037899
-743.93,85,0.038146
-804.78,85,0.038392
-863.74,85,0.038638
-920.64,85,0.038884
-975.33,85,0.039129
-1027.6,85,0.039374
-1077.4,85,0.039618
-1124.5,85,0.039862
-1168.9,85,0.040106
-1210.2,85,0.040349
-1248.6,85,0.040592
-1283.8,85,0.040835
-1315.8,85,0.041077
-1344.5,85,0.041318
-1369.9,85,0.04156
-1391.8,85,0.0418
-1410.4,85,0.042041
-1425.5,85,0.042281
-1437.3,85,0.042521
-1445.7,85,0.04276
-1450.7,85,0.042999
-1452.5,85,0.043237
-1451.1,85,0.043475
-1446.5,85,0.043712
-1438.9,85,0.043949
-1428.5,85,0.044186
-1415.2,85,0.044422
-1399.2,85,0.044658
-1380.7,85,0.044893
-1359.8,85,0.045128
-1336.7,85,0.045363
-1311.4,85,0.045597
-1284.1,85,0.04583
-1255,85,0.046063
-1224.3,85,0.046296
-1192,85,0.046528
-1158.3,85,0.04676
-1123.3,85,0.046991
-1087.2,85,0.047222
-1050.1,85,0.047452
-1012.1,85,0.047682
-973.38,85,0.047911
-934.01,85,0.04814
-894.09,85,0.048369
-853.74,85,0.048597
-813.04,85,0.048824
-772.09,85,0.049051
-730.97,85,0.049278
-689.75,85,0.049504
-648.51,85,0.049729
-607.3,85,0.049954
-566.2,85,0.050179
-525.25,85,0.050403
-484.51,85,0.050626
-444.02,85,0.050849
-403.82,85,0.051072
-363.95,85,0.051294
-324.44,85,0.051515
-285.32,85,0.051737
-246.62,85,0.051957
-208.36,85,0.052177
-170.56,85,0.052397
-133.24,85,0.052616
-96.404,85,0.052834
-60.078,85,0.053052
-24.268,85,0.053269
11.019,85,0.053486
45.775,85,0.053703
79.995,85,0.053918
113.68,85,0.054134
146.81,85,0.054348
179.41,85,0.054563
211.46,85,0.054776
242.97,85,0.05499
273.93,85,0.055202
304.36,85,0.055414
334.24,85,0.055626
363.6,85,0.055837
392.43,85,0.056047
420.73,85,0.056257
448.51,85,0.056466
475.78,85,0.056675
502.53,85,0.056883
528.79,85,0.057091
554.55,85,0.057298
579.81,85,0.057504
604.59,85,0.05771
628.89,85,0.057916
652.72,85,0.05812
676.09,85,0.058325
698.99,85,0.058528
721.45,85,0.058731
743.45,85,0.058934
765.02,85,0.059136
786.16,85,0.059337
806.87,85,0.059538
827.16,85,0.059738
847.04,85,0.059938
866.51,85,0.060137
885.58,85,0.060335
904.26,85,0.060533
922.55,85,0.06073
940.45,85,0.060926
957.99,85,0.061122
975.15,85,0.061318
991.95,85,0.061513
1008.4,85,0.061707
1024.5,85,0.0619
1040.2,85,0.062093
1055.6,85,0.062286
1070.7,85,0.062477
1085.4,85,0.062668
1099.8,85,0.062859
1113.9,85,0.063049
1127.7,85,0.063238
1141.2,85,0.063427
1154.4,85,0.063615
1167.2,85,0.063802
1179.8,85,0.063989
1192.1,85,0.064175
1204.1,85,0.06436
1215.8,85,0.064545
1227.2,85,0.064729
1238.4,85,0.064913
1249.3,85,0.065096
1259.9,85,0.065278
1270.3,85,0.06546
1280.4,85,0.065641
1290.2,85,0.065821
1299.8,85,0.066001
1309.2,85,0.06618
1318.3,85,0.066358
1327.2,85,0.066536
1335.9,85,0.066713
1344.3,85,0.066889
1352.5,85,0.067065
1360.5,85,0.06724
1368.2,85,0.067414
1375.8,85,0.067588
1383.1,85,0.067761
1390.2,85,0.067934
1397.1,85,0.068105
1403.9,85,0.068276
1410.4,85,0.068447
1416.7,85,0.068617
1422.8,85,0.068786
1428.7,85,0.068954
1434.5,85,0.069122
1440,85,0.069289
1445.4,85,0.069455
1450.6,85,0.069621
1455.6,85,0.069786
1460.4,85,0.06995
1465.1,85,0.070113
1469.6,85,0.070276
1473.9,85,0.070439
1478.1,85,0.0706
1482.1,85,0.070761
1485.9,85,0.070921
1489.6,85,0.07108
1493.2,85,0.071239
1496.5,85,0.071397
1499.8,85,0.071554
1502.9,85,0.071711
1505.8,85,0.071867
1508.6,85,0.072022
1511.3,85,0.072176
1513.8,85,0.07233
1516.2,85,0.072483
1518.4,85,0.072635
1520.6,85,0.072787
1522.5,85,0.072938
1524.4,85,0.073088
1526.1,85,0.073238
1527.8,85,0.073386
1529.2,85,0.073534
1530.6,85,0.073682
1531.9,85,0.073828
1533,85,0.073974
1534,85,0.074119
1535,85,0.074263
1535.8,85,0.074407
1536.5,85,0.07455
1537.1,85,0.074692
1537.5,85,0.074833
1537.9,85,0.074974
1538.2,85,0.075114
1538.4,85,0.075253
1538.5,85,0.075392
1538.5,85,0.075529
1538.4,85,0.075666
1538.2,85,0.075802
1537.9,85,0.075938
1537.5,85,0.076073
1537.1,85,0.076207
1536.5,85,0.07634
1535.9,85,0.076472
1535.2,85,0.076604
1534.4,85,0.076735
1533.6,85,0.076865
1532.6,85,0.076994
1531.6,85,0.077123
1530.5,85,0.077251
1529.3,85,0.077378
1528.1,85,0.077505
1526.8,85,0.07763
1525.4,85,0.077755
1524,85,0.077879
1522.5,85,0.078002
1520.9,85,0.078125
1519.2,85,0.078247
1517.6,85,0.078368
1515.8,85,0.078488
1514,85,0.078607
1512.1,85,0.078726
1510.2,85,0.078844
1508.2,85,0.078961
1506.2,85,0.079077
1504.1,85,0.079193
1502,85,0.079308
1499.8,85,0.079422
1497.6,85,0.079535
1495.3,85,0.079647
1493,85,0.079759
1490.6,85,0.07987
1488.2,85,0.07998
1485.8,85,0.080089
1483.3,85,0.080198
1480.8,85,0.080305
1478.2,85,0.080412
1475.6,85,0.080518
1473,85,0.080624
1470.3,85,0.080728
1467.6,85,0.080832
1464.9,85,0.080935
1462.2,85,0.081037
1459.4,85,0.081138
1456.6,85,0.081239
1453.8,85,0.081339
1450.9,85,0.081437
1448,85,0.081536
1445.1,85,0.081633
1442.2,85,0.081729
1439.3,85,0.081825
1436.3,85,0.08192
1433.4,85,0.082014
1430.4,85,0.082107
1427.4,85,0.0822
1424.4,85,0.082291
1421.4,85,0.082382
1418.3,85,0.082472
1415.3,85,0.082562
1412.2,85,0.08265
1409.2,85,0.082737
1406.1,85,0.082824
1403.1,85,0.08291
1400,85,0.082995
1397,85,0.08308
1393.9,85,0.083163
1390.8,85,0.083246
1387.8,85,0.083328
1384.7,85,0.083409
1381.7,85,0.083489
1378.6,85,0.083568
1375.6,85,0.083647
1372.6,85,0.083725
1369.6,85,0.083801
1366.6,85,0.083878
1363.6,85,0.083953
1360.6,85,0.084027
1357.7,85,0.084101
1354.8,85,0.084174
1351.9,85,0.084245
1349,85,0.084317
1346.1,85,0.084387
1343.3,85,0.084456
1340.5,85,0.084525
1337.7,85,0.084593
1334.9,85,0.08466
1332.2,85,0.084726
1329.5,85,0.084791
1326.9,85,0.084855
1324.2,85,0.084919
1321.7,85,0.084982
1319.1,85,0.085044
1316.6,85,0.085105
1314.2,85,0.085165
1311.8,85,0.085224
1309.4,85,0.085283
1307.1,85,0.08534
1304.9,85,0.085397
1302.6,85,0.085453
1300.5,85,0.085508
1298.4,85,0.085563
1296.4,85,0.085616
1294.4,85,0.085669
1292.5,85,0.085721
1290.7,85,0.085772
1288.9,85,0.085822
1287.2,85,0.085871
1285.6,85,0.085919
1284.1,85,0.085967
1282.6,85,0.086014
1281.2,85,0.08606
1279.9,85,0.086105
1278.7,85,0.086149
1277.6,85,0.086192
1276.6,85,0.086235
1275.6,85,0.086276
1274.8,85,0.086317
1274.1,85,0.086357
1273.5,85,0.086396
1273,85,0.086434
1272.6,85,0.086471
1272.3,85,0.086508
1272.2,85,0.086544
1272.2,85,0.086578
1272.3,85,0.086612
1272.5,85,0.086645
1272.9,85,0.086678
1273.4,85,0.086709
1274.1,85,0.086739
1274.9,85,0.086769
1275.9,85,0.086798
1277,85,0.086826
1278.3,85,0.086853
1279.8,85,0.086879
1281.5,85,0.086905
1283.3,85,0.086929
1285.4,85,0.086953
1287.6,85,0.086976
1290,85,0.086997
1292.7,85,0.087019
1295.5,85,0.087039
1298.6,85,0.087058
1301.9,85,0.087077
1305.5,85,0.087094
1309.2,85,0.087111
1313.3,85,0.087127
1317.6,85,0.087142
1322.2,85,0.087156
1327.1,85,0.08717
1332.2,85,0.087182
1337.7,85,0.087194
1343.4,85,0.087204
1349.5,85,0.087214
1355.9,85,0.087223
1362.7,85,0.087232
1369.8,85,0.087239
1377.3,85,0.087245
1385.1,85,0.087251
1393.4,85,0.087256
1402,85,0.08726
1411.1,85,0.087263
1420.6,85,0.087265
1430.5,85,0.087266
1441,85,0.087266
1451.9,85,0.087266
1463.3,85,0.087265
1475.2,85,0.087263
1487.6,85,0.08726
1500.6,85,0.087256
1514.2,85,0.087251
1528.4,85,0.087245
1543.2,85,0.087239
1558.6,85,0.087232
1574.7,85,0.087223
1591.5,85,0.087214
1608.9,85,0.087204
1627.1,85,0.087194
1646.1,85,0.087182
1665.9,85,0.08717
1686.4,85,0.087156
1707.8,85,0.087142
1730.1,85,0.087127
1753.3,85,0.087111
1777.4,85,0.087094
1802.4,85,0.087077
1828.5,85,0.087058
1855.6,85,0.087039
1883.8,85,0.087019
1913.1,85,0.086997
1943.5,85,0.086976
1975,85,0.086953
2007.8,85,0.086929
2041.8,85,0.086905
2077.2,85,0.086879
2113.8,85,0.086853
2151.8,85,0.086826
2191.2,85,0.086798
2232,85,0.086769
2274.3,85,0.086739
2318.1,85,0.086709
2363.4,85,0.086678
2410.3,85,0.086645
2458.8,85,0.086612
2509,85,0.086578
2560.7,85,0.086544
2614.1,85,0.086508
2669.2,85,0.086471
2726,85,0.086434
2784.5,85,0.086396
2844.7,85,0.086357
2906.5,85,0.086317
2970,85,0.086276
3035,85,0.086235
3101.7,85,0.086192
3169.9,85,0.086149
3239.5,85,0.086105
3310.5,85,0.08606
3382.8,85,0.086014
3456.2,85,0.085967
3530.6,85,0.085919
3605.9,85,0.085871
3681.8,85,0.085822
3758.3,85,0.085772
3835,85,0.085721
3911.8,85,0.085669
3988.3,85,0.085616
4064.4,85,0.085563
4139.6,85,0.085508
4213.8,85,0.085453
4286.4,85,0.085397
4357.3,85,0.08534
4425.9,85,0.085283
4492,85,0.085224
4555.2,85,0.085165
4615,85,0.085105
4671.2,85,0.085044
4723.3,85,0.084982
4770.9,85,0.084919
4813.8,85,0.084855
4851.6,85,0.084791
4884.1,85,0.084726
4911,85,0.08466
4932,85,0.084593
4947,85,0.084525
4955.9,85,0.084456
4958.6,85,0.084387
4955.1,85,0.084317
4945.3,85,0.084245
4929.4,85,0.084174
4907.4,85,0.084101
4879.6,85,0.084027
4846,85,0.083953
4806.9,85,0.083878
4762.6,85,0.083801
4713.3,85,0.083725
4659.4,85,0.083647
4601.2,85,0.083568
4539,85,0.083489
4473.2,85,0.083409
4404.1,85,0.083328
4332,85,0.083246
4257.4,85,0.083163
4180.4,85,0.08308
4101.6,85,0.082995
4021.1,85,0.08291
3939.2,85,0.082824
3856.3,85,0.082737
3772.6,85,0.08265
3688.3,85,0.082562
3603.7,85,0.082472
3518.9,85,0.082382
3434.3,85,0.082291
3349.8,85,0.0822
3265.8,85,0.082107
3182.3,85,0.082014
3099.4,85,0.08192
3017.3,85,0.081825
2936,85,0.081729
2855.7,85,0.081633
2776.4,85,0.081536
2698.2,85,0.081437
2621,85,0.081339
2545.1,85,0.081239
2470.3,85,0.081138
2396.8,85,0.081037
2324.5,85,0.080935
2253.4,85,0.080832
2183.6,85,0.080728
2115.1,85,0.080624
2047.8,85,0.080518
1981.8,85,0.080412
1917.1,85,0.080305
1853.6,85,0.080198
1791.3,85,0.080089
1730.3,85,0.07998
1670.4,85,0.07987
1611.7,85,0.079759
1554.2,85,0.079647
1497.8,85,0.079535
1442.6,85,0.079422
1388.4,85,0.079308
1335.4,85,0.079193
1283.4,85,0.079077
1232.4,85,0.078961
1182.5,85,0.078844
1133.5,85,0.078726
1085.5,85,0.078607
1038.5,85,0.078488
992.33,85,0.078368
947.11,85,0.078247
902.77,85,0.078125
859.3,85,0.078002
816.66,85,0.077879
774.85,85,0.077755
733.83,85,0.07763
693.59,85,0.077505
654.11,85,0.077378
615.38,85,0.077251
577.37,85,0.077123
540.06,85,0.076994
503.44,85,0.076865
467.49,85,0.076735
432.19,85,0.076604
397.53,85,0.076472
363.5,85,0.07634
330.07,85,0.076207
297.22,85,0.076073
264.96,85,0.075938
233.26,85,0.075802
202.1,85,0.075666
171.48,85,0.075529
141.38,85,0.075392
111.79,85,0.075253
82.689,85,0.075114
54.076,85,0.074974
25.935,85,0.074833
-1.746,85,0.074692
-28.978,85,0.07455
-55.771,85,0.074407
-82.136,85,0.074263
-108.08,85,0.074119
-133.62,85,0.073974
-158.77,85,0.073828
-183.52,85,0.073682
-207.9,85,0.073534
-231.9,85,0.073386
-255.54,85,0.073238
-278.83,85,0.073088
-301.78,85,0.072938
-324.38,85,0.072787
-346.66,85,0.072635
-368.62,85,0.072483
-390.26,85,0.07233
-411.59,85,0.072176
-432.62,85,0.072022
-453.36,85,0.071867
-473.82,85,0.071711
-493.99,85,0.071554
-513.89,85,0.071397
-533.51,85,0.071239
-552.88,85,0.07108
-571.99,85,0.070921
-590.85,85,0.070761
-609.47,85,0.0706
-627.84,85,0.070439
-645.98,85,0.070276
-663.89,85,0.070113
-681.57,85,0.06995
-699.03,85,0.069786
-716.28,85,0.069621
-733.32,85,0.069455
-750.15,85,0.069289
-766.78,85,0.069122
-783.21,85,0.068954
-799.44,85,0.068786
-815.49,85,0.068617
-831.35,85,0.068447
-847.03,85,0.068276
-862.53,85,0.068105
-877.86,85,0.067934
-893.02,85,0.067761
-908.01,85,0.067588
-922.83,85,0.067414
-937.5,85,0.06724
-952,85,0.067065
-966.36,85,0.066889
-980.56,85,0.066713
-994.61,85,0.066536
-1008.5,85,0.066358
-1022.3,85,0.06618
-1035.9,85,0.066001
-1049.4,85,0.065821
-1062.8,85,0.065641
-1076,85,0.06546
-1089.1,85,0.065278
-1102.1,85,0.065096
-1114.9,85,0.064913
-1127.6,85,0.064729
-1140.3,85,0.064545
-1152.7,85,0.06436
-1165.1,85,0.064175
-1177.4,85,0.063989
-1189.6,85,0.063802
-1201.6,85,0.063615
-1213.6,85,0.063427
-1225.4,85,0.063238
-1237.1,85,0.063049
-1248.8,85,0.062859
-1260.3,85,0.062668
-1271.8,85,0.062477
-1283.1,85,0.062286
-1294.4,85,0.062093
-1305.6,85,0.0619
-1316.7,85,0.061707
-1327.7,85,0.061513
-1338.6,85,0.061318
-1349.4,85,0.061122
-1360.2,85,0.060926
-1370.9,85,0.06073
-1381.5,85,0.060533
-1392,85,0.060335
-1402.5,85,0.060137
-1412.8,85,0.059938
-1423.1,85,0.059738
-1433.4,85,0.059538
-1443.5,85,0.059337
-1453.6,85,0.059136
-1463.7,85,0.058934
-1473.6,85,0.058731
-1483.5,85,0.058528
-1493.4,85,0.058325
-1503.2,85,0.05812
-1512.9,85,0.057916
-1522.6,85,0.05771
-1532.2,85,0.057504
-1541.7,85,0.057298
-1551.2,85,0.057091
-1560.7,85,0.056883
-1570.1,85,0.056675
-1579.4,85,0.056466
-1588.7,85,0.056257
-1598,85,0.056047
-1607.2,85,0.055837
-1616.3,85,0.055626
-1625.4,85,0.055414
-1634.5,85,0.055202
-1643.5,85,0.05499
-1652.5,85,0.054776
-1661.4,85,0.054563
-1670.3,85,0.054348
-1679.2,85,0.054134
-1688,85,0.053918
-1696.8,85,0.053703
-1705.5,85,0.053486
-1714.2,85,0.053269
-1722.9,85,0.053052
-1731.5,85,0.052834
-1740.2,85,0.052616
-1748.7,85,0.052397
-1757.3,85,0.052177
-1765.8,85,0.051957
-1774.3,85,0.051737
-1782.7,85,0.051515
-1791.2,85,0.051294
-1799.6,85,0.051072
-1807.9,85,0.050849
-1816.3,85,0.050626
-1824.6,85,0.050403
-1832.9,85,0.050179
-1841.2,85,0.049954
-1849.5,85,0.049729
-1857.7,85,0.049504
-1865.9,85,0.049278
-1874.1,85,0.049051
-1882.3,85,0.048824
-1890.4,85,0.048597
-1898.6,85,0.048369
-1906.7,85,0.04814
-1914.8,85,0.047911
-1922.9,85,0.047682
-1930.9,85,0.047452
-1939,85,0.047222
-1947,85,0.046991
-1955.1,85,0.04676
-1963.1,85,0.046528
-1971.1,85,0.046296
-1979.1,85,0.046063
-1987,85,0.04583
-1995,85,0.045597
-2003,85,0.045363
-2010.9,85,0.045128
-2018.8,85,0.044893
-2026.8,85,0.044658
-2034.7,85,0.044422
-2042.6,85,0.044186
-2050.5,85,0.043949
-2058.4,85,0.043712
-2066.3,85,0.043475
-2074.2,85,0.043237
-2082.1,85,0.042999
-2089.9,85,0.04276
-2097.8,85,0.042521
-2105.7,85,0.042281
-2113.6,85,0.042041
-2121.4,85,0.0418
-2129.3,85,0.04156
-2137.1,85,0.041318
-2145,85,0.041077
-2152.8,85,0.040835
-2160.7,85,0.040592
-2168.6,85,0.040349
-2176.4,85,0.040106
-2184.3,85,0.039862
-2192.1,85,0.039618
-2200,85,0.039374
-2207.8,85,0.039129
-2215.7,85,0.038884
-2223.6,85,0.038638
-2231.4,85,0.038392
-2239.3,85,0.038146
-2247.2,85,0.037899
-2255,85,0.037652
-2262.9,85,0.037404
-2270.8,85,0.037156
-2278.7,85,0.036908
-2286.6,85,0.036659
-2294.5,85,0.03641
-2302.4,85,0.036161
-2310.3,85,0.035911
-2318.2,85,0.035661
-2326.1,85,0.035411
-2334,85,0.03516
-2342,85,0.034909
-2349.9,85,0.034658
-2357.9,85,0.034406
-2365.8,85,0.034154
-2373.8,85,0.033901
-2381.7,85,0.033649
-2389.7,85,0.033395
-2397.7,85,0.033142
-2405.7,85,0.032888
-2413.7,85,0.032634
-2421.7,85,0.03238
-2429.7,85,0.032125
-2437.7,85,0.03187
-2445.8,85,0.031614
-2453.8,85,0.031359
-2461.8,85,0.031103
-2469.9,85,0.030846
-2478,85,0.03059
-2486,85,0.030333
-2494.1,85,0.030076
-2502.2,85,0.029818
-2510.3,85,0.02956
-2518.4,85,0.029302
-2526.5,85,0.029044
-2534.6,85,0.028785
-2542.8,85,0.028526
-2550.9,85,0.028267
-2559.1,85,0.028008
-2567.2,85,0.027748
-2575.4,85,0.027488
-2583.6,85,0.027227
-2591.7,85,0.026967
-2599.9,85,0.026706
-2608.1,85,0.026445
-2616.3,85,0.026183
-2624.5,85,0.025922
-2632.8,85,0.02566
-2641,85,0.025398
-2649.2,85,0.025135
-2657.4,85,0.024873
-2665.7,85,0.02461
-2673.9,85,0.024347
-2682.2,85,0.024083
-2690.4,85,0.02382
-2698.7,85,0.023556
-2707,85,0.023292
-2715.2,85,0.023027
-2723.5,85,0.022763
-2731.8,85,0.022498
-2740.1,85,0.022233
-2748.4,85,0.021968
-2756.6,85,0.021702
-2764.9,85,0.021437
-2773.2,85,0.021171
-2781.5,85,0.020905
-2789.8,85,0.020638
-2798.1,85,0.020372
-2806.3,85,0.020105
-2814.6,85,0.019838
-2822.9,85,0.019571
-2831.2,85,0.019304
-2839.4,85,0.019037
-2847.7,85,0.018769
-2856,85,0.018501
-2864.2,85,0.018233
-2872.5,85,0.017965
-2880.7,85,0.017697
-2888.9,85,0.017428
-2897.1,85,0.017159
-2905.3,85,0.01689
-2913.5,85,0.016621
-2921.7,85,0.016352
-2929.9,85,0.016083
-2938,85,0.015813
-2946.2,85,0.015543
-2954.3,85,0.015274
-2962.4,85,0.015004
-2970.5,85,0.014733
-2978.5,85,0.014463
-2986.6,85,0.014193
-2994.6,85,0.013922
-3002.6,85,0.013651
-3010.6,85,0.013381
-3018.5,85,0.01311
-3026.4,85,0.012839
-3034.3,85,0.012567
-3042.2,85,0.012296
-3050,85,0.012024
-3057.8,85,0.011753
-3065.6,85,0.011481
-3073.3,85,0.011209
-3081,85,0.010937
-3088.6,85,0.010665
-3096.2,85,0.010393
-3103.8,85,0.010121
-3111.3,85,0.0098486
-3118.8,85,0.0095761
-3126.2,85,0.0093036
-3133.6,85,0.0090309
-3140.9,85,0.0087582
-3148.2,85,0.0084854
-3155.4,85,0.0082125
-3162.5,85,0.0079395
-3169.6,85,0.0076665
-3176.7,85,0.0073933
-3183.7,85,0.0071201
-3190.6,85,0.0068468
-3197.4,85,0.0065735
-3204.2,85,0.0063001
-3210.9,85,0.0060266
-3217.5,85,0.0057531
-3224.1,85,0.0054795
-3230.6,85,0.0052059
-3237,85,0.0049322
-3243.3,85,0.0046584
-3249.5,85,0.0043846
-3255.6,85,0.0041108
-3261.7,85,0.0038369
-3267.6,85,0.003563
-3273.5,85,0.0032891
-3279.2,85,0.0030151
-3284.9,85,0.0027411
-3290.5,85,0.0024671
-3295.9,85,0.002193
-3301.2,85,0.0019189
-3306.5,85,0.0016448
-3311.6,85,0.0013707
-3316.6,85,0.0010966
-3321.4,85,0.00082245
-3326.2,85,0.00054831
-3330.8,85,0.00027416
-3335.3,85,7.4809e-17
-3339.6,85,-0.00027416
-3343.8,85,-0.00054831
-3347.9,85,-0.00082245
-3351.9,85,-0.0010966
-3355.6,85,-0.0013707
-3359.3,85,-0.0016448
-3362.7,85,-0.0019189
-3366.1,85,-0.002193
-3369.2,85,-0.0024671
-3372.2,85,-0.0027411
-3375,85,-0.0030151
-3377.7,85,-0.0032891
-3380.1,85,-0.003563
-3382.4,85,-0.0038369
-3384.5,85,-0.0041108
-3386.5,85,-0.0043846
-3388.2,85,-0.0046584
-3389.7,85,-0.0049322
-3391,85,-0.0052059
-3392.1,85,-0.0054795
-3393,85,-0.0057531
-3393.7,85,-0.0060266
-3394.2,85,-0.0063001
-3394.5,85,-0.0065735
-3394.5,85,-0.0068468
-3394.3,85,-0.0071201
-3393.8,85,-0.0073933
-3393.1,85,-0.0076665
-3392.2,85,-0.0079395
-3391,85,-0.0082125
-3389.5,85,-0.0084854
-3387.8,85,-0.0087582
-3385.8,85,-0.0090309
-3383.6,85,-0.0093036
-3381,85,-0.0095761
-3378.2,85,-0.0098486
-3375.1,85,-0.010121
-3371.7,85,-0.010393
-3368,85,-0.010665
-3364,85,-0.010937
-3359.6,85,-0.011209
-3355,85,-0.011481
-3350,85,-0.011753
-3344.7,85,-0.012024
-3339,85,-0.012296
-3333,85,-0.012567
-3326.7,85,-0.012839
-3319.9,85,-0.01311
-3312.9,85,-0.013381
-3305.4,85,-0.013651
-3297.6,85,-0.013922
-3289.3,85,-0.014193
-3280.7,85,-0.014463
-3271.7,85,-0.014733
-3262.2,85,-0.015004
-3252.3,85,-0.015274
-3242,85,-0.015543
-3231.3,85,-0.015813
-3220.1,85,-0.016083
-3208.4,85,-0.016352
-3196.3,85,-0.016621
-3183.7,85,-0.01689
-3170.6,85,-0.017159
-3157.1,85,-0.017428
-3143,85,-0.017697
-3128.4,85,-0.017965
-3113.3,85,-0.018233
-3097.6,85,-0.018501
-3081.4,85,-0.018769
-3064.6,85,-0.019037
-3047.3,85,-0.019304
-3029.3,85,-0.019571
-3010.8,85,-0.019838
-2991.7,85,-0.020105
-2971.9,85,-0.020372
-2951.5,85,-0.020638
-2930.5,85,-0.020905
-2908.7,85,-0.021171
-2886.4,85,-0.021437
-2863.3,85,-0.021702
-2839.5,85,-0.021968
-2815,85,-0.022233
-2789.7,85,-0.022498
-2763.7,85,-0.022763
-2736.9,85,-0.023027
-2709.4,85,-0.023292
-2681,85,-0.023556
-2651.8,85,-0.02382
-2621.7,85,-0.024083
-2590.8,85,-0.024347
-2559.1,85,-0.02461
-2526.4,85,-0.024873
-2492.8,85,-0.025135
-2458.3,85,-0.025398
-2422.8,85,-0.02566
-2386.3,85,-0.025922
-2348.9,85,-0.026183
-2310.4,85,-0.026445
-2270.9,85,-0.026706
-2230.3,85,-0.026967
-2188.6,85,-0.027227
-2145.9,85,-0.027488
-2102,85,-0.027748
-2057,85,-0.028008
-2010.8,85,-0.028267
-1963.4,85,-0.028526
-1914.9,85,-0.028785
-1865.1,85,-0.029044
-1814,85,-0.029302
-1761.8,85,-0.02956
-1708.2,85,-0.029818
-1653.3,85,-0.030076
-1597.2,85,-0.030333
-1539.7,85,-0.03059
-1480.9,85,-0.030846
-1420.8,85,-0.031103
-1359.3,85,-0.031359
-1296.5,85,-0.031614
-1232.3,85,-0.03187
-1166.8,85,-0.032125
-1100,85,-0.03238
-1031.9,85,-0.032634
-962.38,85,-0.032888
-891.63,85,-0.033142
-819.61,85,-0.033395
-746.35,85,-0.033649
-671.91,85,-0.033901
-596.31,85,-0.034154
-519.61,85,-0.034406
-441.88,85,-0.034658
-363.17,85,-0.034909
-283.57,85,-0.03516
-203.15,85,-0.035411
-122.03,85,-0.035661
-40.293,85,-0.035911
41.936,85,-0.036161
124.53,85,-0.03641
207.36,85,-0.036659
290.27,85,-0.036908
373.1,85,-0.037156
455.7,85,-0.037404
537.86,85,-0.037652
619.42,85,-0.037899
700.17,85,-0.038146
779.9,85,-0.038392
858.4,85,-0.038638
935.45,85,-0.038884
1010.8,85,-0.039129
1084.3,85,-0.039374
1155.6,85,-0.039618
1224.6,85,-0.039862
1291,85,-0.040106
1354.6,85,-0.040349
1415.2,85,-0.040592
1472.5,85,-0.040835
1526.5,85,-0.041077
1576.8,85,-0.041318
1623.4,85,-0.04156
1666,85,-0.0418
1704.6,85,-0.042041
1739.1,85,-0.042281
1769.3,85,-0.042521
1795.3,85,-0.04276
1816.9,85,-0.042999
1834.3,85,-0.043237
1847.3,85,-0.043475
1856,85,-0.043712
1860.5,85,-0.043949
1860.8,85,-0.044186
1857.1,85,-0.044422
1849.6,85,-0.044658
1838.2,85,-0.044893
1823.2,85,-0.045128
1804.8,85,-0.045363
1783.1,85,-0.045597
1758.3,85,-0.04583
1730.7,85,-0.046063
1700.3,85,-0.046296
1667.5,85,-0.046528
1632.3,85,-0.04676
1595.1,85,-0.046991
1556,85,-0.047222
1515.1,85,-0.047452
1472.8,85,-0.047682
1429.1,85,-0.047911
1384.3,85,-0.04814
1338.5,85,-0.048369
1291.8,85,-0.048597
1244.4,85,-0.048824
1196.5,85,-0.049051
1148.2,85,-0.049278
1099.6,85,-0.049504
1050.8,85,-0.049729
1001.9,85,-0.049954
952.95,85,-0.050179
904.15,85,-0.050403
855.53,85,-0.050626
807.15,85,-0.050849
759.07,85,-0.051072
711.36,85,-0.051294
664.07,85,-0.051515
617.24,85,-0.051737
570.91,85,-0.051957
525.12,85,-0.052177
479.9,85,-0.052397
435.26,85,-0.052616
391.24,85,-0.052834
347.85,85,-0.053052
305.11,85,-0.053269
263.03,85,-0.053486
221.62,85,-0.053703
180.88,85,-0.053918
140.82,85,-0.054134
101.45,85,-0.054348
62.764,85,-0.054563
24.761,85,-0.054776
-12.558,85,-0.05499
-49.197,85,-0.055202
-85.159,85,-0.055414
-120.45,85,-0.055626
-155.07,85,-0.055837
-189.04,85,-0.056047
-222.35,85,-0.056257
-255.01,85,-0.056466
-287.04,85,-0.056675
-318.44,85,-0.056883
-349.21,85,-0.057091
-379.38,85,-0.057298
-408.93,85,-0.057504
-437.9,85,-0.05771
-466.28,85,-0.057916
-494.08,85,-0.05812
-521.31,85,-0.058325
-547.99,85,-0.058528
-574.12,85,-0.058731
-599.71,85,-0.058934
-624.76,85,-0.059136
-649.3,85,-0.059337
-673.32,85,-0.059538
-696.84,85,-0.059738
-719.86,85,-0.059938
-742.39,85,-0.060137
-764.45,85,-0.060335
-786.04,85,-0.060533
-807.16,85,-0.06073
-827.83,85,-0.060926
-848.06,85,-0.061122
-867.84,85,-0.061318
-887.2,85,-0.061513
-906.13,85,-0.061707
-924.65,85,-0.0619
-942.75,85,-0.062093
-960.46,85,-0.062286
-977.77,85,-0.062477
-994.69,85,-0.062668
-1011.2,85,-0.062859
-1027.4,85,-0.063049
-1043.2,85,-0.063238
-1058.6,85,-0.063427
-1073.7,85,-0.063615
-1088.4,85,-0.063802
-1102.8,85,-0.063989
-1116.9,85,-0.064175
-1130.6,85,-0.06436
-1144,85,-0.064545
-1157,85,-0.064729
-1169.8,85,-0.064913
-1182.2,85,-0.065096
-1194.3,85,-0.065278
-1206.2,85,-0.06546
-1217.7,85,-0.065641
-1228.9,85,-0.065821
-1239.9,85,-0.066001
-1250.5,85,-0.06618
-1260.9,85,-0.066358
-1271,85,-0.066536
-1280.9,85,-0.066713
-1290.4,85,-0.066889
-1299.7,85,-0.067065
-1308.8,85,-0.06724
-1317.6,85,-0.067414
-1326.2,85,-0.067588
-1334.5,85,-0.067761
-1342.5,85,-0.067934
-1350.4,85,-0.068105
-1357.9,85,-0.068276
-1365.3,85,-0.068447
-1372.4,85,-0.068617
-1379.3,85,-0.068786
-1386,85,-0.068954
-1392.5,85,-0.069122
-1398.8,85,-0.069289
-1404.8,85,-0.069455
-1410.7,85,-0.069621
-1416.3,85,-0.069786
-1421.7,85,-0.06995
-1427,85,-0.070113
-1432,85,-0.070276
-1436.9,85,-0.070439
-1441.5,85,-0.0706
-1446,85,-0.070761
-1450.3,85,-0.070921
-1454.4,85,-0.07108
-1458.3,85,-0.071239
-1462.1,85,-0.071397
-1465.7,85,-0.071554
-1469.1,85,-0.071711
-1472.3,85,-0.071867
-1475.4,85,-0.072022
-1478.3,85,-0.072176
-1481.1,85,-0.07233
-1483.7,85,-0.072483
-1486.1,85,-0.072635
-1488.4,85,-0.072787
-1490.6,85,-0.072938
-1492.6,85,-0.073088
-1494.4,85,-0.073238
-1496.2,85,-0.073386
-1497.7,85,-0.073534
-1499.2,85,-0.073682
-1500.4,85,-0.073828
-1501.6,85,-0.073974
-1502.6,85,-0.074119
-1503.5,85,-0.074263
-1504.3,85,-0.074407
-1505,85,-0.07455
-1505.5,85,-0.074692
-1505.9,85,-0.074833
-1506.2,85,-0.074974
-1506.3,85,-0.075114
-1506.4,85,-0.075253
-1506.3,85,-0.075392
-1506.1,85,-0.075529
-1505.8,85,-0.075666
-1505.4,85,-0.075802
-1504.9,85,-0.075938
-1504.3,85,-0.076073
-1503.6,85,-0.076207
-1502.8,85,-0.07634
-1501.9,85,-0.076472
-1500.8,85,-0.076604
-1499.7,85,-0.076735
-1498.5,85,-0.076865
-1497.2,85,-0.076994
-1495.9,85,-0.077123
-1494.4,85,-0.077251
-1492.8,85,-0.077378
-1491.2,85,-0.077505
-1489.4,85,-0.07763
-1487.6,85,-0.077755
-1485.7,85,-0.077879
-1483.7,85,-0.078002
-1481.7,85,-0.078125
-1479.5,85,-0.078247
-1477.3,85,-0.078368
-1475,85,-0.078488
-1472.7,85,-0.078607
-1470.2,85,-0.078726
-1467.8,85,-0.078844
-1465.2,85,-0.078961
-1462.5,85,-0.079077
-1459.8,85,-0.079193
-1457.1,85,-0.079308
-1454.3,85,-0.079422
-1451.4,85,-0.079535
-1448.4,85,-0.079647
-1445.4,85,-0.079759
-1442.3,85,-0.07987
-1439.2,85,-0.07998
-1436,85,-0.080089
-1432.8,85,-0.080198
-1429.5,85,-0.080305
-1426.2,85,-0.080412
-1422.8,85,-0.080518
-1419.3,85,-0.080624
-1415.8,85,-0.080728
-1412.3,85,-0.080832
-1408.7,85,-0.080935
-1405.1,85,-0.081037
-1401.4,85,-0.081138
-1397.7,85,-0.081239
-1394,85,-0.081339
-1390.2,85,-0.081437
-1386.3,85,-0.081536
-1382.5,85,-0.081633
-1378.6,85,-0.081729
-1374.6,85,-0.081825
-1370.6,85,-0.08192
-1366.6,85,-0.082014
-1362.6,85,-0.082107
-1358.5,85,-0.0822
-1354.4,85,-0.082291
-1350.3,85,-0.082382
-1346.1,85,-0.082472
-1341.9,85,-0.082562
-1337.7,85,-0.08265
-1333.4,85,-0.082737
-1329.2,85,-0.082824
-1324.9,85,-0.08291
-1320.6,85,-0.082995
-1316.2,85,-0.08308
-1311.9,85,-0.083163
-1307.5,85,-0.083246
-1303.1,85,-0.083328
-1298.7,85,-0.083409
-1294.2,85,-0.083489
-1289.8,85,-0.083568
-1285.3,85,-0.083647
-1280.8,85,-0.083725
-1276.3,85,-0.083801
-1271.8,85,-0.083878
-1267.3,85,-0.083953
-1262.8,85,-0.084027
-1258.2,85,-0.084101
-1253.7,85,-0.084174
-1249.1,85,-0.084245
-1244.5,85,-0.084317
-1240,85,-0.084387
-1235.4,85,-0.084456
-1230.8,85,-0.084525
-1226.2,85,-0.084593
-1221.6,85,-0.08466
-1217,85,-0.084726
-1212.4,85,-0.084791
-1207.8,85,-0.084855
-1203.2,85,-0.084919
-1198.6,85,-0.084982
-1194,85,-0.085044
-1189.5,85,-0.085105
-1184.9,85,-0.085165
-1180.3,85,-0.085224
-1175.7,85,-0.085283
-1171.1,85,-0.08534
-1166.6,85,-0.085397
-1162,85,-0.085453
-1157.5,85,-0.085508
-1153,85,-0.085563
-1148.4,85,-0.085616
-1143.9,85,-0.085669
-1139.4,85,-0.085721
-1134.9,85,-0.085772
-1130.5,85,-0.085822
-1126,85,-0.085871
-1121.6,85,-0.085919
-1117.1,85,-0.085967
-1112.7,85,-0.086014
-1108.3,85,-0.08606
-1104,85,-0.086105
-1099.6,85,-0.086149
-1095.3,85,-0.086192
-1091,85,-0.086235
-1086.7,85,-0.086276
-1082.5,85,-0.086317
-1078.2,85,-0.086357
-1074,85,-0.086396
-1069.9,85,-0.086434
-1065.7,85,-0.086471
-1061.6,85,-0.086508
-1057.5,85,-0.086544
-1053.5,85,-0.086578
-1049.4,85,-0.086612
-1045.5,85,-0.086645
-1041.5,85,-0.086678
-1037.6,85,-0.086709
-1033.7,85,-0.086739
-1029.9,85,-0.086769
-1026.1,85,-0.086798
-1022.3,85,-0.086826
-1018.6,85,-0.086853
-1015,85,-0.086879
-1011.3,85,-0.086905
-1007.8,85,-0.086929
-1004.2,85,-0.086953
-1000.8,85,-0.086976
-997.34,85,-0.086997
-993.97,85,-0.087019
-990.65,85,-0.087039
-987.39,85,-0.087058
-984.18,85,-0.087077
-981.04,85,-0.087094
-977.95,85,-0.087111
-974.93,85,-0.087127
-971.98,85,-0.087142
-969.09,85,-0.087156
-966.26,85,-0.08717
-963.51,85,-0.087182
-960.83,85,-0.087194
-958.22,85,-0.087204
-955.69,85,-0.087214
-953.24,85,-0.087223
-950.87,85,-0.087232
-948.58,85,-0.087239
-946.37,85,-0.087245
-944.25,85,-0.087251
-942.23,85,-0.087256
-940.29,85,-0.08726
-938.45,85,-0.087263
-936.71,85,-0.087265
-935.07,85,-0.087266
-933.53,85,-0.087266
-932.1,85,-0.087266
-930.78,85,-0.087265
-929.57,85,-0.087263
-928.47,85,-0.08726
-927.5,85,-0.087256
-926.65,85,-0.087251
-925.92,85,-0.087245
-925.33,85,-0.087239
-924.87,85,-0.087232
-924.54,85,-0.087223
-924.36,85,-0.087214
-924.33,85,-0.087204
-924.44,85,-0.087194
-924.72,85,-0.087182
-925.15,85,-0.08717
-925.74,85,-0.087156
-926.51,85,-0.087142
-927.45,85,-0.087127
-928.58,85,-0.087111
-929.88,85,-0.087094
-931.39,85,-0.087077
-933.09,85,-0.087058
-934.99,85,-0.087039
-937.1,85,-0.087019
-939.44,85,-0.086997
-942,85,-0.086976
-944.79,85,-0.086953
-947.82,85,-0.086929
-951.09,85,-0.086905
-954.63,85,-0.086879
-958.42,85,-0.086853
-962.49,85,-0.086826
-966.85,85,-0.086798
-971.49,85,-0.086769
-976.44,85,-0.086739
-981.69,85,-0.086709
-987.27,85,-0.086678
-993.19,85,-0.086645
-999.44,85,-0.086612
-1006.1,85,-0.086578
-1013,85,-0.086544
-1020.4,85,-0.086508
-1028.2,85,-0.086471
-1036.3,85,-0.086434
-1044.9,85,-0.086396
-1054,85,-0.086357
-1063.5,85,-0.086317
-1073.4,85,-0.086276
-1083.9,85,-0.086235
-1094.8,85,-0.086192
-1106.3,85,-0.086149
-1118.4,85,-0.086105
-1130.9,85,-0.08606
-1144.1,85,-0.086014
-1157.9,85,-0.085967
-1172.3,85,-0.085919
-1187.4,85,-0.085871
-1203.1,85,-0.085822
-1219.6,85,-0.085772
-1236.8,85,-0.085721
-1254.7,85,-0.085669
-1273.4,85,-0.085616
-1292.9,85,-0.085563
-1313.3,85,-0.085508
-1334.5,85,-0.085453
-1356.7,85,-0.085397
-1379.8,85,-0.08534
-1403.9,85,-0.085283
-1428.9,85,-0.085224
-1455.1,85,-0.085165
-1482.3,85,-0.085105
-1510.7,85,-0.085044
-1540.2,85,-0.084982
-1570.9,85,-0.084919
-1602.9,85,-0.084855
-1636.2,85,-0.084791
-1670.8,85,-0.084726
-1706.8,85,-0.08466
-1744.3,85,-0.084593
-1783.2,85,-0.084525
-1823.6,85,-0.084456
-1865.6,85,-0.084387
-1909.3,85,-0.084317
-1954.6,85,-0.084245
-2001.6,85,-0.084174
-2050.4,85,-0.084101
-2100.9,85,-0.084027
-2153.3,85,-0.083953
-2207.6,85,-0.083878
-2263.8,85,-0.083801
-2321.9,85,-0.083725
-2382,85,-0.083647
-2444.1,85,-0.083568
-2508.2,85,-0.083489
-2574.2,85,-0.083409
-2642.3,85,-0.083328
-2712.4,85,-0.083246
-2784.4,85,-0.083163
-2858.3,85,-0.08308
-2934,85,-0.082995
-3011.6,85,-0.08291
-3090.8,85,-0.082824
-3171.7,85,-0.082737
-3254,85,-0.08265
-3337.6,85,-0.082562
-3422.3,85,-0.082472
-3508,85,-0.082382
-3594.3,85,-0.082291
-3681.1,85,-0.0822
-3768.1,85,-0.082107
-3854.8,85,-0.082014
-3941.1,85,-0.08192
-4026.5,85,-0.081825
-4110.6,85,-0.081729
-4193.1,85,-0.081633
-4273.3,85,-0.081536
-4351.1,85,-0.081437
-4425.7,85,-0.081339
-4496.9,85,-0.081239
-4564,85,-0.081138
-4626.6,85,-0.081037
-4684.4,85,-0.080935
-4736.7,85,-0.080832
-4783.3,85,-0.080728
-4823.8,85,-0.080624
-4857.8,85,-0.080518
-4885,85,-0.080412
-4905.1,85,-0.080305
-4918.2,85,-0.080198
-4923.9,85,-0.080089
-4922.3,85,-0.07998
-4913.3,85,-0.07987
-4897,85,-0.079759
-4873.7,85,-0.079647
-4843.3,85,-0.079535
-4806.3,85,-0.079422
-4762.8,85,-0.079308
-4713.3,85,-0.079193
-4658,85,-0.079077
-4597.4,85,-0.078961
-4531.8,85,-0.078844
-4461.7,85,-0.078726
-4387.6,85,-0.078607
-4309.7,85,-0.078488
-4228.7,85,-0.078368
-4144.9,85,-0.078247
-4058.7,85,-0.078125
-3970.4,85,-0.078002
-3880.6,85,-0.077879
-3789.4,85,-0.077755
-3697.3,85,-0.07763
-3604.5,85,-0.077505
-3511.4,85,-0.077378
-3418.1,85,-0.077251
-3325,85,-0.077123
-3232.2,85,-0.076994
-3139.9,85,-0.076865
-3048.2,85,-0.076735
-2957.4,85,-0.076604
-2867.6,85,-0.076472
-2778.8,85,-0.07634
-2691.1,85,-0.076207
-2604.7,85,-0.076073
-2519.6,85,-0.075938
-2435.8,85,-0.075802
-2353.4,85,-0.075666
-2272.4,85,-0.075529
-2193,85,-0.075392
-2114.9,85,-0.075253
-2038.4,85,-0.075114
-1963.3,85,-0.074974
-1889.7,85,-0.074833
-1817.6,85,-0.074692
-1746.9,85,-0.07455
-1677.7,85,-0.074407
-1610,85,-0.074263
-1543.6,85,-0.074119
-1478.6,85,-0.073974
-1415,85,-0.073828
-1352.8,85,-0.073682
-1291.8,85,-0.073534
-1232.2,85,-0.073386
-1173.8,85,-0.073238
-1116.7,85,-0.073088
-1060.8,85,-0.072938
-1006,85,-0.072787
-952.41,85,-0.072635
-899.95,85,-0.072483
-848.58,85,-0.07233
-798.28,85,-0.072176
-749.03,85,-0.072022
-700.8,85,-0.071867
-653.56,85,-0.071711
-607.28,85,-0.071554
-561.95,85,-0.071397
-517.53,85,-0.071239
-474,85,-0.07108
-431.34,85,-0.070921
-389.52,85,-0.070761
-348.53,85,-0.0706
-308.34,85,-0.070439
-268.93,85,-0.070276
-230.27,85,-0.070113
-192.36,85,-0.06995
-155.16,85,-0.069786
-118.66,85,-0.069621
-82.843,85,-0.069455
-47.688,85,-0.069289
-13.178,85,-0.069122
20.704,85,-0.068954
53.975,85,-0.068786
86.65,85,-0.068617
118.75,85,-0.068447
150.28,85,-0.068276
181.26,85,-0.068105
211.71,85,-0.067934
241.63,85,-0.067761
271.05,85,-0.067588
299.97,85,-0.067414
328.41,85,-0.06724
356.38,85,-0.067065
383.89,85,-0.066889
410.95,85,-0.066713
437.58,85,-0.066536
463.79,85,-0.066358
489.58,85,-0.06618
514.97,85,-0.066001
539.96,85,-0.065821
564.57,85,-0.065641
588.81,85,-0.06546
612.68,85,-0.065278
636.19,85,-0.065096
659.36,85,-0.064913
682.19,85,-0.064729
704.68,85,-0.064545
726.86,85,-0.06436
748.72,85,-0.064175
770.27,85,-0.063989
791.51,85,-0.063802
812.47,85,-0.063615
833.14,85,-0.063427
853.53,85,-0.063238
873.64,85,-0.063049
893.49,85,-0.062859
913.08,85,-0.062668
932.41,85,-0.062477
951.49,85,-0.062286
970.33,85,-0.062093
988.93,85,-0.0619
1007.3,85,-0.061707
1025.4,85,-0.061513
1043.4,85,-0.061318
1061.1,85,-0.061122
1078.6,85,-0.060926
1095.8,85,-0.06073
1112.9,85,-0.060533
1129.8,85,-0.060335
1146.5,85,-0.060137
1163,85,-0.059938
1179.3,85,-0.059738
1195.4,85,-0.059538
1211.4,85,-0.059337
1227.1,85,-0.059136
1242.7,85,-0.058934
1258.2,85,-0.058731
1273.5,85,-0.058528
1288.6,85,-0.058325
1303.5,85,-0.05812
1318.4,85,-0.057916
1333,85,-0.05771
1347.5,85,-0.057504
1361.9,85,-0.057298
1376.1,85,-0.057091
1390.2,85,-0.056883
1404.2,85,-0.056675
1418,85,-0.056466
1431.7,85,-0.056257
1445.3,85,-0.056047
1458.7,85,-0.055837
1472.1,85,-0.055626
1485.3,85,-0.055414
1498.4,85,-0.055202
1511.4,85,-0.05499
1524.2,85,-0.054776
1537,85,-0.054563
1549.7,85,-0.054348
1562.2,85,-0.054134
1574.7,85,-0.053918
1587,85,-0.053703
1599.3,85,-0.053486
1611.5,85,-0.053269
1623.5,85,-0.053052
1635.5,85,-0.052834
1647.4,85,-0.052616
1659.2,85,-0.052397
1670.9,85,-0.052177
1682.6,85,-0.051957
1694.1,85,-0.051737
1705.6,85,-0.051515
1717,85,-0.051294
1728.3,85,-0.051072
1739.5,85,-0.050849
1750.7,85,-0.050626
1761.8,85,-0.050403
1772.8,85,-0.050179
1783.8,85,-0.049954
1794.7,85,-0.049729
1805.5,85,-0.049504
1816.3,85,-0.049278
1827,85,-0.049051
1837.6,85,-0.048824
1848.2,85,-0.048597
1858.7,85,-0.048369
1869.2,85,-0.04814
1879.6,85,-0.047911
1890,85,-0.047682
1900.3,85,-0.047452
1910.5,85,-0.047222
1920.7,85,-0.046991
1930.9,85,-0.04676
1941,85,-0.046528
1951,85,-0.046296
1961,85,-0.046063
1971,85,-0.04583
1980.9,85,-0.045597
1990.8,85,-0.045363
2000.6,85,-0.045128
2010.4,85,-0.044893
2020.2,85,-0.044658
2029.9,85,-0.044422
2039.5,85,-0.044186
2049.2,85,-0.043949
2058.8,85,-0.043712
2068.4,85,-0.043475
2077.9,85,-0.043237
2087.4,85,-0.042999
2096.9,85,-0.04276
2106.3,85,-0.042521
2115.7,85,-0.042281
2125.1,85,-0.042041
2134.5,85,-0.0418
2143.8,85,-0.04156
2153.1,85,-0.041318
2162.3,85,-0.041077
2171.6,85,-0.040835
2180.8,85,-0.040592
2190,85,-0.040349
2199.2,85,-0.040106
2208.3,85,-0.039862
2217.4,85,-0.039618
2226.5,85,-0.039374
2235.6,85,-0.039129
2244.7,85,-0.038884
2253.7,85,-0.038638
2262.8,85,-0.038392
2271.8,85,-0.038146
2280.8,85,-0.037899
2289.7,85,-0.037652
2298.7,85,-0.037404
2307.6,85,-0.037156
2316.6,85,-0.036908
2325.5,85,-0.036659
2334.4,85,-0.03641
2343.2,85,-0.036161
2352.1,85,-0.035911
2361,85,-0.035661
2369.8,85,-0.035411
2378.6,85,-0.03516
2387.5,85,-0.034909
2396.3,85,-0.034658
2405.1,85,-0.034406
2413.8,85,-0.034154
2422.6,85,-0.033901
2431.4,85,-0.033649
2440.2,85,-0.033395
2448.9,85,-0.033142
2457.6,85,-0.032888
2466.4,85,-0.032634
2475.1,85,-0.03238
2483.8,85,-0.032125
2492.5,85,-0.03187
2501.2,85,-0.031614
2509.9,85,-0.031359
2518.6,85,-0.031103
2527.3,85,-0.030846
2536,85,-0.03059
2544.6,85,-0.030333
2553.3,85,-0.030076
2561.9,85,-0.029818
2570.6,85,-0.02956
2579.2,85,-0.029302
2587.9,85,-0.029044
2596.5,85,-0.028785
2605.1,85,-0.028526
2613.8,85,-0.028267
2622.4,85,-0.028008
2631,85,-0.027748
2639.6,85,-0.027488
2648.2,85,-0.027227
2656.8,85,-0.026967
2665.4,85,-0.026706
2674,85,-0.026445
2682.6,85,-0.026183
2691.1,85,-0.025922
2699.7,85,-0.02566
2708.3,85,-0.025398
2716.8,85,-0.025135
2725.4,85,-0.024873
2733.9,85,-0.02461
2742.5,85,-0.024347
2751,85,-0.024083
2759.5,85,-0.02382
2768.1,85,-0.023556
2776.6,85,-0.023292
2785.1,85,-0.023027
2793.6,85,-0.022763
2802.1,85,-0.022498
2810.5,85,-0.022233
2819,85,-0.021968
2827.5,85,-0.021702
2835.9,85,-0.021437
2844.4,85,-0.021171
2852.8,85,-0.020905
2861.2,85,-0.020638
2869.6,85,-0.020372
2878,85,-0.020105
2886.4,85,-0.019838
2894.8,85,-0.019571
2903.1,85,-0.019304
2911.5,85,-0.019037
2919.8,85,-0.018769
2928.1,85,-0.018501
2936.4,85,-0.018233
2944.7,85,-0.017965
2953,85,-0.017697
2961.2,85,-0.017428
2969.4,85,-0.017159
2977.6,85,-0.01689
2985.8,85,-0.016621
2994,85,-0.016352
3002.1,85,-0.016083
3010.2,85,-0.015813
3018.3,85,-0.015543
3026.4,85,-0.015274
3034.4,85,-0.015004
3042.4,85,-0.014733
3050.4,85,-0.014463
3058.4,85,-0.014193
3066.3,85,-0.013922
3074.2,85,-0.013651
3082,85,-0.013381
3089.8,85,-0.01311
3097.6,85,-0.012839
3105.4,85,-0.012567
3113.1,85,-0.012296
3120.7,85,-0.012024
3128.4,85,-0.011753
3136,85,-0.011481
3143.5,85,-0.011209
3151,85,-0.010937
3158.5,85,-0.010665
3165.9,85,-0.010393
3173.2,85,-0.010121
3180.5,85,-0.0098486
3187.8,85,-0.0095761
3195,85,-0.0093036
3202.1,85,-0.0090309
3209.2,85,-0.0087582
3216.2,85,-0.0084854
3223.2,85,-0.0082125
3230.1,85,-0.0079395
3236.9,85,-0.0076665
3243.7,85,-0.0073933
3250.3,85,-0.0071201
3257,85,-0.0068468
3263.5,85,-0.0065735
3270,85,-0.0063001
3276.4,85,-0.0060266
3282.7,85,-0.0057531
3288.9,85,-0.0054795
3295.1,85,-0.0052059
3301.2,85,-0.0049322
3307.1,85,-0.0046584
3313,85,-0.0043846
3318.8,85,-0.0041108
3324.5,85,-0.0038369
3330.1,85,-0.003563
3335.6,85,-0.0032891
3341,85,-0.0030151
3346.3,85,-0.0027411
3351.5,85,-0.0024671
3356.5,85,-0.002193
3361.5,85,-0.0019189
3366.3,85,-0.0016448
3371,85,-0.0013707
3375.6,85,-0.0010966
3380.1,85,-0.00082245
3384.4,85,-0.00054831
3388.7,85,-0.00027416
3392.7,85,-8.5496e-17
3396.7,85,0.00027416
3400.5,85,0.00054831
3404.1,85,0.00082245
3407.6,85,0.0010966
3411,85,0.0013707
3414.2,85,0.0016448
3417.2,85,0.0019189
3420.1,85,0.002193
3422.8,85,0.0024671
3425.4,85,0.0027411
3427.7,85,0.0030151
3429.9,85,0.0032891
3432,85,0.003563
3433.8,85,0.0038369
3435.5,85,0.0041108
3436.9,85,0.0043846
3438.2,85,0.0046584
3439.3,85,0.0049322
3440.1,85,0.0052059
3440.8,85,0.0054795
3441.2,85,0.0057531
3441.5,85,0.0060266
3441.5,85,0.0063001
3441.2,85,0.0065735
3440.8,85,0.0068468
3440.1,85,0.0071201
3439.2,85,0.0073933
3438,85,0.0076665
3436.6,85,0.0079395
3435,85,0.0082125
3433.1,85,0.0084854
3430.9,85,0.0087582
3428.4,85,0.0090309
3425.7,85,0.0093036
3422.7,85,0.0095761
3419.4,85,0.0098486
3415.8,85,0.010121
3411.9,85,0.010393
3407.8,85,0.010665
3403.3,85,0.010937
3398.5,85,0.011209
3393.3,85,0.011481
3387.9,85,0.011753
3382.1,85,0.012024
3376,85,0.012296
3369.5,85,0.012567
3362.7,85,0.012839
3355.5,85,0.01311
3348,85,0.013381
3340.1,85,0.013651
3331.8,85,0.013922
3323.1,85,0.014193
3314,85,0.014463
3304.5,85,0.014733
3294.6,85,0.015004
3284.3,85,0.015274
3273.5,85,0.015543
3262.3,85,0.015813
3250.7,85,0.016083
3238.6,85,0.016352
3226,85,0.016621
3212.9,85,0.01689
3199.4,85,0.017159
3185.4,85,0.017428
3170.9,85,0.017697
3155.8,85,0.017965
3140.3,85,0.018233
3124.2,85,0.018501
3107.5,85,0.018769
3090.3,85,0.019037
3072.5,85,0.019304
3054.1,85,0.019571
3035.1,85,0.019838
3015.6,85,0.020105
2995.4,85,0.020372
2974.5,85,0.020638
2953,85,0.020905
2930.9,85,0.021171
2908,85,0.021437
2884.5,85,0.021702
2860.2,85,0.021968
2835.3,85,0.022233
2809.6,85,0.022498
2783.1,85,0.022763
2755.9,85,0.023027
2727.8,85,0.023292
2699,85,0.023556
2669.3,85,0.02382
2638.8,85,0.024083
2607.4,85,0.024347
2575.1,85,0.02461
2541.9,85,0.024873
2507.8,85,0.025135
2472.8,85,0.025398
2436.8,85,0.02566
2399.8,85,0.025922
2361.8,85,0.026183
2322.7,85,0.026445
2282.6,85,0.026706
2241.5,85,0.026967
2199.2,85,0.027227
2155.9,85,0.027488
2111.4,85,0.027748
2065.7,85,0.028008
2018.9,85,0.028267
1970.8,85,0.028526
1921.6,85,0.028785
1871.1,85,0.029044
1819.3,85,0.029302
1766.2,85,0.02956
1711.9,85,0.029818
1656.2,85,0.030076
1599.2,85,0.030333
1540.9,85,0.03059
1481.2,85,0.030846
1420.1,85,0.031103
1357.7,85,0.031359
1293.9,85,0.031614
1228.7,85,0.03187
1162.1,85,0.032125
1094.2,85,0.03238
1024.9,85,0.032634
954.21,85,0.032888
882.23,85,0.033142
808.94,85,0.033395
734.38,85,0.033649
658.58,85,0.033901
581.58,85,0.034154
503.45,85,0.034406
424.23,85,0.034658
344.01,85,0.034909
262.84,85,0.03516
180.83,85,0.035411
98.062,85,0.035661
14.653,85,0.035911
-69.283,85,0.036161
-153.61,85,0.03641
-238.2,85,0.036659
-322.89,85,0.036908
-407.53,85,0.037156
-491.93,85,0.037404
-575.9,85,0.037652
-659.27,85,0.037899
-741.81,85,0.038146
-823.32,85,0.038392
-903.56,85,0.038638
-982.32,85,0.038884
-1059.4,85,0.039129
-1134.4,85,0.039374
-1207.3,85,0.039618
-1277.8,85,0.039862
-1345.5,85,0.040106
-1410.4,85,0.040349
-1472.2,85,0.040592
-1530.5,85,0.040835
-1585.4,85,0.041077
-1636.5,85,0.041318
-1683.7,85,0.04156
-1726.9,85,0.0418
-1765.8,85,0.042041
-1800.5,85,0.042281
-1830.8,85,0.042521
-1856.6,85,0.04276
-1878,85,0.042999
-1894.9,85,0.043237
-1907.3,85,0.043475
-1915.3,85,0.043712
-1918.9,85,0.043949
-1918.3,85,0.044186
-1913.5,85,0.044422
-1904.7,85,0.044658
-1892,85,0.044893
-1875.6,85,0.045128
-1855.7,85,0.045363
-1832.4,85,0.045597
-1806,85,0.04583
-1776.6,85,0.046063
-1744.6,85,0.046296
-1709.9,85,0.046528
-1673,85,0.04676
-1634,85,0.046991
-1593.1,85,0.047222
-1550.4,85,0.047452
-1506.3,85,0.047682
-1460.9,85,0.047911
-1414.3,85,0.04814
-1366.8,85,0.048369
-1318.4,85,0.048597
-1269.4,85,0.048824
-1219.9,85,0.049051
-1170,85,0.049278
-1119.8,85,0.049504
-1069.5,85,0.049729
-1019.2,85,0.049954
-968.87,85,0.050179
-918.72,85,0.050403
-868.79,85,0.050626
-819.15,85,0.050849
-769.86,85,0.051072
-720.99,85,0.051294
-672.57,85,0.051515
-624.65,85,0.051737
-577.28,85,0.051957
-530.49,85,0.052177
-484.3,85,0.052397
-438.73,85,0.052616
-393.82,85,0.052834
-349.58,85,0.053052
-306.01,85,0.053269
-263.14,85,0.053486
-220.97,85,0.053703
-179.5,85,0.053918
-138.74,85,0.054134
-98.695,85,0.054348
-59.361,85,0.054563
-20.736,85,0.054776
17.181,85,0.05499
54.395,85,0.055202
90.91,85,0.055414
126.73,85,0.055626
161.87,85,0.055837
196.32,85,0.056047
230.1,85,0.056257
263.22,85,0.056466
295.69,85,0.056675
327.5,85,0.056883
358.68,85,0.057091
389.24,85,0.057298
419.17,85,0.057504
448.49,85,0.05771
477.22,85,0.057916
505.35,85,0.05812
532.91,85,0.058325
559.89,85,0.058528
586.31,85,0.058731
612.18,85,0.058934
637.51,85,0.059136
662.31,85,0.059337
686.58,85,0.059538
710.34,85,0.059738
733.59,85,0.059938
756.35,85,0.060137
778.62,85,0.060335
800.41,85,0.060533
821.72,85,0.06073
842.58,85,0.060926
862.98,85,0.061122
882.93,85,0.061318
902.45,85,0.061513
921.53,85,0.061707
940.19,85,0.0619
958.44,85,0.062093
976.27,85,0.062286
993.7,85,0.062477
1010.7,85,0.062668
1027.4,85,0.062859
1043.7,85,0.063049
1059.5,85,0.063238
1075.1,85,0.063427
1090.2,85,0.063615
1105,85,0.063802
1119.5,85,0.063989
1133.6,85,0.064175
1147.4,85,0.06436
1160.8,85,0.064545
1173.9,85,0.064729
1186.7,85,0.064913
1199.1,85,0.065096
1211.3,85,0.065278
1223.1,85,0.06546
1234.7,85,0.065641
1245.9,85,0.065821
1256.9,85,0.066001
1267.5,85,0.06618
1277.9,85,0.066358
1288,85,0.066536
1297.9,85,0.066713
1307.4,85,0.066889
1316.7,85,0.067065
1325.7,85,0.06724
1334.5,85,0.067414
1343,85,0.067588
1351.3,85,0.067761
1359.3,85,0.067934
1367.1,85,0.068105
1374.6,85,0.068276
1381.9,85,0.068447
1389,85,0.068617
1395.8,85,0.068786
1402.4,85,0.068954
1408.8,85,0.069122
1415,85,0.069289
1420.9,85,0.069455
1426.7,85,0.069621
1432.2,85,0.069786
1437.6,85,0.06995
1442.7,85,0.070113
1447.6,85,0.070276
1452.4,85,0.070439
1456.9,85,0.0706
1461.3,85,0.070761
1465.5,85,0.070921
1469.5,85,0.07108
1473.3,85,0.071239
1476.9,85,0.071397
1480.3,85,0.071554
1483.6,85,0.071711
1486.7,85,0.071867
1489.7,85,0.072022
1492.4,85,0.072176
1495,85,0.07233
1497.5,85,0.072483
1499.8,85,0.072635
1501.9,85,0.072787
1503.9,85,0.072938
1505.7,85,0.073088
1507.4,85,0.073238
1509,85,0.073386
1510.4,85,0.073534
1511.6,85,0.073682
1512.7,85,0.073828
1513.7,85,0.073974
1514.6,85,0.074119
1515.3,85,0.074263
1515.8,85,0.074407
1516.3,85,0.07455
1516.6,85,0.074692
1516.8,85,0.074833
1516.9,85,0.074974
1516.9,85,0.075114
1516.7,85,0.075253
1516.4,85,0.075392
1516,85,0.075529
1515.5,85,0.075666
1514.9,85,0.075802
1514.2,85,0.075938
1513.4,85,0.076073
1512.4,85,0.076207
1511.4,85,0.07634
1510.2,85,0.076472
1509,85,0.076604
1507.7,85,0.076735
1506.2,85,0.076865
1504.7,85,0.076994
1503.1,85,0.077123
1501.4,85,0.077251
1499.5,85,0.077378
1497.7,85,0.077505
1495.7,85,0.07763
1493.6,85,0.077755
1491.5,85,0.077879
1489.2,85,0.078002
1486.9,85,0.078125
1484.5,85,0.078247
1482.1,85,0.078368
1479.5,85,0.078488
1476.9,85,0.078607
1474.2,85,0.078726
1471.4,85,0.078844
1468.6,85,0.078961
1465.7,85,0.079077
1462.7,85,0.079193
1459.7,85,0.079308
1456.6,85,0.079422
1453.4,85,0.079535
1450.2,85,0.079647
1446.9,85,0.079759
1443.6,85,0.07987
1440.2,85,0.07998
1436.7,85,0.080089
1433.2,85,0.080198
1429.6,85,0.080305
1426,85,0.080412
1422.3,85,0.080518
1418.6,85,0.080624
1414.8,85,0.080728
1411,85,0.080832
1407.1,85,0.080935
1403.2,85,0.081037
1399.2,85,0.081138
1395.2,85,0.081239
1391.1,85,0.081339
1387,85,0.081437
1382.9,85,0.081536
1378.7,85,0.081633
1374.5,85,0.081729
1370.2,85,0.081825
1365.9,85,0.08192
1361.6,85,0.082014
1357.3,85,0.082107
1352.9,85,0.0822
1348.4,85,0.082291
1344,85,0.082382
1339.5,85,0.082472
1335,85,0.082562
1330.4,85,0.08265
1325.8,85,0.082737
1321.2,85,0.082824
1316.6,85,0.08291
1312,85,0.082995
1307.3,85,0.08308
1302.6,85,0.083163
1297.9,85,0.083246
1293.1,85,0.083328
1288.4,85,0.083409
1283.6,85,0.083489
1278.8,85,0.083568
1274,85,0.083647
1269.1,85,0.083725
1264.3,85,0.083801
1259.4,85,0.083878
1254.5,85,0.083953
1249.6,85,0.084027
1244.7,85,0.084101
1239.8,85,0.084174
1234.9,85,0.084245
1229.9,85,0.084317
1225,85,0.084387
1220,85,0.084456
1215.1,85,0.084525
1210.1,85,0.084593
1205.1,85,0.08466
1200.1,85,0.084726
1195.1,85,0.084791
1190.1,85,0.084855
1185.2,85,0.084919
1180.2,85,0.084982
1175.2,85,0.085044
1170.2,85,0.085105
1165.2,85,0.085165
1160.2,85,0.085224
1155.2,85,0.085283
1150.2,85,0.08534
1145.2,85,0.085397
1140.2,85,0.085453
1135.2,85,0.085508
1130.2,85,0.085563
1125.3,85,0.085616
1120.3,85,0.085669
1115.3,85,0.085721
1110.4,85,0.085772
1105.5,85,0.085822
1100.5,85,0.085871
1095.6,85,0.085919
1090.7,85,0.085967
1085.8,85,0.086014
1080.9,85,0.08606
1076.1,85,0.086105
1071.2,85,0.086149
1066.4,85,0.086192
1061.6,85,0.086235
1056.8,85,0.086276
1052,85,0.086317
1047.2,85,0.086357
1042.5,85,0.086396
1037.8,85,0.086434
1033,85,0.086471
1028.4,85,0.086508
1023.7,85,0.086544
1019.1,85,0.086578
1014.5,85,0.086612
1009.9,85,0.086645
1005.3,85,0.086678
1000.8,85,0.086709
996.3,85,0.086739
991.82,85,0.086769
987.38,85,0.086798
982.97,85,0.086826
978.59,85,0.086853
974.25,85,0.086879
969.94,85,0.086905
965.66,85,0.086929
961.42,85,0.086953
957.22,85,0.086976
953.06,85,0.086997
948.93,85,0.087019
944.85,85,0.087039
940.81,85,0.087058
936.81,85,0.087077
932.85,85,0.087094
928.94,85,0.087111
925.08,85,0.087127
921.26,85,0.087142
917.5,85,0.087156
913.78,85,0.08717
910.12,85,0.087182
906.5,85,0.087194
902.95,85,0.087204
899.45,85,0.087214
896,85,0.087223
892.62,85,0.087232
889.3,85,0.087239
886.04,85,0.087245
882.84,85,0.087251
879.71,85,0.087256
876.64,85,0.08726
873.65,85,0.087263
870.73,85,0.087265
867.87,85,0.087266
865.1,85,0.087266
862.4,85,0.087266
859.78,85,0.087265
857.24,85,0.087263
854.78,85,0.08726
852.41,85,0.087256
850.13,85,0.087251
847.94,85,0.087245
845.84,85,0.087239
843.83,85,0.087232
841.93,85,0.087223
840.12,85,0.087214
838.42,85,0.087204
836.82,85,0.087194
835.33,85,0.087182
833.96,85,0.08717
832.7,85,0.087156
831.56,85,0.087142
830.54,85,0.087127
829.64,85,0.087111
828.88,85,0.087094
828.25,85,0.087077
827.75,85,0.087058
827.4,85,0.087039
827.19,85,0.087019
827.13,85,0.086997
827.23,85,0.086976
827.48,85,0.086953
827.9,85,0.086929
828.48,85,0.086905
829.24,85,0.086879
830.18,85,0.086853
831.3,85,0.086826
832.61,85,0.086798
834.11,85,0.086769
835.82,85,0.086739
837.74,85,0.086709
839.87,85,0.086678
842.22,85,0.086645
844.8,85,0.086612
847.62,85,0.086578
850.69,85,0.086544
854,85,0.086508
857.58,85,0.086471
861.42,85,0.086434
865.54,85,0.086396
869.95,85,0.086357
874.66,85,0.086317
879.67,85,0.086276
885,85,0.086235
890.66,85,0.086192
896.66,85,0.086149
903.01,85,0.086105
909.72,85,0.08606
916.81,85,0.086014
924.29,85,0.085967
932.17,85,0.085919
940.48,85,0.085871
949.21,85,0.085822
958.39,85,0.085772
968.04,85,0.085721
978.17,85,0.085669
988.8,85,0.085616
999.94,85,0.085563
1011.6,85,0.085508
1023.9,85,0.085453
1036.7,85,0.085397
1050.1,85,0.08534
1064.1,85,0.085283
1078.8,85,0.085224
1094.1,85,0.085165
1110.2,85,0.085105
1126.9,85,0.085044
1144.4,85,0.084982
1162.7,85,0.084919
1181.8,85,0.084855
1201.7,85,0.084791
1222.5,85,0.084726
1244.1,85,0.08466
1266.7,85,0.084593
1290.3,85,0.084525
1314.9,85,0.084456
1340.5,85,0.084387
1367.2,85,0.084317
1395,85,0.084245
1424,85,0.084174
1454.1,85,0.084101
1485.6,85,0.084027
1518.3,85,0.083953
1552.3,85,0.083878
1587.7,85,0.083801
1624.6,85,0.083725
1662.9,85,0.083647
1702.7,85,0.083568
1744.2,85,0.083489
1787.2,85,0.083409
1831.9,85,0.083328
1878.3,85,0.083246
1926.5,85,0.083163
1976.5,85,0.08308
2028.4,85,0.082995
2082.1,85,0.08291
2137.8,85,0.082824
2195.4,85,0.082737
2255.1,85,0.08265
2316.7,85,0.082562
2380.5,85,0.082472
2446.2,85,0.082382
2514,85,0.082291
2583.9,85,0.0822
2655.8,85,0.082107
2729.7,85,0.082014
2805.6,85,0.08192
2883.3,85,0.081825
2962.9,85,0.081729
3044.2,85,0.081633
3127.1,85,0.081536
3211.5,85,0.081437
3297.2,85,0.081339
3384,85,0.081239
3471.6,85,0.081138
3559.9,85,0.081037
3648.6,85,0.080935
3737.4,85,0.080832
3825.8,85,0.080728
3913.7,85,0.080624
4000.5,85,0.080518
4085.8,85,0.080412
4169.3,85,0.080305
4250.4,85,0.080198
4328.6,85,0.080089
4403.6,85,0.07998
4474.7,85,0.07987
4541.6,85,0.079759
4603.7,85,0.079647
4660.5,85,0.079535
4711.6,85,0.079422
4756.6,85,0.079308
4795.1,85,0.079193
4826.9,85,0.079077
4851.5,85,0.078961
4868.9,85,0.078844
4878.8,85,0.078726
4881.2,85,0.078607
4876.1,85,0.078488
4863.4,85,0.078368
4843.3,85,0.078247
4816,85,0.078125
4781.7,85,0.078002
4740.6,85,0.077879
4693,85,0.077755
4639.5,85,0.07763
4580.2,85,0.077505
4515.7,85,0.077378
4446.4,85,0.077251
4372.7,85,0.077123
4295,85,0.076994
4213.9,85,0.076865
4129.8,85,0.076735
4043,85,0.076604
3954,85,0.076472
3863.2,85,0.07634
3771,85,0.076207
3677.7,85,0.076073
3583.6,85,0.075938
3489.1,85,0.075802
3394.3,85,0.075666
3299.6,85,0.075529
3205.2,85,0.075392
3111.2,85,0.075253
3017.9,85,0.075114
2925.4,85,0.074974
2833.8,85,0.074833
2743.3,85,0.074692
2654,85,0.07455
2565.9,85,0.074407
2479.2,85,0.074263
2393.8,85,0.074119
2309.8,85,0.073974
2227.3,85,0.073828
2146.3,85,0.073682
2066.8,85,0.073534
1988.8,85,0.073386
1912.4,85,0.073238
1837.5,85,0.073088
1764,85,0.072938
1692.1,85,0.072787
1621.7,85,0.072635
1552.7,85,0.072483
1485.2,85,0.07233
1419.2,85,0.072176
1354.5,85,0.072022
1291.2,85,0.071867
1229.3,85,0.071711
1168.7,85,0.071554
1109.4,85,0.071397
1051.4,85,0.071239
994.59,85,0.07108
939.02,85,0.070921
884.63,85,0.070761
831.4,85,0.0706
779.29,85,0.070439
728.29,85,0.070276
678.35,85,0.070113
629.46,85,0.06995
581.58,85,0.069786
534.69,85,0.069621
488.76,85,0.069455
443.77,85,0.069289
399.69,85,0.069122
356.5,85,0.068954
314.17,85,0.068786
272.68,85,0.068617
232.01,85,0.068447
192.13,85,0.068276
153.03,85,0.068105
114.68,85,0.067934
77.068,85,0.067761
40.164,85,0.067588
3.9542,85,0.067414
-31.581,85,0.06724
-66.459,85,0.067065
-100.7,85,0.066889
-134.32,85,0.066713
-167.33,85,0.066536
-199.75,85,0.066358
-231.6,85,0.06618
-262.89,85,0.066001
-293.63,85,0.065821
-323.85,85,0.065641
-353.55,85,0.06546
-382.75,85,0.065278
-411.46,85,0.065096
-439.69,85,0.064913
-467.45,85,0.064729
-494.77,85,0.064545
-521.64,85,0.06436
-548.08,85,0.064175
-574.11,85,0.063989
-599.72,85,0.063802
-624.94,85,0.063615
-649.77,85,0.063427
-674.22,85,0.063238
-698.3,85,0.063049
-722.02,85,0.062859
-745.39,85,0.062668
-768.42,85,0.062477
-791.11,85,0.062286
-813.48,85,0.062093
-835.52,85,0.0619
-857.26,85,0.061707
-878.69,85,0.061513
-899.83,85,0.061318
-920.68,85,0.061122
-941.24,85,0.060926
-961.53,85,0.06073
-981.55,85,0.060533
-1001.3,85,0.060335
-1020.8,85,0.060137
-1040.1,85,0.059938
-1059.1,85,0.059738
-1077.8,85,0.059538
-1096.4,85,0.059337
-1114.7,85,0.059136
-1132.7,85,0.058934
-1150.6,85,0.058731
-1168.3,85,0.058528
-1185.7,85,0.058325
-1202.9,85,0.05812
-1220,85,0.057916
-1236.8,85,0.05771
-1253.5,85,0.057504
-1269.9,85,0.057298
-1286.2,85,0.057091
-1302.3,85,0.056883
-1318.2,85,0.056675
-1334,85,0.056466
-1349.6,85,0.056257
-1365,85,0.056047
-1380.3,85,0.055837
-1395.4,85,0.055626
-1410.4,85,0.055414
-1425.2,85,0.055202
-1439.8,85,0.05499
-1454.4,85,0.054776
-1468.7,85,0.054563
-1483,85,0.054348
-1497.1,85,0.054134
-1511.1,85,0.053918
-1524.9,85,0.053703
-1538.7,85,0.053486
-1552.3,85,0.053269
-1565.8,85,0.053052
-1579.1,85,0.052834
-1592.4,85,0.052616
-1605.5,85,0.052397
-1618.5,85,0.052177
-1631.5,85,0.051957
-1644.3,85,0.051737
-1657,85,0.051515
-1669.6,85,0.051294
-1682.1,85,0.051072
-1694.6,85,0.050849
-1706.9,85,0.050626
-1719.1,85,0.050403
-1731.2,85,0.050179
-1743.3,85,0.049954
-1755.3,85,0.049729
-1767.1,85,0.049504
-1778.9,85,0.049278
-1790.7,85,0.049051
-1802.3,85,0.048824
-1813.9,85,0.048597
-1825.3,85,0.048369
-1836.8,85,0.04814
-1848.1,85,0.047911
-1859.4,85,0.047682
-1870.6,85,0.047452
-1881.7,85,0.047222
-1892.8,85,0.046991
-1903.8,85,0.04676
-1914.7,85,0.046528
-1925.6,85,0.046296
-1936.4,85,0.046063
-1947.1,85,0.04583
-1957.8,85,0.045597
-1968.5,85,0.045363
-1979.1,85,0.045128
-1989.6,85,0.044893
-2000.1,85,0.044658
-2010.5,85,0.044422
-2020.9,85,0.044186
-2031.2,85,0.043949
-2041.5,85,0.043712
-2051.7,85,0.043475
-2061.9,85,0.043237
-2072.1,85,0.042999
-2082.2,85,0.04276
-2092.2,85,0.042521
-2102.2,85,0.042281
-2112.2,85,0.042041
-2122.2,85,0.0418
-2132.1,85,0.04156
-2141.9,85,0.041318
-2151.7,85,0.041077
-2161.5,85,0.040835
-2171.3,85,0.040592
-2181,85,0.040349
-2190.7,85,0.040106
-2200.4,85,0.039862
-2210,85,0.039618
-2219.6,85,0.039374
-2229.1,85,0.039129
-2238.7,85,0.038884
-2248.2,85,0.038638
-2257.7,85,0.038392
-2267.1,85,0.038146
-2276.6,85,0.037899
-2286,85,0.037652
-2295.4,85,0.037404
-2304.7,85,0.037156
-2314,85,0.036908
-2323.4,85,0.036659
-2332.6,85,0.03641
-2341.9,85,0.036161
-2351.2,85,0.035911
-2360.4,85,0.035661
-2369.6,85,0.035411
-2378.8,85,0.03516
-2388,85,0.034909
-2397.1,85,0.034658
-2406.2,85,0.034406
-2415.4,85,0.034154
-2424.5,85,0.033901
-2433.6,85,0.033649
-2442.6,85,0.033395
-2451.7,85,0.033142
-2460.7,85,0.032888
-2469.7,85,0.032634
-2478.8,85,0.03238
-2487.8,85,0.032125
-2496.7,85,0.03187
-2505.7,85,0.031614
-2514.7,85,0.031359
-2523.6,85,0.031103
-2532.6,85,0.030846
-2541.5,85,0.03059
-2550.4,85,0.030333
-2559.3,85,0.030076
-2568.2,85,0.029818
-2577.1,85,0.02956
-2585.9,85,0.029302
-2594.8,85,0.029044
-2603.6,85,0.028785
-2612.5,85,0.028526
-2621.3,85,0.028267
-2630.1,85,0.028008
-2638.9,85,0.027748
-2647.7,85,0.027488
-2656.5,85,0.027227
-2665.3,85,0.026967
-2674,85,0.026706
-2682.8,85,0.026445
-2691.5,85,0.026183
-2700.3,85,0.025922
-2709,85,0.02566
-2717.7,85,0.025398
-2726.4,85,0.025135
-2735.1,85,0.024873
-2743.8,85,0.02461
-2752.5,85,0.024347
-2761.1,85,0.024083
-2769.8,85,0.02382
-2778.4,85,0.023556
-2787,85,0.023292
-2795.7,85,0.023027
-2804.3,85,0.022763
-2812.9,85,0.022498
-2821.4,85,0.022233
-2830,85,0.021968
-2838.6,85,0.021702
-2847.1,85,0.021437
-2855.6,85,0.021171
-2864.1,85,0.020905
-2872.6,85,0.020638
-2881.1,85,0.020372
-2889.6,85,0.020105
-2898,85,0.019838
-2906.5,85,0.019571
-2914.9,85,0.019304
-2923.3,85,0.019037
-2931.7,85,0.018769
-2940,85,0.018501
-2948.4,85,0.018233
-2956.7,85,0.017965
-2965,85,0.017697
-2973.3,85,0.017428
-2981.5,85,0.017159
-2989.7,85,0.01689
-2997.9,85,0.016621
-3006.1,85,0.016352
-3014.3,85,0.016083
-3022.4,85,0.015813
-3030.5,85,0.015543
-3038.6,85,0.015274
-3046.6,85,0.015004
-3054.6,85,0.014733
-3062.6,85,0.014463
-3070.5,85,0.014193
-3078.5,85,0.013922
-3086.3,85,0.013651
-3094.2,85,0.013381
-3102,85,0.01311
-3109.7,85,0.012839
-3117.4,85,0.012567
-3125.1,85,0.012296
-3132.8,85,0.012024
-3140.4,85,0.011753
-3147.9,85,0.011481
-3155.4,85,0.011209
-3162.9,85,0.010937
-3170.3,85,0.010665
-3177.6,85,0.010393
-3184.9,85,0.010121
-3192.2,85,0.0098486
-3199.4,85,0.0095761
-3206.5,85,0.0093036
-3213.6,85,0.0090309
-3220.6,85,0.0087582
-3227.5,85,0.0084854
-3234.4,85,0.0082125
-3241.2,85,0.0079395
-3248,85,0.0076665
-3254.7,85,0.0073933
-3261.3,85,0.0071201
-3267.8,85,0.0068468
-3274.3,85,0.0065735
-3280.6,85,0.0063001
-3286.9,85,0.0060266
-3293.1,85,0.0057531
-3299.3,85,0.0054795
-3305.3,85,0.0052059
-3311.3,85,0.0049322
-3317.1,85,0.0046584
-3322.9,85,0.0043846
-3328.6,85,0.0041108
-3334.2,85,0.0038369
-3339.6,85,0.003563
-3345,85,0.0032891
-3350.3,85,0.0030151
-3355.4,85,0.0027411
-3360.5,85,0.0024671
-3365.4,85,0.002193
-3370.2,85,0.0019189
-3374.9,85,0.0016448
-3379.5,85,0.0013707
-3384,85,0.0010966
-3388.3,85,0.00082245
-3392.5,85,0.00054831
-3396.5,85,0.00027416
-3400.4,85,9.6184e-17
-3404.2,85,-0.00027416
-3407.9,85,-0.00054831
-3411.4,85,-0.00082245
-3414.7,85,-0.0010966
-3417.9,85,-0.0013707
-3420.9,85,-0.0016448
-3423.8,85,-0.0019189
-3426.5,85,-0.002193
-3429,85,-0.0024671
-3431.4,85,-0.0027411
-3433.6,85,-0.0030151
-3435.6,85,-0.0032891
-3437.4,85,-0.003563
-3439.1,85,-0.0038369
-3440.6,85,-0.0041108
-3441.8,85,-0.0043846
-3442.9,85,-0.0046584
-3443.8,85,-0.0049322
-3444.4,85,-0.0052059
-3444.9,85,-0.0054795
-3445.1,85,-0.0057531
-3445.1,85,-0.0060266
-3444.9,85,-0.0063001
-3444.5,85,-0.0065735
-3443.9,85,-0.0068468
-3443,85,-0.0071201
-3441.8,85,-0.0073933
-3440.4,85,-0.0076665
-3438.8,85,-0.0079395
-3436.9,85,-0.0082125
-3434.8,85,-0.0084854
-3432.4,85,-0.0087582
-3429.7,85,-0.0090309
-3426.7,85,-0.0093036
-3423.5,85,-0.0095761
-3419.9,85,-0.0098486
-3416.1,85,-0.010121
-3412,85,-0.010393
-3407.6,85,-0.010665
-3402.8,85,-0.010937
-3397.8,85,-0.011209
-3392.4,85,-0.011481
-3386.7,85,-0.011753
-3380.6,85,-0.012024
-3374.3,85,-0.012296
-3367.5,85,-0.012567
-3360.4,85,-0.012839
-3353,85,-0.01311
-3345.2,85,-0.013381
-3337,85,-0.013651
-3328.4,85,-0.013922
-3319.4,85,-0.014193
-3310,85,-0.014463
-3300.2,85,-0.014733
-3290.1,85,-0.015004
-3279.4,85,-0.015274
-3268.4,85,-0.015543
-3256.9,85,-0.015813
-3244.9,85,-0.016083
-3232.5,85,-0.016352
-3219.6,85,-0.016621
-3206.3,85,-0.01689
-3192.4,85,-0.017159
-3178.1,85,-0.017428
-3163.2,85,-0.017697
-3147.8,85,-0.017965
-3131.9,85,-0.018233
-3115.5,85,-0.018501
-3098.5,85,-0.018769
-3080.9,85,-0.019037
-3062.8,85,-0.019304
-3044,85,-0.019571
-3024.7,85,-0.019838
-3004.7,85,-0.020105
-2984.2,85,-0.020372
-2962.9,85,-0.020638
-2941,85,-0.020905
-2918.5,85,-0.021171
-2895.3,85,-0.021437
-2871.3,85,-0.021702
-2846.7,85,-0.021968
-2821.3,85,-0.022233
-2795.1,85,-0.022498
-2768.2,85,-0.022763
-2740.5,85,-0.023027
-2712.1,85,-0.023292
-2682.8,85,-0.023556
-2652.6,85,-0.02382
-2621.6,85,-0.024083
-2589.7,85,-0.024347
-2557,85,-0.02461
-2523.3,85,-0.024873
-2488.7,85,-0.025135
-2453.1,85,-0.025398
-2416.6,85,-0.02566
-2379.1,85,-0.025922
-2340.5,85,-0.026183
-2301,85,-0.026445
-2260.3,85,-0.026706
-2218.6,85,-0.026967
-2175.8,85,-0.027227
-2131.8,85,-0.027488
-2086.7,85,-0.027748
-2040.5,85,-0.028008
-1993,85,-0.028267
-1944.4,85,-0.028526
-1894.5,85,-0.028785
-1843.3,85,-0.029044
-1790.9,85,-0.029302
-1737.2,85,-0.02956
-1682.2,85,-0.029818
-1625.9,85,-0.030076
-1568.3,85,-0.030333
-1509.3,85,-0.03059
-1448.9,85,-0.030846
-1387.2,85,-0.031103
-1324.1,85,-0.031359
-1259.6,85,-0.031614
-1193.8,85,-0.03187
-1126.6,85,-0.032125
-1058,85,-0.03238
-988.08,85,-0.032634
-916.81,85,-0.032888
-844.24,85,-0.033142
-770.38,85,-0.033395
-695.28,85,-0.033649
-618.96,85,-0.033901
-541.48,85,-0.034154
-462.9,85,-0.034406
-383.27,85,-0.034658
-302.68,85,-0.034909
-221.21,85,-0.03516
-138.93,85,-0.035411
-55.973,85,-0.035661
27.567,85,-0.035911
111.56,85,-0.036161
195.87,85,-0.03641
280.36,85,-0.036659
364.86,85,-0.036908
449.21,85,-0.037156
533.22,85,-0.037404
616.71,85,-0.037652
699.47,85,-0.037899
781.3,85,-0.038146
861.98,85,-0.038392
941.27,85,-0.038638
1019,85,-0.038884
1094.8,85,-0.039129
1168.6,85,-0.039374
1240,85,-0.039618
1308.9,85,-0.039862
1375,85,-0.040106
1438,85,-0.040349
1497.9,85,-0.040592
1554.3,85,-0.040835
1607,85,-0.041077
1656,85,-0.041318
1700.9,85,-0.04156
1741.8,85,-0.0418
1778.4,85,-0.042041
1810.6,85,-0.042281
1838.5,85,-0.042521
1861.9,85,-0.04276
1880.8,85,-0.042999
1895.3,85,-0.043237
1905.4,85,-0.043475
1911,85,-0.043712
1912.4,85,-0.043949
1909.5,85,-0.044186
1902.6,85,-0.044422
1891.7,85,-0.044658
1877,85,-0.044893
1858.8,85,-0.045128
1837.1,85,-0.045363
1812.1,85,-0.045597
1784.2,85,-0.04583
1753.4,85,-0.046063
1720,85,-0.046296
1684.1,85,-0.046528
1646.1,85,-0.04676
1606.1,85,-0.046991
1564.3,85,-0.047222
1520.9,85,-0.047452
1476.1,85,-0.047682
1430,85,-0.047911
1383,85,-0.04814
1335,85,-0.048369
1286.3,85,-0.048597
1237,85,-0.048824
1187.3,85,-0.049051
1137.3,85,-0.049278
1087,85,-0.049504
1036.7,85,-0.049729
986.39,85,-0.049954
936.17,85,-0.050179
886.13,85,-0.050403
836.34,85,-0.050626
786.87,85,-0.050849
737.79,85,-0.051072
689.14,85,-0.051294
640.97,85,-0.051515
593.32,85,-0.051737
546.23,85,-0.051957
499.73,85,-0.052177
453.85,85,-0.052397
408.6,85,-0.052616
364.01,85,-0.052834
320.1,85,-0.053052
276.87,85,-0.053269
234.34,85,-0.053486
192.5,85,-0.053703
151.38,85,-0.053918
110.96,85,-0.054134
71.258,85,-0.054348
32.263,85,-0.054563
-6.0239,85,-0.054776
-43.606,85,-0.05499
-80.487,85,-0.055202
-116.67,85,-0.055414
-152.17,85,-0.055626
-186.98,85,-0.055837
-221.12,85,-0.056047
-254.59,85,-0.056257
-287.4,85,-0.056466
-319.56,85,-0.056675
-351.08,85,-0.056883
-381.97,85,-0.057091
-412.23,85,-0.057298
-441.88,85,-0.057504
-470.92,85,-0.05771
-499.37,85,-0.057916
-527.24,85,-0.05812
-554.53,85,-0.058325
-581.25,85,-0.058528
-607.42,85,-0.058731
-633.04,85,-0.058934
-658.12,85,-0.059136
-682.67,85,-0.059337
-706.71,85,-0.059538
-730.23,85,-0.059738
-753.26,85,-0.059938
-775.79,85,-0.060137
-797.83,85,-0.060335
-819.4,85,-0.060533
-840.51,85,-0.06073
-861.15,85,-0.060926
-881.35,85,-0.061122
-901.1,85,-0.061318
-920.41,85,-0.061513
-939.3,85,-0.061707
-957.77,85,-0.0619
-975.82,85,-0.062093
-993.47,85,-0.062286
-1010.7,85,-0.062477
-1027.6,85,-0.062668
-1044,85,-0.062859
-1060.1,85,-0.063049
-1075.9,85,-0.063238
-1091.2,85,-0.063427
-1106.2,85,-0.063615
-1120.8,85,-0.063802
-1135.1,85,-0.063989
-1149.1,85,-0.064175
-1162.7,85,-0.06436
-1176,85,-0.064545
-1188.9,85,-0.064729
-1201.5,85,-0.064913
-1213.9,85,-0.065096
-1225.9,85,-0.065278
-1237.6,85,-0.06546
-1248.9,85,-0.065641
-1260.1,85,-0.065821
-1270.9,85,-0.066001
-1281.4,85,-0.06618
-1291.6,85,-0.066358
-1301.6,85,-0.066536
-1311.3,85,-0.066713
-1320.7,85,-0.066889
-1329.9,85,-0.067065
-1338.8,85,-0.06724
-1347.4,85,-0.067414
-1355.8,85,-0.067588
-1363.9,85,-0.067761
-1371.8,85,-0.067934
-1379.5,85,-0.068105
-1386.9,85,-0.068276
-1394,85,-0.068447
-1401,85,-0.068617
-1407.7,85,-0.068786
-1414.2,85,-0.068954
-1420.5,85,-0.069122
-1426.5,85,-0.069289
-1432.4,85,-0.069455
-1438,85,-0.069621
-1443.4,85,-0.069786
-1448.7,85,-0.06995
-1453.7,85,-0.070113
-1458.5,85,-0.070276
-1463.1,85,-0.070439
-1467.6,85,-0.0706
-1471.8,85,-0.070761
-1475.9,85,-0.070921
-1479.8,85,-0.07108
-1483.5,85,-0.071239
-1487,85,-0.071397
-1490.3,85,-0.071554
-1493.5,85,-0.071711
-1496.5,85,-0.071867
-1499.4,85,-0.072022
-1502,85,-0.072176
-1504.5,85,-0.07233
-1506.9,85,-0.072483
-1509.1,85,-0.072635
-1511.1,85,-0.072787
-1513,85,-0.072938
-1514.7,85,-0.073088
-1516.3,85,-0.073238
-1517.8,85,-0.073386
-1519.1,85,-0.073534
-1520.2,85,-0.073682
-1521.2,85,-0.073828
-1522.1,85,-0.073974
-1522.9,85,-0.074119
-1523.5,85,-0.074263
-1524,85,-0.074407
-1524.3,85,-0.07455
-1524.6,85,-0.074692
-1524.7,85,-0.074833
-1524.7,85,-0.074974
-1524.5,85,-0.075114
-1524.3,85,-0.075253
-1523.9,85,-0.075392
-1523.4,85,-0.075529
-1522.8,85,-0.075666
-1522.1,85,-0.075802
-1521.3,85,-0.075938
-1520.4,85,-0.076073
-1519.4,85,-0.076207
-1518.2,85,-0.07634
-1517,85,-0.076472
-1515.7,85,-0.076604
-1514.2,85,-0.076735
-1512.7,85,-0.076865
-1511.1,85,-0.076994
-1509.4,85,-0.077123
-1507.6,85,-0.077251
-1505.7,85,-0.077378
-1503.7,85,-0.077505
-1501.7,85,-0.07763
-1499.5,85,-0.077755
-1497.3,85,-0.077879
-1495,85,-0.078002
-1492.6,85,-0.078125
-1490.1,85,-0.078247
-1487.5,85,-0.078368
-1484.9,85,-0.078488
-1482.2,85,-0.078607
-1479.4,85,-0.078726
-1476.6,85,-0.078844
-1473.7,85,-0.078961
-1470.7,85,-0.079077
-1467.6,85,-0.079193
-1464.5,85,-0.079308
-1461.3,85,-0.079422
-1458.1,85,-0.079535
-1454.8,85,-0.079647
-1451.4,85,-0.079759
-1448,85,-0.07987
-1444.5,85,-0.07998
-1440.9,85,-0.080089
-1437.3,85,-0.080198
-1433.7,85,-0.080305
-1430,85,-0.080412
-1426.2,85,-0.080518
-1422.4,85,-0.080624
-1418.6,85,-0.080728
-1414.6,85,-0.080832
-1410.7,85,-0.080935
-1406.7,85,-0.081037
-1402.6,85,-0.081138
-1398.5,85,-0.081239
-1394.4,85,-0.081339
-1390.2,85,-0.081437
-1386,85,-0.081536
-1381.8,85,-0.081633
-1377.5,85,-0.081729
-1373.1,85,-0.081825
-1368.8,85,-0.08192
-1364.4,85,-0.082014
-1359.9,85,-0.082107
-1355.5,85,-0.0822
-1351,85,-0.082291
-1346.4,85,-0.082382
-1341.9,85,-0.082472
-1337.3,85,-0.082562
-1332.6,85,-0.08265
-1328,85,-0.082737
-1323.3,85,-0.082824
-1318.6,85,-0.08291
-1313.9,85,-0.082995
-1309.1,85,-0.08308
-1304.3,85,-0.083163
-1299.5,85,-0.083246
-1294.7,85,-0.083328
-1289.9,85,-0.083409
-1285,85,-0.083489
-1280.1,85,-0.083568
-1275.3,85,-0.083647
-1270.3,85,-0.083725
-1265.4,85,-0.083801
-1260.5,85,-0.083878
-1255.5,85,-0.083953
-1250.5,85,-0.084027
-1245.6,85,-0.084101
-1240.6,85,-0.084174
-1235.6,85,-0.084245
-1230.5,85,-0.084317
-1225.5,85,-0.084387
-1220.5,85,-0.084456
-1215.4,85,-0.084525
-1210.4,85,-0.084593
-1205.3,85,-0.08466
-1200.3,85,-0.084726
-1195.2,85,-0.084791
-1190.2,85,-0.084855
-1185.1,85,-0.084919
-1180,85,-0.084982
-1174.9,85,-0.085044
-1169.9,85,-0.085105
-1164.8,85,-0.085165
-1159.7,85,-0.085224
-1154.6,85,-0.085283
-1149.6,85,-0.08534
-1144.5,85,-0.085397
-1139.4,85,-0.085453
-1134.4,85,-0.085508
-1129.3,85,-0.085563
-1124.3,85,-0.085616
-1119.2,85,-0.085669
-1114.2,85,-0.085721
-1109.2,85,-0.085772
-1104.2,85,-0.085822
-1099.2,85,-0.085871
-1094.2,85,-0.085919
-1089.2,85,-0.085967
-1084.2,85,-0.086014
-1079.3,85,-0.08606
-1074.3,85,-0.086105
-1069.4,85,-0.086149
-1064.5,85,-0.086192
-1059.6,85,-0.086235
-1054.7,85,-0.086276
-1049.8,85,-0.086317
-1045,85,-0.086357
-1040.2,85,-0.086396
-1035.4,85,-0.086434
-1030.6,85,-0.086471
-1025.8,85,-0.086508
-1021.1,85,-0.086544
-1016.4,85,-0.086578
-1011.7,85,-0.086612
-1007,85,-0.086645
-1002.4,85,-0.086678
-997.77,85,-0.086709
-993.18,85,-0.086739
-988.63,85,-0.086769
-984.1,85,-0.086798
-979.6,85,-0.086826
-975.14,85,-0.086853
-970.71,85,-0.086879
-966.31,85,-0.086905
-961.95,85,-0.086929
-957.62,85,-0.086953
-953.33,85,-0.086976
-949.07,85,-0.086997
-944.86,85,-0.087019
-940.68,85,-0.087039
-936.55,85,-0.087058
-932.46,85,-0.087077
-928.41,85,-0.087094
-924.4,85,-0.087111
-920.44,85,-0.087127
-916.53,85,-0.087142
-912.67,85,-0.087156
-908.85,85,-0.08717
-905.09,85,-0.087182
-901.37,85,-0.087194
-897.71,85,-0.087204
-894.11,85,-0.087214
-890.56,85,-0.087223
-887.07,85,-0.087232
-883.64,85,-0.087239
-880.27,85,-0.087245
-876.96,85,-0.087251
-873.72,85,-0.087256
-870.54,85,-0.08726
-867.43,85,-0.087263
-864.39,85,-0.087265
-861.42,85,-0.087266
-858.52,85,-0.087266
-855.7,85,-0.087266
-852.95,85,-0.087265
-850.28,85,-0.087263
-847.7,85,-0.08726
-845.2,85,-0.087256
-842.78,85,-0.087251
-840.45,85,-0.087245
-838.21,85,-0.087239
-836.06,85,-0.087232
-834.01,85,-0.087223
-832.06,85,-0.087214
-830.21,85,-0.087204
-828.46,85,-0.087194
-826.81,85,-0.087182
-825.28,85,-0.08717
-823.85,85,-0.087156
-822.54,85,-0.087142
-821.36,85,-0.087127
-820.29,85,-0.087111
-819.35,85,-0.087094
-818.53,85,-0.087077
-817.85,85,-0.087058
-817.31,85,-0.087039
-816.9,85,-0.087019
-816.64,85,-0.086997
-816.53,85,-0.086976
-816.58,85,-0.086953
-816.78,85,-0.086929
-817.14,85,-0.086905
-817.67,85,-0.086879
-818.38,85,-0.086853
-819.26,85,-0.086826
-820.32,85,-0.086798
-821.58,85,-0.086769
-823.03,85,-0.086739
-824.68,85,-0.086709
-826.53,85,-0.086678
-828.61,85,-0.086645
-830.9,85,-0.086612
-833.42,85,-0.086578
-836.17,85,-0.086544
-839.17,85,-0.086508
-842.42,85,-0.086471
-845.93,85,-0.086434
-849.7,85,-0.086396
-853.76,85,-0.086357
-858.1,85,-0.086317
-862.73,85,-0.086276
-867.67,85,-0.086235
-872.92,85,-0.086192
-878.5,85,-0.086149
-884.42,85,-0.086105
-890.69,85,-0.08606
-897.32,85,-0.086014
-904.33,85,-0.085967
-911.72,85,-0.085919
-919.51,85,-0.085871
-927.72,85,-0.085822
-936.36,85,-0.085772
-945.45,85,-0.085721
-955,85,-0.085669
-965.02,85,-0.085616
-975.54,85,-0.085563
-986.58,85,-0.085508
-998.15,85,-0.085453
-1010.3,85,-0.085397
-1023,85,-0.08534
-1036.3,85,-0.085283
-1050.2,85,-0.085224
-1064.7,85,-0.085165
-1079.9,85,-0.085105
-1095.8,85,-0.085044
-1112.4,85,-0.084982
-1129.8,85,-0.084919
-1147.9,85,-0.084855
-1166.8,85,-0.084791
-1186.6,85,-0.084726
-1207.2,85,-0.08466
-1228.7,85,-0.084593
-1251.1,85,-0.084525
-1274.5,85,-0.084456
-1298.9,85,-0.084387
-1324.3,85,-0.084317
-1350.8,85,-0.084245
-1378.4,85,-0.084174
-1407.1,85,-0.084101
-1437.1,85,-0.084027
-1468.3,85,-0.083953
-1500.7,85,-0.083878
-1534.5,85,-0.083801
-1569.7,85,-0.083725
-1606.3,85,-0.083647
-1644.3,85,-0.083568
-1683.9,85,-0.083489
-1725.1,85,-0.083409
-1767.8,85,-0.083328
-1812.2,85,-0.083246
-1858.3,85,-0.083163
-1906.2,85,-0.08308
-1955.9,85,-0.082995
-2007.4,85,-0.08291
-2060.9,85,-0.082824
-2116.2,85,-0.082737
-2173.5,85,-0.08265
-2232.9,85,-0.082562
-2294.2,85,-0.082472
-2357.6,85,-0.082382
-2423,85,-0.082291
-2490.5,85,-0.0822
-2560.1,85,-0.082107
-2631.7,85,-0.082014
-2705.3,85,-0.08192
-2780.9,85,-0.081825
-2858.4,85,-0.081729
-2937.7,85,-0.081633
-3018.8,85,-0.081536
-3101.5,85,-0.081437
-3185.7,85,-0.081339
-3271.3,85,-0.081239
-3358,85,-0.081138
-3445.7,85,-0.081037
-3534,85,-0.080935
-3622.8,85,-0.080832
-3711.7,85,-0.080728
-3800.4,85,-0.080624
-3888.5,85,-0.080518
-3975.7,85,-0.080412
-4061.5,85,-0.080305
-4145.5,85,-0.080198
-4227.2,85,-0.080089
-4306.2,85,-0.07998
-4382,85,-0.07987
-4454,85,-0.079759
-4521.8,85,-0.079647
-4585,85,-0.079535
-4642.9,85,-0.079422
-4695.2,85,-0.079308
-4741.5,85,-0.079193
-4781.4,85,-0.079077
-4814.5,85,-0.078961
-4840.6,85,-0.078844
-4859.4,85,-0.078726
-4870.8,85,-0.078607
-4874.6,85,-0.078488
-4870.9,85,-0.078368
-4859.6,85,-0.078247
-4840.9,85,-0.078125
-4814.8,85,-0.078002
-4781.7,85,-0.077879
-4741.8,85,-0.077755
-4695.4,85,-0.07763
-4642.9,85,-0.077505
-4584.5,85,-0.077378
-4520.9,85,-0.077251
-4452.3,85,-0.077123
-4379.3,85,-0.076994
-4302.3,85,-0.076865
-4221.6,85,-0.076735
-4137.9,85,-0.076604
-4051.5,85,-0.076472
-3962.8,85,-0.07634
-3872.2,85,-0.076207
-3780.1,85,-0.076073
-3686.8,85,-0.075938
-3592.8,85,-0.075802
-3498.2,85,-0.075666
-3403.3,85,-0.075529
-3308.5,85,-0.075392
-3213.9,85,-0.075253
-3119.8,85,-0.075114
-3026.2,85,-0.074974
-2933.5,85,-0.074833
-2841.7,85,-0.074692
-2750.9,85,-0.07455
-2661.3,85,-0.074407
-2572.9,85,-0.074263
-2485.8,85,-0.074119
-2400.1,85,-0.073974
-2315.9,85,-0.073828
-2233.1,85,-0.073682
-2151.7,85,-0.073534
-2071.9,85,-0.073386
-1993.6,85,-0.073238
-1916.8,85,-0.073088
-1841.6,85,-0.072938
-1767.9,85,-0.072787
-1695.6,85,-0.072635
-1624.9,85,-0.072483
-1555.7,85,-0.07233
-1487.9,85,-0.072176
-1421.5,85,-0.072022
-1356.6,85,-0.071867
-1293,85,-0.071711
-1230.8,85,-0.071554
-1170,85,-0.071397
-1110.4,85,-0.071239
-1052.2,85,-0.07108
-995.15,85,-0.070921
-939.35,85,-0.070761
-884.74,85,-0.0706
-831.29,85,-0.070439
-778.97,85,-0.070276
-727.76,85,-0.070113
-677.63,85,-0.06995
-628.54,85,-0.069786
-580.48,85,-0.069621
-533.4,85,-0.069455
-487.3,85,-0.069289
-442.14,85,-0.069122
-397.89,85,-0.068954
-354.54,85,-0.068786
-312.06,85,-0.068617
-270.42,85,-0.068447
-229.6,85,-0.068276
-189.58,85,-0.068105
-150.34,85,-0.067934
-111.86,85,-0.067761
-74.112,85,-0.067588
-37.082,85,-0.067414
-0.74953,85,-0.06724
34.905,85,-0.067065
69.899,85,-0.066889
104.25,85,-0.066713
137.98,85,-0.066536
171.09,85,-0.066358
203.62,85,-0.06618
235.57,85,-0.066001
266.96,85,-0.065821
297.8,85,-0.065641
328.1,85,-0.06546
357.89,85,-0.065278
387.18,85,-0.065096
415.97,85,-0.064913
444.29,85,-0.064729
472.13,85,-0.064545
499.52,85,-0.06436
526.47,85,-0.064175
552.99,85,-0.063989
579.09,85,-0.063802
604.77,85,-0.063615
630.06,85,-0.063427
654.95,85,-0.063238
679.47,85,-0.063049
703.61,85,-0.062859
727.4,85,-0.062668
750.83,85,-0.062477
773.91,85,-0.062286
796.66,85,-0.062093
819.08,85,-0.0619
841.19,85,-0.061707
862.98,85,-0.061513
884.46,85,-0.061318
905.65,85,-0.061122
926.55,85,-0.060926
947.16,85,-0.06073
967.5,85,-0.060533
987.57,85,-0.060335
1007.4,85,-0.060137
1026.9,85,-0.059938
1046.2,85,-0.059738
1065.3,85,-0.059538
1084.1,85,-0.059337
1102.6,85,-0.059136
1121,85,-0.058934
1139.1,85,-0.058731
1157,85,-0.058528
1174.7,85,-0.058325
1192.2,85,-0.05812
1209.4,85,-0.057916
1226.5,85,-0.05771
1243.4,85,-0.057504
1260.1,85,-0.057298
1276.6,85,-0.057091
1292.9,85,-0.056883
1309,85,-0.056675
1325,85,-0.056466
1340.8,85,-0.056257
1356.4,85,-0.056047
1371.9,85,-0.055837
1387.2,85,-0.055626
1402.3,85,-0.055414
1417.3,85,-0.055202
1432.1,85,-0.05499
1446.8,85,-0.054776
1461.4,85,-0.054563
1475.8,85,-0.054348
1490.1,85,-0.054134
1504.2,85,-0.053918
1518.2,85,-0.053703
1532.1,85,-0.053486
1545.8,85,-0.053269
1559.5,85,-0.053052
1573,85,-0.052834
1586.4,85,-0.052616
1599.7,85,-0.052397
1612.8,85,-0.052177
1625.9,85,-0.051957
1638.8,85,-0.051737
1651.7,85,-0.051515
1664.4,85,-0.051294
1677,85,-0.051072
1689.6,85,-0.050849
1702,85,-0.050626
1714.4,85,-0.050403
1726.6,85,-0.050179
1738.8,85,-0.049954
1750.9,85,-0.049729
1762.8,85,-0.049504
1774.7,85,-0.049278
1786.6,85,-0.049051
1798.3,85,-0.048824
1810,85,-0.048597
1821.5,85,-0.048369
1833,85,-0.04814
1844.5,85,-0.047911
1855.8,85,-0.047682
1867.1,85,-0.047452
1878.3,85,-0.047222
1889.5,85,-0.046991
1900.6,85,-0.04676
1911.6,85,-0.046528
1922.6,85,-0.046296
1933.4,85,-0.046063
1944.3,85,-0.04583
1955.1,85,-0.045597
1965.8,85,-0.045363
1976.4,85,-0.045128
1987,85,-0.044893
1997.6,85,-0.044658
2008.1,85,-0.044422
2018.5,85,-0.044186
2028.9,85,-0.043949
2039.3,85,-0.043712
2049.6,85,-0.043475
2059.8,85,-0.043237
2070,85,-0.042999
2080.2,85,-0.04276
2090.3,85,-0.042521
2100.4,85,-0.042281
2110.4,85,-0.042041
2120.4,85,-0.0418
2130.4,85,-0.04156
2140.3,85,-0.041318
2150.2,85,-0.041077
2160,85,-0.040835
2169.8,85,-0.040592
2179.6,85,-0.040349
2189.3,85,-0.040106
2199,85,-0.039862
2208.7,85,-0.039618
2218.4,85,-0.039374
2228,85,-0.039129
2237.6,85,-0.038884
2247.1,85,-0.038638
2256.6,85,-0.038392
2266.1,85,-0.038146
2275.6,85,-0.037899
2285.1,85,-0.037652
2294.5,85,-0.037404
2303.9,85,-0.037156
2313.2,85,-0.036908
2322.6,85,-0.036659
2331.9,85,-0.03641
2341.2,85,-0.036161
2350.5,85,-0.035911
2359.8,85,-0.035661
2369,85,-0.035411
2378.2,85,-0.03516
2387.4,85,-0.034909
2396.6,85,-0.034658
2405.8,85,-0.034406
2414.9,85,-0.034154
2424.1,85,-0.033901
2433.2,85,-0.033649
2442.3,85,-0.033395
2451.4,85,-0.033142
2460.4,85,-0.032888
2469.5,85,-0.032634
2478.5,85,-0.03238
2487.6,85,-0.032125
2496.6,85,-0.03187
2505.6,85,-0.031614
2514.5,85,-0.031359
2523.5,85,-0.031103
2532.5,85,-0.030846
2541.4,85,-0.03059
2550.4,85,-0.030333
2559.3,85,-0.030076
2568.2,85,-0.029818
2577.1,85,-0.02956
2586,85,-0.029302
2594.8,85,-0.029044
2603.7,85,-0.028785
2612.6,85,-0.028526
2621.4,85,-0.028267
2630.2,85,-0.028008
2639.1,85,-0.027748
2647.9,85,-0.027488
2656.7,85,-0.027227
2665.5,85,-0.026967
2674.2,85,-0.026706
2683,85,-0.026445
2691.8,85,-0.026183
2700.5,85,-0.025922
2709.3,85,-0.02566
2718,85,-0.025398
2726.7,85,-0.025135
2735.4,85,-0.024873
2744.1,85,-0.02461
2752.8,85,-0.024347
2761.5,85,-0.024083
2770.1,85,-0.02382
2778.8,85,-0.023556
2787.4,85,-0.023292
2796.1,85,-0.023027
2804.7,85,-0.022763
2813.3,85,-0.022498
2821.9,85,-0.022233
2830.4,85,-0.021968
2839,85,-0.021702
2847.6,85,-0.021437
2856.1,85,-0.021171
2864.6,85,-0.020905
2873.1,85,-0.020638
2881.6,85,-0.020372
2890.1,85,-0.020105
2898.5,85,-0.019838
2907,85,-0.019571
2915.4,85,-0.019304
2923.8,85,-0.019037
2932.2,85,-0.018769
2940.5,85,-0.018501
2948.9,85,-0.018233
2957.2,85,-0.017965
2965.5,85,-0.017697
2973.8,85,-0.017428
2982,85,-0.017159
2990.3,85,-0.01689
2998.5,85,-0.016621
3006.7,85,-0.016352
3014.8,85,-0.016083
3022.9,85,-0.015813
3031,85,-0.015543
3039.1,85,-0.015274
3047.2,85,-0.015004
3055.2,85,-0.014733
3063.1,85,-0.014463
3071.1,85,-0.014193
3079,85,-0.013922
3086.9,85,-0.013651
3094.7,85,-0.013381
3102.5,85,-0.01311
3110.3,85,-0.012839
3118,85,-0.012567
3125.7,85,-0.012296
3133.3,85,-0.012024
3140.9,85,-0.011753
3148.4,85,-0.011481
3155.9,85,-0.011209
3163.4,85,-0.010937
3170.8,85,-0.010665
3178.1,85,-0.010393
3185.4,85,-0.010121
3192.7,85,-0.0098486
3199.9,85,-0.0095761
3207,85,-0.0093036
3214,85,-0.0090309
3221.1,85,-0.0087582
3228,85,-0.0084854
3234.9,85,-0.0082125
3241.7,85,-0.0079395
3248.4,85,-0.0076665
3255.1,85,-0.0073933
3261.7,85,-0.0071201
3268.2,85,-0.0068468
3274.7,85,-0.0065735
3281,85,-0.0063001
3287.3,85,-0.0060266
3293.5,85,-0.0057531
3299.7,85,-0.0054795
3305.7,85,-0.0052059
3311.7,85,-0.0049322
3317.5,85,-0.0046584
3323.3,85,-0.0043846
3328.9,85,-0.0041108
3334.5,85,-0.0038369
3340,85,-0.003563
3345.3,85,-0.0032891
3350.6,85,-0.0030151
3355.7,85,-0.0027411
3360.8,85,-0.0024671
3365.7,85,-0.002193
3370.5,85,-0.0019189
3375.2,85,-0.0016448
3379.7,85,-0.0013707
3384.2,85,-0.0010966
3388.5,85,-0.00082245
3392.6,85,-0.00054831
3396.7,85,-0.00027416
3400.6,85,-1.0687e-16
3404.4,85,0.00027416
3408,85,0.00054831
3411.5,85,0.00082245
3414.8,85,0.0010966
3417.9,85,0.0013707
3421,85,0.0016448
3423.8,85,0.0019189
3426.5,85,0.002193
3429,85,0.0024671
3431.4,85,0.0027411
3433.5,85,0.0030151
3435.5,85,0.0032891
3437.4,85,0.003563
3439,85,0.0038369
3440.4,85,0.0041108
3441.7,85,0.0043846
3442.7,85,0.0046584
3443.6,85,0.0049322
3444.2,85,0.0052059
3444.6,85,0.0054795
3444.9,85,0.0057531
3444.9,85,0.0060266
3444.6,85,0.0063001
3444.2,85,0.0065735
3443.5,85,0.0068468
3442.6,85,0.0071201
3441.4,85,0.0073933
3440,85,0.0076665
3438.4,85,0.0079395
3436.4,85,0.0082125
3434.3,85,0.0084854
3431.8,85,0.0087582
3429.1,85,0.0090309
3426.1,85,0.0093036
3422.8,85,0.0095761
3419.3,85,0.0098486
3415.4,85,0.010121
3411.3,85,0.010393
3406.8,85,0.010665
3402,85,0.010937
3396.9,85,0.011209
3391.5,85,0.011481
3385.8,85,0.011753
3379.7,85,0.012024
3373.3,85,0.012296
3366.5,85,0.012567
3359.4,85,0.012839
3351.9,85,0.01311
3344.1,85,0.013381
3335.8,85,0.013651
3327.2,85,0.013922
3318.2,85,0.014193
3308.8,85,0.014463
3298.9,85,0.014733
3288.7,85,0.015004
3278,85,0.015274
3266.9,85,0.015543
3255.4,85,0.015813
3243.4,85,0.016083
3230.9,85,0.016352
3218,85,0.016621
3204.6,85,0.01689
3190.7,85,0.017159
3176.3,85,0.017428
3161.4,85,0.017697
3146,85,0.017965
3130,85,0.018233
3113.5,85,0.018501
3096.4,85,0.018769
3078.8,85,0.019037
3060.6,85,0.019304
3041.8,85,0.019571
3022.4,85,0.019838
3002.4,85,0.020105
2981.7,85,0.020372
2960.5,85,0.020638
2938.5,85,0.020905
2915.9,85,0.021171
2892.6,85,0.021437
2868.6,85,0.021702
2843.8,85,0.021968
2818.4,85,0.022233
2792.2,85,0.022498
2765.2,85,0.022763
2737.4,85,0.023027
2708.9,85,0.023292
2679.5,85,0.023556
2649.2,85,0.02382
2618.2,85,0.024083
2586.2,85,0.024347
2553.4,85,0.02461
2519.6,85,0.024873
2484.9,85,0.025135
2449.2,85,0.025398
2412.6,85,0.02566
2375,85,0.025922
2336.4,85,0.026183
2296.7,85,0.026445
2255.9,85,0.026706
2214.1,85,0.026967
2171.2,85,0.027227
2127.1,85,0.027488
2081.9,85,0.027748
2035.5,85,0.028008
1988,85,0.028267
1939.2,85,0.028526
1889.2,85,0.028785
1837.9,85,0.029044
1785.4,85,0.029302
1731.6,85,0.02956
1676.5,85,0.029818
1620,85,0.030076
1562.3,85,0.030333
1503.1,85,0.03059
1442.7,85,0.030846
1380.8,85,0.031103
1317.6,85,0.031359
1253,85,0.031614
1187.1,85,0.03187
1119.7,85,0.032125
1051,85,0.03238
980.99,85,0.032634
909.62,85,0.032888
836.94,85,0.033142
762.98,85,0.033395
687.77,85,0.033649
611.36,85,0.033901
533.8,85,0.034154
455.14,85,0.034406
375.45,85,0.034658
294.8,85,0.034909
213.27,85,0.03516
130.96,85,0.035411
47.974,85,0.035661
-35.578,85,0.035911
-119.57,85,0.036161
-203.86,85,0.03641
-288.31,85,0.036659
-372.76,85,0.036908
-457.04,85,0.037156
-540.96,85,0.037404
-624.33,85,0.037652
-706.96,85,0.037899
-788.63,85,0.038146
-869.13,85,0.038392
-948.22,85,0.038638
-1025.7,85,0.038884
-1101.3,85,0.039129
-1174.8,85,0.039374
-1245.9,85,0.039618
-1314.5,85,0.039862
-1380.2,85,0.040106
-1442.9,85,0.040349
-1502.4,85,0.040592
-1558.3,85,0.040835
-1610.7,85,0.041077
-1659.2,85,0.041318
-1703.7,85,0.04156
-1744.1,85,0.0418
-1780.2,85,0.042041
-1812,85,0.042281
-1839.4,85,0.042521
-1862.3,85,0.04276
-1880.8,85,0.042999
-1894.8,85,0.043237
-1904.4,85,0.043475
-1909.6,85,0.043712
-1910.5,85,0.043949
-1907.2,85,0.044186
-1899.9,85,0.044422
-1888.6,85,0.044658
-1873.6,85,0.044893
-1855,85,0.045128
-1833,85,0.045363
-1807.7,85,0.045597
-1779.5,85,0.04583
-1748.4,85,0.046063
-1714.8,85,0.046296
-1678.8,85,0.046528
-1640.5,85,0.04676
-1600.4,85,0.046991
-1558.4,85,0.047222
-1514.9,85,0.047452
-1470,85,0.047682
-1423.8,85,0.047911
-1376.7,85,0.04814
-1328.7,85,0.048369
-1279.9,85,0.048597
-1230.6,85,0.048824
-1180.9,85,0.049051
-1130.9,85,0.049278
-1080.6,85,0.049504
-1030.3,85,0.049729
-980.03,85,0.049954
-929.84,85,0.050179
-879.84,85,0.050403
-830.1,85,0.050626
-780.69,85,0.050849
-731.66,85,0.051072
-683.07,85,0.051294
-634.97,85,0.051515
-587.39,85,0.051737
-540.37,85,0.051957
-493.94,85,0.052177
-448.14,85,0.052397
-402.97,85,0.052616
-358.46,85,0.052834
-314.62,85,0.053052
-271.47,85,0.053269
-229.02,85,0.053486
-187.27,85,0.053703
-146.22,85,0.053918
-105.88,85,0.054134
-66.256,85,0.054348
-27.339,85,0.054563
10.871,85,0.054776
48.377,85,0.05499
85.183,85,0.055202
121.29,85,0.055414
156.72,85,0.055626
191.46,85,0.055837
225.53,85,0.056047
258.93,85,0.056257
291.67,85,0.056466
323.76,85,0.056675
355.21,85,0.056883
386.04,85,0.057091
416.23,85,0.057298
445.82,85,0.057504
474.8,85,0.05771
503.19,85,0.057916
531,85,0.05812
558.23,85,0.058325
584.9,85,0.058528
611.01,85,0.058731
636.58,85,0.058934
661.61,85,0.059136
686.11,85,0.059337
710.09,85,0.059538
733.57,85,0.059738
756.54,85,0.059938
779.02,85,0.060137
801.02,85,0.060335
822.55,85,0.060533
843.61,85,0.06073
864.21,85,0.060926
884.36,85,0.061122
904.07,85,0.061318
923.34,85,0.061513
942.19,85,0.061707
960.62,85,0.0619
978.63,85,0.062093
996.24,85,0.062286
1013.5,85,0.062477
1030.3,85,0.062668
1046.7,85,0.062859
1062.8,85,0.063049
1078.4,85,0.063238
1093.8,85,0.063427
1108.7,85,0.063615
1123.3,85,0.063802
1137.6,85,0.063989
1151.5,85,0.064175
1165.1,85,0.06436
1178.3,85,0.064545
1191.2,85,0.064729
1203.8,85,0.064913
1216.1,85,0.065096
1228.1,85,0.065278
1239.8,85,0.06546
1251.1,85,0.065641
1262.2,85,0.065821
1273,85,0.066001
1283.5,85,0.06618
1293.7,85,0.066358
1303.7,85,0.066536
1313.3,85,0.066713
1322.7,85,0.066889
1331.8,85,0.067065
1340.7,85,0.06724
1349.3,85,0.067414
1357.7,85,0.067588
1365.8,85,0.067761
1373.7,85,0.067934
1381.3,85,0.068105
1388.7,85,0.068276
1395.9,85,0.068447
1402.8,85,0.068617
1409.5,85,0.068786
1416,85,0.068954
1422.2,85,0.069122
1428.3,85,0.069289
1434.1,85,0.069455
1439.7,85,0.069621
1445.1,85,0.069786
1450.3,85,0.06995
1455.3,85,0.070113
1460.1,85,0.070276
1464.7,85,0.070439
1469.2,85,0.0706
1473.4,85,0.070761
1477.4,85,0.070921
1481.3,85,0.07108
1485,85,0.071239
1488.5,85,0.071397
1491.8,85,0.071554
1495,85,0.071711
1498,85,0.071867
1500.8,85,0.072022
1503.4,85,0.072176
1505.9,85,0.07233
1508.3,85,0.072483
1510.5,85,0.072635
1512.5,85,0.072787
1514.3,85,0.072938
1516.1,85,0.073088
1517.6,85,0.073238
1519.1,85,0.073386
1520.4,85,0.073534
1521.5,85,0.073682
1522.5,85,0.073828
1523.4,85,0.073974
1524.1,85,0.074119
1524.7,85,0.074263
1525.2,85,0.074407
1525.5,85,0.07455
1525.8,85,0.074692
1525.9,85,0.074833
1525.8,85,0.074974
1525.7,85,0.075114
1525.4,85,0.075253
1525,85,0.075392
1524.5,85,0.075529
1523.9,85,0.075666
1523.2,85,0.075802
1522.4,85,0.075938
1521.5,85,0.076073
1520.4,85,0.076207
1519.3,85,0.07634
1518.1,85,0.076472
1516.7,85,0.076604
1515.3,85,0.076735
1513.7,85,0.076865
1512.1,85,0.076994
1510.4,85,0.077123
1508.6,85,0.077251
1506.7,85,0.077378
1504.7,85,0.077505
1502.6,85,0.07763
1500.5,85,0.077755
1498.2,85,0.077879
1495.9,85,0.078002
1493.5,85,0.078125
1491,85,0.078247
1488.5,85,0.078368
1485.8,85,0.078488
1483.1,85,0.078607
1480.3,85,0.078726
1477.5,85,0.078844
1474.5,85,0.078961
1471.5,85,0.079077
1468.5,85,0.079193
1465.4,85,0.079308
1462.2,85,0.079422
1458.9,85,0.079535
1455.6,85,0.079647
1452.2,85,0.079759
1448.8,85,0.07987
1445.3,85,0.07998
1441.7,85,0.080089
1438.1,85,0.080198
1434.5,85,0.080305
1430.8,85,0.080412
1427,85,0.080518
1423.2,85,0.080624
1419.3,85,0.080728
1415.4,85,0.080832
1411.4,85,0.080935
1407.4,85,0.081037
1403.4,85,0.081138
1399.3,85,0.081239
1395.1,85,0.081339
1390.9,85,0.081437
1386.7,85,0.081536
1382.4,85,0.081633
1378.1,85,0.081729
1373.8,85,0.081825
1369.4,85,0.08192
1365,85,0.082014
1360.6,85,0.082107
1356.1,85,0.0822
1351.6,85,0.082291
1347,85,0.082382
1342.5,85,0.082472
1337.9,85,0.082562
1333.2,85,0.08265
1328.6,85,0.082737
1323.9,85,0.082824
1319.2,85,0.08291
1314.4,85,0.082995
1309.7,85,0.08308
1304.9,85,0.083163
1300.1,85,0.083246
1295.3,85,0.083328
1290.4,85,0.083409
1285.6,85,0.083489
1280.7,85,0.083568
1275.8,85,0.083647
1270.9,85,0.083725
1265.9,85,0.083801
1261,85,0.083878
1256,85,0.083953
1251,85,0.084027
1246,85,0.084101
1241,85,0.084174
1236,85,0.084245
1231,85,0.084317
1226,85,0.084387
1220.9,85,0.084456
1215.9,85,0.084525
1210.8,85,0.084593
1205.8,85,0.08466
1200.7,85,0.084726
1195.6,85,0.084791
1190.6,85,0.084855
1185.5,85,0.084919
1180.4,85,0.084982
1175.3,85,0.085044
1170.3,85,0.085105
1165.2,85,0.085165
1160.1,85,0.085224
1155,85,0.085283
1149.9,85,0.08534
1144.9,85,0.085397
1139.8,85,0.085453
1134.7,85,0.085508
1129.7,85,0.085563
1124.6,85,0.085616
1119.6,85,0.085669
1114.5,85,0.085721
1109.5,85,0.085772
1104.5,85,0.085822
1099.5,85,0.085871
1094.5,85,0.085919
1089.5,85,0.085967
1084.5,85,0.086014
1079.5,85,0.08606
1074.6,85,0.086105
1069.7,85,0.086149
1064.7,85,0.086192
1059.8,85,0.086235
1055,85,0.086276
1050.1,85,0.086317
1045.2,85,0.086357
1040.4,85,0.086396
1035.6,85,0.086434
1030.8,85,0.086471
1026,85,0.086508
1021.3,85,0.086544
1016.6,85,0.086578
1011.9,85,0.086612
1007.2,85,0.086645
1002.6,85,0.086678
997.94,85,0.086709
993.34,85,0.086739
988.78,85,0.086769
984.25,85,0.086798
979.75,85,0.086826
975.28,85,0.086853
970.84,85,0.086879
966.43,85,0.086905
962.06,85,0.086929
957.73,85,0.086953
953.43,85,0.086976
949.17,85,0.086997
944.95,85,0.087019
940.77,85,0.087039
936.63,85,0.087058
932.53,85,0.087077
928.47,85,0.087094
924.46,85,0.087111
920.49,85,0.087127
916.57,85,0.087142
912.7,85,0.087156
908.88,85,0.08717
905.11,85,0.087182
901.39,85,0.087194
897.73,85,0.087204
894.11,85,0.087214
890.56,85,0.087223
887.06,85,0.087232
883.62,85,0.087239
880.25,85,0.087245
876.93,85,0.087251
873.68,85,0.087256
870.5,85,0.08726
867.38,85,0.087263
864.33,85,0.087265
861.35,85,0.087266
858.45,85,0.087266
855.62,85,0.087266
852.86,85,0.087265
850.19,85,0.087263
847.6,85,0.08726
845.09,85,0.087256
842.66,85,0.087251
840.33,85,0.087245
838.08,85,0.087239
835.93,85,0.087232
833.87,85,0.087223
831.91,85,0.087214
830.04,85,0.087204
828.29,85,0.087194
826.63,85,0.087182
825.09,85,0.08717
823.66,85,0.087156
822.34,85,0.087142
821.15,85,0.087127
820.07,85,0.087111
819.12,85,0.087094
818.3,85,0.087077
817.61,85,0.087058
817.05,85,0.087039
816.64,85,0.087019
816.37,85,0.086997
816.25,85,0.086976
816.29,85,0.086953
816.48,85,0.086929
816.83,85,0.086905
817.35,85,0.086879
818.05,85,0.086853
818.92,85,0.086826
819.97,85,0.086798
821.22,85,0.086769
822.66,85,0.086739
824.3,85,0.086709
826.14,85,0.086678
828.2,85,0.086645
830.48,85,0.086612
832.99,85,0.086578
835.74,85,0.086544
838.72,85,0.086508
841.96,85,0.086471
845.45,85,0.086434
849.22,85,0.086396
853.26,85,0.086357
857.58,85,0.086317
862.2,85,0.086276
867.12,85,0.086235
872.36,85,0.086192
877.93,85,0.086149
883.84,85,0.086105
890.09,85,0.08606
896.7,85,0.086014
903.69,85,0.085967
911.07,85,0.085919
918.84,85,0.085871
927.03,85,0.085822
935.65,85,0.085772
944.72,85,0.085721
954.25,85,0.085669
964.25,85,0.085616
974.75,85,0.085563
985.77,85,0.085508
997.31,85,0.085453
1009.4,85,0.085397
1022.1,85,0.08534
1035.3,85,0.085283
1049.2,85,0.085224
1063.7,85,0.085165
1078.9,85,0.085105
1094.8,85,0.085044
1111.4,85,0.084982
1128.7,85,0.084919
1146.8,85,0.084855
1165.7,85,0.084791
1185.4,85,0.084726
1206,85,0.08466
1227.4,85,0.084593
1249.8,85,0.084525
1273.2,85,0.084456
1297.5,85,0.084387
1322.9,85,0.084317
1349.3,85,0.084245
1376.9,85,0.084174
1405.6,85,0.084101
1435.5,85,0.084027
1466.6,85,0.083953
1499.1,85,0.083878
1532.8,85,0.083801
1567.9,85,0.083725
1604.4,85,0.083647
1642.4,85,0.083568
1681.9,85,0.083489
1723,85,0.083409
1765.7,85,0.083328
1810.1,85,0.083246
1856.1,85,0.083163
1903.9,85,0.08308
1953.5,85,0.082995
2005,85,0.08291
2058.3,85,0.082824
2113.6,85,0.082737
2170.8,85,0.08265
2230.1,85,0.082562
2291.3,85,0.082472
2354.6,85,0.082382
2420,85,0.082291
2487.4,85,0.0822
2556.9,85,0.082107
2628.4,85,0.082014
2701.9,85,0.08192
2777.4,85,0.081825
2854.8,85,0.081729
2934.1,85,0.081633
3015.1,85,0.081536
3097.8,85,0.081437
3181.9,85,0.081339
3267.4,85,0.081239
3354.1,85,0.081138
3441.7,85,0.081037
3530,85,0.080935
3618.7,85,0.080832
3707.6,85,0.080728
3796.3,85,0.080624
3884.4,85,0.080518
3971.6,85,0.080412
4057.5,85,0.080305
4141.5,85,0.080198
4223.3,85,0.080089
4302.4,85,0.07998
4378.3,85,0.07987
4450.4,85,0.079759
4518.4,85,0.079647
4581.7,85,0.079535
4639.8,85,0.079422
4692.4,85,0.079308
4738.9,85,0.079193
4779,85,0.079077
4812.4,85,0.078961
4838.7,85,0.078844
4857.8,85,0.078726
4869.4,85,0.078607
4873.5,85,0.078488
4870.1,85,0.078368
4859.1,85,0.078247
4840.6,85,0.078125
4814.9,85,0.078002
4782,85,0.077879
4742.4,85,0.077755
4696.2,85,0.07763
4643.9,85,0.077505
4585.8,85,0.077378
4522.4,85,0.077251
4454,85,0.077123
4381.1,85,0.076994
4304.2,85,0.076865
4223.8,85,0.076735
4140.2,85,0.076604
4053.9,85,0.076472
3965.2,85,0.07634
3874.7,85,0.076207
3782.7,85,0.076073
3689.5,85,0.075938
3595.5,85,0.075802
3500.9,85,0.075666
3406.1,85,0.075529
3311.3,85,0.075392
3216.7,85,0.075253
3122.6,85,0.075114
3029,85,0.074974
2936.3,85,0.074833
2844.4,85,0.074692
2753.6,85,0.07455
2664,85,0.074407
2575.5,85,0.074263
2488.4,85,0.074119
2402.7,85,0.073974
2318.4,85,0.073828
2235.5,85,0.073682
2154.2,85,0.073534
2074.3,85,0.073386
1995.9,85,0.073238
1919.1,85,0.073088
1843.8,85,0.072938
1770,85,0.072787
1697.8,85,0.072635
1627,85,0.072483
1557.7,85,0.07233
1489.9,85,0.072176
1423.5,85,0.072022
1358.5,85,0.071867
1294.9,85,0.071711
1232.6,85,0.071554
1171.7,85,0.071397
1112.1,85,0.071239
1053.8,85,0.07108
996.77,85,0.070921
940.93,85,0.070761
886.28,85,0.0706
832.79,85,0.070439
780.44,85,0.070276
729.19,85,0.070113
679.02,85,0.06995
629.9,85,0.069786
581.8,85,0.069621
534.69,85,0.069455
488.55,85,0.069289
443.36,85,0.069122
399.08,85,0.068954
355.7,85,0.068786
313.19,85,0.068617
271.52,85,0.068447
230.67,85,0.068276
190.63,85,0.068105
151.36,85,0.067934
112.85,85,0.067761
75.079,85,0.067588
38.024,85,0.067414
1.6673,85,0.06724
-34.01,85,0.067065
-69.027,85,0.066889
-103.4,85,0.066713
-137.15,85,0.066536
-170.29,85,0.066358
-202.83,85,0.06618
-234.8,85,0.066001
-266.21,85,0.065821
-297.07,85,0.065641
-327.39,85,0.06546
-357.2,85,0.065278
-386.5,85,0.065096
-415.31,85,0.064913
-443.64,85,0.064729
-471.51,85,0.064545
-498.91,85,0.06436
-525.88,85,0.064175
-552.41,85,0.063989
-578.52,85,0.063802
-604.22,85,0.063615
-629.52,85,0.063427
-654.43,85,0.063238
-678.96,85,0.063049
-703.12,85,0.062859
-726.91,85,0.062668
-750.35,85,0.062477
-773.45,85,0.062286
-796.21,85,0.062093
-818.64,85,0.0619
-840.76,85,0.061707
-862.56,85,0.061513
-884.05,85,0.061318
-905.25,85,0.061122
-926.16,85,0.060926
-946.78,85,0.06073
-967.13,85,0.060533
-987.21,85,0.060335
-1007,85,0.060137
-1026.6,85,0.059938
-1045.9,85,0.059738
-1064.9,85,0.059538
-1083.7,85,0.059337
-1102.3,85,0.059136
-1120.7,85,0.058934
-1138.8,85,0.058731
-1156.7,85,0.058528
-1174.4,85,0.058325
-1191.9,85,0.05812
-1209.2,85,0.057916
-1226.2,85,0.05771
-1243.1,85,0.057504
-1259.8,85,0.057298
-1276.3,85,0.057091
-1292.6,85,0.056883
-1308.8,85,0.056675
-1324.8,85,0.056466
-1340.6,85,0.056257
-1356.2,85,0.056047
-1371.6,85,0.055837
-1387,85,0.055626
-1402.1,85,0.055414
-1417.1,85,0.055202
-1431.9,85,0.05499
-1446.6,85,0.054776
-1461.2,85,0.054563
-1475.6,85,0.054348
-1489.9,85,0.054134
-1504,85,0.053918
-1518,85,0.053703
-1531.9,85,0.053486
-1545.7,85,0.053269
-1559.3,85,0.053052
-1572.8,85,0.052834
-1586.2,85,0.052616
-1599.5,85,0.052397
-1612.7,85,0.052177
-1625.7,85,0.051957
-1638.7,85,0.051737
-1651.5,85,0.051515
-1664.3,85,0.051294
-1676.9,85,0.051072
-1689.5,85,0.050849
-1701.9,85,0.050626
-1714.3,85,0.050403
-1726.5,85,0.050179
-1738.7,85,0.049954
-1750.8,85,0.049729
-1762.7,85,0.049504
-1774.7,85,0.049278
-1786.5,85,0.049051
-1798.2,85,0.048824
-1809.9,85,0.048597
-1821.5,85,0.048369
-1833,85,0.04814
-1844.4,85,0.047911
-1855.8,85,0.047682
-1867.1,85,0.047452
-1878.3,85,0.047222
-1889.4,85,0.046991
-1900.5,85,0.04676
-1911.5,85,0.046528
-1922.5,85,0.046296
-1933.4,85,0.046063
-1944.2,85,0.04583
-1955,85,0.045597
-1965.7,85,0.045363
-1976.4,85,0.045128
-1987,85,0.044893
-1997.5,85,0.044658
-2008,85,0.044422
-2018.5,85,0.044186
-2028.9,85,0.043949
-2039.2,85,0.043712
-2049.5,85,0.043475
-2059.8,85,0.043237
-2070,85,0.042999
-2080.2,85,0.04276
-2090.3,85,0.042521
-2100.3,85,0.042281
-2110.4,85,0.042041
-2120.4,85,0.0418
-2130.3,85,0.04156
-2140.3,85,0.041318
-2150.1,85,0.041077
-2160,85,0.040835
-2169.8,85,0.040592
-2179.6,85,0.040349
-2189.3,85,0.040106
-2199,85,0.039862
-2208.7,85,0.039618
-2218.3,85,0.039374
-2227.9,85,0.039129
-2237.5,85,0.038884
-2247.1,85,0.038638
-2256.6,85,0.038392
-2266.1,85,0.038146
-2275.6,85,0.037899
-2285,85,0.037652
-2294.4,85,0.037404
-2303.8,85,0.037156
-2313.2,85,0.036908
-2322.6,85,0.036659
-2331.9,85,0.03641
-2341.2,85,0.036161
-2350.5,85,0.035911
-2359.7,85,0.035661
-2369,85,0.035411
-2378.2,85,0.03516
-2387.4,85,0.034909
-2396.6,85,0.034658
-2405.8,85,0.034406
-2414.9,85,0.034154
-2424,85,0.033901
-2433.2,85,0.033649
-2442.3,85,0.033395
-2451.3,85,0.033142
-2460.4,85,0.032888
-2469.5,85,0.032634
-2478.5,85,0.03238
-2487.5,85,0.032125
-2496.5,85,0.03187
-2505.5,85,0.031614
-2514.5,85,0.031359
-2523.5,85,0.031103
-2532.4,85,0.030846
-2541.4,85,0.03059
-2550.3,85,0.030333
-2559.2,85,0.030076
-2568.2,85,0.029818
-2577.1,85,0.02956
-2585.9,85,0.029302
-2594.8,85,0.029044
-2603.7,85,0.028785
-2612.5,85,0.028526
-2621.4,85,0.028267
-2630.2,85,0.028008
-2639,85,0.027748
-2647.8,85,0.027488
-2656.6,85,0.027227
-2665.4,85,0.026967
-2674.2,85,0.026706
-2683,85,0.026445
-2691.7,85,0.026183
-2700.5,85,0.025922
-2709.2,85,0.02566
-2718,85,0.025398
-2726.7,85,0.025135
-2735.4,85,0.024873
-2744.1,85,0.02461
-2752.8,85,0.024347
-2761.4,85,0.024083
-2770.1,85,0.02382
-2778.8,85,0.023556
-2787.4,85,0.023292
-2796,85,0.023027
-2804.6,85,0.022763
-2813.2,85,0.022498
-2821.8,85,0.022233
-2830.4,85,0.021968
-2839,85,0.021702
-2847.5,85,0.021437
-2856,85,0.021171
-2864.6,85,0.020905
-2873.1,85,0.020638
-2881.6,85,0.020372
-2890,85,0.020105
-2898.5,85,0.019838
-2906.9,85,0.019571
-2915.3,85,0.019304
-2923.7,85,0.019037
-2932.1,85,0.018769
-2940.5,85,0.018501
-2948.8,85,0.018233
-2957.2,85,0.017965
-2965.5,85,0.017697
-2973.7,85,0.017428
-2982,85,0.017159
-2990.2,85,0.01689
-2998.4,85,0.016621
-3006.6,85,0.016352
-3014.8,85,0.016083
-3022.9,85,0.015813
-3031,85,0.015543
-3039.1,85,0.015274
-3047.1,85,0.015004
-3055.1,85,0.014733
-3063.1,85,0.014463
-3071,85,0.014193
-3078.9,85,0.013922
-3086.8,85,0.013651
-3094.6,85,0.013381
-3102.4,85,0.01311
-3110.2,85,0.012839
-3117.9,85,0.012567
-3125.6,85,0.012296
-3133.2,85,0.012024
-3140.8,85,0.011753
-3148.4,85,0.011481
-3155.9,85,0.011209
-3163.3,85,0.010937
-3170.7,85,0.010665
-3178.1,85,0.010393
-3185.4,85,0.010121
-3192.6,85,0.0098486
-3199.8,85,0.0095761
-3206.9,85,0.0093036
-3214,85,0.0090309
-3221,85,0.0087582
-3227.9,85,0.0084854
-3234.8,85,0.0082125
-3241.6,85,0.0079395
-3248.4,85,0.0076665
-3255,85,0.0073933
-3261.6,85,0.0071201
-3268.1,85,0.0068468
-3274.6,85,0.0065735
-3281,85,0.0063001
-3287.3,85,0.0060266
-3293.5,85,0.0057531
-3299.6,85,0.0054795
-3305.6,85,0.0052059
-3311.6,85,0.0049322
-3317.4,85,0.0046584
-3323.2,85,0.0043846
-3328.8,85,0.0041108
-3334.4,85,0.0038369
-3339.9,85,0.003563
-3345.2,85,0.0032891
-3350.5,85,0.0030151
-3355.6,85,0.0027411
-3360.7,85,0.0024671
-3365.6,85,0.002193
-3370.4,85,0.0019189
-3375.1,85,0.0016448
-3379.6,85,0.0013707
-3384.1,85,0.0010966
-3388.4,85,0.00082245
-3392.6,85,0.00054831
-3396.6,85,0.00027416
-3400.5,85,4.2759e-16
-3404.3,85,-0.00027416
-3407.9,85,-0.00054831
-3411.4,85,-0.00082245
-3414.7,85,-0.0010966
-3417.8,85,-0.0013707
-3420.9,85,-0.0016448
-3423.7,85,-0.0019189
-3426.4,85,-0.002193
-3428.9,85,-0.0024671
-3431.3,85,-0.0027411
-3433.4,85,-0.0030151
-3435.4,85,-0.0032891
-3437.3,85,-0.003563
-3438.9,85,-0.0038369
-3440.3,85,-0.0041108
-3441.6,85,-0.0043846
-3442.6,85,-0.0046584
-3443.5,85,-0.0049322
-3444.1,85,-0.0052059
-3444.5,85,-0.0054795
-3444.7,85,-0.0057531
-3444.7,85,-0.0060266
-3444.5,85,-0.0063001
-3444.1,85,-0.0065735
-3443.4,85,-0.0068468
-3442.5,85,-0.0071201
-3441.3,85,-0.0073933
-3439.9,85,-0.0076665
-3438.2,85,-0.0079395
-3436.3,85,-0.0082125
-3434.1,85,-0.0084854
-3431.7,85,-0.0087582
-3429,85,-0.0090309
-3426,85,-0.0093036
-3422.7,85,-0.0095761
-3419.1,85,-0.0098486
-3415.3,85,-0.010121
-3411.1,85,-0.010393
-3406.7,85,-0.010665
-3401.9,85,-0.010937
-3396.8,85,-0.011209
-3391.4,85,-0.011481
-3385.6,85,-0.011753
-3379.6,85,-0.012024
-3373.1,85,-0.012296
-3366.4,85,-0.012567
-3359.3,85,-0.012839
-3351.8,85,-0.01311
-3343.9,85,-0.013381
-3335.7,85,-0.013651
-3327,85,-0.013922
-3318,85,-0.014193
-3308.6,85,-0.014463
-3298.8,85,-0.014733
-3288.5,85,-0.015004
-3277.9,85,-0.015274
-3266.8,85,-0.015543
-3255.2,85,-0.015813
-3243.2,85,-0.016083
-3230.7,85,-0.016352
-3217.8,85,-0.016621
-3204.4,85,-0.01689
-3190.5,85,-0.017159
-3176.1,85,-0.017428
-3161.2,85,-0.017697
-3145.8,85,-0.017965
-3129.8,85,-0.018233
-3113.3,85,-0.018501
-3096.2,85,-0.018769
-3078.6,85,-0.019037
-3060.4,85,-0.019304
-3041.6,85,-0.019571
-3022.2,85,-0.019838
-3002.2,85,-0.020105
-2981.5,85,-0.020372
-2960.2,85,-0.020638
-2938.3,85,-0.020905
-2915.6,85,-0.021171
-2892.3,85,-0.021437
-2868.3,85,-0.021702
-2843.6,85,-0.021968
-2818.1,85,-0.022233
-2791.9,85,-0.022498
-2764.9,85,-0.022763
-2737.2,85,-0.023027
-2708.6,85,-0.023292
-2679.2,85,-0.023556
-2649,85,-0.02382
-2617.9,85,-0.024083
-2585.9,85,-0.024347
-2553.1,85,-0.02461
-2519.3,85,-0.024873
-2484.6,85,-0.025135
-2448.9,85,-0.025398
-2412.3,85,-0.02566
-2374.7,85,-0.025922
-2336,85,-0.026183
-2296.3,85,-0.026445
-2255.6,85,-0.026706
-2213.8,85,-0.026967
-2170.8,85,-0.027227
-2126.8,85,-0.027488
-2081.6,85,-0.027748
-2035.2,85,-0.028008
-1987.6,85,-0.028267
-1938.8,85,-0.028526
-1888.8,85,-0.028785
-1837.6,85,-0.029044
-1785,85,-0.029302
-1731.2,85,-0.02956
-1676.1,85,-0.029818
-1619.6,85,-0.030076
-1561.9,85,-0.030333
-1502.7,85,-0.03059
-1442.2,85,-0.030846
-1380.4,85,-0.031103
-1317.2,85,-0.031359
-1252.6,85,-0.031614
-1186.6,85,-0.03187
-1119.3,85,-0.032125
-1050.6,85,-0.03238
-980.53,85,-0.032634
-909.16,85,-0.032888
-836.48,85,-0.033142
-762.51,85,-0.033395
-687.31,85,-0.033649
-610.9,85,-0.033901
-533.34,85,-0.034154
-454.68,85,-0.034406
-374.98,85,-0.034658
-294.34,85,-0.034909
-212.81,85,-0.03516
-130.51,85,-0.035411
-47.526,85,-0.035661
36.02,85,-0.035911
120,85,-0.036161
204.29,85,-0.03641
288.73,85,-0.036659
373.16,85,-0.036908
457.42,85,-0.037156
541.33,85,-0.037404
624.69,85,-0.037652
707.3,85,-0.037899
788.95,85,-0.038146
869.43,85,-0.038392
948.5,85,-0.038638
1025.9,85,-0.038884
1101.5,85,-0.039129
1175,85,-0.039374
1246.1,85,-0.039618
1314.6,85,-0.039862
1380.3,85,-0.040106
1443,85,-0.040349
1502.4,85,-0.040592
1558.4,85,-0.040835
1610.7,85,-0.041077
1659.1,85,-0.041318
1703.6,85,-0.04156
1743.9,85,-0.0418
1780,85,-0.042041
1811.8,85,-0.042281
1839.2,85,-0.042521
1862.1,85,-0.04276
1880.5,85,-0.042999
1894.5,85,-0.043237
1904,85,-0.043475
1909.2,85,-0.043712
1910.1,85,-0.043949
1906.8,85,-0.044186
1899.4,85,-0.044422
1888.1,85,-0.044658
1873.1,85,-0.044893
1854.5,85,-0.045128
1832.4,85,-0.045363
1807.2,85,-0.045597
1778.9,85,-0.04583
1747.8,85,-0.046063
1714.2,85,-0.046296
1678.1,85,-0.046528
1639.9,85,-0.04676
1599.7,85,-0.046991
1557.8,85,-0.047222
1514.3,85,-0.047452
1469.3,85,-0.047682
1423.2,85,-0.047911
1376.1,85,-0.04814
1328.1,85,-0.048369
1279.3,85,-0.048597
1230,85,-0.048824
1180.3,85,-0.049051
1130.3,85,-0.049278
1080.1,85,-0.049504
1029.8,85,-0.049729
979.47,85,-0.049954
929.29,85,-0.050179
879.3,85,-0.050403
829.57,85,-0.050626
780.17,85,-0.050849
731.15,85,-0.051072
682.57,85,-0.051294
634.48,85,-0.051515
586.91,85,-0.051737
539.9,85,-0.051957
493.48,85,-0.052177
447.69,85,-0.052397
402.53,85,-0.052616
358.03,85,-0.052834
314.2,85,-0.053052
271.06,85,-0.053269
228.62,85,-0.053486
186.87,85,-0.053703
145.84,85,-0.053918
105.51,85,-0.054134
65.892,85,-0.054348
26.984,85,-0.054563
-11.218,85,-0.054776
-48.715,85,-0.05499
-85.513,85,-0.055202
-121.62,85,-0.055414
-157.03,85,-0.055626
-191.76,85,-0.055837
-225.82,85,-0.056047
-259.22,85,-0.056257
-291.95,85,-0.056466
-324.04,85,-0.056675
-355.48,85,-0.056883
-386.3,85,-0.057091
-416.49,85,-0.057298
-446.07,85,-0.057504
-475.05,85,-0.05771
-503.43,85,-0.057916
-531.23,85,-0.05812
-558.46,85,-0.058325
-585.12,85,-0.058528
-611.23,85,-0.058731
-636.79,85,-0.058934
-661.81,85,-0.059136
-686.31,85,-0.059337
-710.29,85,-0.059538
-733.76,85,-0.059738
-756.72,85,-0.059938
-779.2,85,-0.060137
-801.2,85,-0.060335
-822.72,85,-0.060533
-843.77,85,-0.06073
-864.37,85,-0.060926
-884.52,85,-0.061122
-904.22,85,-0.061318
-923.49,85,-0.061513
-942.33,85,-0.061707
-960.76,85,-0.0619
-978.77,85,-0.062093
-996.37,85,-0.062286
-1013.6,85,-0.062477
-1030.4,85,-0.062668
-1046.8,85,-0.062859
-1062.9,85,-0.063049
-1078.6,85,-0.063238
-1093.9,85,-0.063427
-1108.8,85,-0.063615
-1123.4,85,-0.063802
-1137.7,85,-0.063989
-1151.6,85,-0.064175
-1165.2,85,-0.06436
-1178.4,85,-0.064545
-1191.3,85,-0.064729
-1203.9,85,-0.064913
-1216.2,85,-0.065096
-1228.2,85,-0.065278
-1239.9,85,-0.06546
-1251.2,85,-0.065641
-1262.3,85,-0.065821
-1273.1,85,-0.066001
-1283.6,85,-0.06618
-1293.8,85,-0.066358
-1303.7,85,-0.066536
-1313.4,85,-0.066713
-1322.8,85,-0.066889
-1331.9,85,-0.067065
-1340.8,85,-0.06724
-1349.4,85,-0.067414
-1357.8,85,-0.067588
-1365.9,85,-0.067761
-1373.7,85,-0.067934
-1381.4,85,-0.068105
-1388.8,85,-0.068276
-1395.9,85,-0.068447
-1402.8,85,-0.068617
-1409.5,85,-0.068786
-1416,85,-0.068954
-1422.3,85,-0.069122
-1428.3,85,-0.069289
-1434.1,85,-0.069455
-1439.7,85,-0.069621
-1445.2,85,-0.069786
-1450.4,85,-0.06995
-1455.4,85,-0.070113
-1460.2,85,-0.070276
-1464.8,85,-0.070439
-1469.2,85,-0.0706
-1473.4,85,-0.070761
-1477.5,85,-0.070921
-1481.3,85,-0.07108
-1485,85,-0.071239
-1488.5,85,-0.071397
-1491.9,85,-0.071554
-1495,85,-0.071711
-1498,85,-0.071867
-1500.8,85,-0.072022
-1503.5,85,-0.072176
-1506,85,-0.07233
-1508.3,85,-0.072483
-1510.5,85,-0.072635
-1512.5,85,-0.072787
-1514.4,85,-0.072938
-1516.1,85,-0.073088
-1517.7,85,-0.073238
-1519.1,85,-0.073386
-1520.4,85,-0.073534
-1521.5,85,-0.073682
-1522.5,85,-0.073828
-1523.4,85,-0.073974
-1524.2,85,-0.074119
-1524.8,85,-0.074263
-1525.2,85,-0.074407
-1525.6,85,-0.07455
-1525.8,85,-0.074692
-1525.9,85,-0.074833
-1525.9,85,-0.074974
-1525.7,85,-0.075114
-1525.5,85,-0.075253
-1525.1,85,-0.075392
-1524.6,85,-0.075529
-1524,85,-0.075666
-1523.3,85,-0.075802
-1522.4,85,-0.075938
-1521.5,85,-0.076073
-1520.5,85,-0.076207
-1519.3,85,-0.07634
-1518.1,85,-0.076472
-1516.8,85,-0.076604
-1515.3,85,-0.076735
-1513.8,85,-0.076865
-1512.2,85,-0.076994
-1510.4,85,-0.077123
-1508.6,85,-0.077251
-1506.7,85,-0.077378
-1504.7,85,-0.077505
-1502.7,85,-0.07763
-1500.5,85,-0.077755
-1498.3,85,-0.077879
-1495.9,85,-0.078002
-1493.5,85,-0.078125
-1491.1,85,-0.078247
-1488.5,85,-0.078368
-1485.9,85,-0.078488
-1483.1,85,-0.078607
-1480.4,85,-0.078726
-1477.5,85,-0.078844
-1474.6,85,-0.078961
-1471.6,85,-0.079077
-1468.5,85,-0.079193
-1465.4,85,-0.079308
-1462.2,85,-0.079422
-1459,85,-0.079535
-1455.6,85,-0.079647
-1452.3,85,-0.079759
-1448.8,85,-0.07987
-1445.3,85,-0.07998
-1441.8,85,-0.080089
-1438.2,85,-0.080198
-1434.5,85,-0.080305
-1430.8,85,-0.080412
-1427,85,-0.080518
-1423.2,85,-0.080624
-1419.4,85,-0.080728
-1415.4,85,-0.080832
-1411.5,85,-0.080935
-1407.5,85,-0.081037
-1403.4,85,-0.081138
-1399.3,85,-0.081239
-1395.2,85,-0.081339
-1391,85,-0.081437
-1386.8,85,-0.081536
-1382.5,85,-0.081633
-1378.2,85,-0.081729
-1373.9,85,-0.081825
-1369.5,85,-0.08192
-1365.1,85,-0.082014
-1360.6,85,-0.082107
-1356.2,85,-0.0822
-1351.7,85,-0.082291
-1347.1,85,-0.082382
-1342.5,85,-0.082472
-1337.9,85,-0.082562
-1333.3,85,-0.08265
-1328.6,85,-0.082737
-1324,85,-0.082824
-1319.3,85,-0.08291
-1314.5,85,-0.082995
-1309.8,85,-0.08308
-1305,85,-0.083163
-1300.2,85,-0.083246
-1295.4,85,-0.083328
-1290.5,85,-0.083409
-1285.6,85,-0.083489
-1280.8,85,-0.083568
-1275.9,85,-0.083647
-1270.9,85,-0.083725
-1266,85,-0.083801
-1261.1,85,-0.083878
-1256.1,85,-0.083953
-1251.1,85,-0.084027
-1246.1,85,-0.084101
-1241.1,85,-0.084174
-1236.1,85,-0.084245
-1231.1,85,-0.084317
-1226.1,85,-0.084387
-1221,85,-0.084456
-1216,85,-0.084525
-1210.9,85,-0.084593
-1205.9,85,-0.08466
-1200.8,85,-0.084726
-1195.7,85,-0.084791
-1190.7,85,-0.084855
-1185.6,85,-0.084919
-1180.5,85,-0.084982
-1175.4,85,-0.085044
-1170.4,85,-0.085105
-1165.3,85,-0.085165
-1160.2,85,-0.085224
-1155.1,85,-0.085283
-1150.1,85,-0.08534
-1145,85,-0.085397
-1139.9,85,-0.085453
-1134.8,85,-0.085508
-1129.8,85,-0.085563
-1124.7,85,-0.085616
-1119.7,85,-0.085669
-1114.7,85,-0.085721
-1109.6,85,-0.085772
-1104.6,85,-0.085822
-1099.6,85,-0.085871
-1094.6,85,-0.085919
-1089.6,85,-0.085967
-1084.6,85,-0.086014
-1079.7,85,-0.08606
-1074.7,85,-0.086105
-1069.8,85,-0.086149
-1064.9,85,-0.086192
-1060,85,-0.086235
-1055.1,85,-0.086276
-1050.2,85,-0.086317
-1045.4,85,-0.086357
-1040.6,85,-0.086396
-1035.7,85,-0.086434
-1031,85,-0.086471
-1026.2,85,-0.086508
-1021.4,85,-0.086544
-1016.7,85,-0.086578
-1012,85,-0.086612
-1007.4,85,-0.086645
-1002.7,85,-0.086678
-998.1,85,-0.086709
-993.51,85,-0.086739
-988.95,85,-0.086769
-984.42,85,-0.086798
-979.92,85,-0.086826
-975.45,85,-0.086853
-971.01,85,-0.086879
-966.61,85,-0.086905
-962.24,85,-0.086929
-957.91,85,-0.086953
-953.62,85,-0.086976
-949.36,85,-0.086997
-945.14,85,-0.087019
-940.96,85,-0.087039
-936.82,85,-0.087058
-932.73,85,-0.087077
-928.67,85,-0.087094
-924.66,85,-0.087111
-920.7,85,-0.087127
-916.78,85,-0.087142
-912.92,85,-0.087156
-909.1,85,-0.08717
-905.33,85,-0.087182
-901.61,85,-0.087194
-897.95,85,-0.087204
-894.34,85,-0.087214
-890.79,85,-0.087223
-887.3,85,-0.087232
-883.86,85,-0.087239
-880.49,85,-0.087245
-877.18,85,-0.087251
-873.93,85,-0.087256
-870.75,85,-0.08726
-867.64,85,-0.087263
-864.59,85,-0.087265
-861.62,85,-0.087266
-858.72,85,-0.087266
-855.89,85,-0.087266
-853.14,85,-0.087265
-850.47,85,-0.087263
-847.88,85,-0.08726
-845.38,85,-0.087256
-842.96,85,-0.087251
-840.63,85,-0.087245
-838.39,85,-0.087239
-836.24,85,-0.087232
-834.18,85,-0.087223
-832.23,85,-0.087214
-830.37,85,-0.087204
-828.62,85,-0.087194
-826.97,85,-0.087182
-825.44,85,-0.08717
-824.01,85,-0.087156
-822.7,85,-0.087142
-821.51,85,-0.087127
-820.44,85,-0.087111
-819.5,85,-0.087094
-818.68,85,-0.087077
-818,85,-0.087058
-817.46,85,-0.087039
-817.05,85,-0.087019
-816.79,85,-0.086997
-816.68,85,-0.086976
-816.72,85,-0.086953
-816.92,85,-0.086929
-817.29,85,-0.086905
-817.82,85,-0.086879
-818.52,85,-0.086853
-819.4,85,-0.086826
-820.47,85,-0.086798
-821.72,85,-0.086769
-823.17,85,-0.086739
-824.82,85,-0.086709
-826.68,85,-0.086678
-828.75,85,-0.086645
-831.04,85,-0.086612
-833.57,85,-0.086578
-836.32,85,-0.086544
-839.32,85,-0.086508
-842.57,85,-0.086471
-846.08,85,-0.086434
-849.86,85,-0.086396
-853.91,85,-0.086357
-858.26,85,-0.086317
-862.89,85,-0.086276
-867.83,85,-0.086235
-873.09,85,-0.086192
-878.68,85,-0.086149
-884.6,85,-0.086105
-890.87,85,-0.08606
-897.5,85,-0.086014
-904.51,85,-0.085967
-911.91,85,-0.085919
-919.71,85,-0.085871
-927.92,85,-0.085822
-936.57,85,-0.085772
-945.66,85,-0.085721
-955.21,85,-0.085669
-965.24,85,-0.085616
-975.77,85,-0.085563
-986.82,85,-0.085508
-998.39,85,-0.085453
-1010.5,85,-0.085397
-1023.2,85,-0.08534
-1036.5,85,-0.085283
-1050.4,85,-0.085224
-1065,85,-0.085165
-1080.2,85,-0.085105
-1096.1,85,-0.085044
-1112.7,85,-0.084982
-1130.1,85,-0.084919
-1148.2,85,-0.084855
-1167.2,85,-0.084791
-1186.9,85,-0.084726
-1207.6,85,-0.08466
-1229.1,85,-0.084593
-1251.5,85,-0.084525
-1274.9,85,-0.084456
-1299.3,85,-0.084387
-1324.7,85,-0.084317
-1351.2,85,-0.084245
-1378.9,85,-0.084174
-1407.6,85,-0.084101
-1437.6,85,-0.084027
-1468.8,85,-0.083953
-1501.3,85,-0.083878
-1535.1,85,-0.083801
-1570.3,85,-0.083725
-1606.9,85,-0.083647
-1645,85,-0.083568
-1684.6,85,-0.083489
-1725.7,85,-0.083409
-1768.5,85,-0.083328
-1812.9,85,-0.083246
-1859.1,85,-0.083163
-1907,85,-0.08308
-1956.7,85,-0.082995
-2008.3,85,-0.08291
-2061.7,85,-0.082824
-2117.1,85,-0.082737
-2174.4,85,-0.08265
-2233.8,85,-0.082562
-2295.1,85,-0.082472
-2358.5,85,-0.082382
-2424,85,-0.082291
-2491.5,85,-0.0822
-2561.1,85,-0.082107
-2632.7,85,-0.082014
-2706.4,85,-0.08192
-2782,85,-0.081825
-2859.5,85,-0.081729
-2938.8,85,-0.081633
-3019.9,85,-0.081536
-3102.7,85,-0.081437
-3186.9,85,-0.081339
-3272.4,85,-0.081239
-3359.2,85,-0.081138
-3446.8,85,-0.081037
-3535.1,85,-0.080935
-3623.9,85,-0.080832
-3712.7,85,-0.080728
-3801.4,85,-0.080624
-3889.5,85,-0.080518
-3976.6,85,-0.080412
-4062.3,85,-0.080305
-4146.3,85,-0.080198
-4227.9,85,-0.080089
-4306.9,85,-0.07998
-4382.5,85,-0.07987
-4454.5,85,-0.079759
-4522.2,85,-0.079647
-4585.2,85,-0.079535
-4643,85,-0.079422
-4695.2,85,-0.079308
-4741.4,85,-0.079193
-4781.1,85,-0.079077
-4814.1,85,-0.078961
-4840.1,85,-0.078844
-4858.7,85,-0.078726
-4870,85,-0.078607
-4873.7,85,-0.078488
-4869.8,85,-0.078368
-4858.4,85,-0.078247
-4839.6,85,-0.078125
-4813.4,85,-0.078002
-4780.2,85,-0.077879
-4740.2,85,-0.077755
-4693.7,85,-0.07763
-4641,85,-0.077505
-4582.6,85,-0.077378
-4518.9,85,-0.077251
-4450.3,85,-0.077123
-4377.2,85,-0.076994
-4300.1,85,-0.076865
-4219.5,85,-0.076735
-4135.7,85,-0.076604
-4049.3,85,-0.076472
-3960.6,85,-0.07634
-3870,85,-0.076207
-3777.9,85,-0.076073
-3684.7,85,-0.075938
-3590.6,85,-0.075802
-3496,85,-0.075666
-3401.2,85,-0.075529
-3306.4,85,-0.075392
-3211.9,85,-0.075253
-3117.7,85,-0.075114
-3024.2,85,-0.074974
-2931.5,85,-0.074833
-2839.8,85,-0.074692
-2749,85,-0.07455
-2659.4,85,-0.074407
-2571.1,85,-0.074263
-2484.1,85,-0.074119
-2398.4,85,-0.073974
-2314.2,85,-0.073828
-2231.4,85,-0.073682
-2150.1,85,-0.073534
-2070.3,85,-0.073386
-1992.1,85,-0.073238
-1915.3,85,-0.073088
-1840.1,85,-0.072938
-1766.4,85,-0.072787
-1694.2,85,-0.072635
-1623.6,85,-0.072483
-1554.3,85,-0.07233
-1486.6,85,-0.072176
-1420.3,85,-0.072022
-1355.4,85,-0.071867
-1291.8,85,-0.071711
-1229.7,85,-0.071554
-1168.9,85,-0.071397
-1109.3,85,-0.071239
-1051.1,85,-0.07108
-994.1,85,-0.070921
-938.32,85,-0.070761
-883.74,85,-0.0706
-830.31,85,-0.070439
-778.02,85,-0.070276
-726.83,85,-0.070113
-676.72,85,-0.06995
-627.65,85,-0.069786
-579.61,85,-0.069621
-532.56,85,-0.069455
-486.47,85,-0.069289
-441.33,85,-0.069122
-397.11,85,-0.068954
-353.77,85,-0.068786
-311.3,85,-0.068617
-269.68,85,-0.068447
-228.88,85,-0.068276
-188.88,85,-0.068105
-149.65,85,-0.067934
-111.19,85,-0.067761
-73.454,85,-0.067588
-36.438,85,-0.067414
-0.11923,85,-0.06724
35.522,85,-0.067065
70.503,85,-0.066889
104.84,85,-0.066713
138.56,85,-0.066536
171.66,85,-0.066358
204.17,85,-0.06618
236.11,85,-0.066001
267.49,85,-0.065821
298.32,85,-0.065641
328.61,85,-0.06546
358.39,85,-0.065278
387.67,85,-0.065096
416.45,85,-0.064913
444.76,85,-0.064729
472.59,85,-0.064545
499.98,85,-0.06436
526.92,85,-0.064175
553.43,85,-0.063989
579.51,85,-0.063802
605.19,85,-0.063615
630.47,85,-0.063427
655.36,85,-0.063238
679.86,85,-0.063049
704,85,-0.062859
727.78,85,-0.062668
751.2,85,-0.062477
774.28,85,-0.062286
797.02,85,-0.062093
819.44,85,-0.0619
841.53,85,-0.061707
863.32,85,-0.061513
884.79,85,-0.061318
905.98,85,-0.061122
926.87,85,-0.060926
947.48,85,-0.06073
967.81,85,-0.060533
987.87,85,-0.060335
1007.7,85,-0.060137
1027.2,85,-0.059938
1046.5,85,-0.059738
1065.5,85,-0.059538
1084.3,85,-0.059337
1102.9,85,-0.059136
1121.2,85,-0.058934
1139.4,85,-0.058731
1157.3,85,-0.058528
1174.9,85,-0.058325
1192.4,85,-0.05812
1209.7,85,-0.057916
1226.7,85,-0.05771
1243.6,85,-0.057504
1260.3,85,-0.057298
1276.8,85,-0.057091
1293.1,85,-0.056883
1309.2,85,-0.056675
1325.2,85,-0.056466
1341,85,-0.056257
1356.6,85,-0.056047
1372.1,85,-0.055837
1387.3,85,-0.055626
1402.5,85,-0.055414
1417.5,85,-0.055202
1432.3,85,-0.05499
1447,85,-0.054776
1461.6,85,-0.054563
1476,85,-0.054348
1490.2,85,-0.054134
1504.4,85,-0.053918
1518.4,85,-0.053703
1532.2,85,-0.053486
1546,85,-0.053269
1559.6,85,-0.053052
1573.1,85,-0.052834
1586.5,85,-0.052616
1599.8,85,-0.052397
1613,85,-0.052177
1626,85,-0.051957
1639,85,-0.051737
1651.8,85,-0.051515
1664.5,85,-0.051294
1677.2,85,-0.051072
1689.7,85,-0.050849
1702.1,85,-0.050626
1714.5,85,-0.050403
1726.7,85,-0.050179
1738.9,85,-0.049954
1751,85,-0.049729
1763,85,-0.049504
1774.9,85,-0.049278
1786.7,85,-0.049051
1798.4,85,-0.048824
1810.1,85,-0.048597
1821.6,85,-0.048369
1833.1,85,-0.04814
1844.6,85,-0.047911
1855.9,85,-0.047682
1867.2,85,-0.047452
1878.4,85,-0.047222
1889.6,85,-0.046991
1900.7,85,-0.04676
1911.7,85,-0.046528
1922.6,85,-0.046296
1933.5,85,-0.046063
1944.4,85,-0.04583
1955.1,85,-0.045597
1965.8,85,-0.045363
1976.5,85,-0.045128
1987.1,85,-0.044893
1997.6,85,-0.044658
2008.1,85,-0.044422
2018.6,85,-0.044186
2029,85,-0.043949
2039.3,85,-0.043712
2049.6,85,-0.043475
2059.9,85,-0.043237
2070.1,85,-0.042999
2080.2,85,-0.04276
2090.4,85,-0.042521
2100.4,85,-0.042281
2110.5,85,-0.042041
2120.5,85,-0.0418
2130.4,85,-0.04156
2140.3,85,-0.041318
2150.2,85,-0.041077
2160,85,-0.040835
2169.9,85,-0.040592
2179.6,85,-0.040349
2189.4,85,-0.040106
2199.1,85,-0.039862
2208.7,85,-0.039618
2218.4,85,-0.039374
2228,85,-0.039129
2237.6,85,-0.038884
2247.1,85,-0.038638
2256.6,85,-0.038392
2266.1,85,-0.038146
2275.6,85,-0.037899
2285.1,85,-0.037652
2294.5,85,-0.037404
2303.9,85,-0.037156
2313.2,85,-0.036908
2322.6,85,-0.036659
2331.9,85,-0.03641
2341.2,85,-0.036161
2350.5,85,-0.035911
2359.8,85,-0.035661
2369,85,-0.035411
2378.2,85,-0.03516
2387.4,85,-0.034909
2396.6,85,-0.034658
2405.8,85,-0.034406
2414.9,85,-0.034154
2424.1,85,-0.033901
2433.2,85,-0.033649
2442.3,85,-0.033395
2451.3,85,-0.033142
2460.4,85,-0.032888
2469.5,85,-0.032634
2478.5,85,-0.03238
2487.5,85,-0.032125
2496.5,85,-0.03187
2505.5,85,-0.031614
2514.5,85,-0.031359
2523.5,85,-0.031103
2532.4,85,-0.030846
2541.4,85,-0.03059
2550.3,85,-0.030333
2559.2,85,-0.030076
2568.1,85,-0.029818
2577,85,-0.02956
2585.9,85,-0.029302
2594.8,85,-0.029044
2603.7,85,-0.028785
2612.5,85,-0.028526
2621.4,85,-0.028267
2630.2,85,-0.028008
2639,85,-0.027748
2647.8,85,-0.027488
2656.6,85,-0.027227
2665.4,85,-0.026967
2674.2,85,-0.026706
2683,85,-0.026445
2691.7,85,-0.026183
2700.5,85,-0.025922
2709.2,85,-0.02566
2717.9,85,-0.025398
2726.6,85,-0.025135
2735.3,85,-0.024873
2744,85,-0.02461
2752.7,85,-0.024347
2761.4,85,-0.024083
2770.1,85,-0.02382
2778.7,85,-0.023556
2787.3,85,-0.023292
2796,85,-0.023027
2804.6,85,-0.022763
2813.2,85,-0.022498
2821.8,85,-0.022233
2830.4,85,-0.021968
2838.9,85,-0.021702
2847.5,85,-0.021437
2856,85,-0.021171
2864.5,85,-0.020905
2873,85,-0.020638
2881.5,85,-0.020372
2890,85,-0.020105
2898.4,85,-0.019838
2906.9,85,-0.019571
2915.3,85,-0.019304
2923.7,85,-0.019037
2932.1,85,-0.018769
2940.4,85,-0.018501
2948.8,85,-0.018233
2957.1,85,-0.017965
2965.4,85,-0.017697
2973.7,85,-0.017428
2981.9,85,-0.017159
2990.2,85,-0.01689
2998.4,85,-0.016621
3006.6,85,-0.016352
3014.7,85,-0.016083
3022.8,85,-0.015813
3030.9,85,-0.015543
3039,85,-0.015274
3047,85,-0.015004
3055.1,85,-0.014733
3063,85,-0.014463
3071,85,-0.014193
3078.9,85,-0.013922
3086.8,85,-0.013651
3094.6,85,-0.013381
3102.4,85,-0.01311
3110.1,85,-0.012839
3117.9,85,-0.012567
3125.5,85,-0.012296
3133.2,85,-0.012024
3140.8,85,-0.011753
3148.3,85,-0.011481
3155.8,85,-0.011209
3163.3,85,-0.010937
3170.7,85,-0.010665
3178,85,-0.010393
3185.3,85,-0.010121
3192.5,85,-0.0098486
3199.7,85,-0.0095761
3206.9,85,-0.0093036
3213.9,85,-0.0090309
3220.9,85,-0.0087582
3227.9,85,-0.0084854
3234.7,85,-0.0082125
3241.6,85,-0.0079395
3248.3,85,-0.0076665
3255,85,-0.0073933
3261.6,85,-0.0071201
3268.1,85,-0.0068468
3274.5,85,-0.0065735
3280.9,85,-0.0063001
3287.2,85,-0.0060266
3293.4,85,-0.0057531
3299.5,85,-0.0054795
3305.6,85,-0.0052059
3311.5,85,-0.0049322
3317.4,85,-0.0046584
3323.1,85,-0.0043846
3328.8,85,-0.0041108
3334.4,85,-0.0038369
3339.8,85,-0.003563
3345.2,85,-0.0032891
3350.4,85,-0.0030151
3355.6,85,-0.0027411
3360.6,85,-0.0024671
3365.5,85,-0.002193
3370.4,85,-0.0019189
3375,85,-0.0016448
3379.6,85,-0.0013707
3384,85,-0.0010966
3388.3,85,-0.00082245
3392.5,85,-0.00054831
3396.6,85,-0.00027416
3400.5,85,-1.2824e-16
3404.2,85,0.00027416
3407.8,85,0.00054831
3411.3,85,0.00082245
3414.6,85,0.0010966
3417.8,85,0.0013707
3420.8,85,0.0016448
3423.7,85,0.0019189
3426.4,85,0.002193
3428.9,85,0.0024671
3431.2,85,0.0027411
3433.4,85,0.0030151
3435.4,85,0.0032891
3437.2,85,0.003563
3438.9,85,0.0038369
3440.3,85,0.0041108
3441.5,85,0.0043846
3442.6,85,0.0046584
3443.4,85,0.0049322
3444.1,85,0.0052059
3444.5,85,0.0054795
3444.7,85,0.0057531
3444.7,85,0.0060266
3444.5,85,0.0063001
3444.1,85,0.0065735
3443.4,85,0.0068468
3442.4,85,0.0071201
3441.3,85,0.0073933
3439.9,85,0.0076665
3438.2,85,0.0079395
3436.3,85,0.0082125
3434.1,85,0.0084854
3431.7,85,0.0087582
3429,85,0.0090309
3426,85,0.0093036
3422.7,85,0.0095761
3419.1,85,0.0098486
3415.3,85,0.010121
3411.1,85,0.010393
3406.7,85,0.010665
3401.9,85,0.010937
3396.8,85,0.011209
3391.4,85,0.011481
3385.7,85,0.011753
3379.6,85,0.012024
3373.2,85,0.012296
3366.4,85,0.012567
3359.3,85,0.012839
3351.8,85,0.01311
3343.9,85,0.013381
3335.7,85,0.013651
3327,85,0.013922
3318,85,0.014193
3308.6,85,0.014463
3298.8,85,0.014733
3288.5,85,0.015004
3277.9,85,0.015274
3266.8,85,0.015543
3255.2,85,0.015813
3243.2,85,0.016083
3230.8,85,0.016352
3217.8,85,0.016621
3204.4,85,0.01689
3190.5,85,0.017159
3176.1,85,0.017428
3161.2,85,0.017697
3145.8,85,0.017965
3129.8,85,0.018233
3113.3,85,0.018501
3096.3,85,0.018769
3078.6,85,0.019037
3060.4,85,0.019304
3041.6,85,0.019571
3022.2,85,0.019838
3002.2,85,0.020105
2981.6,85,0.020372
2960.3,85,0.020638
2938.3,85,0.020905
2915.7,85,0.021171
2892.4,85,0.021437
2868.4,85,0.021702
2843.7,85,0.021968
2818.2,85,0.022233
2792,85,0.022498
2765,85,0.022763
2737.2,85,0.023027
2708.7,85,0.023292
2679.3,85,0.023556
2649,85,0.02382
2618,85,0.024083
2586,85,0.024347
2553.2,85,0.02461
2519.4,85,0.024873
2484.7,85,0.025135
2449,85,0.025398
2412.4,85,0.02566
2374.8,85,0.025922
2336.1,85,0.026183
2296.4,85,0.026445
2255.7,85,0.026706
2213.9,85,0.026967
2170.9,85,0.027227
2126.9,85,0.027488
2081.7,85,0.027748
2035.3,85,0.028008
1987.7,85,0.028267
1938.9,85,0.028526
1888.9,85,0.028785
1837.7,85,0.029044
1785.1,85,0.029302
1731.3,85,0.02956
1676.2,85,0.029818
1619.8,85,0.030076
1562,85,0.030333
1502.9,85,0.03059
1442.4,85,0.030846
1380.5,85,0.031103
1317.3,85,0.031359
1252.7,85,0.031614
1186.8,85,0.03187
1119.4,85,0.032125
1050.7,85,0.03238
980.7,85,0.032634
909.32,85,0.032888
836.64,85,0.033142
762.68,85,0.033395
687.48,85,0.033649
611.07,85,0.033901
533.51,85,0.034154
454.86,85,0.034406
375.17,85,0.034658
294.52,85,0.034909
213,85,0.03516
130.69,85,0.035411
47.713,85,0.035661
-35.832,85,0.035911
-119.81,85,0.036161
-204.1,85,0.03641
-288.54,85,0.036659
-372.98,85,0.036908
-457.24,85,0.037156
-541.15,85,0.037404
-624.51,85,0.037652
-707.12,85,0.037899
-788.77,85,0.038146
-869.25,85,0.038392
-948.33,85,0.038638
-1025.8,85,0.038884
-1101.3,85,0.039129
-1174.8,85,0.039374
-1245.9,85,0.039618
-1314.5,85,0.039862
-1380.2,85,0.040106
-1442.9,85,0.040349
-1502.3,85,0.040592
-1558.2,85,0.040835
-1610.6,85,0.041077
-1659,85,0.041318
-1703.5,85,0.04156
-1743.9,85,0.0418
-1780,85,0.042041
-1811.7,85,0.042281
-1839.1,85,0.042521
-1862,85,0.04276
-1880.5,85,0.042999
-1894.5,85,0.043237
-1904,85,0.043475
-1909.2,85,0.043712
-1910.1,85,0.043949
-1906.8,85,0.044186
-1899.5,85,0.044422
-1888.2,85,0.044658
-1873.1,85,0.044893
-1854.5,85,0.045128
-1832.5,85,0.045363
-1807.2,85,0.045597
-1779,85,0.04583
-1747.9,85,0.046063
-1714.3,85,0.046296
-1678.3,85,0.046528
-1640,85,0.04676
-1599.9,85,0.046991
-1557.9,85,0.047222
-1514.4,85,0.047452
-1469.5,85,0.047682
-1423.3,85,0.047911
-1376.2,85,0.04814
-1328.2,85,0.048369
-1279.5,85,0.048597
-1230.2,85,0.048824
-1180.4,85,0.049051
-1130.4,85,0.049278
-1080.2,85,0.049504
-1029.9,85,0.049729
-979.61,85,0.049954
-929.43,85,0.050179
-879.44,85,0.050403
-829.71,85,0.050626
-780.3,85,0.050849
-731.28,85,0.051072
-682.7,85,0.051294
-634.61,85,0.051515
-587.04,85,0.051737
-540.03,85,0.051957
-493.61,85,0.052177
-447.82,85,0.052397
-402.66,85,0.052616
-358.16,85,0.052834
-314.33,85,0.053052
-271.19,85,0.053269
-228.74,85,0.053486
-187,85,0.053703
-145.96,85,0.053918
-105.63,85,0.054134
-66.01,85,0.054348
-27.101,85,0.054563
11.102,85,0.054776
48.6,85,0.05499
85.399,85,0.055202
121.5,85,0.055414
156.92,85,0.055626
191.66,85,0.055837
225.72,85,0.056047
259.11,85,0.056257
291.85,85,0.056466
323.93,85,0.056675
355.38,85,0.056883
386.2,85,0.057091
416.39,85,0.057298
445.97,85,0.057504
474.95,85,0.05771
503.33,85,0.057916
531.14,85,0.05812
558.36,85,0.058325
585.02,85,0.058528
611.13,85,0.058731
636.69,85,0.058934
661.72,85,0.059136
686.22,85,0.059337
710.2,85,0.059538
733.67,85,0.059738
756.64,85,0.059938
779.12,85,0.060137
801.11,85,0.060335
822.63,85,0.060533
843.69,85,0.06073
864.29,85,0.060926
884.43,85,0.061122
904.14,85,0.061318
923.41,85,0.061513
942.25,85,0.061707
960.68,85,0.0619
978.69,85,0.062093
996.3,85,0.062286
1013.5,85,0.062477
1030.3,85,0.062668
1046.8,85,0.062859
1062.8,85,0.063049
1078.5,85,0.063238
1093.8,85,0.063427
1108.8,85,0.063615
1123.4,85,0.063802
1137.6,85,0.063989
1151.5,85,0.064175
1165.1,85,0.06436
1178.3,85,0.064545
1191.3,85,0.064729
1203.9,85,0.064913
1216.2,85,0.065096
1228.1,85,0.065278
1239.8,85,0.06546
1251.2,85,0.065641
1262.2,85,0.065821
1273,85,0.066001
1283.5,85,0.06618
1293.7,85,0.066358
1303.7,85,0.066536
1313.3,85,0.066713
1322.7,85,0.066889
1331.9,85,0.067065
1340.7,85,0.06724
1349.3,85,0.067414
1357.7,85,0.067588
1365.8,85,0.067761
1373.7,85,0.067934
1381.3,85,0.068105
1388.7,85,0.068276
1395.9,85,0.068447
1402.8,85,0.068617
1409.5,85,0.068786
1416,85,0.068954
1422.2,85,0.069122
1428.3,85,0.069289
1434.1,85,0.069455
1439.7,85,0.069621
1445.1,85,0.069786
1450.3,85,0.06995
1455.3,85,0.070113
1460.1,85,0.070276
1464.7,85,0.070439
1469.2,85,0.0706
1473.4,85,0.070761
1477.4,85,0.070921
1481.3,85,0.07108
1485,85,0.071239
1488.5,85,0.071397
1491.8,85,0.071554
1495,85,0.071711
1498,85,0.071867
1500.8,85,0.072022
1503.4,85,0.072176
1505.9,85,0.07233
1508.3,85,0.072483
1510.4,85,0.072635
1512.5,85,0.072787
1514.3,85,0.072938
1516.1,85,0.073088
1517.6,85,0.073238
1519.1,85,0.073386
1520.4,85,0.073534
1521.5,85,0.073682
1522.5,85,0.073828
1523.4,85,0.073974
1524.1,85,0.074119
1524.7,85,0.074263
1525.2,85,0.074407
1525.5,85,0.07455
1525.8,85,0.074692
1525.9,85,0.074833
1525.8,85,0.074974
1525.7,85,0.075114
1525.4,85,0.075253
1525,85,0.075392
1524.5,85,0.075529
1523.9,85,0.075666
1523.2,85,0.075802
1522.4,85,0.075938
1521.5,85,0.076073
1520.4,85,0.076207
1519.3,85,0.07634
1518.1,85,0.076472
1516.7,85,0.076604
1515.3,85,0.076735
1513.8,85,0.076865
1512.1,85,0.076994
1510.4,85,0.077123
1508.6,85,0.077251
1506.7,85,0.077378
1504.7,85,0.077505
1502.6,85,0.07763
1500.5,85,0.077755
1498.2,85,0.077879
1495.9,85,0.078002
1493.5,85,0.078125
1491,85,0.078247
1488.5,85,0.078368
1485.8,85,0.078488
1483.1,85,0.078607
1480.3,85,0.078726
1477.5,85,0.078844
1474.6,85,0.078961
1471.6,85,0.079077
1468.5,85,0.079193
1465.4,85,0.079308
1462.2,85,0.079422
1458.9,85,0.079535
1455.6,85,0.079647
1452.2,85,0.079759
1448.8,85,0.07987
1445.3,85,0.07998
1441.8,85,0.080089
1438.2,85,0.080198
1434.5,85,0.080305
1430.8,85,0.080412
1427,85,0.080518
1423.2,85,0.080624
1419.3,85,0.080728
1415.4,85,0.080832
1411.5,85,0.080935
1407.5,85,0.081037
1403.4,85,0.081138
1399.3,85,0.081239
1395.2,85,0.081339
1391,85,0.081437
1386.8,85,0.081536
1382.5,85,0.081633
1378.2,85,0.081729
1373.9,85,0.081825
1369.5,85,0.08192
1365.1,85,0.082014
1360.6,85,0.082107
1356.2,85,0.0822
1351.6,85,0.082291
1347.1,85,0.082382
1342.5,85,0.082472
1337.9,85,0.082562
1333.3,85,0.08265
1328.6,85,0.082737
1324,85,0.082824
1319.2,85,0.08291
1314.5,85,0.082995
1309.8,85,0.08308
1305,85,0.083163
1300.2,85,0.083246
1295.3,85,0.083328
1290.5,85,0.083409
1285.6,85,0.083489
1280.8,85,0.083568
1275.9,85,0.083647
1270.9,85,0.083725
1266,85,0.083801
1261.1,85,0.083878
1256.1,85,0.083953
1251.1,85,0.084027
1246.1,85,0.084101
1241.1,85,0.084174
1236.1,85,0.084245
1231.1,85,0.084317
1226.1,85,0.084387
1221,85,0.084456
1216,85,0.084525
1210.9,85,0.084593
1205.9,85,0.08466
1200.8,85,0.084726
1195.8,85,0.084791
1190.7,85,0.084855
1185.6,85,0.084919
1180.5,85,0.084982
1175.4,85,0.085044
1170.4,85,0.085105
1165.3,85,0.085165
1160.2,85,0.085224
1155.1,85,0.085283
1150.1,85,0.08534
1145,85,0.085397
1139.9,85,0.085453
1134.9,85,0.085508
1129.8,85,0.085563
1124.8,85,0.085616
1119.7,85,0.085669
1114.7,85,0.085721
1109.6,85,0.085772
1104.6,85,0.085822
1099.6,85,0.085871
1094.6,85,0.085919
1089.6,85,0.085967
1084.7,85,0.086014
1079.7,85,0.08606
1074.7,85,0.086105
1069.8,85,0.086149
1064.9,85,0.086192
1060,85,0.086235
1055.1,85,0.086276
1050.2,85,0.086317
1045.4,85,0.086357
1040.6,85,0.086396
1035.8,85,0.086434
1031,85,0.086471
1026.2,85,0.086508
1021.5,85,0.086544
1016.7,85,0.086578
1012.1,85,0.086612
1007.4,85,0.086645
1002.7,85,0.086678
998.12,85,0.086709
993.53,85,0.086739
988.97,85,0.086769
984.44,85,0.086798
979.94,85,0.086826
975.47,85,0.086853
971.04,85,0.086879
966.64,85,0.086905
962.27,85,0.086929
957.94,85,0.086953
953.64,85,0.086976
949.39,85,0.086997
945.17,85,0.087019
940.99,85,0.087039
936.85,85,0.087058
932.76,85,0.087077
928.7,85,0.087094
924.69,85,0.087111
920.73,85,0.087127
916.82,85,0.087142
912.95,85,0.087156
909.13,85,0.08717
905.36,85,0.087182
901.65,85,0.087194
897.99,85,0.087204
894.38,85,0.087214
890.83,85,0.087223
887.33,85,0.087232
883.9,85,0.087239
880.53,85,0.087245
877.22,85,0.087251
873.97,85,0.087256
870.79,85,0.08726
867.68,85,0.087263
864.63,85,0.087265
861.66,85,0.087266
858.76,85,0.087266
855.94,85,0.087266
853.19,85,0.087265
850.52,85,0.087263
847.93,85,0.08726
845.43,85,0.087256
843.01,85,0.087251
840.68,85,0.087245
838.44,85,0.087239
836.29,85,0.087232
834.24,85,0.087223
832.28,85,0.087214
830.43,85,0.087204
828.67,85,0.087194
827.03,85,0.087182
825.49,85,0.08717
824.07,85,0.087156
822.76,85,0.087142
821.57,85,0.087127
820.5,85,0.087111
819.56,85,0.087094
818.75,85,0.087077
818.07,85,0.087058
817.52,85,0.087039
817.12,85,0.087019
816.86,85,0.086997
816.75,85,0.086976
816.79,85,0.086953
816.99,85,0.086929
817.36,85,0.086905
817.89,85,0.086879
818.6,85,0.086853
819.48,85,0.086826
820.55,85,0.086798
821.8,85,0.086769
823.25,85,0.086739
824.91,85,0.086709
826.77,85,0.086678
828.84,85,0.086645
831.13,85,0.086612
833.66,85,0.086578
836.42,85,0.086544
839.42,85,0.086508
842.67,85,0.086471
846.18,85,0.086434
849.96,85,0.086396
854.02,85,0.086357
858.36,85,0.086317
863,85,0.086276
867.95,85,0.086235
873.21,85,0.086192
878.79,85,0.086149
884.72,85,0.086105
890.99,85,0.08606
897.63,85,0.086014
904.64,85,0.085967
912.04,85,0.085919
919.84,85,0.085871
928.06,85,0.085822
936.71,85,0.085772
945.81,85,0.085721
955.36,85,0.085669
965.4,85,0.085616
975.93,85,0.085563
986.98,85,0.085508
998.56,85,0.085453
1010.7,85,0.085397
1023.4,85,0.08534
1036.7,85,0.085283
1050.6,85,0.085224
1065.2,85,0.085165
1080.4,85,0.085105
1096.3,85,0.085044
1112.9,85,0.084982
1130.3,85,0.084919
1148.5,85,0.084855
1167.4,85,0.084791
1187.2,85,0.084726
1207.8,85,0.08466
1229.3,85,0.084593
1251.8,85,0.084525
1275.2,85,0.084456
1299.6,85,0.084387
1325,85,0.084317
1351.5,85,0.084245
1379.2,85,0.084174
1407.9,85,0.084101
1437.9,85,0.084027
1469.1,85,0.083953
1501.6,85,0.083878
1535.4,85,0.083801
1570.6,85,0.083725
1607.3,85,0.083647
1645.4,85,0.083568
1685,85,0.083489
1726.1,85,0.083409
1768.9,85,0.083328
1813.4,85,0.083246
1859.5,85,0.083163
1907.5,85,0.08308
1957.2,85,0.082995
2008.8,85,0.08291
2062.2,85,0.082824
2117.6,85,0.082737
2175,85,0.08265
2234.3,85,0.082562
2295.7,85,0.082472
2359.1,85,0.082382
2424.6,85,0.082291
2492.1,85,0.0822
2561.7,85,0.082107
2633.4,85,0.082014
2707,85,0.08192
2782.6,85,0.081825
2860.2,85,0.081729
2939.5,85,0.081633
3020.6,85,0.081536
3103.4,85,0.081437
3187.6,85,0.081339
3273.2,85,0.081239
3359.9,85,0.081138
3447.5,85,0.081037
3535.9,85,0.080935
3624.6,85,0.080832
3713.5,85,0.080728
3802.1,85,0.080624
3890.2,85,0.080518
3977.3,85,0.080412
4063.1,85,0.080305
4147,85,0.080198
4228.6,85,0.080089
4307.5,85,0.07998
4383.2,85,0.07987
4455.1,85,0.079759
4522.8,85,0.079647
4585.7,85,0.079535
4643.5,85,0.079422
4695.7,85,0.079308
4741.8,85,0.079193
4781.5,85,0.079077
4814.4,85,0.078961
4840.3,85,0.078844
4858.9,85,0.078726
4870.1,85,0.078607
4873.7,85,0.078488
4869.8,85,0.078368
4858.3,85,0.078247
4839.4,85,0.078125
4813.2,85,0.078002
4779.9,85,0.077879
4739.9,85,0.077755
4693.3,85,0.07763
4640.6,85,0.077505
4582.2,85,0.077378
4518.4,85,0.077251
4449.8,85,0.077123
4376.7,85,0.076994
4299.6,85,0.076865
4218.9,85,0.076735
4135.1,85,0.076604
4048.7,85,0.076472
3959.9,85,0.07634
3869.3,85,0.076207
3777.2,85,0.076073
3684,85,0.075938
3589.9,85,0.075802
3495.3,85,0.075666
3400.5,85,0.075529
3305.7,85,0.075392
3211.2,85,0.075253
3117,85,0.075114
3023.6,85,0.074974
2930.9,85,0.074833
2839.1,85,0.074692
2748.4,85,0.07455
2658.8,85,0.074407
2570.5,85,0.074263
2483.4,85,0.074119
2397.8,85,0.073974
2313.6,85,0.073828
2230.8,85,0.073682
2149.5,85,0.073534
2069.8,85,0.073386
1991.5,85,0.073238
1914.8,85,0.073088
1839.6,85,0.072938
1765.9,85,0.072787
1693.7,85,0.072635
1623.1,85,0.072483
1553.9,85,0.07233
1486.1,85,0.072176
1419.8,85,0.072022
1354.9,85,0.071867
1291.4,85,0.071711
1229.3,85,0.071554
1168.4,85,0.071397
1108.9,85,0.071239
1050.7,85,0.07108
993.71,85,0.070921
937.95,85,0.070761
883.37,85,0.0706
829.96,85,0.070439
777.67,85,0.070276
726.49,85,0.070113
676.39,85,0.06995
627.33,85,0.069786
579.3,85,0.069621
532.25,85,0.069455
486.18,85,0.069289
441.04,85,0.069122
396.82,85,0.068954
353.49,85,0.068786
311.03,85,0.068617
269.42,85,0.068447
228.62,85,0.068276
188.63,85,0.068105
149.41,85,0.067934
110.95,85,0.067761
73.221,85,0.067588
36.211,85,0.067414
-0.10236,85,0.06724
-35.738,85,0.067065
-70.714,85,0.066889
-105.05,85,0.066713
-138.76,85,0.066536
-171.86,85,0.066358
-204.37,85,0.06618
-236.3,85,0.066001
-267.67,85,0.065821
-298.5,85,0.065641
-328.79,85,0.06546
-358.56,85,0.065278
-387.84,85,0.065096
-416.61,85,0.064913
-444.91,85,0.064729
-472.75,85,0.064545
-500.13,85,0.06436
-527.07,85,0.064175
-553.57,85,0.063989
-579.66,85,0.063802
-605.33,85,0.063615
-630.6,85,0.063427
-655.49,85,0.063238
-679.99,85,0.063049
-704.13,85,0.062859
-727.9,85,0.062668
-751.32,85,0.062477
-774.4,85,0.062286
-797.14,85,0.062093
-819.55,85,0.0619
-841.64,85,0.061707
-863.42,85,0.061513
-884.9,85,0.061318
-906.08,85,0.061122
-926.97,85,0.060926
-947.58,85,0.06073
-967.91,85,0.060533
-987.96,85,0.060335
-1007.8,85,0.060137
-1027.3,85,0.059938
-1046.6,85,0.059738
-1065.6,85,0.059538
-1084.4,85,0.059337
-1103,85,0.059136
-1121.3,85,0.058934
-1139.4,85,0.058731
-1157.3,85,0.058528
-1175,85,0.058325
-1192.5,85,0.05812
-1209.7,85,0.057916
-1226.8,85,0.05771
-1243.7,85,0.057504
-1260.4,85,0.057298
-1276.9,85,0.057091
-1293.2,85,0.056883
-1309.3,85,0.056675
-1325.3,85,0.056466
-1341,85,0.056257
-1356.7,85,0.056047
-1372.1,85,0.055837
-1387.4,85,0.055626
-1402.5,85,0.055414
-1417.5,85,0.055202
-1432.4,85,0.05499
-1447.1,85,0.054776
-1461.6,85,0.054563
-1476,85,0.054348
-1490.3,85,0.054134
-1504.4,85,0.053918
-1518.4,85,0.053703
-1532.3,85,0.053486
-1546,85,0.053269
-1559.7,85,0.053052
-1573.2,85,0.052834
-1586.6,85,0.052616
-1599.8,85,0.052397
-1613,85,0.052177
-1626.1,85,0.051957
-1639,85,0.051737
-1651.8,85,0.051515
-1664.6,85,0.051294
-1677.2,85,0.051072
-1689.7,85,0.050849
-1702.2,85,0.050626
-1714.5,85,0.050403
-1726.8,85,0.050179
-1738.9,85,0.049954
-1751,85,0.049729
-1763,85,0.049504
-1774.9,85,0.049278
-1786.7,85,0.049051
-1798.4,85,0.048824
-1810.1,85,0.048597
-1821.7,85,0.048369
-1833.2,85,0.04814
-1844.6,85,0.047911
-1856,85,0.047682
-1867.2,85,0.047452
-1878.5,85,0.047222
-1889.6,85,0.046991
-1900.7,85,0.04676
-1911.7,85,0.046528
-1922.7,85,0.046296
-1933.5,85,0.046063
-1944.4,85,0.04583
-1955.1,85,0.045597
-1965.9,85,0.045363
-1976.5,85,0.045128
-1987.1,85,0.044893
-1997.7,85,0.044658
-2008.2,85,0.044422
-2018.6,85,0.044186
-2029,85,0.043949
-2039.3,85,0.043712
-2049.6,85,0.043475
-2059.9,85,0.043237
-2070.1,85,0.042999
-2080.3,85,0.04276
-2090.4,85,0.042521
-2100.4,85,0.042281
-2110.5,85,0.042041
-2120.5,85,0.0418
-2130.4,85,0.04156
-2140.3,85,0.041318
-2150.2,85,0.041077
-2160.1,85,0.040835
-2169.9,85,0.040592
-2179.6,85,0.040349
-2189.4,85,0.040106
-2199.1,85,0.039862
-2208.7,85,0.039618
-2218.4,85,0.039374
-2228,85,0.039129
-2237.6,85,0.038884
-2247.1,85,0.038638
-2256.7,85,0.038392
-2266.1,85,0.038146
-2275.6,85,0.037899
-2285.1,85,0.037652
-2294.5,85,0.037404
-2303.9,85,0.037156
-2313.2,85,0.036908
-2322.6,85,0.036659
-2331.9,85,0.03641
-2341.2,85,0.036161
-2350.5,85,0.035911
-2359.8,85,0.035661
-2369,85,0.035411
-2378.2,85,0.03516
-2387.4,85,0.034909
-2396.6,85,0.034658
-2405.8,85,0.034406
-2414.9,85,0.034154
-2424.1,85,0.033901
-2433.2,85,0.033649
-2442.3,85,0.033395
-2451.3,85,0.033142
-2460.4,85,0.032888
-2469.5,85,0.032634
-2478.5,85,0.03238
-2487.5,85,0.032125
-2496.5,85,0.03187
-2505.5,85,0.031614
-2514.5,85,0.031359
-2523.5,85,0.031103
-2532.4,85,0.030846
-2541.4,85,0.03059
-2550.3,85,0.030333
-2559.2,85,0.030076
-2568.1,85,0.029818
-2577,85,0.02956
-2585.9,85,0.029302
-2594.8,85,0.029044
-2603.7,85,0.028785
-2612.5,85,0.028526
-2621.4,85,0.028267
-2630.2,85,0.028008
-2639,85,0.027748
-2647.8,85,0.027488
-2656.6,85,0.027227
-2665.4,85,0.026967
-2674.2,85,0.026706
-2683,85,0.026445
-2691.7,85,0.026183
-2700.5,85,0.025922
-2709.2,85,0.02566
-2717.9,85,0.025398
-2726.6,85,0.025135
-2735.3,85,0.024873
-2744,85,0.02461
-2752.7,85,0.024347
-2761.4,85,0.024083
-2770.1,85,0.02382
-2778.7,85,0.023556
-2787.3,85,0.023292
-2796,85,0.023027
-2804.6,85,0.022763
-2813.2,85,0.022498
-2821.8,85,0.022233
-2830.4,85,0.021968
-2838.9,85,0.021702
-2847.5,85,0.021437
-2856,85,0.021171
-2864.5,85,0.020905
-2873,85,0.020638
-2881.5,85,0.020372
-2890,85,0.020105
-2898.4,85,0.019838
-2906.9,85,0.019571
-2915.3,85,0.019304
-2923.7,85,0.019037
-2932.1,85,0.018769
-2940.4,85,0.018501
-2948.8,85,0.018233
-2957.1,85,0.017965
-2965.4,85,0.017697
-2973.7,85,0.017428
-2981.9,85,0.017159
-2990.2,85,0.01689
-2998.4,85,0.016621
-3006.6,85,0.016352
-3014.7,85,0.016083
-3022.8,85,0.015813
-3030.9,85,0.015543
-3039,85,0.015274
-3047,85,0.015004
-3055,85,0.014733
-3063,85,0.014463
-3071,85,0.014193
-3078.9,85,0.013922
-3086.7,85,0.013651
-3094.6,85,0.013381
-3102.4,85,0.01311
-3110.1,85,0.012839
-3117.9,85,0.012567
-3125.5,85,0.012296
-3133.2,85,0.012024
-3140.8,85,0.011753
-3148.3,85,0.011481
-3155.8,85,0.011209
-3163.3,85,0.010937
-3170.7,85,0.010665
-3178,85,0.010393
-3185.3,85,0.010121
-3192.5,85,0.0098486
-3199.7,85,0.0095761
-3206.9,85,0.0093036
-3213.9,85,0.0090309
-3220.9,85,0.0087582
-3227.9,85,0.0084854
-3234.7,85,0.0082125
-3241.6,85,0.0079395
-3248.3,85,0.0076665
-3255,85,0.0073933
-3261.6,85,0.0071201
-3268.1,85,0.0068468
-3274.5,85,0.0065735
-3280.9,85,0.0063001
-3287.2,85,0.0060266
-3293.4,85,0.0057531
-3299.5,85,0.0054795
-3305.6,85,0.0052059
-3311.5,85,0.0049322
-3317.4,85,0.0046584
-3323.1,85,0.0043846
-3328.8,85,0.0041108
-3334.4,85,0.0038369
-3339.8,85,0.003563
-3345.2,85,0.0032891
-3350.4,85,0.0030151
-3355.6,85,0.0027411
-3360.6,85,0.0024671
-3365.5,85,0.002193
-3370.3,85,0.0019189
-3375,85,0.0016448
-3379.6,85,0.0013707
-3384,85,0.0010966
-3388.3,85,0.00082245
-3392.5,85,0.00054831
-3396.6,85,0.00027416
-3400.5,85,-1.711e-16
-3404.2,85,-0.00027416
-3407.8,85,-0.00054831
-3411.3,85,-0.00082245
-3414.6,85,-0.0010966
-3417.8,85,-0.0013707
-3420.8,85,-0.0016448
-3423.7,85,-0.0019189
-3426.4,85,-0.002193
-3428.9,85,-0.0024671
-3431.2,85,-0.0027411
-3433.4,85,-0.0030151
-3435.4,85,-0.0032891
-3437.2,85,-0.003563
-3438.9,85,-0.0038369
-3440.3,85,-0.0041108
-3441.5,85,-0.0043846
-3442.6,85,-0.0046584
-3443.4,85,-0.0049322
-3444.1,85,-0.0052059
-3444.5,85,-0.0054795
-3444.7,85,-0.0057531
-3444.7,85,-0.0060266
-3444.5,85,-0.0063001
-3444.1,85,-0.0065735
-3443.4,85,-0.0068468
-3442.4,85,-0.0071201
-3441.3,85,-0.0073933
-3439.9,85,-0.0076665
-3438.2,85,-0.0079395
-3436.3,85,-0.0082125
-3434.1,85,-0.0084854
-3431.7,85,-0.0087582
-3429,85,-0.0090309
-3426,85,-0.0093036
-3422.7,85,-0.0095761
-3419.1,85,-0.0098486
-3415.3,85,-0.010121
-3411.1,85,-0.010393
-3406.7,85,-0.010665
-3401.9,85,-0.010937
-3396.8,85,-0.011209
-3391.4,85,-0.011481
-3385.7,85,-0.011753
-3379.6,85,-0.012024
-3373.2,85,-0.012296
-3366.4,85,-0.012567
-3359.3,85,-0.012839
-3351.8,85,-0.01311
-3343.9,85,-0.013381
-3335.7,85,-0.013651
-3327.1,85,-0.013922
-3318,85,-0.014193
-3308.6,85,-0.014463
-3298.8,85,-0.014733
-3288.6,85,-0.015004
-3277.9,85,-0.015274
-3266.8,85,-0.015543
-3255.2,85,-0.015813
-3243.2,85,-0.016083
-3230.8,85,-0.016352
-3217.9,85,-0.016621
-3204.4,85,-0.01689
-3190.5,85,-0.017159
-3176.1,85,-0.017428
-3161.2,85,-0.017697
-3145.8,85,-0.017965
-3129.8,85,-0.018233
-3113.3,85,-0.018501
-3096.3,85,-0.018769
-3078.7,85,-0.019037
-3060.4,85,-0.019304
-3041.6,85,-0.019571
-3022.2,85,-0.019838
-3002.2,85,-0.020105
-2981.6,85,-0.020372
-2960.3,85,-0.020638
-2938.3,85,-0.020905
-2915.7,85,-0.021171
-2892.4,85,-0.021437
-2868.4,85,-0.021702
-2843.7,85,-0.021968
-2818.2,85,-0.022233
-2792,85,-0.022498
-2765,85,-0.022763
-2737.2,85,-0.023027
-2708.7,85,-0.023292
-2679.3,85,-0.023556
-2649.1,85,-0.02382
-2618,85,-0.024083
-2586,85,-0.024347
-2553.2,85,-0.02461
-2519.4,85,-0.024873
-2484.7,85,-0.025135
-2449.1,85,-0.025398
-2412.4,85,-0.02566
-2374.8,85,-0.025922
-2336.1,85,-0.026183
-2296.5,85,-0.026445
-2255.7,85,-0.026706
-2213.9,85,-0.026967
-2171,85,-0.027227
-2126.9,85,-0.027488
-2081.7,85,-0.027748
-2035.3,85,-0.028008
-1987.8,85,-0.028267
-1939,85,-0.028526
-1889,85,-0.028785
-1837.7,85,-0.029044
-1785.2,85,-0.029302
-1731.4,85,-0.02956
-1676.2,85,-0.029818
-1619.8,85,-0.030076
-1562,85,-0.030333
-1502.9,85,-0.03059
-1442.4,85,-0.030846
-1380.6,85,-0.031103
-1317.4,85,-0.031359
-1252.8,85,-0.031614
-1186.8,85,-0.03187
-1119.5,85,-0.032125
-1050.8,85,-0.03238
-980.74,85,-0.032634
-909.37,85,-0.032888
-836.69,85,-0.033142
-762.73,85,-0.033395
-687.53,85,-0.033649
-611.12,85,-0.033901
-533.56,85,-0.034154
-454.9,85,-0.034406
-375.21,85,-0.034658
-294.57,85,-0.034909
-213.04,85,-0.03516
-130.74,85,-0.035411
-47.76,85,-0.035661
35.784,85,-0.035911
119.77,85,-0.036161
204.05,85,-0.03641
288.49,85,-0.036659
372.93,85,-0.036908
457.19,85,-0.037156
541.1,85,-0.037404
624.46,85,-0.037652
707.07,85,-0.037899
788.73,85,-0.038146
869.21,85,-0.038392
948.28,85,-0.038638
1025.7,85,-0.038884
1101.3,85,-0.039129
1174.8,85,-0.039374
1245.9,85,-0.039618
1314.4,85,-0.039862
1380.1,85,-0.040106
1442.8,85,-0.040349
1502.3,85,-0.040592
1558.2,85,-0.040835
1610.5,85,-0.041077
1659,85,-0.041318
1703.5,85,-0.04156
1743.8,85,-0.0418
1780,85,-0.042041
1811.7,85,-0.042281
1839.1,85,-0.042521
1862,85,-0.04276
1880.5,85,-0.042999
1894.5,85,-0.043237
1904,85,-0.043475
1909.2,85,-0.043712
1910.1,85,-0.043949
1906.8,85,-0.044186
1899.5,85,-0.044422
1888.2,85,-0.044658
1873.2,85,-0.044893
1854.5,85,-0.045128
1832.5,85,-0.045363
1807.3,85,-0.045597
1779,85,-0.04583
1748,85,-0.046063
1714.3,85,-0.046296
1678.3,85,-0.046528
1640.1,85,-0.04676
1599.9,85,-0.046991
1557.9,85,-0.047222
1514.4,85,-0.047452
1469.5,85,-0.047682
1423.4,85,-0.047911
1376.2,85,-0.04814
1328.2,85,-0.048369
1279.5,85,-0.048597
1230.2,85,-0.048824
1180.5,85,-0.049051
1130.5,85,-0.049278
1080.2,85,-0.049504
1029.9,85,-0.049729
979.64,85,-0.049954
929.46,85,-0.050179
879.47,85,-0.050403
829.74,85,-0.050626
780.34,85,-0.050849
731.32,85,-0.051072
682.74,85,-0.051294
634.64,85,-0.051515
587.07,85,-0.051737
540.07,85,-0.051957
493.65,85,-0.052177
447.85,85,-0.052397
402.69,85,-0.052616
358.19,85,-0.052834
314.36,85,-0.053052
271.22,85,-0.053269
228.77,85,-0.053486
187.03,85,-0.053703
145.99,85,-0.053918
105.66,85,-0.054134
66.04,85,-0.054348
27.13,85,-0.054563
-11.073,85,-0.054776
-48.572,85,-0.05499
-85.372,85,-0.055202
-121.48,85,-0.055414
-156.89,85,-0.055626
-191.63,85,-0.055837
-225.69,85,-0.056047
-259.08,85,-0.056257
-291.82,85,-0.056466
-323.91,85,-0.056675
-355.36,85,-0.056883
-386.17,85,-0.057091
-416.37,85,-0.057298
-445.95,85,-0.057504
-474.93,85,-0.05771
-503.31,85,-0.057916
-531.11,85,-0.05812
-558.34,85,-0.058325
-585,85,-0.058528
-611.11,85,-0.058731
-636.67,85,-0.058934
-661.7,85,-0.059136
-686.2,85,-0.059337
-710.18,85,-0.059538
-733.65,85,-0.059738
-756.62,85,-0.059938
-779.1,85,-0.060137
-801.09,85,-0.060335
-822.61,85,-0.060533
-843.67,85,-0.06073
-864.27,85,-0.060926
-884.42,85,-0.061122
-904.12,85,-0.061318
-923.39,85,-0.061513
-942.24,85,-0.061707
-960.66,85,-0.0619
-978.67,85,-0.062093
-996.28,85,-0.062286
-1013.5,85,-0.062477
-1030.3,85,-0.062668
-1046.7,85,-0.062859
-1062.8,85,-0.063049
-1078.5,85,-0.063238
-1093.8,85,-0.063427
-1108.7,85,-0.063615
-1123.3,85,-0.063802
-1137.6,85,-0.063989
-1151.5,85,-0.064175
-1165.1,85,-0.06436
-1178.3,85,-0.064545
-1191.3,85,-0.064729
-1203.9,85,-0.064913
-1216.1,85,-0.065096
-1228.1,85,-0.065278
-1239.8,85,-0.06546
-1251.1,85,-0.065641
-1262.2,85,-0.065821
-1273,85,-0.066001
-1283.5,85,-0.06618
-1293.7,85,-0.066358
-1303.7,85,-0.066536
-1313.3,85,-0.066713
-1322.7,85,-0.066889
-1331.8,85,-0.067065
-1340.7,85,-0.06724
-1349.3,85,-0.067414
-1357.7,85,-0.067588
-1365.8,85,-0.067761
-1373.7,85,-0.067934
-1381.3,85,-0.068105
-1388.7,85,-0.068276
-1395.8,85,-0.068447
-1402.8,85,-0.068617
-1409.5,85,-0.068786
-1415.9,85,-0.068954
-1422.2,85,-0.069122
-1428.2,85,-0.069289
-1434.1,85,-0.069455
-1439.7,85,-0.069621
-1445.1,85,-0.069786
-1450.3,85,-0.06995
-1455.3,85,-0.070113
-1460.1,85,-0.070276
-1464.7,85,-0.070439
-1469.1,85,-0.0706
-1473.4,85,-0.070761
-1477.4,85,-0.070921
-1481.3,85,-0.07108
-1485,85,-0.071239
-1488.5,85,-0.071397
-1491.8,85,-0.071554
-1495,85,-0.071711
-1498,85,-0.071867
-1500.8,85,-0.072022
-1503.4,85,-0.072176
-1505.9,85,-0.07233
-1508.3,85,-0.072483
-1510.4,85,-0.072635
-1512.5,85,-0.072787
-1514.3,85,-0.072938
-1516.1,85,-0.073088
-1517.6,85,-0.073238
-1519.1,85,-0.073386
-1520.3,85,-0.073534
-1521.5,85,-0.073682
-1522.5,85,-0.073828
-1523.4,85,-0.073974
-1524.1,85,-0.074119
-1524.7,85,-0.074263
-1525.2,85,-0.074407
-1525.5,85,-0.07455
-1525.7,85,-0.074692
-1525.8,85,-0.074833
-1525.8,85,-0.074974
-1525.7,85,-0.075114
-1525.4,85,-0.075253
-1525,85,-0.075392
-1524.5,85,-0.075529
-1523.9,85,-0.075666
-1523.2,85,-0.075802
-1522.4,85,-0.075938
-1521.5,85,-0.076073
-1520.4,85,-0.076207
-1519.3,85,-0.07634
-1518.1,85,-0.076472
-1516.7,85,-0.076604
-1515.3,85,-0.076735
-1513.8,85,-0.076865
-1512.1,85,-0.076994
-1510.4,85,-0.077123
-1508.6,85,-0.077251
-1506.7,85,-0.077378
-1504.7,85,-0.077505
-1502.6,85,-0.07763
-1500.5,85,-0.077755
-1498.2,85,-0.077879
-1495.9,85,-0.078002
-1493.5,85,-0.078125
-1491,85,-0.078247
-1488.5,85,-0.078368
-1485.8,85,-0.078488
-1483.1,85,-0.078607
-1480.3,85,-0.078726
-1477.5,85,-0.078844
-1474.6,85,-0.078961
-1471.6,85,-0.079077
-1468.5,85,-0.079193
-1465.4,85,-0.079308
-1462.2,85,-0.079422
-1458.9,85,-0.079535
-1455.6,85,-0.079647
-1452.2,85,-0.079759
-1448.8,85,-0.07987
-1445.3,85,-0.07998
-1441.8,85,-0.080089
-1438.2,85,-0.080198
-1434.5,85,-0.080305
-1430.8,85,-0.080412
-1427,85,-0.080518
-1423.2,85,-0.080624
-1419.3,85,-0.080728
-1415.4,85,-0.080832
-1411.5,85,-0.080935
-1407.4,85,-0.081037
-1403.4,85,-0.081138
-1399.3,85,-0.081239
-1395.2,85,-0.081339
-1391,85,-0.081437
-1386.8,85,-0.081536
-1382.5,85,-0.081633
-1378.2,85,-0.081729
-1373.9,85,-0.081825
-1369.5,85,-0.08192
-1365.1,85,-0.082014
-1360.6,85,-0.082107
-1356.1,85,-0.0822
-1351.6,85,-0.082291
-1347.1,85,-0.082382
-1342.5,85,-0.082472
-1337.9,85,-0.082562
-1333.3,85,-0.08265
-1328.6,85,-0.082737
-1324,85,-0.082824
-1319.2,85,-0.08291
-1314.5,85,-0.082995
-1309.8,85,-0.08308
-1305,85,-0.083163
-1300.2,85,-0.083246
-1295.3,85,-0.083328
-1290.5,85,-0.083409
-1285.6,85,-0.083489
-1280.8,85,-0.083568
-1275.9,85,-0.083647
-1270.9,85,-0.083725
-1266,85,-0.083801
-1261.1,85,-0.083878
-1256.1,85,-0.083953
-1251.1,85,-0.084027
-1246.1,85,-0.084101
-1241.1,85,-0.084174
-1236.1,85,-0.084245
-1231.1,85,-0.084317
-1226.1,85,-0.084387
-1221,85,-0.084456
-1216,85,-0.084525
-1210.9,85,-0.084593
-1205.9,85,-0.08466
-1200.8,85,-0.084726
-1195.7,85,-0.084791
-1190.7,85,-0.084855
-1185.6,85,-0.084919
-1180.5,85,-0.084982
-1175.4,85,-0.085044
-1170.4,85,-0.085105
-1165.3,85,-0.085165
-1160.2,85,-0.085224
-1155.1,85,-0.085283
-1150.1,85,-0.08534
-1145,85,-0.085397
-1139.9,85,-0.085453
-1134.9,85,-0.085508
-1129.8,85,-0.085563
-1124.7,85,-0.085616
-1119.7,85,-0.085669
-1114.7,85,-0.085721
-1109.6,85,-0.085772
-1104.6,85,-0.085822
-1099.6,85,-0.085871
-1094.6,85,-0.085919
-1089.6,85,-0.085967
-1084.7,85,-0.086014
-1079.7,85,-0.08606
-1074.7,85,-0.086105
-1069.8,85,-0.086149
-1064.9,85,-0.086192
-1060,85,-0.086235
-1055.1,85,-0.086276
-1050.2,85,-0.086317
-1045.4,85,-0.086357
-1040.6,85,-0.086396
-1035.8,85,-0.086434
-1031,85,-0.086471
-1026.2,85,-0.086508
-1021.5,85,-0.086544
-1016.7,85,-0.086578
-1012.1,85,-0.086612
-1007.4,85,-0.086645
-1002.7,85,-0.086678
-998.12,85,-0.086709
-993.53,85,-0.086739
-988.97,85,-0.086769
-984.44,85,-0.086798
-979.94,85,-0.086826
-975.48,85,-0.086853
-971.04,85,-0.086879
-966.64,85,-0.086905
-962.27,85,-0.086929
-957.94,85,-0.086953
-953.64,85,-0.086976
-949.39,85,-0.086997
-945.17,85,-0.087019
-940.99,85,-0.087039
-936.85,85,-0.087058
-932.76,85,-0.087077
-928.7,85,-0.087094
-924.7,85,-0.087111
-920.73,85,-0.087127
-916.82,85,-0.087142
-912.95,85,-0.087156
-909.13,85,-0.08717
-905.36,85,-0.087182
-901.65,85,-0.087194
-897.99,85,-0.087204
-894.38,85,-0.087214
-890.83,85,-0.087223
-887.34,85,-0.087232
-883.9,85,-0.087239
-880.53,85,-0.087245
-877.22,85,-0.087251
-873.97,85,-0.087256
-870.79,85,-0.08726
-867.68,85,-0.087263
-864.64,85,-0.087265
-861.66,85,-0.087266
-858.76,85,-0.087266
-855.94,85,-0.087266
-853.19,85,-0.087265
-850.52,85,-0.087263
-847.93,85,-0.08726
-845.43,85,-0.087256
-843.01,85,-0.087251
-840.68,85,-0.087245
-838.44,85,-0.087239
-836.29,85,-0.087232
-834.24,85,-0.087223
-832.28,85,-0.087214
-830.43,85,-0.087204
-828.68,85,-0.087194
-827.03,85,-0.087182
-825.5,85,-0.08717
-824.07,85,-0.087156
-822.77,85,-0.087142
-821.58,85,-0.087127
-820.51,85,-0.087111
-819.57,85,-0.087094
-818.75,85,-0.087077
-818.07,85,-0.087058
-817.53,85,-0.087039
-817.12,85,-0.087019
-816.86,85,-0.086997
-816.76,85,-0.086976
-816.8,85,-0.086953
-817,85,-0.086929
-817.37,85,-0.086905
-817.9,85,-0.086879
-818.6,85,-0.086853
-819.49,85,-0.086826
-820.55,85,-0.086798
-821.81,85,-0.086769
-823.26,85,-0.086739
-824.91,85,-0.086709
-826.77,85,-0.086678
-828.85,85,-0.086645
-831.14,85,-0.086612
-833.66,85,-0.086578
-836.42,85,-0.086544
-839.43,85,-0.086508
-842.68,85,-0.086471
-846.19,85,-0.086434
-849.97,85,-0.086396
-854.03,85,-0.086357
-858.37,85,-0.086317
-863.01,85,-0.086276
-867.95,85,-0.086235
-873.22,85,-0.086192
-878.8,85,-0.086149
-884.73,85,-0.086105
-891,85,-0.08606
-897.64,85,-0.086014
-904.65,85,-0.085967
-912.05,85,-0.085919
-919.86,85,-0.085871
-928.07,85,-0.085822
-936.72,85,-0.085772
-945.82,85,-0.085721
-955.38,85,-0.085669
-965.41,85,-0.085616
-975.94,85,-0.085563
-986.99,85,-0.085508
-998.57,85,-0.085453
-1010.7,85,-0.085397
-1023.4,85,-0.08534
-1036.7,85,-0.085283
-1050.6,85,-0.085224
-1065.2,85,-0.085165
-1080.4,85,-0.085105
-1096.3,85,-0.085044
-1113,85,-0.084982
-1130.3,85,-0.084919
-1148.5,85,-0.084855
-1167.4,85,-0.084791
-1187.2,85,-0.084726
-1207.8,85,-0.08466
-1229.3,85,-0.084593
-1251.8,85,-0.084525
-1275.2,85,-0.084456
-1299.6,85,-0.084387
-1325,85,-0.084317
-1351.6,85,-0.084245
-1379.2,85,-0.084174
-1408,85,-0.084101
-1437.9,85,-0.084027
-1469.2,85,-0.083953
-1501.7,85,-0.083878
-1535.5,85,-0.083801
-1570.7,85,-0.083725
-1607.3,85,-0.083647
-1645.4,85,-0.083568
-1685,85,-0.083489
-1726.2,85,-0.083409
-1769,85,-0.083328
-1813.4,85,-0.083246
-1859.6,85,-0.083163
-1907.5,85,-0.08308
-1957.2,85,-0.082995
-2008.8,85,-0.08291
-2062.3,85,-0.082824
-2117.7,85,-0.082737
-2175,85,-0.08265
-2234.4,85,-0.082562
-2295.8,85,-0.082472
-2359.2,85,-0.082382
-2424.7,85,-0.082291
-2492.2,85,-0.0822
-2561.8,85,-0.082107
-2633.4,85,-0.082014
-2707.1,85,-0.08192
-2782.7,85,-0.081825
-2860.2,85,-0.081729
-2939.6,85,-0.081633
-3020.7,85,-0.081536
-3103.5,85,-0.081437
-3187.7,85,-0.081339
-3273.3,85,-0.081239
-3360,85,-0.081138
-3447.6,85,-0.081037
-3535.9,85,-0.080935
-3624.7,85,-0.080832
-3713.6,85,-0.080728
-3802.2,85,-0.080624
-3890.3,85,-0.080518
-3977.4,85,-0.080412
-4063.1,85,-0.080305
-4147.1,85,-0.080198
-4228.7,85,-0.080089
-4307.6,85,-0.07998
-4383.2,85,-0.07987
-4455.1,85,-0.079759
-4522.8,85,-0.079647
-4585.8,85,-0.079535
-4643.6,85,-0.079422
-4695.7,85,-0.079308
-4741.8,85,-0.079193
-4781.5,85,-0.079077
-4814.4,85,-0.078961
-4840.3,85,-0.078844
-4858.9,85,-0.078726
-4870.1,85,-0.078607
-4873.7,85,-0.078488
-4869.8,85,-0.078368
-4858.3,85,-0.078247
-4839.4,85,-0.078125
-4813.2,85,-0.078002
-4779.9,85,-0.077879
-4739.9,85,-0.077755
-4693.3,85,-0.07763
-4640.6,85,-0.077505
-4582.2,85,-0.077378
-4518.4,85,-0.077251
-4449.7,85,-0.077123
-4376.6,85,-0.076994
-4299.5,85,-0.076865
-4218.8,85,-0.076735
-4135.1,85,-0.076604
-4048.6,85,-0.076472
-3959.9,85,-0.07634
-3869.3,85,-0.076207
-3777.2,85,-0.076073
-3683.9,85,-0.075938
-3589.9,85,-0.075802
-3495.3,85,-0.075666
-3400.5,85,-0.075529
-3305.7,85,-0.075392
-3211.1,85,-0.075253
-3117,85,-0.075114
-3023.5,85,-0.074974
-2930.8,85,-0.074833
-2839,85,-0.074692
-2748.3,85,-0.07455
-2658.7,85,-0.074407
-2570.4,85,-0.074263
-2483.4,85,-0.074119
-2397.7,85,-0.073974
-2313.5,85,-0.073828
-2230.8,85,-0.073682
-2149.5,85,-0.073534
-2069.7,85,-0.073386
-1991.5,85,-0.073238
-1914.8,85,-0.073088
-1839.6,85,-0.072938
-1765.9,85,-0.072787
-1693.7,85,-0.072635
-1623,85,-0.072483
-1553.8,85,-0.07233
-1486.1,85,-0.072176
-1419.8,85,-0.072022
-1354.9,85,-0.071867
-1291.4,85,-0.071711
-1229.2,85,-0.071554
-1168.4,85,-0.071397
-1108.9,85,-0.071239
-1050.7,85,-0.07108
-993.68,85,-0.070921
-937.92,85,-0.070761
-883.34,85,-0.0706
-829.93,85,-0.070439
-777.64,85,-0.070276
-726.47,85,-0.070113
-676.36,85,-0.06995
-627.31,85,-0.069786
-579.27,85,-0.069621
-532.23,85,-0.069455
-486.15,85,-0.069289
-441.02,85,-0.069122
-396.8,85,-0.068954
-353.47,85,-0.068786
-311.01,85,-0.068617
-269.4,85,-0.068447
-228.6,85,-0.068276
-188.61,85,-0.068105
-149.39,85,-0.067934
-110.93,85,-0.067761
-73.202,85,-0.067588
-36.192,85,-0.067414
0.12076,85,-0.06724
35.756,85,-0.067065
70.731,85,-0.066889
105.06,85,-0.066713
138.77,85,-0.066536
171.87,85,-0.066358
204.38,85,-0.06618
236.31,85,-0.066001
267.69,85,-0.065821
298.51,85,-0.065641
328.8,85,-0.06546
358.58,85,-0.065278
387.85,85,-0.065096
416.63,85,-0.064913
444.93,85,-0.064729
472.76,85,-0.064545
500.14,85,-0.06436
527.08,85,-0.064175
553.58,85,-0.063989
579.67,85,-0.063802
605.34,85,-0.063615
630.62,85,-0.063427
655.5,85,-0.063238
680,85,-0.063049
704.14,85,-0.062859
727.91,85,-0.062668
751.33,85,-0.062477
774.41,85,-0.062286
797.15,85,-0.062093
819.56,85,-0.0619
841.65,85,-0.061707
863.43,85,-0.061513
884.91,85,-0.061318
906.09,85,-0.061122
926.98,85,-0.060926
947.58,85,-0.06073
967.91,85,-0.060533
987.97,85,-0.060335
1007.8,85,-0.060137
1027.3,85,-0.059938
1046.6,85,-0.059738
1065.6,85,-0.059538
1084.4,85,-0.059337
1103,85,-0.059136
1121.3,85,-0.058934
1139.4,85,-0.058731
1157.3,85,-0.058528
1175,85,-0.058325
1192.5,85,-0.05812
1209.8,85,-0.057916
1226.8,85,-0.05771
1243.7,85,-0.057504
1260.4,85,-0.057298
1276.9,85,-0.057091
1293.2,85,-0.056883
1309.3,85,-0.056675
1325.3,85,-0.056466
1341,85,-0.056257
1356.7,85,-0.056047
1372.1,85,-0.055837
1387.4,85,-0.055626
1402.5,85,-0.055414
1417.5,85,-0.055202
1432.4,85,-0.05499
1447.1,85,-0.054776
1461.6,85,-0.054563
1476,85,-0.054348
1490.3,85,-0.054134
1504.4,85,-0.053918
1518.4,85,-0.053703
1532.3,85,-0.053486
1546,85,-0.053269
1559.7,85,-0.053052
1573.2,85,-0.052834
1586.6,85,-0.052616
1599.8,85,-0.052397
1613,85,-0.052177
1626.1,85,-0.051957
1639,85,-0.051737
1651.8,85,-0.051515
1664.6,85,-0.051294
1677.2,85,-0.051072
1689.7,85,-0.050849
1702.2,85,-0.050626
1714.5,85,-0.050403
1726.8,85,-0.050179
1738.9,85,-0.049954
1751,85,-0.049729
1763,85,-0.049504
1774.9,85,-0.049278
1786.7,85,-0.049051
1798.4,85,-0.048824
1810.1,85,-0.048597
1821.7,85,-0.048369
1833.2,85,-0.04814
1844.6,85,-0.047911
1856,85,-0.047682
1867.2,85,-0.047452
1878.5,85,-0.047222
1889.6,85,-0.046991
1900.7,85,-0.04676
1911.7,85,-0.046528
1922.7,85,-0.046296
1933.5,85,-0.046063
1944.4,85,-0.04583
1955.1,85,-0.045597
1965.9,85,-0.045363
1976.5,85,-0.045128
1987.1,85,-0.044893
1997.7,85,-0.044658
2008.2,85,-0.044422
2018.6,85,-0.044186
2029,85,-0.043949
2039.3,85,-0.043712
2049.6,85,-0.043475
2059.9,85,-0.043237
2070.1,85,-0.042999
2080.3,85,-0.04276
2090.4,85,-0.042521
2100.4,85,-0.042281
2110.5,85,-0.042041
2120.5,85,-0.0418
2130.4,85,-0.04156
2140.3,85,-0.041318
2150.2,85,-0.041077
2160.1,85,-0.040835
2169.9,85,-0.040592
2179.6,85,-0.040349
2189.4,85,-0.040106
2199.1,85,-0.039862
2208.7,85,-0.039618
2218.4,85,-0.039374
2228,85,-0.039129
2237.6,85,-0.038884
2247.1,85,-0.038638
2256.7,85,-0.038392
2266.1,85,-0.038146
2275.6,85,-0.037899
2285.1,85,-0.037652
2294.5,85,-0.037404
2303.9,85,-0.037156
2313.2,85,-0.036908
2322.6,85,-0.036659
2331.9,85,-0.03641
2341.2,85,-0.036161
2350.5,85,-0.035911
2359.8,85,-0.035661
2369,85,-0.035411
2378.2,85,-0.03516
2387.4,85,-0.034909
2396.6,85,-0.034658
2405.8,85,-0.034406
2414.9,85,-0.034154
2424.1,85,-0.033901
2433.2,85,-0.033649
2442.3,85,-0.033395
2451.3,85,-0.033142
2460.4,85,-0.032888
2469.5,85,-0.032634
2478.5,85,-0.03238
2487.5,85,-0.032125
2496.5,85,-0.03187
2505.5,85,-0.031614
2514.5,85,-0.031359
2523.5,85,-0.031103
2532.4,85,-0.030846
2541.4,85,-0.03059
2550.3,85,-0.030333
2559.2,85,-0.030076
2568.1,85,-0.029818
2577,85,-0.02956
2585.9,85,-0.029302
2594.8,85,-0.029044
2603.7,85,-0.028785
2612.5,85,-0.028526
2621.4,85,-0.028267
2630.2,85,-0.028008
2639,85,-0.027748
2647.8,85,-0.027488
2656.6,85,-0.027227
2665.4,85,-0.026967
2674.2,85,-0.026706
2683,85,-0.026445
2691.7,85,-0.026183
2700.5,85,-0.025922
2709.2,85,-0.02566
2717.9,85,-0.025398
2726.6,85,-0.025135
2735.3,85,-0.024873
2744,85,-0.02461
2752.7,85,-0.024347
2761.4,85,-0.024083
2770.1,85,-0.02382
2778.7,85,-0.023556
2787.3,85,-0.023292
2796,85,-0.023027
2804.6,85,-0.022763
2813.2,85,-0.022498
2821.8,85,-0.022233
2830.4,85,-0.021968
2838.9,85,-0.021702
2847.5,85,-0.021437
2856,85,-0.021171
2864.5,85,-0.020905
2873,85,-0.020638
2881.5,85,-0.020372
2890,85,-0.020105
2898.4,85,-0.019838
2906.9,85,-0.019571
2915.3,85,-0.019304
2923.7,85,-0.019037
2932.1,85,-0.018769
2940.4,85,-0.018501
2948.8,85,-0.018233
2957.1,85,-0.017965
2965.4,85,-0.017697
2973.7,85,-0.017428
2981.9,85,-0.017159
2990.2,85,-0.01689
2998.4,85,-0.016621
3006.6,85,-0.016352
3014.7,85,-0.016083
3022.8,85,-0.015813
3030.9,85,-0.015543
3039,85,-0.015274
3047,85,-0.015004
3055,85,-0.014733
3063,85,-0.014463
3071,85,-0.014193
3078.9,85,-0.013922
3086.7,85,-0.013651
3094.6,85,-0.013381
3102.4,85,-0.01311
3110.1,85,-0.012839
3117.9,85,-0.012567
3125.5,85,-0.012296
3133.2,85,-0.012024
3140.8,85,-0.011753
3148.3,85,-0.011481
3155.8,85,-0.011209
3163.3,85,-0.010937
3170.7,85,-0.010665
3178,85,-0.010393
3185.3,85,-0.010121
3192.5,85,-0.0098486
3199.7,85,-0.0095761
3206.9,85,-0.0093036
3213.9,85,-0.0090309
3220.9,85,-0.0087582
3227.9,85,-0.0084854
3234.7,85,-0.0082125
3241.6,85,-0.0079395
3248.3,85,-0.0076665
3255,85,-0.0073933
3261.6,85,-0.0071201
3268.1,85,-0.0068468
3274.5,85,-0.0065735
3280.9,85,-0.0063001
3287.2,85,-0.0060266
3293.4,85,-0.0057531
3299.5,85,-0.0054795
3305.6,85,-0.0052059
3311.5,85,-0.0049322
3317.4,85,-0.0046584
3323.1,85,-0.0043846
3328.8,85,-0.0041108
3334.4,85,-0.0038369
3339.8,85,-0.003563
3345.2,85,-0.0032891
3350.4,85,-0.0030151
3355.6,85,-0.0027411
3360.6,85,-0.0024671
3365.5,85,-0.002193
3370.4,85,-0.0019189
3375,85,-0.0016448
3379.6,85,-0.0013707
3384,85,-0.0010966
3388.3,85,-0.00082245
3392.5,85,-0.00054831
3396.6,85,-0.00027416
3400.5,85,-1.4962e-16
3404.2,85,0.00027416
3407.8,85,0.00054831
3411.3,85,0.00082245
3414.6,85,0.0010966
3417.8,85,0.0013707
3420.8,85,0.0016448
3423.7,85,0.0019189
3426.4,85,0.002193
3428.9,85,0.0024671
3431.2,85,0.0027411
3433.4,85,0.0030151
3435.4,85,0.0032891
3437.2,85,0.003563
3438.9,85,0.0038369
3440.3,85,0.0041108
3441.5,85,0.0043846
3442.6,85,0.0046584
3443.4,85,0.0049322
3444.1,85,0.0052059
3444.5,85,0.0054795
3444.7,85,0.0057531
3444.7,85,0.0060266
3444.5,85,0.0063001
3444.1,85,0.0065735
3443.4,85,0.0068468
3442.4,85,0.0071201
3441.3,85,0.0073933
3439.9,85,0.0076665
3438.2,85,0.0079395
3436.3,85,0.0082125
3434.1,85,0.0084854
3431.7,85,0.0087582
3429,85,0.0090309
3426,85,0.0093036
3422.7,85,0.0095761
3419.1,85,0.0098486
3415.3,85,0.010121
3411.1,85,0.010393
3406.7,85,0.010665
3401.9,85,0.010937
3396.8,85,0.011209
3391.4,85,0.011481
3385.7,85,0.011753
3379.6,85,0.012024
3373.2,85,0.012296
3366.4,85,0.012567
3359.3,85,0.012839
3351.8,85,0.01311
3343.9,85,0.013381
3335.7,85,0.013651
3327.1,85,0.013922
3318,85,0.014193
3308.6,85,0.014463
3298.8,85,0.014733
3288.6,85,0.015004
3277.9,85,0.015274
3266.8,85,0.015543
3255.2,85,0.015813
3243.2,85,0.016083
3230.8,85,0.016352
3217.9,85,0.016621
3204.4,85,0.01689
3190.5,85,0.017159
3176.1,85,0.017428
3161.2,85,0.017697
3145.8,85,0.017965
3129.8,85,0.018233
3113.3,85,0.018501
3096.3,85,0.018769
3078.7,85,0.019037
3060.4,85,0.019304
3041.7,85,0.019571
3022.3,85,0.019838
3002.2,85,0.020105
2981.6,85,0.020372
2960.3,85,0.020638
2938.3,85,0.020905
2915.7,85,0.021171
2892.4,85,0.021437
2868.4,85,0.021702
2843.7,85,0.021968
2818.2,85,0.022233
2792,85,0.022498
2765,85,0.022763
2737.2,85,0.023027
2708.7,85,0.023292
2679.3,85,0.023556
2649.1,85,0.02382
2618,85,0.024083
2586,85,0.024347
2553.2,85,0.02461
2519.4,85,0.024873
2484.7,85,0.025135
2449.1,85,0.025398
2412.4,85,0.02566
2374.8,85,0.025922
2336.1,85,0.026183
2296.5,85,0.026445
2255.7,85,0.026706
2213.9,85,0.026967
2171,85,0.027227
2126.9,85,0.027488
2081.7,85,0.027748
2035.3,85,0.028008
1987.8,85,0.028267
1939,85,0.028526
1889,85,0.028785
1837.7,85,0.029044
1785.2,85,0.029302
1731.4,85,0.02956
1676.2,85,0.029818
1619.8,85,0.030076
1562,85,0.030333
1502.9,85,0.03059
1442.4,85,0.030846
1380.6,85,0.031103
1317.4,85,0.031359
1252.8,85,0.031614
1186.8,85,0.03187
1119.5,85,0.032125
1050.8,85,0.03238
980.74,85,0.032634
909.37,85,0.032888
836.69,85,0.033142
762.73,85,0.033395
687.53,85,0.033649
611.12,85,0.033901
533.56,85,0.034154
454.91,85,0.034406
375.22,85,0.034658
294.57,85,0.034909
213.05,85,0.03516
130.75,85,0.035411
47.765,85,0.035661
-35.78,85,0.035911
-119.76,85,0.036161
-204.05,85,0.03641
-288.49,85,0.036659
-372.92,85,0.036908
-457.19,85,0.037156
-541.09,85,0.037404
-624.46,85,0.037652
-707.07,85,0.037899
-788.73,85,0.038146
-869.2,85,0.038392
-948.28,85,0.038638
-1025.7,85,0.038884
-1101.3,85,0.039129
-1174.8,85,0.039374
-1245.9,85,0.039618
-1314.4,85,0.039862
-1380.1,85,0.040106
-1442.8,85,0.040349
-1502.3,85,0.040592
-1558.2,85,0.040835
-1610.5,85,0.041077
-1659,85,0.041318
-1703.5,85,0.04156
-1743.8,85,0.0418
-1780,85,0.042041
-1811.7,85,0.042281
-1839.1,85,0.042521
-1862,85,0.04276
-1880.5,85,0.042999
-1894.5,85,0.043237
-1904,85,0.043475
-1909.2,85,0.043712
-1910.1,85,0.043949
-1906.8,85,0.044186
-1899.5,85,0.044422
-1888.2,85,0.044658
-1873.2,85,0.044893
-1854.5,85,0.045128
-1832.5,85,0.045363
-1807.3,85,0.045597
-1779,85,0.04583
-1748,85,0.046063
-1714.3,85,0.046296
-1678.3,85,0.046528
-1640.1,85,0.04676
-1599.9,85,0.046991
-1557.9,85,0.047222
-1514.4,85,0.047452
-1469.5,85,0.047682
-1423.4,85,0.047911
-1376.2,85,0.04814
-1328.2,85,0.048369
-1279.5,85,0.048597
-1230.2,85,0.048824
-1180.5,85,0.049051
-1130.5,85,0.049278
-1080.2,85,0.049504
-1029.9,85,0.049729
-979.65,85,0.049954
-929.47,85,0.050179
-879.48,85,0.050403
-829.75,85,0.050626
-780.34,85,0.050849
-731.32,85,0.051072
-682.74,85,0.051294
-634.65,85,0.051515
-587.08,85,0.051737
-540.07,85,0.051957
-493.65,85,0.052177
-447.85,85,0.052397
-402.69,85,0.052616
-358.19,85,0.052834
-314.36,85,0.053052
-271.22,85,0.053269
-228.78,85,0.053486
-187.03,85,0.053703
-145.99,85,0.053918
-105.66,85,0.054134
-66.043,85,0.054348
-27.133,85,0.054563
11.07,85,0.054776
48.569,85,0.05499
85.369,85,0.055202
121.47,85,0.055414
156.89,85,0.055626
191.63,85,0.055837
225.69,85,0.056047
259.08,85,0.056257
291.82,85,0.056466
323.91,85,0.056675
355.35,85,0.056883
386.17,85,0.057091
416.36,85,0.057298
445.95,85,0.057504
474.92,85,0.05771
503.31,85,0.057916
531.11,85,0.05812
558.34,85,0.058325
585,85,0.058528
611.11,85,0.058731
636.67,85,0.058934
661.69,85,0.059136
686.19,85,0.059337
710.17,85,0.059538
733.64,85,0.059738
756.61,85,0.059938
779.09,85,0.060137
801.09,85,0.060335
822.61,85,0.060533
843.67,85,0.06073
864.27,85,0.060926
884.41,85,0.061122
904.12,85,0.061318
923.39,85,0.061513
942.23,85,0.061707
960.66,85,0.0619
978.67,85,0.062093
996.28,85,0.062286
1013.5,85,0.062477
1030.3,85,0.062668
1046.7,85,0.062859
1062.8,85,0.063049
1078.5,85,0.063238
1093.8,85,0.063427
1108.7,85,0.063615
1123.3,85,0.063802
1137.6,85,0.063989
1151.5,85,0.064175
1165.1,85,0.06436
1178.3,85,0.064545
1191.3,85,0.064729
1203.9,85,0.064913
1216.1,85,0.065096
1228.1,85,0.065278
1239.8,85,0.06546
1251.1,85,0.065641
1262.2,85,0.065821
1273,85,0.066001
1283.5,85,0.06618
1293.7,85,0.066358
1303.7,85,0.066536
1313.3,85,0.066713
1322.7,85,0.066889
1331.8,85,0.067065
1340.7,85,0.06724
1349.3,85,0.067414
1357.7,85,0.067588
1365.8,85,0.067761
1373.7,85,0.067934
1381.3,85,0.068105
1388.7,85,0.068276
1395.8,85,0.068447
1402.8,85,0.068617
1409.5,85,0.068786
1415.9,85,0.068954
1422.2,85,0.069122
1428.2,85,0.069289
1434.1,85,0.069455
1439.7,85,0.069621
1445.1,85,0.069786
1450.3,85,0.06995
1455.3,85,0.070113
1460.1,85,0.070276
1464.7,85,0.070439
1469.1,85,0.0706
1473.4,85,0.070761
1477.4,85,0.070921
1481.3,85,0.07108
1485,85,0.071239
1488.5,85,0.071397
1491.8,85,0.071554
1495,85,0.071711
1498,85,0.071867
1500.8,85,0.072022
1503.4,85,0.072176
1505.9,85,0.07233
1508.3,85,0.072483
1510.4,85,0.072635
1512.5,85,0.072787
1514.3,85,0.072938
1516.1,85,0.073088
1517.6,85,0.073238
1519.1,85,0.073386
1520.3,85,0.073534
1521.5,85,0.073682
1522.5,85,0.073828
1523.4,85,0.073974
1524.1,85,0.074119
1524.7,85,0.074263
1525.2,85,0.074407
1525.5,85,0.07455
1525.7,85,0.074692
1525.8,85,0.074833
1525.8,85,0.074974
1525.7,85,0.075114
1525.4,85,0.075253
1525,85,0.075392
1524.5,85,0.075529
1523.9,85,0.075666
1523.2,85,0.075802
1522.4,85,0.075938
1521.5,85,0.076073
1520.4,85,0.076207
1519.3,85,0.07634
1518.1,85,0.076472
1516.7,85,0.076604
1515.3,85,0.076735
1513.8,85,0.076865
1512.1,85,0.076994
1510.4,85,0.077123
1508.6,85,0.077251
1506.7,85,0.077378
1504.7,85,0.077505
1502.6,85,0.07763
1500.5,85,0.077755
1498.2,85,0.077879
1495.9,85,0.078002
1493.5,85,0.078125
1491,85,0.078247
1488.5,85,0.078368
1485.8,85,0.078488
1483.1,85,0.078607
1480.3,85,0.078726
1477.5,85,0.078844
1474.6,85,0.078961
1471.6,85,0.079077
1468.5,85,0.079193
1465.4,85,0.079308
1462.2,85,0.079422
1458.9,85,0.079535
1455.6,85,0.079647
1452.2,85,0.079759
1448.8,85,0.07987
1445.3,85,0.07998
1441.8,85,0.080089
1438.2,85,0.080198
1434.5,85,0.080305
1430.8,85,0.080412
1427,85,0.080518
1423.2,85,0.080624
1419.3,85,0.080728
1415.4,85,0.080832
1411.5,85,0.080935
1407.4,85,0.081037
1403.4,85,0.081138
1399.3,85,0.081239
1395.2,85,0.081339
1391,85,0.081437
1386.8,85,0.081536
1382.5,85,0.081633
1378.2,85,0.081729
1373.9,85,0.081825
1369.5,85,0.08192
1365.1,85,0.082014
1360.6,85,0.082107
1356.1,85,0.0822
1351.6,85,0.082291
1347.1,85,0.082382
1342.5,85,0.082472
1337.9,85,0.082562
1333.3,85,0.08265
1328.6,85,0.082737
1324,85,0.082824
1319.2,85,0.08291
1314.5,85,0.082995
1309.8,85,0.08308
1305,85,0.083163
1300.2,85,0.083246
1295.3,85,0.083328
1290.5,85,0.083409
1285.6,85,0.083489
1280.8,85,0.083568
1275.9,85,0.083647
1270.9,85,0.083725
1266,85,0.083801
1261.1,85,0.083878
1256.1,85,0.083953
1251.1,85,0.084027
1246.1,85,0.084101
1241.1,85,0.084174
1236.1,85,0.084245
1231.1,85,0.084317
1226.1,85,0.084387
1221,85,0.084456
1216,85,0.084525
1210.9,85,0.084593
1205.9,85,0.08466
1200.8,85,0.084726
1195.7,85,0.084791
1190.7,85,0.084855
1185.6,85,0.084919
1180.5,85,0.084982
1175.4,85,0.085044
1170.4,85,0.085105
1165.3,85,0.085165
1160.2,85,0.085224
1155.1,85,0.085283
1150.1,85,0.08534
1145,85,0.085397
1139.9,85,0.085453
1134.9,85,0.085508
1129.8,85,0.085563
1124.7,85,0.085616
1119.7,85,0.085669
1114.7,85,0.085721
1109.6,85,0.085772
1104.6,85,0.085822
1099.6,85,0.085871
1094.6,85,0.085919
1089.6,85,0.085967
1084.7,85,0.086014
1079.7,85,0.08606
1074.7,85,0.086105
1069.8,85,0.086149
1064.9,85,0.086192
1060,85,0.086235
1055.1,85,0.086276
1050.2,85,0.086317
1045.4,85,0.086357
1040.6,85,0.086396
1035.8,85,0.086434
1031,85,0.086471
1026.2,85,0.086508
1021.5,85,0.086544
1016.7,85,0.086578
1012.1,85,0.086612
1007.4,85,0.086645
1002.7,85,0.086678
998.12,85,0.086709
993.53,85,0.086739
988.97,85,0.086769
984.44,85,0.086798
979.94,85,0.086826
975.47,85,0.086853
971.04,85,0.086879
966.64,85,0.086905
962.27,85,0.086929
957.94,85,0.086953
953.64,85,0.086976
949.39,85,0.086997
945.17,85,0.087019
940.99,85,0.087039
936.85,85,0.087058
932.76,85,0.087077
928.7,85,0.087094
924.7,85,0.087111
920.73,85,0.087127
916.82,85,0.087142
912.95,85,0.087156
909.13,85,0.08717
905.36,85,0.087182
901.65,85,0.087194
897.99,85,0.087204
894.38,85,0.087214
890.83,85,0.087223
887.33,85,0.087232
883.9,85,0.087239
880.53,85,0.087245
877.22,85,0.087251
873.97,85,0.087256
870.79,85,0.08726
867.68,85,0.087263
864.63,85,0.087265
861.66,85,0.087266
858.76,85,0.087266
855.94,85,0.087266
853.19,85,0.087265
850.52,85,0.087263
847.93,85,0.08726
845.43,85,0.087256
843.01,85,0.087251
840.68,85,0.087245
838.44,85,0.087239
836.29,85,0.087232
834.24,85,0.087223
832.28,85,0.087214
830.43,85,0.087204
828.68,85,0.087194
827.03,85,0.087182
825.5,85,0.08717
824.07,85,0.087156
822.76,85,0.087142
821.57,85,0.087127
820.51,85,0.087111
819.56,85,0.087094
818.75,85,0.087077
818.07,85,0.087058
817.53,85,0.087039
817.12,85,0.087019
816.86,85,0.086997
816.75,85,0.086976
816.8,85,0.086953
817,85,0.086929
817.36,85,0.086905
817.9,85,0.086879
818.6,85,0.086853
819.48,85,0.086826
820.55,85,0.086798
821.81,85,0.086769
823.26,85,0.086739
824.91,85,0.086709
826.77,85,0.086678
828.84,85,0.086645
831.14,85,0.086612
833.66,85,0.086578
836.42,85,0.086544
839.42,85,0.086508
842.68,85,0.086471
846.19,85,0.086434
849.97,85,0.086396
854.03,85,0.086357
858.37,85,0.086317
863.01,85,0.086276
867.95,85,0.086235
873.21,85,0.086192
878.8,85,0.086149
884.73,85,0.086105
891,85,0.08606
897.64,85,0.086014
904.65,85,0.085967
912.05,85,0.085919
919.85,85,0.085871
928.07,85,0.085822
936.72,85,0.085772
945.81,85,0.085721
955.37,85,0.085669
965.41,85,0.085616
975.94,85,0.085563
986.99,85,0.085508
998.57,85,0.085453
1010.7,85,0.085397
1023.4,85,0.08534
1036.7,85,0.085283
1050.6,85,0.085224
1065.2,85,0.085165
1080.4,85,0.085105
1096.3,85,0.085044
1113,85,0.084982
1130.3,85,0.084919
1148.5,85,0.084855
1167.4,85,0.084791
1187.2,85,0.084726
1207.8,85,0.08466
1229.3,85,0.084593
1251.8,85,0.084525
1275.2,85,0.084456
1299.6,85,0.084387
1325,85,0.084317
1351.5,85,0.084245
1379.2,85,0.084174
1408,85,0.084101
1437.9,85,0.084027
1469.1,85,0.083953
1501.6,85,0.083878
1535.5,85,0.083801
1570.7,85,0.083725
1607.3,85,0.083647
1645.4,85,0.083568
1685,85,0.083489
1726.2,85,0.083409
1769,85,0.083328
1813.4,85,0.083246
1859.6,85,0.083163
1907.5,85,0.08308
1957.2,85,0.082995
2008.8,85,0.08291
2062.2,85,0.082824
2117.6,85,0.082737
2175,85,0.08265
2234.4,85,0.082562
2295.7,85,0.082472
2359.2,85,0.082382
2424.6,85,0.082291
2492.2,85,0.0822
2561.8,85,0.082107
2633.4,85,0.082014
2707.1,85,0.08192
2782.7,85,0.081825
2860.2,85,0.081729
2939.6,85,0.081633
3020.7,85,0.081536
3103.4,85,0.081437
3187.7,85,0.081339
3273.2,85,0.081239
3359.9,85,0.081138
3447.6,85,0.081037
3535.9,85,0.080935
3624.7,85,0.080832
3713.5,85,0.080728
3802.2,85,0.080624
3890.3,85,0.080518
3977.4,85,0.080412
4063.1,85,0.080305
4147,85,0.080198
4228.7,85,0.080089
4307.6,85,0.07998
4383.2,85,0.07987
4455.1,85,0.079759
4522.8,85,0.079647
4585.8,85,0.079535
4643.6,85,0.079422
4695.7,85,0.079308
4741.8,85,0.079193
4781.5,85,0.079077
4814.4,85,0.078961
4840.3,85,0.078844
4858.9,85,0.078726
4870.1,85,0.078607
4873.7,85,0.078488
4869.8,85,0.078368
4858.3,85,0.078247
4839.4,85,0.078125
4813.2,85,0.078002
4779.9,85,0.077879
4739.9,85,0.077755
4693.3,85,0.07763
4640.6,85,0.077505
4582.2,85,0.077378
4518.4,85,0.077251
4449.8,85,0.077123
4376.6,85,0.076994
4299.5,85,0.076865
4218.9,85,0.076735
4135.1,85,0.076604
4048.6,85,0.076472
3959.9,85,0.07634
3869.3,85,0.076207
3777.2,85,0.076073
3683.9,85,0.075938
3589.9,85,0.075802
3495.3,85,0.075666
3400.5,85,0.075529
3305.7,85,0.075392
3211.1,85,0.075253
3117,85,0.075114
3023.5,85,0.074974
2930.8,85,0.074833
2839.1,85,0.074692
2748.3,85,0.07455
2658.8,85,0.074407
2570.4,85,0.074263
2483.4,85,0.074119
2397.8,85,0.073974
2313.5,85,0.073828
2230.8,85,0.073682
2149.5,85,0.073534
2069.7,85,0.073386
1991.5,85,0.073238
1914.8,85,0.073088
1839.6,85,0.072938
1765.9,85,0.072787
1693.7,85,0.072635
1623,85,0.072483
1553.8,85,0.07233
1486.1,85,0.072176
1419.8,85,0.072022
1354.9,85,0.071867
1291.4,85,0.071711
1229.2,85,0.071554
1168.4,85,0.071397
1108.9,85,0.071239
1050.7,85,0.07108
993.69,85,0.070921
937.93,85,0.070761
883.35,85,0.0706
829.94,85,0.070439
777.66,85,0.070276
726.48,85,0.070113
676.37,85,0.06995
627.32,85,0.069786
579.28,85,0.069621
532.24,85,0.069455
486.16,85,0.069289
441.03,85,0.069122
396.81,85,0.068954
353.48,85,0.068786
311.02,85,0.068617
269.4,85,0.068447
228.61,85,0.068276
188.61,85,0.068105
149.4,85,0.067934
110.94,85,0.067761
73.209,85,0.067588
36.199,85,0.067414
-0.11379,85,0.06724
-35.749,85,0.067065
-70.725,85,0.066889
-105.06,85,0.066713
-138.77,85,0.066536
-171.87,85,0.066358
-204.38,85,0.06618
-236.31,85,0.066001
-267.68,85,0.065821
-298.5,85,0.065641
-328.8,85,0.06546
-358.57,85,0.065278
-387.84,85,0.065096
-416.62,85,0.064913
-444.92,85,0.064729
-472.76,85,0.064545
-500.14,85,0.06436
-527.07,85,0.064175
-553.58,85,0.063989
-579.66,85,0.063802
-605.34,85,0.063615
-630.61,85,0.063427
-655.5,85,0.063238
-680,85,0.063049
-704.13,85,0.062859
-727.91,85,0.062668
-751.33,85,0.062477
-774.4,85,0.062286
-797.14,85,0.062093
-819.56,85,0.0619
-841.65,85,0.061707
-863.43,85,0.061513
-884.91,85,0.061318
-906.09,85,0.061122
-926.97,85,0.060926
-947.58,85,0.06073
-967.91,85,0.060533
-987.97,85,0.060335
-1007.8,85,0.060137
-1027.3,85,0.059938
-1046.6,85,0.059738
-1065.6,85,0.059538
-1084.4,85,0.059337
-1103,85,0.059136
-1121.3,85,0.058934
-1139.4,85,0.058731
-1157.3,85,0.058528
-1175,85,0.058325
-1192.5,85,0.05812
-1209.8,85,0.057916
-1226.8,85,0.05771
-1243.7,85,0.057504
-1260.4,85,0.057298
-1276.9,85,0.057091
-1293.2,85,0.056883
-1309.3,85,0.056675
-1325.3,85,0.056466
-1341,85,0.056257
-1356.7,85,0.056047
-1372.1,85,0.055837
-1387.4,85,0.055626
-1402.5,85,0.055414
-1417.5,85,0.055202
-1432.4,85,0.05499
-1447.1,85,0.054776
-1461.6,85,0.054563
-1476,85,0.054348
-1490.3,85,0.054134
-1504.4,85,0.053918
-1518.4,85,0.053703
-1532.3,85,0.053486
-1546,85,0.053269
-1559.7,85,0.053052
-1573.2,85,0.052834
-1586.6,85,0.052616
-1599.8,85,0.052397
-1613,85,0.052177
-1626.1,85,0.051957
-1639,85,0.051737
-1651.8,85,0.051515
-1664.6,85,0.051294
-1677.2,85,0.051072
-1689.7,85,0.050849
-1702.2,85,0.050626
-1714.5,85,0.050403
-1726.8,85,0.050179
-1738.9,85,0.049954
-1751,85,0.049729
-1763,85,0.049504
-1774.9,85,0.049278
-1786.7,85,0.049051
-1798.4,85,0.048824
-1810.1,85,0.048597
-1821.7,85,0.048369
-1833.2,85,0.04814
-1844.6,85,0.047911
-1856,85,0.047682
-1867.2,85,0.047452
-1878.5,85,0.047222
-1889.6,85,0.046991
-1900.7,85,0.04676
-1911.7,85,0.046528
-1922.7,85,0.046296
-1933.5,85,0.046063
-1944.4,85,0.04583
-1955.1,85,0.045597
-1965.9,85,0.045363
-1976.5,85,0.045128
-1987.1,85,0.044893
-1997.7,85,0.044658
-2008.2,85,0.044422
-2018.6,85,0.044186
-2029,85,0.043949
-2039.3,85,0.043712
-2049.6,85,0.043475
-2059.9,85,0.043237
-2070.1,85,0.042999
-2080.3,85,0.04276
-2090.4,85,0.042521
-2100.4,85,0.042281
-2110.5,85,0.042041
-2120.5,85,0.0418
-2130.4,85,0.04156
-2140.3,85,0.041318
-2150.2,85,0.041077
-2160.1,85,0.040835
-2169.9,85,0.040592
-2179.6,85,0.040349
-2189.4,85,0.040106
-2199.1,85,0.039862
-2208.7,85,0.039618
-2218.4,85,0.039374
-2228,85,0.039129
-2237.6,85,0.038884
-2247.1,85,0.038638
-2256.7,85,0.038392
-2266.1,85,0.038146
-2275.6,85,0.037899
-2285.1,85,0.037652
-2294.5,85,0.037404
-2303.9,85,0.037156
-2313.2,85,0.036908
-2322.6,85,0.036659
-2331.9,85,0.03641
-2341.2,85,0.036161
-2350.5,85,0.035911
-2359.8,85,0.035661
-2369,85,0.035411
-2378.2,85,0.03516
-2387.4,85,0.034909
-2396.6,85,0.034658
-2405.8,85,0.034406
-2414.9,85,0.034154
-2424.1,85,0.033901
-2433.2,85,0.033649
-2442.3,85,0.033395
-2451.3,85,0.033142
-2460.4,85,0.032888
-2469.5,85,0.032634
-2478.5,85,0.03238
-2487.5,85,0.032125
-2496.5,85,0.03187
-2505.5,85,0.031614
-2514.5,85,0.031359
-2523.5,85,0.031103
-2532.4,85,0.030846
-2541.4,85,0.03059
-2550.3,85,0.030333
-2559.2,85,0.030076
-2568.1,85,0.029818
-2577,85,0.02956
-2585.9,85,0.029302
-2594.8,85,0.029044
-2603.7,85,0.028785
-2612.5,85,0.028526
-2621.4,85,0.028267
-2630.2,85,0.028008
-2639,85,0.027748
-2647.8,85,0.027488
-2656.6,85,0.027227
-2665.4,85,0.026967
-2674.2,85,0.026706
-2683,85,0.026445
-2691.7,85,0.026183
-2700.5,85,0.025922
-2709.2,85,0.02566
-2717.9,85,0.025398
-2726.6,85,0.025135
-2735.3,85,0.024873
-2744,85,0.02461
-2752.7,85,0.024347
-2761.4,85,0.024083
-2770.1,85,0.02382
-2778.7,85,0.023556
-2787.3,85,0.023292
-2796,85,0.023027
-2804.6,85,0.022763
-2813.2,85,0.022498
-2821.8,85,0.022233
-2830.4,85,0.021968
-2838.9,85,0.021702
-2847.5,85,0.021437
-2856,85,0.021171
-2864.5,85,0.020905
-2873,85,0.020638
-2881.5,85,0.020372
-2890,85,0.020105
-2898.4,85,0.019838
-2906.9,85,0.019571
-2915.3,85,0.019304
-2923.7,85,0.019037
-2932.1,85,0.018769
-2940.4,85,0.018501
-2948.8,85,0.018233
-2957.1,85,0.017965
-2965.4,85,0.017697
-2973.7,85,0.017428
-2981.9,85,0.017159
-2990.2,85,0.01689
-2998.4,85,0.016621
-3006.6,85,0.016352
-3014.7,85,0.016083
-3022.8,85,0.015813
-3030.9,85,0.015543
-3039,85,0.015274
-3047,85,0.015004
-3055,85,0.014733
-3063,85,0.014463
-3071,85,0.014193
-3078.9,85,0.013922
-3086.7,85,0.013651
-3094.6,85,0.013381
-3102.4,85,0.01311
-3110.1,85,0.012839
-3117.9,85,0.012567
-3125.5,85,0.012296
-3133.2,85,0.012024
-3140.8,85,0.011753
-3148.3,85,0.011481
-3155.8,85,0.011209
-3163.3,85,0.010937
-3170.7,85,0.010665
-3178,85,0.010393
-3185.3,85,0.010121
-3192.5,85,0.0098486
-3199.7,85,0.0095761
-3206.9,85,0.0093036
-3213.9,85,0.0090309
-3220.9,85,0.0087582
-3227.9,85,0.0084854
-3234.7,85,0.0082125
-3241.6,85,0.0079395
-3248.3,85,0.0076665
-3255,85,0.0073933
-3261.6,85,0.0071201
-3268.1,85,0.0068468
-3274.5,85,0.0065735
-3280.9,85,0.0063001
-3287.2,85,0.0060266
-3293.4,85,0.0057531
-3299.5,85,0.0054795
-3305.6,85,0.0052059
-3311.5,85,0.0049322
-3317.4,85,0.0046584
-3323.1,85,0.0043846
-3328.8,85,0.0041108
-3334.4,85,0.0038369
-3339.8,85,0.003563
-3345.2,85,0.0032891
-3350.4,85,0.0030151
-3355.6,85,0.0027411
-3360.6,85,0.0024671
-3365.5,85,0.002193
-3370.4,85,0.0019189
-3375,85,0.0016448
-3379.6,85,0.0013707
-3384,85,0.0010966
-3388.3,85,0.00082245
-3392.5,85,0.00054831
-3396.6,85,0.00027416
