0,111,-2.7732e-05
30.372,111,-2.8011e-05
314.23,111,-2.8292e-05
308.22,111,-2.8577e-05
-242.73,111,-2.8864e-05
-279.23,111,-2.9154e-05
-96.06,111,-2.9447e-05
-25.585,111,-2.9743e-05
-7.254,111,-3.0042e-05
-2.4121,111,-3.0343e-05
-0.99107,111,-3.0648e-05
-0.5247,111,-3.0956e-05
-0.3563,111,-3.1268e-05
-0.29111,111,-3.1582e-05
-0.26512,111,-3.1899e-05
-0.25526,111,-3.222e-05
-0.25251,111,-3.2544e-05
-0.25312,111,-3.2871e-05
-0.25538,111,-3.3201e-05
-0.25851,111,-3.3535e-05
-0.26211,111,-3.3872e-05
-0.26598,111,-3.4212e-05
-0.27001,111,-3.4556e-05
-0.27413,111,-3.4903e-05
-0.27832,111,-3.5254e-05
-0.28255,111,-3.5608e-05
-0.2868,111,-3.5966e-05
-0.29107,111,-3.6327e-05
-0.29536,111,-3.6692e-05
-0.29966,111,-3.7061e-05
-0.30396,111,-3.7434e-05
-0.30827,111,-3.781e-05
-0.31258,111,-3.819e-05
-0.31689,111,-3.8574e-05
-0.32121,111,-3.8961e-05
-0.32552,111,-3.9353e-05
-0.32984,111,-3.9748e-05
-0.33416,111,-4.0148e-05
-0.33848,111,-4.0551e-05
-0.3428,111,-4.0959e-05
-0.34712,111,-4.137e-05
-0.35144,111,-4.1786e-05
-0.35577,111,-4.2206e-05
-0.36009,111,-4.263e-05
-0.36442,111,-4.3059e-05
-0.36875,111,-4.3491e-05
-0.37309,111,-4.3928e-05
-0.37743,111,-4.437e-05
-0.38177,111,-4.4816e-05
-0.38612,111,-4.5266e-05
-0.39048,111,-4.5721e-05
-0.39485,111,-4.618e-05
-0.39922,111,-4.6645e-05
-0.40361,111,-4.7113e-05
-0.408,111,-4.7587e-05
-0.41241,111,-4.8065e-05
-0.41683,111,-4.8548e-05
-0.42127,111,-4.9036e-05
-0.42572,111,-4.9529e-05
-0.43019,111,-5.0026e-05
-0.43468,111,-5.0529e-05
-0.43919,111,-5.1037e-05
-0.44373,111,-5.155e-05
-0.44828,111,-5.2068e-05
-0.45287,111,-5.2591e-05
-0.45748,111,-5.312e-05
-0.46212,111,-5.3653e-05
-0.4668,111,-5.4193e-05
-0.4715,111,-5.4737e-05
-0.47625,111,-5.5287e-05
-0.48103,111,-5.5843e-05
-0.48585,111,-5.6404e-05
-0.49071,111,-5.6971e-05
-0.49562,111,-5.7543e-05
-0.50057,111,-5.8122e-05
-0.50557,111,-5.8706e-05
-0.51062,111,-5.9296e-05
-0.51572,111,-5.9891e-05
-0.52087,111,-6.0493e-05
-0.52609,111,-6.1101e-05
-0.53136,111,-6.1715e-05
-0.53669,111,-6.2335e-05
-0.54209,111,-6.2962e-05
-0.54755,111,-6.3595e-05
-0.55308,111,-6.4234e-05
-0.55868,111,-6.4879e-05
-0.56436,111,-6.5531e-05
-0.5701,111,-6.619e-05
-0.57593,111,-6.6855e-05
-0.58183,111,-6.7527e-05
-0.58782,111,-6.8205e-05
-0.59388,111,-6.8891e-05
-0.60004,111,-6.9583e-05
-0.60628,111,-7.0282e-05
-0.61261,111,-7.0988e-05
-0.61903,111,-7.1702e-05
-0.62554,111,-7.2422e-05
-0.63215,111,-7.315e-05
-0.63886,111,-7.3885e-05
-0.64567,111,-7.4628e-05
-0.65258,111,-7.5377e-05
-0.65959,111,-7.6135e-05
-0.66671,111,-7.69e-05
-0.67393,111,-7.7673e-05
-0.68126,111,-7.8453e-05
-0.6887,111,-7.9242e-05
-0.69625,111,-8.0038e-05
-0.70392,111,-8.0842e-05
-0.7117,111,-8.1655e-05
-0.7196,111,-8.2475e-05
-0.72761,111,-8.3304e-05
-0.73575,111,-8.4141e-05
-0.744,111,-8.4987e-05
-0.75237,111,-8.5841e-05
-0.76087,111,-8.6703e-05
-0.7695,111,-8.7574e-05
-0.77824,111,-8.8454e-05
-0.78712,111,-8.9343e-05
-0.79612,111,-9.0241e-05
-0.80525,111,-9.1148e-05
-0.81451,111,-9.2064e-05
-0.8239,111,-9.2989e-05
-0.83343,111,-9.3923e-05
-0.84308,111,-9.4867e-05
-0.85287,111,-9.582e-05
-0.8628,111,-9.6783e-05
-0.87286,111,-9.7756e-05
-0.88305,111,-9.8738e-05
-0.89338,111,-9.973e-05
-0.90385,111,-0.00010073
-0.91446,111,-0.00010174
-0.92521,111,-0.00010277
-0.9361,111,-0.0001038
-0.94713,111,-0.00010484
-0.9583,111,-0.0001059
-0.96962,111,-0.00010696
-0.98108,111,-0.00010803
-0.99268,111,-0.00010912
-1.0044,111,-0.00011022
-1.0163,111,-0.00011132
-1.0284,111,-0.00011244
-1.0405,111,-0.00011357
-1.0529,111,-0.00011471
-1.0654,111,-0.00011587
-1.078,111,-0.00011703
-1.0908,111,-0.00011821
-1.1037,111,-0.00011939
-1.1168,111,-0.00012059
-1.13,111,-0.00012181
-1.1434,111,-0.00012303
-1.157,111,-0.00012427
-1.1707,111,-0.00012552
-1.1845,111,-0.00012678
-1.1986,111,-0.00012805
-1.2128,111,-0.00012934
-1.2271,111,-0.00013064
-1.2416,111,-0.00013195
-1.2563,111,-0.00013327
-1.2711,111,-0.00013461
-1.2861,111,-0.00013597
-1.3013,111,-0.00013733
-1.3166,111,-0.00013871
-1.3321,111,-0.00014011
-1.3478,111,-0.00014151
-1.3637,111,-0.00014294
-1.3797,111,-0.00014437
-1.396,111,-0.00014582
-1.4124,111,-0.00014729
-1.4289,111,-0.00014877
-1.4457,111,-0.00015026
-1.4627,111,-0.00015177
-1.4798,111,-0.0001533
-1.4972,111,-0.00015484
-1.5147,111,-0.00015639
-1.5324,111,-0.00015796
-1.5504,111,-0.00015955
-1.5685,111,-0.00016116
-1.5868,111,-0.00016277
-1.6054,111,-0.00016441
-1.6241,111,-0.00016606
-1.6431,111,-0.00016773
-1.6623,111,-0.00016942
-1.6817,111,-0.00017112
-1.7014,111,-0.00017284
-1.7212,111,-0.00017457
-1.7413,111,-0.00017633
-1.7617,111,-0.0001781
-1.7822,111,-0.00017989
-1.803,111,-0.0001817
-1.8241,111,-0.00018352
-1.8454,111,-0.00018537
-1.8669,111,-0.00018723
-1.8888,111,-0.00018911
-1.9108,111,-0.00019101
-1.9332,111,-0.00019293
-1.9558,111,-0.00019487
-1.9787,111,-0.00019682
-2.0018,111,-0.0001988
-2.0253,111,-0.0002008
-2.049,111,-0.00020282
-2.073,111,-0.00020485
-2.0973,111,-0.00020691
-2.122,111,-0.00020899
-2.1469,111,-0.00021109
-2.1721,111,-0.00021321
-2.1977,111,-0.00021535
-2.2235,111,-0.00021752
-2.2497,111,-0.0002197
-2.2763,111,-0.00022191
-2.3031,111,-0.00022414
-2.3303,111,-0.00022639
-2.3579,111,-0.00022866
-2.3858,111,-0.00023096
-2.4141,111,-0.00023328
-2.4427,111,-0.00023563
-2.4717,111,-0.00023799
-2.501,111,-0.00024038
-2.5308,111,-0.0002428
-2.5609,111,-0.00024524
-2.5915,111,-0.0002477
-2.6224,111,-0.00025019
-2.6537,111,-0.0002527
-2.6854,111,-0.00025524
-2.7176,111,-0.00025781
-2.7502,111,-0.0002604
-2.7832,111,-0.00026301
-2.8166,111,-0.00026565
-2.8505,111,-0.00026832
-2.8848,111,-0.00027102
-2.9195,111,-0.00027374
-2.9548,111,-0.00027649
-2.9904,111,-0.00027927
-3.0266,111,-0.00028207
-3.0632,111,-0.00028491
-3.1004,111,-0.00028777
-3.138,111,-0.00029066
-3.1761,111,-0.00029358
-3.2147,111,-0.00029653
-3.2538,111,-0.00029951
-3.2934,111,-0.00030252
-3.3336,111,-0.00030556
-3.3743,111,-0.00030862
-3.4155,111,-0.00031172
-3.4573,111,-0.00031486
-3.4996,111,-0.00031802
-3.5425,111,-0.00032121
-3.5859,111,-0.00032444
-3.6299,111,-0.0003277
-3.6745,111,-0.00033099
-3.7197,111,-0.00033432
-3.7655,111,-0.00033767
-3.8118,111,-0.00034107
-3.8588,111,-0.00034449
-3.9064,111,-0.00034795
-3.9546,111,-0.00035145
-4.0035,111,-0.00035498
-4.053,111,-0.00035854
-4.1031,111,-0.00036214
-4.1539,111,-0.00036578
-4.2053,111,-0.00036945
-4.2574,111,-0.00037316
-4.3102,111,-0.00037691
-4.3637,111,-0.0003807
-4.4178,111,-0.00038452
-4.4727,111,-0.00038838
-4.5283,111,-0.00039229
-4.5846,111,-0.00039623
-4.6416,111,-0.0004002
-4.6993,111,-0.00040422
-4.7578,111,-0.00040828
-4.817,111,-0.00041238
-4.877,111,-0.00041653
-4.9378,111,-0.00042071
-4.9993,111,-0.00042493
-5.0617,111,-0.0004292
-5.1248,111,-0.00043351
-5.1887,111,-0.00043787
-5.2534,111,-0.00044226
-5.319,111,-0.00044671
-5.3854,111,-0.00045119
-5.4526,111,-0.00045572
-5.5207,111,-0.0004603
-5.5896,111,-0.00046492
-5.6594,111,-0.00046959
-5.7301,111,-0.00047431
-5.8017,111,-0.00047907
-5.8742,111,-0.00048388
-5.9476,111,-0.00048874
-6.0219,111,-0.00049365
-6.0971,111,-0.00049861
-6.1733,111,-0.00050361
-6.2504,111,-0.00050867
-6.3285,111,-0.00051378
-6.4076,111,-0.00051894
-6.4876,111,-0.00052415
-6.5687,111,-0.00052941
-6.6507,111,-0.00053473
-6.7338,111,-0.0005401
-6.8179,111,-0.00054552
-6.9031,111,-0.000551
-6.9893,111,-0.00055653
-7.0766,111,-0.00056212
-7.1649,111,-0.00056776
-7.2544,111,-0.00057346
-7.3449,111,-0.00057922
-7.4366,111,-0.00058504
-7.5294,111,-0.00059091
-7.6233,111,-0.00059684
-7.7184,111,-0.00060284
-7.8147,111,-0.00060889
-7.9121,111,-0.000615
-8.0107,111,-0.00062118
-8.1106,111,-0.00062741
-8.2117,111,-0.00063371
-8.314,111,-0.00064007
-8.4175,111,-0.0006465
-8.5224,111,-0.00065299
-8.6285,111,-0.00065955
-8.7359,111,-0.00066617
-8.8446,111,-0.00067285
-8.9546,111,-0.00067961
-9.066,111,-0.00068643
-9.1787,111,-0.00069332
-9.2928,111,-0.00070028
-9.4083,111,-0.00070731
-9.5252,111,-0.00071441
-9.6435,111,-0.00072158
-9.7633,111,-0.00072883
-9.8845,111,-0.00073614
-10.007,111,-0.00074353
-10.131,111,-0.000751
-10.257,111,-0.00075854
-10.384,111,-0.00076615
-10.513,111,-0.00077384
-10.643,111,-0.00078161
-10.775,111,-0.00078945
-10.908,111,-0.00079738
-11.043,111,-0.00080538
-11.18,111,-0.00081346
-11.318,111,-0.00082163
-11.458,111,-0.00082987
-11.6,111,-0.0008382
-11.743,111,-0.00084661
-11.888,111,-0.00085511
-12.035,111,-0.00086369
-12.184,111,-0.00087236
-12.334,111,-0.00088112
-12.486,111,-0.00088996
-12.64,111,-0.00089889
-12.796,111,-0.00090791
-12.953,111,-0.00091702
-13.113,111,-0.00092622
-13.274,111,-0.00093552
-13.438,111,-0.0009449
-13.603,111,-0.00095439
-13.77,111,-0.00096396
-13.939,111,-0.00097364
-14.111,111,-0.0009834
-14.284,111,-0.00099327
-14.459,111,-0.0010032
-14.637,111,-0.0010133
-14.816,111,-0.0010235
-14.998,111,-0.0010337
-15.181,111,-0.0010441
-15.367,111,-0.0010546
-15.555,111,-0.0010652
-15.746,111,-0.0010759
-15.938,111,-0.0010866
-16.133,111,-0.0010975
-16.33,111,-0.0011086
-16.529,111,-0.0011197
-16.731,111,-0.0011309
-16.935,111,-0.0011423
-17.142,111,-0.0011537
-17.35,111,-0.0011653
-17.562,111,-0.001177
-17.775,111,-0.0011888
-17.992,111,-0.0012007
-18.21,111,-0.0012127
-18.432,111,-0.0012249
-18.656,111,-0.0012372
-18.882,111,-0.0012496
-19.111,111,-0.0012621
-19.343,111,-0.0012748
-19.577,111,-0.0012876
-19.814,111,-0.0013005
-20.054,111,-0.0013135
-20.297,111,-0.0013267
-20.542,111,-0.00134
-20.79,111,-0.0013535
-21.041,111,-0.001367
-21.295,111,-0.0013807
-21.552,111,-0.0013946
-21.812,111,-0.0014086
-22.075,111,-0.0014227
-22.341,111,-0.0014369
-22.61,111,-0.0014514
-22.881,111,-0.0014659
-23.156,111,-0.0014806
-23.435,111,-0.0014954
-23.716,111,-0.0015104
-24,111,-0.0015256
-24.288,111,-0.0015409
-24.579,111,-0.0015563
-24.873,111,-0.0015719
-25.171,111,-0.0015877
-25.472,111,-0.0016036
-25.776,111,-0.0016197
-26.084,111,-0.0016359
-26.395,111,-0.0016523
-26.71,111,-0.0016689
-27.028,111,-0.0016856
-27.35,111,-0.0017025
-27.676,111,-0.0017195
-28.005,111,-0.0017368
-28.338,111,-0.0017542
-28.675,111,-0.0017718
-29.015,111,-0.0017895
-29.359,111,-0.0018074
-29.707,111,-0.0018256
-30.059,111,-0.0018438
-30.415,111,-0.0018623
-30.775,111,-0.001881
-31.139,111,-0.0018998
-31.507,111,-0.0019189
-31.879,111,-0.0019381
-32.255,111,-0.0019575
-32.635,111,-0.0019771
-33.019,111,-0.0019969
-33.408,111,-0.0020169
-33.801,111,-0.0020371
-34.199,111,-0.0020575
-34.6,111,-0.0020781
-35.007,111,-0.0020989
-35.417,111,-0.00212
-35.833,111,-0.0021412
-36.252,111,-0.0021626
-36.677,111,-0.0021843
-37.106,111,-0.0022062
-37.54,111,-0.0022283
-37.978,111,-0.0022506
-38.422,111,-0.0022731
-38.87,111,-0.0022959
-39.323,111,-0.0023189
-39.781,111,-0.0023421
-40.244,111,-0.0023655
-40.712,111,-0.0023892
-41.186,111,-0.0024131
-41.664,111,-0.0024373
-42.148,111,-0.0024617
-42.637,111,-0.0024863
-43.131,111,-0.0025112
-43.631,111,-0.0025363
-44.136,111,-0.0025617
-44.646,111,-0.0025873
-45.162,111,-0.0026132
-45.684,111,-0.0026394
-46.211,111,-0.0026658
-46.744,111,-0.0026925
-47.283,111,-0.0027194
-47.828,111,-0.0027466
-48.378,111,-0.0027741
-48.935,111,-0.0028018
-49.497,111,-0.0028299
-50.066,111,-0.0028582
-50.641,111,-0.0028868
-51.221,111,-0.0029156
-51.809,111,-0.0029448
-52.402,111,-0.0029743
-53.002,111,-0.003004
-53.608,111,-0.003034
-54.221,111,-0.0030644
-54.84,111,-0.003095
-55.466,111,-0.003126
-56.099,111,-0.0031572
-56.738,111,-0.0031888
-57.384,111,-0.0032207
-58.037,111,-0.0032529
-58.697,111,-0.0032854
-59.365,111,-0.0033182
-60.039,111,-0.0033514
-60.72,111,-0.0033849
-61.409,111,-0.0034187
-62.105,111,-0.0034529
-62.808,111,-0.0034874
-63.519,111,-0.0035222
-64.238,111,-0.0035574
-64.964,111,-0.003593
-65.698,111,-0.0036289
-66.439,111,-0.0036651
-67.189,111,-0.0037017
-67.946,111,-0.0037387
-68.711,111,-0.003776
-69.485,111,-0.0038138
-70.266,111,-0.0038518
-71.056,111,-0.0038903
-71.854,111,-0.0039292
-72.661,111,-0.0039684
-73.476,111,-0.004008
-74.299,111,-0.004048
-75.132,111,-0.0040884
-75.973,111,-0.0041292
-76.823,111,-0.0041705
-77.682,111,-0.0042121
-78.549,111,-0.0042541
-79.426,111,-0.0042966
-80.312,111,-0.0043394
-81.208,111,-0.0043827
-82.113,111,-0.0044265
-83.027,111,-0.0044706
-83.951,111,-0.0045152
-84.884,111,-0.0045603
-85.827,111,-0.0046058
-86.78,111,-0.0046517
-87.743,111,-0.0046981
-88.716,111,-0.0047449
-89.699,111,-0.0047923
-90.692,111,-0.00484
-91.696,111,-0.0048883
-92.71,111,-0.004937
-93.735,111,-0.0049862
-94.77,111,-0.0050359
-95.816,111,-0.0050861
-96.873,111,-0.0051368
-97.941,111,-0.005188
-99.019,111,-0.0052397
-100.11,111,-0.0052919
-101.21,111,-0.0053446
-102.32,111,-0.0053978
-103.45,111,-0.0054516
-104.58,111,-0.0055059
-105.73,111,-0.0055607
-106.89,111,-0.0056161
-108.06,111,-0.005672
-109.24,111,-0.0057285
-110.44,111,-0.0057855
-111.65,111,-0.0058431
-112.87,111,-0.0059013
-114.1,111,-0.00596
-115.35,111,-0.0060193
-116.6,111,-0.0060792
-117.87,111,-0.0061397
-119.16,111,-0.0062008
-120.46,111,-0.0062625
-121.77,111,-0.0063247
-123.09,111,-0.0063876
-124.43,111,-0.0064512
-125.78,111,-0.0065153
-127.14,111,-0.0065801
-128.52,111,-0.0066455
-129.92,111,-0.0067115
-131.32,111,-0.0067782
-132.74,111,-0.0068456
-134.18,111,-0.0069136
-135.63,111,-0.0069823
-137.1,111,-0.0070517
-138.58,111,-0.0071217
-140.07,111,-0.0071925
-141.58,111,-0.0072639
-143.11,111,-0.007336
-144.65,111,-0.0074088
-146.2,111,-0.0074824
-147.78,111,-0.0075567
-149.36,111,-0.0076317
-150.97,111,-0.0077074
-152.59,111,-0.0077839
-154.23,111,-0.0078611
-155.88,111,-0.0079391
-157.55,111,-0.0080178
-159.24,111,-0.0080973
-160.94,111,-0.0081776
-162.66,111,-0.0082587
-164.4,111,-0.0083405
-166.16,111,-0.0084232
-167.93,111,-0.0085067
-169.72,111,-0.008591
-171.53,111,-0.0086761
-173.36,111,-0.008762
-175.21,111,-0.0088488
-177.07,111,-0.0089365
-178.95,111,-0.0090249
-180.86,111,-0.0091143
-182.78,111,-0.0092045
-184.72,111,-0.0092956
-186.68,111,-0.0093876
-188.66,111,-0.0094805
-190.65,111,-0.0095743
-192.67,111,-0.009669
-194.71,111,-0.0097646
-196.77,111,-0.0098611
-198.85,111,-0.0099586
-200.95,111,-0.010057
-203.07,111,-0.010156
-205.22,111,-0.010257
-207.38,111,-0.010358
-209.57,111,-0.01046
-211.77,111,-0.010564
-214,111,-0.010668
-216.25,111,-0.010773
-218.53,111,-0.01088
-220.82,111,-0.010987
-223.14,111,-0.011096
-225.48,111,-0.011205
-227.85,111,-0.011316
-230.24,111,-0.011427
-232.65,111,-0.01154
-235.08,111,-0.011654
-237.54,111,-0.011768
-240.03,111,-0.011884
-242.54,111,-0.012002
-245.07,111,-0.01212
-247.63,111,-0.012239
-250.21,111,-0.01236
-252.82,111,-0.012481
-255.45,111,-0.012604
-258.11,111,-0.012728
-260.8,111,-0.012853
-263.51,111,-0.01298
-266.25,111,-0.013108
-269.01,111,-0.013236
-271.81,111,-0.013367
-274.63,111,-0.013498
-277.47,111,-0.013631
-280.35,111,-0.013764
-283.25,111,-0.0139
-286.19,111,-0.014036
-289.15,111,-0.014174
-292.13,111,-0.014313
-295.15,111,-0.014453
-298.2,111,-0.014595
-301.28,111,-0.014738
-304.38,111,-0.014883
-307.52,111,-0.015029
-310.69,111,-0.015176
-313.89,111,-0.015325
-317.12,111,-0.015475
-320.38,111,-0.015626
-323.67,111,-0.015779
-326.99,111,-0.015934
-330.35,111,-0.01609
-333.74,111,-0.016247
-337.16,111,-0.016406
-340.61,111,-0.016566
-344.1,111,-0.016728
-347.62,111,-0.016892
-351.18,111,-0.017057
-354.77,111,-0.017224
-358.39,111,-0.017392
-362.05,111,-0.017561
-365.74,111,-0.017733
-369.47,111,-0.017906
-373.23,111,-0.01808
-377.03,111,-0.018257
-380.87,111,-0.018435
-384.74,111,-0.018614
-388.65,111,-0.018796
-392.6,111,-0.018979
-396.59,111,-0.019163
-400.61,111,-0.01935
-404.67,111,-0.019538
-408.77,111,-0.019728
-412.91,111,-0.01992
-417.09,111,-0.020114
-421.31,111,-0.020309
-425.56,111,-0.020506
-429.86,111,-0.020705
-434.2,111,-0.020906
-438.58,111,-0.021109
-443,111,-0.021314
-447.47,111,-0.021521
-451.97,111,-0.021729
-456.52,111,-0.02194
-461.11,111,-0.022152
-465.74,111,-0.022367
-470.42,111,-0.022583
-475.14,111,-0.022802
-479.9,111,-0.023022
-484.71,111,-0.023245
-489.57,111,-0.023469
-494.47,111,-0.023696
-499.42,111,-0.023925
-504.41,111,-0.024156
-509.45,111,-0.024389
-514.53,111,-0.024624
-519.66,111,-0.024862
-524.85,111,-0.025101
-530.07,111,-0.025343
-535.35,111,-0.025587
-540.68,111,-0.025833
-546.05,111,-0.026082
-551.48,111,-0.026333
-556.95,111,-0.026586
-562.48,111,-0.026841
-568.06,111,-0.027099
-573.69,111,-0.027359
-579.37,111,-0.027622
-585.1,111,-0.027887
-590.88,111,-0.028154
-596.72,111,-0.028424
-602.61,111,-0.028696
-608.56,111,-0.028971
-614.56,111,-0.029248
-620.61,111,-0.029528
-626.72,111,-0.02981
-632.89,111,-0.030095
-639.11,111,-0.030382
-645.39,111,-0.030672
-651.72,111,-0.030965
-658.11,111,-0.03126
-664.56,111,-0.031558
-671.07,111,-0.031859
-677.64,111,-0.032162
-684.26,111,-0.032468
-690.95,111,-0.032777
-697.7,111,-0.033089
-704.5,111,-0.033403
-711.37,111,-0.03372
-718.3,111,-0.03404
-725.29,111,-0.034363
-732.34,111,-0.034689
-739.46,111,-0.035017
-746.64,111,-0.035349
-753.88,111,-0.035683
-761.19,111,-0.036021
-768.56,111,-0.036361
-776,111,-0.036705
-783.5,111,-0.037051
-791.07,111,-0.037401
-798.71,111,-0.037754
-806.41,111,-0.038109
-814.18,111,-0.038468
-822.02,111,-0.03883
-829.93,111,-0.039195
-837.9,111,-0.039564
-845.95,111,-0.039936
-854.06,111,-0.04031
-862.25,111,-0.040689
-870.51,111,-0.04107
-878.84,111,-0.041455
-887.24,111,-0.041843
-895.71,111,-0.042234
-904.25,111,-0.042629
-912.87,111,-0.043027
-921.56,111,-0.043429
-930.33,111,-0.043834
-939.17,111,-0.044243
-948.09,111,-0.044655
-957.08,111,-0.045071
-966.15,111,-0.04549
-975.29,111,-0.045913
-984.51,111,-0.046339
-993.81,111,-0.046769
-1003.2,111,-0.047203
-1012.6,111,-0.04764
-1022.2,111,-0.048081
-1031.8,111,-0.048526
-1041.5,111,-0.048975
-1051.3,111,-0.049427
-1061.1,111,-0.049883
-1071.1,111,-0.050343
-1081.1,111,-0.050807
-1091.2,111,-0.051275
-1101.4,111,-0.051747
-1111.6,111,-0.052222
-1122,111,-0.052702
-1132.4,111,-0.053185
-1142.9,111,-0.053673
-1153.5,111,-0.054165
-1164.2,111,-0.05466
-1175,111,-0.05516
-1185.8,111,-0.055664
-1196.8,111,-0.056172
-1207.8,111,-0.056684
-1218.9,111,-0.0572
-1230.1,111,-0.057721
-1241.4,111,-0.058246
-1252.8,111,-0.058775
-1264.3,111,-0.059308
-1275.8,111,-0.059846
-1287.5,111,-0.060388
-1299.2,111,-0.060934
-1311,111,-0.061485
-1322.9,111,-0.06204
-1334.9,111,-0.0626
-1347,111,-0.063164
-1359.2,111,-0.063732
-1371.5,111,-0.064305
-1383.8,111,-0.064883
-1396.3,111,-0.065465
-1408.8,111,-0.066052
-1421.5,111,-0.066643
-1434.2,111,-0.06724
-1447,111,-0.06784
-1460,111,-0.068446
-1473,111,-0.069056
-1486.1,111,-0.069671
-1499.3,111,-0.07029
-1512.5,111,-0.070915
-1525.9,111,-0.071544
-1539.4,111,-0.072178
-1553,111,-0.072817
-1566.6,111,-0.073461
-1580.4,111,-0.074109
-1594.2,111,-0.074763
-1608.1,111,-0.075422
-1622.2,111,-0.076085
-1636.3,111,-0.076754
-1650.5,111,-0.077428
-1664.8,111,-0.078106
-1679.2,111,-0.07879
-1693.7,111,-0.079479
-1708.3,111,-0.080173
-1722.9,111,-0.080872
-1737.7,111,-0.081576
-1752.5,111,-0.082285
-1767.5,111,-0.083
-1782.5,111,-0.08372
-1797.6,111,-0.084445
-1812.8,111,-0.085175
-1828.1,111,-0.085911
-1843.5,111,-0.086652
-1859,111,-0.087398
-1874.6,111,-0.08815
-1890.2,111,-0.088907
-1906,111,-0.089669
-1921.8,111,-0.090437
-1937.7,111,-0.09121
-1953.7,111,-0.091989
-1969.8,111,-0.092773
-1985.9,111,-0.093562
-2002.2,111,-0.094357
-2018.5,111,-0.095158
-2034.9,111,-0.095964
-2051.4,111,-0.096776
-2067.9,111,-0.097593
-2084.6,111,-0.098416
-2101.3,111,-0.099244
-2118.1,111,-0.10008
-2134.9,111,-0.10092
-2151.9,111,-0.10176
-2168.9,111,-0.10261
-2186,111,-0.10347
-2203.1,111,-0.10433
-2220.4,111,-0.1052
-2237.7,111,-0.10607
-2255,111,-0.10695
-2272.4,111,-0.10784
-2289.9,111,-0.10873
-2307.5,111,-0.10963
-2325.1,111,-0.11053
-2342.8,111,-0.11144
-2360.5,111,-0.11235
-2378.3,111,-0.11327
-2396.1,111,-0.1142
-2414,111,-0.11513
-2432,111,-0.11607
-2449.9,111,-0.11701
-2468,111,-0.11796
-2486.1,111,-0.11891
-2504.2,111,-0.11987
-2522.4,111,-0.12084
-2540.6,111,-0.12181
-2558.8,111,-0.12279
-2577.1,111,-0.12377
-2595.4,111,-0.12476
-2613.8,111,-0.12576
-2632.2,111,-0.12676
-2650.6,111,-0.12777
-2669,111,-0.12878
-2687.5,111,-0.1298
-2706,111,-0.13083
-2724.5,111,-0.13186
-2743,111,-0.13289
-2761.6,111,-0.13394
-2780.1,111,-0.13499
-2798.7,111,-0.13604
-2817.2,111,-0.1371
-2835.8,111,-0.13817
-2854.4,111,-0.13924
-2872.9,111,-0.14032
-2891.5,111,-0.1414
-2910.1,111,-0.14249
-2928.7,111,-0.14359
-2947.2,111,-0.14469
-2965.7,111,-0.14579
-2984.3,111,-0.14691
-3002.8,111,-0.14803
-3021.3,111,-0.14915
-3039.7,111,-0.15028
-3058.2,111,-0.15142
-3076.6,111,-0.15256
-3095,111,-0.1537
-3113.3,111,-0.15486
-3131.6,111,-0.15602
-3149.9,111,-0.15718
-3168.2,111,-0.15835
-3186.4,111,-0.15953
-3204.5,111,-0.16071
-3222.6,111,-0.1619
-3240.6,111,-0.16309
-3258.6,111,-0.16429
-3276.6,111,-0.16549
-3294.4,111,-0.1667
-3312.3,111,-0.16791
-3330,111,-0.16914
-3347.7,111,-0.17036
-3365.3,111,-0.17159
-3382.8,111,-0.17283
-3400.3,111,-0.17407
-3417.7,111,-0.17532
-3435,111,-0.17657
-3452.2,111,-0.17783
-3469.3,111,-0.17909
-3486.3,111,-0.18036
-3503.3,111,-0.18163
-3520.1,111,-0.18291
-3536.9,111,-0.1842
-3553.6,111,-0.18549
-3570.1,111,-0.18678
-3586.6,111,-0.18808
-3602.9,111,-0.18938
-3619.2,111,-0.19069
-3635.3,111,-0.19201
-3651.3,111,-0.19333
-3667.2,111,-0.19465
-3683,111,-0.19598
-3698.7,111,-0.19731
-3714.2,111,-0.19865
-3729.6,111,-0.19999
-3744.9,111,-0.20134
-3760.1,111,-0.20269
-3775.1,111,-0.20405
-3790,111,-0.20541
-3804.7,111,-0.20678
-3819.4,111,-0.20815
-3833.8,111,-0.20952
-3848.2,111,-0.2109
-3862.4,111,-0.21228
-3876.4,111,-0.21367
-3890.3,111,-0.21506
-3904.1,111,-0.21646
-3917.7,111,-0.21786
-3931.1,111,-0.21926
-3944.4,111,-0.22067
-3957.6,111,-0.22208
-3970.6,111,-0.22349
-3983.4,111,-0.22491
-3996.1,111,-0.22634
-4008.6,111,-0.22776
-4020.9,111,-0.22919
-4033.1,111,-0.23063
-4045.1,111,-0.23206
-4057,111,-0.2335
-4068.7,111,-0.23495
-4080.2,111,-0.2364
-4091.5,111,-0.23785
-4102.7,111,-0.2393
-4113.7,111,-0.24076
-4124.5,111,-0.24222
-4135.2,111,-0.24368
-4145.7,111,-0.24515
-4156,111,-0.24662
-4166.1,111,-0.24809
-4176.1,111,-0.24956
-4185.8,111,-0.25104
-4195.4,111,-0.25252
-4204.8,111,-0.254
-4214,111,-0.25549
-4223.1,111,-0.25698
-4232,111,-0.25847
-4240.6,111,-0.25996
-4249.1,111,-0.26145
-4257.5,111,-0.26295
-4265.6,111,-0.26445
-4273.6,111,-0.26595
-4281.3,111,-0.26745
-4288.9,111,-0.26896
-4296.3,111,-0.27046
-4303.5,111,-0.27197
-4310.5,111,-0.27348
-4317.4,111,-0.27499
-4324,111,-0.2765
-4330.5,111,-0.27802
-4336.8,111,-0.27953
-4342.9,111,-0.28105
-4348.8,111,-0.28257
-4354.5,111,-0.28409
-4360.1,111,-0.28561
-4365.4,111,-0.28713
-4370.6,111,-0.28865
-4375.6,111,-0.29017
-4380.4,111,-0.2917
-4385,111,-0.29322
-4389.5,111,-0.29475
-4393.7,111,-0.29627
-4397.8,111,-0.2978
-4401.7,111,-0.29932
-4405.4,111,-0.30085
-4408.9,111,-0.30238
-4412.2,111,-0.30391
-4415.4,111,-0.30543
-4418.4,111,-0.30696
-4421.2,111,-0.30849
-4423.8,111,-0.31001
-4426.3,111,-0.31154
-4428.5,111,-0.31307
-4430.6,111,-0.31459
-4432.5,111,-0.31612
-4434.3,111,-0.31764
-4435.8,111,-0.31917
-4437.2,111,-0.32069
-4438.4,111,-0.32221
-4439.5,111,-0.32374
-4440.3,111,-0.32526
-4441,111,-0.32678
-4441.6,111,-0.3283
-4441.9,111,-0.32982
-4442.1,111,-0.33133
-4442.2,111,-0.33285
-4442,111,-0.33436
-4441.7,111,-0.33587
-4441.2,111,-0.33739
-4440.6,111,-0.3389
-4439.8,111,-0.3404
-4438.9,111,-0.34191
-4437.7,111,-0.34341
-4436.5,111,-0.34492
-4435,111,-0.34642
-4433.5,111,-0.34792
-4431.7,111,-0.34941
-4429.8,111,-0.35091
-4427.8,111,-0.3524
-4425.5,111,-0.35389
-4423.2,111,-0.35538
-4420.7,111,-0.35686
-4418,111,-0.35834
-4415.2,111,-0.35982
-4412.3,111,-0.3613
-4409.2,111,-0.36278
-4405.9,111,-0.36425
-4402.6,111,-0.36572
-4399,111,-0.36718
-4395.4,111,-0.36865
-4391.6,111,-0.37011
-4387.6,111,-0.37156
-4383.6,111,-0.37302
-4379.4,111,-0.37447
-4375,111,-0.37592
-4370.5,111,-0.37736
-4365.9,111,-0.3788
-4361.2,111,-0.38024
-4356.3,111,-0.38167
-4351.3,111,-0.3831
-4346.2,111,-0.38453
-4341,111,-0.38595
-4335.6,111,-0.38737
-4330.1,111,-0.38879
-4324.5,111,-0.3902
-4318.8,111,-0.39161
-4313,111,-0.39301
-4307,111,-0.39441
-4300.9,111,-0.3958
-4294.7,111,-0.3972
-4288.4,111,-0.39858
-4282,111,-0.39997
-4275.5,111,-0.40134
-4268.9,111,-0.40272
-4262.1,111,-0.40409
-4255.3,111,-0.40545
-4248.3,111,-0.40682
-4241.3,111,-0.40817
-4234.1,111,-0.40952
-4226.9,111,-0.41087
-4219.5,111,-0.41222
-4212.1,111,-0.41355
-4204.6,111,-0.41489
-4196.9,111,-0.41622
-4189.2,111,-0.41754
-4181.4,111,-0.41886
-4173.5,111,-0.42017
-4165.5,111,-0.42148
-4157.4,111,-0.42279
-4149.2,111,-0.42408
-4140.9,111,-0.42538
-4132.6,111,-0.42667
-4124.2,111,-0.42795
-4115.7,111,-0.42923
-4107.1,111,-0.4305
-4098.4,111,-0.43177
-4089.7,111,-0.43304
-4080.8,111,-0.43429
-4071.9,111,-0.43555
-4063,111,-0.43679
-4053.9,111,-0.43804
-4044.8,111,-0.43927
-4035.6,111,-0.4405
-4026.4,111,-0.44173
-4017.1,111,-0.44295
-4007.7,111,-0.44417
-3998.2,111,-0.44537
-3988.7,111,-0.44658
-3979.2,111,-0.44778
-3969.5,111,-0.44897
-3959.8,111,-0.45016
-3950.1,111,-0.45134
-3940.3,111,-0.45251
-3930.4,111,-0.45368
-3920.5,111,-0.45485
-3910.5,111,-0.45601
-3900.5,111,-0.45716
-3890.4,111,-0.45831
-3880.3,111,-0.45945
-3870.1,111,-0.46059
-3859.9,111,-0.46172
-3849.6,111,-0.46284
-3839.3,111,-0.46396
-3828.9,111,-0.46507
-3818.5,111,-0.46618
-3808.1,111,-0.46728
-3797.6,111,-0.46838
-3787,111,-0.46947
-3776.5,111,-0.47055
-3765.9,111,-0.47163
-3755.2,111,-0.4727
-3744.5,111,-0.47377
-3733.8,111,-0.47483
-3723.1,111,-0.47588
-3712.3,111,-0.47693
-3701.5,111,-0.47797
-3690.6,111,-0.47901
-3679.8,111,-0.48004
-3668.8,111,-0.48106
-3657.9,111,-0.48208
-3647,111,-0.4831
-3636,111,-0.4841
-3625,111,-0.48511
-3613.9,111,-0.4861
-3602.9,111,-0.48709
-3591.8,111,-0.48808
-3580.7,111,-0.48905
-3569.6,111,-0.49003
-3558.4,111,-0.49099
-3547.3,111,-0.49195
-3536.1,111,-0.49291
-3524.9,111,-0.49386
-3513.7,111,-0.4948
-3502.4,111,-0.49574
-3491.2,111,-0.49667
-3479.9,111,-0.49759
-3468.7,111,-0.49851
-3457.4,111,-0.49943
-3446.1,111,-0.50034
-3434.8,111,-0.50124
-3423.5,111,-0.50214
-3412.2,111,-0.50303
-3400.8,111,-0.50391
-3389.5,111,-0.50479
-3378.1,111,-0.50566
-3366.8,111,-0.50653
-3355.4,111,-0.50739
-3344.1,111,-0.50825
-3332.7,111,-0.5091
-3321.3,111,-0.50995
-3310,111,-0.51079
-3298.6,111,-0.51162
-3287.2,111,-0.51245
-3275.8,111,-0.51327
-3264.5,111,-0.51409
-3253.1,111,-0.5149
-3241.7,111,-0.51571
-3230.3,111,-0.51651
-3219,111,-0.5173
-3207.6,111,-0.51809
-3196.2,111,-0.51888
-3184.9,111,-0.51966
-3173.5,111,-0.52043
-3162.2,111,-0.5212
-3150.8,111,-0.52196
-3139.5,111,-0.52272
-3128.2,111,-0.52347
-3116.9,111,-0.52421
-3105.5,111,-0.52495
-3094.2,111,-0.52569
-3082.9,111,-0.52642
-3071.7,111,-0.52715
-3060.4,111,-0.52787
-3049.1,111,-0.52858
-3037.9,111,-0.52929
-3026.6,111,-0.52999
-3015.4,111,-0.53069
-3004.2,111,-0.53139
-2993,111,-0.53208
-2981.8,111,-0.53276
-2970.6,111,-0.53344
-2959.4,111,-0.53411
-2948.3,111,-0.53478
-2937.2,111,-0.53544
-2926,111,-0.5361
-2914.9,111,-0.53676
-2903.9,111,-0.5374
-2892.8,111,-0.53805
-2881.7,111,-0.53869
-2870.7,111,-0.53932
-2859.7,111,-0.53995
-2848.7,111,-0.54057
-2837.7,111,-0.54119
-2826.7,111,-0.54181
-2815.8,111,-0.54242
-2804.9,111,-0.54303
-2794,111,-0.54363
-2783.1,111,-0.54422
-2772.2,111,-0.54481
-2761.4,111,-0.5454
-2750.6,111,-0.54598
-2739.8,111,-0.54656
-2729,111,-0.54713
-2718.2,111,-0.5477
-2707.5,111,-0.54827
-2696.8,111,-0.54883
-2686.1,111,-0.54938
-2675.5,111,-0.54993
-2664.8,111,-0.55048
-2654.2,111,-0.55102
-2643.6,111,-0.55156
-2633,111,-0.55209
-2622.5,111,-0.55262
-2612,111,-0.55314
-2601.5,111,-0.55366
-2591,111,-0.55418
-2580.6,111,-0.55469
-2570.1,111,-0.5552
-2559.7,111,-0.55571
-2549.4,111,-0.5562
-2539,111,-0.5567
-2528.7,111,-0.55719
-2518.4,111,-0.55768
-2508.2,111,-0.55816
-2497.9,111,-0.55864
-2487.7,111,-0.55912
-2477.5,111,-0.55959
-2467.4,111,-0.56006
-2457.2,111,-0.56052
-2447.1,111,-0.56098
-2437.1,111,-0.56144
-2427,111,-0.56189
-2417,111,-0.56234
-2407,111,-0.56278
-2397,111,-0.56322
-2387.1,111,-0.56366
-2377.2,111,-0.5641
-2367.3,111,-0.56453
-2357.5,111,-0.56495
-2347.7,111,-0.56538
-2337.9,111,-0.56579
-2328.1,111,-0.56621
-2318.4,111,-0.56662
-2308.7,111,-0.56703
-2299,111,-0.56744
-2289.4,111,-0.56784
-2279.7,111,-0.56824
-2270.2,111,-0.56863
-2260.6,111,-0.56902
-2251.1,111,-0.56941
-2241.6,111,-0.5698
-2232.1,111,-0.57018
-2222.7,111,-0.57055
-2213.3,111,-0.57093
-2203.9,111,-0.5713
-2194.6,111,-0.57167
-2185.2,111,-0.57203
-2176,111,-0.5724
-2166.7,111,-0.57276
-2157.5,111,-0.57311
-2148.3,111,-0.57346
-2139.1,111,-0.57381
-2130,111,-0.57416
-2120.9,111,-0.5745
-2111.8,111,-0.57484
-2102.8,111,-0.57518
-2093.8,111,-0.57552
-2084.8,111,-0.57585
-2075.8,111,-0.57618
-2066.9,111,-0.5765
-2058,111,-0.57683
-2049.2,111,-0.57715
-2040.4,111,-0.57746
-2031.6,111,-0.57778
-2022.8,111,-0.57809
-2014.1,111,-0.5784
-2005.4,111,-0.5787
-1996.7,111,-0.57901
-1988,111,-0.57931
-1979.4,111,-0.57961
-1970.9,111,-0.5799
-1962.3,111,-0.58019
-1953.8,111,-0.58048
-1945.3,111,-0.58077
-1936.9,111,-0.58106
-1928.4,111,-0.58134
-1920,111,-0.58162
-1911.7,111,-0.58189
-1903.3,111,-0.58217
-1895,111,-0.58244
-1886.8,111,-0.58271
-1878.5,111,-0.58298
-1870.3,111,-0.58324
-1862.1,111,-0.58351
-1854,111,-0.58377
-1845.9,111,-0.58402
-1837.8,111,-0.58428
-1829.7,111,-0.58453
-1821.7,111,-0.58478
-1813.7,111,-0.58503
-1805.7,111,-0.58528
-1797.8,111,-0.58552
-1789.9,111,-0.58576
-1782,111,-0.586
-1774.2,111,-0.58624
-1766.4,111,-0.58648
-1758.6,111,-0.58671
-1750.8,111,-0.58694
-1743.1,111,-0.58717
-1735.4,111,-0.5874
-1727.7,111,-0.58762
-1720.1,111,-0.58784
-1712.5,111,-0.58806
-1704.9,111,-0.58828
-1697.4,111,-0.5885
-1689.9,111,-0.58871
-1682.4,111,-0.58893
-1674.9,111,-0.58914
-1667.5,111,-0.58934
-1660.1,111,-0.58955
-1652.8,111,-0.58976
-1645.4,111,-0.58996
-1638.1,111,-0.59016
-1630.8,111,-0.59036
-1623.6,111,-0.59056
-1616.4,111,-0.59075
-1609.2,111,-0.59095
-1602,111,-0.59114
-1594.9,111,-0.59133
-1587.8,111,-0.59152
-1580.7,111,-0.5917
-1573.6,111,-0.59189
-1566.6,111,-0.59207
-1559.6,111,-0.59225
-1552.7,111,-0.59243
-1545.7,111,-0.59261
-1538.8,111,-0.59278
-1532,111,-0.59296
-1525.1,111,-0.59313
-1518.3,111,-0.5933
-1511.5,111,-0.59347
-1504.7,111,-0.59364
-1498,111,-0.59381
-1491.3,111,-0.59397
-1484.6,111,-0.59414
-1477.9,111,-0.5943
-1471.3,111,-0.59446
-1464.7,111,-0.59462
-1458.2,111,-0.59478
-1451.6,111,-0.59493
-1445.1,111,-0.59509
-1438.6,111,-0.59524
-1432.1,111,-0.59539
-1425.7,111,-0.59554
-1419.3,111,-0.59569
-1412.9,111,-0.59584
-1406.6,111,-0.59598
-1400.2,111,-0.59613
-1393.9,111,-0.59627
-1387.6,111,-0.59641
-1381.4,111,-0.59655
-1375.2,111,-0.59669
-1369,111,-0.59683
-1362.8,111,-0.59697
-1356.7,111,-0.5971
-1350.5,111,-0.59723
-1344.4,111,-0.59737
-1338.4,111,-0.5975
-1332.3,111,-0.59763
-1326.3,111,-0.59776
-1320.3,111,-0.59789
-1314.4,111,-0.59801
-1308.4,111,-0.59814
-1302.5,111,-0.59826
-1296.6,111,-0.59838
-1290.7,111,-0.59851
-1284.9,111,-0.59863
-1279.1,111,-0.59875
-1273.3,111,-0.59886
-1267.5,111,-0.59898
-1261.8,111,-0.5991
-1256.1,111,-0.59921
-1250.4,111,-0.59933
-1244.7,111,-0.59944
-1239,111,-0.59955
-1233.4,111,-0.59966
-1227.8,111,-0.59977
-1222.2,111,-0.59988
-1216.7,111,-0.59999
-1211.2,111,-0.60009
-1205.7,111,-0.6002
-1200.2,111,-0.6003
-1194.7,111,-0.6004
-1189.3,111,-0.60051
-1183.9,111,-0.60061
-1178.5,111,-0.60071
-1173.1,111,-0.60081
-1167.8,111,-0.60091
-1162.4,111,-0.601
-1157.1,111,-0.6011
-1151.9,111,-0.6012
-1146.6,111,-0.60129
-1141.4,111,-0.60138
-1136.2,111,-0.60148
-1131,111,-0.60157
-1125.8,111,-0.60166
-1120.7,111,-0.60175
-1115.5,111,-0.60184
-1110.4,111,-0.60193
-1105.4,111,-0.60202
-1100.3,111,-0.6021
-1095.3,111,-0.60219
-1090.3,111,-0.60227
-1085.3,111,-0.60236
-1080.3,111,-0.60244
-1075.3,111,-0.60252
-1070.4,111,-0.60261
-1065.5,111,-0.60269
-1060.6,111,-0.60277
-1055.7,111,-0.60285
-1050.9,111,-0.60293
-1046,111,-0.603
-1041.2,111,-0.60308
-1036.4,111,-0.60316
-1031.7,111,-0.60323
-1026.9,111,-0.60331
-1022.2,111,-0.60338
-1017.5,111,-0.60346
-1012.8,111,-0.60353
-1008.1,111,-0.6036
-1003.5,111,-0.60367
-998.83,111,-0.60374
-994.21,111,-0.60381
-989.62,111,-0.60388
-985.04,111,-0.60395
-980.48,111,-0.60402
-975.94,111,-0.60409
-971.42,111,-0.60415
-966.92,111,-0.60422
-962.44,111,-0.60429
-957.97,111,-0.60435
-953.52,111,-0.60441
-949.09,111,-0.60448
-944.68,111,-0.60454
-940.29,111,-0.6046
-935.91,111,-0.60466
-931.55,111,-0.60473
-927.21,111,-0.60479
-922.89,111,-0.60485
-918.59,111,-0.60491
-914.3,111,-0.60496
-910.03,111,-0.60502
-905.77,111,-0.60508
-901.53,111,-0.60514
-897.31,111,-0.60519
-893.11,111,-0.60525
-888.92,111,-0.6053
-884.75,111,-0.60536
-880.6,111,-0.60541
-876.46,111,-0.60547
-872.34,111,-0.60552
-868.24,111,-0.60557
-864.15,111,-0.60563
-860.08,111,-0.60568
-856.02,111,-0.60573
-851.98,111,-0.60578
-847.95,111,-0.60583
-843.94,111,-0.60588
-839.95,111,-0.60593
-835.97,111,-0.60598
-832.01,111,-0.60603
-828.06,111,-0.60607
-824.12,111,-0.60612
-820.21,111,-0.60617
-816.3,111,-0.60621
-812.41,111,-0.60626
-808.54,111,-0.6063
-804.68,111,-0.60635
-800.84,111,-0.60639
-797.01,111,-0.60644
-793.19,111,-0.60648
-789.39,111,-0.60653
-785.6,111,-0.60657
-781.83,111,-0.60661
-778.07,111,-0.60665
-774.32,111,-0.60669
-770.59,111,-0.60674
-766.88,111,-0.60678
-763.17,111,-0.60682
-759.48,111,-0.60686
-755.8,111,-0.6069
-752.14,111,-0.60694
-748.49,111,-0.60697
-744.85,111,-0.60701
-741.23,111,-0.60705
-737.62,111,-0.60709
-734.02,111,-0.60713
-730.43,111,-0.60716
-726.86,111,-0.6072
-723.3,111,-0.60724
-719.75,111,-0.60727
-716.22,111,-0.60731
-712.69,111,-0.60734
-709.18,111,-0.60738
-705.69,111,-0.60741
-702.2,111,-0.60745
-698.72,111,-0.60748
-695.26,111,-0.60751
-691.81,111,-0.60755
-688.37,111,-0.60758
-684.95,111,-0.60761
-681.53,111,-0.60764
-678.13,111,-0.60768
-674.74,111,-0.60771
-671.36,111,-0.60774
-667.99,111,-0.60777
-664.63,111,-0.6078
-661.28,111,-0.60783
-657.95,111,-0.60786
-654.62,111,-0.60789
-651.31,111,-0.60792
-648,111,-0.60795
-644.71,111,-0.60798
-641.43,111,-0.60801
-638.16,111,-0.60804
-634.9,111,-0.60806
-631.65,111,-0.60809
-628.41,111,-0.60812
-625.18,111,-0.60815
-621.96,111,-0.60817
-618.75,111,-0.6082
-615.55,111,-0.60823
-612.36,111,-0.60825
-609.18,111,-0.60828
-606.01,111,-0.6083
-602.85,111,-0.60833
-599.7,111,-0.60835
-596.56,111,-0.60838
-593.43,111,-0.6084
-590.31,111,-0.60843
-587.19,111,-0.60845
-584.09,111,-0.60848
-581,111,-0.6085
-577.91,111,-0.60852
-574.84,111,-0.60855
-571.77,111,-0.60857
-568.71,111,-0.60859
-565.66,111,-0.60861
-562.62,111,-0.60864
-559.59,111,-0.60866
-556.57,111,-0.60868
-553.56,111,-0.6087
-550.55,111,-0.60872
-547.56,111,-0.60875
-544.57,111,-0.60877
-541.59,111,-0.60879
-538.62,111,-0.60881
-535.65,111,-0.60883
-532.7,111,-0.60885
-529.75,111,-0.60887
-526.81,111,-0.60889
-523.88,111,-0.60891
-520.96,111,-0.60893
-518.05,111,-0.60895
-515.14,111,-0.60897
-512.24,111,-0.60898
-509.35,111,-0.609
-506.46,111,-0.60902
-503.59,111,-0.60904
-500.72,111,-0.60906
-497.86,111,-0.60908
-495,111,-0.60909
-492.16,111,-0.60911
-489.32,111,-0.60913
-486.49,111,-0.60915
-483.66,111,-0.60916
-480.84,111,-0.60918
-478.03,111,-0.6092
-475.23,111,-0.60921
-472.43,111,-0.60923
-469.64,111,-0.60925
-466.86,111,-0.60926
-464.08,111,-0.60928
-461.31,111,-0.60929
-458.55,111,-0.60931
-455.8,111,-0.60932
-453.05,111,-0.60934
-450.3,111,-0.60935
-447.57,111,-0.60937
-444.84,111,-0.60938
-442.11,111,-0.6094
-439.4,111,-0.60941
-436.69,111,-0.60943
-433.98,111,-0.60944
-431.28,111,-0.60946
-428.59,111,-0.60947
-425.91,111,-0.60948
-423.23,111,-0.6095
-420.55,111,-0.60951
-417.89,111,-0.60953
-415.22,111,-0.60954
-412.57,111,-0.60955
-409.92,111,-0.60956
-407.27,111,-0.60958
-404.64,111,-0.60959
-402,111,-0.6096
-399.38,111,-0.60962
-396.76,111,-0.60963
-394.14,111,-0.60964
-391.53,111,-0.60965
-388.93,111,-0.60966
-386.33,111,-0.60968
-383.73,111,-0.60969
-381.15,111,-0.6097
-378.56,111,-0.60971
-375.99,111,-0.60972
-373.41,111,-0.60973
-370.85,111,-0.60975
-368.29,111,-0.60976
-365.73,111,-0.60977
-363.18,111,-0.60978
-360.64,111,-0.60979
-358.09,111,-0.6098
-355.56,111,-0.60981
-353.03,111,-0.60982
-350.5,111,-0.60983
-347.98,111,-0.60984
-345.47,111,-0.60985
-342.96,111,-0.60986
-340.45,111,-0.60987
-337.95,111,-0.60988
-335.46,111,-0.60989
-332.97,111,-0.6099
-330.48,111,-0.60991
-328,111,-0.60992
-325.52,111,-0.60993
-323.05,111,-0.60994
-320.58,111,-0.60995
-318.12,111,-0.60996
-315.66,111,-0.60997
-313.21,111,-0.60998
-310.76,111,-0.60998
-308.32,111,-0.60999
-305.88,111,-0.61
-303.44,111,-0.61001
-301.01,111,-0.61002
-298.59,111,-0.61003
-296.17,111,-0.61004
-293.75,111,-0.61004
-291.34,111,-0.61005
-288.93,111,-0.61006
-286.52,111,-0.61007
-284.12,111,-0.61008
-281.73,111,-0.61008
-279.34,111,-0.61009
-276.95,111,-0.6101
-274.57,111,-0.61011
-272.19,111,-0.61011
-269.82,111,-0.61012
-267.45,111,-0.61013
-265.08,111,-0.61014
-262.72,111,-0.61014
-260.36,111,-0.61015
-258.01,111,-0.61016
-255.66,111,-0.61016
-253.32,111,-0.61017
-250.98,111,-0.61018
-248.64,111,-0.61019
-246.31,111,-0.61019
-243.98,111,-0.6102
-241.66,111,-0.61021
-239.34,111,-0.61021
-237.02,111,-0.61022
-234.71,111,-0.61023
-232.4,111,-0.61023
-230.1,111,-0.61024
-227.8,111,-0.61024
-225.5,111,-0.61025
-223.21,111,-0.61026
-220.92,111,-0.61026
-218.64,111,-0.61027
-216.36,111,-0.61027
-214.08,111,-0.61028
-211.81,111,-0.61029
-209.54,111,-0.61029
-207.27,111,-0.6103
-205.01,111,-0.6103
-202.76,111,-0.61031
-200.5,111,-0.61031
-198.25,111,-0.61032
-196.01,111,-0.61033
-193.77,111,-0.61033
-191.53,111,-0.61034
-189.3,111,-0.61034
-187.07,111,-0.61035
-184.84,111,-0.61035
-182.62,111,-0.61036
-180.4,111,-0.61036
-178.19,111,-0.61037
-175.98,111,-0.61037
-173.77,111,-0.61038
-171.57,111,-0.61038
-169.37,111,-0.61039
-167.17,111,-0.61039
-164.98,111,-0.6104
-162.79,111,-0.6104
-160.61,111,-0.6104
-158.43,111,-0.61041
-156.26,111,-0.61041
-154.08,111,-0.61042
-151.92,111,-0.61042
-149.75,111,-0.61043
-147.59,111,-0.61043
-145.43,111,-0.61044
-143.28,111,-0.61044
-141.13,111,-0.61044
-138.99,111,-0.61045
-136.84,111,-0.61045
-134.71,111,-0.61046
-132.57,111,-0.61046
-130.44,111,-0.61047
-128.32,111,-0.61047
-126.19,111,-0.61047
-124.08,111,-0.61048
-121.96,111,-0.61048
-119.85,111,-0.61048
-117.74,111,-0.61049
-115.64,111,-0.61049
-113.54,111,-0.6105
-111.45,111,-0.6105
-109.36,111,-0.6105
-107.27,111,-0.61051
-105.18,111,-0.61051
-103.11,111,-0.61051
-101.03,111,-0.61052
-98.958,111,-0.61052
-96.89,111,-0.61052
-94.826,111,-0.61053
-92.766,111,-0.61053
-90.71,111,-0.61053
-88.658,111,-0.61054
-86.61,111,-0.61054
-84.566,111,-0.61054
-82.526,111,-0.61055
-80.49,111,-0.61055
-78.458,111,-0.61055
-76.429,111,-0.61056
-74.405,111,-0.61056
-72.385,111,-0.61056
-70.369,111,-0.61057
-68.357,111,-0.61057
-66.349,111,-0.61057
-64.345,111,-0.61057
-62.345,111,-0.61058
-60.349,111,-0.61058
-58.358,111,-0.61058
-56.37,111,-0.61059
-54.387,111,-0.61059
-52.407,111,-0.61059
-50.432,111,-0.61059
-48.461,111,-0.6106
-46.494,111,-0.6106
-44.531,111,-0.6106
-42.573,111,-0.6106
-40.618,111,-0.61061
-38.668,111,-0.61061
-36.722,111,-0.61061
-34.78,111,-0.61062
-32.842,111,-0.61062
-30.909,111,-0.61062
-28.98,111,-0.61062
-27.055,111,-0.61062
-25.135,111,-0.61063
-23.219,111,-0.61063
-21.307,111,-0.61063
-19.399,111,-0.61063
-17.496,111,-0.61064
-15.597,111,-0.61064
-13.702,111,-0.61064
-11.812,111,-0.61064
-9.9264,111,-0.61065
-8.045,111,-0.61065
-6.168,111,-0.61065
-4.2954,111,-0.61065
-2.4273,111,-0.61065
-0.56365,111,-0.61066
1.2956,111,-0.61066
3.1503,111,-0.61066
5.0005,111,-0.61066
6.8462,111,-0.61066
8.6874,111,-0.61067
10.524,111,-0.61067
12.356,111,-0.61067
14.184,111,-0.61067
16.007,111,-0.61067
17.825,111,-0.61068
19.639,111,-0.61068
21.448,111,-0.61068
23.253,111,-0.61068
25.052,111,-0.61068
26.848,111,-0.61069
28.638,111,-0.61069
30.424,111,-0.61069
32.205,111,-0.61069
33.981,111,-0.61069
35.753,111,-0.61069
37.52,111,-0.6107
39.282,111,-0.6107
41.04,111,-0.6107
42.792,111,-0.6107
44.54,111,-0.6107
46.283,111,-0.6107
48.021,111,-0.61071
49.754,111,-0.61071
51.482,111,-0.61071
53.206,111,-0.61071
54.924,111,-0.61071
56.638,111,-0.61071
58.347,111,-0.61071
60.051,111,-0.61072
61.749,111,-0.61072
63.443,111,-0.61072
65.132,111,-0.61072
66.816,111,-0.61072
68.495,111,-0.61072
70.169,111,-0.61073
71.837,111,-0.61073
73.501,111,-0.61073
75.16,111,-0.61073
76.813,111,-0.61073
78.462,111,-0.61073
80.105,111,-0.61073
81.743,111,-0.61073
83.376,111,-0.61074
85.004,111,-0.61074
86.627,111,-0.61074
88.244,111,-0.61074
89.856,111,-0.61074
91.464,111,-0.61074
93.065,111,-0.61074
94.662,111,-0.61074
96.253,111,-0.61075
97.839,111,-0.61075
99.42,111,-0.61075
101,111,-0.61075
102.57,111,-0.61075
104.13,111,-0.61075
105.69,111,-0.61075
107.24,111,-0.61075
108.79,111,-0.61076
110.34,111,-0.61076
111.87,111,-0.61076
113.41,111,-0.61076
114.93,111,-0.61076
116.45,111,-0.61076
117.97,111,-0.61076
119.48,111,-0.61076
120.99,111,-0.61076
122.49,111,-0.61076
123.98,111,-0.61077
125.47,111,-0.61077
126.95,111,-0.61077
128.43,111,-0.61077
129.9,111,-0.61077
131.37,111,-0.61077
132.83,111,-0.61077
134.28,111,-0.61077
135.73,111,-0.61077
137.18,111,-0.61077
138.62,111,-0.61077
140.05,111,-0.61078
141.48,111,-0.61078
142.9,111,-0.61078
144.31,111,-0.61078
145.72,111,-0.61078
147.13,111,-0.61078
148.53,111,-0.61078
149.92,111,-0.61078
151.31,111,-0.61078
152.69,111,-0.61078
154.06,111,-0.61078
155.43,111,-0.61079
156.8,111,-0.61079
158.16,111,-0.61079
159.51,111,-0.61079
160.86,111,-0.61079
162.2,111,-0.61079
163.53,111,-0.61079
164.86,111,-0.61079
166.18,111,-0.61079
167.5,111,-0.61079
168.81,111,-0.61079
170.12,111,-0.61079
171.42,111,-0.61079
172.71,111,-0.61079
174,111,-0.6108
175.28,111,-0.6108
176.56,111,-0.6108
177.83,111,-0.6108
179.09,111,-0.6108
180.35,111,-0.6108
181.61,111,-0.6108
182.85,111,-0.6108
184.09,111,-0.6108
185.33,111,-0.6108
186.56,111,-0.6108
187.78,111,-0.6108
189,111,-0.6108
190.21,111,-0.6108
191.41,111,-0.6108
192.61,111,-0.61081
193.8,111,-0.61081
194.99,111,-0.61081
196.17,111,-0.61081
197.34,111,-0.61081
198.51,111,-0.61081
199.67,111,-0.61081
200.83,111,-0.61081
201.98,111,-0.61081
203.12,111,-0.61081
204.26,111,-0.61081
205.39,111,-0.61081
206.52,111,-0.61081
207.64,111,-0.61081
208.75,111,-0.61081
209.86,111,-0.61081
210.96,111,-0.61081
212.06,111,-0.61081
213.15,111,-0.61082
214.23,111,-0.61082
215.31,111,-0.61082
216.38,111,-0.61082
217.44,111,-0.61082
218.5,111,-0.61082
219.55,111,-0.61082
220.6,111,-0.61082
221.64,111,-0.61082
222.68,111,-0.61082
223.7,111,-0.61082
224.72,111,-0.61082
225.74,111,-0.61082
226.75,111,-0.61082
227.75,111,-0.61082
228.75,111,-0.61082
229.74,111,-0.61082
230.73,111,-0.61082
231.71,111,-0.61082
232.68,111,-0.61082
233.64,111,-0.61082
234.6,111,-0.61082
235.56,111,-0.61083
236.51,111,-0.61083
237.45,111,-0.61083
238.38,111,-0.61083
239.31,111,-0.61083
240.24,111,-0.61083
241.15,111,-0.61083
242.07,111,-0.61083
242.97,111,-0.61083
243.87,111,-0.61083
244.76,111,-0.61083
245.65,111,-0.61083
246.53,111,-0.61083
247.4,111,-0.61083
248.27,111,-0.61083
249.13,111,-0.61083
249.99,111,-0.61083
250.84,111,-0.61083
251.68,111,-0.61083
252.52,111,-0.61083
253.35,111,-0.61083
254.18,111,-0.61083
255,111,-0.61083
255.81,111,-0.61083
256.62,111,-0.61083
257.42,111,-0.61083
258.21,111,-0.61083
259,111,-0.61083
259.78,111,-0.61083
260.56,111,-0.61084
261.33,111,-0.61084
262.09,111,-0.61084
262.85,111,-0.61084
263.6,111,-0.61084
264.35,111,-0.61084
265.09,111,-0.61084
265.82,111,-0.61084
266.55,111,-0.61082
267.24,111,-0.61082
267.96,111,-0.61082
268.66,111,-0.61082
269.37,111,-0.61082
270.06,111,-0.61082
270.75,111,-0.61082
271.44,111,-0.61082
272.12,111,-0.61082
272.79,111,-0.61082
273.45,111,-0.61082
274.12,111,-0.61082
274.77,111,-0.61082
275.42,111,-0.61081
276.06,111,-0.61081
276.7,111,-0.61081
277.33,111,-0.61081
277.95,111,-0.61081
278.57,111,-0.61081
279.19,111,-0.61081
279.79,111,-0.61081
280.4,111,-0.61081
280.99,111,-0.61081
281.58,111,-0.61081
282.17,111,-0.61081
282.74,111,-0.61081
283.32,111,-0.61081
283.88,111,-0.61081
284.44,111,-0.61081
285,111,-0.61081
285.55,111,-0.61081
286.09,111,-0.6108
286.63,111,-0.6108
287.16,111,-0.6108
287.69,111,-0.6108
288.21,111,-0.6108
288.72,111,-0.6108
289.23,111,-0.6108
289.74,111,-0.6108
290.24,111,-0.6108
290.73,111,-0.6108
291.22,111,-0.6108
291.7,111,-0.6108
292.17,111,-0.6108
292.64,111,-0.6108
293.11,111,-0.6108
293.57,111,-0.61079
294.02,111,-0.61079
294.47,111,-0.61079
294.91,111,-0.61079
295.35,111,-0.61079
295.78,111,-0.61079
296.2,111,-0.61079
296.63,111,-0.61079
297.04,111,-0.61079
297.45,111,-0.61079
297.85,111,-0.61079
298.25,111,-0.61079
298.65,111,-0.61079
299.04,111,-0.61079
299.42,111,-0.61078
299.8,111,-0.61078
300.17,111,-0.61078
300.54,111,-0.61078
300.9,111,-0.61078
301.25,111,-0.61078
301.61,111,-0.61078
301.95,111,-0.61078
302.29,111,-0.61078
302.63,111,-0.61078
302.96,111,-0.61078
303.28,111,-0.61077
303.6,111,-0.61077
303.92,111,-0.61077
304.23,111,-0.61077
304.54,111,-0.61077
304.84,111,-0.61077
305.13,111,-0.61077
305.42,111,-0.61077
305.71,111,-0.61077
305.99,111,-0.61077
306.26,111,-0.61077
306.53,111,-0.61076
306.8,111,-0.61076
307.06,111,-0.61076
307.31,111,-0.61076
307.56,111,-0.61076
307.81,111,-0.61076
308.05,111,-0.61076
308.29,111,-0.61076
308.52,111,-0.61076
308.74,111,-0.61076
308.97,111,-0.61075
309.18,111,-0.61075
309.4,111,-0.61075
309.6,111,-0.61075
309.81,111,-0.61075
310.01,111,-0.61075
310.2,111,-0.61075
310.39,111,-0.61075
310.57,111,-0.61074
310.75,111,-0.61074
310.93,111,-0.61074
311.1,111,-0.61074
311.27,111,-0.61074
311.43,111,-0.61074
311.59,111,-0.61074
311.74,111,-0.61074
311.89,111,-0.61073
312.04,111,-0.61073
312.18,111,-0.61073
312.31,111,-0.61073
312.44,111,-0.61073
312.57,111,-0.61073
312.69,111,-0.61073
312.81,111,-0.61073
312.93,111,-0.61072
313.04,111,-0.61072
313.15,111,-0.61072
313.25,111,-0.61072
313.35,111,-0.61072
313.44,111,-0.61072
313.53,111,-0.61071
313.62,111,-0.61071
313.7,111,-0.61071
313.78,111,-0.61071
313.85,111,-0.61071
313.92,111,-0.61071
313.99,111,-0.61071
314.05,111,-0.6107
314.11,111,-0.6107
314.16,111,-0.6107
314.21,111,-0.6107
314.26,111,-0.6107
314.3,111,-0.6107
314.34,111,-0.61069
314.38,111,-0.61069
314.41,111,-0.61069
314.43,111,-0.61069
314.46,111,-0.61069
314.48,111,-0.61069
314.5,111,-0.61068
314.51,111,-0.61068
314.52,111,-0.61068
314.53,111,-0.61068
314.53,111,-0.61068
314.53,111,-0.61067
314.52,111,-0.61067
314.52,111,-0.61067
314.5,111,-0.61067
314.49,111,-0.61067
314.47,111,-0.61066
314.45,111,-0.61066
314.43,111,-0.61066
314.4,111,-0.61066
314.37,111,-0.61066
314.33,111,-0.61065
314.3,111,-0.61065
314.25,111,-0.61065
314.21,111,-0.61065
314.16,111,-0.61065
314.11,111,-0.61064
314.06,111,-0.61064
314,111,-0.61064
313.94,111,-0.61064
313.88,111,-0.61063
313.81,111,-0.61063
313.75,111,-0.61063
313.67,111,-0.61063
313.6,111,-0.61062
313.52,111,-0.61062
313.44,111,-0.61062
313.36,111,-0.61062
313.27,111,-0.61062
313.18,111,-0.61061
313.09,111,-0.61061
313,111,-0.61061
312.9,111,-0.6106
312.8,111,-0.6106
312.7,111,-0.6106
312.59,111,-0.6106
312.48,111,-0.61059
312.37,111,-0.61059
312.26,111,-0.61059
312.14,111,-0.61059
312.02,111,-0.61058
311.9,111,-0.61058
311.78,111,-0.61058
311.65,111,-0.61057
311.53,111,-0.61057
311.4,111,-0.61057
311.26,111,-0.61057
311.13,111,-0.61056
310.99,111,-0.61056
310.85,111,-0.61056
310.71,111,-0.61055
310.56,111,-0.61055
310.41,111,-0.61055
310.26,111,-0.61054
310.11,111,-0.61054
309.96,111,-0.61054
309.8,111,-0.61053
309.65,111,-0.61053
309.49,111,-0.61053
309.32,111,-0.61052
309.16,111,-0.61052
308.99,111,-0.61052
308.82,111,-0.61051
308.65,111,-0.61051
308.48,111,-0.61051
308.31,111,-0.6105
308.13,111,-0.6105
307.95,111,-0.6105
307.77,111,-0.61049
307.59,111,-0.61049
307.41,111,-0.61048
307.22,111,-0.61048
307.03,111,-0.61048
306.85,111,-0.61047
306.65,111,-0.61047
306.46,111,-0.61046
306.27,111,-0.61046
306.07,111,-0.61046
305.87,111,-0.61045
305.67,111,-0.61045
305.47,111,-0.61044
305.27,111,-0.61044
305.07,111,-0.61044
304.86,111,-0.61043
304.65,111,-0.61043
304.45,111,-0.61042
304.24,111,-0.61042
304.02,111,-0.61041
303.81,111,-0.61041
303.6,111,-0.6104
303.38,111,-0.6104
303.16,111,-0.6104
302.95,111,-0.61039
302.73,111,-0.61039
302.5,111,-0.61038
302.28,111,-0.61038
302.06,111,-0.61037
301.83,111,-0.61037
301.61,111,-0.61036
301.38,111,-0.61036
301.15,111,-0.61035
300.92,111,-0.61035
300.69,111,-0.61034
300.46,111,-0.61034
300.23,111,-0.61033
299.99,111,-0.61032
299.76,111,-0.61032
299.52,111,-0.61031
299.28,111,-0.61031
299.04,111,-0.6103
298.8,111,-0.6103
298.56,111,-0.61029
298.32,111,-0.61029
298.08,111,-0.61028
297.84,111,-0.61027
297.59,111,-0.61027
297.35,111,-0.61026
297.1,111,-0.61026
296.86,111,-0.61025
296.61,111,-0.61024
296.36,111,-0.61024
296.11,111,-0.61023
295.86,111,-0.61022
295.61,111,-0.61022
295.36,111,-0.61021
295.11,111,-0.61021
294.85,111,-0.6102
294.6,111,-0.61019
294.35,111,-0.61019
294.09,111,-0.61018
293.84,111,-0.61017
293.58,111,-0.61016
293.32,111,-0.61016
293.07,111,-0.61015
292.81,111,-0.61014
292.55,111,-0.61014
292.29,111,-0.61013
292.03,111,-0.61012
291.77,111,-0.61011
291.51,111,-0.61011
291.25,111,-0.6101
290.99,111,-0.61009
290.73,111,-0.61008
290.47,111,-0.61008
290.2,111,-0.61007
289.94,111,-0.61006
289.68,111,-0.61005
289.41,111,-0.61004
289.15,111,-0.61003
288.89,111,-0.61003
288.62,111,-0.61002
288.36,111,-0.61001
288.09,111,-0.61
287.82,111,-0.60999
287.56,111,-0.60998
287.29,111,-0.60997
287.03,111,-0.60997
286.76,111,-0.60996
286.49,111,-0.60995
286.23,111,-0.60994
285.96,111,-0.60993
285.69,111,-0.60992
285.42,111,-0.60991
285.15,111,-0.6099
284.89,111,-0.60989
284.62,111,-0.60988
284.35,111,-0.60987
284.08,111,-0.60986
283.81,111,-0.60985
283.54,111,-0.60984
283.28,111,-0.60983
283.01,111,-0.60982
282.74,111,-0.60981
282.47,111,-0.6098
282.2,111,-0.60979
281.93,111,-0.60978
281.66,111,-0.60977
281.39,111,-0.60976
281.12,111,-0.60974
280.85,111,-0.60973
280.59,111,-0.60972
280.32,111,-0.60971
280.05,111,-0.6097
279.78,111,-0.60969
279.51,111,-0.60968
279.24,111,-0.60966
278.97,111,-0.60965
278.7,111,-0.60964
278.43,111,-0.60963
278.17,111,-0.60961
277.9,111,-0.6096
277.63,111,-0.60959
277.36,111,-0.60958
277.09,111,-0.60956
276.82,111,-0.60955
276.56,111,-0.60954
276.29,111,-0.60952
276.02,111,-0.60951
275.75,111,-0.6095
275.48,111,-0.60948
275.22,111,-0.60947
274.95,111,-0.60946
274.68,111,-0.60944
274.42,111,-0.60943
274.15,111,-0.60941
273.88,111,-0.6094
273.62,111,-0.60938
273.35,111,-0.60937
273.08,111,-0.60935
272.82,111,-0.60934
272.55,111,-0.60932
272.29,111,-0.60931
272.02,111,-0.60929
271.76,111,-0.60928
271.49,111,-0.60926
271.23,111,-0.60924
270.96,111,-0.60923
270.7,111,-0.60921
270.43,111,-0.60919
270.17,111,-0.60918
269.91,111,-0.60916
269.64,111,-0.60914
269.38,111,-0.60913
269.12,111,-0.60911
268.85,111,-0.60909
268.59,111,-0.60907
268.33,111,-0.60906
268.07,111,-0.60904
267.81,111,-0.60902
267.54,111,-0.609
267.28,111,-0.60898
267.02,111,-0.60896
266.76,111,-0.60894
266.5,111,-0.60892
266.24,111,-0.60891
265.98,111,-0.60889
265.72,111,-0.60887
265.46,111,-0.60885
265.2,111,-0.60883
264.94,111,-0.60881
264.68,111,-0.60878
264.42,111,-0.60876
264.16,111,-0.60874
263.91,111,-0.60872
263.65,111,-0.6087
263.39,111,-0.60868
263.13,111,-0.60866
262.87,111,-0.60863
262.62,111,-0.60861
262.36,111,-0.60859
262.1,111,-0.60857
261.85,111,-0.60854
261.59,111,-0.60852
261.33,111,-0.6085
261.08,111,-0.60847
260.82,111,-0.60845
260.56,111,-0.60842
260.31,111,-0.6084
260.05,111,-0.60838
259.8,111,-0.60835
259.54,111,-0.60832
259.29,111,-0.6083
259.03,111,-0.60827
258.78,111,-0.60825
258.52,111,-0.60822
258.27,111,-0.6082
258.01,111,-0.60817
257.76,111,-0.60814
257.5,111,-0.60811
257.25,111,-0.60809
256.99,111,-0.60806
256.74,111,-0.60803
256.48,111,-0.608
256.23,111,-0.60797
255.98,111,-0.60794
255.72,111,-0.60792
255.47,111,-0.60789
255.21,111,-0.60786
254.96,111,-0.60783
254.71,111,-0.6078
254.45,111,-0.60776
254.2,111,-0.60773
253.94,111,-0.6077
253.69,111,-0.60767
253.44,111,-0.60764
253.18,111,-0.60761
252.93,111,-0.60757
252.67,111,-0.60754
252.42,111,-0.60751
252.16,111,-0.60747
251.91,111,-0.60744
251.65,111,-0.60741
251.4,111,-0.60737
251.14,111,-0.60734
250.89,111,-0.6073
250.63,111,-0.60726
250.38,111,-0.60723
250.12,111,-0.60719
249.87,111,-0.60716
249.61,111,-0.60712
249.36,111,-0.60708
249.1,111,-0.60704
248.84,111,-0.607
248.59,111,-0.60697
248.33,111,-0.60693
248.07,111,-0.60689
247.81,111,-0.60685
247.55,111,-0.60681
247.3,111,-0.60677
247.04,111,-0.60673
246.78,111,-0.60668
246.52,111,-0.60664
246.26,111,-0.6066
246,111,-0.60656
245.74,111,-0.60651
245.48,111,-0.60647
245.21,111,-0.60643
244.95,111,-0.60638
244.69,111,-0.60634
244.43,111,-0.60629
244.16,111,-0.60625
243.9,111,-0.6062
243.63,111,-0.60615
243.37,111,-0.60611
243.1,111,-0.60606
242.84,111,-0.60601
242.57,111,-0.60596
242.3,111,-0.60591
242.04,111,-0.60586
241.77,111,-0.60581
241.5,111,-0.60576
241.23,111,-0.60571
240.96,111,-0.60566
240.68,111,-0.60561
240.41,111,-0.60556
240.14,111,-0.6055
239.87,111,-0.60545
239.59,111,-0.6054
239.32,111,-0.60534
239.04,111,-0.60529
238.76,111,-0.60523
238.48,111,-0.60517
238.2,111,-0.60512
237.93,111,-0.60506
237.64,111,-0.605
237.36,111,-0.60494
237.08,111,-0.60488
236.8,111,-0.60482
236.51,111,-0.60476
236.23,111,-0.6047
235.94,111,-0.60464
235.65,111,-0.60458
235.36,111,-0.60452
235.07,111,-0.60445
234.78,111,-0.60439
234.49,111,-0.60432
234.2,111,-0.60426
233.9,111,-0.60419
233.6,111,-0.60413
233.31,111,-0.60406
233.01,111,-0.60399
232.71,111,-0.60392
232.41,111,-0.60385
232.11,111,-0.60378
231.8,111,-0.60371
231.5,111,-0.60364
231.19,111,-0.60357
230.88,111,-0.6035
230.57,111,-0.60342
230.26,111,-0.60335
229.95,111,-0.60327
229.64,111,-0.6032
229.32,111,-0.60312
229,111,-0.60304
228.69,111,-0.60297
228.37,111,-0.60289
228.04,111,-0.60281
227.72,111,-0.60273
227.4,111,-0.60265
227.07,111,-0.60256
226.74,111,-0.60248
226.41,111,-0.6024
226.08,111,-0.60231
225.74,111,-0.60223
225.41,111,-0.60214
225.07,111,-0.60206
224.73,111,-0.60197
224.39,111,-0.60188
224.05,111,-0.60179
223.7,111,-0.6017
223.35,111,-0.60161
223.01,111,-0.60152
222.65,111,-0.60142
222.3,111,-0.60133
221.95,111,-0.60123
221.59,111,-0.60114
221.23,111,-0.60104
220.87,111,-0.60094
220.5,111,-0.60085
220.14,111,-0.60075
219.77,111,-0.60065
219.4,111,-0.60054
219.02,111,-0.60044
218.65,111,-0.60034
218.27,111,-0.60023
217.89,111,-0.60013
217.51,111,-0.60002
217.12,111,-0.59991
216.74,111,-0.5998
216.35,111,-0.59969
215.95,111,-0.59958
215.56,111,-0.59947
215.16,111,-0.59936
214.76,111,-0.59924
214.36,111,-0.59913
213.95,111,-0.59901
213.55,111,-0.59889
213.13,111,-0.59877
212.72,111,-0.59865
212.3,111,-0.59853
211.89,111,-0.59841
211.46,111,-0.59829
211.04,111,-0.59816
210.61,111,-0.59804
210.18,111,-0.59791
209.75,111,-0.59778
209.31,111,-0.59765
208.87,111,-0.59752
208.43,111,-0.59739
207.98,111,-0.59725
207.53,111,-0.59712
207.08,111,-0.59698
206.63,111,-0.59685
206.17,111,-0.59671
205.71,111,-0.59657
205.24,111,-0.59643
204.78,111,-0.59628
204.31,111,-0.59614
203.83,111,-0.59599
203.35,111,-0.59585
202.87,111,-0.5957
202.39,111,-0.59555
201.9,111,-0.59539
201.41,111,-0.59524
200.92,111,-0.59509
200.42,111,-0.59493
199.92,111,-0.59477
199.41,111,-0.59461
198.9,111,-0.59445
198.39,111,-0.59429
197.87,111,-0.59413
197.35,111,-0.59396
196.83,111,-0.5938
196.3,111,-0.59363
195.77,111,-0.59346
195.24,111,-0.59329
194.7,111,-0.59311
194.16,111,-0.59294
193.61,111,-0.59276
193.06,111,-0.59258
192.51,111,-0.5924
191.95,111,-0.59222
191.39,111,-0.59204
190.82,111,-0.59185
190.25,111,-0.59166
189.68,111,-0.59147
189.1,111,-0.59128
188.52,111,-0.59109
187.94,111,-0.5909
187.35,111,-0.5907
186.75,111,-0.5905
186.15,111,-0.5903
185.55,111,-0.5901
184.94,111,-0.58989
184.33,111,-0.58969
183.72,111,-0.58948
183.1,111,-0.58927
182.48,111,-0.58906
181.85,111,-0.58884
181.22,111,-0.58863
180.58,111,-0.58841
179.94,111,-0.58819
179.29,111,-0.58796
178.64,111,-0.58774
177.99,111,-0.58751
177.33,111,-0.58728
176.67,111,-0.58705
176,111,-0.58682
175.33,111,-0.58658
174.65,111,-0.58635
173.97,111,-0.58611
173.28,111,-0.58586
172.59,111,-0.58562
171.9,111,-0.58537
171.2,111,-0.58512
170.5,111,-0.58487
169.79,111,-0.58462
169.07,111,-0.58436
168.36,111,-0.5841
167.64,111,-0.58384
166.91,111,-0.58357
166.18,111,-0.58331
165.44,111,-0.58304
164.7,111,-0.58277
163.95,111,-0.58249
163.2,111,-0.58222
162.45,111,-0.58194
161.69,111,-0.58165
160.93,111,-0.58137
160.16,111,-0.58108
159.38,111,-0.58079
158.61,111,-0.5805
157.82,111,-0.5802
157.04,111,-0.57991
156.24,111,-0.5796
155.45,111,-0.5793
154.65,111,-0.57899
153.84,111,-0.57868
153.03,111,-0.57837
152.21,111,-0.57806
151.39,111,-0.57774
150.57,111,-0.57742
149.74,111,-0.57709
148.91,111,-0.57676
148.07,111,-0.57643
147.23,111,-0.5761
146.38,111,-0.57576
145.53,111,-0.57542
144.67,111,-0.57508
143.81,111,-0.57473
142.95,111,-0.57438
142.08,111,-0.57403
141.21,111,-0.57367
140.33,111,-0.57331
139.45,111,-0.57295
138.56,111,-0.57259
137.67,111,-0.57222
136.78,111,-0.57184
135.88,111,-0.57147
134.98,111,-0.57109
134.07,111,-0.5707
133.16,111,-0.57032
132.25,111,-0.56993
131.33,111,-0.56953
130.41,111,-0.56913
129.48,111,-0.56873
128.55,111,-0.56833
127.62,111,-0.56792
126.68,111,-0.56751
125.75,111,-0.56709
124.8,111,-0.56667
123.86,111,-0.56625
122.91,111,-0.56582
121.95,111,-0.56539
121,111,-0.56495
120.04,111,-0.56451
119.08,111,-0.56407
118.11,111,-0.56362
117.15,111,-0.56317
116.18,111,-0.56271
115.2,111,-0.56225
114.23,111,-0.56179
113.25,111,-0.56132
112.27,111,-0.56085
111.29,111,-0.56037
110.31,111,-0.55989
109.32,111,-0.55941
108.34,111,-0.55892
107.35,111,-0.55842
106.36,111,-0.55792
105.37,111,-0.55742
104.38,111,-0.55691
103.39,111,-0.5564
102.39,111,-0.55588
101.4,111,-0.55536
100.4,111,-0.55484
99.409,111,-0.55431
98.414,111,-0.55377
97.419,111,-0.55323
96.425,111,-0.55269
95.43,111,-0.55214
94.437,111,-0.55158
93.444,111,-0.55102
92.452,111,-0.55046
91.462,111,-0.54989
90.473,111,-0.54932
89.486,111,-0.54874
88.501,111,-0.54815
87.518,111,-0.54756
86.537,111,-0.54697
85.559,111,-0.54637
84.584,111,-0.54576
83.612,111,-0.54515
82.644,111,-0.54454
81.68,111,-0.54392
80.719,111,-0.54329
79.763,111,-0.54266
78.812,111,-0.54202
77.865,111,-0.54138
76.924,111,-0.54073
75.988,111,-0.54008
75.059,111,-0.53942
74.136,111,-0.53875
73.219,111,-0.53808
72.309,111,-0.5374
71.407,111,-0.53672
70.513,111,-0.53603
69.627,111,-0.53534
68.749,111,-0.53464
67.88,111,-0.53393
67.021,111,-0.53322
66.172,111,-0.53251
65.333,111,-0.53178
64.504,111,-0.53105
63.687,111,-0.53032
62.882,111,-0.52957
62.089,111,-0.52883
61.308,111,-0.52807
60.541,111,-0.52731
59.787,111,-0.52654
59.048,111,-0.52577
58.323,111,-0.52499
57.614,111,-0.5242
56.921,111,-0.52341
56.245,111,-0.52261
55.585,111,-0.5218
54.944,111,-0.52099
54.32,111,-0.52017
53.716,111,-0.51934
53.132,111,-0.51851
52.568,111,-0.51767
52.026,111,-0.51683
51.505,111,-0.51597
51.007,111,-0.51511
50.532,111,-0.51424
50.081,111,-0.51337
49.655,111,-0.51249
49.255,111,-0.5116
48.881,111,-0.51071
48.535,111,-0.5098
48.217,111,-0.50889
47.929,111,-0.50798
47.67,111,-0.50705
47.442,111,-0.50612
47.246,111,-0.50518
47.083,111,-0.50424
46.954,111,-0.50328
46.86,111,-0.50232
46.801,111,-0.50135
46.78,111,-0.50038
46.797,111,-0.49939
46.852,111,-0.4984
46.949,111,-0.4974
47.086,111,-0.49639
47.267,111,-0.49538
47.491,111,-0.49436
47.76,111,-0.49333
48.076,111,-0.49229
48.439,111,-0.49124
48.852,111,-0.49019
49.315,111,-0.48913
49.829,111,-0.48806
50.397,111,-0.48698
51.02,111,-0.4859
51.698,111,-0.4848
52.434,111,-0.4837
53.23,111,-0.48259
54.086,111,-0.48147
55.005,111,-0.48034
55.988,111,-0.47921
57.036,111,-0.47807
58.153,111,-0.47691
59.338,111,-0.47575
60.595,111,-0.47458
61.925,111,-0.47341
63.329,111,-0.47222
64.811,111,-0.47103
66.371,111,-0.46983
68.012,111,-0.46861
69.736,111,-0.46739
71.545,111,-0.46617
73.442,111,-0.46493
75.428,111,-0.46368
77.505,111,-0.46243
79.677,111,-0.46117
81.945,111,-0.45989
84.312,111,-0.45861
86.781,111,-0.45732
89.353,111,-0.45602
92.032,111,-0.45472
94.82,111,-0.4534
97.72,111,-0.45207
100.73,111,-0.45074
103.87,111,-0.4494
107.12,111,-0.44804
110.5,111,-0.44668
114,111,-0.44531
117.63,111,-0.44393
121.39,111,-0.44254
125.29,111,-0.44115
129.33,111,-0.43974
133.52,111,-0.43832
137.84,111,-0.4369
142.32,111,-0.43546
146.95,111,-0.43402
151.74,111,-0.43257
156.69,111,-0.4311
161.81,111,-0.42963
167.09,111,-0.42815
172.54,111,-0.42666
178.17,111,-0.42516
183.99,111,-0.42365
189.99,111,-0.42213
196.17,111,-0.42061
202.56,111,-0.41907
209.14,111,-0.41752
215.92,111,-0.41597
222.92,111,-0.4144
230.12,111,-0.41283
237.55,111,-0.41124
245.2,111,-0.40965
253.08,111,-0.40805
261.19,111,-0.40644
269.54,111,-0.40481
278.14,111,-0.40318
286.99,111,-0.40154
296.09,111,-0.39989
305.46,111,-0.39824
315.1,111,-0.39657
325.01,111,-0.39489
335.21,111,-0.3932
345.69,111,-0.39151
356.47,111,-0.3898
367.55,111,-0.38808
378.94,111,-0.38636
390.65,111,-0.38462
402.67,111,-0.38288
415.03,111,-0.38113
427.73,111,-0.37937
440.77,111,-0.3776
454.17,111,-0.37581
467.93,111,-0.37403
482.05,111,-0.37223
496.56,111,-0.37042
511.45,111,-0.3686
526.74,111,-0.36677
542.43,111,-0.36494
558.54,111,-0.36309
575.06,111,-0.36124
592.02,111,-0.35937
609.42,111,-0.3575
627.27,111,-0.35562
645.58,111,-0.35373
664.36,111,-0.35183
683.62,111,-0.34992
703.36,111,-0.34801
723.61,111,-0.34608
744.38,111,-0.34415
765.66,111,-0.3422
787.47,111,-0.34025
809.83,111,-0.33829
832.75,111,-0.33632
856.23,111,-0.33434
880.28,111,-0.33235
904.93,111,-0.33036
930.17,111,-0.32835
956.03,111,-0.32634
982.51,111,-0.32432
1009.6,111,-0.32229
1037.4,111,-0.32025
1065.8,111,-0.3182
1094.9,111,-0.31615
1124.7,111,-0.31409
1155.1,111,-0.31202
1186.3,111,-0.30994
1218.2,111,-0.30785
1250.8,111,-0.30576
1284.2,111,-0.30365
1318.3,111,-0.30154
1353.2,111,-0.29943
1388.8,111,-0.2973
1425.3,111,-0.29517
1462.5,111,-0.29302
1500.6,111,-0.29088
1539.4,111,-0.28872
1579.1,111,-0.28656
1619.7,111,-0.28439
1661.1,111,-0.28221
1703.3,111,-0.28002
1746.4,111,-0.27783
1790.4,111,-0.27563
1835.3,111,-0.27343
1881.1,111,-0.27121
1927.7,111,-0.26899
1975.3,111,-0.26677
2023.8,111,-0.26454
2073.2,111,-0.2623
2123.5,111,-0.26005
2174.8,111,-0.2578
2227,111,-0.25554
2280.2,111,-0.25328
2334.2,111,-0.251
2389.3,111,-0.24873
2445.2,111,-0.24645
2502.2,111,-0.24416
2560.1,111,-0.24186
2618.9,111,-0.23956
2678.7,111,-0.23726
2739.4,111,-0.23495
2801.1,111,-0.23263
2863.8,111,-0.23031
2927.4,111,-0.22798
2992,111,-0.22565
3057.6,111,-0.22332
3124,111,-0.22097
3191.5,111,-0.21863
3259.9,111,-0.21628
3329.2,111,-0.21392
3399.5,111,-0.21156
3470.8,111,-0.2092
3543,111,-0.20683
3616.1,111,-0.20446
3690.2,111,-0.20208
3765.2,111,-0.1997
3841.1,111,-0.19732
3917.9,111,-0.19493
3995.6,111,-0.19254
4074.1,111,-0.19015
4153.6,111,-0.18775
4233.9,111,-0.18535
4314.9,111,-0.18294
4396.8,111,-0.18054
4479.4,111,-0.17813
4562.8,111,-0.17571
4646.7,111,-0.1733
4731.3,111,-0.17088
4816.5,111,-0.16846
4902.2,111,-0.16604
4988.2,111,-0.16361
5074.7,111,-0.16119
5161.4,111,-0.15876
5248.3,111,-0.15633
5335.3,111,-0.15389
5422.4,111,-0.15146
5509.4,111,-0.14902
5596.2,111,-0.14659
5682.8,111,-0.14415
5769,111,-0.14171
5854.8,111,-0.13927
5940.1,111,-0.13683
6024.9,111,-0.13439
6108.9,111,-0.13195
6192.3,111,-0.1295
6274.8,111,-0.12706
6356.6,111,-0.12462
6437.5,111,-0.12217
6517.5,111,-0.11973
6596.7,111,-0.11729
6674.9,111,-0.11484
6752.3,111,-0.1124
6828.8,111,-0.10996
6904.5,111,-0.10752
6979.4,111,-0.10508
7053.5,111,-0.10264
7126.9,111,-0.1002
7199.6,111,-0.097759
7271.6,111,-0.095322
7343.1,111,-0.092887
7414.1,111,-0.090453
7484.5,111,-0.08802
7554.5,111,-0.08559
7624.1,111,-0.083161
7693.2,111,-0.080734
7762.1,111,-0.078309
7830.6,111,-0.075886
7898.7,111,-0.073466
7966.5,111,-0.071048
8034.1,111,-0.068633
8101.3,111,-0.06622
8168.2,111,-0.06381
8234.7,111,-0.061403
8300.9,111,-0.058999
8366.7,111,-0.056597
8432.1,111,-0.0542
8497.1,111,-0.051805
8561.6,111,-0.049414
8625.7,111,-0.047027
8689.2,111,-0.044643
8752.1,111,-0.042263
8814.5,111,-0.039887
8876.3,111,-0.037514
8937.4,111,-0.035146
8997.8,111,-0.032782
9057.5,111,-0.030423
9116.4,111,-0.028068
9174.6,111,-0.025717
9232,111,-0.023371
9288.6,111,-0.02103
9344.3,111,-0.018694
9399.1,111,-0.016362
9453,111,-0.014036
9506,111,-0.011715
9558.1,111,-0.0093988
9609.2,111,-0.0070881
9659.4,111,-0.0047829
9708.6,111,-0.0024832
9756.8,111,-0.00018915
9804,111,0.0020992
9850.2,111,0.0043817
9895.4,111,0.0066584
9939.6,111,0.008929
9982.8,111,0.011194
10025,111,0.013452
10066,111,0.015704
10106,111,0.01795
10145,111,0.020189
10183,111,0.022422
10220,111,0.024648
10256,111,0.026868
10291,111,0.029081
10325,111,0.031287
10358,111,0.033486
10390,111,0.035678
10421,111,0.037863
10451,111,0.04004
10480,111,0.042211
10508,111,0.044374
10535,111,0.04653
10561,111,0.048679
10587,111,0.05082
10611,111,0.052953
10634,111,0.055079
10656,111,0.057197
10678,111,0.059308
10698,111,0.06141
10718,111,0.063505
10736,111,0.065592
10754,111,0.067671
10771,111,0.069741
10787,111,0.071804
10802,111,0.073858
10817,111,0.075904
10830,111,0.077942
10843,111,0.079972
10854,111,0.081993
10865,111,0.084006
10876,111,0.08601
10885,111,0.088006
10893,111,0.089993
10901,111,0.091972
10908,111,0.093941
10914,111,0.095903
10920,111,0.097855
10925,111,0.099799
10929,111,0.10173
10932,111,0.10366
10934,111,0.10558
10936,111,0.10749
10937,111,0.10938
10938,111,0.11128
10937,111,0.11316
10936,111,0.11503
10935,111,0.11689
10932,111,0.11875
10929,111,0.12059
10926,111,0.12243
10921,111,0.12425
10916,111,0.12607
10911,111,0.12788
10905,111,0.12968
10898,111,0.13147
10891,111,0.13325
10883,111,0.13502
10874,111,0.13678
10865,111,0.13854
10855,111,0.14028
10845,111,0.14201
10834,111,0.14374
10823,111,0.14545
10811,111,0.14716
10798,111,0.14886
10785,111,0.15054
10772,111,0.15222
10758,111,0.15389
10743,111,0.15555
10728,111,0.1572
10713,111,0.15884
10697,111,0.16047
10680,111,0.16209
10663,111,0.1637
10646,111,0.1653
10628,111,0.1669
10609,111,0.16848
10591,111,0.17006
10571,111,0.17162
10552,111,0.17318
10532,111,0.17472
10511,111,0.17626
10490,111,0.17779
10469,111,0.17931
10448,111,0.18081
10426,111,0.18231
10403,111,0.1838
10380,111,0.18529
10357,111,0.18676
10334,111,0.18822
10310,111,0.18967
10286,111,0.19112
10261,111,0.19255
10236,111,0.19398
10211,111,0.19539
10186,111,0.1968
10160,111,0.1982
10134,111,0.19959
10107,111,0.20097
10081,111,0.20234
10054,111,0.2037
10027,111,0.20505
9999.2,111,0.20639
9971.5,111,0.20773
9943.5,111,0.20905
9915.3,111,0.21037
9886.8,111,0.21168
9858.2,111,0.21298
9829.2,111,0.21427
9800.1,111,0.21555
9770.8,111,0.21682
9741.2,111,0.21808
9711.5,111,0.21934
9681.6,111,0.22058
9651.5,111,0.22182
9621.2,111,0.22305
9590.7,111,0.22427
9560.1,111,0.22548
9529.3,111,0.22668
9498.4,111,0.22788
9467.3,111,0.22906
9436.1,111,0.23024
9404.8,111,0.23141
9373.3,111,0.23257
9341.7,111,0.23372
9310,111,0.23486
9278.2,111,0.236
9246.3,111,0.23712
9214.2,111,0.23824
9182.1,111,0.23935
9149.9,111,0.24046
9117.6,111,0.24155
9085.3,111,0.24264
9052.8,111,0.24371
9020.3,111,0.24478
8987.8,111,0.24584
8955.2,111,0.2469
8922.5,111,0.24794
8889.8,111,0.24898
8857,111,0.25001
8824.2,111,0.25103
8791.4,111,0.25205
8758.6,111,0.25306
8725.7,111,0.25405
8692.8,111,0.25505
8659.9,111,0.25603
8627,111,0.25701
8594,111,0.25797
8561.1,111,0.25894
8528.1,111,0.25989
8495.2,111,0.26084
8462.3,111,0.26177
8429.4,111,0.26271
8396.4,111,0.26363
8363.5,111,0.26455
8330.7,111,0.26546
8297.8,111,0.26636
8264.9,111,0.26726
8232.1,111,0.26814
8199.3,111,0.26902
8166.6,111,0.2699
8133.8,111,0.27077
8101.1,111,0.27163
8068.5,111,0.27248
8035.8,111,0.27333
8003.3,111,0.27417
7970.7,111,0.275
7938.2,111,0.27582
7905.7,111,0.27664
7873.3,111,0.27746
7840.9,111,0.27826
7808.5,111,0.27906
7776.2,111,0.27986
7743.9,111,0.28064
7711.7,111,0.28142
7679.5,111,0.2822
7647.4,111,0.28296
7615.3,111,0.28372
7583.2,111,0.28448
7551.2,111,0.28523
7519.3,111,0.28597
7487.3,111,0.28671
7455.5,111,0.28744
7423.6,111,0.28816
7391.8,111,0.28888
7360.1,111,0.28959
7328.3,111,0.29029
7296.6,111,0.29099
7265,111,0.29169
7233.4,111,0.29238
7201.8,111,0.29306
7170.2,111,0.29374
7138.7,111,0.29441
7107.2,111,0.29507
7075.7,111,0.29573
7044.3,111,0.29638
7012.9,111,0.29703
6981.5,111,0.29768
6950.1,111,0.29831
6918.8,111,0.29894
6887.4,111,0.29957
6856.1,111,0.30019
6824.8,111,0.30081
6793.5,111,0.30142
6762.2,111,0.30202
6731,111,0.30262
6699.7,111,0.30322
6668.5,111,0.30381
6637.2,111,0.30439
6606,111,0.30497
6574.7,111,0.30554
6543.5,111,0.30611
6512.3,111,0.30668
6481,111,0.30724
6449.8,111,0.30779
6418.5,111,0.30834
6387.3,111,0.30889
6356,111,0.30943
6324.8,111,0.30996
6293.5,111,0.31049
6262.2,111,0.31102
6230.9,111,0.31154
6199.6,111,0.31205
6168.3,111,0.31257
6137,111,0.31307
6105.7,111,0.31358
6074.4,111,0.31408
6043,111,0.31457
6011.6,111,0.31506
5980.3,111,0.31555
5948.9,111,0.31603
5917.5,111,0.3165
5886.1,111,0.31698
5854.7,111,0.31744
5823.3,111,0.31791
5791.9,111,0.31837
5760.4,111,0.31882
5729,111,0.31927
5697.5,111,0.31972
5666.1,111,0.32017
5634.6,111,0.32061
5603.2,111,0.32104
5571.7,111,0.32147
5540.3,111,0.3219
5508.8,111,0.32232
5477.4,111,0.32274
5445.9,111,0.32316
5414.5,111,0.32357
5383,111,0.32398
5351.6,111,0.32439
5320.2,111,0.32479
5288.8,111,0.32519
5257.4,111,0.32558
5226.1,111,0.32597
5194.7,111,0.32636
5163.4,111,0.32674
5132.1,111,0.32712
5100.9,111,0.3275
5069.6,111,0.32787
5038.4,111,0.32824
5007.2,111,0.32861
4976.1,111,0.32897
4945,111,0.32933
4914,111,0.32968
4882.9,111,0.33004
4852,111,0.33039
4821.1,111,0.33073
4790.2,111,0.33108
4759.4,111,0.33142
4728.6,111,0.33175
4697.9,111,0.33209
4667.3,111,0.33242
4636.7,111,0.33274
4606.2,111,0.33307
4575.7,111,0.33339
4545.4,111,0.33371
4515.1,111,0.33402
4484.8,111,0.33434
4454.7,111,0.33465
4424.6,111,0.33495
4394.6,111,0.33526
4364.7,111,0.33556
4334.9,111,0.33586
4305.1,111,0.33615
4275.5,111,0.33645
4245.9,111,0.33674
4216.5,111,0.33702
4187.1,111,0.33731
4157.8,111,0.33759
4128.6,111,0.33787
4099.6,111,0.33815
4070.6,111,0.33842
4041.7,111,0.33869
4013,111,0.33896
3984.3,111,0.33923
3955.8,111,0.33949
3927.3,111,0.33975
3899,111,0.34001
3870.8,111,0.34027
3842.7,111,0.34052
3814.7,111,0.34078
3786.8,111,0.34102
3759.1,111,0.34127
3731.5,111,0.34152
3704,111,0.34176
3676.6,111,0.342
3649.3,111,0.34224
3622.2,111,0.34247
3595.2,111,0.34271
3568.3,111,0.34294
3541.5,111,0.34317
3514.9,111,0.34339
3488.4,111,0.34362
3462,111,0.34384
3435.8,111,0.34406
3409.6,111,0.34428
3383.7,111,0.3445
3357.8,111,0.34471
3332.1,111,0.34492
3306.5,111,0.34513
3281,111,0.34534
3255.7,111,0.34555
3230.5,111,0.34575
3205.5,111,0.34595
3180.5,111,0.34615
3155.7,111,0.34635
3131.1,111,0.34655
3106.6,111,0.34674
3082.2,111,0.34694
3057.9,111,0.34713
3033.8,111,0.34732
3009.8,111,0.3475
2986,111,0.34769
2962.3,111,0.34787
2938.7,111,0.34806
2915.2,111,0.34824
2891.9,111,0.34841
2868.8,111,0.34859
2845.7,111,0.34877
2822.8,111,0.34894
2800.1,111,0.34911
2777.4,111,0.34928
2754.9,111,0.34945
2732.6,111,0.34962
2710.3,111,0.34978
2688.2,111,0.34995
2666.3,111,0.35011
2644.4,111,0.35027
2622.7,111,0.35043
2601.2,111,0.35059
2579.7,111,0.35074
2558.4,111,0.3509
2537.2,111,0.35105
2516.2,111,0.3512
2495.3,111,0.35135
2474.5,111,0.3515
2453.8,111,0.35165
2433.3,111,0.35179
2412.9,111,0.35194
2392.6,111,0.35208
2372.5,111,0.35222
2352.5,111,0.35236
2332.6,111,0.3525
2312.8,111,0.35264
2293.2,111,0.35277
2273.6,111,0.35291
2254.2,111,0.35304
2235,111,0.35317
2215.8,111,0.35331
2196.8,111,0.35343
2177.9,111,0.35356
2159.1,111,0.35369
2140.5,111,0.35382
2121.9,111,0.35394
2103.5,111,0.35406
2085.2,111,0.35419
2067,111,0.35431
2048.9,111,0.35443
2031,111,0.35455
2013.2,111,0.35466
1995.4,111,0.35478
1977.8,111,0.3549
1960.3,111,0.35501
1943,111,0.35512
1925.7,111,0.35524
1908.6,111,0.35535
1891.5,111,0.35546
1874.6,111,0.35557
1857.8,111,0.35567
1841.1,111,0.35578
1824.5,111,0.35589
1808,111,0.35599
1791.6,111,0.35609
1775.3,111,0.3562
1759.2,111,0.3563
1743.1,111,0.3564
1727.2,111,0.3565
1711.3,111,0.3566
1695.6,111,0.3567
1679.9,111,0.35679
1664.4,111,0.35689
1649,111,0.35698
1633.7,111,0.35708
1618.4,111,0.35717
1603.3,111,0.35726
1588.3,111,0.35735
1573.3,111,0.35744
1558.5,111,0.35753
1543.8,111,0.35762
1529.1,111,0.35771
1514.6,111,0.3578
1500.2,111,0.35788
1485.8,111,0.35797
1471.6,111,0.35805
1457.4,111,0.35814
1443.3,111,0.35822
1429.4,111,0.3583
1415.5,111,0.35838
1401.7,111,0.35846
1388,111,0.35854
1374.4,111,0.35862
1360.9,111,0.3587
1347.5,111,0.35878
1334.1,111,0.35885
1320.9,111,0.35893
1307.7,111,0.359
1294.6,111,0.35908
1281.7,111,0.35915
1268.8,111,0.35922
1256,111,0.35929
1243.2,111,0.35937
1230.6,111,0.35944
1218,111,0.35951
1205.5,111,0.35958
1193.2,111,0.35964
1180.8,111,0.35971
1168.6,111,0.35978
1156.5,111,0.35985
1144.4,111,0.35991
1132.4,111,0.35998
1120.5,111,0.36004
1108.7,111,0.36011
1096.9,111,0.36017
1085.3,111,0.36023
1073.7,111,0.36029
1062.1,111,0.36036
1050.7,111,0.36042
1039.3,111,0.36048
1028,111,0.36054
1016.8,111,0.3606
1005.7,111,0.36065
994.62,111,0.36071
983.62,111,0.36077
972.7,111,0.36083
961.85,111,0.36088
951.08,111,0.36094
940.37,111,0.36099
929.74,111,0.36105
919.17,111,0.3611
908.68,111,0.36116
898.25,111,0.36121
887.9,111,0.36126
877.61,111,0.36131
867.39,111,0.36137
857.24,111,0.36142
847.16,111,0.36147
837.14,111,0.36152
827.19,111,0.36157
817.31,111,0.36162
807.49,111,0.36166
797.73,111,0.36171
788.05,111,0.36176
778.42,111,0.36181
768.86,111,0.36185
759.36,111,0.3619
749.93,111,0.36195
740.55,111,0.36199
731.24,111,0.36204
721.99,111,0.36208
712.8,111,0.36212
703.68,111,0.36217
694.61,111,0.36221
685.6,111,0.36225
676.66,111,0.3623
667.77,111,0.36234
658.94,111,0.36238
650.17,111,0.36242
641.46,111,0.36246
632.8,111,0.3625
624.2,111,0.36254
615.66,111,0.36258
607.18,111,0.36262
598.75,111,0.36266
590.38,111,0.3627
582.06,111,0.36273
573.8,111,0.36277
565.59,111,0.36281
557.44,111,0.36285
549.34,111,0.36288
541.3,111,0.36292
533.31,111,0.36295
525.37,111,0.36299
517.48,111,0.36302
509.65,111,0.36306
501.86,111,0.36309
494.13,111,0.36313
486.45,111,0.36316
478.83,111,0.36319
471.25,111,0.36323
463.72,111,0.36326
456.24,111,0.36329
448.81,111,0.36332
441.43,111,0.36336
434.1,111,0.36339
426.82,111,0.36342
419.59,111,0.36345
412.4,111,0.36348
405.27,111,0.36351
398.18,111,0.36354
391.13,111,0.36357
384.14,111,0.3636
377.19,111,0.36363
370.28,111,0.36366
363.42,111,0.36368
356.61,111,0.36371
349.84,111,0.36374
343.12,111,0.36377
336.44,111,0.3638
329.81,111,0.36382
323.22,111,0.36385
316.68,111,0.36388
310.17,111,0.3639
303.72,111,0.36393
297.3,111,0.36395
290.93,111,0.36398
284.6,111,0.364
278.31,111,0.36403
272.06,111,0.36405
265.86,111,0.36408
259.7,111,0.3641
253.57,111,0.36413
247.49,111,0.36415
241.45,111,0.36417
235.45,111,0.3642
229.49,111,0.36422
223.57,111,0.36424
217.69,111,0.36427
211.85,111,0.36429
206.05,111,0.36431
200.28,111,0.36433
194.56,111,0.36435
188.87,111,0.36438
183.22,111,0.3644
177.61,111,0.36442
172.04,111,0.36444
166.5,111,0.36446
161,111,0.36448
155.54,111,0.3645
150.12,111,0.36452
144.73,111,0.36454
139.38,111,0.36456
134.06,111,0.36458
128.78,111,0.3646
123.54,111,0.36462
118.33,111,0.36464
113.15,111,0.36465
108.01,111,0.36467
102.91,111,0.36469
97.839,111,0.36471
92.803,111,0.36473
87.801,111,0.36475
82.833,111,0.36476
77.899,111,0.36478
72.998,111,0.3648
68.13,111,0.36481
63.295,111,0.36483
58.494,111,0.36485
53.724,111,0.36487
48.987,111,0.36488
44.283,111,0.3649
39.61,111,0.36491
34.969,111,0.36493
30.36,111,0.36495
25.782,111,0.36496
21.236,111,0.36498
16.72,111,0.36499
12.236,111,0.36501
7.7816,111,0.36502
3.3581,111,0.36504
-1.0351,111,0.36505
-5.3982,111,0.36507
-9.7313,111,0.36508
-14.035,111,0.3651
-18.309,111,0.36511
-22.553,111,0.36512
-26.768,111,0.36514
-30.955,111,0.36515
-35.112,111,0.36516
-39.241,111,0.36518
-43.341,111,0.36519
-47.413,111,0.3652
-51.456,111,0.36522
-55.472,111,0.36523
-59.46,111,0.36524
-63.42,111,0.36526
-67.353,111,0.36527
-71.259,111,0.36528
-75.137,111,0.36529
-78.988,111,0.36531
-82.813,111,0.36532
-86.61,111,0.36533
-90.382,111,0.36534
-94.127,111,0.36535
-97.845,111,0.36536
-101.54,111,0.36538
-105.2,111,0.36539
-108.85,111,0.3654
-112.46,111,0.36541
-116.05,111,0.36542
-119.62,111,0.36543
-123.16,111,0.36544
-126.67,111,0.36545
-130.16,111,0.36546
-133.63,111,0.36547
-137.07,111,0.36548
-140.48,111,0.3655
-143.88,111,0.36551
-147.24,111,0.36552
-150.59,111,0.36553
-153.91,111,0.36554
-157.2,111,0.36554
-160.48,111,0.36555
-163.73,111,0.36556
-166.95,111,0.36557
-170.16,111,0.36558
-173.34,111,0.36559
-176.5,111,0.3656
-179.63,111,0.36561
-182.74,111,0.36562
-185.83,111,0.36563
-188.9,111,0.36564
-191.95,111,0.36565
-194.97,111,0.36565
-197.97,111,0.36566
-200.95,111,0.36567
-203.91,111,0.36568
-206.84,111,0.36569
-209.76,111,0.3657
-212.65,111,0.36571
-215.53,111,0.36571
-218.38,111,0.36572
-221.21,111,0.36573
-224.02,111,0.36574
-226.81,111,0.36574
-229.58,111,0.36575
-232.33,111,0.36576
-235.05,111,0.36577
-237.76,111,0.36578
-240.45,111,0.36578
-243.12,111,0.36579
-245.77,111,0.3658
-248.39,111,0.3658
-251,111,0.36581
-253.59,111,0.36582
-256.16,111,0.36583
-258.71,111,0.36583
-261.24,111,0.36584
-263.76,111,0.36585
-266.25,111,0.36585
-268.73,111,0.36586
-271.18,111,0.36587
-273.62,111,0.36587
-276.04,111,0.36588
-278.44,111,0.36589
-280.82,111,0.36589
-283.19,111,0.3659
-285.53,111,0.3659
-287.86,111,0.36591
-290.17,111,0.36592
-292.46,111,0.36592
-294.74,111,0.36593
-297,111,0.36593
-299.24,111,0.36594
-301.46,111,0.36595
-303.66,111,0.36595
-305.85,111,0.36596
-308.02,111,0.36596
-310.18,111,0.36597
-312.32,111,0.36597
-314.44,111,0.36598
-316.54,111,0.36598
-318.63,111,0.36599
-320.7,111,0.36599
-322.75,111,0.366
-324.79,111,0.36601
-326.82,111,0.36601
-328.82,111,0.36602
-330.81,111,0.36602
-332.79,111,0.36603
-334.74,111,0.36603
-336.69,111,0.36604
-338.61,111,0.36604
-340.53,111,0.36604
-342.42,111,0.36605
-344.3,111,0.36605
-346.17,111,0.36606
-348.02,111,0.36606
-349.85,111,0.36607
-351.67,111,0.36607
-353.48,111,0.36608
-355.27,111,0.36608
-357.04,111,0.36609
-358.81,111,0.36609
-360.55,111,0.36609
-362.28,111,0.3661
-364,111,0.3661
-365.7,111,0.36611
-367.39,111,0.36611
-369.07,111,0.36611
-370.73,111,0.36612
-372.37,111,0.36612
-374.01,111,0.36613
-375.63,111,0.36613
-377.23,111,0.36613
-378.82,111,0.36614
-380.4,111,0.36614
-381.96,111,0.36615
-383.51,111,0.36615
-385.05,111,0.36615
-386.57,111,0.36616
-388.08,111,0.36616
-389.58,111,0.36616
-391.07,111,0.36617
-392.54,111,0.36617
-393.99,111,0.36617
-395.44,111,0.36618
-396.87,111,0.36618
-398.29,111,0.36618
-399.7,111,0.36619
-401.09,111,0.36619
-402.47,111,0.36619
-403.84,111,0.3662
-405.2,111,0.3662
-406.55,111,0.3662
-407.88,111,0.36621
-409.2,111,0.36621
-410.51,111,0.36621
-411.8,111,0.36622
-413.09,111,0.36622
-414.36,111,0.36622
-415.62,111,0.36623
-416.87,111,0.36623
-418.1,111,0.36623
-419.33,111,0.36623
-420.54,111,0.36624
-421.74,111,0.36624
-422.93,111,0.36624
-424.11,111,0.36625
-425.28,111,0.36625
-426.44,111,0.36625
-427.58,111,0.36625
-428.72,111,0.36626
-429.84,111,0.36626
-430.95,111,0.36626
-432.05,111,0.36626
-433.14,111,0.36627
-434.22,111,0.36627
-435.29,111,0.36627
-436.35,111,0.36627
-437.39,111,0.36628
-438.43,111,0.36628
-439.46,111,0.36628
-440.47,111,0.36628
-441.47,111,0.36629
-442.47,111,0.36629
-443.45,111,0.36629
-444.43,111,0.36629
-445.39,111,0.36629
-446.34,111,0.3663
-447.29,111,0.3663
-448.22,111,0.3663
-449.14,111,0.3663
-450.06,111,0.36631
-450.96,111,0.36631
-451.85,111,0.36631
-452.74,111,0.36631
-453.61,111,0.36631
-454.47,111,0.36632
-455.33,111,0.36632
-456.17,111,0.36632
-457.01,111,0.36632
-457.83,111,0.36632
-458.65,111,0.36633
-459.46,111,0.36633
-460.26,111,0.36633
-461.04,111,0.36633
-461.82,111,0.36633
-462.59,111,0.36634
-463.35,111,0.36634
-464.1,111,0.36634
-464.85,111,0.36634
-465.58,111,0.36634
-466.31,111,0.36634
-467.02,111,0.36635
-467.73,111,0.36635
-468.43,111,0.36635
-469.12,111,0.36635
-469.8,111,0.36635
-470.47,111,0.36635
-471.13,111,0.36636
-471.79,111,0.36636
-472.43,111,0.36636
-473.07,111,0.36636
-473.7,111,0.36636
-474.32,111,0.36636
-474.93,111,0.36637
-475.54,111,0.36637
-476.13,111,0.36637
-476.72,111,0.36637
-477.3,111,0.36637
-477.87,111,0.36637
-478.43,111,0.36637
-478.99,111,0.36638
-479.53,111,0.36638
-480.07,111,0.36638
-480.6,111,0.36638
-481.13,111,0.36638
-481.64,111,0.36638
-482.15,111,0.36638
-482.65,111,0.36639
-483.14,111,0.36639
-483.62,111,0.36639
-484.1,111,0.36639
-484.57,111,0.36639
-485.03,111,0.36639
-485.48,111,0.36639
-485.93,111,0.36639
-486.37,111,0.3664
-486.8,111,0.3664
-487.22,111,0.3664
-487.64,111,0.3664
-488.05,111,0.3664
-488.45,111,0.3664
-488.84,111,0.3664
-489.23,111,0.3664
-489.61,111,0.36641
-489.98,111,0.36641
-490.35,111,0.36641
-490.7,111,0.36641
-491.05,111,0.36641
-491.4,111,0.36641
-491.74,111,0.36641
-492.07,111,0.36641
-492.39,111,0.36641
-492.71,111,0.36642
-493.01,111,0.36642
-493.32,111,0.36642
-493.61,111,0.36642
-493.9,111,0.36642
-494.18,111,0.36642
-494.46,111,0.36642
-494.73,111,0.36642
-494.99,111,0.36642
-495.25,111,0.36642
-495.49,111,0.36643
-495.74,111,0.36643
-495.97,111,0.36643
-496.2,111,0.36643
-496.43,111,0.36643
-496.64,111,0.36643
-496.85,111,0.36643
-497.06,111,0.36643
-497.25,111,0.36643
-497.44,111,0.36643
-497.63,111,0.36643
-497.81,111,0.36643
-497.98,111,0.36644
-498.14,111,0.36644
-498.3,111,0.36644
-498.46,111,0.36644
-498.61,111,0.36644
-498.75,111,0.36644
-498.88,111,0.36644
-499.01,111,0.36644
-499.13,111,0.36644
-499.25,111,0.36644
-499.36,111,0.36644
-499.47,111,0.36644
-499.57,111,0.36645
-499.66,111,0.36645
-499.75,111,0.36645
-499.83,111,0.36645
-499.91,111,0.36645
-499.98,111,0.36645
-500.04,111,0.36645
-500.1,111,0.36645
-500.15,111,0.36645
-500.2,111,0.36645
-500.24,111,0.36645
-500.28,111,0.36645
-500.31,111,0.36645
-500.33,111,0.36645
-500.35,111,0.36645
-500.37,111,0.36646
-500.37,111,0.36646
-500.38,111,0.36646
-500.37,111,0.36646
-500.37,111,0.36646
-500.35,111,0.36646
-500.33,111,0.36646
-500.31,111,0.36646
-500.28,111,0.36646
-500.24,111,0.36646
-500.2,111,0.36646
-500.16,111,0.36646
-500.11,111,0.36646
-500.05,111,0.36646
-499.99,111,0.36646
-499.92,111,0.36646
-499.85,111,0.36646
-499.77,111,0.36647
-499.69,111,0.36647
-499.6,111,0.36647
-499.51,111,0.36647
-499.41,111,0.36647
-499.31,111,0.36647
-499.2,111,0.36647
-499.09,111,0.36647
-498.97,111,0.36647
-498.85,111,0.36647
-498.72,111,0.36647
-498.59,111,0.36647
-498.45,111,0.36647
-498.31,111,0.36647
-498.16,111,0.36647
-498.01,111,0.36647
-497.85,111,0.36647
-497.69,111,0.36647
-497.52,111,0.36647
-497.35,111,0.36647
-497.17,111,0.36648
-496.99,111,0.36648
-496.81,111,0.36648
-496.62,111,0.36648
-496.42,111,0.36648
-496.22,111,0.36648
-496.02,111,0.36648
-495.81,111,0.36648
-495.59,111,0.36648
-495.38,111,0.36648
-495.15,111,0.36648
-494.92,111,0.36648
-494.69,111,0.36648
-494.46,111,0.36648
-494.21,111,0.36648
-493.97,111,0.36648
-493.72,111,0.36648
-493.46,111,0.36648
-493.2,111,0.36648
-492.94,111,0.36648
-492.67,111,0.36648
-492.4,111,0.36648
-492.12,111,0.36648
-491.84,111,0.36648
-491.56,111,0.36648
-491.27,111,0.36648
-490.97,111,0.36649
-490.67,111,0.36649
-490.37,111,0.36649
-490.06,111,0.36649
-489.75,111,0.36649
-489.44,111,0.36649
-489.12,111,0.36649
-488.79,111,0.36649
-488.46,111,0.36649
-488.13,111,0.36649
-487.79,111,0.36649
-487.45,111,0.36649
-487.11,111,0.36649
-486.76,111,0.36649
-486.41,111,0.36649
-486.05,111,0.36649
-485.69,111,0.36649
-485.32,111,0.36649
-484.95,111,0.36649
-484.58,111,0.36649
-484.2,111,0.36649
-483.82,111,0.36649
-483.43,111,0.36649
-483.04,111,0.36649
-482.65,111,0.36649
-482.25,111,0.36649
-481.85,111,0.36649
-481.45,111,0.36649
-481.04,111,0.36649
-480.62,111,0.36649
-480.21,111,0.36649
-479.79,111,0.36649
-479.36,111,0.36649
-478.93,111,0.36649
-478.5,111,0.3665
-478.07,111,0.3665
-477.63,111,0.3665
-477.18,111,0.3665
-476.73,111,0.3665
-476.28,111,0.3665
-475.83,111,0.3665
-475.37,111,0.3665
-474.91,111,0.3665
-474.44,111,0.3665
-473.97,111,0.3665
-473.5,111,0.3665
-473.02,111,0.3665
-472.54,111,0.3665
-472.06,111,0.3665
-471.57,111,0.3665
-471.08,111,0.3665
-470.58,111,0.3665
-470.08,111,0.3665
-469.58,111,0.3665
-469.08,111,0.3665
-468.57,111,0.3665
-468.05,111,0.3665
-467.54,111,0.3665
-467.02,111,0.3665
-466.49,111,0.3665
-465.97,111,0.3665
-465.44,111,0.3665
-464.9,111,0.3665
-464.37,111,0.3665
-463.83,111,0.3665
-463.28,111,0.3665
-462.73,111,0.3665
-462.18,111,0.3665
-461.63,111,0.3665
-461.07,111,0.3665
-460.51,111,0.3665
-459.95,111,0.3665
-459.38,111,0.3665
-458.81,111,0.3665
-458.24,111,0.3665
-457.66,111,0.3665
-457.08,111,0.3665
-456.49,111,0.3665
-455.91,111,0.3665
-455.32,111,0.3665
-454.72,111,0.3665
-454.13,111,0.3665
-453.53,111,0.3665
-452.93,111,0.3665
-452.32,111,0.3665
-451.71,111,0.3665
-451.1,111,0.3665
-450.48,111,0.3665
-449.87,111,0.36651
-449.24,111,0.36651
-448.62,111,0.36651
-447.99,111,0.36651
-447.36,111,0.36651
-446.73,111,0.36651
-446.09,111,0.36651
-445.45,111,0.36651
-444.81,111,0.36651
-444.16,111,0.36651
-443.51,111,0.36651
-442.86,111,0.36651
-442.21,111,0.36651
-441.55,111,0.36651
-440.89,111,0.36651
-440.23,111,0.36651
-439.56,111,0.36651
-438.89,111,0.36651
-438.22,111,0.36651
-437.55,111,0.36651
-436.87,111,0.36651
-436.19,111,0.36651
-435.5,111,0.36651
-434.82,111,0.36651
-434.13,111,0.36651
-433.44,111,0.36651
-432.74,111,0.36651
-432.05,111,0.36651
-431.35,111,0.36651
-430.64,111,0.36651
-429.94,111,0.36651
-429.23,111,0.36651
-428.52,111,0.36651
-427.81,111,0.36651
-427.09,111,0.36651
-426.37,111,0.36651
-425.65,111,0.36651
-424.93,111,0.36651
-424.2,111,0.36651
-423.47,111,0.36651
-422.74,111,0.36651
-422.01,111,0.36651
-421.27,111,0.36651
-420.53,111,0.36651
-419.79,111,0.36651
-419.05,111,0.36651
-418.3,111,0.36651
-417.55,111,0.36651
-416.8,111,0.36651
-416.05,111,0.36651
-415.29,111,0.36651
-414.53,111,0.36651
-413.77,111,0.36651
-413.01,111,0.36651
-412.24,111,0.36651
-411.47,111,0.36651
-410.7,111,0.36651
-409.93,111,0.36651
-409.15,111,0.36651
-408.38,111,0.36651
-407.6,111,0.36651
-406.81,111,0.36651
-406.03,111,0.36651
-405.24,111,0.36651
-404.45,111,0.36651
-403.66,111,0.36651
-402.87,111,0.36651
-402.07,111,0.36651
-401.28,111,0.36651
-400.48,111,0.36651
-399.68,111,0.36651
-398.87,111,0.36651
-398.07,111,0.36651
-397.26,111,0.36651
-396.45,111,0.36651
-395.63,111,0.36651
-394.82,111,0.36651
-394,111,0.36651
-393.18,111,0.36651
-392.36,111,0.36651
-391.54,111,0.36651
-390.72,111,0.36651
-389.89,111,0.36651
-389.06,111,0.36651
-388.23,111,0.36651
-387.4,111,0.36651
-386.56,111,0.36651
-385.73,111,0.36651
-384.89,111,0.36651
-384.05,111,0.36651
-383.21,111,0.36651
-382.36,111,0.36651
-381.52,111,0.36651
-380.67,111,0.36651
-379.82,111,0.36651
-378.97,111,0.36651
-378.12,111,0.36651
-377.27,111,0.36651
-376.41,111,0.36651
-375.55,111,0.36651
-374.69,111,0.36651
-373.83,111,0.36651
-372.97,111,0.36651
-372.1,111,0.36651
-371.24,111,0.36651
-370.37,111,0.36651
-369.5,111,0.36651
-368.63,111,0.36651
-367.76,111,0.36651
-366.88,111,0.36651
-366.01,111,0.36651
-365.13,111,0.36651
-364.25,111,0.36651
-363.37,111,0.36651
-362.49,111,0.36651
-361.61,111,0.36651
-360.72,111,0.36651
-359.84,111,0.36651
-358.95,111,0.36651
-358.06,111,0.36651
-357.17,111,0.36651
-356.28,111,0.36651
-355.39,111,0.36651
-354.49,111,0.36652
-353.6,111,0.36652
-352.7,111,0.36652
-351.8,111,0.36652
-350.9,111,0.36652
-350,111,0.36652
-349.1,111,0.36652
-348.2,111,0.36652
-347.29,111,0.36652
-346.39,111,0.36652
-345.48,111,0.36652
-344.57,111,0.36652
-343.66,111,0.36652
-342.75,111,0.36652
-341.84,111,0.36652
-340.93,111,0.36652
-340.02,111,0.36652
-339.1,111,0.36652
-338.19,111,0.36652
-337.27,111,0.36652
-336.35,111,0.36652
-335.43,111,0.36652
-334.51,111,0.36652
-333.59,111,0.36652
-332.67,111,0.36652
-331.75,111,0.36652
-330.83,111,0.36652
-329.9,111,0.36652
-328.98,111,0.36652
-328.05,111,0.36652
-327.12,111,0.36652
-326.2,111,0.36652
-325.27,111,0.36652
-324.34,111,0.36652
-323.41,111,0.36652
-322.48,111,0.36652
-321.55,111,0.36652
-320.62,111,0.36652
-319.68,111,0.36652
-318.75,111,0.36652
-317.81,111,0.36652
-316.88,111,0.36652
-315.94,111,0.36652
-315.01,111,0.36652
-314.07,111,0.36652
-313.13,111,0.36652
-312.2,111,0.36652
-311.26,111,0.36652
-310.32,111,0.36652
-309.38,111,0.36652
-308.44,111,0.36652
-307.5,111,0.36652
-306.56,111,0.36652
-305.62,111,0.36652
-304.68,111,0.36652
-303.73,111,0.36652
-302.79,111,0.36652
-301.85,111,0.36652
-300.9,111,0.36652
-299.96,111,0.36652
-299.02,111,0.36652
-298.07,111,0.36652
-297.13,111,0.36652
-296.18,111,0.36652
-295.24,111,0.36652
-294.29,111,0.36652
-293.35,111,0.36652
-292.4,111,0.36652
-291.46,111,0.36652
-290.51,111,0.36652
-289.56,111,0.36652
-288.62,111,0.36652
-287.67,111,0.36652
-286.72,111,0.36652
-285.78,111,0.36652
-284.83,111,0.36652
-283.88,111,0.36652
-282.94,111,0.36652
-281.99,111,0.36652
-281.04,111,0.36652
-280.1,111,0.36652
-279.15,111,0.36652
-278.2,111,0.36652
-277.26,111,0.36652
-276.31,111,0.36652
-275.36,111,0.36652
-274.42,111,0.36652
-273.47,111,0.36652
-272.52,111,0.36652
-271.58,111,0.36652
-270.63,111,0.36652
-269.69,111,0.36652
-268.74,111,0.36652
-267.8,111,0.36652
-266.85,111,0.36652
-265.91,111,0.36652
-264.96,111,0.36652
-264.02,111,0.36652
-263.08,111,0.36652
-262.13,111,0.36652
-261.19,111,0.36652
-260.25,111,0.36652
-259.31,111,0.36652
-258.37,111,0.36652
-257.42,111,0.36652
-256.48,111,0.36652
-255.54,111,0.36652
-254.6,111,0.36652
-253.67,111,0.36652
-252.73,111,0.36652
-251.79,111,0.36652
-250.85,111,0.36652
-249.91,111,0.36652
-248.98,111,0.36652
-248.04,111,0.36652
-247.11,111,0.36652
-246.17,111,0.36652
-245.24,111,0.36652
-244.31,111,0.36652
-243.37,111,0.36652
-242.44,111,0.36652
-241.51,111,0.36652
-240.58,111,0.36652
-239.65,111,0.36652
-238.72,111,0.36652
-237.8,111,0.36652
-236.87,111,0.36652
-235.94,111,0.36652
-235.02,111,0.36652
-234.09,111,0.36652
-233.17,111,0.36652
-232.25,111,0.36652
-231.33,111,0.36652
-230.4,111,0.36652
-229.48,111,0.36652
-228.57,111,0.36652
-227.65,111,0.36652
-226.73,111,0.36652
-225.82,111,0.36652
-224.9,111,0.36652
-223.99,111,0.36652
-223.07,111,0.36652
-222.16,111,0.36652
-221.25,111,0.36652
-220.34,111,0.36652
-219.43,111,0.36652
-218.53,111,0.36652
-217.62,111,0.36652
-216.72,111,0.36652
-215.81,111,0.36652
-214.91,111,0.36652
-214.01,111,0.36652
-213.11,111,0.36652
-212.21,111,0.36652
-211.31,111,0.36652
-210.42,111,0.36652
-209.52,111,0.36652
-208.63,111,0.36652
-207.74,111,0.36652
-206.85,111,0.36652
-205.96,111,0.36652
-205.07,111,0.36652
-204.18,111,0.36652
-203.3,111,0.36652
-202.41,111,0.36652
-201.53,111,0.36652
-200.65,111,0.36652
-199.77,111,0.36652
-198.89,111,0.36652
-198.02,111,0.36652
-197.14,111,0.36652
-196.27,111,0.36652
-195.4,111,0.36652
-194.52,111,0.36652
-193.66,111,0.36652
-192.79,111,0.36652
-191.92,111,0.36652
-191.06,111,0.36652
-190.2,111,0.36652
-189.34,111,0.36652
-188.48,111,0.36652
-187.62,111,0.36652
-186.77,111,0.36652
-185.91,111,0.36652
-185.06,111,0.36652
-184.21,111,0.36652
-183.36,111,0.36652
-182.51,111,0.36652
-181.67,111,0.36652
-180.83,111,0.36652
-179.98,111,0.36652
-179.14,111,0.36652
-178.31,111,0.36652
-177.47,111,0.36652
-176.64,111,0.36652
-175.8,111,0.36652
-174.97,111,0.36652
-174.15,111,0.36652
-173.32,111,0.36652
-172.49,111,0.36652
-171.67,111,0.36652
-170.85,111,0.36652
-170.03,111,0.36652
-169.22,111,0.36652
-168.4,111,0.36652
-167.59,111,0.36652
-166.78,111,0.36652
-165.97,111,0.36652
-165.16,111,0.36652
-164.36,111,0.36652
-163.56,111,0.36652
-162.76,111,0.36652
-161.96,111,0.36652
-161.16,111,0.36652
-160.37,111,0.36652
-159.57,111,0.36652
-158.78,111,0.36652
-158,111,0.36652
-157.21,111,0.36652
-156.43,111,0.36652
-155.65,111,0.36652
-154.87,111,0.36652
-154.09,111,0.36652
-153.32,111,0.36652
-152.54,111,0.36652
-151.77,111,0.36652
-151.01,111,0.36652
-150.24,111,0.36652
-149.48,111,0.36652
-148.72,111,0.36652
-147.96,111,0.36652
-147.2,111,0.36652
-146.45,111,0.36652
-145.7,111,0.36652
-144.95,111,0.36652
-144.2,111,0.36652
-143.46,111,0.36652
-142.71,111,0.36652
-141.97,111,0.36652
-141.24,111,0.36652
-140.5,111,0.36652
-139.77,111,0.36652
-139.04,111,0.36652
-138.31,111,0.36652
-137.58,111,0.36652
-136.86,111,0.36652
-136.14,111,0.36652
-135.42,111,0.36652
-134.71,111,0.36652
-133.99,111,0.36652
-133.28,111,0.36652
-132.58,111,0.36652
-131.87,111,0.36652
-131.17,111,0.36652
-130.47,111,0.36652
-129.77,111,0.36652
-129.07,111,0.36652
-128.38,111,0.36652
-127.69,111,0.36652
-127,111,0.36652
-126.32,111,0.36652
-125.63,111,0.36652
-124.95,111,0.36652
-124.28,111,0.36652
-123.6,111,0.36652
-122.93,111,0.36652
-122.26,111,0.36652
-121.59,111,0.36652
-120.93,111,0.36652
-120.27,111,0.36652
-119.61,111,0.36652
-118.95,111,0.36652
-118.3,111,0.36652
-117.65,111,0.36652
-117,111,0.36652
-116.35,111,0.36652
-115.71,111,0.36652
-115.07,111,0.36652
-114.43,111,0.36652
-113.8,111,0.36652
-113.17,111,0.36652
-112.54,111,0.36652
-111.91,111,0.36652
-111.29,111,0.36652
-110.67,111,0.36652
-110.05,111,0.36652
-109.43,111,0.36652
-108.82,111,0.36652
-108.21,111,0.36652
-107.6,111,0.36652
-107,111,0.36652
-106.4,111,0.36652
-105.8,111,0.36652
-105.2,111,0.36652
-104.61,111,0.36652
-104.02,111,0.36652
-103.43,111,0.36652
-102.84,111,0.36652
-102.26,111,0.36652
-101.68,111,0.36652
-101.11,111,0.36652
-100.53,111,0.36652
-99.961,111,0.36652
-99.393,111,0.36652
-98.828,111,0.36652
-98.265,111,0.36652
-97.706,111,0.36652
-97.149,111,0.36652
-96.596,111,0.36652
-96.045,111,0.36652
-95.497,111,0.36652
-94.951,111,0.36652
-94.409,111,0.36652
-93.87,111,0.36652
-93.333,111,0.36652
-92.799,111,0.36652
-92.269,111,0.36652
-91.741,111,0.36652
-91.216,111,0.36652
-90.693,111,0.36652
-90.174,111,0.36652
-89.658,111,0.36652
-89.144,111,0.36652
-88.634,111,0.36652
-88.126,111,0.36652
-87.621,111,0.36652
-87.119,111,0.36652
-86.62,111,0.36652
-86.124,111,0.36652
-85.631,111,0.36652
-85.14,111,0.36652
-84.653,111,0.36652
-84.168,111,0.36652
-83.687,111,0.36652
-83.208,111,0.36652
-82.732,111,0.36652
-82.259,111,0.36652
-81.789,111,0.36652
-81.322,111,0.36652
-80.858,111,0.36652
-80.397,111,0.36652
-79.939,111,0.36652
-79.483,111,0.36652
-79.031,111,0.36652
-78.581,111,0.36652
-78.134,111,0.36652
-77.691,111,0.36652
-77.25,111,0.36652
-76.812,111,0.36652
-76.377,111,0.36652
-75.945,111,0.36652
-75.515,111,0.36652
-75.089,111,0.36652
-74.666,111,0.36652
-74.245,111,0.36652
-73.828,111,0.36652
-73.413,111,0.36652
-73.001,111,0.36652
-72.592,111,0.36652
-72.186,111,0.36652
-71.783,111,0.36652
-71.383,111,0.36652
-70.986,111,0.36652
-70.591,111,0.36652
-70.2,111,0.36652
-69.811,111,0.36652
-69.425,111,0.36652
-69.043,111,0.36652
-68.663,111,0.36652
-68.286,111,0.36652
-67.911,111,0.36652
-67.54,111,0.36652
-67.172,111,0.36652
-66.806,111,0.36652
-66.443,111,0.36652
-66.084,111,0.36652
-65.727,111,0.36652
-65.372,111,0.36652
-65.021,111,0.36652
-64.673,111,0.36652
-64.327,111,0.36652
-63.985,111,0.36652
-63.645,111,0.36652
-63.308,111,0.36652
-62.974,111,0.36652
-62.642,111,0.36652
-62.314,111,0.36652
-61.988,111,0.36652
-61.665,111,0.36652
-61.345,111,0.36652
-61.028,111,0.36652
-60.714,111,0.36652
-60.402,111,0.36652
-60.093,111,0.36652
-59.787,111,0.36652
-59.484,111,0.36652
-59.184,111,0.36652
-58.886,111,0.36652
-58.591,111,0.36652
-58.299,111,0.36652
-58.01,111,0.36652
-57.723,111,0.36652
-57.439,111,0.36652
-57.158,111,0.36652
-56.88,111,0.36652
-56.605,111,0.36652
-56.332,111,0.36652
-56.062,111,0.36652
-55.794,111,0.36652
-55.53,111,0.36652
-55.268,111,0.36652
-55.009,111,0.36652
-54.752,111,0.36652
-54.499,111,0.36652
-54.248,111,0.36652
-53.999,111,0.36652
-53.754,111,0.36652
-53.511,111,0.36652
-53.27,111,0.36652
-53.033,111,0.36652
-52.798,111,0.36652
-52.565,111,0.36652
-52.336,111,0.36652
-52.109,111,0.36652
-51.884,111,0.36652
-51.662,111,0.36652
-51.443,111,0.36652
-51.227,111,0.36652
-51.013,111,0.36652
-50.802,111,0.36652
-50.593,111,0.36652
-50.387,111,0.36652
-50.183,111,0.36652
-49.982,111,0.36652
-49.784,111,0.36652
-49.588,111,0.36652
-49.395,111,0.36652
-49.204,111,0.36652
-49.016,111,0.36652
-48.83,111,0.36652
-48.647,111,0.36652
-48.466,111,0.36652
-48.288,111,0.36652
-48.112,111,0.36652
-47.939,111,0.36652
-47.769,111,0.36652
-47.601,111,0.36652
-47.435,111,0.36652
-47.272,111,0.36652
-47.111,111,0.36652
-46.953,111,0.36652
-46.797,111,0.36652
-46.643,111,0.36652
-46.492,111,0.36652
-46.344,111,0.36652
-46.198,111,0.36652
-46.054,111,0.36652
-45.912,111,0.36652
-45.773,111,0.36652
-45.637,111,0.36652
-45.502,111,0.36652
-45.371,111,0.36652
-45.241,111,0.36652
-45.114,111,0.36652
-44.989,111,0.36652
-44.866,111,0.36652
-44.746,111,0.36652
-44.628,111,0.36652
-44.513,111,0.36652
-44.399,111,0.36652
-44.288,111,0.36652
-44.179,111,0.36652
-44.073,111,0.36652
-43.969,111,0.36652
-43.867,111,0.36652
-43.767,111,0.36652
-43.669,111,0.36652
-43.574,111,0.36652
-43.481,111,0.36652
-43.39,111,0.36652
-43.301,111,0.36652
-43.215,111,0.36652
-43.13,111,0.36652
-43.048,111,0.36652
-42.968,111,0.36652
-42.89,111,0.36652
-42.814,111,0.36652
-42.741,111,0.36652
-42.669,111,0.36652
-42.6,111,0.36652
-42.532,111,0.36652
-42.467,111,0.36652
-42.404,111,0.36652
-42.343,111,0.36652
-42.284,111,0.36652
-42.227,111,0.36652
-42.172,111,0.36652
-42.119,111,0.36652
-42.068,111,0.36652
-42.019,111,0.36652
-41.972,111,0.36652
-41.927,111,0.36652
-41.885,111,0.36652
-41.844,111,0.36652
-41.805,111,0.36652
-41.768,111,0.36652
-41.733,111,0.36652
-41.699,111,0.36652
-41.668,111,0.36652
-41.639,111,0.36652
-41.612,111,0.36652
-41.586,111,0.36652
-41.562,111,0.36652
-41.541,111,0.36652
-41.521,111,0.36652
-41.503,111,0.36652
-41.487,111,0.36652
-41.472,111,0.36652
-41.46,111,0.36652
-41.449,111,0.36652
-41.44,111,0.36652
-41.433,111,0.36652
-41.428,111,0.36652
-41.424,111,0.36652
-41.422,111,0.36652
-41.422,111,0.36652
-41.424,111,0.36652
-41.427,111,0.36652
-41.432,111,0.36652
-41.439,111,0.36652
-41.448,111,0.36652
-41.458,111,0.36652
-41.47,111,0.36652
-41.484,111,0.36652
-41.499,111,0.36652
-41.516,111,0.36652
-41.534,111,0.36652
-41.554,111,0.36652
-41.576,111,0.36652
-41.6,111,0.36652
-41.625,111,0.36652
-41.651,111,0.36652
-41.679,111,0.36652
-41.709,111,0.36652
-41.74,111,0.36652
-41.773,111,0.36652
-41.807,111,0.36652
-41.843,111,0.36652
-41.881,111,0.36652
-41.92,111,0.36652
-41.96,111,0.36652
-42.002,111,0.36652
-42.045,111,0.36652
-42.09,111,0.36652
-42.136,111,0.36652
-42.184,111,0.36652
-42.233,111,0.36652
-42.284,111,0.36652
-42.336,111,0.36652
-42.389,111,0.36652
-42.444,111,0.36652
-42.5,111,0.36652
-42.557,111,0.36652
-42.616,111,0.36652
-42.677,111,0.36652
-42.738,111,0.36652
-42.801,111,0.36652
-42.865,111,0.36652
-42.931,111,0.36652
-42.998,111,0.36652
-43.066,111,0.36652
-43.135,111,0.36652
-43.206,111,0.36652
-43.278,111,0.36652
-43.351,111,0.36652
-43.425,111,0.36652
-43.501,111,0.36652
-43.577,111,0.36652
-43.655,111,0.36652
-43.735,111,0.36652
-43.815,111,0.36652
-43.897,111,0.36652
-43.979,111,0.36652
-44.063,111,0.36652
-44.148,111,0.36652
-44.234,111,0.36652
-44.322,111,0.36652
-44.41,111,0.36652
-44.5,111,0.36652
-44.59,111,0.36652
-44.682,111,0.36652
-44.775,111,0.36652
-44.868,111,0.36652
-44.963,111,0.36652
-45.059,111,0.36652
-45.156,111,0.36652
-45.254,111,0.36652
-45.353,111,0.36652
-45.453,111,0.36652
-45.554,111,0.36652
-45.656,111,0.36652
-45.759,111,0.36652
-45.863,111,0.36652
-45.968,111,0.36652
-46.074,111,0.36652
-46.18,111,0.36652
-46.288,111,0.36652
-46.396,111,0.36652
-46.506,111,0.36652
-46.616,111,0.36652
-46.728,111,0.36652
-46.84,111,0.36652
-46.953,111,0.36652
-47.066,111,0.36652
-47.181,111,0.36652
-47.297,111,0.36652
-47.413,111,0.36652
-47.53,111,0.36652
-47.648,111,0.36652
-47.767,111,0.36652
-47.887,111,0.36652
-48.007,111,0.36652
-48.128,111,0.36652
-48.25,111,0.36652
-48.373,111,0.36652
-48.496,111,0.36652
-48.62,111,0.36652
-48.745,111,0.36652
-48.87,111,0.36652
-48.997,111,0.36652
-49.124,111,0.36652
-49.251,111,0.36652
-49.379,111,0.36652
-49.508,111,0.36652
-49.638,111,0.36652
-49.768,111,0.36652
-49.899,111,0.36652
-50.031,111,0.36652
-50.163,111,0.36652
-50.296,111,0.36652
-50.429,111,0.36652
-50.563,111,0.36652
-50.698,111,0.36652
-50.833,111,0.36652
-50.969,111,0.36652
-51.105,111,0.36652
-51.242,111,0.36652
-51.379,111,0.36652
-51.517,111,0.36652
-51.655,111,0.36652
-51.794,111,0.36652
-51.934,111,0.36652
-52.074,111,0.36652
-52.214,111,0.36652
-52.355,111,0.36652
-52.497,111,0.36652
-52.638,111,0.36652
-52.781,111,0.36652
-52.924,111,0.36652
-53.067,111,0.36652
-53.21,111,0.36652
-53.355,111,0.36652
-53.499,111,0.36652
-53.644,111,0.36652
-53.789,111,0.36652
-53.935,111,0.36652
-54.081,111,0.36652
-54.227,111,0.36652
-54.374,111,0.36652
-54.521,111,0.36652
-54.669,111,0.36652
-54.817,111,0.36652
-54.965,111,0.36652
-55.113,111,0.36652
-55.262,111,0.36652
-55.411,111,0.36652
-55.561,111,0.36652
-55.711,111,0.36652
-55.861,111,0.36652
-56.011,111,0.36652
-56.161,111,0.36652
-56.312,111,0.36652
-56.463,111,0.36652
-56.615,111,0.36652
-56.766,111,0.36652
-56.918,111,0.36652
-57.07,111,0.36652
-57.222,111,0.36652
-57.375,111,0.36652
-57.528,111,0.36652
-57.68,111,0.36652
-57.833,111,0.36652
-57.987,111,0.36652
-58.14,111,0.36652
-58.294,111,0.36652
-58.447,111,0.36652
-58.601,111,0.36652
-58.755,111,0.36652
-58.91,111,0.36652
-59.064,111,0.36652
-59.218,111,0.36652
-59.373,111,0.36652
-59.528,111,0.36652
-59.682,111,0.36652
-59.837,111,0.36652
-59.992,111,0.36652
-60.147,111,0.36652
-60.302,111,0.36652
-60.458,111,0.36652
-60.613,111,0.36652
-60.768,111,0.36652
-60.924,111,0.36652
-61.079,111,0.36652
-61.235,111,0.36652
-61.39,111,0.36652
-61.546,111,0.36652
-61.701,111,0.36652
-61.857,111,0.36652
-62.012,111,0.36652
-62.168,111,0.36652
-62.323,111,0.36652
-62.479,111,0.36652
-62.634,111,0.36652
-62.79,111,0.36652
-62.945,111,0.36652
-63.101,111,0.36652
-63.256,111,0.36652
-63.412,111,0.36652
-63.567,111,0.36652
-63.722,111,0.36652
-63.877,111,0.36652
-64.032,111,0.36652
-64.188,111,0.36652
-64.342,111,0.36652
-64.497,111,0.36652
-64.652,111,0.36652
-64.807,111,0.36652
-64.961,111,0.36652
-65.116,111,0.36652
-65.27,111,0.36652
-65.424,111,0.36652
-65.578,111,0.36652
-65.732,111,0.36652
-65.886,111,0.36652
-66.04,111,0.36652
-66.193,111,0.36652
-66.347,111,0.36652
-66.5,111,0.36652
-66.653,111,0.36652
-66.806,111,0.36652
-66.959,111,0.36652
-67.111,111,0.36652
-67.264,111,0.36652
-67.416,111,0.36652
-67.568,111,0.36652
-67.719,111,0.36652
-67.871,111,0.36652
-68.022,111,0.36652
-68.174,111,0.36652
-68.324,111,0.36652
-68.475,111,0.36652
-68.626,111,0.36652
-68.776,111,0.36652
-68.926,111,0.36652
-69.076,111,0.36652
-69.225,111,0.36652
-69.375,111,0.36652
-69.524,111,0.36652
-69.673,111,0.36652
-69.821,111,0.36652
-69.969,111,0.36652
-70.117,111,0.36652
-70.265,111,0.36652
-70.412,111,0.36652
-70.56,111,0.36652
-70.706,111,0.36652
-70.853,111,0.36652
-70.999,111,0.36652
-71.145,111,0.36652
-71.291,111,0.36652
-71.436,111,0.36652
-71.581,111,0.36652
-71.726,111,0.36652
-71.871,111,0.36652
-72.015,111,0.36652
-72.158,111,0.36652
-72.302,111,0.36652
-72.445,111,0.36652
-72.588,111,0.36652
-72.73,111,0.36652
-72.872,111,0.36652
-73.014,111,0.36652
-73.155,111,0.36652
-73.297,111,0.36652
-73.437,111,0.36652
-73.578,111,0.36652
-73.718,111,0.36652
-73.857,111,0.36652
-73.996,111,0.36652
-74.135,111,0.36652
-74.274,111,0.36652
-74.412,111,0.36652
-74.549,111,0.36652
-74.687,111,0.36652
-74.824,111,0.36652
-74.96,111,0.36652
-75.096,111,0.36652
-75.232,111,0.36652
-75.368,111,0.36652
-75.503,111,0.36652
-75.637,111,0.36652
-75.771,111,0.36652
-75.905,111,0.36652
-76.038,111,0.36652
-76.171,111,0.36652
-76.304,111,0.36652
-76.436,111,0.36652
-76.567,111,0.36652
-76.698,111,0.36652
-76.829,111,0.36652
-76.959,111,0.36652
-77.089,111,0.36652
-77.219,111,0.36652
-77.348,111,0.36652
-77.476,111,0.36652
-77.605,111,0.36652
-77.732,111,0.36652
-77.859,111,0.36652
-77.986,111,0.36652
-78.112,111,0.36652
-78.238,111,0.36652
-78.364,111,0.36652
-78.489,111,0.36652
-78.613,111,0.36652
-78.737,111,0.36652
-78.861,111,0.36652
-78.984,111,0.36652
-79.106,111,0.36652
-79.229,111,0.36652
-79.35,111,0.36652
-79.471,111,0.36652
-79.592,111,0.36652
-79.712,111,0.36652
-79.832,111,0.36652
-79.951,111,0.36652
-80.07,111,0.36652
-80.188,111,0.36652
-80.306,111,0.36652
-80.423,111,0.36652
-80.54,111,0.36652
-80.657,111,0.36652
-80.772,111,0.36652
-80.888,111,0.36652
-81.003,111,0.36652
-81.117,111,0.36652
-81.231,111,0.36652
-81.344,111,0.36652
-81.457,111,0.36652
-81.569,111,0.36652
-81.681,111,0.36652
-81.792,111,0.36652
-81.903,111,0.36652
-82.013,111,0.36652
-82.123,111,0.36652
-82.232,111,0.36652
-82.341,111,0.36652
-82.449,111,0.36652
-82.557,111,0.36652
-82.664,111,0.36652
-82.771,111,0.36652
-82.877,111,0.36652
-82.983,111,0.36652
-83.088,111,0.36652
-83.193,111,0.36652
-83.297,111,0.36652
-83.4,111,0.36652
-83.503,111,0.36652
-83.606,111,0.36652
-83.708,111,0.36652
-83.809,111,0.36652
-83.91,111,0.36652
-84.011,111,0.36652
-84.11,111,0.36652
-84.21,111,0.36652
-84.309,111,0.36652
-84.407,111,0.36652
-84.505,111,0.36652
-84.602,111,0.36652
-84.699,111,0.36652
-84.795,111,0.36652
-84.89,111,0.36652
-84.985,111,0.36652
-85.08,111,0.36652
-85.174,111,0.36652
-85.268,111,0.36652
-85.361,111,0.36652
-85.453,111,0.36652
-85.545,111,0.36652
-85.636,111,0.36652
-85.727,111,0.36652
-85.817,111,0.36652
-85.907,111,0.36652
-85.996,111,0.36652
-86.085,111,0.36652
-86.173,111,0.36652
-86.261,111,0.36652
-86.348,111,0.36652
-86.434,111,0.36652
-86.52,111,0.36652
-86.605,111,0.36652
-86.69,111,0.36652
-86.775,111,0.36652
-86.859,111,0.36652
-86.942,111,0.36652
-87.025,111,0.36652
-87.107,111,0.36652
-87.188,111,0.36652
-87.27,111,0.36652
-87.35,111,0.36652
-87.43,111,0.36652
-87.51,111,0.36652
-87.589,111,0.36652
-87.667,111,0.36652
-87.745,111,0.36652
-87.822,111,0.36652
-87.899,111,0.36652
-87.975,111,0.36652
-88.051,111,0.36652
-88.126,111,0.36651
-88.201,111,0.36651
-88.275,111,0.36651
-88.349,111,0.36651
-88.422,111,0.36651
-88.494,111,0.36651
-88.566,111,0.36651
-88.638,111,0.36651
-88.709,111,0.36651
-88.779,111,0.36651
-88.849,111,0.36651
-88.919,111,0.36651
-88.987,111,0.36651
-89.056,111,0.36651
-89.123,111,0.36651
-89.191,111,0.36651
-89.257,111,0.36651
-89.323,111,0.36651
-89.389,111,0.36651
-89.454,111,0.36651
-89.519,111,0.36651
-89.583,111,0.36651
-89.646,111,0.36651
-89.709,111,0.36651
-89.772,111,0.36651
-89.834,111,0.36651
-89.895,111,0.36651
-89.956,111,0.36651
-90.017,111,0.36651
-90.077,111,0.36651
-90.136,111,0.36651
-90.195,111,0.36651
-90.253,111,0.36651
-90.311,111,0.36651
-90.368,111,0.36651
-90.425,111,0.36651
-90.481,111,0.36651
-90.537,111,0.36651
-90.592,111,0.36651
-90.647,111,0.36651
-90.701,111,0.36651
-90.755,111,0.36651
-90.808,111,0.36651
-90.861,111,0.36651
-90.913,111,0.36651
-90.965,111,0.36651
-91.016,111,0.36651
-91.066,111,0.36651
-91.117,111,0.36651
-91.166,111,0.36651
-91.215,111,0.36651
-91.264,111,0.36651
-91.312,111,0.36651
-91.36,111,0.36651
-91.407,111,0.36651
-91.454,111,0.36651
-91.5,111,0.36651
-91.545,111,0.36651
-91.591,111,0.36651
-91.635,111,0.36651
-91.68,111,0.36651
-91.723,111,0.36651
-91.766,111,0.36651
-91.809,111,0.36651
-91.851,111,0.36651
-91.893,111,0.36651
-91.935,111,0.36651
-91.975,111,0.36651
-92.016,111,0.36651
-92.056,111,0.36651
-92.095,111,0.36651
-92.134,111,0.36651
-92.172,111,0.36651
-92.21,111,0.36651
-92.248,111,0.36651
-92.285,111,0.36651
-92.321,111,0.36651
-92.357,111,0.36651
-92.393,111,0.36651
-92.428,111,0.36651
-92.462,111,0.36651
-92.497,111,0.36651
-92.53,111,0.36651
-92.564,111,0.36651
-92.596,111,0.36651
-92.629,111,0.36651
-92.661,111,0.36651
-92.692,111,0.36651
-92.723,111,0.36651
-92.753,111,0.36651
-92.783,111,0.36651
-92.813,111,0.36651
-92.842,111,0.36651
-92.871,111,0.36651
-92.899,111,0.36651
-92.927,111,0.36651
-92.954,111,0.36651
-92.981,111,0.36651
-93.008,111,0.36651
-93.034,111,0.36651
-93.059,111,0.36651
-93.085,111,0.36651
-93.109,111,0.36651
-93.134,111,0.36651
-93.157,111,0.36651
-93.181,111,0.36651
-93.204,111,0.36651
-93.226,111,0.36651
-93.249,111,0.36651
-93.27,111,0.36651
-93.292,111,0.36651
-93.312,111,0.36651
-93.333,111,0.36651
-93.353,111,0.36651
-93.372,111,0.36651
-93.392,111,0.36651
-93.41,111,0.36651
-93.429,111,0.36651
-93.447,111,0.36651
-93.464,111,0.36651
-93.481,111,0.36651
-93.498,111,0.36651
-93.514,111,0.36651
-93.53,111,0.3665
-93.546,111,0.3665
-93.561,111,0.3665
-93.575,111,0.3665
-93.59,111,0.3665
-93.604,111,0.3665
-93.617,111,0.3665
-93.63,111,0.3665
-93.643,111,0.3665
-93.655,111,0.3665
-93.667,111,0.3665
-93.679,111,0.3665
-93.69,111,0.3665
-93.701,111,0.3665
-93.711,111,0.3665
-93.721,111,0.3665
-93.731,111,0.3665
-93.74,111,0.3665
-93.749,111,0.3665
-93.757,111,0.3665
-93.765,111,0.3665
-93.773,111,0.3665
-93.78,111,0.3665
-93.787,111,0.3665
-93.794,111,0.3665
-93.8,111,0.3665
-93.806,111,0.3665
-93.811,111,0.3665
-93.817,111,0.3665
-93.821,111,0.3665
-93.826,111,0.3665
-93.83,111,0.3665
-93.833,111,0.3665
-93.837,111,0.3665
-93.84,111,0.3665
-93.842,111,0.3665
-93.845,111,0.3665
-93.847,111,0.3665
-93.848,111,0.3665
-93.849,111,0.3665
-93.85,111,0.3665
-93.851,111,0.3665
-93.851,111,0.3665
-93.851,111,0.3665
-93.851,111,0.3665
-93.85,111,0.3665
-93.849,111,0.3665
-93.847,111,0.3665
-93.845,111,0.3665
-93.843,111,0.3665
-93.841,111,0.3665
-93.838,111,0.3665
-93.835,111,0.3665
-93.831,111,0.36649
-93.827,111,0.36649
-93.823,111,0.36649
-93.819,111,0.36649
-93.814,111,0.36649
-93.809,111,0.36649
-93.804,111,0.36649
-93.798,111,0.36649
-93.792,111,0.36649
-93.786,111,0.36649
-93.779,111,0.36649
-93.772,111,0.36649
-93.765,111,0.36649
-93.757,111,0.36649
-93.749,111,0.36649
-93.741,111,0.36649
-93.733,111,0.36649
-93.724,111,0.36649
-93.715,111,0.36649
-93.706,111,0.36649
-93.696,111,0.36649
-93.686,111,0.36649
-93.676,111,0.36649
-93.665,111,0.36649
-93.654,111,0.36649
-93.643,111,0.36649
-93.632,111,0.36649
-93.62,111,0.36649
-93.608,111,0.36649
-93.596,111,0.36649
-93.583,111,0.36649
-93.571,111,0.36649
-93.557,111,0.36649
-93.544,111,0.36649
-93.53,111,0.36649
-93.516,111,0.36648
-93.502,111,0.36648
-93.488,111,0.36648
-93.473,111,0.36648
-93.458,111,0.36648
-93.443,111,0.36648
-93.427,111,0.36648
-93.411,111,0.36648
-93.395,111,0.36648
-93.379,111,0.36648
-93.362,111,0.36648
-93.345,111,0.36648
-93.328,111,0.36648
-93.311,111,0.36648
-93.293,111,0.36648
-93.275,111,0.36648
-93.257,111,0.36648
-93.239,111,0.36648
-93.22,111,0.36648
-93.201,111,0.36648
-93.182,111,0.36648
-93.163,111,0.36648
-93.143,111,0.36648
-93.123,111,0.36648
-93.103,111,0.36648
-93.083,111,0.36648
-93.062,111,0.36647
-93.041,111,0.36647
-93.02,111,0.36647
-92.999,111,0.36647
-92.978,111,0.36647
-92.956,111,0.36647
-92.934,111,0.36647
-92.912,111,0.36647
-92.889,111,0.36647
-92.866,111,0.36647
-92.843,111,0.36647
-92.82,111,0.36647
-92.797,111,0.36647
-92.773,111,0.36647
-92.75,111,0.36647
-92.726,111,0.36647
-92.701,111,0.36647
-92.677,111,0.36647
-92.652,111,0.36647
-92.627,111,0.36647
-92.602,111,0.36646
-92.577,111,0.36646
-92.551,111,0.36646
-92.526,111,0.36646
-92.5,111,0.36646
-92.473,111,0.36646
-92.447,111,0.36646
-92.421,111,0.36646
-92.394,111,0.36646
-92.367,111,0.36646
-92.34,111,0.36646
-92.312,111,0.36646
-92.285,111,0.36646
-92.257,111,0.36646
-92.229,111,0.36646
-92.201,111,0.36646
-92.172,111,0.36646
-92.144,111,0.36645
-92.115,111,0.36645
-92.086,111,0.36645
-92.057,111,0.36645
-92.028,111,0.36645
-91.998,111,0.36645
-91.968,111,0.36645
-91.939,111,0.36645
-91.908,111,0.36645
-91.878,111,0.36645
-91.848,111,0.36645
-91.817,111,0.36645
-91.786,111,0.36645
-91.755,111,0.36645
-91.724,111,0.36645
-91.693,111,0.36644
-91.661,111,0.36644
-91.63,111,0.36644
-91.598,111,0.36644
-91.566,111,0.36644
-91.534,111,0.36644
-91.501,111,0.36644
-91.469,111,0.36644
-91.436,111,0.36644
-91.403,111,0.36644
-91.37,111,0.36644
-91.337,111,0.36644
-91.303,111,0.36644
-91.27,111,0.36643
-91.236,111,0.36643
-91.202,111,0.36643
-91.168,111,0.36643
-91.134,111,0.36643
-91.1,111,0.36643
-91.065,111,0.36643
-91.031,111,0.36643
-90.996,111,0.36643
-90.961,111,0.36643
-90.926,111,0.36643
-90.891,111,0.36642
-90.855,111,0.36642
-90.82,111,0.36642
-90.784,111,0.36642
-90.748,111,0.36642
-90.712,111,0.36642
-90.676,111,0.36642
-90.639,111,0.36642
-90.603,111,0.36642
-90.566,111,0.36642
-90.53,111,0.36641
-90.493,111,0.36641
-90.456,111,0.36641
-90.419,111,0.36641
-90.381,111,0.36641
-90.344,111,0.36641
-90.306,111,0.36641
-90.269,111,0.36641
-90.231,111,0.36641
-90.193,111,0.3664
-90.155,111,0.3664
-90.116,111,0.3664
-90.078,111,0.3664
-90.039,111,0.3664
-90.001,111,0.3664
-89.962,111,0.3664
-89.923,111,0.3664
-89.884,111,0.3664
-89.845,111,0.36639
-89.806,111,0.36639
-89.766,111,0.36639
-89.727,111,0.36639
-89.687,111,0.36639
-89.647,111,0.36639
-89.607,111,0.36639
-89.567,111,0.36638
-89.527,111,0.36638
-89.487,111,0.36638
-89.446,111,0.36638
-89.406,111,0.36638
-89.365,111,0.36638
-89.324,111,0.36638
-89.284,111,0.36638
-89.243,111,0.36637
-89.202,111,0.36637
-89.16,111,0.36637
-89.119,111,0.36637
-89.078,111,0.36637
-89.036,111,0.36637
-88.994,111,0.36636
-88.953,111,0.36636
-88.911,111,0.36636
-88.869,111,0.36636
-88.827,111,0.36636
-88.784,111,0.36636
-88.742,111,0.36636
-88.7,111,0.36635
-88.657,111,0.36635
-88.615,111,0.36635
-88.572,111,0.36635
-88.529,111,0.36635
-88.486,111,0.36635
-88.443,111,0.36634
-88.4,111,0.36634
-88.357,111,0.36634
-88.313,111,0.36634
-88.27,111,0.36634
-88.227,111,0.36633
-88.183,111,0.36633
-88.139,111,0.36633
-88.095,111,0.36633
-88.051,111,0.36633
-88.008,111,0.36633
-87.963,111,0.36632
-87.919,111,0.36632
-87.875,111,0.36632
-87.831,111,0.36632
-87.786,111,0.36632
-87.742,111,0.36631
-87.697,111,0.36631
-87.652,111,0.36631
-87.607,111,0.36631
-87.562,111,0.36631
-87.517,111,0.3663
-87.472,111,0.3663
-87.427,111,0.3663
-87.382,111,0.3663
-87.337,111,0.36629
-87.291,111,0.36629
-87.246,111,0.36629
-87.2,111,0.36629
-87.154,111,0.36629
-87.109,111,0.36628
-87.063,111,0.36628
-87.017,111,0.36628
-86.971,111,0.36628
-86.925,111,0.36627
-86.879,111,0.36627
-86.833,111,0.36627
-86.786,111,0.36627
-86.74,111,0.36626
-86.693,111,0.36626
-86.647,111,0.36626
-86.6,111,0.36626
-86.554,111,0.36625
-86.507,111,0.36625
-86.46,111,0.36625
-86.413,111,0.36625
-86.366,111,0.36624
-86.319,111,0.36624
-86.272,111,0.36624
-86.225,111,0.36623
-86.178,111,0.36623
-86.13,111,0.36623
-86.083,111,0.36623
-86.035,111,0.36622
-85.988,111,0.36622
-85.94,111,0.36622
-85.893,111,0.36621
-85.845,111,0.36621
-85.797,111,0.36621
-85.749,111,0.36621
-85.701,111,0.3662
-85.653,111,0.3662
-85.605,111,0.3662
-85.557,111,0.36619
-85.509,111,0.36619
-85.461,111,0.36619
-85.412,111,0.36618
-85.364,111,0.36618
-85.315,111,0.36618
-85.267,111,0.36617
-85.218,111,0.36617
-85.17,111,0.36617
-85.121,111,0.36616
-85.072,111,0.36616
-85.024,111,0.36616
-84.975,111,0.36615
-84.926,111,0.36615
-84.877,111,0.36614
-84.828,111,0.36614
-84.779,111,0.36614
-84.73,111,0.36613
-84.681,111,0.36613
-84.631,111,0.36613
-84.582,111,0.36612
-84.533,111,0.36612
-84.483,111,0.36611
-84.434,111,0.36611
-84.384,111,0.36611
-84.335,111,0.3661
-84.285,111,0.3661
-84.236,111,0.36609
-84.186,111,0.36609
-84.136,111,0.36609
-84.086,111,0.36608
-84.037,111,0.36608
-83.987,111,0.36607
-83.937,111,0.36607
-83.887,111,0.36606
-83.837,111,0.36606
-83.787,111,0.36605
-83.736,111,0.36605
-83.686,111,0.36605
-83.636,111,0.36604
-83.586,111,0.36604
-83.536,111,0.36603
-83.485,111,0.36603
-83.435,111,0.36602
-83.384,111,0.36602
-83.334,111,0.36601
-83.283,111,0.36601
-83.233,111,0.366
-83.182,111,0.366
-83.132,111,0.36599
-83.081,111,0.36599
-83.03,111,0.36598
-82.979,111,0.36598
-82.929,111,0.36597
-82.878,111,0.36597
-82.827,111,0.36596
-82.776,111,0.36596
-82.725,111,0.36595
-82.674,111,0.36594
-82.623,111,0.36594
-82.572,111,0.36593
-82.521,111,0.36593
-82.47,111,0.36592
-82.419,111,0.36592
-82.368,111,0.36591
-82.316,111,0.3659
-82.265,111,0.3659
-82.214,111,0.36589
-82.162,111,0.36589
-82.111,111,0.36588
-82.06,111,0.36587
-82.008,111,0.36587
-81.957,111,0.36586
-81.905,111,0.36586
-81.854,111,0.36585
-81.802,111,0.36584
-81.751,111,0.36584
-81.699,111,0.36583
-81.648,111,0.36582
-81.596,111,0.36582
-81.544,111,0.36581
-81.492,111,0.3658
-81.441,111,0.3658
-81.389,111,0.36579
-81.337,111,0.36578
-81.285,111,0.36577
-81.234,111,0.36577
-81.182,111,0.36576
-81.13,111,0.36575
-81.078,111,0.36574
-81.026,111,0.36574
-80.974,111,0.36573
-80.922,111,0.36572
-80.87,111,0.36571
-80.818,111,0.36571
-80.766,111,0.3657
-80.714,111,0.36569
-80.662,111,0.36568
-80.61,111,0.36568
-80.558,111,0.36567
-80.505,111,0.36566
-80.453,111,0.36565
-80.401,111,0.36564
-80.349,111,0.36563
-80.297,111,0.36563
-80.244,111,0.36562
-80.192,111,0.36561
-80.14,111,0.3656
-80.088,111,0.36559
-80.035,111,0.36558
-79.983,111,0.36557
-79.931,111,0.36556
-79.878,111,0.36556
-79.826,111,0.36555
-79.774,111,0.36554
-79.721,111,0.36553
-79.669,111,0.36552
-79.616,111,0.36551
-79.564,111,0.3655
-79.512,111,0.36549
-79.459,111,0.36548
-79.407,111,0.36547
-79.354,111,0.36546
-79.302,111,0.36545
-79.249,111,0.36544
-79.197,111,0.36543
-79.144,111,0.36542
-79.092,111,0.36541
-79.039,111,0.3654
-78.987,111,0.36539
-78.934,111,0.36538
-78.882,111,0.36537
-78.829,111,0.36536
-78.776,111,0.36535
-78.724,111,0.36533
-78.671,111,0.36532
-78.619,111,0.36531
-78.566,111,0.3653
-78.514,111,0.36529
-78.461,111,0.36528
-78.408,111,0.36527
-78.356,111,0.36526
-78.303,111,0.36524
-78.251,111,0.36523
-78.198,111,0.36522
-78.146,111,0.36521
-78.093,111,0.3652
-78.04,111,0.36518
-77.988,111,0.36517
-77.935,111,0.36516
-77.883,111,0.36515
-77.83,111,0.36513
-77.778,111,0.36512
-77.725,111,0.36511
-77.672,111,0.36509
-77.62,111,0.36508
-77.567,111,0.36507
-77.515,111,0.36505
-77.462,111,0.36504
-77.41,111,0.36503
-77.357,111,0.36501
-77.305,111,0.365
-77.252,111,0.36499
-77.2,111,0.36497
-77.147,111,0.36496
-77.095,111,0.36494
-77.042,111,0.36493
-76.99,111,0.36491
-76.937,111,0.3649
-76.885,111,0.36488
-76.832,111,0.36487
-76.78,111,0.36485
-76.727,111,0.36484
-76.675,111,0.36482
-76.623,111,0.36481
-76.57,111,0.36479
-76.518,111,0.36478
-76.466,111,0.36476
-76.413,111,0.36475
-76.361,111,0.36473
-76.309,111,0.36471
-76.256,111,0.3647
-76.204,111,0.36468
-76.152,111,0.36467
-76.1,111,0.36465
-76.048,111,0.36463
-75.995,111,0.36462
-75.943,111,0.3646
-75.891,111,0.36458
-75.839,111,0.36456
-75.787,111,0.36455
-75.735,111,0.36453
-75.683,111,0.36451
-75.631,111,0.36449
-75.579,111,0.36448
-75.527,111,0.36446
-75.475,111,0.36444
-75.423,111,0.36442
-75.371,111,0.3644
-75.319,111,0.36438
-75.267,111,0.36436
-75.216,111,0.36435
-75.164,111,0.36433
-75.112,111,0.36431
-75.061,111,0.36429
-75.009,111,0.36427
-74.957,111,0.36425
-74.906,111,0.36423
-74.854,111,0.36421
-74.803,111,0.36419
-74.751,111,0.36417
-74.7,111,0.36415
-74.648,111,0.36413
-74.597,111,0.36411
-74.546,111,0.36409
-74.494,111,0.36406
-74.443,111,0.36404
-74.392,111,0.36402
-74.341,111,0.364
-74.289,111,0.36398
-74.238,111,0.36396
-74.187,111,0.36394
-74.136,111,0.36391
-74.085,111,0.36389
-74.035,111,0.36387
-73.984,111,0.36385
-73.933,111,0.36382
-73.882,111,0.3638
-73.831,111,0.36378
-73.781,111,0.36375
-73.73,111,0.36373
-73.68,111,0.36371
-73.629,111,0.36368
-73.579,111,0.36366
-73.528,111,0.36364
-73.478,111,0.36361
-73.428,111,0.36359
-73.377,111,0.36356
-73.327,111,0.36354
-73.277,111,0.36351
-73.227,111,0.36349
-73.177,111,0.36346
-73.127,111,0.36344
-73.077,111,0.36341
-73.027,111,0.36339
-72.978,111,0.36336
-72.928,111,0.36334
-72.878,111,0.36331
-72.829,111,0.36328
-72.779,111,0.36326
-72.73,111,0.36323
-72.681,111,0.3632
-72.631,111,0.36318
-72.582,111,0.36315
-72.533,111,0.36312
-72.484,111,0.36309
-72.435,111,0.36307
-72.386,111,0.36304
-72.337,111,0.36301
-72.289,111,0.36298
-72.24,111,0.36295
-72.191,111,0.36293
-72.143,111,0.3629
-72.094,111,0.36287
-72.046,111,0.36284
-71.998,111,0.36281
-71.95,111,0.36278
-71.902,111,0.36275
-71.854,111,0.36272
-71.806,111,0.36269
-71.758,111,0.36266
-71.71,111,0.36263
-71.662,111,0.3626
-71.615,111,0.36257
-71.567,111,0.36254
-71.52,111,0.36251
-71.473,111,0.36248
-71.426,111,0.36245
-71.379,111,0.36242
-71.332,111,0.36239
-71.285,111,0.36235
-71.238,111,0.36232
-71.191,111,0.36229
-71.145,111,0.36226
-71.098,111,0.36223
-71.052,111,0.36219
-71.005,111,0.36216
-70.959,111,0.36213
-70.913,111,0.36209
-70.867,111,0.36206
-70.821,111,0.36203
-70.776,111,0.36199
-70.73,111,0.36196
-70.685,111,0.36193
-70.639,111,0.36189
-70.594,111,0.36186
-70.549,111,0.36183
-70.504,111,0.36179
-70.459,111,0.36176
-70.414,111,0.36172
-70.369,111,0.36169
-70.325,111,0.36165
-70.28,111,0.36162
-70.236,111,0.36158
-70.192,111,0.36155
-70.148,111,0.36151
-70.104,111,0.36147
-70.06,111,0.36144
-70.017,111,0.3614
-69.973,111,0.36137
-69.93,111,0.36133
-69.886,111,0.36129
-69.843,111,0.36126
-69.8,111,0.36122
-69.758,111,0.36118
-69.715,111,0.36115
-69.672,111,0.36111
-69.63,111,0.36107
-69.588,111,0.36103
-69.545,111,0.361
-69.503,111,0.36096
-69.462,111,0.36092
-69.42,111,0.36088
-69.378,111,0.36084
-69.337,111,0.36081
-69.296,111,0.36077
-69.255,111,0.36073
-69.214,111,0.36069
-69.173,111,0.36065
-69.132,111,0.36061
-69.092,111,0.36057
-69.051,111,0.36053
-69.011,111,0.36049
-68.971,111,0.36045
-68.931,111,0.36041
-68.892,111,0.36037
-68.852,111,0.36033
-68.813,111,0.36029
-68.774,111,0.36025
-68.735,111,0.36021
-68.696,111,0.36017
-68.657,111,0.36013
-68.618,111,0.36009
-68.58,111,0.36005
-68.542,111,0.36001
-68.504,111,0.35997
-68.466,111,0.35993
-68.428,111,0.35989
-68.391,111,0.35985
-68.354,111,0.35981
-68.316,111,0.35976
-68.28,111,0.35972
-68.243,111,0.35968
-68.206,111,0.35964
-68.17,111,0.3596
-68.133,111,0.35956
-68.097,111,0.35951
-68.062,111,0.35947
-68.026,111,0.35943
-67.99,111,0.35939
-67.955,111,0.35935
-67.92,111,0.3593
-67.885,111,0.35926
-67.85,111,0.35922
-67.816,111,0.35918
-67.781,111,0.35913
-67.747,111,0.35909
-67.713,111,0.35905
-67.679,111,0.35901
-67.646,111,0.35896
-67.612,111,0.35892
-67.579,111,0.35888
-67.546,111,0.35883
-67.513,111,0.35879
-67.481,111,0.35875
-67.448,111,0.35871
-67.416,111,0.35866
-67.384,111,0.35862
-67.352,111,0.35858
-67.32,111,0.35853
-67.289,111,0.35849
-67.258,111,0.35845
-67.227,111,0.3584
-67.196,111,0.35836
-67.165,111,0.35832
-67.135,111,0.35827
-67.104,111,0.35823
-67.074,111,0.35818
-67.045,111,0.35814
-67.015,111,0.3581
-66.986,111,0.35805
-66.956,111,0.35801
-66.927,111,0.35797
-66.899,111,0.35792
-66.87,111,0.35788
-66.842,111,0.35784
-66.814,111,0.35779
-66.786,111,0.35775
-66.758,111,0.35771
-66.73,111,0.35766
-66.703,111,0.35762
-66.676,111,0.35757
-66.649,111,0.35753
-66.622,111,0.35749
-66.596,111,0.35744
-66.569,111,0.3574
-66.543,111,0.35736
-66.517,111,0.35731
-66.492,111,0.35727
-66.466,111,0.35723
-66.441,111,0.35718
-66.416,111,0.35714
-66.391,111,0.3571
-66.367,111,0.35705
-66.342,111,0.35701
-66.318,111,0.35697
-66.294,111,0.35692
-66.27,111,0.35688
-66.247,111,0.35684
-66.223,111,0.35679
-66.2,111,0.35675
-66.177,111,0.35671
-66.155,111,0.35666
-66.132,111,0.35662
-66.11,111,0.35658
-66.088,111,0.35654
-66.066,111,0.35649
-66.044,111,0.35645
-66.023,111,0.35641
-66.002,111,0.35637
-65.981,111,0.35632
-65.96,111,0.35628
-65.939,111,0.35624
-65.919,111,0.3562
-65.899,111,0.35615
-65.879,111,0.35611
-65.859,111,0.35607
-65.839,111,0.35603
-65.82,111,0.35599
-65.801,111,0.35594
-65.782,111,0.3559
-65.763,111,0.35586
-65.744,111,0.35582
-65.726,111,0.35578
-65.708,111,0.35574
-65.69,111,0.3557
-65.672,111,0.35566
-65.655,111,0.35561
-65.637,111,0.35557
-65.62,111,0.35553
-65.603,111,0.35549
-65.586,111,0.35545
-65.57,111,0.35541
-65.554,111,0.35537
-65.537,111,0.35533
-65.522,111,0.35529
-65.506,111,0.35525
-65.49,111,0.35521
-65.475,111,0.35517
-65.46,111,0.35513
-65.445,111,0.35509
-65.43,111,0.35505
-65.415,111,0.35501
-65.401,111,0.35497
-65.387,111,0.35493
-65.373,111,0.3549
-65.359,111,0.35486
-65.345,111,0.35482
-65.332,111,0.35478
-65.319,111,0.35474
-65.306,111,0.3547
-65.293,111,0.35467
-65.28,111,0.35463
-65.268,111,0.35459
-65.255,111,0.35455
-65.243,111,0.35451
-65.231,111,0.35448
-65.22,111,0.35444
-65.208,111,0.3544
-65.197,111,0.35437
-65.185,111,0.35433
-65.174,111,0.35429
-65.164,111,0.35426
-65.153,111,0.35422
-65.142,111,0.35418
-65.132,111,0.35415
-65.122,111,0.35411
-65.112,111,0.35407
-65.102,111,0.35404
-65.092,111,0.354
-65.083,111,0.35397
-65.074,111,0.35393
-65.065,111,0.3539
-65.056,111,0.35386
-65.047,111,0.35383
-65.038,111,0.35379
-65.03,111,0.35376
-65.022,111,0.35373
-65.013,111,0.35369
-65.006,111,0.35366
-64.998,111,0.35362
-64.99,111,0.35359
-64.983,111,0.35356
-64.975,111,0.35352
-64.968,111,0.35349
-64.961,111,0.35346
-64.954,111,0.35342
-64.948,111,0.35339
-64.941,111,0.35336
-64.935,111,0.35333
-64.929,111,0.3533
-64.923,111,0.35326
-64.917,111,0.35323
-64.911,111,0.3532
-64.905,111,0.35317
-64.9,111,0.35314
-64.895,111,0.35311
-64.89,111,0.35307
-64.885,111,0.35304
-64.88,111,0.35301
-64.875,111,0.35298
-64.87,111,0.35295
-64.866,111,0.35292
-64.862,111,0.35289
-64.858,111,0.35286
-64.854,111,0.35283
-64.85,111,0.3528
-64.846,111,0.35277
-64.842,111,0.35275
-64.839,111,0.35272
-64.836,111,0.35269
-64.832,111,0.35266
-64.829,111,0.35263
-64.826,111,0.3526
-64.824,111,0.35257
-64.821,111,0.35255
-64.818,111,0.35252
-64.816,111,0.35249
-64.814,111,0.35246
-64.812,111,0.35244
-64.81,111,0.35241
-64.808,111,0.35238
-64.806,111,0.35236
-64.804,111,0.35233
-64.803,111,0.3523
-64.801,111,0.35228
-64.8,111,0.35225
-64.799,111,0.35222
-64.798,111,0.3522
-64.797,111,0.35217
-64.796,111,0.35215
-64.796,111,0.35212
-64.795,111,0.3521
-64.795,111,0.35207
-64.794,111,0.35205
-64.794,111,0.35202
-64.794,111,0.352
-64.794,111,0.35197
-64.794,111,0.35195
-64.794,111,0.35193
-64.795,111,0.3519
-64.795,111,0.35188
-64.796,111,0.35185
-64.796,111,0.35183
-64.797,111,0.35181
-64.798,111,0.35178
-64.799,111,0.35176
-64.8,111,0.35174
-64.801,111,0.35172
-64.802,111,0.35169
-64.804,111,0.35167
-64.805,111,0.35165
-64.807,111,0.35163
-64.809,111,0.35161
-64.81,111,0.35158
-64.812,111,0.35156
-64.814,111,0.35154
-64.816,111,0.35152
-64.818,111,0.3515
-64.821,111,0.35148
-64.823,111,0.35146
-64.825,111,0.35144
-64.828,111,0.35142
-64.831,111,0.3514
-64.833,111,0.35138
-64.836,111,0.35136
-64.839,111,0.35134
-64.842,111,0.35132
-64.845,111,0.3513
-64.848,111,0.35128
-64.851,111,0.35126
-64.855,111,0.35124
-64.858,111,0.35122
-64.861,111,0.3512
-64.865,111,0.35118
-64.869,111,0.35116
-64.872,111,0.35115
-64.876,111,0.35113
-64.88,111,0.35111
-64.884,111,0.35109
-64.888,111,0.35107
-64.892,111,0.35106
-64.896,111,0.35104
-64.9,111,0.35102
-64.905,111,0.351
-64.909,111,0.35099
-64.914,111,0.35097
-64.918,111,0.35095
-64.923,111,0.35094
-64.927,111,0.35092
-64.932,111,0.3509
-64.937,111,0.35089
-64.942,111,0.35087
-64.947,111,0.35085
-64.952,111,0.35084
-64.957,111,0.35082
-64.962,111,0.35081
-64.967,111,0.35079
-64.972,111,0.35078
-64.978,111,0.35076
-64.983,111,0.35075
-64.989,111,0.35073
-64.994,111,0.35072
-65,111,0.3507
-65.005,111,0.35069
-65.011,111,0.35067
-65.017,111,0.35066
-65.023,111,0.35064
-65.028,111,0.35063
-65.034,111,0.35061
-65.04,111,0.3506
-65.046,111,0.35059
-65.052,111,0.35057
-65.059,111,0.35056
-65.065,111,0.35054
-65.071,111,0.35053
-65.077,111,0.35052
-65.084,111,0.3505
-65.09,111,0.35049
-65.096,111,0.35048
-65.103,111,0.35047
-65.109,111,0.35045
-65.116,111,0.35044
-65.123,111,0.35043
-65.129,111,0.35041
-65.136,111,0.3504
-65.143,111,0.35039
-65.149,111,0.35038
-65.156,111,0.35037
-65.163,111,0.35035
-65.17,111,0.35034
-65.177,111,0.35033
-65.184,111,0.35032
-65.191,111,0.35031
-65.198,111,0.3503
-65.205,111,0.35028
-65.212,111,0.35027
-65.22,111,0.35026
-65.227,111,0.35025
-65.234,111,0.35024
-65.241,111,0.35023
-65.249,111,0.35022
-65.256,111,0.35021
-65.264,111,0.3502
-65.271,111,0.35019
-65.278,111,0.35018
-65.286,111,0.35016
-65.293,111,0.35015
-65.301,111,0.35014
-65.309,111,0.35013
-65.316,111,0.35012
-65.324,111,0.35011
-65.331,111,0.3501
-65.339,111,0.3501
-65.347,111,0.35009
-65.355,111,0.35008
-65.362,111,0.35007
-65.37,111,0.35006
-65.378,111,0.35005
-65.386,111,0.35004
-65.394,111,0.35003
-65.402,111,0.35002
-65.409,111,0.35001
-65.417,111,0.35
-65.425,111,0.34999
-65.433,111,0.34998
-65.441,111,0.34998
-65.449,111,0.34997
-65.457,111,0.34996
-65.465,111,0.34995
-65.473,111,0.34994
-65.481,111,0.34993
-65.489,111,0.34993
-65.497,111,0.34992
-65.506,111,0.34991
-65.514,111,0.3499
-65.522,111,0.34989
-65.53,111,0.34989
-65.538,111,0.34988
-65.546,111,0.34987
-65.554,111,0.34986
-65.563,111,0.34986
-65.571,111,0.34985
-65.579,111,0.34984
-65.587,111,0.34983
-65.595,111,0.34983
-65.603,111,0.34982
-65.612,111,0.34981
-65.62,111,0.3498
-65.628,111,0.3498
-65.636,111,0.34979
-65.645,111,0.34978
-65.653,111,0.34978
-65.661,111,0.34977
-65.669,111,0.34976
-65.678,111,0.34976
-65.686,111,0.34975
-65.694,111,0.34974
-65.702,111,0.34974
-65.71,111,0.34973
-65.719,111,0.34972
-65.727,111,0.34972
-65.735,111,0.34971
-65.743,111,0.3497
-65.752,111,0.3497
-65.76,111,0.34969
-65.768,111,0.34969
-65.776,111,0.34968
-65.784,111,0.34967
-65.793,111,0.34967
-65.801,111,0.34966
-65.809,111,0.34966
-65.817,111,0.34965
-65.825,111,0.34965
-65.833,111,0.34964
-65.842,111,0.34963
-65.85,111,0.34963
-65.858,111,0.34962
-65.866,111,0.34962
-65.874,111,0.34961
-65.882,111,0.34961
-65.89,111,0.3496
-65.898,111,0.3496
-65.906,111,0.34959
-65.914,111,0.34959
-65.922,111,0.34958
-65.93,111,0.34958
-65.938,111,0.34957
-65.946,111,0.34957
-65.954,111,0.34956
-65.962,111,0.34956
-65.97,111,0.34955
-65.978,111,0.34955
-65.986,111,0.34954
-65.994,111,0.34954
-66.001,111,0.34953
-66.009,111,0.34953
-66.017,111,0.34953
-66.025,111,0.34952
-66.032,111,0.34952
-66.04,111,0.34951
-66.048,111,0.34951
-66.056,111,0.3495
-66.063,111,0.3495
-66.071,111,0.3495
-66.078,111,0.34949
-66.086,111,0.34949
-66.093,111,0.34948
-66.101,111,0.34948
-66.108,111,0.34947
-66.116,111,0.34947
-66.123,111,0.34947
-66.131,111,0.34946
-66.138,111,0.34946
-66.145,111,0.34946
-66.153,111,0.34945
-66.16,111,0.34945
-66.167,111,0.34944
-66.174,111,0.34944
-66.182,111,0.34944
-66.189,111,0.34943
-66.196,111,0.34943
-66.203,111,0.34943
-66.21,111,0.34942
-66.217,111,0.34942
-66.224,111,0.34942
-66.231,111,0.34941
-66.238,111,0.34941
-66.245,111,0.34941
-66.251,111,0.3494
-66.258,111,0.3494
-66.265,111,0.3494
-66.272,111,0.34939
-66.278,111,0.34939
-66.285,111,0.34939
-66.292,111,0.34938
-66.298,111,0.34938
-66.305,111,0.34938
-66.311,111,0.34937
-66.318,111,0.34937
-66.324,111,0.34937
-66.33,111,0.34936
-66.337,111,0.34936
-66.343,111,0.34936
-66.349,111,0.34936
-66.355,111,0.34935
-66.361,111,0.34935
-66.367,111,0.34935
-66.373,111,0.34934
-66.379,111,0.34934
-66.385,111,0.34934
-66.391,111,0.34934
-66.397,111,0.34933
-66.403,111,0.34933
-66.409,111,0.34933
-66.414,111,0.34933
-66.42,111,0.34932
-66.426,111,0.34932
-66.431,111,0.34932
-66.437,111,0.34932
-66.442,111,0.34931
-66.448,111,0.34931
-66.453,111,0.34931
-66.458,111,0.34931
-66.464,111,0.3493
-66.469,111,0.3493
-66.474,111,0.3493
-66.479,111,0.3493
-66.484,111,0.34929
-66.489,111,0.34929
-66.494,111,0.34929
-66.499,111,0.34929
-66.504,111,0.34929
-66.508,111,0.34928
-66.513,111,0.34928
-66.518,111,0.34928
-66.522,111,0.34928
-66.527,111,0.34928
-66.532,111,0.34927
-66.536,111,0.34927
-66.54,111,0.34927
-66.545,111,0.34927
-66.549,111,0.34927
-66.553,111,0.34926
-66.557,111,0.34926
-66.561,111,0.34926
-66.565,111,0.34926
-66.569,111,0.34926
-66.573,111,0.34925
-66.577,111,0.34925
-66.581,111,0.34925
-66.585,111,0.34925
-66.588,111,0.34925
-66.592,111,0.34924
-66.595,111,0.34924
-66.599,111,0.34924
-66.602,111,0.34924
-66.606,111,0.34924
-66.609,111,0.34924
-66.612,111,0.34923
-66.615,111,0.34923
-66.618,111,0.34923
-66.621,111,0.34923
-66.624,111,0.34923
-66.627,111,0.34923
-66.63,111,0.34922
-66.633,111,0.34922
-66.636,111,0.34922
-66.638,111,0.34922
-66.641,111,0.34922
-66.643,111,0.34922
-66.646,111,0.34922
-66.648,111,0.34921
-66.651,111,0.34921
-66.653,111,0.34921
-66.655,111,0.34921
-66.657,111,0.34921
-66.659,111,0.34921
-66.661,111,0.34921
-66.663,111,0.3492
-66.665,111,0.3492
-66.667,111,0.3492
-66.668,111,0.3492
-66.67,111,0.3492
-66.671,111,0.3492
-66.673,111,0.3492
-66.674,111,0.34919
-66.676,111,0.34919
-66.677,111,0.34919
-66.678,111,0.34919
-66.679,111,0.34919
-66.68,111,0.34919
-66.681,111,0.34919
-66.682,111,0.34919
-66.683,111,0.34919
-66.684,111,0.34918
-66.684,111,0.34918
-66.685,111,0.34918
-66.686,111,0.34918
-66.686,111,0.34918
-66.686,111,0.34918
-66.687,111,0.34918
-66.687,111,0.34918
-66.687,111,0.34917
-66.687,111,0.34917
-66.687,111,0.34917
-66.687,111,0.34917
-66.687,111,0.34917
-66.687,111,0.34917
-66.687,111,0.34917
-66.686,111,0.34917
-66.686,111,0.34917
-66.685,111,0.34917
-66.685,111,0.34916
-66.684,111,0.34916
-66.683,111,0.34916
-66.682,111,0.34916
-66.682,111,0.34916
-66.681,111,0.34916
-66.68,111,0.34916
-66.678,111,0.34916
-66.677,111,0.34916
-66.676,111,0.34916
-66.675,111,0.34916
-66.673,111,0.34915
-66.672,111,0.34915
-66.67,111,0.34915
-66.668,111,0.34915
-66.667,111,0.34915
-66.665,111,0.34915
-66.663,111,0.34915
-66.661,111,0.34915
-66.659,111,0.34915
-66.657,111,0.34915
-66.654,111,0.34915
-66.652,111,0.34915
-66.65,111,0.34914
-66.647,111,0.34914
-66.645,111,0.34914
-66.642,111,0.34914
-66.639,111,0.34914
-66.637,111,0.34914
-66.634,111,0.34914
-66.631,111,0.34914
-66.628,111,0.34914
-66.625,111,0.34914
-66.621,111,0.34914
-66.618,111,0.34914
-66.615,111,0.34914
-66.611,111,0.34913
-66.608,111,0.34913
-66.604,111,0.34913
-66.601,111,0.34913
-66.597,111,0.34913
-66.593,111,0.34913
-66.589,111,0.34913
-66.585,111,0.34913
-66.581,111,0.34913
-66.577,111,0.34913
-66.573,111,0.34913
-66.568,111,0.34913
-66.564,111,0.34913
-66.559,111,0.34913
-66.555,111,0.34913
-66.55,111,0.34913
-66.545,111,0.34912
-66.54,111,0.34912
-66.536,111,0.34912
-66.531,111,0.34912
-66.526,111,0.34912
-66.52,111,0.34912
-66.515,111,0.34912
-66.51,111,0.34912
-66.504,111,0.34912
-66.499,111,0.34912
-66.493,111,0.34912
-66.488,111,0.34912
-66.482,111,0.34912
-66.476,111,0.34912
-66.47,111,0.34912
-66.464,111,0.34912
-66.458,111,0.34912
-66.452,111,0.34912
-66.446,111,0.34911
-66.439,111,0.34911
-66.433,111,0.34911
-66.427,111,0.34911
-66.42,111,0.34911
-66.413,111,0.34911
-66.407,111,0.34911
-66.4,111,0.34911
-66.393,111,0.34911
-66.386,111,0.34911
-66.379,111,0.34911
-66.372,111,0.34911
-66.365,111,0.34911
-66.357,111,0.34911
-66.35,111,0.34911
-66.342,111,0.34911
-66.335,111,0.34911
-66.327,111,0.34911
-66.319,111,0.34911
-66.312,111,0.34911
-66.304,111,0.34911
-66.296,111,0.34911
-66.288,111,0.34911
-66.28,111,0.3491
-66.271,111,0.3491
-66.263,111,0.3491
-66.255,111,0.3491
-66.246,111,0.3491
-66.238,111,0.3491
-66.229,111,0.3491
-66.22,111,0.3491
-66.211,111,0.3491
-66.203,111,0.3491
-66.194,111,0.3491
-66.185,111,0.3491
-66.175,111,0.3491
-66.166,111,0.3491
-66.157,111,0.3491
-66.147,111,0.3491
-66.138,111,0.3491
-66.128,111,0.3491
-66.119,111,0.3491
-66.109,111,0.3491
-66.099,111,0.3491
-66.089,111,0.3491
-66.08,111,0.3491
-66.07,111,0.3491
-66.059,111,0.3491
-66.049,111,0.3491
-66.039,111,0.3491
-66.029,111,0.3491
-66.018,111,0.3491
-66.008,111,0.3491
-65.997,111,0.34909
-65.986,111,0.34909
-65.976,111,0.34909
-65.965,111,0.34909
-65.954,111,0.34909
-65.943,111,0.34909
-65.932,111,0.34909
-65.921,111,0.34909
-65.909,111,0.34909
-65.898,111,0.34909
-65.887,111,0.34909
-65.875,111,0.34909
-65.863,111,0.34909
-65.852,111,0.34909
-65.84,111,0.34909
-65.828,111,0.34909
-65.816,111,0.34909
-65.804,111,0.34909
-65.792,111,0.34909
-65.78,111,0.34909
-65.768,111,0.34909
-65.756,111,0.34909
-65.743,111,0.34909
-65.731,111,0.34909
-65.718,111,0.34909
-65.706,111,0.34909
-65.693,111,0.34909
-65.68,111,0.34909
-65.668,111,0.34909
-65.655,111,0.34909
-65.642,111,0.34909
-65.629,111,0.34909
-65.615,111,0.34909
-65.602,111,0.34909
-65.589,111,0.34909
-65.576,111,0.34909
-65.562,111,0.34909
-65.549,111,0.34909
-65.535,111,0.34909
-65.521,111,0.34909
-65.508,111,0.34909
-65.494,111,0.34909
-65.48,111,0.34908
-65.466,111,0.34908
-65.452,111,0.34908
-65.438,111,0.34908
-65.423,111,0.34908
-65.409,111,0.34908
-65.395,111,0.34908
-65.38,111,0.34908
-65.366,111,0.34908
-65.351,111,0.34908
-65.337,111,0.34908
-65.322,111,0.34908
-65.307,111,0.34908
-65.292,111,0.34908
-65.277,111,0.34908
-65.262,111,0.34908
-65.247,111,0.34908
-65.232,111,0.34908
-65.217,111,0.34908
-65.201,111,0.34908
-65.186,111,0.34908
-65.171,111,0.34908
-65.155,111,0.34908
-65.139,111,0.34908
-65.124,111,0.34908
-65.108,111,0.34908
-65.092,111,0.34908
-65.076,111,0.34908
-65.06,111,0.34908
-65.044,111,0.34908
-65.028,111,0.34908
-65.012,111,0.34908
-64.996,111,0.34908
-64.979,111,0.34908
-64.963,111,0.34908
-64.947,111,0.34908
-64.93,111,0.34908
-64.913,111,0.34908
-64.897,111,0.34908
-64.88,111,0.34908
-64.863,111,0.34908
-64.846,111,0.34908
-64.83,111,0.34908
-64.812,111,0.34908
-64.795,111,0.34908
-64.778,111,0.34908
-64.761,111,0.34908
-64.744,111,0.34908
-64.726,111,0.34908
-64.709,111,0.34908
-64.692,111,0.34908
-64.674,111,0.34908
-64.656,111,0.34908
-64.639,111,0.34908
-64.621,111,0.34908
-64.603,111,0.34908
-64.585,111,0.34908
-64.567,111,0.34908
-64.549,111,0.34908
-64.531,111,0.34908
-64.513,111,0.34908
-64.495,111,0.34908
-64.477,111,0.34908
-64.459,111,0.34908
-64.44,111,0.34908
-64.422,111,0.34908
-64.403,111,0.34908
-64.385,111,0.34908
-64.366,111,0.34908
-64.347,111,0.34908
-64.329,111,0.34908
-64.31,111,0.34908
-64.291,111,0.34908
-64.272,111,0.34908
-64.253,111,0.34907
-64.234,111,0.34907
-64.215,111,0.34907
-64.196,111,0.34907
-64.176,111,0.34907
-64.157,111,0.34907
-64.138,111,0.34907
-64.118,111,0.34907
-64.099,111,0.34907
-64.079,111,0.34907
-64.06,111,0.34907
-64.04,111,0.34907
-64.02,111,0.34907
-64.001,111,0.34907
-63.981,111,0.34907
-63.961,111,0.34907
-63.941,111,0.34907
-63.921,111,0.34907
-63.901,111,0.34907
-63.881,111,0.34907
-63.861,111,0.34907
-63.841,111,0.34907
-63.82,111,0.34907
-63.8,111,0.34907
-63.78,111,0.34907
-63.759,111,0.34907
-63.739,111,0.34907
-63.718,111,0.34907
-63.698,111,0.34907
-63.677,111,0.34907
-63.656,111,0.34907
-63.635,111,0.34907
-63.615,111,0.34907
-63.594,111,0.34907
-63.573,111,0.34907
-63.552,111,0.34907
-63.531,111,0.34907
-63.51,111,0.34907
-63.489,111,0.34907
-63.468,111,0.34907
-63.446,111,0.34907
-63.425,111,0.34907
-63.404,111,0.34907
-63.382,111,0.34907
-63.361,111,0.34907
-63.339,111,0.34907
-63.318,111,0.34907
-63.296,111,0.34907
-63.275,111,0.34907
-63.253,111,0.34907
-63.231,111,0.34907
-63.21,111,0.34907
-63.188,111,0.34907
-63.166,111,0.34907
-63.144,111,0.34907
-63.122,111,0.34907
-63.1,111,0.34907
-63.078,111,0.34907
-63.056,111,0.34907
-63.034,111,0.34907
-63.012,111,0.34907
-62.99,111,0.34907
-62.967,111,0.34907
-62.945,111,0.34907
-62.923,111,0.34907
-62.9,111,0.34907
-62.878,111,0.34907
-62.856,111,0.34907
-62.833,111,0.34907
-62.81,111,0.34907
-62.788,111,0.34907
-62.765,111,0.34907
-62.743,111,0.34907
-62.72,111,0.34907
-62.697,111,0.34907
-62.674,111,0.34907
-62.651,111,0.34907
-62.629,111,0.34907
-62.606,111,0.34907
-62.583,111,0.34907
-62.56,111,0.34907
-62.537,111,0.34907
-62.514,111,0.34907
-62.49,111,0.34907
-62.467,111,0.34907
-62.444,111,0.34907
-62.421,111,0.34907
-62.398,111,0.34907
-62.374,111,0.34907
-62.351,111,0.34907
-62.328,111,0.34907
-62.304,111,0.34907
-62.281,111,0.34907
-62.257,111,0.34907
-62.234,111,0.34907
-62.21,111,0.34907
-62.187,111,0.34907
-62.163,111,0.34907
-62.139,111,0.34907
-62.116,111,0.34907
-62.092,111,0.34907
-62.068,111,0.34907
-62.044,111,0.34907
-62.02,111,0.34907
-61.997,111,0.34907
-61.973,111,0.34907
-61.949,111,0.34907
-61.925,111,0.34907
-61.901,111,0.34907
-61.877,111,0.34907
-61.853,111,0.34907
-61.829,111,0.34907
-61.805,111,0.34907
-61.781,111,0.34907
-61.756,111,0.34907
-61.732,111,0.34907
-61.708,111,0.34907
-61.684,111,0.34907
-61.659,111,0.34907
-61.635,111,0.34907
-61.611,111,0.34907
-61.586,111,0.34907
-61.562,111,0.34907
-61.538,111,0.34907
-61.513,111,0.34907
-61.489,111,0.34907
-61.464,111,0.34907
-61.44,111,0.34907
-61.415,111,0.34907
-61.391,111,0.34907
-61.366,111,0.34907
-61.341,111,0.34907
-61.317,111,0.34907
-61.292,111,0.34907
-61.267,111,0.34907
-61.243,111,0.34907
-61.218,111,0.34907
-61.193,111,0.34907
-61.168,111,0.34907
-61.144,111,0.34907
-61.119,111,0.34907
-61.094,111,0.34907
-61.069,111,0.34907
-61.044,111,0.34907
-61.019,111,0.34907
-60.994,111,0.34907
-60.969,111,0.34907
-60.944,111,0.34907
-60.919,111,0.34907
-60.894,111,0.34907
-60.869,111,0.34907
-60.844,111,0.34907
-60.819,111,0.34907
-60.794,111,0.34907
-60.769,111,0.34907
-60.744,111,0.34907
-60.719,111,0.34907
-60.694,111,0.34907
-60.668,111,0.34907
-60.643,111,0.34907
-60.618,111,0.34907
-60.593,111,0.34907
-60.568,111,0.34907
-60.542,111,0.34907
-60.517,111,0.34907
-60.492,111,0.34907
-60.466,111,0.34907
-60.441,111,0.34907
-60.416,111,0.34907
-60.39,111,0.34907
-60.365,111,0.34907
-60.34,111,0.34907
-60.314,111,0.34907
-60.289,111,0.34907
-60.264,111,0.34907
-60.238,111,0.34907
-60.213,111,0.34907
-60.187,111,0.34907
-60.162,111,0.34907
-60.136,111,0.34907
-60.111,111,0.34907
-60.085,111,0.34907
-60.06,111,0.34907
-60.034,111,0.34907
-60.009,111,0.34907
-59.983,111,0.34907
-59.958,111,0.34907
-59.932,111,0.34907
-59.907,111,0.34907
-59.881,111,0.34907
-59.855,111,0.34907
-59.83,111,0.34907
-59.804,111,0.34907
-59.779,111,0.34907
-59.753,111,0.34907
-59.727,111,0.34907
-59.702,111,0.34907
-59.676,111,0.34907
-59.65,111,0.34907
-59.625,111,0.34907
-59.599,111,0.34907
-59.574,111,0.34907
-59.548,111,0.34907
-59.522,111,0.34907
-59.497,111,0.34907
-59.471,111,0.34907
-59.445,111,0.34907
-59.419,111,0.34907
-59.394,111,0.34907
-59.368,111,0.34907
-59.342,111,0.34907
-59.317,111,0.34907
-59.291,111,0.34907
-59.265,111,0.34907
-59.24,111,0.34907
-59.214,111,0.34907
-59.188,111,0.34907
-59.162,111,0.34907
-59.137,111,0.34907
-59.111,111,0.34907
-59.085,111,0.34907
-59.059,111,0.34907
-59.034,111,0.34907
-59.008,111,0.34907
-58.982,111,0.34907
-58.957,111,0.34907
-58.931,111,0.34907
-58.905,111,0.34907
-58.879,111,0.34907
-58.854,111,0.34907
-58.828,111,0.34907
-58.802,111,0.34907
-58.777,111,0.34907
-58.751,111,0.34907
-58.725,111,0.34907
-58.699,111,0.34907
-58.674,111,0.34907
-58.648,111,0.34907
-58.622,111,0.34907
-58.597,111,0.34907
-58.571,111,0.34907
-58.545,111,0.34907
-58.519,111,0.34907
-58.494,111,0.34907
-58.468,111,0.34907
-58.442,111,0.34907
-58.417,111,0.34907
-58.391,111,0.34907
-58.365,111,0.34907
-58.34,111,0.34907
-58.314,111,0.34907
-58.288,111,0.34907
-58.263,111,0.34907
-58.237,111,0.34907
-58.212,111,0.34907
-58.186,111,0.34907
-58.16,111,0.34907
-58.135,111,0.34907
-58.109,111,0.34907
-58.083,111,0.34907
-58.058,111,0.34907
-58.032,111,0.34907
-58.007,111,0.34907
-57.981,111,0.34907
-57.956,111,0.34907
-57.93,111,0.34907
-57.904,111,0.34907
-57.879,111,0.34907
-57.853,111,0.34907
-57.828,111,0.34907
-57.802,111,0.34907
-57.777,111,0.34907
-57.751,111,0.34907
-57.726,111,0.34907
-57.701,111,0.34907
-57.675,111,0.34907
-57.65,111,0.34907
-57.624,111,0.34907
-57.599,111,0.34907
-57.573,111,0.34907
-57.548,111,0.34907
-57.523,111,0.34907
-57.497,111,0.34907
-57.472,111,0.34907
-57.446,111,0.34907
-57.421,111,0.34907
-57.396,111,0.34907
-57.371,111,0.34907
-57.345,111,0.34907
-57.32,111,0.34907
-57.295,111,0.34907
-57.269,111,0.34907
-57.244,111,0.34907
-57.219,111,0.34907
-57.194,111,0.34907
-57.168,111,0.34907
-57.143,111,0.34907
-57.118,111,0.34907
-57.093,111,0.34907
-57.068,111,0.34907
-57.043,111,0.34907
-57.018,111,0.34907
-56.992,111,0.34907
-56.967,111,0.34907
-56.942,111,0.34907
-56.917,111,0.34907
-56.892,111,0.34907
-56.867,111,0.34907
-56.842,111,0.34907
-56.817,111,0.34907
-56.792,111,0.34907
-56.767,111,0.34907
-56.742,111,0.34907
-56.717,111,0.34907
-56.692,111,0.34907
-56.668,111,0.34907
-56.643,111,0.34907
-56.618,111,0.34907
-56.593,111,0.34907
-56.568,111,0.34907
-56.543,111,0.34907
-56.519,111,0.34907
-56.494,111,0.34907
-56.469,111,0.34907
-56.444,111,0.34907
-56.42,111,0.34907
-56.395,111,0.34907
-56.37,111,0.34907
-56.346,111,0.34907
-56.321,111,0.34907
-56.296,111,0.34907
-56.272,111,0.34907
-56.247,111,0.34907
-56.223,111,0.34907
-56.198,111,0.34907
-56.174,111,0.34907
-56.149,111,0.34907
-56.125,111,0.34907
-56.1,111,0.34907
-56.076,111,0.34907
-56.051,111,0.34907
-56.027,111,0.34907
-56.003,111,0.34907
-55.978,111,0.34907
-55.954,111,0.34907
-55.93,111,0.34907
-55.905,111,0.34907
-55.881,111,0.34907
-55.857,111,0.34907
-55.832,111,0.34907
-55.808,111,0.34907
-55.784,111,0.34907
-55.76,111,0.34907
-55.736,111,0.34907
-55.712,111,0.34907
-55.688,111,0.34907
-55.664,111,0.34907
-55.639,111,0.34907
-55.615,111,0.34907
-55.591,111,0.34907
-55.567,111,0.34907
-55.544,111,0.34907
-55.52,111,0.34907
-55.496,111,0.34907
-55.472,111,0.34907
-55.448,111,0.34907
-55.424,111,0.34907
-55.4,111,0.34907
-55.376,111,0.34907
-55.353,111,0.34907
-55.329,111,0.34907
-55.305,111,0.34907
-55.282,111,0.34907
-55.258,111,0.34907
-55.234,111,0.34907
-55.211,111,0.34907
-55.187,111,0.34907
-55.163,111,0.34907
-55.14,111,0.34907
-55.116,111,0.34907
-55.093,111,0.34907
-55.069,111,0.34907
-55.046,111,0.34907
-55.023,111,0.34907
-54.999,111,0.34907
-54.976,111,0.34907
-54.952,111,0.34907
-54.929,111,0.34907
-54.906,111,0.34907
-54.882,111,0.34907
-54.859,111,0.34907
-54.836,111,0.34907
-54.813,111,0.34907
-54.79,111,0.34907
-54.767,111,0.34907
-54.743,111,0.34907
-54.72,111,0.34907
-54.697,111,0.34907
-54.674,111,0.34907
-54.651,111,0.34907
-54.628,111,0.34907
-54.605,111,0.34907
-54.582,111,0.34907
-54.559,111,0.34907
-54.537,111,0.34907
-54.514,111,0.34907
-54.491,111,0.34907
-54.468,111,0.34907
-54.445,111,0.34907
-54.423,111,0.34907
-54.4,111,0.34907
-54.377,111,0.34907
-54.354,111,0.34907
-54.332,111,0.34907
-54.309,111,0.34907
-54.287,111,0.34907
-54.264,111,0.34907
-54.242,111,0.34907
-54.219,111,0.34907
-54.197,111,0.34907
-54.174,111,0.34907
-54.152,111,0.34907
-54.129,111,0.34907
-54.107,111,0.34907
-54.085,111,0.34907
-54.062,111,0.34907
-54.04,111,0.34907
-54.018,111,0.34907
-53.996,111,0.34907
-53.973,111,0.34907
-53.951,111,0.34907
-53.929,111,0.34907
-53.907,111,0.34907
-53.885,111,0.34907
-53.863,111,0.34907
-53.841,111,0.34907
-53.819,111,0.34907
-53.797,111,0.34907
-53.775,111,0.34907
-53.753,111,0.34907
-53.731,111,0.34907
-53.709,111,0.34907
-53.687,111,0.34907
-53.666,111,0.34907
-53.644,111,0.34907
-53.622,111,0.34907
-53.6,111,0.34907
-53.579,111,0.34907
-53.557,111,0.34907
-53.535,111,0.34907
-53.514,111,0.34907
-53.492,111,0.34907
-53.471,111,0.34907
-53.449,111,0.34907
-53.428,111,0.34907
-53.406,111,0.34907
-53.385,111,0.34907
-53.363,111,0.34907
-53.342,111,0.34907
-53.321,111,0.34907
-53.299,111,0.34907
-53.278,111,0.34907
-53.257,111,0.34907
-53.235,111,0.34907
-53.214,111,0.34907
-53.193,111,0.34907
-53.172,111,0.34907
-53.151,111,0.34907
-53.13,111,0.34907
-53.109,111,0.34907
-53.088,111,0.34907
-53.067,111,0.34907
-53.046,111,0.34907
-53.025,111,0.34907
-53.004,111,0.34907
-52.983,111,0.34907
-52.962,111,0.34907
-52.941,111,0.34907
-52.921,111,0.34907
-52.9,111,0.34907
-52.879,111,0.34907
-52.858,111,0.34907
-52.838,111,0.34907
-52.817,111,0.34907
-52.796,111,0.34907
-52.776,111,0.34907
-52.755,111,0.34907
-52.735,111,0.34907
-52.714,111,0.34907
-52.694,111,0.34907
-52.673,111,0.34907
-52.653,111,0.34907
-52.633,111,0.34907
-52.612,111,0.34907
-52.592,111,0.34907
-52.572,111,0.34907
-52.551,111,0.34907
-52.531,111,0.34907
-52.511,111,0.34907
-52.491,111,0.34907
-52.47,111,0.34907
-52.45,111,0.34907
-52.43,111,0.34907
-52.41,111,0.34907
-52.39,111,0.34907
-52.37,111,0.34907
-52.35,111,0.34907
-52.33,111,0.34907
-52.31,111,0.34907
-52.29,111,0.34907
-52.271,111,0.34907
-52.251,111,0.34907
-52.231,111,0.34907
-52.211,111,0.34907
-52.191,111,0.34907
-52.172,111,0.34907
-52.152,111,0.34907
-52.132,111,0.34907
-52.113,111,0.34907
-52.093,111,0.34907
-52.073,111,0.34907
-52.054,111,0.34907
-52.034,111,0.34907
-52.015,111,0.34907
-51.995,111,0.34907
-51.976,111,0.34907
-51.957,111,0.34907
-51.937,111,0.34907
-51.918,111,0.34907
-51.899,111,0.34907
-51.879,111,0.34907
-51.86,111,0.34907
-51.841,111,0.34907
-51.822,111,0.34907
-51.802,111,0.34907
-51.783,111,0.34907
-51.764,111,0.34907
-51.745,111,0.34907
-51.726,111,0.34907
-51.707,111,0.34907
-51.688,111,0.34907
-51.669,111,0.34907
-51.65,111,0.34907
-51.631,111,0.34907
-51.612,111,0.34907
-51.593,111,0.34907
-51.575,111,0.34907
-51.556,111,0.34907
-51.537,111,0.34907
-51.518,111,0.34907
-51.499,111,0.34907
-51.481,111,0.34907
-51.462,111,0.34907
-51.443,111,0.34907
-51.425,111,0.34907
-51.406,111,0.34907
-51.388,111,0.34907
-51.369,111,0.34907
-51.351,111,0.34907
-51.332,111,0.34907
-51.314,111,0.34907
-51.295,111,0.34907
-51.277,111,0.34907
-51.259,111,0.34907
-51.24,111,0.34907
-51.222,111,0.34907
-51.204,111,0.34907
-51.185,111,0.34907
-51.167,111,0.34907
-51.149,111,0.34907
-51.131,111,0.34907
-51.113,111,0.34907
-51.094,111,0.34907
-51.076,111,0.34907
-51.058,111,0.34907
-51.04,111,0.34907
-51.022,111,0.34907
-51.004,111,0.34907
-50.986,111,0.34907
-50.968,111,0.34907
-50.95,111,0.34907
-50.932,111,0.34907
-50.915,111,0.34907
-50.897,111,0.34907
-50.879,111,0.34907
-50.861,111,0.34907
-50.843,111,0.34907
-50.826,111,0.34907
-50.808,111,0.34907
-50.79,111,0.34907
-50.773,111,0.34907
-50.755,111,0.34907
-50.738,111,0.34907
-50.72,111,0.34907
-50.702,111,0.34907
-50.685,111,0.34907
-50.667,111,0.34907
-50.65,111,0.34907
-50.632,111,0.34907
-50.615,111,0.34907
-50.598,111,0.34907
-50.58,111,0.34907
-50.563,111,0.34907
-50.546,111,0.34907
-50.528,111,0.34907
-50.511,111,0.34907
-50.494,111,0.34907
-50.477,111,0.34907
-50.459,111,0.34907
-50.442,111,0.34907
-50.425,111,0.34907
-50.408,111,0.34907
-50.391,111,0.34907
-50.374,111,0.34907
-50.357,111,0.34907
-50.34,111,0.34907
-50.323,111,0.34907
-50.306,111,0.34907
-50.289,111,0.34907
-50.272,111,0.34907
-50.255,111,0.34907
-50.238,111,0.34907
-50.221,111,0.34907
-50.205,111,0.34907
-50.188,111,0.34907
-50.171,111,0.34907
-50.154,111,0.34907
-50.138,111,0.34907
-50.121,111,0.34907
-50.104,111,0.34907
-50.088,111,0.34907
-50.071,111,0.34907
-50.054,111,0.34907
-50.038,111,0.34907
-50.021,111,0.34907
-50.005,111,0.34907
-49.988,111,0.34907
-49.972,111,0.34907
-49.955,111,0.34907
-49.939,111,0.34907
-49.922,111,0.34907
-49.906,111,0.34907
-49.89,111,0.34907
-49.873,111,0.34907
-49.857,111,0.34907
-49.841,111,0.34907
-49.824,111,0.34907
-49.808,111,0.34907
-49.792,111,0.34907
-49.776,111,0.34907
-49.76,111,0.34907
-49.743,111,0.34907
-49.727,111,0.34907
-49.711,111,0.34907
-49.695,111,0.34907
-49.679,111,0.34907
-49.663,111,0.34907
-49.647,111,0.34907
-49.631,111,0.34907
-49.615,111,0.34907
-49.599,111,0.34907
-49.583,111,0.34907
-49.567,111,0.34907
-49.551,111,0.34907
-49.535,111,0.34907
-49.519,111,0.34907
-49.504,111,0.34907
-49.488,111,0.34907
-49.472,111,0.34907
-49.456,111,0.34907
-49.441,111,0.34907
-49.425,111,0.34907
-49.409,111,0.34907
-49.393,111,0.34907
-49.378,111,0.34907
-49.362,111,0.34907
-49.346,111,0.34907
-49.331,111,0.34907
-49.315,111,0.34907
-49.3,111,0.34907
-49.284,111,0.34907
-49.269,111,0.34907
-49.253,111,0.34907
-49.238,111,0.34907
-49.222,111,0.34907
-49.207,111,0.34907
-49.191,111,0.34907
-49.176,111,0.34907
-49.161,111,0.34907
-49.145,111,0.34907
-49.13,111,0.34907
-49.115,111,0.34907
-49.099,111,0.34907
-49.084,111,0.34907
-49.069,111,0.34907
-49.054,111,0.34907
-49.038,111,0.34907
-49.023,111,0.34907
-49.008,111,0.34907
-48.993,111,0.34907
-48.978,111,0.34907
-48.963,111,0.34907
-48.948,111,0.34907
-48.932,111,0.34907
-48.917,111,0.34907
-48.902,111,0.34907
-48.887,111,0.34907
-48.872,111,0.34907
-48.857,111,0.34907
-48.842,111,0.34907
-48.827,111,0.34907
-48.813,111,0.34907
-48.798,111,0.34907
-48.783,111,0.34907
-48.768,111,0.34907
-48.753,111,0.34907
-48.738,111,0.34907
-48.723,111,0.34907
-48.709,111,0.34907
-48.694,111,0.34907
-48.679,111,0.34907
-48.664,111,0.34907
-48.65,111,0.34907
-48.635,111,0.34907
-48.62,111,0.34907
-48.605,111,0.34907
-48.591,111,0.34907
-48.576,111,0.34907
-48.562,111,0.34907
-48.547,111,0.34907
-48.532,111,0.34907
-48.518,111,0.34907
-48.503,111,0.34907
-48.489,111,0.34907
-48.474,111,0.34907
-48.46,111,0.34907
-48.445,111,0.34907
-48.431,111,0.34907
-48.416,111,0.34907
-48.402,111,0.34907
-48.387,111,0.34907
-48.373,111,0.34907
-48.359,111,0.34907
-48.344,111,0.34907
-48.33,111,0.34907
-48.316,111,0.34907
-48.301,111,0.34907
-48.287,111,0.34907
-48.273,111,0.34907
-48.258,111,0.34907
-48.244,111,0.34907
-48.23,111,0.34907
-48.216,111,0.34907
-48.202,111,0.34907
-48.187,111,0.34907
-48.173,111,0.34907
-48.159,111,0.34907
-48.145,111,0.34907
-48.131,111,0.34907
-48.117,111,0.34907
-48.103,111,0.34907
-48.089,111,0.34907
-48.074,111,0.34907
-48.06,111,0.34907
-48.046,111,0.34907
-48.032,111,0.34907
-48.018,111,0.34907
-48.004,111,0.34907
-47.99,111,0.34907
-47.976,111,0.34907
-47.962,111,0.34907
-47.949,111,0.34907
-47.935,111,0.34907
-47.921,111,0.34907
-47.907,111,0.34907
-47.893,111,0.34907
-47.879,111,0.34907
-47.865,111,0.34907
-47.851,111,0.34907
-47.838,111,0.34907
-47.824,111,0.34907
-47.81,111,0.34907
-47.796,111,0.34907
-47.783,111,0.34907
-47.769,111,0.34907
-47.755,111,0.34907
-47.741,111,0.34907
-47.728,111,0.34907
-47.714,111,0.34907
-47.7,111,0.34907
-47.687,111,0.34907
-47.673,111,0.34907
-47.659,111,0.34907
-47.646,111,0.34907
-47.632,111,0.34907
-47.619,111,0.34907
-47.605,111,0.34907
-47.591,111,0.34907
-47.578,111,0.34907
-47.564,111,0.34907
-47.551,111,0.34907
-47.537,111,0.34907
-47.524,111,0.34907
-47.51,111,0.34907
-47.497,111,0.34907
-47.483,111,0.34907
-47.47,111,0.34907
-47.456,111,0.34907
-47.443,111,0.34907
-47.43,111,0.34907
-47.416,111,0.34907
-47.403,111,0.34907
-47.389,111,0.34907
-47.376,111,0.34907
-47.363,111,0.34907
-47.349,111,0.34907
-47.336,111,0.34907
-47.323,111,0.34907
-47.309,111,0.34907
-47.296,111,0.34907
-47.283,111,0.34907
-47.27,111,0.34907
-47.256,111,0.34907
-47.243,111,0.34907
-47.23,111,0.34907
-47.217,111,0.34907
-47.204,111,0.34907
-47.19,111,0.34907
-47.177,111,0.34907
-47.164,111,0.34907
-47.151,111,0.34907
-47.138,111,0.34907
-47.125,111,0.34907
-47.111,111,0.34907
-47.098,111,0.34907
-47.085,111,0.34907
-47.072,111,0.34907
-47.059,111,0.34907
-47.046,111,0.34907
-47.033,111,0.34907
-47.02,111,0.34907
-47.007,111,0.34907
-46.994,111,0.34907
-46.981,111,0.34907
-46.968,111,0.34907
-46.955,111,0.34907
-46.942,111,0.34907
-46.929,111,0.34907
-46.916,111,0.34907
-46.903,111,0.34907
-46.89,111,0.34907
-46.877,111,0.34907
-46.864,111,0.34907
-46.851,111,0.34907
-46.838,111,0.34907
-46.825,111,0.34907
-46.812,111,0.34907
-46.799,111,0.34907
-46.787,111,0.34907
-46.774,111,0.34907
-46.761,111,0.34907
-46.748,111,0.34907
-46.735,111,0.34907
-46.722,111,0.34907
-46.71,111,0.34907
-46.697,111,0.34907
-46.684,111,0.34907
-46.671,111,0.34907
-46.658,111,0.34907
-46.646,111,0.34907
-46.633,111,0.34907
-46.62,111,0.34907
-46.607,111,0.34907
-46.595,111,0.34907
-46.582,111,0.34907
-46.569,111,0.34907
-46.557,111,0.34907
-46.544,111,0.34907
-46.531,111,0.34907
-46.519,111,0.34907
-46.506,111,0.34907
-46.493,111,0.34907
-46.481,111,0.34907
-46.468,111,0.34907
-46.455,111,0.34907
-46.443,111,0.34907
-46.43,111,0.34907
-46.418,111,0.34907
-46.405,111,0.34907
-46.392,111,0.34907
-46.38,111,0.34907
-46.367,111,0.34907
-46.355,111,0.34907
-46.342,111,0.34907
-46.33,111,0.34907
-46.317,111,0.34907
-46.305,111,0.34907
-46.292,111,0.34907
-46.279,111,0.34907
-46.267,111,0.34907
-46.254,111,0.34907
-46.242,111,0.34907
-46.229,111,0.34907
-46.217,111,0.34907
-46.205,111,0.34907
-46.192,111,0.34907
-46.18,111,0.34907
-46.167,111,0.34907
-46.155,111,0.34907
-46.142,111,0.34907
-46.13,111,0.34907
-46.118,111,0.34907
-46.105,111,0.34907
-46.093,111,0.34907
-46.08,111,0.34907
-46.068,111,0.34907
-46.056,111,0.34907
-46.043,111,0.34907
-46.031,111,0.34907
-46.018,111,0.34907
-46.006,111,0.34907
-45.994,111,0.34907
-45.981,111,0.34907
-45.969,111,0.34907
-45.957,111,0.34907
-45.944,111,0.34907
-45.932,111,0.34907
-45.92,111,0.34907
-45.908,111,0.34907
-45.895,111,0.34907
-45.883,111,0.34907
-45.871,111,0.34907
-45.858,111,0.34907
-45.846,111,0.34907
-45.834,111,0.34907
-45.822,111,0.34907
-45.809,111,0.34907
-45.797,111,0.34907
-45.785,111,0.34907
-45.773,111,0.34907
-45.761,111,0.34907
-45.748,111,0.34907
-45.736,111,0.34907
-45.724,111,0.34907
-45.712,111,0.34907
-45.7,111,0.34907
-45.687,111,0.34907
-45.675,111,0.34907
-45.663,111,0.34907
-45.651,111,0.34907
-45.639,111,0.34907
-45.627,111,0.34907
-45.614,111,0.34907
-45.602,111,0.34907
-45.59,111,0.34907
-45.578,111,0.34907
-45.566,111,0.34907
-45.554,111,0.34907
-45.542,111,0.34907
-45.53,111,0.34907
-45.518,111,0.34907
-45.505,111,0.34907
-45.493,111,0.34907
-45.481,111,0.34907
-45.469,111,0.34907
-45.457,111,0.34907
-45.445,111,0.34907
-45.433,111,0.34907
-45.421,111,0.34907
-45.409,111,0.34907
-45.397,111,0.34907
-45.385,111,0.34907
-45.373,111,0.34907
-45.361,111,0.34907
-45.349,111,0.34907
-45.337,111,0.34907
-45.325,111,0.34907
-45.313,111,0.34907
-45.301,111,0.34907
-45.289,111,0.34907
-45.277,111,0.34907
-45.265,111,0.34907
-45.253,111,0.34907
-45.241,111,0.34907
-45.229,111,0.34907
-45.217,111,0.34907
-45.205,111,0.34907
-45.193,111,0.34907
-45.181,111,0.34907
-45.169,111,0.34907
-45.157,111,0.34907
-45.145,111,0.34907
-45.133,111,0.34907
-45.121,111,0.34907
-45.109,111,0.34907
-45.097,111,0.34907
-45.086,111,0.34907
-45.074,111,0.34907
-45.062,111,0.34907
-45.05,111,0.34907
-45.038,111,0.34907
-45.026,111,0.34907
-45.014,111,0.34907
-45.002,111,0.34907
-44.99,111,0.34907
-44.978,111,0.34907
-44.967,111,0.34907
-44.955,111,0.34907
-44.943,111,0.34907
-44.931,111,0.34907
-44.919,111,0.34907
-44.907,111,0.34907
-44.895,111,0.34907
-44.884,111,0.34907
-44.872,111,0.34907
-44.86,111,0.34907
-44.848,111,0.34907
-44.836,111,0.34907
-44.824,111,0.34907
-44.813,111,0.34907
-44.801,111,0.34907
-44.789,111,0.34907
-44.777,111,0.34907
-44.765,111,0.34907
-44.754,111,0.34907
-44.742,111,0.34907
-44.73,111,0.34907
-44.718,111,0.34907
-44.706,111,0.34907
-44.695,111,0.34907
-44.683,111,0.34907
-44.671,111,0.34907
-44.659,111,0.34907
-44.647,111,0.34907
-44.636,111,0.34907
-44.624,111,0.34907
-44.612,111,0.34907
-44.6,111,0.34907
-44.589,111,0.34907
-44.577,111,0.34907
-44.565,111,0.34907
-44.553,111,0.34907
-44.542,111,0.34907
-44.53,111,0.34907
-44.518,111,0.34907
-44.506,111,0.34907
-44.495,111,0.34907
-44.483,111,0.34907
-44.471,111,0.34907
-44.46,111,0.34907
-44.448,111,0.34907
-44.436,111,0.34907
-44.424,111,0.34907
-44.413,111,0.34907
-44.401,111,0.34907
-44.389,111,0.34907
-44.378,111,0.34907
-44.366,111,0.34907
-44.354,111,0.34907
-44.343,111,0.34907
-44.331,111,0.34907
-44.319,111,0.34907
-44.308,111,0.34907
-44.296,111,0.34907
-44.284,111,0.34907
-44.273,111,0.34907
-44.261,111,0.34907
-44.249,111,0.34907
-44.238,111,0.34907
-44.226,111,0.34907
-44.214,111,0.34907
-44.203,111,0.34907
-44.191,111,0.34907
-44.179,111,0.34907
-44.168,111,0.34907
-44.156,111,0.34907
-44.144,111,0.34907
-44.133,111,0.34907
-44.121,111,0.34907
-44.109,111,0.34907
-44.098,111,0.34907
-44.086,111,0.34907
-44.075,111,0.34907
-44.063,111,0.34907
-44.051,111,0.34907
-44.04,111,0.34907
-44.028,111,0.34907
-44.016,111,0.34907
-44.005,111,0.34907
-43.993,111,0.34907
-43.982,111,0.34907
-43.97,111,0.34907
-43.958,111,0.34907
-43.947,111,0.34907
-43.935,111,0.34907
-43.924,111,0.34907
-43.912,111,0.34907
-43.9,111,0.34907
-43.889,111,0.34907
-43.877,111,0.34907
-43.866,111,0.34907
-43.854,111,0.34907
-43.843,111,0.34907
-43.831,111,0.34907
-43.819,111,0.34907
-43.808,111,0.34907
-43.796,111,0.34907
-43.785,111,0.34907
-43.773,111,0.34907
-43.762,111,0.34907
-43.75,111,0.34907
-43.738,111,0.34907
-43.727,111,0.34907
-43.715,111,0.34907
-43.704,111,0.34907
-43.692,111,0.34907
-43.681,111,0.34907
-43.669,111,0.34907
-43.658,111,0.34907
-43.646,111,0.34907
-43.635,111,0.34907
-43.623,111,0.34907
-43.611,111,0.34907
-43.6,111,0.34907
-43.588,111,0.34907
-43.577,111,0.34907
-43.565,111,0.34907
-43.554,111,0.34907
-43.542,111,0.34907
-43.531,111,0.34907
-43.519,111,0.34907
-43.508,111,0.34907
-43.496,111,0.34907
-43.485,111,0.34907
-43.473,111,0.34907
-43.462,111,0.34907
-43.45,111,0.34907
-43.439,111,0.34907
-43.427,111,0.34907
-43.416,111,0.34907
-43.404,111,0.34907
-43.393,111,0.34907
-43.381,111,0.34907
-43.37,111,0.34907
-43.358,111,0.34907
-43.347,111,0.34907
-43.335,111,0.34907
-43.324,111,0.34907
-43.312,111,0.34907
-43.301,111,0.34907
-43.289,111,0.34907
-43.278,111,0.34907
-43.266,111,0.34907
-43.255,111,0.34907
-43.243,111,0.34907
-43.232,111,0.34907
-43.22,111,0.34907
-43.209,111,0.34907
-43.197,111,0.34907
-43.186,111,0.34907
-43.174,111,0.34907
-43.163,111,0.34907
-43.151,111,0.34907
-43.14,111,0.34907
-43.128,111,0.34907
-43.117,111,0.34907
-43.105,111,0.34907
-43.094,111,0.34907
-43.083,111,0.34907
-43.071,111,0.34907
-43.06,111,0.34907
-43.048,111,0.34907
-43.037,111,0.34907
-43.025,111,0.34907
-43.014,111,0.34907
-43.002,111,0.34907
-42.991,111,0.34907
-42.979,111,0.34907
-42.968,111,0.34907
-42.957,111,0.34907
-42.945,111,0.34907
-42.934,111,0.34907
-42.922,111,0.34907
-42.911,111,0.34907
-42.899,111,0.34907
-42.888,111,0.34907
-42.876,111,0.34907
-42.865,111,0.34907
-42.854,111,0.34907
-42.842,111,0.34907
-42.831,111,0.34907
-42.819,111,0.34907
-42.808,111,0.34907
-42.796,111,0.34907
-42.785,111,0.34907
-42.774,111,0.34907
-42.762,111,0.34907
-42.751,111,0.34907
-42.739,111,0.34907
-42.728,111,0.34907
-42.716,111,0.34907
-42.705,111,0.34907
-42.694,111,0.34907
-42.682,111,0.34907
-42.671,111,0.34907
-42.659,111,0.34907
-42.648,111,0.34907
-42.637,111,0.34907
-42.625,111,0.34907
-42.614,111,0.34907
-42.602,111,0.34907
-42.591,111,0.34907
-42.579,111,0.34907
-42.568,111,0.34907
-42.557,111,0.34907
-42.545,111,0.34907
-42.534,111,0.34907
-42.522,111,0.34907
-42.511,111,0.34907
-42.5,111,0.34907
-42.488,111,0.34907
-42.477,111,0.34907
-42.465,111,0.34907
-42.454,111,0.34907
-42.443,111,0.34907
-42.431,111,0.34907
-42.42,111,0.34907
-42.408,111,0.34907
-42.397,111,0.34907
-42.386,111,0.34907
-42.374,111,0.34907
-42.363,111,0.34907
-42.352,111,0.34907
-42.34,111,0.34907
-42.329,111,0.34907
-42.317,111,0.34907
-42.306,111,0.34907
-42.295,111,0.34907
-42.283,111,0.34907
-42.272,111,0.34907
-42.26,111,0.34907
-42.249,111,0.34907
-42.238,111,0.34907
-42.226,111,0.34907
-42.215,111,0.34908
-42.207,111,0.34908
-42.196,111,0.34908
-42.184,111,0.34908
-42.173,111,0.34908
-42.162,111,0.34908
-42.15,111,0.34908
-42.139,111,0.34908
-42.128,111,0.34908
-42.116,111,0.34908
-42.105,111,0.34908
-42.094,111,0.34908
-42.082,111,0.34908
-42.071,111,0.34908
-42.06,111,0.34908
-42.048,111,0.34908
-42.037,111,0.34908
-42.026,111,0.34908
-42.014,111,0.34908
-42.003,111,0.34908
-41.992,111,0.34908
-41.98,111,0.34908
-41.969,111,0.34908
-41.958,111,0.34908
-41.946,111,0.34908
-41.935,111,0.34908
-41.924,111,0.34908
-41.912,111,0.34908
-41.901,111,0.34908
-41.89,111,0.34908
-41.879,111,0.34908
-41.867,111,0.34908
-41.856,111,0.34908
-41.845,111,0.34908
-41.833,111,0.34908
-41.822,111,0.34908
-41.811,111,0.34908
-41.799,111,0.34908
-41.788,111,0.34908
-41.777,111,0.34908
-41.765,111,0.34908
-41.754,111,0.34908
-41.743,111,0.34909
-41.732,111,0.34909
-41.72,111,0.34909
-41.709,111,0.34909
-41.698,111,0.34909
-41.686,111,0.34909
-41.675,111,0.34909
-41.664,111,0.34909
-41.652,111,0.34909
-41.641,111,0.34909
-41.63,111,0.34909
-41.619,111,0.34909
-41.607,111,0.34909
-41.596,111,0.34909
-41.585,111,0.34909
-41.573,111,0.34909
-41.562,111,0.34909
-41.551,111,0.34909
-41.54,111,0.34909
-41.528,111,0.34909
-41.517,111,0.34909
-41.506,111,0.34909
-41.494,111,0.34909
-41.483,111,0.34909
-41.472,111,0.34909
-41.461,111,0.34909
-41.449,111,0.34909
-41.438,111,0.34909
-41.427,111,0.34909
-41.415,111,0.34909
-41.404,111,0.34909
-41.393,111,0.34909
-41.382,111,0.34909
-41.37,111,0.34909
-41.359,111,0.34909
-41.348,111,0.34909
-41.337,111,0.34909
-41.325,111,0.34909
-41.314,111,0.34909
-41.303,111,0.34909
-41.292,111,0.34909
-41.28,111,0.34909
-41.269,111,0.3491
-41.258,111,0.3491
-41.247,111,0.3491
-41.235,111,0.3491
-41.224,111,0.3491
-41.213,111,0.3491
-41.202,111,0.3491
-41.19,111,0.3491
-41.179,111,0.3491
-41.168,111,0.3491
-41.157,111,0.3491
-41.145,111,0.3491
-41.134,111,0.3491
-41.123,111,0.3491
-41.112,111,0.3491
-41.1,111,0.3491
-41.089,111,0.3491
-41.078,111,0.3491
-41.067,111,0.3491
-41.056,111,0.3491
-41.044,111,0.3491
-41.033,111,0.3491
-41.022,111,0.3491
-41.011,111,0.3491
-40.999,111,0.3491
-40.988,111,0.3491
-40.977,111,0.3491
-40.966,111,0.3491
-40.955,111,0.3491
-40.943,111,0.34911
-40.932,111,0.34911
-40.921,111,0.34911
-40.91,111,0.34911
-40.898,111,0.34911
-40.887,111,0.34911
-40.876,111,0.34911
-40.865,111,0.34911
-40.854,111,0.34911
-40.842,111,0.34911
-40.831,111,0.34911
-40.82,111,0.34911
-40.809,111,0.34911
-40.798,111,0.34911
-40.787,111,0.34911
-40.775,111,0.34911
-40.764,111,0.34911
-40.753,111,0.34911
-40.742,111,0.34911
-40.731,111,0.34911
-40.719,111,0.34911
-40.708,111,0.34911
-40.697,111,0.34911
-40.686,111,0.34912
-40.675,111,0.34912
-40.664,111,0.34912
-40.652,111,0.34912
-40.641,111,0.34912
-40.63,111,0.34912
-40.619,111,0.34912
-40.608,111,0.34912
-40.597,111,0.34912
-40.585,111,0.34912
-40.574,111,0.34912
-40.563,111,0.34912
-40.552,111,0.34912
-40.541,111,0.34912
-40.53,111,0.34912
-40.519,111,0.34912
-40.507,111,0.34912
-40.496,111,0.34912
-40.485,111,0.34912
-40.474,111,0.34913
-40.463,111,0.34913
-40.452,111,0.34913
-40.441,111,0.34913
-40.429,111,0.34913
-40.418,111,0.34913
-40.407,111,0.34913
-40.396,111,0.34913
-40.385,111,0.34913
-40.374,111,0.34913
-40.363,111,0.34913
-40.352,111,0.34913
-40.341,111,0.34913
-40.329,111,0.34913
-40.318,111,0.34913
-40.307,111,0.34914
-40.296,111,0.34914
-40.285,111,0.34914
-40.274,111,0.34914
-40.263,111,0.34914
-40.252,111,0.34914
-40.241,111,0.34914
-40.23,111,0.34914
-40.219,111,0.34914
-40.207,111,0.34914
-40.196,111,0.34914
-40.185,111,0.34914
-40.174,111,0.34914
-40.163,111,0.34914
-40.152,111,0.34915
-40.141,111,0.34915
-40.13,111,0.34915
-40.119,111,0.34915
-40.108,111,0.34915
-40.097,111,0.34915
-40.086,111,0.34915
-40.075,111,0.34915
-40.064,111,0.34915
-40.053,111,0.34915
-40.042,111,0.34915
-40.031,111,0.34915
-40.02,111,0.34916
-40.009,111,0.34916
-39.997,111,0.34916
-39.986,111,0.34916
-39.975,111,0.34916
-39.964,111,0.34916
-39.953,111,0.34916
-39.942,111,0.34916
-39.931,111,0.34916
-39.92,111,0.34916
-39.909,111,0.34917
-39.898,111,0.34917
-39.887,111,0.34917
-39.876,111,0.34917
-39.865,111,0.34917
-39.854,111,0.34917
-39.843,111,0.34917
-39.832,111,0.34917
-39.822,111,0.34917
-39.811,111,0.34917
-39.8,111,0.34918
-39.789,111,0.34918
-39.778,111,0.34918
-39.767,111,0.34918
-39.756,111,0.34918
-39.745,111,0.34918
-39.734,111,0.34918
-39.723,111,0.34918
-39.712,111,0.34918
-39.701,111,0.34919
-39.69,111,0.34919
-39.679,111,0.34919
-39.668,111,0.34919
-39.657,111,0.34919
-39.646,111,0.34919
-39.636,111,0.34919
-39.625,111,0.34919
-39.614,111,0.3492
-39.603,111,0.3492
-39.592,111,0.3492
-39.581,111,0.3492
-39.57,111,0.3492
-39.559,111,0.3492
-39.548,111,0.3492
-39.538,111,0.34921
-39.527,111,0.34921
-39.516,111,0.34921
-39.505,111,0.34921
-39.494,111,0.34921
-39.483,111,0.34921
-39.472,111,0.34921
-39.462,111,0.34922
-39.451,111,0.34922
-39.44,111,0.34922
-39.429,111,0.34922
-39.418,111,0.34922
-39.407,111,0.34922
-39.397,111,0.34922
-39.386,111,0.34923
-39.375,111,0.34923
-39.364,111,0.34923
-39.353,111,0.34923
-39.343,111,0.34923
-39.332,111,0.34923
-39.321,111,0.34924
-39.31,111,0.34924
-39.299,111,0.34924
-39.289,111,0.34924
-39.278,111,0.34924
-39.267,111,0.34925
-39.256,111,0.34925
-39.246,111,0.34925
-39.235,111,0.34925
-39.224,111,0.34925
-39.214,111,0.34925
-39.203,111,0.34926
-39.192,111,0.34926
-39.181,111,0.34926
-39.171,111,0.34926
-39.16,111,0.34926
-39.149,111,0.34927
-39.139,111,0.34927
-39.128,111,0.34927
-39.117,111,0.34927
-39.107,111,0.34927
-39.096,111,0.34928
-39.085,111,0.34928
-39.075,111,0.34928
-39.064,111,0.34928
-39.053,111,0.34928
-39.043,111,0.34929
-39.032,111,0.34929
-39.021,111,0.34929
-39.011,111,0.34929
-39,111,0.3493
-38.99,111,0.3493
-38.979,111,0.3493
-38.968,111,0.3493
-38.958,111,0.34931
-38.947,111,0.34931
-38.937,111,0.34931
-38.926,111,0.34931
-38.916,111,0.34932
-38.905,111,0.34932
-38.895,111,0.34932
-38.884,111,0.34932
-38.873,111,0.34933
-38.863,111,0.34933
-38.852,111,0.34933
-38.842,111,0.34933
-38.831,111,0.34934
-38.821,111,0.34934
-38.811,111,0.34934
-38.8,111,0.34934
-38.79,111,0.34935
-38.779,111,0.34935
-38.769,111,0.34935
-38.758,111,0.34936
-38.748,111,0.34936
-38.737,111,0.34936
-38.727,111,0.34936
-38.717,111,0.34937
-38.706,111,0.34937
-38.696,111,0.34937
-38.685,111,0.34938
-38.675,111,0.34938
-38.665,111,0.34938
-38.654,111,0.34939
-38.644,111,0.34939
-38.634,111,0.34939
-38.623,111,0.3494
-38.613,111,0.3494
-38.603,111,0.3494
-38.592,111,0.34941
-38.582,111,0.34941
-38.572,111,0.34941
-38.561,111,0.34942
-38.551,111,0.34942
-38.541,111,0.34942
-38.531,111,0.34943
-38.52,111,0.34943
-38.51,111,0.34943
-38.5,111,0.34944
-38.49,111,0.34944
-38.48,111,0.34945
-38.469,111,0.34945
-38.459,111,0.34945
-38.449,111,0.34946
-38.439,111,0.34946
-38.429,111,0.34946
-38.419,111,0.34947
-38.409,111,0.34947
-38.398,111,0.34948
-38.388,111,0.34948
-38.378,111,0.34949
-38.368,111,0.34949
-38.358,111,0.34949
-38.348,111,0.3495
-38.338,111,0.3495
-38.328,111,0.34951
-38.318,111,0.34951
-38.308,111,0.34952
-38.298,111,0.34952
-38.288,111,0.34952
-38.278,111,0.34953
-38.268,111,0.34953
-38.258,111,0.34954
-38.248,111,0.34954
-38.238,111,0.34955
-38.228,111,0.34955
-38.219,111,0.34956
-38.209,111,0.34956
-38.199,111,0.34957
-38.189,111,0.34957
-38.179,111,0.34958
-38.169,111,0.34958
-38.159,111,0.34959
-38.15,111,0.34959
-38.14,111,0.3496
-38.13,111,0.3496
-38.12,111,0.34961
-38.111,111,0.34961
-38.101,111,0.34962
-38.091,111,0.34963
-38.082,111,0.34963
-38.072,111,0.34964
-38.062,111,0.34964
-38.053,111,0.34965
-38.043,111,0.34965
-38.033,111,0.34966
-38.024,111,0.34967
-38.014,111,0.34967
-38.005,111,0.34968
-37.995,111,0.34968
-37.985,111,0.34969
-37.976,111,0.3497
-37.966,111,0.3497
-37.957,111,0.34971
-37.948,111,0.34972
-37.938,111,0.34972
-37.929,111,0.34973
-37.919,111,0.34974
-37.91,111,0.34974
-37.9,111,0.34975
-37.891,111,0.34976
-37.882,111,0.34976
-37.872,111,0.34977
-37.863,111,0.34978
-37.854,111,0.34978
-37.845,111,0.34979
-37.835,111,0.3498
-37.826,111,0.34981
-37.817,111,0.34981
-37.808,111,0.34982
-37.799,111,0.34983
-37.789,111,0.34984
-37.78,111,0.34984
-37.771,111,0.34985
-37.762,111,0.34986
-37.753,111,0.34987
-37.744,111,0.34988
-37.735,111,0.34988
-37.726,111,0.34989
-37.717,111,0.3499
-37.708,111,0.34991
-37.699,111,0.34992
-37.69,111,0.34993
-37.681,111,0.34993
-37.673,111,0.34994
-37.664,111,0.34995
-37.655,111,0.34996
-37.646,111,0.34997
-37.637,111,0.34998
-37.629,111,0.34999
-37.62,111,0.35
-37.611,111,0.35001
-37.603,111,0.35002
-37.594,111,0.35003
-37.585,111,0.35003
-37.577,111,0.35004
-37.568,111,0.35005
-37.56,111,0.35006
-37.551,111,0.35007
-37.543,111,0.35008
-37.534,111,0.35009
-37.526,111,0.3501
-37.518,111,0.35012
-37.509,111,0.35013
-37.501,111,0.35014
-37.493,111,0.35015
-37.485,111,0.35016
-37.476,111,0.35017
-37.468,111,0.35018
-37.46,111,0.35019
-37.452,111,0.3502
-37.444,111,0.35021
-37.436,111,0.35023
-37.428,111,0.35024
-37.42,111,0.35025
-37.412,111,0.35026
-37.404,111,0.35027
-37.396,111,0.35028
-37.388,111,0.3503
-37.38,111,0.35031
-37.372,111,0.35032
-37.365,111,0.35033
-37.357,111,0.35035
-37.349,111,0.35036
-37.342,111,0.35037
-37.334,111,0.35039
-37.326,111,0.3504
-37.319,111,0.35041
-37.311,111,0.35043
-37.304,111,0.35044
-37.297,111,0.35045
-37.289,111,0.35047
-37.282,111,0.35048
-37.275,111,0.35049
-37.267,111,0.35051
-37.26,111,0.35052
-37.253,111,0.35054
-37.246,111,0.35055
-37.239,111,0.35057
-37.232,111,0.35058
-37.225,111,0.3506
-37.218,111,0.35061
-37.211,111,0.35063
-37.204,111,0.35064
-37.197,111,0.35066
-37.191,111,0.35068
-37.184,111,0.35069
-37.177,111,0.35071
-37.171,111,0.35072
-37.164,111,0.35074
-37.158,111,0.35076
-37.151,111,0.35077
-37.145,111,0.35079
-37.139,111,0.35081
-37.132,111,0.35083
-37.126,111,0.35084
-37.12,111,0.35086
-37.114,111,0.35088
-37.108,111,0.3509
-37.102,111,0.35092
-37.096,111,0.35093
-37.09,111,0.35095
-37.084,111,0.35097
-37.079,111,0.35099
-37.073,111,0.35101
-37.067,111,0.35103
-37.062,111,0.35105
-37.056,111,0.35107
-37.051,111,0.35109
-37.045,111,0.35111
-37.04,111,0.35113
-37.035,111,0.35115
-37.03,111,0.35117
-37.025,111,0.35119
-37.02,111,0.35121
-37.015,111,0.35123
-37.01,111,0.35126
-37.005,111,0.35128
-37,111,0.3513
-36.996,111,0.35132
-36.991,111,0.35135
-36.986,111,0.35137
-36.982,111,0.35139
-36.978,111,0.35141
-36.973,111,0.35144
-36.969,111,0.35146
-36.965,111,0.35149
-36.961,111,0.35151
-36.957,111,0.35153
-36.953,111,0.35156
-36.949,111,0.35158
-36.946,111,0.35161
-36.942,111,0.35163
-36.939,111,0.35166
-36.935,111,0.35168
-36.932,111,0.35171
-36.929,111,0.35174
-36.926,111,0.35176
-36.923,111,0.35179
-36.92,111,0.35182
-36.917,111,0.35184
-36.914,111,0.35187
-36.911,111,0.3519
-36.909,111,0.35193
-36.906,111,0.35196
-36.904,111,0.35199
-36.902,111,0.35201
-36.9,111,0.35204
-36.898,111,0.35207
-36.896,111,0.3521
-36.894,111,0.35213
-36.893,111,0.35216
-36.891,111,0.3522
-36.89,111,0.35223
-36.888,111,0.35226
-36.887,111,0.35229
-36.886,111,0.35232
-36.885,111,0.35235
-36.884,111,0.35239
-36.884,111,0.35242
-36.883,111,0.35245
-36.883,111,0.35249
-36.882,111,0.35252
-36.882,111,0.35255
-36.882,111,0.35259
-36.882,111,0.35262
-36.883,111,0.35266
-36.883,111,0.3527
-36.884,111,0.35273
-36.885,111,0.35277
-36.885,111,0.3528
-36.886,111,0.35284
-36.888,111,0.35288
-36.889,111,0.35292
-36.89,111,0.35295
-36.892,111,0.35299
-36.894,111,0.35303
-36.896,111,0.35307
-36.898,111,0.35311
-36.9,111,0.35315
-36.903,111,0.35319
-36.906,111,0.35323
-36.908,111,0.35327
-36.911,111,0.35332
-36.915,111,0.35336
-36.918,111,0.3534
-36.922,111,0.35344
-36.926,111,0.35349
-36.93,111,0.35353
-36.934,111,0.35357
-36.938,111,0.35362
-36.943,111,0.35366
-36.947,111,0.35371
-36.952,111,0.35375
-36.958,111,0.3538
-36.963,111,0.35385
-36.969,111,0.3539
-36.975,111,0.35394
-36.981,111,0.35399
-36.987,111,0.35404
-36.994,111,0.35409
-37.001,111,0.35414
-37.008,111,0.35419
-37.015,111,0.35424
-37.022,111,0.35429
-37.03,111,0.35434
-37.038,111,0.35439
-37.046,111,0.35445
-37.055,111,0.3545
-37.064,111,0.35455
-37.073,111,0.35461
-37.082,111,0.35466
-37.092,111,0.35472
-37.102,111,0.35477
-37.112,111,0.35483
-37.123,111,0.35488
-37.133,111,0.35494
-37.145,111,0.355
-37.156,111,0.35506
-37.168,111,0.35512
-37.18,111,0.35518
-37.192,111,0.35524
-37.205,111,0.3553
-37.218,111,0.35536
-37.231,111,0.35542
-37.245,111,0.35548
-37.259,111,0.35555
-37.273,111,0.35561
-37.288,111,0.35567
-37.303,111,0.35574
-37.318,111,0.3558
-37.334,111,0.35587
-37.35,111,0.35594
-37.367,111,0.356
-37.384,111,0.35607
-37.401,111,0.35614
-37.419,111,0.35621
-37.437,111,0.35628
-37.456,111,0.35635
-37.475,111,0.35642
-37.494,111,0.35649
-37.514,111,0.35657
-37.534,111,0.35664
-37.555,111,0.35671
-37.576,111,0.35679
-37.598,111,0.35686
-37.62,111,0.35694
-37.642,111,0.35702
-37.665,111,0.35709
-37.689,111,0.35717
-37.713,111,0.35725
-37.737,111,0.35733
-37.762,111,0.35741
-37.788,111,0.35749
-37.814,111,0.35758
-37.841,111,0.35766
-37.868,111,0.35774
-37.896,111,0.35783
-37.924,111,0.35791
-37.953,111,0.358
-37.982,111,0.35808
-38.012,111,0.35817
-38.043,111,0.35826
-38.074,111,0.35835
-38.106,111,0.35844
-38.138,111,0.35853
-38.171,111,0.35862
-38.205,111,0.35872
-38.239,111,0.35881
-38.274,111,0.3589
-38.31,111,0.359
-38.346,111,0.3591
-38.383,111,0.35919
-38.421,111,0.35929
-38.459,111,0.35939
-38.498,111,0.35949
-38.538,111,0.35959
-38.579,111,0.35969
-38.62,111,0.35979
-38.663,111,0.3599
-38.706,111,0.36
-38.749,111,0.36011
-38.794,111,0.36022
-38.839,111,0.36032
-38.885,111,0.36043
-38.933,111,0.36054
-38.98,111,0.36065
-39.029,111,0.36076
-39.079,111,0.36088
-39.129,111,0.36099
-39.181,111,0.3611
-39.233,111,0.36122
-39.287,111,0.36134
-39.341,111,0.36145
-39.396,111,0.36157
-39.452,111,0.36169
-39.51,111,0.36181
-39.568,111,0.36194
-39.627,111,0.36206
-39.687,111,0.36218
-39.749,111,0.36231
-39.811,111,0.36244
-39.875,111,0.36256
-39.939,111,0.36269
-40.005,111,0.36282
-40.072,111,0.36295
-40.14,111,0.36309
-40.209,111,0.36322
-40.28,111,0.36336
-40.352,111,0.36349
-40.424,111,0.36363
-40.499,111,0.36377
-40.574,111,0.36391
-40.651,111,0.36405
-40.729,111,0.36419
-40.808,111,0.36434
-40.889,111,0.36448
-40.971,111,0.36463
-41.054,111,0.36477
-41.139,111,0.36492
-41.225,111,0.36507
-41.313,111,0.36523
-41.402,111,0.36538
-41.493,111,0.36553
-41.585,111,0.36569
-41.679,111,0.36585
-41.774,111,0.366
-41.871,111,0.36616
-41.969,111,0.36632
-42.07,111,0.36649
-42.171,111,0.36665
-42.275,111,0.36682
-42.38,111,0.36698
-42.487,111,0.36715
-42.596,111,0.36732
-42.706,111,0.36749
-42.818,111,0.36767
-42.932,111,0.36784
-43.048,111,0.36802
-43.166,111,0.36819
-43.286,111,0.36837
-43.408,111,0.36855
-43.531,111,0.36874
-43.657,111,0.36892
-43.785,111,0.3691
-43.914,111,0.36929
-44.046,111,0.36948
-44.18,111,0.36967
-44.316,111,0.36986
-44.455,111,0.37005
-44.595,111,0.37025
-44.738,111,0.37045
-44.883,111,0.37064
-45.03,111,0.37084
-45.18,111,0.37105
-45.332,111,0.37125
-45.486,111,0.37145
-45.643,111,0.37166
-45.803,111,0.37187
-45.965,111,0.37208
-46.129,111,0.37229
-46.296,111,0.37251
-46.466,111,0.37272
-46.638,111,0.37294
-46.813,111,0.37316
-46.99,111,0.37338
-47.171,111,0.3736
-47.354,111,0.37383
-47.54,111,0.37405
-47.729,111,0.37428
-47.921,111,0.37451
-48.116,111,0.37474
-48.314,111,0.37498
-48.514,111,0.37521
-48.718,111,0.37545
-48.925,111,0.37569
-49.136,111,0.37593
-49.349,111,0.37618
-49.566,111,0.37642
-49.786,111,0.37667
-50.009,111,0.37692
-50.235,111,0.37717
-50.466,111,0.37743
-50.699,111,0.37768
-50.936,111,0.37794
-51.177,111,0.3782
-51.421,111,0.37846
-51.669,111,0.37873
-51.92,111,0.37899
-52.175,111,0.37926
-52.434,111,0.37953
-52.697,111,0.3798
-52.964,111,0.38008
-53.235,111,0.38036
-53.509,111,0.38063
-53.788,111,0.38092
-54.071,111,0.3812
-54.358,111,0.38148
-54.649,111,0.38177
-54.944,111,0.38206
-55.244,111,0.38235
-55.548,111,0.38265
-55.856,111,0.38294
-56.169,111,0.38324
-56.486,111,0.38354
-56.808,111,0.38385
-57.134,111,0.38415
-57.465,111,0.38446
-57.801,111,0.38477
-58.142,111,0.38508
-58.487,111,0.3854
-58.837,111,0.38572
-59.193,111,0.38604
-59.553,111,0.38636
-59.918,111,0.38668
-60.288,111,0.38701
-60.664,111,0.38734
-61.044,111,0.38767
-61.43,111,0.388
-61.822,111,0.38834
-62.218,111,0.38868
-62.621,111,0.38902
-63.028,111,0.38936
-63.441,111,0.38971
-63.86,111,0.39006
-64.285,111,0.39041
-64.715,111,0.39076
-65.151,111,0.39112
-65.593,111,0.39148
-66.041,111,0.39184
-66.495,111,0.3922
-66.955,111,0.39257
-67.421,111,0.39294
-67.893,111,0.39331
-68.372,111,0.39368
-68.857,111,0.39406
-69.348,111,0.39443
-69.845,111,0.39482
-70.349,111,0.3952
-70.86,111,0.39559
-71.377,111,0.39598
-71.901,111,0.39637
-72.432,111,0.39676
-72.969,111,0.39716
-73.513,111,0.39756
-74.064,111,0.39796
-74.622,111,0.39836
-75.188,111,0.39877
-75.76,111,0.39918
-76.339,111,0.39959
-76.926,111,0.40001
-77.52,111,0.40043
-78.121,111,0.40085
-78.73,111,0.40127
-79.346,111,0.4017
-79.97,111,0.40212
-80.601,111,0.40256
-81.24,111,0.40299
-81.887,111,0.40343
-82.542,111,0.40386
-83.204,111,0.40431
-83.874,111,0.40475
-84.552,111,0.4052
-85.239,111,0.40565
-85.933,111,0.4061
-86.635,111,0.40656
-87.346,111,0.40701
-88.065,111,0.40747
-88.792,111,0.40794
-89.527,111,0.4084
-90.271,111,0.40887
-91.024,111,0.40934
-91.784,111,0.40982
-92.554,111,0.41029
-93.332,111,0.41077
-94.119,111,0.41126
-94.914,111,0.41174
-95.719,111,0.41223
-96.532,111,0.41272
-97.354,111,0.41321
-98.185,111,0.41371
-99.024,111,0.4142
-99.873,111,0.4147
-100.73,111,0.41521
-101.6,111,0.41571
-102.47,111,0.41622
-103.36,111,0.41673
-104.26,111,0.41725
-105.16,111,0.41777
-106.07,111,0.41828
-107,111,0.41881
-107.93,111,0.41933
-108.87,111,0.41986
-109.82,111,0.42039
-110.78,111,0.42092
-111.75,111,0.42146
-112.73,111,0.42199
-113.72,111,0.42253
-114.72,111,0.42308
-115.73,111,0.42362
-116.75,111,0.42417
-117.77,111,0.42472
-118.81,111,0.42527
-119.86,111,0.42583
-120.92,111,0.42638
-121.98,111,0.42695
-123.06,111,0.42751
-124.15,111,0.42807
-125.24,111,0.42864
-126.35,111,0.42921
-127.47,111,0.42978
-128.59,111,0.43036
-129.73,111,0.43094
-130.88,111,0.43152
-132.03,111,0.4321
-133.2,111,0.43268
-134.38,111,0.43327
-135.56,111,0.43386
-136.76,111,0.43445
-137.96,111,0.43505
-139.18,111,0.43564
-140.4,111,0.43624
-141.64,111,0.43684
-142.89,111,0.43744
-144.14,111,0.43805
-145.41,111,0.43866
-146.68,111,0.43927
-147.97,111,0.43988
-149.26,111,0.44049
-150.56,111,0.44111
-151.88,111,0.44173
-153.2,111,0.44235
-154.54,111,0.44297
-155.88,111,0.44359
-157.23,111,0.44422
-158.6,111,0.44485
-159.97,111,0.44548
-161.35,111,0.44611
-162.74,111,0.44674
-164.14,111,0.44738
-165.55,111,0.44802
-166.97,111,0.44866
-168.4,111,0.4493
-169.83,111,0.44994
-171.28,111,0.45059
-172.74,111,0.45123
-174.2,111,0.45188
-175.68,111,0.45253
-177.16,111,0.45319
-178.65,111,0.45384
-180.15,111,0.4545
-181.66,111,0.45515
-183.18,111,0.45581
-184.7,111,0.45647
-186.24,111,0.45713
-187.78,111,0.4578
-189.33,111,0.45846
-190.89,111,0.45913
-192.46,111,0.45979
-194.03,111,0.46046
-195.62,111,0.46113
-197.21,111,0.4618
-198.81,111,0.46248
-200.41,111,0.46315
-202.03,111,0.46383
-203.65,111,0.4645
-205.28,111,0.46518
-206.91,111,0.46586
-208.55,111,0.46654
-210.2,111,0.46722
-211.86,111,0.4679
-213.52,111,0.46859
-215.19,111,0.46927
-216.87,111,0.46996
-218.55,111,0.47064
-220.24,111,0.47133
-221.94,111,0.47202
-223.64,111,0.47271
-225.34,111,0.47339
-227.05,111,0.47409
-228.77,111,0.47478
-230.49,111,0.47547
-232.22,111,0.47616
-233.96,111,0.47685
-235.69,111,0.47755
-237.44,111,0.47824
-239.18,111,0.47893
-240.93,111,0.47963
-242.69,111,0.48032
-244.45,111,0.48102
-246.21,111,0.48172
-247.98,111,0.48241
-249.75,111,0.48311
-251.53,111,0.48381
-253.31,111,0.4845
-255.09,111,0.4852
-256.87,111,0.4859
-258.66,111,0.4866
-260.45,111,0.4873
-262.24,111,0.48799
-264.03,111,0.48869
-265.83,111,0.48939
-267.62,111,0.49009
-269.42,111,0.49079
-271.22,111,0.49148
-273.03,111,0.49218
-274.83,111,0.49288
-276.63,111,0.49358
-278.44,111,0.49427
-280.24,111,0.49497
-282.05,111,0.49567
-283.85,111,0.49636
-285.66,111,0.49706
-287.46,111,0.49776
-289.27,111,0.49845
-291.07,111,0.49914
-292.88,111,0.49984
-294.68,111,0.50053
-296.48,111,0.50122
-298.28,111,0.50192
-300.07,111,0.50261
-301.87,111,0.5033
-303.66,111,0.50399
-305.45,111,0.50468
-307.24,111,0.50537
-309.03,111,0.50606
-310.81,111,0.50674
-312.59,111,0.50743
-314.37,111,0.50811
-316.14,111,0.5088
-317.91,111,0.50948
-319.67,111,0.51016
-321.43,111,0.51084
-323.19,111,0.51152
-324.94,111,0.5122
-326.69,111,0.51288
-328.43,111,0.51356
-330.17,111,0.51423
-331.9,111,0.51491
-333.62,111,0.51558
-335.34,111,0.51625
-337.06,111,0.51692
-338.77,111,0.51759
-340.47,111,0.51826
-342.16,111,0.51892
-343.85,111,0.51959
-345.53,111,0.52025
-347.2,111,0.52091
-348.87,111,0.52157
-350.52,111,0.52223
-352.17,111,0.52289
-353.82,111,0.52354
-355.45,111,0.5242
-357.07,111,0.52485
-358.69,111,0.5255
-360.3,111,0.52615
-361.89,111,0.5268
-363.48,111,0.52744
-365.06,111,0.52809
-366.63,111,0.52873
-368.19,111,0.52937
-369.74,111,0.53001
-371.28,111,0.53064
-372.81,111,0.53128
-374.33,111,0.53191
-375.83,111,0.53254
-377.33,111,0.53317
-378.82,111,0.53379
-380.29,111,0.53442
-381.75,111,0.53504
-383.2,111,0.53566
-384.64,111,0.53628
-386.07,111,0.53689
-387.48,111,0.53751
-388.88,111,0.53812
-390.27,111,0.53873
-391.65,111,0.53934
-393.01,111,0.53994
-394.36,111,0.54054
-395.7,111,0.54114
-397.02,111,0.54174
-398.33,111,0.54234
-399.63,111,0.54293
-400.91,111,0.54352
-402.18,111,0.54411
-403.43,111,0.5447
-404.67,111,0.54529
-405.9,111,0.54587
-407.11,111,0.54645
-408.3,111,0.54703
-409.48,111,0.5476
-410.65,111,0.54817
-411.8,111,0.54874
-412.93,111,0.54931
-414.05,111,0.54988
-415.16,111,0.55044
-416.25,111,0.551
-417.32,111,0.55156
-418.38,111,0.55211
-419.42,111,0.55267
-420.44,111,0.55322
-421.45,111,0.55376
-422.44,111,0.55431
-423.41,111,0.55485
-424.37,111,0.55539
-425.31,111,0.55593
-426.24,111,0.55646
-427.14,111,0.557
-428.03,111,0.55753
-428.91,111,0.55805
-429.76,111,0.55858
-430.6,111,0.5591
-431.42,111,0.55962
-432.23,111,0.56014
-433.01,111,0.56065
-433.78,111,0.56116
-434.53,111,0.56167
-435.26,111,0.56218
-435.98,111,0.56268
-436.67,111,0.56318
-437.35,111,0.56368
-438.01,111,0.56417
-438.65,111,0.56467
-439.28,111,0.56516
-439.88,111,0.56564
-440.47,111,0.56613
-441.04,111,0.56661
-441.59,111,0.56709
-442.12,111,0.56757
-442.63,111,0.56804
-443.12,111,0.56851
-443.6,111,0.56898
-444.05,111,0.56945
-444.49,111,0.56991
-444.91,111,0.57037
-445.31,111,0.57083
-445.69,111,0.57128
-446.05,111,0.57174
-446.39,111,0.57219
-446.72,111,0.57263
-447.02,111,0.57308
-447.31,111,0.57352
-447.57,111,0.57396
-447.82,111,0.5744
-448.05,111,0.57483
-448.26,111,0.57526
-448.45,111,0.57569
-448.62,111,0.57611
-448.77,111,0.57654
-448.9,111,0.57696
-449.01,111,0.57738
-449.11,111,0.57779
-449.18,111,0.5782
-449.24,111,0.57861
-449.27,111,0.57902
-449.29,111,0.57943
-449.29,111,0.57983
-449.26,111,0.58023
-449.22,111,0.58062
-449.16,111,0.58102
-449.08,111,0.58141
-448.99,111,0.5818
-448.87,111,0.58218
-448.73,111,0.58257
-448.58,111,0.58295
-448.4,111,0.58333
-448.21,111,0.5837
-448,111,0.58408
-447.77,111,0.58445
-447.52,111,0.58482
-447.25,111,0.58518
-446.96,111,0.58555
-446.65,111,0.58591
-446.33,111,0.58627
-445.98,111,0.58662
-445.62,111,0.58698
-445.24,111,0.58733
-444.84,111,0.58768
-444.42,111,0.58802
-443.98,111,0.58837
-443.53,111,0.58871
-443.05,111,0.58904
-442.56,111,0.58938
-442.05,111,0.58972
-441.52,111,0.59005
-440.97,111,0.59038
-440.41,111,0.5907
-439.83,111,0.59103
-439.23,111,0.59135
-438.61,111,0.59167
-437.97,111,0.59199
-437.31,111,0.5923
-436.64,111,0.59261
-435.95,111,0.59292
-435.24,111,0.59323
-434.52,111,0.59354
-433.78,111,0.59384
-433.02,111,0.59414
-432.24,111,0.59444
-431.44,111,0.59474
-430.63,111,0.59503
-429.8,111,0.59532
-428.96,111,0.59561
-428.09,111,0.5959
-427.21,111,0.59619
-426.32,111,0.59647
-425.4,111,0.59675
-424.47,111,0.59703
-423.53,111,0.59731
-422.56,111,0.59758
-421.59,111,0.59785
-420.59,111,0.59812
-419.58,111,0.59839
-418.55,111,0.59866
-417.51,111,0.59892
-416.45,111,0.59918
-415.37,111,0.59944
-414.28,111,0.5997
-413.18,111,0.59996
-412.05,111,0.60021
-410.92,111,0.60046
-409.76,111,0.60071
-408.59,111,0.60096
-407.41,111,0.60121
-406.21,111,0.60145
-405,111,0.60169
-403.77,111,0.60193
-402.53,111,0.60217
-401.27,111,0.60241
-400,111,0.60264
-398.71,111,0.60287
-397.41,111,0.6031
-396.1,111,0.60333
-394.77,111,0.60356
-393.43,111,0.60378
-392.07,111,0.60401
-390.7,111,0.60423
-389.31,111,0.60445
-387.92,111,0.60466
-386.51,111,0.60488
-385.08,111,0.60509
-383.64,111,0.6053
-382.19,111,0.60551
-380.73,111,0.60572
-379.25,111,0.60593
-377.76,111,0.60614
-376.26,111,0.60634
-374.74,111,0.60654
-373.21,111,0.60674
-371.67,111,0.60694
-370.12,111,0.60713
-368.56,111,0.60733
-366.98,111,0.60752
-365.39,111,0.60771
-363.79,111,0.6079
-362.18,111,0.60809
-360.55,111,0.60828
-358.92,111,0.60847
-357.27,111,0.60865
-355.61,111,0.60883
-353.94,111,0.60901
-352.26,111,0.60919
-350.57,111,0.60937
-348.87,111,0.60954
-347.16,111,0.60972
-345.44,111,0.60989
-343.7,111,0.61006
-341.96,111,0.61023
-340.2,111,0.6104
-338.44,111,0.61057
-336.67,111,0.61073
-334.88,111,0.6109
-333.09,111,0.61106
-331.28,111,0.61122
-329.47,111,0.61138
-327.65,111,0.61154
-325.82,111,0.6117
-323.98,111,0.61185
-322.13,111,0.61201
-320.27,111,0.61216
-318.4,111,0.61231
-316.52,111,0.61246
-314.64,111,0.61261
-312.74,111,0.61276
-310.84,111,0.6129
-308.93,111,0.61305
-307.01,111,0.61319
-305.09,111,0.61333
-303.15,111,0.61348
-301.21,111,0.61362
-299.26,111,0.61375
-297.3,111,0.61389
-295.34,111,0.61403
-293.37,111,0.61416
-291.39,111,0.6143
-289.4,111,0.61443
-287.41,111,0.61456
-285.41,111,0.61469
-283.4,111,0.61482
-281.39,111,0.61495
-279.37,111,0.61507
-277.34,111,0.6152
-275.31,111,0.61532
-273.27,111,0.61545
-271.22,111,0.61557
-269.17,111,0.61569
-267.12,111,0.61581
-265.05,111,0.61593
-262.98,111,0.61605
-260.91,111,0.61616
-258.83,111,0.61628
-256.75,111,0.6164
-254.66,111,0.61651
-252.56,111,0.61662
-250.46,111,0.61673
-248.36,111,0.61684
-246.25,111,0.61695
-244.14,111,0.61706
-242.02,111,0.61717
-239.9,111,0.61728
-237.77,111,0.61738
-235.64,111,0.61749
-233.51,111,0.61759
-231.37,111,0.61769
-229.22,111,0.61779
-227.08,111,0.61789
-224.93,111,0.61799
-222.77,111,0.61809
-220.62,111,0.61819
-218.46,111,0.61829
-216.29,111,0.61839
-214.13,111,0.61848
-211.96,111,0.61858
-209.79,111,0.61867
-207.61,111,0.61876
-205.44,111,0.61885
-203.26,111,0.61894
-201.07,111,0.61903
-198.89,111,0.61912
-196.7,111,0.61921
-194.51,111,0.6193
-192.32,111,0.61939
-190.13,111,0.61947
-187.93,111,0.61956
-185.74,111,0.61964
-183.54,111,0.61973
-181.34,111,0.61981
-179.14,111,0.61989
-176.94,111,0.61997
-174.73,111,0.62005
-172.53,111,0.62013
-170.32,111,0.62021
-168.12,111,0.62029
-165.91,111,0.62037
-163.7,111,0.62044
-161.49,111,0.62052
-159.28,111,0.6206
-157.07,111,0.62067
-154.86,111,0.62075
-152.65,111,0.62082
-150.44,111,0.62089
-148.23,111,0.62096
-146.02,111,0.62103
-143.81,111,0.62111
-141.6,111,0.62118
-139.39,111,0.62124
-137.19,111,0.62131
-134.98,111,0.62138
-132.77,111,0.62145
-130.56,111,0.62151
-128.36,111,0.62158
-126.15,111,0.62165
-123.95,111,0.62171
-121.74,111,0.62178
-119.54,111,0.62184
-117.34,111,0.6219
-115.14,111,0.62196
-112.94,111,0.62203
-110.75,111,0.62209
-108.55,111,0.62215
-106.36,111,0.62221
-104.17,111,0.62227
-101.98,111,0.62233
-99.792,111,0.62238
-97.607,111,0.62244
-95.424,111,0.6225
-93.243,111,0.62256
-91.064,111,0.62261
-88.888,111,0.62267
-86.714,111,0.62272
-84.543,111,0.62278
-82.374,111,0.62283
-80.208,111,0.62289
-78.045,111,0.62294
-75.885,111,0.62299
-73.727,111,0.62304
-71.573,111,0.62309
-69.422,111,0.62315
-67.274,111,0.6232
-65.129,111,0.62325
-62.988,111,0.6233
-60.85,111,0.62334
-58.715,111,0.62339
-56.584,111,0.62344
-54.457,111,0.62349
-52.334,111,0.62354
-50.214,111,0.62358
-48.098,111,0.62363
-45.986,111,0.62368
-43.878,111,0.62372
-41.774,111,0.62377
-39.674,111,0.62381
-37.578,111,0.62385
-35.487,111,0.6239
-33.4,111,0.62394
-31.318,111,0.62398
-29.24,111,0.62403
-27.166,111,0.62407
-25.097,111,0.62411
-23.033,111,0.62415
-20.974,111,0.62419
-18.919,111,0.62423
-16.869,111,0.62427
-14.824,111,0.62431
-12.785,111,0.62435
-10.75,111,0.62439
-8.7205,111,0.62443
-6.6961,111,0.62447
-4.677,111,0.62451
-2.6633,111,0.62454
-0.65486,111,0.62458
1.3481,111,0.62462
3.3455,111,0.62465
5.3374,111,0.62469
7.3237,111,0.62472
9.3043,111,0.62476
11.279,111,0.6248
13.248,111,0.62483
15.211,111,0.62486
17.169,111,0.6249
19.12,111,0.62493
21.065,111,0.62496
23.005,111,0.625
24.938,111,0.62503
26.865,111,0.62506
28.786,111,0.62509
30.7,111,0.62513
32.609,111,0.62516
34.51,111,0.62519
36.406,111,0.62522
38.295,111,0.62525
40.177,111,0.62528
42.053,111,0.62531
43.922,111,0.62534
45.785,111,0.62537
47.641,111,0.6254
49.49,111,0.62543
51.332,111,0.62546
53.168,111,0.62548
54.996,111,0.62551
56.818,111,0.62554
58.632,111,0.62557
60.44,111,0.62559
62.241,111,0.62562
64.034,111,0.62565
65.82,111,0.62567
67.6,111,0.6257
69.371,111,0.62573
71.136,111,0.62575
72.893,111,0.62578
74.643,111,0.6258
76.386,111,0.62583
78.121,111,0.62585
79.849,111,0.62588
81.569,111,0.6259
83.282,111,0.62592
84.987,111,0.62595
86.685,111,0.62597
88.375,111,0.62599
90.057,111,0.62602
91.732,111,0.62604
93.399,111,0.62606
95.058,111,0.62608
96.709,111,0.62611
98.353,111,0.62613
99.988,111,0.62615
101.62,111,0.62617
103.24,111,0.62619
104.85,111,0.62621
106.45,111,0.62623
108.05,111,0.62625
109.64,111,0.62627
111.22,111,0.62629
112.79,111,0.62631
114.35,111,0.62633
115.91,111,0.62635
117.45,111,0.62637
118.99,111,0.62639
120.52,111,0.62641
122.05,111,0.62643
123.56,111,0.62645
125.07,111,0.62647
126.57,111,0.62649
128.06,111,0.6265
129.54,111,0.62652
131.01,111,0.62654
132.48,111,0.62656
133.93,111,0.62658
135.38,111,0.62659
136.82,111,0.62661
138.25,111,0.62663
139.67,111,0.62664
141.09,111,0.62666
142.49,111,0.62668
143.89,111,0.62669
145.28,111,0.62671
146.66,111,0.62672
148.03,111,0.62674
149.39,111,0.62676
150.75,111,0.62677
152.09,111,0.62679
153.43,111,0.6268
154.76,111,0.62682
156.08,111,0.62683
157.39,111,0.62685
158.69,111,0.62686
159.99,111,0.62688
161.27,111,0.62689
162.55,111,0.6269
163.82,111,0.62692
165.08,111,0.62693
166.33,111,0.62695
167.57,111,0.62696
168.8,111,0.62697
170.03,111,0.62699
171.24,111,0.627
172.45,111,0.62701
173.65,111,0.62702
174.84,111,0.62704
176.02,111,0.62705
177.19,111,0.62706
178.35,111,0.62708
179.51,111,0.62709
180.65,111,0.6271
181.79,111,0.62711
182.92,111,0.62712
184.04,111,0.62714
185.15,111,0.62715
186.25,111,0.62716
187.34,111,0.62717
188.43,111,0.62718
189.5,111,0.62719
190.57,111,0.6272
191.63,111,0.62722
192.68,111,0.62723
193.72,111,0.62724
194.75,111,0.62725
195.77,111,0.62726
196.79,111,0.62727
197.79,111,0.62728
198.79,111,0.62729
199.78,111,0.6273
200.76,111,0.62731
201.73,111,0.62732
202.69,111,0.62733
203.64,111,0.62734
204.59,111,0.62735
205.52,111,0.62736
206.45,111,0.62737
207.37,111,0.62738
208.28,111,0.62739
209.18,111,0.6274
210.07,111,0.62741
210.95,111,0.62741
211.83,111,0.62742
212.7,111,0.62743
213.55,111,0.62744
214.4,111,0.62745
215.24,111,0.62746
216.07,111,0.62747
216.9,111,0.62748
217.71,111,0.62748
218.52,111,0.62749
219.32,111,0.6275
220.11,111,0.62751
220.89,111,0.62752
221.66,111,0.62752
222.42,111,0.62753
223.18,111,0.62754
223.92,111,0.62755
224.66,111,0.62756
225.39,111,0.62756
226.11,111,0.62757
226.83,111,0.62758
227.53,111,0.62759
228.23,111,0.62759
228.91,111,0.6276
229.59,111,0.62761
230.26,111,0.62761
230.93,111,0.62762
231.58,111,0.62763
232.23,111,0.62763
232.87,111,0.62764
233.49,111,0.62765
234.12,111,0.62766
234.73,111,0.62766
235.33,111,0.62767
235.93,111,0.62767
236.52,111,0.62768
237.1,111,0.62769
237.67,111,0.62769
238.24,111,0.6277
238.79,111,0.62771
239.34,111,0.62771
239.88,111,0.62772
240.41,111,0.62772
240.94,111,0.62773
241.45,111,0.62774
241.96,111,0.62774
242.46,111,0.62775
242.96,111,0.62775
243.44,111,0.62776
243.92,111,0.62776
244.39,111,0.62777
244.85,111,0.62778
245.3,111,0.62778
245.75,111,0.62779
246.18,111,0.62779
246.61,111,0.6278
247.04,111,0.6278
247.45,111,0.62781
247.86,111,0.62781
248.26,111,0.62782
248.65,111,0.62782
249.03,111,0.62783
249.41,111,0.62783
249.78,111,0.62784
250.14,111,0.62784
250.5,111,0.62785
250.84,111,0.62785
251.18,111,0.62786
251.52,111,0.62786
251.84,111,0.62786
252.16,111,0.62787
252.47,111,0.62787
252.77,111,0.62788
253.07,111,0.62788
253.35,111,0.62789
253.64,111,0.62789
253.91,111,0.6279
254.18,111,0.6279
254.44,111,0.6279
254.69,111,0.62791
254.93,111,0.62791
255.17,111,0.62792
255.4,111,0.62792
255.63,111,0.62792
255.85,111,0.62793
256.06,111,0.62793
256.26,111,0.62794
256.46,111,0.62794
256.65,111,0.62794
256.83,111,0.62795
257.01,111,0.62795
257.18,111,0.62795
257.34,111,0.62796
257.5,111,0.62796
257.65,111,0.62796
257.79,111,0.62797
257.93,111,0.62797
258.06,111,0.62798
258.18,111,0.62798
258.3,111,0.62798
258.41,111,0.62799
258.51,111,0.62799
258.61,111,0.62799
258.7,111,0.628
258.79,111,0.628
258.87,111,0.628
258.94,111,0.628
259,111,0.62801
259.06,111,0.62801
259.12,111,0.62801
259.17,111,0.62802
259.21,111,0.62802
259.24,111,0.62802
259.27,111,0.62803
259.3,111,0.62803
259.31,111,0.62803
259.32,111,0.62803
259.33,111,0.62804
259.33,111,0.62804
259.32,111,0.62804
259.31,111,0.62805
259.29,111,0.62805
259.27,111,0.62805
259.24,111,0.62805
259.2,111,0.62806
259.16,111,0.62806
259.12,111,0.62806
259.06,111,0.62806
259.01,111,0.62807
258.94,111,0.62807
258.87,111,0.62807
258.8,111,0.62807
258.72,111,0.62808
258.63,111,0.62808
258.54,111,0.62808
258.45,111,0.62808
258.35,111,0.62809
258.24,111,0.62809
258.13,111,0.62809
258.01,111,0.62809
257.89,111,0.6281
257.76,111,0.6281
257.63,111,0.6281
257.49,111,0.6281
257.35,111,0.6281
257.2,111,0.62811
257.05,111,0.62811
256.89,111,0.62811
256.73,111,0.62811
256.56,111,0.62811
256.39,111,0.62812
256.21,111,0.62812
256.03,111,0.62812
255.84,111,0.62812
255.65,111,0.62812
255.46,111,0.62813
255.26,111,0.62813
255.05,111,0.62813
254.84,111,0.62813
254.63,111,0.62813
254.41,111,0.62814
254.18,111,0.62814
253.96,111,0.62814
253.72,111,0.62814
253.49,111,0.62814
253.25,111,0.62814
253,111,0.62815
252.75,111,0.62815
252.5,111,0.62815
252.24,111,0.62815
251.98,111,0.62815
251.71,111,0.62815
251.44,111,0.62816
251.16,111,0.62816
250.89,111,0.62816
250.6,111,0.62816
250.32,111,0.62816
250.02,111,0.62816
249.73,111,0.62817
249.43,111,0.62817
249.13,111,0.62817
248.82,111,0.62817
248.51,111,0.62817
248.2,111,0.62817
247.88,111,0.62817
247.56,111,0.62818
247.23,111,0.62818
246.9,111,0.62818
246.57,111,0.62818
246.24,111,0.62818
245.9,111,0.62818
245.55,111,0.62818
245.21,111,0.62819
244.86,111,0.62819
244.5,111,0.62819
244.15,111,0.62819
243.79,111,0.62819
243.42,111,0.62819
243.06,111,0.62819
242.69,111,0.62819
242.31,111,0.6282
241.94,111,0.6282
241.56,111,0.6282
241.17,111,0.6282
240.79,111,0.6282
240.4,111,0.6282
240.01,111,0.6282
239.61,111,0.6282
239.21,111,0.62821
238.81,111,0.62821
238.41,111,0.62821
238,111,0.62821
237.59,111,0.62821
237.18,111,0.62821
236.77,111,0.62821
236.35,111,0.62821
235.93,111,0.62821
235.5,111,0.62822
235.08,111,0.62822
234.65,111,0.62822
234.22,111,0.62822
233.78,111,0.62822
233.35,111,0.62822
232.91,111,0.62822
232.47,111,0.62822
232.02,111,0.62822
231.58,111,0.62822
231.13,111,0.62822
230.68,111,0.62823
230.22,111,0.62823
229.77,111,0.62823
229.31,111,0.62823
228.85,111,0.62823
228.39,111,0.62823
227.92,111,0.62823
227.45,111,0.62823
226.98,111,0.62823
226.51,111,0.62823
226.04,111,0.62823
225.56,111,0.62824
225.09,111,0.62824
224.61,111,0.62824
224.13,111,0.62824
223.64,111,0.62824
223.16,111,0.62824
222.67,111,0.62824
222.18,111,0.62824
221.69,111,0.62824
221.2,111,0.62824
220.7,111,0.62824
220.21,111,0.62824
219.71,111,0.62824
219.21,111,0.62825
218.71,111,0.62825
218.21,111,0.62825
217.7,111,0.62825
217.19,111,0.62825
216.69,111,0.62825
216.18,111,0.62825
215.67,111,0.62825
215.15,111,0.62825
214.64,111,0.62825
214.13,111,0.62825
213.61,111,0.62825
213.09,111,0.62825
212.57,111,0.62825
212.05,111,0.62826
211.53,111,0.62826
211.01,111,0.62826
210.48,111,0.62826
209.96,111,0.62826
209.43,111,0.62826
208.9,111,0.62826
208.37,111,0.62826
207.84,111,0.62826
207.31,111,0.62826
206.78,111,0.62826
206.25,111,0.62826
205.71,111,0.62826
205.18,111,0.62826
204.64,111,0.62826
204.1,111,0.62826
203.56,111,0.62826
203.03,111,0.62827
202.49,111,0.62827
201.94,111,0.62827
201.4,111,0.62827
200.86,111,0.62827
200.32,111,0.62827
199.77,111,0.62827
199.23,111,0.62827
198.68,111,0.62827
198.14,111,0.62827
197.59,111,0.62827
197.04,111,0.62827
196.49,111,0.62827
195.95,111,0.62827
195.4,111,0.62827
194.85,111,0.62827
194.3,111,0.62827
193.74,111,0.62827
193.19,111,0.62827
192.64,111,0.62827
192.09,111,0.62827
191.54,111,0.62828
190.98,111,0.62828
190.43,111,0.62828
189.88,111,0.62828
189.32,111,0.62828
188.77,111,0.62828
188.21,111,0.62828
187.66,111,0.62828
187.1,111,0.62828
186.55,111,0.62828
185.99,111,0.62828
185.44,111,0.62828
184.88,111,0.62828
184.32,111,0.62828
183.77,111,0.62828
183.21,111,0.62828
182.65,111,0.62828
182.1,111,0.62828
181.54,111,0.62828
180.98,111,0.62828
180.43,111,0.62828
179.87,111,0.62828
179.31,111,0.62828
178.76,111,0.62828
178.2,111,0.62828
177.65,111,0.62828
177.09,111,0.62829
176.53,111,0.62829
175.98,111,0.62829
175.42,111,0.62829
174.86,111,0.62829
174.31,111,0.62829
173.75,111,0.62829
173.2,111,0.62829
172.64,111,0.62829
172.09,111,0.62829
171.54,111,0.62829
170.98,111,0.62829
170.43,111,0.62829
169.87,111,0.62829
169.32,111,0.62829
168.77,111,0.62829
168.22,111,0.62829
167.67,111,0.62829
167.11,111,0.62829
166.56,111,0.62829
166.01,111,0.62829
165.46,111,0.62829
164.91,111,0.62829
164.36,111,0.62829
163.82,111,0.62829
163.27,111,0.62829
162.72,111,0.62829
162.17,111,0.62829
161.63,111,0.62829
161.08,111,0.62829
160.54,111,0.62829
159.99,111,0.62829
159.45,111,0.62829
158.91,111,0.62829
158.36,111,0.62829
157.82,111,0.62829
157.28,111,0.6283
156.74,111,0.6283
156.2,111,0.6283
155.66,111,0.6283
155.12,111,0.6283
154.59,111,0.6283
154.05,111,0.6283
153.51,111,0.6283
152.98,111,0.6283
152.45,111,0.6283
151.91,111,0.6283
151.38,111,0.6283
150.85,111,0.6283
150.32,111,0.6283
149.79,111,0.6283
149.26,111,0.6283
148.73,111,0.6283
148.21,111,0.6283
147.68,111,0.6283
147.15,111,0.6283
146.63,111,0.6283
146.11,111,0.6283
145.59,111,0.6283
145.06,111,0.6283
144.54,111,0.6283
144.03,111,0.6283
143.51,111,0.6283
142.99,111,0.6283
142.48,111,0.6283
141.96,111,0.6283
141.45,111,0.6283
140.93,111,0.6283
140.42,111,0.6283
139.91,111,0.6283
139.4,111,0.6283
138.9,111,0.6283
138.39,111,0.6283
137.88,111,0.6283
137.38,111,0.6283
136.88,111,0.6283
136.37,111,0.6283
135.87,111,0.6283
135.37,111,0.6283
134.88,111,0.6283
134.38,111,0.6283
133.88,111,0.6283
133.39,111,0.6283
132.89,111,0.6283
132.4,111,0.6283
131.91,111,0.6283
131.42,111,0.6283
130.93,111,0.6283
130.45,111,0.6283
129.96,111,0.6283
129.48,111,0.6283
129,111,0.62831
128.51,111,0.62831
128.03,111,0.62831
127.55,111,0.62831
127.08,111,0.62831
126.6,111,0.62831
126.13,111,0.62831
125.65,111,0.62831
125.18,111,0.62831
124.71,111,0.62831
124.24,111,0.62831
123.78,111,0.62831
123.31,111,0.62831
122.85,111,0.62831
122.38,111,0.62831
121.92,111,0.62831
121.46,111,0.62831
121,111,0.62831
120.54,111,0.62831
120.09,111,0.62831
119.63,111,0.62831
119.18,111,0.62831
118.73,111,0.62831
118.28,111,0.62831
117.83,111,0.62831
117.39,111,0.62831
116.94,111,0.62831
116.5,111,0.62831
116.06,111,0.62831
115.62,111,0.62831
115.18,111,0.62831
114.74,111,0.62831
114.3,111,0.62831
113.87,111,0.62831
113.44,111,0.62831
113.01,111,0.62831
112.58,111,0.62831
112.15,111,0.62831
111.72,111,0.62831
111.3,111,0.62831
110.88,111,0.62831
110.46,111,0.62831
110.04,111,0.62831
109.62,111,0.62831
109.2,111,0.62831
108.79,111,0.62831
108.37,111,0.62831
107.96,111,0.62831
107.55,111,0.62831
107.15,111,0.62831
106.74,111,0.62831
106.34,111,0.62831
105.93,111,0.62831
105.53,111,0.62831
105.13,111,0.62831
104.73,111,0.62831
104.34,111,0.62831
103.94,111,0.62831
103.55,111,0.62831
103.16,111,0.62831
102.77,111,0.62831
102.38,111,0.62831
102,111,0.62831
101.61,111,0.62831
101.23,111,0.62831
100.85,111,0.62831
100.47,111,0.62831
100.09,111,0.62831
99.717,111,0.62831
99.343,111,0.62831
98.971,111,0.62831
98.601,111,0.62831
98.232,111,0.62831
97.865,111,0.62831
97.5,111,0.62831
97.137,111,0.62831
96.775,111,0.62831
96.415,111,0.62831
96.057,111,0.62831
95.701,111,0.62831
95.346,111,0.62831
94.994,111,0.62831
94.643,111,0.62831
94.293,111,0.62831
93.946,111,0.62831
93.6,111,0.62831
93.256,111,0.62831
92.914,111,0.62831
92.574,111,0.62831
92.235,111,0.62831
91.898,111,0.62831
91.563,111,0.62831
91.23,111,0.62831
90.899,111,0.62831
90.569,111,0.62831
90.241,111,0.62831
89.915,111,0.62831
89.591,111,0.62831
89.268,111,0.62831
88.947,111,0.62831
88.628,111,0.62831
88.311,111,0.62831
87.996,111,0.62831
87.682,111,0.62831
87.37,111,0.62831
87.06,111,0.62831
86.752,111,0.62831
86.446,111,0.62831
86.141,111,0.62831
85.838,111,0.62831
85.537,111,0.62831
85.238,111,0.62831
84.94,111,0.62831
84.645,111,0.62831
84.351,111,0.62831
84.059,111,0.62831
83.768,111,0.62831
83.48,111,0.62831
83.193,111,0.62831
82.908,111,0.62831
82.625,111,0.62831
82.344,111,0.62831
82.064,111,0.62831
81.786,111,0.62831
81.51,111,0.62831
81.236,111,0.62831
80.964,111,0.62831
80.693,111,0.62831
80.424,111,0.62831
80.157,111,0.62831
79.892,111,0.62831
79.628,111,0.62831
79.367,111,0.62831
79.107,111,0.62831
78.848,111,0.62832
78.592,111,0.62832
78.337,111,0.62832
78.084,111,0.62832
77.833,111,0.62832
77.584,111,0.62832
77.336,111,0.62832
77.09,111,0.62832
76.846,111,0.62832
76.604,111,0.62832
76.364,111,0.62832
76.125,111,0.62832
75.888,111,0.62832
75.652,111,0.62832
75.419,111,0.62832
75.187,111,0.62832
74.957,111,0.62832
74.729,111,0.62832
74.502,111,0.62832
74.277,111,0.62832
74.054,111,0.62832
73.833,111,0.62832
73.613,111,0.62832
73.395,111,0.62832
73.179,111,0.62832
72.965,111,0.62832
72.752,111,0.62832
72.541,111,0.62832
72.332,111,0.62832
72.124,111,0.62832
71.918,111,0.62832
71.714,111,0.62832
71.512,111,0.62832
71.311,111,0.62832
71.112,111,0.62832
70.915,111,0.62832
70.719,111,0.62832
70.525,111,0.62832
70.333,111,0.62832
70.142,111,0.62832
69.953,111,0.62832
69.766,111,0.62832
69.58,111,0.62832
69.396,111,0.62832
69.214,111,0.62832
69.034,111,0.62832
68.855,111,0.62832
68.677,111,0.62832
68.502,111,0.62832
68.328,111,0.62832
68.156,111,0.62832
67.985,111,0.62832
67.816,111,0.62832
67.648,111,0.62832
67.483,111,0.62832
67.319,111,0.62832
67.156,111,0.62832
66.995,111,0.62832
66.836,111,0.62832
66.678,111,0.62832
66.522,111,0.62832
66.368,111,0.62832
66.215,111,0.62832
66.064,111,0.62832
65.914,111,0.62832
65.766,111,0.62832
65.619,111,0.62832
65.474,111,0.62832
65.331,111,0.62832
65.189,111,0.62832
65.049,111,0.62832
64.911,111,0.62832
64.773,111,0.62832
64.638,111,0.62832
64.504,111,0.62832
64.372,111,0.62832
64.241,111,0.62832
64.111,111,0.62832
63.984,111,0.62832
63.857,111,0.62832
63.732,111,0.62832
63.609,111,0.62832
63.488,111,0.62832
63.367,111,0.62832
63.249,111,0.62832
63.131,111,0.62832
63.016,111,0.62832
62.901,111,0.62832
62.789,111,0.62832
62.677,111,0.62832
62.568,111,0.62832
62.459,111,0.62832
62.352,111,0.62832
62.247,111,0.62832
62.143,111,0.62832
62.041,111,0.62832
61.94,111,0.62832
61.84,111,0.62832
61.742,111,0.62832
61.645,111,0.62832
61.55,111,0.62832
61.456,111,0.62832
61.364,111,0.62832
61.273,111,0.62832
61.183,111,0.62832
61.095,111,0.62832
61.008,111,0.62832
60.923,111,0.62832
60.839,111,0.62832
60.756,111,0.62832
60.675,111,0.62832
60.595,111,0.62832
60.516,111,0.62832
60.439,111,0.62832
60.363,111,0.62832
60.289,111,0.62832
60.216,111,0.62832
60.144,111,0.62832
60.073,111,0.62832
60.004,111,0.62832
59.936,111,0.62832
59.87,111,0.62832
59.805,111,0.62832
59.741,111,0.62832
59.678,111,0.62832
59.617,111,0.62832
59.557,111,0.62832
59.498,111,0.62832
59.441,111,0.62832
59.385,111,0.62832
59.33,111,0.62832
59.276,111,0.62832
59.224,111,0.62832
59.173,111,0.62832
59.123,111,0.62832
59.075,111,0.62832
59.027,111,0.62832
58.981,111,0.62832
58.936,111,0.62832
58.893,111,0.62832
58.85,111,0.62832
58.809,111,0.62832
58.769,111,0.62832
58.73,111,0.62832
58.692,111,0.62832
58.656,111,0.62832
58.621,111,0.62832
58.586,111,0.62832
58.554,111,0.62832
58.522,111,0.62832
58.491,111,0.62832
58.462,111,0.62832
58.433,111,0.62832
58.406,111,0.62832
58.38,111,0.62832
58.355,111,0.62832
58.331,111,0.62832
58.309,111,0.62832
58.287,111,0.62832
58.267,111,0.62832
58.247,111,0.62832
58.229,111,0.62832
58.212,111,0.62832
58.196,111,0.62832
58.181,111,0.62832
58.167,111,0.62832
58.154,111,0.62832
58.142,111,0.62832
58.132,111,0.62832
58.122,111,0.62832
58.113,111,0.62832
58.106,111,0.62832
58.099,111,0.62832
58.093,111,0.62832
58.089,111,0.62832
58.085,111,0.62832
58.083,111,0.62832
58.081,111,0.62832
58.081,111,0.62832
58.081,111,0.62832
58.083,111,0.62832
58.085,111,0.62832
58.089,111,0.62832
58.093,111,0.62832
58.098,111,0.62832
58.105,111,0.62832
58.112,111,0.62832
58.12,111,0.62832
58.129,111,0.62832
58.139,111,0.62832
58.15,111,0.62832
58.162,111,0.62832
58.175,111,0.62832
58.189,111,0.62832
58.204,111,0.62832
58.219,111,0.62832
58.236,111,0.62832
58.253,111,0.62832
58.271,111,0.62832
58.29,111,0.62832
58.31,111,0.62832
58.331,111,0.62832
58.353,111,0.62832
58.375,111,0.62832
58.399,111,0.62832
58.423,111,0.62832
58.448,111,0.62832
58.474,111,0.62832
58.501,111,0.62832
58.528,111,0.62832
58.556,111,0.62832
58.586,111,0.62832
58.616,111,0.62832
58.646,111,0.62832
58.678,111,0.62832
58.71,111,0.62832
58.743,111,0.62832
58.777,111,0.62832
58.812,111,0.62832
58.847,111,0.62832
58.883,111,0.62832
58.92,111,0.62832
58.958,111,0.62832
58.996,111,0.62832
59.035,111,0.62832
59.075,111,0.62832
59.116,111,0.62832
59.157,111,0.62832
59.199,111,0.62832
59.242,111,0.62832
59.285,111,0.62832
59.329,111,0.62832
59.374,111,0.62832
59.419,111,0.62832
59.466,111,0.62832
59.512,111,0.62832
59.56,111,0.62832
59.608,111,0.62832
59.657,111,0.62832
59.706,111,0.62832
59.756,111,0.62832
59.807,111,0.62832
59.858,111,0.62832
59.91,111,0.62832
59.963,111,0.62832
60.016,111,0.62832
60.07,111,0.62832
60.124,111,0.62832
60.179,111,0.62832
60.235,111,0.62832
60.291,111,0.62832
60.348,111,0.62832
60.405,111,0.62832
60.463,111,0.62832
60.522,111,0.62832
60.581,111,0.62832
60.641,111,0.62832
60.701,111,0.62832
60.761,111,0.62832
60.823,111,0.62832
60.885,111,0.62832
60.947,111,0.62832
61.01,111,0.62832
61.073,111,0.62832
61.137,111,0.62832
61.201,111,0.62832
61.266,111,0.62832
61.332,111,0.62832
61.398,111,0.62832
61.464,111,0.62832
61.531,111,0.62832
61.598,111,0.62832
61.666,111,0.62832
61.734,111,0.62832
61.803,111,0.62832
61.872,111,0.62832
61.942,111,0.62832
62.012,111,0.62832
62.083,111,0.62832
62.154,111,0.62832
62.225,111,0.62832
62.297,111,0.62832
62.369,111,0.62832
62.442,111,0.62832
62.515,111,0.62832
62.588,111,0.62832
62.662,111,0.62832
62.737,111,0.62832
62.811,111,0.62832
62.886,111,0.62832
62.962,111,0.62832
63.038,111,0.62832
63.114,111,0.62832
63.191,111,0.62832
63.268,111,0.62832
63.345,111,0.62832
63.423,111,0.62832
63.501,111,0.62832
63.579,111,0.62832
63.658,111,0.62832
63.737,111,0.62832
63.816,111,0.62832
63.896,111,0.62832
63.976,111,0.62832
64.056,111,0.62832
64.137,111,0.62832
64.218,111,0.62832
64.299,111,0.62832
64.38,111,0.62832
64.462,111,0.62832
64.544,111,0.62832
64.627,111,0.62832
64.709,111,0.62832
64.792,111,0.62832
64.876,111,0.62832
64.959,111,0.62832
65.043,111,0.62832
65.127,111,0.62832
65.211,111,0.62832
65.296,111,0.62832
65.38,111,0.62832
65.465,111,0.62832
65.551,111,0.62832
65.636,111,0.62832
65.722,111,0.62832
65.808,111,0.62832
65.894,111,0.62832
65.98,111,0.62832
66.067,111,0.62832
66.154,111,0.62832
66.24,111,0.62832
66.328,111,0.62832
66.415,111,0.62832
66.503,111,0.62832
66.59,111,0.62832
66.678,111,0.62832
66.766,111,0.62832
66.854,111,0.62832
66.943,111,0.62832
67.031,111,0.62832
67.12,111,0.62832
67.209,111,0.62832
67.298,111,0.62832
67.387,111,0.62832
67.477,111,0.62832
67.566,111,0.62832
67.656,111,0.62832
67.746,111,0.62832
67.835,111,0.62832
67.925,111,0.62832
68.016,111,0.62832
68.106,111,0.62832
68.196,111,0.62832
68.287,111,0.62832
68.377,111,0.62832
68.468,111,0.62832
68.559,111,0.62832
68.649,111,0.62832
68.74,111,0.62832
68.831,111,0.62832
68.922,111,0.62832
69.014,111,0.62832
69.105,111,0.62832
69.196,111,0.62832
69.288,111,0.62832
69.379,111,0.62832
69.471,111,0.62832
69.562,111,0.62832
69.654,111,0.62832
69.746,111,0.62832
69.837,111,0.62832
69.929,111,0.62832
70.021,111,0.62832
70.113,111,0.62832
70.205,111,0.62832
70.297,111,0.62832
70.389,111,0.62832
70.481,111,0.62832
70.573,111,0.62832
70.665,111,0.62832
70.757,111,0.62832
70.849,111,0.62832
70.941,111,0.62832
71.033,111,0.62832
71.125,111,0.62832
71.217,111,0.62832
71.309,111,0.62832
71.401,111,0.62832
71.493,111,0.62832
71.585,111,0.62832
71.677,111,0.62832
71.769,111,0.62832
71.861,111,0.62832
71.953,111,0.62832
72.045,111,0.62832
72.137,111,0.62832
72.228,111,0.62832
72.32,111,0.62832
72.412,111,0.62832
72.504,111,0.62832
72.595,111,0.62832
72.687,111,0.62832
72.778,111,0.62832
72.87,111,0.62832
72.961,111,0.62832
73.053,111,0.62832
73.144,111,0.62832
73.235,111,0.62832
73.326,111,0.62832
73.418,111,0.62832
73.509,111,0.62832
73.599,111,0.62832
73.69,111,0.62832
73.781,111,0.62832
73.872,111,0.62832
73.962,111,0.62832
74.053,111,0.62832
74.143,111,0.62832
74.234,111,0.62832
74.324,111,0.62832
74.414,111,0.62832
74.504,111,0.62832
74.594,111,0.62832
74.684,111,0.62832
74.773,111,0.62832
74.863,111,0.62832
74.952,111,0.62832
75.042,111,0.62832
75.131,111,0.62832
75.22,111,0.62832
75.309,111,0.62832
75.398,111,0.62832
75.486,111,0.62832
75.575,111,0.62832
75.663,111,0.62832
75.752,111,0.62832
75.84,111,0.62832
75.928,111,0.62832
76.016,111,0.62832
76.103,111,0.62832
76.191,111,0.62832
76.278,111,0.62832
76.366,111,0.62832
76.453,111,0.62832
76.54,111,0.62832
76.626,111,0.62832
76.713,111,0.62832
76.8,111,0.62832
76.886,111,0.62832
76.972,111,0.62832
77.058,111,0.62832
77.144,111,0.62832
77.229,111,0.62832
77.315,111,0.62832
77.4,111,0.62832
77.485,111,0.62832
77.57,111,0.62832
77.655,111,0.62832
77.739,111,0.62832
77.824,111,0.62832
77.908,111,0.62832
77.992,111,0.62832
78.076,111,0.62832
78.159,111,0.62832
78.243,111,0.62832
78.326,111,0.62832
78.409,111,0.62832
78.492,111,0.62832
78.574,111,0.62832
78.657,111,0.62832
78.739,111,0.62832
78.821,111,0.62832
78.903,111,0.62832
78.984,111,0.62832
79.066,111,0.62832
79.147,111,0.62832
79.228,111,0.62832
79.309,111,0.62832
79.389,111,0.62832
79.469,111,0.62832
79.549,111,0.62832
79.629,111,0.62832
79.709,111,0.62832
79.788,111,0.62832
79.868,111,0.62832
79.946,111,0.62832
80.025,111,0.62832
80.104,111,0.62832
80.182,111,0.62832
80.26,111,0.62832
80.338,111,0.62832
80.415,111,0.62832
80.493,111,0.62832
80.57,111,0.62832
80.647,111,0.62832
80.723,111,0.62832
80.8,111,0.62832
80.876,111,0.62832
80.952,111,0.62832
81.027,111,0.62832
81.103,111,0.62832
81.178,111,0.62832
81.253,111,0.62832
81.327,111,0.62832
81.402,111,0.62832
81.476,111,0.62832
81.55,111,0.62832
81.623,111,0.62832
81.697,111,0.62832
81.77,111,0.62832
81.843,111,0.62832
81.915,111,0.62832
81.988,111,0.62832
82.06,111,0.62832
82.132,111,0.62832
82.203,111,0.62832
82.275,111,0.62832
82.346,111,0.62832
82.416,111,0.62832
82.487,111,0.62832
82.557,111,0.62832
82.627,111,0.62832
82.697,111,0.62832
82.766,111,0.62832
82.836,111,0.62832
82.904,111,0.62832
82.973,111,0.62832
83.041,111,0.62832
83.11,111,0.62832
83.177,111,0.62832
83.245,111,0.62832
83.312,111,0.62832
83.379,111,0.62832
83.446,111,0.62832
83.512,111,0.62832
83.579,111,0.62832
83.645,111,0.62832
83.71,111,0.62832
83.776,111,0.62832
83.841,111,0.62832
83.905,111,0.62832
83.97,111,0.62832
84.034,111,0.62832
84.098,111,0.62832
84.162,111,0.62832
84.225,111,0.62832
84.288,111,0.62832
84.351,111,0.62832
84.414,111,0.62832
84.476,111,0.62832
84.538,111,0.62832
84.6,111,0.62832
84.661,111,0.62832
84.722,111,0.62832
84.783,111,0.62832
84.844,111,0.62832
84.904,111,0.62832
84.964,111,0.62832
85.023,111,0.62832
85.083,111,0.62832
85.142,111,0.62832
85.201,111,0.62832
85.259,111,0.62832
85.318,111,0.62832
85.376,111,0.62832
85.433,111,0.62832
85.491,111,0.62832
85.548,111,0.62832
85.604,111,0.62832
85.661,111,0.62832
85.717,111,0.62832
85.773,111,0.62832
85.829,111,0.62832
85.884,111,0.62832
85.939,111,0.62832
85.994,111,0.62832
86.048,111,0.62832
86.103,111,0.62832
86.156,111,0.62832
86.21,111,0.62832
86.263,111,0.62832
86.316,111,0.62832
86.369,111,0.62832
86.421,111,0.62832
86.474,111,0.62832
86.525,111,0.62832
86.577,111,0.62832
86.628,111,0.62832
86.679,111,0.62832
86.73,111,0.62832
86.78,111,0.62832
86.83,111,0.62832
86.88,111,0.62832
86.93,111,0.62832
86.979,111,0.62832
87.028,111,0.62832
87.076,111,0.62832
87.125,111,0.62832
87.173,111,0.62832
87.221,111,0.62832
87.268,111,0.62832
87.315,111,0.62832
87.362,111,0.62832
87.409,111,0.62832
87.455,111,0.62832
87.501,111,0.62832
87.547,111,0.62832
87.592,111,0.62832
87.637,111,0.62832
87.682,111,0.62832
87.727,111,0.62832
87.771,111,0.62832
87.815,111,0.62832
87.858,111,0.62832
87.902,111,0.62832
87.945,111,0.62832
87.988,111,0.62832
88.03,111,0.62832
88.073,111,0.62832
88.114,111,0.62832
88.156,111,0.62832
88.197,111,0.62832
88.239,111,0.62832
88.279,111,0.62832
88.32,111,0.62832
88.36,111,0.62832
88.4,111,0.62832
88.44,111,0.62832
88.479,111,0.62832
88.518,111,0.62832
88.557,111,0.62832
88.595,111,0.62832
88.634,111,0.62832
88.672,111,0.62832
88.709,111,0.62832
88.747,111,0.62832
88.784,111,0.62832
88.82,111,0.62832
88.857,111,0.62832
88.893,111,0.62832
88.929,111,0.62832
88.965,111,0.62832
89,111,0.62832
89.035,111,0.62832
89.07,111,0.62832
89.105,111,0.62832
89.139,111,0.62832
89.173,111,0.62832
89.207,111,0.62832
89.24,111,0.62832
89.273,111,0.62832
89.306,111,0.62832
89.339,111,0.62832
89.371,111,0.62832
89.403,111,0.62832
89.435,111,0.62832
89.467,111,0.62832
89.498,111,0.62832
89.529,111,0.62832
89.56,111,0.62832
89.59,111,0.62832
89.62,111,0.62832
89.65,111,0.62832
89.68,111,0.62832
89.709,111,0.62832
89.738,111,0.62832
89.767,111,0.62832
89.796,111,0.62832
89.824,111,0.62832
89.852,111,0.62832
89.88,111,0.62832
89.907,111,0.62832
89.934,111,0.62832
89.961,111,0.62832
89.988,111,0.62832
90.014,111,0.62832
90.041,111,0.62832
90.067,111,0.62832
90.092,111,0.62832
90.118,111,0.62832
90.143,111,0.62832
90.168,111,0.62832
90.192,111,0.62832
90.217,111,0.62832
90.241,111,0.62832
90.264,111,0.62832
90.288,111,0.62832
90.311,111,0.62832
90.334,111,0.62832
90.357,111,0.62832
90.38,111,0.62832
90.402,111,0.62832
90.424,111,0.62832
90.446,111,0.62832
90.468,111,0.62832
90.489,111,0.62832
90.51,111,0.62832
90.531,111,0.62832
90.551,111,0.62832
90.572,111,0.62832
90.592,111,0.62832
90.612,111,0.62832
90.631,111,0.62832
90.651,111,0.62832
90.67,111,0.62832
90.689,111,0.62832
90.707,111,0.62832
90.726,111,0.62832
90.744,111,0.62832
90.762,111,0.62832
90.779,111,0.62832
90.797,111,0.62832
90.814,111,0.62832
90.831,111,0.62832
90.847,111,0.62832
90.864,111,0.62832
90.88,111,0.62832
90.896,111,0.62832
90.912,111,0.62832
90.928,111,0.62832
90.943,111,0.62832
90.958,111,0.62832
90.973,111,0.62832
90.987,111,0.62832
91.002,111,0.62832
91.016,111,0.62832
91.03,111,0.62832
91.044,111,0.62832
91.057,111,0.62832
91.07,111,0.62832
91.083,111,0.62832
91.096,111,0.62832
91.109,111,0.62832
91.121,111,0.62832
91.133,111,0.62832
91.145,111,0.62832
91.157,111,0.62832
91.169,111,0.62832
91.18,111,0.62832
91.191,111,0.62832
91.202,111,0.62832
91.212,111,0.62832
91.223,111,0.62832
91.233,111,0.62832
91.243,111,0.62832
91.253,111,0.62832
91.262,111,0.62832
91.272,111,0.62832
91.281,111,0.62832
91.29,111,0.62832
91.299,111,0.62832
91.307,111,0.62832
91.316,111,0.62832
91.324,111,0.62832
91.332,111,0.62832
91.339,111,0.62832
91.347,111,0.62832
91.354,111,0.62832
91.361,111,0.62832
91.368,111,0.62832
91.375,111,0.62832
91.382,111,0.62832
91.388,111,0.62832
91.394,111,0.62832
91.4,111,0.62832
91.406,111,0.62832
91.411,111,0.62832
91.417,111,0.62832
91.422,111,0.62832
91.427,111,0.62832
91.432,111,0.62832
91.436,111,0.62832
91.441,111,0.62832
91.445,111,0.62832
91.449,111,0.62832
91.453,111,0.62832
91.457,111,0.62832
91.46,111,0.62832
91.463,111,0.62832
91.467,111,0.62832
91.47,111,0.62832
91.472,111,0.62832
91.475,111,0.62832
91.477,111,0.62832
91.48,111,0.62832
91.482,111,0.62832
91.484,111,0.62832
91.485,111,0.62832
91.487,111,0.62832
91.488,111,0.62832
91.489,111,0.62832
91.49,111,0.62832
91.491,111,0.62832
91.492,111,0.62832
91.492,111,0.62832
91.493,111,0.62832
91.493,111,0.62832
91.493,111,0.62832
91.493,111,0.62832
91.492,111,0.62832
91.492,111,0.62832
91.491,111,0.62832
91.49,111,0.62832
91.489,111,0.62832
91.488,111,0.62832
91.487,111,0.62832
91.486,111,0.62832
91.484,111,0.62832
91.482,111,0.62832
91.48,111,0.62832
91.478,111,0.62832
91.476,111,0.62832
91.474,111,0.62832
91.471,111,0.62832
91.468,111,0.62832
91.465,111,0.62832
91.462,111,0.62832
91.459,111,0.62832
91.456,111,0.62832
91.453,111,0.62832
91.449,111,0.62832
91.445,111,0.62832
91.441,111,0.62832
91.437,111,0.62832
91.433,111,0.62832
91.429,111,0.62832
91.424,111,0.62832
91.42,111,0.62832
91.415,111,0.62832
91.41,111,0.62832
91.405,111,0.62832
91.4,111,0.62832
91.395,111,0.62832
91.389,111,0.62832
91.384,111,0.62832
91.378,111,0.62832
91.372,111,0.62832
91.366,111,0.62832
91.36,111,0.62832
91.354,111,0.62832
91.348,111,0.62832
91.341,111,0.62832
91.335,111,0.62832
91.328,111,0.62832
91.321,111,0.62832
91.314,111,0.62832
91.307,111,0.62832
91.3,111,0.62832
91.292,111,0.62832
91.285,111,0.62832
91.277,111,0.62832
91.27,111,0.62832
91.262,111,0.62832
91.254,111,0.62832
91.246,111,0.62832
91.237,111,0.62832
91.229,111,0.62832
91.221,111,0.62832
91.212,111,0.62832
91.203,111,0.62832
91.195,111,0.62832
91.186,111,0.62832
91.177,111,0.62832
91.168,111,0.62832
91.158,111,0.62832
91.149,111,0.62832
91.14,111,0.62832
91.13,111,0.62832
91.121,111,0.62832
91.111,111,0.62832
91.101,111,0.62832
91.091,111,0.62832
91.081,111,0.62832
91.071,111,0.62832
91.06,111,0.62832
91.05,111,0.62832
91.04,111,0.62832
91.029,111,0.62832
91.018,111,0.62832
91.007,111,0.62832
90.997,111,0.62832
90.986,111,0.62832
90.975,111,0.62832
90.963,111,0.62832
90.952,111,0.62832
90.941,111,0.62832
90.929,111,0.62832
90.918,111,0.62832
90.906,111,0.62832
90.894,111,0.62832
90.883,111,0.62832
90.871,111,0.62832
90.859,111,0.62832
90.847,111,0.62832
90.834,111,0.62832
90.822,111,0.62832
90.81,111,0.62832
90.797,111,0.62832
90.785,111,0.62832
90.772,111,0.62832
90.76,111,0.62832
90.747,111,0.62832
90.734,111,0.62832
90.721,111,0.62832
90.708,111,0.62832
90.695,111,0.62832
90.682,111,0.62832
90.669,111,0.62832
90.655,111,0.62832
90.642,111,0.62832
90.628,111,0.62832
90.615,111,0.62832
90.601,111,0.62832
90.587,111,0.62832
90.574,111,0.62832
90.56,111,0.62832
90.546,111,0.62832
90.532,111,0.62832
90.518,111,0.62832
90.504,111,0.62832
90.49,111,0.62832
90.475,111,0.62832
90.461,111,0.62832
90.447,111,0.62832
90.432,111,0.62832
90.418,111,0.62832
90.403,111,0.62832
90.388,111,0.62832
90.374,111,0.62832
90.359,111,0.62832
90.344,111,0.62832
90.329,111,0.62832
90.314,111,0.62832
90.299,111,0.62832
90.284,111,0.62832
90.269,111,0.62832
90.254,111,0.62832
90.239,111,0.62832
90.223,111,0.62832
90.208,111,0.62832
90.192,111,0.62832
90.177,111,0.62832
90.161,111,0.62832
90.146,111,0.62832
90.13,111,0.62832
90.115,111,0.62832
90.099,111,0.62832
90.083,111,0.62832
90.067,111,0.62832
90.051,111,0.62832
90.035,111,0.62832
90.019,111,0.62832
90.003,111,0.62832
89.987,111,0.62832
89.971,111,0.62832
89.955,111,0.62832
89.939,111,0.62832
89.922,111,0.62832
89.906,111,0.62832
89.89,111,0.62832
89.873,111,0.62832
89.857,111,0.62832
89.84,111,0.62832
89.824,111,0.62832
89.807,111,0.62832
89.791,111,0.62832
89.774,111,0.62832
89.757,111,0.62832
89.741,111,0.62832
89.724,111,0.62832
89.707,111,0.62832
89.69,111,0.62832
89.673,111,0.62832
89.657,111,0.62832
89.64,111,0.62832
89.623,111,0.62832
89.606,111,0.62832
89.589,111,0.62832
89.571,111,0.62832
89.554,111,0.62832
89.537,111,0.62832
89.52,111,0.62832
89.503,111,0.62832
89.486,111,0.62832
89.468,111,0.62832
89.451,111,0.62832
89.434,111,0.62832
89.416,111,0.62832
89.399,111,0.62832
89.382,111,0.62832
89.364,111,0.62832
89.347,111,0.62832
89.329,111,0.62832
89.312,111,0.62832
89.294,111,0.62832
89.277,111,0.62832
89.259,111,0.62832
89.242,111,0.62832
89.224,111,0.62832
89.206,111,0.62832
89.189,111,0.62832
89.171,111,0.62832
89.153,111,0.62832
89.136,111,0.62832
89.118,111,0.62832
89.1,111,0.62832
89.082,111,0.62832
89.065,111,0.62832
89.047,111,0.62832
89.029,111,0.62832
89.011,111,0.62832
88.993,111,0.62832
88.975,111,0.62832
88.958,111,0.62832
88.94,111,0.62832
88.922,111,0.62832
88.904,111,0.62832
88.886,111,0.62832
88.868,111,0.62832
88.85,111,0.62832
88.832,111,0.62832
88.814,111,0.62832
88.796,111,0.62832
88.778,111,0.62832
88.76,111,0.62832
88.742,111,0.62832
88.724,111,0.62832
88.706,111,0.62832
88.688,111,0.62832
88.67,111,0.62832
88.652,111,0.62832
88.634,111,0.62832
88.616,111,0.62832
88.598,111,0.62832
88.58,111,0.62832
88.561,111,0.62832
88.543,111,0.62832
88.525,111,0.62832
88.507,111,0.62832
88.489,111,0.62832
88.471,111,0.62832
88.453,111,0.62832
88.435,111,0.62832
88.417,111,0.62832
88.399,111,0.62832
88.38,111,0.62832
88.362,111,0.62832
88.344,111,0.62832
88.326,111,0.62832
88.308,111,0.62832
88.29,111,0.62832
88.272,111,0.62832
88.254,111,0.62832
88.236,111,0.62832
88.217,111,0.62832
88.199,111,0.62832
88.181,111,0.62832
88.163,111,0.62832
88.145,111,0.62832
88.127,111,0.62832
88.109,111,0.62832
88.091,111,0.62832
88.073,111,0.62832
88.055,111,0.62832
88.037,111,0.62832
88.019,111,0.62832
88.001,111,0.62832
87.983,111,0.62832
87.964,111,0.62832
87.946,111,0.62832
87.928,111,0.62832
87.91,111,0.62832
87.892,111,0.62832
87.874,111,0.62832
87.857,111,0.62832
87.839,111,0.62832
87.821,111,0.62832
87.803,111,0.62832
87.785,111,0.62832
87.767,111,0.62832
87.749,111,0.62832
87.731,111,0.62832
87.713,111,0.62832
87.695,111,0.62832
87.677,111,0.62832
87.66,111,0.62832
87.642,111,0.62832
87.624,111,0.62832
87.606,111,0.62832
87.588,111,0.62832
87.571,111,0.62832
87.553,111,0.62832
87.535,111,0.62832
87.517,111,0.62832
87.5,111,0.62832
87.482,111,0.62832
87.464,111,0.62832
87.447,111,0.62832
87.429,111,0.62832
87.411,111,0.62832
87.394,111,0.62832
87.376,111,0.62832
87.359,111,0.62832
87.341,111,0.62832
87.323,111,0.62832
87.306,111,0.62832
87.288,111,0.62832
87.271,111,0.62832
87.254,111,0.62832
87.236,111,0.62832
87.219,111,0.62832
87.201,111,0.62832
87.184,111,0.62832
87.167,111,0.62832
87.149,111,0.62832
87.132,111,0.62832
87.115,111,0.62832
87.097,111,0.62832
87.08,111,0.62832
87.063,111,0.62832
87.046,111,0.62832
87.029,111,0.62832
87.011,111,0.62832
86.994,111,0.62832
86.977,111,0.62832
86.96,111,0.62832
86.943,111,0.62832
86.926,111,0.62832
86.909,111,0.62832
86.892,111,0.62832
86.875,111,0.62832
86.858,111,0.62832
86.841,111,0.62832
86.824,111,0.62832
86.807,111,0.62832
86.791,111,0.62832
86.774,111,0.62832
86.757,111,0.62832
86.74,111,0.62832
86.724,111,0.62832
86.707,111,0.62832
86.69,111,0.62832
86.673,111,0.62832
86.657,111,0.62832
86.64,111,0.62832
86.624,111,0.62832
86.607,111,0.62832
86.591,111,0.62832
86.574,111,0.62832
86.558,111,0.62832
86.541,111,0.62832
86.525,111,0.62832
86.509,111,0.62832
86.492,111,0.62832
86.476,111,0.62832
86.46,111,0.62832
86.443,111,0.62832
86.427,111,0.62832
86.411,111,0.62832
86.395,111,0.62832
86.379,111,0.62832
86.363,111,0.62832
86.347,111,0.62832
86.331,111,0.62832
86.315,111,0.62832
86.299,111,0.62832
86.283,111,0.62832
86.267,111,0.62832
86.251,111,0.62832
86.235,111,0.62832
86.219,111,0.62832
86.204,111,0.62832
86.188,111,0.62832
86.172,111,0.62832
86.156,111,0.62832
86.141,111,0.62832
86.125,111,0.62832
86.11,111,0.62832
86.094,111,0.62832
86.079,111,0.62832
86.063,111,0.62832
86.048,111,0.62832
86.032,111,0.62832
86.017,111,0.62832
86.002,111,0.62832
85.986,111,0.62832
85.971,111,0.62832
85.956,111,0.62832
85.941,111,0.62832
85.925,111,0.62832
85.91,111,0.62832
85.895,111,0.62832
85.88,111,0.62832
85.865,111,0.62832
85.85,111,0.62832
85.835,111,0.62832
85.82,111,0.62832
85.805,111,0.62832
85.79,111,0.62832
85.776,111,0.62832
85.761,111,0.62832
85.746,111,0.62832
85.731,111,0.62832
85.717,111,0.62832
85.702,111,0.62832
85.688,111,0.62832
85.673,111,0.62832
85.658,111,0.62832
85.644,111,0.62832
85.629,111,0.62832
85.615,111,0.62832
85.601,111,0.62832
85.586,111,0.62832
85.572,111,0.62832
85.558,111,0.62832
85.544,111,0.62832
85.529,111,0.62832
85.515,111,0.62832
85.501,111,0.62832
85.487,111,0.62832
85.473,111,0.62832
85.459,111,0.62832
85.445,111,0.62832
85.431,111,0.62832
85.417,111,0.62832
85.403,111,0.62832
85.389,111,0.62832
85.376,111,0.62832
85.362,111,0.62832
85.348,111,0.62832
85.334,111,0.62832
85.321,111,0.62832
85.307,111,0.62832
85.294,111,0.62832
85.28,111,0.62832
85.267,111,0.62832
85.253,111,0.62832
85.24,111,0.62832
85.226,111,0.62832
85.213,111,0.62832
85.2,111,0.62832
85.187,111,0.62832
85.173,111,0.62832
85.16,111,0.62832
85.147,111,0.62832
85.134,111,0.62832
85.121,111,0.62832
85.108,111,0.62832
85.095,111,0.62832
85.082,111,0.62832
85.069,111,0.62832
85.056,111,0.62832
85.043,111,0.62832
85.03,111,0.62832
85.018,111,0.62832
85.005,111,0.62832
84.992,111,0.62832
84.98,111,0.62832
84.967,111,0.62832
84.955,111,0.62832
84.942,111,0.62832
84.929,111,0.62832
84.917,111,0.62832
84.905,111,0.62832
84.892,111,0.62832
84.88,111,0.62832
84.868,111,0.62832
84.855,111,0.62832
84.843,111,0.62832
84.831,111,0.62832
84.819,111,0.62832
84.807,111,0.62832
84.795,111,0.62832
84.783,111,0.62832
84.771,111,0.62832
84.759,111,0.62832
84.747,111,0.62832
84.735,111,0.62832
84.723,111,0.62832
84.711,111,0.62832
84.7,111,0.62832
84.688,111,0.62832
84.676,111,0.62832
84.665,111,0.62832
84.653,111,0.62832
84.641,111,0.62832
84.63,111,0.62832
84.618,111,0.62832
84.607,111,0.62832
84.596,111,0.62832
84.584,111,0.62832
84.573,111,0.62832
84.562,111,0.62832
84.55,111,0.62832
84.539,111,0.62832
84.528,111,0.62832
84.517,111,0.62832
84.506,111,0.62832
84.495,111,0.62832
84.484,111,0.62832
84.473,111,0.62832
84.462,111,0.62832
84.451,111,0.62832
84.44,111,0.62832
84.429,111,0.62832
84.418,111,0.62832
84.408,111,0.62832
84.397,111,0.62832
84.386,111,0.62832
84.376,111,0.62832
84.365,111,0.62832
84.354,111,0.62832
84.344,111,0.62832
84.333,111,0.62832
84.323,111,0.62832
84.313,111,0.62832
84.302,111,0.62832
84.292,111,0.62832
84.282,111,0.62832
84.271,111,0.62832
84.261,111,0.62832
84.251,111,0.62832
84.241,111,0.62832
84.231,111,0.62832
84.221,111,0.62832
84.211,111,0.62832
84.201,111,0.62832
84.191,111,0.62832
84.181,111,0.62832
84.171,111,0.62832
84.161,111,0.62832
84.151,111,0.62832
84.141,111,0.62832
84.132,111,0.62832
84.122,111,0.62832
84.112,111,0.62832
84.103,111,0.62832
84.093,111,0.62832
84.083,111,0.62832
84.074,111,0.62832
84.064,111,0.62832
84.055,111,0.62832
84.046,111,0.62832
84.036,111,0.62832
84.027,111,0.62832
84.018,111,0.62832
84.008,111,0.62832
83.999,111,0.62832
83.99,111,0.62832
83.981,111,0.62832
83.972,111,0.62832
83.962,111,0.62832
83.953,111,0.62832
83.944,111,0.62832
83.935,111,0.62832
83.926,111,0.62832
83.918,111,0.62832
83.909,111,0.62832
83.9,111,0.62832
83.891,111,0.62832
83.882,111,0.62832
83.873,111,0.62832
83.865,111,0.62832
83.856,111,0.62832
83.847,111,0.62832
83.839,111,0.62832
83.83,111,0.62832
83.822,111,0.62832
83.813,111,0.62832
83.805,111,0.62832
83.796,111,0.62832
83.788,111,0.62832
83.78,111,0.62832
83.771,111,0.62832
83.763,111,0.62832
83.755,111,0.62832
83.746,111,0.62832
83.738,111,0.62832
83.73,111,0.62832
83.722,111,0.62832
83.714,111,0.62832
83.706,111,0.62832
83.698,111,0.62832
83.69,111,0.62832
83.682,111,0.62832
83.674,111,0.62832
83.666,111,0.62832
83.658,111,0.62832
83.65,111,0.62832
83.642,111,0.62832
83.635,111,0.62832
83.627,111,0.62832
83.619,111,0.62832
83.612,111,0.62832
83.604,111,0.62832
83.596,111,0.62832
83.589,111,0.62832
83.581,111,0.62832
83.574,111,0.62832
83.566,111,0.62832
83.559,111,0.62832
83.551,111,0.62832
83.544,111,0.62832
83.536,111,0.62832
83.529,111,0.62832
83.522,111,0.62832
83.515,111,0.62832
83.507,111,0.62832
83.5,111,0.62832
83.493,111,0.62832
83.486,111,0.62832
83.479,111,0.62832
83.471,111,0.62832
83.464,111,0.62832
83.457,111,0.62832
83.45,111,0.62832
83.443,111,0.62832
83.436,111,0.62832
83.43,111,0.62832
83.423,111,0.62832
83.416,111,0.62832
83.409,111,0.62832
83.402,111,0.62832
83.395,111,0.62832
83.389,111,0.62832
83.382,111,0.62832
83.375,111,0.62832
83.369,111,0.62832
83.362,111,0.62832
83.355,111,0.62832
83.349,111,0.62832
83.342,111,0.62832
83.336,111,0.62832
83.329,111,0.62832
83.323,111,0.62832
83.316,111,0.62832
83.31,111,0.62832
83.303,111,0.62832
83.297,111,0.62832
83.291,111,0.62832
83.284,111,0.62832
83.278,111,0.62832
83.272,111,0.62832
83.266,111,0.62832
83.259,111,0.62832
83.253,111,0.62832
83.247,111,0.62832
83.241,111,0.62832
83.235,111,0.62832
83.229,111,0.62832
83.223,111,0.62832
83.217,111,0.62832
83.211,111,0.62832
83.205,111,0.62832
83.199,111,0.62832
83.193,111,0.62832
83.187,111,0.62832
83.181,111,0.62832
83.175,111,0.62832
83.169,111,0.62832
83.164,111,0.62832
83.158,111,0.62832
83.152,111,0.62832
83.146,111,0.62832
83.141,111,0.62832
83.135,111,0.62832
83.129,111,0.62832
83.124,111,0.62832
83.118,111,0.62832
83.112,111,0.62832
83.107,111,0.62832
83.101,111,0.62832
83.096,111,0.62832
83.09,111,0.62832
83.085,111,0.62832
83.079,111,0.62832
83.074,111,0.62832
83.069,111,0.62832
83.063,111,0.62832
83.058,111,0.62832
83.052,111,0.62832
83.047,111,0.62832
83.042,111,0.62832
83.037,111,0.62832
83.031,111,0.62832
83.026,111,0.62832
83.021,111,0.62832
83.016,111,0.62832
83.01,111,0.62832
83.005,111,0.62832
83,111,0.62832
82.995,111,0.62832
82.99,111,0.62832
82.985,111,0.62832
82.98,111,0.62832
82.975,111,0.62832
82.97,111,0.62832
82.965,111,0.62832
82.96,111,0.62832
82.955,111,0.62832
82.95,111,0.62832
82.945,111,0.62832
82.94,111,0.62832
82.935,111,0.62832
82.93,111,0.62832
82.925,111,0.62832
82.921,111,0.62832
82.916,111,0.62832
82.911,111,0.62832
82.906,111,0.62832
82.901,111,0.62832
82.897,111,0.62832
82.892,111,0.62832
82.887,111,0.62832
82.883,111,0.62832
82.878,111,0.62832
82.873,111,0.62832
82.869,111,0.62832
82.864,111,0.62832
82.859,111,0.62832
82.855,111,0.62832
82.85,111,0.62832
82.846,111,0.62832
82.841,111,0.62832
82.837,111,0.62832
82.832,111,0.62832
82.828,111,0.62832
82.823,111,0.62832
82.819,111,0.62832
82.814,111,0.62832
82.81,111,0.62832
82.805,111,0.62832
82.801,111,0.62832
82.797,111,0.62832
82.792,111,0.62832
82.788,111,0.62832
82.784,111,0.62832
82.779,111,0.62832
82.775,111,0.62832
82.771,111,0.62832
82.766,111,0.62832
82.762,111,0.62832
82.758,111,0.62832
82.754,111,0.62832
82.749,111,0.62832
82.745,111,0.62832
82.741,111,0.62832
82.737,111,0.62832
82.733,111,0.62832
82.728,111,0.62832
82.724,111,0.62832
82.72,111,0.62832
82.716,111,0.62832
82.712,111,0.62832
82.708,111,0.62832
82.704,111,0.62832
82.7,111,0.62832
82.696,111,0.62832
82.692,111,0.62832
82.687,111,0.62832
82.683,111,0.62832
82.679,111,0.62832
82.675,111,0.62832
82.671,111,0.62832
82.667,111,0.62832
82.663,111,0.62832
82.66,111,0.62832
82.656,111,0.62832
82.652,111,0.62832
82.648,111,0.62832
82.644,111,0.62832
82.64,111,0.62832
82.636,111,0.62832
82.632,111,0.62832
82.628,111,0.62832
82.624,111,0.62832
82.62,111,0.62832
82.617,111,0.62832
82.613,111,0.62832
82.609,111,0.62832
82.605,111,0.62832
82.601,111,0.62832
82.597,111,0.62832
82.594,111,0.62832
82.59,111,0.62832
82.586,111,0.62832
82.582,111,0.62832
82.579,111,0.62832
82.575,111,0.62832
82.571,111,0.62832
82.567,111,0.62832
82.564,111,0.62832
82.56,111,0.62832
82.556,111,0.62832
82.552,111,0.62832
82.549,111,0.62832
82.545,111,0.62832
82.541,111,0.62832
82.538,111,0.62832
82.534,111,0.62832
82.53,111,0.62832
82.527,111,0.62832
82.523,111,0.62832
82.519,111,0.62832
82.516,111,0.62832
82.512,111,0.62832
82.508,111,0.62832
82.505,111,0.62832
82.501,111,0.62832
82.498,111,0.62832
82.494,111,0.62832
82.49,111,0.62832
82.487,111,0.62832
82.483,111,0.62832
82.48,111,0.62832
82.476,111,0.62832
82.472,111,0.62832
82.469,111,0.62832
82.465,111,0.62832
82.462,111,0.62832
82.458,111,0.62832
82.455,111,0.62832
82.451,111,0.62832
82.448,111,0.62832
82.444,111,0.62832
82.44,111,0.62832
82.437,111,0.62832
82.433,111,0.62832
82.43,111,0.62832
82.426,111,0.62832
82.423,111,0.62832
82.419,111,0.62832
82.416,111,0.62832
82.412,111,0.62832
82.409,111,0.62832
82.405,111,0.62832
82.402,111,0.62832
82.398,111,0.62832
82.395,111,0.62832
82.391,111,0.62832
82.388,111,0.62832
82.384,111,0.62832
82.381,111,0.62832
82.377,111,0.62832
82.374,111,0.62832
82.37,111,0.62832
82.367,111,0.62832
82.363,111,0.62832
82.36,111,0.62832
82.356,111,0.62832
82.353,111,0.62832
82.349,111,0.62832
82.346,111,0.62832
82.342,111,0.62832
82.339,111,0.62832
82.336,111,0.62832
82.332,111,0.62832
82.329,111,0.62832
82.325,111,0.62832
82.322,111,0.62832
82.318,111,0.62832
82.315,111,0.62832
82.311,111,0.62832
82.308,111,0.62832
82.304,111,0.62832
82.301,111,0.62832
82.297,111,0.62832
82.294,111,0.62832
82.29,111,0.62832
82.287,111,0.62832
82.284,111,0.62832
82.28,111,0.62832
82.277,111,0.62832
82.273,111,0.62832
82.27,111,0.62832
82.266,111,0.62832
82.263,111,0.62832
82.259,111,0.62832
82.256,111,0.62832
82.252,111,0.62832
82.249,111,0.62832
82.245,111,0.62832
82.242,111,0.62832
82.238,111,0.62832
82.235,111,0.62832
82.231,111,0.62832
82.228,111,0.62832
82.224,111,0.62832
82.221,111,0.62832
82.217,111,0.62832
82.214,111,0.62832
82.21,111,0.62832
82.207,111,0.62832
82.203,111,0.62832
82.2,111,0.62832
82.196,111,0.62832
82.193,111,0.62832
82.189,111,0.62832
82.186,111,0.62832
82.182,111,0.62832
82.179,111,0.62832
82.175,111,0.62832
82.172,111,0.62832
82.168,111,0.62832
82.165,111,0.62832
82.161,111,0.62832
82.157,111,0.62832
82.154,111,0.62832
82.15,111,0.62832
82.147,111,0.62832
82.143,111,0.62832
82.14,111,0.62832
82.136,111,0.62832
82.132,111,0.62832
82.129,111,0.62832
82.125,111,0.62832
82.122,111,0.62832
82.118,111,0.62832
82.114,111,0.62832
82.111,111,0.62832
82.107,111,0.62832
82.104,111,0.62832
82.1,111,0.62832
82.096,111,0.62832
82.093,111,0.62832
82.089,111,0.62832
82.086,111,0.62832
82.082,111,0.62832
82.078,111,0.62832
82.075,111,0.62832
82.071,111,0.62832
82.067,111,0.62832
82.064,111,0.62832
82.06,111,0.62832
82.056,111,0.62832
82.052,111,0.62832
82.049,111,0.62832
82.045,111,0.62832
82.041,111,0.62832
82.038,111,0.62832
82.034,111,0.62832
82.03,111,0.62832
82.027,111,0.62832
82.023,111,0.62832
82.019,111,0.62832
82.015,111,0.62832
82.012,111,0.62832
82.008,111,0.62832
82.004,111,0.62832
82,111,0.62832
81.996,111,0.62832
81.993,111,0.62832
81.989,111,0.62832
81.985,111,0.62832
81.981,111,0.62832
81.977,111,0.62832
81.974,111,0.62832
81.97,111,0.62832
81.966,111,0.62832
81.962,111,0.62832
81.958,111,0.62832
81.954,111,0.62832
81.95,111,0.62832
81.947,111,0.62832
81.943,111,0.62832
81.939,111,0.62832
81.935,111,0.62832
81.931,111,0.62832
81.927,111,0.62832
81.923,111,0.62832
81.919,111,0.62832
81.915,111,0.62832
81.911,111,0.62832
81.907,111,0.62832
81.903,111,0.62832
81.899,111,0.62832
81.895,111,0.62832
81.892,111,0.62832
81.888,111,0.62832
81.884,111,0.62832
81.88,111,0.62832
81.875,111,0.62832
81.871,111,0.62832
81.867,111,0.62832
81.863,111,0.62832
81.859,111,0.62832
81.855,111,0.62832
81.851,111,0.62832
81.847,111,0.62832
81.843,111,0.62832
81.839,111,0.62832
81.835,111,0.62832
81.831,111,0.62832
81.827,111,0.62832
81.822,111,0.62832
81.818,111,0.62832
81.814,111,0.62832
81.81,111,0.62832
81.806,111,0.62832
81.802,111,0.62832
81.797,111,0.62832
81.793,111,0.62832
81.789,111,0.62832
81.785,111,0.62832
81.781,111,0.62832
81.776,111,0.62832
81.772,111,0.62832
81.768,111,0.62832
81.764,111,0.62832
81.759,111,0.62832
81.755,111,0.62832
81.751,111,0.62832
81.747,111,0.62832
81.742,111,0.62832
81.738,111,0.62832
81.734,111,0.62832
81.729,111,0.62832
81.725,111,0.62832
81.721,111,0.62832
81.716,111,0.62832
81.712,111,0.62832
81.707,111,0.62832
81.703,111,0.62832
81.699,111,0.62832
81.694,111,0.62832
81.69,111,0.62832
81.685,111,0.62832
81.681,111,0.62832
81.676,111,0.62832
81.672,111,0.62832
81.668,111,0.62832
81.663,111,0.62832
81.659,111,0.62832
81.654,111,0.62832
81.65,111,0.62832
81.645,111,0.62832
81.64,111,0.62832
81.636,111,0.62832
81.631,111,0.62832
81.627,111,0.62832
81.622,111,0.62832
81.618,111,0.62832
81.613,111,0.62832
81.608,111,0.62832
81.604,111,0.62832
81.599,111,0.62832
81.595,111,0.62832
81.59,111,0.62832
81.585,111,0.62832
81.581,111,0.62832
81.576,111,0.62832
81.571,111,0.62832
81.566,111,0.62832
81.562,111,0.62832
81.557,111,0.62832
81.552,111,0.62832
81.548,111,0.62832
81.543,111,0.62832
81.538,111,0.62832
81.533,111,0.62832
81.528,111,0.62832
81.524,111,0.62832
81.519,111,0.62832
81.514,111,0.62832
81.509,111,0.62832
81.504,111,0.62832
81.5,111,0.62832
81.495,111,0.62832
81.49,111,0.62832
81.485,111,0.62832
81.48,111,0.62832
81.475,111,0.62832
81.47,111,0.62832
81.465,111,0.62832
81.46,111,0.62832
81.455,111,0.62832
81.45,111,0.62832
81.445,111,0.62832
81.44,111,0.62832
81.435,111,0.62832
81.43,111,0.62832
81.425,111,0.62832
81.42,111,0.62832
81.415,111,0.62832
81.41,111,0.62832
81.405,111,0.62832
81.4,111,0.62832
81.395,111,0.62832
81.39,111,0.62832
81.385,111,0.62832
81.38,111,0.62832
81.375,111,0.62832
81.37,111,0.62832
81.364,111,0.62832
81.359,111,0.62832
81.354,111,0.62832
81.349,111,0.62832
81.344,111,0.62832
81.339,111,0.62832
81.333,111,0.62832
81.328,111,0.62832
81.323,111,0.62832
81.318,111,0.62832
81.312,111,0.62832
81.307,111,0.62832
81.302,111,0.62832
81.297,111,0.62832
81.291,111,0.62832
81.286,111,0.62832
81.281,111,0.62832
81.275,111,0.62832
81.27,111,0.62832
81.265,111,0.62832
81.259,111,0.62832
81.254,111,0.62832
81.248,111,0.62832
81.243,111,0.62832
81.238,111,0.62832
81.232,111,0.62832
81.227,111,0.62832
81.221,111,0.62832
81.216,111,0.62832
81.21,111,0.62832
81.205,111,0.62832
81.199,111,0.62832
81.194,111,0.62832
81.188,111,0.62832
81.183,111,0.62832
81.177,111,0.62832
81.172,111,0.62832
81.166,111,0.62832
81.161,111,0.62832
81.155,111,0.62832
81.15,111,0.62832
81.144,111,0.62832
81.138,111,0.62832
81.133,111,0.62832
81.127,111,0.62832
81.121,111,0.62832
81.116,111,0.62832
81.11,111,0.62832
81.105,111,0.62832
81.099,111,0.62832
81.093,111,0.62832
81.087,111,0.62832
81.082,111,0.62832
81.076,111,0.62832
81.07,111,0.62832
81.064,111,0.62832
81.059,111,0.62832
81.053,111,0.62832
81.047,111,0.62832
81.041,111,0.62832
81.036,111,0.62832
81.03,111,0.62832
81.024,111,0.62832
81.018,111,0.62832
81.012,111,0.62832
81.006,111,0.62832
81.001,111,0.62832
80.995,111,0.62832
80.989,111,0.62832
80.983,111,0.62832
80.977,111,0.62832
80.971,111,0.62832
80.965,111,0.62832
80.959,111,0.62832
80.953,111,0.62832
80.947,111,0.62832
80.941,111,0.62832
80.935,111,0.62832
80.929,111,0.62832
80.923,111,0.62832
80.917,111,0.62832
80.911,111,0.62832
80.905,111,0.62832
80.899,111,0.62832
80.893,111,0.62832
80.887,111,0.62832
80.881,111,0.62832
80.875,111,0.62832
80.869,111,0.62832
80.863,111,0.62832
80.857,111,0.62832
80.85,111,0.62832
80.844,111,0.62832
80.838,111,0.62832
80.832,111,0.62832
80.826,111,0.62832
80.82,111,0.62832
80.814,111,0.62832
80.807,111,0.62832
80.801,111,0.62832
80.795,111,0.62832
80.789,111,0.62832
80.782,111,0.62832
80.776,111,0.62832
80.77,111,0.62832
80.764,111,0.62832
80.757,111,0.62832
80.751,111,0.62832
80.745,111,0.62832
80.738,111,0.62832
80.732,111,0.62832
80.726,111,0.62832
80.719,111,0.62832
80.713,111,0.62832
80.707,111,0.62832
80.7,111,0.62832
80.694,111,0.62832
80.688,111,0.62832
80.681,111,0.62832
80.675,111,0.62832
80.668,111,0.62832
80.662,111,0.62832
80.656,111,0.62832
80.649,111,0.62832
80.643,111,0.62832
80.636,111,0.62832
80.63,111,0.62832
80.623,111,0.62832
80.617,111,0.62832
80.61,111,0.62832
80.604,111,0.62832
80.597,111,0.62832
80.591,111,0.62832
80.584,111,0.62832
80.578,111,0.62832
80.571,111,0.62832
80.564,111,0.62832
80.558,111,0.62832
80.551,111,0.62832
80.545,111,0.62832
80.538,111,0.62832
80.531,111,0.62832
80.525,111,0.62832
80.518,111,0.62832
80.512,111,0.62832
80.505,111,0.62832
80.498,111,0.62832
80.492,111,0.62832
80.485,111,0.62832
80.478,111,0.62832
80.472,111,0.62832
80.465,111,0.62832
80.458,111,0.62832
80.451,111,0.62832
80.445,111,0.62832
80.438,111,0.62832
80.431,111,0.62832
80.424,111,0.62832
80.418,111,0.62832
80.411,111,0.62832
80.404,111,0.62832
80.397,111,0.62832
80.391,111,0.62832
80.384,111,0.62832
80.377,111,0.62832
80.37,111,0.62832
80.363,111,0.62832
80.356,111,0.62832
80.35,111,0.62832
80.343,111,0.62832
80.336,111,0.62832
80.329,111,0.62832
80.322,111,0.62832
80.315,111,0.62832
80.308,111,0.62832
80.301,111,0.62832
80.294,111,0.62832
80.287,111,0.62832
80.281,111,0.62832
80.274,111,0.62832
80.267,111,0.62832
80.26,111,0.62832
80.253,111,0.62832
80.246,111,0.62832
80.239,111,0.62832
80.232,111,0.62832
80.225,111,0.62832
80.218,111,0.62832
80.211,111,0.62832
80.204,111,0.62832
80.197,111,0.62832
80.19,111,0.62832
80.183,111,0.62832
80.176,111,0.62832
80.169,111,0.62832
80.161,111,0.62832
80.154,111,0.62832
80.147,111,0.62832
80.14,111,0.62832
80.133,111,0.62832
80.126,111,0.62832
80.119,111,0.62832
80.112,111,0.62832
80.105,111,0.62832
80.097,111,0.62832
80.09,111,0.62832
80.083,111,0.62832
80.076,111,0.62832
80.069,111,0.62832
80.062,111,0.62832
80.054,111,0.62832
80.047,111,0.62832
80.04,111,0.62832
80.033,111,0.62832
80.026,111,0.62832
80.018,111,0.62832
80.011,111,0.62832
80.004,111,0.62832
79.997,111,0.62832
79.99,111,0.62832
79.982,111,0.62832
79.975,111,0.62832
79.968,111,0.62832
79.96,111,0.62832
79.953,111,0.62832
79.946,111,0.62832
79.939,111,0.62832
79.931,111,0.62832
79.924,111,0.62832
79.917,111,0.62832
79.909,111,0.62832
79.902,111,0.62832
79.895,111,0.62832
79.887,111,0.62832
79.88,111,0.62832
79.873,111,0.62832
79.865,111,0.62832
79.858,111,0.62832
79.851,111,0.62832
79.843,111,0.62832
79.836,111,0.62832
79.828,111,0.62832
79.821,111,0.62832
79.814,111,0.62832
79.806,111,0.62832
79.799,111,0.62832
79.791,111,0.62832
79.784,111,0.62832
79.776,111,0.62832
79.769,111,0.62832
79.762,111,0.62832
79.754,111,0.62832
79.747,111,0.62832
79.739,111,0.62832
79.732,111,0.62832
79.724,111,0.62832
79.717,111,0.62832
79.709,111,0.62832
79.702,111,0.62832
79.694,111,0.62832
79.687,111,0.62832
79.679,111,0.62832
79.672,111,0.62832
79.664,111,0.62832
79.657,111,0.62832
79.649,111,0.62832
79.641,111,0.62832
79.634,111,0.62832
79.626,111,0.62832
79.619,111,0.62832
79.611,111,0.62832
79.604,111,0.62832
79.596,111,0.62832
79.588,111,0.62832
79.581,111,0.62832
79.573,111,0.62832
79.566,111,0.62832
79.558,111,0.62832
79.55,111,0.62832
79.543,111,0.62832
79.535,111,0.62832
79.528,111,0.62832
79.52,111,0.62832
79.512,111,0.62832
79.505,111,0.62832
79.497,111,0.62832
79.489,111,0.62832
79.482,111,0.62832
79.474,111,0.62832
79.466,111,0.62832
79.459,111,0.62832
79.451,111,0.62832
79.443,111,0.62832
79.436,111,0.62832
79.428,111,0.62832
79.42,111,0.62832
79.412,111,0.62832
79.405,111,0.62832
79.397,111,0.62832
79.389,111,0.62832
79.382,111,0.62832
79.374,111,0.62832
79.366,111,0.62832
79.358,111,0.62832
79.351,111,0.62832
79.343,111,0.62832
79.335,111,0.62832
79.327,111,0.62832
79.32,111,0.62832
79.312,111,0.62832
79.304,111,0.62832
79.296,111,0.62832
79.288,111,0.62832
79.281,111,0.62832
79.273,111,0.62832
79.265,111,0.62832
79.257,111,0.62832
79.249,111,0.62832
79.242,111,0.62832
79.234,111,0.62832
79.226,111,0.62832
79.218,111,0.62832
79.21,111,0.62832
79.202,111,0.62832
79.195,111,0.62832
79.187,111,0.62832
79.179,111,0.62832
79.171,111,0.62832
79.163,111,0.62832
79.155,111,0.62832
79.148,111,0.62832
79.14,111,0.62832
79.132,111,0.62832
79.124,111,0.62832
79.116,111,0.62832
79.108,111,0.62832
79.1,111,0.62832
79.092,111,0.62832
79.084,111,0.62832
79.077,111,0.62832
79.069,111,0.62832
79.061,111,0.62832
79.053,111,0.62832
79.045,111,0.62832
79.037,111,0.62832
79.029,111,0.62832
79.021,111,0.62832
79.013,111,0.62832
79.005,111,0.62832
78.997,111,0.62832
78.989,111,0.62832
78.981,111,0.62832
78.973,111,0.62832
78.966,111,0.62832
78.958,111,0.62832
78.95,111,0.62832
78.942,111,0.62832
78.934,111,0.62832
78.926,111,0.62832
78.918,111,0.62832
78.91,111,0.62832
78.902,111,0.62832
78.894,111,0.62832
78.886,111,0.62832
78.878,111,0.62832
78.87,111,0.62832
78.862,111,0.62832
78.854,111,0.62832
78.846,111,0.62832
78.838,111,0.62832
78.83,111,0.62832
78.822,111,0.62832
78.814,111,0.62832
78.806,111,0.62832
78.798,111,0.62832
78.79,111,0.62832
78.782,111,0.62832
78.774,111,0.62832
78.765,111,0.62832
78.757,111,0.62832
78.749,111,0.62832
78.741,111,0.62832
78.733,111,0.62832
78.725,111,0.62832
78.717,111,0.62832
78.709,111,0.62832
78.701,111,0.62832
78.693,111,0.62832
78.685,111,0.62832
78.677,111,0.62832
78.669,111,0.62832
78.661,111,0.62832
78.653,111,0.62832
78.644,111,0.62832
78.636,111,0.62832
78.628,111,0.62832
78.62,111,0.62832
78.612,111,0.62832
78.604,111,0.62832
78.596,111,0.62832
78.588,111,0.62832
78.58,111,0.62832
78.572,111,0.62832
78.563,111,0.62832
78.555,111,0.62832
78.547,111,0.62832
78.539,111,0.62832
78.531,111,0.62832
78.523,111,0.62832
78.515,111,0.62832
78.506,111,0.62832
78.498,111,0.62832
78.49,111,0.62832
78.482,111,0.62832
78.474,111,0.62832
78.466,111,0.62832
78.458,111,0.62832
78.449,111,0.62832
78.441,111,0.62832
78.433,111,0.62832
78.425,111,0.62832
78.417,111,0.62832
78.409,111,0.62832
78.4,111,0.62832
78.392,111,0.62832
78.384,111,0.62832
78.376,111,0.62832
78.368,111,0.62832
78.36,111,0.62832
78.351,111,0.62832
78.343,111,0.62832
78.335,111,0.62832
78.327,111,0.62832
78.319,111,0.62832
78.31,111,0.62832
78.302,111,0.62832
78.294,111,0.62832
78.286,111,0.62832
78.278,111,0.62832
78.269,111,0.62832
78.261,111,0.62832
78.253,111,0.62832
78.245,111,0.62832
78.236,111,0.62832
78.228,111,0.62832
78.22,111,0.62832
78.212,111,0.62832
78.204,111,0.62832
78.195,111,0.62832
78.187,111,0.62832
78.179,111,0.62832
78.171,111,0.62832
78.162,111,0.62832
78.154,111,0.62832
78.146,111,0.62832
78.138,111,0.62832
78.129,111,0.62832
78.121,111,0.62832
78.113,111,0.62832
78.105,111,0.62832
78.096,111,0.62832
78.088,111,0.62832
78.08,111,0.62832
78.072,111,0.62832
78.063,111,0.62832
78.055,111,0.62832
78.047,111,0.62832
78.038,111,0.62832
78.03,111,0.62832
78.022,111,0.62832
78.014,111,0.62832
78.005,111,0.62832
77.997,111,0.62832
77.989,111,0.62832
77.98,111,0.62832
77.972,111,0.62832
77.964,111,0.62832
77.956,111,0.62832
77.947,111,0.62832
77.939,111,0.62832
77.931,111,0.62832
77.922,111,0.62832
77.914,111,0.62832
77.906,111,0.62832
77.897,111,0.62832
77.889,111,0.62832
77.881,111,0.62832
77.873,111,0.62832
77.864,111,0.62832
77.856,111,0.62832
77.848,111,0.62832
77.839,111,0.62832
77.831,111,0.62832
77.823,111,0.62832
77.814,111,0.62832
77.806,111,0.62832
77.798,111,0.62832
77.789,111,0.62832
77.781,111,0.62832
77.773,111,0.62832
77.764,111,0.62832
77.756,111,0.62832
77.748,111,0.62832
77.739,111,0.62832
77.731,111,0.62832
77.723,111,0.62832
77.714,111,0.62832
77.706,111,0.62832
77.697,111,0.62832
77.689,111,0.62832
77.681,111,0.62832
77.672,111,0.62832
77.664,111,0.62832
77.656,111,0.62832
77.647,111,0.62832
77.639,111,0.62832
77.631,111,0.62832
77.622,111,0.62832
77.614,111,0.62832
77.605,111,0.62832
77.597,111,0.62832
77.589,111,0.62832
77.58,111,0.62832
77.572,111,0.62832
77.564,111,0.62832
77.555,111,0.62832
77.547,111,0.62832
77.538,111,0.62832
77.53,111,0.62832
77.522,111,0.62832
77.513,111,0.62832
77.505,111,0.62832
77.496,111,0.62832
77.488,111,0.62832
77.48,111,0.62832
77.471,111,0.62832
77.463,111,0.62832
77.454,111,0.62832
77.446,111,0.62832
77.438,111,0.62832
77.429,111,0.62832
77.421,111,0.62832
77.412,111,0.62832
77.404,111,0.62832
77.396,111,0.62832
77.387,111,0.62832
77.379,111,0.62832
77.37,111,0.62832
77.362,111,0.62832
77.353,111,0.62832
77.345,111,0.62832
77.337,111,0.62832
77.328,111,0.62832
77.32,111,0.62832
77.311,111,0.62832
77.303,111,0.62832
77.294,111,0.62832
77.286,111,0.62832
77.278,111,0.62832
77.269,111,0.62832
77.261,111,0.62832
77.252,111,0.62832
77.244,111,0.62832
77.235,111,0.62832
77.227,111,0.62832
77.218,111,0.62832
77.21,111,0.62832
77.202,111,0.62832
77.193,111,0.62832
77.185,111,0.62832
77.176,111,0.62832
77.168,111,0.62832
77.159,111,0.62832
77.151,111,0.62832
77.142,111,0.62832
77.134,111,0.62832
77.125,111,0.62832
77.117,111,0.62832
77.108,111,0.62832
77.1,111,0.62832
77.092,111,0.62832
77.083,111,0.62832
77.075,111,0.62832
77.066,111,0.62832
77.058,111,0.62832
77.049,111,0.62832
77.041,111,0.62832
77.032,111,0.62832
77.024,111,0.62832
77.015,111,0.62832
77.007,111,0.62832
76.998,111,0.62832
76.99,111,0.62832
76.981,111,0.62832
76.973,111,0.62832
76.964,111,0.62832
76.956,111,0.62832
76.947,111,0.62832
76.939,111,0.62832
76.93,111,0.62832
76.922,111,0.62832
76.913,111,0.62832
76.905,111,0.62832
76.896,111,0.62832
76.888,111,0.62832
76.879,111,0.62832
76.871,111,0.62832
76.862,111,0.62832
76.854,111,0.62832
76.845,111,0.62832
76.837,111,0.62832
76.828,111,0.62832
76.82,111,0.62832
76.811,111,0.62832
76.802,111,0.62832
76.794,111,0.62832
76.785,111,0.62832
76.777,111,0.62832
76.768,111,0.62832
76.76,111,0.62832
76.751,111,0.62832
76.743,111,0.62832
76.734,111,0.62832
76.726,111,0.62832
76.717,111,0.62832
76.709,111,0.62832
76.7,111,0.62832
76.691,111,0.62832
76.683,111,0.62832
76.674,111,0.62832
76.666,111,0.62832
76.657,111,0.62832
76.649,111,0.62832
76.64,111,0.62832
76.632,111,0.62832
76.623,111,0.62832
76.614,111,0.62832
76.606,111,0.62832
76.597,111,0.62832
76.589,111,0.62832
76.58,111,0.62832
76.572,111,0.62832
76.563,111,0.62832
76.554,111,0.62832
76.546,111,0.62832
76.537,111,0.62832
76.529,111,0.62832
76.52,111,0.62832
76.512,111,0.62832
76.503,111,0.62832
76.494,111,0.62832
76.486,111,0.62832
76.477,111,0.62832
76.469,111,0.62832
76.46,111,0.62832
76.451,111,0.62832
76.443,111,0.62832
76.434,111,0.62832
76.426,111,0.62832
76.417,111,0.62832
76.408,111,0.62832
76.4,111,0.62832
76.391,111,0.62832
76.383,111,0.62832
76.374,111,0.62832
76.365,111,0.62832
76.357,111,0.62832
76.348,111,0.62832
76.34,111,0.62832
76.331,111,0.62832
76.322,111,0.62832
76.314,111,0.62832
76.305,111,0.62832
76.296,111,0.62832
76.288,111,0.62832
76.279,111,0.62832
76.271,111,0.62832
76.262,111,0.62832
76.253,111,0.62832
76.245,111,0.62832
76.236,111,0.62832
76.227,111,0.62832
76.219,111,0.62832
76.21,111,0.62832
76.202,111,0.62832
76.193,111,0.62832
76.184,111,0.62832
76.176,111,0.62832
76.167,111,0.62832
76.158,111,0.62832
76.15,111,0.62832
76.141,111,0.62832
76.132,111,0.62832
76.124,111,0.62832
76.115,111,0.62832
76.106,111,0.62832
76.098,111,0.62832
76.089,111,0.62832
76.08,111,0.62832
76.072,111,0.62832
76.063,111,0.62832
76.054,111,0.62832
76.046,111,0.62832
76.037,111,0.62832
76.028,111,0.62832
76.02,111,0.62832
76.011,111,0.62832
76.002,111,0.62832
75.994,111,0.62832
75.985,111,0.62832
75.976,111,0.62832
75.968,111,0.62832
75.959,111,0.62832
75.95,111,0.62832
75.941,111,0.62832
75.933,111,0.62832
75.924,111,0.62832
75.915,111,0.62832
75.907,111,0.62832
75.898,111,0.62832
75.889,111,0.62832
75.881,111,0.62832
75.872,111,0.62832
75.863,111,0.62832
75.854,111,0.62832
75.846,111,0.62832
75.837,111,0.62832
75.828,111,0.62832
75.82,111,0.62832
75.811,111,0.62832
75.802,111,0.62832
75.793,111,0.62832
75.785,111,0.62832
75.776,111,0.62832
75.767,111,0.62832
75.758,111,0.62832
75.75,111,0.62832
75.741,111,0.62832
75.732,111,0.62832
75.723,111,0.62832
75.715,111,0.62832
75.706,111,0.62832
75.697,111,0.62832
75.688,111,0.62832
75.68,111,0.62832
75.671,111,0.62832
75.662,111,0.62832
75.653,111,0.62832
75.645,111,0.62832
75.636,111,0.62832
75.627,111,0.62832
75.618,111,0.62832
75.61,111,0.62832
75.601,111,0.62832
75.592,111,0.62832
75.583,111,0.62832
75.575,111,0.62832
75.566,111,0.62832
75.557,111,0.62832
75.548,111,0.62832
75.539,111,0.62832
75.531,111,0.62832
75.522,111,0.62832
75.513,111,0.62832
75.504,111,0.62832
75.496,111,0.62832
75.487,111,0.62832
75.478,111,0.62832
75.469,111,0.62832
75.46,111,0.62832
75.452,111,0.62832
75.443,111,0.62832
75.434,111,0.62832
75.425,111,0.62832
75.416,111,0.62832
75.408,111,0.62832
75.399,111,0.62832
75.39,111,0.62832
75.381,111,0.62832
75.372,111,0.62832
75.363,111,0.62832
75.355,111,0.62832
75.346,111,0.62832
75.337,111,0.62832
75.328,111,0.62832
75.319,111,0.62832
75.311,111,0.62832
75.302,111,0.62832
75.293,111,0.62832
75.284,111,0.62832
75.275,111,0.62832
75.266,111,0.62832
75.257,111,0.62832
75.249,111,0.62832
75.24,111,0.62832
75.231,111,0.62832
75.222,111,0.62832
75.213,111,0.62832
75.204,111,0.62832
75.196,111,0.62832
75.187,111,0.62832
75.178,111,0.62832
75.169,111,0.62832
75.16,111,0.62832
75.151,111,0.62832
75.142,111,0.62832
75.133,111,0.62832
75.125,111,0.62832
75.116,111,0.62832
75.107,111,0.62832
75.098,111,0.62832
75.089,111,0.62832
75.08,111,0.62832
75.071,111,0.62832
75.062,111,0.62832
75.054,111,0.62832
75.045,111,0.62832
75.036,111,0.62832
75.027,111,0.62832
75.018,111,0.62832
75.009,111,0.62832
75,111,0.62832
74.991,111,0.62832
74.982,111,0.62832
74.973,111,0.62832
74.965,111,0.62832
74.956,111,0.62832
74.947,111,0.62832
74.938,111,0.62832
74.929,111,0.62832
74.92,111,0.62832
74.911,111,0.62832
74.902,111,0.62832
74.893,111,0.62832
74.884,111,0.62832
74.875,111,0.62832
74.866,111,0.62832
74.857,111,0.62832
74.849,111,0.62832
74.84,111,0.62832
74.831,111,0.62832
74.822,111,0.62832
74.813,111,0.62832
74.804,111,0.62832
74.795,111,0.62832
74.786,111,0.62832
74.777,111,0.62832
74.768,111,0.62832
74.759,111,0.62832
74.75,111,0.62832
74.741,111,0.62832
74.732,111,0.62832
74.723,111,0.62832
74.714,111,0.62832
74.705,111,0.62832
74.696,111,0.62832
74.687,111,0.62832
74.678,111,0.62832
74.669,111,0.62832
74.66,111,0.62832
74.651,111,0.62832
74.642,111,0.62832
74.633,111,0.62832
74.624,111,0.62832
74.615,111,0.62832
74.606,111,0.62832
74.597,111,0.62832
74.588,111,0.62832
74.579,111,0.62832
74.57,111,0.62832
74.561,111,0.62832
74.552,111,0.62832
74.543,111,0.62832
74.534,111,0.62832
74.525,111,0.62832
74.516,111,0.62832
74.507,111,0.62832
74.498,111,0.62832
74.489,111,0.62832
74.48,111,0.62832
74.471,111,0.62832
74.462,111,0.62832
74.453,111,0.62832
74.444,111,0.62832
74.435,111,0.62832
74.426,111,0.62832
74.417,111,0.62832
74.408,111,0.62832
74.399,111,0.62832
74.39,111,0.62832
74.381,111,0.62832
74.372,111,0.62832
74.363,111,0.62832
74.354,111,0.62832
74.345,111,0.62832
74.336,111,0.62832
74.327,111,0.62832
74.317,111,0.62832
74.308,111,0.62832
74.299,111,0.62832
74.29,111,0.62832
74.281,111,0.62832
74.272,111,0.62832
74.263,111,0.62832
74.254,111,0.62832
74.245,111,0.62832
74.236,111,0.62832
74.227,111,0.62832
74.218,111,0.62832
74.209,111,0.62832
74.199,111,0.62832
74.19,111,0.62832
74.181,111,0.62832
74.172,111,0.62832
74.163,111,0.62832
74.154,111,0.62832
74.145,111,0.62832
74.136,111,0.62832
74.127,111,0.62832
74.118,111,0.62832
74.108,111,0.62832
74.099,111,0.62832
74.09,111,0.62832
74.081,111,0.62832
74.072,111,0.62832
74.063,111,0.62832
74.054,111,0.62832
74.045,111,0.62832
74.035,111,0.62832
74.026,111,0.62832
74.017,111,0.62832
74.008,111,0.62832
73.999,111,0.62832
73.99,111,0.62832
73.981,111,0.62832
73.971,111,0.62832
73.962,111,0.62832
73.953,111,0.62832
73.944,111,0.62832
73.935,111,0.62832
73.926,111,0.62832
73.917,111,0.62832
73.907,111,0.62832
73.898,111,0.62832
73.889,111,0.62832
73.88,111,0.62832
73.871,111,0.62832
73.862,111,0.62832
73.852,111,0.62832
73.843,111,0.62832
73.834,111,0.62832
73.825,111,0.62832
73.816,111,0.62832
73.806,111,0.62832
73.797,111,0.62832
73.788,111,0.62832
73.779,111,0.62832
73.77,111,0.62832
73.761,111,0.62832
73.751,111,0.62832
73.742,111,0.62832
73.733,111,0.62832
73.724,111,0.62832
73.715,111,0.62832
73.705,111,0.62832
73.696,111,0.62832
73.687,111,0.62832
73.678,111,0.62832
73.668,111,0.62832
73.659,111,0.62832
73.65,111,0.62832
73.641,111,0.62832
73.632,111,0.62832
73.622,111,0.62832
73.613,111,0.62832
73.604,111,0.62832
73.595,111,0.62832
73.585,111,0.62832
73.576,111,0.62832
73.567,111,0.62832
73.558,111,0.62832
73.548,111,0.62832
73.539,111,0.62832
73.53,111,0.62832
73.521,111,0.62832
73.511,111,0.62832
73.502,111,0.62832
73.493,111,0.62832
73.484,111,0.62832
73.474,111,0.62832
73.465,111,0.62832
73.456,111,0.62832
73.447,111,0.62832
73.437,111,0.62832
73.428,111,0.62832
73.419,111,0.62832
73.409,111,0.62832
73.4,111,0.62832
73.391,111,0.62832
73.382,111,0.62832
73.372,111,0.62832
73.363,111,0.62832
73.354,111,0.62832
73.344,111,0.62832
73.335,111,0.62832
73.326,111,0.62832
73.316,111,0.62832
73.307,111,0.62832
73.298,111,0.62832
73.289,111,0.62832
73.279,111,0.62832
73.27,111,0.62832
73.261,111,0.62832
73.251,111,0.62832
73.242,111,0.62832
73.233,111,0.62832
73.223,111,0.62832
73.214,111,0.62832
73.205,111,0.62832
73.195,111,0.62832
73.186,111,0.62832
73.177,111,0.62832
73.167,111,0.62832
73.158,111,0.62832
73.149,111,0.62832
73.139,111,0.62832
73.13,111,0.62832
73.121,111,0.62832
73.111,111,0.62832
73.102,111,0.62832
73.093,111,0.62832
73.083,111,0.62832
73.074,111,0.62832
73.064,111,0.62832
73.055,111,0.62832
73.046,111,0.62832
73.036,111,0.62832
73.027,111,0.62832
73.018,111,0.62832
73.008,111,0.62832
72.999,111,0.62832
72.989,111,0.62832
72.98,111,0.62832
72.971,111,0.62832
72.961,111,0.62832
72.952,111,0.62832
72.943,111,0.62832
72.933,111,0.62832
72.924,111,0.62832
72.914,111,0.62832
72.905,111,0.62832
72.896,111,0.62832
72.886,111,0.62832
72.877,111,0.62832
72.867,111,0.62832
72.858,111,0.62832
72.849,111,0.62832
72.839,111,0.62832
72.83,111,0.62832
72.82,111,0.62832
72.811,111,0.62832
72.801,111,0.62832
72.792,111,0.62832
72.783,111,0.62832
72.773,111,0.62832
72.764,111,0.62832
72.754,111,0.62832
72.745,111,0.62832
72.735,111,0.62832
72.726,111,0.62832
72.717,111,0.62832
72.707,111,0.62832
72.698,111,0.62832
72.688,111,0.62832
72.679,111,0.62832
72.669,111,0.62832
72.66,111,0.62832
72.65,111,0.62832
72.641,111,0.62832
72.631,111,0.62832
72.622,111,0.62832
72.613,111,0.62832
72.603,111,0.62832
72.594,111,0.62832
72.584,111,0.62832
72.575,111,0.62832
72.565,111,0.62832
72.556,111,0.62832
72.546,111,0.62832
72.537,111,0.62832
72.527,111,0.62832
72.518,111,0.62832
72.508,111,0.62832
72.499,111,0.62832
72.489,111,0.62832
72.48,111,0.62832
72.47,111,0.62832
72.461,111,0.62832
72.451,111,0.62832
72.442,111,0.62832
72.432,111,0.62832
72.423,111,0.62832
72.413,111,0.62832
72.404,111,0.62832
72.394,111,0.62832
72.385,111,0.62832
72.375,111,0.62832
72.366,111,0.62832
72.356,111,0.62832
72.347,111,0.62832
72.337,111,0.62832
72.327,111,0.62832
72.318,111,0.62832
72.308,111,0.62832
72.299,111,0.62832
72.289,111,0.62832
72.28,111,0.62832
72.27,111,0.62832
72.261,111,0.62832
72.251,111,0.62832
72.242,111,0.62832
72.232,111,0.62832
72.222,111,0.62832
72.213,111,0.62832
72.203,111,0.62832
72.194,111,0.62832
72.184,111,0.62832
72.175,111,0.62832
72.165,111,0.62832
72.156,111,0.62832
72.146,111,0.62832
72.136,111,0.62832
72.127,111,0.62832
72.117,111,0.62832
72.108,111,0.62832
72.098,111,0.62832
72.088,111,0.62832
72.079,111,0.62832
72.069,111,0.62832
72.06,111,0.62832
72.05,111,0.62832
72.041,111,0.62832
72.031,111,0.62832
72.021,111,0.62832
72.012,111,0.62832
72.002,111,0.62832
71.993,111,0.62832
71.983,111,0.62832
71.973,111,0.62832
71.964,111,0.62832
71.954,111,0.62832
71.944,111,0.62832
71.935,111,0.62832
71.925,111,0.62832
71.916,111,0.62832
71.906,111,0.62832
71.896,111,0.62832
71.887,111,0.62832
71.877,111,0.62832
71.867,111,0.62832
71.858,111,0.62832
71.848,111,0.62832
71.838,111,0.62832
71.829,111,0.62832
71.819,111,0.62832
71.81,111,0.62832
71.8,111,0.62832
71.79,111,0.62832
71.781,111,0.62832
71.771,111,0.62832
71.761,111,0.62832
71.752,111,0.62832
71.742,111,0.62832
71.732,111,0.62832
71.723,111,0.62832
71.713,111,0.62832
71.703,111,0.62832
71.694,111,0.62832
71.684,111,0.62832
71.674,111,0.62832
71.665,111,0.62832
71.655,111,0.62832
71.645,111,0.62832
71.636,111,0.62832
71.626,111,0.62832
71.616,111,0.62832
71.606,111,0.62832
71.597,111,0.62832
71.587,111,0.62832
71.577,111,0.62832
71.568,111,0.62832
71.558,111,0.62832
71.548,111,0.62832
71.539,111,0.62832
71.529,111,0.62832
71.519,111,0.62832
71.509,111,0.62832
71.5,111,0.62832
71.49,111,0.62832
71.48,111,0.62832
71.471,111,0.62832
71.461,111,0.62832
71.451,111,0.62832
71.441,111,0.62832
71.432,111,0.62832
71.422,111,0.62832
71.412,111,0.62832
71.402,111,0.62832
71.393,111,0.62832
71.383,111,0.62832
71.373,111,0.62832
71.364,111,0.62832
71.354,111,0.62832
71.344,111,0.62832
71.334,111,0.62832
71.325,111,0.62832
71.315,111,0.62832
71.305,111,0.62832
71.295,111,0.62832
71.285,111,0.62832
71.276,111,0.62832
71.266,111,0.62832
71.256,111,0.62832
71.246,111,0.62832
71.237,111,0.62832
71.227,111,0.62832
71.217,111,0.62832
71.207,111,0.62832
71.198,111,0.62832
71.188,111,0.62832
71.178,111,0.62832
71.168,111,0.62832
71.158,111,0.62832
71.149,111,0.62832
71.139,111,0.62832
71.129,111,0.62832
71.119,111,0.62832
71.109,111,0.62832
71.1,111,0.62832
71.09,111,0.62832
71.08,111,0.62832
71.07,111,0.62832
71.06,111,0.62832
71.051,111,0.62832
71.041,111,0.62832
71.031,111,0.62832
71.021,111,0.62832
71.011,111,0.62832
71.002,111,0.62832
70.992,111,0.62832
70.982,111,0.62832
70.972,111,0.62832
70.962,111,0.62832
70.952,111,0.62832
70.943,111,0.62832
70.933,111,0.62832
70.923,111,0.62832
70.913,111,0.62832
70.903,111,0.62832
70.893,111,0.62832
70.884,111,0.62832
70.874,111,0.62832
70.864,111,0.62832
70.854,111,0.62832
70.844,111,0.62832
70.834,111,0.62832
70.824,111,0.62832
70.815,111,0.62832
70.805,111,0.62832
70.795,111,0.62832
70.785,111,0.62832
70.775,111,0.62832
70.765,111,0.62832
70.755,111,0.62832
70.745,111,0.62832
70.736,111,0.62832
70.726,111,0.62832
70.716,111,0.62832
70.706,111,0.62832
70.696,111,0.62832
70.686,111,0.62832
70.676,111,0.62832
70.666,111,0.62832
70.657,111,0.62832
70.647,111,0.62832
70.637,111,0.62832
70.627,111,0.62832
70.617,111,0.62832
70.607,111,0.62832
70.597,111,0.62832
70.587,111,0.62832
70.577,111,0.62832
70.567,111,0.62832
70.558,111,0.62832
70.548,111,0.62832
70.538,111,0.62832
70.528,111,0.62832
70.518,111,0.62832
70.508,111,0.62832
70.498,111,0.62832
70.488,111,0.62832
70.478,111,0.62832
70.468,111,0.62832
70.458,111,0.62832
70.448,111,0.62832
70.438,111,0.62832
70.428,111,0.62832
70.419,111,0.62832
70.409,111,0.62832
70.399,111,0.62832
70.389,111,0.62832
70.379,111,0.62832
70.369,111,0.62832
70.359,111,0.62832
70.349,111,0.62832
70.339,111,0.62832
70.329,111,0.62832
70.319,111,0.62832
70.309,111,0.62832
70.299,111,0.62832
70.289,111,0.62832
70.279,111,0.62832
70.269,111,0.62832
70.259,111,0.62832
70.249,111,0.62832
70.239,111,0.62832
70.229,111,0.62832
70.219,111,0.62832
70.209,111,0.62832
70.199,111,0.62832
70.189,111,0.62832
70.179,111,0.62832
70.169,111,0.62832
70.159,111,0.62832
70.149,111,0.62832
70.139,111,0.62832
70.129,111,0.62832
70.119,111,0.62832
70.109,111,0.62832
70.099,111,0.62832
70.089,111,0.62832
70.079,111,0.62832
70.069,111,0.62832
70.059,111,0.62832
70.049,111,0.62832
70.039,111,0.62832
70.029,111,0.62832
70.019,111,0.62832
70.009,111,0.62832
69.999,111,0.62832
69.989,111,0.62832
69.979,111,0.62832
69.969,111,0.62832
69.959,111,0.62832
69.949,111,0.62832
69.939,111,0.62832
69.929,111,0.62832
69.919,111,0.62832
69.909,111,0.62832
69.899,111,0.62832
69.889,111,0.62832
69.879,111,0.62832
69.869,111,0.62832
69.859,111,0.62832
69.849,111,0.62832
69.839,111,0.62832
69.829,111,0.62832
69.818,111,0.62832
69.808,111,0.62832
69.798,111,0.62832
69.788,111,0.62832
69.778,111,0.62832
69.768,111,0.62832
69.758,111,0.62832
69.748,111,0.62832
69.738,111,0.62832
69.728,111,0.62832
69.718,111,0.62832
69.708,111,0.62832
69.698,111,0.62832
69.688,111,0.62832
69.677,111,0.62832
69.667,111,0.62832
69.657,111,0.62832
69.647,111,0.62832
69.637,111,0.62832
69.627,111,0.62832
69.617,111,0.62832
69.607,111,0.62832
69.597,111,0.62832
69.587,111,0.62832
69.576,111,0.62832
69.566,111,0.62832
69.556,111,0.62832
69.546,111,0.62832
69.536,111,0.62832
69.526,111,0.62832
69.516,111,0.62832
69.506,111,0.62832
69.496,111,0.62832
69.485,111,0.62832
69.475,111,0.62832
69.465,111,0.62832
69.455,111,0.62832
69.445,111,0.62832
69.435,111,0.62832
69.425,111,0.62832
69.414,111,0.62832
69.404,111,0.62832
69.394,111,0.62832
69.384,111,0.62832
69.374,111,0.62832
69.364,111,0.62832
69.354,111,0.62832
69.343,111,0.62832
69.333,111,0.62832
69.323,111,0.62832
69.313,111,0.62832
69.303,111,0.62832
69.293,111,0.62832
69.283,111,0.62832
69.272,111,0.62832
69.262,111,0.62832
69.252,111,0.62832
69.242,111,0.62832
69.232,111,0.62832
69.221,111,0.62832
69.211,111,0.62832
69.201,111,0.62832
69.191,111,0.62832
69.181,111,0.62832
69.171,111,0.62832
69.16,111,0.62832
69.15,111,0.62832
69.14,111,0.62832
69.13,111,0.62832
69.12,111,0.62832
69.109,111,0.62832
69.099,111,0.62832
69.089,111,0.62832
69.079,111,0.62832
69.069,111,0.62832
69.058,111,0.62832
69.048,111,0.62832
69.038,111,0.62832
69.028,111,0.62832
69.018,111,0.62832
69.007,111,0.62832
68.997,111,0.62832
68.987,111,0.62832
68.977,111,0.62832
68.966,111,0.62832
68.956,111,0.62832
68.946,111,0.62832
68.936,111,0.62832
68.926,111,0.62832
68.915,111,0.62832
68.905,111,0.62832
68.895,111,0.62832
68.885,111,0.62832
68.874,111,0.62832
68.864,111,0.62832
68.854,111,0.62832
68.844,111,0.62832
68.833,111,0.62832
68.823,111,0.62832
68.813,111,0.62832
68.803,111,0.62832
68.792,111,0.62832
68.782,111,0.62832
68.772,111,0.62832
68.762,111,0.62832
68.751,111,0.62832
68.741,111,0.62832
68.731,111,0.62832
68.721,111,0.62832
68.71,111,0.62832
68.7,111,0.62832
68.69,111,0.62832
68.679,111,0.62832
68.669,111,0.62832
68.659,111,0.62832
68.649,111,0.62832
68.638,111,0.62832
68.628,111,0.62832
68.618,111,0.62832
68.607,111,0.62832
68.597,111,0.62832
68.587,111,0.62832
68.577,111,0.62832
68.566,111,0.62832
68.556,111,0.62832
68.546,111,0.62832
68.535,111,0.62832
68.525,111,0.62832
68.515,111,0.62832
68.504,111,0.62832
68.494,111,0.62832
68.484,111,0.62832
68.474,111,0.62832
68.463,111,0.62832
68.453,111,0.62832
68.443,111,0.62832
68.432,111,0.62832
68.422,111,0.62832
68.412,111,0.62832
68.401,111,0.62832
68.391,111,0.62832
68.381,111,0.62832
68.37,111,0.62832
68.36,111,0.62832
68.35,111,0.62832
68.339,111,0.62832
68.329,111,0.62832
68.319,111,0.62832
68.308,111,0.62832
68.298,111,0.62832
68.288,111,0.62832
68.277,111,0.62832
68.267,111,0.62832
68.257,111,0.62832
68.246,111,0.62832
68.236,111,0.62832
68.225,111,0.62832
68.215,111,0.62832
68.205,111,0.62832
68.194,111,0.62832
68.184,111,0.62832
68.174,111,0.62832
68.163,111,0.62832
68.153,111,0.62832
68.143,111,0.62832
68.132,111,0.62832
68.122,111,0.62832
68.111,111,0.62832
68.101,111,0.62832
68.091,111,0.62832
68.08,111,0.62832
68.07,111,0.62832
68.059,111,0.62832
68.049,111,0.62832
68.039,111,0.62832
68.028,111,0.62832
68.018,111,0.62832
68.008,111,0.62832
67.997,111,0.62832
67.987,111,0.62832
67.976,111,0.62832
67.966,111,0.62832
67.956,111,0.62832
67.945,111,0.62832
67.935,111,0.62832
67.924,111,0.62832
67.914,111,0.62832
67.903,111,0.62832
67.893,111,0.62832
67.883,111,0.62832
67.872,111,0.62832
67.862,111,0.62832
67.851,111,0.62832
67.841,111,0.62832
67.831,111,0.62832
67.82,111,0.62832
67.81,111,0.62832
67.799,111,0.62832
67.789,111,0.62832
67.778,111,0.62832
67.768,111,0.62832
67.757,111,0.62832
67.747,111,0.62832
67.737,111,0.62832
67.726,111,0.62832
67.716,111,0.62832
67.705,111,0.62832
67.695,111,0.62832
67.684,111,0.62832
67.674,111,0.62832
67.663,111,0.62832
67.653,111,0.62832
67.643,111,0.62832
67.632,111,0.62832
67.622,111,0.62832
67.611,111,0.62832
67.601,111,0.62832
67.59,111,0.62832
67.58,111,0.62832
67.569,111,0.62832
67.559,111,0.62832
67.548,111,0.62832
67.538,111,0.62832
67.527,111,0.62832
67.517,111,0.62832
67.506,111,0.62832
67.496,111,0.62832
67.485,111,0.62832
67.475,111,0.62832
67.464,111,0.62832
67.454,111,0.62832
67.443,111,0.62832
67.433,111,0.62832
67.422,111,0.62832
67.412,111,0.62832
67.401,111,0.62832
67.391,111,0.62832
67.38,111,0.62832
67.37,111,0.62832
67.359,111,0.62832
67.349,111,0.62832
67.338,111,0.62832
67.328,111,0.62832
67.317,111,0.62832
67.307,111,0.62832
67.296,111,0.62832
67.286,111,0.62832
67.275,111,0.62832
67.265,111,0.62832
67.254,111,0.62832
67.244,111,0.62832
67.233,111,0.62832
67.223,111,0.62832
67.212,111,0.62832
67.202,111,0.62832
67.191,111,0.62832
67.181,111,0.62832
67.17,111,0.62832
67.16,111,0.62832
67.149,111,0.62832
67.138,111,0.62832
67.128,111,0.62832
67.117,111,0.62832
67.107,111,0.62832
67.096,111,0.62832
67.086,111,0.62832
67.075,111,0.62832
67.065,111,0.62832
67.054,111,0.62832
67.043,111,0.62832
67.033,111,0.62832
67.022,111,0.62832
67.012,111,0.62832
67.001,111,0.62832
66.991,111,0.62832
66.98,111,0.62832
66.97,111,0.62832
66.959,111,0.62832
66.948,111,0.62832
66.938,111,0.62832
66.927,111,0.62832
66.917,111,0.62832
66.906,111,0.62832
66.896,111,0.62832
66.885,111,0.62832
66.874,111,0.62832
66.864,111,0.62832
66.853,111,0.62832
66.843,111,0.62832
66.832,111,0.62832
66.821,111,0.62832
66.811,111,0.62832
66.8,111,0.62832
66.79,111,0.62832
66.779,111,0.62832
66.768,111,0.62832
66.758,111,0.62832
66.747,111,0.62832
66.737,111,0.62832
66.726,111,0.62832
66.715,111,0.62832
66.705,111,0.62832
66.694,111,0.62832
66.684,111,0.62832
66.673,111,0.62832
66.662,111,0.62832
66.652,111,0.62832
66.641,111,0.62832
66.63,111,0.62832
66.62,111,0.62832
66.609,111,0.62832
66.599,111,0.62832
66.588,111,0.62832
66.577,111,0.62832
66.567,111,0.62832
66.556,111,0.62832
66.545,111,0.62832
66.535,111,0.62832
66.524,111,0.62832
66.513,111,0.62832
66.503,111,0.62832
66.492,111,0.62832
66.482,111,0.62832
66.471,111,0.62832
66.46,111,0.62832
66.45,111,0.62832
66.439,111,0.62832
66.428,111,0.62832
66.418,111,0.62832
66.407,111,0.62832
66.396,111,0.62832
66.386,111,0.62832
66.375,111,0.62832
66.364,111,0.62832
66.354,111,0.62832
66.343,111,0.62832
66.332,111,0.62832
66.322,111,0.62832
66.311,111,0.62832
66.3,111,0.62832
66.29,111,0.62832
66.279,111,0.62832
66.268,111,0.62832
66.258,111,0.62832
66.247,111,0.62832
66.236,111,0.62832
66.226,111,0.62832
66.215,111,0.62832
66.204,111,0.62832
66.194,111,0.62832
66.183,111,0.62832
66.172,111,0.62832
66.161,111,0.62832
66.151,111,0.62832
66.14,111,0.62832
66.129,111,0.62832
66.119,111,0.62832
66.108,111,0.62832
66.097,111,0.62832
66.087,111,0.62832
66.076,111,0.62832
66.065,111,0.62832
66.054,111,0.62832
66.044,111,0.62832
66.033,111,0.62832
66.022,111,0.62832
66.012,111,0.62832
66.001,111,0.62832
65.99,111,0.62832
65.979,111,0.62832
65.969,111,0.62832
65.958,111,0.62832
65.947,111,0.62832
65.937,111,0.62832
65.926,111,0.62832
65.915,111,0.62832
65.904,111,0.62832
65.894,111,0.62832
65.883,111,0.62832
65.872,111,0.62832
65.861,111,0.62832
65.851,111,0.62832
65.84,111,0.62832
65.829,111,0.62832
65.819,111,0.62832
65.808,111,0.62832
65.797,111,0.62832
65.786,111,0.62832
65.776,111,0.62832
65.765,111,0.62832
65.754,111,0.62832
65.743,111,0.62832
65.733,111,0.62832
65.722,111,0.62832
65.711,111,0.62832
65.7,111,0.62832
65.69,111,0.62832
65.679,111,0.62832
65.668,111,0.62832
65.657,111,0.62832
65.646,111,0.62832
65.636,111,0.62832
65.625,111,0.62832
65.614,111,0.62832
65.603,111,0.62832
65.593,111,0.62832
65.582,111,0.62832
65.571,111,0.62832
65.56,111,0.62832
65.55,111,0.62832
65.539,111,0.62832
65.528,111,0.62832
65.517,111,0.62832
65.506,111,0.62832
65.496,111,0.62832
65.485,111,0.62832
65.474,111,0.62832
65.463,111,0.62832
65.452,111,0.62832
65.442,111,0.62832
65.431,111,0.62832
65.42,111,0.62832
65.409,111,0.62832
65.399,111,0.62832
65.388,111,0.62832
65.377,111,0.62832
65.366,111,0.62832
65.355,111,0.62832
65.344,111,0.62832
65.334,111,0.62832
65.323,111,0.62832
65.312,111,0.62832
65.301,111,0.62832
65.29,111,0.62832
65.28,111,0.62832
65.269,111,0.62832
65.258,111,0.62832
65.247,111,0.62832
65.236,111,0.62832
65.226,111,0.62832
65.215,111,0.62832
65.204,111,0.62832
65.193,111,0.62832
65.182,111,0.62832
65.171,111,0.62832
65.161,111,0.62832
65.15,111,0.62832
65.139,111,0.62832
65.128,111,0.62832
65.117,111,0.62832
65.106,111,0.62832
65.096,111,0.62832
65.085,111,0.62832
65.074,111,0.62832
65.063,111,0.62832
65.052,111,0.62832
65.041,111,0.62832
65.031,111,0.62832
65.02,111,0.62832
65.009,111,0.62832
64.998,111,0.62832
64.987,111,0.62832
64.976,111,0.62832
64.965,111,0.62832
64.955,111,0.62832
64.944,111,0.62832
64.933,111,0.62832
64.922,111,0.62832
64.911,111,0.62832
64.9,111,0.62832
64.889,111,0.62832
64.879,111,0.62832
64.868,111,0.62832
64.857,111,0.62832
64.846,111,0.62832
64.835,111,0.62832
64.824,111,0.62832
64.813,111,0.62832
64.802,111,0.62832
64.792,111,0.62832
64.781,111,0.62832
64.77,111,0.62832
64.759,111,0.62832
64.748,111,0.62832
64.737,111,0.62832
64.726,111,0.62832
64.715,111,0.62832
64.705,111,0.62832
64.694,111,0.62832
64.683,111,0.62832
64.672,111,0.62832
64.661,111,0.62832
64.65,111,0.62832
64.639,111,0.62832
64.628,111,0.62832
64.617,111,0.62832
64.607,111,0.62832
64.596,111,0.62832
64.585,111,0.62832
64.574,111,0.62832
64.563,111,0.62832
64.552,111,0.62832
64.541,111,0.62832
64.53,111,0.62832
64.519,111,0.62832
64.508,111,0.62832
64.497,111,0.62832
64.487,111,0.62832
64.476,111,0.62832
64.465,111,0.62832
64.454,111,0.62832
64.443,111,0.62832
64.432,111,0.62832
64.421,111,0.62832
64.41,111,0.62832
64.399,111,0.62832
64.388,111,0.62832
64.377,111,0.62832
64.366,111,0.62832
64.356,111,0.62832
64.345,111,0.62832
64.334,111,0.62832
64.323,111,0.62832
64.312,111,0.62832
64.301,111,0.62832
64.29,111,0.62832
64.279,111,0.62832
64.268,111,0.62832
64.257,111,0.62832
64.246,111,0.62832
64.235,111,0.62832
64.224,111,0.62832
64.213,111,0.62832
64.202,111,0.62832
64.191,111,0.62832
64.181,111,0.62832
64.17,111,0.62832
64.159,111,0.62832
64.148,111,0.62832
64.137,111,0.62832
64.126,111,0.62832
64.115,111,0.62832
64.104,111,0.62832
64.093,111,0.62832
64.082,111,0.62832
64.071,111,0.62832
64.06,111,0.62832
64.049,111,0.62832
64.038,111,0.62832
64.027,111,0.62832
64.016,111,0.62832
64.005,111,0.62832
63.994,111,0.62832
63.983,111,0.62832
63.972,111,0.62832
63.961,111,0.62832
63.95,111,0.62832
63.939,111,0.62832
63.928,111,0.62832
63.917,111,0.62832
63.906,111,0.62832
63.895,111,0.62832
63.884,111,0.62832
63.874,111,0.62832
63.863,111,0.62832
63.852,111,0.62832
63.841,111,0.62832
63.83,111,0.62832
63.819,111,0.62832
63.808,111,0.62832
63.797,111,0.62832
63.786,111,0.62832
63.775,111,0.62832
63.764,111,0.62832
63.753,111,0.62832
63.742,111,0.62832
63.731,111,0.62832
63.72,111,0.62832
63.709,111,0.62832
63.698,111,0.62832
63.687,111,0.62832
63.676,111,0.62832
63.665,111,0.62832
63.654,111,0.62832
63.643,111,0.62832
63.632,111,0.62832
63.621,111,0.62832
63.61,111,0.62832
63.599,111,0.62832
63.588,111,0.62832
63.577,111,0.62832
63.566,111,0.62832
63.555,111,0.62832
63.544,111,0.62832
63.533,111,0.62832
63.521,111,0.62832
63.51,111,0.62832
63.499,111,0.62832
63.488,111,0.62832
63.477,111,0.62832
63.466,111,0.62832
63.455,111,0.62832
63.444,111,0.62832
63.433,111,0.62832
63.422,111,0.62832
63.411,111,0.62832
63.4,111,0.62832
63.389,111,0.62832
63.378,111,0.62832
63.367,111,0.62832
63.356,111,0.62832
63.345,111,0.62832
63.334,111,0.62832
63.323,111,0.62832
63.312,111,0.62832
63.301,111,0.62832
63.29,111,0.62832
63.279,111,0.62832
63.268,111,0.62832
63.257,111,0.62832
63.246,111,0.62832
63.235,111,0.62832
63.224,111,0.62832
63.213,111,0.62832
63.201,111,0.62832
63.19,111,0.62832
63.179,111,0.62832
63.168,111,0.62832
63.157,111,0.62832
63.146,111,0.62832
63.135,111,0.62832
63.124,111,0.62832
63.113,111,0.62832
63.102,111,0.62832
63.091,111,0.62832
63.08,111,0.62832
63.069,111,0.62832
63.058,111,0.62832
63.047,111,0.62832
63.036,111,0.62832
63.024,111,0.62832
63.013,111,0.62832
63.002,111,0.62832
62.991,111,0.62832
62.98,111,0.62832
62.969,111,0.62832
62.958,111,0.62832
62.947,111,0.62832
62.936,111,0.62832
62.925,111,0.62832
62.914,111,0.62832
62.903,111,0.62832
62.892,111,0.62832
62.881,111,0.62832
62.869,111,0.62832
62.858,111,0.62832
62.847,111,0.62832
62.836,111,0.62832
62.825,111,0.62832
62.814,111,0.62832
62.803,111,0.62832
62.792,111,0.62832
62.781,111,0.62832
62.77,111,0.62832
62.759,111,0.62832
62.747,111,0.62832
62.736,111,0.62832
62.725,111,0.62832
62.714,111,0.62832
62.703,111,0.62832
62.692,111,0.62832
62.681,111,0.62832
62.67,111,0.62832
62.659,111,0.62832
62.648,111,0.62832
62.636,111,0.62832
62.625,111,0.62832
62.614,111,0.62832
62.603,111,0.62832
62.592,111,0.62832
62.581,111,0.62832
62.57,111,0.62832
62.559,111,0.62832
62.548,111,0.62832
62.536,111,0.62832
62.525,111,0.62832
62.514,111,0.62832
62.503,111,0.62832
62.492,111,0.62832
62.481,111,0.62832
62.47,111,0.62832
62.459,111,0.62832
62.447,111,0.62832
62.436,111,0.62832
62.425,111,0.62832
62.414,111,0.62832
62.403,111,0.62832
62.392,111,0.62832
62.381,111,0.62832
62.37,111,0.62832
62.358,111,0.62832
62.347,111,0.62832
62.336,111,0.62832
62.325,111,0.62832
62.314,111,0.62832
62.303,111,0.62832
62.292,111,0.62832
62.281,111,0.62832
62.269,111,0.62832
62.258,111,0.62832
62.247,111,0.62832
62.236,111,0.62832
62.225,111,0.62832
62.214,111,0.62832
62.203,111,0.62832
62.191,111,0.62832
62.18,111,0.62832
62.169,111,0.62832
62.158,111,0.62832
62.147,111,0.62832
62.136,111,0.62832
62.124,111,0.62832
62.113,111,0.62832
62.102,111,0.62832
62.091,111,0.62832
62.08,111,0.62832
62.069,111,0.62832
62.058,111,0.62832
62.046,111,0.62832
62.035,111,0.62832
62.024,111,0.62832
62.013,111,0.62832
62.002,111,0.62832
61.991,111,0.62832
61.979,111,0.62832
61.968,111,0.62832
61.957,111,0.62832
61.946,111,0.62832
61.935,111,0.62832
61.924,111,0.62832
61.912,111,0.62832
61.901,111,0.62832
61.89,111,0.62832
61.879,111,0.62832
61.868,111,0.62832
61.857,111,0.62832
61.845,111,0.62832
61.834,111,0.62832
61.823,111,0.62832
61.812,111,0.62832
61.801,111,0.62832
61.789,111,0.62832
61.778,111,0.62832
61.767,111,0.62832
61.756,111,0.62832
61.745,111,0.62832
61.734,111,0.62832
61.722,111,0.62832
61.711,111,0.62832
61.7,111,0.62832
61.689,111,0.62832
61.678,111,0.62832
61.666,111,0.62832
61.655,111,0.62832
61.644,111,0.62832
61.633,111,0.62832
61.622,111,0.62832
61.61,111,0.62832
61.599,111,0.62832
61.588,111,0.62832
61.577,111,0.62832
61.566,111,0.62832
61.554,111,0.62832
61.543,111,0.62832
61.532,111,0.62832
61.521,111,0.62832
61.51,111,0.62832
61.498,111,0.62832
61.487,111,0.62832
61.476,111,0.62832
61.465,111,0.62832
61.454,111,0.62832
61.442,111,0.62832
61.431,111,0.62832
61.42,111,0.62832
61.409,111,0.62832
61.398,111,0.62832
61.386,111,0.62832
61.375,111,0.62832
61.364,111,0.62832
61.353,111,0.62832
61.342,111,0.62832
61.33,111,0.62832
61.319,111,0.62832
61.308,111,0.62832
61.297,111,0.62832
61.285,111,0.62832
61.274,111,0.62832
61.263,111,0.62832
61.252,111,0.62832
61.241,111,0.62832
61.229,111,0.62832
61.218,111,0.62832
61.207,111,0.62832
61.196,111,0.62832
61.184,111,0.62832
61.173,111,0.62832
61.162,111,0.62832
61.151,111,0.62832
61.139,111,0.62832
61.128,111,0.62832
61.117,111,0.62832
61.106,111,0.62832
61.095,111,0.62832
61.083,111,0.62832
61.072,111,0.62832
61.061,111,0.62832
61.05,111,0.62832
61.038,111,0.62832
61.027,111,0.62832
61.016,111,0.62832
61.005,111,0.62832
60.993,111,0.62832
60.982,111,0.62832
60.971,111,0.62832
60.96,111,0.62832
60.948,111,0.62832
60.937,111,0.62832
60.926,111,0.62832
60.915,111,0.62832
60.903,111,0.62832
60.892,111,0.62832
60.881,111,0.62832
60.87,111,0.62832
60.858,111,0.62832
60.847,111,0.62832
60.836,111,0.62832
60.825,111,0.62832
60.813,111,0.62832
60.802,111,0.62832
60.791,111,0.62832
60.78,111,0.62832
60.768,111,0.62832
60.757,111,0.62832
60.746,111,0.62832
60.735,111,0.62832
60.723,111,0.62832
60.712,111,0.62832
60.701,111,0.62832
60.689,111,0.62832
60.678,111,0.62832
60.667,111,0.62832
60.656,111,0.62832
60.644,111,0.62832
60.633,111,0.62832
60.622,111,0.62832
60.611,111,0.62832
60.599,111,0.62832
60.588,111,0.62832
60.577,111,0.62832
60.566,111,0.62832
60.554,111,0.62832
60.543,111,0.62832
60.532,111,0.62832
60.52,111,0.62832
60.509,111,0.62832
60.498,111,0.62832
60.487,111,0.62832
60.475,111,0.62832
60.464,111,0.62832
60.453,111,0.62832
60.441,111,0.62832
60.43,111,0.62832
60.419,111,0.62832
60.408,111,0.62832
60.396,111,0.62832
60.385,111,0.62832
60.374,111,0.62832
60.362,111,0.62832
60.351,111,0.62832
60.34,111,0.62832
60.329,111,0.62832
60.317,111,0.62832
60.306,111,0.62832
60.295,111,0.62832
60.283,111,0.62832
60.272,111,0.62832
60.261,111,0.62832
60.25,111,0.62832
60.238,111,0.62832
60.227,111,0.62832
60.216,111,0.62832
60.204,111,0.62832
60.193,111,0.62832
60.182,111,0.62832
60.17,111,0.62832
60.159,111,0.62832
60.148,111,0.62832
60.137,111,0.62832
60.125,111,0.62832
60.114,111,0.62832
60.103,111,0.62832
60.091,111,0.62832
60.08,111,0.62832
60.069,111,0.62832
60.057,111,0.62832
60.046,111,0.62832
60.035,111,0.62832
60.023,111,0.62832
60.012,111,0.62832
60.001,111,0.62832
59.989,111,0.62832
59.978,111,0.62832
59.967,111,0.62832
59.956,111,0.62832
59.944,111,0.62832
59.933,111,0.62832
59.922,111,0.62832
59.91,111,0.62832
59.899,111,0.62832
59.888,111,0.62832
59.876,111,0.62832
59.865,111,0.62832
59.854,111,0.62832
59.842,111,0.62832
59.831,111,0.62832
59.82,111,0.62832
59.808,111,0.62832
59.797,111,0.62832
59.786,111,0.62832
59.774,111,0.62832
59.763,111,0.62832
59.752,111,0.62832
59.74,111,0.62832
59.729,111,0.62832
59.718,111,0.62832
59.706,111,0.62832
59.695,111,0.62832
59.684,111,0.62832
59.672,111,0.62832
59.661,111,0.62832
59.65,111,0.62832
59.638,111,0.62832
59.627,111,0.62832
59.616,111,0.62832
59.604,111,0.62832
59.593,111,0.62832
59.582,111,0.62832
59.57,111,0.62832
59.559,111,0.62832
59.548,111,0.62832
59.536,111,0.62832
59.525,111,0.62832
59.514,111,0.62832
59.502,111,0.62832
59.491,111,0.62832
59.48,111,0.62832
59.468,111,0.62832
59.457,111,0.62832
59.446,111,0.62832
59.434,111,0.62832
59.423,111,0.62832
59.412,111,0.62832
59.4,111,0.62832
59.389,111,0.62832
59.377,111,0.62832
59.366,111,0.62832
59.355,111,0.62832
59.343,111,0.62832
59.332,111,0.62832
59.321,111,0.62832
59.309,111,0.62832
59.298,111,0.62832
59.287,111,0.62832
59.275,111,0.62832
59.264,111,0.62832
59.253,111,0.62832
59.241,111,0.62832
59.23,111,0.62832
59.218,111,0.62832
59.207,111,0.62832
59.196,111,0.62832
59.184,111,0.62832
59.173,111,0.62832
59.162,111,0.62832
59.15,111,0.62832
59.139,111,0.62832
59.128,111,0.62832
59.116,111,0.62832
59.105,111,0.62832
59.093,111,0.62832
59.082,111,0.62832
59.071,111,0.62832
59.059,111,0.62832
59.048,111,0.62832
59.037,111,0.62832
59.025,111,0.62832
59.014,111,0.62832
59.002,111,0.62832
58.991,111,0.62832
58.98,111,0.62832
58.968,111,0.62832
58.957,111,0.62832
58.946,111,0.62832
58.934,111,0.62832
58.923,111,0.62832
58.911,111,0.62832
58.9,111,0.62832
58.889,111,0.62832
58.877,111,0.62832
58.866,111,0.62832
58.855,111,0.62832
58.843,111,0.62832
58.832,111,0.62832
58.82,111,0.62832
58.809,111,0.62832
58.798,111,0.62832
58.786,111,0.62832
58.775,111,0.62832
58.763,111,0.62832
58.752,111,0.62832
58.741,111,0.62832
58.729,111,0.62832
58.718,111,0.62832
58.707,111,0.62832
58.695,111,0.62832
58.684,111,0.62832
58.672,111,0.62832
58.661,111,0.62832
58.65,111,0.62832
58.638,111,0.62832
58.627,111,0.62832
58.615,111,0.62832
58.604,111,0.62832
58.593,111,0.62832
58.581,111,0.62832
58.57,111,0.62832
58.558,111,0.62832
58.547,111,0.62832
58.536,111,0.62832
58.524,111,0.62832
58.513,111,0.62832
58.501,111,0.62832
58.49,111,0.62832
58.479,111,0.62832
58.467,111,0.62832
58.456,111,0.62832
58.444,111,0.62832
58.433,111,0.62832
58.422,111,0.62832
58.41,111,0.62832
58.399,111,0.62832
58.387,111,0.62832
58.376,111,0.62832
58.365,111,0.62832
58.353,111,0.62832
58.342,111,0.62832
58.33,111,0.62832
58.319,111,0.62832
58.308,111,0.62832
58.296,111,0.62832
58.285,111,0.62832
58.273,111,0.62832
58.262,111,0.62832
58.25,111,0.62832
58.239,111,0.62832
58.228,111,0.62832
58.216,111,0.62832
58.205,111,0.62832
58.193,111,0.62832
58.182,111,0.62832
58.171,111,0.62832
58.159,111,0.62832
58.148,111,0.62832
58.136,111,0.62832
58.125,111,0.62832
58.113,111,0.62832
58.102,111,0.62832
58.091,111,0.62832
58.079,111,0.62832
58.068,111,0.62832
58.056,111,0.62832
58.045,111,0.62832
58.034,111,0.62832
58.022,111,0.62832
58.011,111,0.62832
57.999,111,0.62832
57.988,111,0.62832
57.976,111,0.62832
57.965,111,0.62832
57.954,111,0.62832
57.942,111,0.62832
57.931,111,0.62832
57.919,111,0.62832
57.908,111,0.62832
57.896,111,0.62832
57.885,111,0.62832
57.874,111,0.62832
57.862,111,0.62832
57.851,111,0.62832
57.839,111,0.62832
57.828,111,0.62832
57.816,111,0.62832
57.805,111,0.62832
57.794,111,0.62832
57.782,111,0.62832
57.771,111,0.62832
57.759,111,0.62832
57.748,111,0.62832
57.736,111,0.62832
57.725,111,0.62832
57.713,111,0.62832
57.702,111,0.62832
57.691,111,0.62832
57.679,111,0.62832
57.668,111,0.62832
57.656,111,0.62832
57.645,111,0.62832
57.633,111,0.62832
57.622,111,0.62832
57.611,111,0.62832
57.599,111,0.62832
57.588,111,0.62832
57.576,111,0.62832
57.565,111,0.62832
57.553,111,0.62832
57.542,111,0.62832
57.53,111,0.62832
57.519,111,0.62832
57.508,111,0.62832
57.496,111,0.62832
57.485,111,0.62832
57.473,111,0.62832
57.462,111,0.62832
57.45,111,0.62832
57.439,111,0.62832
57.427,111,0.62832
57.416,111,0.62832
57.405,111,0.62832
57.393,111,0.62832
57.382,111,0.62832
57.37,111,0.62832
57.359,111,0.62832
57.347,111,0.62832
57.336,111,0.62832
57.324,111,0.62832
57.313,111,0.62832
57.301,111,0.62832
57.29,111,0.62832
57.279,111,0.62832
57.267,111,0.62832
57.256,111,0.62832
57.244,111,0.62832
57.233,111,0.62832
57.221,111,0.62832
57.21,111,0.62832
57.198,111,0.62832
57.187,111,0.62832
57.175,111,0.62832
57.164,111,0.62832
57.153,111,0.62832
57.141,111,0.62832
57.13,111,0.62832
57.118,111,0.62832
57.107,111,0.62832
57.095,111,0.62832
57.084,111,0.62832
57.072,111,0.62832
57.061,111,0.62832
57.049,111,0.62832
57.038,111,0.62832
57.026,111,0.62832
57.015,111,0.62832
57.004,111,0.62832
56.992,111,0.62832
56.981,111,0.62832
56.969,111,0.62832
56.958,111,0.62832
56.946,111,0.62832
56.935,111,0.62832
56.923,111,0.62832
56.912,111,0.62832
56.9,111,0.62832
56.889,111,0.62832
56.877,111,0.62832
56.866,111,0.62832
56.854,111,0.62832
56.843,111,0.62832
56.832,111,0.62832
56.82,111,0.62832
56.809,111,0.62832
56.797,111,0.62832
56.786,111,0.62832
56.774,111,0.62832
56.763,111,0.62832
56.751,111,0.62832
56.74,111,0.62832
56.728,111,0.62832
56.717,111,0.62832
56.705,111,0.62832
56.694,111,0.62832
56.682,111,0.62832
56.671,111,0.62832
56.659,111,0.62832
56.648,111,0.62832
56.636,111,0.62832
56.625,111,0.62832
56.614,111,0.62832
56.602,111,0.62832
56.591,111,0.62832
56.579,111,0.62832
56.568,111,0.62832
56.556,111,0.62832
56.545,111,0.62832
56.533,111,0.62832
56.522,111,0.62832
56.51,111,0.62832
56.499,111,0.62832
56.487,111,0.62832
56.476,111,0.62832
56.464,111,0.62832
56.453,111,0.62832
56.441,111,0.62832
56.43,111,0.62832
56.418,111,0.62832
56.407,111,0.62832
56.395,111,0.62832
56.384,111,0.62832
56.372,111,0.62832
56.361,111,0.62832
56.349,111,0.62832
56.338,111,0.62832
56.326,111,0.62832
56.315,111,0.62832
56.304,111,0.62832
56.292,111,0.62832
56.281,111,0.62832
56.269,111,0.62832
56.258,111,0.62832
56.246,111,0.62832
56.235,111,0.62832
56.223,111,0.62832
56.212,111,0.62832
56.2,111,0.62832
56.189,111,0.62832
56.177,111,0.62832
56.166,111,0.62832
56.154,111,0.62832
56.143,111,0.62832
56.131,111,0.62832
56.12,111,0.62832
56.108,111,0.62832
56.097,111,0.62832
56.085,111,0.62832
56.074,111,0.62832
56.062,111,0.62832
56.051,111,0.62832
56.039,111,0.62832
56.028,111,0.62832
56.016,111,0.62832
56.005,111,0.62832
55.993,111,0.62832
55.982,111,0.62832
55.97,111,0.62832
55.959,111,0.62832
55.947,111,0.62832
55.936,111,0.62832
55.924,111,0.62832
55.913,111,0.62832
55.901,111,0.62832
55.89,111,0.62832
55.878,111,0.62832
55.867,111,0.62832
55.855,111,0.62832
55.844,111,0.62832
55.832,111,0.62832
55.821,111,0.62832
55.809,111,0.62832
55.798,111,0.62832
55.786,111,0.62832
55.775,111,0.62832
55.763,111,0.62832
55.752,111,0.62832
55.74,111,0.62832
55.729,111,0.62832
55.717,111,0.62832
55.706,111,0.62832
55.694,111,0.62832
55.683,111,0.62832
55.671,111,0.62832
55.66,111,0.62832
55.648,111,0.62832
55.637,111,0.62832
55.625,111,0.62832
55.614,111,0.62832
55.602,111,0.62832
55.591,111,0.62832
55.579,111,0.62832
55.568,111,0.62832
55.556,111,0.62832
55.545,111,0.62832
55.533,111,0.62832
55.522,111,0.62832
55.51,111,0.62832
55.499,111,0.62832
55.487,111,0.62832
55.476,111,0.62832
55.464,111,0.62832
55.453,111,0.62832
55.441,111,0.62832
55.43,111,0.62832
55.418,111,0.62832
55.407,111,0.62832
55.395,111,0.62832
55.384,111,0.62832
55.372,111,0.62832
55.361,111,0.62832
55.349,111,0.62832
55.338,111,0.62832
55.326,111,0.62832
55.315,111,0.62832
55.303,111,0.62832
55.292,111,0.62832
55.28,111,0.62832
55.269,111,0.62832
55.257,111,0.62832
55.246,111,0.62832
55.234,111,0.62832
55.223,111,0.62832
55.211,111,0.62832
55.2,111,0.62832
55.188,111,0.62832
55.177,111,0.62832
55.165,111,0.62832
55.154,111,0.62832
55.142,111,0.62832
55.131,111,0.62832
55.119,111,0.62832
55.107,111,0.62832
55.096,111,0.62832
55.084,111,0.62832
55.073,111,0.62832
55.061,111,0.62832
55.05,111,0.62832
55.038,111,0.62832
55.027,111,0.62832
55.015,111,0.62832
55.004,111,0.62832
54.992,111,0.62832
54.981,111,0.62832
54.969,111,0.62832
54.958,111,0.62832
54.946,111,0.62832
54.935,111,0.62832
54.923,111,0.62832
54.912,111,0.62832
54.9,111,0.62832
54.889,111,0.62832
54.877,111,0.62832
54.866,111,0.62832
54.854,111,0.62832
54.843,111,0.62832
54.831,111,0.62832
54.82,111,0.62832
54.808,111,0.62832
54.797,111,0.62832
54.785,111,0.62832
54.774,111,0.62832
54.762,111,0.62832
54.751,111,0.62832
54.739,111,0.62832
54.728,111,0.62832
54.716,111,0.62832
54.704,111,0.62832
54.693,111,0.62832
54.681,111,0.62832
54.67,111,0.62832
54.658,111,0.62832
54.647,111,0.62832
54.635,111,0.62832
54.624,111,0.62832
54.612,111,0.62832
54.601,111,0.62832
54.589,111,0.62832
54.578,111,0.62832
54.566,111,0.62832
54.555,111,0.62832
54.543,111,0.62832
54.532,111,0.62832
54.52,111,0.62832
54.509,111,0.62832
54.497,111,0.62832
54.486,111,0.62832
54.474,111,0.62832
54.463,111,0.62832
54.451,111,0.62832
54.44,111,0.62832
54.428,111,0.62832
54.417,111,0.62832
54.405,111,0.62832
54.393,111,0.62832
54.382,111,0.62832
54.37,111,0.62832
54.359,111,0.62832
54.347,111,0.62832
54.336,111,0.62832
54.324,111,0.62832
54.313,111,0.62832
54.301,111,0.62832
54.29,111,0.62832
54.278,111,0.62832
54.267,111,0.62832
54.255,111,0.62832
54.244,111,0.62832
54.232,111,0.62832
54.221,111,0.62832
54.209,111,0.62832
54.198,111,0.62832
54.186,111,0.62832
54.175,111,0.62832
54.163,111,0.62832
54.152,111,0.62832
54.14,111,0.62832
54.129,111,0.62832
54.117,111,0.62832
54.105,111,0.62832
54.094,111,0.62832
54.082,111,0.62832
54.071,111,0.62832
54.059,111,0.62832
54.048,111,0.62832
54.036,111,0.62832
54.025,111,0.62832
54.013,111,0.62832
54.002,111,0.62832
53.99,111,0.62832
53.979,111,0.62832
53.967,111,0.62832
53.956,111,0.62832
53.944,111,0.62832
53.933,111,0.62832
53.921,111,0.62832
53.91,111,0.62832
53.898,111,0.62832
53.887,111,0.62832
53.875,111,0.62832
53.863,111,0.62832
53.852,111,0.62832
53.84,111,0.62832
53.829,111,0.62832
53.817,111,0.62832
53.806,111,0.62832
53.794,111,0.62832
53.783,111,0.62832
53.771,111,0.62832
53.76,111,0.62832
53.748,111,0.62832
53.737,111,0.62832
53.725,111,0.62832
53.714,111,0.62832
53.702,111,0.62832
53.691,111,0.62832
53.679,111,0.62832
53.668,111,0.62832
53.656,111,0.62832
53.645,111,0.62832
53.633,111,0.62832
53.622,111,0.62832
53.61,111,0.62832
53.598,111,0.62832
53.587,111,0.62832
53.575,111,0.62832
53.564,111,0.62832
53.552,111,0.62832
53.541,111,0.62832
53.529,111,0.62832
53.518,111,0.62832
53.506,111,0.62832
53.495,111,0.62832
53.483,111,0.62832
53.472,111,0.62832
53.46,111,0.62832
53.449,111,0.62832
53.437,111,0.62832
53.426,111,0.62832
53.414,111,0.62832
53.403,111,0.62832
53.391,111,0.62832
53.38,111,0.62832
53.368,111,0.62832
53.356,111,0.62832
53.345,111,0.62832
53.333,111,0.62832
53.322,111,0.62832
53.31,111,0.62832
53.299,111,0.62832
53.287,111,0.62832
53.276,111,0.62832
53.264,111,0.62832
53.253,111,0.62832
53.241,111,0.62832
53.23,111,0.62832
53.218,111,0.62832
53.207,111,0.62832
53.195,111,0.62832
53.184,111,0.62832
53.172,111,0.62832
53.161,111,0.62832
53.149,111,0.62832
53.138,111,0.62832
53.126,111,0.62832
53.115,111,0.62832
53.103,111,0.62832
53.091,111,0.62832
53.08,111,0.62832
53.068,111,0.62832
53.057,111,0.62832
53.045,111,0.62832
53.034,111,0.62832
53.022,111,0.62832
53.011,111,0.62832
52.999,111,0.62832
52.988,111,0.62832
52.976,111,0.62832
52.965,111,0.62832
52.953,111,0.62832
52.942,111,0.62832
52.93,111,0.62832
52.919,111,0.62832
52.907,111,0.62832
52.896,111,0.62832
52.884,111,0.62832
52.873,111,0.62832
52.861,111,0.62832
52.85,111,0.62832
52.838,111,0.62832
52.826,111,0.62832
52.815,111,0.62832
52.803,111,0.62832
52.792,111,0.62832
52.78,111,0.62832
52.769,111,0.62832
52.757,111,0.62832
52.746,111,0.62832
52.734,111,0.62832
52.723,111,0.62832
52.711,111,0.62832
52.7,111,0.62832
52.688,111,0.62832
52.677,111,0.62832
52.665,111,0.62832
52.654,111,0.62832
52.642,111,0.62832
52.631,111,0.62832
52.619,111,0.62832
52.608,111,0.62832
52.596,111,0.62832
52.585,111,0.62832
52.573,111,0.62832
52.562,111,0.62832
52.55,111,0.62832
52.539,111,0.62832
52.527,111,0.62832
52.515,111,0.62832
52.504,111,0.62832
52.492,111,0.62832
52.481,111,0.62832
52.469,111,0.62832
52.458,111,0.62832
52.446,111,0.62832
52.435,111,0.62832
52.423,111,0.62832
52.412,111,0.62832
52.4,111,0.62832
52.389,111,0.62832
52.377,111,0.62832
52.366,111,0.62832
52.354,111,0.62832
52.343,111,0.62832
52.331,111,0.62832
52.32,111,0.62832
52.308,111,0.62832
52.297,111,0.62832
52.285,111,0.62832
52.274,111,0.62832
52.262,111,0.62832
52.251,111,0.62832
52.239,111,0.62832
52.228,111,0.62832
52.216,111,0.62832
52.205,111,0.62832
52.193,111,0.62832
52.182,111,0.62832
52.17,111,0.62832
52.159,111,0.62832
52.147,111,0.62832
52.135,111,0.62832
52.124,111,0.62832
52.112,111,0.62832
52.101,111,0.62832
52.089,111,0.62832
52.078,111,0.62832
52.066,111,0.62832
52.055,111,0.62832
52.043,111,0.62832
52.032,111,0.62832
52.02,111,0.62832
52.009,111,0.62832
51.997,111,0.62832
51.986,111,0.62832
51.974,111,0.62832
51.963,111,0.62832
