0,49,-3.9617e-06
4.3649,49,-4.0015e-06
45.724,49,-4.0417e-06
59.412,49,-4.0824e-06
-37.982,49,-4.1234e-06
-48.623,49,-4.1648e-06
-16.792,49,-4.2067e-06
-4.464,49,-4.249e-06
-1.2564,49,-4.2917e-06
-0.41123,49,-4.3348e-06
-0.16411,49,-4.3783e-06
-0.083346,49,-4.4223e-06
-0.054281,49,-4.4668e-06
-0.043034,49,-4.5117e-06
-0.038515,49,-4.557e-06
-0.036746,49,-4.6028e-06
-0.036184,49,-4.6491e-06
-0.036184,49,-4.6958e-06
-0.036462,49,-4.743e-06
-0.036882,49,-4.7907e-06
-0.03738,49,-4.8388e-06
-0.037921,49,-4.8874e-06
-0.038487,49,-4.9365e-06
-0.03907,49,-4.9862e-06
-0.039661,49,-5.0363e-06
-0.040259,49,-5.0869e-06
-0.040861,49,-5.138e-06
-0.041466,49,-5.1896e-06
-0.042072,49,-5.2418e-06
-0.04268,49,-5.2945e-06
-0.043288,49,-5.3477e-06
-0.043898,49,-5.4014e-06
-0.044507,49,-5.4557e-06
-0.045117,49,-5.5105e-06
-0.045727,49,-5.5659e-06
-0.046337,49,-5.6218e-06
-0.046947,49,-5.6783e-06
-0.047557,49,-5.7354e-06
-0.048167,49,-5.793e-06
-0.048776,49,-5.8512e-06
-0.049386,49,-5.91e-06
-0.049996,49,-5.9694e-06
-0.050606,49,-6.0294e-06
-0.051216,49,-6.09e-06
-0.051826,49,-6.1512e-06
-0.052437,49,-6.213e-06
-0.053047,49,-6.2755e-06
-0.053659,49,-6.3385e-06
-0.05427,49,-6.4022e-06
-0.054883,49,-6.4666e-06
-0.055496,49,-6.5316e-06
-0.05611,49,-6.5972e-06
-0.056725,49,-6.6635e-06
-0.057342,49,-6.7305e-06
-0.05796,49,-6.7981e-06
-0.058579,49,-6.8664e-06
-0.0592,49,-6.9354e-06
-0.059823,49,-7.0051e-06
-0.060449,49,-7.0755e-06
-0.061076,49,-7.1466e-06
-0.061706,49,-7.2184e-06
-0.062339,49,-7.291e-06
-0.062975,49,-7.3642e-06
-0.063614,49,-7.4383e-06
-0.064257,49,-7.513e-06
-0.064904,49,-7.5885e-06
-0.065554,49,-7.6648e-06
-0.066209,49,-7.7418e-06
-0.066869,49,-7.8196e-06
-0.067533,49,-7.8982e-06
-0.068202,49,-7.9775e-06
-0.068877,49,-8.0577e-06
-0.069558,49,-8.1387e-06
-0.070245,49,-8.2205e-06
-0.070938,49,-8.3031e-06
-0.071637,49,-8.3865e-06
-0.072344,49,-8.4708e-06
-0.073058,49,-8.5559e-06
-0.073779,49,-8.6419e-06
-0.074509,49,-8.7287e-06
-0.075246,49,-8.8165e-06
-0.075992,49,-8.9051e-06
-0.076747,49,-8.9945e-06
-0.077511,49,-9.0849e-06
-0.078285,49,-9.1762e-06
-0.079068,49,-9.2684e-06
-0.079862,49,-9.3616e-06
-0.080666,49,-9.4557e-06
-0.08148,49,-9.5507e-06
-0.082306,49,-9.6467e-06
-0.083143,49,-9.7436e-06
-0.083992,49,-9.8415e-06
-0.084852,49,-9.9404e-06
-0.085725,49,-1.004e-05
-0.086611,49,-1.0141e-05
-0.087509,49,-1.0243e-05
-0.08842,49,-1.0346e-05
-0.089345,49,-1.045e-05
-0.090284,49,-1.0555e-05
-0.091236,49,-1.0661e-05
-0.092203,49,-1.0768e-05
-0.093184,49,-1.0876e-05
-0.09418,49,-1.0986e-05
-0.095191,49,-1.1096e-05
-0.096217,49,-1.1208e-05
-0.097259,49,-1.132e-05
-0.098316,49,-1.1434e-05
-0.099389,49,-1.1549e-05
-0.10048,49,-1.1665e-05
-0.10158,49,-1.1782e-05
-0.10271,49,-1.1901e-05
-0.10384,49,-1.202e-05
-0.105,49,-1.2141e-05
-0.10617,49,-1.2263e-05
-0.10736,49,-1.2386e-05
-0.10857,49,-1.2511e-05
-0.1098,49,-1.2636e-05
-0.11104,49,-1.2763e-05
-0.1123,49,-1.2892e-05
-0.11358,49,-1.3021e-05
-0.11487,49,-1.3152e-05
-0.11619,49,-1.3284e-05
-0.11752,49,-1.3418e-05
-0.11888,49,-1.3552e-05
-0.12025,49,-1.3689e-05
-0.12164,49,-1.3826e-05
-0.12305,49,-1.3965e-05
-0.12447,49,-1.4105e-05
-0.12592,49,-1.4247e-05
-0.12739,49,-1.439e-05
-0.12887,49,-1.4535e-05
-0.13038,49,-1.4681e-05
-0.1319,49,-1.4829e-05
-0.13345,49,-1.4978e-05
-0.13501,49,-1.5128e-05
-0.1366,49,-1.528e-05
-0.1382,49,-1.5434e-05
-0.13983,49,-1.5589e-05
-0.14147,49,-1.5745e-05
-0.14314,49,-1.5904e-05
-0.14482,49,-1.6063e-05
-0.14653,49,-1.6225e-05
-0.14826,49,-1.6388e-05
-0.15,49,-1.6552e-05
-0.15177,49,-1.6719e-05
-0.15356,49,-1.6887e-05
-0.15537,49,-1.7056e-05
-0.1572,49,-1.7228e-05
-0.15906,49,-1.7401e-05
-0.16093,49,-1.7576e-05
-0.16283,49,-1.7752e-05
-0.16474,49,-1.7931e-05
-0.16668,49,-1.8111e-05
-0.16865,49,-1.8293e-05
-0.17063,49,-1.8477e-05
-0.17264,49,-1.8662e-05
-0.17467,49,-1.885e-05
-0.17672,49,-1.9039e-05
-0.17879,49,-1.9231e-05
-0.18089,49,-1.9424e-05
-0.18301,49,-1.9619e-05
-0.18516,49,-1.9816e-05
-0.18733,49,-2.0015e-05
-0.18952,49,-2.0216e-05
-0.19174,49,-2.0419e-05
-0.19398,49,-2.0625e-05
-0.19625,49,-2.0832e-05
-0.19854,49,-2.1041e-05
-0.20086,49,-2.1253e-05
-0.2032,49,-2.1466e-05
-0.20557,49,-2.1682e-05
-0.20797,49,-2.19e-05
-0.21039,49,-2.212e-05
-0.21284,49,-2.2342e-05
-0.21532,49,-2.2566e-05
-0.21782,49,-2.2793e-05
-0.22036,49,-2.3022e-05
-0.22292,49,-2.3253e-05
-0.22551,49,-2.3487e-05
-0.22813,49,-2.3723e-05
-0.23078,49,-2.3961e-05
-0.23346,49,-2.4202e-05
-0.23617,49,-2.4445e-05
-0.23891,49,-2.4691e-05
-0.24169,49,-2.4939e-05
-0.24449,49,-2.519e-05
-0.24733,49,-2.5443e-05
-0.2502,49,-2.5698e-05
-0.25311,49,-2.5957e-05
-0.25605,49,-2.6217e-05
-0.25902,49,-2.6481e-05
-0.26203,49,-2.6747e-05
-0.26507,49,-2.7016e-05
-0.26816,49,-2.7287e-05
-0.27127,49,-2.7561e-05
-0.27443,49,-2.7838e-05
-0.27762,49,-2.8118e-05
-0.28086,49,-2.84e-05
-0.28413,49,-2.8686e-05
-0.28744,49,-2.8974e-05
-0.2908,49,-2.9265e-05
-0.29419,49,-2.9559e-05
-0.29763,49,-2.9856e-05
-0.30111,49,-3.0156e-05
-0.30463,49,-3.0459e-05
-0.3082,49,-3.0765e-05
-0.31181,49,-3.1074e-05
-0.31547,49,-3.1386e-05
-0.31917,49,-3.1701e-05
-0.32292,49,-3.202e-05
-0.32672,49,-3.2341e-05
-0.33057,49,-3.2666e-05
-0.33446,49,-3.2995e-05
-0.33841,49,-3.3326e-05
-0.34241,49,-3.3661e-05
-0.34646,49,-3.3999e-05
-0.35056,49,-3.4341e-05
-0.35471,49,-3.4686e-05
-0.35892,49,-3.5034e-05
-0.36318,49,-3.5386e-05
-0.3675,49,-3.5741e-05
-0.37188,49,-3.6101e-05
-0.37631,49,-3.6463e-05
-0.3808,49,-3.683e-05
-0.38535,49,-3.7199e-05
-0.38996,49,-3.7573e-05
-0.39463,49,-3.7951e-05
-0.39936,49,-3.8332e-05
-0.40416,49,-3.8717e-05
-0.40901,49,-3.9106e-05
-0.41394,49,-3.9499e-05
-0.41892,49,-3.9896e-05
-0.42398,49,-4.0296e-05
-0.4291,49,-4.0701e-05
-0.43428,49,-4.111e-05
-0.43954,49,-4.1523e-05
-0.44487,49,-4.194e-05
-0.45026,49,-4.2361e-05
-0.45573,49,-4.2787e-05
-0.46127,49,-4.3217e-05
-0.46689,49,-4.3651e-05
-0.47258,49,-4.4089e-05
-0.47834,49,-4.4532e-05
-0.48418,49,-4.4979e-05
-0.4901,49,-4.5431e-05
-0.49609,49,-4.5888e-05
-0.50217,49,-4.6349e-05
-0.50832,49,-4.6814e-05
-0.51456,49,-4.7284e-05
-0.52088,49,-4.7759e-05
-0.52728,49,-4.8239e-05
-0.53377,49,-4.8724e-05
-0.54034,49,-4.9213e-05
-0.547,49,-4.9707e-05
-0.55374,49,-5.0207e-05
-0.56058,49,-5.0711e-05
-0.5675,49,-5.122e-05
-0.57451,49,-5.1735e-05
-0.58162,49,-5.2254e-05
-0.58882,49,-5.2779e-05
-0.59611,49,-5.3309e-05
-0.6035,49,-5.3845e-05
-0.61098,49,-5.4386e-05
-0.61856,49,-5.4932e-05
-0.62624,49,-5.5483e-05
-0.63401,49,-5.6041e-05
-0.64189,49,-5.6604e-05
-0.64987,49,-5.7172e-05
-0.65795,49,-5.7746e-05
-0.66614,49,-5.8326e-05
-0.67443,49,-5.8912e-05
-0.68283,49,-5.9504e-05
-0.69134,49,-6.0101e-05
-0.69995,49,-6.0705e-05
-0.70868,49,-6.1315e-05
-0.71752,49,-6.193e-05
-0.72647,49,-6.2552e-05
-0.73553,49,-6.3181e-05
-0.74471,49,-6.3815e-05
-0.75401,49,-6.4456e-05
-0.76342,49,-6.5103e-05
-0.77295,49,-6.5757e-05
-0.78261,49,-6.6417e-05
-0.79238,49,-6.7084e-05
-0.80228,49,-6.7758e-05
-0.8123,49,-6.8439e-05
-0.82245,49,-6.9126e-05
-0.83273,49,-6.982e-05
-0.84314,49,-7.0521e-05
-0.85368,49,-7.1229e-05
-0.86435,49,-7.1945e-05
-0.87515,49,-7.2667e-05
-0.88609,49,-7.3397e-05
-0.89717,49,-7.4134e-05
-0.90838,49,-7.4878e-05
-0.91973,49,-7.563e-05
-0.93123,49,-7.639e-05
-0.94286,49,-7.7157e-05
-0.95465,49,-7.7931e-05
-0.96658,49,-7.8714e-05
-0.97865,49,-7.9504e-05
-0.99088,49,-8.0303e-05
-1.0033,49,-8.1109e-05
-1.0158,49,-8.1923e-05
-1.0285,49,-8.2746e-05
-1.0413,49,-8.3577e-05
-1.0543,49,-8.4416e-05
-1.0675,49,-8.5263e-05
-1.0808,49,-8.6119e-05
-1.0943,49,-8.6984e-05
-1.1079,49,-8.7857e-05
-1.1218,49,-8.8739e-05
-1.1358,49,-8.963e-05
-1.1499,49,-9.053e-05
-1.1643,49,-9.1439e-05
-1.1788,49,-9.2357e-05
-1.1935,49,-9.3284e-05
-1.2083,49,-9.4221e-05
-1.2234,49,-9.5167e-05
-1.2386,49,-9.6122e-05
-1.254,49,-9.7087e-05
-1.2696,49,-9.8062e-05
-1.2854,49,-9.9046e-05
-1.3014,49,-0.00010004
-1.3176,49,-0.00010104
-1.334,49,-0.00010206
-1.3506,49,-0.00010308
-1.3674,49,-0.00010412
-1.3844,49,-0.00010516
-1.4016,49,-0.00010622
-1.419,49,-0.00010729
-1.4366,49,-0.00010836
-1.4544,49,-0.00010945
-1.4724,49,-0.00011055
-1.4907,49,-0.00011166
-1.5092,49,-0.00011278
-1.5279,49,-0.00011391
-1.5468,49,-0.00011505
-1.566,49,-0.00011621
-1.5853,49,-0.00011738
-1.605,49,-0.00011855
-1.6248,49,-0.00011974
-1.6449,49,-0.00012094
-1.6653,49,-0.00012216
-1.6858,49,-0.00012338
-1.7067,49,-0.00012462
-1.7277,49,-0.00012587
-1.7491,49,-0.00012714
-1.7706,49,-0.00012841
-1.7925,49,-0.0001297
-1.8146,49,-0.000131
-1.8369,49,-0.00013232
-1.8596,49,-0.00013365
-1.8825,49,-0.00013499
-1.9056,49,-0.00013634
-1.9291,49,-0.00013771
-1.9528,49,-0.00013909
-1.9768,49,-0.00014049
-2.0011,49,-0.0001419
-2.0257,49,-0.00014332
-2.0505,49,-0.00014476
-2.0757,49,-0.00014621
-2.1012,49,-0.00014768
-2.1269,49,-0.00014916
-2.153,49,-0.00015066
-2.1794,49,-0.00015217
-2.206,49,-0.00015369
-2.233,49,-0.00015524
-2.2603,49,-0.00015679
-2.288,49,-0.00015837
-2.3159,49,-0.00015995
-2.3442,49,-0.00016156
-2.3728,49,-0.00016318
-2.4017,49,-0.00016482
-2.431,49,-0.00016647
-2.4606,49,-0.00016814
-2.4906,49,-0.00016983
-2.5209,49,-0.00017153
-2.5516,49,-0.00017325
-2.5826,49,-0.00017499
-2.614,49,-0.00017674
-2.6457,49,-0.00017852
-2.6779,49,-0.00018031
-2.7103,49,-0.00018211
-2.7432,49,-0.00018394
-2.7764,49,-0.00018579
-2.8101,49,-0.00018765
-2.8441,49,-0.00018953
-2.8785,49,-0.00019143
-2.9133,49,-0.00019335
-2.9485,49,-0.00019529
-2.984,49,-0.00019725
-3.0201,49,-0.00019923
-3.0565,49,-0.00020122
-3.0933,49,-0.00020324
-3.1305,49,-0.00020528
-3.1682,49,-0.00020734
-3.2063,49,-0.00020942
-3.2449,49,-0.00021151
-3.2838,49,-0.00021364
-3.3233,49,-0.00021578
-3.3631,49,-0.00021794
-3.4034,49,-0.00022013
-3.4442,49,-0.00022233
-3.4855,49,-0.00022456
-3.5271,49,-0.00022681
-3.5693,49,-0.00022908
-3.612,49,-0.00023138
-3.6551,49,-0.0002337
-3.6987,49,-0.00023604
-3.7428,49,-0.00023841
-3.7874,49,-0.0002408
-3.8325,49,-0.00024321
-3.8781,49,-0.00024565
-3.9242,49,-0.00024811
-3.9708,49,-0.0002506
-4.018,49,-0.00025311
-4.0656,49,-0.00025564
-4.1138,49,-0.00025821
-4.1626,49,-0.00026079
-4.2119,49,-0.00026341
-4.2617,49,-0.00026605
-4.3121,49,-0.00026871
-4.363,49,-0.0002714
-4.4145,49,-0.00027412
-4.4666,49,-0.00027687
-4.5192,49,-0.00027964
-4.5725,49,-0.00028244
-4.6263,49,-0.00028527
-4.6807,49,-0.00028813
-4.7357,49,-0.00029102
-4.7913,49,-0.00029393
-4.8476,49,-0.00029688
-4.9044,49,-0.00029985
-4.9619,49,-0.00030285
-5.02,49,-0.00030589
-5.0787,49,-0.00030895
-5.1381,49,-0.00031204
-5.1981,49,-0.00031517
-5.2588,49,-0.00031832
-5.3202,49,-0.00032151
-5.3822,49,-0.00032473
-5.4449,49,-0.00032798
-5.5083,49,-0.00033126
-5.5723,49,-0.00033458
-5.6371,49,-0.00033793
-5.7026,49,-0.00034131
-5.7687,49,-0.00034473
-5.8356,49,-0.00034818
-5.9032,49,-0.00035167
-5.9716,49,-0.00035519
-6.0407,49,-0.00035874
-6.1105,49,-0.00036233
-6.1811,49,-0.00036596
-6.2525,49,-0.00036962
-6.3246,49,-0.00037332
-6.3975,49,-0.00037706
-6.4712,49,-0.00038083
-6.5456,49,-0.00038464
-6.6209,49,-0.00038849
-6.697,49,-0.00039237
-6.7739,49,-0.0003963
-6.8516,49,-0.00040026
-6.9302,49,-0.00040427
-7.0095,49,-0.00040831
-7.0898,49,-0.0004124
-7.1709,49,-0.00041652
-7.2529,49,-0.00042069
-7.3357,49,-0.00042489
-7.4194,49,-0.00042914
-7.504,49,-0.00043344
-7.5895,49,-0.00043777
-7.676,49,-0.00044215
-7.7633,49,-0.00044657
-7.8516,49,-0.00045103
-7.9408,49,-0.00045554
-8.0309,49,-0.0004601
-8.122,49,-0.0004647
-8.2141,49,-0.00046934
-8.3071,49,-0.00047403
-8.4012,49,-0.00047877
-8.4962,49,-0.00048355
-8.5922,49,-0.00048839
-8.6892,49,-0.00049327
-8.7873,49,-0.0004982
-8.8864,49,-0.00050318
-8.9865,49,-0.0005082
-9.0877,49,-0.00051328
-9.1899,49,-0.00051841
-9.2932,49,-0.00052359
-9.3976,49,-0.00052882
-9.5031,49,-0.0005341
-9.6097,49,-0.00053943
-9.7175,49,-0.00054482
-9.8263,49,-0.00055026
-9.9363,49,-0.00055576
-10.047,49,-0.00056131
-10.16,49,-0.00056691
-10.273,49,-0.00057257
-10.388,49,-0.00057829
-10.504,49,-0.00058406
-10.621,49,-0.00058989
-10.739,49,-0.00059578
-10.858,49,-0.00060173
-10.979,49,-0.00060773
-11.101,49,-0.0006138
-11.224,49,-0.00061992
-11.349,49,-0.00062611
-11.475,49,-0.00063235
-11.602,49,-0.00063866
-11.73,49,-0.00064503
-11.86,49,-0.00065147
-11.991,49,-0.00065797
-12.123,49,-0.00066453
-12.257,49,-0.00067116
-12.392,49,-0.00067785
-12.529,49,-0.00068461
-12.667,49,-0.00069143
-12.806,49,-0.00069833
-12.947,49,-0.00070529
-13.089,49,-0.00071232
-13.233,49,-0.00071942
-13.378,49,-0.00072659
-13.525,49,-0.00073383
-13.673,49,-0.00074114
-13.823,49,-0.00074853
-13.974,49,-0.00075598
-14.127,49,-0.00076352
-14.281,49,-0.00077112
-14.437,49,-0.0007788
-14.595,49,-0.00078656
-14.754,49,-0.00079439
-14.914,49,-0.0008023
-15.077,49,-0.00081029
-15.241,49,-0.00081836
-15.407,49,-0.0008265
-15.574,49,-0.00083473
-15.743,49,-0.00084304
-15.914,49,-0.00085143
-16.086,49,-0.0008599
-16.26,49,-0.00086846
-16.436,49,-0.0008771
-16.614,49,-0.00088582
-16.794,49,-0.00089464
-16.975,49,-0.00090353
-17.158,49,-0.00091252
-17.344,49,-0.00092159
-17.53,49,-0.00093076
-17.719,49,-0.00094001
-17.91,49,-0.00094936
-18.103,49,-0.00095879
-18.297,49,-0.00096832
-18.494,49,-0.00097794
-18.692,49,-0.00098766
-18.893,49,-0.00099747
-19.095,49,-0.0010074
-19.3,49,-0.0010174
-19.506,49,-0.0010275
-19.715,49,-0.0010377
-19.926,49,-0.001048
-20.139,49,-0.0010584
-20.354,49,-0.0010689
-20.571,49,-0.0010795
-20.79,49,-0.0010902
-21.012,49,-0.0011011
-21.235,49,-0.001112
-21.461,49,-0.001123
-21.689,49,-0.0011342
-21.92,49,-0.0011454
-22.152,49,-0.0011568
-22.387,49,-0.0011682
-22.625,49,-0.0011798
-22.864,49,-0.0011915
-23.107,49,-0.0012033
-23.351,49,-0.0012152
-23.598,49,-0.0012273
-23.847,49,-0.0012394
-24.099,49,-0.0012517
-24.353,49,-0.0012641
-24.61,49,-0.0012766
-24.87,49,-0.0012893
-25.132,49,-0.001302
-25.396,49,-0.0013149
-25.663,49,-0.0013279
-25.933,49,-0.0013411
-26.205,49,-0.0013544
-26.48,49,-0.0013678
-26.758,49,-0.0013813
-27.039,49,-0.0013949
-27.322,49,-0.0014087
-27.608,49,-0.0014227
-27.897,49,-0.0014367
-28.188,49,-0.0014509
-28.483,49,-0.0014653
-28.78,49,-0.0014797
-29.08,49,-0.0014944
-29.384,49,-0.0015091
-29.69,49,-0.001524
-29.999,49,-0.0015391
-30.311,49,-0.0015543
-30.627,49,-0.0015696
-30.945,49,-0.0015851
-31.266,49,-0.0016007
-31.591,49,-0.0016165
-31.919,49,-0.0016325
-32.249,49,-0.0016485
-32.584,49,-0.0016648
-32.921,49,-0.0016812
-33.261,49,-0.0016978
-33.605,49,-0.0017145
-33.953,49,-0.0017314
-34.303,49,-0.0017484
-34.657,49,-0.0017657
-35.015,49,-0.001783
-35.375,49,-0.0018006
-35.74,49,-0.0018183
-36.108,49,-0.0018362
-36.479,49,-0.0018543
-36.854,49,-0.0018725
-37.233,49,-0.0018909
-37.615,49,-0.0019095
-38.001,49,-0.0019283
-38.39,49,-0.0019472
-38.784,49,-0.0019663
-39.181,49,-0.0019857
-39.582,49,-0.0020052
-39.987,49,-0.0020248
-40.395,49,-0.0020447
-40.808,49,-0.0020648
-41.224,49,-0.002085
-41.645,49,-0.0021055
-42.069,49,-0.0021261
-42.498,49,-0.002147
-42.931,49,-0.002168
-43.367,49,-0.0021893
-43.808,49,-0.0022107
-44.253,49,-0.0022323
-44.703,49,-0.0022542
-45.156,49,-0.0022763
-45.614,49,-0.0022985
-46.076,49,-0.002321
-46.543,49,-0.0023437
-47.014,49,-0.0023666
-47.49,49,-0.0023898
-47.97,49,-0.0024131
-48.454,49,-0.0024367
-48.943,49,-0.0024605
-49.437,49,-0.0024845
-49.935,49,-0.0025088
-50.438,49,-0.0025333
-50.946,49,-0.002558
-51.459,49,-0.0025829
-51.976,49,-0.0026081
-52.498,49,-0.0026335
-53.026,49,-0.0026592
-53.558,49,-0.0026851
-54.095,49,-0.0027112
-54.637,49,-0.0027376
-55.184,49,-0.0027643
-55.736,49,-0.0027912
-56.294,49,-0.0028183
-56.856,49,-0.0028457
-57.424,49,-0.0028734
-57.997,49,-0.0029013
-58.576,49,-0.0029295
-59.159,49,-0.0029579
-59.749,49,-0.0029866
-60.343,49,-0.0030156
-60.943,49,-0.0030448
-61.549,49,-0.0030744
-62.161,49,-0.0031042
-62.778,49,-0.0031342
-63.4,49,-0.0031646
-64.029,49,-0.0031952
-64.663,49,-0.0032262
-65.303,49,-0.0032574
-65.949,49,-0.0032889
-66.601,49,-0.0033207
-67.259,49,-0.0033528
-67.922,49,-0.0033852
-68.592,49,-0.0034179
-69.268,49,-0.0034508
-69.951,49,-0.0034841
-70.639,49,-0.0035177
-71.334,49,-0.0035517
-72.035,49,-0.0035859
-72.742,49,-0.0036204
-73.456,49,-0.0036553
-74.176,49,-0.0036905
-74.903,49,-0.003726
-75.637,49,-0.0037618
-76.377,49,-0.003798
-77.124,49,-0.0038345
-77.877,49,-0.0038713
-78.637,49,-0.0039085
-79.404,49,-0.003946
-80.178,49,-0.0039838
-80.959,49,-0.004022
-81.747,49,-0.0040605
-82.542,49,-0.0040994
-83.345,49,-0.0041387
-84.154,49,-0.0041783
-84.97,49,-0.0042183
-85.794,49,-0.0042586
-86.625,49,-0.0042993
-87.464,49,-0.0043403
-88.31,49,-0.0043818
-89.163,49,-0.0044236
-90.024,49,-0.0044657
-90.893,49,-0.0045083
-91.769,49,-0.0045513
-92.653,49,-0.0045946
-93.545,49,-0.0046383
-94.444,49,-0.0046824
-95.352,49,-0.0047269
-96.267,49,-0.0047718
-97.191,49,-0.0048172
-98.122,49,-0.0048629
-99.062,49,-0.004909
-100.01,49,-0.0049555
-100.97,49,-0.0050025
-101.93,49,-0.0050498
-102.9,49,-0.0050976
-103.88,49,-0.0051458
-104.87,49,-0.0051945
-105.87,49,-0.0052435
-106.88,49,-0.0052931
-107.89,49,-0.005343
-108.92,49,-0.0053934
-109.95,49,-0.0054442
-110.99,49,-0.0054955
-112.04,49,-0.0055472
-113.1,49,-0.0055994
-114.17,49,-0.005652
-115.25,49,-0.0057051
-116.34,49,-0.0057586
-117.43,49,-0.0058126
-118.54,49,-0.0058671
-119.65,49,-0.0059221
-120.78,49,-0.0059775
-121.91,49,-0.0060335
-123.05,49,-0.0060899
-124.2,49,-0.0061468
-125.37,49,-0.0062041
-126.54,49,-0.006262
-127.72,49,-0.0063204
-128.91,49,-0.0063793
-130.11,49,-0.0064387
-131.32,49,-0.0064986
-132.55,49,-0.006559
-133.78,49,-0.0066199
-135.02,49,-0.0066813
-136.27,49,-0.0067433
-137.53,49,-0.0068058
-138.8,49,-0.0068688
-140.09,49,-0.0069323
-141.38,49,-0.0069964
-142.68,49,-0.007061
-144,49,-0.0071262
-145.32,49,-0.0071919
-146.65,49,-0.0072582
-148,49,-0.007325
-149.36,49,-0.0073924
-150.72,49,-0.0074603
-152.1,49,-0.0075288
-153.49,49,-0.0075979
-154.89,49,-0.0076676
-156.3,49,-0.0077378
-157.73,49,-0.0078086
-159.16,49,-0.00788
-160.6,49,-0.007952
-162.06,49,-0.0080245
-163.53,49,-0.0080977
-165.01,49,-0.0081715
-166.5,49,-0.0082458
-168,49,-0.0083208
-169.51,49,-0.0083964
-171.04,49,-0.0084726
-172.57,49,-0.0085494
-174.12,49,-0.0086268
-175.68,49,-0.0087049
-177.26,49,-0.0087836
-178.84,49,-0.0088629
-180.44,49,-0.0089428
-182.04,49,-0.0090234
-183.67,49,-0.0091046
-185.3,49,-0.0091865
-186.94,49,-0.009269
-188.6,49,-0.0093522
-190.27,49,-0.009436
-191.95,49,-0.0095205
-193.64,49,-0.0096056
-195.35,49,-0.0096915
-197.07,49,-0.0097779
-198.8,49,-0.0098651
-200.54,49,-0.0099529
-202.3,49,-0.010041
-204.07,49,-0.010131
-205.85,49,-0.010221
-207.64,49,-0.010311
-209.45,49,-0.010402
-211.27,49,-0.010494
-213.1,49,-0.010587
-214.95,49,-0.01068
-216.81,49,-0.010775
-218.68,49,-0.010869
-220.56,49,-0.010965
-222.46,49,-0.011061
-224.37,49,-0.011158
-226.3,49,-0.011256
-228.23,49,-0.011354
-230.18,49,-0.011453
-232.15,49,-0.011553
-234.12,49,-0.011654
-236.11,49,-0.011755
-238.12,49,-0.011857
-240.13,49,-0.01196
-242.16,49,-0.012064
-244.21,49,-0.012168
-246.26,49,-0.012273
-248.33,49,-0.012379
-250.42,49,-0.012485
-252.51,49,-0.012593
-254.63,49,-0.012701
-256.75,49,-0.01281
-258.89,49,-0.01292
-261.04,49,-0.01303
-263.2,49,-0.013141
-265.38,49,-0.013253
-267.57,49,-0.013366
-269.78,49,-0.01348
-272,49,-0.013594
-274.23,49,-0.013709
-276.47,49,-0.013825
-278.73,49,-0.013942
-281.01,49,-0.014059
-283.29,49,-0.014178
-285.59,49,-0.014297
-287.91,49,-0.014417
-290.23,49,-0.014538
-292.58,49,-0.014659
-294.93,49,-0.014782
-297.3,49,-0.014905
-299.68,49,-0.015029
-302.07,49,-0.015154
-304.48,49,-0.015279
-306.91,49,-0.015406
-309.34,49,-0.015533
-311.79,49,-0.015661
-314.25,49,-0.01579
-316.73,49,-0.01592
-319.22,49,-0.01605
-321.72,49,-0.016182
-324.23,49,-0.016314
-326.76,49,-0.016447
-329.3,49,-0.016581
-331.86,49,-0.016715
-334.43,49,-0.016851
-337.01,49,-0.016987
-339.6,49,-0.017125
-342.21,49,-0.017263
-344.83,49,-0.017402
-347.47,49,-0.017541
-350.11,49,-0.017682
-352.77,49,-0.017823
-355.44,49,-0.017966
-358.13,49,-0.018109
-360.82,49,-0.018253
-363.53,49,-0.018397
-366.25,49,-0.018543
-368.99,49,-0.018689
-371.73,49,-0.018837
-374.49,49,-0.018985
-377.26,49,-0.019134
-380.05,49,-0.019284
-382.84,49,-0.019434
-385.65,49,-0.019586
-388.47,49,-0.019738
-391.3,49,-0.019891
-394.14,49,-0.020045
-396.99,49,-0.0202
-399.86,49,-0.020356
-402.73,49,-0.020512
-405.62,49,-0.020669
-408.52,49,-0.020828
-411.43,49,-0.020987
-414.35,49,-0.021146
-417.28,49,-0.021307
-420.22,49,-0.021469
-423.17,49,-0.021631
-426.14,49,-0.021794
-429.11,49,-0.021958
-432.09,49,-0.022123
-435.09,49,-0.022288
-438.09,49,-0.022454
-441.1,49,-0.022622
-444.12,49,-0.02279
-447.16,49,-0.022958
-450.2,49,-0.023128
-453.25,49,-0.023298
-456.31,49,-0.02347
-459.37,49,-0.023642
-462.45,49,-0.023814
-465.54,49,-0.023988
-468.63,49,-0.024162
-471.73,49,-0.024337
-474.84,49,-0.024513
-477.96,49,-0.02469
-481.08,49,-0.024867
-484.22,49,-0.025045
-487.36,49,-0.025224
-490.5,49,-0.025404
-493.66,49,-0.025585
-496.82,49,-0.025766
-499.98,49,-0.025948
-503.16,49,-0.02613
-506.34,49,-0.026314
-509.52,49,-0.026498
-512.71,49,-0.026683
-515.91,49,-0.026869
-519.11,49,-0.027055
-522.32,49,-0.027242
-525.53,49,-0.02743
-528.75,49,-0.027618
-531.97,49,-0.027807
-535.2,49,-0.027997
-538.42,49,-0.028187
-541.66,49,-0.028379
-544.89,49,-0.02857
-548.13,49,-0.028763
-551.38,49,-0.028956
-554.62,49,-0.02915
-557.87,49,-0.029344
-561.12,49,-0.029539
-564.37,49,-0.029735
-567.63,49,-0.029931
-570.88,49,-0.030128
-574.14,49,-0.030326
-577.4,49,-0.030524
-580.66,49,-0.030723
-583.92,49,-0.030922
-587.18,49,-0.031122
-590.44,49,-0.031323
-593.7,49,-0.031524
-596.96,49,-0.031726
-600.21,49,-0.031928
-603.47,49,-0.03213
-606.73,49,-0.032334
-609.98,49,-0.032537
-613.23,49,-0.032742
-616.48,49,-0.032947
-619.73,49,-0.033152
-622.97,49,-0.033358
-626.21,49,-0.033564
-629.45,49,-0.033771
-632.69,49,-0.033978
-635.92,49,-0.034186
-639.14,49,-0.034394
-642.36,49,-0.034603
-645.58,49,-0.034812
-648.79,49,-0.035021
-651.99,49,-0.035231
-655.19,49,-0.035441
-658.39,49,-0.035652
-661.57,49,-0.035863
-664.75,49,-0.036074
-667.93,49,-0.036286
-671.09,49,-0.036498
-674.25,49,-0.036711
-677.4,49,-0.036924
-680.54,49,-0.037137
-683.68,49,-0.03735
-686.8,49,-0.037564
-689.92,49,-0.037778
-693.02,49,-0.037993
-696.12,49,-0.038207
-699.2,49,-0.038422
-702.28,49,-0.038637
-705.34,49,-0.038853
-708.39,49,-0.039069
-711.43,49,-0.039284
-714.46,49,-0.0395
-717.48,49,-0.039717
-720.49,49,-0.039933
-723.48,49,-0.04015
-726.46,49,-0.040367
-729.42,49,-0.040584
-732.37,49,-0.040801
-735.31,49,-0.041018
-738.24,49,-0.041236
-741.15,49,-0.041453
-744.04,49,-0.041671
-746.92,49,-0.041889
-749.78,49,-0.042107
-752.63,49,-0.042325
-755.46,49,-0.042543
-758.27,49,-0.042761
-761.07,49,-0.042979
-763.85,49,-0.043197
-766.61,49,-0.043415
-769.36,49,-0.043633
-772.09,49,-0.043851
-774.8,49,-0.04407
-777.49,49,-0.044288
-780.16,49,-0.044506
-782.81,49,-0.044724
-785.44,49,-0.044942
-788.06,49,-0.04516
-790.65,49,-0.045378
-793.22,49,-0.045595
-795.77,49,-0.045813
-798.3,49,-0.046031
-800.81,49,-0.046248
-803.3,49,-0.046465
-805.77,49,-0.046683
-808.21,49,-0.0469
-810.63,49,-0.047116
-813.03,49,-0.047333
-815.41,49,-0.04755
-817.76,49,-0.047766
-820.09,49,-0.047982
-822.4,49,-0.048198
-824.68,49,-0.048414
-826.94,49,-0.048629
-829.17,49,-0.048844
-831.38,49,-0.049059
-833.57,49,-0.049274
-835.73,49,-0.049488
-837.86,49,-0.049702
-839.97,49,-0.049916
-842.05,49,-0.05013
-844.11,49,-0.050343
-846.14,49,-0.050556
-848.15,49,-0.050768
-850.12,49,-0.05098
-852.08,49,-0.051192
-854,49,-0.051403
-855.9,49,-0.051615
-857.77,49,-0.051825
-859.61,49,-0.052035
-861.42,49,-0.052245
-863.21,49,-0.052455
-864.97,49,-0.052664
-866.7,49,-0.052872
-868.4,49,-0.053081
-870.07,49,-0.053288
-871.72,49,-0.053496
-873.33,49,-0.053702
-874.92,49,-0.053909
-876.48,49,-0.054114
-878.01,49,-0.05432
-879.5,49,-0.054525
-880.97,49,-0.054729
-882.41,49,-0.054933
-883.82,49,-0.055136
-885.2,49,-0.055339
-886.55,49,-0.055541
-887.87,49,-0.055743
-889.16,49,-0.055944
-890.42,49,-0.056144
-891.65,49,-0.056344
-892.85,49,-0.056544
-894.02,49,-0.056742
-895.15,49,-0.05694
-896.26,49,-0.057138
-897.34,49,-0.057335
-898.38,49,-0.057531
-899.39,49,-0.057727
-900.38,49,-0.057922
-901.33,49,-0.058117
-902.25,49,-0.05831
-903.14,49,-0.058504
-904,49,-0.058696
-904.83,49,-0.058888
-905.63,49,-0.059079
-906.39,49,-0.05927
-907.13,49,-0.059459
-907.83,49,-0.059648
-908.5,49,-0.059837
-909.14,49,-0.060025
-909.75,49,-0.060212
-910.33,49,-0.060398
-910.88,49,-0.060584
-911.4,49,-0.060768
-911.88,49,-0.060953
-912.34,49,-0.061136
-912.76,49,-0.061319
-913.15,49,-0.061501
-913.51,49,-0.061682
-913.85,49,-0.061862
-914.15,49,-0.062042
-914.41,49,-0.062221
-914.65,49,-0.062399
-914.86,49,-0.062577
-915.04,49,-0.062753
-915.19,49,-0.062929
-915.3,49,-0.063104
-915.39,49,-0.063279
-915.44,49,-0.063452
-915.47,49,-0.063625
-915.47,49,-0.063797
-915.43,49,-0.063968
-915.37,49,-0.064138
-915.27,49,-0.064308
-915.15,49,-0.064477
-915,49,-0.064645
-914.82,49,-0.064812
-914.6,49,-0.064978
-914.36,49,-0.065144
-914.09,49,-0.065309
-913.8,49,-0.065473
-913.47,49,-0.065636
-913.11,49,-0.065798
-912.73,49,-0.065959
-912.32,49,-0.06612
-911.87,49,-0.06628
-911.41,49,-0.066439
-910.91,49,-0.066597
-910.38,49,-0.066754
-909.83,49,-0.066911
-909.25,49,-0.067066
-908.65,49,-0.067221
-908.01,49,-0.067375
-907.35,49,-0.067528
-906.66,49,-0.067681
-905.95,49,-0.067832
-905.21,49,-0.067983
-904.44,49,-0.068133
-903.65,49,-0.068282
-902.83,49,-0.06843
-901.99,49,-0.068577
-901.12,49,-0.068723
-900.23,49,-0.068869
-899.31,49,-0.069014
-898.36,49,-0.069158
-897.39,49,-0.069301
-896.4,49,-0.069443
-895.38,49,-0.069585
-894.34,49,-0.069725
-893.27,49,-0.069865
-892.18,49,-0.070004
-891.07,49,-0.070142
-889.94,49,-0.070279
-888.78,49,-0.070415
-887.6,49,-0.070551
-886.39,49,-0.070686
-885.16,49,-0.07082
-883.92,49,-0.070953
-882.64,49,-0.071085
-881.35,49,-0.071216
-880.04,49,-0.071347
-878.7,49,-0.071477
-877.35,49,-0.071605
-875.97,49,-0.071734
-874.57,49,-0.071861
-873.15,49,-0.071987
-871.72,49,-0.072113
-870.26,49,-0.072238
-868.78,49,-0.072362
-867.28,49,-0.072485
-865.77,49,-0.072607
-864.23,49,-0.072729
-862.68,49,-0.07285
-861.11,49,-0.07297
-859.51,49,-0.073089
-857.91,49,-0.073207
-856.28,49,-0.073325
-854.63,49,-0.073441
-852.97,49,-0.073557
-851.29,49,-0.073672
-849.6,49,-0.073787
-847.89,49,-0.0739
-846.16,49,-0.074013
-844.41,49,-0.074125
-842.65,49,-0.074236
-840.87,49,-0.074347
-839.08,49,-0.074457
-837.27,49,-0.074565
-835.45,49,-0.074674
-833.61,49,-0.074781
-831.76,49,-0.074888
-829.89,49,-0.074993
-828.01,49,-0.075099
-826.12,49,-0.075203
-824.21,49,-0.075306
-822.29,49,-0.075409
-820.35,49,-0.075511
-818.4,49,-0.075613
-816.44,49,-0.075713
-814.47,49,-0.075813
-812.48,49,-0.075912
-810.48,49,-0.076011
-808.47,49,-0.076108
-806.45,49,-0.076205
-804.42,49,-0.076302
-802.38,49,-0.076397
-800.32,49,-0.076492
-798.25,49,-0.076586
-796.18,49,-0.076679
-794.09,49,-0.076772
-791.99,49,-0.076864
-789.89,49,-0.076955
-787.77,49,-0.077046
-785.64,49,-0.077136
-783.51,49,-0.077225
-781.36,49,-0.077314
-779.21,49,-0.077401
-777.05,49,-0.077489
-774.88,49,-0.077575
-772.7,49,-0.077661
-770.51,49,-0.077746
-768.31,49,-0.07783
-766.11,49,-0.077914
-763.9,49,-0.077997
-761.68,49,-0.07808
-759.46,49,-0.078162
-757.23,49,-0.078243
-754.99,49,-0.078324
-752.75,49,-0.078404
-750.5,49,-0.078483
-748.24,49,-0.078562
-745.98,49,-0.07864
-743.71,49,-0.078717
-741.44,49,-0.078794
-739.16,49,-0.07887
-736.87,49,-0.078946
-734.58,49,-0.079021
-732.29,49,-0.079095
-729.99,49,-0.079169
-727.69,49,-0.079242
-725.38,49,-0.079314
-723.07,49,-0.079386
-720.76,49,-0.079458
-718.44,49,-0.079529
-716.11,49,-0.079599
-713.79,49,-0.079669
-711.46,49,-0.079738
-709.13,49,-0.079806
-706.79,49,-0.079874
-704.46,49,-0.079941
-702.12,49,-0.080008
-699.77,49,-0.080075
-697.43,49,-0.08014
-695.08,49,-0.080205
-692.73,49,-0.08027
-690.38,49,-0.080334
-688.03,49,-0.080398
-685.68,49,-0.080461
-683.32,49,-0.080523
-680.97,49,-0.080585
-678.61,49,-0.080647
-676.26,49,-0.080708
-673.9,49,-0.080768
-671.54,49,-0.080828
-669.18,49,-0.080887
-666.82,49,-0.080946
-664.46,49,-0.081004
-662.1,49,-0.081062
-659.74,49,-0.08112
-657.38,49,-0.081177
-655.02,49,-0.081233
-652.67,49,-0.081289
-650.31,49,-0.081344
-647.95,49,-0.081399
-645.6,49,-0.081454
-643.24,49,-0.081508
-640.89,49,-0.081561
-638.54,49,-0.081614
-636.19,49,-0.081667
-633.84,49,-0.081719
-631.49,49,-0.081771
-629.15,49,-0.081822
-626.8,49,-0.081873
-624.46,49,-0.081923
-622.12,49,-0.081973
-619.78,49,-0.082023
-617.45,49,-0.082072
-615.12,49,-0.082121
-612.79,49,-0.082169
-610.46,49,-0.082217
-608.13,49,-0.082264
-605.81,49,-0.082311
-603.49,49,-0.082357
-601.18,49,-0.082404
-598.87,49,-0.082449
-596.56,49,-0.082495
-594.25,49,-0.08254
-591.95,49,-0.082584
-589.65,49,-0.082628
-587.36,49,-0.082672
-585.07,49,-0.082715
-582.78,49,-0.082758
-580.5,49,-0.082801
-578.22,49,-0.082843
-575.94,49,-0.082885
-573.67,49,-0.082926
-571.4,49,-0.082967
-569.14,49,-0.083008
-566.88,49,-0.083048
-564.63,49,-0.083088
-562.38,49,-0.083128
-560.14,49,-0.083167
-557.9,49,-0.083206
-555.66,49,-0.083244
-553.43,49,-0.083283
-551.21,49,-0.08332
-548.99,49,-0.083358
-546.77,49,-0.083395
-544.56,49,-0.083432
-542.36,49,-0.083468
-540.16,49,-0.083505
-537.97,49,-0.08354
-535.78,49,-0.083576
-533.6,49,-0.083611
-531.42,49,-0.083646
-529.25,49,-0.083681
-527.09,49,-0.083715
-524.93,49,-0.083749
-522.77,49,-0.083782
-520.62,49,-0.083816
-518.48,49,-0.083849
-516.35,49,-0.083881
-514.22,49,-0.083914
-512.09,49,-0.083946
-509.97,49,-0.083978
-507.86,49,-0.084009
-505.76,49,-0.08404
-503.66,49,-0.084071
-501.57,49,-0.084102
-499.48,49,-0.084132
-497.4,49,-0.084162
-495.33,49,-0.084192
-493.26,49,-0.084222
-491.2,49,-0.084251
-489.15,49,-0.08428
-487.1,49,-0.084309
-485.06,49,-0.084337
-483.03,49,-0.084365
-481,49,-0.084393
-478.98,49,-0.084421
-476.97,49,-0.084448
-474.96,49,-0.084475
-472.96,49,-0.084502
-470.97,49,-0.084529
-468.99,49,-0.084555
-467.01,49,-0.084581
-465.04,49,-0.084607
-463.07,49,-0.084633
-461.12,49,-0.084658
-459.17,49,-0.084684
-457.22,49,-0.084708
-455.29,49,-0.084733
-453.36,49,-0.084758
-451.44,49,-0.084782
-449.53,49,-0.084806
-447.62,49,-0.08483
-445.72,49,-0.084853
-443.83,49,-0.084877
-441.95,49,-0.0849
-440.07,49,-0.084923
-438.2,49,-0.084945
-436.34,49,-0.084968
-434.49,49,-0.08499
-432.64,49,-0.085012
-430.8,49,-0.085034
-428.97,49,-0.085056
-427.14,49,-0.085077
-425.33,49,-0.085098
-423.52,49,-0.085119
-421.72,49,-0.08514
-419.92,49,-0.085161
-418.14,49,-0.085181
-416.36,49,-0.085202
-414.59,49,-0.085222
-412.83,49,-0.085242
-411.07,49,-0.085261
-409.32,49,-0.085281
-407.58,49,-0.0853
-405.85,49,-0.085319
-404.13,49,-0.085338
-402.41,49,-0.085357
-400.7,49,-0.085376
-399,49,-0.085394
-397.31,49,-0.085412
-395.62,49,-0.08543
-393.95,49,-0.085448
-392.28,49,-0.085466
-390.61,49,-0.085483
-388.96,49,-0.085501
-387.31,49,-0.085518
-385.67,49,-0.085535
-384.04,49,-0.085552
-382.42,49,-0.085569
-380.81,49,-0.085585
-379.2,49,-0.085602
-377.6,49,-0.085618
-376.01,49,-0.085634
-374.42,49,-0.08565
-372.85,49,-0.085666
-371.28,49,-0.085681
-369.72,49,-0.085697
-368.17,49,-0.085712
-366.62,49,-0.085727
-365.08,49,-0.085742
-363.55,49,-0.085757
-362.03,49,-0.085772
-360.52,49,-0.085787
-359.01,49,-0.085801
-357.52,49,-0.085816
-356.03,49,-0.08583
-354.54,49,-0.085844
-353.07,49,-0.085858
-351.6,49,-0.085872
-350.14,49,-0.085885
-348.69,49,-0.085899
-347.25,49,-0.085912
-345.81,49,-0.085925
-344.39,49,-0.085939
-342.97,49,-0.085952
-341.55,49,-0.085964
-340.15,49,-0.085977
-338.75,49,-0.08599
-337.36,49,-0.086002
-335.98,49,-0.086015
-334.61,49,-0.086027
-333.24,49,-0.086039
-331.88,49,-0.086051
-330.53,49,-0.086063
-329.19,49,-0.086075
-327.86,49,-0.086087
-326.53,49,-0.086098
-325.21,49,-0.08611
-323.9,49,-0.086121
-322.59,49,-0.086132
-321.29,49,-0.086143
-320,49,-0.086154
-318.72,49,-0.086165
-317.45,49,-0.086176
-316.18,49,-0.086187
-314.92,49,-0.086198
-313.67,49,-0.086208
-312.42,49,-0.086218
-311.19,49,-0.086229
-309.96,49,-0.086239
-308.73,49,-0.086249
-307.52,49,-0.086259
-306.31,49,-0.086269
-305.11,49,-0.086279
-303.92,49,-0.086289
-302.73,49,-0.086298
-301.56,49,-0.086308
-300.38,49,-0.086317
-299.22,49,-0.086326
-298.07,49,-0.086336
-296.92,49,-0.086345
-295.77,49,-0.086354
-294.64,49,-0.086363
-293.51,49,-0.086372
-292.39,49,-0.086381
-291.28,49,-0.086389
-290.18,49,-0.086398
-289.08,49,-0.086407
-287.99,49,-0.086415
-286.9,49,-0.086423
-285.82,49,-0.086432
-284.75,49,-0.08644
-283.69,49,-0.086448
-282.64,49,-0.086456
-281.59,49,-0.086464
-280.54,49,-0.086472
-279.51,49,-0.08648
-278.48,49,-0.086488
-277.46,49,-0.086495
-276.45,49,-0.086503
-275.44,49,-0.08651
-274.44,49,-0.086518
-273.45,49,-0.086525
-272.46,49,-0.086533
-271.48,49,-0.08654
-270.51,49,-0.086547
-269.54,49,-0.086554
-268.58,49,-0.086561
-267.63,49,-0.086568
-266.68,49,-0.086575
-265.74,49,-0.086582
-264.81,49,-0.086589
-263.88,49,-0.086595
-262.96,49,-0.086602
-262.05,49,-0.086608
-261.14,49,-0.086615
-260.24,49,-0.086621
-259.35,49,-0.086628
-258.46,49,-0.086634
-257.58,49,-0.08664
-256.7,49,-0.086647
-255.84,49,-0.086653
-254.97,49,-0.086659
-254.12,49,-0.086665
-253.27,49,-0.086671
-252.43,49,-0.086677
-251.59,49,-0.086682
-250.76,49,-0.086688
-249.94,49,-0.086694
-249.12,49,-0.0867
-248.31,49,-0.086705
-247.5,49,-0.086711
-246.7,49,-0.086716
-245.91,49,-0.086722
-245.12,49,-0.086727
-244.34,49,-0.086732
-243.57,49,-0.086738
-242.8,49,-0.086743
-242.04,49,-0.086748
-241.28,49,-0.086753
-240.53,49,-0.086758
-239.78,49,-0.086763
-239.04,49,-0.086768
-238.31,49,-0.086773
-237.58,49,-0.086778
-236.86,49,-0.086783
-236.14,49,-0.086788
-235.43,49,-0.086792
-234.73,49,-0.086797
-234.03,49,-0.086802
-233.34,49,-0.086806
-232.65,49,-0.086811
-231.97,49,-0.086815
-231.29,49,-0.08682
-230.62,49,-0.086824
-229.96,49,-0.086829
-229.3,49,-0.086833
-228.64,49,-0.086837
-227.99,49,-0.086842
-227.35,49,-0.086846
-226.71,49,-0.08685
-226.08,49,-0.086854
-225.45,49,-0.086858
-224.83,49,-0.086862
-224.21,49,-0.086866
-223.6,49,-0.08687
-223,49,-0.086874
-222.4,49,-0.086878
-221.8,49,-0.086882
-221.21,49,-0.086886
-220.63,49,-0.086889
-220.05,49,-0.086893
-219.47,49,-0.086897
-218.9,49,-0.086901
-218.34,49,-0.086904
-217.78,49,-0.086908
-217.22,49,-0.086911
-216.67,49,-0.086915
-216.13,49,-0.086918
-215.59,49,-0.086922
-215.05,49,-0.086925
-214.52,49,-0.086929
-213.99,49,-0.086932
-213.47,49,-0.086935
-212.96,49,-0.086938
-212.45,49,-0.086942
-211.94,49,-0.086945
-211.44,49,-0.086948
-210.94,49,-0.086951
-210.45,49,-0.086954
-209.96,49,-0.086958
-209.48,49,-0.086961
-209,49,-0.086964
-208.52,49,-0.086967
-208.05,49,-0.08697
-207.59,49,-0.086973
-207.13,49,-0.086975
-206.67,49,-0.086978
-206.22,49,-0.086981
-205.77,49,-0.086984
-205.33,49,-0.086987
-204.89,49,-0.08699
-204.46,49,-0.086992
-204.02,49,-0.086995
-203.6,49,-0.086998
-203.18,49,-0.087
-202.76,49,-0.087003
-202.35,49,-0.087006
-201.94,49,-0.087008
-201.53,49,-0.087011
-201.13,49,-0.087013
-200.73,49,-0.087016
-200.34,49,-0.087018
-199.95,49,-0.087021
-199.56,49,-0.087023
-199.18,49,-0.087026
-198.81,49,-0.087028
-198.43,49,-0.08703
-198.06,49,-0.087033
-197.7,49,-0.087035
-197.34,49,-0.087037
-196.98,49,-0.08704
-196.62,49,-0.087042
-196.27,49,-0.087044
-195.93,49,-0.087046
-195.58,49,-0.087049
-195.24,49,-0.087051
-194.91,49,-0.087053
-194.57,49,-0.087055
-194.25,49,-0.087057
-193.92,49,-0.087059
-193.6,49,-0.087061
-193.28,49,-0.087063
-192.97,49,-0.087065
-192.66,49,-0.087067
-192.35,49,-0.087069
-192.04,49,-0.087071
-191.74,49,-0.087073
-191.45,49,-0.087075
-191.15,49,-0.087077
-190.86,49,-0.087079
-190.57,49,-0.087081
-190.29,49,-0.087083
-190.01,49,-0.087084
-189.73,49,-0.087086
-189.46,49,-0.087088
-189.18,49,-0.08709
-188.92,49,-0.087091
-188.65,49,-0.087093
-188.39,49,-0.087095
-188.13,49,-0.087097
-187.87,49,-0.087098
-187.62,49,-0.0871
-187.37,49,-0.087102
-187.12,49,-0.087103
-186.88,49,-0.087105
-186.64,49,-0.087107
-186.4,49,-0.087108
-186.16,49,-0.08711
-185.93,49,-0.087111
-185.7,49,-0.087113
-185.47,49,-0.087114
-185.25,49,-0.087116
-185.03,49,-0.087117
-184.81,49,-0.087119
-184.59,49,-0.08712
-184.38,49,-0.087122
-184.17,49,-0.087123
-183.96,49,-0.087125
-183.76,49,-0.087126
-183.55,49,-0.087127
-183.35,49,-0.087129
-183.16,49,-0.08713
-182.96,49,-0.087131
-182.77,49,-0.087133
-182.58,49,-0.087134
-182.39,49,-0.087135
-182.2,49,-0.087137
-182.02,49,-0.087138
-181.84,49,-0.087139
-181.66,49,-0.087141
-181.49,49,-0.087142
-181.31,49,-0.087143
-181.14,49,-0.087144
-180.97,49,-0.087146
-180.81,49,-0.087147
-180.64,49,-0.087148
-180.48,49,-0.087149
-180.32,49,-0.08715
-180.16,49,-0.087151
-180,49,-0.087153
-179.85,49,-0.087154
-179.7,49,-0.087155
-179.55,49,-0.087156
-179.4,49,-0.087157
-179.26,49,-0.087158
-179.11,49,-0.087159
-178.97,49,-0.08716
-178.83,49,-0.087161
-178.69,49,-0.087162
-178.56,49,-0.087163
-178.42,49,-0.087164
-178.29,49,-0.087165
-178.16,49,-0.087166
-178.03,49,-0.087167
-177.91,49,-0.087168
-177.78,49,-0.087169
-177.66,49,-0.08717
-177.54,49,-0.087171
-177.42,49,-0.087172
-177.3,49,-0.087173
-177.18,49,-0.087174
-177.07,49,-0.087175
-176.96,49,-0.087176
-176.85,49,-0.087177
-176.74,49,-0.087178
-176.63,49,-0.087179
-176.52,49,-0.087179
-176.42,49,-0.08718
-176.31,49,-0.087181
-176.21,49,-0.087182
-176.11,49,-0.087183
-176.01,49,-0.087184
-175.92,49,-0.087185
-175.82,49,-0.087185
-175.73,49,-0.087186
-175.63,49,-0.087187
-175.54,49,-0.087188
-175.45,49,-0.087189
-175.36,49,-0.087189
-175.28,49,-0.08719
-175.19,49,-0.087191
-175.1,49,-0.087192
-175.02,49,-0.087192
-174.94,49,-0.087193
-174.86,49,-0.087194
-174.78,49,-0.087195
-174.7,49,-0.087195
-174.62,49,-0.087196
-174.54,49,-0.087197
-174.47,49,-0.087197
-174.39,49,-0.087198
-174.32,49,-0.087199
-174.25,49,-0.087199
-174.18,49,-0.0872
-174.11,49,-0.087201
-174.04,49,-0.087201
-173.97,49,-0.087202
-173.9,49,-0.087203
-173.84,49,-0.087203
-173.77,49,-0.087204
-173.71,49,-0.087205
-173.65,49,-0.087205
-173.58,49,-0.087206
-173.52,49,-0.087206
-173.46,49,-0.087207
-173.4,49,-0.087208
-173.34,49,-0.087208
-173.29,49,-0.087209
-173.23,49,-0.087209
-173.17,49,-0.08721
-173.12,49,-0.08721
-173.06,49,-0.087211
-173.01,49,-0.087212
-172.96,49,-0.087212
-172.9,49,-0.087213
-172.85,49,-0.087213
-172.8,49,-0.087214
-172.75,49,-0.087214
-172.7,49,-0.087215
-172.65,49,-0.087215
-172.61,49,-0.087216
-172.56,49,-0.087216
-172.51,49,-0.087217
-172.46,49,-0.087217
-172.42,49,-0.087218
-172.37,49,-0.087218
-172.33,49,-0.087219
-172.28,49,-0.087219
-172.24,49,-0.08722
-172.2,49,-0.08722
-172.15,49,-0.087221
-172.11,49,-0.087221
-172.07,49,-0.087221
-172.03,49,-0.087222
-171.99,49,-0.087222
-171.95,49,-0.087223
-171.91,49,-0.087223
-171.87,49,-0.087224
-171.83,49,-0.087224
-171.79,49,-0.087225
-171.75,49,-0.087225
-171.71,49,-0.087225
-171.68,49,-0.087226
-171.64,49,-0.087226
-171.6,49,-0.087227
-171.56,49,-0.087227
-171.53,49,-0.087227
-171.49,49,-0.087228
-171.46,49,-0.087228
-171.42,49,-0.087229
-171.38,49,-0.087229
-171.35,49,-0.087229
-171.31,49,-0.08723
-171.28,49,-0.08723
-171.24,49,-0.08723
-171.21,49,-0.087231
-171.18,49,-0.087231
-171.14,49,-0.087231
-171.11,49,-0.087232
-171.07,49,-0.087232
-171.04,49,-0.087232
-171.01,49,-0.087233
-170.97,49,-0.087233
-170.94,49,-0.087233
-170.91,49,-0.087234
-170.87,49,-0.087234
-170.84,49,-0.087234
-170.81,49,-0.087235
-170.77,49,-0.087235
-170.74,49,-0.087235
-170.71,49,-0.087236
-170.67,49,-0.087236
-170.64,49,-0.087236
-170.61,49,-0.087237
-170.57,49,-0.087237
-170.54,49,-0.087237
-170.51,49,-0.087237
-170.47,49,-0.087238
-170.44,49,-0.087238
-170.41,49,-0.087238
-170.37,49,-0.087239
-170.34,49,-0.087239
-170.31,49,-0.087239
-170.27,49,-0.087239
-170.24,49,-0.08724
-170.21,49,-0.08724
-170.17,49,-0.08724
-170.14,49,-0.087241
-170.1,49,-0.087241
-170.07,49,-0.087241
-170.03,49,-0.087241
-170,49,-0.087242
-169.97,49,-0.087242
-169.93,49,-0.087242
-169.89,49,-0.087242
-169.86,49,-0.087243
-169.82,49,-0.087243
-169.79,49,-0.087243
-169.75,49,-0.087243
-169.72,49,-0.087243
-169.68,49,-0.087244
-169.64,49,-0.087244
-169.61,49,-0.087244
-169.57,49,-0.087244
-169.53,49,-0.087245
-169.49,49,-0.087245
-169.46,49,-0.087245
-169.42,49,-0.087245
-169.38,49,-0.087245
-169.34,49,-0.087246
-169.3,49,-0.087246
-169.26,49,-0.087246
-169.22,49,-0.087246
-169.18,49,-0.087246
-169.14,49,-0.087247
-169.1,49,-0.087247
-169.06,49,-0.087247
-169.02,49,-0.087247
-168.98,49,-0.087247
-168.94,49,-0.087248
-168.89,49,-0.087248
-168.85,49,-0.087248
-168.81,49,-0.087248
-168.76,49,-0.087248
-168.72,49,-0.087249
-168.68,49,-0.087249
-168.63,49,-0.087249
-168.59,49,-0.087249
-168.54,49,-0.087249
-168.5,49,-0.087249
-168.45,49,-0.08725
-168.4,49,-0.08725
-168.36,49,-0.08725
-168.31,49,-0.08725
-168.26,49,-0.08725
-168.22,49,-0.08725
-168.17,49,-0.087251
-168.12,49,-0.087251
-168.07,49,-0.087251
-168.02,49,-0.087251
-167.97,49,-0.087251
-167.92,49,-0.087251
-167.87,49,-0.087251
-167.82,49,-0.087252
-167.77,49,-0.087252
-167.71,49,-0.087252
-167.66,49,-0.087252
-167.61,49,-0.087252
-167.56,49,-0.087252
-167.5,49,-0.087252
-167.45,49,-0.087253
-167.39,49,-0.087253
-167.34,49,-0.087253
-167.28,49,-0.087253
-167.23,49,-0.087253
-167.17,49,-0.087253
-167.11,49,-0.087253
-167.06,49,-0.087254
-167,49,-0.087254
-166.94,49,-0.087254
-166.88,49,-0.087254
-166.82,49,-0.087254
-166.76,49,-0.087254
-166.7,49,-0.087254
-166.64,49,-0.087254
-166.58,49,-0.087255
-166.52,49,-0.087255
-166.46,49,-0.087255
-166.39,49,-0.087255
-166.33,49,-0.087255
-166.27,49,-0.087255
-166.2,49,-0.087255
-166.14,49,-0.087255
-166.07,49,-0.087255
-166.01,49,-0.087256
-165.94,49,-0.087256
-165.88,49,-0.087256
-165.81,49,-0.087256
-165.74,49,-0.087256
-165.67,49,-0.087256
-165.61,49,-0.087256
-165.54,49,-0.087256
-165.47,49,-0.087256
-165.4,49,-0.087257
-165.33,49,-0.087257
-165.26,49,-0.087257
-165.19,49,-0.087257
-165.11,49,-0.087257
-165.04,49,-0.087257
-164.97,49,-0.087257
-164.9,49,-0.087257
-164.82,49,-0.087257
-164.75,49,-0.087257
-164.68,49,-0.087257
-164.6,49,-0.087258
-164.53,49,-0.087258
-164.45,49,-0.087258
-164.37,49,-0.087258
-164.3,49,-0.087258
-164.22,49,-0.087258
-164.14,49,-0.087258
-164.06,49,-0.087258
-163.98,49,-0.087258
-163.91,49,-0.087258
-163.83,49,-0.087258
-163.75,49,-0.087258
-163.67,49,-0.087259
-163.59,49,-0.087259
-163.5,49,-0.087259
-163.42,49,-0.087259
-163.34,49,-0.087259
-163.26,49,-0.087259
-163.17,49,-0.087259
-163.09,49,-0.087259
-163.01,49,-0.087259
-162.92,49,-0.087259
-162.84,49,-0.087259
-162.75,49,-0.087259
-162.67,49,-0.087259
-162.58,49,-0.08726
-162.49,49,-0.08726
-162.41,49,-0.08726
-162.32,49,-0.08726
-162.23,49,-0.08726
-162.14,49,-0.08726
-162.05,49,-0.08726
-161.96,49,-0.08726
-161.87,49,-0.08726
-161.78,49,-0.08726
-161.69,49,-0.08726
-161.6,49,-0.08726
-161.51,49,-0.08726
-161.42,49,-0.08726
-161.33,49,-0.08726
-161.24,49,-0.08726
-161.14,49,-0.087261
-161.05,49,-0.087261
-160.96,49,-0.087261
-160.86,49,-0.087261
-160.77,49,-0.087261
-160.67,49,-0.087261
-160.58,49,-0.087261
-160.48,49,-0.087261
-160.39,49,-0.087261
-160.29,49,-0.087261
-160.2,49,-0.087261
-160.1,49,-0.087261
-160,49,-0.087261
-159.9,49,-0.087261
-159.81,49,-0.087261
-159.71,49,-0.087261
-159.61,49,-0.087261
-159.51,49,-0.087261
-159.41,49,-0.087262
-159.31,49,-0.087262
-159.21,49,-0.087262
-159.11,49,-0.087262
-159.01,49,-0.087262
-158.91,49,-0.087262
-158.81,49,-0.087262
-158.71,49,-0.087262
-158.6,49,-0.087262
-158.5,49,-0.087262
-158.4,49,-0.087262
-158.3,49,-0.087262
-158.19,49,-0.087262
-158.09,49,-0.087262
-157.99,49,-0.087262
-157.88,49,-0.087262
-157.78,49,-0.087262
-157.67,49,-0.087262
-157.57,49,-0.087262
-157.46,49,-0.087262
-157.36,49,-0.087262
-157.25,49,-0.087262
-157.15,49,-0.087263
-157.04,49,-0.087263
-156.93,49,-0.087263
-156.83,49,-0.087263
-156.72,49,-0.087263
-156.61,49,-0.087263
-156.5,49,-0.087263
-156.4,49,-0.087263
-156.29,49,-0.087263
-156.18,49,-0.087263
-156.07,49,-0.087263
-155.96,49,-0.087263
-155.85,49,-0.087263
-155.75,49,-0.087263
-155.64,49,-0.087263
-155.53,49,-0.087263
-155.42,49,-0.087263
-155.31,49,-0.087263
-155.2,49,-0.087263
-155.09,49,-0.087263
-154.98,49,-0.087263
-154.87,49,-0.087263
-154.75,49,-0.087263
-154.64,49,-0.087263
-154.53,49,-0.087263
-154.42,49,-0.087263
-154.31,49,-0.087263
-154.2,49,-0.087263
-154.09,49,-0.087263
-153.97,49,-0.087263
-153.86,49,-0.087264
-153.75,49,-0.087264
-153.64,49,-0.087264
-153.52,49,-0.087264
-153.41,49,-0.087264
-153.3,49,-0.087264
-153.19,49,-0.087264
-153.07,49,-0.087264
-152.96,49,-0.087264
-152.85,49,-0.087264
-152.73,49,-0.087264
-152.62,49,-0.087264
-152.51,49,-0.087264
-152.39,49,-0.087264
-152.28,49,-0.087264
-152.16,49,-0.087264
-152.05,49,-0.087264
-151.94,49,-0.087264
-151.82,49,-0.087264
-151.71,49,-0.087264
-151.59,49,-0.087264
-151.48,49,-0.087264
-151.36,49,-0.087264
-151.25,49,-0.087264
-151.13,49,-0.087264
-151.02,49,-0.087264
-150.9,49,-0.087264
-150.79,49,-0.087264
-150.67,49,-0.087264
-150.56,49,-0.087264
-150.44,49,-0.087264
-150.33,49,-0.087264
-150.21,49,-0.087264
-150.1,49,-0.087264
-149.98,49,-0.087264
-149.87,49,-0.087264
-149.75,49,-0.087264
-149.64,49,-0.087264
-149.52,49,-0.087264
-149.41,49,-0.087264
-149.29,49,-0.087264
-149.17,49,-0.087265
-149.06,49,-0.087265
-148.94,49,-0.087265
-148.83,49,-0.087265
-148.71,49,-0.087265
-148.6,49,-0.087265
-148.48,49,-0.087265
-148.37,49,-0.087265
-148.25,49,-0.087265
-148.14,49,-0.087265
-148.02,49,-0.087265
-147.91,49,-0.087265
-147.79,49,-0.087265
-147.67,49,-0.087265
-147.56,49,-0.087265
-147.44,49,-0.087265
-147.33,49,-0.087265
-147.21,49,-0.087265
-147.1,49,-0.087265
-146.98,49,-0.087265
-146.87,49,-0.087265
-146.75,49,-0.087265
-146.64,49,-0.087265
-146.52,49,-0.087265
-146.41,49,-0.087265
-146.3,49,-0.087265
-146.18,49,-0.087265
-146.07,49,-0.087265
-145.95,49,-0.087265
-145.84,49,-0.087265
-145.72,49,-0.087265
-145.61,49,-0.087265
-145.49,49,-0.087265
-145.38,49,-0.087265
-145.27,49,-0.087265
-145.15,49,-0.087265
-145.04,49,-0.087265
-144.93,49,-0.087265
-144.81,49,-0.087265
-144.7,49,-0.087265
-144.59,49,-0.087265
-144.47,49,-0.087265
-144.36,49,-0.087265
-144.25,49,-0.087265
-144.13,49,-0.087265
-144.02,49,-0.087265
-143.91,49,-0.087265
-143.8,49,-0.087265
-143.68,49,-0.087265
-143.57,49,-0.087265
-143.46,49,-0.087265
-143.35,49,-0.087265
-143.23,49,-0.087265
-143.12,49,-0.087265
-143.01,49,-0.087265
-142.9,49,-0.087265
-142.79,49,-0.087265
-142.68,49,-0.087265
-142.57,49,-0.087265
-142.45,49,-0.087265
-142.34,49,-0.087265
-142.23,49,-0.087265
-142.12,49,-0.087265
-142.01,49,-0.087265
-141.9,49,-0.087265
-141.79,49,-0.087265
-141.68,49,-0.087265
-141.57,49,-0.087265
-141.46,49,-0.087265
-141.35,49,-0.087265
-141.25,49,-0.087265
-141.14,49,-0.087266
-141.03,49,-0.087266
-140.92,49,-0.087266
-140.81,49,-0.087266
-140.7,49,-0.087266
-140.59,49,-0.087266
-140.49,49,-0.087266
-140.38,49,-0.087266
-140.27,49,-0.087266
-140.16,49,-0.087266
-140.06,49,-0.087266
-139.95,49,-0.087266
-139.84,49,-0.087266
-139.74,49,-0.087266
-139.63,49,-0.087266
-139.52,49,-0.087266
-139.42,49,-0.087266
-139.31,49,-0.087266
-139.21,49,-0.087266
-139.1,49,-0.087266
-139,49,-0.087266
-138.89,49,-0.087266
-138.79,49,-0.087266
-138.68,49,-0.087266
-138.58,49,-0.087266
-138.47,49,-0.087266
-138.37,49,-0.087266
-138.27,49,-0.087266
-138.16,49,-0.087266
-138.06,49,-0.087266
-137.96,49,-0.087266
-137.85,49,-0.087266
-137.75,49,-0.087266
-137.65,49,-0.087266
-137.55,49,-0.087266
-137.44,49,-0.087266
-137.34,49,-0.087266
-137.24,49,-0.087266
-137.14,49,-0.087266
-137.04,49,-0.087266
-136.94,49,-0.087266
-136.84,49,-0.087266
-136.74,49,-0.087266
-136.64,49,-0.087266
-136.54,49,-0.087266
-136.44,49,-0.087266
-136.34,49,-0.087266
-136.24,49,-0.087266
-136.14,49,-0.087266
-136.04,49,-0.087266
-135.94,49,-0.087266
-135.84,49,-0.087266
-135.74,49,-0.087266
-135.65,49,-0.087266
-135.55,49,-0.087266
-135.45,49,-0.087266
-135.35,49,-0.087266
-135.26,49,-0.087266
-135.16,49,-0.087266
-135.06,49,-0.087266
-134.97,49,-0.087266
-134.87,49,-0.087266
-134.77,49,-0.087266
-134.68,49,-0.087266
-134.58,49,-0.087266
-134.49,49,-0.087266
-134.39,49,-0.087266
-134.3,49,-0.087266
-134.21,49,-0.087266
-134.11,49,-0.087266
-134.02,49,-0.087266
-133.92,49,-0.087266
-133.83,49,-0.087266
-133.74,49,-0.087266
-133.64,49,-0.087266
-133.55,49,-0.087266
-133.46,49,-0.087266
-133.37,49,-0.087266
-133.28,49,-0.087266
-133.18,49,-0.087266
-133.09,49,-0.087266
-133,49,-0.087266
-132.91,49,-0.087266
-132.82,49,-0.087266
-132.73,49,-0.087266
-132.64,49,-0.087266
-132.55,49,-0.087266
-132.46,49,-0.087266
-132.37,49,-0.087266
-132.28,49,-0.087266
-132.19,49,-0.087266
-132.1,49,-0.087266
-132.01,49,-0.087266
-131.93,49,-0.087266
-131.84,49,-0.087266
-131.75,49,-0.087266
-131.66,49,-0.087266
-131.57,49,-0.087266
-131.49,49,-0.087266
-131.4,49,-0.087266
-131.31,49,-0.087266
-131.23,49,-0.087266
-131.14,49,-0.087266
-131.06,49,-0.087266
-130.97,49,-0.087266
-130.88,49,-0.087266
-130.8,49,-0.087266
-130.71,49,-0.087266
-130.63,49,-0.087266
-130.55,49,-0.087266
-130.46,49,-0.087266
-130.38,49,-0.087266
-130.29,49,-0.087266
-130.21,49,-0.087266
-130.13,49,-0.087266
-130.04,49,-0.087266
-129.96,49,-0.087266
-129.88,49,-0.087266
-129.8,49,-0.087266
-129.71,49,-0.087266
-129.63,49,-0.087266
-129.55,49,-0.087266
-129.47,49,-0.087266
-129.39,49,-0.087266
-129.31,49,-0.087266
-129.23,49,-0.087266
-129.15,49,-0.087266
-129.07,49,-0.087266
-128.99,49,-0.087266
-128.91,49,-0.087266
-128.83,49,-0.087266
-128.75,49,-0.087266
-128.67,49,-0.087266
-128.59,49,-0.087266
-128.51,49,-0.087266
-128.43,49,-0.087266
-128.36,49,-0.087266
-128.28,49,-0.087266
-128.2,49,-0.087266
-128.12,49,-0.087266
-128.04,49,-0.087266
-127.97,49,-0.087266
-127.89,49,-0.087266
-127.81,49,-0.087266
-127.74,49,-0.087266
-127.66,49,-0.087266
-127.59,49,-0.087266
-127.51,49,-0.087266
-127.43,49,-0.087266
-127.36,49,-0.087266
-127.28,49,-0.087266
-127.21,49,-0.087266
-127.13,49,-0.087266
-127.06,49,-0.087266
-126.99,49,-0.087266
-126.91,49,-0.087266
-126.84,49,-0.087266
-126.76,49,-0.087266
-126.69,49,-0.087266
-126.62,49,-0.087266
-126.54,49,-0.087266
-126.47,49,-0.087266
-126.4,49,-0.087266
-126.33,49,-0.087266
-126.25,49,-0.087266
-126.18,49,-0.087266
-126.11,49,-0.087266
-126.04,49,-0.087266
-125.97,49,-0.087266
-125.9,49,-0.087266
-125.83,49,-0.087266
-125.76,49,-0.087266
-125.68,49,-0.087266
-125.61,49,-0.087266
-125.54,49,-0.087266
-125.47,49,-0.087266
-125.4,49,-0.087266
-125.33,49,-0.087266
-125.26,49,-0.087266
-125.2,49,-0.087266
-125.13,49,-0.087266
-125.06,49,-0.087266
-124.99,49,-0.087266
-124.92,49,-0.087266
-124.85,49,-0.087266
-124.78,49,-0.087266
-124.72,49,-0.087266
-124.65,49,-0.087266
-124.58,49,-0.087266
-124.51,49,-0.087266
-124.45,49,-0.087266
-124.38,49,-0.087266
-124.31,49,-0.087266
-124.24,49,-0.087266
-124.18,49,-0.087266
-124.11,49,-0.087266
-124.05,49,-0.087266
-123.98,49,-0.087266
-123.91,49,-0.087266
-123.85,49,-0.087266
-123.78,49,-0.087266
-123.72,49,-0.087266
-123.65,49,-0.087266
-123.59,49,-0.087266
-123.52,49,-0.087266
-123.46,49,-0.087266
-123.39,49,-0.087266
-123.33,49,-0.087266
-123.26,49,-0.087266
-123.2,49,-0.087266
-123.14,49,-0.087266
-123.07,49,-0.087266
-123.01,49,-0.087266
-122.94,49,-0.087266
-122.88,49,-0.087266
-122.82,49,-0.087266
-122.75,49,-0.087266
-122.69,49,-0.087266
-122.63,49,-0.087266
-122.57,49,-0.087266
-122.5,49,-0.087266
-122.44,49,-0.087266
-122.38,49,-0.087266
-122.32,49,-0.087266
-122.25,49,-0.087266
-122.19,49,-0.087266
-122.13,49,-0.087266
-122.07,49,-0.087266
-122.01,49,-0.087266
-121.95,49,-0.087266
-121.89,49,-0.087266
-121.82,49,-0.087266
-121.76,49,-0.087266
-121.7,49,-0.087266
-121.64,49,-0.087266
-121.58,49,-0.087266
-121.52,49,-0.087266
-121.46,49,-0.087266
-121.4,49,-0.087266
-121.34,49,-0.087266
-121.28,49,-0.087266
-121.22,49,-0.087266
-121.16,49,-0.087266
-121.1,49,-0.087266
-121.04,49,-0.087266
-120.98,49,-0.087266
-120.92,49,-0.087266
-120.86,49,-0.087266
-120.81,49,-0.087266
-120.75,49,-0.087266
-120.69,49,-0.087266
-120.63,49,-0.087266
-120.57,49,-0.087266
-120.51,49,-0.087266
-120.45,49,-0.087266
-120.4,49,-0.087266
-120.34,49,-0.087266
-120.28,49,-0.087266
-120.22,49,-0.087266
-120.16,49,-0.087266
-120.11,49,-0.087266
-120.05,49,-0.087266
-119.99,49,-0.087266
-119.93,49,-0.087266
-119.88,49,-0.087266
-119.82,49,-0.087266
-119.76,49,-0.087266
-119.7,49,-0.087266
-119.65,49,-0.087266
-119.59,49,-0.087266
-119.53,49,-0.087266
-119.48,49,-0.087266
-119.42,49,-0.087266
-119.36,49,-0.087266
-119.31,49,-0.087266
-119.25,49,-0.087266
-119.19,49,-0.087266
-119.14,49,-0.087266
-119.08,49,-0.087266
-119.02,49,-0.087266
-118.97,49,-0.087266
-118.91,49,-0.087266
-118.86,49,-0.087266
-118.8,49,-0.087266
-118.74,49,-0.087266
-118.69,49,-0.087266
-118.63,49,-0.087266
-118.58,49,-0.087266
-118.52,49,-0.087266
-118.47,49,-0.087266
-118.41,49,-0.087266
-118.36,49,-0.087266
-118.3,49,-0.087266
-118.25,49,-0.087266
-118.19,49,-0.087266
-118.14,49,-0.087266
-118.08,49,-0.087266
-118.03,49,-0.087266
-117.97,49,-0.087266
-117.92,49,-0.087266
-117.86,49,-0.087266
-117.81,49,-0.087266
-117.75,49,-0.087266
-117.7,49,-0.087266
-117.64,49,-0.087266
-117.59,49,-0.087266
-117.53,49,-0.087266
-117.48,49,-0.087266
-117.42,49,-0.087266
-117.37,49,-0.087266
-117.32,49,-0.087266
-117.26,49,-0.087266
-117.21,49,-0.087266
-117.15,49,-0.087266
-117.1,49,-0.087266
-117.04,49,-0.087266
-116.99,49,-0.087266
-116.94,49,-0.087266
-116.88,49,-0.087266
-116.83,49,-0.087266
-116.77,49,-0.087266
-116.72,49,-0.087266
-116.67,49,-0.087266
-116.61,49,-0.087266
-116.56,49,-0.087266
-116.5,49,-0.087266
-116.45,49,-0.087266
-116.4,49,-0.087266
-116.34,49,-0.087266
-116.29,49,-0.087266
-116.24,49,-0.087266
-116.18,49,-0.087266
-116.13,49,-0.087266
-116.08,49,-0.087266
-116.02,49,-0.087266
-115.97,49,-0.087266
-115.91,49,-0.087266
-115.86,49,-0.087266
-115.81,49,-0.087266
-115.75,49,-0.087266
-115.7,49,-0.087266
-115.65,49,-0.087266
-115.59,49,-0.087266
-115.54,49,-0.087266
-115.49,49,-0.087266
-115.43,49,-0.087266
-115.38,49,-0.087266
-115.33,49,-0.087266
-115.27,49,-0.087266
-115.22,49,-0.087266
-115.17,49,-0.087266
-115.11,49,-0.087266
-115.06,49,-0.087266
-115.01,49,-0.087266
-114.95,49,-0.087266
-114.9,49,-0.087266
-114.85,49,-0.087266
-114.79,49,-0.087266
-114.74,49,-0.087266
-114.69,49,-0.087266
-114.63,49,-0.087266
-114.58,49,-0.087266
-114.53,49,-0.087266
-114.47,49,-0.087266
-114.42,49,-0.087266
-114.37,49,-0.087266
-114.31,49,-0.087266
-114.26,49,-0.087266
-114.21,49,-0.087266
-114.15,49,-0.087266
-114.1,49,-0.087266
-114.05,49,-0.087266
-113.99,49,-0.087266
-113.94,49,-0.087266
-113.89,49,-0.087266
-113.83,49,-0.087266
-113.78,49,-0.087266
-113.73,49,-0.087266
-113.67,49,-0.087266
-113.62,49,-0.087266
-113.57,49,-0.087266
-113.51,49,-0.087266
-113.46,49,-0.087266
-113.41,49,-0.087266
-113.35,49,-0.087266
-113.3,49,-0.087266
-113.25,49,-0.087266
-113.19,49,-0.087266
-113.14,49,-0.087266
-113.09,49,-0.087266
-113.03,49,-0.087266
-112.98,49,-0.087266
-112.92,49,-0.087266
-112.87,49,-0.087266
-112.82,49,-0.087266
-112.76,49,-0.087266
-112.71,49,-0.087266
-112.66,49,-0.087266
-112.6,49,-0.087266
-112.55,49,-0.087266
-112.49,49,-0.087266
-112.44,49,-0.087266
-112.39,49,-0.087266
-112.33,49,-0.087266
-112.28,49,-0.087266
-112.22,49,-0.087266
-112.17,49,-0.087266
-112.12,49,-0.087266
-112.06,49,-0.087266
-112.01,49,-0.087266
-111.95,49,-0.087266
-111.9,49,-0.087266
-111.85,49,-0.087266
-111.79,49,-0.087266
-111.74,49,-0.087266
-111.68,49,-0.087266
-111.63,49,-0.087266
-111.58,49,-0.087266
-111.52,49,-0.087266
-111.47,49,-0.087266
-111.41,49,-0.087266
-111.36,49,-0.087266
-111.3,49,-0.087266
-111.25,49,-0.087266
-111.19,49,-0.087266
-111.14,49,-0.087266
-111.08,49,-0.087266
-111.03,49,-0.087266
-110.98,49,-0.087266
-110.92,49,-0.087266
-110.87,49,-0.087266
-110.81,49,-0.087266
-110.76,49,-0.087266
-110.7,49,-0.087266
-110.65,49,-0.087266
-110.59,49,-0.087266
-110.54,49,-0.087266
-110.48,49,-0.087266
-110.43,49,-0.087266
-110.37,49,-0.087266
-110.32,49,-0.087266
-110.26,49,-0.087266
-110.21,49,-0.087266
-110.15,49,-0.087266
-110.1,49,-0.087266
-110.04,49,-0.087266
-109.98,49,-0.087266
-109.93,49,-0.087266
-109.87,49,-0.087266
-109.82,49,-0.087266
-109.76,49,-0.087266
-109.71,49,-0.087266
-109.65,49,-0.087266
-109.6,49,-0.087266
-109.54,49,-0.087266
-109.48,49,-0.087266
-109.43,49,-0.087266
-109.37,49,-0.087266
-109.32,49,-0.087266
-109.26,49,-0.087266
-109.2,49,-0.087266
-109.15,49,-0.087266
-109.09,49,-0.087266
-109.04,49,-0.087266
-108.98,49,-0.087266
-108.92,49,-0.087266
-108.87,49,-0.087266
-108.81,49,-0.087266
-108.75,49,-0.087266
-108.7,49,-0.087266
-108.64,49,-0.087266
-108.58,49,-0.087266
-108.53,49,-0.087266
-108.47,49,-0.087266
-108.41,49,-0.087266
-108.36,49,-0.087266
-108.3,49,-0.087266
-108.24,49,-0.087266
-108.19,49,-0.087266
-108.13,49,-0.087266
-108.07,49,-0.087266
-108.02,49,-0.087266
-107.96,49,-0.087266
-107.9,49,-0.087266
-107.84,49,-0.087266
-107.79,49,-0.087266
-107.73,49,-0.087266
-107.67,49,-0.087266
-107.61,49,-0.087266
-107.56,49,-0.087266
-107.5,49,-0.087266
-107.44,49,-0.087266
-107.38,49,-0.087266
-107.33,49,-0.087266
-107.27,49,-0.087266
-107.21,49,-0.087266
-107.15,49,-0.087266
-107.1,49,-0.087266
-107.04,49,-0.087266
-106.98,49,-0.087266
-106.92,49,-0.087266
-106.86,49,-0.087266
-106.81,49,-0.087266
-106.75,49,-0.087266
-106.69,49,-0.087266
-106.63,49,-0.087266
-106.57,49,-0.087266
-106.51,49,-0.087266
-106.46,49,-0.087266
-106.4,49,-0.087266
-106.34,49,-0.087266
-106.28,49,-0.087266
-106.22,49,-0.087266
-106.16,49,-0.087266
-106.1,49,-0.087266
-106.04,49,-0.087266
-105.99,49,-0.087266
-105.93,49,-0.087266
-105.87,49,-0.087266
-105.81,49,-0.087266
-105.75,49,-0.087266
-105.69,49,-0.087266
-105.63,49,-0.087266
-105.57,49,-0.087266
-105.51,49,-0.087266
-105.45,49,-0.087266
-105.39,49,-0.087266
-105.33,49,-0.087266
-105.27,49,-0.087266
-105.22,49,-0.087266
-105.16,49,-0.087266
-105.1,49,-0.087266
-105.04,49,-0.087266
-104.98,49,-0.087266
-104.92,49,-0.087266
-104.86,49,-0.087266
-104.8,49,-0.087266
-104.74,49,-0.087266
-104.68,49,-0.087266
-104.62,49,-0.087266
-104.56,49,-0.087266
-104.5,49,-0.087266
-104.44,49,-0.087266
-104.38,49,-0.087266
-104.32,49,-0.087266
-104.26,49,-0.087266
-104.19,49,-0.087266
-104.13,49,-0.087266
-104.07,49,-0.087266
-104.01,49,-0.087266
-103.95,49,-0.087266
-103.89,49,-0.087266
-103.83,49,-0.087266
-103.77,49,-0.087266
-103.71,49,-0.087266
-103.65,49,-0.087266
-103.59,49,-0.087266
-103.53,49,-0.087266
-103.47,49,-0.087266
-103.4,49,-0.087266
-103.34,49,-0.087266
-103.28,49,-0.087266
-103.22,49,-0.087266
-103.16,49,-0.087266
-103.1,49,-0.087266
-103.04,49,-0.087266
-102.98,49,-0.087266
-102.91,49,-0.087266
-102.85,49,-0.087266
-102.79,49,-0.087266
-102.73,49,-0.087266
-102.67,49,-0.087266
-102.61,49,-0.087266
-102.54,49,-0.087266
-102.48,49,-0.087266
-102.42,49,-0.087266
-102.36,49,-0.087266
-102.3,49,-0.087266
-102.23,49,-0.087266
-102.17,49,-0.087266
-102.11,49,-0.087266
-102.05,49,-0.087266
-101.99,49,-0.087266
-101.92,49,-0.087266
-101.86,49,-0.087266
-101.8,49,-0.087266
-101.74,49,-0.087266
-101.67,49,-0.087266
-101.61,49,-0.087266
-101.55,49,-0.087266
-101.49,49,-0.087266
-101.42,49,-0.087266
-101.36,49,-0.087266
-101.3,49,-0.087266
-101.24,49,-0.087266
-101.17,49,-0.087266
-101.11,49,-0.087266
-101.05,49,-0.087266
-100.99,49,-0.087266
-100.92,49,-0.087266
-100.86,49,-0.087266
-100.8,49,-0.087266
-100.73,49,-0.087266
-100.67,49,-0.087266
-100.61,49,-0.087266
-100.54,49,-0.087266
-100.48,49,-0.087266
-100.42,49,-0.087266
-100.35,49,-0.087266
-100.29,49,-0.087266
-100.23,49,-0.087266
-100.16,49,-0.087266
-100.1,49,-0.087266
-100.04,49,-0.087266
-99.974,49,-0.087266
-99.911,49,-0.087266
-99.847,49,-0.087266
-99.784,49,-0.087266
-99.72,49,-0.087266
-99.656,49,-0.087266
-99.593,49,-0.087266
-99.529,49,-0.087266
-99.465,49,-0.087266
-99.401,49,-0.087266
-99.337,49,-0.087266
-99.273,49,-0.087266
-99.21,49,-0.087266
-99.146,49,-0.087266
-99.082,49,-0.087266
-99.018,49,-0.087266
-98.953,49,-0.087266
-98.889,49,-0.087266
-98.825,49,-0.087266
-98.761,49,-0.087266
-98.697,49,-0.087266
-98.633,49,-0.087266
-98.568,49,-0.087266
-98.504,49,-0.087266
-98.44,49,-0.087266
-98.376,49,-0.087266
-98.311,49,-0.087266
-98.247,49,-0.087266
-98.182,49,-0.087266
-98.118,49,-0.087266
-98.053,49,-0.087266
-97.989,49,-0.087266
-97.924,49,-0.087266
-97.86,49,-0.087266
-97.795,49,-0.087266
-97.731,49,-0.087266
-97.666,49,-0.087266
-97.601,49,-0.087266
-97.537,49,-0.087266
-97.472,49,-0.087266
-97.407,49,-0.087266
-97.342,49,-0.087266
-97.277,49,-0.087266
-97.213,49,-0.087266
-97.148,49,-0.087266
-97.083,49,-0.087266
-97.018,49,-0.087266
-96.953,49,-0.087266
-96.888,49,-0.087266
-96.823,49,-0.087266
-96.758,49,-0.087266
-96.693,49,-0.087266
-96.628,49,-0.087266
-96.563,49,-0.087266
-96.498,49,-0.087266
-96.433,49,-0.087266
-96.368,49,-0.087266
-96.303,49,-0.087266
-96.237,49,-0.087266
-96.172,49,-0.087266
-96.107,49,-0.087266
-96.042,49,-0.087266
-95.977,49,-0.087266
-95.911,49,-0.087266
-95.846,49,-0.087266
-95.781,49,-0.087266
-95.715,49,-0.087266
-95.65,49,-0.087266
-95.585,49,-0.087266
-95.519,49,-0.087266
-95.454,49,-0.087266
-95.389,49,-0.087266
-95.323,49,-0.087266
-95.258,49,-0.087266
-95.192,49,-0.087266
-95.127,49,-0.087266
-95.061,49,-0.087266
-94.996,49,-0.087266
-94.93,49,-0.087266
-94.865,49,-0.087266
-94.799,49,-0.087266
-94.734,49,-0.087266
-94.668,49,-0.087266
-94.603,49,-0.087266
-94.537,49,-0.087266
-94.472,49,-0.087266
-94.406,49,-0.087266
-94.34,49,-0.087266
-94.275,49,-0.087266
-94.209,49,-0.087266
-94.144,49,-0.087266
-94.078,49,-0.087266
-94.012,49,-0.087266
-93.947,49,-0.087266
-93.881,49,-0.087266
-93.815,49,-0.087266
-93.75,49,-0.087266
-93.684,49,-0.087266
-93.618,49,-0.087266
-93.553,49,-0.087266
-93.487,49,-0.087266
-93.421,49,-0.087266
-93.355,49,-0.087266
-93.29,49,-0.087266
-93.224,49,-0.087266
-93.158,49,-0.087266
-93.093,49,-0.087266
-93.027,49,-0.087266
-92.961,49,-0.087266
-92.895,49,-0.087266
-92.83,49,-0.087266
-92.764,49,-0.087266
-92.698,49,-0.087266
-92.632,49,-0.087266
-92.567,49,-0.087266
-92.501,49,-0.087266
-92.435,49,-0.087266
-92.369,49,-0.087266
-92.304,49,-0.087266
-92.238,49,-0.087266
-92.172,49,-0.087266
-92.107,49,-0.087266
-92.041,49,-0.087266
-91.975,49,-0.087266
-91.909,49,-0.087266
-91.844,49,-0.087266
-91.778,49,-0.087266
-91.712,49,-0.087266
-91.646,49,-0.087266
-91.581,49,-0.087266
-91.515,49,-0.087266
-91.449,49,-0.087266
-91.384,49,-0.087266
-91.318,49,-0.087266
-91.252,49,-0.087266
-91.187,49,-0.087266
-91.121,49,-0.087266
-91.055,49,-0.087266
-90.989,49,-0.087266
-90.924,49,-0.087266
-90.858,49,-0.087266
-90.793,49,-0.087266
-90.727,49,-0.087266
-90.661,49,-0.087266
-90.596,49,-0.087266
-90.53,49,-0.087266
-90.464,49,-0.087266
-90.399,49,-0.087266
-90.333,49,-0.087266
-90.268,49,-0.087266
-90.202,49,-0.087266
-90.137,49,-0.087266
-90.071,49,-0.087266
-90.006,49,-0.087266
-89.94,49,-0.087266
-89.875,49,-0.087266
-89.809,49,-0.087266
-89.744,49,-0.087266
-89.678,49,-0.087266
-89.613,49,-0.087266
-89.547,49,-0.087266
-89.482,49,-0.087266
-89.416,49,-0.087266
-89.351,49,-0.087266
-89.286,49,-0.087266
-89.22,49,-0.087266
-89.155,49,-0.087266
-89.09,49,-0.087266
-89.024,49,-0.087266
-88.959,49,-0.087266
-88.894,49,-0.087266
-88.829,49,-0.087266
-88.763,49,-0.087266
-88.698,49,-0.087266
-88.633,49,-0.087266
-88.568,49,-0.087266
-88.503,49,-0.087266
-88.437,49,-0.087266
-88.372,49,-0.087266
-88.307,49,-0.087266
-88.242,49,-0.087266
-88.177,49,-0.087266
-88.112,49,-0.087266
-88.047,49,-0.087266
-87.982,49,-0.087266
-87.917,49,-0.087266
-87.852,49,-0.087266
-87.787,49,-0.087266
-87.722,49,-0.087266
-87.657,49,-0.087266
-87.593,49,-0.087266
-87.528,49,-0.087266
-87.463,49,-0.087266
-87.398,49,-0.087266
-87.333,49,-0.087266
-87.269,49,-0.087266
-87.204,49,-0.087266
-87.139,49,-0.087266
-87.074,49,-0.087266
-87.01,49,-0.087266
-86.945,49,-0.087266
-86.881,49,-0.087266
-86.816,49,-0.087266
-86.751,49,-0.087266
-86.687,49,-0.087266
-86.622,49,-0.087266
-86.558,49,-0.087266
-86.494,49,-0.087266
-86.429,49,-0.087266
-86.365,49,-0.087266
-86.3,49,-0.087266
-86.236,49,-0.087266
-86.172,49,-0.087266
-86.108,49,-0.087266
-86.043,49,-0.087266
-85.979,49,-0.087266
-85.915,49,-0.087266
-85.851,49,-0.087266
-85.787,49,-0.087266
-85.723,49,-0.087266
-85.659,49,-0.087266
-85.595,49,-0.087266
-85.531,49,-0.087266
-85.467,49,-0.087266
-85.403,49,-0.087266
-85.339,49,-0.087266
-85.275,49,-0.087266
-85.211,49,-0.087266
-85.147,49,-0.087266
-85.084,49,-0.087266
-85.02,49,-0.087266
-84.956,49,-0.087266
-84.893,49,-0.087266
-84.829,49,-0.087266
-84.765,49,-0.087266
-84.702,49,-0.087266
-84.638,49,-0.087266
-84.575,49,-0.087266
-84.511,49,-0.087266
-84.448,49,-0.087266
-84.385,49,-0.087266
-84.321,49,-0.087266
-84.258,49,-0.087266
-84.195,49,-0.087266
-84.131,49,-0.087266
-84.068,49,-0.087266
-84.005,49,-0.087266
-83.942,49,-0.087266
-83.879,49,-0.087266
-83.816,49,-0.087266
-83.753,49,-0.087266
-83.69,49,-0.087266
-83.627,49,-0.087266
-83.564,49,-0.087266
-83.501,49,-0.087266
-83.438,49,-0.087266
-83.376,49,-0.087266
-83.313,49,-0.087266
-83.25,49,-0.087266
-83.187,49,-0.087266
-83.125,49,-0.087266
-83.062,49,-0.087266
-83,49,-0.087266
-82.937,49,-0.087266
-82.875,49,-0.087266
-82.812,49,-0.087266
-82.75,49,-0.087266
-82.688,49,-0.087266
-82.625,49,-0.087266
-82.563,49,-0.087266
-82.501,49,-0.087266
-82.439,49,-0.087266
-82.377,49,-0.087266
-82.315,49,-0.087266
-82.252,49,-0.087266
-82.19,49,-0.087266
-82.129,49,-0.087266
-82.067,49,-0.087266
-82.005,49,-0.087266
-81.943,49,-0.087266
-81.881,49,-0.087266
-81.819,49,-0.087266
-81.758,49,-0.087266
-81.696,49,-0.087266
-81.634,49,-0.087266
-81.573,49,-0.087266
-81.511,49,-0.087266
-81.45,49,-0.087266
-81.388,49,-0.087266
-81.327,49,-0.087266
-81.266,49,-0.087266
-81.204,49,-0.087266
-81.143,49,-0.087266
-81.082,49,-0.087266
-81.021,49,-0.087266
-80.96,49,-0.087266
-80.899,49,-0.087266
-80.838,49,-0.087266
-80.777,49,-0.087266
-80.716,49,-0.087266
-80.655,49,-0.087266
-80.594,49,-0.087266
-80.533,49,-0.087266
-80.472,49,-0.087266
-80.412,49,-0.087266
-80.351,49,-0.087266
-80.29,49,-0.087266
-80.23,49,-0.087266
-80.169,49,-0.087266
-80.109,49,-0.087266
-80.048,49,-0.087266
-79.988,49,-0.087266
-79.928,49,-0.087266
-79.867,49,-0.087266
-79.807,49,-0.087266
-79.747,49,-0.087266
-79.687,49,-0.087266
-79.627,49,-0.087266
-79.567,49,-0.087266
-79.507,49,-0.087266
-79.447,49,-0.087266
-79.387,49,-0.087266
-79.327,49,-0.087266
-79.267,49,-0.087266
-79.208,49,-0.087266
-79.148,49,-0.087266
-79.088,49,-0.087266
-79.029,49,-0.087266
-78.969,49,-0.087266
-78.91,49,-0.087266
-78.85,49,-0.087266
-78.791,49,-0.087266
-78.731,49,-0.087266
-78.672,49,-0.087266
-78.613,49,-0.087266
-78.554,49,-0.087266
-78.494,49,-0.087266
-78.435,49,-0.087266
-78.376,49,-0.087266
-78.317,49,-0.087266
-78.258,49,-0.087266
-78.199,49,-0.087266
-78.141,49,-0.087266
-78.082,49,-0.087266
-78.023,49,-0.087266
-77.964,49,-0.087266
-77.906,49,-0.087266
-77.847,49,-0.087266
-77.788,49,-0.087266
-77.73,49,-0.087266
-77.671,49,-0.087266
-77.613,49,-0.087266
-77.555,49,-0.087266
-77.496,49,-0.087266
-77.438,49,-0.087266
-77.38,49,-0.087266
-77.322,49,-0.087266
-77.264,49,-0.087266
-77.206,49,-0.087266
-77.148,49,-0.087266
-77.09,49,-0.087266
-77.032,49,-0.087266
-76.974,49,-0.087266
-76.916,49,-0.087266
-76.858,49,-0.087266
-76.801,49,-0.087266
-76.743,49,-0.087266
-76.685,49,-0.087266
-76.628,49,-0.087266
-76.57,49,-0.087266
-76.513,49,-0.087266
-76.456,49,-0.087266
-76.398,49,-0.087266
-76.341,49,-0.087266
-76.284,49,-0.087266
-76.227,49,-0.087266
-76.169,49,-0.087266
-76.112,49,-0.087266
-76.055,49,-0.087266
-75.998,49,-0.087266
-75.941,49,-0.087266
-75.885,49,-0.087266
-75.828,49,-0.087266
-75.771,49,-0.087266
-75.714,49,-0.087266
-75.658,49,-0.087266
-75.601,49,-0.087266
-75.544,49,-0.087266
-75.488,49,-0.087266
-75.431,49,-0.087266
-75.375,49,-0.087266
-75.319,49,-0.087266
-75.262,49,-0.087266
-75.206,49,-0.087266
-75.15,49,-0.087266
-75.094,49,-0.087266
-75.038,49,-0.087266
-74.982,49,-0.087266
-74.926,49,-0.087266
-74.87,49,-0.087266
-74.814,49,-0.087266
-74.758,49,-0.087266
-74.702,49,-0.087266
-74.646,49,-0.087266
-74.591,49,-0.087266
-74.535,49,-0.087266
-74.479,49,-0.087266
-74.424,49,-0.087266
-74.368,49,-0.087266
-74.313,49,-0.087266
-74.257,49,-0.087266
-74.202,49,-0.087266
-74.147,49,-0.087266
-74.091,49,-0.087266
-74.036,49,-0.087266
-73.981,49,-0.087266
-73.926,49,-0.087266
-73.871,49,-0.087266
-73.816,49,-0.087266
-73.761,49,-0.087266
-73.706,49,-0.087266
-73.651,49,-0.087266
-73.597,49,-0.087266
-73.542,49,-0.087266
-73.487,49,-0.087266
-73.432,49,-0.087266
-73.378,49,-0.087266
-73.323,49,-0.087266
-73.269,49,-0.087266
-73.214,49,-0.087266
-73.16,49,-0.087266
-73.106,49,-0.087266
-73.051,49,-0.087266
-72.997,49,-0.087266
-72.943,49,-0.087266
-72.889,49,-0.087266
-72.835,49,-0.087266
-72.781,49,-0.087266
-72.727,49,-0.087266
-72.673,49,-0.087266
-72.619,49,-0.087266
-72.565,49,-0.087266
-72.511,49,-0.087266
-72.457,49,-0.087266
-72.404,49,-0.087266
-72.35,49,-0.087266
-72.296,49,-0.087266
-72.243,49,-0.087266
-72.189,49,-0.087266
-72.136,49,-0.087266
-72.082,49,-0.087266
-72.029,49,-0.087266
-71.976,49,-0.087266
-71.922,49,-0.087266
-71.869,49,-0.087266
-71.816,49,-0.087266
-71.763,49,-0.087266
-71.71,49,-0.087266
-71.657,49,-0.087266
-71.604,49,-0.087266
-71.551,49,-0.087266
-71.498,49,-0.087266
-71.445,49,-0.087266
-71.392,49,-0.087266
-71.339,49,-0.087266
-71.287,49,-0.087266
-71.234,49,-0.087266
-71.181,49,-0.087266
-71.129,49,-0.087266
-71.076,49,-0.087266
-71.024,49,-0.087266
-70.971,49,-0.087266
-70.919,49,-0.087266
-70.867,49,-0.087266
-70.814,49,-0.087266
-70.762,49,-0.087266
-70.71,49,-0.087266
-70.658,49,-0.087266
-70.606,49,-0.087266
-70.554,49,-0.087266
-70.501,49,-0.087266
-70.449,49,-0.087266
-70.398,49,-0.087266
-70.346,49,-0.087266
-70.294,49,-0.087266
-70.242,49,-0.087266
-70.19,49,-0.087266
-70.139,49,-0.087266
-70.087,49,-0.087266
-70.035,49,-0.087266
-69.984,49,-0.087266
-69.932,49,-0.087266
-69.881,49,-0.087266
-69.829,49,-0.087266
-69.778,49,-0.087266
-69.726,49,-0.087266
-69.675,49,-0.087266
-69.624,49,-0.087266
-69.573,49,-0.087266
-69.521,49,-0.087266
-69.47,49,-0.087266
-69.419,49,-0.087266
-69.368,49,-0.087266
-69.317,49,-0.087266
-69.266,49,-0.087266
-69.215,49,-0.087266
-69.164,49,-0.087266
-69.113,49,-0.087266
-69.062,49,-0.087266
-69.012,49,-0.087266
-68.961,49,-0.087266
-68.91,49,-0.087266
-68.86,49,-0.087266
-68.809,49,-0.087266
-68.758,49,-0.087266
-68.708,49,-0.087266
-68.657,49,-0.087266
-68.607,49,-0.087266
-68.557,49,-0.087266
-68.506,49,-0.087266
-68.456,49,-0.087266
-68.406,49,-0.087266
-68.355,49,-0.087266
-68.305,49,-0.087266
-68.255,49,-0.087266
-68.205,49,-0.087266
-68.155,49,-0.087266
-68.105,49,-0.087266
-68.055,49,-0.087266
-68.005,49,-0.087266
-67.955,49,-0.087266
-67.905,49,-0.087266
-67.855,49,-0.087266
-67.805,49,-0.087266
-67.755,49,-0.087266
-67.706,49,-0.087266
-67.656,49,-0.087266
-67.606,49,-0.087266
-67.557,49,-0.087266
-67.507,49,-0.087266
-67.457,49,-0.087266
-67.408,49,-0.087266
-67.358,49,-0.087266
-67.309,49,-0.087266
-67.26,49,-0.087266
-67.21,49,-0.087266
-67.161,49,-0.087266
-67.112,49,-0.087266
-67.062,49,-0.087266
-67.013,49,-0.087266
-66.964,49,-0.087266
-66.915,49,-0.087266
-66.866,49,-0.087266
-66.816,49,-0.087266
-66.767,49,-0.087266
-66.718,49,-0.087266
-66.669,49,-0.087266
-66.62,49,-0.087266
-66.572,49,-0.087266
-66.523,49,-0.087266
-66.474,49,-0.087266
-66.425,49,-0.087266
-66.376,49,-0.087266
-66.327,49,-0.087266
-66.279,49,-0.087266
-66.23,49,-0.087266
-66.181,49,-0.087266
-66.133,49,-0.087266
-66.084,49,-0.087266
-66.036,49,-0.087266
-65.987,49,-0.087266
-65.939,49,-0.087266
-65.89,49,-0.087266
-65.842,49,-0.087266
-65.793,49,-0.087266
-65.745,49,-0.087266
-65.697,49,-0.087266
-65.648,49,-0.087266
-65.6,49,-0.087266
-65.552,49,-0.087266
-65.504,49,-0.087266
-65.456,49,-0.087266
-65.407,49,-0.087266
-65.359,49,-0.087266
-65.311,49,-0.087266
-65.263,49,-0.087266
-65.215,49,-0.087266
-65.167,49,-0.087266
-65.119,49,-0.087266
-65.071,49,-0.087266
-65.024,49,-0.087266
-64.976,49,-0.087266
-64.928,49,-0.087266
-64.88,49,-0.087266
-64.832,49,-0.087266
-64.784,49,-0.087266
-64.737,49,-0.087266
-64.689,49,-0.087266
-64.641,49,-0.087266
-64.594,49,-0.087266
-64.546,49,-0.087266
-64.499,49,-0.087266
-64.451,49,-0.087266
-64.404,49,-0.087266
-64.356,49,-0.087266
-64.309,49,-0.087266
-64.261,49,-0.087266
-64.214,49,-0.087266
-64.166,49,-0.087266
-64.119,49,-0.087266
-64.072,49,-0.087266
-64.024,49,-0.087266
-63.977,49,-0.087266
-63.93,49,-0.087266
-63.883,49,-0.087266
-63.835,49,-0.087266
-63.788,49,-0.087266
-63.741,49,-0.087266
-63.694,49,-0.087266
-63.647,49,-0.087266
-63.6,49,-0.087266
-63.553,49,-0.087266
-63.506,49,-0.087266
-63.459,49,-0.087266
-63.412,49,-0.087266
-63.365,49,-0.087266
-63.318,49,-0.087266
-63.271,49,-0.087266
-63.224,49,-0.087266
-63.177,49,-0.087266
-63.131,49,-0.087266
-63.084,49,-0.087266
-63.037,49,-0.087266
-62.99,49,-0.087266
-62.944,49,-0.087266
-62.897,49,-0.087266
-62.85,49,-0.087266
-62.803,49,-0.087266
-62.757,49,-0.087266
-62.71,49,-0.087266
-62.664,49,-0.087266
-62.617,49,-0.087266
-62.571,49,-0.087266
-62.524,49,-0.087266
-62.478,49,-0.087266
-62.431,49,-0.087266
-62.385,49,-0.087266
-62.338,49,-0.087266
-62.292,49,-0.087266
-62.245,49,-0.087266
-62.199,49,-0.087266
-62.153,49,-0.087266
-62.106,49,-0.087266
-62.06,49,-0.087266
-62.014,49,-0.087266
-61.968,49,-0.087266
-61.921,49,-0.087266
-61.875,49,-0.087266
-61.829,49,-0.087266
-61.783,49,-0.087266
-61.737,49,-0.087266
-61.69,49,-0.087266
-61.644,49,-0.087266
-61.598,49,-0.087266
-61.552,49,-0.087266
-61.506,49,-0.087266
-61.46,49,-0.087266
-61.414,49,-0.087266
-61.368,49,-0.087266
-61.322,49,-0.087266
-61.276,49,-0.087266
-61.23,49,-0.087266
-61.184,49,-0.087266
-61.138,49,-0.087266
-61.092,49,-0.087266
-61.047,49,-0.087266
-61.001,49,-0.087266
-60.955,49,-0.087266
-60.909,49,-0.087266
-60.863,49,-0.087266
-60.818,49,-0.087266
-60.772,49,-0.087266
-60.726,49,-0.087266
-60.68,49,-0.087266
-60.635,49,-0.087266
-60.589,49,-0.087266
-60.543,49,-0.087266
-60.498,49,-0.087266
-60.452,49,-0.087266
-60.406,49,-0.087266
-60.361,49,-0.087266
-60.315,49,-0.087266
-60.27,49,-0.087266
-60.224,49,-0.087266
-60.179,49,-0.087266
-60.133,49,-0.087266
-60.088,49,-0.087266
-60.042,49,-0.087266
-59.997,49,-0.087266
-59.951,49,-0.087266
-59.906,49,-0.087266
-59.86,49,-0.087266
-59.815,49,-0.087266
-59.77,49,-0.087266
-59.724,49,-0.087266
-59.679,49,-0.087266
-59.634,49,-0.087266
-59.588,49,-0.087266
-59.543,49,-0.087266
-59.498,49,-0.087266
-59.452,49,-0.087266
-59.407,49,-0.087266
-59.362,49,-0.087266
-59.317,49,-0.087266
-59.272,49,-0.087266
-59.226,49,-0.087266
-59.181,49,-0.087266
-59.136,49,-0.087266
-59.091,49,-0.087266
-59.046,49,-0.087266
-59.001,49,-0.087266
-58.955,49,-0.087266
-58.91,49,-0.087266
-58.865,49,-0.087266
-58.82,49,-0.087266
-58.775,49,-0.087266
-58.73,49,-0.087266
-58.685,49,-0.087266
-58.64,49,-0.087266
-58.595,49,-0.087266
-58.55,49,-0.087266
-58.505,49,-0.087266
-58.46,49,-0.087266
-58.415,49,-0.087266
-58.37,49,-0.087266
-58.326,49,-0.087266
-58.281,49,-0.087266
-58.236,49,-0.087266
-58.191,49,-0.087266
-58.146,49,-0.087266
-58.101,49,-0.087266
-58.056,49,-0.087266
-58.012,49,-0.087266
-57.967,49,-0.087266
-57.922,49,-0.087266
-57.877,49,-0.087266
-57.832,49,-0.087266
-57.788,49,-0.087266
-57.743,49,-0.087266
-57.698,49,-0.087266
-57.653,49,-0.087266
-57.609,49,-0.087266
-57.564,49,-0.087266
-57.519,49,-0.087266
-57.475,49,-0.087266
-57.43,49,-0.087266
-57.385,49,-0.087266
-57.341,49,-0.087266
-57.296,49,-0.087266
-57.252,49,-0.087266
-57.207,49,-0.087266
-57.163,49,-0.087266
-57.118,49,-0.087266
-57.073,49,-0.087266
-57.029,49,-0.087266
-56.984,49,-0.087266
-56.94,49,-0.087266
-56.895,49,-0.087266
-56.851,49,-0.087266
-56.806,49,-0.087266
-56.762,49,-0.087266
-56.717,49,-0.087266
-56.673,49,-0.087266
-56.629,49,-0.087266
-56.584,49,-0.087266
-56.54,49,-0.087266
-56.495,49,-0.087266
-56.451,49,-0.087266
-56.407,49,-0.087266
-56.362,49,-0.087266
-56.318,49,-0.087266
-56.274,49,-0.087266
-56.229,49,-0.087266
-56.185,49,-0.087266
-56.141,49,-0.087266
-56.096,49,-0.087266
-56.052,49,-0.087266
-56.008,49,-0.087266
-55.964,49,-0.087266
-55.919,49,-0.087266
-55.875,49,-0.087266
-55.831,49,-0.087266
-55.787,49,-0.087266
-55.743,49,-0.087266
-55.698,49,-0.087266
-55.654,49,-0.087266
-55.61,49,-0.087266
-55.566,49,-0.087266
-55.522,49,-0.087266
-55.478,49,-0.087266
-55.434,49,-0.087266
-55.39,49,-0.087266
-55.345,49,-0.087266
-55.301,49,-0.087266
-55.257,49,-0.087266
-55.213,49,-0.087266
-55.169,49,-0.087266
-55.125,49,-0.087266
-55.081,49,-0.087266
-55.037,49,-0.087266
-54.993,49,-0.087266
-54.949,49,-0.087266
-54.905,49,-0.087266
-54.861,49,-0.087266
-54.817,49,-0.087266
-54.773,49,-0.087266
-54.73,49,-0.087266
-54.686,49,-0.087266
-54.642,49,-0.087266
-54.598,49,-0.087266
-54.554,49,-0.087266
-54.51,49,-0.087266
-54.466,49,-0.087266
-54.422,49,-0.087266
-54.379,49,-0.087266
-54.335,49,-0.087266
-54.291,49,-0.087266
-54.247,49,-0.087266
-54.203,49,-0.087266
-54.16,49,-0.087266
-54.116,49,-0.087266
-54.072,49,-0.087266
-54.028,49,-0.087266
-53.985,49,-0.087266
-53.941,49,-0.087266
-53.897,49,-0.087266
-53.854,49,-0.087266
-53.81,49,-0.087266
-53.766,49,-0.087266
-53.723,49,-0.087266
-53.679,49,-0.087266
-53.635,49,-0.087266
-53.592,49,-0.087266
-53.548,49,-0.087266
-53.505,49,-0.087266
-53.461,49,-0.087266
-53.417,49,-0.087266
-53.374,49,-0.087266
-53.33,49,-0.087266
-53.287,49,-0.087266
-53.243,49,-0.087266
-53.2,49,-0.087266
-53.156,49,-0.087266
-53.113,49,-0.087266
-53.069,49,-0.087266
-53.026,49,-0.087266
-52.982,49,-0.087266
-52.939,49,-0.087266
-52.896,49,-0.087266
-52.852,49,-0.087266
-52.809,49,-0.087266
-52.766,49,-0.087266
-52.722,49,-0.087266
-52.679,49,-0.087266
-52.635,49,-0.087266
-52.592,49,-0.087266
-52.549,49,-0.087266
-52.506,49,-0.087266
-52.462,49,-0.087266
-52.419,49,-0.087266
-52.376,49,-0.087266
-52.333,49,-0.087266
-52.289,49,-0.087266
-52.246,49,-0.087266
-52.203,49,-0.087266
-52.16,49,-0.087266
-52.117,49,-0.087266
-52.073,49,-0.087266
-52.03,49,-0.087266
-51.987,49,-0.087266
-51.944,49,-0.087266
-51.901,49,-0.087266
-51.858,49,-0.087266
-51.815,49,-0.087266
-51.772,49,-0.087266
-51.729,49,-0.087266
-51.686,49,-0.087266
-51.643,49,-0.087266
-51.599,49,-0.087266
-51.557,49,-0.087266
-51.514,49,-0.087266
-51.471,49,-0.087266
-51.428,49,-0.087266
-51.385,49,-0.087266
-51.342,49,-0.087266
-51.299,49,-0.087266
-51.256,49,-0.087266
-51.213,49,-0.087266
-51.17,49,-0.087266
-51.127,49,-0.087266
-51.085,49,-0.087266
-51.042,49,-0.087266
-50.999,49,-0.087266
-50.956,49,-0.087266
-50.913,49,-0.087266
-50.871,49,-0.087266
-50.828,49,-0.087266
-50.785,49,-0.087266
-50.742,49,-0.087266
-50.7,49,-0.087266
-50.657,49,-0.087266
-50.614,49,-0.087266
-50.572,49,-0.087266
-50.529,49,-0.087266
-50.487,49,-0.087266
-50.444,49,-0.087266
-50.401,49,-0.087266
-50.359,49,-0.087266
-50.316,49,-0.087266
-50.274,49,-0.087266
-50.231,49,-0.087266
-50.189,49,-0.087266
-50.146,49,-0.087266
-50.104,49,-0.087266
-50.061,49,-0.087266
-50.019,49,-0.087266
-49.976,49,-0.087266
-49.934,49,-0.087266
-49.892,49,-0.087266
-49.849,49,-0.087266
-49.807,49,-0.087266
-49.765,49,-0.087266
-49.722,49,-0.087266
-49.68,49,-0.087266
-49.638,49,-0.087266
-49.595,49,-0.087266
-49.553,49,-0.087266
-49.511,49,-0.087266
-49.469,49,-0.087266
-49.427,49,-0.087266
-49.384,49,-0.087266
-49.342,49,-0.087266
-49.3,49,-0.087266
-49.258,49,-0.087266
-49.216,49,-0.087266
-49.174,49,-0.087266
-49.132,49,-0.087266
-49.09,49,-0.087266
-49.048,49,-0.087266
-49.006,49,-0.087266
-48.964,49,-0.087266
-48.922,49,-0.087266
-48.88,49,-0.087266
-48.838,49,-0.087266
-48.796,49,-0.087266
-48.754,49,-0.087266
-48.712,49,-0.087266
-48.67,49,-0.087266
-48.628,49,-0.087266
-48.587,49,-0.087266
-48.545,49,-0.087266
-48.503,49,-0.087266
-48.461,49,-0.087266
-48.419,49,-0.087266
-48.378,49,-0.087266
-48.336,49,-0.087266
-48.294,49,-0.087266
-48.253,49,-0.087266
-48.211,49,-0.087266
-48.169,49,-0.087266
-48.128,49,-0.087266
-48.086,49,-0.087266
-48.045,49,-0.087266
-48.003,49,-0.087266
-47.962,49,-0.087266
-47.92,49,-0.087266
-47.879,49,-0.087266
-47.837,49,-0.087266
-47.796,49,-0.087266
-47.754,49,-0.087266
-47.713,49,-0.087266
-47.671,49,-0.087266
-47.63,49,-0.087266
-47.589,49,-0.087266
-47.547,49,-0.087266
-47.506,49,-0.087266
-47.465,49,-0.087266
-47.424,49,-0.087266
-47.382,49,-0.087266
-47.341,49,-0.087266
-47.3,49,-0.087266
-47.259,49,-0.087266
-47.218,49,-0.087266
-47.177,49,-0.087266
-47.136,49,-0.087266
-47.094,49,-0.087266
-47.053,49,-0.087266
-47.012,49,-0.087266
-46.971,49,-0.087266
-46.93,49,-0.087266
-46.889,49,-0.087266
-46.849,49,-0.087266
-46.808,49,-0.087266
-46.767,49,-0.087266
-46.726,49,-0.087266
-46.685,49,-0.087266
-46.644,49,-0.087266
-46.603,49,-0.087266
-46.563,49,-0.087266
-46.522,49,-0.087266
-46.481,49,-0.087266
-46.44,49,-0.087266
-46.4,49,-0.087266
-46.359,49,-0.087266
-46.318,49,-0.087266
-46.278,49,-0.087266
-46.237,49,-0.087266
-46.197,49,-0.087266
-46.156,49,-0.087266
-46.116,49,-0.087266
-46.075,49,-0.087266
-46.035,49,-0.087266
-45.994,49,-0.087266
-45.954,49,-0.087266
-45.913,49,-0.087266
-45.873,49,-0.087266
-45.833,49,-0.087266
-45.792,49,-0.087266
-45.752,49,-0.087266
-45.712,49,-0.087266
-45.672,49,-0.087266
-45.631,49,-0.087266
-45.591,49,-0.087266
-45.551,49,-0.087266
-45.511,49,-0.087266
-45.471,49,-0.087266
-45.431,49,-0.087266
-45.391,49,-0.087266
-45.351,49,-0.087266
-45.311,49,-0.087266
-45.271,49,-0.087266
-45.231,49,-0.087266
-45.191,49,-0.087266
-45.151,49,-0.087266
-45.111,49,-0.087266
-45.071,49,-0.087266
-45.031,49,-0.087266
-44.992,49,-0.087266
-44.952,49,-0.087266
-44.912,49,-0.087266
-44.872,49,-0.087266
-44.833,49,-0.087266
-44.793,49,-0.087266
-44.753,49,-0.087266
-44.714,49,-0.087266
-44.674,49,-0.087266
-44.635,49,-0.087266
-44.595,49,-0.087266
-44.556,49,-0.087266
-44.516,49,-0.087266
-44.477,49,-0.087266
-44.437,49,-0.087266
-44.398,49,-0.087266
-44.358,49,-0.087266
-44.319,49,-0.087266
-44.28,49,-0.087266
-44.241,49,-0.087266
-44.201,49,-0.087266
-44.162,49,-0.087266
-44.123,49,-0.087266
-44.084,49,-0.087266
-44.045,49,-0.087266
-44.005,49,-0.087266
-43.966,49,-0.087266
-43.927,49,-0.087266
-43.888,49,-0.087266
-43.849,49,-0.087266
-43.81,49,-0.087266
-43.771,49,-0.087266
-43.732,49,-0.087266
-43.694,49,-0.087266
-43.655,49,-0.087266
-43.616,49,-0.087266
-43.577,49,-0.087266
-43.538,49,-0.087266
-43.5,49,-0.087266
-43.461,49,-0.087266
-43.422,49,-0.087266
-43.384,49,-0.087266
-43.345,49,-0.087266
-43.306,49,-0.087266
-43.268,49,-0.087266
-43.229,49,-0.087266
-43.191,49,-0.087266
-43.152,49,-0.087266
-43.114,49,-0.087266
-43.075,49,-0.087266
-43.037,49,-0.087266
-42.999,49,-0.087266
-42.96,49,-0.087266
-42.922,49,-0.087266
-42.884,49,-0.087266
-42.846,49,-0.087266
-42.807,49,-0.087266
-42.769,49,-0.087266
-42.731,49,-0.087266
-42.693,49,-0.087266
-42.655,49,-0.087266
-42.617,49,-0.087266
-42.579,49,-0.087266
-42.541,49,-0.087266
-42.503,49,-0.087266
-42.465,49,-0.087266
-42.427,49,-0.087266
-42.389,49,-0.087266
-42.351,49,-0.087266
-42.314,49,-0.087266
-42.276,49,-0.087266
-42.238,49,-0.087266
-42.2,49,-0.087266
-42.163,49,-0.087266
-42.125,49,-0.087266
-42.087,49,-0.087266
-42.05,49,-0.087266
-42.012,49,-0.087266
-41.975,49,-0.087266
-41.937,49,-0.087266
-41.9,49,-0.087266
-41.862,49,-0.087266
-41.825,49,-0.087266
-41.788,49,-0.087266
-41.75,49,-0.087266
-41.713,49,-0.087266
-41.676,49,-0.087266
-41.638,49,-0.087266
-41.601,49,-0.087266
-41.564,49,-0.087266
-41.527,49,-0.087266
-41.49,49,-0.087266
-41.453,49,-0.087266
-41.416,49,-0.087266
-41.379,49,-0.087266
-41.342,49,-0.087266
-41.305,49,-0.087266
-41.268,49,-0.087266
-41.231,49,-0.087266
-41.194,49,-0.087266
-41.157,49,-0.087266
-41.12,49,-0.087266
-41.084,49,-0.087266
-41.047,49,-0.087266
-41.01,49,-0.087266
-40.974,49,-0.087266
-40.937,49,-0.087266
-40.9,49,-0.087266
-40.864,49,-0.087266
-40.827,49,-0.087266
-40.791,49,-0.087266
-40.754,49,-0.087266
-40.718,49,-0.087266
-40.681,49,-0.087266
-40.645,49,-0.087266
-40.609,49,-0.087266
-40.572,49,-0.087266
-40.536,49,-0.087266
-40.5,49,-0.087266
-40.464,49,-0.087266
-40.427,49,-0.087266
-40.391,49,-0.087266
-40.355,49,-0.087266
-40.319,49,-0.087266
-40.283,49,-0.087266
-40.247,49,-0.087266
-40.211,49,-0.087266
-40.175,49,-0.087266
-40.139,49,-0.087266
-40.103,49,-0.087266
-40.068,49,-0.087266
-40.032,49,-0.087266
-39.996,49,-0.087266
-39.96,49,-0.087266
-39.924,49,-0.087266
-39.889,49,-0.087266
-39.853,49,-0.087266
-39.818,49,-0.087266
-39.782,49,-0.087266
-39.746,49,-0.087266
-39.711,49,-0.087266
-39.675,49,-0.087266
-39.64,49,-0.087266
-39.605,49,-0.087266
-39.569,49,-0.087266
-39.534,49,-0.087266
-39.498,49,-0.087266
-39.463,49,-0.087266
-39.428,49,-0.087266
-39.393,49,-0.087266
-39.358,49,-0.087266
-39.322,49,-0.087266
-39.287,49,-0.087266
-39.252,49,-0.087266
-39.217,49,-0.087266
-39.182,49,-0.087266
-39.147,49,-0.087266
-39.112,49,-0.087266
-39.077,49,-0.087266
-39.042,49,-0.087266
-39.007,49,-0.087266
-38.973,49,-0.087266
-38.938,49,-0.087266
-38.903,49,-0.087266
-38.868,49,-0.087266
-38.834,49,-0.087266
-38.799,49,-0.087266
-38.764,49,-0.087266
-38.73,49,-0.087266
-38.695,49,-0.087266
-38.661,49,-0.087266
-38.626,49,-0.087266
-38.592,49,-0.087266
-38.557,49,-0.087266
-38.523,49,-0.087266
-38.489,49,-0.087266
-38.454,49,-0.087266
-38.42,49,-0.087266
-38.386,49,-0.087266
-38.352,49,-0.087266
-38.317,49,-0.087266
-38.283,49,-0.087266
-38.249,49,-0.087266
-38.215,49,-0.087266
-38.181,49,-0.087266
-38.147,49,-0.087266
-38.113,49,-0.087266
-38.079,49,-0.087266
-38.045,49,-0.087266
-38.011,49,-0.087266
-37.977,49,-0.087266
-37.943,49,-0.087266
-37.91,49,-0.087266
-37.876,49,-0.087266
-37.842,49,-0.087266
-37.809,49,-0.087266
-37.775,49,-0.087266
-37.741,49,-0.087265
-37.549,49,-0.087265
-37.515,49,-0.087265
-37.482,49,-0.087265
-37.449,49,-0.087265
-37.415,49,-0.087265
-37.382,49,-0.087265
-37.349,49,-0.087265
-37.315,49,-0.087265
-37.282,49,-0.087265
-37.249,49,-0.087265
-37.216,49,-0.087265
-37.183,49,-0.087265
-37.15,49,-0.087265
-37.117,49,-0.087265
-37.084,49,-0.087265
-37.051,49,-0.087265
-37.018,49,-0.087265
-36.985,49,-0.087265
-36.952,49,-0.087265
-36.919,49,-0.087265
-36.886,49,-0.087265
-36.853,49,-0.087264
-36.82,49,-0.087264
-36.787,49,-0.087264
-36.755,49,-0.087264
-36.722,49,-0.087264
-36.689,49,-0.087264
-36.656,49,-0.087264
-36.623,49,-0.087264
-36.591,49,-0.087264
-36.558,49,-0.087264
-36.525,49,-0.087264
-36.493,49,-0.087264
-36.46,49,-0.087264
-36.427,49,-0.087264
-36.395,49,-0.087264
-36.362,49,-0.087264
-36.329,49,-0.087264
-36.297,49,-0.087264
-36.264,49,-0.087264
-36.231,49,-0.087264
-36.199,49,-0.087264
-36.166,49,-0.087264
-36.134,49,-0.087264
-36.101,49,-0.087264
-36.069,49,-0.087264
-36.036,49,-0.087264
-36.004,49,-0.087264
-35.971,49,-0.087264
-35.939,49,-0.087264
-35.907,49,-0.087264
-35.874,49,-0.087264
-35.842,49,-0.087264
-35.809,49,-0.087264
-35.777,49,-0.087264
-35.745,49,-0.087264
-35.712,49,-0.087264
-35.68,49,-0.087264
-35.648,49,-0.087264
-35.615,49,-0.087264
-35.583,49,-0.087264
-35.551,49,-0.087264
-35.518,49,-0.087263
-35.486,49,-0.087263
-35.454,49,-0.087263
-35.422,49,-0.087263
-35.389,49,-0.087263
-35.357,49,-0.087263
-35.325,49,-0.087263
-35.293,49,-0.087263
-35.261,49,-0.087263
-35.228,49,-0.087263
-35.196,49,-0.087263
-35.164,49,-0.087263
-35.132,49,-0.087263
-35.1,49,-0.087263
-35.068,49,-0.087263
-35.036,49,-0.087263
-35.003,49,-0.087263
-34.971,49,-0.087263
-34.939,49,-0.087263
-34.907,49,-0.087263
-34.875,49,-0.087263
-34.843,49,-0.087263
-34.811,49,-0.087263
-34.779,49,-0.087263
-34.747,49,-0.087263
-34.715,49,-0.087263
-34.683,49,-0.087263
-34.651,49,-0.087263
-34.619,49,-0.087263
-34.587,49,-0.087262
-34.555,49,-0.087262
-34.523,49,-0.087262
-34.491,49,-0.087262
-34.459,49,-0.087262
-34.427,49,-0.087262
-34.395,49,-0.087262
-34.363,49,-0.087262
-34.331,49,-0.087262
-34.299,49,-0.087262
-34.267,49,-0.087262
-34.235,49,-0.087262
-34.204,49,-0.087262
-34.172,49,-0.087262
-34.14,49,-0.087262
-34.108,49,-0.087262
-34.076,49,-0.087262
-34.044,49,-0.087262
-34.012,49,-0.087262
-33.98,49,-0.087262
-33.948,49,-0.087262
-33.917,49,-0.087262
-33.885,49,-0.087262
-33.853,49,-0.087261
-33.821,49,-0.087261
-33.789,49,-0.087261
-33.757,49,-0.087261
-33.725,49,-0.087261
-33.694,49,-0.087261
-33.662,49,-0.087261
-33.63,49,-0.087261
-33.598,49,-0.087261
-33.566,49,-0.087261
-33.534,49,-0.087261
-33.502,49,-0.087261
-33.471,49,-0.087261
-33.439,49,-0.087261
-33.407,49,-0.087261
-33.375,49,-0.087261
-33.343,49,-0.087261
-33.311,49,-0.087261
-33.28,49,-0.08726
-33.248,49,-0.08726
-33.216,49,-0.08726
-33.184,49,-0.08726
-33.152,49,-0.08726
-33.12,49,-0.08726
-33.088,49,-0.08726
-33.057,49,-0.08726
-33.025,49,-0.08726
-32.993,49,-0.08726
-32.961,49,-0.08726
-32.929,49,-0.08726
-32.897,49,-0.08726
-32.865,49,-0.08726
-32.833,49,-0.08726
-32.802,49,-0.08726
-32.77,49,-0.087259
-32.738,49,-0.087259
-32.706,49,-0.087259
-32.674,49,-0.087259
-32.642,49,-0.087259
-32.61,49,-0.087259
-32.578,49,-0.087259
-32.546,49,-0.087259
-32.514,49,-0.087259
-32.482,49,-0.087259
-32.45,49,-0.087259
-32.418,49,-0.087259
-32.386,49,-0.087259
-32.354,49,-0.087258
-32.322,49,-0.087258
-32.29,49,-0.087258
-32.258,49,-0.087258
-32.226,49,-0.087258
-32.194,49,-0.087258
-32.162,49,-0.087258
-32.13,49,-0.087258
-32.098,49,-0.087258
-32.066,49,-0.087258
-32.033,49,-0.087258
-32.001,49,-0.087258
-31.969,49,-0.087257
-31.937,49,-0.087257
-31.905,49,-0.087257
-31.873,49,-0.087257
-31.84,49,-0.087257
-31.808,49,-0.087257
-31.776,49,-0.087257
-31.744,49,-0.087257
-31.711,49,-0.087257
-31.679,49,-0.087257
-31.647,49,-0.087256
-31.614,49,-0.087256
-31.582,49,-0.087256
-31.55,49,-0.087256
-31.517,49,-0.087256
-31.485,49,-0.087256
-31.452,49,-0.087256
-31.42,49,-0.087256
-31.387,49,-0.087256
-31.355,49,-0.087256
-31.322,49,-0.087255
-31.29,49,-0.087255
-31.257,49,-0.087255
-31.224,49,-0.087255
-31.192,49,-0.087255
-31.159,49,-0.087255
-31.126,49,-0.087255
-31.094,49,-0.087255
-31.061,49,-0.087255
-31.028,49,-0.087254
-30.995,49,-0.087254
-30.962,49,-0.087254
-30.93,49,-0.087254
-30.897,49,-0.087254
-30.864,49,-0.087254
-30.831,49,-0.087254
-30.798,49,-0.087254
-30.765,49,-0.087253
-30.732,49,-0.087253
-30.699,49,-0.087253
-30.665,49,-0.087253
-30.632,49,-0.087253
-30.599,49,-0.087253
-30.566,49,-0.087253
-30.532,49,-0.087252
-30.499,49,-0.087252
-30.466,49,-0.087252
-30.432,49,-0.087252
-30.399,49,-0.087252
-30.365,49,-0.087252
-30.332,49,-0.087252
-30.298,49,-0.087251
-30.265,49,-0.087251
-30.231,49,-0.087251
-30.197,49,-0.087251
-30.164,49,-0.087251
-30.13,49,-0.087251
-30.096,49,-0.087251
-30.062,49,-0.08725
-30.028,49,-0.08725
-29.994,49,-0.08725
-29.96,49,-0.08725
-29.926,49,-0.08725
-29.892,49,-0.08725
-29.858,49,-0.087249
-29.824,49,-0.087249
-29.79,49,-0.087249
-29.755,49,-0.087249
-29.721,49,-0.087249
-29.686,49,-0.087248
-29.652,49,-0.087248
-29.617,49,-0.087248
-29.583,49,-0.087248
-29.548,49,-0.087248
-29.513,49,-0.087248
-29.479,49,-0.087247
-29.444,49,-0.087247
-29.409,49,-0.087247
-29.374,49,-0.087247
-29.339,49,-0.087247
-29.304,49,-0.087246
-29.269,49,-0.087246
-29.233,49,-0.087246
-29.198,49,-0.087246
-29.163,49,-0.087246
-29.127,49,-0.087245
-29.092,49,-0.087245
-29.056,49,-0.087245
-29.021,49,-0.087245
-28.985,49,-0.087244
-28.949,49,-0.087244
-28.913,49,-0.087244
-28.877,49,-0.087244
-28.841,49,-0.087244
-28.805,49,-0.087243
-28.769,49,-0.087243
-28.733,49,-0.087243
-28.697,49,-0.087243
-28.66,49,-0.087242
-28.624,49,-0.087242
-28.587,49,-0.087242
-28.551,49,-0.087242
-28.514,49,-0.087241
-28.477,49,-0.087241
-28.44,49,-0.087241
-28.403,49,-0.087241
-28.366,49,-0.08724
-28.329,49,-0.08724
-28.292,49,-0.08724
-28.254,49,-0.08724
-28.217,49,-0.087239
-28.179,49,-0.087239
-28.142,49,-0.087239
-28.104,49,-0.087239
-28.066,49,-0.087238
-28.028,49,-0.087238
-27.99,49,-0.087238
-27.952,49,-0.087237
-27.914,49,-0.087237
-27.875,49,-0.087237
-27.837,49,-0.087237
-27.798,49,-0.087236
-27.759,49,-0.087236
-27.721,49,-0.087236
-27.682,49,-0.087235
-27.643,49,-0.087235
-27.604,49,-0.087235
-27.564,49,-0.087234
-27.525,49,-0.087234
-27.486,49,-0.087234
-27.446,49,-0.087233
-27.406,49,-0.087233
-27.366,49,-0.087233
-27.326,49,-0.087232
-27.286,49,-0.087232
-27.246,49,-0.087232
-27.206,49,-0.087231
-27.165,49,-0.087231
-27.125,49,-0.087231
-27.084,49,-0.08723
-27.043,49,-0.08723
-27.002,49,-0.08723
-26.961,49,-0.087229
-26.92,49,-0.087229
-26.878,49,-0.087228
-26.837,49,-0.087228
-26.795,49,-0.087228
-26.753,49,-0.087227
-26.711,49,-0.087227
-26.669,49,-0.087226
-26.626,49,-0.087226
-26.584,49,-0.087226
-26.541,49,-0.087225
-26.499,49,-0.087225
-26.456,49,-0.087224
-26.413,49,-0.087224
-26.369,49,-0.087224
-26.326,49,-0.087223
-26.282,49,-0.087223
-26.239,49,-0.087222
-26.195,49,-0.087222
-26.151,49,-0.087221
-26.106,49,-0.087221
-26.062,49,-0.08722
-26.017,49,-0.08722
-25.973,49,-0.08722
-25.928,49,-0.087219
-25.882,49,-0.087219
-25.837,49,-0.087218
-25.792,49,-0.087218
-25.746,49,-0.087217
-25.7,49,-0.087217
-25.654,49,-0.087216
-25.608,49,-0.087216
-25.561,49,-0.087215
-25.514,49,-0.087215
-25.468,49,-0.087214
-25.42,49,-0.087214
-25.373,49,-0.087213
-25.326,49,-0.087212
-25.278,49,-0.087212
-25.23,49,-0.087211
-25.182,49,-0.087211
-25.134,49,-0.08721
-25.085,49,-0.08721
-25.036,49,-0.087209
-24.987,49,-0.087209
-24.938,49,-0.087208
-24.888,49,-0.087207
-24.839,49,-0.087207
-24.789,49,-0.087206
-24.739,49,-0.087206
-24.688,49,-0.087205
-24.638,49,-0.087204
-24.587,49,-0.087204
-24.536,49,-0.087203
-24.484,49,-0.087202
-24.433,49,-0.087202
-24.381,49,-0.087201
-24.328,49,-0.087201
-24.276,49,-0.0872
-24.223,49,-0.087199
-24.17,49,-0.087199
-24.117,49,-0.087198
-24.064,49,-0.087197
-24.01,49,-0.087196
-23.956,49,-0.087196
-23.902,49,-0.087195
-23.847,49,-0.087194
-23.792,49,-0.087194
-23.737,49,-0.087193
-23.682,49,-0.087192
-23.626,49,-0.087191
-23.57,49,-0.087191
-23.513,49,-0.08719
-23.457,49,-0.087189
-23.4,49,-0.087188
-23.343,49,-0.087188
-23.285,49,-0.087187
-23.227,49,-0.087186
-23.169,49,-0.087185
-23.11,49,-0.087184
-23.051,49,-0.087184
-22.992,49,-0.087183
-22.933,49,-0.087182
-22.873,49,-0.087181
-22.813,49,-0.08718
-22.752,49,-0.087179
-22.691,49,-0.087178
-22.63,49,-0.087178
-22.568,49,-0.087177
-22.506,49,-0.087176
-22.444,49,-0.087175
-22.381,49,-0.087174
-22.318,49,-0.087173
-22.255,49,-0.087172
-22.191,49,-0.087171
-22.127,49,-0.08717
-22.062,49,-0.087169
-21.997,49,-0.087168
-21.932,49,-0.087167
-21.866,49,-0.087166
-21.8,49,-0.087165
-21.733,49,-0.087164
-21.666,49,-0.087163
-21.599,49,-0.087162
-21.531,49,-0.087161
-21.462,49,-0.08716
-21.394,49,-0.087159
-21.325,49,-0.087158
-21.255,49,-0.087157
-21.185,49,-0.087156
-21.115,49,-0.087155
-21.044,49,-0.087153
-20.972,49,-0.087152
-20.901,49,-0.087151
-20.828,49,-0.08715
-20.756,49,-0.087149
-20.682,49,-0.087148
-20.609,49,-0.087147
-20.535,49,-0.087145
-20.46,49,-0.087144
-20.385,49,-0.087143
-20.309,49,-0.087142
-20.233,49,-0.08714
-20.156,49,-0.087139
-20.079,49,-0.087138
-20.001,49,-0.087137
-19.923,49,-0.087135
-19.844,49,-0.087134
-19.765,49,-0.087133
-19.685,49,-0.087131
-19.605,49,-0.08713
-19.524,49,-0.087129
-19.442,49,-0.087127
-19.36,49,-0.087126
-19.278,49,-0.087124
-19.195,49,-0.087123
-19.111,49,-0.087122
-19.026,49,-0.08712
-18.941,49,-0.087119
-18.856,49,-0.087117
-18.77,49,-0.087116
-18.683,49,-0.087114
-18.596,49,-0.087113
-18.508,49,-0.087111
-18.419,49,-0.08711
-18.33,49,-0.087108
-18.24,49,-0.087106
-18.149,49,-0.087105
-18.058,49,-0.087103
-17.966,49,-0.087102
-17.874,49,-0.0871
-17.78,49,-0.087098
-17.687,49,-0.087097
-17.592,49,-0.087095
-17.497,49,-0.087093
-17.401,49,-0.087091
-17.304,49,-0.08709
-17.207,49,-0.087088
-17.109,49,-0.087086
-17.01,49,-0.087084
-16.91,49,-0.087082
-16.81,49,-0.087081
-16.709,49,-0.087079
-16.607,49,-0.087077
-16.504,49,-0.087075
-16.401,49,-0.087073
-16.297,49,-0.087071
-16.192,49,-0.087069
-16.086,49,-0.087067
-15.979,49,-0.087065
-15.872,49,-0.087063
-15.764,49,-0.087061
-15.655,49,-0.087059
-15.545,49,-0.087057
-15.434,49,-0.087055
-15.323,49,-0.087053
-15.21,49,-0.087051
-15.097,49,-0.087049
-14.983,49,-0.087046
-14.868,49,-0.087044
-14.752,49,-0.087042
-14.635,49,-0.08704
-14.517,49,-0.087037
-14.398,49,-0.087035
-14.279,49,-0.087033
-14.158,49,-0.087031
-14.036,49,-0.087028
-13.914,49,-0.087026
-13.79,49,-0.087023
-13.666,49,-0.087021
-13.54,49,-0.087018
-13.414,49,-0.087016
-13.286,49,-0.087014
-13.158,49,-0.087011
-13.028,49,-0.087008
-12.898,49,-0.087006
-12.766,49,-0.087003
-12.633,49,-0.087001
-12.5,49,-0.086998
-12.365,49,-0.086995
-12.229,49,-0.086993
-12.092,49,-0.08699
-11.954,49,-0.086987
-11.814,49,-0.086984
-11.674,49,-0.086982
-11.532,49,-0.086979
-11.389,49,-0.086976
-11.246,49,-0.086973
-11.1,49,-0.08697
-10.954,49,-0.086967
-10.807,49,-0.086964
-10.658,49,-0.086961
-10.508,49,-0.086958
-10.357,49,-0.086955
-10.204,49,-0.086952
-10.051,49,-0.086949
-9.8956,49,-0.086946
-9.7393,49,-0.086942
-9.5817,49,-0.086939
-9.4228,49,-0.086936
-9.2625,49,-0.086933
-9.1009,49,-0.086929
-8.938,49,-0.086926
-8.7737,49,-0.086923
-8.608,49,-0.086919
-8.4409,49,-0.086916
-8.2724,49,-0.086912
-8.1025,49,-0.086909
-7.9312,49,-0.086905
-7.7584,49,-0.086901
-7.5841,49,-0.086898
-7.4084,49,-0.086894
-7.2311,49,-0.08689
-7.0524,49,-0.086887
-6.8721,49,-0.086883
-6.6903,49,-0.086879
-6.507,49,-0.086875
-6.322,49,-0.086871
-6.1355,49,-0.086867
-5.9474,49,-0.086864
-5.7577,49,-0.08686
-5.5664,49,-0.086855
-5.3734,49,-0.086851
-5.1788,49,-0.086847
-4.9825,49,-0.086843
-4.7845,49,-0.086839
-4.5848,49,-0.086835
-4.3833,49,-0.08683
-4.1802,49,-0.086826
-3.9752,49,-0.086822
-3.7685,49,-0.086817
-3.56,49,-0.086813
-3.3497,49,-0.086808
-3.1376,49,-0.086804
-2.9237,49,-0.086799
-2.7078,49,-0.086795
-2.4901,49,-0.08679
-2.2706,49,-0.086785
-2.049,49,-0.08678
-1.8256,49,-0.086776
-1.6002,49,-0.086771
-1.3729,49,-0.086766
-1.1435,49,-0.086761
-0.91219,49,-0.086756
-0.67883,49,-0.086751
-0.44342,49,-0.086746
-0.20594,49,-0.08674
0.033614,49,-0.086735
0.27527,49,-0.08673
0.51905,49,-0.086725
0.76497,49,-0.086719
1.013,49,-0.086714
1.2633,49,-0.086708
1.5158,49,-0.086703
1.7705,49,-0.086697
2.0274,49,-0.086692
2.2866,49,-0.086686
2.5481,49,-0.08668
2.8119,49,-0.086675
3.078,49,-0.086669
3.3465,49,-0.086663
3.6173,49,-0.086657
3.8905,49,-0.086651
4.1662,49,-0.086645
4.4443,49,-0.086639
4.7248,49,-0.086632
5.0079,49,-0.086626
5.2934,49,-0.08662
5.5815,49,-0.086613
5.8721,49,-0.086607
6.1653,49,-0.086601
6.4612,49,-0.086594
6.7596,49,-0.086587
7.0607,49,-0.086581
7.3645,49,-0.086574
7.6709,49,-0.086567
7.9801,49,-0.08656
8.2921,49,-0.086553
8.6068,49,-0.086546
8.9243,49,-0.086539
9.2446,49,-0.086532
9.5678,49,-0.086525
9.8939,49,-0.086517
10.223,49,-0.08651
10.555,49,-0.086503
10.89,49,-0.086495
11.227,49,-0.086488
11.568,49,-0.08648
11.912,49,-0.086472
12.259,49,-0.086464
12.609,49,-0.086457
12.962,49,-0.086449
13.319,49,-0.086441
13.678,49,-0.086432
14.041,49,-0.086424
14.407,49,-0.086416
14.776,49,-0.086408
15.149,49,-0.086399
15.524,49,-0.086391
15.904,49,-0.086382
16.286,49,-0.086374
16.672,49,-0.086365
17.062,49,-0.086356
17.454,49,-0.086347
17.851,49,-0.086338
18.251,49,-0.086329
18.654,49,-0.08632
19.061,49,-0.086311
19.472,49,-0.086301
19.886,49,-0.086292
20.305,49,-0.086282
20.726,49,-0.086273
21.152,49,-0.086263
21.581,49,-0.086253
22.015,49,-0.086243
22.452,49,-0.086233
22.893,49,-0.086223
23.337,49,-0.086213
23.786,49,-0.086203
24.239,49,-0.086192
24.696,49,-0.086182
25.157,49,-0.086171
25.622,49,-0.086161
26.091,49,-0.08615
26.564,49,-0.086139
27.042,49,-0.086128
27.524,49,-0.086117
28.01,49,-0.086106
28.5,49,-0.086095
28.995,49,-0.086083
29.494,49,-0.086072
29.998,49,-0.08606
30.506,49,-0.086049
31.018,49,-0.086037
31.535,49,-0.086025
32.057,49,-0.086013
32.583,49,-0.086001
33.114,49,-0.085988
33.65,49,-0.085976
34.19,49,-0.085964
34.735,49,-0.085951
35.285,49,-0.085938
35.84,49,-0.085925
36.4,49,-0.085912
36.965,49,-0.085899
37.534,49,-0.085886
38.109,49,-0.085873
38.688,49,-0.085859
39.273,49,-0.085846
39.863,49,-0.085832
40.458,49,-0.085818
41.059,49,-0.085804
41.664,49,-0.08579
42.275,49,-0.085776
42.891,49,-0.085762
43.513,49,-0.085747
44.14,49,-0.085733
44.773,49,-0.085718
45.411,49,-0.085703
46.055,49,-0.085688
46.704,49,-0.085673
47.359,49,-0.085658
48.02,49,-0.085642
48.686,49,-0.085627
49.358,49,-0.085611
50.036,49,-0.085595
50.72,49,-0.085579
51.41,49,-0.085563
52.106,49,-0.085547
52.808,49,-0.08553
53.516,49,-0.085514
54.23,49,-0.085497
54.95,49,-0.08548
55.676,49,-0.085463
56.409,49,-0.085446
57.148,49,-0.085429
57.893,49,-0.085411
58.645,49,-0.085393
59.403,49,-0.085376
60.168,49,-0.085358
60.939,49,-0.08534
61.717,49,-0.085321
62.501,49,-0.085303
63.293,49,-0.085284
64.091,49,-0.085265
64.895,49,-0.085247
65.707,49,-0.085227
66.525,49,-0.085208
67.35,49,-0.085189
68.183,49,-0.085169
69.022,49,-0.085149
69.869,49,-0.085129
70.722,49,-0.085109
71.583,49,-0.085089
72.451,49,-0.085068
73.326,49,-0.085048
74.209,49,-0.085027
75.099,49,-0.085006
75.996,49,-0.084984
76.901,49,-0.084963
77.814,49,-0.084941
78.734,49,-0.08492
79.661,49,-0.084898
80.597,49,-0.084875
81.54,49,-0.084853
82.491,49,-0.084831
83.45,49,-0.084808
84.416,49,-0.084785
85.391,49,-0.084762
86.374,49,-0.084738
87.364,49,-0.084715
88.363,49,-0.084691
89.37,49,-0.084667
90.385,49,-0.084643
91.409,49,-0.084619
92.44,49,-0.084594
93.481,49,-0.084569
94.529,49,-0.084544
95.586,49,-0.084519
96.652,49,-0.084494
97.726,49,-0.084468
98.808,49,-0.084442
99.9,49,-0.084416
101,49,-0.08439
102.11,49,-0.084363
103.23,49,-0.084336
104.35,49,-0.08431
105.49,49,-0.084282
106.63,49,-0.084255
107.79,49,-0.084227
108.95,49,-0.084199
110.12,49,-0.084171
111.3,49,-0.084143
112.49,49,-0.084114
113.69,49,-0.084086
114.9,49,-0.084057
116.12,49,-0.084027
117.34,49,-0.083998
118.58,49,-0.083968
119.83,49,-0.083938
121.08,49,-0.083908
122.35,49,-0.083877
123.62,49,-0.083847
124.91,49,-0.083816
126.2,49,-0.083785
127.51,49,-0.083753
128.82,49,-0.083721
130.15,49,-0.083689
131.48,49,-0.083657
132.82,49,-0.083625
134.18,49,-0.083592
135.54,49,-0.083559
136.92,49,-0.083526
138.3,49,-0.083492
139.7,49,-0.083458
141.1,49,-0.083424
142.52,49,-0.08339
143.94,49,-0.083355
145.38,49,-0.08332
146.82,49,-0.083285
148.28,49,-0.08325
149.75,49,-0.083214
151.22,49,-0.083178
152.71,49,-0.083142
154.21,49,-0.083105
155.72,49,-0.083069
157.24,49,-0.083032
158.77,49,-0.082994
160.31,49,-0.082957
161.86,49,-0.082919
163.42,49,-0.082881
165,49,-0.082842
166.58,49,-0.082803
168.18,49,-0.082764
169.78,49,-0.082725
171.4,49,-0.082685
173.03,49,-0.082645
174.66,49,-0.082605
176.31,49,-0.082564
177.97,49,-0.082524
179.65,49,-0.082482
181.33,49,-0.082441
183.02,49,-0.082399
184.73,49,-0.082357
186.44,49,-0.082315
188.17,49,-0.082272
189.91,49,-0.082229
191.66,49,-0.082186
193.42,49,-0.082143
195.19,49,-0.082099
196.97,49,-0.082054
198.76,49,-0.08201
200.57,49,-0.081965
202.38,49,-0.08192
204.21,49,-0.081875
206.05,49,-0.081829
207.9,49,-0.081783
209.76,49,-0.081736
211.63,49,-0.08169
213.51,49,-0.081643
215.41,49,-0.081595
217.31,49,-0.081548
219.23,49,-0.0815
221.16,49,-0.081451
223.1,49,-0.081403
225.05,49,-0.081354
227.01,49,-0.081305
228.98,49,-0.081255
230.96,49,-0.081205
232.95,49,-0.081155
234.96,49,-0.081104
236.97,49,-0.081053
239,49,-0.081002
241.04,49,-0.080951
243.09,49,-0.080899
245.15,49,-0.080846
247.22,49,-0.080794
249.3,49,-0.080741
251.39,49,-0.080688
253.49,49,-0.080634
255.6,49,-0.08058
257.72,49,-0.080526
259.86,49,-0.080471
262,49,-0.080417
264.16,49,-0.080361
266.32,49,-0.080306
268.5,49,-0.08025
270.68,49,-0.080194
272.88,49,-0.080137
275.08,49,-0.08008
277.3,49,-0.080023
279.52,49,-0.079965
281.76,49,-0.079908
284.01,49,-0.079849
286.26,49,-0.079791
288.53,49,-0.079732
290.8,49,-0.079673
293.08,49,-0.079613
295.38,49,-0.079553
297.68,49,-0.079493
299.99,49,-0.079432
302.31,49,-0.079371
304.64,49,-0.07931
306.98,49,-0.079248
309.32,49,-0.079186
311.68,49,-0.079124
314.04,49,-0.079062
316.42,49,-0.078999
318.8,49,-0.078935
321.19,49,-0.078872
323.58,49,-0.078808
325.99,49,-0.078744
328.4,49,-0.078679
330.82,49,-0.078614
333.25,49,-0.078549
335.69,49,-0.078483
338.13,49,-0.078417
340.58,49,-0.078351
343.03,49,-0.078285
345.5,49,-0.078218
347.97,49,-0.078151
350.44,49,-0.078083
352.93,49,-0.078015
355.42,49,-0.077947
357.91,49,-0.077879
360.41,49,-0.07781
362.92,49,-0.077741
365.43,49,-0.077671
367.94,49,-0.077602
370.47,49,-0.077532
372.99,49,-0.077461
375.52,49,-0.077391
378.06,49,-0.07732
380.6,49,-0.077248
383.14,49,-0.077177
385.69,49,-0.077105
388.24,49,-0.077033
390.79,49,-0.07696
393.35,49,-0.076887
395.91,49,-0.076814
398.48,49,-0.076741
401.04,49,-0.076667
403.61,49,-0.076593
406.18,49,-0.076519
408.75,49,-0.076445
411.33,49,-0.07637
413.9,49,-0.076295
416.48,49,-0.076219
419.06,49,-0.076144
421.63,49,-0.076068
424.21,49,-0.075991
426.79,49,-0.075915
429.37,49,-0.075838
431.94,49,-0.075761
434.52,49,-0.075684
437.1,49,-0.075607
439.67,49,-0.075529
442.24,49,-0.075451
444.81,49,-0.075372
447.38,49,-0.075294
449.95,49,-0.075215
452.51,49,-0.075136
455.07,49,-0.075057
457.63,49,-0.074977
460.18,49,-0.074898
462.73,49,-0.074818
465.28,49,-0.074737
467.82,49,-0.074657
470.36,49,-0.074576
472.89,49,-0.074495
475.42,49,-0.074414
477.94,49,-0.074333
480.45,49,-0.074251
482.96,49,-0.07417
485.46,49,-0.074088
487.96,49,-0.074006
490.44,49,-0.073923
492.92,49,-0.073841
495.39,49,-0.073758
497.86,49,-0.073675
500.31,49,-0.073592
502.76,49,-0.073509
505.2,49,-0.073425
507.62,49,-0.073342
510.04,49,-0.073258
512.45,49,-0.073174
514.84,49,-0.07309
517.23,49,-0.073006
519.6,49,-0.072921
521.97,49,-0.072837
524.32,49,-0.072752
526.65,49,-0.072667
528.98,49,-0.072582
531.29,49,-0.072497
533.59,49,-0.072412
535.88,49,-0.072326
538.15,49,-0.072241
540.41,49,-0.072155
542.65,49,-0.072069
544.88,49,-0.071984
547.09,49,-0.071898
549.29,49,-0.071811
551.47,49,-0.071725
553.63,49,-0.071639
555.78,49,-0.071553
557.91,49,-0.071466
560.03,49,-0.07138
562.12,49,-0.071293
564.2,49,-0.071206
566.26,49,-0.07112
568.3,49,-0.071033
570.32,49,-0.070946
572.32,49,-0.070859
574.31,49,-0.070772
576.27,49,-0.070685
578.21,49,-0.070598
580.13,49,-0.070511
582.03,49,-0.070424
583.91,49,-0.070337
585.77,49,-0.070249
587.6,49,-0.070162
589.42,49,-0.070075
591.21,49,-0.069988
592.98,49,-0.0699
594.72,49,-0.069813
596.44,49,-0.069726
598.14,49,-0.069639
599.81,49,-0.069551
601.46,49,-0.069464
603.09,49,-0.069377
604.69,49,-0.06929
606.26,49,-0.069203
607.81,49,-0.069115
609.33,49,-0.069028
610.83,49,-0.068941
612.3,49,-0.068854
613.75,49,-0.068767
615.17,49,-0.06868
616.56,49,-0.068593
617.92,49,-0.068507
619.26,49,-0.06842
620.57,49,-0.068333
621.85,49,-0.068247
623.1,49,-0.06816
624.32,49,-0.068074
625.52,49,-0.067987
626.68,49,-0.067901
627.82,49,-0.067815
628.93,49,-0.067729
630.01,49,-0.067643
631.06,49,-0.067557
632.08,49,-0.067471
633.07,49,-0.067386
634.03,49,-0.0673
634.95,49,-0.067215
635.85,49,-0.067129
636.72,49,-0.067044
637.56,49,-0.066959
638.36,49,-0.066874
639.14,49,-0.06679
639.88,49,-0.066705
640.59,49,-0.066621
641.27,49,-0.066536
641.92,49,-0.066452
642.54,49,-0.066368
643.13,49,-0.066285
643.68,49,-0.066201
644.2,49,-0.066117
644.69,49,-0.066034
645.15,49,-0.065951
645.58,49,-0.065868
645.97,49,-0.065786
646.33,49,-0.065703
646.66,49,-0.065621
646.96,49,-0.065539
647.22,49,-0.065457
647.45,49,-0.065375
647.65,49,-0.065293
647.82,49,-0.065212
647.95,49,-0.065131
648.05,49,-0.06505
648.12,49,-0.064969
648.16,49,-0.064889
648.16,49,-0.064809
648.13,49,-0.064729
648.07,49,-0.064649
647.98,49,-0.06457
647.85,49,-0.06449
647.69,49,-0.064411
647.5,49,-0.064332
647.28,49,-0.064254
647.02,49,-0.064176
646.73,49,-0.064098
646.41,49,-0.06402
646.06,49,-0.063942
645.68,49,-0.063865
645.27,49,-0.063788
644.82,49,-0.063711
644.34,49,-0.063635
643.83,49,-0.063559
643.29,49,-0.063483
642.72,49,-0.063407
642.11,49,-0.063332
641.48,49,-0.063257
640.82,49,-0.063182
640.12,49,-0.063107
639.39,49,-0.063033
638.64,49,-0.062959
637.85,49,-0.062885
637.03,49,-0.062812
636.19,49,-0.062739
635.31,49,-0.062666
634.41,49,-0.062594
633.47,49,-0.062522
632.51,49,-0.06245
631.52,49,-0.062378
630.49,49,-0.062307
629.44,49,-0.062236
628.37,49,-0.062165
627.26,49,-0.062095
626.13,49,-0.062025
624.97,49,-0.061955
623.78,49,-0.061886
622.56,49,-0.061816
621.32,49,-0.061748
620.05,49,-0.061679
618.75,49,-0.061611
617.43,49,-0.061543
616.08,49,-0.061476
614.71,49,-0.061409
613.31,49,-0.061342
611.89,49,-0.061275
610.44,49,-0.061209
608.96,49,-0.061143
607.47,49,-0.061077
605.95,49,-0.061012
604.4,49,-0.060947
602.83,49,-0.060883
601.24,49,-0.060818
599.62,49,-0.060755
597.99,49,-0.060691
596.33,49,-0.060628
594.65,49,-0.060565
592.94,49,-0.060502
591.22,49,-0.06044
589.47,49,-0.060378
587.7,49,-0.060316
585.92,49,-0.060255
584.11,49,-0.060194
582.28,49,-0.060134
580.43,49,-0.060073
578.57,49,-0.060013
576.68,49,-0.059954
574.78,49,-0.059895
572.86,49,-0.059836
570.92,49,-0.059777
568.96,49,-0.059719
566.98,49,-0.059661
564.99,49,-0.059603
562.98,49,-0.059546
560.95,49,-0.059489
558.91,49,-0.059433
556.85,49,-0.059376
554.78,49,-0.059321
552.69,49,-0.059265
550.59,49,-0.05921
548.47,49,-0.059155
546.34,49,-0.0591
544.19,49,-0.059046
542.03,49,-0.058992
539.86,49,-0.058939
537.67,49,-0.058885
535.47,49,-0.058833
533.26,49,-0.05878
531.04,49,-0.058728
528.8,49,-0.058676
526.56,49,-0.058624
524.3,49,-0.058573
522.03,49,-0.058522
519.75,49,-0.058472
517.47,49,-0.058421
515.17,49,-0.058371
512.86,49,-0.058322
510.54,49,-0.058272
508.22,49,-0.058224
505.88,49,-0.058175
503.54,49,-0.058127
501.19,49,-0.058079
498.83,49,-0.058031
496.46,49,-0.057984
494.09,49,-0.057937
491.71,49,-0.05789
489.32,49,-0.057844
486.93,49,-0.057797
484.53,49,-0.057752
482.12,49,-0.057706
479.71,49,-0.057661
477.3,49,-0.057616
474.88,49,-0.057572
472.45,49,-0.057528
470.02,49,-0.057484
467.59,49,-0.05744
465.15,49,-0.057397
462.71,49,-0.057354
460.27,49,-0.057311
457.82,49,-0.057269
455.37,49,-0.057227
452.92,49,-0.057185
450.47,49,-0.057144
448.01,49,-0.057103
445.55,49,-0.057062
443.09,49,-0.057021
440.63,49,-0.056981
438.17,49,-0.056941
435.71,49,-0.056902
433.25,49,-0.056862
430.79,49,-0.056823
428.32,49,-0.056784
425.86,49,-0.056746
423.4,49,-0.056708
420.94,49,-0.05667
418.48,49,-0.056632
416.02,49,-0.056595
413.56,49,-0.056558
411.11,49,-0.056521
408.65,49,-0.056484
406.2,49,-0.056448
403.75,49,-0.056412
401.3,49,-0.056376
398.86,49,-0.056341
396.42,49,-0.056306
393.98,49,-0.056271
391.54,49,-0.056236
389.11,49,-0.056202
386.68,49,-0.056168
384.25,49,-0.056134
381.83,49,-0.056101
379.41,49,-0.056067
377,49,-0.056034
374.59,49,-0.056002
372.19,49,-0.055969
369.79,49,-0.055937
367.39,49,-0.055905
365.01,49,-0.055873
362.62,49,-0.055842
360.24,49,-0.055811
357.87,49,-0.05578
355.5,49,-0.055749
353.14,49,-0.055718
350.79,49,-0.055688
348.44,49,-0.055658
346.09,49,-0.055628
343.76,49,-0.055599
341.43,49,-0.05557
339.11,49,-0.055541
336.79,49,-0.055512
334.48,49,-0.055483
332.18,49,-0.055455
329.88,49,-0.055427
327.6,49,-0.055399
325.32,49,-0.055371
323.04,49,-0.055344
320.78,49,-0.055317
318.52,49,-0.05529
316.27,49,-0.055263
314.03,49,-0.055237
311.8,49,-0.05521
309.57,49,-0.055184
307.35,49,-0.055158
305.15,49,-0.055133
302.95,49,-0.055107
300.75,49,-0.055082
298.57,49,-0.055057
296.4,49,-0.055032
294.23,49,-0.055008
292.08,49,-0.054983
289.93,49,-0.054959
287.79,49,-0.054935
285.66,49,-0.054912
283.54,49,-0.054888
281.43,49,-0.054865
279.33,49,-0.054842
277.24,49,-0.054819
275.15,49,-0.054796
273.08,49,-0.054773
271.02,49,-0.054751
268.96,49,-0.054729
266.92,49,-0.054707
264.88,49,-0.054685
262.86,49,-0.054663
260.84,49,-0.054642
258.84,49,-0.054621
256.84,49,-0.0546
254.85,49,-0.054579
252.88,49,-0.054558
250.91,49,-0.054538
248.96,49,-0.054517
247.01,49,-0.054497
245.08,49,-0.054477
243.15,49,-0.054457
241.24,49,-0.054438
239.33,49,-0.054418
237.44,49,-0.054399
235.55,49,-0.05438
233.68,49,-0.054361
231.81,49,-0.054342
229.96,49,-0.054323
228.12,49,-0.054305
226.28,49,-0.054287
224.46,49,-0.054269
222.65,49,-0.054251
220.85,49,-0.054233
219.06,49,-0.054215
217.28,49,-0.054198
215.51,49,-0.05418
213.75,49,-0.054163
212,49,-0.054146
210.26,49,-0.054129
208.53,49,-0.054113
206.81,49,-0.054096
205.1,49,-0.05408
203.4,49,-0.054063
201.72,49,-0.054047
200.04,49,-0.054031
198.37,49,-0.054015
196.72,49,-0.054
195.07,49,-0.053984
193.44,49,-0.053969
191.81,49,-0.053953
190.2,49,-0.053938
188.59,49,-0.053923
187,49,-0.053908
185.42,49,-0.053894
183.84,49,-0.053879
182.28,49,-0.053865
180.73,49,-0.05385
179.19,49,-0.053836
177.65,49,-0.053822
176.13,49,-0.053808
174.62,49,-0.053794
173.12,49,-0.053781
171.63,49,-0.053767
170.15,49,-0.053754
168.68,49,-0.05374
167.22,49,-0.053727
165.77,49,-0.053714
164.32,49,-0.053701
162.89,49,-0.053688
161.47,49,-0.053675
160.06,49,-0.053663
158.66,49,-0.05365
157.27,49,-0.053638
155.89,49,-0.053626
154.52,49,-0.053614
153.16,49,-0.053602
151.8,49,-0.05359
150.46,49,-0.053578
149.13,49,-0.053566
147.81,49,-0.053555
146.49,49,-0.053543
145.19,49,-0.053532
143.9,49,-0.05352
142.61,49,-0.053509
141.34,49,-0.053498
140.07,49,-0.053487
138.82,49,-0.053476
137.57,49,-0.053466
136.33,49,-0.053455
135.11,49,-0.053444
133.89,49,-0.053434
132.68,49,-0.053424
131.48,49,-0.053413
130.29,49,-0.053403
129.1,49,-0.053393
127.93,49,-0.053383
126.77,49,-0.053373
125.61,49,-0.053363
124.46,49,-0.053354
123.33,49,-0.053344
122.2,49,-0.053335
121.08,49,-0.053325
119.97,49,-0.053316
118.87,49,-0.053307
117.77,49,-0.053297
116.69,49,-0.053288
115.61,49,-0.053279
114.54,49,-0.05327
113.48,49,-0.053262
112.43,49,-0.053253
111.39,49,-0.053244
110.36,49,-0.053236
109.33,49,-0.053227
108.31,49,-0.053219
107.3,49,-0.05321
106.3,49,-0.053202
105.31,49,-0.053194
104.32,49,-0.053186
103.35,49,-0.053178
102.38,49,-0.05317
101.42,49,-0.053162
100.46,49,-0.053154
99.519,49,-0.053146
98.581,49,-0.053139
97.652,49,-0.053131
96.73,49,-0.053124
95.815,49,-0.053116
94.908,49,-0.053109
94.009,49,-0.053102
93.117,49,-0.053094
92.233,49,-0.053087
91.356,49,-0.05308
90.487,49,-0.053073
89.625,49,-0.053066
88.77,49,-0.053059
87.922,49,-0.053052
87.082,49,-0.053046
86.248,49,-0.053039
85.422,49,-0.053032
84.603,49,-0.053026
83.791,49,-0.053019
82.985,49,-0.053013
82.187,49,-0.053006
81.396,49,-0.053
80.611,49,-0.052994
79.833,49,-0.052988
79.062,49,-0.052982
78.297,49,-0.052976
77.54,49,-0.052969
76.788,49,-0.052964
76.044,49,-0.052958
75.305,49,-0.052952
74.573,49,-0.052946
73.848,49,-0.05294
73.129,49,-0.052935
72.416,49,-0.052929
71.71,49,-0.052923
71.009,49,-0.052918
70.315,49,-0.052912
69.627,49,-0.052907
68.945,49,-0.052902
68.269,49,-0.052896
67.6,49,-0.052891
66.936,49,-0.052886
66.277,49,-0.052881
65.625,49,-0.052876
64.979,49,-0.052871
64.338,49,-0.052866
63.703,49,-0.052861
63.074,49,-0.052856
62.451,49,-0.052851
61.833,49,-0.052846
61.22,49,-0.052841
60.613,49,-0.052836
60.012,49,-0.052832
59.416,49,-0.052827
58.825,49,-0.052823
58.24,49,-0.052818
57.66,49,-0.052814
57.085,49,-0.052809
56.516,49,-0.052805
55.951,49,-0.0528
55.392,49,-0.052796
54.838,49,-0.052792
54.289,49,-0.052787
53.745,49,-0.052783
53.205,49,-0.052779
52.671,49,-0.052775
52.142,49,-0.052771
51.617,49,-0.052767
51.098,49,-0.052763
50.583,49,-0.052759
50.073,49,-0.052755
49.567,49,-0.052751
49.066,49,-0.052747
48.57,49,-0.052743
48.078,49,-0.05274
47.591,49,-0.052736
47.109,49,-0.052732
46.631,49,-0.052729
46.157,49,-0.052725
45.687,49,-0.052721
45.222,49,-0.052718
44.762,49,-0.052714
44.305,49,-0.052711
43.853,49,-0.052707
43.405,49,-0.052704
42.961,49,-0.0527
42.522,49,-0.052697
42.086,49,-0.052694
41.654,49,-0.05269
41.227,49,-0.052687
40.803,49,-0.052684
40.384,49,-0.052681
39.968,49,-0.052678
39.556,49,-0.052675
39.148,49,-0.052671
38.744,49,-0.052668
38.344,49,-0.052665
37.947,49,-0.052662
37.554,49,-0.052659
37.165,49,-0.052656
36.779,49,-0.052653
36.397,49,-0.052651
36.019,49,-0.052648
35.644,49,-0.052645
35.273,49,-0.052642
34.905,49,-0.052639
34.54,49,-0.052636
34.18,49,-0.052634
33.822,49,-0.052631
33.468,49,-0.052628
33.117,49,-0.052626
32.769,49,-0.052623
32.425,49,-0.05262
32.084,49,-0.052618
31.746,49,-0.052615
31.411,49,-0.052613
31.08,49,-0.05261
30.751,49,-0.052608
30.426,49,-0.052605
30.103,49,-0.052603
29.784,49,-0.052601
29.468,49,-0.052598
29.155,49,-0.052596
28.844,49,-0.052594
28.537,49,-0.052591
28.232,49,-0.052589
27.931,49,-0.052587
27.632,49,-0.052584
27.336,49,-0.052582
27.043,49,-0.05258
26.752,49,-0.052578
26.464,49,-0.052576
26.179,49,-0.052574
25.897,49,-0.052571
25.617,49,-0.052569
25.34,49,-0.052567
25.066,49,-0.052565
24.794,49,-0.052563
24.524,49,-0.052561
24.257,49,-0.052559
23.993,49,-0.052557
23.731,49,-0.052555
23.472,49,-0.052553
23.215,49,-0.052551
22.96,49,-0.052549
22.708,49,-0.052548
22.458,49,-0.052546
22.211,49,-0.052544
21.965,49,-0.052542
21.723,49,-0.05254
21.482,49,-0.052539
21.244,49,-0.052537
21.007,49,-0.052535
20.773,49,-0.052533
20.542,49,-0.052532
20.312,49,-0.05253
20.084,49,-0.052528
19.859,49,-0.052526
19.636,49,-0.052525
19.415,49,-0.052523
19.195,49,-0.052522
18.978,49,-0.05252
18.763,49,-0.052518
18.55,49,-0.052517
18.339,49,-0.052515
18.129,49,-0.052514
17.922,49,-0.052512
17.717,49,-0.052511
17.513,49,-0.052509
17.312,49,-0.052508
17.112,49,-0.052506
16.914,49,-0.052505
16.718,49,-0.052503
16.523,49,-0.052502
16.331,49,-0.052501
16.14,49,-0.052499
15.951,49,-0.052498
15.764,49,-0.052496
15.578,49,-0.052495
15.394,49,-0.052494
15.212,49,-0.052492
15.031,49,-0.052491
14.852,49,-0.05249
14.675,49,-0.052488
14.499,49,-0.052487
14.325,49,-0.052486
14.152,49,-0.052485
13.981,49,-0.052483
13.812,49,-0.052482
13.644,49,-0.052481
13.477,49,-0.05248
13.312,49,-0.052479
13.148,49,-0.052477
12.986,49,-0.052476
12.826,49,-0.052475
12.666,49,-0.052474
12.509,49,-0.052473
12.352,49,-0.052472
12.197,49,-0.052471
12.044,49,-0.05247
11.891,49,-0.052468
11.74,49,-0.052467
11.591,49,-0.052466
11.442,49,-0.052465
11.295,49,-0.052464
11.15,49,-0.052463
11.005,49,-0.052462
10.862,49,-0.052461
10.72,49,-0.05246
10.579,49,-0.052459
10.44,49,-0.052458
10.301,49,-0.052457
10.164,49,-0.052456
10.028,49,-0.052455
9.8933,49,-0.052454
9.7596,49,-0.052453
9.6271,49,-0.052452
9.4958,49,-0.052452
9.3655,49,-0.052451
9.2364,49,-0.05245
9.1083,49,-0.052449
8.9813,49,-0.052448
8.8554,49,-0.052447
8.7306,49,-0.052446
8.6068,49,-0.052445
8.484,49,-0.052444
8.3623,49,-0.052444
8.2416,49,-0.052443
8.1218,49,-0.052442
8.0031,49,-0.052441
7.8854,49,-0.05244
7.7686,49,-0.05244
7.6528,49,-0.052439
7.5379,49,-0.052438
7.424,49,-0.052437
7.311,49,-0.052436
7.199,49,-0.052436
7.0878,49,-0.052435
6.9775,49,-0.052434
6.8682,49,-0.052433
6.7597,49,-0.052433
6.6521,49,-0.052432
6.5453,49,-0.052431
6.4394,49,-0.052431
6.3344,49,-0.05243
6.2302,49,-0.052429
6.1268,49,-0.052428
6.0242,49,-0.052428
5.9225,49,-0.052427
5.8215,49,-0.052426
5.7213,49,-0.052426
5.622,49,-0.052425
5.5234,49,-0.052425
5.4255,49,-0.052424
5.3284,49,-0.052423
5.2321,49,-0.052423
5.1365,49,-0.052422
5.0417,49,-0.052421
4.9476,49,-0.052421
4.8541,49,-0.05242
4.7615,49,-0.05242
4.6695,49,-0.052419
4.5782,49,-0.052418
4.4876,49,-0.052418
4.3977,49,-0.052417
4.3084,49,-0.052417
4.2198,49,-0.052416
4.1319,49,-0.052416
4.0447,49,-0.052415
3.9581,49,-0.052414
3.8721,49,-0.052414
3.7867,49,-0.052413
3.702,49,-0.052413
3.6179,49,-0.052412
3.5345,49,-0.052412
3.4516,49,-0.052411
3.3693,49,-0.052411
3.2877,49,-0.05241
3.2066,49,-0.05241
3.1261,49,-0.052409
3.0462,49,-0.052409
2.9668,49,-0.052408
2.888,49,-0.052408
2.8098,49,-0.052407
2.7321,49,-0.052407
2.655,49,-0.052406
2.5784,49,-0.052406
2.5024,49,-0.052405
2.4269,49,-0.052405
2.3519,49,-0.052405
2.2775,49,-0.052404
2.2035,49,-0.052404
2.1301,49,-0.052403
2.0571,49,-0.052403
1.9847,49,-0.052402
1.9128,49,-0.052402
1.8413,49,-0.052402
1.7704,49,-0.052401
1.6999,49,-0.052401
1.6299,49,-0.0524
1.5604,49,-0.0524
1.4913,49,-0.052399
1.4227,49,-0.052399
1.3546,49,-0.052399
1.2869,49,-0.052398
1.2197,49,-0.052398
1.1529,49,-0.052398
1.0866,49,-0.052397
1.0206,49,-0.052397
0.95516,49,-0.052396
0.89011,49,-0.052396
0.82549,49,-0.052396
0.76129,49,-0.052395
0.6975,49,-0.052395
0.63412,49,-0.052395
0.57116,49,-0.052394
0.5086,49,-0.052394
0.44644,49,-0.052394
0.38468,49,-0.052393
0.32332,49,-0.052393
0.26234,49,-0.052393
0.20175,49,-0.052392
0.14155,49,-0.052392
0.081725,49,-0.052392
0.022278,49,-0.052391
-0.036794,49,-0.052391
-0.095496,49,-0.052391
-0.15383,49,-0.05239
-0.2118,49,-0.05239
-0.26941,49,-0.05239
-0.32666,49,-0.05239
-0.38356,49,-0.052389
-0.4401,49,-0.052389
-0.4963,49,-0.052389
-0.55215,49,-0.052388
-0.60766,49,-0.052388
-0.66282,49,-0.052388
-0.71765,49,-0.052388
-0.77215,49,-0.052387
-0.82631,49,-0.052387
-0.88014,49,-0.052387
-0.93365,49,-0.052386
-0.98683,49,-0.052386
-1.0397,49,-0.052386
-1.0922,49,-0.052386
-1.1445,49,-0.052385
-1.1964,49,-0.052385
-1.248,49,-0.052385
-1.2992,49,-0.052385
-1.3502,49,-0.052384
-1.4009,49,-0.052384
-1.4513,49,-0.052384
-1.5013,49,-0.052384
-1.5511,49,-0.052383
-1.6006,49,-0.052383
-1.6498,49,-0.052383
-1.6987,49,-0.052383
-1.7473,49,-0.052383
-1.7956,49,-0.052382
-1.8436,49,-0.052382
-1.8914,49,-0.052382
-1.9388,49,-0.052382
-1.986,49,-0.052381
-2.0329,49,-0.052381
-2.0795,49,-0.052381
-2.1259,49,-0.052381
-2.172,49,-0.052381
-2.2178,49,-0.05238
-2.2633,49,-0.05238
-2.3086,49,-0.05238
-2.3536,49,-0.05238
-2.3984,49,-0.05238
-2.4428,49,-0.052379
-2.4871,49,-0.052379
-2.531,49,-0.052379
-2.5747,49,-0.052379
-2.6182,49,-0.052379
-2.6613,49,-0.052378
-2.7043,49,-0.052378
-2.747,49,-0.052378
-2.7894,49,-0.052378
-2.8316,49,-0.052378
-2.8735,49,-0.052378
-2.9152,49,-0.052377
-2.9567,49,-0.052377
-2.9979,49,-0.052377
-3.0388,49,-0.052377
-3.0795,49,-0.052377
-3.12,49,-0.052376
-3.1602,49,-0.052376
-3.2002,49,-0.052376
-3.24,49,-0.052376
-3.2795,49,-0.052376
-3.3188,49,-0.052376
-3.3579,49,-0.052376
-3.3967,49,-0.052375
-3.4353,49,-0.052375
-3.4737,49,-0.052375
-3.5118,49,-0.052375
-3.5497,49,-0.052375
-3.5874,49,-0.052375
-3.6248,49,-0.052374
-3.6621,49,-0.052374
-3.6991,49,-0.052374
-3.7359,49,-0.052374
-3.7724,49,-0.052374
-3.8088,49,-0.052374
-3.8449,49,-0.052374
-3.8808,49,-0.052373
-3.9165,49,-0.052373
-3.9519,49,-0.052373
-3.9872,49,-0.052373
-4.0222,49,-0.052373
-4.057,49,-0.052373
-4.0916,49,-0.052373
-4.126,49,-0.052373
-4.1602,49,-0.052372
-4.1941,49,-0.052372
-4.2279,49,-0.052372
-4.2614,49,-0.052372
-4.2947,49,-0.052372
-4.3278,49,-0.052372
-4.3607,49,-0.052372
-4.3934,49,-0.052372
-4.4259,49,-0.052371
-4.4582,49,-0.052371
-4.4903,49,-0.052371
-4.5222,49,-0.052371
-4.5538,49,-0.052371
-4.5853,49,-0.052371
-4.6166,49,-0.052371
-4.6476,49,-0.052371
-4.6785,49,-0.052371
-4.7091,49,-0.05237
-4.7396,49,-0.05237
-4.7698,49,-0.05237
-4.7999,49,-0.05237
-4.8297,49,-0.05237
-4.8594,49,-0.05237
-4.8888,49,-0.05237
-4.9181,49,-0.05237
-4.9471,49,-0.05237
-4.976,49,-0.05237
-5.0046,49,-0.052369
-5.0331,49,-0.052369
-5.0613,49,-0.052369
-5.0894,49,-0.052369
-5.1173,49,-0.052369
-5.145,49,-0.052369
-5.1724,49,-0.052369
-5.1997,49,-0.052369
-5.2268,49,-0.052369
-5.2537,49,-0.052369
-5.2804,49,-0.052369
-5.307,49,-0.052368
-5.3333,49,-0.052368
-5.3594,49,-0.052368
-5.3854,49,-0.052368
-5.4111,49,-0.052368
-5.4367,49,-0.052368
-5.4621,49,-0.052368
-5.4872,49,-0.052368
-5.5122,49,-0.052368
-5.537,49,-0.052368
-5.5617,49,-0.052368
-5.5861,49,-0.052368
-5.6103,49,-0.052367
-5.6344,49,-0.052367
-5.6582,49,-0.052367
-5.6819,49,-0.052367
-5.7054,49,-0.052367
-5.7287,49,-0.052367
-5.7518,49,-0.052367
-5.7748,49,-0.052367
-5.7975,49,-0.052367
-5.8201,49,-0.052367
-5.8425,49,-0.052367
-5.8647,49,-0.052367
-5.8867,49,-0.052367
-5.9085,49,-0.052367
-5.9302,49,-0.052366
-5.9516,49,-0.052366
-5.9729,49,-0.052366
-5.994,49,-0.052366
-6.0149,49,-0.052366
-6.0357,49,-0.052366
-6.0562,49,-0.052366
-6.0766,49,-0.052366
-6.0968,49,-0.052366
-6.1168,49,-0.052366
-6.1366,49,-0.052366
-6.1563,49,-0.052366
-6.1757,49,-0.052366
-6.195,49,-0.052366
-6.2141,49,-0.052366
-6.2331,49,-0.052366
-6.2518,49,-0.052366
-6.2704,49,-0.052365
-6.2888,49,-0.052365
-6.307,49,-0.052365
-6.3251,49,-0.052365
-6.343,49,-0.052365
-6.3606,49,-0.052365
-6.3782,49,-0.052365
-6.3955,49,-0.052365
-6.4127,49,-0.052365
-6.4297,49,-0.052365
-6.4465,49,-0.052365
-6.4631,49,-0.052365
-6.4796,49,-0.052365
-6.4959,49,-0.052365
-6.512,49,-0.052365
-6.5279,49,-0.052365
-6.5437,49,-0.052365
-6.5593,49,-0.052365
-6.5747,49,-0.052365
-6.59,49,-0.052364
-6.605,49,-0.052364
-6.6199,49,-0.052364
-6.6347,49,-0.052364
-6.6492,49,-0.052364
-6.6636,49,-0.052364
-6.6778,49,-0.052364
-6.6919,49,-0.052364
-6.7058,49,-0.052364
-6.7195,49,-0.052364
-6.733,49,-0.052364
-6.7464,49,-0.052364
-6.7596,49,-0.052364
-6.7727,49,-0.052364
-6.7855,49,-0.052364
-6.7982,49,-0.052364
-6.8108,49,-0.052364
-6.8231,49,-0.052364
-6.8353,49,-0.052364
-6.8474,49,-0.052364
-6.8592,49,-0.052364
-6.8709,49,-0.052364
-6.8825,49,-0.052364
-6.8939,49,-0.052364
-6.9051,49,-0.052364
-6.9161,49,-0.052363
-6.927,49,-0.052363
-6.9377,49,-0.052363
-6.9483,49,-0.052363
-6.9587,49,-0.052363
-6.9689,49,-0.052363
-6.979,49,-0.052363
-6.9889,49,-0.052363
-6.9986,49,-0.052363
-7.0082,49,-0.052363
-7.0176,49,-0.052363
-7.0269,49,-0.052363
-7.036,49,-0.052363
-7.0449,49,-0.052363
-7.0537,49,-0.052363
-7.0624,49,-0.052363
-7.0708,49,-0.052363
-7.0791,49,-0.052363
-7.0873,49,-0.052363
-7.0953,49,-0.052363
-7.1031,49,-0.052363
-7.1108,49,-0.052363
-7.1184,49,-0.052363
-7.1257,49,-0.052363
-7.133,49,-0.052363
-7.14,49,-0.052363
-7.147,49,-0.052363
-7.1537,49,-0.052363
-7.1603,49,-0.052363
-7.1668,49,-0.052363
-7.1731,49,-0.052363
-7.1792,49,-0.052363
-7.1852,49,-0.052362
-7.1911,49,-0.052362
-7.1968,49,-0.052362
-7.2024,49,-0.052362
-7.2078,49,-0.052362
-7.213,49,-0.052362
-7.2181,49,-0.052362
-7.2231,49,-0.052362
-7.2279,49,-0.052362
-7.2326,49,-0.052362
-7.2371,49,-0.052362
-7.2415,49,-0.052362
-7.2457,49,-0.052362
-7.2498,49,-0.052362
-7.2537,49,-0.052362
-7.2575,49,-0.052362
-7.2612,49,-0.052362
-7.2647,49,-0.052362
-7.268,49,-0.052362
-7.2713,49,-0.052362
-7.2744,49,-0.052362
-7.2773,49,-0.052362
-7.2801,49,-0.052362
-7.2828,49,-0.052362
-7.2853,49,-0.052362
-7.2877,49,-0.052362
-7.2899,49,-0.052362
-7.2921,49,-0.052362
-7.294,49,-0.052362
-7.2959,49,-0.052362
-7.2976,49,-0.052362
-7.2991,49,-0.052362
-7.3006,49,-0.052362
-7.3019,49,-0.052362
-7.3031,49,-0.052362
-7.3041,49,-0.052362
-7.305,49,-0.052362
-7.3058,49,-0.052362
-7.3064,49,-0.052362
-7.3069,49,-0.052362
-7.3073,49,-0.052362
-7.3076,49,-0.052362
-7.3077,49,-0.052362
-7.3077,49,-0.052362
-7.3076,49,-0.052362
-7.3073,49,-0.052362
-7.3069,49,-0.052362
-7.3064,49,-0.052362
-7.3058,49,-0.052361
-7.305,49,-0.052361
-7.3041,49,-0.052361
-7.3031,49,-0.052361
-7.302,49,-0.052361
-7.3007,49,-0.052361
-7.2994,49,-0.052361
-7.2979,49,-0.052361
-7.2963,49,-0.052361
-7.2945,49,-0.052361
-7.2927,49,-0.052361
-7.2907,49,-0.052361
-7.2886,49,-0.052361
-7.2864,49,-0.052361
-7.2841,49,-0.052361
-7.2817,49,-0.052361
-7.2791,49,-0.052361
-7.2765,49,-0.052361
-7.2737,49,-0.052361
-7.2708,49,-0.052361
-7.2678,49,-0.052361
-7.2647,49,-0.052361
-7.2615,49,-0.052361
-7.2582,49,-0.052361
-7.2547,49,-0.052361
-7.2512,49,-0.052361
-7.2475,49,-0.052361
-7.2438,49,-0.052361
-7.2399,49,-0.052361
-7.2359,49,-0.052361
-7.2318,49,-0.052361
-7.2276,49,-0.052361
-7.2233,49,-0.052361
-7.219,49,-0.052361
-7.2145,49,-0.052361
-7.2099,49,-0.052361
-7.2052,49,-0.052361
-7.2004,49,-0.052361
-7.1955,49,-0.052361
-7.1905,49,-0.052361
-7.1854,49,-0.052361
-7.1802,49,-0.052361
-7.1749,49,-0.052361
-7.1695,49,-0.052361
-7.164,49,-0.052361
-7.1585,49,-0.052361
-7.1528,49,-0.052361
-7.147,49,-0.052361
-7.1412,49,-0.052361
-7.1352,49,-0.052361
-7.1292,49,-0.052361
-7.1231,49,-0.052361
-7.1168,49,-0.052361
-7.1105,49,-0.052361
-7.1041,49,-0.052361
-7.0977,49,-0.052361
-7.0911,49,-0.052361
-7.0844,49,-0.052361
-7.0777,49,-0.052361
-7.0709,49,-0.052361
-7.064,49,-0.052361
-7.057,49,-0.052361
-7.0499,49,-0.052361
-7.0428,49,-0.052361
-7.0355,49,-0.052361
-7.0282,49,-0.052361
-7.0208,49,-0.052361
-7.0133,49,-0.052361
-7.0058,49,-0.052361
-6.9982,49,-0.052361
-6.9905,49,-0.052361
-6.9827,49,-0.052361
-6.9748,49,-0.052361
-6.9669,49,-0.052361
-6.9589,49,-0.052361
-6.9508,49,-0.052361
-6.9427,49,-0.052361
-6.9345,49,-0.052361
-6.9262,49,-0.052361
-6.9178,49,-0.052361
-6.9094,49,-0.052361
-6.9009,49,-0.052361
-6.8924,49,-0.052361
-6.8837,49,-0.052361
-6.875,49,-0.052361
-6.8663,49,-0.052361
-6.8575,49,-0.052361
-6.8486,49,-0.052361
-6.8396,49,-0.052361
-6.8306,49,-0.052361
-6.8216,49,-0.052361
-6.8124,49,-0.052361
-6.8032,49,-0.052361
-6.794,49,-0.052361
-6.7847,49,-0.052361
-6.7753,49,-0.052361
-6.7659,49,-0.05236
-6.7564,49,-0.05236
-6.7469,49,-0.05236
-6.7373,49,-0.05236
-6.7276,49,-0.05236
-6.718,49,-0.05236
-6.7082,49,-0.05236
-6.6984,49,-0.05236
-6.6886,49,-0.05236
-6.6787,49,-0.05236
-6.6687,49,-0.05236
-6.6587,49,-0.05236
-6.6487,49,-0.05236
-6.6386,49,-0.05236
-6.6284,49,-0.05236
-6.6183,49,-0.05236
-6.608,49,-0.05236
-6.5978,49,-0.05236
-6.5874,49,-0.05236
-6.5771,49,-0.05236
-6.5667,49,-0.05236
-6.5562,49,-0.05236
-6.5458,49,-0.05236
-6.5352,49,-0.05236
-6.5247,49,-0.05236
-6.5141,49,-0.05236
-6.5034,49,-0.05236
-6.4928,49,-0.05236
-6.4821,49,-0.05236
-6.4713,49,-0.05236
-6.4605,49,-0.05236
-6.4497,49,-0.05236
-6.4389,49,-0.05236
-6.428,49,-0.05236
-6.4171,49,-0.05236
-6.4062,49,-0.05236
-6.3952,49,-0.05236
-6.3842,49,-0.05236
-6.3732,49,-0.05236
-6.3621,49,-0.05236
-6.351,49,-0.05236
-6.3399,49,-0.05236
-6.3288,49,-0.05236
-6.3176,49,-0.05236
-6.3064,49,-0.05236
-6.2952,49,-0.05236
-6.284,49,-0.05236
-6.2727,49,-0.05236
-6.2614,49,-0.05236
-6.2501,49,-0.05236
-6.2388,49,-0.05236
-6.2274,49,-0.05236
-6.2161,49,-0.05236
-6.2047,49,-0.05236
-6.1933,49,-0.05236
-6.1819,49,-0.05236
-6.1705,49,-0.05236
-6.159,49,-0.05236
-6.1476,49,-0.05236
-6.1361,49,-0.05236
-6.1246,49,-0.05236
-6.1131,49,-0.05236
-6.1016,49,-0.05236
-6.09,49,-0.05236
-6.0785,49,-0.05236
-6.0669,49,-0.05236
-6.0554,49,-0.05236
-6.0438,49,-0.05236
-6.0322,49,-0.05236
-6.0207,49,-0.05236
-6.0091,49,-0.05236
-5.9975,49,-0.05236
-5.9859,49,-0.05236
-5.9743,49,-0.05236
-5.9626,49,-0.05236
-5.951,49,-0.05236
-5.9394,49,-0.05236
-5.9278,49,-0.05236
-5.9161,49,-0.05236
-5.9045,49,-0.05236
-5.8929,49,-0.05236
-5.8812,49,-0.05236
-5.8696,49,-0.05236
-5.858,49,-0.05236
-5.8464,49,-0.05236
-5.8347,49,-0.05236
-5.8231,49,-0.05236
-5.8115,49,-0.05236
-5.7999,49,-0.05236
-5.7882,49,-0.05236
-5.7766,49,-0.05236
-5.765,49,-0.05236
-5.7534,49,-0.05236
-5.7418,49,-0.05236
-5.7303,49,-0.05236
-5.7187,49,-0.05236
-5.7071,49,-0.05236
-5.6956,49,-0.05236
-5.684,49,-0.05236
-5.6725,49,-0.05236
-5.6609,49,-0.05236
-5.6494,49,-0.05236
-5.6379,49,-0.05236
-5.6264,49,-0.05236
-5.6149,49,-0.05236
-5.6035,49,-0.05236
-5.592,49,-0.05236
-5.5806,49,-0.05236
-5.5691,49,-0.05236
-5.5577,49,-0.05236
-5.5463,49,-0.05236
-5.535,49,-0.05236
-5.5236,49,-0.05236
-5.5123,49,-0.05236
-5.5009,49,-0.05236
-5.4896,49,-0.05236
-5.4783,49,-0.05236
-5.4671,49,-0.05236
-5.4558,49,-0.05236
-5.4446,49,-0.05236
-5.4334,49,-0.05236
-5.4222,49,-0.05236
-5.411,49,-0.05236
-5.3999,49,-0.05236
-5.3888,49,-0.05236
-5.3777,49,-0.05236
-5.3666,49,-0.05236
-5.3555,49,-0.05236
-5.3445,49,-0.05236
-5.3335,49,-0.05236
-5.3225,49,-0.05236
-5.3116,49,-0.05236
-5.3006,49,-0.05236
-5.2898,49,-0.05236
-5.2789,49,-0.05236
-5.268,49,-0.05236
-5.2572,49,-0.05236
-5.2464,49,-0.05236
-5.2357,49,-0.05236
-5.2249,49,-0.05236
-5.2142,49,-0.05236
-5.2036,49,-0.05236
-5.1929,49,-0.05236
-5.1823,49,-0.05236
-5.1718,49,-0.05236
-5.1612,49,-0.05236
-5.1507,49,-0.05236
-5.1402,49,-0.05236
-5.1298,49,-0.05236
-5.1193,49,-0.05236
-5.109,49,-0.05236
-5.0986,49,-0.05236
-5.0883,49,-0.05236
-5.078,49,-0.05236
-5.0678,49,-0.05236
-5.0576,49,-0.05236
-5.0474,49,-0.05236
-5.0372,49,-0.05236
-5.0271,49,-0.05236
-5.0171,49,-0.05236
-5.007,49,-0.05236
-4.9971,49,-0.05236
-4.9871,49,-0.05236
-4.9772,49,-0.05236
-4.9673,49,-0.05236
-4.9575,49,-0.05236
-4.9477,49,-0.05236
-4.9379,49,-0.05236
-4.9282,49,-0.05236
-4.9185,49,-0.05236
-4.9088,49,-0.05236
-4.8992,49,-0.05236
-4.8897,49,-0.05236
-4.8801,49,-0.05236
-4.8707,49,-0.05236
-4.8612,49,-0.05236
-4.8518,49,-0.05236
-4.8425,49,-0.05236
-4.8331,49,-0.05236
-4.8239,49,-0.05236
-4.8146,49,-0.05236
-4.8055,49,-0.05236
-4.7963,49,-0.05236
-4.7872,49,-0.05236
-4.7781,49,-0.05236
-4.7691,49,-0.05236
-4.7602,49,-0.05236
-4.7512,49,-0.05236
-4.7423,49,-0.05236
-4.7335,49,-0.05236
-4.7247,49,-0.05236
-4.716,49,-0.05236
-4.7073,49,-0.05236
-4.6986,49,-0.05236
-4.69,49,-0.05236
-4.6814,49,-0.05236
-4.6729,49,-0.05236
-4.6644,49,-0.05236
-4.656,49,-0.05236
-4.6476,49,-0.05236
-4.6393,49,-0.05236
-4.631,49,-0.05236
-4.6227,49,-0.05236
-4.6146,49,-0.05236
-4.6064,49,-0.05236
-4.5983,49,-0.05236
-4.5903,49,-0.05236
-4.5822,49,-0.05236
-4.5743,49,-0.05236
-4.5664,49,-0.05236
-4.5585,49,-0.05236
-4.5507,49,-0.05236
-4.5429,49,-0.05236
-4.5352,49,-0.05236
-4.5276,49,-0.05236
-4.5199,49,-0.05236
-4.5124,49,-0.05236
-4.5048,49,-0.05236
-4.4974,49,-0.05236
-4.4899,49,-0.05236
-4.4826,49,-0.05236
-4.4752,49,-0.05236
-4.468,49,-0.05236
-4.4607,49,-0.05236
-4.4536,49,-0.05236
-4.4464,49,-0.05236
-4.4394,49,-0.05236
-4.4323,49,-0.05236
-4.4254,49,-0.05236
-4.4184,49,-0.05236
-4.4115,49,-0.05236
-4.4047,49,-0.05236
-4.3979,49,-0.05236
-4.3912,49,-0.05236
-4.3845,49,-0.05236
-4.3779,49,-0.05236
-4.3713,49,-0.05236
-4.3648,49,-0.05236
-4.3583,49,-0.05236
-4.3519,49,-0.05236
-4.3455,49,-0.05236
-4.3392,49,-0.05236
-4.3329,49,-0.05236
-4.3267,49,-0.05236
-4.3205,49,-0.05236
-4.3144,49,-0.05236
-4.3083,49,-0.05236
-4.3023,49,-0.05236
-4.2963,49,-0.05236
-4.2904,49,-0.05236
-4.2845,49,-0.05236
-4.2787,49,-0.05236
-4.2729,49,-0.05236
-4.2672,49,-0.05236
-4.2615,49,-0.05236
-4.2559,49,-0.05236
-4.2503,49,-0.05236
-4.2448,49,-0.05236
-4.2393,49,-0.05236
-4.2339,49,-0.05236
-4.2285,49,-0.05236
-4.2232,49,-0.05236
-4.2179,49,-0.05236
-4.2127,49,-0.05236
-4.2075,49,-0.05236
-4.2024,49,-0.05236
-4.1973,49,-0.05236
-4.1923,49,-0.05236
-4.1873,49,-0.05236
-4.1824,49,-0.05236
-4.1775,49,-0.05236
-4.1727,49,-0.05236
-4.1679,49,-0.05236
-4.1632,49,-0.05236
-4.1585,49,-0.05236
-4.1539,49,-0.05236
-4.1493,49,-0.05236
-4.1448,49,-0.05236
-4.1403,49,-0.05236
-4.1358,49,-0.05236
-4.1315,49,-0.05236
-4.1271,49,-0.05236
-4.1228,49,-0.05236
-4.1186,49,-0.05236
-4.1144,49,-0.05236
-4.1102,49,-0.05236
-4.1061,49,-0.05236
-4.1021,49,-0.05236
-4.0981,49,-0.05236
-4.0941,49,-0.05236
-4.0902,49,-0.05236
-4.0864,49,-0.05236
-4.0825,49,-0.05236
-4.0788,49,-0.05236
-4.0751,49,-0.05236
-4.0714,49,-0.05236
-4.0677,49,-0.05236
-4.0642,49,-0.05236
-4.0606,49,-0.05236
-4.0571,49,-0.05236
-4.0537,49,-0.05236
-4.0503,49,-0.05236
-4.0469,49,-0.05236
-4.0436,49,-0.05236
-4.0404,49,-0.05236
-4.0371,49,-0.05236
-4.034,49,-0.05236
-4.0308,49,-0.05236
-4.0278,49,-0.05236
-4.0247,49,-0.05236
-4.0217,49,-0.05236
-4.0188,49,-0.05236
-4.0159,49,-0.05236
-4.013,49,-0.05236
-4.0102,49,-0.05236
-4.0074,49,-0.05236
-4.0047,49,-0.05236
-4.002,49,-0.05236
-3.9993,49,-0.05236
-3.9967,49,-0.05236
-3.9941,49,-0.05236
-3.9916,49,-0.05236
-3.9891,49,-0.05236
-3.9867,49,-0.05236
-3.9843,49,-0.05236
-3.9819,49,-0.05236
-3.9796,49,-0.05236
-3.9774,49,-0.05236
-3.9751,49,-0.05236
-3.9729,49,-0.05236
-3.9708,49,-0.05236
-3.9687,49,-0.05236
-3.9666,49,-0.05236
-3.9645,49,-0.05236
-3.9625,49,-0.05236
-3.9606,49,-0.05236
-3.9587,49,-0.05236
-3.9568,49,-0.05236
-3.9549,49,-0.05236
-3.9531,49,-0.05236
-3.9514,49,-0.05236
-3.9496,49,-0.05236
-3.948,49,-0.05236
-3.9463,49,-0.05236
-3.9447,49,-0.05236
-3.9431,49,-0.05236
-3.9416,49,-0.05236
-3.9401,49,-0.05236
-3.9386,49,-0.05236
-3.9371,49,-0.05236
-3.9357,49,-0.05236
-3.9344,49,-0.05236
-3.933,49,-0.05236
-3.9318,49,-0.05236
-3.9305,49,-0.05236
-3.9293,49,-0.05236
-3.9281,49,-0.05236
-3.9269,49,-0.05236
-3.9258,49,-0.05236
-3.9247,49,-0.05236
-3.9236,49,-0.05236
-3.9226,49,-0.05236
-3.9216,49,-0.05236
-3.9206,49,-0.05236
-3.9197,49,-0.05236
-3.9188,49,-0.05236
-3.9179,49,-0.05236
-3.9171,49,-0.05236
-3.9163,49,-0.05236
-3.9155,49,-0.05236
-3.9148,49,-0.05236
-3.9141,49,-0.05236
-3.9134,49,-0.05236
-3.9127,49,-0.05236
-3.9121,49,-0.05236
-3.9115,49,-0.05236
-3.9109,49,-0.05236
-3.9104,49,-0.05236
-3.9099,49,-0.05236
-3.9094,49,-0.05236
-3.9089,49,-0.05236
-3.9085,49,-0.05236
-3.9081,49,-0.05236
-3.9077,49,-0.05236
-3.9073,49,-0.05236
-3.907,49,-0.05236
-3.9067,49,-0.05236
-3.9064,49,-0.05236
-3.9062,49,-0.05236
-3.906,49,-0.05236
-3.9058,49,-0.05236
-3.9056,49,-0.05236
-3.9054,49,-0.05236
-3.9053,49,-0.05236
-3.9052,49,-0.05236
-3.9051,49,-0.05236
-3.9051,49,-0.05236
-3.905,49,-0.05236
-3.905,49,-0.05236
-3.905,49,-0.05236
-3.9051,49,-0.05236
-3.9051,49,-0.05236
-3.9052,49,-0.05236
-3.9053,49,-0.05236
-3.9054,49,-0.05236
-3.9056,49,-0.05236
-3.9057,49,-0.05236
-3.9059,49,-0.05236
-3.9061,49,-0.05236
-3.9063,49,-0.05236
-3.9065,49,-0.05236
-3.9068,49,-0.05236
-3.9071,49,-0.05236
-3.9073,49,-0.05236
-3.9077,49,-0.05236
-3.908,49,-0.05236
-3.9083,49,-0.05236
-3.9087,49,-0.05236
-3.9091,49,-0.05236
-3.9094,49,-0.05236
-3.9099,49,-0.05236
-3.9103,49,-0.05236
-3.9107,49,-0.05236
-3.9112,49,-0.05236
-3.9116,49,-0.05236
-3.9121,49,-0.05236
-3.9126,49,-0.05236
-3.9131,49,-0.05236
-3.9137,49,-0.05236
-3.9142,49,-0.05236
-3.9148,49,-0.05236
-3.9153,49,-0.05236
-3.9159,49,-0.05236
-3.9165,49,-0.05236
-3.9171,49,-0.05236
-3.9177,49,-0.05236
-3.9184,49,-0.05236
-3.919,49,-0.05236
-3.9197,49,-0.05236
-3.9203,49,-0.05236
-3.921,49,-0.05236
-3.9217,49,-0.05236
-3.9224,49,-0.05236
-3.9231,49,-0.05236
-3.9238,49,-0.05236
-3.9245,49,-0.05236
-3.9252,49,-0.05236
-3.926,49,-0.05236
-3.9267,49,-0.05236
-3.9275,49,-0.05236
-3.9282,49,-0.05236
-3.929,49,-0.05236
-3.9298,49,-0.05236
-3.9306,49,-0.05236
-3.9313,49,-0.05236
-3.9321,49,-0.05236
-3.9329,49,-0.05236
-3.9338,49,-0.05236
-3.9346,49,-0.05236
-3.9354,49,-0.05236
-3.9362,49,-0.05236
-3.937,49,-0.05236
-3.9379,49,-0.05236
-3.9387,49,-0.05236
-3.9396,49,-0.05236
-3.9404,49,-0.05236
-3.9413,49,-0.05236
-3.9421,49,-0.05236
-3.943,49,-0.05236
-3.9438,49,-0.05236
-3.9447,49,-0.05236
-3.9455,49,-0.05236
-3.9464,49,-0.05236
-3.9473,49,-0.05236
-3.9481,49,-0.05236
-3.949,49,-0.05236
-3.9499,49,-0.05236
-3.9508,49,-0.05236
-3.9516,49,-0.05236
-3.9525,49,-0.05236
-3.9534,49,-0.05236
-3.9542,49,-0.05236
-3.9551,49,-0.05236
-3.956,49,-0.05236
-3.9569,49,-0.05236
-3.9577,49,-0.05236
-3.9586,49,-0.05236
-3.9595,49,-0.05236
-3.9603,49,-0.05236
-3.9612,49,-0.05236
-3.962,49,-0.05236
-3.9629,49,-0.05236
-3.9637,49,-0.05236
-3.9646,49,-0.05236
-3.9654,49,-0.05236
-3.9663,49,-0.05236
-3.9671,49,-0.05236
-3.968,49,-0.05236
-3.9688,49,-0.05236
-3.9696,49,-0.05236
-3.9704,49,-0.05236
-3.9713,49,-0.05236
-3.9721,49,-0.05236
-3.9729,49,-0.05236
-3.9737,49,-0.05236
-3.9745,49,-0.05236
-3.9753,49,-0.05236
-3.9761,49,-0.05236
-3.9768,49,-0.05236
-3.9776,49,-0.05236
-3.9784,49,-0.05236
-3.9791,49,-0.05236
-3.9799,49,-0.05236
-3.9806,49,-0.05236
-3.9814,49,-0.05236
-3.9821,49,-0.05236
-3.9828,49,-0.05236
-3.9835,49,-0.05236
-3.9842,49,-0.05236
-3.9849,49,-0.05236
-3.9856,49,-0.05236
-3.9863,49,-0.05236
-3.9869,49,-0.05236
-3.9876,49,-0.05236
-3.9883,49,-0.05236
-3.9889,49,-0.05236
-3.9895,49,-0.05236
-3.9901,49,-0.05236
-3.9908,49,-0.05236
-3.9914,49,-0.05236
-3.9919,49,-0.05236
-3.9925,49,-0.05236
-3.9931,49,-0.05236
-3.9936,49,-0.05236
-3.9942,49,-0.05236
-3.9947,49,-0.05236
-3.9952,49,-0.05236
-3.9957,49,-0.05236
-3.9962,49,-0.05236
-3.9967,49,-0.05236
-3.9972,49,-0.05236
-3.9977,49,-0.05236
-3.9981,49,-0.05236
-3.9985,49,-0.05236
-3.999,49,-0.05236
-3.9994,49,-0.05236
-3.9998,49,-0.05236
-4.0002,49,-0.05236
-4.0005,49,-0.05236
-4.0009,49,-0.05236
-4.0012,49,-0.05236
-4.0016,49,-0.05236
-4.0019,49,-0.05236
-4.0022,49,-0.05236
-4.0025,49,-0.05236
-4.0027,49,-0.05236
-4.003,49,-0.05236
-4.0032,49,-0.05236
-4.0035,49,-0.05236
-4.0037,49,-0.05236
-4.0039,49,-0.05236
-4.0041,49,-0.05236
-4.0042,49,-0.05236
-4.0044,49,-0.05236
-4.0045,49,-0.05236
-4.0046,49,-0.05236
-4.0047,49,-0.05236
-4.0048,49,-0.05236
-4.0049,49,-0.05236
-4.0049,49,-0.05236
-4.005,49,-0.05236
-4.005,49,-0.05236
-4.005,49,-0.05236
-4.005,49,-0.05236
-4.005,49,-0.05236
-4.0049,49,-0.05236
-4.0049,49,-0.05236
-4.0048,49,-0.05236
-4.0047,49,-0.05236
-4.0046,49,-0.05236
-4.0045,49,-0.05236
-4.0043,49,-0.05236
-4.0042,49,-0.05236
-4.004,49,-0.05236
-4.0038,49,-0.05236
-4.0036,49,-0.05236
-4.0033,49,-0.05236
-4.0031,49,-0.05236
-4.0028,49,-0.05236
-4.0025,49,-0.05236
-4.0022,49,-0.05236
-4.0019,49,-0.05236
-4.0015,49,-0.05236
-4.0012,49,-0.05236
-4.0008,49,-0.05236
-4.0004,49,-0.05236
-4,49,-0.05236
-3.9996,49,-0.05236
-3.9991,49,-0.05236
-3.9986,49,-0.05236
-3.9981,49,-0.05236
-3.9976,49,-0.05236
-3.9971,49,-0.05236
-3.9965,49,-0.05236
-3.996,49,-0.05236
-3.9954,49,-0.05236
-3.9948,49,-0.05236
-3.9942,49,-0.05236
-3.9935,49,-0.05236
-3.9929,49,-0.05236
-3.9922,49,-0.05236
-3.9915,49,-0.05236
-3.9908,49,-0.05236
-3.99,49,-0.05236
-3.9892,49,-0.05236
-3.9885,49,-0.05236
-3.9877,49,-0.05236
-3.9869,49,-0.05236
-3.986,49,-0.05236
-3.9852,49,-0.05236
-3.9843,49,-0.05236
-3.9834,49,-0.05236
-3.9825,49,-0.05236
-3.9815,49,-0.05236
-3.9806,49,-0.05236
-3.9796,49,-0.05236
-3.9786,49,-0.05236
-3.9776,49,-0.05236
-3.9765,49,-0.05236
-3.9755,49,-0.05236
-3.9744,49,-0.05236
-3.9733,49,-0.05236
-3.9722,49,-0.05236
-3.9711,49,-0.05236
-3.9699,49,-0.05236
-3.9687,49,-0.05236
-3.9675,49,-0.05236
-3.9663,49,-0.05236
-3.9651,49,-0.05236
-3.9638,49,-0.05236
-3.9626,49,-0.05236
-3.9613,49,-0.05236
-3.9599,49,-0.05236
-3.9586,49,-0.05236
-3.9573,49,-0.05236
-3.9559,49,-0.05236
-3.9545,49,-0.05236
-3.9531,49,-0.05236
-3.9516,49,-0.05236
-3.9502,49,-0.05236
-3.9487,49,-0.05236
-3.9472,49,-0.05236
-3.9457,49,-0.05236
-3.9442,49,-0.05236
-3.9426,49,-0.05236
-3.941,49,-0.05236
-3.9394,49,-0.05236
-3.9378,49,-0.05236
-3.9362,49,-0.05236
-3.9346,49,-0.05236
-3.9329,49,-0.05236
-3.9312,49,-0.05236
-3.9295,49,-0.05236
-3.9278,49,-0.05236
-3.926,49,-0.05236
-3.9242,49,-0.05236
-3.9224,49,-0.05236
-3.9206,49,-0.05236
-3.9188,49,-0.05236
-3.917,49,-0.05236
-3.9151,49,-0.05236
-3.9132,49,-0.05236
-3.9113,49,-0.05236
-3.9094,49,-0.05236
-3.9075,49,-0.05236
-3.9055,49,-0.05236
-3.9035,49,-0.05236
-3.9015,49,-0.05236
-3.8995,49,-0.05236
-3.8975,49,-0.05236
-3.8954,49,-0.05236
-3.8933,49,-0.05236
-3.8912,49,-0.05236
-3.8891,49,-0.05236
-3.887,49,-0.05236
-3.8849,49,-0.05236
-3.8827,49,-0.05236
-3.8805,49,-0.05236
-3.8783,49,-0.05236
-3.8761,49,-0.05236
-3.8738,49,-0.05236
-3.8716,49,-0.05236
-3.8693,49,-0.05236
-3.867,49,-0.05236
-3.8647,49,-0.05236
-3.8624,49,-0.05236
-3.86,49,-0.05236
-3.8577,49,-0.05236
-3.8553,49,-0.05236
-3.8529,49,-0.05236
-3.8505,49,-0.05236
-3.848,49,-0.05236
-3.8456,49,-0.05236
-3.8431,49,-0.05236
-3.8406,49,-0.05236
-3.8381,49,-0.05236
-3.8356,49,-0.05236
-3.8331,49,-0.05236
-3.8305,49,-0.05236
-3.828,49,-0.05236
-3.8254,49,-0.05236
-3.8228,49,-0.05236
-3.8202,49,-0.05236
-3.8175,49,-0.05236
-3.8149,49,-0.05236
-3.8122,49,-0.05236
-3.8095,49,-0.05236
-3.8068,49,-0.05236
-3.8041,49,-0.05236
-3.8014,49,-0.05236
-3.7986,49,-0.05236
-3.7959,49,-0.05236
-3.7931,49,-0.05236
-3.7903,49,-0.05236
-3.7875,49,-0.05236
-3.7847,49,-0.05236
-3.7818,49,-0.05236
-3.779,49,-0.05236
-3.7761,49,-0.05236
-3.7732,49,-0.05236
-3.7703,49,-0.05236
-3.7674,49,-0.05236
-3.7645,49,-0.05236
-3.7616,49,-0.05236
-3.7586,49,-0.05236
-3.7556,49,-0.05236
-3.7526,49,-0.05236
-3.7496,49,-0.05236
-3.7466,49,-0.05236
-3.7436,49,-0.05236
-3.7406,49,-0.05236
-3.7375,49,-0.05236
-3.7345,49,-0.05236
-3.7314,49,-0.05236
-3.7283,49,-0.05236
-3.7252,49,-0.05236
-3.7221,49,-0.05236
-3.7189,49,-0.05236
-3.7158,49,-0.05236
-3.7126,49,-0.05236
-3.7095,49,-0.05236
-3.7063,49,-0.05236
-3.7031,49,-0.05236
-3.6999,49,-0.05236
-3.6966,49,-0.05236
-3.6934,49,-0.05236
-3.6902,49,-0.05236
-3.6869,49,-0.05236
-3.6837,49,-0.05236
-3.6804,49,-0.05236
-3.6771,49,-0.05236
-3.6738,49,-0.05236
-3.6705,49,-0.05236
-3.6672,49,-0.05236
-3.6638,49,-0.05236
-3.6605,49,-0.05236
-3.6571,49,-0.05236
-3.6538,49,-0.05236
-3.6504,49,-0.05236
-3.647,49,-0.05236
-3.6436,49,-0.05236
-3.6402,49,-0.05236
-3.6368,49,-0.05236
-3.6333,49,-0.05236
-3.6299,49,-0.05236
-3.6265,49,-0.05236
-3.623,49,-0.05236
-3.6195,49,-0.05236
-3.6161,49,-0.05236
-3.6126,49,-0.05236
-3.6091,49,-0.05236
-3.6056,49,-0.05236
-3.6021,49,-0.05236
-3.5986,49,-0.05236
-3.595,49,-0.05236
-3.5915,49,-0.05236
-3.588,49,-0.05236
-3.5844,49,-0.05236
-3.5809,49,-0.05236
-3.5773,49,-0.05236
-3.5737,49,-0.05236
-3.5701,49,-0.05236
-3.5665,49,-0.05236
-3.5629,49,-0.05236
-3.5593,49,-0.05236
-3.5557,49,-0.05236
-3.5521,49,-0.05236
-3.5485,49,-0.05236
-3.5448,49,-0.05236
-3.5412,49,-0.05236
-3.5376,49,-0.05236
-3.5339,49,-0.05236
-3.5302,49,-0.05236
-3.5266,49,-0.05236
-3.5229,49,-0.05236
-3.5192,49,-0.05236
-3.5156,49,-0.05236
-3.5119,49,-0.05236
-3.5082,49,-0.05236
-3.5045,49,-0.05236
-3.5008,49,-0.05236
-3.4971,49,-0.05236
-3.4933,49,-0.05236
-3.4896,49,-0.05236
-3.4859,49,-0.05236
-3.4822,49,-0.05236
-3.4784,49,-0.05236
-3.4747,49,-0.05236
-3.471,49,-0.05236
-3.4672,49,-0.05236
-3.4635,49,-0.05236
-3.4597,49,-0.05236
-3.456,49,-0.05236
-3.4522,49,-0.05236
-3.4484,49,-0.05236
-3.4447,49,-0.05236
-3.4409,49,-0.05236
-3.4371,49,-0.05236
-3.4333,49,-0.05236
-3.4296,49,-0.05236
-3.4258,49,-0.05236
-3.422,49,-0.05236
-3.4182,49,-0.05236
-3.4144,49,-0.05236
-3.4106,49,-0.05236
-3.4068,49,-0.05236
-3.403,49,-0.05236
-3.3992,49,-0.05236
-3.3954,49,-0.05236
-3.3916,49,-0.05236
-3.3878,49,-0.05236
-3.384,49,-0.05236
-3.3802,49,-0.05236
-3.3764,49,-0.05236
-3.3726,49,-0.05236
-3.3688,49,-0.05236
-3.365,49,-0.05236
-3.3612,49,-0.05236
-3.3573,49,-0.05236
-3.3535,49,-0.05236
-3.3497,49,-0.05236
-3.3459,49,-0.05236
-3.3421,49,-0.05236
-3.3383,49,-0.05236
-3.3345,49,-0.05236
-3.3307,49,-0.05236
-3.3268,49,-0.05236
-3.323,49,-0.05236
-3.3192,49,-0.05236
-3.3154,49,-0.05236
-3.3116,49,-0.05236
-3.3078,49,-0.05236
-3.304,49,-0.05236
-3.3002,49,-0.05236
-3.2964,49,-0.05236
-3.2925,49,-0.05236
-3.2887,49,-0.05236
-3.2849,49,-0.05236
-3.2811,49,-0.05236
-3.2773,49,-0.05236
-3.2735,49,-0.05236
-3.2698,49,-0.05236
-3.266,49,-0.05236
-3.2622,49,-0.05236
-3.2584,49,-0.05236
-3.2546,49,-0.05236
-3.2508,49,-0.05236
-3.247,49,-0.05236
-3.2432,49,-0.05236
-3.2395,49,-0.05236
-3.2357,49,-0.05236
-3.2319,49,-0.05236
-3.2282,49,-0.05236
-3.2244,49,-0.05236
-3.2206,49,-0.05236
-3.2169,49,-0.05236
-3.2131,49,-0.05236
-3.2094,49,-0.05236
-3.2056,49,-0.05236
-3.2019,49,-0.05236
-3.1981,49,-0.05236
-3.1944,49,-0.05236
-3.1907,49,-0.05236
-3.187,49,-0.05236
-3.1832,49,-0.05236
-3.1795,49,-0.05236
-3.1758,49,-0.05236
-3.1721,49,-0.05236
-3.1684,49,-0.05236
-3.1647,49,-0.05236
-3.161,49,-0.05236
-3.1573,49,-0.05236
-3.1536,49,-0.05236
-3.1499,49,-0.05236
-3.1463,49,-0.05236
-3.1426,49,-0.05236
-3.1389,49,-0.05236
-3.1353,49,-0.05236
-3.1316,49,-0.05236
-3.128,49,-0.05236
-3.1243,49,-0.05236
-3.1207,49,-0.05236
-3.1171,49,-0.05236
-3.1135,49,-0.05236
-3.1098,49,-0.05236
-3.1062,49,-0.05236
-3.1026,49,-0.05236
-3.099,49,-0.05236
-3.0954,49,-0.05236
-3.0918,49,-0.05236
-3.0883,49,-0.05236
-3.0847,49,-0.05236
-3.0811,49,-0.05236
-3.0776,49,-0.05236
-3.074,49,-0.05236
-3.0705,49,-0.05236
-3.0669,49,-0.05236
-3.0634,49,-0.05236
-3.0599,49,-0.05236
-3.0564,49,-0.05236
-3.0528,49,-0.05236
-3.0493,49,-0.05236
-3.0458,49,-0.05236
-3.0424,49,-0.05236
-3.0389,49,-0.05236
-3.0354,49,-0.05236
-3.0319,49,-0.05236
-3.0285,49,-0.05236
-3.025,49,-0.05236
-3.0216,49,-0.05236
-3.0182,49,-0.05236
-3.0147,49,-0.05236
-3.0113,49,-0.05236
-3.0079,49,-0.05236
-3.0045,49,-0.05236
-3.0011,49,-0.05236
-2.9977,49,-0.05236
-2.9944,49,-0.05236
-2.991,49,-0.05236
-2.9876,49,-0.05236
-2.9843,49,-0.05236
-2.9809,49,-0.05236
-2.9776,49,-0.05236
-2.9743,49,-0.05236
-2.971,49,-0.05236
-2.9677,49,-0.05236
-2.9644,49,-0.05236
-2.9611,49,-0.05236
-2.9578,49,-0.05236
-2.9545,49,-0.05236
-2.9513,49,-0.05236
-2.948,49,-0.05236
-2.9448,49,-0.05236
-2.9415,49,-0.05236
-2.9383,49,-0.05236
-2.9351,49,-0.05236
-2.9319,49,-0.05236
-2.9287,49,-0.05236
-2.9255,49,-0.05236
-2.9223,49,-0.05236
-2.9191,49,-0.05236
-2.916,49,-0.05236
-2.9128,49,-0.05236
-2.9097,49,-0.05236
-2.9066,49,-0.05236
-2.9035,49,-0.05236
-2.9003,49,-0.05236
-2.8972,49,-0.05236
-2.8941,49,-0.05236
-2.8911,49,-0.05236
-2.888,49,-0.05236
-2.8849,49,-0.05236
-2.8819,49,-0.05236
-2.8788,49,-0.05236
-2.8758,49,-0.05236
-2.8728,49,-0.05236
-2.8698,49,-0.05236
-2.8668,49,-0.05236
-2.8638,49,-0.05236
-2.8608,49,-0.05236
-2.8578,49,-0.05236
-2.8549,49,-0.05236
-2.8519,49,-0.05236
-2.849,49,-0.05236
-2.8461,49,-0.05236
-2.8432,49,-0.05236
-2.8402,49,-0.05236
-2.8373,49,-0.05236
-2.8345,49,-0.05236
-2.8316,49,-0.05236
-2.8287,49,-0.05236
-2.8259,49,-0.05236
-2.823,49,-0.05236
-2.8202,49,-0.05236
-2.8174,49,-0.05236
-2.8145,49,-0.05236
-2.8117,49,-0.05236
-2.809,49,-0.05236
-2.8062,49,-0.05236
-2.8034,49,-0.05236
-2.8006,49,-0.05236
-2.7979,49,-0.05236
-2.7952,49,-0.05236
-2.7924,49,-0.05236
-2.7897,49,-0.05236
-2.787,49,-0.05236
-2.7843,49,-0.05236
-2.7816,49,-0.05236
-2.7789,49,-0.05236
-2.7763,49,-0.05236
-2.7736,49,-0.05236
-2.771,49,-0.05236
-2.7684,49,-0.05236
-2.7657,49,-0.05236
-2.7631,49,-0.05236
-2.7605,49,-0.05236
-2.7579,49,-0.05236
-2.7554,49,-0.05236
-2.7528,49,-0.05236
-2.7502,49,-0.05236
-2.7477,49,-0.05236
-2.7452,49,-0.05236
-2.7426,49,-0.05236
-2.7401,49,-0.05236
-2.7376,49,-0.05236
-2.7351,49,-0.05236
-2.7327,49,-0.05236
-2.7302,49,-0.05236
-2.7277,49,-0.05236
-2.7253,49,-0.05236
-2.7228,49,-0.05236
-2.7204,49,-0.05236
-2.718,49,-0.05236
-2.7156,49,-0.05236
-2.7132,49,-0.05236
-2.7108,49,-0.05236
-2.7084,49,-0.05236
-2.7061,49,-0.05236
-2.7037,49,-0.05236
-2.7014,49,-0.05236
-2.6991,49,-0.05236
-2.6967,49,-0.05236
-2.6944,49,-0.05236
-2.6921,49,-0.05236
-2.6898,49,-0.05236
-2.6876,49,-0.05236
-2.6853,49,-0.05236
-2.683,49,-0.05236
-2.6808,49,-0.05236
-2.6786,49,-0.05236
-2.6763,49,-0.05236
-2.6741,49,-0.05236
-2.6719,49,-0.05236
-2.6697,49,-0.05236
-2.6675,49,-0.05236
-2.6654,49,-0.05236
-2.6632,49,-0.05236
-2.6611,49,-0.05236
-2.6589,49,-0.05236
-2.6568,49,-0.05236
-2.6547,49,-0.05236
-2.6526,49,-0.05236
-2.6505,49,-0.05236
-2.6484,49,-0.05236
-2.6463,49,-0.05236
-2.6442,49,-0.05236
-2.6422,49,-0.05236
-2.6401,49,-0.05236
-2.6381,49,-0.05236
-2.636,49,-0.05236
-2.634,49,-0.05236
-2.632,49,-0.05236
-2.63,49,-0.05236
-2.628,49,-0.05236
-2.6261,49,-0.05236
-2.6241,49,-0.05236
-2.6221,49,-0.05236
-2.6202,49,-0.05236
-2.6182,49,-0.05236
-2.6163,49,-0.05236
-2.6144,49,-0.05236
-2.6125,49,-0.05236
-2.6106,49,-0.05236
-2.6087,49,-0.05236
-2.6068,49,-0.05236
-2.6049,49,-0.05236
-2.6031,49,-0.05236
-2.6012,49,-0.05236
-2.5994,49,-0.05236
-2.5975,49,-0.05236
-2.5957,49,-0.05236
-2.5939,49,-0.05236
-2.5921,49,-0.05236
-2.5903,49,-0.05236
-2.5885,49,-0.05236
-2.5867,49,-0.05236
-2.585,49,-0.05236
-2.5832,49,-0.05236
-2.5815,49,-0.05236
-2.5797,49,-0.05236
-2.578,49,-0.05236
-2.5763,49,-0.05236
-2.5745,49,-0.05236
-2.5728,49,-0.05236
-2.5711,49,-0.05236
-2.5695,49,-0.05236
-2.5678,49,-0.05236
-2.5661,49,-0.05236
-2.5644,49,-0.05236
-2.5628,49,-0.05236
-2.5611,49,-0.05236
-2.5595,49,-0.05236
-2.5579,49,-0.05236
-2.5563,49,-0.05236
-2.5547,49,-0.05236
-2.5531,49,-0.05236
-2.5515,49,-0.05236
-2.5499,49,-0.05236
-2.5483,49,-0.05236
-2.5467,49,-0.05236
-2.5452,49,-0.05236
-2.5436,49,-0.05236
-2.5421,49,-0.05236
-2.5405,49,-0.05236
-2.539,49,-0.05236
-2.5375,49,-0.05236
-2.536,49,-0.05236
-2.5345,49,-0.05236
-2.533,49,-0.05236
-2.5315,49,-0.05236
-2.53,49,-0.05236
-2.5285,49,-0.05236
-2.527,49,-0.05236
-2.5256,49,-0.05236
-2.5241,49,-0.05236
-2.5227,49,-0.05236
-2.5212,49,-0.05236
-2.5198,49,-0.05236
-2.5184,49,-0.05236
-2.517,49,-0.05236
-2.5156,49,-0.05236
-2.5142,49,-0.05236
-2.5128,49,-0.05236
-2.5114,49,-0.05236
-2.51,49,-0.05236
-2.5086,49,-0.05236
-2.5073,49,-0.05236
-2.5059,49,-0.05236
-2.5045,49,-0.05236
-2.5032,49,-0.05236
-2.5018,49,-0.05236
-2.5005,49,-0.05236
-2.4992,49,-0.05236
-2.4979,49,-0.05236
-2.4965,49,-0.05236
-2.4952,49,-0.05236
-2.4939,49,-0.05236
-2.4926,49,-0.05236
-2.4914,49,-0.05236
-2.4901,49,-0.05236
-2.4888,49,-0.05236
-2.4875,49,-0.05236
-2.4863,49,-0.05236
-2.485,49,-0.05236
-2.4837,49,-0.05236
-2.4825,49,-0.05236
-2.4812,49,-0.05236
-2.48,49,-0.05236
-2.4788,49,-0.05236
-2.4775,49,-0.05236
-2.4763,49,-0.05236
-2.4751,49,-0.05236
-2.4739,49,-0.05236
-2.4727,49,-0.05236
-2.4715,49,-0.05236
-2.4703,49,-0.05236
-2.4691,49,-0.05236
-2.4679,49,-0.05236
-2.4668,49,-0.05236
-2.4656,49,-0.05236
-2.4644,49,-0.05236
-2.4632,49,-0.05236
-2.4621,49,-0.05236
-2.4609,49,-0.05236
-2.4598,49,-0.05236
-2.4586,49,-0.05236
-2.4575,49,-0.05236
-2.4564,49,-0.05236
-2.4552,49,-0.05236
-2.4541,49,-0.05236
-2.453,49,-0.05236
-2.4519,49,-0.05236
-2.4508,49,-0.05236
-2.4496,49,-0.05236
-2.4485,49,-0.05236
-2.4474,49,-0.05236
-2.4463,49,-0.05236
-2.4452,49,-0.05236
-2.4442,49,-0.05236
-2.4431,49,-0.05236
-2.442,49,-0.05236
-2.4409,49,-0.05236
-2.4398,49,-0.05236
-2.4388,49,-0.05236
-2.4377,49,-0.05236
-2.4366,49,-0.05236
-2.4356,49,-0.05236
-2.4345,49,-0.05236
-2.4335,49,-0.05236
-2.4324,49,-0.05236
-2.4314,49,-0.05236
-2.4303,49,-0.05236
-2.4293,49,-0.05236
-2.4283,49,-0.05236
-2.4272,49,-0.05236
-2.4262,49,-0.05236
-2.4252,49,-0.05236
-2.4241,49,-0.05236
-2.4231,49,-0.05236
-2.4221,49,-0.05236
-2.4211,49,-0.05236
-2.4201,49,-0.05236
-2.4191,49,-0.05236
-2.4181,49,-0.05236
-2.417,49,-0.05236
-2.416,49,-0.05236
-2.415,49,-0.05236
-2.414,49,-0.05236
-2.413,49,-0.05236
-2.412,49,-0.05236
-2.4111,49,-0.05236
-2.4101,49,-0.05236
-2.4091,49,-0.05236
-2.4081,49,-0.05236
-2.4071,49,-0.05236
-2.4061,49,-0.05236
-2.4051,49,-0.05236
-2.4042,49,-0.05236
-2.4032,49,-0.05236
-2.4022,49,-0.05236
-2.4012,49,-0.05236
-2.4003,49,-0.05236
-2.3993,49,-0.05236
-2.3983,49,-0.05236
-2.3974,49,-0.05236
-2.3964,49,-0.05236
-2.3954,49,-0.05236
-2.3945,49,-0.05236
-2.3935,49,-0.05236
-2.3926,49,-0.05236
-2.3916,49,-0.05236
-2.3906,49,-0.05236
-2.3897,49,-0.05236
-2.3887,49,-0.05236
-2.3878,49,-0.05236
-2.3868,49,-0.05236
-2.3859,49,-0.05236
-2.3849,49,-0.05236
-2.384,49,-0.05236
-2.383,49,-0.05236
-2.3821,49,-0.05236
-2.3811,49,-0.05236
-2.3802,49,-0.05236
-2.3792,49,-0.05236
-2.3783,49,-0.05236
-2.3773,49,-0.05236
-2.3764,49,-0.05236
-2.3754,49,-0.05236
-2.3745,49,-0.05236
-2.3735,49,-0.05236
-2.3726,49,-0.05236
-2.3716,49,-0.05236
-2.3707,49,-0.05236
-2.3698,49,-0.05236
-2.3688,49,-0.05236
-2.3679,49,-0.05236
-2.3669,49,-0.05236
-2.366,49,-0.05236
-2.365,49,-0.05236
-2.3641,49,-0.05236
-2.3631,49,-0.05236
-2.3622,49,-0.05236
-2.3612,49,-0.05236
-2.3603,49,-0.05236
-2.3593,49,-0.05236
-2.3584,49,-0.05236
-2.3575,49,-0.05236
-2.3565,49,-0.05236
-2.3556,49,-0.05236
-2.3546,49,-0.05236
-2.3537,49,-0.05236
-2.3527,49,-0.05236
-2.3518,49,-0.05236
-2.3508,49,-0.05236
-2.3499,49,-0.05236
-2.3489,49,-0.05236
-2.3479,49,-0.05236
-2.347,49,-0.05236
-2.346,49,-0.05236
-2.3451,49,-0.05236
-2.3441,49,-0.05236
-2.3432,49,-0.05236
-2.3422,49,-0.05236
-2.3412,49,-0.05236
-2.3403,49,-0.05236
-2.3393,49,-0.05236
-2.3383,49,-0.05236
-2.3374,49,-0.05236
-2.3364,49,-0.05236
-2.3354,49,-0.05236
-2.3345,49,-0.05236
-2.3335,49,-0.05236
-2.3325,49,-0.05236
-2.3316,49,-0.05236
-2.3306,49,-0.05236
-2.3296,49,-0.05236
-2.3286,49,-0.05236
-2.3276,49,-0.05236
-2.3267,49,-0.05236
-2.3257,49,-0.05236
-2.3247,49,-0.05236
-2.3237,49,-0.05236
-2.3227,49,-0.05236
-2.3217,49,-0.05236
-2.3207,49,-0.05236
-2.3197,49,-0.05236
-2.3187,49,-0.05236
-2.3177,49,-0.05236
-2.3167,49,-0.05236
-2.3157,49,-0.05236
-2.3147,49,-0.05236
-2.3137,49,-0.05236
-2.3127,49,-0.05236
-2.3117,49,-0.05236
-2.3107,49,-0.05236
-2.3097,49,-0.05236
-2.3087,49,-0.05236
-2.3077,49,-0.05236
-2.3066,49,-0.05236
-2.3056,49,-0.05236
-2.3046,49,-0.05236
-2.3036,49,-0.05236
-2.3025,49,-0.05236
-2.3015,49,-0.05236
-2.3005,49,-0.05236
-2.2994,49,-0.05236
-2.2984,49,-0.05236
-2.2974,49,-0.05236
-2.2963,49,-0.05236
-2.2953,49,-0.05236
-2.2942,49,-0.05236
-2.2932,49,-0.05236
-2.2921,49,-0.05236
-2.2911,49,-0.05236
-2.29,49,-0.05236
-2.2889,49,-0.05236
-2.2879,49,-0.05236
-2.2868,49,-0.05236
-2.2857,49,-0.05236
-2.2847,49,-0.05236
-2.2836,49,-0.05236
-2.2825,49,-0.05236
-2.2815,49,-0.05236
-2.2804,49,-0.05236
-2.2793,49,-0.05236
-2.2782,49,-0.05236
-2.2771,49,-0.05236
-2.276,49,-0.05236
-2.2749,49,-0.05236
-2.2738,49,-0.05236
-2.2727,49,-0.05236
-2.2716,49,-0.05236
-2.2705,49,-0.05236
-2.2694,49,-0.05236
-2.2683,49,-0.05236
-2.2672,49,-0.05236
-2.2661,49,-0.05236
-2.2649,49,-0.05236
-2.2638,49,-0.05236
-2.2627,49,-0.05236
-2.2616,49,-0.05236
-2.2604,49,-0.05236
-2.2593,49,-0.05236
-2.2582,49,-0.05236
-2.257,49,-0.05236
-2.2559,49,-0.05236
-2.2547,49,-0.05236
-2.2536,49,-0.05236
-2.2524,49,-0.05236
-2.2513,49,-0.05236
-2.2501,49,-0.05236
-2.2489,49,-0.05236
-2.2478,49,-0.05236
-2.2466,49,-0.05236
-2.2454,49,-0.05236
-2.2443,49,-0.05236
-2.2431,49,-0.05236
-2.2419,49,-0.05236
-2.2407,49,-0.05236
-2.2395,49,-0.05236
-2.2384,49,-0.05236
-2.2372,49,-0.05236
-2.236,49,-0.05236
-2.2348,49,-0.05236
-2.2336,49,-0.05236
-2.2324,49,-0.05236
-2.2312,49,-0.05236
-2.2299,49,-0.05236
-2.2287,49,-0.05236
-2.2275,49,-0.05236
-2.2263,49,-0.05236
-2.2251,49,-0.05236
-2.2238,49,-0.05236
-2.2226,49,-0.05236
-2.2214,49,-0.05236
-2.2201,49,-0.05236
-2.2189,49,-0.05236
-2.2177,49,-0.05236
-2.2164,49,-0.05236
-2.2152,49,-0.05236
-2.2139,49,-0.05236
-2.2127,49,-0.05236
-2.2114,49,-0.05236
-2.2101,49,-0.05236
-2.2089,49,-0.05236
-2.2076,49,-0.05236
-2.2063,49,-0.05236
-2.2051,49,-0.05236
-2.2038,49,-0.05236
-2.2025,49,-0.05236
-2.2012,49,-0.05236
-2.1999,49,-0.05236
-2.1986,49,-0.05236
-2.1974,49,-0.05236
-2.1961,49,-0.05236
-2.1948,49,-0.05236
-2.1935,49,-0.05236
-2.1922,49,-0.05236
-2.1908,49,-0.05236
-2.1895,49,-0.05236
-2.1882,49,-0.05236
-2.1869,49,-0.05236
-2.1856,49,-0.05236
-2.1843,49,-0.05236
-2.1829,49,-0.05236
-2.1816,49,-0.05236
-2.1803,49,-0.05236
-2.1789,49,-0.05236
-2.1776,49,-0.05236
-2.1763,49,-0.05236
-2.1749,49,-0.05236
-2.1736,49,-0.05236
-2.1722,49,-0.05236
-2.1709,49,-0.05236
-2.1695,49,-0.05236
-2.1682,49,-0.05236
-2.1668,49,-0.05236
-2.1654,49,-0.05236
-2.1641,49,-0.05236
-2.1627,49,-0.05236
-2.1613,49,-0.05236
-2.1599,49,-0.05236
-2.1586,49,-0.05236
-2.1572,49,-0.05236
-2.1558,49,-0.05236
-2.1544,49,-0.05236
-2.153,49,-0.05236
-2.1516,49,-0.05236
-2.1502,49,-0.05236
-2.1488,49,-0.05236
-2.1474,49,-0.05236
-2.146,49,-0.05236
-2.1446,49,-0.05236
-2.1432,49,-0.05236
-2.1418,49,-0.05236
-2.1404,49,-0.05236
-2.1389,49,-0.05236
-2.1375,49,-0.05236
-2.1361,49,-0.05236
-2.1347,49,-0.05236
-2.1332,49,-0.05236
-2.1318,49,-0.05236
-2.1304,49,-0.05236
-2.1289,49,-0.05236
-2.1275,49,-0.05236
-2.1261,49,-0.05236
-2.1246,49,-0.05236
-2.1232,49,-0.05236
-2.1217,49,-0.05236
-2.1203,49,-0.05236
-2.1188,49,-0.05236
-2.1174,49,-0.05236
-2.1159,49,-0.05236
-2.1144,49,-0.05236
-2.113,49,-0.05236
-2.1115,49,-0.05236
-2.11,49,-0.05236
-2.1086,49,-0.05236
-2.1071,49,-0.05236
-2.1056,49,-0.05236
-2.1041,49,-0.05236
-2.1026,49,-0.05236
-2.1012,49,-0.05236
-2.0997,49,-0.05236
-2.0982,49,-0.05236
-2.0967,49,-0.05236
-2.0952,49,-0.05236
-2.0937,49,-0.05236
-2.0922,49,-0.05236
-2.0907,49,-0.05236
-2.0892,49,-0.05236
-2.0877,49,-0.05236
-2.0862,49,-0.05236
-2.0847,49,-0.05236
-2.0832,49,-0.05236
-2.0817,49,-0.05236
-2.0802,49,-0.05236
-2.0787,49,-0.05236
-2.0771,49,-0.05236
-2.0756,49,-0.05236
-2.0741,49,-0.05236
-2.0726,49,-0.05236
-2.071,49,-0.05236
-2.0695,49,-0.05236
-2.068,49,-0.05236
-2.0665,49,-0.05236
-2.0649,49,-0.05236
-2.0634,49,-0.05236
-2.0619,49,-0.05236
-2.0603,49,-0.05236
-2.0588,49,-0.05236
-2.0572,49,-0.05236
-2.0557,49,-0.05236
-2.0541,49,-0.05236
-2.0526,49,-0.05236
-2.0511,49,-0.05236
-2.0495,49,-0.05236
-2.048,49,-0.05236
-2.0464,49,-0.05236
-2.0448,49,-0.05236
-2.0433,49,-0.05236
-2.0417,49,-0.05236
-2.0402,49,-0.05236
-2.0386,49,-0.05236
-2.037,49,-0.05236
-2.0355,49,-0.05236
-2.0339,49,-0.05236
-2.0324,49,-0.05236
-2.0308,49,-0.05236
-2.0292,49,-0.05236
-2.0276,49,-0.05236
-2.0261,49,-0.05236
-2.0245,49,-0.05236
-2.0229,49,-0.05236
-2.0214,49,-0.05236
-2.0198,49,-0.05236
-2.0182,49,-0.05236
-2.0166,49,-0.05236
-2.015,49,-0.05236
-2.0135,49,-0.05236
-2.0119,49,-0.05236
-2.0103,49,-0.05236
-2.0087,49,-0.05236
-2.0071,49,-0.05236
-2.0055,49,-0.05236
-2.004,49,-0.05236
-2.0024,49,-0.05236
-2.0008,49,-0.05236
-1.9992,49,-0.05236
-1.9976,49,-0.05236
-1.996,49,-0.05236
-1.9944,49,-0.05236
-1.9928,49,-0.05236
-1.9912,49,-0.05236
-1.9896,49,-0.05236
-1.988,49,-0.05236
-1.9865,49,-0.05236
-1.9849,49,-0.05236
-1.9833,49,-0.05236
-1.9817,49,-0.05236
-1.9801,49,-0.05236
-1.9785,49,-0.05236
-1.9769,49,-0.05236
-1.9753,49,-0.05236
-1.9737,49,-0.05236
-1.9721,49,-0.05236
-1.9705,49,-0.05236
-1.9689,49,-0.05236
-1.9673,49,-0.05236
-1.9657,49,-0.05236
-1.9641,49,-0.05236
-1.9625,49,-0.05236
-1.9609,49,-0.05236
-1.9593,49,-0.05236
-1.9576,49,-0.05236
-1.956,49,-0.05236
-1.9544,49,-0.05236
-1.9528,49,-0.05236
-1.9512,49,-0.05236
-1.9496,49,-0.05236
-1.948,49,-0.05236
-1.9464,49,-0.05236
-1.9448,49,-0.05236
-1.9432,49,-0.05236
-1.9416,49,-0.05236
-1.94,49,-0.05236
-1.9384,49,-0.05236
-1.9368,49,-0.05236
-1.9352,49,-0.05236
-1.9336,49,-0.05236
-1.932,49,-0.05236
-1.9304,49,-0.05236
-1.9288,49,-0.05236
-1.9272,49,-0.05236
-1.9256,49,-0.05236
-1.9239,49,-0.05236
-1.9223,49,-0.05236
-1.9207,49,-0.05236
-1.9191,49,-0.05236
-1.9175,49,-0.05236
-1.9159,49,-0.05236
-1.9143,49,-0.05236
-1.9127,49,-0.05236
-1.9111,49,-0.05236
-1.9095,49,-0.05236
-1.9079,49,-0.05236
-1.9063,49,-0.05236
-1.9047,49,-0.05236
-1.9031,49,-0.05236
-1.9015,49,-0.05236
-1.8999,49,-0.05236
-1.8983,49,-0.05236
-1.8967,49,-0.05236
-1.8951,49,-0.05236
-1.8935,49,-0.05236
-1.892,49,-0.05236
-1.8904,49,-0.05236
-1.8888,49,-0.05236
-1.8872,49,-0.05236
-1.8856,49,-0.05236
-1.884,49,-0.05236
-1.8824,49,-0.05236
-1.8808,49,-0.05236
-1.8792,49,-0.05236
-1.8776,49,-0.05236
-1.876,49,-0.05236
-1.8745,49,-0.05236
-1.8729,49,-0.05236
-1.8713,49,-0.05236
-1.8697,49,-0.05236
-1.8681,49,-0.05236
-1.8665,49,-0.05236
-1.865,49,-0.05236
-1.8634,49,-0.05236
-1.8618,49,-0.05236
-1.8602,49,-0.05236
-1.8587,49,-0.05236
-1.8571,49,-0.05236
-1.8555,49,-0.05236
-1.8539,49,-0.05236
-1.8524,49,-0.05236
-1.8508,49,-0.05236
-1.8492,49,-0.05236
-1.8477,49,-0.05236
-1.8461,49,-0.05236
-1.8445,49,-0.05236
-1.843,49,-0.05236
-1.8414,49,-0.05236
-1.8398,49,-0.05236
-1.8383,49,-0.05236
-1.8367,49,-0.05236
-1.8352,49,-0.05236
-1.8336,49,-0.05236
-1.832,49,-0.05236
-1.8305,49,-0.05236
-1.8289,49,-0.05236
-1.8274,49,-0.05236
-1.8258,49,-0.05236
-1.8243,49,-0.05236
-1.8227,49,-0.05236
-1.8212,49,-0.05236
-1.8197,49,-0.05236
-1.8181,49,-0.05236
-1.8166,49,-0.05236
-1.815,49,-0.05236
-1.8135,49,-0.05236
-1.812,49,-0.05236
-1.8104,49,-0.05236
-1.8089,49,-0.05236
-1.8074,49,-0.05236
-1.8058,49,-0.05236
-1.8043,49,-0.05236
-1.8028,49,-0.05236
-1.8013,49,-0.05236
-1.7998,49,-0.05236
-1.7982,49,-0.05236
-1.7967,49,-0.05236
-1.7952,49,-0.05236
-1.7937,49,-0.05236
-1.7922,49,-0.05236
-1.7907,49,-0.05236
-1.7892,49,-0.05236
-1.7876,49,-0.05236
-1.7861,49,-0.05236
-1.7846,49,-0.05236
-1.7831,49,-0.05236
-1.7816,49,-0.05236
-1.7801,49,-0.05236
-1.7787,49,-0.05236
-1.7772,49,-0.05236
-1.7757,49,-0.05236
-1.7742,49,-0.05236
-1.7727,49,-0.05236
-1.7712,49,-0.05236
-1.7697,49,-0.05236
-1.7682,49,-0.05236
-1.7668,49,-0.05236
-1.7653,49,-0.05236
-1.7638,49,-0.05236
-1.7623,49,-0.05236
-1.7609,49,-0.05236
-1.7594,49,-0.05236
-1.7579,49,-0.05236
-1.7565,49,-0.05236
-1.755,49,-0.05236
-1.7535,49,-0.05236
-1.7521,49,-0.05236
-1.7506,49,-0.05236
-1.7492,49,-0.05236
-1.7477,49,-0.05236
-1.7463,49,-0.05236
-1.7448,49,-0.05236
-1.7434,49,-0.05236
-1.7419,49,-0.05236
-1.7405,49,-0.05236
-1.7391,49,-0.05236
-1.7376,49,-0.05236
-1.7362,49,-0.05236
-1.7348,49,-0.05236
-1.7333,49,-0.05236
-1.7319,49,-0.05236
-1.7305,49,-0.05236
-1.7291,49,-0.05236
-1.7276,49,-0.05236
-1.7262,49,-0.05236
-1.7248,49,-0.05236
-1.7234,49,-0.05236
-1.722,49,-0.05236
-1.7206,49,-0.05236
-1.7192,49,-0.05236
-1.7178,49,-0.05236
-1.7164,49,-0.05236
-1.715,49,-0.05236
-1.7136,49,-0.05236
-1.7122,49,-0.05236
-1.7108,49,-0.05236
-1.7094,49,-0.05236
-1.708,49,-0.05236
-1.7066,49,-0.05236
-1.7053,49,-0.05236
-1.7039,49,-0.05236
-1.7025,49,-0.05236
-1.7011,49,-0.05236
-1.6998,49,-0.05236
-1.6984,49,-0.05236
-1.697,49,-0.05236
-1.6957,49,-0.05236
-1.6943,49,-0.05236
-1.6929,49,-0.05236
-1.6916,49,-0.05236
-1.6902,49,-0.05236
-1.6889,49,-0.05236
-1.6875,49,-0.05236
-1.6862,49,-0.05236
-1.6848,49,-0.05236
-1.6835,49,-0.05236
-1.6822,49,-0.05236
-1.6808,49,-0.05236
-1.6795,49,-0.05236
-1.6782,49,-0.05236
-1.6768,49,-0.05236
-1.6755,49,-0.05236
-1.6742,49,-0.05236
-1.6729,49,-0.05236
-1.6716,49,-0.05236
-1.6702,49,-0.05236
-1.6689,49,-0.05236
-1.6676,49,-0.05236
-1.6663,49,-0.05236
-1.665,49,-0.05236
-1.6637,49,-0.05236
-1.6624,49,-0.05236
-1.6611,49,-0.05236
-1.6598,49,-0.05236
-1.6585,49,-0.05236
-1.6572,49,-0.05236
-1.6559,49,-0.05236
-1.6547,49,-0.05236
-1.6534,49,-0.05236
-1.6521,49,-0.05236
-1.6508,49,-0.05236
-1.6495,49,-0.05236
-1.6483,49,-0.05236
-1.647,49,-0.05236
-1.6457,49,-0.05236
-1.6445,49,-0.05236
-1.6432,49,-0.05236
-1.642,49,-0.05236
-1.6407,49,-0.05236
-1.6394,49,-0.05236
-1.6382,49,-0.05236
-1.6369,49,-0.05236
-1.6357,49,-0.05236
-1.6345,49,-0.05236
-1.6332,49,-0.05236
-1.632,49,-0.05236
-1.6307,49,-0.05236
-1.6295,49,-0.05236
-1.6283,49,-0.05236
-1.6271,49,-0.05236
-1.6258,49,-0.05236
-1.6246,49,-0.05236
-1.6234,49,-0.05236
-1.6222,49,-0.05236
-1.621,49,-0.05236
-1.6197,49,-0.05236
-1.6185,49,-0.05236
-1.6173,49,-0.05236
-1.6161,49,-0.05236
-1.6149,49,-0.05236
-1.6137,49,-0.05236
-1.6125,49,-0.05236
-1.6113,49,-0.05236
-1.6101,49,-0.05236
-1.6089,49,-0.05236
-1.6078,49,-0.05236
-1.6066,49,-0.05236
-1.6054,49,-0.05236
-1.6042,49,-0.05236
-1.603,49,-0.05236
-1.6019,49,-0.05236
-1.6007,49,-0.05236
-1.5995,49,-0.05236
-1.5984,49,-0.05236
-1.5972,49,-0.05236
-1.596,49,-0.05236
-1.5949,49,-0.05236
-1.5937,49,-0.05236
-1.5926,49,-0.05236
-1.5914,49,-0.05236
-1.5903,49,-0.05236
-1.5891,49,-0.05236
-1.588,49,-0.05236
-1.5868,49,-0.05236
-1.5857,49,-0.05236
-1.5846,49,-0.05236
-1.5834,49,-0.05236
-1.5823,49,-0.05236
-1.5812,49,-0.05236
-1.58,49,-0.05236
-1.5789,49,-0.05236
-1.5778,49,-0.05236
-1.5767,49,-0.05236
-1.5756,49,-0.05236
-1.5744,49,-0.05236
-1.5733,49,-0.05236
-1.5722,49,-0.05236
-1.5711,49,-0.05236
-1.57,49,-0.05236
-1.5689,49,-0.05236
-1.5678,49,-0.05236
-1.5667,49,-0.05236
-1.5656,49,-0.05236
-1.5645,49,-0.05236
-1.5634,49,-0.05236
-1.5623,49,-0.05236
-1.5613,49,-0.05236
-1.5602,49,-0.05236
-1.5591,49,-0.05236
-1.558,49,-0.05236
-1.5569,49,-0.05236
-1.5559,49,-0.05236
-1.5548,49,-0.05236
-1.5537,49,-0.05236
-1.5526,49,-0.05236
-1.5516,49,-0.05236
-1.5505,49,-0.05236
-1.5495,49,-0.05236
-1.5484,49,-0.05236
-1.5473,49,-0.05236
-1.5463,49,-0.05236
-1.5452,49,-0.05236
-1.5442,49,-0.05236
-1.5431,49,-0.05236
-1.5421,49,-0.05236
-1.541,49,-0.05236
-1.54,49,-0.05236
-1.539,49,-0.05236
-1.5379,49,-0.05236
-1.5369,49,-0.05236
-1.5359,49,-0.05236
-1.5348,49,-0.05236
-1.5338,49,-0.05236
-1.5328,49,-0.05236
-1.5317,49,-0.05236
-1.5307,49,-0.05236
-1.5297,49,-0.05236
-1.5287,49,-0.05236
-1.5277,49,-0.05236
-1.5267,49,-0.05236
-1.5256,49,-0.05236
-1.5246,49,-0.05236
-1.5236,49,-0.05236
-1.5226,49,-0.05236
-1.5216,49,-0.05236
-1.5206,49,-0.05236
-1.5196,49,-0.05236
-1.5186,49,-0.05236
-1.5176,49,-0.05236
-1.5166,49,-0.05236
-1.5156,49,-0.05236
-1.5146,49,-0.05236
-1.5137,49,-0.05236
-1.5127,49,-0.05236
-1.5117,49,-0.05236
-1.5107,49,-0.05236
-1.5097,49,-0.05236
-1.5087,49,-0.05236
-1.5078,49,-0.05236
-1.5068,49,-0.05236
-1.5058,49,-0.05236
-1.5048,49,-0.05236
-1.5039,49,-0.05236
-1.5029,49,-0.05236
-1.5019,49,-0.05236
-1.501,49,-0.05236
-1.5,49,-0.05236
-1.499,49,-0.05236
-1.4981,49,-0.05236
-1.4971,49,-0.05236
-1.4962,49,-0.05236
-1.4952,49,-0.05236
-1.4943,49,-0.05236
-1.4933,49,-0.05236
-1.4924,49,-0.05236
-1.4914,49,-0.05236
-1.4905,49,-0.05236
-1.4895,49,-0.05236
-1.4886,49,-0.05236
-1.4876,49,-0.05236
-1.4867,49,-0.05236
-1.4858,49,-0.05236
-1.4848,49,-0.05236
-1.4839,49,-0.05236
-1.483,49,-0.05236
-1.482,49,-0.05236
-1.4811,49,-0.05236
-1.4802,49,-0.05236
-1.4792,49,-0.05236
-1.4783,49,-0.05236
-1.4774,49,-0.05236
-1.4765,49,-0.05236
-1.4756,49,-0.05236
-1.4746,49,-0.05236
-1.4737,49,-0.05236
-1.4728,49,-0.05236
-1.4719,49,-0.05236
-1.471,49,-0.05236
-1.4701,49,-0.05236
-1.4692,49,-0.05236
-1.4682,49,-0.05236
-1.4673,49,-0.05236
-1.4664,49,-0.05236
-1.4655,49,-0.05236
-1.4646,49,-0.05236
-1.4637,49,-0.05236
-1.4628,49,-0.05236
-1.4619,49,-0.05236
-1.461,49,-0.05236
-1.4601,49,-0.05236
-1.4592,49,-0.05236
-1.4583,49,-0.05236
-1.4574,49,-0.05236
-1.4566,49,-0.05236
-1.4557,49,-0.05236
-1.4548,49,-0.05236
-1.4539,49,-0.05236
-1.453,49,-0.05236
-1.4521,49,-0.05236
-1.4512,49,-0.05236
-1.4503,49,-0.05236
-1.4495,49,-0.05236
-1.4486,49,-0.05236
-1.4477,49,-0.05236
-1.4468,49,-0.05236
-1.4459,49,-0.05236
-1.4451,49,-0.05236
-1.4442,49,-0.05236
-1.4433,49,-0.05236
-1.4424,49,-0.05236
-1.4416,49,-0.05236
-1.4407,49,-0.05236
-1.4398,49,-0.05236
-1.439,49,-0.05236
-1.4381,49,-0.05236
-1.4372,49,-0.05236
-1.4364,49,-0.05236
-1.4355,49,-0.05236
-1.4346,49,-0.05236
-1.4338,49,-0.05236
-1.4329,49,-0.05236
-1.432,49,-0.05236
-1.4312,49,-0.05236
-1.4303,49,-0.05236
-1.4295,49,-0.05236
-1.4286,49,-0.05236
-1.4278,49,-0.05236
-1.4269,49,-0.05236
-1.426,49,-0.05236
-1.4252,49,-0.05236
-1.4243,49,-0.05236
-1.4235,49,-0.05236
-1.4226,49,-0.05236
-1.4218,49,-0.05236
-1.4209,49,-0.05236
-1.4201,49,-0.05236
-1.4192,49,-0.05236
-1.4184,49,-0.05236
-1.4175,49,-0.05236
-1.4167,49,-0.05236
-1.4159,49,-0.05236
-1.415,49,-0.05236
-1.4142,49,-0.05236
-1.4133,49,-0.05236
-1.4125,49,-0.05236
-1.4116,49,-0.05236
-1.4108,49,-0.05236
-1.41,49,-0.05236
-1.4091,49,-0.05236
-1.4083,49,-0.05236
-1.4074,49,-0.05236
-1.4066,49,-0.05236
-1.4058,49,-0.05236
-1.4049,49,-0.05236
-1.4041,49,-0.05236
-1.4033,49,-0.05236
-1.4024,49,-0.05236
-1.4016,49,-0.05236
-1.4008,49,-0.05236
-1.3999,49,-0.05236
-1.3991,49,-0.05236
-1.3983,49,-0.05236
-1.3974,49,-0.05236
-1.3966,49,-0.05236
-1.3958,49,-0.05236
-1.395,49,-0.05236
-1.3941,49,-0.05236
-1.3933,49,-0.05236
-1.3925,49,-0.05236
-1.3916,49,-0.05236
-1.3908,49,-0.05236
-1.39,49,-0.05236
-1.3892,49,-0.05236
-1.3883,49,-0.05236
-1.3875,49,-0.05236
-1.3867,49,-0.05236
-1.3859,49,-0.05236
-1.385,49,-0.05236
-1.3842,49,-0.05236
-1.3834,49,-0.05236
-1.3826,49,-0.05236
-1.3818,49,-0.05236
-1.3809,49,-0.05236
-1.3801,49,-0.05236
-1.3793,49,-0.05236
-1.3785,49,-0.05236
-1.3776,49,-0.05236
-1.3768,49,-0.05236
-1.376,49,-0.05236
-1.3752,49,-0.05236
-1.3744,49,-0.05236
-1.3736,49,-0.05236
-1.3727,49,-0.05236
-1.3719,49,-0.05236
-1.3711,49,-0.05236
-1.3703,49,-0.05236
-1.3695,49,-0.05236
-1.3686,49,-0.05236
-1.3678,49,-0.05236
-1.367,49,-0.05236
-1.3662,49,-0.05236
-1.3654,49,-0.05236
-1.3646,49,-0.05236
-1.3638,49,-0.05236
-1.3629,49,-0.05236
-1.3621,49,-0.05236
-1.3613,49,-0.05236
-1.3605,49,-0.05236
-1.3597,49,-0.05236
-1.3589,49,-0.05236
-1.358,49,-0.05236
-1.3572,49,-0.05236
-1.3564,49,-0.05236
-1.3556,49,-0.05236
-1.3548,49,-0.05236
-1.354,49,-0.05236
-1.3532,49,-0.05236
-1.3524,49,-0.05236
-1.3515,49,-0.05236
-1.3507,49,-0.05236
-1.3499,49,-0.05236
-1.3491,49,-0.05236
-1.3483,49,-0.05236
-1.3475,49,-0.05236
-1.3467,49,-0.05236
-1.3459,49,-0.05236
-1.345,49,-0.05236
-1.3442,49,-0.05236
-1.3434,49,-0.05236
-1.3426,49,-0.05236
-1.3418,49,-0.05236
-1.341,49,-0.05236
-1.3402,49,-0.05236
-1.3394,49,-0.05236
-1.3385,49,-0.05236
-1.3377,49,-0.05236
-1.3369,49,-0.05236
-1.3361,49,-0.05236
-1.3353,49,-0.05236
-1.3345,49,-0.05236
-1.3337,49,-0.05236
-1.3329,49,-0.05236
-1.332,49,-0.05236
-1.3312,49,-0.05236
-1.3304,49,-0.05236
-1.3296,49,-0.05236
-1.3288,49,-0.05236
-1.328,49,-0.05236
-1.3272,49,-0.05236
-1.3264,49,-0.05236
-1.3256,49,-0.05236
-1.3247,49,-0.05236
-1.3239,49,-0.05236
-1.3231,49,-0.05236
-1.3223,49,-0.05236
-1.3215,49,-0.05236
-1.3207,49,-0.05236
-1.3199,49,-0.05236
-1.3191,49,-0.05236
-1.3182,49,-0.05236
-1.3174,49,-0.05236
-1.3166,49,-0.05236
-1.3158,49,-0.05236
-1.315,49,-0.05236
-1.3142,49,-0.05236
-1.3134,49,-0.05236
-1.3125,49,-0.05236
-1.3117,49,-0.05236
-1.3109,49,-0.05236
-1.3101,49,-0.05236
-1.3093,49,-0.05236
-1.3085,49,-0.05236
-1.3077,49,-0.05236
-1.3068,49,-0.05236
-1.306,49,-0.05236
-1.3052,49,-0.05236
-1.3044,49,-0.05236
-1.3036,49,-0.05236
-1.3028,49,-0.05236
-1.302,49,-0.05236
-1.3011,49,-0.05236
-1.3003,49,-0.05236
-1.2995,49,-0.05236
-1.2987,49,-0.05236
-1.2979,49,-0.05236
-1.2971,49,-0.05236
-1.2962,49,-0.05236
-1.2954,49,-0.05236
-1.2946,49,-0.05236
-1.2938,49,-0.05236
-1.293,49,-0.05236
-1.2922,49,-0.05236
-1.2913,49,-0.05236
-1.2905,49,-0.05236
-1.2897,49,-0.05236
-1.2889,49,-0.05236
-1.2881,49,-0.05236
-1.2873,49,-0.05236
-1.2864,49,-0.05236
-1.2856,49,-0.05236
-1.2848,49,-0.05236
-1.284,49,-0.05236
-1.2832,49,-0.05236
-1.2823,49,-0.05236
-1.2815,49,-0.05236
-1.2807,49,-0.05236
-1.2799,49,-0.05236
-1.2791,49,-0.05236
-1.2782,49,-0.05236
-1.2774,49,-0.05236
-1.2766,49,-0.05236
-1.2758,49,-0.05236
-1.275,49,-0.05236
-1.2741,49,-0.05236
-1.2733,49,-0.05236
-1.2725,49,-0.05236
-1.2717,49,-0.05236
-1.2709,49,-0.05236
-1.27,49,-0.05236
-1.2692,49,-0.05236
-1.2684,49,-0.05236
-1.2676,49,-0.05236
-1.2667,49,-0.05236
-1.2659,49,-0.05236
-1.2651,49,-0.05236
-1.2643,49,-0.05236
-1.2634,49,-0.05236
-1.2626,49,-0.05236
-1.2618,49,-0.05236
-1.261,49,-0.05236
-1.2601,49,-0.05236
-1.2593,49,-0.05236
-1.2585,49,-0.05236
-1.2577,49,-0.05236
-1.2568,49,-0.05236
-1.256,49,-0.05236
-1.2552,49,-0.05236
-1.2544,49,-0.05236
-1.2535,49,-0.05236
-1.2527,49,-0.05236
-1.2519,49,-0.05236
-1.2511,49,-0.05236
-1.2502,49,-0.05236
-1.2494,49,-0.05236
-1.2486,49,-0.05236
-1.2478,49,-0.05236
-1.2469,49,-0.05236
-1.2461,49,-0.05236
-1.2453,49,-0.05236
-1.2444,49,-0.05236
-1.2436,49,-0.05236
-1.2428,49,-0.05236
-1.242,49,-0.05236
-1.2411,49,-0.05236
-1.2403,49,-0.05236
-1.2395,49,-0.05236
-1.2386,49,-0.05236
-1.2378,49,-0.05236
-1.237,49,-0.05236
-1.2362,49,-0.05236
-1.2353,49,-0.05236
-1.2345,49,-0.05236
-1.2337,49,-0.05236
-1.2328,49,-0.05236
-1.232,49,-0.05236
-1.2312,49,-0.05236
-1.2303,49,-0.05236
-1.2295,49,-0.05236
-1.2287,49,-0.05236
-1.2278,49,-0.05236
-1.227,49,-0.05236
-1.2262,49,-0.05236
-1.2253,49,-0.05236
-1.2245,49,-0.05236
-1.2237,49,-0.05236
-1.2229,49,-0.05236
-1.222,49,-0.05236
-1.2212,49,-0.05236
-1.2204,49,-0.05236
-1.2195,49,-0.05236
-1.2187,49,-0.05236
-1.2179,49,-0.05236
-1.217,49,-0.05236
-1.2162,49,-0.05236
-1.2154,49,-0.05236
-1.2145,49,-0.05236
-1.2137,49,-0.05236
-1.2129,49,-0.05236
-1.212,49,-0.05236
-1.2112,49,-0.05236
-1.2104,49,-0.05236
-1.2095,49,-0.05236
-1.2087,49,-0.05236
-1.2079,49,-0.05236
-1.207,49,-0.05236
-1.2062,49,-0.05236
-1.2054,49,-0.05236
-1.2045,49,-0.05236
-1.2037,49,-0.05236
-1.2028,49,-0.05236
-1.202,49,-0.05236
-1.2012,49,-0.05236
-1.2003,49,-0.05236
-1.1995,49,-0.05236
-1.1987,49,-0.05236
-1.1978,49,-0.05236
-1.197,49,-0.05236
-1.1962,49,-0.05236
-1.1953,49,-0.05236
-1.1945,49,-0.05236
-1.1937,49,-0.05236
-1.1928,49,-0.05236
-1.192,49,-0.05236
-1.1912,49,-0.05236
-1.1903,49,-0.05236
-1.1895,49,-0.05236
-1.1887,49,-0.05236
-1.1878,49,-0.05236
-1.187,49,-0.05236
-1.1861,49,-0.05236
-1.1853,49,-0.05236
-1.1845,49,-0.05236
-1.1836,49,-0.05236
-1.1828,49,-0.05236
-1.182,49,-0.05236
-1.1811,49,-0.05236
-1.1803,49,-0.05236
-1.1795,49,-0.05236
-1.1786,49,-0.05236
-1.1778,49,-0.05236
-1.177,49,-0.05236
-1.1761,49,-0.05236
-1.1753,49,-0.05236
-1.1745,49,-0.05236
-1.1736,49,-0.05236
-1.1728,49,-0.05236
-1.172,49,-0.05236
-1.1711,49,-0.05236
-1.1703,49,-0.05236
-1.1695,49,-0.05236
-1.1686,49,-0.05236
-1.1678,49,-0.05236
-1.167,49,-0.05236
-1.1661,49,-0.05236
-1.1653,49,-0.05236
-1.1645,49,-0.05236
-1.1636,49,-0.05236
-1.1628,49,-0.05236
-1.162,49,-0.05236
-1.1611,49,-0.05236
-1.1603,49,-0.05236
-1.1595,49,-0.05236
-1.1586,49,-0.05236
-1.1578,49,-0.05236
-1.157,49,-0.05236
-1.1561,49,-0.05236
-1.1553,49,-0.05236
-1.1545,49,-0.05236
-1.1536,49,-0.05236
-1.1528,49,-0.05236
-1.152,49,-0.05236
-1.1511,49,-0.05236
-1.1503,49,-0.05236
-1.1495,49,-0.05236
-1.1486,49,-0.05236
-1.1478,49,-0.05236
-1.147,49,-0.05236
-1.1461,49,-0.05236
-1.1453,49,-0.05236
-1.1445,49,-0.05236
-1.1437,49,-0.05236
-1.1428,49,-0.05236
-1.142,49,-0.05236
-1.1412,49,-0.05236
-1.1403,49,-0.05236
-1.1395,49,-0.05236
-1.1387,49,-0.05236
-1.1379,49,-0.05236
-1.137,49,-0.05236
-1.1362,49,-0.05236
-1.1354,49,-0.05236
-1.1345,49,-0.05236
-1.1337,49,-0.05236
-1.1329,49,-0.05236
-1.1321,49,-0.05236
-1.1312,49,-0.05236
-1.1304,49,-0.05236
-1.1296,49,-0.05236
-1.1288,49,-0.05236
-1.1279,49,-0.05236
-1.1271,49,-0.05236
-1.1263,49,-0.05236
-1.1255,49,-0.05236
-1.1246,49,-0.05236
-1.1238,49,-0.05236
-1.123,49,-0.05236
-1.1222,49,-0.05236
-1.1214,49,-0.05236
-1.1205,49,-0.05236
-1.1197,49,-0.05236
-1.1189,49,-0.05236
-1.1181,49,-0.05236
-1.1172,49,-0.05236
-1.1164,49,-0.05236
-1.1156,49,-0.05236
-1.1148,49,-0.05236
-1.114,49,-0.05236
-1.1132,49,-0.05236
-1.1123,49,-0.05236
-1.1115,49,-0.05236
-1.1107,49,-0.05236
-1.1099,49,-0.05236
-1.1091,49,-0.05236
-1.1082,49,-0.05236
-1.1074,49,-0.05236
-1.1066,49,-0.05236
-1.1058,49,-0.05236
-1.105,49,-0.05236
-1.1042,49,-0.05236
-1.1034,49,-0.05236
-1.1025,49,-0.05236
-1.1017,49,-0.05236
-1.1009,49,-0.05236
-1.1001,49,-0.05236
-1.0993,49,-0.05236
-1.0985,49,-0.05236
-1.0977,49,-0.05236
-1.0969,49,-0.05236
-1.096,49,-0.05236
-1.0952,49,-0.05236
-1.0944,49,-0.05236
-1.0936,49,-0.05236
-1.0928,49,-0.05236
-1.092,49,-0.05236
-1.0912,49,-0.05236
-1.0904,49,-0.05236
-1.0896,49,-0.05236
-1.0888,49,-0.05236
-1.088,49,-0.05236
-1.0872,49,-0.05236
-1.0864,49,-0.05236
-1.0856,49,-0.05236
-1.0848,49,-0.05236
-1.084,49,-0.05236
-1.0831,49,-0.05236
-1.0823,49,-0.05236
-1.0815,49,-0.05236
-1.0807,49,-0.05236
-1.0799,49,-0.05236
-1.0791,49,-0.05236
-1.0783,49,-0.05236
-1.0775,49,-0.05236
-1.0767,49,-0.05236
-1.0759,49,-0.05236
-1.0752,49,-0.05236
-1.0744,49,-0.05236
-1.0736,49,-0.05236
-1.0728,49,-0.05236
-1.072,49,-0.05236
-1.0712,49,-0.05236
-1.0704,49,-0.05236
-1.0696,49,-0.05236
-1.0688,49,-0.05236
-1.068,49,-0.05236
-1.0672,49,-0.05236
-1.0664,49,-0.05236
-1.0656,49,-0.05236
-1.0648,49,-0.05236
-1.0641,49,-0.05236
-1.0633,49,-0.05236
-1.0625,49,-0.05236
-1.0617,49,-0.05236
-1.0609,49,-0.05236
-1.0601,49,-0.05236
-1.0593,49,-0.05236
-1.0585,49,-0.05236
-1.0578,49,-0.05236
-1.057,49,-0.05236
-1.0562,49,-0.05236
-1.0554,49,-0.05236
-1.0546,49,-0.05236
-1.0538,49,-0.05236
-1.0531,49,-0.05236
-1.0523,49,-0.05236
-1.0515,49,-0.05236
-1.0507,49,-0.05236
-1.05,49,-0.05236
-1.0492,49,-0.05236
-1.0484,49,-0.05236
-1.0476,49,-0.05236
-1.0468,49,-0.05236
-1.0461,49,-0.05236
-1.0453,49,-0.05236
-1.0445,49,-0.05236
-1.0438,49,-0.05236
-1.043,49,-0.05236
-1.0422,49,-0.05236
-1.0414,49,-0.05236
-1.0407,49,-0.05236
-1.0399,49,-0.05236
-1.0391,49,-0.05236
-1.0384,49,-0.05236
-1.0376,49,-0.05236
-1.0368,49,-0.05236
-1.0361,49,-0.05236
-1.0353,49,-0.05236
-1.0345,49,-0.05236
-1.0338,49,-0.05236
-1.033,49,-0.05236
-1.0322,49,-0.05236
-1.0315,49,-0.05236
-1.0307,49,-0.05236
-1.03,49,-0.05236
-1.0292,49,-0.05236
-1.0284,49,-0.05236
-1.0277,49,-0.05236
-1.0269,49,-0.05236
-1.0262,49,-0.05236
-1.0254,49,-0.05236
-1.0247,49,-0.05236
-1.0239,49,-0.05236
-1.0232,49,-0.05236
-1.0224,49,-0.05236
-1.0217,49,-0.05236
-1.0209,49,-0.05236
-1.0202,49,-0.05236
-1.0194,49,-0.05236
-1.0187,49,-0.05236
-1.0179,49,-0.05236
-1.0172,49,-0.05236
-1.0164,49,-0.05236
-1.0157,49,-0.05236
-1.0149,49,-0.05236
-1.0142,49,-0.05236
-1.0134,49,-0.05236
-1.0127,49,-0.05236
-1.0119,49,-0.05236
-1.0112,49,-0.05236
-1.0105,49,-0.05236
-1.0097,49,-0.05236
-1.009,49,-0.05236
-1.0082,49,-0.05236
-1.0075,49,-0.05236
-1.0068,49,-0.05236
-1.006,49,-0.05236
-1.0053,49,-0.05236
-1.0046,49,-0.05236
-1.0038,49,-0.05236
-1.0031,49,-0.05236
-1.0024,49,-0.05236
-1.0016,49,-0.05236
-1.0009,49,-0.05236
-1.0002,49,-0.05236
-0.99944,49,-0.05236
-0.99871,49,-0.05236
-0.99799,49,-0.05236
-0.99726,49,-0.05236
-0.99653,49,-0.05236
-0.99581,49,-0.05236
-0.99508,49,-0.05236
-0.99436,49,-0.05236
-0.99364,49,-0.05236
-0.99291,49,-0.05236
-0.99219,49,-0.05236
-0.99147,49,-0.05236
-0.99075,49,-0.05236
-0.99003,49,-0.05236
-0.98932,49,-0.05236
-0.9886,49,-0.05236
-0.98788,49,-0.05236
-0.98717,49,-0.05236
-0.98645,49,-0.05236
-0.98574,49,-0.05236
-0.98502,49,-0.05236
-0.98431,49,-0.05236
-0.9836,49,-0.05236
-0.98289,49,-0.05236
-0.98218,49,-0.05236
-0.98147,49,-0.05236
-0.98076,49,-0.05236
-0.98005,49,-0.05236
-0.97934,49,-0.05236
-0.97864,49,-0.05236
-0.97793,49,-0.05236
-0.97723,49,-0.05236
-0.97652,49,-0.05236
-0.97582,49,-0.05236
-0.97512,49,-0.05236
-0.97442,49,-0.05236
-0.97372,49,-0.05236
-0.97302,49,-0.05236
-0.97232,49,-0.05236
-0.97162,49,-0.05236
-0.97092,49,-0.05236
-0.97023,49,-0.05236
-0.96953,49,-0.05236
-0.96884,49,-0.05236
-0.96814,49,-0.05236
-0.96745,49,-0.05236
-0.96676,49,-0.05236
-0.96606,49,-0.05236
-0.96537,49,-0.05236
-0.96468,49,-0.05236
-0.96399,49,-0.05236
-0.96331,49,-0.05236
-0.96262,49,-0.05236
-0.96193,49,-0.05236
-0.96124,49,-0.05236
-0.96056,49,-0.05236
-0.95987,49,-0.05236
-0.95919,49,-0.05236
-0.95851,49,-0.05236
-0.95783,49,-0.05236
-0.95714,49,-0.05236
-0.95646,49,-0.05236
-0.95578,49,-0.05236
-0.95511,49,-0.05236
-0.95443,49,-0.05236
-0.95375,49,-0.05236
-0.95307,49,-0.05236
-0.9524,49,-0.05236
-0.95172,49,-0.05236
-0.95105,49,-0.05236
-0.95038,49,-0.05236
-0.9497,49,-0.05236
-0.94903,49,-0.05236
-0.94836,49,-0.05236
-0.94769,49,-0.05236
-0.94702,49,-0.05236
-0.94635,49,-0.05236
-0.94568,49,-0.05236
-0.94502,49,-0.05236
-0.94435,49,-0.05236
-0.94369,49,-0.05236
-0.94302,49,-0.05236
-0.94236,49,-0.05236
-0.94169,49,-0.05236
-0.94103,49,-0.05236
-0.94037,49,-0.05236
-0.93971,49,-0.05236
-0.93905,49,-0.05236
-0.93839,49,-0.05236
-0.93773,49,-0.05236
-0.93707,49,-0.05236
-0.93642,49,-0.05236
-0.93576,49,-0.05236
-0.93511,49,-0.05236
-0.93445,49,-0.05236
-0.9338,49,-0.05236
-0.93315,49,-0.05236
-0.93249,49,-0.05236
-0.93184,49,-0.05236
-0.93119,49,-0.05236
-0.93054,49,-0.05236
-0.92989,49,-0.05236
-0.92924,49,-0.05236
-0.9286,49,-0.05236
-0.92795,49,-0.05236
-0.9273,49,-0.05236
-0.92666,49,-0.05236
-0.92601,49,-0.05236
-0.92537,49,-0.05236
-0.92473,49,-0.05236
-0.92408,49,-0.05236
-0.92344,49,-0.05236
-0.9228,49,-0.05236
-0.92216,49,-0.05236
-0.92152,49,-0.05236
-0.92088,49,-0.05236
-0.92025,49,-0.05236
-0.91961,49,-0.05236
-0.91897,49,-0.05236
-0.91834,49,-0.05236
-0.9177,49,-0.05236
-0.91707,49,-0.05236
-0.91644,49,-0.05236
-0.9158,49,-0.05236
-0.91517,49,-0.05236
-0.91454,49,-0.05236
-0.91391,49,-0.05236
-0.91328,49,-0.05236
-0.91265,49,-0.05236
-0.91202,49,-0.05236
-0.91139,49,-0.05236
-0.91077,49,-0.05236
-0.91014,49,-0.05236
-0.90952,49,-0.05236
-0.90889,49,-0.05236
-0.90827,49,-0.05236
-0.90764,49,-0.05236
-0.90702,49,-0.05236
-0.9064,49,-0.05236
-0.90578,49,-0.05236
-0.90516,49,-0.05236
-0.90454,49,-0.05236
-0.90392,49,-0.05236
-0.9033,49,-0.05236
-0.90268,49,-0.05236
-0.90207,49,-0.05236
-0.90145,49,-0.05236
-0.90083,49,-0.05236
-0.90022,49,-0.05236
-0.89961,49,-0.05236
-0.89899,49,-0.05236
-0.89838,49,-0.05236
-0.89777,49,-0.05236
-0.89716,49,-0.05236
-0.89655,49,-0.05236
-0.89594,49,-0.05236
-0.89533,49,-0.05236
-0.89472,49,-0.05236
-0.89411,49,-0.05236
-0.8935,49,-0.05236
-0.89289,49,-0.05236
-0.89229,49,-0.05236
-0.89168,49,-0.05236
-0.89108,49,-0.05236
-0.89047,49,-0.05236
-0.88987,49,-0.05236
-0.88927,49,-0.05236
-0.88867,49,-0.05236
-0.88806,49,-0.05236
-0.88746,49,-0.05236
-0.88686,49,-0.05236
-0.88626,49,-0.05236
-0.88566,49,-0.05236
-0.88507,49,-0.05236
-0.88447,49,-0.05236
-0.88387,49,-0.05236
-0.88328,49,-0.05236
-0.88268,49,-0.05236
-0.88208,49,-0.05236
-0.88149,49,-0.05236
-0.8809,49,-0.05236
-0.8803,49,-0.05236
-0.87971,49,-0.05236
-0.87912,49,-0.05236
-0.87853,49,-0.05236
-0.87794,49,-0.05236
-0.87735,49,-0.05236
-0.87676,49,-0.05236
-0.87617,49,-0.05236
-0.87558,49,-0.05236
-0.87499,49,-0.05236
-0.8744,49,-0.05236
-0.87382,49,-0.05236
-0.87323,49,-0.05236
-0.87265,49,-0.05236
-0.87206,49,-0.05236
-0.87148,49,-0.05236
-0.87089,49,-0.05236
-0.87031,49,-0.05236
-0.86973,49,-0.05236
-0.86915,49,-0.05236
-0.86856,49,-0.05236
-0.86798,49,-0.05236
-0.8674,49,-0.05236
-0.86682,49,-0.05236
-0.86625,49,-0.05236
-0.86567,49,-0.05236
-0.86509,49,-0.05236
-0.86451,49,-0.05236
-0.86393,49,-0.05236
-0.86336,49,-0.05236
-0.86278,49,-0.05236
-0.86221,49,-0.05236
-0.86163,49,-0.05236
-0.86106,49,-0.05236
-0.86049,49,-0.05236
-0.85991,49,-0.05236
-0.85934,49,-0.05236
-0.85877,49,-0.05236
-0.8582,49,-0.05236
-0.85763,49,-0.05236
-0.85706,49,-0.05236
-0.85649,49,-0.05236
-0.85592,49,-0.05236
-0.85535,49,-0.05236
-0.85478,49,-0.05236
-0.85421,49,-0.05236
-0.85365,49,-0.05236
-0.85308,49,-0.05236
-0.85251,49,-0.05236
-0.85195,49,-0.05236
-0.85138,49,-0.05236
-0.85082,49,-0.05236
-0.85025,49,-0.05236
-0.84969,49,-0.05236
-0.84913,49,-0.05236
-0.84856,49,-0.05236
-0.848,49,-0.05236
-0.84744,49,-0.05236
-0.84688,49,-0.05236
-0.84632,49,-0.05236
-0.84576,49,-0.05236
-0.8452,49,-0.05236
-0.84464,49,-0.05236
-0.84408,49,-0.05236
-0.84352,49,-0.05236
-0.84297,49,-0.05236
-0.84241,49,-0.05236
-0.84185,49,-0.05236
-0.84129,49,-0.05236
-0.84074,49,-0.05236
-0.84018,49,-0.05236
-0.83963,49,-0.05236
-0.83907,49,-0.05236
-0.83852,49,-0.05236
-0.83797,49,-0.05236
-0.83741,49,-0.05236
-0.83686,49,-0.05236
-0.83631,49,-0.05236
-0.83576,49,-0.05236
-0.83521,49,-0.05236
-0.83465,49,-0.05236
-0.8341,49,-0.05236
-0.83355,49,-0.05236
-0.833,49,-0.05236
-0.83245,49,-0.05236
-0.83191,49,-0.05236
-0.83136,49,-0.05236
-0.83081,49,-0.05236
-0.83026,49,-0.05236
-0.82972,49,-0.05236
-0.82917,49,-0.05236
-0.82862,49,-0.05236
-0.82808,49,-0.05236
-0.82753,49,-0.05236
-0.82699,49,-0.05236
-0.82644,49,-0.05236
-0.8259,49,-0.05236
-0.82535,49,-0.05236
-0.82481,49,-0.05236
-0.82427,49,-0.05236
-0.82372,49,-0.05236
-0.82318,49,-0.05236
-0.82264,49,-0.05236
-0.8221,49,-0.05236
-0.82156,49,-0.05236
-0.82102,49,-0.05236
-0.82048,49,-0.05236
-0.81994,49,-0.05236
-0.8194,49,-0.05236
-0.81886,49,-0.05236
-0.81832,49,-0.05236
-0.81778,49,-0.05236
-0.81724,49,-0.05236
-0.81671,49,-0.05236
-0.81617,49,-0.05236
-0.81563,49,-0.05236
-0.8151,49,-0.05236
-0.81456,49,-0.05236
-0.81402,49,-0.05236
-0.81349,49,-0.05236
-0.81295,49,-0.05236
-0.81242,49,-0.05236
-0.81189,49,-0.05236
-0.81135,49,-0.05236
-0.81082,49,-0.05236
-0.81028,49,-0.05236
-0.80975,49,-0.05236
-0.80922,49,-0.05236
-0.80869,49,-0.05236
-0.80815,49,-0.05236
-0.80762,49,-0.05236
-0.80709,49,-0.05236
-0.80656,49,-0.05236
-0.80603,49,-0.05236
-0.8055,49,-0.05236
-0.80497,49,-0.05236
-0.80444,49,-0.05236
-0.80391,49,-0.05236
-0.80338,49,-0.05236
-0.80285,49,-0.05236
-0.80233,49,-0.05236
-0.8018,49,-0.05236
-0.80127,49,-0.05236
-0.80074,49,-0.05236
-0.80022,49,-0.05236
-0.79969,49,-0.05236
-0.79916,49,-0.05236
-0.79864,49,-0.05236
-0.79811,49,-0.05236
-0.79759,49,-0.05236
-0.79706,49,-0.05236
-0.79654,49,-0.05236
-0.79601,49,-0.05236
-0.79549,49,-0.05236
-0.79496,49,-0.05236
-0.79444,49,-0.05236
-0.79392,49,-0.05236
-0.79339,49,-0.05236
-0.79287,49,-0.05236
-0.79235,49,-0.05236
-0.79183,49,-0.05236
-0.7913,49,-0.05236
-0.79078,49,-0.05236
-0.79026,49,-0.05236
-0.78974,49,-0.05236
-0.78922,49,-0.05236
-0.7887,49,-0.05236
-0.78818,49,-0.05236
-0.78766,49,-0.05236
-0.78714,49,-0.05236
-0.78662,49,-0.05236
-0.7861,49,-0.05236
-0.78558,49,-0.052375
-3.1386,49,-0.052375
-3.125,49,-0.052375
-3.1114,49,-0.052375
-3.0979,49,-0.052376
-3.0845,49,-0.052376
-3.0712,49,-0.052376
-3.058,49,-0.052376
-3.0451,49,-0.052376
-3.0324,49,-0.052376
-3.02,49,-0.052377
-3.0078,49,-0.052377
-2.9959,49,-0.052377
-2.9843,49,-0.052377
-2.973,49,-0.052377
-2.9621,49,-0.052377
-2.9514,49,-0.052378
-2.941,49,-0.052378
-2.931,49,-0.052378
-2.9214,49,-0.052378
-2.912,49,-0.052378
-2.903,49,-0.052378
-2.8943,49,-0.052379
-2.886,49,-0.052379
-2.878,49,-0.052379
-2.8704,49,-0.052379
-2.8631,49,-0.052379
-2.8561,49,-0.05238
-2.8495,49,-0.05238
-2.8433,49,-0.05238
-2.8374,49,-0.05238
-2.8318,49,-0.05238
-2.8266,49,-0.052381
-2.8217,49,-0.052381
-2.8172,49,-0.052381
-2.813,49,-0.052381
-2.8092,49,-0.052381
-2.8057,49,-0.052382
-2.8026,49,-0.052382
-2.7998,49,-0.052382
-2.7973,49,-0.052382
-2.7952,49,-0.052383
-2.7934,49,-0.052383
-2.792,49,-0.052383
-2.7909,49,-0.052383
-2.7901,49,-0.052383
-2.7897,49,-0.052384
-2.7896,49,-0.052384
-2.7898,49,-0.052384
-2.7904,49,-0.052384
-2.7913,49,-0.052385
-2.7925,49,-0.052385
-2.7941,49,-0.052385
-2.796,49,-0.052385
-2.7983,49,-0.052386
-2.8008,49,-0.052386
-2.8037,49,-0.052386
-2.8069,49,-0.052386
-2.8105,49,-0.052387
-2.8143,49,-0.052387
-2.8185,49,-0.052387
-2.8231,49,-0.052388
-2.8279,49,-0.052388
-2.8331,49,-0.052388
-2.8385,49,-0.052388
-2.8443,49,-0.052389
-2.8505,49,-0.052389
-2.8569,49,-0.052389
-2.8637,49,-0.05239
-2.8708,49,-0.05239
-2.8782,49,-0.05239
-2.8859,49,-0.05239
-2.8939,49,-0.052391
-2.9023,49,-0.052391
-2.9109,49,-0.052391
-2.9199,49,-0.052392
-2.9292,49,-0.052392
-2.9388,49,-0.052392
-2.9488,49,-0.052393
-2.959,49,-0.052393
-2.9696,49,-0.052393
-2.9805,49,-0.052394
-2.9917,49,-0.052394
-3.0032,49,-0.052394
-3.015,49,-0.052395
-3.0271,49,-0.052395
-3.0396,49,-0.052395
-3.0523,49,-0.052396
-3.0654,49,-0.052396
-3.0788,49,-0.052397
-3.0925,49,-0.052397
-3.1065,49,-0.052397
-3.1209,49,-0.052398
-3.1355,49,-0.052398
-3.1505,49,-0.052398
-3.1658,49,-0.052399
-3.1814,49,-0.052399
-3.1973,49,-0.0524
-3.2136,49,-0.0524
-3.2302,49,-0.0524
-3.247,49,-0.052401
-3.2642,49,-0.052401
-3.2818,49,-0.052402
-3.2996,49,-0.052402
-3.3178,49,-0.052402
-3.3363,49,-0.052403
-3.3551,49,-0.052403
-3.3743,49,-0.052404
-3.3938,49,-0.052404
-3.4136,49,-0.052405
-3.4337,49,-0.052405
-3.4542,49,-0.052406
-3.475,49,-0.052406
-3.4961,49,-0.052406
-3.5176,49,-0.052407
-3.5394,49,-0.052407
-3.5615,49,-0.052408
-3.584,49,-0.052408
-3.6068,49,-0.052409
-3.6299,49,-0.052409
-3.6534,49,-0.05241
-3.6773,49,-0.05241
-3.7015,49,-0.052411
-3.726,49,-0.052411
-3.7509,49,-0.052412
-3.7761,49,-0.052412
-3.8017,49,-0.052413
-3.8276,49,-0.052413
-3.8539,49,-0.052414
-3.8806,49,-0.052415
-3.9076,49,-0.052415
-3.935,49,-0.052416
-3.9627,49,-0.052416
-3.9908,49,-0.052417
-4.0193,49,-0.052417
-4.0481,49,-0.052418
-4.0774,49,-0.052419
-4.1069,49,-0.052419
-4.1369,49,-0.05242
-4.1673,49,-0.05242
-4.198,49,-0.052421
-4.2291,49,-0.052422
-4.2606,49,-0.052422
-4.2925,49,-0.052423
-4.3248,49,-0.052423
-4.3575,49,-0.052424
-4.3906,49,-0.052425
-4.424,49,-0.052425
-4.4579,49,-0.052426
-4.4922,49,-0.052427
-4.5269,49,-0.052427
-4.562,49,-0.052428
-4.5975,49,-0.052429
-4.6335,49,-0.052429
-4.6698,49,-0.05243
-4.7066,49,-0.052431
-4.7438,49,-0.052432
-4.7815,49,-0.052432
-4.8195,49,-0.052433
-4.8581,49,-0.052434
-4.897,49,-0.052434
-4.9364,49,-0.052435
-4.9763,49,-0.052436
-5.0165,49,-0.052437
-5.0573,49,-0.052437
-5.0985,49,-0.052438
-5.1402,49,-0.052439
-5.1823,49,-0.05244
-5.2249,49,-0.052441
-5.268,49,-0.052441
-5.3115,49,-0.052442
-5.3556,49,-0.052443
-5.4001,49,-0.052444
-5.4451,49,-0.052445
-5.4906,49,-0.052446
-5.5366,49,-0.052446
-5.5831,49,-0.052447
-5.6301,49,-0.052448
-5.6776,49,-0.052449
-5.7256,49,-0.05245
-5.7742,49,-0.052451
-5.8233,49,-0.052452
-5.8729,49,-0.052453
-5.923,49,-0.052454
-5.9737,49,-0.052455
-6.0249,49,-0.052456
-6.0766,49,-0.052457
-6.129,49,-0.052458
-6.1818,49,-0.052459
-6.2353,49,-0.05246
-6.2893,49,-0.052461
-6.3438,49,-0.052462
-6.399,49,-0.052463
-6.4547,49,-0.052464
-6.511,49,-0.052465
-6.5679,49,-0.052466
-6.6254,49,-0.052467
-6.6835,49,-0.052468
-6.7423,49,-0.052469
-6.8016,49,-0.05247
-6.8616,49,-0.052471
-6.9221,49,-0.052472
-6.9834,49,-0.052473
-7.0452,49,-0.052474
-7.1077,49,-0.052476
-7.1709,49,-0.052477
-7.2347,49,-0.052478
-7.2991,49,-0.052479
-7.3643,49,-0.05248
-7.4301,49,-0.052482
-7.4966,49,-0.052483
-7.5638,49,-0.052484
-7.6316,49,-0.052485
-7.7002,49,-0.052487
-7.7695,49,-0.052488
-7.8395,49,-0.052489
-7.9102,49,-0.05249
-7.9817,49,-0.052492
-8.0539,49,-0.052493
-8.1268,49,-0.052494
-8.2005,49,-0.052496
-8.2749,49,-0.052497
-8.3501,49,-0.052498
-8.4261,49,-0.0525
-8.5028,49,-0.052501
-8.5803,49,-0.052503
-8.6587,49,-0.052504
-8.7378,49,-0.052506
-8.8177,49,-0.052507
-8.8985,49,-0.052508
-8.98,49,-0.05251
-9.0624,49,-0.052511
-9.1457,49,-0.052513
-9.2298,49,-0.052515
-9.3147,49,-0.052516
-9.4006,49,-0.052518
-9.4873,49,-0.052519
-9.5748,49,-0.052521
-9.6633,49,-0.052522
-9.7527,49,-0.052524
-9.8429,49,-0.052526
-9.9341,49,-0.052527
-10.026,49,-0.052529
-10.119,49,-0.052531
-10.213,49,-0.052533
-10.308,49,-0.052534
-10.404,49,-0.052536
-10.501,49,-0.052538
-10.599,49,-0.05254
-10.698,49,-0.052541
-10.798,49,-0.052543
-10.899,49,-0.052545
-11,49,-0.052547
-11.103,49,-0.052549
-11.207,49,-0.052551
-11.312,49,-0.052553
-11.418,49,-0.052555
-11.526,49,-0.052556
-11.634,49,-0.052558
-11.743,49,-0.05256
-11.853,49,-0.052562
-11.965,49,-0.052564
-12.078,49,-0.052567
-12.191,49,-0.052569
-12.306,49,-0.052571
-12.423,49,-0.052573
-12.54,49,-0.052575
-12.658,49,-0.052577
-12.778,49,-0.052579
-12.899,49,-0.052582
-13.021,49,-0.052584
-13.144,49,-0.052586
-13.269,49,-0.052588
-13.394,49,-0.052591
-13.522,49,-0.052593
-13.65,49,-0.052595
-13.78,49,-0.052598
-13.91,49,-0.0526
-14.043,49,-0.052602
-14.176,49,-0.052605
-14.311,49,-0.052607
-14.447,49,-0.05261
-14.585,49,-0.052612
-14.724,49,-0.052615
-14.865,49,-0.052617
-15.006,49,-0.05262
-15.15,49,-0.052623
-15.294,49,-0.052625
-15.44,49,-0.052628
-15.588,49,-0.052631
-15.737,49,-0.052633
-15.888,49,-0.052636
-16.04,49,-0.052639
-16.193,49,-0.052642
-16.349,49,-0.052644
-16.505,49,-0.052647
-16.664,49,-0.05265
-16.823,49,-0.052653
-16.985,49,-0.052656
-17.148,49,-0.052659
-17.313,49,-0.052662
-17.479,49,-0.052665
-17.647,49,-0.052668
-17.817,49,-0.052671
-17.988,49,-0.052674
-18.161,49,-0.052677
-18.336,49,-0.052681
-18.513,49,-0.052684
-18.691,49,-0.052687
-18.871,49,-0.05269
-19.053,49,-0.052694
-19.237,49,-0.052697
-19.423,49,-0.0527
-19.61,49,-0.052704
-19.799,49,-0.052707
-19.991,49,-0.052711
-20.184,49,-0.052714
-20.379,49,-0.052718
-20.576,49,-0.052722
-20.775,49,-0.052725
-20.976,49,-0.052729
-21.179,49,-0.052733
-21.384,49,-0.052736
-21.591,49,-0.05274
-21.8,49,-0.052744
-22.011,49,-0.052748
-22.224,49,-0.052752
-22.44,49,-0.052756
-22.657,49,-0.052759
-22.877,49,-0.052764
-23.099,49,-0.052768
-23.323,49,-0.052772
-23.549,49,-0.052776
-23.778,49,-0.05278
-24.009,49,-0.052784
-24.242,49,-0.052788
-24.477,49,-0.052793
-24.715,49,-0.052797
-24.955,49,-0.052801
-25.198,49,-0.052806
-25.443,49,-0.05281
-25.69,49,-0.052815
-25.94,49,-0.052819
-26.193,49,-0.052824
-26.448,49,-0.052829
-26.705,49,-0.052833
-26.965,49,-0.052838
-27.228,49,-0.052843
-27.493,49,-0.052848
-27.761,49,-0.052853
-28.031,49,-0.052858
-28.304,49,-0.052863
-28.58,49,-0.052868
-28.859,49,-0.052873
-29.14,49,-0.052878
-29.424,49,-0.052883
-29.711,49,-0.052888
-30.001,49,-0.052894
-30.294,49,-0.052899
-30.589,49,-0.052904
-30.888,49,-0.05291
-31.19,49,-0.052915
-31.494,49,-0.052921
-31.802,49,-0.052927
-32.112,49,-0.052932
-32.426,49,-0.052938
-32.742,49,-0.052944
-33.062,49,-0.05295
-33.385,49,-0.052956
-33.712,49,-0.052962
-34.041,49,-0.052968
-34.374,49,-0.052974
-34.71,49,-0.05298
-35.049,49,-0.052986
-35.392,49,-0.052992
-35.738,49,-0.052999
-36.087,49,-0.053005
-36.44,49,-0.053012
-36.797,49,-0.053018
-37.157,49,-0.053025
-37.52,49,-0.053031
-37.887,49,-0.053038
-38.258,49,-0.053045
-38.632,49,-0.053052
-39.01,49,-0.053059
-39.392,49,-0.053066
-39.778,49,-0.053073
-40.167,49,-0.05308
-40.56,49,-0.053087
-40.957,49,-0.053095
-41.358,49,-0.053102
-41.763,49,-0.053109
-42.172,49,-0.053117
-42.585,49,-0.053125
-43.002,49,-0.053132
-43.423,49,-0.05314
-43.849,49,-0.053148
-44.278,49,-0.053156
-44.712,49,-0.053164
-45.15,49,-0.053172
-45.592,49,-0.05318
-46.039,49,-0.053188
-46.49,49,-0.053196
-46.945,49,-0.053205
-47.405,49,-0.053213
-47.869,49,-0.053222
-48.338,49,-0.05323
-48.812,49,-0.053239
-49.29,49,-0.053248
-49.773,49,-0.053257
-50.26,49,-0.053266
-50.753,49,-0.053275
-51.25,49,-0.053284
-51.752,49,-0.053293
-52.259,49,-0.053303
-52.771,49,-0.053312
-53.288,49,-0.053322
-53.81,49,-0.053331
-54.337,49,-0.053341
-54.87,49,-0.053351
-55.407,49,-0.053361
-55.95,49,-0.053371
-56.498,49,-0.053381
-57.052,49,-0.053391
-57.61,49,-0.053402
-58.175,49,-0.053412
-58.744,49,-0.053423
-59.32,49,-0.053433
-59.901,49,-0.053444
-60.487,49,-0.053455
-61.08,49,-0.053466
-61.678,49,-0.053477
-62.282,49,-0.053488
-62.892,49,-0.053499
-63.507,49,-0.053511
-64.129,49,-0.053522
-64.757,49,-0.053534
-65.391,49,-0.053546
-66.031,49,-0.053558
-66.677,49,-0.05357
-67.33,49,-0.053582
-67.989,49,-0.053594
-68.654,49,-0.053606
-69.326,49,-0.053619
-70.004,49,-0.053631
-70.689,49,-0.053644
-71.38,49,-0.053657
-72.079,49,-0.05367
-72.783,49,-0.053683
-73.495,49,-0.053696
-74.214,49,-0.05371
-74.939,49,-0.053723
-75.672,49,-0.053737
-76.412,49,-0.053751
-77.159,49,-0.053764
-77.913,49,-0.053778
-78.674,49,-0.053793
-79.443,49,-0.053807
-80.219,49,-0.053822
-81.002,49,-0.053836
-81.793,49,-0.053851
-82.592,49,-0.053866
-83.399,49,-0.053881
-84.213,49,-0.053896
-85.035,49,-0.053911
-85.865,49,-0.053927
-86.703,49,-0.053943
-87.549,49,-0.053958
-88.403,49,-0.053974
-89.265,49,-0.053991
-90.135,49,-0.054007
-91.014,49,-0.054023
-91.902,49,-0.05404
-92.797,49,-0.054057
-93.702,49,-0.054074
-94.615,49,-0.054091
-95.537,49,-0.054108
-96.467,49,-0.054126
-97.407,49,-0.054143
-98.355,49,-0.054161
-99.312,49,-0.054179
-100.28,49,-0.054197
-101.25,49,-0.054216
-102.24,49,-0.054234
-103.23,49,-0.054253
-104.24,49,-0.054272
-105.25,49,-0.054291
-106.28,49,-0.05431
-107.31,49,-0.05433
-108.35,49,-0.05435
-109.4,49,-0.054369
-110.47,49,-0.054389
-111.54,49,-0.05441
-112.62,49,-0.05443
-113.71,49,-0.054451
-114.82,49,-0.054472
-115.93,49,-0.054493
-117.06,49,-0.054514
-118.19,49,-0.054536
-119.34,49,-0.054557
-120.49,49,-0.054579
-121.66,49,-0.054601
-122.84,49,-0.054624
-124.03,49,-0.054646
-125.23,49,-0.054669
-126.44,49,-0.054692
-127.66,49,-0.054716
-128.9,49,-0.054739
-130.14,49,-0.054763
-131.4,49,-0.054787
-132.67,49,-0.054811
-133.95,49,-0.054835
-135.25,49,-0.05486
-136.55,49,-0.054885
-137.87,49,-0.05491
-139.2,49,-0.054936
-140.54,49,-0.054961
-141.9,49,-0.054987
-143.27,49,-0.055014
-144.65,49,-0.05504
-146.04,49,-0.055067
-147.45,49,-0.055094
-148.86,49,-0.055121
-150.3,49,-0.055148
-151.74,49,-0.055176
-153.2,49,-0.055204
-154.67,49,-0.055233
-156.16,49,-0.055261
-157.66,49,-0.05529
-159.17,49,-0.055319
-160.7,49,-0.055349
-162.24,49,-0.055379
-163.8,49,-0.055409
-165.37,49,-0.055439
-166.95,49,-0.05547
-168.55,49,-0.055501
-170.17,49,-0.055532
-171.79,49,-0.055563
-173.44,49,-0.055595
-175.09,49,-0.055628
-176.77,49,-0.05566
-178.46,49,-0.055693
-180.16,49,-0.055726
-181.88,49,-0.055759
-183.62,49,-0.055793
-185.37,49,-0.055827
-187.13,49,-0.055862
-188.92,49,-0.055897
-190.71,49,-0.055932
-192.53,49,-0.055967
-194.36,49,-0.056003
-196.21,49,-0.056039
-198.07,49,-0.056076
-199.95,49,-0.056113
-201.85,49,-0.05615
-203.77,49,-0.056188
-205.7,49,-0.056226
-207.65,49,-0.056264
-209.62,49,-0.056303
-211.6,49,-0.056342
-213.6,49,-0.056382
-215.62,49,-0.056422
-217.66,49,-0.056462
-219.72,49,-0.056503
-221.79,49,-0.056544
-223.89,49,-0.056585
-226,49,-0.056627
-228.13,49,-0.05667
-230.28,49,-0.056712
-232.44,49,-0.056756
-234.63,49,-0.056799
-236.84,49,-0.056843
-239.06,49,-0.056888
-241.31,49,-0.056932
-243.57,49,-0.056978
-245.86,49,-0.057024
-248.16,49,-0.05707
-250.49,49,-0.057116
-252.83,49,-0.057164
-255.19,49,-0.057211
-257.58,49,-0.057259
-259.99,49,-0.057308
-262.41,49,-0.057357
-264.86,49,-0.057406
-267.33,49,-0.057456
-269.82,49,-0.057506
-272.33,49,-0.057557
-274.86,49,-0.057609
-277.42,49,-0.057661
-279.99,49,-0.057713
-282.59,49,-0.057766
-285.21,49,-0.057819
-287.86,49,-0.057873
-290.52,49,-0.057928
-293.21,49,-0.057983
-295.92,49,-0.058038
-298.65,49,-0.058095
-301.41,49,-0.058151
-304.19,49,-0.058208
-306.99,49,-0.058266
-309.82,49,-0.058324
-312.66,49,-0.058383
-315.54,49,-0.058443
-318.44,49,-0.058503
-321.36,49,-0.058563
-324.3,49,-0.058624
-327.27,49,-0.058686
-330.27,49,-0.058748
-333.28,49,-0.058811
-336.33,49,-0.058875
-339.4,49,-0.058939
-342.49,49,-0.059004
-345.61,49,-0.059069
-348.75,49,-0.059135
-351.92,49,-0.059202
-355.12,49,-0.059269
-358.34,49,-0.059337
-361.58,49,-0.059406
-364.86,49,-0.059475
-368.16,49,-0.059545
-371.48,49,-0.059616
-374.83,49,-0.059687
-378.21,49,-0.059759
-381.62,49,-0.059832
-385.05,49,-0.059905
-388.51,49,-0.059979
-392,49,-0.060054
-395.51,49,-0.06013
-399.05,49,-0.060206
-402.62,49,-0.060283
-406.22,49,-0.060361
-409.84,49,-0.060439
-413.5,49,-0.060518
-417.18,49,-0.060598
-420.89,49,-0.060679
-424.63,49,-0.060761
-428.39,49,-0.060843
-432.19,49,-0.060926
-436.01,49,-0.06101
-439.86,49,-0.061094
-443.75,49,-0.06118
-447.66,49,-0.061266
-451.6,49,-0.061353
-455.57,49,-0.061441
-459.57,49,-0.06153
-463.6,49,-0.061619
-467.66,49,-0.06171
-471.74,49,-0.061801
-475.86,49,-0.061893
-480.01,49,-0.061986
-484.19,49,-0.06208
-488.4,49,-0.062175
-492.64,49,-0.062271
-496.91,49,-0.062367
-501.21,49,-0.062465
-505.54,49,-0.062563
-509.91,49,-0.062663
-514.3,49,-0.062763
-518.73,49,-0.062864
-523.18,49,-0.062966
-527.67,49,-0.063069
-532.19,49,-0.063174
-536.74,49,-0.063279
-541.32,49,-0.063385
-545.93,49,-0.063492
-550.57,49,-0.0636
-555.25,49,-0.063709
-559.96,49,-0.063819
-564.7,49,-0.06393
-569.47,49,-0.064042
-574.27,49,-0.064156
-579.18,49,-0.06427
-584.27,49,-0.064385
-589.4,49,-0.064502
-594.55,49,-0.064619
-599.74,49,-0.064738
-604.95,49,-0.064858
-610.19,49,-0.064978
-615.47,49,-0.0651
-620.77,49,-0.065224
-626.1,49,-0.065348
-631.46,49,-0.065473
-636.85,49,-0.0656
-642.26,49,-0.065727
-647.71,49,-0.065856
-653.19,49,-0.065986
-658.69,49,-0.066118
-664.22,49,-0.06625
-669.79,49,-0.066384
-675.38,49,-0.066519
-681,49,-0.066655
-686.65,49,-0.066792
-692.33,49,-0.066931
-698.04,49,-0.067071
-703.77,49,-0.067212
-709.54,49,-0.067355
-715.34,49,-0.067498
-721.16,49,-0.067644
-727.02,49,-0.06779
-732.91,49,-0.067938
-738.82,49,-0.068087
-744.77,49,-0.068237
-750.74,49,-0.068389
-756.74,49,-0.068542
-762.78,49,-0.068697
-768.84,49,-0.068853
-774.93,49,-0.069011
-781.05,49,-0.069169
-787.2,49,-0.06933
-793.38,49,-0.069491
-799.59,49,-0.069655
-805.83,49,-0.069819
-812.1,49,-0.069985
-818.39,49,-0.070153
-824.72,49,-0.070322
-831.07,49,-0.070493
-837.46,49,-0.070665
-843.87,49,-0.070839
-850.31,49,-0.071014
-856.78,49,-0.071191
-863.27,49,-0.071369
-869.8,49,-0.071549
-876.35,49,-0.071731
-882.93,49,-0.071914
-889.54,49,-0.072099
-896.17,49,-0.072285
-902.84,49,-0.072473
-909.52,49,-0.072663
-916.24,49,-0.072855
-922.98,49,-0.073048
-929.75,49,-0.073243
-936.55,49,-0.073439
-943.37,49,-0.073637
-950.21,49,-0.073837
-957.09,49,-0.074039
-964,49,-0.074243
-970.98,49,-0.074448
-977.98,49,-0.074655
-985,49,-0.074864
-992.05,49,-0.075075
-999.12,49,-0.075287
-1006.2,49,-0.075501
-1013.3,49,-0.075718
-1020.5,49,-0.075936
-1027.6,49,-0.076156
-1034.8,49,-0.076377
-1042,49,-0.076601
-1049.2,49,-0.076827
-1056.5,49,-0.077054
-1063.7,49,-0.077284
-1071,49,-0.077515
-1078.3,49,-0.077749
-1085.6,49,-0.077984
-1093,49,-0.078222
-1100.3,49,-0.078461
-1107.7,49,-0.078703
-1115.1,49,-0.078946
-1122.5,49,-0.079192
-1129.9,49,-0.079439
-1137.3,49,-0.079689
-1144.8,49,-0.079941
-1152.2,49,-0.080195
-1159.7,49,-0.080451
-1167.2,49,-0.080709
-1174.7,49,-0.080969
-1182.2,49,-0.081232
-1189.8,49,-0.081497
-1197.3,49,-0.081764
-1204.8,49,-0.082033
-1212.4,49,-0.082304
-1220,49,-0.082577
-1227.6,49,-0.082853
-1235.1,49,-0.083131
-1242.7,49,-0.083411
-1250.3,49,-0.083694
-1257.9,49,-0.083979
-1265.6,49,-0.084266
-1273.2,49,-0.084556
-1280.8,49,-0.084848
-1288.4,49,-0.085142
-1296,49,-0.085438
-1303.7,49,-0.085737
-1311.3,49,-0.086039
-1319,49,-0.086343
-1326.6,49,-0.086649
-1334.2,49,-0.086957
-1341.9,49,-0.087269
-1349.5,49,-0.087582
-1357.1,49,-0.087898
-1364.8,49,-0.088217
-1372.4,49,-0.088538
-1380,49,-0.088861
-1387.6,49,-0.089187
-1395.2,49,-0.089516
-1402.8,49,-0.089847
-1410.4,49,-0.090181
-1418,49,-0.090517
-1425.6,49,-0.090856
-1433.2,49,-0.091198
-1440.7,49,-0.091542
-1448.3,49,-0.091889
-1455.8,49,-0.092239
-1463.3,49,-0.092591
-1470.8,49,-0.092946
-1478.3,49,-0.093303
-1485.8,49,-0.093663
-1493.3,49,-0.094026
-1500.7,49,-0.094392
-1508.1,49,-0.09476
-1515.5,49,-0.095132
-1522.9,49,-0.095505
-1530.3,49,-0.095882
-1537.6,49,-0.096262
-1545,49,-0.096644
-1552.3,49,-0.097029
-1559.5,49,-0.097417
-1566.8,49,-0.097808
-1574,49,-0.098201
-1581.2,49,-0.098598
-1588.4,49,-0.098997
-1595.5,49,-0.099399
-1602.6,49,-0.099805
-1609.7,49,-0.10021
-1616.8,49,-0.10062
-1623.8,49,-0.10104
-1630.8,49,-0.10145
-1637.8,49,-0.10187
-1644.7,49,-0.1023
-1651.6,49,-0.10272
-1658.4,49,-0.10315
-1665.2,49,-0.10358
-1672,49,-0.10402
-1678.7,49,-0.10445
-1685.4,49,-0.1049
-1692.1,49,-0.10534
-1698.7,49,-0.10579
-1705.3,49,-0.10624
-1711.8,49,-0.10669
-1718.3,49,-0.10714
-1724.7,49,-0.1076
-1731.1,49,-0.10806
-1737.5,49,-0.10853
-1743.8,49,-0.109
-1750.1,49,-0.10947
-1756.3,49,-0.10994
-1762.4,49,-0.11042
-1768.5,49,-0.1109
-1774.6,49,-0.11138
-1780.6,49,-0.11187
-1786.5,49,-0.11236
-1792.4,49,-0.11285
-1798.3,49,-0.11335
-1804,49,-0.11385
-1809.8,49,-0.11435
-1815.5,49,-0.11486
-1821.1,49,-0.11537
-1826.6,49,-0.11588
-1832.1,49,-0.11639
-1837.6,49,-0.11691
-1842.9,49,-0.11743
-1848.3,49,-0.11796
-1853.5,49,-0.11849
-1858.7,49,-0.11902
-1863.8,49,-0.11955
-1868.9,49,-0.12009
-1873.9,49,-0.12063
-1878.8,49,-0.12117
-1883.7,49,-0.12172
-1888.5,49,-0.12227
-1893.2,49,-0.12282
-1897.9,49,-0.12338
-1902.5,49,-0.12394
-1907,49,-0.1245
-1911.5,49,-0.12507
-1915.8,49,-0.12564
-1920.2,49,-0.12621
-1924.4,49,-0.12679
-1928.6,49,-0.12736
-1932.7,49,-0.12795
-1936.7,49,-0.12853
-1940.6,49,-0.12912
-1944.5,49,-0.12971
-1948.3,49,-0.13031
-1952.1,49,-0.1309
-1955.7,49,-0.1315
-1959.3,49,-0.13211
-1962.8,49,-0.13272
-1966.2,49,-0.13333
-1969.5,49,-0.13394
-1972.8,49,-0.13456
-1976,49,-0.13518
-1979.1,49,-0.1358
-1982.1,49,-0.13643
-1985.1,49,-0.13705
-1987.9,49,-0.13769
-1990.7,49,-0.13832
-1993.4,49,-0.13896
-1996.1,49,-0.1396
-1998.6,49,-0.14025
-2001.1,49,-0.14089
-2003.5,49,-0.14154
-2005.8,49,-0.1422
-2008,49,-0.14285
-2010.1,49,-0.14351
-2012.2,49,-0.14418
-2014.1,49,-0.14484
-2016,49,-0.14551
-2017.8,49,-0.14618
-2019.6,49,-0.14686
-2021.2,49,-0.14753
-2022.8,49,-0.14821
-2024.2,49,-0.1489
-2025.6,49,-0.14958
-2026.9,49,-0.15027
-2028.1,49,-0.15096
-2029.3,49,-0.15166
-2030.3,49,-0.15235
-2031.3,49,-0.15305
-2032.2,49,-0.15375
-2033,49,-0.15446
-2033.7,49,-0.15517
-2034.3,49,-0.15588
-2034.9,49,-0.15659
-2035.3,49,-0.15731
-2035.7,49,-0.15803
-2036,49,-0.15875
-2036.2,49,-0.15947
-2036.3,49,-0.1602
-2036.4,49,-0.16093
-2036.3,49,-0.16166
-2036.2,49,-0.16239
-2036,49,-0.16313
-2035.7,49,-0.16387
-2035.3,49,-0.16461
-2034.9,49,-0.16535
-2034.3,49,-0.1661
-2033.7,49,-0.16685
-2033,49,-0.1676
-2032.2,49,-0.16835
-2031.3,49,-0.16911
-2030.4,49,-0.16986
-2029.3,49,-0.17062
-2028.2,49,-0.17139
-2027,49,-0.17215
-2025.8,49,-0.17292
-2024.4,49,-0.17369
-2023.2,49,-0.17446
-2021.9,49,-0.17523
-2020.6,49,-0.176
-2019.1,49,-0.17678
-2017.6,49,-0.17756
-2016.1,49,-0.17834
-2014.4,49,-0.17912
-2012.7,49,-0.1799
-2010.8,49,-0.18069
-2008.9,49,-0.18148
-2007,49,-0.18227
-2004.9,49,-0.18306
-2002.8,49,-0.18385
-2000.6,49,-0.18464
-1998.4,49,-0.18544
-1996,49,-0.18624
-1993.6,49,-0.18704
-1991.1,49,-0.18784
-1988.5,49,-0.18864
-1985.9,49,-0.18944
-1983.2,49,-0.19025
-1980.4,49,-0.19105
-1977.6,49,-0.19186
-1974.7,49,-0.19267
-1971.7,49,-0.19348
-1968.6,49,-0.19429
-1965.5,49,-0.1951
-1962.3,49,-0.19592
-1959.1,49,-0.19673
-1955.7,49,-0.19755
-1952.4,49,-0.19836
-1948.9,49,-0.19918
-1945.4,49,-0.2
-1941.8,49,-0.20082
-1938.2,49,-0.20164
-1934.4,49,-0.20246
-1930.7,49,-0.20328
-1926.8,49,-0.20411
-1922.9,49,-0.20493
-1919,49,-0.20575
-1915,49,-0.20658
-1910.9,49,-0.2074
-1906.8,49,-0.20823
-1902.6,49,-0.20906
-1898.3,49,-0.20988
-1894,49,-0.21071
-1889.6,49,-0.21154
-1885.2,49,-0.21237
-1880.7,49,-0.21319
-1876.2,49,-0.21402
-1871.6,49,-0.21485
-1867,49,-0.21568
-1862.3,49,-0.21651
-1857.5,49,-0.21734
-1852.7,49,-0.21817
-1847.9,49,-0.219
-1843,49,-0.21982
-1838,49,-0.22065
-1833,49,-0.22148
-1828,49,-0.22231
-1822.9,49,-0.22314
-1817.8,49,-0.22397
-1812.6,49,-0.22479
-1807.3,49,-0.22562
-1802.1,49,-0.22645
-1796.7,49,-0.22728
-1791.4,49,-0.2281
-1786,49,-0.22893
-1780.5,49,-0.22975
-1775,49,-0.23058
-1769.5,49,-0.2314
-1763.9,49,-0.23223
-1758.3,49,-0.23305
-1752.6,49,-0.23387
-1746.9,49,-0.23469
-1741.2,49,-0.23551
-1735.4,49,-0.23633
-1729.6,49,-0.23715
-1723.8,49,-0.23797
-1717.9,49,-0.23878
-1712,49,-0.2396
-1706,49,-0.24042
-1700,49,-0.24123
-1694,49,-0.24204
-1688,49,-0.24285
-1681.9,49,-0.24366
-1675.8,49,-0.24447
-1669.7,49,-0.24528
-1663.5,49,-0.24608
-1657.3,49,-0.24689
-1651.1,49,-0.24769
-1644.8,49,-0.2485
-1638.5,49,-0.2493
-1632.2,49,-0.25009
-1625.9,49,-0.25089
-1619.5,49,-0.25169
-1613.2,49,-0.25248
-1606.7,49,-0.25328
-1600.3,49,-0.25407
-1593.9,49,-0.25486
-1587.4,49,-0.25564
-1580.9,49,-0.25643
-1574.4,49,-0.25721
-1567.8,49,-0.25799
-1561.3,49,-0.25878
-1554.7,49,-0.25955
-1548.1,49,-0.26033
-1541.5,49,-0.2611
-1534.9,49,-0.26188
-1528.2,49,-0.26265
-1521.5,49,-0.26342
-1514.9,49,-0.26418
-1508.2,49,-0.26495
-1501.5,49,-0.26571
-1494.7,49,-0.26647
-1488,49,-0.26723
-1481.3,49,-0.26798
-1474.5,49,-0.26873
-1467.7,49,-0.26948
-1460.9,49,-0.27023
-1454.2,49,-0.27098
-1447.3,49,-0.27172
-1440.5,49,-0.27246
-1433.7,49,-0.2732
-1426.9,49,-0.27394
-1420,49,-0.27467
-1413.2,49,-0.2754
-1406.3,49,-0.27613
-1399.5,49,-0.27686
-1392.6,49,-0.27758
-1385.8,49,-0.27831
-1378.9,49,-0.27902
-1372,49,-0.27974
-1365.1,49,-0.28045
-1358.2,49,-0.28116
-1351.3,49,-0.28187
-1344.5,49,-0.28258
-1337.6,49,-0.28328
-1330.7,49,-0.28398
-1323.8,49,-0.28468
-1316.9,49,-0.28537
-1310,49,-0.28606
-1303.1,49,-0.28675
-1296.2,49,-0.28744
-1289.3,49,-0.28812
-1282.4,49,-0.2888
-1275.5,49,-0.28948
-1268.7,49,-0.29015
-1261.8,49,-0.29082
-1254.9,49,-0.29149
-1248,49,-0.29216
-1241.2,49,-0.29282
-1234.3,49,-0.29348
-1227.4,49,-0.29413
-1220.6,49,-0.29479
-1213.7,49,-0.29544
-1206.9,49,-0.29609
-1200.1,49,-0.29673
-1193.2,49,-0.29737
-1186.4,49,-0.29801
-1179.6,49,-0.29865
-1172.8,49,-0.29928
-1166,49,-0.29991
-1159.2,49,-0.30053
-1152.5,49,-0.30116
-1145.7,49,-0.30178
-1139,49,-0.30239
-1132.2,49,-0.30301
-1125.5,49,-0.30362
-1118.8,49,-0.30422
-1112.1,49,-0.30483
-1105.4,49,-0.30543
-1098.7,49,-0.30603
-1092,49,-0.30662
-1085.3,49,-0.30721
-1078.7,49,-0.3078
-1072.1,49,-0.30839
-1065.4,49,-0.30897
-1058.8,49,-0.30955
-1052.3,49,-0.31012
-1045.7,49,-0.31069
-1039.1,49,-0.31126
-1032.6,49,-0.31183
-1026,49,-0.31239
-1019.5,49,-0.31295
-1013,49,-0.31351
-1006.6,49,-0.31406
-1000.1,49,-0.31461
-993.64,49,-0.31516
-987.21,49,-0.3157
-980.8,49,-0.31624
-974.4,49,-0.31678
-968.03,49,-0.31732
-961.67,49,-0.31785
-955.33,49,-0.31837
-949,49,-0.3189
-942.7,49,-0.31942
-936.42,49,-0.31994
-930.15,49,-0.32045
-923.9,49,-0.32097
-917.68,49,-0.32147
-911.47,49,-0.32198
-905.28,49,-0.32248
-899.12,49,-0.32298
-892.97,49,-0.32348
-886.85,49,-0.32397
-880.74,49,-0.32446
-874.66,49,-0.32495
-868.6,49,-0.32543
-862.55,49,-0.32591
-856.53,49,-0.32639
-850.54,49,-0.32686
-844.56,49,-0.32733
-838.61,49,-0.3278
-832.67,49,-0.32827
-826.76,49,-0.32873
-820.88,49,-0.32919
-815.01,49,-0.32964
-809.17,49,-0.3301
-803.35,49,-0.33055
-797.55,49,-0.33099
-791.78,49,-0.33144
-786.03,49,-0.33188
-780.3,49,-0.33232
-774.6,49,-0.33275
-768.92,49,-0.33318
-763.26,49,-0.33361
-757.63,49,-0.33404
-752.02,49,-0.33446
-746.43,49,-0.33488
-740.9,49,-0.33529
-736.05,49,-0.33571
-731.64,49,-0.33612
-727.22,49,-0.33653
-722.81,49,-0.33693
-718.4,49,-0.33734
-714,49,-0.33773
-709.61,49,-0.33813
-705.23,49,-0.33852
-700.86,49,-0.33892
-696.51,49,-0.3393
-692.17,49,-0.33969
-687.85,49,-0.34007
-683.54,49,-0.34045
-679.26,49,-0.34083
-674.99,49,-0.3412
-670.74,49,-0.34157
-666.51,49,-0.34194
-662.3,49,-0.34231
-658.11,49,-0.34267
-653.94,49,-0.34303
-649.79,49,-0.34339
-645.65,49,-0.34374
-641.54,49,-0.34409
-637.45,49,-0.34444
-633.38,49,-0.34479
-629.33,49,-0.34513
-625.31,49,-0.34548
-621.3,49,-0.34581
-617.31,49,-0.34615
-613.34,49,-0.34649
-609.4,49,-0.34682
-605.47,49,-0.34714
-601.57,49,-0.34747
-597.69,49,-0.34779
-593.83,49,-0.34812
-589.99,49,-0.34843
-586.17,49,-0.34875
-582.37,49,-0.34906
-578.59,49,-0.34937
-574.83,49,-0.34968
-571.1,49,-0.34999
-567.38,49,-0.35029
-563.69,49,-0.35059
-560.01,49,-0.35089
-556.36,49,-0.35119
-552.73,49,-0.35148
-549.12,49,-0.35178
-545.53,49,-0.35207
-541.96,49,-0.35235
-538.41,49,-0.35264
-534.89,49,-0.35292
-531.38,49,-0.3532
-527.9,49,-0.35348
-524.43,49,-0.35375
-520.99,49,-0.35403
-517.57,49,-0.3543
-514.17,49,-0.35457
-510.78,49,-0.35484
-507.43,49,-0.3551
-504.09,49,-0.35536
-500.77,49,-0.35562
-497.47,49,-0.35588
-494.19,49,-0.35614
-490.94,49,-0.35639
-487.7,49,-0.35664
-484.48,49,-0.35689
-481.29,49,-0.35714
-478.12,49,-0.35739
-474.96,49,-0.35763
-471.83,49,-0.35787
-468.72,49,-0.35811
-465.62,49,-0.35835
-462.55,49,-0.35858
-459.5,49,-0.35882
-456.47,49,-0.35905
-453.46,49,-0.35928
-450.46,49,-0.35951
-447.49,49,-0.35973
-444.54,49,-0.35995
-441.61,49,-0.36018
-438.7,49,-0.3604
-435.81,49,-0.36061
-432.94,49,-0.36083
-430.09,49,-0.36105
-427.25,49,-0.36126
-424.44,49,-0.36147
-421.65,49,-0.36168
-418.88,49,-0.36188
-416.13,49,-0.36209
-413.39,49,-0.36229
-410.68,49,-0.36249
-407.98,49,-0.36269
-405.31,49,-0.36289
-402.65,49,-0.36309
-400.02,49,-0.36328
-397.4,49,-0.36348
-394.8,49,-0.36367
-392.22,49,-0.36386
-389.66,49,-0.36405
-387.12,49,-0.36423
-384.6,49,-0.36442
-382.1,49,-0.3646
-379.62,49,-0.36478
-377.15,49,-0.36496
-374.7,49,-0.36514
-372.28,49,-0.36532
-369.87,49,-0.36549
-367.48,49,-0.36567
-365.1,49,-0.36584
-362.75,49,-0.36601
-360.41,49,-0.36618
-358.1,49,-0.36635
-355.8,49,-0.36651
-353.52,49,-0.36668
-351.25,49,-0.36684
-349.01,49,-0.367
-346.78,49,-0.36716
-344.57,49,-0.36732
-342.38,49,-0.36748
-340.21,49,-0.36764
-338.05,49,-0.36779
-335.91,49,-0.36794
-333.79,49,-0.36809
-331.69,49,-0.36825
-329.6,49,-0.36839
-327.53,49,-0.36854
-325.48,49,-0.36869
-323.45,49,-0.36883
-321.43,49,-0.36898
-319.43,49,-0.36912
-317.44,49,-0.36926
-315.48,49,-0.3694
-313.53,49,-0.36954
-311.6,49,-0.36968
-309.68,49,-0.36981
-307.78,49,-0.36995
-305.89,49,-0.37008
-304.03,49,-0.37021
-302.18,49,-0.37035
-300.34,49,-0.37048
-298.52,49,-0.3706
-296.72,49,-0.37073
-294.94,49,-0.37086
-293.17,49,-0.37098
-291.41,49,-0.37111
-289.67,49,-0.37123
-287.95,49,-0.37135
-286.24,49,-0.37147
-284.55,49,-0.37159
-282.87,49,-0.37171
-281.21,49,-0.37183
-279.57,49,-0.37195
-277.94,49,-0.37206
-276.32,49,-0.37218
-274.72,49,-0.37229
-273.14,49,-0.3724
-271.57,49,-0.37251
-270.01,49,-0.37262
-268.47,49,-0.37273
-266.95,49,-0.37284
-265.44,49,-0.37295
-263.94,49,-0.37305
-262.46,49,-0.37316
-260.99,49,-0.37326
-259.54,49,-0.37337
-258.1,49,-0.37347
-256.67,49,-0.37357
-255.26,49,-0.37367
-253.86,49,-0.37377
-252.48,49,-0.37387
-251.11,49,-0.37397
-249.76,49,-0.37406
-248.41,49,-0.37416
-247.09,49,-0.37425
-245.77,49,-0.37435
-244.47,49,-0.37444
-243.18,49,-0.37453
-241.91,49,-0.37462
-240.65,49,-0.37471
-239.4,49,-0.3748
-238.16,49,-0.37489
-236.94,49,-0.37498
-235.73,49,-0.37507
-234.53,49,-0.37515
-233.35,49,-0.37524
-232.18,49,-0.37532
-231.02,49,-0.37541
-229.87,49,-0.37549
-228.74,49,-0.37557
-227.62,49,-0.37565
-226.51,49,-0.37573
-225.41,49,-0.37581
-224.32,49,-0.37589
-223.25,49,-0.37597
-222.19,49,-0.37605
-221.14,49,-0.37613
-220.1,49,-0.3762
-219.07,49,-0.37628
-218.06,49,-0.37635
-217.05,49,-0.37643
-216.06,49,-0.3765
-215.08,49,-0.37657
-214.11,49,-0.37665
-213.15,49,-0.37672
-212.21,49,-0.37679
-211.27,49,-0.37686
-210.35,49,-0.37693
-209.43,49,-0.37699
-208.53,49,-0.37706
-207.64,49,-0.37713
-206.75,49,-0.3772
-205.88,49,-0.37726
-205.02,49,-0.37733
-204.17,49,-0.37739
-203.33,49,-0.37746
-202.5,49,-0.37752
-201.68,49,-0.37758
-200.87,49,-0.37765
-200.07,49,-0.37771
-199.28,49,-0.37777
-198.5,49,-0.37783
-197.73,49,-0.37789
-196.97,49,-0.37795
-196.22,49,-0.37801
-195.47,49,-0.37807
-194.74,49,-0.37812
-194.02,49,-0.37818
-193.3,49,-0.37824
-192.6,49,-0.37829
-191.91,49,-0.37835
-191.22,49,-0.3784
-190.54,49,-0.37846
-189.87,49,-0.37851
-189.21,49,-0.37857
-188.56,49,-0.37862
-187.92,49,-0.37867
-187.29,49,-0.37872
-186.66,49,-0.37877
-186.05,49,-0.37883
-185.44,49,-0.37888
-184.84,49,-0.37893
-184.25,49,-0.37898
-183.67,49,-0.37902
-183.09,49,-0.37907
-182.52,49,-0.37912
-181.96,49,-0.37917
-181.41,49,-0.37922
-180.87,49,-0.37926
-180.33,49,-0.37931
-179.81,49,-0.37935
-179.29,49,-0.3794
-178.77,49,-0.37944
-178.27,49,-0.37949
-177.77,49,-0.37953
-177.28,49,-0.37958
-176.8,49,-0.37962
-176.32,49,-0.37966
-175.85,49,-0.3797
-175.39,49,-0.37975
-174.93,49,-0.37979
-174.48,49,-0.37983
-174.04,49,-0.37987
-173.61,49,-0.37991
-173.18,49,-0.37995
-172.76,49,-0.37999
-172.34,49,-0.38003
-171.93,49,-0.38007
-171.53,49,-0.38011
-171.14,49,-0.38014
-170.75,49,-0.38018
-170.36,49,-0.38022
-169.99,49,-0.38026
-169.62,49,-0.38029
-169.25,49,-0.38033
-168.89,49,-0.38036
-168.54,49,-0.3804
-168.19,49,-0.38044
-167.85,49,-0.38047
-167.51,49,-0.3805
-167.18,49,-0.38054
-166.86,49,-0.38057
-166.54,49,-0.38061
-166.22,49,-0.38064
-165.92,49,-0.38067
-165.61,49,-0.3807
-165.31,49,-0.38074
-165.02,49,-0.38077
-164.73,49,-0.3808
-164.45,49,-0.38083
-164.17,49,-0.38086
-163.9,49,-0.38089
-163.63,49,-0.38092
-163.37,49,-0.38095
-163.11,49,-0.38098
-162.86,49,-0.38101
-162.61,49,-0.38104
-162.36,49,-0.38107
-162.12,49,-0.3811
-161.89,49,-0.38113
-161.66,49,-0.38116
-161.43,49,-0.38118
-161.21,49,-0.38121
-160.99,49,-0.38124
-160.77,49,-0.38127
-160.56,49,-0.38129
-160.36,49,-0.38132
-160.15,49,-0.38134
-159.95,49,-0.38137
-159.76,49,-0.3814
-159.57,49,-0.38142
-159.38,49,-0.38145
-159.2,49,-0.38147
-159.02,49,-0.3815
-158.84,49,-0.38152
-158.67,49,-0.38155
-158.5,49,-0.38157
-158.33,49,-0.38159
-158.17,49,-0.38162
-158.01,49,-0.38164
-157.86,49,-0.38166
-157.7,49,-0.38169
-157.56,49,-0.38171
-157.41,49,-0.38173
-157.27,49,-0.38175
-157.13,49,-0.38177
-156.99,49,-0.3818
-156.85,49,-0.38182
-156.72,49,-0.38184
-156.59,49,-0.38186
-156.47,49,-0.38188
-156.34,49,-0.3819
-156.22,49,-0.38192
-156.1,49,-0.38194
-155.99,49,-0.38196
-155.88,49,-0.38198
-155.77,49,-0.382
-155.66,49,-0.38202
-155.55,49,-0.38204
-155.45,49,-0.38206
-155.35,49,-0.38208
-155.25,49,-0.3821
-155.15,49,-0.38212
-155.06,49,-0.38213
-154.96,49,-0.38215
-154.87,49,-0.38217
-154.78,49,-0.38219
-154.7,49,-0.38221
-154.61,49,-0.38222
-154.53,49,-0.38224
-154.45,49,-0.38226
-154.37,49,-0.38228
-154.29,49,-0.38229
-154.22,49,-0.38231
-154.14,49,-0.38233
-154.07,49,-0.38234
-154,49,-0.38236
-153.93,49,-0.38237
-153.86,49,-0.38239
-153.8,49,-0.38241
-153.73,49,-0.38242
-153.67,49,-0.38244
-153.61,49,-0.38245
-153.55,49,-0.38247
-153.49,49,-0.38248
-153.43,49,-0.3825
-153.37,49,-0.38251
-153.31,49,-0.38253
-153.26,49,-0.38254
-153.21,49,-0.38255
-153.15,49,-0.38257
-153.1,49,-0.38258
-153.05,49,-0.3826
-153,49,-0.38261
-152.95,49,-0.38262
-152.9,49,-0.38264
-152.86,49,-0.38265
-152.81,49,-0.38266
-152.77,49,-0.38268
-152.72,49,-0.38269
-152.68,49,-0.3827
-152.63,49,-0.38271
-152.59,49,-0.38273
-152.55,49,-0.38274
-152.51,49,-0.38275
-152.46,49,-0.38276
-152.42,49,-0.38277
-152.38,49,-0.38279
-152.34,49,-0.3828
-152.31,49,-0.38281
-152.27,49,-0.38282
-152.23,49,-0.38283
-152.19,49,-0.38284
-152.15,49,-0.38286
-152.12,49,-0.38287
-152.08,49,-0.38288
-152.04,49,-0.38289
-152,49,-0.3829
-151.97,49,-0.38291
-151.93,49,-0.38292
-151.89,49,-0.38293
-151.86,49,-0.38294
-151.82,49,-0.38295
-151.79,49,-0.38296
-151.75,49,-0.38297
-151.71,49,-0.38298
-151.68,49,-0.38299
-151.64,49,-0.383
-151.61,49,-0.38301
-151.57,49,-0.38302
-151.53,49,-0.38303
-151.5,49,-0.38304
-151.46,49,-0.38305
-151.42,49,-0.38306
-151.39,49,-0.38307
-151.35,49,-0.38308
-151.31,49,-0.38308
-151.27,49,-0.38309
-151.23,49,-0.3831
-151.2,49,-0.38311
-151.16,49,-0.38312
-151.12,49,-0.38313
-151.08,49,-0.38314
-151.04,49,-0.38314
-151,49,-0.38315
-150.96,49,-0.38316
-150.92,49,-0.38317
-150.88,49,-0.38318
-150.83,49,-0.38318
-150.79,49,-0.38319
-150.75,49,-0.3832
-150.7,49,-0.38321
-150.66,49,-0.38322
-150.62,49,-0.38322
-150.57,49,-0.38323
-150.52,49,-0.38324
-150.48,49,-0.38324
-150.43,49,-0.38325
-150.38,49,-0.38326
-150.34,49,-0.38327
-150.29,49,-0.38327
-150.24,49,-0.38328
-150.19,49,-0.38329
-150.13,49,-0.38329
-150.08,49,-0.3833
-150.03,49,-0.38331
-149.98,49,-0.38331
-149.92,49,-0.38332
-149.87,49,-0.38333
-149.81,49,-0.38333
-149.76,49,-0.38334
-149.7,49,-0.38335
-149.64,49,-0.38335
-149.58,49,-0.38336
-149.52,49,-0.38336
-149.46,49,-0.38337
-149.4,49,-0.38338
-149.34,49,-0.38338
-149.28,49,-0.38339
-149.21,49,-0.38339
-149.15,49,-0.3834
-149.08,49,-0.38341
-149.02,49,-0.38341
-148.95,49,-0.38342
-148.88,49,-0.38342
-148.81,49,-0.38343
-148.74,49,-0.38343
-148.67,49,-0.38344
-148.6,49,-0.38344
-148.53,49,-0.38345
-148.45,49,-0.38345
-148.38,49,-0.38346
-148.3,49,-0.38346
-148.22,49,-0.38347
-148.15,49,-0.38347
-148.07,49,-0.38348
-147.99,49,-0.38348
-147.91,49,-0.38349
-147.83,49,-0.38349
-147.74,49,-0.3835
-147.66,49,-0.3835
-147.58,49,-0.38351
-147.49,49,-0.38351
-147.4,49,-0.38352
-147.31,49,-0.38352
-147.23,49,-0.38353
-147.14,49,-0.38353
-147.05,49,-0.38354
-146.95,49,-0.38354
-146.86,49,-0.38354
-146.77,49,-0.38355
-146.67,49,-0.38355
-146.58,49,-0.38356
-146.48,49,-0.38356
-146.38,49,-0.38356
-146.28,49,-0.38357
-146.18,49,-0.38357
-146.08,49,-0.38358
-145.98,49,-0.38358
-145.88,49,-0.38358
-145.77,49,-0.38359
-145.67,49,-0.38359
-145.56,49,-0.3836
-145.45,49,-0.3836
-145.34,49,-0.3836
-145.24,49,-0.38361
-145.13,49,-0.38361
-145.01,49,-0.38361
-144.9,49,-0.38362
-144.79,49,-0.38362
-144.67,49,-0.38362
-144.56,49,-0.38363
-144.44,49,-0.38363
-144.32,49,-0.38364
-144.21,49,-0.38364
-144.09,49,-0.38364
-143.97,49,-0.38365
-143.84,49,-0.38365
-143.72,49,-0.38365
-143.6,49,-0.38365
-143.47,49,-0.38366
-143.35,49,-0.38366
-143.22,49,-0.38366
-143.09,49,-0.38367
-142.96,49,-0.38367
-142.84,49,-0.38367
-142.7,49,-0.38368
-142.57,49,-0.38368
-142.44,49,-0.38368
-142.31,49,-0.38369
-142.17,49,-0.38369
-142.04,49,-0.38369
-141.9,49,-0.38369
-141.77,49,-0.3837
-141.63,49,-0.3837
-141.49,49,-0.3837
-141.35,49,-0.3837
-141.21,49,-0.38371
-141.07,49,-0.38371
-140.92,49,-0.38371
-140.78,49,-0.38371
-140.64,49,-0.38372
-140.49,49,-0.38372
-140.34,49,-0.38372
-140.2,49,-0.38373
-140.05,49,-0.38373
-139.9,49,-0.38373
-139.75,49,-0.38373
-139.6,49,-0.38373
-139.45,49,-0.38374
-139.3,49,-0.38374
-139.14,49,-0.38374
-138.99,49,-0.38374
-138.84,49,-0.38375
-138.68,49,-0.38375
-138.52,49,-0.38375
-138.37,49,-0.38375
-138.21,49,-0.38376
-138.05,49,-0.38376
-137.89,49,-0.38376
-137.73,49,-0.38376
-137.57,49,-0.38376
-137.41,49,-0.38377
-137.25,49,-0.38377
-137.08,49,-0.38377
-136.92,49,-0.38377
-136.76,49,-0.38377
-136.59,49,-0.38378
-136.43,49,-0.38378
-136.26,49,-0.38378
-136.09,49,-0.38378
-135.93,49,-0.38378
-135.76,49,-0.38379
-135.59,49,-0.38379
-135.42,49,-0.38379
-135.25,49,-0.38379
-135.08,49,-0.38379
-134.91,49,-0.38379
-134.73,49,-0.3838
-134.56,49,-0.3838
-134.39,49,-0.3838
-134.21,49,-0.3838
-134.04,49,-0.3838
-133.87,49,-0.3838
-133.69,49,-0.38381
-133.51,49,-0.38381
-133.34,49,-0.38381
-133.16,49,-0.38381
-132.98,49,-0.38381
-132.81,49,-0.38381
-132.63,49,-0.38382
-132.45,49,-0.38382
-132.27,49,-0.38382
-132.09,49,-0.38382
-131.91,49,-0.38382
-131.73,49,-0.38382
-131.55,49,-0.38383
-131.37,49,-0.38383
-131.18,49,-0.38383
-131,49,-0.38383
-130.82,49,-0.38383
-130.64,49,-0.38383
-130.45,49,-0.38383
-130.27,49,-0.38384
-130.08,49,-0.38384
-129.9,49,-0.38384
-129.72,49,-0.38384
-129.53,49,-0.38384
-129.35,49,-0.38384
-129.16,49,-0.38384
-128.97,49,-0.38384
-128.79,49,-0.38385
-128.6,49,-0.38385
-128.42,49,-0.38385
-128.23,49,-0.38385
-128.04,49,-0.38385
-127.85,49,-0.38385
-127.67,49,-0.38385
-127.48,49,-0.38385
-127.29,49,-0.38386
-127.1,49,-0.38386
-126.91,49,-0.38386
-126.73,49,-0.38386
-126.54,49,-0.38386
-126.35,49,-0.38386
-126.16,49,-0.38386
-125.97,49,-0.38386
-125.78,49,-0.38386
-125.59,49,-0.38387
-125.4,49,-0.38387
-125.22,49,-0.38387
-125.03,49,-0.38387
-124.84,49,-0.38387
-124.65,49,-0.38387
-124.46,49,-0.38387
-124.27,49,-0.38387
-124.08,49,-0.38387
-123.89,49,-0.38387
-123.7,49,-0.38388
-123.51,49,-0.38388
-123.32,49,-0.38388
-123.13,49,-0.38388
-122.94,49,-0.38388
-122.75,49,-0.38388
-122.57,49,-0.38388
-122.38,49,-0.38388
-122.19,49,-0.38388
-122,49,-0.38388
-121.81,49,-0.38388
-121.62,49,-0.38389
-121.43,49,-0.38389
-121.24,49,-0.38389
-121.06,49,-0.38389
-120.87,49,-0.38389
-120.68,49,-0.38389
-120.49,49,-0.38389
-120.31,49,-0.38389
-120.12,49,-0.38389
-119.93,49,-0.38389
-119.74,49,-0.38389
-119.56,49,-0.38389
-119.37,49,-0.3839
-119.19,49,-0.3839
-119,49,-0.3839
-118.81,49,-0.3839
-118.63,49,-0.3839
-118.44,49,-0.3839
-118.26,49,-0.3839
-118.08,49,-0.3839
-117.89,49,-0.3839
-117.71,49,-0.3839
-117.52,49,-0.3839
-117.34,49,-0.3839
-117.16,49,-0.3839
-116.98,49,-0.3839
-116.79,49,-0.38391
-116.61,49,-0.38391
-116.43,49,-0.38391
-116.25,49,-0.38391
-116.07,49,-0.38391
-115.89,49,-0.38391
-115.71,49,-0.38391
-115.53,49,-0.38391
-115.35,49,-0.38391
-115.17,49,-0.38391
-115,49,-0.38391
-114.82,49,-0.38391
-114.64,49,-0.38391
-114.46,49,-0.38391
-114.29,49,-0.38391
-114.11,49,-0.38391
-113.94,49,-0.38392
-113.76,49,-0.38392
-113.59,49,-0.38392
-113.42,49,-0.38392
-113.24,49,-0.38392
-113.07,49,-0.38392
-112.9,49,-0.38392
-112.73,49,-0.38392
-112.56,49,-0.38392
-112.39,49,-0.38392
-112.22,49,-0.38392
-112.05,49,-0.38392
-111.88,49,-0.38392
-111.71,49,-0.38392
-111.54,49,-0.38392
-111.38,49,-0.38392
-111.21,49,-0.38392
-111.05,49,-0.38392
-110.88,49,-0.38392
-110.72,49,-0.38393
-110.55,49,-0.38393
-110.39,49,-0.38393
-110.23,49,-0.38393
-110.07,49,-0.38393
-109.91,49,-0.38393
-109.75,49,-0.38393
-109.59,49,-0.38393
-109.43,49,-0.38393
-109.27,49,-0.38393
-109.11,49,-0.38393
-108.96,49,-0.38393
-108.8,49,-0.38393
-108.65,49,-0.38393
-108.49,49,-0.38393
-108.34,49,-0.38393
-108.18,49,-0.38393
-108.03,49,-0.38393
-107.88,49,-0.38393
-107.73,49,-0.38393
-107.58,49,-0.38393
-107.43,49,-0.38393
-107.28,49,-0.38393
-107.13,49,-0.38394
-106.99,49,-0.38394
-106.84,49,-0.38394
-106.7,49,-0.38394
-106.55,49,-0.38394
-106.41,49,-0.38394
-106.26,49,-0.38394
-106.12,49,-0.38394
-105.98,49,-0.38394
-105.84,49,-0.38394
-105.7,49,-0.38394
-105.56,49,-0.38394
-105.42,49,-0.38394
-105.29,49,-0.38394
-105.15,49,-0.38394
-105.01,49,-0.38394
-104.88,49,-0.38394
-104.75,49,-0.38394
-104.61,49,-0.38394
-104.48,49,-0.38394
-104.35,49,-0.38394
-104.22,49,-0.38394
-104.09,49,-0.38394
-103.96,49,-0.38394
-103.83,49,-0.38394
-103.7,49,-0.38394
-103.58,49,-0.38394
-103.45,49,-0.38394
-103.33,49,-0.38394
-103.21,49,-0.38394
-103.08,49,-0.38394
-102.96,49,-0.38395
-102.84,49,-0.38395
-102.72,49,-0.38395
-102.6,49,-0.38395
-102.48,49,-0.38395
-102.37,49,-0.38395
-102.25,49,-0.38395
-102.13,49,-0.38395
-102.02,49,-0.38395
-101.91,49,-0.38395
-101.79,49,-0.38395
-101.68,49,-0.38395
-101.57,49,-0.38395
-101.46,49,-0.38395
-101.35,49,-0.38395
-101.25,49,-0.38395
-101.14,49,-0.38395
-101.03,49,-0.38395
-100.93,49,-0.38395
-100.82,49,-0.38395
-100.72,49,-0.38395
-100.62,49,-0.38395
-100.52,49,-0.38395
-100.41,49,-0.38395
-100.32,49,-0.38395
-100.22,49,-0.38395
-100.12,49,-0.38395
-100.02,49,-0.38395
-99.926,49,-0.38395
-99.831,49,-0.38395
-99.737,49,-0.38395
-99.644,49,-0.38395
-99.552,49,-0.38395
-99.461,49,-0.38395
-99.371,49,-0.38395
-99.282,49,-0.38395
-99.193,49,-0.38395
-99.106,49,-0.38395
-99.02,49,-0.38395
-98.934,49,-0.38395
-98.85,49,-0.38395
-98.766,49,-0.38395
-98.684,49,-0.38395
-98.602,49,-0.38395
-98.521,49,-0.38395
-98.441,49,-0.38395
-98.363,49,-0.38396
-98.285,49,-0.38396
-98.208,49,-0.38396
-98.132,49,-0.38396
-98.057,49,-0.38396
-97.982,49,-0.38396
-97.909,49,-0.38396
-97.837,49,-0.38396
-97.766,49,-0.38396
-97.695,49,-0.38396
-97.626,49,-0.38396
-97.557,49,-0.38396
-97.49,49,-0.38396
-97.423,49,-0.38396
-97.357,49,-0.38396
-97.293,49,-0.38396
-97.229,49,-0.38396
-97.166,49,-0.38396
-97.104,49,-0.38396
-97.043,49,-0.38396
-96.982,49,-0.38396
-96.923,49,-0.38396
-96.865,49,-0.38396
-96.807,49,-0.38396
-96.751,49,-0.38396
-96.695,49,-0.38396
-96.64,49,-0.38396
-96.586,49,-0.38396
-96.534,49,-0.38396
-96.482,49,-0.38396
-96.43,49,-0.38396
-96.38,49,-0.38396
-96.331,49,-0.38396
-96.282,49,-0.38396
-96.235,49,-0.38396
-96.188,49,-0.38396
-96.142,49,-0.38396
-96.097,49,-0.38396
-96.053,49,-0.38396
-96.01,49,-0.38396
-95.968,49,-0.38396
-95.927,49,-0.38396
-95.886,49,-0.38396
-95.846,49,-0.38396
-95.807,49,-0.38396
-95.769,49,-0.38396
-95.732,49,-0.38396
-95.696,49,-0.38396
-95.661,49,-0.38396
-95.626,49,-0.38396
-95.592,49,-0.38396
-95.559,49,-0.38396
-95.527,49,-0.38396
-95.496,49,-0.38396
-95.465,49,-0.38396
-95.436,49,-0.38396
-95.407,49,-0.38396
-95.379,49,-0.38396
-95.352,49,-0.38396
-95.325,49,-0.38396
-95.3,49,-0.38396
-95.275,49,-0.38396
-95.251,49,-0.38396
-95.228,49,-0.38396
-95.206,49,-0.38396
-95.184,49,-0.38396
-95.163,49,-0.38396
-95.143,49,-0.38396
-95.124,49,-0.38396
-95.105,49,-0.38396
-95.087,49,-0.38396
-95.07,49,-0.38396
-95.054,49,-0.38396
-95.038,49,-0.38396
-95.024,49,-0.38396
-95.01,49,-0.38396
-94.996,49,-0.38396
-94.984,49,-0.38396
-94.972,49,-0.38396
-94.961,49,-0.38396
-94.95,49,-0.38396
-94.94,49,-0.38396
-94.931,49,-0.38396
-94.923,49,-0.38396
-94.915,49,-0.38396
-94.909,49,-0.38397
-94.902,49,-0.38397
-94.897,49,-0.38397
-94.892,49,-0.38397
-94.888,49,-0.38397
-94.884,49,-0.38397
-94.881,49,-0.38397
-94.879,49,-0.38397
-94.877,49,-0.38397
-94.876,49,-0.38397
-94.876,49,-0.38397
-94.876,49,-0.38397
-94.877,49,-0.38397
-94.879,49,-0.38397
-94.881,49,-0.38397
-94.884,49,-0.38397
-94.887,49,-0.38397
-94.891,49,-0.38397
-94.896,49,-0.38397
-94.901,49,-0.38397
-94.907,49,-0.38397
-94.913,49,-0.38397
-94.92,49,-0.38397
-94.928,49,-0.38397
-94.936,49,-0.38397
-94.944,49,-0.38397
-94.954,49,-0.38397
-94.963,49,-0.38397
-94.974,49,-0.38397
-94.984,49,-0.38397
-94.996,49,-0.38397
-95.008,49,-0.38397
-95.02,49,-0.38397
-95.033,49,-0.38397
-95.046,49,-0.38397
-95.06,49,-0.38397
-95.075,49,-0.38397
-95.09,49,-0.38397
-95.105,49,-0.38397
-95.121,49,-0.38397
-95.137,49,-0.38397
-95.154,49,-0.38397
-95.171,49,-0.38397
-95.189,49,-0.38397
-95.207,49,-0.38397
-95.226,49,-0.38397
-95.245,49,-0.38397
-95.264,49,-0.38397
-95.284,49,-0.38397
-95.305,49,-0.38397
-95.325,49,-0.38397
-95.347,49,-0.38397
-95.368,49,-0.38397
-95.39,49,-0.38397
-95.412,49,-0.38397
-95.435,49,-0.38397
-95.458,49,-0.38397
-95.482,49,-0.38397
-95.506,49,-0.38397
-95.53,49,-0.38397
-95.554,49,-0.38397
-95.579,49,-0.38397
-95.605,49,-0.38397
-95.63,49,-0.38397
-95.656,49,-0.38397
-95.682,49,-0.38397
-95.709,49,-0.38397
-95.736,49,-0.38397
-95.763,49,-0.38397
-95.79,49,-0.38397
-95.818,49,-0.38397
-95.846,49,-0.38397
-95.875,49,-0.38397
-95.903,49,-0.38397
-95.932,49,-0.38397
-95.961,49,-0.38397
-95.991,49,-0.38397
-96.02,49,-0.38397
-96.05,49,-0.38397
-96.081,49,-0.38397
-96.111,49,-0.38397
-96.142,49,-0.38397
-96.172,49,-0.38397
-96.203,49,-0.38397
-96.235,49,-0.38397
-96.266,49,-0.38397
-96.298,49,-0.38397
-96.33,49,-0.38397
-96.362,49,-0.38397
-96.394,49,-0.38397
-96.426,49,-0.38397
-96.459,49,-0.38397
-96.492,49,-0.38397
-96.525,49,-0.38397
-96.558,49,-0.38397
-96.591,49,-0.38397
-96.624,49,-0.38397
-96.658,49,-0.38397
-96.691,49,-0.38397
-96.725,49,-0.38397
-96.759,49,-0.38397
-96.793,49,-0.38397
-96.827,49,-0.38397
-96.861,49,-0.38397
-96.895,49,-0.38397
-96.929,49,-0.38397
-96.964,49,-0.38397
-96.998,49,-0.38397
-97.033,49,-0.38397
-97.067,49,-0.38397
-97.102,49,-0.38397
-97.137,49,-0.38397
-97.172,49,-0.38397
-97.206,49,-0.38397
-97.241,49,-0.38397
-97.276,49,-0.38397
-97.311,49,-0.38397
-97.346,49,-0.38397
-97.381,49,-0.38397
-97.416,49,-0.38397
-97.451,49,-0.38397
-97.486,49,-0.38397
-97.52,49,-0.38397
-97.555,49,-0.38397
-97.59,49,-0.38397
-97.625,49,-0.38397
-97.66,49,-0.38397
-97.695,49,-0.38397
-97.729,49,-0.38397
-97.764,49,-0.38397
-97.799,49,-0.38397
-97.833,49,-0.38397
-97.868,49,-0.38397
-97.902,49,-0.38397
-97.937,49,-0.38397
-97.971,49,-0.38397
-98.005,49,-0.38397
-98.039,49,-0.38397
-98.073,49,-0.38397
-98.107,49,-0.38397
-98.141,49,-0.38397
-98.175,49,-0.38397
-98.208,49,-0.38397
-98.242,49,-0.38397
-98.275,49,-0.38397
-98.309,49,-0.38397
-98.342,49,-0.38397
-98.375,49,-0.38397
-98.407,49,-0.38397
-98.44,49,-0.38397
-98.473,49,-0.38397
-98.505,49,-0.38397
-98.537,49,-0.38397
-98.569,49,-0.38397
-98.601,49,-0.38397
-98.633,49,-0.38397
-98.664,49,-0.38397
-98.695,49,-0.38397
-98.727,49,-0.38397
-98.757,49,-0.38397
-98.788,49,-0.38397
-98.819,49,-0.38397
-98.849,49,-0.38397
-98.879,49,-0.38397
-98.909,49,-0.38397
-98.939,49,-0.38397
-98.968,49,-0.38397
-98.997,49,-0.38397
-99.026,49,-0.38397
-99.055,49,-0.38397
-99.083,49,-0.38397
-99.111,49,-0.38397
-99.139,49,-0.38397
-99.167,49,-0.38397
-99.195,49,-0.38397
-99.222,49,-0.38397
-99.249,49,-0.38397
-99.275,49,-0.38397
-99.302,49,-0.38397
-99.328,49,-0.38397
-99.353,49,-0.38397
-99.379,49,-0.38397
-99.404,49,-0.38397
-99.429,49,-0.38397
-99.454,49,-0.38397
-99.478,49,-0.38397
-99.502,49,-0.38397
-99.526,49,-0.38397
-99.549,49,-0.38397
-99.572,49,-0.38397
-99.595,49,-0.38397
-99.617,49,-0.38397
-99.639,49,-0.38397
-99.661,49,-0.38397
-99.682,49,-0.38397
-99.703,49,-0.38397
-99.724,49,-0.38397
-99.745,49,-0.38397
-99.765,49,-0.38397
-99.784,49,-0.38397
-99.804,49,-0.38397
-99.823,49,-0.38397
-99.841,49,-0.38397
-99.859,49,-0.38397
-99.877,49,-0.38397
-99.895,49,-0.38397
-99.912,49,-0.38397
-99.929,49,-0.38397
-99.945,49,-0.38397
-99.961,49,-0.38397
-99.977,49,-0.38397
-99.992,49,-0.38397
-100.01,49,-0.38397
-100.02,49,-0.38397
-100.04,49,-0.38397
-100.05,49,-0.38397
-100.06,49,-0.38397
-100.07,49,-0.38397
-100.09,49,-0.38397
-100.1,49,-0.38397
-100.11,49,-0.38397
-100.12,49,-0.38397
-100.13,49,-0.38397
-100.14,49,-0.38397
-100.15,49,-0.38397
-100.16,49,-0.38397
-100.17,49,-0.38397
-100.18,49,-0.38397
-100.19,49,-0.38397
-100.2,49,-0.38397
-100.2,49,-0.38397
-100.21,49,-0.38397
-100.22,49,-0.38397
-100.22,49,-0.38397
-100.23,49,-0.38397
-100.23,49,-0.38397
-100.24,49,-0.38397
-100.24,49,-0.38397
-100.25,49,-0.38397
-100.25,49,-0.38397
-100.25,49,-0.38397
-100.25,49,-0.38397
-100.26,49,-0.38397
-100.26,49,-0.38397
-100.26,49,-0.38397
-100.26,49,-0.38397
-100.26,49,-0.38397
-100.26,49,-0.38397
-100.26,49,-0.38397
-100.26,49,-0.38397
-100.26,49,-0.38397
-100.25,49,-0.38397
-100.25,49,-0.38397
-100.25,49,-0.38397
-100.24,49,-0.38397
-100.24,49,-0.38397
-100.24,49,-0.38397
-100.23,49,-0.38397
-100.23,49,-0.38397
-100.22,49,-0.38397
-100.21,49,-0.38397
-100.21,49,-0.38397
-100.2,49,-0.38397
-100.19,49,-0.38397
-100.18,49,-0.38397
-100.17,49,-0.38397
-100.16,49,-0.38397
-100.15,49,-0.38397
-100.14,49,-0.38397
-100.13,49,-0.38397
-100.12,49,-0.38397
-100.11,49,-0.38397
-100.1,49,-0.38397
-100.08,49,-0.38397
-100.07,49,-0.38397
-100.06,49,-0.38397
-100.04,49,-0.38397
-100.03,49,-0.38397
-100.01,49,-0.38397
-99.997,49,-0.38397
-99.981,49,-0.38397
-99.964,49,-0.38397
-99.947,49,-0.38397
-99.929,49,-0.38397
-99.911,49,-0.38397
-99.892,49,-0.38397
-99.873,49,-0.38397
-99.854,49,-0.38397
-99.833,49,-0.38397
-99.813,49,-0.38397
-99.792,49,-0.38397
-99.77,49,-0.38397
-99.748,49,-0.38397
-99.725,49,-0.38397
-99.702,49,-0.38397
-99.678,49,-0.38397
-99.654,49,-0.38397
-99.63,49,-0.38397
-99.605,49,-0.38397
-99.579,49,-0.38397
-99.553,49,-0.38397
-99.526,49,-0.38397
-99.499,49,-0.38397
-99.472,49,-0.38397
-99.444,49,-0.38397
-99.415,49,-0.38397
-99.386,49,-0.38397
-99.357,49,-0.38397
-99.327,49,-0.38397
-99.296,49,-0.38397
-99.265,49,-0.38397
-99.234,49,-0.38397
-99.202,49,-0.38397
-99.169,49,-0.38397
-99.137,49,-0.38397
-99.103,49,-0.38397
-99.069,49,-0.38397
-99.035,49,-0.38397
-99,49,-0.38397
-98.965,49,-0.38397
-98.929,49,-0.38397
-98.893,49,-0.38397
-98.856,49,-0.38397
-98.819,49,-0.38397
-98.781,49,-0.38397
-98.743,49,-0.38397
-98.705,49,-0.38397
-98.666,49,-0.38397
-98.626,49,-0.38397
-98.586,49,-0.38397
-98.546,49,-0.38397
-98.505,49,-0.38397
-98.463,49,-0.38397
-98.421,49,-0.38397
-98.379,49,-0.38397
-98.336,49,-0.38397
-98.293,49,-0.38397
-98.25,49,-0.38397
-98.205,49,-0.38397
-98.161,49,-0.38397
-98.116,49,-0.38397
-98.07,49,-0.38397
-98.024,49,-0.38397
-97.978,49,-0.38397
-97.931,49,-0.38397
-97.884,49,-0.38397
-97.836,49,-0.38397
-97.788,49,-0.38397
-97.74,49,-0.38397
-97.691,49,-0.38397
-97.641,49,-0.38397
-97.591,49,-0.38397
-97.541,49,-0.38397
-97.49,49,-0.38397
-97.439,49,-0.38397
-97.388,49,-0.38397
-97.336,49,-0.38397
-97.283,49,-0.38397
-97.23,49,-0.38397
-97.177,49,-0.38397
-97.123,49,-0.38397
-97.069,49,-0.38397
-97.015,49,-0.38397
-96.96,49,-0.38397
-96.905,49,-0.38397
-96.849,49,-0.38397
-96.793,49,-0.38397
-96.736,49,-0.38397
-96.679,49,-0.38397
-96.622,49,-0.38397
-96.564,49,-0.38397
-96.506,49,-0.38397
-96.448,49,-0.38397
-96.389,49,-0.38397
-96.33,49,-0.38397
-96.27,49,-0.38397
-96.21,49,-0.38397
-96.15,49,-0.38397
-96.089,49,-0.38397
-96.028,49,-0.38397
-95.966,49,-0.38397
-95.904,49,-0.38397
-95.842,49,-0.38397
-95.779,49,-0.38397
-95.716,49,-0.38397
-95.653,49,-0.38397
-95.589,49,-0.38397
-95.525,49,-0.38397
-95.461,49,-0.38397
-95.396,49,-0.38397
-95.331,49,-0.38397
-95.266,49,-0.38397
-95.2,49,-0.38397
-95.134,49,-0.38397
-95.067,49,-0.38397
-95,49,-0.38397
-94.933,49,-0.38397
-94.866,49,-0.38397
-94.798,49,-0.38397
-94.73,49,-0.38397
-94.662,49,-0.38397
-94.593,49,-0.38397
-94.524,49,-0.38397
-94.454,49,-0.38397
-94.385,49,-0.38397
-94.315,49,-0.38397
-94.244,49,-0.38397
-94.174,49,-0.38397
-94.103,49,-0.38397
-94.032,49,-0.38397
-93.96,49,-0.38397
-93.888,49,-0.38397
-93.816,49,-0.38397
-93.744,49,-0.38397
-93.671,49,-0.38397
-93.598,49,-0.38397
-93.525,49,-0.38397
-93.452,49,-0.38397
-93.378,49,-0.38397
-93.304,49,-0.38397
-93.23,49,-0.38397
-93.155,49,-0.38397
-93.08,49,-0.38397
-93.005,49,-0.38397
-92.93,49,-0.38397
-92.854,49,-0.38397
-92.779,49,-0.38397
-92.703,49,-0.38397
-92.626,49,-0.38397
-92.55,49,-0.38397
-92.473,49,-0.38397
-92.396,49,-0.38397
-92.319,49,-0.38397
-92.241,49,-0.38397
-92.163,49,-0.38397
-92.085,49,-0.38397
-92.007,49,-0.38397
-91.929,49,-0.38397
-91.85,49,-0.38397
-91.771,49,-0.38397
-91.692,49,-0.38397
-91.613,49,-0.38397
-91.534,49,-0.38397
-91.454,49,-0.38397
-91.374,49,-0.38397
-91.294,49,-0.38397
-91.214,49,-0.38397
-91.134,49,-0.38397
-91.053,49,-0.38397
-90.972,49,-0.38397
-90.891,49,-0.38397
-90.81,49,-0.38397
-90.729,49,-0.38397
-90.647,49,-0.38397
-90.566,49,-0.38397
-90.484,49,-0.38397
-90.402,49,-0.38397
-90.32,49,-0.38397
-90.238,49,-0.38397
-90.155,49,-0.38397
-90.073,49,-0.38397
-89.99,49,-0.38397
-89.907,49,-0.38397
-89.824,49,-0.38397
-89.741,49,-0.38397
-89.657,49,-0.38397
-89.574,49,-0.38397
-89.49,49,-0.38397
-89.407,49,-0.38397
-89.323,49,-0.38397
-89.239,49,-0.38397
-89.155,49,-0.38397
-89.071,49,-0.38397
-88.986,49,-0.38397
-88.902,49,-0.38397
-88.817,49,-0.38397
-88.733,49,-0.38397
-88.648,49,-0.38397
-88.563,49,-0.38397
-88.478,49,-0.38397
-88.393,49,-0.38397
-88.308,49,-0.38397
-88.223,49,-0.38397
-88.138,49,-0.38397
-88.052,49,-0.38397
-87.967,49,-0.38397
-87.882,49,-0.38397
-87.796,49,-0.38397
-87.71,49,-0.38397
-87.625,49,-0.38397
-87.539,49,-0.38397
-87.453,49,-0.38397
-87.367,49,-0.38397
-87.281,49,-0.38397
-87.195,49,-0.38397
-87.109,49,-0.38397
-87.023,49,-0.38397
-86.937,49,-0.38397
-86.85,49,-0.38397
-86.764,49,-0.38397
-86.678,49,-0.38397
-86.592,49,-0.38397
-86.505,49,-0.38397
-86.419,49,-0.38397
-86.332,49,-0.38397
-86.246,49,-0.38397
-86.159,49,-0.38397
-86.073,49,-0.38397
-85.986,49,-0.38397
-85.9,49,-0.38397
-85.813,49,-0.38397
-85.727,49,-0.38397
-85.64,49,-0.38397
-85.554,49,-0.38397
-85.467,49,-0.38397
-85.381,49,-0.38397
-85.294,49,-0.38397
-85.208,49,-0.38397
-85.121,49,-0.38397
-85.035,49,-0.38397
-84.948,49,-0.38397
-84.862,49,-0.38397
-84.775,49,-0.38397
-84.689,49,-0.38397
-84.602,49,-0.38397
-84.516,49,-0.38397
-84.43,49,-0.38397
-84.343,49,-0.38397
-84.257,49,-0.38397
-84.171,49,-0.38397
-84.085,49,-0.38397
-83.998,49,-0.38397
-83.912,49,-0.38397
-83.826,49,-0.38397
-83.74,49,-0.38397
-83.654,49,-0.38397
-83.568,49,-0.38397
-83.483,49,-0.38397
-83.397,49,-0.38397
-83.311,49,-0.38397
-83.225,49,-0.38397
-83.14,49,-0.38397
-83.054,49,-0.38397
-82.969,49,-0.38397
-82.883,49,-0.38397
-82.798,49,-0.38397
-82.713,49,-0.38397
-82.628,49,-0.38397
-82.542,49,-0.38397
-82.457,49,-0.38397
-82.372,49,-0.38397
-82.288,49,-0.38397
-82.203,49,-0.38397
-82.118,49,-0.38397
-82.034,49,-0.38397
-81.949,49,-0.38397
-81.865,49,-0.38397
-81.781,49,-0.38397
-81.696,49,-0.38397
-81.612,49,-0.38397
-81.528,49,-0.38397
-81.445,49,-0.38397
-81.361,49,-0.38397
-81.277,49,-0.38397
-81.194,49,-0.38397
-81.11,49,-0.38397
-81.027,49,-0.38397
-80.944,49,-0.38397
-80.861,49,-0.38397
-80.778,49,-0.38397
-80.695,49,-0.38397
-80.612,49,-0.38397
-80.53,49,-0.38397
-80.448,49,-0.38397
-80.365,49,-0.38397
-80.283,49,-0.38397
-80.201,49,-0.38397
-80.119,49,-0.38397
-80.038,49,-0.38397
-79.956,49,-0.38397
-79.875,49,-0.38397
-79.793,49,-0.38397
-79.712,49,-0.38397
-79.631,49,-0.38397
-79.55,49,-0.38397
-79.47,49,-0.38397
-79.389,49,-0.38397
-79.309,49,-0.38397
-79.228,49,-0.38397
-79.148,49,-0.38397
-79.068,49,-0.38397
-78.989,49,-0.38397
-78.909,49,-0.38397
-78.83,49,-0.38397
-78.75,49,-0.38397
-78.671,49,-0.38397
-78.592,49,-0.38397
-78.514,49,-0.38397
-78.435,49,-0.38397
-78.357,49,-0.38397
-78.279,49,-0.38397
-78.2,49,-0.38397
-78.123,49,-0.38397
-78.045,49,-0.38397
-77.967,49,-0.38397
-77.89,49,-0.38397
-77.813,49,-0.38397
-77.736,49,-0.38397
-77.659,49,-0.38397
-77.583,49,-0.38397
-77.506,49,-0.38397
-77.43,49,-0.38397
-77.354,49,-0.38397
-77.278,49,-0.38397
-77.202,49,-0.38397
-77.127,49,-0.38397
-77.052,49,-0.38397
-76.977,49,-0.38397
-76.902,49,-0.38397
-76.827,49,-0.38397
-76.753,49,-0.38397
-76.678,49,-0.38397
-76.604,49,-0.38397
-76.53,49,-0.38397
-76.457,49,-0.38397
-76.383,49,-0.38397
-76.31,49,-0.38397
-76.237,49,-0.38397
-76.164,49,-0.38397
-76.091,49,-0.38397
-76.019,49,-0.38397
-75.947,49,-0.38397
-75.875,49,-0.38397
-75.803,49,-0.38397
-75.731,49,-0.38397
-75.66,49,-0.38397
-75.589,49,-0.38397
-75.518,49,-0.38397
-75.447,49,-0.38397
-75.377,49,-0.38397
-75.306,49,-0.38397
-75.236,49,-0.38397
-75.166,49,-0.38397
-75.097,49,-0.38397
-75.027,49,-0.38397
-74.958,49,-0.38397
-74.889,49,-0.38397
-74.82,49,-0.38397
-74.752,49,-0.38397
-74.683,49,-0.38397
-74.615,49,-0.38397
-74.547,49,-0.38397
-74.48,49,-0.38397
-74.412,49,-0.38397
-74.345,49,-0.38397
-74.278,49,-0.38397
-74.211,49,-0.38397
-74.145,49,-0.38397
-74.079,49,-0.38397
-74.013,49,-0.38397
-73.947,49,-0.38397
-73.881,49,-0.38397
-73.816,49,-0.38397
-73.751,49,-0.38397
-73.686,49,-0.38397
-73.621,49,-0.38397
-73.556,49,-0.38397
-73.492,49,-0.38397
-73.428,49,-0.38397
-73.364,49,-0.38397
-73.301,49,-0.38397
-73.238,49,-0.38397
-73.174,49,-0.38397
-73.112,49,-0.38397
-73.049,49,-0.38397
-72.987,49,-0.38397
-72.924,49,-0.38397
-72.863,49,-0.38397
-72.801,49,-0.38397
-72.739,49,-0.38397
-72.678,49,-0.38397
-72.617,49,-0.38397
-72.556,49,-0.38397
-72.496,49,-0.38397
-72.436,49,-0.38397
-72.375,49,-0.38397
-72.316,49,-0.38397
-72.256,49,-0.38397
-72.197,49,-0.38397
-72.138,49,-0.38397
-72.079,49,-0.38397
-72.02,49,-0.38397
-71.962,49,-0.38397
-71.903,49,-0.38397
-71.845,49,-0.38397
-71.788,49,-0.38397
-71.73,49,-0.38397
-71.673,49,-0.38397
-71.616,49,-0.38397
-71.559,49,-0.38397
-71.502,49,-0.38397
-71.446,49,-0.38397
-71.39,49,-0.38397
-71.334,49,-0.38397
-71.278,49,-0.38397
-71.223,49,-0.38397
-71.168,49,-0.38397
-71.113,49,-0.38397
-71.058,49,-0.38397
-71.004,49,-0.38397
-70.949,49,-0.38397
-70.895,49,-0.38397
-70.842,49,-0.38397
-70.788,49,-0.38397
-70.735,49,-0.38397
-70.681,49,-0.38397
-70.629,49,-0.38397
-70.576,49,-0.38397
-70.523,49,-0.38397
-70.471,49,-0.38397
-70.419,49,-0.38397
-70.367,49,-0.38397
-70.316,49,-0.38397
-70.265,49,-0.38397
-70.214,49,-0.38397
-70.163,49,-0.38397
-70.112,49,-0.38397
-70.062,49,-0.38397
-70.011,49,-0.38397
-69.961,49,-0.38397
-69.912,49,-0.38397
-69.862,49,-0.38397
-69.813,49,-0.38397
-69.764,49,-0.38397
-69.715,49,-0.38397
-69.666,49,-0.38397
-69.618,49,-0.38397
-69.569,49,-0.38397
-69.521,49,-0.38397
-69.474,49,-0.38397
-69.426,49,-0.38397
-69.379,49,-0.38397
-69.331,49,-0.38397
-69.284,49,-0.38397
-69.238,49,-0.38397
-69.191,49,-0.38397
-69.145,49,-0.38397
-69.099,49,-0.38397
-69.053,49,-0.38397
-69.007,49,-0.38397
-68.962,49,-0.38397
-68.916,49,-0.38397
-68.871,49,-0.38397
-68.826,49,-0.38397
-68.782,49,-0.38397
-68.737,49,-0.38397
-68.693,49,-0.38397
-68.649,49,-0.38397
-68.605,49,-0.38397
-68.561,49,-0.38397
-68.518,49,-0.38397
-68.475,49,-0.38397
-68.432,49,-0.38397
-68.389,49,-0.38397
-68.346,49,-0.38397
-68.304,49,-0.38397
-68.261,49,-0.38397
-68.219,49,-0.38397
-68.177,49,-0.38397
-68.136,49,-0.38397
-68.094,49,-0.38397
-68.053,49,-0.38397
-68.012,49,-0.38397
-67.971,49,-0.38397
-67.93,49,-0.38397
-67.89,49,-0.38397
-67.849,49,-0.38397
-67.809,49,-0.38397
-67.769,49,-0.38397
-67.729,49,-0.38397
-67.69,49,-0.38397
-67.65,49,-0.38397
-67.611,49,-0.38397
-67.572,49,-0.38397
-67.533,49,-0.38397
-67.494,49,-0.38397
-67.455,49,-0.38397
-67.417,49,-0.38397
-67.379,49,-0.38397
-67.341,49,-0.38397
-67.303,49,-0.38397
-67.265,49,-0.38397
-67.227,49,-0.38397
-67.19,49,-0.38397
-67.153,49,-0.38397
-67.116,49,-0.38397
-67.079,49,-0.38397
-67.042,49,-0.38397
-67.006,49,-0.38397
-66.969,49,-0.38397
-66.933,49,-0.38397
-66.897,49,-0.38397
-66.861,49,-0.38397
-66.825,49,-0.38397
-66.79,49,-0.38397
-66.754,49,-0.38397
-66.719,49,-0.38397
-66.684,49,-0.38397
-66.649,49,-0.38397
-66.614,49,-0.38397
-66.579,49,-0.38397
-66.545,49,-0.38397
-66.51,49,-0.38397
-66.476,49,-0.38397
-66.442,49,-0.38397
-66.408,49,-0.38397
-66.374,49,-0.38397
-66.34,49,-0.38397
-66.307,49,-0.38397
-66.273,49,-0.38397
-66.24,49,-0.38397
-66.207,49,-0.38397
-66.174,49,-0.38397
-66.141,49,-0.38397
-66.108,49,-0.38397
-66.076,49,-0.38397
-66.043,49,-0.38397
-66.011,49,-0.38397
-65.979,49,-0.38397
-65.947,49,-0.38397
-65.915,49,-0.38397
-65.883,49,-0.38397
-65.851,49,-0.38397
-65.819,49,-0.38397
-65.788,49,-0.38397
-65.757,49,-0.38397
-65.725,49,-0.38397
-65.694,49,-0.38397
-65.663,49,-0.38397
-65.632,49,-0.38397
-65.602,49,-0.38397
-65.571,49,-0.38397
-65.54,49,-0.38397
-65.51,49,-0.38397
-65.48,49,-0.38397
-65.449,49,-0.38397
-65.419,49,-0.38397
-65.389,49,-0.38397
-65.359,49,-0.38397
-65.33,49,-0.38397
-65.3,49,-0.38397
-65.27,49,-0.38397
-65.241,49,-0.38397
-65.211,49,-0.38397
-65.182,49,-0.38397
-65.153,49,-0.38397
-65.124,49,-0.38397
-65.095,49,-0.38397
-65.066,49,-0.38397
-65.037,49,-0.38397
-65.008,49,-0.38397
-64.979,49,-0.38397
-64.951,49,-0.38397
-64.922,49,-0.38397
-64.894,49,-0.38397
-64.866,49,-0.38397
-64.837,49,-0.38397
-64.809,49,-0.38397
-64.781,49,-0.38397
-64.753,49,-0.38397
-64.725,49,-0.38397
-64.697,49,-0.38397
-64.67,49,-0.38397
-64.642,49,-0.38397
-64.614,49,-0.38397
-64.587,49,-0.38397
-64.559,49,-0.38397
-64.532,49,-0.38397
-64.504,49,-0.38397
-64.477,49,-0.38397
-64.45,49,-0.38397
-64.423,49,-0.38397
-64.396,49,-0.38397
-64.369,49,-0.38397
-64.342,49,-0.38397
-64.315,49,-0.38397
-64.288,49,-0.38397
-64.261,49,-0.38397
-64.234,49,-0.38397
-64.208,49,-0.38397
-64.181,49,-0.38397
-64.155,49,-0.38397
-64.128,49,-0.38397
-64.102,49,-0.38397
-64.075,49,-0.38397
-64.049,49,-0.38397
-64.022,49,-0.38397
-63.996,49,-0.38397
-63.97,49,-0.38397
-63.944,49,-0.38397
-63.918,49,-0.38397
-63.891,49,-0.38397
-63.865,49,-0.38397
-63.839,49,-0.38397
-63.813,49,-0.38397
-63.787,49,-0.38397
-63.761,49,-0.38397
-63.736,49,-0.38397
-63.71,49,-0.38397
-63.684,49,-0.38397
-63.658,49,-0.38397
-63.632,49,-0.38397
-63.607,49,-0.38397
-63.581,49,-0.38397
-63.555,49,-0.38397
-63.53,49,-0.38397
-63.504,49,-0.38397
-63.478,49,-0.38397
-63.453,49,-0.38397
-63.427,49,-0.38397
-63.402,49,-0.38397
-63.376,49,-0.38397
-63.351,49,-0.38397
-63.325,49,-0.38397
-63.3,49,-0.38397
-63.274,49,-0.38397
-63.249,49,-0.38397
-63.223,49,-0.38397
-63.198,49,-0.38397
-63.173,49,-0.38397
-63.147,49,-0.38397
-63.122,49,-0.38397
-63.096,49,-0.38397
-63.071,49,-0.38397
-63.046,49,-0.38397
-63.02,49,-0.38397
-62.995,49,-0.38397
-62.97,49,-0.38397
-62.944,49,-0.38397
-62.919,49,-0.38397
-62.894,49,-0.38397
-62.868,49,-0.38397
-62.843,49,-0.38397
-62.818,49,-0.38397
-62.792,49,-0.38397
-62.767,49,-0.38397
-62.742,49,-0.38397
-62.716,49,-0.38397
-62.691,49,-0.38397
-62.666,49,-0.38397
-62.64,49,-0.38397
-62.615,49,-0.38397
-62.59,49,-0.38397
-62.564,49,-0.38397
-62.539,49,-0.38397
-62.513,49,-0.38397
-62.488,49,-0.38397
-62.462,49,-0.38397
-62.437,49,-0.38397
-62.411,49,-0.38397
-62.386,49,-0.38397
-62.36,49,-0.38397
-62.335,49,-0.38397
-62.309,49,-0.38397
-62.284,49,-0.38397
-62.258,49,-0.38397
-62.233,49,-0.38397
-62.207,49,-0.38397
-62.181,49,-0.38397
-62.156,49,-0.38397
-62.13,49,-0.38397
-62.104,49,-0.38397
-62.078,49,-0.38397
-62.053,49,-0.38397
-62.027,49,-0.38397
-62.001,49,-0.38397
-61.975,49,-0.38397
-61.949,49,-0.38397
-61.923,49,-0.38397
-61.897,49,-0.38397
-61.871,49,-0.38397
-61.845,49,-0.38397
-61.819,49,-0.38397
-61.793,49,-0.38397
-61.767,49,-0.38397
-61.741,49,-0.38397
-61.715,49,-0.38397
-61.688,49,-0.38397
-61.662,49,-0.38397
-61.636,49,-0.38397
-61.609,49,-0.38397
-61.583,49,-0.38397
-61.557,49,-0.38397
-61.53,49,-0.38397
-61.504,49,-0.38397
-61.477,49,-0.38397
-61.45,49,-0.38397
-61.424,49,-0.38397
-61.397,49,-0.38397
-61.37,49,-0.38397
-61.344,49,-0.38397
-61.317,49,-0.38397
-61.29,49,-0.38397
-61.263,49,-0.38397
-61.236,49,-0.38397
-61.209,49,-0.38397
-61.182,49,-0.38397
-61.155,49,-0.38397
-61.128,49,-0.38397
-61.101,49,-0.38397
-61.073,49,-0.38397
-61.046,49,-0.38397
-61.019,49,-0.38397
-60.991,49,-0.38397
-60.964,49,-0.38397
-60.936,49,-0.38397
-60.909,49,-0.38397
-60.881,49,-0.38397
-60.854,49,-0.38397
-60.826,49,-0.38397
-60.798,49,-0.38397
-60.77,49,-0.38397
-60.742,49,-0.38397
-60.715,49,-0.38397
-60.687,49,-0.38397
-60.659,49,-0.38397
-60.63,49,-0.38397
-60.602,49,-0.38397
-60.574,49,-0.38397
-60.546,49,-0.38397
-60.517,49,-0.38397
-60.489,49,-0.38397
-60.461,49,-0.38397
-60.432,49,-0.38397
-60.404,49,-0.38397
-60.375,49,-0.38397
-60.346,49,-0.38397
-60.318,49,-0.38397
-60.289,49,-0.38397
-60.26,49,-0.38397
-60.231,49,-0.38397
-60.202,49,-0.38397
-60.173,49,-0.38397
-60.144,49,-0.38397
-60.115,49,-0.38397
-60.085,49,-0.38397
-60.056,49,-0.38397
-60.027,49,-0.38397
-59.997,49,-0.38397
-59.968,49,-0.38397
-59.938,49,-0.38397
-59.909,49,-0.38397
-59.879,49,-0.38397
-59.849,49,-0.38397
-59.819,49,-0.38397
-59.79,49,-0.38397
-59.76,49,-0.38397
-59.73,49,-0.38397
-59.7,49,-0.38397
-59.67,49,-0.38397
-59.639,49,-0.38397
-59.609,49,-0.38397
-59.579,49,-0.38397
-59.548,49,-0.38397
-59.518,49,-0.38397
-59.487,49,-0.38397
-59.457,49,-0.38397
-59.426,49,-0.38397
-59.395,49,-0.38397
-59.365,49,-0.38397
-59.334,49,-0.38397
-59.303,49,-0.38397
-59.272,49,-0.38397
-59.241,49,-0.38397
-59.21,49,-0.38397
-59.178,49,-0.38397
-59.147,49,-0.38397
-59.116,49,-0.38397
-59.084,49,-0.38397
-59.053,49,-0.38397
-59.022,49,-0.38397
-58.99,49,-0.38397
-58.958,49,-0.38397
-58.927,49,-0.38397
-58.895,49,-0.38397
-58.863,49,-0.38397
-58.831,49,-0.38397
-58.799,49,-0.38397
-58.767,49,-0.38397
-58.735,49,-0.38397
-58.703,49,-0.38397
-58.67,49,-0.38397
-58.638,49,-0.38397
-58.606,49,-0.38397
-58.573,49,-0.38397
-58.541,49,-0.38397
-58.508,49,-0.38397
-58.475,49,-0.38397
-58.443,49,-0.38397
-58.41,49,-0.38397
-58.377,49,-0.38397
-58.344,49,-0.38397
-58.311,49,-0.38397
-58.278,49,-0.38397
-58.245,49,-0.38397
-58.212,49,-0.38397
-58.178,49,-0.38397
-58.145,49,-0.38397
-58.112,49,-0.38397
-58.078,49,-0.38397
-58.045,49,-0.38397
-58.011,49,-0.38397
-57.977,49,-0.38397
-57.944,49,-0.38397
-57.91,49,-0.38397
-57.876,49,-0.38397
-57.842,49,-0.38397
-57.808,49,-0.38397
-57.774,49,-0.38397
-57.74,49,-0.38397
-57.706,49,-0.38397
-57.672,49,-0.38397
-57.637,49,-0.38397
-57.603,49,-0.38397
-57.569,49,-0.38397
-57.534,49,-0.38397
-57.5,49,-0.38397
-57.465,49,-0.38397
-57.43,49,-0.38397
-57.396,49,-0.38397
-57.361,49,-0.38397
-57.326,49,-0.38397
-57.291,49,-0.38397
-57.256,49,-0.38397
-57.221,49,-0.38397
-57.186,49,-0.38397
-57.151,49,-0.38397
-57.116,49,-0.38397
-57.08,49,-0.38397
-57.045,49,-0.38397
-57.01,49,-0.38397
-56.974,49,-0.38397
-56.939,49,-0.38397
-56.903,49,-0.38397
-56.867,49,-0.38397
-56.832,49,-0.38397
-56.796,49,-0.38397
-56.76,49,-0.38397
-56.724,49,-0.38397
-56.689,49,-0.38397
-56.653,49,-0.38397
-56.617,49,-0.38397
-56.58,49,-0.38397
-56.544,49,-0.38397
-56.508,49,-0.38397
-56.472,49,-0.38397
-56.436,49,-0.38397
-56.399,49,-0.38397
-56.363,49,-0.38397
-56.326,49,-0.38397
-56.29,49,-0.38397
-56.253,49,-0.38397
-56.217,49,-0.38397
-56.18,49,-0.38397
-56.143,49,-0.38397
-56.107,49,-0.38397
-56.07,49,-0.38397
-56.033,49,-0.38397
-55.996,49,-0.38397
-55.959,49,-0.38397
-55.922,49,-0.38397
-55.885,49,-0.38397
-55.848,49,-0.38397
-55.811,49,-0.38397
-55.774,49,-0.38397
-55.736,49,-0.38397
-55.699,49,-0.38397
-55.662,49,-0.38397
-55.624,49,-0.38397
-55.587,49,-0.38397
-55.55,49,-0.38397
-55.512,49,-0.38397
-55.474,49,-0.38397
-55.437,49,-0.38397
-55.399,49,-0.38397
-55.362,49,-0.38397
-55.324,49,-0.38397
-55.286,49,-0.38397
-55.248,49,-0.38397
-55.21,49,-0.38397
-55.172,49,-0.38397
-55.135,49,-0.38397
-55.097,49,-0.38397
-55.059,49,-0.38397
-55.021,49,-0.38397
-54.982,49,-0.38397
-54.944,49,-0.38397
-54.906,49,-0.38397
-54.868,49,-0.38397
-54.83,49,-0.38397
-54.791,49,-0.38397
-54.753,49,-0.38397
-54.715,49,-0.38397
-54.676,49,-0.38397
-54.638,49,-0.38397
-54.6,49,-0.38397
-54.561,49,-0.38397
-54.523,49,-0.38397
-54.484,49,-0.38397
-54.445,49,-0.38397
-54.407,49,-0.38397
-54.368,49,-0.38397
-54.33,49,-0.38397
-54.291,49,-0.38397
-54.252,49,-0.38397
-54.213,49,-0.38397
-54.175,49,-0.38397
-54.136,49,-0.38397
-54.097,49,-0.38397
-54.058,49,-0.38397
-54.019,49,-0.38397
-53.98,49,-0.38397
-53.941,49,-0.38397
-53.902,49,-0.38397
-53.863,49,-0.38397
-53.824,49,-0.38397
-53.785,49,-0.38397
-53.746,49,-0.38397
-53.707,49,-0.38397
-53.668,49,-0.38397
-53.629,49,-0.38397
-53.59,49,-0.38397
-53.55,49,-0.38397
-53.511,49,-0.38397
-53.472,49,-0.38397
-53.433,49,-0.38397
-53.394,49,-0.38397
-53.354,49,-0.38397
-53.315,49,-0.38397
-53.276,49,-0.38397
-53.236,49,-0.38397
-53.197,49,-0.38397
-53.158,49,-0.38397
-53.118,49,-0.38397
-53.079,49,-0.38397
-53.04,49,-0.38397
-53,49,-0.38397
-52.961,49,-0.38397
-52.921,49,-0.38397
-52.882,49,-0.38397
-52.842,49,-0.38397
-52.803,49,-0.38397
-52.763,49,-0.38397
-52.724,49,-0.38397
-52.684,49,-0.38397
-52.645,49,-0.38397
-52.605,49,-0.38397
-52.566,49,-0.38397
-52.526,49,-0.38397
-52.487,49,-0.38397
-52.447,49,-0.38397
-52.408,49,-0.38397
-52.368,49,-0.38397
-52.328,49,-0.38397
-52.289,49,-0.38397
-52.249,49,-0.38397
-52.21,49,-0.38397
-52.17,49,-0.38397
-52.13,49,-0.38397
-52.091,49,-0.38397
-52.051,49,-0.38397
-52.012,49,-0.38397
-51.972,49,-0.38397
-51.932,49,-0.38397
-51.893,49,-0.38397
-51.853,49,-0.38397
-51.814,49,-0.38397
-51.774,49,-0.38397
-51.734,49,-0.38397
-51.695,49,-0.38397
-51.655,49,-0.38397
-51.616,49,-0.38397
-51.576,49,-0.38397
-51.536,49,-0.38397
-51.497,49,-0.38397
-51.457,49,-0.38397
-51.418,49,-0.38397
-51.378,49,-0.38397
-51.339,49,-0.38397
-51.299,49,-0.38397
-51.259,49,-0.38397
-51.22,49,-0.38397
-51.18,49,-0.38397
-51.141,49,-0.38397
-51.101,49,-0.38397
-51.062,49,-0.38397
-51.022,49,-0.38397
-50.983,49,-0.38397
-50.943,49,-0.38397
-50.904,49,-0.38397
-50.865,49,-0.38397
-50.825,49,-0.38397
-50.786,49,-0.38397
-50.746,49,-0.38397
-50.707,49,-0.38397
-50.667,49,-0.38397
-50.628,49,-0.38397
-50.589,49,-0.38397
-50.549,49,-0.38397
-50.51,49,-0.38397
-50.471,49,-0.38397
-50.431,49,-0.38397
-50.392,49,-0.38397
-50.353,49,-0.38397
-50.314,49,-0.38397
-50.274,49,-0.38397
-50.235,49,-0.38397
-50.196,49,-0.38397
-50.157,49,-0.38397
-50.118,49,-0.38397
-50.079,49,-0.38397
-50.04,49,-0.38397
-50.001,49,-0.38397
-49.961,49,-0.38397
-49.922,49,-0.38397
-49.883,49,-0.38397
-49.844,49,-0.38397
-49.805,49,-0.38397
-49.767,49,-0.38397
-49.728,49,-0.38397
-49.689,49,-0.38397
-49.65,49,-0.38397
-49.611,49,-0.38397
-49.572,49,-0.38397
-49.533,49,-0.38397
-49.495,49,-0.38397
-49.456,49,-0.38397
-49.417,49,-0.38397
-49.378,49,-0.38397
-49.34,49,-0.38397
-49.301,49,-0.38397
-49.263,49,-0.38397
-49.224,49,-0.38397
-49.185,49,-0.38397
-49.147,49,-0.38397
-49.108,49,-0.38397
-49.07,49,-0.38397
-49.032,49,-0.38397
-48.993,49,-0.38397
-48.955,49,-0.38397
-48.917,49,-0.38397
-48.878,49,-0.38397
-48.84,49,-0.38397
-48.802,49,-0.38397
-48.764,49,-0.38397
-48.725,49,-0.38397
-48.687,49,-0.38397
-48.649,49,-0.38397
-48.611,49,-0.38397
-48.573,49,-0.38397
-48.535,49,-0.38397
-48.497,49,-0.38397
-48.459,49,-0.38397
-48.421,49,-0.38397
-48.383,49,-0.38397
-48.346,49,-0.38397
-48.308,49,-0.38397
-48.27,49,-0.38397
-48.232,49,-0.38397
-48.195,49,-0.38397
-48.157,49,-0.38397
-48.12,49,-0.38397
-48.082,49,-0.38397
-48.045,49,-0.38397
-48.007,49,-0.38397
-47.97,49,-0.38397
-47.932,49,-0.38397
-47.895,49,-0.38397
-47.858,49,-0.38397
-47.82,49,-0.38397
-47.783,49,-0.38397
-47.746,49,-0.38397
-47.709,49,-0.38397
-47.672,49,-0.38397
-47.635,49,-0.38397
-47.598,49,-0.38397
-47.561,49,-0.38397
-47.524,49,-0.38397
-47.487,49,-0.38397
-47.45,49,-0.38397
-47.413,49,-0.38397
-47.376,49,-0.38397
-47.34,49,-0.38397
-47.303,49,-0.38397
-47.266,49,-0.38397
-47.23,49,-0.38397
-47.193,49,-0.38397
-47.157,49,-0.38397
-47.12,49,-0.38397
-47.084,49,-0.38397
-47.048,49,-0.38397
-47.011,49,-0.38397
-46.975,49,-0.38397
-46.939,49,-0.38397
-46.903,49,-0.38397
-46.866,49,-0.38397
-46.83,49,-0.38397
-46.794,49,-0.38397
-46.758,49,-0.38397
-46.722,49,-0.38397
-46.687,49,-0.38397
-46.651,49,-0.38397
-46.615,49,-0.38397
-46.579,49,-0.38397
-46.543,49,-0.38397
-46.508,49,-0.38397
-46.472,49,-0.38397
-46.437,49,-0.38397
-46.401,49,-0.38397
-46.366,49,-0.38397
-46.33,49,-0.38397
-46.295,49,-0.38397
-46.26,49,-0.38397
-46.224,49,-0.38397
-46.189,49,-0.38397
-46.154,49,-0.38397
-46.119,49,-0.38397
-46.084,49,-0.38397
-46.049,49,-0.38397
-46.014,49,-0.38397
-45.979,49,-0.38397
-45.944,49,-0.38397
-45.909,49,-0.38397
-45.875,49,-0.38397
-45.84,49,-0.38397
-45.805,49,-0.38397
-45.771,49,-0.38397
-45.736,49,-0.38397
-45.702,49,-0.38397
-45.667,49,-0.38397
-45.633,49,-0.38397
-45.598,49,-0.38397
-45.564,49,-0.38397
-45.53,49,-0.38397
-45.496,49,-0.38397
-45.461,49,-0.38397
-45.427,49,-0.38397
-45.393,49,-0.38397
-45.359,49,-0.38397
-45.325,49,-0.38397
-45.292,49,-0.38397
-45.258,49,-0.38397
-45.224,49,-0.38397
-45.19,49,-0.38397
-45.157,49,-0.38397
-45.123,49,-0.38397
-45.089,49,-0.38397
-45.056,49,-0.38397
-45.022,49,-0.38397
-44.989,49,-0.38397
-44.956,49,-0.38397
-44.922,49,-0.38397
-44.889,49,-0.38397
-44.856,49,-0.38397
-44.823,49,-0.38397
-44.79,49,-0.38397
-44.757,49,-0.38397
-44.724,49,-0.38397
-44.691,49,-0.38397
-44.658,49,-0.38397
-44.625,49,-0.38397
-44.592,49,-0.38397
-44.56,49,-0.38397
-44.527,49,-0.38397
-44.494,49,-0.38397
-44.462,49,-0.38397
-44.429,49,-0.38397
-44.397,49,-0.38397
-44.365,49,-0.38397
-44.332,49,-0.38397
-44.3,49,-0.38397
-44.268,49,-0.38397
-44.236,49,-0.38397
-44.203,49,-0.38397
-44.171,49,-0.38397
-44.139,49,-0.38397
-44.107,49,-0.38397
-44.075,49,-0.38397
-44.044,49,-0.38397
-44.012,49,-0.38397
-43.98,49,-0.38397
-43.948,49,-0.38397
-43.917,49,-0.38397
-43.885,49,-0.38397
-43.854,49,-0.38397
-43.822,49,-0.38397
-43.791,49,-0.38397
-43.759,49,-0.38397
-43.728,49,-0.38397
-43.697,49,-0.38397
-43.665,49,-0.38397
-43.634,49,-0.38397
-43.603,49,-0.38397
-43.572,49,-0.38397
-43.541,49,-0.38397
-43.51,49,-0.38397
-43.479,49,-0.38397
-43.448,49,-0.38397
-43.418,49,-0.38397
-43.387,49,-0.38397
-43.356,49,-0.38397
-43.325,49,-0.38397
-43.295,49,-0.38397
-43.264,49,-0.38397
-43.234,49,-0.38397
-43.203,49,-0.38397
-43.173,49,-0.38397
-43.143,49,-0.38397
-43.112,49,-0.38397
-43.082,49,-0.38397
-43.052,49,-0.38397
-43.022,49,-0.38397
-42.992,49,-0.38397
-42.962,49,-0.38397
-42.932,49,-0.38397
-42.902,49,-0.38397
-42.872,49,-0.38397
-42.842,49,-0.38397
-42.812,49,-0.38397
-42.782,49,-0.38397
-42.753,49,-0.38397
-42.723,49,-0.38397
-42.694,49,-0.38397
-42.664,49,-0.38397
-42.635,49,-0.38397
-42.605,49,-0.38397
-42.576,49,-0.38397
-42.546,49,-0.38397
-42.517,49,-0.38397
-42.488,49,-0.38397
-42.459,49,-0.38397
-42.43,49,-0.38397
-42.4,49,-0.38397
-42.371,49,-0.38397
-42.342,49,-0.38397
-42.313,49,-0.38397
-42.285,49,-0.38397
-42.256,49,-0.38397
-42.227,49,-0.38397
-42.198,49,-0.38397
-42.169,49,-0.38397
-42.141,49,-0.38397
-42.112,49,-0.38397
-42.084,49,-0.38397
-42.055,49,-0.38397
-42.027,49,-0.38397
-41.998,49,-0.38397
-41.97,49,-0.38397
-41.941,49,-0.38397
-41.913,49,-0.38397
-41.885,49,-0.38397
-41.857,49,-0.38397
-41.829,49,-0.38397
-41.8,49,-0.38397
-41.772,49,-0.38397
-41.744,49,-0.38397
-41.716,49,-0.38397
-41.688,49,-0.38397
-41.661,49,-0.38397
-41.633,49,-0.38397
-41.605,49,-0.38397
-41.577,49,-0.38397
-41.55,49,-0.38397
-41.522,49,-0.38397
-41.494,49,-0.38397
-41.467,49,-0.38397
-41.439,49,-0.38397
-41.412,49,-0.38397
-41.384,49,-0.38397
-41.357,49,-0.38397
-41.329,49,-0.38397
-41.302,49,-0.38397
-41.275,49,-0.38397
-41.248,49,-0.38397
-41.22,49,-0.38397
-41.193,49,-0.38397
-41.166,49,-0.38397
-41.139,49,-0.38397
-41.112,49,-0.38397
-41.085,49,-0.38397
-41.058,49,-0.38397
-41.031,49,-0.38397
-41.004,49,-0.38397
-40.977,49,-0.38397
-40.951,49,-0.38397
-40.924,49,-0.38397
-40.897,49,-0.38397
-40.871,49,-0.38397
-40.844,49,-0.38397
-40.817,49,-0.38397
-40.791,49,-0.38397
-40.764,49,-0.38397
-40.738,49,-0.38397
-40.711,49,-0.38397
-40.685,49,-0.38397
-40.659,49,-0.38397
-40.632,49,-0.38397
-40.606,49,-0.38397
-40.58,49,-0.38397
-40.553,49,-0.38397
-40.527,49,-0.38397
-40.501,49,-0.38397
-40.475,49,-0.38397
-40.449,49,-0.38397
-40.423,49,-0.38397
-40.397,49,-0.38397
-40.371,49,-0.38397
-40.345,49,-0.38397
-40.319,49,-0.38397
-40.293,49,-0.38397
-40.267,49,-0.38397
-40.242,49,-0.38397
-40.216,49,-0.38397
-40.19,49,-0.38397
-40.165,49,-0.38397
-40.139,49,-0.38397
-40.113,49,-0.38397
-40.088,49,-0.38397
-40.062,49,-0.38397
-40.037,49,-0.38397
-40.011,49,-0.38397
-39.986,49,-0.38397
-39.96,49,-0.38397
-39.935,49,-0.38397
-39.909,49,-0.38397
-39.884,49,-0.38397
-39.859,49,-0.38397
-39.834,49,-0.38397
-39.808,49,-0.38397
-39.783,49,-0.38397
-39.758,49,-0.38397
-39.733,49,-0.38397
-39.708,49,-0.38397
-39.683,49,-0.38397
-39.657,49,-0.38397
-39.632,49,-0.38397
-39.607,49,-0.38397
-39.582,49,-0.38397
-39.557,49,-0.38397
-39.533,49,-0.38397
-39.508,49,-0.38397
-39.483,49,-0.38397
-39.458,49,-0.38397
-39.433,49,-0.38397
-39.408,49,-0.38397
-39.384,49,-0.38397
-39.359,49,-0.38397
-39.334,49,-0.38397
-39.31,49,-0.38397
-39.285,49,-0.38397
-39.26,49,-0.38397
-39.236,49,-0.38397
-39.211,49,-0.38397
-39.187,49,-0.38397
-39.162,49,-0.38397
-39.138,49,-0.38397
-39.113,49,-0.38397
-39.089,49,-0.38397
-39.064,49,-0.38397
-39.04,49,-0.38397
-39.016,49,-0.38397
-38.991,49,-0.38397
-38.967,49,-0.38397
-38.943,49,-0.38397
-38.918,49,-0.38397
-38.894,49,-0.38397
-38.87,49,-0.38397
-38.846,49,-0.38397
-38.821,49,-0.38397
-38.797,49,-0.38397
-38.773,49,-0.38397
-38.749,49,-0.38397
-38.725,49,-0.38397
-38.701,49,-0.38397
-38.677,49,-0.38397
-38.653,49,-0.38397
-38.629,49,-0.38397
-38.605,49,-0.38397
-38.581,49,-0.38397
-38.557,49,-0.38397
-38.533,49,-0.38397
-38.509,49,-0.38397
-38.485,49,-0.38397
-38.461,49,-0.38397
-38.437,49,-0.38397
-38.414,49,-0.38397
-38.39,49,-0.38397
-38.366,49,-0.38397
-38.342,49,-0.38397
-38.318,49,-0.38397
-38.295,49,-0.38397
-38.271,49,-0.38397
-38.247,49,-0.38397
-38.223,49,-0.38397
-38.2,49,-0.38397
-38.176,49,-0.38397
-38.153,49,-0.38397
-38.129,49,-0.38397
-38.105,49,-0.38397
-38.082,49,-0.38397
-38.058,49,-0.38397
-38.035,49,-0.38397
-38.011,49,-0.38397
-37.988,49,-0.38397
-37.964,49,-0.38397
-37.941,49,-0.38397
-37.917,49,-0.38397
-37.894,49,-0.38397
-37.87,49,-0.38397
-37.847,49,-0.38397
-37.823,49,-0.38397
-37.8,49,-0.38397
-37.776,49,-0.38397
-37.753,49,-0.38397
-37.73,49,-0.38397
-37.706,49,-0.38397
-37.683,49,-0.38397
-37.66,49,-0.38397
-37.636,49,-0.38397
-37.613,49,-0.38397
-37.59,49,-0.38397
-37.567,49,-0.38397
-37.543,49,-0.38397
-37.52,49,-0.38397
-37.497,49,-0.38397
-37.474,49,-0.38397
-37.45,49,-0.38397
-37.427,49,-0.38397
-37.404,49,-0.38397
-37.381,49,-0.38397
-37.358,49,-0.38397
-37.334,49,-0.38397
-37.311,49,-0.38397
-37.288,49,-0.38397
-37.265,49,-0.38397
-37.242,49,-0.38397
-37.219,49,-0.38397
-37.196,49,-0.38397
-37.173,49,-0.38397
-37.15,49,-0.38397
-37.127,49,-0.38397
-37.104,49,-0.38397
-37.08,49,-0.38397
-37.057,49,-0.38397
-37.034,49,-0.38397
-37.011,49,-0.38397
-36.988,49,-0.38397
-36.965,49,-0.38397
-36.942,49,-0.38397
-36.919,49,-0.38397
-36.896,49,-0.38397
-36.873,49,-0.38397
-36.85,49,-0.38397
-36.828,49,-0.38397
-36.805,49,-0.38397
-36.782,49,-0.38397
-36.759,49,-0.38397
-36.736,49,-0.38397
-36.713,49,-0.38397
-36.69,49,-0.38397
-36.667,49,-0.38397
-36.644,49,-0.38397
-36.621,49,-0.38397
-36.598,49,-0.38397
-36.576,49,-0.38397
-36.553,49,-0.38397
-36.53,49,-0.38397
-36.507,49,-0.38397
-36.484,49,-0.38397
-36.461,49,-0.38397
-36.438,49,-0.38397
-36.416,49,-0.38397
-36.393,49,-0.38397
-36.37,49,-0.38397
-36.347,49,-0.38397
-36.324,49,-0.38397
-36.301,49,-0.38397
-36.279,49,-0.38397
-36.256,49,-0.38397
-36.233,49,-0.38397
-36.21,49,-0.38397
-36.188,49,-0.38397
-36.165,49,-0.38397
-36.142,49,-0.38397
-36.119,49,-0.38397
-36.096,49,-0.38397
-36.074,49,-0.38397
-36.051,49,-0.38397
-36.028,49,-0.38397
-36.005,49,-0.38397
-35.983,49,-0.38397
-35.96,49,-0.38397
-35.937,49,-0.38397
-35.914,49,-0.38397
-35.892,49,-0.38397
-35.869,49,-0.38397
-35.846,49,-0.38397
-35.824,49,-0.38397
-35.801,49,-0.38397
-35.778,49,-0.38397
-35.755,49,-0.38397
-35.733,49,-0.38397
-35.71,49,-0.38397
-35.687,49,-0.38397
-35.665,49,-0.38397
-35.642,49,-0.38397
-35.619,49,-0.38397
-35.596,49,-0.38397
-35.574,49,-0.38397
-35.551,49,-0.38397
-35.528,49,-0.38397
-35.506,49,-0.38397
-35.483,49,-0.38397
-35.46,49,-0.38397
-35.438,49,-0.38397
-35.415,49,-0.38397
-35.392,49,-0.38397
-35.37,49,-0.38397
-35.347,49,-0.38397
-35.324,49,-0.38397
-35.302,49,-0.38397
-35.279,49,-0.38397
-35.256,49,-0.38397
-35.234,49,-0.38397
-35.211,49,-0.38397
-35.188,49,-0.38397
-35.165,49,-0.38397
-35.143,49,-0.38397
-35.12,49,-0.38397
-35.098,49,-0.38397
-35.075,49,-0.38397
-35.052,49,-0.38397
-35.03,49,-0.38397
-35.007,49,-0.38397
-34.984,49,-0.38397
-34.962,49,-0.38397
-34.939,49,-0.38397
-34.916,49,-0.38397
-34.894,49,-0.38397
-34.871,49,-0.38397
-34.848,49,-0.38397
-34.826,49,-0.38397
-34.803,49,-0.38397
-34.78,49,-0.38397
-34.758,49,-0.38397
-34.735,49,-0.38397
-34.712,49,-0.38397
-34.69,49,-0.38397
-34.667,49,-0.38397
-34.644,49,-0.38397
-34.622,49,-0.38397
-34.599,49,-0.38397
-34.576,49,-0.38397
-34.554,49,-0.38397
-34.531,49,-0.38397
-34.509,49,-0.38397
-34.486,49,-0.38397
-34.463,49,-0.38397
-34.441,49,-0.38397
-34.418,49,-0.38397
-34.395,49,-0.38397
-34.373,49,-0.38397
-34.35,49,-0.38397
-34.327,49,-0.38397
-34.305,49,-0.38397
-34.282,49,-0.38397
-34.259,49,-0.38397
-34.237,49,-0.38397
-34.214,49,-0.38397
-34.191,49,-0.38397
-34.169,49,-0.38397
-34.146,49,-0.38397
-34.123,49,-0.38397
-34.101,49,-0.38397
-34.078,49,-0.38397
-34.056,49,-0.38397
-34.033,49,-0.38397
-34.01,49,-0.38397
-33.988,49,-0.38397
-33.965,49,-0.38397
-33.942,49,-0.38397
-33.92,49,-0.38397
-33.897,49,-0.38397
-33.874,49,-0.38397
-33.852,49,-0.38397
-33.829,49,-0.38397
-33.806,49,-0.38397
-33.784,49,-0.38397
-33.761,49,-0.38397
-33.739,49,-0.38397
-33.716,49,-0.38397
-33.693,49,-0.38397
-33.671,49,-0.38397
-33.648,49,-0.38397
-33.625,49,-0.38397
-33.603,49,-0.38397
-33.58,49,-0.38397
-33.557,49,-0.38397
-33.535,49,-0.38397
-33.512,49,-0.38397
-33.489,49,-0.38397
-33.467,49,-0.38397
-33.444,49,-0.38397
-33.422,49,-0.38397
-33.399,49,-0.38397
-33.376,49,-0.38397
-33.354,49,-0.38397
-33.331,49,-0.38397
-33.308,49,-0.38397
-33.286,49,-0.38397
-33.263,49,-0.38397
-33.24,49,-0.38397
-33.218,49,-0.38397
-33.195,49,-0.38397
-33.173,49,-0.38397
-33.15,49,-0.38397
-33.127,49,-0.38397
-33.105,49,-0.38397
-33.082,49,-0.38397
-33.059,49,-0.38397
-33.037,49,-0.38397
-33.014,49,-0.38397
-32.992,49,-0.38397
-32.969,49,-0.38397
-32.946,49,-0.38397
-32.924,49,-0.38397
-32.901,49,-0.38397
-32.878,49,-0.38397
-32.856,49,-0.38397
-32.833,49,-0.38397
-32.811,49,-0.38397
-32.788,49,-0.38397
-32.765,49,-0.38397
-32.743,49,-0.38397
-32.72,49,-0.38397
-32.698,49,-0.38397
-32.675,49,-0.38397
-32.652,49,-0.38397
-32.63,49,-0.38397
-32.607,49,-0.38397
-32.585,49,-0.38397
-32.562,49,-0.38397
-32.539,49,-0.38397
-32.517,49,-0.38397
-32.494,49,-0.38397
-32.472,49,-0.38397
-32.449,49,-0.38397
-32.426,49,-0.38397
-32.404,49,-0.38397
-32.381,49,-0.38397
-32.359,49,-0.38397
-32.336,49,-0.38397
-32.314,49,-0.38397
-32.291,49,-0.38397
-32.268,49,-0.38397
-32.246,49,-0.38397
-32.223,49,-0.38397
-32.201,49,-0.38397
-32.178,49,-0.38397
-32.156,49,-0.38397
-32.133,49,-0.38397
-32.111,49,-0.38397
-32.088,49,-0.38397
-32.066,49,-0.38397
-32.043,49,-0.38397
-32.021,49,-0.38397
-31.998,49,-0.38397
-31.975,49,-0.38397
-31.953,49,-0.38397
-31.93,49,-0.38397
-31.908,49,-0.38397
-31.885,49,-0.38397
-31.863,49,-0.38397
-31.84,49,-0.38397
-31.818,49,-0.38397
-31.795,49,-0.38397
-31.773,49,-0.38397
-31.751,49,-0.38397
-31.728,49,-0.38397
-31.706,49,-0.38397
-31.683,49,-0.38397
-31.661,49,-0.38397
-31.638,49,-0.38397
-31.616,49,-0.38397
-31.593,49,-0.38397
-31.571,49,-0.38397
-31.548,49,-0.38397
-31.526,49,-0.38397
-31.504,49,-0.38397
-31.481,49,-0.38397
-31.459,49,-0.38397
-31.436,49,-0.38397
-31.414,49,-0.38397
-31.391,49,-0.38397
-31.369,49,-0.38397
-31.347,49,-0.38397
-31.324,49,-0.38397
-31.302,49,-0.38397
-31.28,49,-0.38397
-31.257,49,-0.38397
-31.235,49,-0.38397
-31.212,49,-0.38397
-31.19,49,-0.38397
-31.168,49,-0.38397
-31.145,49,-0.38397
-31.123,49,-0.38397
-31.101,49,-0.38397
-31.078,49,-0.38397
-31.056,49,-0.38397
-31.034,49,-0.38397
-31.012,49,-0.38397
-30.989,49,-0.38397
-30.967,49,-0.38397
-30.945,49,-0.38397
-30.922,49,-0.38397
-30.9,49,-0.38397
-30.878,49,-0.38397
-30.856,49,-0.38397
-30.833,49,-0.38397
-30.811,49,-0.38397
-30.789,49,-0.38397
-30.767,49,-0.38397
-30.745,49,-0.38397
-30.722,49,-0.38397
-30.7,49,-0.38397
-30.678,49,-0.38397
-30.656,49,-0.38397
-30.634,49,-0.38397
-30.611,49,-0.38397
-30.589,49,-0.38397
-30.567,49,-0.38397
-30.545,49,-0.38397
-30.523,49,-0.38397
-30.501,49,-0.38397
-30.479,49,-0.38397
-30.457,49,-0.38397
-30.434,49,-0.38397
-30.412,49,-0.38397
-30.39,49,-0.38397
-30.368,49,-0.38397
-30.346,49,-0.38397
-30.324,49,-0.38397
-30.302,49,-0.38397
-30.28,49,-0.38397
-30.258,49,-0.38397
-30.236,49,-0.38397
-30.214,49,-0.38397
-30.192,49,-0.38397
-30.17,49,-0.38397
-30.148,49,-0.38397
-30.126,49,-0.38397
-30.104,49,-0.38397
-30.082,49,-0.38397
-30.06,49,-0.38397
-30.038,49,-0.38397
-30.016,49,-0.38397
-29.994,49,-0.38397
-29.972,49,-0.38397
-29.951,49,-0.38397
-29.929,49,-0.38397
-29.907,49,-0.38397
-29.885,49,-0.38397
-29.863,49,-0.38397
-29.841,49,-0.38397
-29.819,49,-0.38397
-29.798,49,-0.38397
-29.776,49,-0.38397
-29.754,49,-0.38397
-29.732,49,-0.38397
-29.711,49,-0.38397
-29.689,49,-0.38397
-29.667,49,-0.38397
-29.645,49,-0.38397
-29.624,49,-0.38397
-29.602,49,-0.38397
-29.58,49,-0.38397
-29.558,49,-0.38397
-29.537,49,-0.38397
-29.515,49,-0.38397
-29.493,49,-0.38397
-29.472,49,-0.38397
-29.45,49,-0.38397
-29.429,49,-0.38397
-29.407,49,-0.38397
-29.385,49,-0.38397
-29.364,49,-0.38397
-29.342,49,-0.38397
-29.321,49,-0.38397
-29.299,49,-0.38397
-29.278,49,-0.38397
-29.256,49,-0.38397
-29.235,49,-0.38397
-29.213,49,-0.38397
-29.192,49,-0.38397
-29.17,49,-0.38397
-29.149,49,-0.38397
-29.127,49,-0.38397
-29.106,49,-0.38397
-29.084,49,-0.38397
-29.063,49,-0.38397
-29.042,49,-0.38397
-29.02,49,-0.38397
-28.999,49,-0.38397
-28.977,49,-0.38397
-28.956,49,-0.38397
-28.935,49,-0.38397
-28.913,49,-0.38397
-28.892,49,-0.38397
-28.871,49,-0.38397
-28.85,49,-0.38397
-28.828,49,-0.38397
-28.807,49,-0.38397
-28.786,49,-0.38397
-28.765,49,-0.38397
-28.743,49,-0.38397
-28.722,49,-0.38397
-28.701,49,-0.38397
-28.68,49,-0.38397
-28.659,49,-0.38397
-28.638,49,-0.38397
-28.617,49,-0.38397
-28.595,49,-0.38397
-28.574,49,-0.38397
-28.553,49,-0.38397
-28.532,49,-0.38397
-28.511,49,-0.38397
-28.49,49,-0.38397
-28.469,49,-0.38397
-28.448,49,-0.38397
-28.427,49,-0.38397
-28.406,49,-0.38397
-28.385,49,-0.38397
-28.364,49,-0.38397
-28.343,49,-0.38397
-28.323,49,-0.38397
-28.302,49,-0.38397
-28.281,49,-0.38397
-28.26,49,-0.38397
-28.239,49,-0.38397
-28.218,49,-0.38397
-28.197,49,-0.38397
-28.177,49,-0.38397
-28.156,49,-0.38397
-28.135,49,-0.38397
-28.114,49,-0.38397
-28.094,49,-0.38397
-28.073,49,-0.38397
-28.052,49,-0.38397
-28.031,49,-0.38397
-28.011,49,-0.38397
-27.99,49,-0.38397
-27.97,49,-0.38397
-27.949,49,-0.38397
-27.928,49,-0.38397
-27.908,49,-0.38397
-27.887,49,-0.38397
-27.867,49,-0.38397
-27.846,49,-0.38397
-27.825,49,-0.38397
-27.805,49,-0.38397
-27.784,49,-0.38397
-27.764,49,-0.38397
-27.744,49,-0.38397
-27.723,49,-0.38397
-27.703,49,-0.38397
-27.682,49,-0.38397
-27.662,49,-0.38397
-27.641,49,-0.38397
-27.621,49,-0.38397
-27.601,49,-0.38397
-27.58,49,-0.38397
-27.56,49,-0.38397
-27.54,49,-0.38397
-27.52,49,-0.38397
-27.499,49,-0.38397
-27.479,49,-0.38397
-27.459,49,-0.38397
-27.439,49,-0.38397
-27.418,49,-0.38397
-27.398,49,-0.38397
-27.378,49,-0.38397
-27.358,49,-0.38397
-27.338,49,-0.38397
-27.318,49,-0.38397
-27.298,49,-0.38397
-27.278,49,-0.38397
-27.257,49,-0.38397
-27.237,49,-0.38397
-27.217,49,-0.38397
-27.197,49,-0.38397
-27.177,49,-0.38397
-27.157,49,-0.38397
-27.137,49,-0.38397
-27.118,49,-0.38397
-27.098,49,-0.38397
-27.078,49,-0.38397
-27.058,49,-0.38397
-27.038,49,-0.38397
-27.018,49,-0.38397
-26.998,49,-0.38397
-26.978,49,-0.38397
-26.959,49,-0.38397
-26.939,49,-0.38397
-26.919,49,-0.38397
-26.899,49,-0.38397
-26.88,49,-0.38397
-26.86,49,-0.38397
-26.84,49,-0.38397
-26.821,49,-0.38397
-26.801,49,-0.38397
-26.781,49,-0.38397
-26.762,49,-0.38397
-26.742,49,-0.38397
-26.723,49,-0.38397
-26.703,49,-0.38397
-26.683,49,-0.38397
-26.664,49,-0.38397
-26.644,49,-0.38397
-26.625,49,-0.38397
-26.605,49,-0.38397
-26.586,49,-0.38397
-26.566,49,-0.38397
-26.547,49,-0.38397
-26.528,49,-0.38397
-26.508,49,-0.38397
-26.489,49,-0.38397
-26.47,49,-0.38397
-26.45,49,-0.38397
-26.431,49,-0.38397
-26.412,49,-0.38397
-26.392,49,-0.38397
-26.373,49,-0.38397
-26.354,49,-0.38397
-26.335,49,-0.38397
-26.315,49,-0.38397
-26.296,49,-0.38397
-26.277,49,-0.38397
-26.258,49,-0.38397
-26.239,49,-0.38397
-26.22,49,-0.38397
-26.201,49,-0.38397
-26.181,49,-0.38397
-26.162,49,-0.38397
-26.143,49,-0.38397
-26.124,49,-0.38397
-26.105,49,-0.38397
-26.086,49,-0.38397
-26.067,49,-0.38397
-26.048,49,-0.38397
-26.029,49,-0.38397
-26.011,49,-0.38397
-25.992,49,-0.38397
-25.973,49,-0.38397
-25.954,49,-0.38397
-25.935,49,-0.38397
-25.916,49,-0.38397
-25.897,49,-0.38397
-25.879,49,-0.38397
-25.86,49,-0.38397
-25.841,49,-0.38397
-25.822,49,-0.38397
-25.804,49,-0.38397
-25.785,49,-0.38397
-25.766,49,-0.38397
-25.748,49,-0.38397
-25.729,49,-0.38397
-25.71,49,-0.38397
-25.692,49,-0.38397
-25.673,49,-0.38397
-25.655,49,-0.38397
-25.636,49,-0.38397
-25.617,49,-0.38397
-25.599,49,-0.38397
-25.58,49,-0.38397
-25.562,49,-0.38397
-25.543,49,-0.38397
-25.525,49,-0.38397
-25.507,49,-0.38397
-25.488,49,-0.38397
-25.47,49,-0.38397
-25.451,49,-0.38397
-25.433,49,-0.38397
-25.415,49,-0.38397
-25.396,49,-0.38397
-25.378,49,-0.38397
-25.36,49,-0.38397
-25.342,49,-0.38397
-25.323,49,-0.38397
-25.305,49,-0.38397
-25.287,49,-0.38397
-25.269,49,-0.38397
-25.25,49,-0.38397
-25.232,49,-0.38397
-25.214,49,-0.38397
-25.196,49,-0.38397
-25.178,49,-0.38397
-25.16,49,-0.38397
-25.142,49,-0.38397
-25.124,49,-0.38397
-25.106,49,-0.38397
-25.088,49,-0.38397
-25.07,49,-0.38397
-25.052,49,-0.38397
-25.034,49,-0.38397
-25.016,49,-0.38397
-24.998,49,-0.38397
-24.98,49,-0.38397
-24.962,49,-0.38397
-24.944,49,-0.38397
-24.926,49,-0.38397
-24.908,49,-0.38397
-24.89,49,-0.38397
-24.873,49,-0.38397
-24.855,49,-0.38397
-24.837,49,-0.38397
-24.819,49,-0.38397
-24.802,49,-0.38397
-24.784,49,-0.38397
-24.766,49,-0.38397
-24.748,49,-0.38397
-24.731,49,-0.38397
-24.713,49,-0.38397
-24.695,49,-0.38397
-24.678,49,-0.38397
-24.66,49,-0.38397
-24.643,49,-0.38397
-24.625,49,-0.38397
-24.607,49,-0.38397
-24.59,49,-0.38397
-24.572,49,-0.38397
-24.555,49,-0.38397
-24.537,49,-0.38397
-24.52,49,-0.38397
-24.502,49,-0.38397
-24.485,49,-0.38397
-24.468,49,-0.38397
-24.45,49,-0.38397
-24.433,49,-0.38397
-24.415,49,-0.38397
-24.398,49,-0.38397
-24.381,49,-0.38397
-24.363,49,-0.38397
-24.346,49,-0.38397
-24.329,49,-0.38397
-24.311,49,-0.38397
-24.294,49,-0.38397
-24.277,49,-0.38397
-24.26,49,-0.38397
-24.242,49,-0.38397
-24.225,49,-0.38397
-24.208,49,-0.38397
-24.191,49,-0.38397
-24.174,49,-0.38397
-24.157,49,-0.38397
-24.139,49,-0.38397
-24.122,49,-0.38397
-24.105,49,-0.38397
-24.088,49,-0.38397
-24.071,49,-0.38397
-24.054,49,-0.38397
-24.037,49,-0.38397
-24.02,49,-0.38397
-24.003,49,-0.38397
-23.986,49,-0.38397
-23.969,49,-0.38397
-23.952,49,-0.38397
-23.935,49,-0.38397
-23.918,49,-0.38397
-23.902,49,-0.38397
-23.885,49,-0.38397
-23.868,49,-0.38397
-23.851,49,-0.38397
-23.834,49,-0.38397
-23.817,49,-0.38397
-23.8,49,-0.38397
-23.784,49,-0.38397
-23.767,49,-0.38397
-23.75,49,-0.38397
-23.733,49,-0.38397
-23.717,49,-0.38397
-23.7,49,-0.38397
-23.683,49,-0.38397
-23.667,49,-0.38397
-23.65,49,-0.38397
-23.633,49,-0.38397
-23.617,49,-0.38397
-23.6,49,-0.38397
-23.583,49,-0.38397
-23.567,49,-0.38397
-23.55,49,-0.38397
-23.534,49,-0.38397
-23.517,49,-0.38397
-23.501,49,-0.38397
-23.484,49,-0.38397
-23.467,49,-0.38397
-23.451,49,-0.38397
-23.435,49,-0.38397
-23.418,49,-0.38397
-23.402,49,-0.38397
-23.385,49,-0.38397
-23.369,49,-0.38397
-23.352,49,-0.38397
-23.336,49,-0.38397
-23.32,49,-0.38397
-23.303,49,-0.38397
-23.287,49,-0.38397
-23.271,49,-0.38397
-23.254,49,-0.38397
-23.238,49,-0.38397
-23.222,49,-0.38397
-23.205,49,-0.38397
-23.189,49,-0.38397
-23.173,49,-0.38397
-23.157,49,-0.38397
-23.14,49,-0.38397
-23.124,49,-0.38397
-23.108,49,-0.38397
-23.092,49,-0.38397
-23.076,49,-0.38397
-23.059,49,-0.38397
-23.043,49,-0.38397
-23.027,49,-0.38397
-23.011,49,-0.38397
-22.995,49,-0.38397
-22.979,49,-0.38397
-22.963,49,-0.38397
-22.947,49,-0.38397
-22.931,49,-0.38397
-22.915,49,-0.38397
-22.899,49,-0.38397
-22.883,49,-0.38397
-22.867,49,-0.38397
-22.851,49,-0.38397
-22.835,49,-0.38397
-22.819,49,-0.38397
-22.803,49,-0.38397
-22.787,49,-0.38397
-22.771,49,-0.38397
-22.755,49,-0.38397
-22.739,49,-0.38397
-22.723,49,-0.38397
-22.707,49,-0.38397
-22.691,49,-0.38397
-22.676,49,-0.38397
-22.66,49,-0.38397
-22.644,49,-0.38397
-22.628,49,-0.38397
-22.612,49,-0.38397
-22.597,49,-0.38397
-22.581,49,-0.38397
-22.565,49,-0.38397
-22.549,49,-0.38397
-22.534,49,-0.38397
-22.518,49,-0.38397
-22.502,49,-0.38397
-22.486,49,-0.38397
-22.471,49,-0.38397
-22.455,49,-0.38397
-22.439,49,-0.38397
-22.424,49,-0.38397
-22.408,49,-0.38397
-22.393,49,-0.38397
-22.377,49,-0.38397
-22.361,49,-0.38397
-22.346,49,-0.38397
-22.33,49,-0.38397
-22.315,49,-0.38397
-22.299,49,-0.38397
-22.284,49,-0.38397
-22.268,49,-0.38397
-22.252,49,-0.38397
-22.237,49,-0.38397
-22.221,49,-0.38397
-22.206,49,-0.38397
-22.191,49,-0.38397
-22.175,49,-0.38397
-22.16,49,-0.38397
-22.144,49,-0.38397
-22.129,49,-0.38397
-22.113,49,-0.38397
-22.098,49,-0.38397
-22.083,49,-0.38397
-22.067,49,-0.38397
-22.052,49,-0.38397
-22.036,49,-0.38397
-22.021,49,-0.38397
-22.006,49,-0.38397
-21.99,49,-0.38397
-21.975,49,-0.38397
-21.96,49,-0.38397
-21.945,49,-0.38397
-21.929,49,-0.38397
-21.914,49,-0.38397
-21.899,49,-0.38397
-21.883,49,-0.38397
-21.868,49,-0.38397
-21.853,49,-0.38397
-21.838,49,-0.38397
-21.823,49,-0.38397
-21.807,49,-0.38397
-21.792,49,-0.38397
-21.777,49,-0.38397
-21.762,49,-0.38397
-21.747,49,-0.38397
-21.732,49,-0.38397
-21.716,49,-0.38397
-21.701,49,-0.38397
-21.686,49,-0.38397
-21.671,49,-0.38397
-21.656,49,-0.38397
-21.641,49,-0.38397
-21.626,49,-0.38397
-21.611,49,-0.38397
-21.596,49,-0.38397
-21.581,49,-0.38397
-21.566,49,-0.38397
-21.551,49,-0.38397
-21.536,49,-0.38397
-21.521,49,-0.38397
-21.506,49,-0.38397
-21.491,49,-0.38397
-21.476,49,-0.38397
-21.461,49,-0.38397
-21.446,49,-0.38397
-21.431,49,-0.38397
-21.416,49,-0.38397
-21.401,49,-0.38397
-21.386,49,-0.38397
-21.371,49,-0.38397
-21.356,49,-0.38397
-21.341,49,-0.38397
-21.326,49,-0.38397
-21.311,49,-0.38397
-21.297,49,-0.38397
-21.282,49,-0.38397
-21.267,49,-0.38397
-21.252,49,-0.38397
-21.237,49,-0.38397
-21.222,49,-0.38397
-21.208,49,-0.38397
-21.193,49,-0.38397
-21.178,49,-0.38397
-21.163,49,-0.38397
-21.149,49,-0.38397
-21.134,49,-0.38397
-21.119,49,-0.38397
-21.104,49,-0.38397
-21.09,49,-0.38397
-21.075,49,-0.38397
-21.06,49,-0.38397
-21.045,49,-0.38397
-21.031,49,-0.38397
-21.016,49,-0.38397
-21.001,49,-0.38397
-20.987,49,-0.38397
-20.972,49,-0.38397
-20.957,49,-0.38397
-20.943,49,-0.38397
-20.928,49,-0.38397
-20.913,49,-0.38397
-20.899,49,-0.38397
-20.884,49,-0.38397
-20.87,49,-0.38397
-20.855,49,-0.38397
-20.84,49,-0.38397
-20.826,49,-0.38397
-20.811,49,-0.38397
-20.797,49,-0.38397
-20.782,49,-0.38397
-20.768,49,-0.38397
-20.753,49,-0.38397
-20.739,49,-0.38397
-20.724,49,-0.38397
-20.71,49,-0.38397
-20.695,49,-0.38397
-20.681,49,-0.38397
-20.666,49,-0.38397
-20.652,49,-0.38397
-20.637,49,-0.38397
-20.623,49,-0.38397
-20.608,49,-0.38397
-20.594,49,-0.38397
-20.579,49,-0.38397
-20.565,49,-0.38397
-20.551,49,-0.38397
-20.536,49,-0.38397
-20.522,49,-0.38397
-20.507,49,-0.38397
-20.493,49,-0.38397
-20.479,49,-0.38397
-20.464,49,-0.38397
-20.45,49,-0.38397
-20.436,49,-0.38397
-20.421,49,-0.38397
-20.407,49,-0.38397
-20.393,49,-0.38397
-20.378,49,-0.38397
-20.364,49,-0.38397
-20.35,49,-0.38397
-20.335,49,-0.38397
-20.321,49,-0.38397
-20.307,49,-0.38397
-20.292,49,-0.38397
-20.278,49,-0.38397
-20.264,49,-0.38397
-20.25,49,-0.38397
-20.235,49,-0.38397
-20.221,49,-0.38397
-20.207,49,-0.38397
-20.193,49,-0.38397
-20.179,49,-0.38397
-20.164,49,-0.38397
-20.15,49,-0.38397
-20.136,49,-0.38397
-20.122,49,-0.38397
-20.108,49,-0.38397
-20.093,49,-0.38397
-20.079,49,-0.38397
-20.065,49,-0.38397
-20.051,49,-0.38397
-20.037,49,-0.38397
-20.023,49,-0.38397
-20.009,49,-0.38397
-19.995,49,-0.38397
-19.98,49,-0.38397
-19.966,49,-0.38397
-19.952,49,-0.38397
-19.938,49,-0.38397
-19.924,49,-0.38397
-19.91,49,-0.38397
-19.896,49,-0.38397
-19.882,49,-0.38397
-19.868,49,-0.38397
-19.854,49,-0.38397
-19.84,49,-0.38397
-19.826,49,-0.38397
-19.812,49,-0.38397
-19.798,49,-0.38397
-19.784,49,-0.38397
-19.77,49,-0.38397
-19.756,49,-0.38397
-19.742,49,-0.38397
-19.728,49,-0.38397
-19.714,49,-0.38397
-19.7,49,-0.38397
-19.686,49,-0.38397
-19.672,49,-0.38397
-19.658,49,-0.38397
-19.644,49,-0.38397
-19.63,49,-0.38397
-19.616,49,-0.38397
-19.602,49,-0.38397
-19.589,49,-0.38397
-19.575,49,-0.38397
-19.561,49,-0.38397
-19.547,49,-0.38397
-19.533,49,-0.38397
-19.519,49,-0.38397
-19.505,49,-0.38397
-19.491,49,-0.38397
-19.478,49,-0.38397
-19.464,49,-0.38397
-19.45,49,-0.38397
-19.436,49,-0.38397
-19.422,49,-0.38397
-19.408,49,-0.38397
-19.395,49,-0.38397
-19.381,49,-0.38397
-19.367,49,-0.38397
-19.353,49,-0.38397
-19.34,49,-0.38397
-19.326,49,-0.38397
-19.312,49,-0.38397
-19.298,49,-0.38397
-19.285,49,-0.38397
-19.271,49,-0.38397
-19.257,49,-0.38397
-19.243,49,-0.38397
-19.23,49,-0.38397
-19.216,49,-0.38397
-19.202,49,-0.38397
-19.189,49,-0.38397
-19.175,49,-0.38397
-19.161,49,-0.38397
-19.148,49,-0.38397
-19.134,49,-0.38397
-19.12,49,-0.38397
-19.107,49,-0.38397
-19.093,49,-0.38397
-19.079,49,-0.38397
-19.066,49,-0.38397
-19.052,49,-0.38397
-19.038,49,-0.38397
-19.025,49,-0.38397
-19.011,49,-0.38397
-18.998,49,-0.38397
-18.984,49,-0.38397
-18.97,49,-0.38397
-18.957,49,-0.38397
-18.943,49,-0.38397
-18.93,49,-0.38397
-18.916,49,-0.38397
-18.903,49,-0.38397
-18.889,49,-0.38397
-18.876,49,-0.38397
-18.862,49,-0.38397
-18.849,49,-0.38397
-18.835,49,-0.38397
-18.822,49,-0.38397
-18.808,49,-0.38397
-18.795,49,-0.38397
-18.781,49,-0.38397
-18.768,49,-0.38397
-18.754,49,-0.38397
-18.741,49,-0.38397
-18.727,49,-0.38397
-18.714,49,-0.38397
-18.7,49,-0.38397
-18.687,49,-0.38397
-18.674,49,-0.38397
-18.66,49,-0.38397
-18.647,49,-0.38397
-18.633,49,-0.38397
-18.62,49,-0.38397
-18.607,49,-0.38397
-18.593,49,-0.38397
-18.58,49,-0.38397
-18.566,49,-0.38397
-18.553,49,-0.38397
-18.54,49,-0.38397
-18.526,49,-0.38397
-18.513,49,-0.38397
-18.5,49,-0.38397
-18.486,49,-0.38397
-18.473,49,-0.38397
-18.46,49,-0.38397
-18.446,49,-0.38397
-18.433,49,-0.38397
-18.42,49,-0.38397
-18.407,49,-0.38397
-18.393,49,-0.38397
-18.38,49,-0.38397
-18.367,49,-0.38397
-18.354,49,-0.38397
-18.34,49,-0.38397
-18.327,49,-0.38397
-18.314,49,-0.38397
-18.301,49,-0.38397
-18.287,49,-0.38397
-18.274,49,-0.38397
-18.261,49,-0.38397
-18.248,49,-0.38397
-18.235,49,-0.38397
-18.221,49,-0.38397
-18.208,49,-0.38397
-18.195,49,-0.38397
-18.182,49,-0.38397
-18.169,49,-0.38397
-18.156,49,-0.38397
-18.143,49,-0.38397
-18.129,49,-0.38397
-18.116,49,-0.38397
-18.103,49,-0.38397
-18.09,49,-0.38397
-18.077,49,-0.38397
-18.064,49,-0.38397
-18.051,49,-0.38397
-18.038,49,-0.38397
-18.025,49,-0.38397
-18.012,49,-0.38397
-17.998,49,-0.38397
-17.985,49,-0.38397
-17.972,49,-0.38397
-17.959,49,-0.38397
-17.946,49,-0.38397
-17.933,49,-0.38397
-17.92,49,-0.38397
-17.907,49,-0.38397
-17.894,49,-0.38397
-17.881,49,-0.38397
-17.868,49,-0.38397
-17.855,49,-0.38397
-17.842,49,-0.38397
-17.829,49,-0.38397
-17.816,49,-0.38397
-17.804,49,-0.38397
-17.791,49,-0.38397
-17.778,49,-0.38397
-17.765,49,-0.38397
-17.752,49,-0.38397
-17.739,49,-0.38397
-17.726,49,-0.38397
-17.713,49,-0.38397
-17.7,49,-0.38397
-17.687,49,-0.38397
-17.674,49,-0.38397
-17.662,49,-0.38397
-17.649,49,-0.38397
-17.636,49,-0.38397
-17.623,49,-0.38397
-17.61,49,-0.38397
-17.597,49,-0.38397
-17.585,49,-0.38397
-17.572,49,-0.38397
-17.559,49,-0.38397
-17.546,49,-0.38397
-17.533,49,-0.38397
-17.521,49,-0.38397
-17.508,49,-0.38397
-17.495,49,-0.38397
-17.482,49,-0.38397
-17.47,49,-0.38397
-17.457,49,-0.38397
-17.444,49,-0.38397
-17.431,49,-0.38397
-17.419,49,-0.38397
-17.406,49,-0.38397
-17.393,49,-0.38397
-17.381,49,-0.38397
-17.368,49,-0.38397
-17.355,49,-0.38397
-17.342,49,-0.38397
-17.33,49,-0.38397
-17.317,49,-0.38397
-17.304,49,-0.38397
-17.292,49,-0.38397
-17.279,49,-0.38397
-17.267,49,-0.38397
-17.254,49,-0.38397
-17.241,49,-0.38397
-17.229,49,-0.38397
-17.216,49,-0.38397
-17.204,49,-0.38397
-17.191,49,-0.38397
-17.178,49,-0.38397
-17.166,49,-0.38397
-17.153,49,-0.38397
-17.141,49,-0.38397
-17.128,49,-0.38397
-17.116,49,-0.38397
-17.103,49,-0.38397
-17.091,49,-0.38397
-17.078,49,-0.38397
-17.066,49,-0.38397
-17.053,49,-0.38397
-17.041,49,-0.38397
-17.028,49,-0.38397
-17.016,49,-0.38397
-17.003,49,-0.38397
-16.991,49,-0.38397
-16.978,49,-0.38397
-16.966,49,-0.38397
-16.953,49,-0.38397
-16.941,49,-0.38397
-16.929,49,-0.38397
-16.916,49,-0.38397
-16.904,49,-0.38397
-16.891,49,-0.38397
-16.879,49,-0.38397
-16.867,49,-0.38397
-16.854,49,-0.38397
-16.842,49,-0.38397
-16.83,49,-0.38397
-16.817,49,-0.38397
-16.805,49,-0.38397
-16.793,49,-0.38397
-16.78,49,-0.38397
-16.768,49,-0.38397
-16.756,49,-0.38397
-16.743,49,-0.38397
-16.731,49,-0.38397
-16.719,49,-0.38397
-16.706,49,-0.38397
-16.694,49,-0.38397
-16.682,49,-0.38397
-16.67,49,-0.38397
-16.657,49,-0.38397
-16.645,49,-0.38397
-16.633,49,-0.38397
-16.621,49,-0.38397
-16.609,49,-0.38397
-16.596,49,-0.38397
-16.584,49,-0.38397
-16.572,49,-0.38397
-16.56,49,-0.38397
-16.548,49,-0.38397
-16.535,49,-0.38397
-16.523,49,-0.38397
-16.511,49,-0.38397
-16.499,49,-0.38397
-16.487,49,-0.38397
-16.475,49,-0.38397
-16.463,49,-0.38397
-16.451,49,-0.38397
-16.439,49,-0.38397
-16.426,49,-0.38397
-16.414,49,-0.38397
-16.402,49,-0.38397
-16.39,49,-0.38397
-16.378,49,-0.38397
-16.366,49,-0.38397
-16.354,49,-0.38397
-16.342,49,-0.38397
-16.33,49,-0.38397
-16.318,49,-0.38397
-16.306,49,-0.38397
-16.294,49,-0.38397
-16.282,49,-0.38397
-16.27,49,-0.38397
-16.258,49,-0.38397
-16.246,49,-0.38397
-16.234,49,-0.38397
-16.222,49,-0.38397
-16.21,49,-0.38397
-16.198,49,-0.38397
-16.186,49,-0.38397
-16.175,49,-0.38397
-16.163,49,-0.38397
-16.151,49,-0.38397
-16.139,49,-0.38397
-16.127,49,-0.38397
-16.115,49,-0.38397
-16.103,49,-0.38397
-16.091,49,-0.38397
-16.08,49,-0.38397
-16.068,49,-0.38397
-16.056,49,-0.38397
-16.044,49,-0.38397
-16.032,49,-0.38397
-16.021,49,-0.38397
-16.009,49,-0.38397
-15.997,49,-0.38397
-15.985,49,-0.38397
-15.973,49,-0.38397
-15.962,49,-0.38397
-15.95,49,-0.38397
-15.938,49,-0.38397
-15.926,49,-0.38397
-15.915,49,-0.38397
-15.903,49,-0.38397
-15.891,49,-0.38397
-15.88,49,-0.38397
-15.868,49,-0.38397
-15.856,49,-0.38397
-15.845,49,-0.38397
-15.833,49,-0.38397
-15.821,49,-0.38397
-15.81,49,-0.38397
-15.798,49,-0.38397
-15.786,49,-0.38397
-15.775,49,-0.38397
-15.763,49,-0.38397
-15.751,49,-0.38397
-15.74,49,-0.38397
-15.728,49,-0.38397
-15.717,49,-0.38397
-15.705,49,-0.38397
-15.694,49,-0.38397
-15.682,49,-0.38397
-15.67,49,-0.38397
-15.659,49,-0.38397
-15.647,49,-0.38397
-15.636,49,-0.38397
-15.624,49,-0.38397
-15.613,49,-0.38397
-15.601,49,-0.38397
-15.59,49,-0.38397
-15.578,49,-0.38397
-15.567,49,-0.38397
-15.555,49,-0.38397
-15.544,49,-0.38397
-15.533,49,-0.38397
-15.521,49,-0.38397
-15.51,49,-0.38397
-15.498,49,-0.38397
-15.487,49,-0.38397
-15.475,49,-0.38397
-15.464,49,-0.38397
-15.453,49,-0.38397
-15.441,49,-0.38397
-15.43,49,-0.38397
-15.419,49,-0.38397
-15.407,49,-0.38397
-15.396,49,-0.38397
-15.385,49,-0.38397
-15.373,49,-0.38397
-15.362,49,-0.38397
-15.351,49,-0.38397
-15.339,49,-0.38397
-15.328,49,-0.38397
-15.317,49,-0.38397
-15.306,49,-0.38397
-15.294,49,-0.38397
-15.283,49,-0.38397
-15.272,49,-0.38397
-15.261,49,-0.38397
-15.249,49,-0.38397
-15.238,49,-0.38397
-15.227,49,-0.38397
-15.216,49,-0.38397
-15.204,49,-0.38397
-15.193,49,-0.38397
-15.182,49,-0.38397
-15.171,49,-0.38397
-15.16,49,-0.38397
-15.149,49,-0.38397
-15.137,49,-0.38397
-15.126,49,-0.38397
-15.115,49,-0.38397
-15.104,49,-0.38397
-15.093,49,-0.38397
-15.082,49,-0.38397
-15.071,49,-0.38397
-15.06,49,-0.38397
-15.049,49,-0.38397
-15.038,49,-0.38397
-15.027,49,-0.38397
-15.015,49,-0.38397
-15.004,49,-0.38397
-14.993,49,-0.38397
-14.982,49,-0.38397
-14.971,49,-0.38397
-14.96,49,-0.38397
-14.949,49,-0.38397
-14.938,49,-0.38397
-14.927,49,-0.38397
-14.916,49,-0.38397
-14.905,49,-0.38397
-14.894,49,-0.38397
-14.884,49,-0.38397
-14.873,49,-0.38397
-14.862,49,-0.38397
-14.851,49,-0.38397
-14.84,49,-0.38397
-14.829,49,-0.38397
-14.818,49,-0.38397
-14.807,49,-0.38397
-14.796,49,-0.38397
-14.785,49,-0.38397
-14.775,49,-0.38397
-14.764,49,-0.38397
-14.753,49,-0.38397
-14.742,49,-0.38397
-14.731,49,-0.38397
-14.72,49,-0.38397
-14.71,49,-0.38397
-14.699,49,-0.38397
-14.688,49,-0.38397
-14.677,49,-0.38397
-14.666,49,-0.38397
-14.656,49,-0.38397
-14.645,49,-0.38397
-14.634,49,-0.38397
-14.623,49,-0.38397
-14.613,49,-0.38397
-14.602,49,-0.38397
-14.591,49,-0.38397
-14.58,49,-0.38397
-14.57,49,-0.38397
-14.559,49,-0.38397
-14.548,49,-0.38397
-14.538,49,-0.38397
-14.527,49,-0.38397
-14.516,49,-0.38397
-14.506,49,-0.38397
-14.495,49,-0.38397
-14.484,49,-0.38397
-14.474,49,-0.38397
-14.463,49,-0.38397
-14.453,49,-0.38397
-14.442,49,-0.38397
-14.431,49,-0.38397
-14.421,49,-0.38397
-14.41,49,-0.38397
-14.4,49,-0.38397
-14.389,49,-0.38397
-14.379,49,-0.38397
-14.368,49,-0.38397
-14.358,49,-0.38397
-14.347,49,-0.38397
-14.336,49,-0.38397
-14.326,49,-0.38397
-14.315,49,-0.38397
-14.305,49,-0.38397
-14.294,49,-0.38397
-14.284,49,-0.38397
-14.274,49,-0.38397
-14.263,49,-0.38397
-14.253,49,-0.38397
-14.242,49,-0.38397
-14.232,49,-0.38397
-14.221,49,-0.38397
-14.211,49,-0.38397
-14.201,49,-0.38397
-14.19,49,-0.38397
-14.18,49,-0.38397
-14.169,49,-0.38397
-14.159,49,-0.38397
-14.149,49,-0.38397
-14.138,49,-0.38397
-14.128,49,-0.38397
-14.118,49,-0.38397
-14.107,49,-0.38397
-14.097,49,-0.38397
-14.087,49,-0.38397
-14.076,49,-0.38397
-14.066,49,-0.38397
-14.056,49,-0.38397
-14.045,49,-0.38397
-14.035,49,-0.38397
-14.025,49,-0.38397
-14.015,49,-0.38397
-14.004,49,-0.38397
-13.994,49,-0.38397
-13.984,49,-0.38397
-13.974,49,-0.38397
-13.963,49,-0.38397
-13.953,49,-0.38397
-13.943,49,-0.38397
-13.933,49,-0.38397
-13.923,49,-0.38397
-13.912,49,-0.38397
-13.902,49,-0.38397
-13.892,49,-0.38397
-13.882,49,-0.38397
-13.872,49,-0.38397
-13.862,49,-0.38397
-13.851,49,-0.38397
-13.841,49,-0.38397
-13.831,49,-0.38397
-13.821,49,-0.38397
-13.811,49,-0.38397
-13.801,49,-0.38397
-13.791,49,-0.38397
-13.781,49,-0.38397
-13.771,49,-0.38397
-13.761,49,-0.38397
-13.751,49,-0.38397
-13.74,49,-0.38397
-13.73,49,-0.38397
-13.72,49,-0.38397
-13.71,49,-0.38397
-13.7,49,-0.38397
-13.69,49,-0.38397
-13.68,49,-0.38397
-13.67,49,-0.38397
-13.66,49,-0.38397
-13.65,49,-0.38397
-13.64,49,-0.38397
-13.631,49,-0.38397
-13.621,49,-0.38397
-13.611,49,-0.38397
-13.601,49,-0.38397
-13.591,49,-0.38397
-13.581,49,-0.38397
-13.571,49,-0.38397
-13.561,49,-0.38397
-13.551,49,-0.38397
-13.541,49,-0.38397
-13.531,49,-0.38397
-13.521,49,-0.38397
-13.512,49,-0.38397
-13.502,49,-0.38397
-13.492,49,-0.38397
-13.482,49,-0.38397
-13.472,49,-0.38397
-13.462,49,-0.38397
-13.453,49,-0.38397
-13.443,49,-0.38397
-13.433,49,-0.38397
-13.423,49,-0.38397
-13.413,49,-0.38397
-13.404,49,-0.38397
-13.394,49,-0.38397
-13.384,49,-0.38397
-13.374,49,-0.38397
-13.365,49,-0.38397
-13.355,49,-0.38397
-13.345,49,-0.38397
-13.335,49,-0.38397
-13.326,49,-0.38397
-13.316,49,-0.38397
-13.306,49,-0.38397
-13.296,49,-0.38397
-13.287,49,-0.38397
-13.277,49,-0.38397
-13.267,49,-0.38397
-13.258,49,-0.38397
-13.248,49,-0.38397
-13.238,49,-0.38397
-13.229,49,-0.38397
-13.219,49,-0.38397
-13.209,49,-0.38397
-13.2,49,-0.38397
-13.19,49,-0.38397
-13.181,49,-0.38397
-13.171,49,-0.38397
-13.161,49,-0.38397
-13.152,49,-0.38397
-13.142,49,-0.38397
-13.133,49,-0.38397
-13.123,49,-0.38397
-13.114,49,-0.38397
-13.104,49,-0.38397
-13.094,49,-0.38397
-13.085,49,-0.38397
-13.075,49,-0.38397
-13.066,49,-0.38397
-13.056,49,-0.38397
-13.047,49,-0.38397
-13.037,49,-0.38397
-13.028,49,-0.38397
-13.018,49,-0.38397
-13.009,49,-0.38397
-12.999,49,-0.38397
-12.99,49,-0.38397
-12.98,49,-0.38397
-12.971,49,-0.38397
-12.962,49,-0.38397
-12.952,49,-0.38397
-12.943,49,-0.38397
-12.933,49,-0.38397
-12.924,49,-0.38397
-12.914,49,-0.38397
-12.905,49,-0.38397
-12.896,49,-0.38397
-12.886,49,-0.38397
-12.877,49,-0.38397
-12.868,49,-0.38397
-12.858,49,-0.38397
-12.849,49,-0.38397
-12.839,49,-0.38397
-12.83,49,-0.38397
-12.821,49,-0.38397
-12.811,49,-0.38397
-12.802,49,-0.38397
-12.793,49,-0.38397
-12.783,49,-0.38397
-12.774,49,-0.38397
-12.765,49,-0.38397
-12.756,49,-0.38397
-12.746,49,-0.38397
-12.737,49,-0.38397
-12.728,49,-0.38397
-12.719,49,-0.38397
-12.709,49,-0.38397
-12.7,49,-0.38397
-12.691,49,-0.38397
-12.682,49,-0.38397
-12.672,49,-0.38397
-12.663,49,-0.38397
-12.654,49,-0.38397
-12.645,49,-0.38397
-12.635,49,-0.38397
-12.626,49,-0.38397
-12.617,49,-0.38397
-12.608,49,-0.38397
-12.599,49,-0.38397
-12.59,49,-0.38397
-12.58,49,-0.38397
-12.571,49,-0.38397
-12.562,49,-0.38397
-12.553,49,-0.38397
-12.544,49,-0.38397
-12.535,49,-0.38397
-12.526,49,-0.38397
-12.516,49,-0.38397
-12.507,49,-0.38397
-12.498,49,-0.38397
-12.489,49,-0.38397
-12.48,49,-0.38397
-12.471,49,-0.38397
-12.462,49,-0.38397
-12.453,49,-0.38397
-12.444,49,-0.38397
-12.435,49,-0.38397
-12.426,49,-0.38397
-12.417,49,-0.38397
-12.408,49,-0.38397
-12.399,49,-0.38397
-12.39,49,-0.38397
-12.381,49,-0.38397
-12.372,49,-0.38397
-12.363,49,-0.38397
-12.354,49,-0.38397
-12.345,49,-0.38397
-12.336,49,-0.38397
-12.327,49,-0.38397
-12.318,49,-0.38397
-12.309,49,-0.38397
-12.3,49,-0.38397
-12.291,49,-0.38397
-12.282,49,-0.38397
-12.273,49,-0.38397
-12.264,49,-0.38397
-12.255,49,-0.38397
-12.246,49,-0.38397
-12.237,49,-0.38397
-12.228,49,-0.38397
-12.219,49,-0.38397
-12.211,49,-0.38397
-12.202,49,-0.38397
-12.193,49,-0.38397
-12.184,49,-0.38397
-12.175,49,-0.38397
-12.166,49,-0.38397
-12.157,49,-0.38397
-12.149,49,-0.38397
-12.14,49,-0.38397
-12.131,49,-0.38397
-12.122,49,-0.38397
-12.113,49,-0.38397
-12.104,49,-0.38397
-12.096,49,-0.38397
-12.087,49,-0.38397
-12.078,49,-0.38397
-12.069,49,-0.38397
-12.06,49,-0.38397
-12.052,49,-0.38397
-12.043,49,-0.38397
-12.034,49,-0.38397
-12.025,49,-0.38397
-12.017,49,-0.38397
-12.008,49,-0.38397
-11.999,49,-0.38397
-11.99,49,-0.38397
-11.982,49,-0.38397
-11.973,49,-0.38397
-11.964,49,-0.38397
-11.955,49,-0.38397
-11.947,49,-0.38397
-11.938,49,-0.38397
-11.929,49,-0.38397
-11.921,49,-0.38397
-11.912,49,-0.38397
-11.903,49,-0.38397
-11.895,49,-0.38397
-11.886,49,-0.38397
-11.877,49,-0.38397
-11.869,49,-0.38397
-11.86,49,-0.38397
-11.851,49,-0.38397
-11.843,49,-0.38397
-11.834,49,-0.38397
-11.826,49,-0.38397
-11.817,49,-0.38397
-11.808,49,-0.38397
-11.8,49,-0.38397
-11.791,49,-0.38397
-11.783,49,-0.38397
-11.774,49,-0.38397
-11.765,49,-0.38397
-11.757,49,-0.38397
-11.748,49,-0.38397
-11.74,49,-0.38397
-11.731,49,-0.38397
-11.723,49,-0.38397
-11.714,49,-0.38397
-11.706,49,-0.38397
-11.697,49,-0.38397
-11.688,49,-0.38397
-11.68,49,-0.38397
-11.671,49,-0.38397
-11.663,49,-0.38397
-11.654,49,-0.38397
-11.646,49,-0.38397
-11.637,49,-0.38397
-11.629,49,-0.38397
-11.621,49,-0.38397
-11.612,49,-0.38397
-11.604,49,-0.38397
-11.595,49,-0.38397
-11.587,49,-0.38397
-11.578,49,-0.38397
-11.57,49,-0.38397
-11.561,49,-0.38397
-11.553,49,-0.38397
-11.544,49,-0.38397
-11.536,49,-0.38397
-11.528,49,-0.38397
-11.519,49,-0.38397
-11.511,49,-0.38397
-11.502,49,-0.38397
-11.494,49,-0.38397
-11.486,49,-0.38397
-11.477,49,-0.38397
-11.469,49,-0.38397
-11.461,49,-0.38397
-11.452,49,-0.38397
-11.444,49,-0.38397
-11.435,49,-0.38397
-11.427,49,-0.38397
-11.419,49,-0.38397
-11.41,49,-0.38397
-11.402,49,-0.38397
-11.394,49,-0.38397
-11.386,49,-0.38397
-11.377,49,-0.38397
-11.369,49,-0.38397
-11.361,49,-0.38397
-11.352,49,-0.38397
-11.344,49,-0.38397
-11.336,49,-0.38397
-11.327,49,-0.38397
-11.319,49,-0.38397
-11.311,49,-0.38397
-11.303,49,-0.38397
-11.294,49,-0.38397
-11.286,49,-0.38397
-11.278,49,-0.38397
-11.27,49,-0.38397
-11.261,49,-0.38397
-11.253,49,-0.38397
-11.245,49,-0.38397
-11.237,49,-0.38397
-11.229,49,-0.38397
-11.22,49,-0.38397
-11.212,49,-0.38397
-11.204,49,-0.38397
-11.196,49,-0.38397
-11.188,49,-0.38397
-11.179,49,-0.38397
-11.171,49,-0.38397
-11.163,49,-0.38397
-11.155,49,-0.38397
-11.147,49,-0.38397
-11.139,49,-0.38397
-11.131,49,-0.38397
-11.122,49,-0.38397
-11.114,49,-0.38397
-11.106,49,-0.38397
-11.098,49,-0.38397
-11.09,49,-0.38397
-11.082,49,-0.38397
-11.074,49,-0.38397
-11.066,49,-0.38397
-11.058,49,-0.38397
-11.049,49,-0.38397
-11.041,49,-0.38397
-11.033,49,-0.38397
-11.025,49,-0.38397
-11.017,49,-0.38397
-11.009,49,-0.38397
-11.001,49,-0.38397
-10.993,49,-0.38397
-10.985,49,-0.38397
-10.977,49,-0.38397
-10.969,49,-0.38397
-10.961,49,-0.38397
-10.953,49,-0.38397
-10.945,49,-0.38397
-10.937,49,-0.38397
-10.929,49,-0.38397
-10.921,49,-0.38397
-10.913,49,-0.38397
-10.905,49,-0.38397
-10.897,49,-0.38397
-10.889,49,-0.38397
-10.881,49,-0.38397
-10.873,49,-0.38397
-10.865,49,-0.38397
-10.857,49,-0.38397
-10.849,49,-0.38397
-10.841,49,-0.38397
-10.833,49,-0.38397
-10.825,49,-0.38397
-10.817,49,-0.38397
-10.809,49,-0.38397
-10.801,49,-0.38397
-10.793,49,-0.38397
-10.786,49,-0.38397
-10.778,49,-0.38397
-10.77,49,-0.38397
-10.762,49,-0.38397
-10.754,49,-0.38397
-10.746,49,-0.38397
-10.738,49,-0.38397
-10.73,49,-0.38397
-10.722,49,-0.38397
-10.715,49,-0.38397
-10.707,49,-0.38397
-10.699,49,-0.38397
-10.691,49,-0.38397
-10.683,49,-0.38397
-10.675,49,-0.38397
-10.668,49,-0.38397
-10.66,49,-0.38397
-10.652,49,-0.38397
-10.644,49,-0.38397
-10.636,49,-0.38397
-10.628,49,-0.38397
-10.621,49,-0.38397
-10.613,49,-0.38397
-10.605,49,-0.38397
-10.597,49,-0.38397
-10.589,49,-0.38397
-10.582,49,-0.38397
-10.574,49,-0.38397
-10.566,49,-0.38397
-10.558,49,-0.38397
-10.551,49,-0.38397
-10.543,49,-0.38397
-10.535,49,-0.38397
-10.527,49,-0.38397
-10.52,49,-0.38397
-10.512,49,-0.38397
-10.504,49,-0.38397
-10.497,49,-0.38397
-10.489,49,-0.38397
-10.481,49,-0.38397
-10.473,49,-0.38397
-10.466,49,-0.38397
-10.458,49,-0.38397
-10.45,49,-0.38397
-10.443,49,-0.38397
-10.435,49,-0.38397
-10.427,49,-0.38397
-10.42,49,-0.38397
-10.412,49,-0.38397
-10.404,49,-0.38397
-10.397,49,-0.38397
-10.389,49,-0.38397
-10.381,49,-0.38397
-10.374,49,-0.38397
-10.366,49,-0.38397
-10.359,49,-0.38397
-10.351,49,-0.38397
-10.343,49,-0.38397
-10.336,49,-0.38397
-10.328,49,-0.38397
-10.321,49,-0.38397
-10.313,49,-0.38397
-10.305,49,-0.38397
-10.298,49,-0.38397
-10.29,49,-0.38397
-10.283,49,-0.38397
-10.275,49,-0.38397
-10.267,49,-0.38397
-10.26,49,-0.38397
-10.252,49,-0.38397
-10.245,49,-0.38397
-10.237,49,-0.38397
-10.23,49,-0.38397
-10.222,49,-0.38397
-10.215,49,-0.38397
-10.207,49,-0.38397
-10.2,49,-0.38397
-10.192,49,-0.38397
-10.185,49,-0.38397
-10.177,49,-0.38397
-10.17,49,-0.38397
-10.162,49,-0.38397
-10.155,49,-0.38397
-10.147,49,-0.38397
-10.14,49,-0.38397
-10.132,49,-0.38397
-10.125,49,-0.38397
-10.117,49,-0.38397
-10.11,49,-0.38397
-10.102,49,-0.38397
-10.095,49,-0.38397
-10.087,49,-0.38397
-10.08,49,-0.38397
-10.073,49,-0.38397
-10.065,49,-0.38397
-10.058,49,-0.38397
-10.05,49,-0.38397
-10.043,49,-0.38397
-10.036,49,-0.38397
-10.028,49,-0.38397
-10.021,49,-0.38397
-10.013,49,-0.38397
-10.006,49,-0.38397
-9.9986,49,-0.38397
-9.9912,49,-0.38397
-9.9839,49,-0.38397
-9.9765,49,-0.38397
-9.9691,49,-0.38397
-9.9618,49,-0.38397
-9.9544,49,-0.38397
-9.9471,49,-0.38397
-9.9397,49,-0.38397
-9.9324,49,-0.38397
-9.9251,49,-0.38397
-9.9178,49,-0.38397
-9.9104,49,-0.38397
-9.9031,49,-0.38397
-9.8958,49,-0.38397
-9.8885,49,-0.38397
-9.8812,49,-0.38397
-9.8739,49,-0.38397
-9.8666,49,-0.38397
-9.8593,49,-0.38397
-9.8521,49,-0.38397
-9.8448,49,-0.38397
-9.8375,49,-0.38397
-9.8302,49,-0.38397
-9.823,49,-0.38397
-9.8157,49,-0.38397
-9.8085,49,-0.38397
-9.8012,49,-0.38397
-9.794,49,-0.38397
-9.7868,49,-0.38397
-9.7795,49,-0.38397
-9.7723,49,-0.38397
-9.7651,49,-0.38397
-9.7579,49,-0.38397
-9.7507,49,-0.38397
-9.7435,49,-0.38397
-9.7363,49,-0.38397
-9.7291,49,-0.38397
-9.7219,49,-0.38397
-9.7147,49,-0.38397
-9.7075,49,-0.38397
-9.7003,49,-0.38397
-9.6932,49,-0.38397
-9.686,49,-0.38397
-9.6788,49,-0.38397
-9.6717,49,-0.38397
-9.6645,49,-0.38397
-9.6574,49,-0.38397
-9.6503,49,-0.38397
-9.6431,49,-0.38397
-9.636,49,-0.38397
-9.6289,49,-0.38397
-9.6217,49,-0.38397
-9.6146,49,-0.38397
-9.6075,49,-0.38397
-9.6004,49,-0.38397
-9.5933,49,-0.38397
-9.5862,49,-0.38397
-9.5791,49,-0.38397
-9.572,49,-0.38397
-9.565,49,-0.38397
-9.5579,49,-0.38397
-9.5508,49,-0.38397
-9.5437,49,-0.38397
-9.5367,49,-0.38397
-9.5296,49,-0.38397
-9.5226,49,-0.38397
-9.5155,49,-0.38397
-9.5085,49,-0.38397
-9.5014,49,-0.38397
-9.4944,49,-0.38397
-9.4874,49,-0.38397
-9.4804,49,-0.38397
-9.4734,49,-0.38397
-9.4663,49,-0.38397
-9.4593,49,-0.38397
-9.4523,49,-0.38397
-9.4453,49,-0.38397
-9.4383,49,-0.38397
-9.4314,49,-0.38397
-9.4244,49,-0.38397
-9.4174,49,-0.38397
-9.4104,49,-0.38397
-9.4035,49,-0.38397
-9.3965,49,-0.38397
-9.3895,49,-0.38397
-9.3826,49,-0.38397
-9.3756,49,-0.38397
-9.3687,49,-0.38397
-9.3618,49,-0.38397
-9.3548,49,-0.38397
-9.3479,49,-0.38397
-9.341,49,-0.38397
-9.3341,49,-0.38397
-9.3271,49,-0.38397
-9.3202,49,-0.38397
-9.3133,49,-0.38397
-9.3064,49,-0.38397
-9.2995,49,-0.38397
-9.2926,49,-0.38397
-9.2858,49,-0.38397
-9.2789,49,-0.38397
-9.272,49,-0.38397
-9.2651,49,-0.38397
-9.2583,49,-0.38397
-9.2514,49,-0.38397
-9.2446,49,-0.38397
-9.2377,49,-0.38397
-9.2309,49,-0.38397
-9.224,49,-0.38397
-9.2172,49,-0.38397
-9.2104,49,-0.38397
-9.2035,49,-0.38397
-9.1967,49,-0.38397
-9.1899,49,-0.38397
-9.1831,49,-0.38397
-9.1763,49,-0.38397
-9.1695,49,-0.38397
-9.1627,49,-0.38397
-9.1559,49,-0.38397
-9.1491,49,-0.38397
-9.1423,49,-0.38397
-9.1355,49,-0.38397
-9.1288,49,-0.38397
-9.122,49,-0.38397
-9.1152,49,-0.38397
-9.1085,49,-0.38397
-9.1017,49,-0.38397
-9.095,49,-0.38397
-9.0882,49,-0.38397
-9.0815,49,-0.38397
-9.0748,49,-0.38397
-9.068,49,-0.38397
-9.0613,49,-0.38397
-9.0546,49,-0.38397
-9.0479,49,-0.38397
-9.0412,49,-0.38397
-9.0345,49,-0.38397
-9.0278,49,-0.38397
-9.0211,49,-0.38397
-9.0144,49,-0.38397
-9.0077,49,-0.38397
-9.001,49,-0.38397
-8.9943,49,-0.38397
-8.9877,49,-0.38397
-8.981,49,-0.38397
-8.9743,49,-0.38397
-8.9677,49,-0.38397
-8.961,49,-0.38397
-8.9544,49,-0.38397
-8.9477,49,-0.38397
-8.9411,49,-0.38397
-8.9345,49,-0.38397
-8.9279,49,-0.38397
-8.9212,49,-0.38397
-8.9146,49,-0.38397
-8.908,49,-0.38397
-8.9014,49,-0.38397
-8.8948,49,-0.38397
-8.8882,49,-0.38397
-8.8816,49,-0.38397
-8.875,49,-0.38397
-8.8684,49,-0.38397
-8.8618,49,-0.38397
-8.8553,49,-0.38397
-8.8487,49,-0.38397
-8.8421,49,-0.38397
-8.8356,49,-0.38397
-8.829,49,-0.38397
-8.8225,49,-0.38397
-8.8159,49,-0.38397
-8.8094,49,-0.38397
-8.8028,49,-0.38397
-8.7963,49,-0.38397
-8.7898,49,-0.38397
-8.7833,49,-0.38397
-8.7767,49,-0.38397
-8.7702,49,-0.38397
-8.7637,49,-0.38397
-8.7572,49,-0.38397
-8.7507,49,-0.38397
-8.7442,49,-0.38397
-8.7377,49,-0.38397
-8.7313,49,-0.38397
-8.7248,49,-0.38397
-8.7183,49,-0.38397
-8.7118,49,-0.38397
-8.7054,49,-0.38397
-8.6989,49,-0.38397
-8.6925,49,-0.38397
-8.686,49,-0.38397
-8.6796,49,-0.38397
-8.6731,49,-0.38397
-8.6667,49,-0.38397
-8.6602,49,-0.38397
-8.6538,49,-0.38397
-8.6474,49,-0.38397
-8.641,49,-0.38397
-8.6346,49,-0.38397
-8.6282,49,-0.38397
-8.6218,49,-0.38397
-8.6154,49,-0.38397
-8.609,49,-0.38397
-8.6026,49,-0.38397
-8.5962,49,-0.38397
-8.5898,49,-0.38397
-8.5834,49,-0.38397
-8.5771,49,-0.38397
-8.5707,49,-0.38397
-8.5643,49,-0.38397
-8.558,49,-0.38397
-8.5516,49,-0.38397
-8.5453,49,-0.38397
-8.5389,49,-0.38397
-8.5326,49,-0.38397
-8.5263,49,-0.38397
-8.5199,49,-0.38397
-8.5136,49,-0.38397
-8.5073,49,-0.38397
-8.501,49,-0.38397
-8.4947,49,-0.38397
-8.4884,49,-0.38397
-8.4821,49,-0.38397
-8.4758,49,-0.38397
-8.4695,49,-0.38397
-8.4632,49,-0.38397
-8.4569,49,-0.38397
-8.4506,49,-0.38397
-8.4444,49,-0.38397
-8.4381,49,-0.38397
-8.4318,49,-0.38397
-8.4256,49,-0.38397
-8.4193,49,-0.38397
-8.4131,49,-0.38397
-8.4068,49,-0.38397
-8.4006,49,-0.38397
-8.3944,49,-0.38397
-8.3881,49,-0.38397
-8.3819,49,-0.38397
-8.3757,49,-0.38397
-8.3695,49,-0.38397
-8.3632,49,-0.38397
-8.357,49,-0.38397
-8.3508,49,-0.38397
-8.3446,49,-0.38397
-8.3384,49,-0.38397
-8.3323,49,-0.38397
-8.3261,49,-0.38397
-8.3199,49,-0.38397
-8.3137,49,-0.38397
-8.3075,49,-0.38397
-8.3014,49,-0.38397
-8.2952,49,-0.38397
-8.2891,49,-0.38397
-8.2829,49,-0.38397
-8.2768,49,-0.38397
-8.2706,49,-0.38397
-8.2645,49,-0.38397
-8.2583,49,-0.38397
-8.2522,49,-0.38397
-8.2461,49,-0.38397
-8.24,49,-0.38397
-8.2339,49,-0.38397
-8.2277,49,-0.38397
-8.2216,49,-0.38397
-8.2155,49,-0.38397
-8.2094,49,-0.38397
-8.2033,49,-0.38397
-8.1973,49,-0.38397
-8.1912,49,-0.38397
-8.1851,49,-0.38397
-8.179,49,-0.38397
-8.173,49,-0.38397
-8.1669,49,-0.38397
-8.1608,49,-0.38397
-8.1548,49,-0.38397
-8.1487,49,-0.38397
-8.1427,49,-0.38397
-8.1366,49,-0.38397
-8.1306,49,-0.38397
-8.1246,49,-0.38397
-8.1185,49,-0.38397
-8.1125,49,-0.38397
-8.1065,49,-0.38397
-8.1005,49,-0.38397
-8.0945,49,-0.38397
-8.0884,49,-0.38397
-8.0824,49,-0.38397
-8.0764,49,-0.38397
-8.0705,49,-0.38397
-8.0645,49,-0.38397
-8.0585,49,-0.38397
-8.0525,49,-0.38397
-8.0465,49,-0.38397
-8.0406,49,-0.38397
-8.0346,49,-0.38397
-8.0286,49,-0.38397
-8.0227,49,-0.38397
-8.0167,49,-0.38397
-8.0108,49,-0.38397
-8.0048,49,-0.38397
-7.9989,49,-0.38397
-7.993,49,-0.38397
-7.987,49,-0.38397
-7.9811,49,-0.38397
-7.9752,49,-0.38397
-7.9693,49,-0.38397
-7.9633,49,-0.38397
-7.9574,49,-0.38397
-7.9515,49,-0.38397
-7.9456,49,-0.38397
-7.9397,49,-0.38397
-7.9338,49,-0.38397
-7.928,49,-0.38397
-7.9221,49,-0.38397
-7.9162,49,-0.38397
-7.9103,49,-0.38397
-7.9045,49,-0.38397
-7.8986,49,-0.38397
-7.8927,49,-0.38397
-7.8869,49,-0.38397
-7.881,49,-0.38397
-7.8752,49,-0.38397
-7.8693,49,-0.38397
-7.8635,49,-0.38397
-7.8577,49,-0.38397
-7.8518,49,-0.38397
-7.846,49,-0.38397
-7.8402,49,-0.38397
-7.8344,49,-0.38397
-7.8286,49,-0.38397
-7.8228,49,-0.38397
-7.817,49,-0.38397
-7.8112,49,-0.38397
-7.8054,49,-0.38397
-7.7996,49,-0.38397
-7.7938,49,-0.38397
-7.788,49,-0.38397
-7.7822,49,-0.38397
-7.7765,49,-0.38397
-7.7707,49,-0.38397
-7.7649,49,-0.38397
-7.7592,49,-0.38397
-7.7534,49,-0.38397
-7.7477,49,-0.38397
-7.7419,49,-0.38397
