0,46,-0.48869
2169.8,46,-0.48869
-4487.7,46,-0.48869
-2359.8,46,-0.48869
-2065.4,46,-0.48869
-2431.7,46,-0.48869
-2907.3,46,-0.48869
-2958.5,46,-0.48869
-2745.4,46,-0.48869
-2655.7,46,-0.48869
-2635.7,46,-0.48869
-2634.6,46,-0.48869
-2637.7,46,-0.48869
-2641.5,46,-0.48869
-2645.1,46,-0.48869
-2648.2,46,-0.48869
-2650.8,46,-0.48869
-2652.9,46,-0.48869
-2654.4,46,-0.48869
-2655.4,46,-0.48869
-2655.8,46,-0.48869
-2655.7,46,-0.48869
-2655,46,-0.48869
-2653.8,46,-0.48869
-2652.1,46,-0.48869
-2649.7,46,-0.48869
-2646.9,46,-0.48869
-2643.5,46,-0.48869
-2639.5,46,-0.48869
-2635.1,46,-0.48869
-2630.1,46,-0.48869
-2624.5,46,-0.48869
-2618.5,46,-0.48869
-2612,46,-0.48869
-2604.9,46,-0.48869
-2597.4,46,-0.48869
-2589.4,46,-0.48869
-2580.9,46,-0.48869
-2571.9,46,-0.48869
-2562.5,46,-0.48869
-2552.7,46,-0.48869
-2542.4,46,-0.48869
-2531.7,46,-0.48869
-2520.6,46,-0.48869
-2509.1,46,-0.48869
-2497.3,46,-0.48869
-2485.1,46,-0.48869
-2472.5,46,-0.48869
-2459.6,46,-0.48869
-2446.4,46,-0.48869
-2432.9,46,-0.48869
-2419.1,46,-0.48869
-2405,46,-0.48869
-2390.6,46,-0.48869
-2376,46,-0.48869
-2361.2,46,-0.48869
-2346.2,46,-0.48869
-2330.9,46,-0.48869
-2315.5,46,-0.48869
-2299.9,46,-0.48869
-2284.2,46,-0.48869
-2268.4,46,-0.48869
-2252.4,46,-0.48869
-2236.3,46,-0.48869
-2220.1,46,-0.48869
-2203.9,46,-0.48869
-2187.6,46,-0.48869
-2171.2,46,-0.48869
-2154.8,46,-0.48869
-2138.4,46,-0.48869
-2122.1,46,-0.48869
-2105.7,46,-0.48869
-2089.3,46,-0.48869
-2073,46,-0.48869
-2056.7,46,-0.48869
-2040.5,46,-0.48869
-2024.4,46,-0.48869
-2008.4,46,-0.48869
-1992.4,46,-0.48869
-1976.6,46,-0.48869
-1960.8,46,-0.48869
-1945.3,46,-0.48869
-1929.8,46,-0.48869
-1914.5,46,-0.48869
-1899.3,46,-0.48869
-1884.3,46,-0.48869
-1869.5,46,-0.48869
-1854.9,46,-0.48869
-1840.4,46,-0.48869
-1826.1,46,-0.48869
-1812,46,-0.48869
-1798.1,46,-0.48869
-1784.5,46,-0.48869
-1771,46,-0.48869
-1757.7,46,-0.48869
-1744.7,46,-0.48869
-1731.9,46,-0.48869
-1719.3,46,-0.48869
-1706.9,46,-0.48869
-1694.7,46,-0.48869
-1682.8,46,-0.48869
-1671.1,46,-0.48869
-1659.6,46,-0.48869
-1648.4,46,-0.48869
-1637.3,46,-0.48869
-1626.6,46,-0.48869
-1616,46,-0.48869
-1605.6,46,-0.48869
-1595.5,46,-0.48869
-1585.6,46,-0.48869
-1576,46,-0.48869
-1566.5,46,-0.48869
-1557.3,46,-0.48869
-1548.2,46,-0.48869
-1539.4,46,-0.48869
-1530.8,46,-0.48869
-1522.4,46,-0.48869
-1514.2,46,-0.48869
-1506.2,46,-0.48869
-1498.3,46,-0.48869
-1490.7,46,-0.48869
-1483.2,46,-0.48869
-1476,46,-0.48869
-1468.9,46,-0.48869
-1461.9,46,-0.48869
-1455.2,46,-0.48869
-1448.6,46,-0.48869
-1442.1,46,-0.48869
-1435.8,46,-0.48869
-1429.7,46,-0.48869
-1423.7,46,-0.48869
-1417.8,46,-0.48869
-1412.1,46,-0.48869
-1406.4,46,-0.48869
-1400.9,46,-0.48869
-1395.6,46,-0.48869
-1390.3,46,-0.48869
-1385.2,46,-0.48869
-1380.1,46,-0.48869
-1375.1,46,-0.48869
-1370.3,46,-0.48869
-1365.5,46,-0.48869
-1360.8,46,-0.48869
-1356.2,46,-0.48869
-1351.7,46,-0.48869
-1347.3,46,-0.48869
-1342.9,46,-0.48869
-1338.6,46,-0.48869
-1334.3,46,-0.48869
-1330.1,46,-0.48869
-1326,46,-0.48869
-1321.9,46,-0.48869
-1317.8,46,-0.48869
-1313.9,46,-0.48869
-1309.9,46,-0.48869
-1306,46,-0.48869
-1302.2,46,-0.48869
-1298.3,46,-0.48869
-1294.5,46,-0.48869
-1290.8,46,-0.48869
-1287.1,46,-0.48869
-1283.4,46,-0.48869
-1279.7,46,-0.48869
-1276.1,46,-0.48869
-1272.5,46,-0.48869
-1268.9,46,-0.48869
-1265.3,46,-0.48869
-1261.8,46,-0.48869
-1258.3,46,-0.48869
-1254.8,46,-0.48869
-1251.3,46,-0.48869
-1247.9,46,-0.48869
-1244.5,46,-0.48869
-1241.1,46,-0.48869
-1237.7,46,-0.48869
-1234.3,46,-0.48869
-1231,46,-0.48869
-1227.7,46,-0.48869
-1224.5,46,-0.48869
-1221.2,46,-0.48869
-1218,46,-0.48869
-1214.8,46,-0.48869
-1211.7,46,-0.48869
-1208.6,46,-0.48869
-1205.5,46,-0.48869
-1202.4,46,-0.48869
-1199.4,46,-0.48869
-1196.4,46,-0.48869
-1193.5,46,-0.48869
-1190.6,46,-0.48869
-1187.7,46,-0.48869
-1184.9,46,-0.48869
-1182.1,46,-0.48869
-1179.4,46,-0.48869
-1176.7,46,-0.48869
-1174.1,46,-0.48869
-1171.5,46,-0.48869
-1169,46,-0.48869
-1166.5,46,-0.48869
-1164.1,46,-0.48869
-1161.8,46,-0.48869
-1159.5,46,-0.48869
-1157.3,46,-0.48869
-1155.1,46,-0.48869
-1153,46,-0.48869
-1151,46,-0.48869
-1149,46,-0.48869
-1147.2,46,-0.48869
-1145.4,46,-0.48869
-1143.6,46,-0.48869
-1142,46,-0.48869
-1140.4,46,-0.48869
-1138.9,46,-0.48869
-1137.4,46,-0.48869
-1136.1,46,-0.48869
-1134.8,46,-0.48869
-1133.6,46,-0.48869
-1132.6,46,-0.48869
-1131.5,46,-0.48869
-1130.6,46,-0.48869
-1129.8,46,-0.48869
-1129,46,-0.48869
-1128.4,46,-0.48869
-1127.8,46,-0.48869
-1127.3,46,-0.48869
-1127,46,-0.48869
-1126.7,46,-0.48869
-1126.5,46,-0.48869
-1126.4,46,-0.48869
-1126.3,46,-0.48869
-1126.4,46,-0.48869
-1126.6,46,-0.48869
-1126.9,46,-0.48869
-1127.2,46,-0.48869
-1127.7,46,-0.48869
-1128.2,46,-0.48869
-1128.9,46,-0.48869
-1129.6,46,-0.48869
-1130.4,46,-0.48869
-1131.4,46,-0.48869
-1132.4,46,-0.48869
-1133.5,46,-0.48869
-1134.7,46,-0.48869
-1136,46,-0.48869
-1137.4,46,-0.48869
-1138.9,46,-0.48869
-1140.4,46,-0.48869
-1142.1,46,-0.48869
-1143.8,46,-0.48869
-1145.7,46,-0.48869
-1147.6,46,-0.48869
-1149.6,46,-0.48869
-1151.7,46,-0.48869
-1153.8,46,-0.48869
-1156.1,46,-0.48869
-1158.4,46,-0.48869
-1160.8,46,-0.48869
-1163.3,46,-0.48869
-1165.9,46,-0.48869
-1168.5,46,-0.48869
-1171.3,46,-0.48869
-1174.1,46,-0.48869
-1176.9,46,-0.48869
-1179.9,46,-0.48869
-1182.9,46,-0.48869
-1186,46,-0.48869
-1189.1,46,-0.48869
-1192.4,46,-0.48869
-1195.6,46,-0.48869
-1199,46,-0.48869
-1202.4,46,-0.48869
-1205.9,46,-0.48869
-1209.4,46,-0.48869
-1213,46,-0.48869
-1216.6,46,-0.48869
-1220.3,46,-0.48869
-1224.1,46,-0.48869
-1227.9,46,-0.48869
-1231.8,46,-0.48869
-1235.7,46,-0.48869
-1239.6,46,-0.48869
-1243.6,46,-0.48869
-1247.7,46,-0.48869
-1251.8,46,-0.48869
-1255.9,46,-0.48869
-1260.1,46,-0.48869
-1264.3,46,-0.48869
-1268.6,46,-0.48869
-1272.9,46,-0.48869
-1277.2,46,-0.48869
-1281.6,46,-0.48869
-1286,46,-0.48869
-1290.5,46,-0.48869
-1294.9,46,-0.48869
-1299.5,46,-0.48869
-1304,46,-0.48869
-1308.6,46,-0.48869
-1313.2,46,-0.48869
-1317.8,46,-0.48869
-1322.4,46,-0.48869
-1327.1,46,-0.48869
-1331.8,46,-0.48869
-1336.5,46,-0.48869
-1341.3,46,-0.48869
-1346,46,-0.48869
-1350.8,46,-0.48869
-1355.6,46,-0.48869
-1360.4,46,-0.48869
-1365.3,46,-0.48869
-1370.1,46,-0.48869
-1375,46,-0.48869
-1379.9,46,-0.48869
-1384.8,46,-0.48869
-1389.7,46,-0.48869
-1394.6,46,-0.48869
-1399.6,46,-0.48869
-1404.5,46,-0.48869
-1409.5,46,-0.48869
-1414.5,46,-0.48869
-1419.4,46,-0.48869
-1424.4,46,-0.48869
-1429.4,46,-0.48869
-1434.4,46,-0.48869
-1439.4,46,-0.48869
-1444.4,46,-0.48869
-1449.5,46,-0.48869
-1454.5,46,-0.48869
-1459.5,46,-0.48869
-1464.5,46,-0.48869
-1469.6,46,-0.48869
-1474.6,46,-0.48869
-1479.6,46,-0.48869
-1484.7,46,-0.48869
-1489.7,46,-0.48869
-1494.7,46,-0.48869
-1499.8,46,-0.48869
-1504.8,46,-0.48869
-1509.8,46,-0.48869
-1514.9,46,-0.48869
-1519.9,46,-0.48869
-1524.9,46,-0.48869
-1529.9,46,-0.48869
-1534.9,46,-0.48869
-1539.9,46,-0.48869
-1544.9,46,-0.48869
-1549.9,46,-0.48869
-1554.9,46,-0.48869
-1559.9,46,-0.48869
-1564.9,46,-0.48869
-1569.8,46,-0.48869
-1574.8,46,-0.48869
-1579.7,46,-0.48869
-1584.6,46,-0.48869
-1589.6,46,-0.48869
-1594.5,46,-0.48869
-1599.4,46,-0.48869
-1604.3,46,-0.48869
-1609.1,46,-0.48869
-1614,46,-0.48869
-1618.8,46,-0.48869
-1623.6,46,-0.48869
-1628.5,46,-0.48869
-1633.3,46,-0.48869
-1638,46,-0.48869
-1642.8,46,-0.48869
-1647.5,46,-0.48869
-1652.3,46,-0.48869
-1657,46,-0.48869
-1661.7,46,-0.48869
-1666.3,46,-0.48869
-1671,46,-0.48869
-1675.6,46,-0.48869
-1680.2,46,-0.48869
-1684.8,46,-0.48869
-1689.3,46,-0.48869
-1693.9,46,-0.48869
-1698.4,46,-0.48869
-1702.9,46,-0.48869
-1707.3,46,-0.48869
-1711.8,46,-0.48869
-1716.2,46,-0.48869
-1720.6,46,-0.48869
-1724.9,46,-0.48869
-1729.2,46,-0.48869
-1733.5,46,-0.48869
-1737.8,46,-0.48869
-1742,46,-0.48869
-1746.2,46,-0.48869
-1750.4,46,-0.48869
-1754.6,46,-0.48869
-1758.7,46,-0.48869
-1762.8,46,-0.48869
-1766.8,46,-0.48869
-1770.8,46,-0.48869
-1774.8,46,-0.48869
-1778.8,46,-0.48869
-1782.7,46,-0.48869
-1786.5,46,-0.48869
-1790.4,46,-0.48869
-1794.2,46,-0.48869
-1798,46,-0.48869
-1801.7,46,-0.48869
-1805.4,46,-0.48869
-1809.1,46,-0.48869
-1812.7,46,-0.48869
-1816.2,46,-0.48869
-1819.8,46,-0.48869
-1823.3,46,-0.48869
-1826.7,46,-0.48869
-1830.2,46,-0.48869
-1833.5,46,-0.48869
-1836.9,46,-0.48869
-1840.2,46,-0.48869
-1843.4,46,-0.48869
-1846.7,46,-0.48869
-1849.8,46,-0.48869
-1852.9,46,-0.48869
-1856,46,-0.48869
-1859.1,46,-0.48869
-1862.1,46,-0.48869
-1865,46,-0.48869
-1867.9,46,-0.48869
-1870.8,46,-0.48869
-1873.6,46,-0.48869
-1876.4,46,-0.48869
-1879.1,46,-0.48869
-1881.8,46,-0.48869
-1884.4,46,-0.48869
-1887,46,-0.48869
-1889.6,46,-0.48869
-1892.1,46,-0.48869
-1894.5,46,-0.48869
-1896.9,46,-0.48869
-1899.3,46,-0.48869
-1901.6,46,-0.48869
-1903.9,46,-0.48869
-1906.1,46,-0.48869
-1908.3,46,-0.48869
-1910.4,46,-0.48869
-1912.5,46,-0.48869
-1914.5,46,-0.48869
-1916.5,46,-0.48869
-1918.4,46,-0.48869
-1920.3,46,-0.48869
-1922.2,46,-0.48869
-1924,46,-0.48869
-1925.7,46,-0.48869
-1927.4,46,-0.48869
-1929,46,-0.48869
-1930.6,46,-0.48869
-1932.2,46,-0.48869
-1933.7,46,-0.48869
-1935.1,46,-0.48869
-1936.6,46,-0.48869
-1937.9,46,-0.48869
-1939.2,46,-0.48869
-1940.5,46,-0.48869
-1941.7,46,-0.48869
-1942.9,46,-0.48869
-1944,46,-0.48869
-1945,46,-0.48869
-1946.1,46,-0.48869
-1947,46,-0.48869
-1948,46,-0.48869
-1948.8,46,-0.48869
-1949.7,46,-0.48869
-1950.5,46,-0.48869
-1951.2,46,-0.48869
-1951.9,46,-0.48869
-1952.5,46,-0.48869
-1953.1,46,-0.48869
-1953.7,46,-0.48869
-1954.1,46,-0.48869
-1954.6,46,-0.48869
-1955,46,-0.48869
-1955.4,46,-0.48869
-1955.7,46,-0.48869
-1955.9,46,-0.48869
-1956.1,46,-0.48869
-1956.3,46,-0.48869
-1956.4,46,-0.48869
-1956.5,46,-0.48869
-1956.5,46,-0.48869
-1956.5,46,-0.48869
-1956.5,46,-0.48869
-1956.4,46,-0.48869
-1956.2,46,-0.48869
-1956,46,-0.48869
-1955.8,46,-0.48869
-1955.5,46,-0.48869
-1955.1,46,-0.48869
-1954.8,46,-0.48869
-1954.3,46,-0.48869
-1953.9,46,-0.48869
-1953.3,46,-0.48869
-1952.8,46,-0.48869
-1952.2,46,-0.48869
-1951.5,46,-0.48869
-1950.8,46,-0.48869
-1950.1,46,-0.48869
-1949.3,46,-0.48869
-1948.5,46,-0.48869
-1947.7,46,-0.48869
-1946.7,46,-0.48869
-1945.8,46,-0.48869
-1944.8,46,-0.48869
-1943.8,46,-0.48869
-1942.7,46,-0.48869
-1941.6,46,-0.48869
-1940.4,46,-0.48869
-1939.2,46,-0.48869
-1938,46,-0.48869
-1936.7,46,-0.48869
-1935.3,46,-0.48869
-1934,46,-0.48869
-1932.6,46,-0.48869
-1931.1,46,-0.48869
-1929.6,46,-0.48869
-1928.1,46,-0.48869
-1926.5,46,-0.48869
-1924.9,46,-0.48869
-1923.3,46,-0.48869
-1921.6,46,-0.48869
-1919.8,46,-0.48869
-1918.1,46,-0.48869
-1916.3,46,-0.48869
-1914.4,46,-0.48869
-1912.5,46,-0.48869
-1910.6,46,-0.48869
-1908.7,46,-0.48869
-1906.7,46,-0.48869
-1904.6,46,-0.48869
-1902.6,46,-0.48869
-1900.5,46,-0.48869
-1898.3,46,-0.48869
-1896.1,46,-0.48869
-1893.9,46,-0.48869
-1891.7,46,-0.48869
-1889.4,46,-0.48869
-1887.1,46,-0.48869
-1884.7,46,-0.48869
-1882.3,46,-0.48869
-1879.9,46,-0.48869
-1877.4,46,-0.48869
-1874.9,46,-0.48869
-1872.4,46,-0.48869
-1869.8,46,-0.48869
-1867.2,46,-0.48869
-1864.6,46,-0.48869
-1861.9,46,-0.48869
-1859.2,46,-0.48869
-1856.5,46,-0.48869
-1853.8,46,-0.48869
-1851,46,-0.48869
-1848.1,46,-0.48869
-1845.3,46,-0.48869
-1842.4,46,-0.48869
-1839.5,46,-0.48869
-1836.6,46,-0.48869
-1833.6,46,-0.48869
-1830.6,46,-0.48869
-1827.5,46,-0.48869
-1824.5,46,-0.48869
-1821.4,46,-0.48869
-1818.3,46,-0.48869
-1815.1,46,-0.48869
-1811.9,46,-0.48869
-1808.7,46,-0.48869
-1805.5,46,-0.48869
-1802.2,46,-0.48869
-1799,46,-0.48869
-1795.6,46,-0.48869
-1792.3,46,-0.48869
-1788.9,46,-0.48869
-1785.6,46,-0.48869
-1782.1,46,-0.48869
-1778.7,46,-0.48869
-1775.2,46,-0.48869
-1771.7,46,-0.48869
-1768.2,46,-0.48869
-1764.7,46,-0.48869
-1761.1,46,-0.48869
-1757.5,46,-0.48869
-1753.9,46,-0.48869
-1750.3,46,-0.48869
-1746.7,46,-0.48869
-1743,46,-0.48869
-1739.3,46,-0.48869
-1735.6,46,-0.48869
-1731.8,46,-0.48869
-1728.1,46,-0.48869
-1724.3,46,-0.48869
-1720.5,46,-0.48869
-1716.7,46,-0.48869
-1712.9,46,-0.48869
-1709,46,-0.48869
-1705.1,46,-0.48869
-1701.3,46,-0.48869
-1697.3,46,-0.48869
-1693.4,46,-0.48869
-1689.5,46,-0.48869
-1685.5,46,-0.48869
-1681.5,46,-0.48869
-1677.5,46,-0.48869
-1673.5,46,-0.48869
-1669.5,46,-0.48869
-1665.5,46,-0.48869
-1661.4,46,-0.48869
-1657.3,46,-0.48869
-1653.2,46,-0.48869
-1649.1,46,-0.48869
-1645,46,-0.48869
-1640.9,46,-0.48869
-1636.8,46,-0.48869
-1632.6,46,-0.48869
-1628.5,46,-0.48869
-1624.3,46,-0.48869
-1620.1,46,-0.48869
-1615.9,46,-0.48869
-1611.7,46,-0.48869
-1607.5,46,-0.48869
-1603.2,46,-0.48869
-1599,46,-0.48869
-1594.7,46,-0.48869
-1590.5,46,-0.48869
-1586.2,46,-0.48869
-1581.9,46,-0.48869
-1577.6,46,-0.48869
-1573.3,46,-0.48869
-1569,46,-0.48869
-1564.7,46,-0.48869
-1560.4,46,-0.48869
-1556.1,46,-0.48869
-1551.7,46,-0.48869
-1547.4,46,-0.48869
-1543,46,-0.48869
-1538.7,46,-0.48869
-1534.3,46,-0.48869
-1530,46,-0.48869
-1525.6,46,-0.48869
-1521.2,46,-0.48869
-1516.9,46,-0.48869
-1512.5,46,-0.48869
-1508.1,46,-0.48869
-1503.7,46,-0.48869
-1499.3,46,-0.48869
-1494.9,46,-0.48869
-1490.5,46,-0.48869
-1486.1,46,-0.48869
-1481.7,46,-0.48869
-1477.3,46,-0.48869
-1472.9,46,-0.48869
-1468.5,46,-0.48869
-1464.1,46,-0.48869
-1459.7,46,-0.48869
-1455.3,46,-0.48869
-1450.9,46,-0.48869
-1446.5,46,-0.48869
-1442.1,46,-0.48869
-1437.7,46,-0.48869
-1433.3,46,-0.48869
-1428.9,46,-0.48869
-1424.5,46,-0.48869
-1420.1,46,-0.48869
-1415.8,46,-0.48869
-1411.4,46,-0.48869
-1407,46,-0.48869
-1402.6,46,-0.48869
-1398.2,46,-0.48869
-1393.9,46,-0.48869
-1389.5,46,-0.48869
-1385.1,46,-0.48869
-1380.8,46,-0.48869
-1376.4,46,-0.48869
-1372.1,46,-0.48869
-1367.7,46,-0.48869
-1363.4,46,-0.48869
-1359.1,46,-0.48869
-1354.8,46,-0.48869
-1350.5,46,-0.48869
-1346.1,46,-0.48869
-1341.8,46,-0.48869
-1337.6,46,-0.48869
-1333.3,46,-0.48869
-1329,46,-0.48869
-1324.7,46,-0.48869
-1320.5,46,-0.48869
-1316.2,46,-0.48869
-1312,46,-0.48869
-1307.8,46,-0.48869
-1303.5,46,-0.48869
-1299.3,46,-0.48869
-1295.1,46,-0.48869
-1290.9,46,-0.48869
-1286.7,46,-0.48869
-1282.6,46,-0.48869
-1278.4,46,-0.48869
-1274.3,46,-0.48869
-1270.1,46,-0.48869
-1266,46,-0.48869
-1261.9,46,-0.48869
-1257.8,46,-0.48869
-1253.7,46,-0.48869
-1249.6,46,-0.48869
-1245.6,46,-0.48869
-1241.5,46,-0.48869
-1237.5,46,-0.48869
-1233.5,46,-0.48869
-1229.5,46,-0.48869
-1225.5,46,-0.48869
-1221.5,46,-0.48869
-1217.5,46,-0.48869
-1213.6,46,-0.48869
-1209.6,46,-0.48869
-1205.7,46,-0.48869
-1201.8,46,-0.48869
-1197.9,46,-0.48869
-1194.1,46,-0.48869
-1190.2,46,-0.48869
-1186.4,46,-0.48869
-1182.5,46,-0.48869
-1178.7,46,-0.48869
-1174.9,46,-0.48869
-1171.2,46,-0.48869
-1167.4,46,-0.48869
-1163.7,46,-0.48869
-1159.9,46,-0.48869
-1156.2,46,-0.48869
-1152.5,46,-0.48869
-1148.9,46,-0.48869
-1145.2,46,-0.48869
-1141.6,46,-0.48869
-1137.9,46,-0.48869
-1134.3,46,-0.48869
-1130.8,46,-0.48869
-1127.2,46,-0.48869
-1123.7,46,-0.48869
-1120.1,46,-0.48869
-1116.6,46,-0.48869
-1113.1,46,-0.48869
-1109.7,46,-0.48869
-1106.2,46,-0.48869
-1102.8,46,-0.48869
-1099.4,46,-0.48869
-1096,46,-0.48869
-1092.6,46,-0.48869
-1089.3,46,-0.48869
-1086,46,-0.48869
-1082.6,46,-0.48869
-1079.4,46,-0.48869
-1076.1,46,-0.48869
-1072.8,46,-0.48869
-1069.6,46,-0.48869
-1066.4,46,-0.48869
-1063.2,46,-0.48869
-1060.1,46,-0.48869
-1056.9,46,-0.48869
-1053.8,46,-0.48869
-1050.7,46,-0.48869
-1047.6,46,-0.48869
-1044.6,46,-0.48869
-1041.6,46,-0.48869
-1038.5,46,-0.48869
-1035.6,46,-0.48869
-1032.6,46,-0.48869
-1029.6,46,-0.48869
-1026.7,46,-0.48869
-1023.8,46,-0.48869
-1020.9,46,-0.48869
-1018.1,46,-0.48869
-1015.2,46,-0.48869
-1012.4,46,-0.48869
-1009.6,46,-0.48869
-1006.9,46,-0.48869
-1004.1,46,-0.48869
-1001.4,46,-0.48869
-998.72,46,-0.48869
-996.04,46,-0.48869
-993.39,46,-0.48869
-990.76,46,-0.48869
-988.15,46,-0.48869
-985.57,46,-0.48869
-983.01,46,-0.48869
-980.47,46,-0.48869
-977.95,46,-0.48869
-975.46,46,-0.48869
-972.99,46,-0.48869
-970.54,46,-0.48869
-968.12,46,-0.48869
-965.72,46,-0.48869
-963.34,46,-0.48869
-960.99,46,-0.48869
-958.66,46,-0.48869
-956.35,46,-0.48869
-954.07,46,-0.48869
-951.81,46,-0.48869
-949.57,46,-0.48869
-947.35,46,-0.48869
-945.16,46,-0.48869
-942.99,46,-0.48869
-940.85,46,-0.48869
-938.73,46,-0.48869
-936.63,46,-0.48869
-934.55,46,-0.48869
-932.5,46,-0.48869
-930.47,46,-0.48869
-928.46,46,-0.48869
-926.48,46,-0.48869
-924.52,46,-0.48869
-922.58,46,-0.48869
-920.66,46,-0.48869
-918.77,46,-0.48869
-916.9,46,-0.48869
-915.06,46,-0.48869
-913.23,46,-0.48869
-911.43,46,-0.48869
-909.66,46,-0.48869
-907.9,46,-0.48869
-906.17,46,-0.48869
-904.46,46,-0.48869
-902.77,46,-0.48869
-901.11,46,-0.48869
-899.46,46,-0.48869
-897.84,46,-0.48869
-896.25,46,-0.48869
-894.67,46,-0.48869
-893.12,46,-0.48869
-891.59,46,-0.48869
-890.08,46,-0.48869
-888.59,46,-0.48869
-887.12,46,-0.48869
-885.68,46,-0.48869
-884.26,46,-0.48869
-882.86,46,-0.48869
-881.48,46,-0.48869
-880.12,46,-0.48869
-878.79,46,-0.48869
-877.47,46,-0.48869
-876.18,46,-0.48869
-874.91,46,-0.48869
-873.66,46,-0.48869
-872.43,46,-0.48869
-871.22,46,-0.48869
-870.03,46,-0.48869
-868.86,46,-0.48869
-867.72,46,-0.48869
-866.59,46,-0.48869
-865.49,46,-0.48869
-864.4,46,-0.48869
-863.34,46,-0.48869
-862.29,46,-0.48869
-861.27,46,-0.48869
-860.26,46,-0.48869
-859.27,46,-0.48869
-858.31,46,-0.48869
-857.36,46,-0.48869
-856.44,46,-0.48869
-855.53,46,-0.48869
-854.64,46,-0.48869
-853.77,46,-0.48869
-852.92,46,-0.48869
-852.09,46,-0.48869
-851.28,46,-0.48869
-850.48,46,-0.48869
-849.71,46,-0.48869
-848.95,46,-0.48869
-848.21,46,-0.48869
-847.49,46,-0.48869
-846.78,46,-0.48869
-846.1,46,-0.48869
-845.43,46,-0.48869
-844.78,46,-0.48869
-844.15,46,-0.48869
-843.53,46,-0.48869
-842.93,46,-0.48869
-842.35,46,-0.48869
-841.78,46,-0.48869
-841.24,46,-0.48869
-840.7,46,-0.48869
-840.19,46,-0.48869
-839.69,46,-0.48869
-839.2,46,-0.48869
-838.74,46,-0.48869
-838.28,46,-0.48869
-837.85,46,-0.48869
-837.43,46,-0.48869
-837.02,46,-0.48869
-836.63,46,-0.48869
-836.25,46,-0.48869
-835.89,46,-0.48869
-835.55,46,-0.48869
-835.21,46,-0.48869
-834.9,46,-0.48869
-834.59,46,-0.48869
-834.3,46,-0.48869
-834.03,46,-0.48869
-833.76,46,-0.48869
-833.52,46,-0.48869
-833.28,46,-0.48869
-833.06,46,-0.48869
-832.85,46,-0.48869
-832.65,46,-0.48869
-832.47,46,-0.48869
-832.3,46,-0.48869
-832.14,46,-0.48869
-831.99,46,-0.48869
-831.85,46,-0.48869
-831.73,46,-0.48869
-831.62,46,-0.48869
-831.52,46,-0.48869
-831.43,46,-0.48869
-831.35,46,-0.48869
-831.28,46,-0.48869
-831.23,46,-0.48869
-831.18,46,-0.48869
-831.15,46,-0.48869
-831.12,46,-0.48869
-831.11,46,-0.48869
-831.1,46,-0.48869
-831.11,46,-0.48869
-831.12,46,-0.48869
-831.14,46,-0.48869
-831.17,46,-0.48869
-831.22,46,-0.48869
-831.27,46,-0.48869
-831.32,46,-0.48869
-831.39,46,-0.48869
-831.47,46,-0.48869
-831.55,46,-0.48869
-831.64,46,-0.48869
-831.74,46,-0.48869
-831.85,46,-0.48869
-831.96,46,-0.48869
-832.08,46,-0.48869
-832.21,46,-0.48869
-832.35,46,-0.48869
-832.49,46,-0.48869
-832.64,46,-0.48869
-832.79,46,-0.48869
-832.95,46,-0.48869
-833.12,46,-0.48869
-833.29,46,-0.48869
-833.47,46,-0.48869
-833.65,46,-0.48869
-833.84,46,-0.48869
-834.04,46,-0.48869
-834.24,46,-0.48869
-834.44,46,-0.48869
-834.65,46,-0.48869
-834.86,46,-0.48869
-835.08,46,-0.48869
-835.3,46,-0.48869
-835.53,46,-0.48869
-835.76,46,-0.48869
-835.99,46,-0.48869
-836.23,46,-0.48869
-836.47,46,-0.48869
-836.71,46,-0.48869
-836.96,46,-0.48869
-837.21,46,-0.48869
-837.46,46,-0.48869
-837.71,46,-0.48869
-837.97,46,-0.48869
-838.23,46,-0.48869
-838.49,46,-0.48869
-838.76,46,-0.48869
-839.02,46,-0.48869
-839.29,46,-0.48869
-839.56,46,-0.48869
-839.83,46,-0.48869
-840.1,46,-0.48869
-840.37,46,-0.48869
-840.65,46,-0.48869
-840.92,46,-0.48869
-841.2,46,-0.48869
-841.47,46,-0.48869
-841.75,46,-0.48869
-842.03,46,-0.48869
-842.3,46,-0.48869
-842.58,46,-0.48869
-842.86,46,-0.48869
-843.14,46,-0.48869
-843.41,46,-0.48869
-843.69,46,-0.48869
-843.97,46,-0.48869
-844.24,46,-0.48869
-844.52,46,-0.48869
-844.79,46,-0.48869
-845.07,46,-0.48869
-845.34,46,-0.48869
-845.61,46,-0.48869
-845.88,46,-0.48869
-846.15,46,-0.48869
-846.42,46,-0.48869
-846.68,46,-0.48869
-846.95,46,-0.48869
-847.21,46,-0.48869
-847.47,46,-0.48869
-847.73,46,-0.48869
-847.99,46,-0.48869
-848.25,46,-0.48869
-848.5,46,-0.48869
-848.75,46,-0.48869
-849,46,-0.48869
-849.25,46,-0.48869
-849.49,46,-0.48869
-849.74,46,-0.48869
-849.98,46,-0.48869
-850.21,46,-0.48869
-850.45,46,-0.48869
-850.68,46,-0.48869
-850.91,46,-0.48869
-851.14,46,-0.48869
-851.36,46,-0.48869
-851.58,46,-0.48869
-851.8,46,-0.48869
-852.01,46,-0.48869
-852.23,46,-0.48869
-852.43,46,-0.48869
-852.64,46,-0.48869
-852.84,46,-0.48869
-853.04,46,-0.48869
-853.24,46,-0.48869
-853.43,46,-0.48869
-853.62,46,-0.48869
-853.81,46,-0.48869
-853.99,46,-0.48869
-854.18,46,-0.48869
-854.35,46,-0.48869
-854.53,46,-0.48869
-854.7,46,-0.48869
-854.86,46,-0.48869
-855.03,46,-0.48869
-855.19,46,-0.48869
-855.34,46,-0.48869
-855.5,46,-0.48869
-855.65,46,-0.48869
-855.79,46,-0.48869
-855.94,46,-0.48869
-856.08,46,-0.48869
-856.21,46,-0.48869
-856.35,46,-0.48869
-856.48,46,-0.48869
-856.6,46,-0.48869
-856.72,46,-0.48869
-856.84,46,-0.48869
-856.96,46,-0.48869
-857.07,46,-0.48869
-857.18,46,-0.48869
-857.29,46,-0.48869
-857.39,46,-0.48869
-857.49,46,-0.48869
-857.58,46,-0.48869
-857.67,46,-0.48869
-857.76,46,-0.48869
-857.85,46,-0.48869
-857.93,46,-0.48869
-858.01,46,-0.48869
-858.09,46,-0.48869
-858.16,46,-0.48869
-858.23,46,-0.48869
-858.29,46,-0.48869
-858.36,46,-0.48869
-858.42,46,-0.48869
-858.47,46,-0.48869
-858.53,46,-0.48869
-858.58,46,-0.48869
-858.62,46,-0.48869
-858.67,46,-0.48869
-858.71,46,-0.48869
-858.75,46,-0.48869
-858.78,46,-0.48869
-858.81,46,-0.48869
-858.84,46,-0.48869
-858.87,46,-0.48869
-858.89,46,-0.48869
-858.91,46,-0.48869
-858.93,46,-0.48869
-858.95,46,-0.48869
-858.96,46,-0.48869
-858.97,46,-0.48869
-858.97,46,-0.48869
-858.98,46,-0.48869
-858.98,46,-0.48869
-858.98,46,-0.48869
-858.97,46,-0.48869
-858.96,46,-0.48869
-858.95,46,-0.48869
-858.94,46,-0.48869
-858.93,46,-0.48869
-858.91,46,-0.48869
-858.89,46,-0.48869
-858.87,46,-0.48869
-858.84,46,-0.48869
-858.81,46,-0.48869
-858.78,46,-0.48869
-858.75,46,-0.48869
-858.71,46,-0.48869
-858.67,46,-0.48869
-858.63,46,-0.48869
-858.59,46,-0.48869
-858.54,46,-0.48869
-858.49,46,-0.48869
-858.44,46,-0.48869
-858.38,46,-0.48869
-858.33,46,-0.48869
-858.27,46,-0.48869
-858.21,46,-0.48869
-858.14,46,-0.48869
-858.07,46,-0.48869
-858,46,-0.48869
-857.93,46,-0.48869
-857.86,46,-0.48869
-857.78,46,-0.48869
-857.7,46,-0.48869
-857.62,46,-0.48869
-857.53,46,-0.48869
-857.44,46,-0.48869
-857.35,46,-0.48869
-857.26,46,-0.48869
-857.16,46,-0.48869
-857.06,46,-0.48869
-856.96,46,-0.48869
-856.85,46,-0.48869
-856.75,46,-0.48869
-856.64,46,-0.48869
-856.52,46,-0.48869
-856.41,46,-0.48869
-856.29,46,-0.48869
-856.16,46,-0.48869
-856.04,46,-0.48869
-855.91,46,-0.48869
-855.78,46,-0.48869
-855.64,46,-0.48869
-855.51,46,-0.48869
-855.36,46,-0.48869
-855.22,46,-0.48869
-855.07,46,-0.48869
-854.92,46,-0.48869
-854.77,46,-0.48869
-854.61,46,-0.48869
-854.45,46,-0.48869
-854.28,46,-0.48869
-854.12,46,-0.48869
-853.95,46,-0.48869
-853.77,46,-0.48869
-853.59,46,-0.48869
-853.41,46,-0.48869
-853.22,46,-0.48869
-853.03,46,-0.48869
-852.84,46,-0.48869
-852.64,46,-0.48869
-852.44,46,-0.48869
-852.24,46,-0.48869
-852.03,46,-0.48869
-851.81,46,-0.48869
-851.6,46,-0.48869
-851.37,46,-0.48869
-851.15,46,-0.48869
-850.92,46,-0.48869
-850.68,46,-0.48869
-850.45,46,-0.48869
-850.2,46,-0.48869
-849.95,46,-0.48869
-849.7,46,-0.48869
-849.45,46,-0.48869
-849.19,46,-0.48869
-848.92,46,-0.48869
-848.65,46,-0.48869
-848.38,46,-0.48869
-848.1,46,-0.48869
-847.81,46,-0.48869
-847.52,46,-0.48869
-847.23,46,-0.48869
-846.93,46,-0.48869
-846.63,46,-0.48869
-846.32,46,-0.48869
-846,46,-0.48869
-845.68,46,-0.48869
-845.36,46,-0.48869
-845.03,46,-0.48869
-844.69,46,-0.48869
-844.36,46,-0.48869
-844.01,46,-0.48869
-843.66,46,-0.48869
-843.3,46,-0.48869
-842.94,46,-0.48869
-842.57,46,-0.48869
-842.2,46,-0.48869
-841.82,46,-0.48869
-841.44,46,-0.48869
-841.05,46,-0.48869
-840.66,46,-0.48869
-840.26,46,-0.48869
-839.85,46,-0.48869
-839.44,46,-0.48869
-839.02,46,-0.48869
-838.6,46,-0.48869
-838.17,46,-0.48869
-837.73,46,-0.48869
-837.29,46,-0.48869
-836.85,46,-0.48869
-836.39,46,-0.48869
-835.93,46,-0.48869
-835.47,46,-0.48869
-835,46,-0.48869
-834.52,46,-0.48869
-834.04,46,-0.48869
-833.55,46,-0.48869
-833.06,46,-0.48869
-832.56,46,-0.48869
-832.05,46,-0.48869
-831.54,46,-0.48869
-831.02,46,-0.48869
-830.49,46,-0.48869
-829.96,46,-0.48869
-829.42,46,-0.48869
-828.88,46,-0.48869
-828.33,46,-0.48869
-827.77,46,-0.48869
-827.21,46,-0.48869
-826.64,46,-0.48869
-826.07,46,-0.48869
-825.49,46,-0.48869
-824.9,46,-0.48869
-824.31,46,-0.48869
-823.71,46,-0.48869
-823.1,46,-0.48869
-822.49,46,-0.48869
-821.88,46,-0.48869
-821.25,46,-0.48869
-820.62,46,-0.48869
-819.99,46,-0.48869
-819.34,46,-0.48869
-818.69,46,-0.48869
-818.04,46,-0.48869
-817.38,46,-0.48869
-816.71,46,-0.48869
-816.04,46,-0.48869
-815.36,46,-0.48869
-814.68,46,-0.48869
-813.99,46,-0.48869
-813.29,46,-0.48869
-812.59,46,-0.48869
-811.88,46,-0.48869
-811.16,46,-0.48869
-810.44,46,-0.48869
-809.72,46,-0.48869
-808.99,46,-0.48869
-808.25,46,-0.48869
-807.5,46,-0.48869
-806.76,46,-0.48869
-806,46,-0.48869
-805.24,46,-0.48869
-804.47,46,-0.48869
-803.7,46,-0.48869
-802.92,46,-0.48869
-802.14,46,-0.48869
-801.35,46,-0.48869
-800.56,46,-0.48869
-799.76,46,-0.48869
-798.95,46,-0.48869
-798.14,46,-0.48869
-797.32,46,-0.48869
-796.5,46,-0.48869
-795.68,46,-0.48869
-794.85,46,-0.48869
-794.01,46,-0.48869
-793.17,46,-0.48869
-792.32,46,-0.48869
-791.47,46,-0.48869
-790.61,46,-0.48869
-789.75,46,-0.48869
-788.88,46,-0.48869
-788.01,46,-0.48869
-787.13,46,-0.48869
-786.25,46,-0.48869
-785.36,46,-0.48869
-784.47,46,-0.48869
-783.57,46,-0.48869
-782.67,46,-0.48869
-781.77,46,-0.48869
-780.86,46,-0.48869
-779.95,46,-0.48869
-779.03,46,-0.48869
-778.1,46,-0.48869
-777.18,46,-0.48869
-776.25,46,-0.48869
-775.31,46,-0.48869
-774.37,46,-0.48869
-773.43,46,-0.48869
-772.48,46,-0.48869
-771.53,46,-0.48869
-770.57,46,-0.48869
-769.61,46,-0.48869
-768.65,46,-0.48869
-767.68,46,-0.48869
-766.71,46,-0.48869
-765.74,46,-0.48869
-764.76,46,-0.48869
-763.78,46,-0.48869
-762.79,46,-0.48869
-761.8,46,-0.48869
-760.81,46,-0.48869
-759.81,46,-0.48869
-758.82,46,-0.48869
-757.81,46,-0.48869
-756.81,46,-0.48869
-755.8,46,-0.48869
-754.79,46,-0.48869
-753.78,46,-0.48869
-752.76,46,-0.48869
-751.74,46,-0.48869
-750.72,46,-0.48869
-749.69,46,-0.48869
-748.66,46,-0.48869
-747.63,46,-0.48869
-746.6,46,-0.48869
-745.56,46,-0.48869
-744.53,46,-0.48869
-743.48,46,-0.48869
-742.44,46,-0.48869
-741.4,46,-0.48869
-740.35,46,-0.48869
-739.3,46,-0.48869
-738.25,46,-0.48869
-737.19,46,-0.48869
-736.14,46,-0.48869
-735.08,46,-0.48869
-734.02,46,-0.48869
-732.96,46,-0.48869
-731.9,46,-0.48869
-730.83,46,-0.48869
-729.76,46,-0.48869
-728.69,46,-0.48869
-727.62,46,-0.48869
-726.55,46,-0.48869
-725.48,46,-0.48869
-724.41,46,-0.48869
-723.33,46,-0.48869
-722.25,46,-0.48869
-721.18,46,-0.48869
-720.1,46,-0.48869
-719.02,46,-0.48869
-717.93,46,-0.48869
-716.85,46,-0.48869
-715.77,46,-0.48869
-714.68,46,-0.48869
-713.6,46,-0.48869
-712.51,46,-0.48869
-711.43,46,-0.48869
-710.34,46,-0.48869
-709.25,46,-0.48869
-708.16,46,-0.48869
-707.07,46,-0.48869
-705.98,46,-0.48869
-704.89,46,-0.48869
-703.8,46,-0.48869
-702.71,46,-0.48869
-701.62,46,-0.48869
-700.53,46,-0.48869
-699.43,46,-0.48869
-698.34,46,-0.48869
-697.25,46,-0.48869
-696.16,46,-0.48869
-695.07,46,-0.48869
-693.97,46,-0.48869
-692.88,46,-0.48869
-691.79,46,-0.48869
-690.7,46,-0.48869
-689.6,46,-0.48869
-688.51,46,-0.48869
-687.42,46,-0.48869
-686.33,46,-0.48869
-685.24,46,-0.48869
-684.15,46,-0.48869
-683.06,46,-0.48869
-681.97,46,-0.48869
-680.88,46,-0.48869
-679.79,46,-0.48869
-678.71,46,-0.48869
-677.62,46,-0.48869
-676.53,46,-0.48869
-675.45,46,-0.48869
-674.36,46,-0.48869
-673.28,46,-0.48869
-672.2,46,-0.48869
-671.12,46,-0.48869
-670.03,46,-0.48869
-668.95,46,-0.48869
-667.87,46,-0.48869
-666.8,46,-0.48869
-665.72,46,-0.48869
-664.64,46,-0.48869
-663.57,46,-0.48869
-662.49,46,-0.48869
-661.42,46,-0.48869
-660.35,46,-0.48869
-659.28,46,-0.48869
-658.21,46,-0.48869
-657.14,46,-0.48869
-656.08,46,-0.48869
-655.01,46,-0.48869
-653.95,46,-0.48869
-652.89,46,-0.48869
-651.83,46,-0.48869
-650.77,46,-0.48869
-649.71,46,-0.48869
-648.65,46,-0.48869
-647.6,46,-0.48869
-646.55,46,-0.48869
-645.5,46,-0.48869
-644.45,46,-0.48869
-643.4,46,-0.48869
-642.35,46,-0.48869
-641.31,46,-0.48869
-640.26,46,-0.48869
-639.22,46,-0.48869
-638.18,46,-0.48869
-637.15,46,-0.48869
-636.11,46,-0.48869
-635.08,46,-0.48869
-634.04,46,-0.48869
-633.01,46,-0.48869
-631.99,46,-0.48869
-630.96,46,-0.48869
-629.94,46,-0.48869
-628.91,46,-0.48869
-627.89,46,-0.48869
-626.87,46,-0.48869
-625.86,46,-0.48869
-624.84,46,-0.48869
-623.83,46,-0.48869
-622.82,46,-0.48869
-621.81,46,-0.48869
-620.81,46,-0.48869
-619.8,46,-0.48869
-618.8,46,-0.48869
-617.8,46,-0.48869
-616.8,46,-0.48869
-615.81,46,-0.48869
-614.81,46,-0.48869
-613.82,46,-0.48869
-612.83,46,-0.48869
-611.85,46,-0.48869
-610.86,46,-0.48869
-609.88,46,-0.48869
-608.9,46,-0.48869
-607.92,46,-0.48869
-606.95,46,-0.48869
-605.97,46,-0.48869
-605,46,-0.48869
-604.03,46,-0.48869
-603.06,46,-0.48869
-602.1,46,-0.48869
-601.14,46,-0.48869
-600.18,46,-0.48869
-599.22,46,-0.48869
-598.26,46,-0.48869
-597.31,46,-0.48869
-596.36,46,-0.48869
-595.41,46,-0.48869
-594.46,46,-0.48869
-593.52,46,-0.48869
-592.58,46,-0.48869
-591.64,46,-0.48869
-590.7,46,-0.48869
-589.77,46,-0.48869
-588.83,46,-0.48869
-587.9,46,-0.48869
-586.98,46,-0.48869
-586.05,46,-0.48869
-585.13,46,-0.48869
-584.21,46,-0.48869
-583.29,46,-0.48869
-582.37,46,-0.48869
-581.46,46,-0.48869
-580.54,46,-0.48869
-579.63,46,-0.48869
-578.73,46,-0.48869
-577.82,46,-0.48869
-576.92,46,-0.48869
-576.02,46,-0.48869
-575.12,46,-0.48869
-574.22,46,-0.48869
-573.33,46,-0.48869
-572.44,46,-0.48869
-571.55,46,-0.48869
-570.66,46,-0.48869
-569.77,46,-0.48869
-568.89,46,-0.48869
-568.01,46,-0.48869
-567.13,46,-0.48869
-566.25,46,-0.48869
-565.38,46,-0.48869
-564.51,46,-0.48869
-563.64,46,-0.48869
-562.77,46,-0.48869
-561.9,46,-0.48869
-561.04,46,-0.48869
-560.18,46,-0.48869
-559.32,46,-0.48869
-558.46,46,-0.48869
-557.61,46,-0.48869
-556.75,46,-0.48869
-555.9,46,-0.48869
-555.05,46,-0.48869
-554.21,46,-0.48869
-553.36,46,-0.48869
-552.52,46,-0.48869
-551.68,46,-0.48869
-550.84,46,-0.48869
-550,46,-0.48869
-549.17,46,-0.48869
-548.33,46,-0.48869
-547.5,46,-0.48869
-546.67,46,-0.48869
-545.84,46,-0.48869
-545.02,46,-0.48869
-544.19,46,-0.48869
-543.37,46,-0.48869
-542.55,46,-0.48869
-541.73,46,-0.48869
-540.92,46,-0.48869
-540.1,46,-0.48869
-539.29,46,-0.48869
-538.48,46,-0.48869
-537.67,46,-0.48869
-536.86,46,-0.48869
-536.05,46,-0.48869
-535.25,46,-0.48869
-534.45,46,-0.48869
-533.65,46,-0.48869
-532.85,46,-0.48869
-532.05,46,-0.48869
-531.25,46,-0.48869
-530.46,46,-0.48869
-529.66,46,-0.48869
-528.87,46,-0.48869
-528.08,46,-0.48869
-527.29,46,-0.48869
-526.51,46,-0.48869
-525.72,46,-0.48869
-524.94,46,-0.48869
-524.15,46,-0.48869
-523.37,46,-0.48869
-522.59,46,-0.48869
-521.81,46,-0.48869
-521.04,46,-0.48869
-520.26,46,-0.48869
-519.48,46,-0.48869
-518.71,46,-0.48869
-517.94,46,-0.48869
-517.17,46,-0.48869
-516.4,46,-0.48869
-515.63,46,-0.48869
-514.86,46,-0.48869
-514.09,46,-0.48869
-513.33,46,-0.48869
-512.57,46,-0.48869
-511.8,46,-0.48869
-511.04,46,-0.48869
-510.28,46,-0.48869
-509.52,46,-0.48869
-508.76,46,-0.48869
-508,46,-0.48869
-507.25,46,-0.48869
-506.49,46,-0.48869
-505.73,46,-0.48869
-504.98,46,-0.48869
-504.23,46,-0.48869
-503.47,46,-0.48869
-502.72,46,-0.48869
-501.97,46,-0.48869
-501.22,46,-0.48869
-500.47,46,-0.48869
-499.72,46,-0.48869
-498.98,46,-0.48869
-498.23,46,-0.48869
-497.48,46,-0.48869
-496.74,46,-0.48869
-495.99,46,-0.48869
-495.25,46,-0.48869
-494.5,46,-0.48869
-493.76,46,-0.48869
-493.02,46,-0.48869
-492.27,46,-0.48869
-491.53,46,-0.48869
-490.79,46,-0.48869
-490.05,46,-0.48869
-489.31,46,-0.48869
-488.57,46,-0.48869
-487.83,46,-0.48869
-487.09,46,-0.48869
-486.35,46,-0.48869
-485.61,46,-0.48869
-484.87,46,-0.48869
-484.14,46,-0.48869
-483.4,46,-0.48869
-482.66,46,-0.48869
-481.92,46,-0.48869
-481.19,46,-0.48869
-480.45,46,-0.48869
-479.71,46,-0.48869
-478.97,46,-0.48869
-478.24,46,-0.48869
-477.5,46,-0.48869
-476.77,46,-0.48869
-476.03,46,-0.48869
-475.29,46,-0.48869
-474.56,46,-0.48869
-473.82,46,-0.48869
-473.08,46,-0.48869
-472.35,46,-0.48869
-471.61,46,-0.48869
-470.87,46,-0.48869
-470.14,46,-0.48869
-469.4,46,-0.48869
-468.66,46,-0.48869
-467.93,46,-0.48869
-467.19,46,-0.48869
-466.45,46,-0.48869
-465.71,46,-0.48869
-464.97,46,-0.48869
-464.24,46,-0.48869
-463.5,46,-0.48869
-462.76,46,-0.48869
-462.02,46,-0.48869
-461.28,46,-0.48869
-460.54,46,-0.48869
-459.8,46,-0.48869
-459.06,46,-0.48869
-458.32,46,-0.48869
-457.57,46,-0.48869
-456.83,46,-0.48869
-456.09,46,-0.48869
-455.35,46,-0.48869
-454.6,46,-0.48869
-453.86,46,-0.48869
-453.11,46,-0.48869
-452.37,46,-0.48869
-451.62,46,-0.48869
-450.88,46,-0.48869
-450.13,46,-0.48869
-449.38,46,-0.48869
-448.63,46,-0.48869
-447.88,46,-0.48869
-447.13,46,-0.48869
-446.38,46,-0.48869
-445.63,46,-0.48869
-444.88,46,-0.48869
-444.13,46,-0.48869
-443.37,46,-0.48869
-442.62,46,-0.48869
-441.86,46,-0.48869
-441.11,46,-0.48869
-440.35,46,-0.48869
-439.59,46,-0.48869
-438.83,46,-0.48869
-438.08,46,-0.48869
-437.32,46,-0.48869
-436.55,46,-0.48869
-435.79,46,-0.48869
-435.03,46,-0.48869
-434.27,46,-0.48869
-433.5,46,-0.48869
-432.74,46,-0.48869
-431.97,46,-0.48869
-431.2,46,-0.48869
-430.43,46,-0.48869
-429.66,46,-0.48869
-428.89,46,-0.48869
-428.12,46,-0.48869
-427.35,46,-0.48869
-426.57,46,-0.48869
-425.8,46,-0.48869
-425.02,46,-0.48869
-424.25,46,-0.48869
-423.47,46,-0.48869
-422.69,46,-0.48869
-421.91,46,-0.48869
-421.13,46,-0.48869
-420.34,46,-0.48869
-419.56,46,-0.48869
-418.78,46,-0.48869
-417.99,46,-0.48869
-417.2,46,-0.48869
-416.41,46,-0.48869
-415.62,46,-0.48869
-414.83,46,-0.48869
-414.04,46,-0.48869
-413.25,46,-0.48869
-412.45,46,-0.48869
-411.66,46,-0.48869
-410.86,46,-0.48869
-410.06,46,-0.48869
-409.27,46,-0.48869
-408.46,46,-0.48869
-407.66,46,-0.48869
-406.86,46,-0.48869
-406.06,46,-0.48869
-405.25,46,-0.48869
-404.44,46,-0.48869
-403.64,46,-0.48869
-402.83,46,-0.48869
-402.02,46,-0.48869
-401.2,46,-0.48869
-400.39,46,-0.48869
-399.58,46,-0.48869
-398.76,46,-0.48869
-397.94,46,-0.48869
-397.12,46,-0.48869
-396.31,46,-0.48869
-395.48,46,-0.48869
-394.66,46,-0.48869
-393.84,46,-0.48869
-393.01,46,-0.48869
-392.19,46,-0.48869
-391.36,46,-0.48869
-390.53,46,-0.48869
-389.7,46,-0.48869
-388.87,46,-0.48869
-388.04,46,-0.48869
-387.2,46,-0.48869
-386.37,46,-0.48869
-385.53,46,-0.48869
-384.69,46,-0.48869
-383.85,46,-0.48869
-383.01,46,-0.48869
-382.17,46,-0.48869
-381.33,46,-0.48869
-380.48,46,-0.48869
-379.64,46,-0.48869
-378.79,46,-0.48869
-377.94,46,-0.48869
-377.09,46,-0.48869
-376.24,46,-0.48869
-375.39,46,-0.48869
-374.54,46,-0.48869
-373.68,46,-0.48869
-372.83,46,-0.48869
-371.97,46,-0.48869
-371.11,46,-0.48869
-370.25,46,-0.48869
-369.39,46,-0.48869
-368.53,46,-0.48869
-367.66,46,-0.48869
-366.8,46,-0.48869
-365.93,46,-0.48869
-365.06,46,-0.48869
-364.2,46,-0.48869
-363.33,46,-0.48869
-362.45,46,-0.48869
-361.58,46,-0.48869
-360.71,46,-0.48869
-359.83,46,-0.48869
-358.96,46,-0.48869
-358.08,46,-0.48869
-357.2,46,-0.48869
-356.33,46,-0.48869
-355.44,46,-0.48869
-354.56,46,-0.48869
-353.68,46,-0.48869
-352.8,46,-0.48869
-351.91,46,-0.48869
-351.03,46,-0.48869
-350.14,46,-0.48869
-349.25,46,-0.48869
-348.36,46,-0.48869
-347.47,46,-0.48869
-346.58,46,-0.48869
-345.69,46,-0.48869
-344.79,46,-0.48869
-343.9,46,-0.48869
-343,46,-0.48869
-342.11,46,-0.48869
-341.21,46,-0.48869
-340.31,46,-0.48869
-339.41,46,-0.48869
-338.51,46,-0.48869
-337.61,46,-0.48869
-336.71,46,-0.48869
-335.81,46,-0.48869
-334.9,46,-0.48869
-334,46,-0.48869
-333.09,46,-0.48869
-332.18,46,-0.48869
-331.28,46,-0.48869
-330.37,46,-0.48869
-329.46,46,-0.48869
-328.55,46,-0.48869
-327.64,46,-0.48869
-326.73,46,-0.48869
-325.82,46,-0.48869
-324.9,46,-0.48869
-323.99,46,-0.48869
-323.07,46,-0.48869
-322.16,46,-0.48869
-321.24,46,-0.48869
-320.33,46,-0.48869
-319.41,46,-0.48869
-318.49,46,-0.48869
-317.57,46,-0.48869
-316.65,46,-0.48869
-315.73,46,-0.48869
-314.81,46,-0.48869
-313.89,46,-0.48869
-312.97,46,-0.48869
-312.05,46,-0.48869
-311.12,46,-0.48869
-310.2,46,-0.48869
-309.28,46,-0.48869
-308.35,46,-0.48869
-307.43,46,-0.48869
-306.5,46,-0.48869
-305.58,46,-0.48869
-304.65,46,-0.48869
-303.72,46,-0.48869
-302.8,46,-0.48869
-301.87,46,-0.48869
-300.94,46,-0.48869
-300.02,46,-0.48869
-299.09,46,-0.48869
-298.16,46,-0.48869
-297.23,46,-0.48869
-296.3,46,-0.48869
-295.37,46,-0.48869
-294.44,46,-0.48869
-293.51,46,-0.48869
-292.58,46,-0.48869
-291.65,46,-0.48869
-290.72,46,-0.48869
-289.79,46,-0.48869
-288.86,46,-0.48869
-287.93,46,-0.48869
-287,46,-0.48869
-286.07,46,-0.48869
-285.14,46,-0.48869
-284.21,46,-0.48869
-283.27,46,-0.48869
-282.34,46,-0.48869
-281.41,46,-0.48869
-280.48,46,-0.48869
-279.55,46,-0.48869
-278.62,46,-0.48869
-277.69,46,-0.48869
-276.76,46,-0.48869
-275.83,46,-0.48869
-274.9,46,-0.48869
-273.97,46,-0.48869
-273.04,46,-0.48869
-272.11,46,-0.48869
-271.18,46,-0.48869
-270.25,46,-0.48869
-269.32,46,-0.48869
-268.39,46,-0.48869
-267.46,46,-0.48869
-266.53,46,-0.48869
-265.61,46,-0.48869
-264.68,46,-0.48869
-263.75,46,-0.48869
-262.82,46,-0.48869
-261.9,46,-0.48869
-260.97,46,-0.48869
-260.04,46,-0.48869
-259.12,46,-0.48869
-258.19,46,-0.48869
-257.27,46,-0.48869
-256.35,46,-0.48869
-255.42,46,-0.48869
-254.5,46,-0.48869
-253.58,46,-0.48869
-252.66,46,-0.48869
-251.74,46,-0.48869
-250.82,46,-0.48869
-249.9,46,-0.48869
-248.98,46,-0.48869
-248.06,46,-0.48869
-247.14,46,-0.48869
-246.22,46,-0.48869
-245.31,46,-0.48869
-244.39,46,-0.48869
-243.48,46,-0.48869
-242.56,46,-0.48869
-241.65,46,-0.48869
-240.74,46,-0.48869
-239.83,46,-0.48869
-238.91,46,-0.48869
-238,46,-0.48869
-237.1,46,-0.48869
-236.19,46,-0.48869
-235.28,46,-0.48869
-234.37,46,-0.48869
-233.47,46,-0.48869
-232.56,46,-0.48869
-231.66,46,-0.48869
-230.76,46,-0.48869
-229.86,46,-0.48869
-228.96,46,-0.48869
-228.06,46,-0.48869
-227.16,46,-0.48869
-226.26,46,-0.48869
-225.36,46,-0.48869
-224.47,46,-0.48869
-223.58,46,-0.48869
-222.68,46,-0.48869
-221.79,46,-0.48869
-220.9,46,-0.48869
-220.01,46,-0.48869
-219.12,46,-0.48869
-218.24,46,-0.48869
-217.35,46,-0.48869
-216.47,46,-0.48869
-215.58,46,-0.48869
-214.7,46,-0.48869
-213.82,46,-0.48869
-212.94,46,-0.48869
-212.06,46,-0.48869
-211.19,46,-0.48869
-210.31,46,-0.48869
-209.44,46,-0.48869
-208.57,46,-0.48869
-207.69,46,-0.48869
-206.82,46,-0.48869
-205.96,46,-0.48869
-205.09,46,-0.48869
-204.22,46,-0.48869
-203.36,46,-0.48869
-202.5,46,-0.48869
-201.64,46,-0.48869
-200.78,46,-0.48869
-199.92,46,-0.48869
-199.06,46,-0.48869
-198.21,46,-0.48869
-197.35,46,-0.48869
-196.5,46,-0.48869
-195.65,46,-0.48869
-194.8,46,-0.48869
-193.96,46,-0.48869
-193.11,46,-0.48869
-192.27,46,-0.48869
-191.43,46,-0.48869
-190.59,46,-0.48869
-189.75,46,-0.48869
-188.91,46,-0.48869
-188.07,46,-0.48869
-187.24,46,-0.48869
-186.41,46,-0.48869
-185.58,46,-0.48869
-184.75,46,-0.48869
-183.92,46,-0.48869
-183.1,46,-0.48869
-182.27,46,-0.48869
-181.45,46,-0.48869
-180.63,46,-0.48869
-179.81,46,-0.48869
-179,46,-0.48869
-178.18,46,-0.48869
-177.37,46,-0.48869
-176.56,46,-0.48869
-175.75,46,-0.48869
-174.94,46,-0.48869
-174.14,46,-0.48869
-173.33,46,-0.48869
-172.53,46,-0.48869
-171.73,46,-0.48869
-170.94,46,-0.48869
-170.14,46,-0.48869
-169.35,46,-0.48869
-168.55,46,-0.48869
-167.76,46,-0.48869
-166.98,46,-0.48869
-166.19,46,-0.48869
-165.4,46,-0.48869
-164.62,46,-0.48869
-163.84,46,-0.48869
-163.06,46,-0.48869
-162.29,46,-0.48869
-161.51,46,-0.48869
-160.74,46,-0.48869
-159.97,46,-0.48869
-159.2,46,-0.48869
-158.43,46,-0.48869
-157.67,46,-0.48869
-156.91,46,-0.48869
-156.14,46,-0.48869
-155.39,46,-0.48869
-154.63,46,-0.48869
-153.87,46,-0.48869
-153.12,46,-0.48869
-152.37,46,-0.48869
-151.62,46,-0.48869
-150.88,46,-0.48869
-150.13,46,-0.48869
-149.39,46,-0.48869
-148.65,46,-0.48869
-147.91,46,-0.48869
-147.17,46,-0.48869
-146.44,46,-0.48869
-145.71,46,-0.48869
-144.98,46,-0.48869
-144.25,46,-0.48869
-143.52,46,-0.48869
-142.8,46,-0.48869
-142.08,46,-0.48869
-141.36,46,-0.48869
-140.64,46,-0.48869
-139.92,46,-0.48869
-139.21,46,-0.48869
-138.5,46,-0.48869
-137.79,46,-0.48869
-137.08,46,-0.48869
-136.38,46,-0.48869
-135.67,46,-0.48869
-134.97,46,-0.48869
-134.27,46,-0.48869
-133.57,46,-0.48869
-132.88,46,-0.48869
-132.19,46,-0.48869
-131.5,46,-0.48869
-130.81,46,-0.48869
-130.12,46,-0.48869
-129.44,46,-0.48869
-128.75,46,-0.48869
-128.07,46,-0.48869
-127.4,46,-0.48869
-126.72,46,-0.48869
-126.05,46,-0.48869
-125.37,46,-0.48869
-124.7,46,-0.48869
-124.04,46,-0.48869
-123.37,46,-0.48869
-122.71,46,-0.48869
-122.04,46,-0.48869
-121.38,46,-0.48869
-120.73,46,-0.48869
-120.07,46,-0.48869
-119.42,46,-0.48869
-118.77,46,-0.48869
-118.12,46,-0.48869
-117.47,46,-0.48869
-116.82,46,-0.48869
-116.18,46,-0.48869
-115.54,46,-0.48869
-114.9,46,-0.48869
-114.26,46,-0.48869
-113.63,46,-0.48869
-112.99,46,-0.48869
-112.36,46,-0.48869
-111.73,46,-0.48869
-111.11,46,-0.48869
-110.48,46,-0.48869
-109.86,46,-0.48869
-109.24,46,-0.48869
-108.62,46,-0.48869
-108,46,-0.48869
-107.39,46,-0.48869
-106.77,46,-0.48869
-106.16,46,-0.48869
-105.55,46,-0.48869
-104.95,46,-0.48869
-104.34,46,-0.48869
-103.74,46,-0.48869
-103.13,46,-0.48869
-102.54,46,-0.48869
-101.94,46,-0.48869
-101.34,46,-0.48869
-100.75,46,-0.48869
-100.16,46,-0.48869
-99.566,46,-0.48869
-98.978,46,-0.48869
-98.391,46,-0.48869
-97.807,46,-0.48869
-97.224,46,-0.48869
-96.644,46,-0.48869
-96.065,46,-0.48869
-95.488,46,-0.48869
-94.913,46,-0.48869
-94.339,46,-0.48869
-93.768,46,-0.48869
-93.198,46,-0.48869
-92.63,46,-0.48869
-92.064,46,-0.48869
-91.5,46,-0.48869
-90.937,46,-0.48869
-90.376,46,-0.48869
-89.817,46,-0.48869
-89.26,46,-0.48869
-88.705,46,-0.48869
-88.151,46,-0.48869
-87.599,46,-0.48869
-87.049,46,-0.48869
-86.5,46,-0.48869
-85.953,46,-0.48869
-85.408,46,-0.48869
-84.864,46,-0.48869
-84.323,46,-0.48869
-83.782,46,-0.48869
-83.244,46,-0.48869
-82.707,46,-0.48869
-82.172,46,-0.48869
-81.638,46,-0.48869
-81.106,46,-0.48869
-80.576,46,-0.48869
-80.047,46,-0.48869
-79.52,46,-0.48869
-78.994,46,-0.48869
-78.47,46,-0.48869
-77.948,46,-0.48869
-77.427,46,-0.48869
-76.908,46,-0.48869
-76.39,46,-0.48869
-75.873,46,-0.48869
-75.359,46,-0.48869
-74.845,46,-0.48869
-74.333,46,-0.48869
-73.823,46,-0.48869
-73.314,46,-0.48869
-72.807,46,-0.48869
-72.301,46,-0.48869
-71.796,46,-0.48869
-71.293,46,-0.48869
-70.791,46,-0.48869
-70.291,46,-0.48869
-69.792,46,-0.48869
-69.294,46,-0.48869
-68.798,46,-0.48869
-68.303,46,-0.48869
-67.81,46,-0.48869
-67.318,46,-0.48869
-66.827,46,-0.48869
-66.338,46,-0.48869
-65.849,46,-0.48869
-65.363,46,-0.48869
-64.877,46,-0.48869
-64.393,46,-0.48869
-63.91,46,-0.48869
-63.428,46,-0.48869
-62.947,46,-0.48869
-62.468,46,-0.48869
-61.99,46,-0.48869
-61.513,46,-0.48869
-61.037,46,-0.48869
-60.562,46,-0.48869
-60.089,46,-0.48869
-59.617,46,-0.48869
-59.146,46,-0.48869
-58.676,46,-0.48869
-58.207,46,-0.48869
-57.739,46,-0.48869
-57.272,46,-0.48869
-56.807,46,-0.48869
-56.342,46,-0.48869
-55.879,46,-0.48869
-55.417,46,-0.48869
-54.955,46,-0.48869
-54.495,46,-0.48869
-54.036,46,-0.48869
-53.578,46,-0.48869
-53.12,46,-0.48869
-52.664,46,-0.48869
-52.209,46,-0.48869
-51.755,46,-0.48869
-51.301,46,-0.48869
-50.849,46,-0.48869
-50.397,46,-0.48869
-49.947,46,-0.48869
-49.497,46,-0.48869
-49.048,46,-0.48869
-48.6,46,-0.48869
-48.153,46,-0.48869
-47.707,46,-0.48869
-47.262,46,-0.48869
-46.818,46,-0.48869
-46.374,46,-0.48869
-45.931,46,-0.48869
-45.489,46,-0.48869
-45.048,46,-0.48869
-44.608,46,-0.48869
-44.168,46,-0.48869
-43.729,46,-0.48869
-43.291,46,-0.48869
-42.853,46,-0.48869
-42.417,46,-0.48869
-41.981,46,-0.48869
-41.546,46,-0.48869
-41.111,46,-0.48869
-40.677,46,-0.48869
-40.244,46,-0.48869
-39.812,46,-0.48869
-39.38,46,-0.48869
-38.949,46,-0.48869
-38.518,46,-0.48869
-38.088,46,-0.48869
-37.659,46,-0.48869
-37.23,46,-0.48869
-36.802,46,-0.48869
-36.374,46,-0.48869
-35.947,46,-0.48869
-35.521,46,-0.48869
-35.095,46,-0.48869
-34.67,46,-0.48869
-34.245,46,-0.48869
-33.82,46,-0.48869
-33.397,46,-0.48869
-32.973,46,-0.48869
-32.551,46,-0.48869
-32.128,46,-0.48869
-31.706,46,-0.48869
-31.285,46,-0.48869
-30.864,46,-0.48869
-30.444,46,-0.48869
-30.024,46,-0.48869
-29.604,46,-0.48869
-29.185,46,-0.48869
-28.766,46,-0.48869
-28.347,46,-0.48869
-27.929,46,-0.48869
-27.512,46,-0.48869
-27.095,46,-0.48869
-26.678,46,-0.48869
-26.261,46,-0.48869
-25.845,46,-0.48869
-25.429,46,-0.48869
-25.013,46,-0.48869
-24.598,46,-0.48869
-24.183,46,-0.48869
-23.768,46,-0.48869
-23.354,46,-0.48869
-22.94,46,-0.48869
-22.526,46,-0.48869
-22.112,46,-0.48869
-21.699,46,-0.48869
-21.286,46,-0.48869
-20.873,46,-0.48869
-20.461,46,-0.48869
-20.048,46,-0.48869
-19.636,46,-0.48869
-19.224,46,-0.48869
-18.812,46,-0.48869
-18.401,46,-0.48869
-17.99,46,-0.48869
-17.578,46,-0.48869
-17.167,46,-0.48869
-16.756,46,-0.48869
-16.346,46,-0.48869
-15.935,46,-0.48869
-15.525,46,-0.48869
-15.115,46,-0.48869
-14.704,46,-0.48869
-14.294,46,-0.48869
-13.885,46,-0.48869
-13.475,46,-0.48869
-13.065,46,-0.48869
-12.656,46,-0.48869
-12.246,46,-0.48869
-11.837,46,-0.48869
-11.427,46,-0.48869
-11.018,46,-0.48869
-10.609,46,-0.48869
-10.2,46,-0.48869
-9.7906,46,-0.48869
-9.3816,46,-0.48869
-8.9726,46,-0.48869
-8.5637,46,-0.48869
-8.1548,46,-0.48869
-7.7459,46,-0.48869
-7.3371,46,-0.48869
-6.9282,46,-0.48869
-6.5194,46,-0.48869
-6.1106,46,-0.48869
-5.7018,46,-0.48869
-5.293,46,-0.48869
-4.8841,46,-0.48869
-4.4753,46,-0.48869
-4.0665,46,-0.48869
-3.6576,46,-0.48869
-3.2487,46,-0.48869
-2.8398,46,-0.48869
-2.4308,46,-0.48869
-2.0219,46,-0.48869
-1.6128,46,-0.48869
-1.2038,46,-0.48869
-0.79467,46,-0.48869
-0.38551,46,-0.48869
0.023705,46,-0.48869
0.43298,46,-0.48869
0.84231,46,-0.48869
1.2517,46,-0.48869
1.6612,46,-0.48869
2.0707,46,-0.48869
2.4803,46,-0.48869
2.89,46,-0.48869
3.2997,46,-0.48869
3.7096,46,-0.48869
4.1195,46,-0.48869
4.5295,46,-0.48869
4.9396,46,-0.48869
5.3498,46,-0.48869
5.7601,46,-0.48869
6.1704,46,-0.48869
6.5809,46,-0.48869
6.9915,46,-0.48869
7.4021,46,-0.48869
7.8129,46,-0.48869
8.2237,46,-0.48869
8.6347,46,-0.48869
9.0458,46,-0.48869
9.457,46,-0.48869
9.8683,46,-0.48869
10.28,46,-0.48869
10.691,46,-0.48869
11.103,46,-0.48869
11.515,46,-0.48869
11.926,46,-0.48869
12.338,46,-0.48869
12.75,46,-0.48869
13.163,46,-0.48869
13.575,46,-0.48869
13.987,46,-0.48869
14.4,46,-0.48869
14.812,46,-0.48869
15.225,46,-0.48869
15.638,46,-0.48869
16.051,46,-0.48869
16.464,46,-0.48869
16.877,46,-0.48869
17.291,46,-0.48869
17.704,46,-0.48869
18.118,46,-0.48869
18.531,46,-0.48869
18.945,46,-0.48869
19.359,46,-0.48869
19.773,46,-0.48869
20.187,46,-0.48869
20.601,46,-0.48869
21.015,46,-0.48869
21.43,46,-0.48869
21.844,46,-0.48869
22.259,46,-0.48869
22.674,46,-0.48869
23.088,46,-0.48869
23.503,46,-0.48869
23.918,46,-0.48869
24.333,46,-0.48869
24.748,46,-0.48869
25.164,46,-0.48869
25.579,46,-0.48869
25.994,46,-0.48869
26.41,46,-0.48869
26.825,46,-0.48869
27.241,46,-0.48869
27.657,46,-0.48869
28.072,46,-0.48869
28.488,46,-0.48869
28.904,46,-0.48869
29.32,46,-0.48869
29.736,46,-0.48869
30.152,46,-0.48869
30.568,46,-0.48869
30.984,46,-0.48869
31.4,46,-0.48869
31.817,46,-0.48869
32.233,46,-0.48869
32.649,46,-0.48869
33.066,46,-0.48869
33.482,46,-0.48869
33.898,46,-0.48869
34.315,46,-0.48869
34.731,46,-0.48869
35.147,46,-0.48869
35.564,46,-0.48869
35.98,46,-0.48869
36.397,46,-0.48869
36.813,46,-0.48869
37.229,46,-0.48869
37.646,46,-0.48869
38.062,46,-0.48869
38.478,46,-0.48869
38.894,46,-0.48869
39.311,46,-0.48869
39.727,46,-0.48869
40.143,46,-0.48869
40.559,46,-0.48869
40.975,46,-0.48869
41.391,46,-0.48869
41.807,46,-0.48869
42.223,46,-0.48869
42.638,46,-0.48869
43.054,46,-0.48869
43.47,46,-0.48869
43.885,46,-0.48869
44.3,46,-0.48869
44.716,46,-0.48869
45.131,46,-0.48869
45.546,46,-0.48869
45.961,46,-0.48869
46.376,46,-0.48869
46.79,46,-0.48869
47.205,46,-0.48869
47.619,46,-0.48869
48.033,46,-0.48869
48.447,46,-0.48869
48.861,46,-0.48869
49.275,46,-0.48869
49.688,46,-0.48869
50.102,46,-0.48869
50.515,46,-0.48869
50.928,46,-0.48869
51.341,46,-0.48869
51.753,46,-0.48869
52.165,46,-0.48869
52.577,46,-0.48869
52.989,46,-0.48869
53.401,46,-0.48869
53.812,46,-0.48869
54.223,46,-0.48869
54.634,46,-0.48869
55.045,46,-0.48869
55.455,46,-0.48869
55.865,46,-0.48869
56.275,46,-0.48869
56.685,46,-0.48869
57.094,46,-0.48869
57.503,46,-0.48869
57.911,46,-0.48869
58.319,46,-0.48869
58.727,46,-0.48869
59.135,46,-0.48869
59.542,46,-0.48869
59.949,46,-0.48869
60.355,46,-0.48869
60.762,46,-0.48869
61.167,46,-0.48869
61.573,46,-0.48869
61.978,46,-0.48869
62.382,46,-0.48869
62.787,46,-0.48869
63.19,46,-0.48869
63.594,46,-0.48869
63.997,46,-0.48869
64.399,46,-0.48869
64.801,46,-0.48869
65.203,46,-0.48869
65.604,46,-0.48869
66.005,46,-0.48869
66.405,46,-0.48869
66.805,46,-0.48869
67.204,46,-0.48869
67.603,46,-0.48869
68.001,46,-0.48869
68.399,46,-0.48869
68.796,46,-0.48869
69.193,46,-0.48869
69.589,46,-0.48869
69.985,46,-0.48869
70.38,46,-0.48869
70.774,46,-0.48869
71.168,46,-0.48869
71.562,46,-0.48869
71.955,46,-0.48869
72.347,46,-0.48869
72.738,46,-0.48869
73.129,46,-0.48869
73.52,46,-0.48869
73.91,46,-0.48869
74.299,46,-0.48869
74.687,46,-0.48869
75.075,46,-0.48869
75.462,46,-0.48869
75.849,46,-0.48869
76.235,46,-0.48869
76.62,46,-0.48869
77.004,46,-0.48869
77.388,46,-0.48869
77.771,46,-0.48869
78.154,46,-0.48869
78.536,46,-0.48869
78.916,46,-0.48869
79.297,46,-0.48869
79.676,46,-0.48869
80.055,46,-0.48869
80.433,46,-0.48869
80.81,46,-0.48869
81.186,46,-0.48869
81.562,46,-0.48869
81.937,46,-0.48869
82.311,46,-0.48869
82.684,46,-0.48869
83.057,46,-0.48869
83.428,46,-0.48869
83.799,46,-0.48869
84.169,46,-0.48869
84.538,46,-0.48869
84.906,46,-0.48869
85.274,46,-0.48869
85.64,46,-0.48869
86.006,46,-0.48869
86.371,46,-0.48869
86.734,46,-0.48869
87.097,46,-0.48869
87.459,46,-0.48869
87.82,46,-0.48869
88.181,46,-0.48869
88.54,46,-0.48869
88.898,46,-0.48869
89.256,46,-0.48869
89.612,46,-0.48869
89.967,46,-0.48869
90.322,46,-0.48869
90.675,46,-0.48869
91.028,46,-0.48869
91.379,46,-0.48869
91.73,46,-0.48869
92.079,46,-0.48869
92.428,46,-0.48869
92.775,46,-0.48869
93.122,46,-0.48869
93.467,46,-0.48869
93.811,46,-0.48869
94.155,46,-0.48869
94.497,46,-0.48869
94.838,46,-0.48869
95.178,46,-0.48869
95.517,46,-0.48869
95.855,46,-0.48869
96.192,46,-0.48869
96.528,46,-0.48869
96.862,46,-0.48869
97.196,46,-0.48869
97.528,46,-0.48869
97.859,46,-0.48869
98.189,46,-0.48869
98.518,46,-0.48869
98.846,46,-0.48869
99.173,46,-0.48869
99.498,46,-0.48869
99.822,46,-0.48869
100.15,46,-0.48869
100.47,46,-0.48869
100.79,46,-0.48869
101.11,46,-0.48869
101.43,46,-0.48869
101.74,46,-0.48869
102.06,46,-0.48869
102.37,46,-0.48869
102.69,46,-0.48869
103,46,-0.48869
103.31,46,-0.48869
103.62,46,-0.48869
103.93,46,-0.48869
104.24,46,-0.48869
104.54,46,-0.48869
104.85,46,-0.48869
105.15,46,-0.48869
105.45,46,-0.48869
105.75,46,-0.48869
106.05,46,-0.48869
106.35,46,-0.48869
106.65,46,-0.48869
106.94,46,-0.48869
107.24,46,-0.48869
107.53,46,-0.48869
107.82,46,-0.48869
108.11,46,-0.48869
108.4,46,-0.48869
108.69,46,-0.48869
108.97,46,-0.48869
109.26,46,-0.48869
109.54,46,-0.48869
109.82,46,-0.48869
110.1,46,-0.48869
110.38,46,-0.48869
110.66,46,-0.48869
110.94,46,-0.48869
111.21,46,-0.48869
111.49,46,-0.48869
111.76,46,-0.48869
112.03,46,-0.48869
112.3,46,-0.48869
112.57,46,-0.48869
112.83,46,-0.48869
113.1,46,-0.48869
113.36,46,-0.48869
113.62,46,-0.48869
113.88,46,-0.48869
114.14,46,-0.48869
114.4,46,-0.48869
114.66,46,-0.48869
114.91,46,-0.48869
115.17,46,-0.48869
115.42,46,-0.48869
115.67,46,-0.48869
115.92,46,-0.48869
116.17,46,-0.48869
116.41,46,-0.48869
116.66,46,-0.48869
116.9,46,-0.48869
117.14,46,-0.48869
117.38,46,-0.48869
117.62,46,-0.48869
117.86,46,-0.48869
118.09,46,-0.48869
118.33,46,-0.48869
118.56,46,-0.48869
118.79,46,-0.48869
119.02,46,-0.48869
119.25,46,-0.48869
119.48,46,-0.48869
119.7,46,-0.48869
119.92,46,-0.48869
120.15,46,-0.48869
120.37,46,-0.48869
120.59,46,-0.48869
120.8,46,-0.48869
121.02,46,-0.48869
121.23,46,-0.48869
121.45,46,-0.48869
121.66,46,-0.48869
121.87,46,-0.48869
122.07,46,-0.48869
122.28,46,-0.48869
122.49,46,-0.48869
122.69,46,-0.48869
122.89,46,-0.48869
123.09,46,-0.48869
123.29,46,-0.48869
123.49,46,-0.48869
123.68,46,-0.48869
123.88,46,-0.48869
124.07,46,-0.48869
124.26,46,-0.48869
124.45,46,-0.48869
124.64,46,-0.48869
124.82,46,-0.48869
125.01,46,-0.48869
125.19,46,-0.48869
125.37,46,-0.48869
125.55,46,-0.48869
125.73,46,-0.48869
125.9,46,-0.48869
126.08,46,-0.48869
126.25,46,-0.48869
126.42,46,-0.48869
126.59,46,-0.48869
126.76,46,-0.48869
126.93,46,-0.48869
127.09,46,-0.48869
127.26,46,-0.48869
127.42,46,-0.48869
127.58,46,-0.48869
127.74,46,-0.48869
127.9,46,-0.48869
128.05,46,-0.48869
128.21,46,-0.48869
128.36,46,-0.48869
128.51,46,-0.48869
128.66,46,-0.48869
128.81,46,-0.48869
128.95,46,-0.48869
129.1,46,-0.48869
129.24,46,-0.48869
129.38,46,-0.48869
129.52,46,-0.48869
129.66,46,-0.48869
129.8,46,-0.48869
129.93,46,-0.48869
130.06,46,-0.48869
130.2,46,-0.48869
130.33,46,-0.48869
130.45,46,-0.48869
130.58,46,-0.48869
130.71,46,-0.48869
130.83,46,-0.48869
130.95,46,-0.48869
131.07,46,-0.48869
131.19,46,-0.48869
131.31,46,-0.48869
131.43,46,-0.48869
131.54,46,-0.48869
131.65,46,-0.48869
131.76,46,-0.48869
131.87,46,-0.48869
131.98,46,-0.48869
132.09,46,-0.48869
132.19,46,-0.48869
132.3,46,-0.48869
132.4,46,-0.48869
132.5,46,-0.48869
132.6,46,-0.48869
132.7,46,-0.48869
132.79,46,-0.48869
132.88,46,-0.48869
132.98,46,-0.48869
133.07,46,-0.48869
133.16,46,-0.48869
133.25,46,-0.48869
133.33,46,-0.48869
133.42,46,-0.48869
133.5,46,-0.48869
133.58,46,-0.48869
133.66,46,-0.48869
133.74,46,-0.48869
133.82,46,-0.48869
133.89,46,-0.48869
133.97,46,-0.48869
134.04,46,-0.48869
134.11,46,-0.48869
134.18,46,-0.48869
134.25,46,-0.48869
134.32,46,-0.48869
134.38,46,-0.48869
134.45,46,-0.48869
134.51,46,-0.48869
134.57,46,-0.48869
134.63,46,-0.48869
134.69,46,-0.48869
134.74,46,-0.48869
134.8,46,-0.48869
134.85,46,-0.48869
134.9,46,-0.48869
134.95,46,-0.48869
135,46,-0.48869
135.05,46,-0.48869
135.1,46,-0.48869
135.14,46,-0.48869
135.18,46,-0.48869
135.23,46,-0.48869
135.27,46,-0.48869
135.3,46,-0.48869
135.34,46,-0.48869
135.38,46,-0.48869
135.41,46,-0.48869
135.45,46,-0.48869
135.48,46,-0.48869
135.51,46,-0.48869
135.54,46,-0.48869
135.57,46,-0.48869
135.59,46,-0.48869
135.62,46,-0.48869
135.64,46,-0.48869
135.66,46,-0.48869
135.69,46,-0.48869
135.7,46,-0.48869
135.72,46,-0.48869
135.74,46,-0.48869
135.76,46,-0.48869
135.77,46,-0.48869
135.78,46,-0.48869
135.79,46,-0.48869
135.81,46,-0.48869
135.81,46,-0.48869
135.82,46,-0.48869
135.83,46,-0.48869
135.83,46,-0.48869
135.84,46,-0.48869
135.84,46,-0.48869
135.84,46,-0.48869
135.84,46,-0.48869
135.84,46,-0.48869
135.84,46,-0.48869
135.83,46,-0.48869
135.83,46,-0.48869
135.82,46,-0.48869
135.82,46,-0.48869
135.81,46,-0.48869
135.8,46,-0.48869
135.79,46,-0.48869
135.77,46,-0.48869
135.76,46,-0.48869
135.75,46,-0.48869
135.73,46,-0.48869
135.71,46,-0.48869
135.69,46,-0.48869
135.68,46,-0.48869
135.65,46,-0.48869
135.63,46,-0.48869
135.61,46,-0.48869
135.59,46,-0.48869
135.56,46,-0.48869
135.53,46,-0.48869
135.51,46,-0.48869
135.48,46,-0.48869
135.45,46,-0.48869
135.42,46,-0.48869
135.39,46,-0.48869
135.35,46,-0.48869
135.32,46,-0.48869
135.28,46,-0.48869
135.25,46,-0.48869
135.21,46,-0.48869
135.17,46,-0.48869
135.13,46,-0.48869
135.09,46,-0.48869
135.05,46,-0.48869
135.01,46,-0.48869
134.97,46,-0.48869
134.92,46,-0.48869
134.88,46,-0.48869
134.83,46,-0.48869
134.78,46,-0.48869
134.73,46,-0.48869
134.68,46,-0.48869
134.63,46,-0.48869
134.58,46,-0.48869
134.53,46,-0.48869
134.48,46,-0.48869
134.42,46,-0.48869
134.37,46,-0.48869
134.31,46,-0.48869
134.25,46,-0.48869
134.2,46,-0.48869
134.14,46,-0.48869
134.08,46,-0.48869
134.02,46,-0.48869
133.96,46,-0.48869
133.89,46,-0.48869
133.83,46,-0.48869
133.77,46,-0.48869
133.7,46,-0.48869
133.63,46,-0.48869
133.57,46,-0.48869
133.5,46,-0.48869
133.43,46,-0.48869
133.36,46,-0.48869
133.29,46,-0.48869
133.22,46,-0.48869
133.15,46,-0.48869
133.08,46,-0.48869
133.01,46,-0.48869
132.93,46,-0.48869
132.86,46,-0.48869
132.78,46,-0.48869
132.7,46,-0.48869
132.63,46,-0.48869
132.55,46,-0.48869
132.47,46,-0.48869
132.39,46,-0.48869
132.31,46,-0.48869
132.23,46,-0.48869
132.15,46,-0.48869
132.07,46,-0.48869
131.99,46,-0.48869
131.9,46,-0.48869
131.82,46,-0.48869
131.73,46,-0.48869
131.65,46,-0.48869
131.56,46,-0.48869
131.48,46,-0.48869
131.39,46,-0.48869
131.3,46,-0.48869
131.21,46,-0.48869
131.12,46,-0.48869
131.03,46,-0.48869
130.94,46,-0.48869
130.85,46,-0.48869
130.76,46,-0.48869
130.67,46,-0.48869
130.58,46,-0.48869
130.48,46,-0.48869
130.39,46,-0.48869
130.29,46,-0.48869
130.2,46,-0.48869
130.1,46,-0.48869
130.01,46,-0.48869
129.91,46,-0.48869
129.82,46,-0.48869
129.72,46,-0.48869
129.62,46,-0.48869
129.52,46,-0.48869
129.42,46,-0.48869
129.32,46,-0.48869
129.22,46,-0.48869
129.12,46,-0.48869
129.02,46,-0.48869
128.92,46,-0.48869
128.82,46,-0.48869
128.72,46,-0.48869
128.62,46,-0.48869
128.51,46,-0.48869
128.41,46,-0.48869
128.31,46,-0.48869
128.2,46,-0.48869
128.1,46,-0.48869
127.99,46,-0.48869
127.89,46,-0.48869
127.78,46,-0.48869
127.68,46,-0.48869
127.57,46,-0.48869
127.46,46,-0.48869
127.36,46,-0.48869
127.25,46,-0.48869
127.14,46,-0.48869
127.04,46,-0.48869
126.93,46,-0.48869
126.82,46,-0.48869
126.71,46,-0.48869
126.6,46,-0.48869
126.49,46,-0.48869
126.38,46,-0.48869
126.27,46,-0.48869
126.16,46,-0.48869
126.05,46,-0.48869
125.94,46,-0.48869
125.83,46,-0.48869
125.72,46,-0.48869
125.61,46,-0.48869
125.5,46,-0.48869
125.39,46,-0.48869
125.27,46,-0.48869
125.16,46,-0.48869
125.05,46,-0.48869
124.94,46,-0.48869
124.82,46,-0.48869
124.71,46,-0.48869
124.6,46,-0.48869
124.49,46,-0.48869
124.37,46,-0.48869
124.26,46,-0.48869
124.15,46,-0.48869
124.03,46,-0.48869
123.92,46,-0.48869
123.8,46,-0.48869
123.69,46,-0.48869
123.58,46,-0.48869
123.46,46,-0.48869
123.35,46,-0.48869
123.23,46,-0.48869
123.12,46,-0.48869
123,46,-0.48869
122.89,46,-0.48869
122.78,46,-0.48869
122.66,46,-0.48869
122.55,46,-0.48869
122.43,46,-0.48869
122.32,46,-0.48869
122.2,46,-0.48869
122.09,46,-0.48869
121.97,46,-0.48869
121.86,46,-0.48869
121.74,46,-0.48869
121.63,46,-0.48869
121.51,46,-0.48869
121.4,46,-0.48869
121.28,46,-0.48869
121.17,46,-0.48869
121.05,46,-0.48869
120.94,46,-0.48869
120.82,46,-0.48869
120.71,46,-0.48869
120.59,46,-0.48869
120.48,46,-0.48869
120.36,46,-0.48869
120.25,46,-0.48869
120.13,46,-0.48869
120.02,46,-0.48869
119.91,46,-0.48869
119.79,46,-0.48869
119.68,46,-0.48869
119.56,46,-0.48869
119.45,46,-0.48869
119.34,46,-0.48869
119.22,46,-0.48869
119.11,46,-0.48869
118.99,46,-0.48869
118.88,46,-0.48869
118.77,46,-0.48869
118.65,46,-0.48869
118.54,46,-0.48869
118.43,46,-0.48869
118.32,46,-0.48869
118.2,46,-0.48869
118.09,46,-0.48869
117.98,46,-0.48869
117.87,46,-0.48869
117.75,46,-0.48869
117.64,46,-0.48869
117.53,46,-0.48869
117.42,46,-0.48869
117.31,46,-0.48869
117.2,46,-0.48869
117.09,46,-0.48869
116.98,46,-0.48869
116.86,46,-0.48869
116.75,46,-0.48869
116.64,46,-0.48869
116.53,46,-0.48869
116.42,46,-0.48869
116.32,46,-0.48869
116.21,46,-0.48869
116.1,46,-0.48869
115.99,46,-0.48869
115.88,46,-0.48869
115.77,46,-0.48869
115.66,46,-0.48869
115.56,46,-0.48869
115.45,46,-0.48869
115.34,46,-0.48869
115.23,46,-0.48869
115.13,46,-0.48869
115.02,46,-0.48869
114.91,46,-0.48869
114.81,46,-0.48869
114.7,46,-0.48869
114.6,46,-0.48869
114.49,46,-0.48869
114.39,46,-0.48869
114.28,46,-0.48869
114.18,46,-0.48869
114.07,46,-0.48869
113.97,46,-0.48869
113.87,46,-0.48869
113.76,46,-0.48869
113.66,46,-0.48869
113.56,46,-0.48869
113.46,46,-0.48869
113.36,46,-0.48869
113.25,46,-0.48869
113.15,46,-0.48869
113.05,46,-0.48869
112.95,46,-0.48869
112.85,46,-0.48869
112.75,46,-0.48869
112.65,46,-0.48869
112.55,46,-0.48869
112.45,46,-0.48869
112.35,46,-0.48869
112.26,46,-0.48869
112.16,46,-0.48869
112.06,46,-0.48869
111.96,46,-0.48869
111.87,46,-0.48869
111.77,46,-0.48869
111.67,46,-0.48869
111.58,46,-0.48869
111.48,46,-0.48869
111.39,46,-0.48869
111.29,46,-0.48869
111.2,46,-0.48869
111.1,46,-0.48869
111.01,46,-0.48869
110.92,46,-0.48869
110.82,46,-0.48869
110.73,46,-0.48869
110.64,46,-0.48869
110.55,46,-0.48869
110.46,46,-0.48869
110.36,46,-0.48869
110.27,46,-0.48869
110.18,46,-0.48869
110.09,46,-0.48869
110,46,-0.48869
109.91,46,-0.48869
109.83,46,-0.48869
109.74,46,-0.48869
109.65,46,-0.48869
109.56,46,-0.48869
109.47,46,-0.48869
109.39,46,-0.48869
109.3,46,-0.48869
109.21,46,-0.48869
109.13,46,-0.48869
109.04,46,-0.48869
108.96,46,-0.48869
108.87,46,-0.48869
108.79,46,-0.48869
108.71,46,-0.48869
108.62,46,-0.48869
108.54,46,-0.48869
108.46,46,-0.48869
108.37,46,-0.48869
108.29,46,-0.48869
108.21,46,-0.48869
108.13,46,-0.48869
108.05,46,-0.48869
107.97,46,-0.48869
107.89,46,-0.48869
107.81,46,-0.48869
107.73,46,-0.48869
107.65,46,-0.48869
107.57,46,-0.48869
107.49,46,-0.48869
107.42,46,-0.48869
107.34,46,-0.48869
107.26,46,-0.48869
107.19,46,-0.48869
107.11,46,-0.48869
107.03,46,-0.48869
106.96,46,-0.48869
106.88,46,-0.48869
106.81,46,-0.48869
106.74,46,-0.48869
106.66,46,-0.48869
106.59,46,-0.48869
106.52,46,-0.48869
106.44,46,-0.48869
106.37,46,-0.48869
106.3,46,-0.48869
106.23,46,-0.48869
106.16,46,-0.48869
106.09,46,-0.48869
106.02,46,-0.48869
105.95,46,-0.48869
105.88,46,-0.48869
105.81,46,-0.48869
105.74,46,-0.48869
105.67,46,-0.48869
105.6,46,-0.48869
105.54,46,-0.48869
105.47,46,-0.48869
105.4,46,-0.48869
105.34,46,-0.48869
105.27,46,-0.48869
105.21,46,-0.48869
105.14,46,-0.48869
105.07,46,-0.48869
105.01,46,-0.48869
104.95,46,-0.48869
104.88,46,-0.48869
104.82,46,-0.48869
104.76,46,-0.48869
104.69,46,-0.48869
104.63,46,-0.48869
104.57,46,-0.48869
104.51,46,-0.48869
104.45,46,-0.48869
104.39,46,-0.48869
104.33,46,-0.48869
104.27,46,-0.48869
104.21,46,-0.48869
104.15,46,-0.48869
104.09,46,-0.48869
104.03,46,-0.48869
103.97,46,-0.48869
103.91,46,-0.48869
103.85,46,-0.48869
103.8,46,-0.48869
103.74,46,-0.48869
103.68,46,-0.48869
103.63,46,-0.48869
103.57,46,-0.48869
103.52,46,-0.48869
103.46,46,-0.48869
103.4,46,-0.48869
103.35,46,-0.48869
103.3,46,-0.48869
103.24,46,-0.48869
103.19,46,-0.48869
103.13,46,-0.48869
103.08,46,-0.48869
103.03,46,-0.48869
102.98,46,-0.48869
102.92,46,-0.48869
102.87,46,-0.48869
102.82,46,-0.48869
102.77,46,-0.48869
102.72,46,-0.48869
102.67,46,-0.48869
102.62,46,-0.48869
102.57,46,-0.48869
102.52,46,-0.48869
102.47,46,-0.48869
102.42,46,-0.48869
102.37,46,-0.48869
102.32,46,-0.48869
102.27,46,-0.48869
102.23,46,-0.48869
102.18,46,-0.48869
102.13,46,-0.48869
102.08,46,-0.48869
102.04,46,-0.48869
101.99,46,-0.48869
101.94,46,-0.48869
101.9,46,-0.48869
101.85,46,-0.48869
101.81,46,-0.48869
101.76,46,-0.48869
101.72,46,-0.48869
101.67,46,-0.48869
101.63,46,-0.48869
101.58,46,-0.48869
101.54,46,-0.48869
101.49,46,-0.48869
101.45,46,-0.48869
101.41,46,-0.48869
101.36,46,-0.48869
101.32,46,-0.48869
101.28,46,-0.48869
101.24,46,-0.48869
101.19,46,-0.48869
101.15,46,-0.48869
101.11,46,-0.48869
101.07,46,-0.48869
101.03,46,-0.48869
100.98,46,-0.48869
100.94,46,-0.48869
100.9,46,-0.48869
100.86,46,-0.48869
100.82,46,-0.48869
100.78,46,-0.48869
100.74,46,-0.48869
100.7,46,-0.48869
100.66,46,-0.48869
100.62,46,-0.48869
100.58,46,-0.48869
100.54,46,-0.48869
100.51,46,-0.48869
100.47,46,-0.48869
100.43,46,-0.48869
100.39,46,-0.48869
100.35,46,-0.48869
100.31,46,-0.48869
100.28,46,-0.48869
100.24,46,-0.48869
100.2,46,-0.48869
100.16,46,-0.48869
100.13,46,-0.48869
100.09,46,-0.48869
100.05,46,-0.48869
100.01,46,-0.48869
99.977,46,-0.48869
99.94,46,-0.48869
99.904,46,-0.48869
99.867,46,-0.48869
99.831,46,-0.48869
99.795,46,-0.48869
99.759,46,-0.48869
99.723,46,-0.48869
99.687,46,-0.48869
99.651,46,-0.48869
99.616,46,-0.48869
99.58,46,-0.48869
99.545,46,-0.48869
99.509,46,-0.48869
99.474,46,-0.48869
99.439,46,-0.48869
99.404,46,-0.48869
99.369,46,-0.48869
99.334,46,-0.48869
99.299,46,-0.48869
99.264,46,-0.48869
99.23,46,-0.48869
99.195,46,-0.48869
99.161,46,-0.48869
99.126,46,-0.48869
99.092,46,-0.48869
99.057,46,-0.48869
99.023,46,-0.48869
98.989,46,-0.48869
98.954,46,-0.48869
98.92,46,-0.48869
98.886,46,-0.48869
98.852,46,-0.48869
98.818,46,-0.48869
98.784,46,-0.48869
98.75,46,-0.48869
98.716,46,-0.48869
98.682,46,-0.48869
98.648,46,-0.48869
98.614,46,-0.48869
98.581,46,-0.48869
98.547,46,-0.48869
98.513,46,-0.48869
98.479,46,-0.48869
98.445,46,-0.48869
98.411,46,-0.48869
98.378,46,-0.48869
98.344,46,-0.48869
98.31,46,-0.48869
98.276,46,-0.48869
98.242,46,-0.48869
98.208,46,-0.48869
98.174,46,-0.48869
98.141,46,-0.48869
98.107,46,-0.48869
98.073,46,-0.48869
98.039,46,-0.48869
98.005,46,-0.48869
97.971,46,-0.48869
97.937,46,-0.48869
97.903,46,-0.48869
97.868,46,-0.48869
97.834,46,-0.48869
97.8,46,-0.48869
97.766,46,-0.48869
97.731,46,-0.48869
97.697,46,-0.48869
97.663,46,-0.48869
97.628,46,-0.48869
97.594,46,-0.48869
97.559,46,-0.48869
97.524,46,-0.48869
97.489,46,-0.48869
97.455,46,-0.48869
97.42,46,-0.48869
97.385,46,-0.48869
97.35,46,-0.48869
97.315,46,-0.48869
97.279,46,-0.48869
97.244,46,-0.48869
97.209,46,-0.48869
97.173,46,-0.48869
97.138,46,-0.48869
97.102,46,-0.48869
97.066,46,-0.48869
97.03,46,-0.48869
96.994,46,-0.48869
96.958,46,-0.48869
96.922,46,-0.48869
96.886,46,-0.48869
96.849,46,-0.48869
96.813,46,-0.48869
96.776,46,-0.48869
96.739,46,-0.48869
96.702,46,-0.48869
96.665,46,-0.48869
96.628,46,-0.48869
96.591,46,-0.48869
96.554,46,-0.48869
96.516,46,-0.48869
96.478,46,-0.48869
96.441,46,-0.48869
96.403,46,-0.48869
96.365,46,-0.48869
96.326,46,-0.48869
96.288,46,-0.48869
96.25,46,-0.48869
96.211,46,-0.48869
96.172,46,-0.48869
96.133,46,-0.48869
96.094,46,-0.48869
96.055,46,-0.48869
96.015,46,-0.48869
95.976,46,-0.48869
95.936,46,-0.48869
95.896,46,-0.48869
95.856,46,-0.48869
95.816,46,-0.48869
95.775,46,-0.48869
95.735,46,-0.48869
95.694,46,-0.48869
95.653,46,-0.48869
95.612,46,-0.48869
95.571,46,-0.48869
95.529,46,-0.48869
95.488,46,-0.48869
95.446,46,-0.48869
95.404,46,-0.48869
95.361,46,-0.48869
95.319,46,-0.48869
95.276,46,-0.48869
95.234,46,-0.48869
95.191,46,-0.48869
95.148,46,-0.48869
95.104,46,-0.48869
95.061,46,-0.48869
95.017,46,-0.48869
94.973,46,-0.48869
94.929,46,-0.48869
94.884,46,-0.48869
94.84,46,-0.48869
94.795,46,-0.48869
94.75,46,-0.48869
94.705,46,-0.48869
94.659,46,-0.48869
94.614,46,-0.48869
94.568,46,-0.48869
94.522,46,-0.48869
94.476,46,-0.48869
94.429,46,-0.48869
94.382,46,-0.48869
94.335,46,-0.48869
94.288,46,-0.48869
94.241,46,-0.48869
94.193,46,-0.48869
94.146,46,-0.48869
94.098,46,-0.48869
94.049,46,-0.48869
94.001,46,-0.48869
93.952,46,-0.48869
93.903,46,-0.48869
93.854,46,-0.48869
93.805,46,-0.48869
93.755,46,-0.48869
93.705,46,-0.48869
93.655,46,-0.48869
93.605,46,-0.48869
93.554,46,-0.48869
93.503,46,-0.48869
93.452,46,-0.48869
93.401,46,-0.48869
93.349,46,-0.48869
93.298,46,-0.48869
93.246,46,-0.48869
93.193,46,-0.48869
93.141,46,-0.48869
93.088,46,-0.48869
93.035,46,-0.48869
92.982,46,-0.48869
92.928,46,-0.48869
92.875,46,-0.48869
92.821,46,-0.48869
92.767,46,-0.48869
92.712,46,-0.48869
92.657,46,-0.48869
92.603,46,-0.48869
92.547,46,-0.48869
92.492,46,-0.48869
92.436,46,-0.48869
92.38,46,-0.48869
92.324,46,-0.48869
92.268,46,-0.48869
92.211,46,-0.48869
92.154,46,-0.48869
92.097,46,-0.48869
92.039,46,-0.48869
91.982,46,-0.48869
91.924,46,-0.48869
91.866,46,-0.48869
91.807,46,-0.48869
91.748,46,-0.48869
91.689,46,-0.48869
91.63,46,-0.48869
91.571,46,-0.48869
91.511,46,-0.48869
91.451,46,-0.48869
91.391,46,-0.48869
91.33,46,-0.48869
91.27,46,-0.48869
91.209,46,-0.48869
91.147,46,-0.48869
91.086,46,-0.48869
91.024,46,-0.48869
90.962,46,-0.48869
90.9,46,-0.48869
90.837,46,-0.48869
90.775,46,-0.48869
90.712,46,-0.48869
90.648,46,-0.48869
90.585,46,-0.48869
90.521,46,-0.48869
90.457,46,-0.48869
90.393,46,-0.48869
90.328,46,-0.48869
90.263,46,-0.48869
90.198,46,-0.48869
90.133,46,-0.48869
90.067,46,-0.48869
90.002,46,-0.48869
89.936,46,-0.48869
89.869,46,-0.48869
89.803,46,-0.48869
89.736,46,-0.48869
89.669,46,-0.48869
89.602,46,-0.48869
89.534,46,-0.48869
89.466,46,-0.48869
89.398,46,-0.48869
89.33,46,-0.48869
89.262,46,-0.48869
89.193,46,-0.48869
89.124,46,-0.48869
89.054,46,-0.48869
88.985,46,-0.48869
88.915,46,-0.48869
88.845,46,-0.48869
88.775,46,-0.48869
88.705,46,-0.48869
88.634,46,-0.48869
88.563,46,-0.48869
88.492,46,-0.48869
88.42,46,-0.48869
88.349,46,-0.48869
88.277,46,-0.48869
88.205,46,-0.48869
88.132,46,-0.48869
88.06,46,-0.48869
87.987,46,-0.48869
87.914,46,-0.48869
87.84,46,-0.48869
87.767,46,-0.48869
87.693,46,-0.48869
87.619,46,-0.48869
87.545,46,-0.48869
87.47,46,-0.48869
87.396,46,-0.48869
87.321,46,-0.48869
87.246,46,-0.48869
87.17,46,-0.48869
87.095,46,-0.48869
87.019,46,-0.48869
86.943,46,-0.48869
86.867,46,-0.48869
86.79,46,-0.48869
86.714,46,-0.48869
86.637,46,-0.48869
86.56,46,-0.48869
86.482,46,-0.48869
86.405,46,-0.48869
86.327,46,-0.48869
86.249,46,-0.48869
86.171,46,-0.48869
86.093,46,-0.48869
86.014,46,-0.48869
85.935,46,-0.48869
85.856,46,-0.48869
85.777,46,-0.48869
85.698,46,-0.48869
85.618,46,-0.48869
85.538,46,-0.48869
85.458,46,-0.48869
85.378,46,-0.48869
85.298,46,-0.48869
85.217,46,-0.48869
85.136,46,-0.48869
85.055,46,-0.48869
84.974,46,-0.48869
84.893,46,-0.48869
84.811,46,-0.48869
84.73,46,-0.48869
84.648,46,-0.48869
84.566,46,-0.48869
84.483,46,-0.48869
84.401,46,-0.48869
84.318,46,-0.48869
84.236,46,-0.48869
84.153,46,-0.48869
84.07,46,-0.48869
83.986,46,-0.48869
83.903,46,-0.48869
83.819,46,-0.48869
83.735,46,-0.48869
83.651,46,-0.48869
83.567,46,-0.48869
83.483,46,-0.48869
83.398,46,-0.48869
83.314,46,-0.48869
83.229,46,-0.48869
83.144,46,-0.48869
83.059,46,-0.48869
82.973,46,-0.48869
82.888,46,-0.48869
82.802,46,-0.48869
82.717,46,-0.48869
82.631,46,-0.48869
82.545,46,-0.48869
82.459,46,-0.48869
82.372,46,-0.48869
82.286,46,-0.48869
82.199,46,-0.48869
82.113,46,-0.48869
82.026,46,-0.48869
81.939,46,-0.48869
81.852,46,-0.48869
81.764,46,-0.48869
81.677,46,-0.48869
81.589,46,-0.48869
81.502,46,-0.48869
81.414,46,-0.48869
81.326,46,-0.48869
81.238,46,-0.48869
81.15,46,-0.48869
81.062,46,-0.48869
80.973,46,-0.48869
80.885,46,-0.48869
80.796,46,-0.48869
80.707,46,-0.48869
80.619,46,-0.48869
80.53,46,-0.48869
80.441,46,-0.48869
80.352,46,-0.48869
80.262,46,-0.48869
80.173,46,-0.48869
80.084,46,-0.48869
79.994,46,-0.48869
79.904,46,-0.48869
79.815,46,-0.48869
79.725,46,-0.48869
79.635,46,-0.48869
79.545,46,-0.48869
79.455,46,-0.48869
79.365,46,-0.48869
79.275,46,-0.48869
79.184,46,-0.48869
79.094,46,-0.48869
79.003,46,-0.48869
78.913,46,-0.48869
78.822,46,-0.48869
78.732,46,-0.48869
78.641,46,-0.48869
78.55,46,-0.48869
78.459,46,-0.48869
78.368,46,-0.48869
78.277,46,-0.48869
78.186,46,-0.48869
78.095,46,-0.48869
78.004,46,-0.48869
77.912,46,-0.48869
77.821,46,-0.48869
77.73,46,-0.48869
77.638,46,-0.48869
77.547,46,-0.48869
77.455,46,-0.48869
77.364,46,-0.48869
77.272,46,-0.48869
77.181,46,-0.48869
77.089,46,-0.48869
76.997,46,-0.48869
76.906,46,-0.48869
76.814,46,-0.48869
76.722,46,-0.48869
76.63,46,-0.48869
76.538,46,-0.48869
76.447,46,-0.48869
76.355,46,-0.48869
76.263,46,-0.48869
76.171,46,-0.48869
76.079,46,-0.48869
75.987,46,-0.48869
75.895,46,-0.48869
75.803,46,-0.48869
75.711,46,-0.48869
75.619,46,-0.48869
75.527,46,-0.48869
75.435,46,-0.48869
75.343,46,-0.48869
75.251,46,-0.48869
75.159,46,-0.48869
75.067,46,-0.48869
74.975,46,-0.48869
74.883,46,-0.48869
74.791,46,-0.48869
74.699,46,-0.48869
74.607,46,-0.48869
74.515,46,-0.48869
74.423,46,-0.48869
74.331,46,-0.48869
74.239,46,-0.48869
74.147,46,-0.48869
74.055,46,-0.48869
73.963,46,-0.48869
73.872,46,-0.48869
73.78,46,-0.48869
73.688,46,-0.48869
73.596,46,-0.48869
73.505,46,-0.48869
73.413,46,-0.48869
73.321,46,-0.48869
73.23,46,-0.48869
73.138,46,-0.48869
73.047,46,-0.48869
72.955,46,-0.48869
72.864,46,-0.48869
72.772,46,-0.48869
72.681,46,-0.48869
72.59,46,-0.48869
72.498,46,-0.48869
72.407,46,-0.48869
72.316,46,-0.48869
72.225,46,-0.48869
72.134,46,-0.48869
72.043,46,-0.48869
71.952,46,-0.48869
71.861,46,-0.48869
71.771,46,-0.48869
71.68,46,-0.48869
71.589,46,-0.48869
71.499,46,-0.48869
71.408,46,-0.48869
71.318,46,-0.48869
71.228,46,-0.48869
71.137,46,-0.48869
71.047,46,-0.48869
70.957,46,-0.48869
70.867,46,-0.48869
70.777,46,-0.48869
70.687,46,-0.48869
70.597,46,-0.48869
70.508,46,-0.48869
70.418,46,-0.48869
70.328,46,-0.48869
70.239,46,-0.48869
70.15,46,-0.48869
70.061,46,-0.48869
69.971,46,-0.48869
69.882,46,-0.48869
69.793,46,-0.48869
69.705,46,-0.48869
69.616,46,-0.48869
69.527,46,-0.48869
69.439,46,-0.48869
69.35,46,-0.48869
69.262,46,-0.48869
69.174,46,-0.48869
69.085,46,-0.48869
68.998,46,-0.48869
68.91,46,-0.48869
68.822,46,-0.48869
68.734,46,-0.48869
68.647,46,-0.48869
68.559,46,-0.48869
68.472,46,-0.48869
68.385,46,-0.48869
68.298,46,-0.48869
68.211,46,-0.48869
68.124,46,-0.48869
68.037,46,-0.48869
67.951,46,-0.48869
67.864,46,-0.48869
67.778,46,-0.48869
67.692,46,-0.48869
67.606,46,-0.48869
67.52,46,-0.48869
67.434,46,-0.48869
67.348,46,-0.48869
67.263,46,-0.48869
67.178,46,-0.48869
67.092,46,-0.48869
67.007,46,-0.48869
66.922,46,-0.48869
66.838,46,-0.48869
66.753,46,-0.48869
66.668,46,-0.48869
66.584,46,-0.48869
66.5,46,-0.48869
66.416,46,-0.48869
66.332,46,-0.48869
66.248,46,-0.48869
66.165,46,-0.48869
66.081,46,-0.48869
65.998,46,-0.48869
65.915,46,-0.48869
65.832,46,-0.48869
65.749,46,-0.48869
65.666,46,-0.48869
65.584,46,-0.48869
65.501,46,-0.48869
65.419,46,-0.48869
65.337,46,-0.48869
65.255,46,-0.48869
65.173,46,-0.48869
65.092,46,-0.48869
65.01,46,-0.48869
64.929,46,-0.48869
64.848,46,-0.48869
64.767,46,-0.48869
64.687,46,-0.48869
64.606,46,-0.48869
64.526,46,-0.48869
64.445,46,-0.48869
64.365,46,-0.48869
64.286,46,-0.48869
64.206,46,-0.48869
64.126,46,-0.48869
64.047,46,-0.48869
63.968,46,-0.48869
63.889,46,-0.48869
63.81,46,-0.48869
63.731,46,-0.48869
63.653,46,-0.48869
63.575,46,-0.48869
63.497,46,-0.48869
63.419,46,-0.48869
63.341,46,-0.48869
63.263,46,-0.48869
63.186,46,-0.48869
63.109,46,-0.48869
63.032,46,-0.48869
62.955,46,-0.48869
62.878,46,-0.48869
62.802,46,-0.48869
62.726,46,-0.48869
62.65,46,-0.48869
62.574,46,-0.48869
62.498,46,-0.48869
62.423,46,-0.48869
62.347,46,-0.48869
62.272,46,-0.48869
62.197,46,-0.48869
62.122,46,-0.48869
62.048,46,-0.48869
61.973,46,-0.48869
61.899,46,-0.48869
61.825,46,-0.48869
61.752,46,-0.48869
61.678,46,-0.48869
61.605,46,-0.48869
61.531,46,-0.48869
61.458,46,-0.48869
61.385,46,-0.48869
61.313,46,-0.48869
61.24,46,-0.48869
61.168,46,-0.48869
61.096,46,-0.48869
61.024,46,-0.48869
60.953,46,-0.48869
60.881,46,-0.48869
60.81,46,-0.48869
60.739,46,-0.48869
60.668,46,-0.48869
60.597,46,-0.48869
60.527,46,-0.48869
60.457,46,-0.48869
60.387,46,-0.48869
60.317,46,-0.48869
60.247,46,-0.48869
60.178,46,-0.48869
60.108,46,-0.48869
60.039,46,-0.48869
59.97,46,-0.48869
59.902,46,-0.48869
59.833,46,-0.48869
59.765,46,-0.48869
59.697,46,-0.48869
59.629,46,-0.48869
59.561,46,-0.48869
59.494,46,-0.48869
59.427,46,-0.48869
59.36,46,-0.48869
59.293,46,-0.48869
59.226,46,-0.48869
59.16,46,-0.48869
59.093,46,-0.48869
59.027,46,-0.48869
58.962,46,-0.48869
58.896,46,-0.48869
58.83,46,-0.48869
58.765,46,-0.48869
58.7,46,-0.48869
58.635,46,-0.48869
58.571,46,-0.48869
58.506,46,-0.48869
58.442,46,-0.48869
58.378,46,-0.48869
58.314,46,-0.48869
58.25,46,-0.48869
58.187,46,-0.48869
58.124,46,-0.48869
58.06,46,-0.48869
57.998,46,-0.48869
57.935,46,-0.48869
57.873,46,-0.48869
57.81,46,-0.48869
57.748,46,-0.48869
57.686,46,-0.48869
57.625,46,-0.48869
57.563,46,-0.48869
57.502,46,-0.48869
57.441,46,-0.48869
57.38,46,-0.48869
57.319,46,-0.48869
57.259,46,-0.48869
57.198,46,-0.48869
57.138,46,-0.48869
57.078,46,-0.48869
57.019,46,-0.48869
56.959,46,-0.48869
56.9,46,-0.48869
56.841,46,-0.48869
56.782,46,-0.48869
56.723,46,-0.48869
56.665,46,-0.48869
56.606,46,-0.48869
56.548,46,-0.48869
56.49,46,-0.48869
56.432,46,-0.48869
56.375,46,-0.48869
56.317,46,-0.48869
56.26,46,-0.48869
56.203,46,-0.48869
56.146,46,-0.48869
56.09,46,-0.48869
56.033,46,-0.48869
55.977,46,-0.48869
55.921,46,-0.48869
55.865,46,-0.48869
55.809,46,-0.48869
55.754,46,-0.48869
55.699,46,-0.48869
55.643,46,-0.48869
55.588,46,-0.48869
55.534,46,-0.48869
55.479,46,-0.48869
55.425,46,-0.48869
55.37,46,-0.48869
55.316,46,-0.48869
55.263,46,-0.48869
55.209,46,-0.48869
55.155,46,-0.48869
55.102,46,-0.48869
55.049,46,-0.48869
54.996,46,-0.48869
54.943,46,-0.48869
54.891,46,-0.48869
54.838,46,-0.48869
54.786,46,-0.48869
54.734,46,-0.48869
54.682,46,-0.48869
54.63,46,-0.48869
54.579,46,-0.48869
54.527,46,-0.48869
54.476,46,-0.48869
54.425,46,-0.48869
54.374,46,-0.48869
54.323,46,-0.48869
54.273,46,-0.48869
54.222,46,-0.48869
54.172,46,-0.48869
54.122,46,-0.48869
54.072,46,-0.48869
54.023,46,-0.48869
53.973,46,-0.48869
53.924,46,-0.48869
53.875,46,-0.48869
53.826,46,-0.48869
53.777,46,-0.48869
53.728,46,-0.48869
53.679,46,-0.48869
53.631,46,-0.48869
53.583,46,-0.48869
53.535,46,-0.48869
53.487,46,-0.48869
53.439,46,-0.48869
53.391,46,-0.48869
53.344,46,-0.48869
53.297,46,-0.48869
53.249,46,-0.48869
53.202,46,-0.48869
53.155,46,-0.48869
53.109,46,-0.48869
53.062,46,-0.48869
53.016,46,-0.48869
52.97,46,-0.48869
52.923,46,-0.48869
52.878,46,-0.48869
52.832,46,-0.48869
52.786,46,-0.48869
52.741,46,-0.48869
52.695,46,-0.48869
52.65,46,-0.48869
52.605,46,-0.48869
52.56,46,-0.48869
52.515,46,-0.48869
52.47,46,-0.48869
52.426,46,-0.48869
52.381,46,-0.48869
52.337,46,-0.48869
52.293,46,-0.48869
52.249,46,-0.48869
52.205,46,-0.48869
52.161,46,-0.48869
52.118,46,-0.48869
52.074,46,-0.48869
52.031,46,-0.48869
51.988,46,-0.48869
51.945,46,-0.48869
51.902,46,-0.48869
51.859,46,-0.48869
51.816,46,-0.48869
51.774,46,-0.48869
51.731,46,-0.48869
51.689,46,-0.48869
51.647,46,-0.48869
51.605,46,-0.48869
51.563,46,-0.48869
51.521,46,-0.48869
51.479,46,-0.48869
51.437,46,-0.48869
51.396,46,-0.48869
51.355,46,-0.48869
51.313,46,-0.48869
51.272,46,-0.48869
51.231,46,-0.48869
51.19,46,-0.48869
51.149,46,-0.48869
51.109,46,-0.48869
51.068,46,-0.48869
51.028,46,-0.48869
50.987,46,-0.48869
50.947,46,-0.48869
50.907,46,-0.48869
50.867,46,-0.48869
50.827,46,-0.48869
50.787,46,-0.48869
50.747,46,-0.48869
50.707,46,-0.48869
50.668,46,-0.48869
50.628,46,-0.48869
50.589,46,-0.48869
50.55,46,-0.48869
50.511,46,-0.48869
50.472,46,-0.48869
50.433,46,-0.48869
50.394,46,-0.48869
50.355,46,-0.48869
50.316,46,-0.48869
50.278,46,-0.48869
50.239,46,-0.48869
50.201,46,-0.48869
50.162,46,-0.48869
50.124,46,-0.48869
50.086,46,-0.48869
50.048,46,-0.48869
50.01,46,-0.48869
49.972,46,-0.48869
49.934,46,-0.48869
49.896,46,-0.48869
49.858,46,-0.48869
49.821,46,-0.48869
49.783,46,-0.48869
49.746,46,-0.48869
49.709,46,-0.48869
49.671,46,-0.48869
49.634,46,-0.48869
49.597,46,-0.48869
49.56,46,-0.48869
49.523,46,-0.48869
49.486,46,-0.48869
49.449,46,-0.48869
49.412,46,-0.48869
49.375,46,-0.48869
49.339,46,-0.48869
49.302,46,-0.48869
49.266,46,-0.48869
49.229,46,-0.48869
49.193,46,-0.48869
49.156,46,-0.48869
49.12,46,-0.48869
49.084,46,-0.48869
49.048,46,-0.48869
49.012,46,-0.48869
48.976,46,-0.48869
48.94,46,-0.48869
48.904,46,-0.48869
48.868,46,-0.48869
48.832,46,-0.48869
48.796,46,-0.48869
48.76,46,-0.48869
48.725,46,-0.48869
48.689,46,-0.48869
48.654,46,-0.48869
48.618,46,-0.48869
48.583,46,-0.48869
48.547,46,-0.48869
48.512,46,-0.48869
48.476,46,-0.48869
48.441,46,-0.48869
48.406,46,-0.48869
48.371,46,-0.48869
48.336,46,-0.48869
48.3,46,-0.48869
48.265,46,-0.48869
48.23,46,-0.48869
48.195,46,-0.48869
48.16,46,-0.48869
48.125,46,-0.48869
48.09,46,-0.48869
48.056,46,-0.48869
48.021,46,-0.48869
47.986,46,-0.48869
47.951,46,-0.48869
47.917,46,-0.48869
47.882,46,-0.48869
47.847,46,-0.48869
47.813,46,-0.48869
47.778,46,-0.48869
47.743,46,-0.48869
47.709,46,-0.48869
47.674,46,-0.48869
47.64,46,-0.48869
47.605,46,-0.48869
47.571,46,-0.48869
47.536,46,-0.48869
47.502,46,-0.48869
47.468,46,-0.48869
47.433,46,-0.48869
47.399,46,-0.48869
47.365,46,-0.48869
47.33,46,-0.48869
47.296,46,-0.48869
47.262,46,-0.48869
47.228,46,-0.48869
47.193,46,-0.48869
47.159,46,-0.48869
47.125,46,-0.48869
47.091,46,-0.48869
47.057,46,-0.48869
47.023,46,-0.48869
46.988,46,-0.48869
46.954,46,-0.48869
46.92,46,-0.48869
46.886,46,-0.48869
46.852,46,-0.48869
46.818,46,-0.48869
46.784,46,-0.48869
46.75,46,-0.48869
46.716,46,-0.48869
46.682,46,-0.48869
46.647,46,-0.48869
46.613,46,-0.48869
46.579,46,-0.48869
46.545,46,-0.48869
46.511,46,-0.48869
46.477,46,-0.48869
46.443,46,-0.48869
46.409,46,-0.48869
46.375,46,-0.48869
46.341,46,-0.48869
46.307,46,-0.48869
46.273,46,-0.48869
46.239,46,-0.48869
46.205,46,-0.48869
46.171,46,-0.48869
46.137,46,-0.48869
46.103,46,-0.48869
46.069,46,-0.48869
46.035,46,-0.48869
46,46,-0.48869
45.966,46,-0.48869
45.932,46,-0.48869
45.898,46,-0.48869
45.864,46,-0.48869
45.83,46,-0.48869
45.796,46,-0.48869
45.762,46,-0.48869
45.728,46,-0.48869
45.693,46,-0.48869
45.659,46,-0.48869
45.625,46,-0.48869
45.591,46,-0.48869
45.557,46,-0.48869
45.522,46,-0.48869
45.488,46,-0.48869
45.454,46,-0.48869
45.42,46,-0.48869
45.385,46,-0.48869
45.351,46,-0.48869
45.317,46,-0.48869
45.283,46,-0.48869
45.248,46,-0.48869
45.214,46,-0.48869
45.179,46,-0.48869
45.145,46,-0.48869
45.111,46,-0.48869
45.076,46,-0.48869
45.042,46,-0.48869
45.007,46,-0.48869
44.973,46,-0.48869
44.938,46,-0.48869
44.904,46,-0.48869
44.869,46,-0.48869
44.835,46,-0.48869
44.8,46,-0.48869
44.766,46,-0.48869
44.731,46,-0.48869
44.696,46,-0.48869
44.662,46,-0.48869
44.627,46,-0.48869
44.592,46,-0.48869
44.557,46,-0.48869
44.523,46,-0.48869
44.488,46,-0.48869
44.453,46,-0.48869
44.418,46,-0.48869
44.383,46,-0.48869
44.348,46,-0.48869
44.313,46,-0.48869
44.278,46,-0.48869
44.243,46,-0.48869
44.208,46,-0.48869
44.173,46,-0.48869
44.138,46,-0.48869
44.103,46,-0.48869
44.068,46,-0.48869
44.033,46,-0.48869
43.998,46,-0.48869
43.963,46,-0.48869
43.927,46,-0.48869
43.892,46,-0.48869
43.857,46,-0.48869
43.822,46,-0.48869
43.786,46,-0.48869
43.751,46,-0.48869
43.715,46,-0.48869
43.68,46,-0.48869
43.644,46,-0.48869
43.609,46,-0.48869
43.573,46,-0.48869
43.538,46,-0.48869
43.502,46,-0.48869
43.467,46,-0.48869
43.431,46,-0.48869
43.395,46,-0.48869
43.36,46,-0.48869
43.324,46,-0.48869
43.288,46,-0.48869
43.252,46,-0.48869
43.216,46,-0.48869
43.181,46,-0.48869
43.145,46,-0.48869
43.109,46,-0.48869
43.073,46,-0.48869
43.037,46,-0.48869
43.001,46,-0.48869
42.965,46,-0.48869
42.928,46,-0.48869
42.892,46,-0.48869
42.856,46,-0.48869
42.82,46,-0.48869
42.784,46,-0.48869
42.747,46,-0.48869
42.711,46,-0.48869
42.675,46,-0.48869
42.638,46,-0.48869
42.602,46,-0.48869
42.566,46,-0.48869
42.529,46,-0.48869
42.493,46,-0.48869
42.456,46,-0.48869
42.42,46,-0.48869
42.383,46,-0.48869
42.346,46,-0.48869
42.31,46,-0.48869
42.273,46,-0.48869
42.236,46,-0.48869
42.199,46,-0.48869
42.163,46,-0.48869
42.126,46,-0.48869
42.089,46,-0.48869
42.052,46,-0.48869
42.015,46,-0.48869
41.978,46,-0.48869
41.941,46,-0.48869
41.904,46,-0.48869
41.867,46,-0.48869
41.83,46,-0.48869
41.793,46,-0.48869
41.756,46,-0.48869
41.719,46,-0.48869
41.681,46,-0.48869
41.644,46,-0.48869
41.607,46,-0.48869
41.57,46,-0.48869
41.532,46,-0.48869
41.495,46,-0.48869
41.457,46,-0.48869
41.42,46,-0.48869
41.383,46,-0.48869
41.345,46,-0.48869
41.307,46,-0.48869
41.27,46,-0.48869
41.232,46,-0.48869
41.195,46,-0.48869
41.157,46,-0.48869
41.119,46,-0.48869
41.082,46,-0.48869
41.044,46,-0.48869
41.006,46,-0.48869
40.968,46,-0.48869
40.931,46,-0.48869
40.893,46,-0.48869
40.855,46,-0.48869
40.817,46,-0.48869
40.779,46,-0.48869
40.741,46,-0.48869
40.703,46,-0.48869
40.665,46,-0.48869
40.627,46,-0.48869
40.589,46,-0.48869
40.551,46,-0.48869
40.513,46,-0.48869
40.474,46,-0.48869
40.436,46,-0.48869
40.398,46,-0.48869
40.36,46,-0.48869
40.321,46,-0.48869
40.283,46,-0.48869
40.245,46,-0.48869
40.206,46,-0.48869
40.168,46,-0.48869
40.13,46,-0.48869
40.091,46,-0.48869
40.053,46,-0.48869
40.014,46,-0.48869
39.976,46,-0.48869
39.937,46,-0.48869
39.899,46,-0.48869
39.86,46,-0.48869
39.822,46,-0.48869
39.783,46,-0.48869
39.745,46,-0.48869
39.706,46,-0.48869
39.667,46,-0.48869
39.629,46,-0.48869
39.59,46,-0.48869
39.551,46,-0.48869
39.512,46,-0.48869
39.474,46,-0.48869
39.435,46,-0.48869
39.396,46,-0.48869
39.357,46,-0.48869
39.318,46,-0.48869
39.279,46,-0.48869
39.241,46,-0.48869
39.202,46,-0.48869
39.163,46,-0.48869
39.124,46,-0.48869
39.085,46,-0.48869
39.046,46,-0.48869
39.007,46,-0.48869
38.968,46,-0.48869
38.929,46,-0.48869
38.89,46,-0.48869
38.851,46,-0.48869
38.812,46,-0.48869
38.773,46,-0.48869
38.734,46,-0.48869
38.695,46,-0.48869
38.656,46,-0.48869
38.616,46,-0.48869
38.577,46,-0.48869
38.538,46,-0.48869
38.499,46,-0.48869
38.46,46,-0.48869
38.421,46,-0.48869
38.382,46,-0.48869
38.342,46,-0.48869
38.303,46,-0.48869
38.264,46,-0.48869
38.225,46,-0.48869
38.185,46,-0.48869
38.146,46,-0.48869
38.107,46,-0.48869
38.068,46,-0.48869
38.029,46,-0.48869
37.989,46,-0.48869
37.95,46,-0.48869
37.911,46,-0.48869
37.871,46,-0.48869
37.832,46,-0.48869
37.793,46,-0.48869
37.754,46,-0.48869
37.714,46,-0.48869
37.675,46,-0.48869
37.636,46,-0.48869
37.596,46,-0.48869
37.557,46,-0.48869
37.518,46,-0.48869
37.478,46,-0.48869
37.439,46,-0.48869
37.4,46,-0.48869
37.361,46,-0.48869
37.321,46,-0.48869
37.282,46,-0.48869
37.243,46,-0.48869
37.203,46,-0.48869
37.164,46,-0.48869
37.125,46,-0.48869
37.085,46,-0.48869
37.046,46,-0.48869
37.007,46,-0.48869
36.968,46,-0.48869
36.928,46,-0.48869
36.889,46,-0.48869
36.85,46,-0.48869
36.81,46,-0.48869
36.771,46,-0.48869
36.732,46,-0.48869
36.693,46,-0.48869
36.653,46,-0.48869
36.614,46,-0.48869
36.575,46,-0.48869
36.536,46,-0.48869
36.497,46,-0.48869
36.457,46,-0.48869
36.418,46,-0.48869
36.379,46,-0.48869
36.34,46,-0.48869
36.301,46,-0.48869
36.262,46,-0.48869
36.222,46,-0.48869
36.183,46,-0.48869
36.144,46,-0.48869
36.105,46,-0.48869
36.066,46,-0.48869
36.027,46,-0.48869
35.988,46,-0.48869
35.949,46,-0.48869
35.91,46,-0.48869
35.871,46,-0.48869
35.832,46,-0.48869
35.793,46,-0.48869
35.754,46,-0.48869
35.715,46,-0.48869
35.676,46,-0.48869
35.637,46,-0.48869
35.598,46,-0.48869
35.559,46,-0.48869
35.521,46,-0.48869
35.482,46,-0.48869
35.443,46,-0.48869
35.404,46,-0.48869
35.365,46,-0.48869
35.327,46,-0.48869
35.288,46,-0.48869
35.249,46,-0.48869
35.211,46,-0.48869
35.172,46,-0.48869
35.133,46,-0.48869
35.095,46,-0.48869
35.056,46,-0.48869
35.017,46,-0.48869
34.979,46,-0.48869
34.94,46,-0.48869
34.902,46,-0.48869
34.863,46,-0.48869
34.825,46,-0.48869
34.787,46,-0.48869
34.748,46,-0.48869
34.71,46,-0.48869
34.672,46,-0.48869
34.633,46,-0.48869
34.595,46,-0.48869
34.557,46,-0.48869
34.519,46,-0.48869
34.48,46,-0.48869
34.442,46,-0.48869
34.404,46,-0.48869
34.366,46,-0.48869
34.328,46,-0.48869
34.29,46,-0.48869
34.252,46,-0.48869
34.214,46,-0.48869
34.176,46,-0.48869
34.138,46,-0.48869
34.1,46,-0.48869
34.062,46,-0.48869
34.025,46,-0.48869
33.987,46,-0.48869
33.949,46,-0.48869
33.912,46,-0.48869
33.874,46,-0.48869
33.836,46,-0.48869
33.799,46,-0.48869
33.761,46,-0.48869
33.724,46,-0.48869
33.686,46,-0.48869
33.649,46,-0.48869
33.611,46,-0.48869
33.574,46,-0.48869
33.537,46,-0.48869
33.499,46,-0.48869
33.462,46,-0.48869
33.425,46,-0.48869
33.388,46,-0.48869
33.351,46,-0.48869
33.314,46,-0.48869
33.277,46,-0.48869
33.24,46,-0.48869
33.203,46,-0.48869
33.166,46,-0.48869
33.129,46,-0.48869
33.092,46,-0.48869
33.055,46,-0.48869
33.018,46,-0.48869
32.982,46,-0.48869
32.945,46,-0.48869
32.909,46,-0.48869
32.872,46,-0.48869
32.835,46,-0.48869
32.799,46,-0.48869
32.763,46,-0.48869
32.726,46,-0.48869
32.69,46,-0.48869
32.654,46,-0.48869
32.617,46,-0.48869
32.581,46,-0.48869
32.545,46,-0.48869
32.509,46,-0.48869
32.473,46,-0.48869
32.437,46,-0.48869
32.401,46,-0.48869
32.365,46,-0.48869
32.329,46,-0.48869
32.293,46,-0.48869
32.258,46,-0.48869
32.222,46,-0.48869
32.186,46,-0.48869
32.151,46,-0.48869
32.115,46,-0.48869
32.079,46,-0.48869
32.044,46,-0.48869
32.009,46,-0.48869
31.973,46,-0.48869
31.938,46,-0.48869
31.903,46,-0.48869
31.867,46,-0.48869
31.832,46,-0.48869
31.797,46,-0.48869
31.762,46,-0.48869
31.727,46,-0.48869
31.692,46,-0.48869
31.657,46,-0.48869
31.623,46,-0.48869
31.588,46,-0.48869
31.553,46,-0.48869
31.518,46,-0.48869
31.484,46,-0.48869
31.449,46,-0.48869
31.415,46,-0.48869
31.38,46,-0.48869
31.346,46,-0.48869
31.312,46,-0.48869
31.277,46,-0.48869
31.243,46,-0.48869
31.209,46,-0.48869
31.175,46,-0.48869
31.141,46,-0.48869
31.107,46,-0.48869
31.073,46,-0.48869
31.039,46,-0.48869
31.005,46,-0.48869
30.971,46,-0.48869
30.937,46,-0.48869
30.904,46,-0.48869
30.87,46,-0.48869
30.837,46,-0.48869
30.803,46,-0.48869
30.77,46,-0.48869
30.736,46,-0.48869
30.703,46,-0.48869
30.67,46,-0.48869
30.637,46,-0.48869
30.604,46,-0.48869
30.57,46,-0.48869
30.537,46,-0.48869
30.504,46,-0.48869
30.472,46,-0.48869
30.439,46,-0.48869
30.406,46,-0.48869
30.373,46,-0.48869
30.341,46,-0.48869
30.308,46,-0.48869
30.275,46,-0.48869
30.243,46,-0.48869
30.211,46,-0.48869
30.178,46,-0.48869
30.146,46,-0.48869
30.114,46,-0.48869
30.082,46,-0.48869
30.049,46,-0.48869
30.017,46,-0.48869
29.985,46,-0.48869
29.953,46,-0.48869
29.922,46,-0.48869
29.89,46,-0.48869
29.858,46,-0.48869
29.826,46,-0.48869
29.795,46,-0.48869
29.763,46,-0.48869
29.732,46,-0.48869
29.7,46,-0.48869
29.669,46,-0.48869
29.638,46,-0.48869
29.606,46,-0.48869
29.575,46,-0.48869
29.544,46,-0.48869
29.513,46,-0.48869
29.482,46,-0.48869
29.451,46,-0.48869
29.42,46,-0.48869
29.389,46,-0.48869
29.359,46,-0.48869
29.328,46,-0.48869
29.297,46,-0.48869
29.267,46,-0.48869
29.236,46,-0.48869
29.206,46,-0.48869
29.175,46,-0.48869
29.145,46,-0.48869
29.115,46,-0.48869
29.085,46,-0.48869
29.055,46,-0.48869
29.024,46,-0.48869
28.994,46,-0.48869
28.965,46,-0.48869
28.935,46,-0.48869
28.905,46,-0.48869
28.875,46,-0.48869
28.845,46,-0.48869
28.816,46,-0.48869
28.786,46,-0.48869
28.757,46,-0.48869
28.727,46,-0.48869
28.698,46,-0.48869
28.669,46,-0.48869
28.639,46,-0.48869
28.61,46,-0.48869
28.581,46,-0.48869
28.552,46,-0.48869
28.523,46,-0.48869
28.494,46,-0.48869
28.465,46,-0.48869
28.436,46,-0.48869
28.408,46,-0.48869
28.379,46,-0.48869
28.35,46,-0.48869
28.322,46,-0.48869
28.293,46,-0.48869
28.265,46,-0.48869
28.236,46,-0.48869
28.208,46,-0.48869
28.18,46,-0.48869
28.152,46,-0.48869
28.123,46,-0.48869
28.095,46,-0.48869
28.067,46,-0.48869
28.039,46,-0.48869
28.012,46,-0.48869
27.984,46,-0.48869
27.956,46,-0.48869
27.928,46,-0.48869
27.901,46,-0.48869
27.873,46,-0.48869
27.846,46,-0.48869
27.818,46,-0.48869
27.791,46,-0.48869
27.763,46,-0.48869
27.736,46,-0.48869
27.709,46,-0.48869
27.682,46,-0.48869
27.655,46,-0.48869
27.627,46,-0.48869
27.601,46,-0.48869
27.574,46,-0.48869
27.547,46,-0.48869
27.52,46,-0.48869
27.493,46,-0.48869
27.467,46,-0.48869
27.44,46,-0.48869
27.413,46,-0.48869
27.387,46,-0.48869
27.36,46,-0.48869
27.334,46,-0.48869
27.308,46,-0.48869
27.281,46,-0.48869
27.255,46,-0.48869
27.229,46,-0.48869
27.203,46,-0.48869
27.177,46,-0.48869
27.151,46,-0.48869
27.125,46,-0.48869
27.099,46,-0.48869
27.073,46,-0.48869
27.048,46,-0.48869
27.022,46,-0.48869
26.996,46,-0.48869
26.971,46,-0.48869
26.945,46,-0.48869
26.92,46,-0.48869
26.894,46,-0.48869
26.869,46,-0.48869
26.844,46,-0.48869
26.818,46,-0.48869
26.793,46,-0.48869
26.768,46,-0.48869
26.743,46,-0.48869
26.718,46,-0.48869
26.693,46,-0.48869
26.668,46,-0.48869
26.643,46,-0.48869
26.618,46,-0.48869
26.594,46,-0.48869
26.569,46,-0.48869
26.544,46,-0.48869
26.52,46,-0.48869
26.495,46,-0.48869
26.471,46,-0.48869
26.446,46,-0.48869
26.422,46,-0.48869
26.398,46,-0.48869
26.373,46,-0.48869
26.349,46,-0.48869
26.325,46,-0.48869
26.301,46,-0.48869
26.277,46,-0.48869
26.253,46,-0.48869
26.229,46,-0.48869
26.205,46,-0.48869
26.181,46,-0.48869
26.157,46,-0.48869
26.133,46,-0.48869
26.11,46,-0.48869
26.086,46,-0.48869
26.062,46,-0.48869
26.039,46,-0.48869
26.015,46,-0.48869
25.992,46,-0.48869
25.969,46,-0.48869
25.945,46,-0.48869
25.922,46,-0.48869
25.899,46,-0.48869
25.875,46,-0.48869
25.852,46,-0.48869
25.829,46,-0.48869
25.806,46,-0.48869
25.783,46,-0.48869
25.76,46,-0.48869
25.737,46,-0.48869
25.714,46,-0.48869
25.691,46,-0.48869
25.669,46,-0.48869
25.646,46,-0.48869
25.623,46,-0.48869
25.601,46,-0.48869
25.578,46,-0.48869
25.555,46,-0.48869
25.533,46,-0.48869
25.51,46,-0.48869
25.488,46,-0.48869
25.466,46,-0.48869
25.443,46,-0.48869
25.421,46,-0.48869
25.399,46,-0.48869
25.376,46,-0.48869
25.354,46,-0.48869
25.332,46,-0.48869
25.31,46,-0.48869
25.288,46,-0.48869
25.266,46,-0.48869
25.244,46,-0.48869
25.222,46,-0.48869
25.2,46,-0.48869
25.179,46,-0.48869
25.157,46,-0.48869
25.135,46,-0.48869
25.113,46,-0.48869
25.092,46,-0.48869
25.07,46,-0.48869
25.048,46,-0.48869
25.027,46,-0.48869
25.005,46,-0.48869
24.984,46,-0.48869
24.963,46,-0.48869
24.941,46,-0.48869
24.92,46,-0.48869
24.898,46,-0.48869
24.877,46,-0.48869
24.856,46,-0.48869
24.835,46,-0.48869
24.814,46,-0.48869
24.792,46,-0.48869
24.771,46,-0.48869
24.75,46,-0.48869
24.729,46,-0.48869
24.708,46,-0.48869
24.687,46,-0.48869
24.667,46,-0.48869
24.646,46,-0.48869
24.625,46,-0.48869
24.604,46,-0.48869
24.583,46,-0.48869
24.563,46,-0.48869
24.542,46,-0.48869
24.521,46,-0.48869
24.501,46,-0.48869
24.48,46,-0.48869
24.459,46,-0.48869
24.439,46,-0.48869
24.418,46,-0.48869
24.398,46,-0.48869
24.377,46,-0.48869
24.357,46,-0.48869
24.337,46,-0.48869
24.316,46,-0.48869
24.296,46,-0.48869
24.276,46,-0.48869
24.256,46,-0.48869
24.235,46,-0.48869
24.215,46,-0.48869
24.195,46,-0.48869
24.175,46,-0.48869
24.155,46,-0.48869
24.135,46,-0.48869
24.115,46,-0.48869
24.095,46,-0.48869
24.075,46,-0.48869
24.055,46,-0.48869
24.035,46,-0.48869
24.015,46,-0.48869
23.995,46,-0.48869
23.975,46,-0.48869
23.956,46,-0.48869
23.936,46,-0.48869
23.916,46,-0.48869
23.896,46,-0.48869
23.877,46,-0.48869
23.857,46,-0.48869
23.837,46,-0.48869
23.818,46,-0.48869
23.798,46,-0.48869
23.778,46,-0.48869
23.759,46,-0.48869
23.739,46,-0.48869
23.72,46,-0.48869
23.7,46,-0.48869
23.681,46,-0.48869
23.662,46,-0.48869
23.642,46,-0.48869
23.623,46,-0.48869
23.603,46,-0.48869
23.584,46,-0.48869
23.565,46,-0.48869
23.546,46,-0.48869
23.526,46,-0.48869
23.507,46,-0.48869
23.488,46,-0.48869
23.469,46,-0.48869
23.449,46,-0.48869
23.43,46,-0.48869
23.411,46,-0.48869
23.392,46,-0.48869
23.373,46,-0.48869
23.354,46,-0.48869
23.335,46,-0.48869
23.316,46,-0.48869
23.297,46,-0.48869
23.278,46,-0.48869
23.259,46,-0.48869
23.24,46,-0.48869
23.221,46,-0.48869
23.202,46,-0.48869
23.183,46,-0.48869
23.164,46,-0.48869
23.145,46,-0.48869
23.127,46,-0.48869
23.108,46,-0.48869
23.089,46,-0.48869
23.07,46,-0.48869
23.051,46,-0.48869
23.033,46,-0.48869
23.014,46,-0.48869
22.995,46,-0.48869
22.977,46,-0.48869
22.958,46,-0.48869
22.939,46,-0.48869
22.921,46,-0.48869
22.902,46,-0.48869
22.883,46,-0.48869
22.865,46,-0.48869
22.846,46,-0.48869
22.827,46,-0.48869
22.809,46,-0.48869
22.79,46,-0.48869
22.772,46,-0.48869
22.753,46,-0.48869
22.735,46,-0.48869
22.716,46,-0.48869
22.698,46,-0.48869
22.679,46,-0.48869
22.661,46,-0.48869
22.642,46,-0.48869
22.624,46,-0.48869
22.606,46,-0.48869
22.587,46,-0.48869
22.569,46,-0.48869
22.55,46,-0.48869
22.532,46,-0.48869
22.514,46,-0.48869
22.495,46,-0.48869
22.477,46,-0.48869
22.459,46,-0.48869
22.44,46,-0.48869
22.422,46,-0.48869
22.404,46,-0.48869
22.386,46,-0.48869
22.367,46,-0.48869
22.349,46,-0.48869
22.331,46,-0.48869
22.313,46,-0.48869
22.294,46,-0.48869
22.276,46,-0.48869
22.258,46,-0.48869
22.24,46,-0.48869
22.222,46,-0.48869
22.203,46,-0.48869
22.185,46,-0.48869
22.167,46,-0.48869
22.149,46,-0.48869
22.131,46,-0.48869
22.113,46,-0.48869
22.095,46,-0.48869
22.076,46,-0.48869
22.058,46,-0.48869
22.04,46,-0.48869
22.022,46,-0.48869
22.004,46,-0.48869
21.986,46,-0.48869
21.968,46,-0.48869
21.95,46,-0.48869
21.932,46,-0.48869
21.914,46,-0.48869
21.896,46,-0.48869
21.878,46,-0.48869
21.86,46,-0.48869
21.842,46,-0.48869
21.824,46,-0.48869
21.806,46,-0.48869
21.788,46,-0.48869
21.77,46,-0.48869
21.752,46,-0.48869
21.734,46,-0.48869
21.716,46,-0.48869
21.698,46,-0.48869
21.68,46,-0.48869
21.662,46,-0.48869
21.644,46,-0.48869
21.626,46,-0.48869
21.608,46,-0.48869
21.59,46,-0.48869
21.572,46,-0.48869
21.554,46,-0.48869
21.536,46,-0.48869
21.518,46,-0.48869
21.5,46,-0.48869
21.482,46,-0.48869
21.465,46,-0.48869
21.447,46,-0.48869
21.429,46,-0.48869
21.411,46,-0.48869
21.393,46,-0.48869
21.375,46,-0.48869
21.357,46,-0.48869
21.339,46,-0.48869
21.321,46,-0.48869
21.304,46,-0.48869
21.286,46,-0.48869
21.268,46,-0.48869
21.25,46,-0.48869
21.232,46,-0.48869
21.214,46,-0.48869
21.196,46,-0.48869
21.179,46,-0.48869
21.161,46,-0.48869
21.143,46,-0.48869
21.125,46,-0.48869
21.107,46,-0.48869
21.089,46,-0.48869
21.072,46,-0.48869
21.054,46,-0.48869
21.036,46,-0.48869
21.018,46,-0.48869
21,46,-0.48869
20.982,46,-0.48869
20.965,46,-0.48869
20.947,46,-0.48869
20.929,46,-0.48869
20.911,46,-0.48869
20.893,46,-0.48869
20.875,46,-0.48869
20.858,46,-0.48869
20.84,46,-0.48869
20.822,46,-0.48869
20.804,46,-0.48869
20.786,46,-0.48869
20.769,46,-0.48869
20.751,46,-0.48869
20.733,46,-0.48869
20.715,46,-0.48869
20.697,46,-0.48869
20.68,46,-0.48869
20.662,46,-0.48869
20.644,46,-0.48869
20.626,46,-0.48869
20.609,46,-0.48869
20.591,46,-0.48869
20.573,46,-0.48869
20.555,46,-0.48869
20.537,46,-0.48869
20.52,46,-0.48869
20.502,46,-0.48869
20.484,46,-0.48869
20.466,46,-0.48869
20.449,46,-0.48869
20.431,46,-0.48869
20.413,46,-0.48869
20.395,46,-0.48869
20.377,46,-0.48869
20.36,46,-0.48869
20.342,46,-0.48869
20.324,46,-0.48869
20.306,46,-0.48869
20.289,46,-0.48869
20.271,46,-0.48869
20.253,46,-0.48869
20.235,46,-0.48869
20.218,46,-0.48869
20.2,46,-0.48869
20.182,46,-0.48869
20.164,46,-0.48869
20.147,46,-0.48869
20.129,46,-0.48869
20.111,46,-0.48869
20.093,46,-0.48869
20.076,46,-0.48869
20.058,46,-0.48869
20.04,46,-0.48869
20.022,46,-0.48869
20.005,46,-0.48869
19.987,46,-0.48869
19.969,46,-0.48869
19.951,46,-0.48869
19.934,46,-0.48869
19.916,46,-0.48869
19.898,46,-0.48869
19.88,46,-0.48869
19.863,46,-0.48869
19.845,46,-0.48869
19.827,46,-0.48869
19.809,46,-0.48869
19.792,46,-0.48869
19.774,46,-0.48869
19.756,46,-0.48869
19.738,46,-0.48869
19.721,46,-0.48869
19.703,46,-0.48869
19.685,46,-0.48869
19.667,46,-0.48869
19.65,46,-0.48869
19.632,46,-0.48869
19.614,46,-0.48869
19.597,46,-0.48869
19.579,46,-0.48869
19.561,46,-0.48869
19.543,46,-0.48869
19.526,46,-0.48869
19.508,46,-0.48869
19.49,46,-0.48869
19.473,46,-0.48869
19.455,46,-0.48869
19.437,46,-0.48869
19.419,46,-0.48869
19.402,46,-0.48869
19.384,46,-0.48869
19.366,46,-0.48869
19.349,46,-0.48869
19.331,46,-0.48869
19.313,46,-0.48869
19.296,46,-0.48869
19.278,46,-0.48869
19.26,46,-0.48869
19.243,46,-0.48869
19.225,46,-0.48869
19.207,46,-0.48869
19.189,46,-0.48869
19.172,46,-0.48869
19.154,46,-0.48869
19.136,46,-0.48869
19.119,46,-0.48869
19.101,46,-0.48869
19.083,46,-0.48869
19.066,46,-0.48869
19.048,46,-0.48869
19.03,46,-0.48869
19.013,46,-0.48869
18.995,46,-0.48869
18.978,46,-0.48869
18.96,46,-0.48869
18.942,46,-0.48869
18.925,46,-0.48869
18.907,46,-0.48869
18.889,46,-0.48869
18.872,46,-0.48869
18.854,46,-0.48869
18.836,46,-0.48869
18.819,46,-0.48869
18.801,46,-0.48869
18.784,46,-0.48869
18.766,46,-0.48869
18.748,46,-0.48869
18.731,46,-0.48869
18.713,46,-0.48869
18.696,46,-0.48869
18.678,46,-0.48869
18.661,46,-0.48869
18.643,46,-0.48869
18.625,46,-0.48869
18.608,46,-0.48869
18.59,46,-0.48869
18.573,46,-0.48869
18.555,46,-0.48869
18.538,46,-0.48869
18.52,46,-0.48869
18.502,46,-0.48869
18.485,46,-0.48869
18.467,46,-0.48869
18.45,46,-0.48869
18.432,46,-0.48869
18.415,46,-0.48869
18.397,46,-0.48869
18.38,46,-0.48869
18.362,46,-0.48869
18.345,46,-0.48869
18.327,46,-0.48869
18.31,46,-0.48869
18.292,46,-0.48869
18.275,46,-0.48869
18.258,46,-0.48869
18.24,46,-0.48869
18.223,46,-0.48869
18.205,46,-0.48869
18.188,46,-0.48869
18.17,46,-0.48869
18.153,46,-0.48869
18.135,46,-0.48869
18.118,46,-0.48869
18.101,46,-0.48869
18.083,46,-0.48869
18.066,46,-0.48869
18.048,46,-0.48869
18.031,46,-0.48869
18.014,46,-0.48869
17.996,46,-0.48869
17.979,46,-0.48869
17.962,46,-0.48869
17.944,46,-0.48869
17.927,46,-0.48869
17.91,46,-0.48869
17.892,46,-0.48869
17.875,46,-0.48869
17.858,46,-0.48869
17.84,46,-0.48869
17.823,46,-0.48869
17.806,46,-0.48869
17.789,46,-0.48869
17.771,46,-0.48869
17.754,46,-0.48869
17.737,46,-0.48869
17.72,46,-0.48869
17.702,46,-0.48869
17.685,46,-0.48869
17.668,46,-0.48869
17.651,46,-0.48869
17.634,46,-0.48869
17.616,46,-0.48869
17.599,46,-0.48869
17.582,46,-0.48869
17.565,46,-0.48869
17.548,46,-0.48869
17.531,46,-0.48869
17.513,46,-0.48869
17.496,46,-0.48869
17.479,46,-0.48869
17.462,46,-0.48869
17.445,46,-0.48869
17.428,46,-0.48869
17.411,46,-0.48869
17.394,46,-0.48869
17.377,46,-0.48869
17.36,46,-0.48869
17.343,46,-0.48869
17.326,46,-0.48869
17.309,46,-0.48869
17.292,46,-0.48869
17.275,46,-0.48869
17.258,46,-0.48869
17.241,46,-0.48869
17.224,46,-0.48869
17.207,46,-0.48869
17.19,46,-0.48869
17.173,46,-0.48869
17.156,46,-0.48869
17.139,46,-0.48869
17.122,46,-0.48869
17.105,46,-0.48869
17.089,46,-0.48869
17.072,46,-0.48869
17.055,46,-0.48869
17.038,46,-0.48869
17.021,46,-0.48869
17.004,46,-0.48869
16.988,46,-0.48869
16.971,46,-0.48869
16.954,46,-0.48869
16.937,46,-0.48869
16.921,46,-0.48869
16.904,46,-0.48869
16.887,46,-0.48869
16.87,46,-0.48869
16.854,46,-0.48869
16.837,46,-0.48869
16.82,46,-0.48869
16.804,46,-0.48869
16.787,46,-0.48869
16.771,46,-0.48869
16.754,46,-0.48869
16.737,46,-0.48869
16.721,46,-0.48869
16.704,46,-0.48869
16.688,46,-0.48869
16.671,46,-0.48869
16.655,46,-0.48869
16.638,46,-0.48869
16.622,46,-0.48869
16.605,46,-0.48869
16.589,46,-0.48869
16.572,46,-0.48869
16.556,46,-0.48869
16.539,46,-0.48869
16.523,46,-0.48869
16.506,46,-0.48869
16.49,46,-0.48869
16.474,46,-0.48869
16.457,46,-0.48869
16.441,46,-0.48869
16.425,46,-0.48869
16.408,46,-0.48869
16.392,46,-0.48869
16.376,46,-0.48869
16.36,46,-0.48869
16.343,46,-0.48869
16.327,46,-0.48869
16.311,46,-0.48869
16.295,46,-0.48869
16.278,46,-0.48869
16.262,46,-0.48869
16.246,46,-0.48869
16.23,46,-0.48869
16.214,46,-0.48869
16.198,46,-0.48869
16.182,46,-0.48869
16.166,46,-0.48869
16.15,46,-0.48869
16.133,46,-0.48869
16.117,46,-0.48869
16.101,46,-0.48869
16.085,46,-0.48869
16.069,46,-0.48869
16.053,46,-0.48869
16.038,46,-0.48869
16.022,46,-0.48869
16.006,46,-0.48869
15.99,46,-0.48869
15.974,46,-0.48869
15.958,46,-0.48869
15.942,46,-0.48869
15.926,46,-0.48869
15.911,46,-0.48869
15.895,46,-0.48869
15.879,46,-0.48869
15.863,46,-0.48869
15.847,46,-0.48869
15.832,46,-0.48869
15.816,46,-0.48869
15.8,46,-0.48869
15.785,46,-0.48869
15.769,46,-0.48869
15.753,46,-0.48869
15.738,46,-0.48869
15.722,46,-0.48869
15.707,46,-0.48869
15.691,46,-0.48869
15.675,46,-0.48869
15.66,46,-0.48869
15.644,46,-0.48869
15.629,46,-0.48869
15.613,46,-0.48869
15.598,46,-0.48869
15.583,46,-0.48869
15.567,46,-0.48869
15.552,46,-0.48869
15.536,46,-0.48869
15.521,46,-0.48869
15.506,46,-0.48869
15.49,46,-0.48869
15.475,46,-0.48869
15.46,46,-0.48869
15.444,46,-0.48869
15.429,46,-0.48869
15.414,46,-0.48869
15.399,46,-0.48869
15.383,46,-0.48869
15.368,46,-0.48869
15.353,46,-0.48869
15.338,46,-0.48869
15.323,46,-0.48869
15.308,46,-0.48869
15.293,46,-0.48869
15.278,46,-0.48869
15.263,46,-0.48869
15.248,46,-0.48869
15.233,46,-0.48869
15.218,46,-0.48869
15.203,46,-0.48869
15.188,46,-0.48869
15.173,46,-0.48869
15.158,46,-0.48869
15.143,46,-0.48869
15.128,46,-0.48869
15.113,46,-0.48869
15.098,46,-0.48869
15.083,46,-0.48869
15.069,46,-0.48869
15.054,46,-0.48869
15.039,46,-0.48869
15.024,46,-0.48869
15.01,46,-0.48869
14.995,46,-0.48869
14.98,46,-0.48869
14.966,46,-0.48869
14.951,46,-0.48869
14.936,46,-0.48869
14.922,46,-0.48869
14.907,46,-0.48869
14.893,46,-0.48869
14.878,46,-0.48869
14.864,46,-0.48869
14.849,46,-0.48869
14.835,46,-0.48869
14.82,46,-0.48869
14.806,46,-0.48869
14.791,46,-0.48869
14.777,46,-0.48869
14.762,46,-0.48869
14.748,46,-0.48869
14.734,46,-0.48869
14.719,46,-0.48869
14.705,46,-0.48869
14.691,46,-0.48869
14.677,46,-0.48869
14.662,46,-0.48869
14.648,46,-0.48869
14.634,46,-0.48869
14.62,46,-0.48869
14.606,46,-0.48869
14.591,46,-0.48869
14.577,46,-0.48869
14.563,46,-0.48869
14.549,46,-0.48869
14.535,46,-0.48869
14.521,46,-0.48869
14.507,46,-0.48869
14.493,46,-0.48869
14.479,46,-0.48869
14.465,46,-0.48869
14.451,46,-0.48869
14.437,46,-0.48869
14.423,46,-0.48869
14.409,46,-0.48869
14.396,46,-0.48869
14.382,46,-0.48869
14.368,46,-0.48869
14.354,46,-0.48869
14.34,46,-0.48869
14.327,46,-0.48869
14.313,46,-0.48869
14.299,46,-0.48869
14.285,46,-0.48869
14.272,46,-0.48869
14.258,46,-0.48869
14.244,46,-0.48869
14.231,46,-0.48869
14.217,46,-0.48869
14.204,46,-0.48869
14.19,46,-0.48869
14.177,46,-0.48869
14.163,46,-0.48869
14.15,46,-0.48869
14.136,46,-0.48869
14.123,46,-0.48869
14.109,46,-0.48869
14.096,46,-0.48869
14.082,46,-0.48869
14.069,46,-0.48869
14.056,46,-0.48869
14.042,46,-0.48869
14.029,46,-0.48869
14.016,46,-0.48869
14.002,46,-0.48869
13.989,46,-0.48869
13.976,46,-0.48869
13.963,46,-0.48869
13.95,46,-0.48869
13.936,46,-0.48869
13.923,46,-0.48869
13.91,46,-0.48869
13.897,46,-0.48869
13.884,46,-0.48869
13.871,46,-0.48869
13.858,46,-0.48869
13.845,46,-0.48869
13.832,46,-0.48869
13.819,46,-0.48869
13.806,46,-0.48869
13.793,46,-0.48869
13.78,46,-0.48869
13.767,46,-0.48869
13.754,46,-0.48869
13.741,46,-0.48869
13.728,46,-0.48869
13.715,46,-0.48869
13.703,46,-0.48869
13.69,46,-0.48869
13.677,46,-0.48869
13.664,46,-0.48869
13.652,46,-0.48869
13.639,46,-0.48869
13.626,46,-0.48869
13.613,46,-0.48869
13.601,46,-0.48869
13.588,46,-0.48869
13.576,46,-0.48869
13.563,46,-0.48869
13.55,46,-0.48869
13.538,46,-0.48869
13.525,46,-0.48869
13.513,46,-0.48869
13.5,46,-0.48869
13.488,46,-0.48869
13.475,46,-0.48869
13.463,46,-0.48869
13.45,46,-0.48869
13.438,46,-0.48869
13.426,46,-0.48869
13.413,46,-0.48869
13.401,46,-0.48869
13.388,46,-0.48869
13.376,46,-0.48869
13.364,46,-0.48869
13.352,46,-0.48869
13.339,46,-0.48869
13.327,46,-0.48869
13.315,46,-0.48869
13.303,46,-0.48869
13.29,46,-0.48869
13.278,46,-0.48869
13.266,46,-0.48869
13.254,46,-0.48869
13.242,46,-0.48869
13.23,46,-0.48869
13.218,46,-0.48869
13.206,46,-0.48869
13.194,46,-0.48869
13.182,46,-0.48869
13.17,46,-0.48869
13.158,46,-0.48869
13.146,46,-0.48869
13.134,46,-0.48869
13.122,46,-0.48869
13.11,46,-0.48869
13.098,46,-0.48869
13.086,46,-0.48869
13.074,46,-0.48869
13.062,46,-0.48869
13.05,46,-0.48869
13.039,46,-0.48869
13.027,46,-0.48869
13.015,46,-0.48869
13.003,46,-0.48869
12.991,46,-0.48869
12.98,46,-0.48869
12.968,46,-0.48869
12.956,46,-0.48869
12.945,46,-0.48869
12.933,46,-0.48869
12.921,46,-0.48869
12.91,46,-0.48869
12.898,46,-0.48869
12.887,46,-0.48869
12.875,46,-0.48869
12.863,46,-0.48869
12.852,46,-0.48869
12.84,46,-0.48869
12.829,46,-0.48869
12.817,46,-0.48869
12.806,46,-0.48869
12.794,46,-0.48869
12.783,46,-0.48869
12.772,46,-0.48869
12.76,46,-0.48869
12.749,46,-0.48869
12.737,46,-0.48869
12.726,46,-0.48869
12.715,46,-0.48869
12.703,46,-0.48869
12.692,46,-0.48869
12.681,46,-0.48869
12.669,46,-0.48869
12.658,46,-0.48869
12.647,46,-0.48869
12.636,46,-0.48869
12.625,46,-0.48869
12.613,46,-0.48869
12.602,46,-0.48869
12.591,46,-0.48869
12.58,46,-0.48869
12.569,46,-0.48869
12.558,46,-0.48869
12.546,46,-0.48869
12.535,46,-0.48869
12.524,46,-0.48869
12.513,46,-0.48869
12.502,46,-0.48869
12.491,46,-0.48869
12.48,46,-0.48869
12.469,46,-0.48869
12.458,46,-0.48869
12.447,46,-0.48869
12.436,46,-0.48869
12.425,46,-0.48869
12.414,46,-0.48869
12.403,46,-0.48869
12.392,46,-0.48869
12.382,46,-0.48869
12.371,46,-0.48869
12.36,46,-0.48869
12.349,46,-0.48869
12.338,46,-0.48869
12.327,46,-0.48869
12.317,46,-0.48869
12.306,46,-0.48869
12.295,46,-0.48869
12.284,46,-0.48869
12.274,46,-0.48869
12.263,46,-0.48869
12.252,46,-0.48869
12.241,46,-0.48869
12.231,46,-0.48869
12.22,46,-0.48869
12.209,46,-0.48869
12.199,46,-0.48869
12.188,46,-0.48869
12.177,46,-0.48869
12.167,46,-0.48869
12.156,46,-0.48869
12.146,46,-0.48869
12.135,46,-0.48869
12.125,46,-0.48869
12.114,46,-0.48869
12.103,46,-0.48869
12.093,46,-0.48869
12.082,46,-0.48869
12.072,46,-0.48869
12.061,46,-0.48869
12.051,46,-0.48869
12.041,46,-0.48869
12.03,46,-0.48869
12.02,46,-0.48869
12.009,46,-0.48869
11.999,46,-0.48869
11.988,46,-0.48869
11.978,46,-0.48869
11.968,46,-0.48869
11.957,46,-0.48869
11.947,46,-0.48869
11.937,46,-0.48869
11.926,46,-0.48869
11.916,46,-0.48869
11.906,46,-0.48869
11.896,46,-0.48869
11.885,46,-0.48869
11.875,46,-0.48869
11.865,46,-0.48869
11.855,46,-0.48869
11.844,46,-0.48869
11.834,46,-0.48869
11.824,46,-0.48869
11.814,46,-0.48869
11.804,46,-0.48869
11.793,46,-0.48869
11.783,46,-0.48869
11.773,46,-0.48869
11.763,46,-0.48869
11.753,46,-0.48869
11.743,46,-0.48869
11.733,46,-0.48869
11.722,46,-0.48869
11.712,46,-0.48869
11.702,46,-0.48869
11.692,46,-0.48869
11.682,46,-0.48869
11.672,46,-0.48869
11.662,46,-0.48869
11.652,46,-0.48869
11.642,46,-0.48869
11.632,46,-0.48869
11.622,46,-0.48869
11.612,46,-0.48869
11.602,46,-0.48869
11.592,46,-0.48869
11.582,46,-0.48869
11.572,46,-0.48869
11.562,46,-0.48869
11.553,46,-0.48869
11.543,46,-0.48869
11.533,46,-0.48869
11.523,46,-0.48869
11.513,46,-0.48869
11.503,46,-0.48869
11.493,46,-0.48869
11.483,46,-0.48869
11.474,46,-0.48869
11.464,46,-0.48869
11.454,46,-0.48869
11.444,46,-0.48869
11.434,46,-0.48869
11.425,46,-0.48869
11.415,46,-0.48869
11.405,46,-0.48869
11.395,46,-0.48869
11.386,46,-0.48869
11.376,46,-0.48869
11.366,46,-0.48869
11.356,46,-0.48869
11.347,46,-0.48869
11.337,46,-0.48869
11.327,46,-0.48869
11.318,46,-0.48869
11.308,46,-0.48869
11.298,46,-0.48869
11.289,46,-0.48869
11.279,46,-0.48869
11.269,46,-0.48869
11.26,46,-0.48869
11.25,46,-0.48869
11.24,46,-0.48869
11.231,46,-0.48869
11.221,46,-0.48869
11.212,46,-0.48869
11.202,46,-0.48869
11.192,46,-0.48869
11.183,46,-0.48869
11.173,46,-0.48869
11.164,46,-0.48869
11.154,46,-0.48869
11.145,46,-0.48869
11.135,46,-0.48869
11.126,46,-0.48869
11.116,46,-0.48869
11.106,46,-0.48869
11.097,46,-0.48869
11.087,46,-0.48869
11.078,46,-0.48869
11.069,46,-0.48869
11.059,46,-0.48869
11.05,46,-0.48869
11.04,46,-0.48869
11.031,46,-0.48869
11.021,46,-0.48869
11.012,46,-0.48869
11.002,46,-0.48869
10.993,46,-0.48869
10.984,46,-0.48869
10.974,46,-0.48869
10.965,46,-0.48869
10.955,46,-0.48869
10.946,46,-0.48869
10.937,46,-0.48869
10.927,46,-0.48869
10.918,46,-0.48869
10.909,46,-0.48869
10.899,46,-0.48869
10.89,46,-0.48869
10.881,46,-0.48869
10.871,46,-0.48869
10.862,46,-0.48869
10.853,46,-0.48869
10.843,46,-0.48869
10.834,46,-0.48869
10.825,46,-0.48869
10.815,46,-0.48869
10.806,46,-0.48869
10.797,46,-0.48869
10.788,46,-0.48869
10.778,46,-0.48869
10.769,46,-0.48869
10.76,46,-0.48869
10.751,46,-0.48869
10.741,46,-0.48869
10.732,46,-0.48869
10.723,46,-0.48869
10.714,46,-0.48869
10.704,46,-0.48869
10.695,46,-0.48869
10.686,46,-0.48869
10.677,46,-0.48869
10.668,46,-0.48869
10.658,46,-0.48869
10.649,46,-0.48869
10.64,46,-0.48869
10.631,46,-0.48869
10.622,46,-0.48869
10.613,46,-0.48869
10.604,46,-0.48869
10.594,46,-0.48869
10.585,46,-0.48869
10.576,46,-0.48869
10.567,46,-0.48869
10.558,46,-0.48869
10.549,46,-0.48869
10.54,46,-0.48869
10.531,46,-0.48869
10.522,46,-0.48869
10.512,46,-0.48869
10.503,46,-0.48869
10.494,46,-0.48869
10.485,46,-0.48869
10.476,46,-0.48869
10.467,46,-0.48869
10.458,46,-0.48869
10.449,46,-0.48869
10.44,46,-0.48869
10.431,46,-0.48869
10.422,46,-0.48869
10.413,46,-0.48869
10.404,46,-0.48869
10.395,46,-0.48869
10.386,46,-0.48869
10.377,46,-0.48869
10.368,46,-0.48869
10.359,46,-0.48869
10.35,46,-0.48869
10.341,46,-0.48869
10.332,46,-0.48869
10.323,46,-0.48869
10.314,46,-0.48869
10.305,46,-0.48869
10.296,46,-0.48869
10.287,46,-0.48869
10.278,46,-0.48869
10.269,46,-0.48869
10.26,46,-0.48869
10.251,46,-0.48869
10.242,46,-0.48869
10.233,46,-0.48869
10.224,46,-0.48869
10.216,46,-0.48869
10.207,46,-0.48869
10.198,46,-0.48869
10.189,46,-0.48869
10.18,46,-0.48869
10.171,46,-0.48869
10.162,46,-0.48869
10.153,46,-0.48869
10.144,46,-0.48869
10.136,46,-0.48869
10.127,46,-0.48869
10.118,46,-0.48869
10.109,46,-0.48869
10.1,46,-0.48869
10.091,46,-0.48869
10.082,46,-0.48869
10.074,46,-0.48869
10.065,46,-0.48869
10.056,46,-0.48869
10.047,46,-0.48869
10.038,46,-0.48869
10.03,46,-0.48869
10.021,46,-0.48869
10.012,46,-0.48869
10.003,46,-0.48869
9.9943,46,-0.48869
9.9855,46,-0.48869
9.9767,46,-0.48869
9.968,46,-0.48869
9.9592,46,-0.48869
9.9504,46,-0.48869
9.9416,46,-0.48869
9.9329,46,-0.48869
9.9241,46,-0.48869
9.9154,46,-0.48869
9.9066,46,-0.48869
9.8979,46,-0.48869
9.8892,46,-0.48869
9.8804,46,-0.48869
9.8717,46,-0.48869
9.863,46,-0.48869
9.8542,46,-0.48869
9.8455,46,-0.48869
9.8368,46,-0.48869
9.8281,46,-0.48869
9.8194,46,-0.48869
9.8107,46,-0.48869
9.802,46,-0.48869
9.7933,46,-0.48869
9.7847,46,-0.48869
9.776,46,-0.48869
9.7673,46,-0.48869
9.7586,46,-0.48869
9.75,46,-0.48869
9.7413,46,-0.48869
9.7327,46,-0.48869
9.724,46,-0.48869
9.7154,46,-0.48869
9.7067,46,-0.48869
9.6981,46,-0.48869
9.6894,46,-0.48869
9.6808,46,-0.48869
9.6722,46,-0.48869
9.6636,46,-0.48869
9.655,46,-0.48869
9.6464,46,-0.48869
9.6377,46,-0.48869
9.6291,46,-0.48869
9.6205,46,-0.48869
9.612,46,-0.48869
9.6034,46,-0.48869
9.5948,46,-0.48869
9.5862,46,-0.48869
9.5776,46,-0.48869
9.5691,46,-0.48869
9.5605,46,-0.48869
9.5519,46,-0.48869
9.5434,46,-0.48869
9.5348,46,-0.48869
9.5263,46,-0.48869
9.5177,46,-0.48869
9.5092,46,-0.48869
9.5007,46,-0.48869
9.4922,46,-0.48869
9.4836,46,-0.48869
9.4751,46,-0.48869
9.4666,46,-0.48869
9.4581,46,-0.48869
9.4496,46,-0.48869
9.4411,46,-0.48869
9.4326,46,-0.48869
9.4241,46,-0.48869
9.4156,46,-0.48869
9.4071,46,-0.48869
9.3986,46,-0.48869
9.3902,46,-0.48869
9.3817,46,-0.48869
9.3732,46,-0.48869
9.3648,46,-0.48869
9.3563,46,-0.48869
9.3479,46,-0.48869
9.3394,46,-0.48869
9.331,46,-0.48869
9.3226,46,-0.48869
9.3141,46,-0.48869
9.3057,46,-0.48869
9.2973,46,-0.48869
9.2889,46,-0.48869
9.2805,46,-0.48869
9.2721,46,-0.48869
9.2637,46,-0.48869
9.2553,46,-0.48869
9.2469,46,-0.48869
9.2385,46,-0.48869
9.2301,46,-0.48869
9.2217,46,-0.48869
9.2134,46,-0.48869
9.205,46,-0.48869
9.1966,46,-0.48869
9.1883,46,-0.48869
9.1799,46,-0.48869
9.1716,46,-0.48869
9.1632,46,-0.48869
9.1549,46,-0.48869
9.1466,46,-0.48869
9.1382,46,-0.48869
9.1299,46,-0.48869
9.1216,46,-0.48869
9.1133,46,-0.48869
9.105,46,-0.48869
9.0967,46,-0.48869
9.0884,46,-0.48869
9.0801,46,-0.48869
9.0718,46,-0.48869
9.0635,46,-0.48869
9.0552,46,-0.48869
9.0469,46,-0.48869
9.0387,46,-0.48869
9.0304,46,-0.48869
9.0222,46,-0.48869
9.0139,46,-0.48869
9.0057,46,-0.48869
8.9974,46,-0.48869
8.9892,46,-0.48869
8.9809,46,-0.48869
8.9727,46,-0.48869
8.9645,46,-0.48869
8.9563,46,-0.48869
8.9481,46,-0.48869
8.9399,46,-0.48869
8.9317,46,-0.48869
8.9235,46,-0.48869
8.9153,46,-0.48869
8.9071,46,-0.48869
8.8989,46,-0.48869
8.8907,46,-0.48869
8.8826,46,-0.48869
8.8744,46,-0.48869
8.8663,46,-0.48869
8.8581,46,-0.48869
8.85,46,-0.48869
8.8418,46,-0.48869
8.8337,46,-0.48869
8.8255,46,-0.48869
8.8174,46,-0.48869
8.8093,46,-0.48869
8.8012,46,-0.48869
8.7931,46,-0.48869
8.785,46,-0.48869
8.7769,46,-0.48869
8.7688,46,-0.48869
8.7607,46,-0.48869
8.7526,46,-0.48869
8.7445,46,-0.48869
8.7365,46,-0.48869
8.7284,46,-0.48869
8.7203,46,-0.48869
8.7123,46,-0.48869
8.7042,46,-0.48869
8.6962,46,-0.48869
8.6882,46,-0.48869
8.6801,46,-0.48869
8.6721,46,-0.48869
8.6641,46,-0.48869
8.6561,46,-0.48869
8.6481,46,-0.48869
8.6401,46,-0.48869
8.6321,46,-0.48869
8.6241,46,-0.48869
8.6161,46,-0.48869
8.6081,46,-0.48869
8.6001,46,-0.48869
8.5922,46,-0.48869
8.5842,46,-0.48869
8.5763,46,-0.48869
8.5683,46,-0.48869
8.5604,46,-0.48869
8.5524,46,-0.48869
8.5445,46,-0.48869
8.5366,46,-0.48869
8.5287,46,-0.48869
8.5207,46,-0.48869
8.5128,46,-0.48869
8.5049,46,-0.48869
8.497,46,-0.48869
8.4892,46,-0.48869
8.4813,46,-0.48869
8.4734,46,-0.48869
8.4655,46,-0.48869
8.4577,46,-0.48869
8.4498,46,-0.48869
8.4419,46,-0.48869
8.4341,46,-0.48869
8.4263,46,-0.48869
8.4184,46,-0.48869
8.4106,46,-0.48869
8.4028,46,-0.48869
8.395,46,-0.48869
8.3871,46,-0.48869
8.3793,46,-0.48869
8.3715,46,-0.48869
8.3638,46,-0.48869
8.356,46,-0.48869
8.3482,46,-0.48869
8.3404,46,-0.48869
8.3327,46,-0.48869
8.3249,46,-0.48869
8.3172,46,-0.48869
8.3094,46,-0.48869
8.3017,46,-0.48869
8.2939,46,-0.48869
8.2862,46,-0.48869
8.2785,46,-0.48869
8.2708,46,-0.48869
8.2631,46,-0.48869
8.2554,46,-0.48869
8.2477,46,-0.48869
8.24,46,-0.48869
8.2323,46,-0.48869
8.2246,46,-0.48869
8.217,46,-0.48869
8.2093,46,-0.48869
8.2016,46,-0.48869
8.194,46,-0.48869
8.1864,46,-0.48869
8.1787,46,-0.48869
8.1711,46,-0.48869
8.1635,46,-0.48869
8.1559,46,-0.48869
8.1482,46,-0.48869
8.1406,46,-0.48869
8.1331,46,-0.48869
8.1255,46,-0.48869
8.1179,46,-0.48869
8.1103,46,-0.48869
8.1027,46,-0.48869
8.0952,46,-0.48869
8.0876,46,-0.48869
8.0801,46,-0.48869
8.0725,46,-0.48869
8.065,46,-0.48869
8.0575,46,-0.48869
8.05,46,-0.48869
8.0424,46,-0.48869
8.0349,46,-0.48869
8.0274,46,-0.48869
8.0199,46,-0.48869
8.0125,46,-0.48869
8.005,46,-0.48869
7.9975,46,-0.48869
7.99,46,-0.48869
7.9826,46,-0.48869
7.9751,46,-0.48869
7.9677,46,-0.48869
7.9603,46,-0.48869
7.9528,46,-0.48869
7.9454,46,-0.48869
7.938,46,-0.48869
7.9306,46,-0.48869
7.9232,46,-0.48869
7.9158,46,-0.48869
7.9084,46,-0.48869
7.901,46,-0.48869
7.8936,46,-0.48869
7.8863,46,-0.48869
7.8789,46,-0.48869
7.8716,46,-0.48869
7.8642,46,-0.48869
7.8569,46,-0.48869
7.8495,46,-0.48869
7.8422,46,-0.48869
7.8349,46,-0.48869
7.8276,46,-0.48869
7.8203,46,-0.48869
7.813,46,-0.48869
7.8057,46,-0.48869
7.7984,46,-0.48869
7.7912,46,-0.48869
7.7839,46,-0.48869
7.7766,46,-0.48869
7.7694,46,-0.48869
7.7621,46,-0.48869
7.7549,46,-0.48869
7.7477,46,-0.48869
7.7404,46,-0.48869
7.7332,46,-0.48869
7.726,46,-0.48869
7.7188,46,-0.48869
7.7116,46,-0.48869
7.7044,46,-0.48869
7.6973,46,-0.48869
7.6901,46,-0.48869
7.6829,46,-0.48869
7.6758,46,-0.48869
7.6686,46,-0.48869
7.6615,46,-0.48869
7.6543,46,-0.48869
7.6472,46,-0.48869
7.6401,46,-0.48869
7.633,46,-0.48869
7.6259,46,-0.48869
7.6188,46,-0.48869
7.6117,46,-0.48869
7.6046,46,-0.48869
7.5975,46,-0.48869
7.5905,46,-0.48869
7.5834,46,-0.48869
7.5763,46,-0.48869
7.5693,46,-0.48869
7.5623,46,-0.48869
7.5552,46,-0.48869
7.5482,46,-0.48869
7.5412,46,-0.48869
7.5342,46,-0.48869
7.5272,46,-0.48869
7.5202,46,-0.48869
7.5132,46,-0.48869
7.5062,46,-0.48869
7.4992,46,-0.48869
7.4923,46,-0.48869
7.4853,46,-0.48869
7.4784,46,-0.48869
7.4714,46,-0.48869
7.4645,46,-0.48869
7.4576,46,-0.48869
7.4507,46,-0.48869
7.4437,46,-0.48869
7.4368,46,-0.48869
7.4299,46,-0.48869
7.4231,46,-0.48869
7.4162,46,-0.48869
7.4093,46,-0.48869
7.4024,46,-0.48869
7.3956,46,-0.48869
7.3887,46,-0.48869
7.3819,46,-0.48869
7.375,46,-0.48869
7.3682,46,-0.48869
7.3614,46,-0.48869
7.3546,46,-0.48869
7.3478,46,-0.48869
7.341,46,-0.48869
7.3342,46,-0.48869
7.3274,46,-0.48869
7.3206,46,-0.48869
7.3139,46,-0.48869
7.3071,46,-0.48869
7.3003,46,-0.48869
7.2936,46,-0.48869
7.2869,46,-0.48869
7.2801,46,-0.48869
7.2734,46,-0.48869
7.2667,46,-0.48869
7.26,46,-0.48869
7.2533,46,-0.48869
7.2466,46,-0.48869
7.2399,46,-0.48869
7.2332,46,-0.48869
7.2265,46,-0.48869
7.2199,46,-0.48869
7.2132,46,-0.48869
7.2066,46,-0.48869
7.1999,46,-0.48869
7.1933,46,-0.48869
7.1867,46,-0.48869
7.1801,46,-0.48869
7.1734,46,-0.48869
7.1668,46,-0.48869
7.1603,46,-0.48869
7.1537,46,-0.48869
7.1471,46,-0.48869
7.1405,46,-0.48869
7.1339,46,-0.48869
7.1274,46,-0.48869
7.1208,46,-0.48869
7.1143,46,-0.48869
7.1078,46,-0.48869
7.1012,46,-0.48869
7.0947,46,-0.48869
7.0882,46,-0.48869
7.0817,46,-0.48869
7.0752,46,-0.48869
7.0687,46,-0.48869
7.0622,46,-0.48869
7.0557,46,-0.48869
7.0493,46,-0.48869
7.0428,46,-0.48869
7.0364,46,-0.48869
7.0299,46,-0.48869
7.0235,46,-0.48869
7.017,46,-0.48869
7.0106,46,-0.48869
7.0042,46,-0.48869
6.9978,46,-0.48869
6.9914,46,-0.48869
6.985,46,-0.48869
6.9786,46,-0.48869
6.9722,46,-0.48869
6.9659,46,-0.48869
6.9595,46,-0.48869
6.9531,46,-0.48869
6.9468,46,-0.48869
6.9405,46,-0.48869
6.9341,46,-0.48869
6.9278,46,-0.48869
6.9215,46,-0.48869
6.9152,46,-0.48869
6.9089,46,-0.48869
6.9026,46,-0.48869
6.8963,46,-0.48869
6.89,46,-0.48869
6.8837,46,-0.48869
6.8774,46,-0.48869
6.8712,46,-0.48869
6.8649,46,-0.48869
6.8587,46,-0.48869
6.8524,46,-0.48869
6.8462,46,-0.48869
6.84,46,-0.48869
6.8338,46,-0.48869
6.8276,46,-0.48869
6.8213,46,-0.48869
6.8152,46,-0.48869
6.809,46,-0.48869
6.8028,46,-0.48869
6.7966,46,-0.48869
6.7904,46,-0.48869
6.7843,46,-0.48869
6.7781,46,-0.48869
6.772,46,-0.48869
6.7658,46,-0.48869
6.7597,46,-0.48869
6.7536,46,-0.48869
6.7475,46,-0.48869
6.7414,46,-0.48869
6.7353,46,-0.48869
6.7292,46,-0.48869
6.7231,46,-0.48869
6.717,46,-0.48869
6.7109,46,-0.48869
6.7049,46,-0.48869
6.6988,46,-0.48869
6.6927,46,-0.48869
6.6867,46,-0.48869
6.6807,46,-0.48869
6.6746,46,-0.48869
6.6686,46,-0.48869
6.6626,46,-0.48869
6.6566,46,-0.48869
6.6506,46,-0.48869
6.6446,46,-0.48869
6.6386,46,-0.48869
6.6326,46,-0.48869
6.6266,46,-0.48869
6.6206,46,-0.48869
6.6147,46,-0.48869
6.6087,46,-0.48869
6.6028,46,-0.48869
6.5968,46,-0.48869
6.5909,46,-0.48869
6.585,46,-0.48869
6.5791,46,-0.48869
6.5731,46,-0.48869
6.5672,46,-0.48869
6.5613,46,-0.48869
6.5554,46,-0.48869
6.5495,46,-0.48869
6.5437,46,-0.48869
6.5378,46,-0.48869
6.5319,46,-0.48869
6.5261,46,-0.48869
6.5202,46,-0.48869
6.5144,46,-0.48869
6.5085,46,-0.48869
6.5027,46,-0.48869
6.4969,46,-0.48869
6.491,46,-0.48869
6.4852,46,-0.48869
6.4794,46,-0.48869
6.4736,46,-0.48869
6.4678,46,-0.48869
6.462,46,-0.48869
6.4563,46,-0.48869
6.4505,46,-0.48869
6.4447,46,-0.48869
6.439,46,-0.48869
6.4332,46,-0.48869
6.4275,46,-0.48869
6.4217,46,-0.48869
6.416,46,-0.48869
6.4103,46,-0.48869
6.4045,46,-0.48869
6.3988,46,-0.48869
6.3931,46,-0.48869
6.3874,46,-0.48869
6.3817,46,-0.48869
6.376,46,-0.48869
6.3704,46,-0.48869
6.3647,46,-0.48869
6.359,46,-0.48869
6.3533,46,-0.48869
6.3477,46,-0.48869
6.342,46,-0.48869
6.3364,46,-0.48869
6.3307,46,-0.48869
6.3251,46,-0.48869
6.3195,46,-0.48869
6.3139,46,-0.48869
6.3083,46,-0.48869
6.3027,46,-0.48869
6.2971,46,-0.48869
6.2915,46,-0.48869
6.2859,46,-0.48869
6.2803,46,-0.48869
6.2747,46,-0.48869
6.2691,46,-0.48869
6.2636,46,-0.48869
6.258,46,-0.48869
6.2525,46,-0.48869
6.2469,46,-0.48869
6.2414,46,-0.48869
6.2359,46,-0.48869
6.2303,46,-0.48869
6.2248,46,-0.48869
6.2193,46,-0.48869
6.2138,46,-0.48869
6.2083,46,-0.48869
6.2028,46,-0.48869
6.1973,46,-0.48869
6.1918,46,-0.48869
6.1863,46,-0.48869
6.1809,46,-0.48869
6.1754,46,-0.48869
6.1699,46,-0.48869
6.1645,46,-0.48869
6.159,46,-0.48869
6.1536,46,-0.48869
6.1481,46,-0.48869
6.1427,46,-0.48869
6.1373,46,-0.48869
6.1319,46,-0.48869
6.1264,46,-0.48869
6.121,46,-0.48869
6.1156,46,-0.48869
6.1102,46,-0.48869
6.1048,46,-0.48869
6.0995,46,-0.48869
6.0941,46,-0.48869
6.0887,46,-0.48869
6.0833,46,-0.48869
6.078,46,-0.48869
6.0726,46,-0.48869
6.0673,46,-0.48869
6.0619,46,-0.48869
6.0566,46,-0.48869
6.0512,46,-0.48869
6.0459,46,-0.48869
6.0406,46,-0.48869
6.0353,46,-0.48869
6.03,46,-0.48869
6.0246,46,-0.48869
6.0193,46,-0.48869
6.014,46,-0.48869
6.0088,46,-0.48869
6.0035,46,-0.48869
5.9982,46,-0.48869
5.9929,46,-0.48869
5.9876,46,-0.48869
5.9824,46,-0.48869
5.9771,46,-0.48869
5.9719,46,-0.48869
5.9666,46,-0.48869
5.9614,46,-0.48869
5.9561,46,-0.48869
5.9509,46,-0.48869
5.9457,46,-0.48869
5.9405,46,-0.48869
5.9352,46,-0.48869
5.93,46,-0.48869
5.9248,46,-0.48869
5.9196,46,-0.48869
5.9144,46,-0.48869
5.9092,46,-0.48869
5.9041,46,-0.48869
5.8989,46,-0.48869
5.8937,46,-0.48869
5.8885,46,-0.48869
5.8834,46,-0.48869
5.8782,46,-0.48869
5.8731,46,-0.48869
5.8679,46,-0.48869
5.8628,46,-0.48869
5.8576,46,-0.48869
5.8525,46,-0.48869
5.8474,46,-0.48869
5.8422,46,-0.48869
5.8371,46,-0.48869
5.832,46,-0.48869
5.8269,46,-0.48869
5.8218,46,-0.48869
5.8167,46,-0.48869
5.8116,46,-0.48869
5.8065,46,-0.48869
5.8014,46,-0.48869
5.7964,46,-0.48869
5.7913,46,-0.48869
5.7862,46,-0.48869
5.7811,46,-0.48869
5.7761,46,-0.48869
5.771,46,-0.48869
5.766,46,-0.48869
5.7609,46,-0.48869
5.7559,46,-0.48869
5.7509,46,-0.48869
5.7458,46,-0.48869
5.7408,46,-0.48869
5.7358,46,-0.48869
5.7308,46,-0.48869
5.7257,46,-0.48869
5.7207,46,-0.48869
5.7157,46,-0.48869
5.7107,46,-0.48869
5.7057,46,-0.48869
5.7008,46,-0.48869
5.6958,46,-0.48869
5.6908,46,-0.48869
5.6858,46,-0.48869
5.6808,46,-0.48869
5.6759,46,-0.48869
5.6709,46,-0.48869
5.666,46,-0.48869
5.661,46,-0.48869
5.6561,46,-0.48869
5.6511,46,-0.48869
5.6462,46,-0.48869
5.6412,46,-0.48869
5.6363,46,-0.48869
5.6314,46,-0.48869
5.6265,46,-0.48869
5.6216,46,-0.48869
5.6166,46,-0.48869
5.6117,46,-0.48869
5.6068,46,-0.48869
5.6019,46,-0.48869
5.597,46,-0.48869
5.5922,46,-0.48869
5.5873,46,-0.48869
5.5824,46,-0.48869
5.5775,46,-0.48869
5.5726,46,-0.48869
5.5678,46,-0.48869
5.5629,46,-0.48869
5.558,46,-0.48869
5.5532,46,-0.48869
5.5483,46,-0.48869
5.5435,46,-0.48869
5.5386,46,-0.48869
5.5338,46,-0.48869
5.529,46,-0.48869
5.5241,46,-0.48869
5.5193,46,-0.48869
5.5145,46,-0.48869
5.5097,46,-0.48869
5.5049,46,-0.48869
5.5001,46,-0.48869
5.4952,46,-0.48869
5.4904,46,-0.48869
5.4856,46,-0.48869
5.4809,46,-0.48869
5.4761,46,-0.48869
5.4713,46,-0.48869
5.4665,46,-0.48869
5.4617,46,-0.48869
5.457,46,-0.48869
5.4522,46,-0.48869
5.4474,46,-0.48869
5.4427,46,-0.48869
5.4379,46,-0.48869
5.4331,46,-0.48869
5.4284,46,-0.48869
5.4237,46,-0.48869
5.4189,46,-0.48869
5.4142,46,-0.48869
5.4094,46,-0.48869
5.4047,46,-0.48869
5.4,46,-0.48869
5.3953,46,-0.48869
5.3906,46,-0.48869
5.3858,46,-0.48869
5.3811,46,-0.48869
5.3764,46,-0.48869
5.3717,46,-0.48869
5.367,46,-0.48869
5.3623,46,-0.48869
5.3576,46,-0.48869
5.353,46,-0.48869
5.3483,46,-0.48869
5.3436,46,-0.48869
5.3389,46,-0.48869
5.3342,46,-0.48869
5.3296,46,-0.48869
5.3249,46,-0.48869
5.3203,46,-0.48869
5.3156,46,-0.48869
5.311,46,-0.48869
5.3063,46,-0.48869
5.3017,46,-0.48869
5.297,46,-0.48869
5.2924,46,-0.48869
5.2877,46,-0.48869
5.2831,46,-0.48869
5.2785,46,-0.48869
5.2739,46,-0.48869
5.2692,46,-0.48869
5.2646,46,-0.48869
5.26,46,-0.48869
5.2554,46,-0.48869
5.2508,46,-0.48869
5.2462,46,-0.48869
5.2416,46,-0.48869
5.237,46,-0.48869
5.2324,46,-0.48869
5.2278,46,-0.48869
5.2233,46,-0.48869
5.2187,46,-0.48869
5.2141,46,-0.48869
5.2095,46,-0.48869
5.205,46,-0.48869
5.2004,46,-0.48869
5.1958,46,-0.48869
5.1913,46,-0.48869
5.1867,46,-0.48869
5.1822,46,-0.48869
5.1776,46,-0.48869
5.1731,46,-0.48869
5.1685,46,-0.48869
5.164,46,-0.48869
5.1595,46,-0.48869
5.1549,46,-0.48869
5.1504,46,-0.48869
5.1459,46,-0.48869
5.1414,46,-0.48869
5.1369,46,-0.48869
5.1324,46,-0.48869
5.1278,46,-0.48869
5.1233,46,-0.48869
5.1188,46,-0.48869
5.1143,46,-0.48869
5.1098,46,-0.48869
5.1053,46,-0.48869
5.1009,46,-0.48869
5.0964,46,-0.48869
5.0919,46,-0.48869
5.0874,46,-0.48869
5.0829,46,-0.48869
5.0785,46,-0.48869
5.074,46,-0.48869
5.0695,46,-0.48869
5.0651,46,-0.48869
5.0606,46,-0.48869
5.0562,46,-0.48869
5.0517,46,-0.48869
5.0473,46,-0.48869
5.0428,46,-0.48869
5.0384,46,-0.48869
5.0339,46,-0.48869
5.0295,46,-0.48869
5.0251,46,-0.48869
5.0207,46,-0.48869
5.0162,46,-0.48869
5.0118,46,-0.48869
5.0074,46,-0.48869
5.003,46,-0.48869
4.9986,46,-0.48869
4.9942,46,-0.48869
4.9897,46,-0.48869
4.9853,46,-0.48869
4.981,46,-0.48869
4.9766,46,-0.48869
4.9722,46,-0.48869
4.9678,46,-0.48869
4.9634,46,-0.48869
4.959,46,-0.48869
4.9546,46,-0.48869
4.9503,46,-0.48869
4.9459,46,-0.48869
4.9415,46,-0.48869
4.9371,46,-0.48869
4.9328,46,-0.48869
4.9284,46,-0.48869
4.9241,46,-0.48869
4.9197,46,-0.48869
4.9154,46,-0.48869
4.911,46,-0.48869
4.9067,46,-0.48869
4.9023,46,-0.48869
4.898,46,-0.48869
4.8937,46,-0.48869
4.8893,46,-0.48869
4.885,46,-0.48869
4.8807,46,-0.48869
4.8764,46,-0.48869
4.8721,46,-0.48869
4.8677,46,-0.48869
4.8634,46,-0.48869
4.8591,46,-0.48869
4.8548,46,-0.48869
4.8505,46,-0.48869
4.8462,46,-0.48869
4.8419,46,-0.48869
4.8376,46,-0.48869
4.8333,46,-0.48869
4.8291,46,-0.48869
4.8248,46,-0.48869
4.8205,46,-0.48869
4.8162,46,-0.48869
4.8119,46,-0.48869
4.8077,46,-0.48869
4.8034,46,-0.48869
4.7991,46,-0.48869
4.7949,46,-0.48869
4.7906,46,-0.48869
4.7864,46,-0.48869
4.7821,46,-0.48869
4.7779,46,-0.48869
4.7736,46,-0.48869
4.7694,46,-0.48869
4.7652,46,-0.48869
4.7609,46,-0.48869
4.7567,46,-0.48869
4.7525,46,-0.48869
4.7482,46,-0.48869
4.744,46,-0.48869
4.7398,46,-0.48869
4.7356,46,-0.48869
4.7314,46,-0.48869
4.7272,46,-0.48869
4.7229,46,-0.48869
4.7187,46,-0.48869
4.7145,46,-0.48869
4.7103,46,-0.48869
4.7061,46,-0.48869
4.702,46,-0.48869
4.6978,46,-0.48869
4.6936,46,-0.48869
4.6894,46,-0.48869
4.6852,46,-0.48869
4.681,46,-0.48869
4.6769,46,-0.48869
4.6727,46,-0.48869
4.6685,46,-0.48869
4.6644,46,-0.48869
4.6602,46,-0.48869
4.6561,46,-0.48869
4.6519,46,-0.48869
4.6478,46,-0.48869
4.6436,46,-0.48869
4.6395,46,-0.48869
4.6353,46,-0.48869
4.6312,46,-0.48869
4.627,46,-0.48869
4.6229,46,-0.48869
4.6188,46,-0.48869
4.6147,46,-0.48869
4.6105,46,-0.48869
4.6064,46,-0.48869
4.6023,46,-0.48869
4.5982,46,-0.48869
4.5941,46,-0.48869
4.59,46,-0.48869
4.5859,46,-0.48869
4.5818,46,-0.48869
4.5777,46,-0.48869
4.5736,46,-0.48869
4.5695,46,-0.48869
4.5654,46,-0.48869
4.5613,46,-0.48869
4.5572,46,-0.48869
4.5531,46,-0.48869
4.5491,46,-0.48869
4.545,46,-0.48869
4.5409,46,-0.48869
4.5368,46,-0.48869
4.5328,46,-0.48869
4.5287,46,-0.48869
4.5247,46,-0.48869
4.5206,46,-0.48869
4.5166,46,-0.48869
4.5125,46,-0.48869
4.5085,46,-0.48869
4.5044,46,-0.48869
4.5004,46,-0.48869
4.4963,46,-0.48869
4.4923,46,-0.48869
4.4883,46,-0.48869
4.4843,46,-0.48869
4.4802,46,-0.48869
4.4762,46,-0.48869
4.4722,46,-0.48869
4.4682,46,-0.48869
4.4642,46,-0.48869
4.4602,46,-0.48869
4.4562,46,-0.48869
4.4522,46,-0.48869
4.4482,46,-0.48869
4.4442,46,-0.48869
4.4402,46,-0.48869
4.4362,46,-0.48869
4.4322,46,-0.48869
4.4282,46,-0.48869
4.4242,46,-0.48869
4.4202,46,-0.48869
4.4163,46,-0.48869
4.4123,46,-0.48869
4.4083,46,-0.48869
4.4044,46,-0.48869
4.4004,46,-0.48869
4.3965,46,-0.48869
4.3925,46,-0.48869
4.3885,46,-0.48869
4.3846,46,-0.48869
4.3807,46,-0.48869
4.3767,46,-0.48869
4.3728,46,-0.48869
4.3688,46,-0.48869
4.3649,46,-0.48869
4.361,46,-0.48869
4.357,46,-0.48869
4.3531,46,-0.48869
4.3492,46,-0.48869
4.3453,46,-0.48869
4.3414,46,-0.48869
4.3375,46,-0.48869
4.3335,46,-0.48869
4.3296,46,-0.48869
4.3257,46,-0.48869
4.3218,46,-0.48869
4.3179,46,-0.48869
4.3141,46,-0.48869
4.3102,46,-0.48869
4.3063,46,-0.48869
4.3024,46,-0.48869
4.2985,46,-0.48869
4.2946,46,-0.48869
4.2908,46,-0.48869
4.2869,46,-0.48869
4.283,46,-0.48869
4.2792,46,-0.48869
4.2753,46,-0.48869
4.2714,46,-0.48869
4.2676,46,-0.48869
4.2637,46,-0.48869
4.2599,46,-0.48869
4.256,46,-0.48869
4.2522,46,-0.48869
4.2484,46,-0.48869
4.2445,46,-0.48869
4.2407,46,-0.48869
4.2369,46,-0.48869
4.233,46,-0.48869
4.2292,46,-0.48869
4.2254,46,-0.48869
4.2216,46,-0.48869
4.2178,46,-0.48869
4.214,46,-0.48869
4.2102,46,-0.48869
4.2064,46,-0.48869
4.2026,46,-0.48869
4.1988,46,-0.48869
4.195,46,-0.48869
4.1912,46,-0.48869
4.1874,46,-0.48869
4.1836,46,-0.48869
4.1798,46,-0.48869
4.176,46,-0.48869
4.1723,46,-0.48869
4.1685,46,-0.48869
4.1647,46,-0.48869
4.161,46,-0.48869
4.1572,46,-0.48869
4.1534,46,-0.48869
4.1497,46,-0.48869
4.1459,46,-0.48869
4.1422,46,-0.48869
4.1384,46,-0.48869
4.1347,46,-0.48869
4.1309,46,-0.48869
4.1272,46,-0.48869
4.1235,46,-0.48869
4.1198,46,-0.48869
4.116,46,-0.48869
4.1123,46,-0.48869
4.1086,46,-0.48869
4.1049,46,-0.48869
4.1011,46,-0.48869
4.0974,46,-0.48869
4.0937,46,-0.48869
4.09,46,-0.48869
4.0863,46,-0.48869
4.0826,46,-0.48869
4.0789,46,-0.48869
4.0752,46,-0.48869
4.0716,46,-0.48869
4.0679,46,-0.48869
4.0642,46,-0.48869
4.0605,46,-0.48869
4.0568,46,-0.48869
4.0532,46,-0.48869
4.0495,46,-0.48869
4.0458,46,-0.48869
4.0422,46,-0.48869
4.0385,46,-0.48869
4.0348,46,-0.48869
4.0312,46,-0.48869
4.0275,46,-0.48869
4.0239,46,-0.48869
4.0203,46,-0.48869
4.0166,46,-0.48869
4.013,46,-0.48869
4.0093,46,-0.48869
4.0057,46,-0.48869
4.0021,46,-0.48869
3.9985,46,-0.48869
3.9948,46,-0.48869
3.9912,46,-0.48869
3.9876,46,-0.48869
3.984,46,-0.48869
3.9804,46,-0.48869
3.9768,46,-0.48869
3.9732,46,-0.48869
3.9696,46,-0.48869
3.966,46,-0.48869
3.9624,46,-0.48869
3.9588,46,-0.48869
3.9552,46,-0.48869
3.9517,46,-0.48869
3.9481,46,-0.48869
3.9445,46,-0.48869
3.9409,46,-0.48869
3.9374,46,-0.48869
3.9338,46,-0.48869
3.9302,46,-0.48869
3.9267,46,-0.48869
3.9231,46,-0.48869
3.9196,46,-0.48869
3.916,46,-0.48869
3.9125,46,-0.48869
3.9089,46,-0.48869
3.9054,46,-0.48869
3.9019,46,-0.48869
3.8983,46,-0.48869
3.8948,46,-0.48869
3.8913,46,-0.48869
3.8878,46,-0.48869
3.8842,46,-0.48869
3.8807,46,-0.48869
3.8772,46,-0.48869
3.8737,46,-0.48869
3.8702,46,-0.48869
3.8667,46,-0.48869
3.8632,46,-0.48869
3.8597,46,-0.48869
3.8562,46,-0.48869
3.8527,46,-0.48869
3.8492,46,-0.48869
3.8457,46,-0.48869
3.8423,46,-0.48869
3.8388,46,-0.48869
3.8353,46,-0.48869
3.8318,46,-0.48869
3.8284,46,-0.48869
3.8249,46,-0.48869
3.8215,46,-0.48869
3.818,46,-0.48869
3.8145,46,-0.48869
3.8111,46,-0.48869
3.8076,46,-0.48869
3.8042,46,-0.48869
3.8008,46,-0.48869
3.7973,46,-0.48869
3.7939,46,-0.48869
3.7905,46,-0.48869
3.787,46,-0.48869
3.7836,46,-0.48869
3.7802,46,-0.48869
3.7768,46,-0.48869
3.7734,46,-0.48869
3.7699,46,-0.48869
3.7665,46,-0.48869
3.7631,46,-0.48869
3.7597,46,-0.48869
3.7563,46,-0.48869
3.7529,46,-0.48869
3.7495,46,-0.48869
3.7461,46,-0.48869
3.7428,46,-0.48869
3.7394,46,-0.48869
3.736,46,-0.48869
3.7326,46,-0.48869
3.7293,46,-0.48869
3.7259,46,-0.48869
3.7225,46,-0.48869
3.7192,46,-0.48869
3.7158,46,-0.48869
3.7124,46,-0.48869
3.7091,46,-0.48869
3.7057,46,-0.48869
3.7024,46,-0.48869
3.6991,46,-0.48869
3.6957,46,-0.48869
3.6924,46,-0.48869
3.689,46,-0.48869
3.6857,46,-0.48869
3.6824,46,-0.48869
3.6791,46,-0.48869
3.6757,46,-0.48869
3.6724,46,-0.48869
3.6691,46,-0.48869
3.6658,46,-0.48869
3.6625,46,-0.48869
3.6592,46,-0.48869
3.6559,46,-0.48869
3.6526,46,-0.48869
3.6493,46,-0.48869
3.646,46,-0.48869
3.6427,46,-0.48869
3.6394,46,-0.48869
3.6361,46,-0.48869
3.6329,46,-0.48869
3.6296,46,-0.48869
3.6263,46,-0.48869
3.6231,46,-0.48869
3.6198,46,-0.48869
3.6165,46,-0.48869
3.6133,46,-0.48869
3.61,46,-0.48869
3.6068,46,-0.48869
3.6035,46,-0.48869
3.6003,46,-0.48869
3.597,46,-0.48869
3.5938,46,-0.48869
3.5905,46,-0.48869
3.5873,46,-0.48869
3.5841,46,-0.48869
3.5808,46,-0.48869
3.5776,46,-0.48869
3.5744,46,-0.48869
3.5712,46,-0.48869
3.568,46,-0.48869
3.5648,46,-0.48869
3.5616,46,-0.48869
3.5583,46,-0.48869
3.5551,46,-0.48869
3.5519,46,-0.48869
3.5488,46,-0.48869
3.5456,46,-0.48869
3.5424,46,-0.48869
3.5392,46,-0.48869
3.536,46,-0.48869
3.5328,46,-0.48869
3.5296,46,-0.48869
3.5265,46,-0.48869
3.5233,46,-0.48869
3.5201,46,-0.48869
3.517,46,-0.48869
3.5138,46,-0.48869
3.5107,46,-0.48869
3.5075,46,-0.48869
3.5043,46,-0.48869
3.5012,46,-0.48869
3.4981,46,-0.48869
3.4949,46,-0.48869
3.4918,46,-0.48869
3.4886,46,-0.48869
3.4855,46,-0.48869
3.4824,46,-0.48869
3.4793,46,-0.48869
3.4761,46,-0.48869
3.473,46,-0.48869
3.4699,46,-0.48869
3.4668,46,-0.48869
3.4637,46,-0.48869
3.4606,46,-0.48869
3.4575,46,-0.48869
3.4544,46,-0.48869
3.4513,46,-0.48869
3.4482,46,-0.48869
3.4451,46,-0.48869
3.442,46,-0.48869
3.4389,46,-0.48869
3.4358,46,-0.48869
3.4327,46,-0.48869
3.4297,46,-0.48869
3.4266,46,-0.48869
3.4235,46,-0.48869
3.4205,46,-0.48869
3.4174,46,-0.48869
3.4143,46,-0.48869
3.4113,46,-0.48869
3.4082,46,-0.48869
3.4052,46,-0.48869
3.4021,46,-0.48869
3.3991,46,-0.48869
3.396,46,-0.48869
3.393,46,-0.48869
3.3899,46,-0.48869
3.3869,46,-0.48869
3.3839,46,-0.48869
3.3809,46,-0.48869
3.3778,46,-0.48869
3.3748,46,-0.48869
3.3718,46,-0.48869
3.3688,46,-0.48869
3.3658,46,-0.48869
3.3628,46,-0.48869
3.3597,46,-0.48869
3.3567,46,-0.48869
3.3537,46,-0.48869
3.3507,46,-0.48869
3.3478,46,-0.48869
3.3448,46,-0.48869
3.3418,46,-0.48869
3.3388,46,-0.48869
3.3358,46,-0.48869
3.3328,46,-0.48869
3.3299,46,-0.48869
3.3269,46,-0.48869
3.3239,46,-0.48869
3.3209,46,-0.48869
3.318,46,-0.48869
3.315,46,-0.48869
3.3121,46,-0.48869
3.3091,46,-0.48869
3.3061,46,-0.48869
3.3032,46,-0.48869
3.3003,46,-0.48869
3.2973,46,-0.48869
3.2944,46,-0.48869
3.2914,46,-0.48869
3.2885,46,-0.48869
3.2856,46,-0.48869
3.2826,46,-0.48869
3.2797,46,-0.48869
3.2768,46,-0.48869
3.2739,46,-0.48869
3.2709,46,-0.48869
3.268,46,-0.48869
3.2651,46,-0.48869
3.2622,46,-0.48869
3.2593,46,-0.48869
3.2564,46,-0.48869
3.2535,46,-0.48869
3.2506,46,-0.48869
3.2477,46,-0.48869
3.2448,46,-0.48869
3.2419,46,-0.48869
3.239,46,-0.48869
3.2362,46,-0.48869
3.2333,46,-0.48869
3.2304,46,-0.48869
3.2275,46,-0.48869
3.2247,46,-0.48869
3.2218,46,-0.48869
3.2189,46,-0.48869
3.2161,46,-0.48869
3.2132,46,-0.48869
3.2103,46,-0.48869
3.2075,46,-0.48869
3.2046,46,-0.48869
3.2018,46,-0.48869
3.1989,46,-0.48869
3.1961,46,-0.48869
3.1933,46,-0.48869
3.1904,46,-0.48869
3.1876,46,-0.48869
3.1848,46,-0.48869
3.1819,46,-0.48869
3.1791,46,-0.48869
3.1763,46,-0.48869
3.1735,46,-0.48869
3.1706,46,-0.48869
3.1678,46,-0.48869
3.165,46,-0.48869
3.1622,46,-0.48869
3.1594,46,-0.48869
3.1566,46,-0.48869
3.1538,46,-0.48869
3.151,46,-0.48869
3.1482,46,-0.48869
3.1454,46,-0.48869
3.1426,46,-0.48869
3.1398,46,-0.48869
3.137,46,-0.48869
3.1343,46,-0.48869
3.1315,46,-0.48869
3.1287,46,-0.48869
3.1259,46,-0.48869
3.1231,46,-0.48869
3.1204,46,-0.48869
3.1176,46,-0.48869
3.1149,46,-0.48869
3.1121,46,-0.48869
3.1093,46,-0.48869
3.1066,46,-0.48869
3.1038,46,-0.48869
3.1011,46,-0.48869
3.0983,46,-0.48869
3.0956,46,-0.48869
3.0928,46,-0.48869
3.0901,46,-0.48869
3.0874,46,-0.48869
3.0846,46,-0.48869
3.0819,46,-0.48869
3.0792,46,-0.48869
3.0764,46,-0.48869
3.0737,46,-0.48869
3.071,46,-0.48869
3.0683,46,-0.48869
3.0656,46,-0.48869
3.0629,46,-0.48869
3.0601,46,-0.48869
3.0574,46,-0.48869
3.0547,46,-0.48869
3.052,46,-0.48869
3.0493,46,-0.48869
3.0466,46,-0.48869
3.0439,46,-0.48869
3.0412,46,-0.48869
3.0386,46,-0.48869
3.0359,46,-0.48869
3.0332,46,-0.48869
3.0305,46,-0.48869
3.0278,46,-0.48869
3.0251,46,-0.48869
3.0225,46,-0.48869
3.0198,46,-0.48869
3.0171,46,-0.48869
3.0145,46,-0.48869
3.0118,46,-0.48869
3.0091,46,-0.48869
3.0065,46,-0.48869
3.0038,46,-0.48869
3.0012,46,-0.48869
2.9985,46,-0.48869
2.9959,46,-0.48869
2.9932,46,-0.48869
2.9906,46,-0.48869
2.9879,46,-0.48869
2.9853,46,-0.48869
2.9827,46,-0.48869
2.98,46,-0.48869
2.9774,46,-0.48869
2.9748,46,-0.48869
2.9721,46,-0.48869
2.9695,46,-0.48869
2.9669,46,-0.48869
2.9643,46,-0.48869
2.9617,46,-0.48869
2.959,46,-0.48869
2.9564,46,-0.48869
2.9538,46,-0.48869
2.9512,46,-0.48869
2.9486,46,-0.48869
2.946,46,-0.48869
2.9434,46,-0.48869
2.9408,46,-0.48869
2.9382,46,-0.48869
2.9356,46,-0.48869
2.933,46,-0.48869
2.9304,46,-0.48869
2.9279,46,-0.48869
2.9253,46,-0.48869
2.9227,46,-0.48869
2.9201,46,-0.48869
2.9175,46,-0.48869
2.915,46,-0.48869
2.9124,46,-0.48869
2.9098,46,-0.48869
2.9073,46,-0.48869
2.9047,46,-0.48869
2.9021,46,-0.48869
2.8996,46,-0.48869
2.897,46,-0.48869
2.8945,46,-0.48869
2.8919,46,-0.48869
2.8894,46,-0.48869
2.8868,46,-0.48869
2.8843,46,-0.48869
2.8817,46,-0.48869
2.8792,46,-0.48869
2.8766,46,-0.48869
2.8741,46,-0.48869
2.8716,46,-0.48869
2.869,46,-0.48869
2.8665,46,-0.48869
2.864,46,-0.48869
2.8615,46,-0.48869
2.8589,46,-0.48869
2.8564,46,-0.48869
2.8539,46,-0.48869
2.8514,46,-0.48869
2.8489,46,-0.48869
2.8464,46,-0.48869
2.8439,46,-0.48869
2.8414,46,-0.48869
2.8389,46,-0.48869
2.8364,46,-0.48869
2.8339,46,-0.48869
2.8314,46,-0.48869
2.8289,46,-0.48869
2.8264,46,-0.48869
2.8239,46,-0.48869
2.8214,46,-0.48869
2.8189,46,-0.48869
2.8164,46,-0.48869
2.8139,46,-0.48869
2.8115,46,-0.48869
2.809,46,-0.48869
2.8065,46,-0.48869
2.804,46,-0.48869
2.8016,46,-0.48869
2.7991,46,-0.48869
2.7966,46,-0.48869
2.7942,46,-0.48869
2.7917,46,-0.48869
2.7893,46,-0.48869
2.7868,46,-0.48869
2.7843,46,-0.48869
2.7819,46,-0.48869
2.7794,46,-0.48869
2.777,46,-0.48869
2.7745,46,-0.48869
2.7721,46,-0.48869
2.7697,46,-0.48869
2.7672,46,-0.48869
2.7648,46,-0.48869
2.7623,46,-0.48869
2.7599,46,-0.48869
2.7575,46,-0.48869
2.7551,46,-0.48869
2.7526,46,-0.48869
2.7502,46,-0.48869
2.7478,46,-0.48869
2.7454,46,-0.48869
2.7429,46,-0.48869
2.7405,46,-0.48869
2.7381,46,-0.48869
2.7357,46,-0.48869
2.7333,46,-0.48869
2.7309,46,-0.48869
2.7285,46,-0.48869
2.7261,46,-0.48869
2.7237,46,-0.48869
2.7213,46,-0.48869
2.7189,46,-0.48869
2.7165,46,-0.48869
2.7141,46,-0.48869
2.7117,46,-0.48869
2.7093,46,-0.48869
2.7069,46,-0.48869
2.7045,46,-0.48869
2.7022,46,-0.48869
2.6998,46,-0.48869
2.6974,46,-0.48869
2.695,46,-0.48869
2.6927,46,-0.48869
2.6903,46,-0.48869
2.6879,46,-0.48869
2.6855,46,-0.48869
2.6832,46,-0.48869
2.6808,46,-0.48869
2.6785,46,-0.48869
2.6761,46,-0.48869
2.6737,46,-0.48869
2.6714,46,-0.48869
2.669,46,-0.48869
2.6667,46,-0.48869
2.6643,46,-0.48869
2.662,46,-0.48869
2.6596,46,-0.48869
2.6573,46,-0.48869
2.6549,46,-0.48869
2.6526,46,-0.48869
2.6503,46,-0.48869
2.6479,46,-0.48869
2.6456,46,-0.48869
2.6433,46,-0.48869
2.6409,46,-0.48869
2.6386,46,-0.48869
2.6363,46,-0.48869
2.634,46,-0.48869
2.6316,46,-0.48869
2.6293,46,-0.48869
2.627,46,-0.48869
2.6247,46,-0.48869
2.6224,46,-0.48869
2.6201,46,-0.48869
2.6178,46,-0.48869
2.6154,46,-0.48869
2.6131,46,-0.48869
2.6108,46,-0.48869
2.6085,46,-0.48869
2.6062,46,-0.48869
2.6039,46,-0.48869
2.6016,46,-0.48869
2.5993,46,-0.48869
2.5971,46,-0.48869
2.5948,46,-0.48869
2.5925,46,-0.48869
2.5902,46,-0.48869
2.5879,46,-0.48869
2.5856,46,-0.48869
2.5833,46,-0.48869
2.5811,46,-0.48869
2.5788,46,-0.48869
2.5765,46,-0.48869
2.5742,46,-0.48869
2.572,46,-0.48869
2.5697,46,-0.48869
2.5674,46,-0.48869
2.5652,46,-0.48869
2.5629,46,-0.48869
2.5606,46,-0.48869
2.5584,46,-0.48869
2.5561,46,-0.48869
2.5539,46,-0.48869
2.5516,46,-0.48869
2.5494,46,-0.48869
2.5471,46,-0.48869
2.5449,46,-0.48869
2.5426,46,-0.48869
2.5404,46,-0.48869
2.5381,46,-0.48869
2.5359,46,-0.48869
2.5336,46,-0.48869
2.5314,46,-0.48869
2.5292,46,-0.48869
2.5269,46,-0.48869
2.5247,46,-0.48869
2.5225,46,-0.48869
2.5203,46,-0.48869
2.518,46,-0.48869
2.5158,46,-0.48869
2.5136,46,-0.48869
2.5114,46,-0.48869
2.5091,46,-0.48869
2.5069,46,-0.48869
2.5047,46,-0.48869
2.5025,46,-0.48869
2.5003,46,-0.48869
2.4981,46,-0.48869
2.4959,46,-0.48869
2.4937,46,-0.48869
2.4915,46,-0.48869
2.4893,46,-0.48869
2.4871,46,-0.48869
2.4849,46,-0.48869
2.4827,46,-0.48869
2.4805,46,-0.48869
2.4783,46,-0.48869
2.4761,46,-0.48869
2.4739,46,-0.48869
2.4717,46,-0.48869
2.4695,46,-0.48869
2.4673,46,-0.48869
2.4652,46,-0.48869
2.463,46,-0.48869
2.4608,46,-0.48869
2.4586,46,-0.48869
2.4565,46,-0.48869
2.4543,46,-0.48869
2.4521,46,-0.48869
2.4499,46,-0.48869
2.4478,46,-0.48869
2.4456,46,-0.48869
2.4434,46,-0.48869
2.4413,46,-0.48869
2.4391,46,-0.48869
2.437,46,-0.48869
2.4348,46,-0.48869
2.4327,46,-0.48869
2.4305,46,-0.48869
2.4283,46,-0.48869
2.4262,46,-0.48869
2.4241,46,-0.48869
2.4219,46,-0.48869
2.4198,46,-0.48869
2.4176,46,-0.48869
2.4155,46,-0.48869
2.4133,46,-0.48869
2.4112,46,-0.48869
2.4091,46,-0.48869
2.4069,46,-0.48869
2.4048,46,-0.48869
2.4027,46,-0.48869
2.4005,46,-0.48869
2.3984,46,-0.48869
2.3963,46,-0.48869
2.3942,46,-0.48869
2.3921,46,-0.48869
2.3899,46,-0.48869
2.3878,46,-0.48869
2.3857,46,-0.48869
2.3836,46,-0.48869
2.3815,46,-0.48869
2.3794,46,-0.48869
2.3773,46,-0.48869
2.3751,46,-0.48869
2.373,46,-0.48869
2.3709,46,-0.48869
2.3688,46,-0.48869
2.3667,46,-0.48869
2.3646,46,-0.48869
2.3625,46,-0.48869
2.3604,46,-0.48869
2.3584,46,-0.48869
2.3563,46,-0.48869
2.3542,46,-0.48869
2.3521,46,-0.48869
2.35,46,-0.48869
2.3479,46,-0.48869
2.3458,46,-0.48869
2.3438,46,-0.48869
2.3417,46,-0.48869
2.3396,46,-0.48869
2.3375,46,-0.48869
2.3354,46,-0.48869
2.3334,46,-0.48869
2.3313,46,-0.48869
2.3292,46,-0.48869
2.3272,46,-0.48869
2.3251,46,-0.48869
2.323,46,-0.48869
2.321,46,-0.48869
2.3189,46,-0.48869
2.3169,46,-0.48869
2.3148,46,-0.48869
2.3127,46,-0.48869
2.3107,46,-0.48869
2.3086,46,-0.48869
2.3066,46,-0.48869
2.3045,46,-0.48869
2.3025,46,-0.48869
2.3004,46,-0.48869
2.2984,46,-0.48869
2.2964,46,-0.48869
2.2943,46,-0.48869
2.2923,46,-0.48869
2.2902,46,-0.48869
2.2882,46,-0.48869
2.2862,46,-0.48869
2.2841,46,-0.48869
2.2821,46,-0.48869
2.2801,46,-0.48869
2.2781,46,-0.48869
2.276,46,-0.48869
2.274,46,-0.48869
2.272,46,-0.48869
2.27,46,-0.48869
2.268,46,-0.48869
2.2659,46,-0.48869
2.2639,46,-0.48869
2.2619,46,-0.48869
2.2599,46,-0.48869
2.2579,46,-0.48869
2.2559,46,-0.48869
2.2539,46,-0.48869
2.2519,46,-0.48869
2.2499,46,-0.48869
2.2479,46,-0.48869
2.2459,46,-0.48869
2.2439,46,-0.48869
2.2419,46,-0.48869
2.2399,46,-0.48869
2.2379,46,-0.48869
2.2359,46,-0.48869
2.2339,46,-0.48869
2.2319,46,-0.48869
2.2299,46,-0.48869
2.228,46,-0.48869
2.226,46,-0.48869
2.224,46,-0.48869
2.222,46,-0.48869
2.22,46,-0.48869
2.2181,46,-0.48869
2.2161,46,-0.48869
2.2141,46,-0.48869
2.2121,46,-0.48869
2.2102,46,-0.48869
2.2082,46,-0.48869
2.2062,46,-0.48869
2.2043,46,-0.48869
2.2023,46,-0.48869
2.2003,46,-0.48869
2.1984,46,-0.48869
2.1964,46,-0.48869
2.1945,46,-0.48869
2.1925,46,-0.48869
2.1906,46,-0.48869
2.1886,46,-0.48869
2.1867,46,-0.48869
2.1847,46,-0.48869
2.1828,46,-0.48869
2.1808,46,-0.48869
2.1789,46,-0.48869
2.1769,46,-0.48869
2.175,46,-0.48869
2.1731,46,-0.48869
2.1711,46,-0.48869
2.1692,46,-0.48869
2.1673,46,-0.48869
2.1653,46,-0.48869
2.1634,46,-0.48869
2.1615,46,-0.48869
2.1595,46,-0.48869
2.1576,46,-0.48869
2.1557,46,-0.48869
2.1538,46,-0.48869
2.1519,46,-0.48869
2.1499,46,-0.48869
2.148,46,-0.48869
2.1461,46,-0.48869
2.1442,46,-0.48869
2.1423,46,-0.48869
2.1404,46,-0.48869
2.1385,46,-0.48869
2.1366,46,-0.48869
2.1347,46,-0.48869
2.1328,46,-0.48869
2.1309,46,-0.48869
2.129,46,-0.48869
2.1271,46,-0.48869
2.1252,46,-0.48869
2.1233,46,-0.48869
2.1214,46,-0.48869
2.1195,46,-0.48869
2.1176,46,-0.48869
2.1157,46,-0.48869
2.1138,46,-0.48869
2.1119,46,-0.48869
2.11,46,-0.48869
2.1082,46,-0.48869
2.1063,46,-0.48869
2.1044,46,-0.48869
2.1025,46,-0.48869
2.1006,46,-0.48869
2.0988,46,-0.48869
2.0969,46,-0.48869
2.095,46,-0.48869
2.0932,46,-0.48869
2.0913,46,-0.48869
2.0894,46,-0.48869
2.0876,46,-0.48869
2.0857,46,-0.48869
2.0838,46,-0.48869
2.082,46,-0.48869
2.0801,46,-0.48869
2.0783,46,-0.48869
2.0764,46,-0.48869
2.0746,46,-0.48869
2.0727,46,-0.48869
2.0709,46,-0.48869
2.069,46,-0.48869
2.0672,46,-0.48869
2.0653,46,-0.48869
2.0635,46,-0.48869
2.0616,46,-0.48869
2.0598,46,-0.48869
2.058,46,-0.48869
2.0561,46,-0.48869
2.0543,46,-0.48869
2.0524,46,-0.48869
2.0506,46,-0.48869
2.0488,46,-0.48869
2.047,46,-0.48869
2.0451,46,-0.48869
2.0433,46,-0.48869
2.0415,46,-0.48869
2.0397,46,-0.48869
2.0378,46,-0.48869
2.036,46,-0.48869
2.0342,46,-0.48869
2.0324,46,-0.48869
2.0306,46,-0.48869
2.0288,46,-0.48869
2.0269,46,-0.48869
2.0251,46,-0.48869
2.0233,46,-0.48869
2.0215,46,-0.48869
2.0197,46,-0.48869
2.0179,46,-0.48869
2.0161,46,-0.48869
2.0143,46,-0.48869
2.0125,46,-0.48869
2.0107,46,-0.48869
2.0089,46,-0.48869
2.0071,46,-0.48869
2.0053,46,-0.48869
2.0035,46,-0.48869
2.0017,46,-0.48869
2,46,-0.48869
1.9982,46,-0.48869
1.9964,46,-0.48869
1.9946,46,-0.48869
1.9928,46,-0.48869
1.991,46,-0.48869
1.9893,46,-0.48869
1.9875,46,-0.48869
1.9857,46,-0.48869
1.9839,46,-0.48869
1.9822,46,-0.48869
1.9804,46,-0.48869
1.9786,46,-0.48869
1.9769,46,-0.48869
1.9751,46,-0.48869
1.9733,46,-0.48869
1.9716,46,-0.48869
1.9698,46,-0.48869
1.9681,46,-0.48869
1.9663,46,-0.48869
1.9645,46,-0.48869
1.9628,46,-0.48869
1.961,46,-0.48869
1.9593,46,-0.48869
1.9575,46,-0.48869
1.9558,46,-0.48869
1.954,46,-0.48869
1.9523,46,-0.48869
1.9506,46,-0.48869
1.9488,46,-0.48869
1.9471,46,-0.48869
1.9453,46,-0.48869
1.9436,46,-0.48869
1.9419,46,-0.48869
1.9401,46,-0.48869
1.9384,46,-0.48869
1.9367,46,-0.48869
1.9349,46,-0.48869
1.9332,46,-0.48869
1.9315,46,-0.48869
1.9298,46,-0.48869
1.928,46,-0.48869
1.9263,46,-0.48869
1.9246,46,-0.48869
1.9229,46,-0.48869
1.9212,46,-0.48869
1.9194,46,-0.48869
1.9177,46,-0.48869
1.916,46,-0.48869
1.9143,46,-0.48869
1.9126,46,-0.48869
1.9109,46,-0.48869
1.9092,46,-0.48869
1.9075,46,-0.48869
1.9058,46,-0.48869
1.9041,46,-0.48869
1.9024,46,-0.48869
1.9007,46,-0.48869
1.899,46,-0.48869
1.8973,46,-0.48869
1.8956,46,-0.48869
1.8939,46,-0.48869
1.8922,46,-0.48869
1.8905,46,-0.48869
1.8888,46,-0.48869
1.8871,46,-0.48869
1.8855,46,-0.48869
1.8838,46,-0.48869
1.8821,46,-0.48869
1.8804,46,-0.48869
1.8787,46,-0.48869
1.8771,46,-0.48869
1.8754,46,-0.48869
1.8737,46,-0.48869
1.872,46,-0.48869
1.8704,46,-0.48869
1.8687,46,-0.48869
1.867,46,-0.48869
1.8654,46,-0.48869
1.8637,46,-0.48869
1.862,46,-0.48869
1.8604,46,-0.48869
1.8587,46,-0.48869
1.8571,46,-0.48869
1.8554,46,-0.48869
1.8538,46,-0.48869
1.8521,46,-0.48869
1.8504,46,-0.48869
1.8488,46,-0.48869
1.8471,46,-0.48869
1.8455,46,-0.48869
1.8439,46,-0.48869
1.8422,46,-0.48869
1.8406,46,-0.48869
1.8389,46,-0.48869
1.8373,46,-0.48869
1.8356,46,-0.48869
1.834,46,-0.48869
1.8324,46,-0.48869
1.8307,46,-0.48869
1.8291,46,-0.48869
1.8275,46,-0.48869
1.8258,46,-0.48869
1.8242,46,-0.48869
1.8226,46,-0.48869
1.821,46,-0.48869
1.8193,46,-0.48869
1.8177,46,-0.48869
1.8161,46,-0.48869
1.8145,46,-0.48869
1.8129,46,-0.48869
1.8112,46,-0.48869
1.8096,46,-0.48869
1.808,46,-0.48869
1.8064,46,-0.48869
1.8048,46,-0.48869
1.8032,46,-0.48869
1.8016,46,-0.48869
1.8,46,-0.48869
1.7984,46,-0.48869
1.7968,46,-0.48869
1.7952,46,-0.48869
1.7936,46,-0.48869
1.792,46,-0.48869
1.7904,46,-0.48869
1.7888,46,-0.48869
1.7872,46,-0.48869
1.7856,46,-0.48869
1.784,46,-0.48869
1.7824,46,-0.48869
1.7808,46,-0.48869
1.7792,46,-0.48869
1.7777,46,-0.48869
1.7761,46,-0.48869
1.7745,46,-0.48869
1.7729,46,-0.48869
1.7713,46,-0.48869
1.7697,46,-0.48869
1.7682,46,-0.48869
1.7666,46,-0.48869
1.765,46,-0.48869
1.7635,46,-0.48869
1.7619,46,-0.48869
1.7603,46,-0.48869
1.7587,46,-0.48869
1.7572,46,-0.48869
1.7556,46,-0.48869
1.7541,46,-0.48869
1.7525,46,-0.48869
1.7509,46,-0.48869
1.7494,46,-0.48869
1.7478,46,-0.48869
1.7463,46,-0.48869
1.7447,46,-0.48869
1.7431,46,-0.48869
1.7416,46,-0.48869
1.74,46,-0.48869
1.7385,46,-0.48869
1.737,46,-0.48869
1.7354,46,-0.48869
1.7339,46,-0.48869
1.7323,46,-0.48869
1.7308,46,-0.48869
1.7292,46,-0.48869
1.7277,46,-0.48869
1.7262,46,-0.48869
1.7246,46,-0.48869
1.7231,46,-0.48869
1.7216,46,-0.48869
1.72,46,-0.48869
1.7185,46,-0.48869
1.717,46,-0.48869
1.7154,46,-0.48869
1.7139,46,-0.48869
1.7124,46,-0.48869
1.7109,46,-0.48869
1.7093,46,-0.48869
1.7078,46,-0.48869
1.7063,46,-0.48869
1.7048,46,-0.48869
1.7033,46,-0.48869
1.7018,46,-0.48869
1.7002,46,-0.48869
1.6987,46,-0.48869
1.6972,46,-0.48869
1.6957,46,-0.48869
1.6942,46,-0.48869
1.6927,46,-0.48869
1.6912,46,-0.48869
1.6897,46,-0.48869
1.6882,46,-0.48869
1.6867,46,-0.48869
1.6852,46,-0.48869
1.6837,46,-0.48869
1.6822,46,-0.48869
1.6807,46,-0.48869
1.6792,46,-0.48869
1.6777,46,-0.48869
1.6762,46,-0.48869
1.6747,46,-0.48869
1.6733,46,-0.48869
1.6718,46,-0.48869
1.6703,46,-0.48869
1.6688,46,-0.48869
1.6673,46,-0.48869
1.6658,46,-0.48869
1.6644,46,-0.48869
1.6629,46,-0.48869
1.6614,46,-0.48869
1.6599,46,-0.48869
1.6585,46,-0.48869
1.657,46,-0.48869
1.6555,46,-0.48869
1.654,46,-0.48869
1.6526,46,-0.48869
1.6511,46,-0.48869
1.6496,46,-0.48869
1.6482,46,-0.48869
1.6467,46,-0.48869
1.6452,46,-0.48869
1.6438,46,-0.48869
1.6423,46,-0.48869
1.6409,46,-0.48869
1.6394,46,-0.48869
1.638,46,-0.48869
1.6365,46,-0.48869
1.6351,46,-0.48869
1.6336,46,-0.48869
1.6322,46,-0.48869
1.6307,46,-0.48869
1.6293,46,-0.48869
1.6278,46,-0.48869
1.6264,46,-0.48869
1.6249,46,-0.48869
1.6235,46,-0.48869
1.622,46,-0.48869
1.6206,46,-0.48869
1.6192,46,-0.48869
1.6177,46,-0.48869
1.6163,46,-0.48869
1.6149,46,-0.48869
1.6134,46,-0.48869
1.612,46,-0.48869
1.6106,46,-0.48869
1.6091,46,-0.48869
1.6077,46,-0.48869
1.6063,46,-0.48869
1.6049,46,-0.48869
1.6034,46,-0.48869
1.602,46,-0.48869
1.6006,46,-0.48869
1.5992,46,-0.48869
1.5978,46,-0.48869
1.5963,46,-0.48869
1.5949,46,-0.48869
1.5935,46,-0.48869
1.5921,46,-0.48869
1.5907,46,-0.48869
1.5893,46,-0.48869
1.5879,46,-0.48869
1.5865,46,-0.48869
1.5851,46,-0.48869
1.5837,46,-0.48869
1.5823,46,-0.48869
1.5809,46,-0.48869
1.5795,46,-0.48869
1.5781,46,-0.48869
1.5767,46,-0.48869
1.5753,46,-0.48869
1.5739,46,-0.48869
1.5725,46,-0.48869
1.5711,46,-0.48869
1.5697,46,-0.48869
1.5683,46,-0.48869
1.5669,46,-0.48869
1.5655,46,-0.48869
1.5641,46,-0.48869
1.5627,46,-0.48869
1.5614,46,-0.48869
1.56,46,-0.48869
1.5586,46,-0.48869
1.5572,46,-0.48869
1.5558,46,-0.48869
1.5545,46,-0.48869
1.5531,46,-0.48869
1.5517,46,-0.48869
1.5503,46,-0.48869
1.549,46,-0.48869
1.5476,46,-0.48869
1.5462,46,-0.48869
1.5448,46,-0.48869
1.5435,46,-0.48869
1.5421,46,-0.48869
1.5407,46,-0.48869
1.5394,46,-0.48869
1.538,46,-0.48869
1.5367,46,-0.48869
1.5353,46,-0.48869
1.5339,46,-0.48869
1.5326,46,-0.48869
1.5312,46,-0.48869
1.5299,46,-0.48869
1.5285,46,-0.48869
1.5272,46,-0.48869
1.5258,46,-0.48869
1.5245,46,-0.48869
1.5231,46,-0.48869
1.5218,46,-0.48869
1.5204,46,-0.48869
1.5191,46,-0.48869
1.5177,46,-0.48869
1.5164,46,-0.48869
1.5151,46,-0.48869
1.5137,46,-0.48869
1.5124,46,-0.48869
1.511,46,-0.48869
1.5097,46,-0.48869
1.5084,46,-0.48869
1.507,46,-0.48869
1.5057,46,-0.48869
1.5044,46,-0.48869
1.503,46,-0.48869
1.5017,46,-0.48869
1.5004,46,-0.48869
1.499,46,-0.48869
1.4977,46,-0.48869
1.4964,46,-0.48869
1.4951,46,-0.48869
1.4938,46,-0.48869
1.4924,46,-0.48869
1.4911,46,-0.48869
1.4898,46,-0.48869
1.4885,46,-0.48869
1.4872,46,-0.48869
1.4858,46,-0.48869
1.4845,46,-0.48869
1.4832,46,-0.48869
1.4819,46,-0.48869
1.4806,46,-0.48869
1.4793,46,-0.48869
1.478,46,-0.48869
1.4767,46,-0.48869
1.4754,46,-0.48869
1.4741,46,-0.48869
1.4728,46,-0.48869
1.4715,46,-0.48869
1.4702,46,-0.48869
1.4689,46,-0.48869
1.4676,46,-0.48869
1.4663,46,-0.48869
1.465,46,-0.48869
1.4637,46,-0.48869
1.4624,46,-0.48869
1.4611,46,-0.48869
1.4598,46,-0.48869
1.4585,46,-0.48869
1.4572,46,-0.48869
1.4559,46,-0.48869
1.4546,46,-0.48869
1.4534,46,-0.48869
1.4521,46,-0.48869
1.4508,46,-0.48869
1.4495,46,-0.48869
1.4482,46,-0.48869
1.4469,46,-0.48869
1.4457,46,-0.48869
1.4444,46,-0.48869
1.4431,46,-0.48869
1.4418,46,-0.48869
1.4406,46,-0.48869
1.4393,46,-0.48869
1.438,46,-0.48869
1.4368,46,-0.48869
1.4355,46,-0.48869
1.4342,46,-0.48869
1.4329,46,-0.48869
1.4317,46,-0.48869
1.4304,46,-0.48869
1.4292,46,-0.48869
1.4279,46,-0.48869
1.4266,46,-0.48869
1.4254,46,-0.48869
1.4241,46,-0.48869
1.4229,46,-0.48869
1.4216,46,-0.48869
1.4203,46,-0.48869
1.4191,46,-0.48869
1.4178,46,-0.48869
1.4166,46,-0.48869
1.4153,46,-0.48869
1.4141,46,-0.48869
1.4128,46,-0.48869
1.4116,46,-0.48869
1.4103,46,-0.48869
1.4091,46,-0.48869
1.4078,46,-0.48869
1.4066,46,-0.48869
1.4054,46,-0.48869
1.4041,46,-0.48869
1.4029,46,-0.48869
1.4016,46,-0.48869
1.4004,46,-0.48869
1.3992,46,-0.48869
1.3979,46,-0.48869
1.3967,46,-0.48869
1.3955,46,-0.48869
1.3942,46,-0.48869
1.393,46,-0.48869
1.3918,46,-0.48869
1.3905,46,-0.48869
1.3893,46,-0.48869
1.3881,46,-0.48869
1.3869,46,-0.48869
1.3856,46,-0.48869
1.3844,46,-0.48869
1.3832,46,-0.48869
1.382,46,-0.48869
1.3807,46,-0.48869
1.3795,46,-0.48869
1.3783,46,-0.48869
1.3771,46,-0.48869
1.3759,46,-0.48869
1.3747,46,-0.48869
1.3734,46,-0.48869
1.3722,46,-0.48869
1.371,46,-0.48869
1.3698,46,-0.48869
1.3686,46,-0.48869
1.3674,46,-0.48869
1.3662,46,-0.48869
1.365,46,-0.48869
1.3638,46,-0.48869
1.3626,46,-0.48869
1.3614,46,-0.48869
1.3602,46,-0.48869
1.359,46,-0.48869
1.3578,46,-0.48869
1.3566,46,-0.48869
1.3554,46,-0.48869
1.3542,46,-0.48869
1.353,46,-0.48869
1.3518,46,-0.48869
1.3506,46,-0.48869
1.3494,46,-0.48869
1.3482,46,-0.48869
1.347,46,-0.48869
1.3458,46,-0.48869
1.3446,46,-0.48869
1.3434,46,-0.48869
1.3422,46,-0.48869
1.3411,46,-0.48869
1.3399,46,-0.48869
1.3387,46,-0.48869
1.3375,46,-0.48869
1.3363,46,-0.48869
1.3352,46,-0.48869
1.334,46,-0.48869
1.3328,46,-0.48869
1.3316,46,-0.48869
1.3304,46,-0.48869
1.3293,46,-0.48869
1.3281,46,-0.48869
1.3269,46,-0.48869
1.3257,46,-0.48869
1.3246,46,-0.48869
1.3234,46,-0.48869
1.3222,46,-0.48869
1.3211,46,-0.48869
1.3199,46,-0.48869
1.3187,46,-0.48869
1.3176,46,-0.48869
1.3164,46,-0.48869
1.3152,46,-0.48869
1.3141,46,-0.48869
1.3129,46,-0.48869
1.3118,46,-0.48869
1.3106,46,-0.48869
1.3094,46,-0.48869
1.3083,46,-0.48869
1.3071,46,-0.48869
1.306,46,-0.48869
1.3048,46,-0.48869
1.3037,46,-0.48869
1.3025,46,-0.48869
1.3014,46,-0.48869
1.3002,46,-0.48869
1.2991,46,-0.48869
1.2979,46,-0.48869
1.2968,46,-0.48869
1.2956,46,-0.48869
1.2945,46,-0.48869
1.2933,46,-0.48869
1.2922,46,-0.48869
1.2911,46,-0.48869
1.2899,46,-0.48869
1.2888,46,-0.48869
1.2876,46,-0.48869
1.2865,46,-0.48869
1.2854,46,-0.48869
1.2842,46,-0.48869
1.2831,46,-0.48869
1.282,46,-0.48869
1.2808,46,-0.48869
1.2797,46,-0.48869
1.2786,46,-0.48869
1.2774,46,-0.48869
1.2763,46,-0.48869
1.2752,46,-0.48869
1.2741,46,-0.48869
1.2729,46,-0.48869
1.2718,46,-0.48869
1.2707,46,-0.48869
1.2696,46,-0.48869
1.2684,46,-0.48869
1.2673,46,-0.48869
1.2662,46,-0.48869
1.2651,46,-0.48869
1.264,46,-0.48869
1.2628,46,-0.48869
1.2617,46,-0.48869
1.2606,46,-0.48869
1.2595,46,-0.48869
1.2584,46,-0.48869
1.2573,46,-0.48869
1.2562,46,-0.48869
1.255,46,-0.48869
1.2539,46,-0.48869
1.2528,46,-0.48869
1.2517,46,-0.48869
1.2506,46,-0.48869
1.2495,46,-0.48869
1.2484,46,-0.48869
1.2473,46,-0.48869
1.2462,46,-0.48869
1.2451,46,-0.48869
1.244,46,-0.48869
1.2429,46,-0.48869
1.2418,46,-0.48869
1.2407,46,-0.48869
1.2396,46,-0.48869
1.2385,46,-0.48869
1.2374,46,-0.48869
1.2363,46,-0.48869
1.2352,46,-0.48869
1.2341,46,-0.48869
1.233,46,-0.48869
1.2319,46,-0.48869
1.2309,46,-0.48869
1.2298,46,-0.48869
1.2287,46,-0.48869
1.2276,46,-0.48869
1.2265,46,-0.48869
1.2254,46,-0.48869
1.2243,46,-0.48869
1.2233,46,-0.48869
1.2222,46,-0.48869
1.2211,46,-0.48869
1.22,46,-0.48869
1.2189,46,-0.48869
1.2179,46,-0.48869
1.2168,46,-0.48869
1.2157,46,-0.48869
1.2146,46,-0.48869
1.2136,46,-0.48869
1.2125,46,-0.48869
1.2114,46,-0.48869
1.2103,46,-0.48869
1.2093,46,-0.48869
1.2082,46,-0.48869
1.2071,46,-0.48869
1.2061,46,-0.48869
1.205,46,-0.48869
1.2039,46,-0.48869
1.2029,46,-0.48869
1.2018,46,-0.48869
1.2007,46,-0.48869
1.1997,46,-0.48869
1.1986,46,-0.48869
1.1975,46,-0.48869
1.1965,46,-0.48869
1.1954,46,-0.48869
1.1944,46,-0.48869
1.1933,46,-0.48869
1.1923,46,-0.48869
1.1912,46,-0.48869
1.1901,46,-0.48869
1.1891,46,-0.48869
1.188,46,-0.48869
1.187,46,-0.48869
1.1859,46,-0.48869
1.1849,46,-0.48869
1.1838,46,-0.48869
1.1828,46,-0.48869
1.1817,46,-0.48869
1.1807,46,-0.48869
1.1797,46,-0.48869
1.1786,46,-0.48869
1.1776,46,-0.48869
1.1765,46,-0.48869
1.1755,46,-0.48869
1.1744,46,-0.48869
1.1734,46,-0.48869
1.1724,46,-0.48869
1.1713,46,-0.48869
1.1703,46,-0.48869
1.1693,46,-0.48869
1.1682,46,-0.48869
1.1672,46,-0.48869
1.1662,46,-0.48869
1.1651,46,-0.48869
1.1641,46,-0.48869
1.1631,46,-0.48869
1.162,46,-0.48869
1.161,46,-0.48869
1.16,46,-0.48869
1.1589,46,-0.48869
1.1579,46,-0.48869
1.1569,46,-0.48869
1.1559,46,-0.48869
1.1548,46,-0.48869
1.1538,46,-0.48869
1.1528,46,-0.48869
1.1518,46,-0.48869
1.1508,46,-0.48869
1.1497,46,-0.48869
1.1487,46,-0.48869
1.1477,46,-0.48869
1.1467,46,-0.48869
1.1457,46,-0.48869
1.1447,46,-0.48869
1.1436,46,-0.48869
1.1426,46,-0.48869
1.1416,46,-0.48869
1.1406,46,-0.48869
1.1396,46,-0.48869
1.1386,46,-0.48869
1.1376,46,-0.48869
1.1366,46,-0.48869
1.1356,46,-0.48869
1.1346,46,-0.48869
1.1335,46,-0.48869
1.1325,46,-0.48869
1.1315,46,-0.48869
1.1305,46,-0.48869
1.1295,46,-0.48869
1.1285,46,-0.48869
1.1275,46,-0.48869
1.1265,46,-0.48869
1.1255,46,-0.48869
1.1245,46,-0.48869
1.1235,46,-0.48869
1.1225,46,-0.48869
1.1216,46,-0.48869
1.1206,46,-0.48869
1.1196,46,-0.48869
1.1186,46,-0.48869
1.1176,46,-0.48869
1.1166,46,-0.48869
1.1156,46,-0.48869
1.1146,46,-0.48869
1.1136,46,-0.48869
1.1126,46,-0.48869
1.1117,46,-0.48869
1.1107,46,-0.48869
1.1097,46,-0.48869
1.1087,46,-0.48869
1.1077,46,-0.48869
1.1067,46,-0.48869
1.1058,46,-0.48869
1.1048,46,-0.48869
1.1038,46,-0.48869
1.1028,46,-0.48869
1.1018,46,-0.48869
1.1009,46,-0.48869
1.0999,46,-0.48869
1.0989,46,-0.48869
1.0979,46,-0.48869
1.097,46,-0.48869
1.096,46,-0.48869
1.095,46,-0.48869
1.094,46,-0.48869
1.0931,46,-0.48869
1.0921,46,-0.48869
1.0911,46,-0.48869
1.0902,46,-0.48869
1.0892,46,-0.48869
1.0882,46,-0.48869
1.0873,46,-0.48869
1.0863,46,-0.48869
1.0853,46,-0.48869
1.0844,46,-0.48869
1.0834,46,-0.48869
1.0825,46,-0.48869
1.0815,46,-0.48869
1.0805,46,-0.48869
1.0796,46,-0.48869
1.0786,46,-0.48869
1.0777,46,-0.48869
1.0767,46,-0.48869
1.0758,46,-0.48869
1.0748,46,-0.48869
1.0739,46,-0.48869
1.0729,46,-0.48869
1.0719,46,-0.48869
1.071,46,-0.48869
1.07,46,-0.48869
1.0691,46,-0.48869
1.0681,46,-0.48869
1.0672,46,-0.48869
1.0663,46,-0.48869
1.0653,46,-0.48869
1.0644,46,-0.48869
1.0634,46,-0.48869
1.0625,46,-0.48869
1.0615,46,-0.48869
1.0606,46,-0.48869
1.0597,46,-0.48869
1.0587,46,-0.48869
1.0578,46,-0.48869
1.0568,46,-0.48869
1.0559,46,-0.48869
1.055,46,-0.48869
1.054,46,-0.48869
1.0531,46,-0.48869
1.0522,46,-0.48869
1.0512,46,-0.48869
1.0503,46,-0.48869
1.0494,46,-0.48869
1.0484,46,-0.48869
1.0475,46,-0.48869
1.0466,46,-0.48869
1.0456,46,-0.48869
1.0447,46,-0.48869
1.0438,46,-0.48869
1.0429,46,-0.48869
1.0419,46,-0.48869
1.041,46,-0.48869
1.0401,46,-0.48869
1.0392,46,-0.48869
1.0382,46,-0.48869
1.0373,46,-0.48869
1.0364,46,-0.48869
1.0355,46,-0.48869
1.0346,46,-0.48869
1.0336,46,-0.48869
1.0327,46,-0.48869
1.0318,46,-0.48869
1.0309,46,-0.48869
1.03,46,-0.48869
1.0291,46,-0.48869
1.0281,46,-0.48869
1.0272,46,-0.48869
1.0263,46,-0.48869
1.0254,46,-0.48869
1.0245,46,-0.48869
1.0236,46,-0.48869
1.0227,46,-0.48869
1.0218,46,-0.48869
1.0209,46,-0.48869
1.02,46,-0.48869
1.0191,46,-0.48869
1.0182,46,-0.48869
1.0173,46,-0.48869
1.0163,46,-0.48869
1.0154,46,-0.48869
1.0145,46,-0.48869
1.0136,46,-0.48869
1.0127,46,-0.48869
1.0118,46,-0.48869
1.0109,46,-0.48869
1.0101,46,-0.48869
1.0092,46,-0.48869
1.0083,46,-0.48869
1.0074,46,-0.48869
1.0065,46,-0.48869
1.0056,46,-0.48869
1.0047,46,-0.48869
1.0038,46,-0.48869
1.0029,46,-0.48869
1.002,46,-0.48869
1.0011,46,-0.48869
1.0002,46,-0.48869
0.99935,46,-0.48869
0.99846,46,-0.48869
0.99757,46,-0.48869
0.99669,46,-0.48869
0.9958,46,-0.48869
0.99492,46,-0.48869
0.99404,46,-0.48869
0.99315,46,-0.48869
0.99227,46,-0.48869
0.99139,46,-0.48869
0.99051,46,-0.48869
0.98963,46,-0.48869
0.98875,46,-0.48869
0.98788,46,-0.48869
0.987,46,-0.48869
0.98612,46,-0.48869
0.98525,46,-0.48869
0.98437,46,-0.48869
0.9835,46,-0.48869
0.98263,46,-0.48869
0.98176,46,-0.48869
0.98088,46,-0.48869
0.98001,46,-0.48869
0.97914,46,-0.48869
0.97827,46,-0.48869
0.97741,46,-0.48869
0.97654,46,-0.48869
0.97567,46,-0.48869
0.97481,46,-0.48869
0.97394,46,-0.48869
0.97308,46,-0.48869
0.97221,46,-0.48869
0.97135,46,-0.48869
0.97049,46,-0.48869
0.96963,46,-0.48869
0.96877,46,-0.48869
0.96791,46,-0.48869
0.96705,46,-0.48869
0.96619,46,-0.48869
0.96533,46,-0.48869
0.96447,46,-0.48869
0.96362,46,-0.48869
0.96276,46,-0.48869
0.96191,46,-0.48869
0.96106,46,-0.48869
0.9602,46,-0.48869
0.95935,46,-0.48869
0.9585,46,-0.48869
0.95765,46,-0.48869
0.9568,46,-0.48869
0.95595,46,-0.48869
0.9551,46,-0.48869
0.95425,46,-0.48869
0.95341,46,-0.48869
0.95256,46,-0.48869
0.95171,46,-0.48869
0.95087,46,-0.48869
0.95003,46,-0.48869
0.94918,46,-0.48869
0.94834,46,-0.48869
0.9475,46,-0.48869
0.94666,46,-0.48869
0.94582,46,-0.48869
0.94498,46,-0.48869
0.94414,46,-0.48869
0.9433,46,-0.48869
0.94247,46,-0.48869
0.94163,46,-0.48869
0.94079,46,-0.48869
0.93996,46,-0.48869
0.93912,46,-0.48869
0.93829,46,-0.48869
0.93746,46,-0.48869
0.93663,46,-0.48869
0.9358,46,-0.48869
0.93496,46,-0.48869
0.93414,46,-0.48869
0.93331,46,-0.48869
0.93248,46,-0.48869
0.93165,46,-0.48869
0.93082,46,-0.48869
0.93,46,-0.48869
0.92917,46,-0.48869
0.92835,46,-0.48869
0.92752,46,-0.48869
0.9267,46,-0.48869
0.92588,46,-0.48869
0.92506,46,-0.48869
0.92424,46,-0.48869
0.92342,46,-0.48869
0.9226,46,-0.48869
0.92178,46,-0.48869
0.92096,46,-0.48869
0.92014,46,-0.48869
0.91933,46,-0.48869
0.91851,46,-0.48869
0.9177,46,-0.48869
0.91688,46,-0.48869
0.91607,46,-0.48869
0.91526,46,-0.48869
0.91445,46,-0.48869
0.91363,46,-0.48869
0.91282,46,-0.48869
0.91201,46,-0.48869
0.9112,46,-0.48869
0.9104,46,-0.48869
0.90959,46,-0.48869
0.90878,46,-0.48869
0.90798,46,-0.48869
0.90717,46,-0.48869
0.90637,46,-0.48869
0.90556,46,-0.48869
0.90476,46,-0.48869
0.90396,46,-0.48869
0.90315,46,-0.48869
0.90235,46,-0.48869
0.90155,46,-0.48869
0.90075,46,-0.48869
0.89995,46,-0.48869
0.89916,46,-0.48869
0.89836,46,-0.48869
0.89756,46,-0.48869
0.89677,46,-0.48869
0.89597,46,-0.48869
0.89518,46,-0.48869
0.89438,46,-0.48869
0.89359,46,-0.48869
0.8928,46,-0.48869
0.892,46,-0.48869
0.89121,46,-0.48869
0.89042,46,-0.48869
0.88963,46,-0.48869
0.88884,46,-0.48869
0.88806,46,-0.48869
0.88727,46,-0.48869
0.88648,46,-0.48869
0.8857,46,-0.48869
0.88491,46,-0.48869
0.88413,46,-0.48869
0.88334,46,-0.48869
0.88256,46,-0.48869
0.88178,46,-0.48869
0.88099,46,-0.48869
0.88021,46,-0.48869
0.87943,46,-0.48869
0.87865,46,-0.48869
0.87787,46,-0.48869
0.87709,46,-0.48869
0.87632,46,-0.48869
0.87554,46,-0.48869
0.87476,46,-0.48869
0.87399,46,-0.48869
0.87321,46,-0.48869
0.87244,46,-0.48869
0.87167,46,-0.48869
0.87089,46,-0.48869
0.87012,46,-0.48869
0.86935,46,-0.48869
0.86858,46,-0.48869
0.86781,46,-0.48869
0.86704,46,-0.48869
0.86627,46,-0.48869
0.8655,46,-0.48869
0.86474,46,-0.48869
0.86397,46,-0.48869
0.8632,46,-0.48869
0.86244,46,-0.48869
0.86167,46,-0.48869
0.86091,46,-0.48869
0.86015,46,-0.48869
0.85939,46,-0.48869
0.85862,46,-0.48869
0.85786,46,-0.48869
0.8571,46,-0.48869
0.85634,46,-0.48869
0.85558,46,-0.48869
0.85483,46,-0.48869
0.85407,46,-0.48869
0.85331,46,-0.48869
0.85256,46,-0.48869
0.8518,46,-0.48869
0.85104,46,-0.48869
0.85029,46,-0.48869
0.84954,46,-0.48869
0.84878,46,-0.48869
0.84803,46,-0.48869
0.84728,46,-0.48869
0.84653,46,-0.48869
0.84578,46,-0.48869
0.84503,46,-0.48869
0.84428,46,-0.48869
0.84353,46,-0.48869
0.84279,46,-0.48869
0.84204,46,-0.48869
0.84129,46,-0.48869
0.84055,46,-0.48869
0.8398,46,-0.48869
0.83906,46,-0.48869
0.83832,46,-0.48869
0.83757,46,-0.48869
0.83683,46,-0.48869
0.83609,46,-0.48869
0.83535,46,-0.48869
0.83461,46,-0.48869
0.83387,46,-0.48869
0.83313,46,-0.48869
0.83239,46,-0.48869
0.83166,46,-0.48869
0.83092,46,-0.48869
0.83018,46,-0.48869
0.82945,46,-0.48869
0.82871,46,-0.48869
0.82798,46,-0.48869
0.82725,46,-0.48869
0.82651,46,-0.48869
0.82578,46,-0.48869
0.82505,46,-0.48869
0.82432,46,-0.48869
0.82359,46,-0.48869
0.82286,46,-0.48869
0.82213,46,-0.48869
0.8214,46,-0.48869
0.82068,46,-0.48869
0.81995,46,-0.48869
0.81922,46,-0.48869
0.8185,46,-0.48869
0.81777,46,-0.48869
0.81705,46,-0.48869
0.81633,46,-0.48869
0.8156,46,-0.48869
0.81488,46,-0.48869
0.81416,46,-0.48869
0.81344,46,-0.48869
0.81272,46,-0.48869
0.812,46,-0.48869
0.81128,46,-0.48869
0.81056,46,-0.48869
0.80984,46,-0.48869
0.80913,46,-0.48869
0.80841,46,-0.48869
0.80769,46,-0.48869
0.80698,46,-0.48869
0.80626,46,-0.48869
0.80555,46,-0.48869
0.80484,46,-0.48869
0.80413,46,-0.48869
0.80341,46,-0.48869
0.8027,46,-0.48869
0.80199,46,-0.48869
0.80128,46,-0.48869
0.80057,46,-0.48869
0.79986,46,-0.48869
0.79916,46,-0.48869
0.79845,46,-0.48869
0.79774,46,-0.48869
0.79704,46,-0.48869
0.79633,46,-0.48869
0.79563,46,-0.48869
0.79492,46,-0.48869
0.79422,46,-0.48869
0.79351,46,-0.48869
0.79281,46,-0.48869
0.79211,46,-0.48869
0.79141,46,-0.48869
0.79071,46,-0.48869
0.79001,46,-0.48869
0.78931,46,-0.48869
0.78861,46,-0.48869
0.78791,46,-0.48869
0.78722,46,-0.48869
0.78652,46,-0.48869
0.78582,46,-0.48869
0.78513,46,-0.48869
0.78443,46,-0.48869
0.78374,46,-0.48869
0.78305,46,-0.48869
0.78235,46,-0.48869
0.78166,46,-0.48869
0.78097,46,-0.48869
0.78028,46,-0.48869
0.77959,46,-0.48869
0.7789,46,-0.48869
0.77821,46,-0.48869
0.77752,46,-0.48869
0.77683,46,-0.48869
0.77615,46,-0.48869
0.77546,46,-0.48869
0.77477,46,-0.48869
0.77409,46,-0.48869
0.7734,46,-0.48869
0.77272,46,-0.48869
0.77203,46,-0.48869
0.77135,46,-0.48869
0.77067,46,-0.48869
0.76999,46,-0.48869
0.76931,46,-0.48869
0.76863,46,-0.48869
0.76795,46,-0.48869
0.76727,46,-0.48869
0.76659,46,-0.48869
0.76591,46,-0.48869
0.76523,46,-0.48869
0.76456,46,-0.48869
0.76388,46,-0.48869
0.7632,46,-0.48869
0.76253,46,-0.48869
0.76185,46,-0.48869
0.76118,46,-0.48869
0.76051,46,-0.48869
0.75983,46,-0.48869
0.75916,46,-0.48869
0.75849,46,-0.48869
0.75782,46,-0.48869
0.75715,46,-0.48869
0.75648,46,-0.48869
0.75581,46,-0.48869
0.75514,46,-0.48869
0.75448,46,-0.48869
0.75381,46,-0.48869
0.75314,46,-0.48869
0.75248,46,-0.48869
0.75181,46,-0.48869
0.75114,46,-0.48869
0.75048,46,-0.48869
0.74982,46,-0.48869
0.74915,46,-0.48869
0.74849,46,-0.48869
0.74783,46,-0.48869
0.74717,46,-0.48869
0.74651,46,-0.48869
0.74585,46,-0.48869
0.74519,46,-0.48869
0.74453,46,-0.48869
0.74387,46,-0.48869
0.74321,46,-0.48869
0.74256,46,-0.48869
0.7419,46,-0.48869
0.74124,46,-0.48869
0.74059,46,-0.48869
0.73993,46,-0.48869
0.73928,46,-0.48869
0.73863,46,-0.48869
0.73797,46,-0.48869
0.73732,46,-0.48869
0.73667,46,-0.48869
0.73602,46,-0.48869
0.73537,46,-0.48869
0.73472,46,-0.48869
0.73407,46,-0.48869
0.73342,46,-0.48869
0.73277,46,-0.48869
0.73212,46,-0.48869
0.73147,46,-0.48869
0.73083,46,-0.48869
0.73018,46,-0.48869
0.72954,46,-0.48869
0.72889,46,-0.48869
0.72825,46,-0.48869
0.7276,46,-0.48869
0.72696,46,-0.48869
0.72632,46,-0.48869
0.72567,46,-0.48869
0.72503,46,-0.48869
0.72439,46,-0.48869
0.72375,46,-0.48869
0.72311,46,-0.48869
0.72247,46,-0.48869
0.72183,46,-0.48869
0.7212,46,-0.48869
0.72056,46,-0.48869
0.71992,46,-0.48869
0.71928,46,-0.48869
0.71865,46,-0.48869
0.71801,46,-0.48869
0.71738,46,-0.48869
0.71674,46,-0.48869
0.71611,46,-0.48869
0.71548,46,-0.48869
0.71485,46,-0.48869
0.71421,46,-0.48869
0.71358,46,-0.48869
0.71295,46,-0.48869
0.71232,46,-0.48869
0.71169,46,-0.48869
0.71106,46,-0.48869
0.71043,46,-0.48869
0.70981,46,-0.48869
0.70918,46,-0.48869
0.70855,46,-0.48869
0.70793,46,-0.48869
0.7073,46,-0.48869
0.70668,46,-0.48869
0.70605,46,-0.48869
0.70543,46,-0.48869
0.7048,46,-0.48869
0.70418,46,-0.48869
0.70356,46,-0.48869
0.70294,46,-0.48869
0.70231,46,-0.48869
0.70169,46,-0.48869
0.70107,46,-0.48869
0.70045,46,-0.48869
0.69984,46,-0.48869
0.69922,46,-0.48869
0.6986,46,-0.48869
0.69798,46,-0.48869
0.69736,46,-0.48869
0.69675,46,-0.48869
0.69613,46,-0.48869
0.69552,46,-0.48869
0.6949,46,-0.48869
0.69429,46,-0.48869
0.69367,46,-0.48869
0.69306,46,-0.48869
0.69245,46,-0.48869
0.69184,46,-0.48869
0.69123,46,-0.48869
0.69061,46,-0.48869
0.69,46,-0.48869
0.68939,46,-0.48869
0.68879,46,-0.48869
0.68818,46,-0.48869
0.68757,46,-0.48869
0.68696,46,-0.48869
0.68635,46,-0.48869
0.68575,46,-0.48869
0.68514,46,-0.48869
0.68454,46,-0.48869
0.68393,46,-0.48869
0.68333,46,-0.48869
0.68272,46,-0.48869
0.68212,46,-0.48869
0.68152,46,-0.48869
0.68091,46,-0.48869
0.68031,46,-0.48869
0.67971,46,-0.48869
0.67911,46,-0.48869
0.67851,46,-0.48869
0.67791,46,-0.48869
0.67731,46,-0.48869
0.67671,46,-0.48869
0.67611,46,-0.48869
0.67552,46,-0.48869
0.67492,46,-0.48869
0.67432,46,-0.48869
0.67373,46,-0.48869
0.67313,46,-0.48869
0.67254,46,-0.48869
0.67194,46,-0.48869
0.67135,46,-0.48869
0.67076,46,-0.48869
0.67016,46,-0.48869
0.66957,46,-0.48869
0.66898,46,-0.48869
0.66839,46,-0.48869
0.6678,46,-0.48869
0.66721,46,-0.48869
0.66662,46,-0.48869
0.66603,46,-0.48869
0.66544,46,-0.48869
0.66485,46,-0.48869
0.66426,46,-0.48869
0.66368,46,-0.48869
0.66309,46,-0.48869
0.6625,46,-0.48869
0.66192,46,-0.48869
0.66133,46,-0.48869
0.66075,46,-0.48869
0.66017,46,-0.48869
0.65958,46,-0.48869
0.659,46,-0.48869
0.65842,46,-0.48869
0.65783,46,-0.48869
0.65725,46,-0.48869
0.65667,46,-0.48869
0.65609,46,-0.48869
0.65551,46,-0.48869
0.65493,46,-0.48869
0.65435,46,-0.48869
0.65378,46,-0.48869
0.6532,46,-0.48869
0.65262,46,-0.48869
0.65204,46,-0.48869
0.65147,46,-0.48869
0.65089,46,-0.48869
0.65032,46,-0.48869
0.64974,46,-0.48869
0.64917,46,-0.48869
0.64859,46,-0.48869
0.64802,46,-0.48869
0.64745,46,-0.48869
0.64688,46,-0.48869
0.6463,46,-0.48869
0.64573,46,-0.48869
0.64516,46,-0.48869
0.64459,46,-0.48869
0.64402,46,-0.48869
0.64345,46,-0.48869
0.64288,46,-0.48869
0.64232,46,-0.48869
0.64175,46,-0.48869
0.64118,46,-0.48869
0.64061,46,-0.48869
0.64005,46,-0.48869
0.63948,46,-0.48869
0.63892,46,-0.48869
0.63835,46,-0.48869
0.63779,46,-0.48869
0.63722,46,-0.48869
0.63666,46,-0.48869
0.6361,46,-0.48869
0.63554,46,-0.48869
0.63497,46,-0.48869
0.63441,46,-0.48869
0.63385,46,-0.48869
0.63329,46,-0.48869
0.63273,46,-0.48869
0.63217,46,-0.48869
0.63161,46,-0.48869
0.63106,46,-0.48869
0.6305,46,-0.48869
0.62994,46,-0.48869
0.62938,46,-0.48869
0.62883,46,-0.48869
0.62827,46,-0.48869
0.62772,46,-0.48869
0.62716,46,-0.48869
0.62661,46,-0.48869
0.62605,46,-0.48869
0.6255,46,-0.48869
0.62495,46,-0.48869
0.62439,46,-0.48869
0.62384,46,-0.48869
0.62329,46,-0.48869
0.62274,46,-0.48869
0.62219,46,-0.48869
0.62164,46,-0.48869
0.62109,46,-0.48869
0.62054,46,-0.48869
0.61999,46,-0.48869
0.61944,46,-0.48869
0.6189,46,-0.48869
0.61835,46,-0.48869
0.6178,46,-0.48869
0.61726,46,-0.48869
0.61671,46,-0.48869
0.61617,46,-0.48869
0.61562,46,-0.48869
0.61508,46,-0.48869
0.61453,46,-0.48869
0.61399,46,-0.48869
0.61345,46,-0.48869
0.6129,46,-0.48869
0.61236,46,-0.48869
0.61182,46,-0.48869
0.61128,46,-0.48869
0.61074,46,-0.48869
0.6102,46,-0.48869
0.60966,46,-0.48869
0.60912,46,-0.48869
0.60858,46,-0.48869
0.60804,46,-0.48869
0.60751,46,-0.48869
0.60697,46,-0.48869
0.60643,46,-0.48869
0.6059,46,-0.48869
0.60536,46,-0.48869
0.60483,46,-0.48869
0.60429,46,-0.48869
0.60376,46,-0.48869
0.60322,46,-0.48869
0.60269,46,-0.48869
0.60216,46,-0.48869
0.60162,46,-0.48869
0.60109,46,-0.48869
0.60056,46,-0.48869
0.60003,46,-0.48869
0.5995,46,-0.48869
0.59897,46,-0.48869
0.59844,46,-0.48869
0.59791,46,-0.48869
0.59738,46,-0.48869
0.59685,46,-0.48869
0.59632,46,-0.48869
0.5958,46,-0.48869
0.59527,46,-0.48869
0.59474,46,-0.48869
0.59422,46,-0.48869
0.59369,46,-0.48869
0.59317,46,-0.48869
0.59264,46,-0.48869
0.59212,46,-0.48869
0.5916,46,-0.48869
0.59107,46,-0.48869
0.59055,46,-0.48869
0.59003,46,-0.48869
0.58951,46,-0.48869
0.58898,46,-0.48869
0.58846,46,-0.48869
0.58794,46,-0.48869
0.58742,46,-0.48869
0.5869,46,-0.48869
0.58638,46,-0.48869
0.58587,46,-0.48869
0.58535,46,-0.48869
0.58483,46,-0.48869
0.58431,46,-0.48869
0.5838,46,-0.48869
0.58328,46,-0.48869
0.58276,46,-0.48869
0.58225,46,-0.48869
0.58173,46,-0.48869
0.58122,46,-0.48869
0.5807,46,-0.48869
0.58019,46,-0.48869
0.57968,46,-0.48869
0.57916,46,-0.48869
0.57865,46,-0.48869
0.57814,46,-0.48869
0.57763,46,-0.48869
0.57712,46,-0.48869
0.57661,46,-0.48869
0.5761,46,-0.48869
0.57559,46,-0.48869
0.57508,46,-0.48869
0.57457,46,-0.48869
0.57406,46,-0.48869
0.57355,46,-0.48869
0.57305,46,-0.48869
0.57254,46,-0.48869
0.57203,46,-0.48869
0.57153,46,-0.48869
0.57102,46,-0.48869
0.57052,46,-0.48869
0.57001,46,-0.48869
0.56951,46,-0.48869
0.569,46,-0.48869
0.5685,46,-0.48869
0.568,46,-0.48869
0.56749,46,-0.48869
0.56699,46,-0.48869
0.56649,46,-0.48869
0.56599,46,-0.48869
0.56549,46,-0.48869
0.56499,46,-0.48869
0.56449,46,-0.48869
0.56399,46,-0.48869
0.56349,46,-0.48869
0.56299,46,-0.48869
0.56249,46,-0.48869
0.562,46,-0.48869
0.5615,46,-0.48869
0.561,46,-0.48869
0.56051,46,-0.48869
0.56001,46,-0.48869
0.55951,46,-0.48869
0.55902,46,-0.48869
0.55852,46,-0.48869
0.55803,46,-0.48869
0.55754,46,-0.48869
0.55704,46,-0.48869
0.55655,46,-0.48869
0.55606,46,-0.48869
0.55557,46,-0.48869
0.55507,46,-0.48869
0.55458,46,-0.48869
0.55409,46,-0.48869
0.5536,46,-0.48869
0.55311,46,-0.48869
0.55262,46,-0.48869
0.55213,46,-0.48869
0.55165,46,-0.48869
0.55116,46,-0.48869
0.55067,46,-0.48869
0.55018,46,-0.48869
0.5497,46,-0.48869
0.54921,46,-0.48869
0.54872,46,-0.48869
0.54824,46,-0.48869
0.54775,46,-0.48869
0.54727,46,-0.48869
0.54678,46,-0.48869
0.5463,46,-0.48869
0.54582,46,-0.48869
0.54533,46,-0.48869
0.54485,46,-0.48869
0.54437,46,-0.48869
0.54389,46,-0.48869
0.54341,46,-0.48869
0.54292,46,-0.48869
0.54244,46,-0.48869
0.54196,46,-0.48869
0.54148,46,-0.48869
0.54101,46,-0.48869
0.54053,46,-0.48869
0.54005,46,-0.48869
0.53957,46,-0.48869
0.53909,46,-0.48869
0.53862,46,-0.48869
0.53814,46,-0.48869
0.53766,46,-0.48869
0.53719,46,-0.48869
0.53671,46,-0.48869
0.53624,46,-0.48869
0.53576,46,-0.48869
0.53529,46,-0.48869
0.53481,46,-0.48869
0.53434,46,-0.48869
0.53387,46,-0.48869
0.53339,46,-0.48869
0.53292,46,-0.48869
0.53245,46,-0.48869
0.53198,46,-0.48869
0.53151,46,-0.48869
0.53104,46,-0.48869
0.53057,46,-0.48869
0.5301,46,-0.48869
0.52963,46,-0.48869
0.52916,46,-0.48869
0.52869,46,-0.48869
0.52822,46,-0.48869
0.52776,46,-0.48869
0.52729,46,-0.48869
0.52682,46,-0.48869
0.52636,46,-0.48869
0.52589,46,-0.48869
0.52543,46,-0.48869
0.52496,46,-0.48869
0.5245,46,-0.48869
0.52403,46,-0.48869
0.52357,46,-0.48869
0.5231,46,-0.48869
0.52264,46,-0.48869
0.52218,46,-0.48869
0.52172,46,-0.48869
0.52125,46,-0.48869
0.52079,46,-0.48869
0.52033,46,-0.48869
0.51987,46,-0.48869
0.51941,46,-0.48869
0.51895,46,-0.48869
0.51849,46,-0.48869
0.51803,46,-0.48869
0.51757,46,-0.48869
0.51712,46,-0.48869
0.51666,46,-0.48869
0.5162,46,-0.48869
0.51574,46,-0.48869
0.51529,46,-0.48869
0.51483,46,-0.48869
0.51438,46,-0.48869
0.51392,46,-0.48869
0.51347,46,-0.48869
0.51301,46,-0.48869
0.51256,46,-0.48869
0.5121,46,-0.48869
0.51165,46,-0.48869
0.5112,46,-0.48869
0.51074,46,-0.48869
0.51029,46,-0.48869
0.50984,46,-0.48869
0.50939,46,-0.48869
0.50894,46,-0.48869
0.50849,46,-0.48869
0.50804,46,-0.48869
0.50759,46,-0.48869
0.50714,46,-0.48869
0.50669,46,-0.48869
0.50624,46,-0.48869
0.50579,46,-0.48869
0.50535,46,-0.48869
0.5049,46,-0.48869
0.50445,46,-0.48869
0.504,46,-0.48869
0.50356,46,-0.48869
0.50311,46,-0.48869
0.50267,46,-0.48869
0.50222,46,-0.48869
0.50178,46,-0.48869
0.50133,46,-0.48869
0.50089,46,-0.48869
0.50045,46,-0.48869
0.5,46,-0.48869
0.49956,46,-0.48869
0.49912,46,-0.48869
0.49868,46,-0.48869
0.49824,46,-0.48869
0.49779,46,-0.48869
0.49735,46,-0.48869
0.49691,46,-0.48869
0.49647,46,-0.48869
0.49603,46,-0.48869
0.49559,46,-0.48869
0.49516,46,-0.48869
0.49472,46,-0.48869
0.49428,46,-0.48869
0.49384,46,-0.48869
0.49341,46,-0.48869
0.49297,46,-0.48869
0.49253,46,-0.48869
0.4921,46,-0.48869
0.49166,46,-0.48869
0.49122,46,-0.48869
0.49079,46,-0.48869
0.49036,46,-0.48869
0.48992,46,-0.48869
0.48949,46,-0.48869
0.48905,46,-0.48869
0.48862,46,-0.48869
0.48819,46,-0.48869
0.48776,46,-0.48869
0.48732,46,-0.48869
0.48689,46,-0.48869
0.48646,46,-0.48869
0.48603,46,-0.48869
0.4856,46,-0.48869
0.48517,46,-0.48869
0.48474,46,-0.48869
0.48431,46,-0.48869
0.48388,46,-0.48869
0.48346,46,-0.48869
0.48303,46,-0.48869
0.4826,46,-0.48869
0.48217,46,-0.48869
0.48175,46,-0.48869
0.48132,46,-0.48869
0.48089,46,-0.48869
0.48047,46,-0.48869
0.48004,46,-0.48869
0.47962,46,-0.48869
0.47919,46,-0.48869
0.47877,46,-0.48869
0.47835,46,-0.48869
0.47792,46,-0.48869
0.4775,46,-0.48869
0.47708,46,-0.48869
0.47665,46,-0.48869
0.47623,46,-0.48869
0.47581,46,-0.48869
0.47539,46,-0.48869
0.47497,46,-0.48869
0.47455,46,-0.48869
0.47413,46,-0.48869
0.47371,46,-0.48869
0.47329,46,-0.48869
0.47287,46,-0.48869
0.47245,46,-0.48869
0.47203,46,-0.48869
0.47161,46,-0.48869
0.4712,46,-0.48869
0.47078,46,-0.48869
0.47036,46,-0.48869
0.46995,46,-0.48869
0.46953,46,-0.48869
0.46912,46,-0.48869
0.4687,46,-0.48869
0.46829,46,-0.48869
0.46787,46,-0.48869
0.46746,46,-0.48869
0.46704,46,-0.48869
0.46663,46,-0.48869
0.46622,46,-0.48869
0.4658,46,-0.48869
0.46539,46,-0.48869
0.46498,46,-0.48869
0.46457,46,-0.48869
0.46416,46,-0.48869
0.46375,46,-0.48869
0.46334,46,-0.48869
0.46293,46,-0.48869
0.46252,46,-0.48869
0.46211,46,-0.48869
0.4617,46,-0.48869
0.46129,46,-0.48869
0.46088,46,-0.48869
0.46047,46,-0.48869
0.46006,46,-0.48869
0.45966,46,-0.48869
0.45925,46,-0.48869
0.45884,46,-0.48869
0.45844,46,-0.48869
0.45803,46,-0.48869
0.45763,46,-0.48869
0.45722,46,-0.48869
0.45682,46,-0.48869
0.45641,46,-0.48869
0.45601,46,-0.48869
0.4556,46,-0.48869
0.4552,46,-0.48869
0.4548,46,-0.48869
0.4544,46,-0.48869
0.45399,46,-0.48869
0.45359,46,-0.48869
0.45319,46,-0.48869
0.45279,46,-0.48869
0.45239,46,-0.48869
0.45199,46,-0.48869
0.45159,46,-0.48869
0.45119,46,-0.48869
0.45079,46,-0.48869
0.45039,46,-0.48869
0.44999,46,-0.48869
0.44959,46,-0.48869
0.4492,46,-0.48869
0.4488,46,-0.48869
0.4484,46,-0.48869
0.448,46,-0.48869
0.44761,46,-0.48869
0.44721,46,-0.48869
0.44682,46,-0.48869
0.44642,46,-0.48869
0.44602,46,-0.48869
0.44563,46,-0.48869
0.44524,46,-0.48869
0.44484,46,-0.48869
0.44445,46,-0.48869
0.44405,46,-0.48869
0.44366,46,-0.48869
0.44327,46,-0.48869
0.44288,46,-0.48869
0.44248,46,-0.48869
0.44209,46,-0.48869
0.4417,46,-0.48869
0.44131,46,-0.48869
0.44092,46,-0.48869
0.44053,46,-0.48869
0.44014,46,-0.48869
0.43975,46,-0.48869
0.43936,46,-0.48869
0.43897,46,-0.48869
0.43858,46,-0.48869
0.4382,46,-0.48869
0.43781,46,-0.48869
0.43742,46,-0.48869
0.43703,46,-0.48869
0.43665,46,-0.48869
0.43626,46,-0.48869
0.43588,46,-0.48869
0.43549,46,-0.48869
0.4351,46,-0.48869
0.43472,46,-0.48869
0.43433,46,-0.48869
0.43395,46,-0.48869
0.43357,46,-0.48869
0.43318,46,-0.48869
0.4328,46,-0.48869
0.43242,46,-0.48869
0.43203,46,-0.48869
0.43165,46,-0.48869
0.43127,46,-0.48869
0.43089,46,-0.48869
0.43051,46,-0.48869
0.43013,46,-0.48869
0.42974,46,-0.48869
0.42936,46,-0.48869
0.42898,46,-0.48869
0.42861,46,-0.48869
0.42823,46,-0.48869
0.42785,46,-0.48869
0.42747,46,-0.48869
0.42709,46,-0.48869
0.42671,46,-0.48869
0.42633,46,-0.48869
0.42596,46,-0.48869
0.42558,46,-0.48869
0.4252,46,-0.48869
0.42483,46,-0.48869
0.42445,46,-0.48869
0.42408,46,-0.48869
0.4237,46,-0.48869
0.42333,46,-0.48869
0.42295,46,-0.48869
0.42258,46,-0.48869
0.4222,46,-0.48869
0.42183,46,-0.48869
0.42146,46,-0.48869
0.42108,46,-0.48869
0.42071,46,-0.48869
0.42034,46,-0.48869
0.41997,46,-0.48869
0.4196,46,-0.48869
0.41923,46,-0.48869
0.41885,46,-0.48869
0.41848,46,-0.48869
0.41811,46,-0.48869
0.41774,46,-0.48869
0.41737,46,-0.48869
0.417,46,-0.48869
0.41664,46,-0.48869
0.41627,46,-0.48869
0.4159,46,-0.48869
0.41553,46,-0.48869
0.41516,46,-0.48869
0.4148,46,-0.48869
0.41443,46,-0.48869
0.41406,46,-0.48869
0.4137,46,-0.48869
0.41333,46,-0.48869
0.41296,46,-0.48869
0.4126,46,-0.48869
0.41223,46,-0.48869
0.41187,46,-0.48869
0.41151,46,-0.48869
0.41114,46,-0.48869
0.41078,46,-0.48869
0.41041,46,-0.48869
0.41005,46,-0.48869
0.40969,46,-0.48869
0.40933,46,-0.48869
0.40896,46,-0.48869
0.4086,46,-0.48869
0.40824,46,-0.48869
0.40788,46,-0.48869
0.40752,46,-0.48869
0.40716,46,-0.48869
0.4068,46,-0.48869
0.40644,46,-0.48869
0.40608,46,-0.48869
0.40572,46,-0.48869
0.40536,46,-0.48869
0.405,46,-0.48869
0.40464,46,-0.48869
0.40429,46,-0.48869
0.40393,46,-0.48869
0.40357,46,-0.48869
0.40322,46,-0.48869
0.40286,46,-0.48869
0.4025,46,-0.48869
0.40215,46,-0.48869
0.40179,46,-0.48869
0.40144,46,-0.48869
0.40108,46,-0.48869
0.40073,46,-0.48869
0.40037,46,-0.48869
0.40002,46,-0.48869
0.39966,46,-0.48869
0.39931,46,-0.48869
0.39896,46,-0.48869
0.3986,46,-0.48869
0.39825,46,-0.48869
0.3979,46,-0.48869
0.39755,46,-0.48869
0.3972,46,-0.48869
0.39684,46,-0.48869
0.39649,46,-0.48869
0.39614,46,-0.48869
0.39579,46,-0.48869
0.39544,46,-0.48869
0.39509,46,-0.48869
0.39474,46,-0.48869
0.39439,46,-0.48869
0.39405,46,-0.48869
0.3937,46,-0.48869
0.39335,46,-0.48869
0.393,46,-0.48869
0.39265,46,-0.48869
0.39231,46,-0.48869
0.39196,46,-0.48869
0.39161,46,-0.48869
0.39127,46,-0.48869
0.39092,46,-0.48869
0.39057,46,-0.48869
0.39023,46,-0.48869
0.38988,46,-0.48869
0.38954,46,-0.48869
0.3892,46,-0.48869
0.38885,46,-0.48869
0.38851,46,-0.48869
0.38816,46,-0.48869
0.38782,46,-0.48869
0.38748,46,-0.48869
0.38713,46,-0.48869
0.38679,46,-0.48869
0.38645,46,-0.48869
0.38611,46,-0.48869
0.38577,46,-0.48869
0.38543,46,-0.48869
0.38509,46,-0.48869
0.38475,46,-0.48869
0.3844,46,-0.48869
0.38406,46,-0.48869
0.38373,46,-0.48869
0.38339,46,-0.48869
0.38305,46,-0.48869
0.38271,46,-0.48869
0.38237,46,-0.48869
0.38203,46,-0.48869
0.38169,46,-0.48869
0.38136,46,-0.48869
0.38102,46,-0.48869
0.38068,46,-0.48869
0.38035,46,-0.48869
0.38001,46,-0.48869
0.37967,46,-0.48869
0.37934,46,-0.48869
0.379,46,-0.48869
0.37867,46,-0.48869
0.37833,46,-0.48869
0.378,46,-0.48869
0.37766,46,-0.48869
0.37733,46,-0.48869
0.377,46,-0.48869
0.37666,46,-0.48869
0.37633,46,-0.48869
0.376,46,-0.48869
0.37567,46,-0.48869
0.37533,46,-0.48869
0.375,46,-0.48869
0.37467,46,-0.48869
0.37434,46,-0.48869
0.37401,46,-0.48869
0.37368,46,-0.48869
0.37335,46,-0.48869
0.37302,46,-0.48869
0.37269,46,-0.48869
0.37236,46,-0.48869
0.37203,46,-0.48869
0.3717,46,-0.48869
0.37137,46,-0.48869
0.37104,46,-0.48869
0.37071,46,-0.48869
0.37039,46,-0.48869
0.37006,46,-0.48869
0.36973,46,-0.48869
0.36941,46,-0.48869
0.36908,46,-0.48869
0.36875,46,-0.48869
0.36843,46,-0.48869
0.3681,46,-0.48869
0.36778,46,-0.48869
0.36745,46,-0.48869
0.36713,46,-0.48869
0.3668,46,-0.48869
0.36648,46,-0.48869
0.36615,46,-0.48869
0.36583,46,-0.48869
0.36551,46,-0.48869
0.36518,46,-0.48869
0.36486,46,-0.48869
0.36454,46,-0.48869
0.36422,46,-0.48869
0.36389,46,-0.48869
0.36357,46,-0.48869
0.36325,46,-0.48869
0.36293,46,-0.48869
0.36261,46,-0.48869
0.36229,46,-0.48869
0.36197,46,-0.48869
0.36165,46,-0.48869
0.36133,46,-0.48869
0.36101,46,-0.48869
0.36069,46,-0.48869
0.36037,46,-0.48869
0.36005,46,-0.48869
0.35973,46,-0.48869
0.35942,46,-0.48869
0.3591,46,-0.48869
0.35878,46,-0.48869
0.35846,46,-0.48869
0.35815,46,-0.48869
0.35783,46,-0.48869
0.35751,46,-0.48869
0.3572,46,-0.48869
0.35688,46,-0.48869
0.35657,46,-0.48869
0.35625,46,-0.48869
0.35594,46,-0.48869
0.35562,46,-0.48869
0.35531,46,-0.48869
0.35499,46,-0.48869
0.35468,46,-0.48869
0.35437,46,-0.48869
0.35405,46,-0.48869
0.35374,46,-0.48869
0.35343,46,-0.48869
0.35312,46,-0.48869
0.3528,46,-0.48869
0.35249,46,-0.48869
0.35218,46,-0.48869
0.35187,46,-0.48869
0.35156,46,-0.48869
0.35125,46,-0.48869
0.35094,46,-0.48869
0.35063,46,-0.48869
0.35032,46,-0.48869
0.35001,46,-0.48869
0.3497,46,-0.48869
0.34939,46,-0.48869
0.34908,46,-0.48869
0.34877,46,-0.48869
0.34846,46,-0.48869
0.34815,46,-0.48869
0.34785,46,-0.48869
0.34754,46,-0.48869
0.34723,46,-0.48869
0.34693,46,-0.48869
0.34662,46,-0.48869
0.34631,46,-0.48869
0.34601,46,-0.48869
0.3457,46,-0.48869
0.3454,46,-0.48869
0.34509,46,-0.48869
0.34478,46,-0.48869
0.34448,46,-0.48869
0.34418,46,-0.48869
0.34387,46,-0.48869
0.34357,46,-0.48869
0.34326,46,-0.48869
0.34296,46,-0.48869
0.34266,46,-0.48869
0.34235,46,-0.48869
0.34205,46,-0.48869
0.34175,46,-0.48869
0.34145,46,-0.48869
0.34115,46,-0.48869
0.34084,46,-0.48869
0.34054,46,-0.48869
0.34024,46,-0.48869
0.33994,46,-0.48869
0.33964,46,-0.48869
0.33934,46,-0.48869
0.33904,46,-0.48869
0.33874,46,-0.48869
0.33844,46,-0.48869
0.33814,46,-0.48869
0.33784,46,-0.48869
0.33755,46,-0.48869
0.33725,46,-0.48869
0.33695,46,-0.48869
0.33665,46,-0.48869
0.33635,46,-0.48869
0.33606,46,-0.48869
0.33576,46,-0.48869
0.33546,46,-0.48869
0.33517,46,-0.48869
0.33487,46,-0.48869
0.33457,46,-0.48869
0.33428,46,-0.48869
0.33398,46,-0.48869
0.33369,46,-0.48869
0.33339,46,-0.48869
0.3331,46,-0.48869
0.3328,46,-0.48869
0.33251,46,-0.48869
0.33222,46,-0.48869
0.33192,46,-0.48869
0.33163,46,-0.48869
0.33134,46,-0.48869
0.33104,46,-0.48869
0.33075,46,-0.48869
0.33046,46,-0.48869
0.33017,46,-0.48869
0.32987,46,-0.48869
0.32958,46,-0.48869
0.32929,46,-0.48869
0.329,46,-0.48869
0.32871,46,-0.48869
0.32842,46,-0.48869
0.32813,46,-0.48869
0.32784,46,-0.48869
0.32755,46,-0.48869
0.32726,46,-0.48869
0.32697,46,-0.48869
0.32668,46,-0.48869
0.32639,46,-0.48869
0.3261,46,-0.48869
0.32582,46,-0.48869
0.32553,46,-0.48869
0.32524,46,-0.48869
0.32495,46,-0.48869
0.32467,46,-0.48869
0.32438,46,-0.48869
0.32409,46,-0.48869
0.32381,46,-0.48869
0.32352,46,-0.48869
0.32323,46,-0.48869
0.32295,46,-0.48869
0.32266,46,-0.48869
0.32238,46,-0.48869
0.32209,46,-0.48869
0.32181,46,-0.48869
0.32152,46,-0.48869
0.32124,46,-0.48869
0.32095,46,-0.48869
0.32067,46,-0.48869
0.32039,46,-0.48869
0.3201,46,-0.48869
0.31982,46,-0.48869
0.31954,46,-0.48869
0.31926,46,-0.48869
0.31897,46,-0.48869
0.31869,46,-0.48869
0.31841,46,-0.48869
0.31813,46,-0.48869
0.31785,46,-0.48869
0.31757,46,-0.48869
0.31729,46,-0.48869
0.31701,46,-0.48869
0.31673,46,-0.48869
0.31645,46,-0.48869
0.31617,46,-0.48869
0.31589,46,-0.48869
0.31561,46,-0.48869
0.31533,46,-0.48869
0.31505,46,-0.48869
0.31477,46,-0.48869
0.31449,46,-0.48869
0.31422,46,-0.48869
0.31394,46,-0.48869
0.31366,46,-0.48869
0.31338,46,-0.48869
0.31311,46,-0.48869
0.31283,46,-0.48869
0.31255,46,-0.48869
0.31228,46,-0.48869
0.312,46,-0.48869
0.31172,46,-0.48869
0.31145,46,-0.48869
0.31117,46,-0.48869
0.3109,46,-0.48869
0.31062,46,-0.48869
0.31035,46,-0.48869
0.31008,46,-0.48869
0.3098,46,-0.48869
0.30953,46,-0.48869
0.30925,46,-0.48869
0.30898,46,-0.48869
0.30871,46,-0.48869
0.30843,46,-0.48869
0.30816,46,-0.48869
0.30789,46,-0.48869
0.30762,46,-0.48869
0.30735,46,-0.48869
0.30707,46,-0.48869
0.3068,46,-0.48869
0.30653,46,-0.48869
0.30626,46,-0.48869
0.30599,46,-0.48869
0.30572,46,-0.48869
0.30545,46,-0.48869
0.30518,46,-0.48869
0.30491,46,-0.48869
0.30464,46,-0.48869
0.30437,46,-0.48869
0.3041,46,-0.48869
0.30383,46,-0.48869
0.30356,46,-0.48869
0.3033,46,-0.48869
0.30303,46,-0.48869
0.30276,46,-0.48869
0.30249,46,-0.48869
0.30222,46,-0.48869
0.30196,46,-0.48869
0.30169,46,-0.48869
0.30142,46,-0.48869
0.30116,46,-0.48869
0.30089,46,-0.48869
0.30063,46,-0.48869
0.30036,46,-0.48869
0.30009,46,-0.48869
0.29983,46,-0.48869
0.29956,46,-0.48869
0.2993,46,-0.48869
0.29903,46,-0.48869
0.29877,46,-0.48869
0.29851,46,-0.48869
0.29824,46,-0.48869
0.29798,46,-0.48869
0.29772,46,-0.48869
0.29745,46,-0.48869
0.29719,46,-0.48869
0.29693,46,-0.48869
0.29666,46,-0.48869
0.2964,46,-0.48869
0.29614,46,-0.48869
0.29588,46,-0.48869
0.29562,46,-0.48869
0.29535,46,-0.48869
0.29509,46,-0.48869
0.29483,46,-0.48869
0.29457,46,-0.48869
0.29431,46,-0.48869
0.29405,46,-0.48869
0.29379,46,-0.48869
0.29353,46,-0.48869
0.29327,46,-0.48869
0.29301,46,-0.48869
0.29275,46,-0.48869
0.2925,46,-0.48869
0.29224,46,-0.48869
0.29198,46,-0.48869
0.29172,46,-0.48869
0.29146,46,-0.48869
0.29121,46,-0.48869
0.29095,46,-0.48869
0.29069,46,-0.48869
0.29043,46,-0.48869
0.29018,46,-0.48869
0.28992,46,-0.48869
0.28966,46,-0.48869
0.28941,46,-0.48869
0.28915,46,-0.48869
0.2889,46,-0.48869
0.28864,46,-0.48869
0.28839,46,-0.48869
0.28813,46,-0.48869
0.28788,46,-0.48869
0.28762,46,-0.48869
0.28737,46,-0.48869
0.28711,46,-0.48869
0.28686,46,-0.48869
0.28661,46,-0.48869
0.28635,46,-0.48869
0.2861,46,-0.48869
0.28585,46,-0.48869
0.28559,46,-0.48869
0.28534,46,-0.48869
0.28509,46,-0.48869
0.28484,46,-0.48869
0.28459,46,-0.48869
0.28433,46,-0.48869
0.28408,46,-0.48869
0.28383,46,-0.48869
0.28358,46,-0.48869
0.28333,46,-0.48869
0.28308,46,-0.48869
0.28283,46,-0.48869
0.28258,46,-0.48869
0.28233,46,-0.48869
0.28208,46,-0.48869
0.28183,46,-0.48869
0.28158,46,-0.48869
0.28133,46,-0.48869
0.28108,46,-0.48869
0.28083,46,-0.48869
0.28059,46,-0.48869
0.28034,46,-0.48869
0.28009,46,-0.48869
0.27984,46,-0.48869
0.2796,46,-0.48869
0.27935,46,-0.48869
0.2791,46,-0.48869
0.27885,46,-0.48869
0.27861,46,-0.48869
0.27836,46,-0.48869
0.27812,46,-0.48869
0.27787,46,-0.48869
0.27762,46,-0.48869
0.27738,46,-0.48869
0.27713,46,-0.48869
0.27689,46,-0.48869
0.27664,46,-0.48869
0.2764,46,-0.48869
0.27615,46,-0.48869
0.27591,46,-0.48869
0.27567,46,-0.48869
0.27542,46,-0.48869
0.27518,46,-0.48869
0.27494,46,-0.48869
0.27469,46,-0.48869
0.27445,46,-0.48869
0.27421,46,-0.48869
0.27396,46,-0.48869
0.27372,46,-0.48869
0.27348,46,-0.48869
0.27324,46,-0.48869
0.273,46,-0.48869
0.27276,46,-0.48869
0.27251,46,-0.48869
0.27227,46,-0.48869
0.27203,46,-0.48869
0.27179,46,-0.48869
0.27155,46,-0.48869
0.27131,46,-0.48869
0.27107,46,-0.48869
0.27083,46,-0.48869
0.27059,46,-0.48869
0.27035,46,-0.48869
0.27011,46,-0.48869
0.26988,46,-0.48869
0.26964,46,-0.48869
0.2694,46,-0.48869
0.26916,46,-0.48869
0.26892,46,-0.48869
0.26868,46,-0.48869
0.26845,46,-0.48869
0.26821,46,-0.48869
0.26797,46,-0.48869
0.26774,46,-0.48869
0.2675,46,-0.48869
0.26726,46,-0.48869
0.26703,46,-0.48869
0.26679,46,-0.48869
0.26655,46,-0.48869
0.26632,46,-0.48869
0.26608,46,-0.48869
0.26585,46,-0.48869
0.26561,46,-0.48869
0.26538,46,-0.48869
0.26514,46,-0.48869
0.26491,46,-0.48869
0.26467,46,-0.48869
0.26444,46,-0.48869
0.26421,46,-0.48869
0.26397,46,-0.48869
0.26374,46,-0.48869
0.26351,46,-0.48869
0.26327,46,-0.48869
0.26304,46,-0.48869
0.26281,46,-0.48869
0.26258,46,-0.48869
0.26234,46,-0.48869
0.26211,46,-0.48869
0.26188,46,-0.48869
0.26165,46,-0.48869
0.26142,46,-0.48869
0.26119,46,-0.48869
0.26095,46,-0.48869
0.26072,46,-0.48869
0.26049,46,-0.48869
0.26026,46,-0.48869
0.26003,46,-0.48869
0.2598,46,-0.48869
0.25957,46,-0.48869
0.25934,46,-0.48869
0.25911,46,-0.48869
0.25889,46,-0.48869
0.25866,46,-0.48869
0.25843,46,-0.48869
0.2582,46,-0.48869
0.25797,46,-0.48869
0.25774,46,-0.48869
0.25751,46,-0.48869
0.25729,46,-0.48869
0.25706,46,-0.48869
0.25683,46,-0.48869
0.25661,46,-0.48869
0.25638,46,-0.48869
0.25615,46,-0.48869
0.25593,46,-0.48869
0.2557,46,-0.48869
0.25547,46,-0.48869
0.25525,46,-0.48869
0.25502,46,-0.48869
0.2548,46,-0.48869
0.25457,46,-0.48869
0.25435,46,-0.48869
0.25412,46,-0.48869
0.2539,46,-0.48869
0.25367,46,-0.48869
0.25345,46,-0.48869
0.25322,46,-0.48869
0.253,46,-0.48869
0.25277,46,-0.48869
0.25255,46,-0.48869
0.25233,46,-0.48869
0.2521,46,-0.48869
0.25188,46,-0.48869
0.25166,46,-0.48869
0.25144,46,-0.48869
0.25121,46,-0.48869
0.25099,46,-0.48869
0.25077,46,-0.48869
0.25055,46,-0.48869
0.25033,46,-0.48869
0.25011,46,-0.48869
0.24988,46,-0.48869
0.24966,46,-0.48869
0.24944,46,-0.48869
0.24922,46,-0.48869
0.249,46,-0.48869
0.24878,46,-0.48869
0.24856,46,-0.48869
0.24834,46,-0.48869
0.24812,46,-0.48869
0.2479,46,-0.48869
0.24768,46,-0.48869
0.24746,46,-0.48869
0.24725,46,-0.48869
0.24703,46,-0.48869
0.24681,46,-0.48869
0.24659,46,-0.48869
0.24637,46,-0.48869
0.24615,46,-0.48869
0.24594,46,-0.48869
0.24572,46,-0.48869
0.2455,46,-0.48869
0.24529,46,-0.48869
0.24507,46,-0.48869
0.24485,46,-0.48869
0.24463,46,-0.48869
0.24442,46,-0.48869
0.2442,46,-0.48869
0.24399,46,-0.48869
0.24377,46,-0.48869
0.24356,46,-0.48869
0.24334,46,-0.48869
0.24312,46,-0.48869
0.24291,46,-0.48869
0.24269,46,-0.48869
0.24248,46,-0.48869
0.24227,46,-0.48869
0.24205,46,-0.48869
0.24184,46,-0.48869
0.24162,46,-0.48869
0.24141,46,-0.48869
0.2412,46,-0.48869
0.24098,46,-0.48869
0.24077,46,-0.48869
0.24056,46,-0.48869
0.24034,46,-0.48869
0.24013,46,-0.48869
0.23992,46,-0.48869
0.23971,46,-0.48869
0.2395,46,-0.48869
0.23928,46,-0.48869
0.23907,46,-0.48869
0.23886,46,-0.48869
0.23865,46,-0.48869
0.23844,46,-0.48869
0.23823,46,-0.48869
0.23802,46,-0.48869
0.23781,46,-0.48869
0.2376,46,-0.48869
0.23739,46,-0.48869
0.23718,46,-0.48869
0.23697,46,-0.48869
0.23676,46,-0.48869
0.23655,46,-0.48869
0.23634,46,-0.48869
0.23613,46,-0.48869
0.23592,46,-0.48869
0.23571,46,-0.48869
0.2355,46,-0.48869
0.2353,46,-0.48869
0.23509,46,-0.48869
0.23488,46,-0.48869
0.23467,46,-0.48869
0.23446,46,-0.48869
0.23426,46,-0.48869
0.23405,46,-0.48869
0.23384,46,-0.48869
0.23364,46,-0.48869
0.23343,46,-0.48869
0.23322,46,-0.48869
0.23302,46,-0.48869
0.23281,46,-0.48869
0.2326,46,-0.48869
0.2324,46,-0.48869
0.23219,46,-0.48869
0.23199,46,-0.48869
0.23178,46,-0.48869
0.23158,46,-0.48869
0.23137,46,-0.48869
0.23117,46,-0.48869
0.23096,46,-0.48869
0.23076,46,-0.48869
0.23056,46,-0.48869
0.23035,46,-0.48869
0.23015,46,-0.48869
0.22995,46,-0.48869
0.22974,46,-0.48869
0.22954,46,-0.48869
0.22934,46,-0.48869
0.22913,46,-0.48869
0.22893,46,-0.48869
0.22873,46,-0.48869
0.22853,46,-0.48869
0.22832,46,-0.48869
0.22812,46,-0.48869
0.22792,46,-0.48869
0.22772,46,-0.48869
0.22752,46,-0.48869
0.22732,46,-0.48869
0.22711,46,-0.48869
0.22691,46,-0.48869
0.22671,46,-0.48869
0.22651,46,-0.48869
0.22631,46,-0.48869
0.22611,46,-0.48869
0.22591,46,-0.48869
0.22571,46,-0.48869
0.22551,46,-0.48869
0.22531,46,-0.48869
0.22511,46,-0.48869
0.22492,46,-0.48869
0.22472,46,-0.48869
0.22452,46,-0.48869
0.22432,46,-0.48869
0.22412,46,-0.48869
0.22392,46,-0.48869
0.22372,46,-0.48869
0.22353,46,-0.48869
0.22333,46,-0.48869
0.22313,46,-0.48869
0.22293,46,-0.48869
0.22274,46,-0.48869
0.22254,46,-0.48869
0.22234,46,-0.48869
0.22215,46,-0.48869
0.22195,46,-0.48869
0.22175,46,-0.48869
0.22156,46,-0.48869
0.22136,46,-0.48869
0.22117,46,-0.48869
0.22097,46,-0.48869
0.22078,46,-0.48869
0.22058,46,-0.48869
0.22039,46,-0.48869
0.22019,46,-0.48869
0.22,46,-0.48869
0.2198,46,-0.48869
0.21961,46,-0.48869
0.21941,46,-0.48869
0.21922,46,-0.48869
0.21903,46,-0.48869
0.21883,46,-0.48869
0.21864,46,-0.48869
0.21844,46,-0.48869
0.21825,46,-0.48869
0.21806,46,-0.48869
0.21787,46,-0.48869
0.21767,46,-0.48869
0.21748,46,-0.48869
0.21729,46,-0.48869
0.2171,46,-0.48869
0.2169,46,-0.48869
0.21671,46,-0.48869
0.21652,46,-0.48869
0.21633,46,-0.48869
0.21614,46,-0.48869
0.21595,46,-0.48869
0.21576,46,-0.48869
0.21557,46,-0.48869
0.21538,46,-0.48869
0.21518,46,-0.48869
0.21499,46,-0.48869
0.2148,46,-0.48869
0.21461,46,-0.48869
0.21442,46,-0.48869
0.21424,46,-0.48869
0.21405,46,-0.48869
0.21386,46,-0.48869
0.21367,46,-0.48869
0.21348,46,-0.48869
0.21329,46,-0.48869
0.2131,46,-0.48869
0.21291,46,-0.48869
0.21272,46,-0.48869
0.21254,46,-0.48869
0.21235,46,-0.48869
0.21216,46,-0.48869
0.21197,46,-0.48869
0.21179,46,-0.48869
0.2116,46,-0.48869
0.21141,46,-0.48869
0.21122,46,-0.48869
0.21104,46,-0.48869
0.21085,46,-0.48869
0.21066,46,-0.48869
0.21048,46,-0.48869
0.21029,46,-0.48869
0.21011,46,-0.48869
0.20992,46,-0.48869
0.20974,46,-0.48869
0.20955,46,-0.48869
0.20936,46,-0.48869
0.20918,46,-0.48869
0.20899,46,-0.48869
0.20881,46,-0.48869
0.20863,46,-0.48869
0.20844,46,-0.48869
0.20826,46,-0.48869
0.20807,46,-0.48869
0.20789,46,-0.48869
0.2077,46,-0.48869
0.20752,46,-0.48869
0.20734,46,-0.48869
0.20715,46,-0.48869
0.20697,46,-0.48869
0.20679,46,-0.48869
0.20661,46,-0.48869
0.20642,46,-0.48869
0.20624,46,-0.48869
0.20606,46,-0.48869
0.20588,46,-0.48869
0.20569,46,-0.48869
0.20551,46,-0.48869
0.20533,46,-0.48869
0.20515,46,-0.48869
0.20497,46,-0.48869
0.20479,46,-0.48869
0.20461,46,-0.48869
0.20442,46,-0.48869
0.20424,46,-0.48869
0.20406,46,-0.48869
0.20388,46,-0.48869
0.2037,46,-0.48869
0.20352,46,-0.48869
0.20334,46,-0.48869
0.20316,46,-0.48869
0.20298,46,-0.48869
0.2028,46,-0.48869
0.20262,46,-0.48869
0.20245,46,-0.48869
0.20227,46,-0.48869
0.20209,46,-0.48869
0.20191,46,-0.48869
0.20173,46,-0.48869
0.20155,46,-0.48869
0.20137,46,-0.48869
0.2012,46,-0.48869
0.20102,46,-0.48869
0.20084,46,-0.48869
0.20066,46,-0.48869
0.20049,46,-0.48869
0.20031,46,-0.48869
0.20013,46,-0.48869
0.19995,46,-0.48869
0.19978,46,-0.48869
0.1996,46,-0.48869
0.19942,46,-0.48869
0.19925,46,-0.48869
0.19907,46,-0.48869
0.1989,46,-0.48869
0.19872,46,-0.48869
0.19854,46,-0.48869
0.19837,46,-0.48869
0.19819,46,-0.48869
0.19802,46,-0.48869
0.19784,46,-0.48869
0.19767,46,-0.48869
0.19749,46,-0.48869
0.19732,46,-0.48869
0.19714,46,-0.48869
0.19697,46,-0.48869
0.1968,46,-0.48869
0.19662,46,-0.48869
0.19645,46,-0.48869
0.19627,46,-0.48869
0.1961,46,-0.48869
0.19593,46,-0.48869
0.19575,46,-0.48869
0.19558,46,-0.48869
0.19541,46,-0.48869
0.19524,46,-0.48869
0.19506,46,-0.48869
0.19489,46,-0.48869
0.19472,46,-0.48869
0.19455,46,-0.48869
0.19437,46,-0.48869
0.1942,46,-0.48869
0.19403,46,-0.48869
0.19386,46,-0.48869
0.19369,46,-0.48869
0.19352,46,-0.48869
0.19335,46,-0.48869
0.19318,46,-0.48869
0.193,46,-0.48869
0.19283,46,-0.48869
0.19266,46,-0.48869
0.19249,46,-0.48869
0.19232,46,-0.48869
0.19215,46,-0.48869
0.19198,46,-0.48869
0.19181,46,-0.48869
0.19164,46,-0.48869
0.19147,46,-0.48869
0.19131,46,-0.48869
0.19114,46,-0.48869
0.19097,46,-0.48869
0.1908,46,-0.48869
0.19063,46,-0.48869
0.19046,46,-0.48869
0.19029,46,-0.48869
0.19013,46,-0.48869
0.18996,46,-0.48869
0.18979,46,-0.48869
0.18962,46,-0.48869
0.18945,46,-0.48869
0.18929,46,-0.48869
0.18912,46,-0.48869
0.18895,46,-0.48869
0.18878,46,-0.48869
0.18862,46,-0.48869
0.18845,46,-0.48869
0.18828,46,-0.48869
0.18812,46,-0.48869
0.18795,46,-0.48869
0.18779,46,-0.48869
0.18762,46,-0.48869
0.18745,46,-0.48869
0.18729,46,-0.48869
0.18712,46,-0.48869
0.18696,46,-0.48869
0.18679,46,-0.48869
0.18663,46,-0.48869
0.18646,46,-0.48869
0.1863,46,-0.48869
0.18613,46,-0.48869
0.18597,46,-0.48869
0.1858,46,-0.48869
0.18564,46,-0.48869
0.18548,46,-0.48869
0.18531,46,-0.48869
0.18515,46,-0.48869
0.18498,46,-0.48869
0.18482,46,-0.48869
0.18466,46,-0.48869
0.18449,46,-0.48869
0.18433,46,-0.48869
0.18417,46,-0.48869
0.18401,46,-0.48869
0.18384,46,-0.48869
0.18368,46,-0.48869
0.18352,46,-0.48869
0.18336,46,-0.48869
0.18319,46,-0.48869
0.18303,46,-0.48869
0.18287,46,-0.48869
0.18271,46,-0.48869
0.18255,46,-0.48869
0.18239,46,-0.48869
0.18222,46,-0.48869
0.18206,46,-0.48869
0.1819,46,-0.48869
0.18174,46,-0.48869
0.18158,46,-0.48869
0.18142,46,-0.48869
0.18126,46,-0.48869
0.1811,46,-0.48869
0.18094,46,-0.48869
0.18078,46,-0.48869
0.18062,46,-0.48869
0.18046,46,-0.48869
0.1803,46,-0.48869
0.18014,46,-0.48869
0.17998,46,-0.48869
0.17982,46,-0.48869
0.17966,46,-0.48869
0.17951,46,-0.48869
0.17935,46,-0.48869
0.17919,46,-0.48869
0.17903,46,-0.48869
0.17887,46,-0.48869
0.17871,46,-0.48869
0.17856,46,-0.48869
0.1784,46,-0.48869
0.17824,46,-0.48869
0.17808,46,-0.48869
0.17793,46,-0.48869
0.17777,46,-0.48869
0.17761,46,-0.48869
0.17745,46,-0.48869
0.1773,46,-0.48869
0.17714,46,-0.48869
0.17698,46,-0.48869
0.17683,46,-0.48869
0.17667,46,-0.48869
0.17652,46,-0.48869
0.17636,46,-0.48869
0.1762,46,-0.48869
0.17605,46,-0.48869
0.17589,46,-0.48869
0.17574,46,-0.48869
0.17558,46,-0.48869
0.17543,46,-0.48869
0.17527,46,-0.48869
0.17512,46,-0.48869
0.17496,46,-0.48869
0.17481,46,-0.48869
0.17465,46,-0.48869
0.1745,46,-0.48869
0.17434,46,-0.48869
0.17419,46,-0.48869
0.17404,46,-0.48869
0.17388,46,-0.48869
0.17373,46,-0.48869
0.17358,46,-0.48869
0.17342,46,-0.48869
0.17327,46,-0.48869
0.17312,46,-0.48869
0.17296,46,-0.48869
0.17281,46,-0.48869
0.17266,46,-0.48869
0.1725,46,-0.48869
0.17235,46,-0.48869
0.1722,46,-0.48869
0.17205,46,-0.48869
0.1719,46,-0.48869
0.17174,46,-0.48869
0.17159,46,-0.48869
0.17144,46,-0.48869
0.17129,46,-0.48869
0.17114,46,-0.48869
0.17099,46,-0.48869
0.17083,46,-0.48869
0.17068,46,-0.48869
0.17053,46,-0.48869
0.17038,46,-0.48869
0.17023,46,-0.48869
0.17008,46,-0.48869
0.16993,46,-0.48869
0.16978,46,-0.48869
0.16963,46,-0.48869
0.16948,46,-0.48869
0.16933,46,-0.48869
0.16918,46,-0.48869
0.16903,46,-0.48869
0.16888,46,-0.48869
0.16873,46,-0.48869
0.16858,46,-0.48869
0.16843,46,-0.48869
0.16829,46,-0.48869
0.16814,46,-0.48869
0.16799,46,-0.48869
0.16784,46,-0.48869
0.16769,46,-0.48869
0.16754,46,-0.48869
0.1674,46,-0.48869
0.16725,46,-0.48869
0.1671,46,-0.48869
0.16695,46,-0.48869
0.1668,46,-0.48869
0.16666,46,-0.48869
0.16651,46,-0.48869
0.16636,46,-0.48869
0.16622,46,-0.48869
0.16607,46,-0.48869
0.16592,46,-0.48869
0.16578,46,-0.48869
0.16563,46,-0.48869
0.16548,46,-0.48869
0.16534,46,-0.48869
0.16519,46,-0.48869
0.16504,46,-0.48869
0.1649,46,-0.48869
0.16475,46,-0.48869
0.16461,46,-0.48869
0.16446,46,-0.48869
0.16432,46,-0.48869
0.16417,46,-0.48869
0.16403,46,-0.48869
0.16388,46,-0.48869
0.16374,46,-0.48869
0.16359,46,-0.48869
0.16345,46,-0.48869
0.1633,46,-0.48869
0.16316,46,-0.48869
0.16301,46,-0.48869
0.16287,46,-0.48869
0.16273,46,-0.48869
0.16258,46,-0.48869
0.16244,46,-0.48869
0.1623,46,-0.48869
0.16215,46,-0.48869
0.16201,46,-0.48869
0.16187,46,-0.48869
0.16172,46,-0.48869
0.16158,46,-0.48869
0.16144,46,-0.48869
0.16129,46,-0.48869
0.16115,46,-0.48869
0.16101,46,-0.48869
0.16087,46,-0.48869
0.16072,46,-0.48869
0.16058,46,-0.48869
0.16044,46,-0.48869
0.1603,46,-0.48869
0.16016,46,-0.48869
0.16002,46,-0.48869
0.15987,46,-0.48869
0.15973,46,-0.48869
0.15959,46,-0.48869
0.15945,46,-0.48869
0.15931,46,-0.48869
0.15917,46,-0.48869
0.15903,46,-0.48869
0.15889,46,-0.48869
0.15875,46,-0.48869
0.15861,46,-0.48869
0.15847,46,-0.48869
0.15833,46,-0.48869
0.15819,46,-0.48869
0.15805,46,-0.48869
0.15791,46,-0.48869
0.15777,46,-0.48869
0.15763,46,-0.48869
0.15749,46,-0.48869
0.15735,46,-0.48869
0.15721,46,-0.48869
0.15707,46,-0.48869
0.15693,46,-0.48869
0.15679,46,-0.48869
0.15666,46,-0.48869
0.15652,46,-0.48869
0.15638,46,-0.48869
0.15624,46,-0.48869
0.1561,46,-0.48869
0.15597,46,-0.48869
0.15583,46,-0.48869
0.15569,46,-0.48869
0.15555,46,-0.48869
0.15541,46,-0.48869
0.15528,46,-0.48869
0.15514,46,-0.48869
0.155,46,-0.48869
0.15487,46,-0.48869
0.15473,46,-0.48869
0.15459,46,-0.48869
0.15446,46,-0.48869
0.15432,46,-0.48869
0.15418,46,-0.48869
0.15405,46,-0.48869
0.15391,46,-0.48869
0.15377,46,-0.48869
0.15364,46,-0.48869
0.1535,46,-0.48869
0.15337,46,-0.48869
0.15323,46,-0.48869
0.1531,46,-0.48869
0.15296,46,-0.48869
0.15283,46,-0.48869
0.15269,46,-0.48869
0.15256,46,-0.48869
0.15242,46,-0.48869
0.15229,46,-0.48869
0.15215,46,-0.48869
0.15202,46,-0.48869
0.15188,46,-0.48869
0.15175,46,-0.48869
0.15161,46,-0.48869
0.15148,46,-0.48869
0.15135,46,-0.48869
0.15121,46,-0.48869
0.15108,46,-0.48869
0.15095,46,-0.48869
0.15081,46,-0.48869
0.15068,46,-0.48869
0.15055,46,-0.48869
0.15041,46,-0.48869
0.15028,46,-0.48869
0.15015,46,-0.48869
0.15001,46,-0.48869
0.14988,46,-0.48869
0.14975,46,-0.48869
0.14962,46,-0.48869
0.14948,46,-0.48869
0.14935,46,-0.48869
0.14922,46,-0.48869
0.14909,46,-0.48869
0.14896,46,-0.48869
0.14883,46,-0.48869
0.14869,46,-0.48869
0.14856,46,-0.48869
0.14843,46,-0.48869
0.1483,46,-0.48869
0.14817,46,-0.48869
0.14804,46,-0.48869
0.14791,46,-0.48869
0.14778,46,-0.48869
0.14765,46,-0.48869
0.14752,46,-0.48869
0.14738,46,-0.48869
0.14725,46,-0.48869
0.14712,46,-0.48869
0.14699,46,-0.48869
0.14686,46,-0.48869
0.14673,46,-0.48869
0.14661,46,-0.48869
0.14648,46,-0.48869
0.14635,46,-0.48869
0.14622,46,-0.48869
0.14609,46,-0.48869
0.14596,46,-0.48869
0.14583,46,-0.48869
0.1457,46,-0.48869
0.14557,46,-0.48869
0.14544,46,-0.48869
0.14531,46,-0.48869
0.14519,46,-0.48869
0.14506,46,-0.48869
0.14493,46,-0.48869
0.1448,46,-0.48869
0.14467,46,-0.48869
0.14455,46,-0.48869
0.14442,46,-0.48869
0.14429,46,-0.48869
0.14416,46,-0.48869
0.14404,46,-0.48869
0.14391,46,-0.48869
0.14378,46,-0.48869
0.14365,46,-0.48869
0.14353,46,-0.48869
0.1434,46,-0.48869
0.14327,46,-0.48869
0.14315,46,-0.48869
0.14302,46,-0.48869
0.14289,46,-0.48869
0.14277,46,-0.48869
0.14264,46,-0.48869
0.14252,46,-0.48869
0.14239,46,-0.48869
0.14226,46,-0.48869
0.14214,46,-0.48869
0.14201,46,-0.48869
0.14189,46,-0.48869
0.14176,46,-0.48869
0.14164,46,-0.48869
0.14151,46,-0.48869
0.14139,46,-0.48869
0.14126,46,-0.48869
0.14114,46,-0.48869
0.14101,46,-0.48869
0.14089,46,-0.48869
0.14076,46,-0.48869
0.14064,46,-0.48869
0.14051,46,-0.48869
0.14039,46,-0.48869
0.14027,46,-0.48869
0.14014,46,-0.48869
0.14002,46,-0.48869
0.13989,46,-0.48869
0.13977,46,-0.48869
0.13965,46,-0.48869
0.13952,46,-0.48869
0.1394,46,-0.48869
0.13928,46,-0.48869
0.13915,46,-0.48869
0.13903,46,-0.48869
0.13891,46,-0.48869
0.13878,46,-0.48869
0.13866,46,-0.48869
0.13854,46,-0.48869
0.13842,46,-0.48869
0.13829,46,-0.48869
0.13817,46,-0.48869
0.13805,46,-0.48869
0.13793,46,-0.48869
0.13781,46,-0.48869
0.13768,46,-0.48869
0.13756,46,-0.48869
0.13744,46,-0.48869
0.13732,46,-0.48869
0.1372,46,-0.48869
0.13708,46,-0.48869
0.13696,46,-0.48869
0.13684,46,-0.48869
0.13671,46,-0.48869
0.13659,46,-0.48869
0.13647,46,-0.48869
0.13635,46,-0.48869
0.13623,46,-0.48869
0.13611,46,-0.48869
0.13599,46,-0.48869
0.13587,46,-0.48869
0.13575,46,-0.48869
0.13563,46,-0.48869
0.13551,46,-0.48869
0.13539,46,-0.48869
0.13527,46,-0.48869
0.13515,46,-0.48869
0.13503,46,-0.48869
0.13491,46,-0.48869
0.13479,46,-0.48869
0.13467,46,-0.48869
0.13456,46,-0.48869
0.13444,46,-0.48869
0.13432,46,-0.48869
0.1342,46,-0.48869
0.13408,46,-0.48869
0.13396,46,-0.48869
0.13384,46,-0.48869
0.13373,46,-0.48869
0.13361,46,-0.48869
0.13349,46,-0.48869
0.13337,46,-0.48869
0.13325,46,-0.48869
0.13314,46,-0.48869
0.13302,46,-0.48869
0.1329,46,-0.48869
0.13278,46,-0.48869
0.13267,46,-0.48869
0.13255,46,-0.48869
0.13243,46,-0.48869
0.13231,46,-0.48869
0.1322,46,-0.48869
0.13208,46,-0.48869
0.13196,46,-0.48869
0.13185,46,-0.48869
0.13173,46,-0.48869
0.13161,46,-0.48869
0.1315,46,-0.48869
0.13138,46,-0.48869
0.13127,46,-0.48869
0.13115,46,-0.48869
0.13103,46,-0.48869
0.13092,46,-0.48869
0.1308,46,-0.48869
0.13069,46,-0.48869
0.13057,46,-0.48869
0.13046,46,-0.48869
0.13034,46,-0.48869
0.13022,46,-0.48869
0.13011,46,-0.48869
0.12999,46,-0.48869
0.12988,46,-0.48869
0.12976,46,-0.48869
0.12965,46,-0.48869
0.12954,46,-0.48869
0.12942,46,-0.48869
0.12931,46,-0.48869
0.12919,46,-0.48869
0.12908,46,-0.48869
0.12896,46,-0.48869
0.12885,46,-0.48869
0.12874,46,-0.48869
0.12862,46,-0.48869
0.12851,46,-0.48869
0.1284,46,-0.48869
0.12828,46,-0.48869
0.12817,46,-0.48869
0.12805,46,-0.48869
0.12794,46,-0.48869
0.12783,46,-0.48869
0.12772,46,-0.48869
0.1276,46,-0.48869
0.12749,46,-0.48869
0.12738,46,-0.48869
0.12726,46,-0.48869
0.12715,46,-0.48869
0.12704,46,-0.48869
0.12693,46,-0.48869
0.12682,46,-0.48869
0.1267,46,-0.48869
0.12659,46,-0.48869
0.12648,46,-0.48869
0.12637,46,-0.48869
0.12626,46,-0.48869
0.12614,46,-0.48869
0.12603,46,-0.48869
0.12592,46,-0.48869
0.12581,46,-0.48869
0.1257,46,-0.48869
0.12559,46,-0.48869
0.12548,46,-0.48869
0.12537,46,-0.48869
0.12526,46,-0.48869
0.12514,46,-0.48869
0.12503,46,-0.48869
0.12492,46,-0.48869
0.12481,46,-0.48869
0.1247,46,-0.48869
0.12459,46,-0.48869
0.12448,46,-0.48869
0.12437,46,-0.48869
0.12426,46,-0.48869
0.12415,46,-0.48869
0.12404,46,-0.48869
0.12393,46,-0.48869
0.12382,46,-0.48869
0.12371,46,-0.48869
0.1236,46,-0.48869
0.1235,46,-0.48869
0.12339,46,-0.48869
0.12328,46,-0.48869
0.12317,46,-0.48869
0.12306,46,-0.48869
0.12295,46,-0.48869
0.12284,46,-0.48869
0.12273,46,-0.48869
0.12263,46,-0.48869
0.12252,46,-0.48869
0.12241,46,-0.48869
0.1223,46,-0.48869
0.12219,46,-0.48869
0.12208,46,-0.48869
0.12198,46,-0.48869
0.12187,46,-0.48869
0.12176,46,-0.48869
0.12165,46,-0.48869
0.12155,46,-0.48869
0.12144,46,-0.48869
0.12133,46,-0.48869
0.12122,46,-0.48869
0.12112,46,-0.48869
0.12101,46,-0.48869
0.1209,46,-0.48869
0.1208,46,-0.48869
0.12069,46,-0.48869
0.12058,46,-0.48869
0.12048,46,-0.48869
0.12037,46,-0.48869
0.12026,46,-0.48869
0.12016,46,-0.48869
0.12005,46,-0.48869
0.11994,46,-0.48869
0.11984,46,-0.48869
0.11973,46,-0.48869
0.11963,46,-0.48869
0.11952,46,-0.48869
0.11941,46,-0.48869
0.11931,46,-0.48869
0.1192,46,-0.48869
0.1191,46,-0.48869
0.11899,46,-0.48869
0.11889,46,-0.48869
0.11878,46,-0.48869
0.11868,46,-0.48869
0.11857,46,-0.48869
0.11847,46,-0.48869
0.11836,46,-0.48869
0.11826,46,-0.48869
0.11815,46,-0.48869
0.11805,46,-0.48869
0.11795,46,-0.48869
0.11784,46,-0.48869
0.11774,46,-0.48869
0.11763,46,-0.48869
0.11753,46,-0.48869
0.11743,46,-0.48869
0.11732,46,-0.48869
0.11722,46,-0.48869
0.11711,46,-0.48869
0.11701,46,-0.48869
0.11691,46,-0.48869
0.1168,46,-0.48869
0.1167,46,-0.48869
0.1166,46,-0.48869
0.11649,46,-0.48869
0.11639,46,-0.48869
0.11629,46,-0.48869
0.11619,46,-0.48869
0.11608,46,-0.48869
0.11598,46,-0.48869
0.11588,46,-0.48869
0.11578,46,-0.48869
0.11567,46,-0.48869
0.11557,46,-0.48869
0.11547,46,-0.48869
0.11537,46,-0.48869
0.11527,46,-0.48869
0.11516,46,-0.48869
0.11506,46,-0.48869
0.11496,46,-0.48869
0.11486,46,-0.48869
0.11476,46,-0.48869
0.11466,46,-0.48869
0.11455,46,-0.48869
0.11445,46,-0.48869
0.11435,46,-0.48869
0.11425,46,-0.48869
0.11415,46,-0.48869
0.11405,46,-0.48869
0.11395,46,-0.48869
0.11385,46,-0.48869
0.11375,46,-0.48869
0.11365,46,-0.48869
0.11355,46,-0.48869
0.11345,46,-0.48869
0.11334,46,-0.48869
0.11324,46,-0.48869
0.11314,46,-0.48869
0.11304,46,-0.48869
0.11294,46,-0.48869
0.11284,46,-0.48869
0.11275,46,-0.48869
0.11265,46,-0.48869
0.11255,46,-0.48869
0.11245,46,-0.48869
0.11235,46,-0.48869
0.11225,46,-0.48869
0.11215,46,-0.48869
0.11205,46,-0.48869
0.11195,46,-0.48869
0.11185,46,-0.48869
0.11175,46,-0.48869
0.11165,46,-0.48869
0.11156,46,-0.48869
0.11146,46,-0.48869
0.11136,46,-0.48869
0.11126,46,-0.48869
0.11116,46,-0.48869
0.11106,46,-0.48869
0.11096,46,-0.48869
0.11087,46,-0.48869
0.11077,46,-0.48869
0.11067,46,-0.48869
0.11057,46,-0.48869
0.11048,46,-0.48869
0.11038,46,-0.48869
0.11028,46,-0.48869
0.11018,46,-0.48869
0.11009,46,-0.48869
0.10999,46,-0.48869
0.10989,46,-0.48869
0.10979,46,-0.48869
0.1097,46,-0.48869
0.1096,46,-0.48869
0.1095,46,-0.48869
0.10941,46,-0.48869
0.10931,46,-0.48869
0.10921,46,-0.48869
0.10912,46,-0.48869
0.10902,46,-0.48869
0.10892,46,-0.48869
0.10883,46,-0.48869
0.10873,46,-0.48869
0.10863,46,-0.48869
0.10854,46,-0.48869
0.10844,46,-0.48869
0.10835,46,-0.48869
0.10825,46,-0.48869
0.10816,46,-0.48869
0.10806,46,-0.48869
0.10796,46,-0.48869
0.10787,46,-0.48869
0.10777,46,-0.48869
0.10768,46,-0.48869
0.10758,46,-0.48869
0.10749,46,-0.48869
0.10739,46,-0.48869
0.1073,46,-0.48869
0.1072,46,-0.48869
0.10711,46,-0.48869
0.10701,46,-0.48869
0.10692,46,-0.48869
0.10682,46,-0.48869
0.10673,46,-0.48869
0.10664,46,-0.48869
0.10654,46,-0.48869
0.10645,46,-0.48869
0.10635,46,-0.48869
0.10626,46,-0.48869
0.10617,46,-0.48869
0.10607,46,-0.48869
0.10598,46,-0.48869
0.10588,46,-0.48869
0.10579,46,-0.48869
0.1057,46,-0.48869
0.1056,46,-0.48869
0.10551,46,-0.48869
0.10542,46,-0.48869
0.10532,46,-0.48869
0.10523,46,-0.48869
0.10514,46,-0.48869
0.10505,46,-0.48869
0.10495,46,-0.48869
0.10486,46,-0.48869
0.10477,46,-0.48869
0.10467,46,-0.48869
0.10458,46,-0.48869
0.10449,46,-0.48869
0.1044,46,-0.48869
0.1043,46,-0.48869
0.10421,46,-0.48869
0.10412,46,-0.48869
0.10403,46,-0.48869
0.10394,46,-0.48869
0.10384,46,-0.48869
0.10375,46,-0.48869
0.10366,46,-0.48869
0.10357,46,-0.48869
0.10348,46,-0.48869
0.10339,46,-0.48869
0.1033,46,-0.48869
0.1032,46,-0.48869
0.10311,46,-0.48869
0.10302,46,-0.48869
0.10293,46,-0.48869
0.10284,46,-0.48869
0.10275,46,-0.48869
0.10266,46,-0.48869
0.10257,46,-0.48869
0.10248,46,-0.48869
0.10239,46,-0.48869
0.1023,46,-0.48869
0.10221,46,-0.48869
0.10211,46,-0.48869
0.10202,46,-0.48869
0.10193,46,-0.48869
0.10184,46,-0.48869
0.10175,46,-0.48869
0.10166,46,-0.48869
0.10157,46,-0.48869
0.10148,46,-0.48869
0.1014,46,-0.48869
0.10131,46,-0.48869
0.10122,46,-0.48869
0.10113,46,-0.48869
0.10104,46,-0.48869
0.10095,46,-0.48869
0.10086,46,-0.48869
0.10077,46,-0.48869
0.10068,46,-0.48869
0.10059,46,-0.48869
0.1005,46,-0.48869
0.10041,46,-0.48869
0.10033,46,-0.48869
0.10024,46,-0.48869
0.10015,46,-0.48869
0.10006,46,-0.48869
0.099971,46,-0.48869
0.099883,46,-0.48869
0.099794,46,-0.48869
0.099706,46,-0.48869
0.099618,46,-0.48869
0.09953,46,-0.48869
0.099442,46,-0.48869
0.099354,46,-0.48869
0.099266,46,-0.48869
0.099179,46,-0.48869
0.099091,46,-0.48869
0.099003,46,-0.48869
0.098916,46,-0.48869
0.098828,46,-0.48869
0.098741,46,-0.48869
0.098654,46,-0.48869
0.098567,46,-0.48869
0.09848,46,-0.48869
0.098392,46,-0.48869
0.098306,46,-0.48869
0.098219,46,-0.48869
0.098132,46,-0.48869
0.098045,46,-0.48869
0.097958,46,-0.48869
0.097872,46,-0.48869
0.097785,46,-0.48869
0.097699,46,-0.48869
0.097613,46,-0.48869
0.097526,46,-0.48869
0.09744,46,-0.48869
0.097354,46,-0.48869
0.097268,46,-0.48869
0.097182,46,-0.48869
0.097096,46,-0.48869
0.09701,46,-0.48869
0.096925,46,-0.48869
0.096839,46,-0.48869
0.096753,46,-0.48869
0.096668,46,-0.48869
0.096583,46,-0.48869
0.096497,46,-0.48869
0.096412,46,-0.48869
0.096327,46,-0.48869
0.096242,46,-0.48869
0.096157,46,-0.48869
0.096072,46,-0.48869
0.095987,46,-0.48869
0.095902,46,-0.48869
0.095817,46,-0.48869
0.095732,46,-0.48869
0.095648,46,-0.48869
0.095563,46,-0.48869
0.095479,46,-0.48869
0.095394,46,-0.48869
0.09531,46,-0.48869
0.095226,46,-0.48869
0.095142,46,-0.48869
0.095058,46,-0.48869
0.094974,46,-0.48869
0.09489,46,-0.48869
0.094806,46,-0.48869
0.094722,46,-0.48869
0.094638,46,-0.48869
0.094555,46,-0.48869
0.094471,46,-0.48869
0.094388,46,-0.48869
0.094304,46,-0.48869
0.094221,46,-0.48869
0.094138,46,-0.48869
0.094055,46,-0.48869
0.093971,46,-0.48869
0.093888,46,-0.48869
0.093805,46,-0.48869
0.093722,46,-0.48869
0.09364,46,-0.48869
0.093557,46,-0.48869
0.093474,46,-0.48869
0.093392,46,-0.48869
0.093309,46,-0.48869
0.093227,46,-0.48869
0.093144,46,-0.48869
0.093062,46,-0.48869
0.09298,46,-0.48869
0.092898,46,-0.48869
0.092815,46,-0.48869
0.092733,46,-0.48869
0.092651,46,-0.48869
0.09257,46,-0.48869
0.092488,46,-0.48869
0.092406,46,-0.48869
0.092324,46,-0.48869
0.092243,46,-0.48869
0.092161,46,-0.48869
0.09208,46,-0.48869
0.091999,46,-0.48869
0.091917,46,-0.48869
0.091836,46,-0.48869
0.091755,46,-0.48869
0.091674,46,-0.48869
0.091593,46,-0.48869
0.091512,46,-0.48869
0.091431,46,-0.48869
0.09135,46,-0.48869
0.091269,46,-0.48869
0.091189,46,-0.48869
0.091108,46,-0.48869
0.091028,46,-0.48869
0.090947,46,-0.48869
0.090867,46,-0.48869
0.090787,46,-0.48869
0.090706,46,-0.48869
0.090626,46,-0.48869
0.090546,46,-0.48869
0.090466,46,-0.48869
0.090386,46,-0.48869
0.090306,46,-0.48869
0.090226,46,-0.48869
0.090147,46,-0.48869
0.090067,46,-0.48869
0.089987,46,-0.48869
0.089908,46,-0.48869
0.089829,46,-0.48869
0.089749,46,-0.48869
0.08967,46,-0.48869
0.089591,46,-0.48869
0.089511,46,-0.48869
0.089432,46,-0.48869
0.089353,46,-0.48869
0.089274,46,-0.48869
0.089195,46,-0.48869
0.089117,46,-0.48869
0.089038,46,-0.48869
0.088959,46,-0.48869
0.088881,46,-0.48869
0.088802,46,-0.48869
0.088724,46,-0.48869
0.088645,46,-0.48869
0.088567,46,-0.48869
0.088489,46,-0.48869
0.08841,46,-0.48869
0.088332,46,-0.48869
0.088254,46,-0.48869
0.088176,46,-0.48869
0.088098,46,-0.48869
0.08802,46,-0.48869
0.087943,46,-0.48869
0.087865,46,-0.48869
0.087787,46,-0.48869
0.08771,46,-0.48869
0.087632,46,-0.48869
0.087555,46,-0.48869
0.087477,46,-0.48869
0.0874,46,-0.48869
0.087323,46,-0.48869
0.087246,46,-0.48869
0.087169,46,-0.48869
0.087092,46,-0.48869
0.087015,46,-0.48869
0.086938,46,-0.48869
0.086861,46,-0.48869
0.086784,46,-0.48869
0.086707,46,-0.48869
0.086631,46,-0.48869
0.086554,46,-0.48869
0.086478,46,-0.48869
0.086401,46,-0.48869
0.086325,46,-0.48869
0.086249,46,-0.48869
0.086173,46,-0.48869
0.086096,46,-0.48869
0.08602,46,-0.48869
0.085944,46,-0.48869
0.085868,46,-0.48869
0.085792,46,-0.48869
0.085717,46,-0.48869
0.085641,46,-0.48869
0.085565,46,-0.48869
0.08549,46,-0.48869
0.085414,46,-0.48869
0.085339,46,-0.48869
0.085263,46,-0.48869
0.085188,46,-0.48869
0.085113,46,-0.48869
0.085037,46,-0.48869
0.084962,46,-0.48869
0.084887,46,-0.48869
0.084812,46,-0.48869
0.084737,46,-0.48869
0.084662,46,-0.48869
0.084588,46,-0.48869
0.084513,46,-0.48869
0.084438,46,-0.48869
0.084363,46,-0.48869
0.084289,46,-0.48869
0.084214,46,-0.48869
0.08414,46,-0.48869
0.084066,46,-0.48869
0.083991,46,-0.48869
0.083917,46,-0.48869
0.083843,46,-0.48869
0.083769,46,-0.48869
0.083695,46,-0.48869
0.083621,46,-0.48869
0.083547,46,-0.48869
0.083473,46,-0.48869
0.083399,46,-0.48869
0.083326,46,-0.48869
0.083252,46,-0.48869
0.083179,46,-0.48869
0.083105,46,-0.48869
0.083032,46,-0.48869
0.082958,46,-0.48869
0.082885,46,-0.48869
0.082812,46,-0.48869
0.082739,46,-0.48869
0.082665,46,-0.48869
0.082592,46,-0.48869
0.082519,46,-0.48869
0.082446,46,-0.48869
0.082374,46,-0.48869
0.082301,46,-0.48869
0.082228,46,-0.48869
0.082155,46,-0.48869
0.082083,46,-0.48869
0.08201,46,-0.48869
0.081938,46,-0.48869
0.081865,46,-0.48869
0.081793,46,-0.48869
0.081721,46,-0.48869
0.081649,46,-0.48869
0.081576,46,-0.48869
0.081504,46,-0.48869
0.081432,46,-0.48869
0.08136,46,-0.48869
0.081289,46,-0.48869
0.081217,46,-0.48869
0.081145,46,-0.48869
0.081073,46,-0.48869
0.081002,46,-0.48869
0.08093,46,-0.48869
0.080859,46,-0.48869
0.080787,46,-0.48869
0.080716,46,-0.48869
0.080644,46,-0.48869
0.080573,46,-0.48869
0.080502,46,-0.48869
0.080431,46,-0.48869
0.08036,46,-0.48869
0.080289,46,-0.48869
0.080218,46,-0.48869
0.080147,46,-0.48869
0.080076,46,-0.48869
0.080005,46,-0.48869
0.079935,46,-0.48869
0.079864,46,-0.48869
0.079793,46,-0.48869
0.079723,46,-0.48869
0.079652,46,-0.48869
0.079582,46,-0.48869
0.079512,46,-0.48869
0.079441,46,-0.48869
0.079371,46,-0.48869
0.079301,46,-0.48869
0.079231,46,-0.48869
0.079161,46,-0.48869
0.079091,46,-0.48869
0.079021,46,-0.48869
0.078951,46,-0.48869
0.078882,46,-0.48869
0.078812,46,-0.48869
0.078742,46,-0.48869
0.078673,46,-0.48869
0.078603,46,-0.48869
0.078534,46,-0.48869
0.078464,46,-0.48869
0.078395,46,-0.48869
0.078326,46,-0.48869
0.078256,46,-0.48869
0.078187,46,-0.48869
0.078118,46,-0.48869
0.078049,46,-0.48869
0.07798,46,-0.48869
0.077911,46,-0.48869
0.077842,46,-0.48869
0.077774,46,-0.48869
0.077705,46,-0.48869
0.077636,46,-0.48869
0.077568,46,-0.48869
0.077499,46,-0.48869
0.077431,46,-0.48869
0.077362,46,-0.48869
0.077294,46,-0.48869
0.077226,46,-0.48869
0.077157,46,-0.48869
0.077089,46,-0.48869
0.077021,46,-0.48869
0.076953,46,-0.48869
0.076885,46,-0.48869
0.076817,46,-0.48869
0.076749,46,-0.48869
0.076681,46,-0.48869
0.076614,46,-0.48869
0.076546,46,-0.48869
0.076478,46,-0.48869
0.076411,46,-0.48869
0.076343,46,-0.48869
0.076276,46,-0.48869
0.076208,46,-0.48869
0.076141,46,-0.48869
0.076074,46,-0.48869
0.076006,46,-0.48869
0.075939,46,-0.48869
0.075872,46,-0.48869
0.075805,46,-0.48869
0.075738,46,-0.48869
0.075671,46,-0.48869
0.075604,46,-0.48869
0.075538,46,-0.48869
0.075471,46,-0.48869
0.075404,46,-0.48869
0.075338,46,-0.48869
0.075271,46,-0.48869
0.075204,46,-0.48869
0.075138,46,-0.48869
0.075072,46,-0.48869
0.075005,46,-0.48869
0.074939,46,-0.48869
0.074873,46,-0.48869
0.074807,46,-0.48869
0.074741,46,-0.48869
0.074674,46,-0.48869
0.074608,46,-0.48869
0.074543,46,-0.48869
0.074477,46,-0.48869
0.074411,46,-0.48869
0.074345,46,-0.48869
0.074279,46,-0.48869
0.074214,46,-0.48869
0.074148,46,-0.48869
0.074083,46,-0.48869
0.074017,46,-0.48869
0.073952,46,-0.48869
0.073886,46,-0.48869
0.073821,46,-0.48869
0.073756,46,-0.48869
0.073691,46,-0.48869
0.073626,46,-0.48869
0.073561,46,-0.48869
0.073496,46,-0.48869
0.073431,46,-0.48869
0.073366,46,-0.48869
0.073301,46,-0.48869
0.073236,46,-0.48869
0.073171,46,-0.48869
0.073107,46,-0.48869
0.073042,46,-0.48869
0.072978,46,-0.48869
0.072913,46,-0.48869
0.072849,46,-0.48869
0.072784,46,-0.48869
0.07272,46,-0.48869
0.072656,46,-0.48869
0.072592,46,-0.48869
0.072527,46,-0.48869
0.072463,46,-0.48869
0.072399,46,-0.48869
0.072335,46,-0.48869
0.072271,46,-0.48869
0.072208,46,-0.48869
0.072144,46,-0.48869
0.07208,46,-0.48869
0.072016,46,-0.48869
0.071953,46,-0.48869
0.071889,46,-0.48869
0.071826,46,-0.48869
0.071762,46,-0.48869
0.071699,46,-0.48869
0.071635,46,-0.48869
0.071572,46,-0.48869
0.071509,46,-0.48869
0.071446,46,-0.48869
0.071382,46,-0.48869
0.071319,46,-0.48869
0.071256,46,-0.48869
0.071193,46,-0.48869
0.07113,46,-0.48869
0.071068,46,-0.48869
0.071005,46,-0.48869
0.070942,46,-0.48869
0.070879,46,-0.48869
0.070817,46,-0.48869
0.070754,46,-0.48869
0.070692,46,-0.48869
0.070629,46,-0.48869
0.070567,46,-0.48869
0.070504,46,-0.48869
0.070442,46,-0.48869
0.07038,46,-0.48869
0.070318,46,-0.48869
0.070256,46,-0.48869
0.070193,46,-0.48869
0.070131,46,-0.48869
0.070069,46,-0.48869
0.070008,46,-0.48869
0.069946,46,-0.48869
0.069884,46,-0.48869
0.069822,46,-0.48869
0.06976,46,-0.48869
0.069699,46,-0.48869
0.069637,46,-0.48869
0.069576,46,-0.48869
0.069514,46,-0.48869
0.069453,46,-0.48869
0.069391,46,-0.48869
0.06933,46,-0.48869
0.069269,46,-0.48869
0.069208,46,-0.48869
0.069146,46,-0.48869
0.069085,46,-0.48869
0.069024,46,-0.48869
0.068963,46,-0.48869
0.068902,46,-0.48869
0.068841,46,-0.48869
0.068781,46,-0.48869
0.06872,46,-0.48869
0.068659,46,-0.48869
0.068598,46,-0.48869
0.068538,46,-0.48869
0.068477,46,-0.48869
0.068417,46,-0.48869
0.068356,46,-0.48869
0.068296,46,-0.48869
0.068236,46,-0.48869
0.068175,46,-0.48869
0.068115,46,-0.48869
0.068055,46,-0.48869
0.067995,46,-0.48869
0.067935,46,-0.48869
0.067875,46,-0.48869
0.067815,46,-0.48869
0.067755,46,-0.48869
0.067695,46,-0.48869
0.067635,46,-0.48869
0.067575,46,-0.48869
0.067516,46,-0.48869
0.067456,46,-0.48869
0.067396,46,-0.48869
0.067337,46,-0.48869
0.067277,46,-0.48869
0.067218,46,-0.48869
0.067158,46,-0.48869
0.067099,46,-0.48869
0.06704,46,-0.48869
0.06698,46,-0.48869
0.066921,46,-0.48869
0.066862,46,-0.48869
0.066803,46,-0.48869
0.066744,46,-0.48869
0.066685,46,-0.48869
0.066626,46,-0.48869
0.066567,46,-0.48869
0.066508,46,-0.48869
0.06645,46,-0.48869
0.066391,46,-0.48869
0.066332,46,-0.48869
0.066274,46,-0.48869
0.066215,46,-0.48869
0.066157,46,-0.48869
0.066098,46,-0.48869
0.06604,46,-0.48869
0.065981,46,-0.48869
0.065923,46,-0.48869
0.065865,46,-0.48869
0.065807,46,-0.48869
0.065748,46,-0.48869
0.06569,46,-0.48869
0.065632,46,-0.48869
0.065574,46,-0.48869
0.065516,46,-0.48869
0.065458,46,-0.48869
0.065401,46,-0.48869
0.065343,46,-0.48869
0.065285,46,-0.48869
0.065227,46,-0.48869
0.06517,46,-0.48869
0.065112,46,-0.48869
0.065055,46,-0.48869
0.064997,46,-0.48869
0.06494,46,-0.48869
0.064882,46,-0.48869
0.064825,46,-0.48869
0.064768,46,-0.48869
0.06471,46,-0.48869
0.064653,46,-0.48869
0.064596,46,-0.48869
0.064539,46,-0.48869
0.064482,46,-0.48869
0.064425,46,-0.48869
0.064368,46,-0.48869
0.064311,46,-0.48869
0.064254,46,-0.48869
0.064198,46,-0.48869
0.064141,46,-0.48869
0.064084,46,-0.48869
0.064028,46,-0.48869
0.063971,46,-0.48869
0.063914,46,-0.48869
0.063858,46,-0.48869
0.063802,46,-0.48869
0.063745,46,-0.48869
0.063689,46,-0.48869
0.063633,46,-0.48869
0.063576,46,-0.48869
0.06352,46,-0.48869
0.063464,46,-0.48869
0.063408,46,-0.48869
0.063352,46,-0.48869
0.063296,46,-0.48869
0.06324,46,-0.48869
0.063184,46,-0.48869
0.063128,46,-0.48869
0.063073,46,-0.48869
0.063017,46,-0.48869
0.062961,46,-0.48869
0.062905,46,-0.48869
0.06285,46,-0.48869
0.062794,46,-0.48869
0.062739,46,-0.48869
0.062683,46,-0.48869
0.062628,46,-0.48869
0.062573,46,-0.48869
0.062517,46,-0.48869
0.062462,46,-0.48869
0.062407,46,-0.48869
0.062352,46,-0.48869
0.062297,46,-0.48869
0.062242,46,-0.48869
0.062187,46,-0.48869
0.062132,46,-0.48869
0.062077,46,-0.48869
0.062022,46,-0.48869
0.061967,46,-0.48869
0.061912,46,-0.48869
0.061858,46,-0.48869
0.061803,46,-0.48869
0.061748,46,-0.48869
0.061694,46,-0.48869
0.061639,46,-0.48869
0.061585,46,-0.48869
0.06153,46,-0.48869
0.061476,46,-0.48869
0.061422,46,-0.48869
0.061367,46,-0.48869
0.061313,46,-0.48869
0.061259,46,-0.48869
0.061205,46,-0.48869
0.061151,46,-0.48869
0.061097,46,-0.48869
0.061043,46,-0.48869
0.060989,46,-0.48869
0.060935,46,-0.48869
0.060881,46,-0.48869
0.060827,46,-0.48869
0.060774,46,-0.48869
0.06072,46,-0.48869
0.060666,46,-0.48869
0.060613,46,-0.48869
0.060559,46,-0.48869
0.060506,46,-0.48869
0.060452,46,-0.48869
0.060399,46,-0.48869
0.060345,46,-0.48869
0.060292,46,-0.48869
0.060239,46,-0.48869
0.060185,46,-0.48869
0.060132,46,-0.48869
0.060079,46,-0.48869
0.060026,46,-0.48869
0.059973,46,-0.48869
0.05992,46,-0.48869
0.059867,46,-0.48869
0.059814,46,-0.48869
0.059761,46,-0.48869
0.059708,46,-0.48869
0.059656,46,-0.48869
0.059603,46,-0.48869
0.05955,46,-0.48869
0.059498,46,-0.48869
0.059445,46,-0.48869
0.059393,46,-0.48869
0.05934,46,-0.48869
0.059288,46,-0.48869
0.059235,46,-0.48869
0.059183,46,-0.48869
0.059131,46,-0.48869
0.059078,46,-0.48869
0.059026,46,-0.48869
0.058974,46,-0.48869
0.058922,46,-0.48869
0.05887,46,-0.48869
0.058818,46,-0.48869
0.058766,46,-0.48869
0.058714,46,-0.48869
0.058662,46,-0.48869
0.05861,46,-0.48869
0.058558,46,-0.48869
0.058507,46,-0.48869
0.058455,46,-0.48869
0.058403,46,-0.48869
0.058352,46,-0.48869
0.0583,46,-0.48869
0.058249,46,-0.48869
0.058197,46,-0.48869
0.058146,46,-0.48869
0.058094,46,-0.48869
0.058043,46,-0.48869
0.057992,46,-0.48869
0.05794,46,-0.48869
0.057889,46,-0.48869
0.057838,46,-0.48869
0.057787,46,-0.48869
0.057736,46,-0.48869
0.057685,46,-0.48869
0.057634,46,-0.48869
0.057583,46,-0.48869
0.057532,46,-0.48869
0.057481,46,-0.48869
0.05743,46,-0.48869
0.05738,46,-0.48869
0.057329,46,-0.48869
0.057278,46,-0.48869
0.057228,46,-0.48869
0.057177,46,-0.48869
0.057127,46,-0.48869
0.057076,46,-0.48869
0.057026,46,-0.48869
0.056975,46,-0.48869
0.056925,46,-0.48869
0.056875,46,-0.48869
0.056824,46,-0.48869
0.056774,46,-0.48869
0.056724,46,-0.48869
0.056674,46,-0.48869
0.056624,46,-0.48869
0.056574,46,-0.48869
0.056524,46,-0.48869
0.056474,46,-0.48869
0.056424,46,-0.48869
0.056374,46,-0.48869
0.056324,46,-0.48869
0.056274,46,-0.48869
0.056225,46,-0.48869
0.056175,46,-0.48869
0.056125,46,-0.48869
0.056076,46,-0.48869
0.056026,46,-0.48869
0.055977,46,-0.48869
0.055927,46,-0.48869
0.055878,46,-0.48869
0.055829,46,-0.48869
0.055779,46,-0.48869
0.05573,46,-0.48869
0.055681,46,-0.48869
0.055631,46,-0.48869
0.055582,46,-0.48869
0.055533,46,-0.48869
0.055484,46,-0.48869
0.055435,46,-0.48869
0.055386,46,-0.48869
0.055337,46,-0.48869
0.055288,46,-0.48869
0.055239,46,-0.48869
0.055191,46,-0.48869
0.055142,46,-0.48869
0.055093,46,-0.48869
0.055044,46,-0.48869
0.054996,46,-0.48869
0.054947,46,-0.48869
0.054899,46,-0.48869
0.05485,46,-0.48869
0.054802,46,-0.48869
0.054753,46,-0.48869
0.054705,46,-0.48869
0.054656,46,-0.48869
0.054608,46,-0.48869
0.05456,46,-0.48869
0.054512,46,-0.48869
0.054464,46,-0.48869
0.054415,46,-0.48869
0.054367,46,-0.48869
0.054319,46,-0.48869
0.054271,46,-0.48869
0.054223,46,-0.48869
0.054175,46,-0.48869
0.054128,46,-0.48869
0.05408,46,-0.48869
0.054032,46,-0.48869
0.053984,46,-0.48869
0.053936,46,-0.48869
0.053889,46,-0.48869
0.053841,46,-0.48869
0.053794,46,-0.48869
0.053746,46,-0.48869
0.053699,46,-0.48869
0.053651,46,-0.48869
0.053604,46,-0.48869
0.053556,46,-0.48869
0.053509,46,-0.48869
0.053462,46,-0.48869
0.053414,46,-0.48869
0.053367,46,-0.48869
0.05332,46,-0.48869
0.053273,46,-0.48869
0.053226,46,-0.48869
0.053179,46,-0.48869
0.053132,46,-0.48869
0.053085,46,-0.48869
0.053038,46,-0.48869
0.052991,46,-0.48869
0.052944,46,-0.48869
0.052898,46,-0.48869
0.052851,46,-0.48869
0.052804,46,-0.48869
0.052757,46,-0.48869
0.052711,46,-0.48869
0.052664,46,-0.48869
0.052618,46,-0.48869
0.052571,46,-0.48869
0.052525,46,-0.48869
0.052478,46,-0.48869
0.052432,46,-0.48869
0.052386,46,-0.48869
0.052339,46,-0.48869
0.052293,46,-0.48869
0.052247,46,-0.48869
0.052201,46,-0.48869
0.052155,46,-0.48869
0.052109,46,-0.48869
0.052062,46,-0.48869
0.052016,46,-0.48869
0.051971,46,-0.48869
0.051925,46,-0.48869
0.051879,46,-0.48869
0.051833,46,-0.48869
0.051787,46,-0.48869
0.051741,46,-0.48869
0.051696,46,-0.48869
0.05165,46,-0.48869
0.051604,46,-0.48869
0.051559,46,-0.48869
0.051513,46,-0.48869
0.051468,46,-0.48869
0.051422,46,-0.48869
0.051377,46,-0.48869
0.051331,46,-0.48869
0.051286,46,-0.48869
0.051241,46,-0.48869
0.051195,46,-0.48869
0.05115,46,-0.48869
0.051105,46,-0.48869
0.05106,46,-0.48869
0.051015,46,-0.48869
0.05097,46,-0.48869
0.050924,46,-0.48869
0.050879,46,-0.48869
0.050835,46,-0.48869
0.05079,46,-0.48869
0.050745,46,-0.48869
0.0507,46,-0.48869
0.050655,46,-0.48869
0.05061,46,-0.48869
0.050566,46,-0.48869
0.050521,46,-0.48869
0.050476,46,-0.48869
0.050432,46,-0.48869
0.050387,46,-0.48869
0.050343,46,-0.48869
0.050298,46,-0.48869
0.050254,46,-0.48869
0.050209,46,-0.48869
0.050165,46,-0.48869
0.050121,46,-0.48869
0.050076,46,-0.48869
0.050032,46,-0.48869
0.049988,46,-0.48869
0.049944,46,-0.48869
0.0499,46,-0.48869
0.049855,46,-0.48869
0.049811,46,-0.48869
0.049767,46,-0.48869
0.049723,46,-0.48869
0.049679,46,-0.48869
0.049636,46,-0.48869
0.049592,46,-0.48869
0.049548,46,-0.48869
0.049504,46,-0.48869
0.04946,46,-0.48869
0.049417,46,-0.48869
0.049373,46,-0.48869
0.049329,46,-0.48869
0.049286,46,-0.48869
0.049242,46,-0.48869
0.049199,46,-0.48869
0.049155,46,-0.48869
0.049112,46,-0.48869
0.049068,46,-0.48869
0.049025,46,-0.48869
0.048982,46,-0.48869
0.048938,46,-0.48869
0.048895,46,-0.48869
0.048852,46,-0.48869
0.048809,46,-0.48869
0.048766,46,-0.48869
0.048723,46,-0.48869
0.04868,46,-0.48869
0.048637,46,-0.48869
0.048594,46,-0.48869
0.048551,46,-0.48869
0.048508,46,-0.48869
0.048465,46,-0.48869
0.048422,46,-0.48869
0.048379,46,-0.48869
0.048336,46,-0.48869
0.048294,46,-0.48869
0.048251,46,-0.48869
0.048208,46,-0.48869
0.048166,46,-0.48869
0.048123,46,-0.48869
0.048081,46,-0.48869
0.048038,46,-0.48869
0.047996,46,-0.48869
0.047953,46,-0.48869
0.047911,46,-0.48869
0.047869,46,-0.48869
0.047826,46,-0.48869
0.047784,46,-0.48869
0.047742,46,-0.48869
0.0477,46,-0.48869
0.047658,46,-0.48869
0.047615,46,-0.48869
0.047573,46,-0.48869
0.047531,46,-0.48869
0.047489,46,-0.48869
0.047447,46,-0.48869
0.047405,46,-0.48869
0.047364,46,-0.48869
0.047322,46,-0.48869
0.04728,46,-0.48869
0.047238,46,-0.48869
0.047196,46,-0.48869
0.047155,46,-0.48869
0.047113,46,-0.48869
0.047071,46,-0.48869
0.04703,46,-0.48869
0.046988,46,-0.48869
0.046947,46,-0.48869
0.046905,46,-0.48869
0.046864,46,-0.48869
0.046822,46,-0.48869
0.046781,46,-0.48869
0.04674,46,-0.48869
0.046698,46,-0.48869
0.046657,46,-0.48869
0.046616,46,-0.48869
0.046575,46,-0.48869
0.046534,46,-0.48869
0.046492,46,-0.48869
0.046451,46,-0.48869
0.04641,46,-0.48869
0.046369,46,-0.48869
0.046328,46,-0.48869
0.046287,46,-0.48869
0.046246,46,-0.48869
0.046206,46,-0.48869
0.046165,46,-0.48869
0.046124,46,-0.48869
0.046083,46,-0.48869
0.046043,46,-0.48869
0.046002,46,-0.48869
0.045961,46,-0.48869
0.045921,46,-0.48869
0.04588,46,-0.48869
0.045839,46,-0.48869
0.045799,46,-0.48869
0.045759,46,-0.48869
0.045718,46,-0.48869
0.045678,46,-0.48869
0.045637,46,-0.48869
0.045597,46,-0.48869
0.045557,46,-0.48869
0.045516,46,-0.48869
0.045476,46,-0.48869
0.045436,46,-0.48869
0.045396,46,-0.48869
0.045356,46,-0.48869
0.045316,46,-0.48869
0.045276,46,-0.48869
0.045236,46,-0.48869
0.045196,46,-0.48869
0.045156,46,-0.48869
0.045116,46,-0.48869
0.045076,46,-0.48869
0.045036,46,-0.48869
0.044996,46,-0.48869
0.044957,46,-0.48869
0.044917,46,-0.48869
0.044877,46,-0.48869
0.044838,46,-0.48869
0.044798,46,-0.48869
0.044758,46,-0.48869
0.044719,46,-0.48869
0.044679,46,-0.48869
0.04464,46,-0.48869
0.0446,46,-0.48869
0.044561,46,-0.48869
0.044522,46,-0.48869
0.044482,46,-0.48869
0.044443,46,-0.48869
0.044404,46,-0.48869
0.044364,46,-0.48869
0.044325,46,-0.48869
0.044286,46,-0.48869
0.044247,46,-0.48869
0.044208,46,-0.48869
0.044169,46,-0.48869
0.04413,46,-0.48869
0.044091,46,-0.48869
0.044052,46,-0.48869
0.044013,46,-0.48869
0.043974,46,-0.48869
0.043935,46,-0.48869
0.043896,46,-0.48869
0.043858,46,-0.48869
0.043819,46,-0.48869
0.04378,46,-0.48869
0.043741,46,-0.48869
0.043703,46,-0.48869
0.043664,46,-0.48869
0.043625,46,-0.48869
0.043587,46,-0.48869
0.043548,46,-0.48869
0.04351,46,-0.48869
0.043472,46,-0.48869
0.043433,46,-0.48869
0.043395,46,-0.48869
0.043356,46,-0.48869
0.043318,46,-0.48869
0.04328,46,-0.48869
0.043242,46,-0.48869
0.043203,46,-0.48869
0.043165,46,-0.48869
0.043127,46,-0.48869
0.043089,46,-0.48869
0.043051,46,-0.48869
0.043013,46,-0.48869
0.042975,46,-0.48869
0.042937,46,-0.48869
0.042899,46,-0.48869
0.042861,46,-0.48869
0.042823,46,-0.48869
0.042785,46,-0.48869
0.042747,46,-0.48869
0.04271,46,-0.48869
0.042672,46,-0.48869
0.042634,46,-0.48869
0.042597,46,-0.48869
0.042559,46,-0.48869
0.042521,46,-0.48869
0.042484,46,-0.48869
0.042446,46,-0.48869
0.042409,46,-0.48869
0.042371,46,-0.48869
0.042334,46,-0.48869
0.042296,46,-0.48869
0.042259,46,-0.48869
0.042222,46,-0.48869
0.042184,46,-0.48869
0.042147,46,-0.48869
0.04211,46,-0.48869
0.042073,46,-0.48869
0.042035,46,-0.48869
0.041998,46,-0.48869
0.041961,46,-0.48869
0.041924,46,-0.48869
0.041887,46,-0.48869
0.04185,46,-0.48869
0.041813,46,-0.48869
0.041776,46,-0.48869
0.041739,46,-0.48869
0.041702,46,-0.48869
0.041666,46,-0.48869
0.041629,46,-0.48869
0.041592,46,-0.48869
0.041555,46,-0.48869
0.041518,46,-0.48869
0.041482,46,-0.48869
0.041445,46,-0.48869
0.041409,46,-0.48869
0.041372,46,-0.48869
0.041335,46,-0.48869
0.041299,46,-0.48869
0.041262,46,-0.48869
0.041226,46,-0.48869
0.041189,46,-0.48869
0.041153,46,-0.48869
0.041117,46,-0.48869
0.04108,46,-0.48869
0.041044,46,-0.48869
0.041008,46,-0.48869
0.040972,46,-0.48869
0.040935,46,-0.48869
0.040899,46,-0.48869
0.040863,46,-0.48869
0.040827,46,-0.48869
0.040791,46,-0.48869
0.040755,46,-0.48869
0.040719,46,-0.48869
0.040683,46,-0.48869
0.040647,46,-0.48869
0.040611,46,-0.48869
0.040575,46,-0.48869
0.040539,46,-0.48869
0.040503,46,-0.48869
0.040468,46,-0.48869
0.040432,46,-0.48869
0.040396,46,-0.48869
0.04036,46,-0.48869
0.040325,46,-0.48869
0.040289,46,-0.48869
0.040254,46,-0.48869
0.040218,46,-0.48869
0.040182,46,-0.48869
0.040147,46,-0.48869
0.040112,46,-0.48869
0.040076,46,-0.48869
0.040041,46,-0.48869
0.040005,46,-0.48869
0.03997,46,-0.48869
0.039935,46,-0.48869
0.039899,46,-0.48869
0.039864,46,-0.48869
0.039829,46,-0.48869
0.039794,46,-0.48869
0.039758,46,-0.48869
0.039723,46,-0.48869
0.039688,46,-0.48869
0.039653,46,-0.48869
0.039618,46,-0.48869
0.039583,46,-0.48869
0.039548,46,-0.48869
0.039513,46,-0.48869
0.039478,46,-0.48869
0.039443,46,-0.48869
0.039409,46,-0.48869
0.039374,46,-0.48869
0.039339,46,-0.48869
0.039304,46,-0.48869
0.039269,46,-0.48869
0.039235,46,-0.48869
0.0392,46,-0.48869
0.039165,46,-0.48869
0.039131,46,-0.48869
0.039096,46,-0.48869
0.039062,46,-0.48869
0.039027,46,-0.48869
0.038993,46,-0.48869
0.038958,46,-0.48869
0.038924,46,-0.48869
0.038889,46,-0.48869
0.038855,46,-0.48869
0.038821,46,-0.48869
0.038786,46,-0.48869
0.038752,46,-0.48869
0.038718,46,-0.48869
0.038684,46,-0.48869
0.03865,46,-0.48869
0.038615,46,-0.48869
0.038581,46,-0.48869
0.038547,46,-0.48869
0.038513,46,-0.48869
0.038479,46,-0.48869
0.038445,46,-0.48869
0.038411,46,-0.48869
0.038377,46,-0.48869
0.038343,46,-0.48869
0.038309,46,-0.48869
0.038276,46,-0.48869
0.038242,46,-0.48869
0.038208,46,-0.48869
0.038174,46,-0.48869
0.03814,46,-0.48869
0.038107,46,-0.48869
0.038073,46,-0.48869
0.038039,46,-0.48869
0.038006,46,-0.48869
0.037972,46,-0.48869
0.037939,46,-0.48869
0.037905,46,-0.48869
0.037872,46,-0.48869
0.037838,46,-0.48869
0.037805,46,-0.48869
0.037771,46,-0.48869
0.037738,46,-0.48869
0.037705,46,-0.48869
0.037671,46,-0.48869
0.037638,46,-0.48869
0.037605,46,-0.48869
0.037572,46,-0.48869
0.037538,46,-0.48869
0.037505,46,-0.48869
0.037472,46,-0.48869
0.037439,46,-0.48869
0.037406,46,-0.48869
0.037373,46,-0.48869
0.03734,46,-0.48869
0.037307,46,-0.48869
0.037274,46,-0.48869
0.037241,46,-0.48869
0.037208,46,-0.48869
0.037175,46,-0.48869
0.037142,46,-0.48869
0.03711,46,-0.48869
0.037077,46,-0.48869
0.037044,46,-0.48869
0.037011,46,-0.48869
0.036979,46,-0.48869
0.036946,46,-0.48869
0.036913,46,-0.48869
0.036881,46,-0.48869
0.036848,46,-0.48869
0.036815,46,-0.48869
0.036783,46,-0.48869
0.03675,46,-0.48869
0.036718,46,-0.48869
0.036686,46,-0.48869
0.036653,46,-0.48869
0.036621,46,-0.48869
0.036588,46,-0.48869
0.036556,46,-0.48869
0.036524,46,-0.48869
0.036491,46,-0.48869
0.036459,46,-0.48869
0.036427,46,-0.48869
0.036395,46,-0.48869
0.036363,46,-0.48869
0.036331,46,-0.48869
0.036298,46,-0.48869
0.036266,46,-0.48869
0.036234,46,-0.48869
0.036202,46,-0.48869
0.03617,46,-0.48869
0.036138,46,-0.48869
0.036106,46,-0.48869
0.036075,46,-0.48869
0.036043,46,-0.48869
0.036011,46,-0.48869
0.035979,46,-0.48869
0.035947,46,-0.48869
0.035915,46,-0.48869
0.035884,46,-0.48869
0.035852,46,-0.48869
0.03582,46,-0.48869
0.035789,46,-0.48869
0.035757,46,-0.48869
0.035725,46,-0.48869
0.035694,46,-0.48869
0.035662,46,-0.48869
0.035631,46,-0.48869
0.035599,46,-0.48869
0.035568,46,-0.48869
0.035536,46,-0.48869
0.035505,46,-0.48869
0.035474,46,-0.48869
0.035442,46,-0.48869
0.035411,46,-0.48869
0.03538,46,-0.48869
0.035348,46,-0.48869
0.035317,46,-0.48869
0.035286,46,-0.48869
0.035255,46,-0.48869
0.035224,46,-0.48869
0.035193,46,-0.48869
0.035161,46,-0.48869
0.03513,46,-0.48869
0.035099,46,-0.48869
0.035068,46,-0.48869
0.035037,46,-0.48869
0.035006,46,-0.48869
0.034975,46,-0.48869
0.034945,46,-0.48869
0.034914,46,-0.48869
0.034883,46,-0.48869
0.034852,46,-0.48869
0.034821,46,-0.48869
0.03479,46,-0.48869
0.03476,46,-0.48869
0.034729,46,-0.48869
0.034698,46,-0.48869
0.034668,46,-0.48869
0.034637,46,-0.48869
0.034606,46,-0.48869
0.034576,46,-0.48869
0.034545,46,-0.48869
0.034515,46,-0.48869
0.034484,46,-0.48869
0.034454,46,-0.48869
0.034423,46,-0.48869
0.034393,46,-0.48869
0.034363,46,-0.48869
0.034332,46,-0.48869
0.034302,46,-0.48869
0.034272,46,-0.48869
0.034241,46,-0.48869
0.034211,46,-0.48869
0.034181,46,-0.48869
0.034151,46,-0.48869
0.03412,46,-0.48869
0.03409,46,-0.48869
0.03406,46,-0.48869
0.03403,46,-0.48869
0.034,46,-0.48869
0.03397,46,-0.48869
0.03394,46,-0.48869
0.03391,46,-0.48869
0.03388,46,-0.48869
0.03385,46,-0.48869
0.03382,46,-0.48869
0.03379,46,-0.48869
0.03376,46,-0.48869
0.033731,46,-0.48869
0.033701,46,-0.48869
0.033671,46,-0.48869
0.033641,46,-0.48869
0.033612,46,-0.48869
0.033582,46,-0.48869
0.033552,46,-0.48869
0.033522,46,-0.48869
0.033493,46,-0.48869
0.033463,46,-0.48869
0.033434,46,-0.48869
0.033404,46,-0.48869
0.033375,46,-0.48869
0.033345,46,-0.48869
0.033316,46,-0.48869
0.033286,46,-0.48869
0.033257,46,-0.48869
0.033227,46,-0.48869
0.033198,46,-0.48869
0.033169,46,-0.48869
0.033139,46,-0.48869
0.03311,46,-0.48869
0.033081,46,-0.48869
0.033052,46,-0.48869
0.033022,46,-0.48869
0.032993,46,-0.48869
0.032964,46,-0.48869
0.032935,46,-0.48869
0.032906,46,-0.48869
0.032877,46,-0.48869
0.032848,46,-0.48869
0.032819,46,-0.48869
0.03279,46,-0.48869
0.032761,46,-0.48869
0.032732,46,-0.48869
0.032703,46,-0.48869
0.032674,46,-0.48869
0.032645,46,-0.48869
0.032616,46,-0.48869
0.032588,46,-0.48869
0.032559,46,-0.48869
0.03253,46,-0.48869
0.032501,46,-0.48869
0.032472,46,-0.48869
0.032444,46,-0.48869
0.032415,46,-0.48869
0.032386,46,-0.48869
0.032358,46,-0.48869
0.032329,46,-0.48869
0.032301,46,-0.48869
0.032272,46,-0.48869
0.032244,46,-0.48869
0.032215,46,-0.48869
0.032187,46,-0.48869
0.032158,46,-0.48869
0.03213,46,-0.48869
0.032101,46,-0.48869
0.032073,46,-0.48869
0.032045,46,-0.48869
0.032016,46,-0.48869
0.031988,46,-0.48869
0.03196,46,-0.48869
0.031932,46,-0.48869
0.031903,46,-0.48869
0.031875,46,-0.48869
0.031847,46,-0.48869
0.031819,46,-0.48869
0.031791,46,-0.48869
0.031763,46,-0.48869
0.031735,46,-0.48869
0.031707,46,-0.48869
0.031679,46,-0.48869
0.031651,46,-0.48869
0.031623,46,-0.48869
0.031595,46,-0.48869
0.031567,46,-0.48869
0.031539,46,-0.48869
0.031511,46,-0.48869
0.031483,46,-0.48869
0.031455,46,-0.48869
0.031428,46,-0.48869
0.0314,46,-0.48869
0.031372,46,-0.48869
0.031344,46,-0.48869
0.031317,46,-0.48869
0.031289,46,-0.48869
0.031261,46,-0.48869
0.031234,46,-0.48869
0.031206,46,-0.48869
0.031179,46,-0.48869
0.031151,46,-0.48869
0.031123,46,-0.48869
0.031096,46,-0.48869
0.031068,46,-0.48869
0.031041,46,-0.48869
0.031014,46,-0.48869
0.030986,46,-0.48869
0.030959,46,-0.48869
0.030931,46,-0.48869
0.030904,46,-0.48869
0.030877,46,-0.48869
0.03085,46,-0.48869
0.030822,46,-0.48869
0.030795,46,-0.48869
0.030768,46,-0.48869
0.030741,46,-0.48869
0.030714,46,-0.48869
0.030686,46,-0.48869
0.030659,46,-0.48869
0.030632,46,-0.48869
0.030605,46,-0.48869
0.030578,46,-0.48869
0.030551,46,-0.48869
0.030524,46,-0.48869
0.030497,46,-0.48869
0.03047,46,-0.48869
0.030443,46,-0.48869
0.030416,46,-0.48869
0.030389,46,-0.48869
0.030363,46,-0.48869
0.030336,46,-0.48869
0.030309,46,-0.48869
0.030282,46,-0.48869
0.030255,46,-0.48869
0.030229,46,-0.48869
0.030202,46,-0.48869
0.030175,46,-0.48869
0.030149,46,-0.48869
0.030122,46,-0.48869
0.030095,46,-0.48869
0.030069,46,-0.48869
0.030042,46,-0.48869
0.030016,46,-0.48869
0.029989,46,-0.48869
0.029963,46,-0.48869
0.029936,46,-0.48869
0.02991,46,-0.48869
0.029883,46,-0.48869
0.029857,46,-0.48869
0.02983,46,-0.48869
0.029804,46,-0.48869
0.029778,46,-0.48869
0.029751,46,-0.48869
0.029725,46,-0.48869
0.029699,46,-0.48869
0.029673,46,-0.48869
0.029646,46,-0.48869
0.02962,46,-0.48869
0.029594,46,-0.48869
0.029568,46,-0.48869
0.029542,46,-0.48869
0.029516,46,-0.48869
0.02949,46,-0.48869
0.029464,46,-0.48869
0.029438,46,-0.48869
0.029412,46,-0.48869
0.029386,46,-0.48869
0.02936,46,-0.48869
0.029334,46,-0.48869
0.029308,46,-0.48869
0.029282,46,-0.48869
0.029256,46,-0.48869
0.02923,46,-0.48869
0.029204,46,-0.48869
0.029178,46,-0.48869
0.029153,46,-0.48869
0.029127,46,-0.48869
0.029101,46,-0.48869
0.029075,46,-0.48869
0.02905,46,-0.48869
0.029024,46,-0.48869
0.028998,46,-0.48869
0.028973,46,-0.48869
0.028947,46,-0.48869
0.028922,46,-0.48869
0.028896,46,-0.48869
0.028871,46,-0.48869
0.028845,46,-0.48869
0.02882,46,-0.48869
0.028794,46,-0.48869
0.028769,46,-0.48869
0.028743,46,-0.48869
0.028718,46,-0.48869
0.028693,46,-0.48869
0.028667,46,-0.48869
0.028642,46,-0.48869
0.028617,46,-0.48869
0.028591,46,-0.48869
0.028566,46,-0.48869
0.028541,46,-0.48869
0.028516,46,-0.48869
0.02849,46,-0.48869
0.028465,46,-0.48869
0.02844,46,-0.48869
0.028415,46,-0.48869
0.02839,46,-0.48869
0.028365,46,-0.48869
0.02834,46,-0.48869
0.028315,46,-0.48869
0.02829,46,-0.48869
0.028265,46,-0.48869
0.02824,46,-0.48869
0.028215,46,-0.48869
0.02819,46,-0.48869
0.028165,46,-0.48869
0.02814,46,-0.48869
0.028115,46,-0.48869
0.02809,46,-0.48869
0.028065,46,-0.48869
0.028041,46,-0.48869
0.028016,46,-0.48869
0.027991,46,-0.48869
0.027966,46,-0.48869
0.027942,46,-0.48869
0.027917,46,-0.48869
0.027892,46,-0.48869
0.027868,46,-0.48869
0.027843,46,-0.48869
0.027818,46,-0.48869
0.027794,46,-0.48869
0.027769,46,-0.48869
0.027745,46,-0.48869
0.02772,46,-0.48869
0.027696,46,-0.48869
0.027671,46,-0.48869
0.027647,46,-0.48869
0.027622,46,-0.48869
0.027598,46,-0.48869
0.027574,46,-0.48869
0.027549,46,-0.48869
0.027525,46,-0.48869
0.027501,46,-0.48869
0.027476,46,-0.48869
0.027452,46,-0.48869
0.027428,46,-0.48869
0.027403,46,-0.48869
0.027379,46,-0.48869
0.027355,46,-0.48869
0.027331,46,-0.48869
0.027307,46,-0.48869
0.027283,46,-0.48869
0.027258,46,-0.48869
0.027234,46,-0.48869
0.02721,46,-0.48869
0.027186,46,-0.48869
0.027162,46,-0.48869
0.027138,46,-0.48869
0.027114,46,-0.48869
0.02709,46,-0.48869
0.027066,46,-0.48869
0.027042,46,-0.48869
0.027019,46,-0.48869
0.026995,46,-0.48869
0.026971,46,-0.48869
0.026947,46,-0.48869
0.026923,46,-0.48869
0.026899,46,-0.48869
0.026876,46,-0.48869
0.026852,46,-0.48869
0.026828,46,-0.48869
0.026804,46,-0.48869
0.026781,46,-0.48869
0.026757,46,-0.48869
0.026734,46,-0.48869
0.02671,46,-0.48869
0.026686,46,-0.48869
0.026663,46,-0.48869
0.026639,46,-0.48869
0.026616,46,-0.48869
0.026592,46,-0.48869
0.026569,46,-0.48869
0.026545,46,-0.48869
0.026522,46,-0.48869
0.026498,46,-0.48869
0.026475,46,-0.48869
0.026451,46,-0.48869
0.026428,46,-0.48869
0.026405,46,-0.48869
0.026381,46,-0.48869
0.026358,46,-0.48869
0.026335,46,-0.48869
0.026312,46,-0.48869
0.026288,46,-0.48869
0.026265,46,-0.48869
0.026242,46,-0.48869
0.026219,46,-0.48869
0.026195,46,-0.48869
0.026172,46,-0.48869
0.026149,46,-0.48869
0.026126,46,-0.48869
0.026103,46,-0.48869
0.02608,46,-0.48869
0.026057,46,-0.48869
0.026034,46,-0.48869
0.026011,46,-0.48869
0.025988,46,-0.48869
0.025965,46,-0.48869
0.025942,46,-0.48869
0.025919,46,-0.48869
0.025896,46,-0.48869
0.025873,46,-0.48869
0.02585,46,-0.48869
0.025828,46,-0.48869
0.025805,46,-0.48869
0.025782,46,-0.48869
0.025759,46,-0.48869
0.025736,46,-0.48869
0.025714,46,-0.48869
0.025691,46,-0.48869
0.025668,46,-0.48869
0.025646,46,-0.48869
0.025623,46,-0.48869
0.0256,46,-0.48869
0.025578,46,-0.48869
0.025555,46,-0.48869
0.025532,46,-0.48869
0.02551,46,-0.48869
0.025487,46,-0.48869
0.025465,46,-0.48869
0.025442,46,-0.48869
0.02542,46,-0.48869
0.025397,46,-0.48869
0.025375,46,-0.48869
0.025353,46,-0.48869
0.02533,46,-0.48869
0.025308,46,-0.48869
0.025285,46,-0.48869
0.025263,46,-0.48869
0.025241,46,-0.48869
0.025218,46,-0.48869
0.025196,46,-0.48869
0.025174,46,-0.48869
0.025152,46,-0.48869
0.025129,46,-0.48869
0.025107,46,-0.48869
0.025085,46,-0.48869
0.025063,46,-0.48869
0.025041,46,-0.48869
0.025019,46,-0.48869
0.024996,46,-0.48869
0.024974,46,-0.48869
0.024952,46,-0.48869
0.02493,46,-0.48869
0.024908,46,-0.48869
0.024886,46,-0.48869
0.024864,46,-0.48869
0.024842,46,-0.48869
0.02482,46,-0.48869
0.024798,46,-0.48869
0.024777,46,-0.48869
0.024755,46,-0.48869
0.024733,46,-0.48869
0.024711,46,-0.48869
0.024689,46,-0.48869
0.024667,46,-0.48869
0.024645,46,-0.48869
0.024624,46,-0.48869
0.024602,46,-0.48869
0.02458,46,-0.48869
0.024558,46,-0.48869
0.024537,46,-0.48869
0.024515,46,-0.48869
0.024493,46,-0.48869
0.024472,46,-0.48869
0.02445,46,-0.48869
0.024429,46,-0.48869
0.024407,46,-0.48869
0.024385,46,-0.48869
0.024364,46,-0.48869
0.024342,46,-0.48869
0.024321,46,-0.48869
0.024299,46,-0.48869
0.024278,46,-0.48869
0.024256,46,-0.48869
0.024235,46,-0.48869
0.024214,46,-0.48869
0.024192,46,-0.48869
0.024171,46,-0.48869
0.024149,46,-0.48869
0.024128,46,-0.48869
0.024107,46,-0.48869
0.024085,46,-0.48869
0.024064,46,-0.48869
0.024043,46,-0.48869
0.024022,46,-0.48869
0.024,46,-0.48869
0.023979,46,-0.48869
0.023958,46,-0.48869
0.023937,46,-0.48869
0.023916,46,-0.48869
0.023895,46,-0.48869
0.023874,46,-0.48869
0.023852,46,-0.48869
0.023831,46,-0.48869
0.02381,46,-0.48869
0.023789,46,-0.48869
0.023768,46,-0.48869
0.023747,46,-0.48869
0.023726,46,-0.48869
0.023705,46,-0.48869
0.023684,46,-0.48869
0.023663,46,-0.48869
0.023642,46,-0.48869
0.023622,46,-0.48869
0.023601,46,-0.48869
0.02358,46,-0.48869
0.023559,46,-0.48869
0.023538,46,-0.48869
0.023517,46,-0.48869
0.023497,46,-0.48869
0.023476,46,-0.48869
0.023455,46,-0.48869
0.023434,46,-0.48869
0.023414,46,-0.48869
0.023393,46,-0.48869
0.023372,46,-0.48869
0.023352,46,-0.48869
0.023331,46,-0.48869
0.02331,46,-0.48869
0.02329,46,-0.48869
0.023269,46,-0.48869
0.023249,46,-0.48869
0.023228,46,-0.48869
0.023208,46,-0.48869
0.023187,46,-0.48869
0.023167,46,-0.48869
0.023146,46,-0.48869
0.023126,46,-0.48869
0.023105,46,-0.48869
0.023085,46,-0.48869
0.023065,46,-0.48869
0.023044,46,-0.48869
0.023024,46,-0.48869
0.023003,46,-0.48869
0.022983,46,-0.48869
0.022963,46,-0.48869
0.022943,46,-0.48869
0.022922,46,-0.48869
0.022902,46,-0.48869
0.022882,46,-0.48869
0.022862,46,-0.48869
0.022841,46,-0.48869
0.022821,46,-0.48869
0.022801,46,-0.48869
0.022781,46,-0.48869
0.022761,46,-0.48869
0.022741,46,-0.48869
0.02272,46,-0.48869
0.0227,46,-0.48869
0.02268,46,-0.48869
0.02266,46,-0.48869
0.02264,46,-0.48869
0.02262,46,-0.48869
0.0226,46,-0.48869
0.02258,46,-0.48869
0.02256,46,-0.48869
0.02254,46,-0.48869
0.022521,46,-0.48869
0.022501,46,-0.48869
0.022481,46,-0.48869
0.022461,46,-0.48869
0.022441,46,-0.48869
0.022421,46,-0.48869
0.022401,46,-0.48869
0.022382,46,-0.48869
0.022362,46,-0.48869
0.022342,46,-0.48869
0.022322,46,-0.48869
0.022303,46,-0.48869
0.022283,46,-0.48869
0.022263,46,-0.48869
0.022244,46,-0.48869
0.022224,46,-0.48869
0.022204,46,-0.48869
0.022185,46,-0.48869
0.022165,46,-0.48869
0.022145,46,-0.48869
0.022126,46,-0.48869
0.022106,46,-0.48869
0.022087,46,-0.48869
0.022067,46,-0.48869
0.022048,46,-0.48869
0.022028,46,-0.48869
0.022009,46,-0.48869
0.021989,46,-0.48869
0.02197,46,-0.48869
0.021951,46,-0.48869
0.021931,46,-0.48869
0.021912,46,-0.48869
0.021892,46,-0.48869
0.021873,46,-0.48869
0.021854,46,-0.48869
0.021834,46,-0.48869
0.021815,46,-0.48869
0.021796,46,-0.48869
0.021777,46,-0.48869
0.021757,46,-0.48869
0.021738,46,-0.48869
0.021719,46,-0.48869
0.0217,46,-0.48869
0.021681,46,-0.48869
0.021661,46,-0.48869
0.021642,46,-0.48869
0.021623,46,-0.48869
0.021604,46,-0.48869
0.021585,46,-0.48869
0.021566,46,-0.48869
0.021547,46,-0.48869
0.021528,46,-0.48869
0.021509,46,-0.48869
0.02149,46,-0.48869
0.021471,46,-0.48869
0.021452,46,-0.48869
0.021433,46,-0.48869
0.021414,46,-0.48869
0.021395,46,-0.48869
0.021376,46,-0.48869
0.021357,46,-0.48869
0.021338,46,-0.48869
0.02132,46,-0.48869
0.021301,46,-0.48869
0.021282,46,-0.48869
0.021263,46,-0.48869
0.021244,46,-0.48869
0.021225,46,-0.48869
0.021207,46,-0.48869
0.021188,46,-0.48869
0.021169,46,-0.48869
0.021151,46,-0.48869
0.021132,46,-0.48869
0.021113,46,-0.48869
0.021095,46,-0.48869
0.021076,46,-0.48869
0.021057,46,-0.48869
0.021039,46,-0.48869
0.02102,46,-0.48869
0.021002,46,-0.48869
0.020983,46,-0.48869
0.020964,46,-0.48869
0.020946,46,-0.48869
0.020927,46,-0.48869
0.020909,46,-0.48869
0.02089,46,-0.48869
0.020872,46,-0.48869
0.020854,46,-0.48869
0.020835,46,-0.48869
0.020817,46,-0.48869
0.020798,46,-0.48869
0.02078,46,-0.48869
0.020762,46,-0.48869
0.020743,46,-0.48869
0.020725,46,-0.48869
0.020707,46,-0.48869
0.020688,46,-0.48869
0.02067,46,-0.48869
0.020652,46,-0.48869
0.020634,46,-0.48869
0.020615,46,-0.48869
0.020597,46,-0.48869
0.020579,46,-0.48869
0.020561,46,-0.48869
0.020543,46,-0.48869
0.020524,46,-0.48869
0.020506,46,-0.48869
0.020488,46,-0.48869
0.02047,46,-0.48869
0.020452,46,-0.48869
0.020434,46,-0.48869
0.020416,46,-0.48869
0.020398,46,-0.48869
0.02038,46,-0.48869
0.020362,46,-0.48869
0.020344,46,-0.48869
0.020326,46,-0.48869
0.020308,46,-0.48869
0.02029,46,-0.48869
0.020272,46,-0.48869
0.020254,46,-0.48869
0.020236,46,-0.48869
0.020218,46,-0.48869
0.0202,46,-0.48869
0.020183,46,-0.48869
0.020165,46,-0.48869
0.020147,46,-0.48869
0.020129,46,-0.48869
0.020111,46,-0.48869
0.020094,46,-0.48869
0.020076,46,-0.48869
0.020058,46,-0.48869
0.02004,46,-0.48869
0.020023,46,-0.48869
0.020005,46,-0.48869
0.019987,46,-0.48869
0.01997,46,-0.48869
0.019952,46,-0.48869
0.019934,46,-0.48869
0.019917,46,-0.48869
0.019899,46,-0.48869
0.019882,46,-0.48869
0.019864,46,-0.48869
0.019846,46,-0.48869
0.019829,46,-0.48869
0.019811,46,-0.48869
0.019794,46,-0.48869
0.019776,46,-0.48869
0.019759,46,-0.48869
0.019741,46,-0.48869
0.019724,46,-0.48869
0.019707,46,-0.48869
0.019689,46,-0.48869
0.019672,46,-0.48869
0.019654,46,-0.48869
0.019637,46,-0.48869
0.01962,46,-0.48869
0.019602,46,-0.48869
0.019585,46,-0.48869
0.019568,46,-0.48869
0.01955,46,-0.48869
0.019533,46,-0.48869
0.019516,46,-0.48869
0.019499,46,-0.48869
0.019481,46,-0.48869
0.019464,46,-0.48869
0.019447,46,-0.48869
0.01943,46,-0.48869
0.019413,46,-0.48869
0.019395,46,-0.48869
0.019378,46,-0.48869
0.019361,46,-0.48869
0.019344,46,-0.48869
0.019327,46,-0.48869
0.01931,46,-0.48869
0.019293,46,-0.48869
0.019276,46,-0.48869
0.019259,46,-0.48869
0.019242,46,-0.48869
0.019225,46,-0.48869
0.019208,46,-0.48869
0.019191,46,-0.48869
0.019174,46,-0.48869
0.019157,46,-0.48869
0.01914,46,-0.48869
0.019123,46,-0.48869
0.019106,46,-0.48869
0.019089,46,-0.48869
0.019072,46,-0.48869
0.019056,46,-0.48869
0.019039,46,-0.48869
0.019022,46,-0.48869
0.019005,46,-0.48869
0.018988,46,-0.48869
0.018972,46,-0.48869
0.018955,46,-0.48869
0.018938,46,-0.48869
0.018921,46,-0.48869
0.018905,46,-0.48869
0.018888,46,-0.48869
0.018871,46,-0.48869
0.018855,46,-0.48869
0.018838,46,-0.48869
0.018821,46,-0.48869
0.018805,46,-0.48869
0.018788,46,-0.48869
0.018771,46,-0.48869
0.018755,46,-0.48869
0.018738,46,-0.48869
0.018722,46,-0.48869
0.018705,46,-0.48869
0.018689,46,-0.48869
0.018672,46,-0.48869
0.018656,46,-0.48869
0.018639,46,-0.48869
0.018623,46,-0.48869
0.018606,46,-0.48869
0.01859,46,-0.48869
0.018573,46,-0.48869
0.018557,46,-0.48869
0.018541,46,-0.48869
0.018524,46,-0.48869
0.018508,46,-0.48869
0.018491,46,-0.48869
0.018475,46,-0.48869
0.018459,46,-0.48869
0.018442,46,-0.48869
0.018426,46,-0.48869
0.01841,46,-0.48869
0.018394,46,-0.48869
0.018377,46,-0.48869
0.018361,46,-0.48869
0.018345,46,-0.48869
0.018329,46,-0.48869
0.018313,46,-0.48869
0.018296,46,-0.48869
0.01828,46,-0.48869
0.018264,46,-0.48869
0.018248,46,-0.48869
0.018232,46,-0.48869
0.018216,46,-0.48869
0.0182,46,-0.48869
0.018183,46,-0.48869
0.018167,46,-0.48869
0.018151,46,-0.48869
0.018135,46,-0.48869
0.018119,46,-0.48869
0.018103,46,-0.48869
0.018087,46,-0.48869
0.018071,46,-0.48869
0.018055,46,-0.48869
0.018039,46,-0.48869
0.018023,46,-0.48869
0.018008,46,-0.48869
0.017992,46,-0.48869
0.017976,46,-0.48869
0.01796,46,-0.48869
0.017944,46,-0.48869
0.017928,46,-0.48869
0.017912,46,-0.48869
0.017896,46,-0.48869
0.017881,46,-0.48869
0.017865,46,-0.48869
0.017849,46,-0.48869
0.017833,46,-0.48869
0.017818,46,-0.48869
0.017802,46,-0.48869
0.017786,46,-0.48869
0.01777,46,-0.48869
0.017755,46,-0.48869
0.017739,46,-0.48869
0.017723,46,-0.48869
0.017708,46,-0.48869
0.017692,46,-0.48869
0.017676,46,-0.48869
0.017661,46,-0.48869
0.017645,46,-0.48869
0.01763,46,-0.48869
0.017614,46,-0.48869
0.017598,46,-0.48869
0.017583,46,-0.48869
0.017567,46,-0.48869
0.017552,46,-0.48869
0.017536,46,-0.48869
0.017521,46,-0.48869
0.017505,46,-0.48869
0.01749,46,-0.48869
0.017474,46,-0.48869
0.017459,46,-0.48869
0.017444,46,-0.48869
0.017428,46,-0.48869
0.017413,46,-0.48869
0.017397,46,-0.48869
0.017382,46,-0.48869
0.017367,46,-0.48869
0.017351,46,-0.48869
0.017336,46,-0.48869
0.017321,46,-0.48869
0.017305,46,-0.48869
0.01729,46,-0.48869
0.017275,46,-0.48869
0.017259,46,-0.48869
0.017244,46,-0.48869
0.017229,46,-0.48869
0.017214,46,-0.48869
0.017199,46,-0.48869
0.017183,46,-0.48869
0.017168,46,-0.48869
0.017153,46,-0.48869
0.017138,46,-0.48869
0.017123,46,-0.48869
0.017108,46,-0.48869
0.017092,46,-0.48869
0.017077,46,-0.48869
0.017062,46,-0.48869
0.017047,46,-0.48869
0.017032,46,-0.48869
0.017017,46,-0.48869
0.017002,46,-0.48869
0.016987,46,-0.48869
0.016972,46,-0.48869
0.016957,46,-0.48869
0.016942,46,-0.48869
0.016927,46,-0.48869
0.016912,46,-0.48869
0.016897,46,-0.48869
0.016882,46,-0.48869
0.016867,46,-0.48869
0.016852,46,-0.48869
0.016838,46,-0.48869
0.016823,46,-0.48869
0.016808,46,-0.48869
0.016793,46,-0.48869
0.016778,46,-0.48869
0.016763,46,-0.48869
0.016748,46,-0.48869
0.016734,46,-0.48869
0.016719,46,-0.48869
0.016704,46,-0.48869
0.016689,46,-0.48869
0.016675,46,-0.48869
0.01666,46,-0.48869
0.016645,46,-0.48869
0.01663,46,-0.48869
0.016616,46,-0.48869
0.016601,46,-0.48869
0.016586,46,-0.48869
0.016572,46,-0.48869
0.016557,46,-0.48869
0.016542,46,-0.48869
0.016528,46,-0.48869
0.016513,46,-0.48869
0.016499,46,-0.48869
0.016484,46,-0.48869
0.01647,46,-0.48869
0.016455,46,-0.48869
0.01644,46,-0.48869
0.016426,46,-0.48869
0.016411,46,-0.48869
0.016397,46,-0.48869
0.016382,46,-0.48869
0.016368,46,-0.48869
0.016353,46,-0.48869
0.016339,46,-0.48869
0.016325,46,-0.48869
0.01631,46,-0.48869
0.016296,46,-0.48869
0.016281,46,-0.48869
0.016267,46,-0.48869
0.016253,46,-0.48869
0.016238,46,-0.48869
0.016224,46,-0.48869
0.01621,46,-0.48869
0.016195,46,-0.48869
0.016181,46,-0.48869
0.016167,46,-0.48869
0.016152,46,-0.48869
0.016138,46,-0.48869
0.016124,46,-0.48869
0.01611,46,-0.48869
0.016095,46,-0.48869
0.016081,46,-0.48869
0.016067,46,-0.48869
0.016053,46,-0.48869
0.016039,46,-0.48869
0.016024,46,-0.48869
0.01601,46,-0.48869
0.015996,46,-0.48869
0.015982,46,-0.48869
0.015968,46,-0.48869
0.015954,46,-0.48869
0.01594,46,-0.48869
0.015925,46,-0.48869
0.015911,46,-0.48869
0.015897,46,-0.48869
0.015883,46,-0.48869
0.015869,46,-0.48869
0.015855,46,-0.48869
0.015841,46,-0.48869
0.015827,46,-0.48869
0.015813,46,-0.48869
0.015799,46,-0.48869
0.015785,46,-0.48869
0.015771,46,-0.48869
0.015757,46,-0.48869
0.015744,46,-0.48869
0.01573,46,-0.48869
0.015716,46,-0.48869
0.015702,46,-0.48869
0.015688,46,-0.48869
0.015674,46,-0.48869
0.01566,46,-0.48869
0.015646,46,-0.48869
0.015633,46,-0.48869
0.015619,46,-0.48869
0.015605,46,-0.48869
0.015591,46,-0.48869
0.015577,46,-0.48869
0.015564,46,-0.48869
0.01555,46,-0.48869
0.015536,46,-0.48869
0.015522,46,-0.48869
0.015509,46,-0.48869
0.015495,46,-0.48869
0.015481,46,-0.48869
0.015468,46,-0.48869
0.015454,46,-0.48869
0.01544,46,-0.48869
0.015427,46,-0.48869
0.015413,46,-0.48869
0.015399,46,-0.48869
0.015386,46,-0.48869
0.015372,46,-0.48869
0.015359,46,-0.48869
0.015345,46,-0.48869
0.015332,46,-0.48869
0.015318,46,-0.48869
0.015304,46,-0.48869
0.015291,46,-0.48869
0.015277,46,-0.48869
0.015264,46,-0.48869
0.01525,46,-0.48869
0.015237,46,-0.48869
0.015223,46,-0.48869
0.01521,46,-0.48869
0.015197,46,-0.48869
0.015183,46,-0.48869
0.01517,46,-0.48869
0.015156,46,-0.48869
0.015143,46,-0.48869
0.01513,46,-0.48869
0.015116,46,-0.48869
0.015103,46,-0.48869
0.01509,46,-0.48869
0.015076,46,-0.48869
0.015063,46,-0.48869
0.01505,46,-0.48869
0.015036,46,-0.48869
0.015023,46,-0.48869
0.01501,46,-0.48869
0.014996,46,-0.48869
0.014983,46,-0.48869
0.01497,46,-0.48869
0.014957,46,-0.48869
0.014944,46,-0.48869
0.01493,46,-0.48869
0.014917,46,-0.48869
0.014904,46,-0.48869
0.014891,46,-0.48869
0.014878,46,-0.48869
0.014864,46,-0.48869
0.014851,46,-0.48869
0.014838,46,-0.48869
0.014825,46,-0.48869
0.014812,46,-0.48869
0.014799,46,-0.48869
0.014786,46,-0.48869
0.014773,46,-0.48869
0.01476,46,-0.48869
0.014747,46,-0.48869
0.014734,46,-0.48869
0.014721,46,-0.48869
0.014708,46,-0.48869
0.014695,46,-0.48869
0.014682,46,-0.48869
0.014669,46,-0.48869
0.014656,46,-0.48869
0.014643,46,-0.48869
0.01463,46,-0.48869
0.014617,46,-0.48869
0.014604,46,-0.48869
0.014591,46,-0.48869
0.014578,46,-0.48869
0.014565,46,-0.48869
0.014552,46,-0.48869
0.01454,46,-0.48869
0.014527,46,-0.48869
0.014514,46,-0.48869
0.014501,46,-0.48869
0.014488,46,-0.48869
0.014475,46,-0.48869
0.014463,46,-0.48869
0.01445,46,-0.48869
0.014437,46,-0.48869
0.014424,46,-0.48869
0.014412,46,-0.48869
0.014399,46,-0.48869
0.014386,46,-0.48869
0.014373,46,-0.48869
0.014361,46,-0.48869
0.014348,46,-0.48869
0.014335,46,-0.48869
0.014323,46,-0.48869
0.01431,46,-0.48869
0.014297,46,-0.48869
0.014285,46,-0.48869
0.014272,46,-0.48869
0.01426,46,-0.48869
0.014247,46,-0.48869
0.014234,46,-0.48869
0.014222,46,-0.48869
0.014209,46,-0.48869
0.014197,46,-0.48869
0.014184,46,-0.48869
0.014172,46,-0.48869
0.014159,46,-0.48869
0.014147,46,-0.48869
0.014134,46,-0.48869
0.014122,46,-0.48869
0.014109,46,-0.48869
0.014097,46,-0.48869
0.014084,46,-0.48869
0.014072,46,-0.48869
0.014059,46,-0.48869
0.014047,46,-0.48869
0.014034,46,-0.48869
0.014022,46,-0.48869
0.01401,46,-0.48869
0.013997,46,-0.48869
0.013985,46,-0.48869
0.013973,46,-0.48869
0.01396,46,-0.48869
0.013948,46,-0.48869
0.013936,46,-0.48869
0.013923,46,-0.48869
0.013911,46,-0.48869
0.013899,46,-0.48869
0.013886,46,-0.48869
0.013874,46,-0.48869
0.013862,46,-0.48869
0.01385,46,-0.48869
0.013837,46,-0.48869
0.013825,46,-0.48869
0.013813,46,-0.48869
0.013801,46,-0.48869
0.013789,46,-0.48869
0.013776,46,-0.48869
0.013764,46,-0.48869
0.013752,46,-0.48869
0.01374,46,-0.48869
0.013728,46,-0.48869
0.013716,46,-0.48869
0.013703,46,-0.48869
0.013691,46,-0.48869
0.013679,46,-0.48869
0.013667,46,-0.48869
0.013655,46,-0.48869
0.013643,46,-0.48869
0.013631,46,-0.48869
0.013619,46,-0.48869
0.013607,46,-0.48869
0.013595,46,-0.48869
0.013583,46,-0.48869
0.013571,46,-0.48869
0.013559,46,-0.48869
0.013547,46,-0.48869
0.013535,46,-0.48869
0.013523,46,-0.48869
0.013511,46,-0.48869
0.013499,46,-0.48869
0.013487,46,-0.48869
0.013475,46,-0.48869
0.013463,46,-0.48869
0.013451,46,-0.48869
0.01344,46,-0.48869
0.013428,46,-0.48869
0.013416,46,-0.48869
0.013404,46,-0.48869
0.013392,46,-0.48869
0.01338,46,-0.48869
0.013368,46,-0.48869
0.013357,46,-0.48869
0.013345,46,-0.48869
0.013333,46,-0.48869
0.013321,46,-0.48869
0.01331,46,-0.48869
0.013298,46,-0.48869
0.013286,46,-0.48869
0.013274,46,-0.48869
0.013263,46,-0.48869
0.013251,46,-0.48869
0.013239,46,-0.48869
0.013227,46,-0.48869
0.013216,46,-0.48869
0.013204,46,-0.48869
0.013192,46,-0.48869
0.013181,46,-0.48869
0.013169,46,-0.48869
0.013157,46,-0.48869
0.013146,46,-0.48869
0.013134,46,-0.48869
0.013123,46,-0.48869
0.013111,46,-0.48869
0.013099,46,-0.48869
0.013088,46,-0.48869
0.013076,46,-0.48869
0.013065,46,-0.48869
0.013053,46,-0.48869
0.013042,46,-0.48869
0.01303,46,-0.48869
0.013019,46,-0.48869
0.013007,46,-0.48869
0.012996,46,-0.48869
0.012984,46,-0.48869
0.012973,46,-0.48869
0.012961,46,-0.48869
0.01295,46,-0.48869
0.012938,46,-0.48869
0.012927,46,-0.48869
0.012915,46,-0.48869
0.012904,46,-0.48869
0.012893,46,-0.48869
0.012881,46,-0.48869
0.01287,46,-0.48869
0.012859,46,-0.48869
0.012847,46,-0.48869
0.012836,46,-0.48869
0.012824,46,-0.48869
0.012813,46,-0.48869
0.012802,46,-0.48869
0.012791,46,-0.48869
0.012779,46,-0.48869
0.012768,46,-0.48869
0.012757,46,-0.48869
0.012745,46,-0.48869
0.012734,46,-0.48869
0.012723,46,-0.48869
0.012712,46,-0.48869
0.0127,46,-0.48869
0.012689,46,-0.48869
0.012678,46,-0.48869
0.012667,46,-0.48869
0.012656,46,-0.48869
0.012644,46,-0.48869
0.012633,46,-0.48869
0.012622,46,-0.48869
0.012611,46,-0.48869
0.0126,46,-0.48869
0.012589,46,-0.48869
0.012577,46,-0.48869
0.012566,46,-0.48869
0.012555,46,-0.48869
0.012544,46,-0.48869
0.012533,46,-0.48869
0.012522,46,-0.48869
0.012511,46,-0.48869
0.0125,46,-0.48869
0.012489,46,-0.48869
0.012478,46,-0.48869
0.012467,46,-0.48869
0.012456,46,-0.48869
0.012445,46,-0.48869
0.012434,46,-0.48869
0.012423,46,-0.48869
0.012412,46,-0.48869
0.012401,46,-0.48869
0.01239,46,-0.48869
0.012379,46,-0.48869
0.012368,46,-0.48869
0.012357,46,-0.48869
0.012346,46,-0.48869
0.012335,46,-0.48869
0.012324,46,-0.48869
0.012313,46,-0.48869
0.012303,46,-0.48869
0.012292,46,-0.48869
0.012281,46,-0.48869
0.01227,46,-0.48869
0.012259,46,-0.48869
0.012248,46,-0.48869
0.012238,46,-0.48869
0.012227,46,-0.48869
0.012216,46,-0.48869
0.012205,46,-0.48869
0.012194,46,-0.48869
0.012184,46,-0.48869
0.012173,46,-0.48869
0.012162,46,-0.48869
0.012151,46,-0.48869
0.012141,46,-0.48869
0.01213,46,-0.48869
0.012119,46,-0.48869
0.012108,46,-0.48869
0.012098,46,-0.48869
0.012087,46,-0.48869
0.012076,46,-0.48869
0.012066,46,-0.48869
0.012055,46,-0.48869
0.012044,46,-0.48869
0.012034,46,-0.48869
0.012023,46,-0.48869
0.012012,46,-0.48869
0.012002,46,-0.48869
0.011991,46,-0.48869
0.011981,46,-0.48869
0.01197,46,-0.48869
0.011959,46,-0.48869
0.011949,46,-0.48869
0.011938,46,-0.48869
0.011928,46,-0.48869
0.011917,46,-0.48869
0.011907,46,-0.48869
0.011896,46,-0.48869
0.011886,46,-0.48869
0.011875,46,-0.48869
0.011865,46,-0.48869
0.011854,46,-0.48869
0.011844,46,-0.48869
0.011833,46,-0.48869
0.011823,46,-0.48869
0.011812,46,-0.48869
0.011802,46,-0.48869
0.011792,46,-0.48869
0.011781,46,-0.48869
0.011771,46,-0.48869
0.01176,46,-0.48869
0.01175,46,-0.48869
0.01174,46,-0.48869
0.011729,46,-0.48869
0.011719,46,-0.48869
0.011708,46,-0.48869
0.011698,46,-0.48869
0.011688,46,-0.48869
0.011677,46,-0.48869
0.011667,46,-0.48869
0.011657,46,-0.48869
0.011647,46,-0.48869
0.011636,46,-0.48869
0.011626,46,-0.48869
0.011616,46,-0.48869
0.011605,46,-0.48869
0.011595,46,-0.48869
0.011585,46,-0.48869
0.011575,46,-0.48869
0.011564,46,-0.48869
0.011554,46,-0.48869
0.011544,46,-0.48869
0.011534,46,-0.48869
0.011524,46,-0.48869
0.011513,46,-0.48869
0.011503,46,-0.48869
0.011493,46,-0.48869
0.011483,46,-0.48869
0.011473,46,-0.48869
0.011463,46,-0.48869
0.011453,46,-0.48869
0.011442,46,-0.48869
0.011432,46,-0.48869
0.011422,46,-0.48869
0.011412,46,-0.48869
0.011402,46,-0.48869
0.011392,46,-0.48869
0.011382,46,-0.48869
0.011372,46,-0.48869
0.011362,46,-0.48869
0.011352,46,-0.48869
0.011342,46,-0.48869
0.011332,46,-0.48869
0.011322,46,-0.48869
0.011312,46,-0.48869
0.011302,46,-0.48869
0.011292,46,-0.48869
0.011282,46,-0.48869
0.011272,46,-0.48869
0.011262,46,-0.48869
0.011252,46,-0.48869
0.011242,46,-0.48869
0.011232,46,-0.48869
0.011222,46,-0.48869
0.011212,46,-0.48869
0.011202,46,-0.48869
0.011192,46,-0.48869
0.011182,46,-0.48869
0.011173,46,-0.48869
0.011163,46,-0.48869
0.011153,46,-0.48869
0.011143,46,-0.48869
0.011133,46,-0.48869
0.011123,46,-0.48869
0.011113,46,-0.48869
0.011104,46,-0.48869
0.011094,46,-0.48869
0.011084,46,-0.48869
0.011074,46,-0.48869
0.011064,46,-0.48869
0.011055,46,-0.48869
0.011045,46,-0.48869
0.011035,46,-0.48869
0.011025,46,-0.48869
0.011016,46,-0.48869
0.011006,46,-0.48869
0.010996,46,-0.48869
0.010986,46,-0.48869
0.010977,46,-0.48869
0.010967,46,-0.48869
0.010957,46,-0.48869
0.010948,46,-0.48869
0.010938,46,-0.48869
0.010928,46,-0.48869
0.010919,46,-0.48869
0.010909,46,-0.48869
0.010899,46,-0.48869
0.01089,46,-0.48869
0.01088,46,-0.48869
0.010871,46,-0.48869
0.010861,46,-0.48869
0.010851,46,-0.48869
0.010842,46,-0.48869
0.010832,46,-0.48869
0.010823,46,-0.48869
0.010813,46,-0.48869
0.010804,46,-0.48869
0.010794,46,-0.48869
0.010784,46,-0.48869
0.010775,46,-0.48869
0.010765,46,-0.48869
0.010756,46,-0.48869
0.010746,46,-0.48869
0.010737,46,-0.48869
0.010727,46,-0.48869
0.010718,46,-0.48869
0.010708,46,-0.48869
0.010699,46,-0.48869
0.01069,46,-0.48869
0.01068,46,-0.48869
0.010671,46,-0.48869
0.010661,46,-0.48869
0.010652,46,-0.48869
0.010642,46,-0.48869
0.010633,46,-0.48869
0.010624,46,-0.48869
0.010614,46,-0.48869
0.010605,46,-0.48869
0.010595,46,-0.48869
0.010586,46,-0.48869
0.010577,46,-0.48869
0.010567,46,-0.48869
0.010558,46,-0.48869
0.010549,46,-0.48869
0.010539,46,-0.48869
0.01053,46,-0.48869
0.010521,46,-0.48869
0.010511,46,-0.48869
0.010502,46,-0.48869
0.010493,46,-0.48869
0.010484,46,-0.48869
0.010474,46,-0.48869
0.010465,46,-0.48869
0.010456,46,-0.48869
0.010447,46,-0.48869
0.010437,46,-0.48869
0.010428,46,-0.48869
0.010419,46,-0.48869
0.01041,46,-0.48869
0.010401,46,-0.48869
0.010391,46,-0.48869
0.010382,46,-0.48869
0.010373,46,-0.48869
0.010364,46,-0.48869
0.010355,46,-0.48869
0.010346,46,-0.48869
0.010336,46,-0.48869
0.010327,46,-0.48869
0.010318,46,-0.48869
0.010309,46,-0.48869
0.0103,46,-0.48869
0.010291,46,-0.48869
0.010282,46,-0.48869
0.010273,46,-0.48869
0.010264,46,-0.48869
0.010255,46,-0.48869
0.010245,46,-0.48869
0.010236,46,-0.48869
0.010227,46,-0.48869
0.010218,46,-0.48869
0.010209,46,-0.48869
0.0102,46,-0.48869
0.010191,46,-0.48869
0.010182,46,-0.48869
0.010173,46,-0.48869
0.010164,46,-0.48869
0.010155,46,-0.48869
0.010146,46,-0.48869
0.010137,46,-0.48869
0.010128,46,-0.48869
0.010119,46,-0.48869
0.010111,46,-0.48869
0.010102,46,-0.48869
0.010093,46,-0.48869
0.010084,46,-0.48869
0.010075,46,-0.48869
0.010066,46,-0.48869
0.010057,46,-0.48869
0.010048,46,-0.48869
0.010039,46,-0.48869
0.01003,46,-0.48869
0.010022,46,-0.48869
0.010013,46,-0.48869
0.010004,46,-0.48869
0.009995,46,-0.48869
0.0099862,46,-0.48869
0.0099774,46,-0.48869
0.0099685,46,-0.48869
0.0099597,46,-0.48869
0.0099509,46,-0.48869
0.0099421,46,-0.48869
0.0099334,46,-0.48869
0.0099246,46,-0.48869
0.0099158,46,-0.48869
0.009907,46,-0.48869
0.0098983,46,-0.48869
0.0098895,46,-0.48869
0.0098808,46,-0.48869
0.0098721,46,-0.48869
0.0098634,46,-0.48869
0.0098546,46,-0.48869
0.0098459,46,-0.48869
0.0098372,46,-0.48869
0.0098285,46,-0.48869
0.0098199,46,-0.48869
0.0098112,46,-0.48869
0.0098025,46,-0.48869
0.0097939,46,-0.48869
0.0097852,46,-0.48869
0.0097766,46,-0.48869
0.0097679,46,-0.48869
0.0097593,46,-0.48869
0.0097507,46,-0.48869
0.009742,46,-0.48869
0.0097334,46,-0.48869
0.0097248,46,-0.48869
0.0097162,46,-0.48869
0.0097077,46,-0.48869
0.0096991,46,-0.48869
0.0096905,46,-0.48869
0.009682,46,-0.48869
0.0096734,46,-0.48869
0.0096649,46,-0.48869
0.0096563,46,-0.48869
0.0096478,46,-0.48869
0.0096393,46,-0.48869
0.0096307,46,-0.48869
0.0096222,46,-0.48869
0.0096137,46,-0.48869
0.0096052,46,-0.48869
0.0095968,46,-0.48869
0.0095883,46,-0.48869
0.0095798,46,-0.48869
0.0095713,46,-0.48869
0.0095629,46,-0.48869
0.0095544,46,-0.48869
0.009546,46,-0.48869
0.0095376,46,-0.48869
0.0095291,46,-0.48869
0.0095207,46,-0.48869
0.0095123,46,-0.48869
0.0095039,46,-0.48869
0.0094955,46,-0.48869
0.0094871,46,-0.48869
0.0094787,46,-0.48869
0.0094703,46,-0.48869
0.009462,46,-0.48869
0.0094536,46,-0.48869
0.0094453,46,-0.48869
0.0094369,46,-0.48869
0.0094286,46,-0.48869
0.0094203,46,-0.48869
0.0094119,46,-0.48869
0.0094036,46,-0.48869
0.0093953,46,-0.48869
0.009387,46,-0.48869
0.0093787,46,-0.48869
0.0093704,46,-0.48869
0.0093621,46,-0.48869
0.0093539,46,-0.48869
0.0093456,46,-0.48869
0.0093374,46,-0.48869
0.0093291,46,-0.48869
0.0093209,46,-0.48869
0.0093126,46,-0.48869
0.0093044,46,-0.48869
0.0092962,46,-0.48869
0.009288,46,-0.48869
0.0092798,46,-0.48869
0.0092716,46,-0.48869
0.0092634,46,-0.48869
0.0092552,46,-0.48869
0.009247,46,-0.48869
0.0092388,46,-0.48869
0.0092307,46,-0.48869
0.0092225,46,-0.48869
0.0092144,46,-0.48869
0.0092062,46,-0.48869
0.0091981,46,-0.48869
0.00919,46,-0.48869
0.0091818,46,-0.48869
0.0091737,46,-0.48869
0.0091656,46,-0.48869
0.0091575,46,-0.48869
0.0091494,46,-0.48869
0.0091414,46,-0.48869
0.0091333,46,-0.48869
0.0091252,46,-0.48869
0.0091171,46,-0.48869
0.0091091,46,-0.48869
0.009101,46,-0.48869
0.009093,46,-0.48869
0.009085,46,-0.48869
0.0090769,46,-0.48869
0.0090689,46,-0.48869
0.0090609,46,-0.48869
0.0090529,46,-0.48869
0.0090449,46,-0.48869
0.0090369,46,-0.48869
0.0090289,46,-0.48869
0.009021,46,-0.48869
0.009013,46,-0.48869
0.009005,46,-0.48869
0.0089971,46,-0.48869
0.0089891,46,-0.48869
0.0089812,46,-0.48869
0.0089732,46,-0.48869
0.0089653,46,-0.48869
0.0089574,46,-0.48869
0.0089495,46,-0.48869
0.0089416,46,-0.48869
0.0089337,46,-0.48869
0.0089258,46,-0.48869
0.0089179,46,-0.48869
0.00891,46,-0.48869
0.0089021,46,-0.48869
0.0088943,46,-0.48869
0.0088864,46,-0.48869
0.0088786,46,-0.48869
0.0088707,46,-0.48869
0.0088629,46,-0.48869
0.008855,46,-0.48869
0.0088472,46,-0.48869
0.0088394,46,-0.48869
0.0088316,46,-0.48869
0.0088238,46,-0.48869
0.008816,46,-0.48869
0.0088082,46,-0.48869
0.0088004,46,-0.48869
0.0087926,46,-0.48869
0.0087849,46,-0.48869
0.0087771,46,-0.48869
0.0087694,46,-0.48869
0.0087616,46,-0.48869
0.0087539,46,-0.48869
0.0087461,46,-0.48869
0.0087384,46,-0.48869
0.0087307,46,-0.48869
0.008723,46,-0.48869
0.0087153,46,-0.48869
0.0087076,46,-0.48869
0.0086999,46,-0.48869
0.0086922,46,-0.48869
0.0086845,46,-0.48869
0.0086768,46,-0.48869
0.0086692,46,-0.48869
0.0086615,46,-0.48869
0.0086539,46,-0.48869
0.0086462,46,-0.48869
0.0086386,46,-0.48869
0.0086309,46,-0.48869
0.0086233,46,-0.48869
0.0086157,46,-0.48869
0.0086081,46,-0.48869
0.0086005,46,-0.48869
0.0085929,46,-0.48869
0.0085853,46,-0.48869
0.0085777,46,-0.48869
0.0085701,46,-0.48869
0.0085626,46,-0.48869
0.008555,46,-0.48869
0.0085474,46,-0.48869
0.0085399,46,-0.48869
0.0085323,46,-0.48869
0.0085248,46,-0.48869
0.0085173,46,-0.48869
0.0085097,46,-0.48869
0.0085022,46,-0.48869
0.0084947,46,-0.48869
0.0084872,46,-0.48869
0.0084797,46,-0.48869
0.0084722,46,-0.48869
0.0084647,46,-0.48869
0.0084572,46,-0.48869
0.0084498,46,-0.48869
0.0084423,46,-0.48869
0.0084348,46,-0.48869
0.0084274,46,-0.48869
0.0084199,46,-0.48869
0.0084125,46,-0.48869
0.0084051,46,-0.48869
0.0083976,46,-0.48869
0.0083902,46,-0.48869
0.0083828,46,-0.48869
0.0083754,46,-0.48869
0.008368,46,-0.48869
0.0083606,46,-0.48869
0.0083532,46,-0.48869
0.0083458,46,-0.48869
0.0083385,46,-0.48869
0.0083311,46,-0.48869
0.0083237,46,-0.48869
0.0083164,46,-0.48869
0.008309,46,-0.48869
0.0083017,46,-0.48869
0.0082944,46,-0.48869
0.008287,46,-0.48869
0.0082797,46,-0.48869
0.0082724,46,-0.48869
0.0082651,46,-0.48869
0.0082578,46,-0.48869
0.0082505,46,-0.48869
0.0082432,46,-0.48869
0.0082359,46,-0.48869
0.0082286,46,-0.48869
0.0082214,46,-0.48869
0.0082141,46,-0.48869
0.0082069,46,-0.48869
0.0081996,46,-0.48869
0.0081924,46,-0.48869
0.0081851,46,-0.48869
0.0081779,46,-0.48869
0.0081707,46,-0.48869
0.0081634,46,-0.48869
0.0081562,46,-0.48869
0.008149,46,-0.48869
0.0081418,46,-0.48869
0.0081346,46,-0.48869
0.0081274,46,-0.48869
0.0081203,46,-0.48869
0.0081131,46,-0.48869
0.0081059,46,-0.48869
0.0080988,46,-0.48869
0.0080916,46,-0.48869
0.0080845,46,-0.48869
0.0080773,46,-0.48869
0.0080702,46,-0.48869
0.008063,46,-0.48869
0.0080559,46,-0.48869
0.0080488,46,-0.48869
0.0080417,46,-0.48869
0.0080346,46,-0.48869
0.0080275,46,-0.48869
0.0080204,46,-0.48869
0.0080133,46,-0.48869
0.0080062,46,-0.48869
0.0079992,46,-0.48869
0.0079921,46,-0.48869
0.007985,46,-0.48869
0.007978,46,-0.48869
0.0079709,46,-0.48869
0.0079639,46,-0.48869
0.0079568,46,-0.48869
0.0079498,46,-0.48869
0.0079428,46,-0.48869
0.0079358,46,-0.48869
0.0079288,46,-0.48869
0.0079218,46,-0.48869
0.0079148,46,-0.48869
0.0079078,46,-0.48869
0.0079008,46,-0.48869
0.0078938,46,-0.48869
0.0078868,46,-0.48869
0.0078799,46,-0.48869
0.0078729,46,-0.48869
0.0078659,46,-0.48869
0.007859,46,-0.48869
0.007852,46,-0.48869
0.0078451,46,-0.48869
0.0078382,46,-0.48869
0.0078312,46,-0.48869
0.0078243,46,-0.48869
0.0078174,46,-0.48869
0.0078105,46,-0.48869
0.0078036,46,-0.48869
0.0077967,46,-0.48869
0.0077898,46,-0.48869
0.0077829,46,-0.48869
0.0077761,46,-0.48869
0.0077692,46,-0.48869
0.0077623,46,-0.48869
0.0077555,46,-0.48869
0.0077486,46,-0.48869
0.0077418,46,-0.48869
0.0077349,46,-0.48869
0.0077281,46,-0.48869
0.0077213,46,-0.48869
0.0077144,46,-0.48869
0.0077076,46,-0.48869
0.0077008,46,-0.48869
0.007694,46,-0.48869
0.0076872,46,-0.48869
0.0076804,46,-0.48869
0.0076736,46,-0.48869
0.0076669,46,-0.48869
0.0076601,46,-0.48869
0.0076533,46,-0.48869
0.0076466,46,-0.48869
0.0076398,46,-0.48869
0.0076331,46,-0.48869
0.0076263,46,-0.48869
0.0076196,46,-0.48869
0.0076128,46,-0.48869
0.0076061,46,-0.48869
0.0075994,46,-0.48869
0.0075927,46,-0.48869
0.007586,46,-0.48869
0.0075793,46,-0.48869
0.0075726,46,-0.48869
0.0075659,46,-0.48869
0.0075592,46,-0.48869
0.0075525,46,-0.48869
0.0075458,46,-0.48869
0.0075392,46,-0.48869
0.0075325,46,-0.48869
0.0075259,46,-0.48869
0.0075192,46,-0.48869
0.0075126,46,-0.48869
0.0075059,46,-0.48869
0.0074993,46,-0.48869
0.0074927,46,-0.48869
0.0074861,46,-0.48869
0.0074794,46,-0.48869
0.0074728,46,-0.48869
0.0074662,46,-0.48869
0.0074596,46,-0.48869
0.007453,46,-0.48869
0.0074465,46,-0.48869
0.0074399,46,-0.48869
0.0074333,46,-0.48869
0.0074267,46,-0.48869
0.0074202,46,-0.48869
0.0074136,46,-0.48869
0.0074071,46,-0.48869
0.0074005,46,-0.48869
0.007394,46,-0.48869
0.0073874,46,-0.48869
0.0073809,46,-0.48869
0.0073744,46,-0.48869
0.0073679,46,-0.48869
0.0073614,46,-0.48869
0.0073549,46,-0.48869
0.0073484,46,-0.48869
0.0073419,46,-0.48869
0.0073354,46,-0.48869
0.0073289,46,-0.48869
0.0073224,46,-0.48869
0.007316,46,-0.48869
0.0073095,46,-0.48869
0.007303,46,-0.48869
0.0072966,46,-0.48869
0.0072901,46,-0.48869
0.0072837,46,-0.48869
0.0072773,46,-0.48869
0.0072708,46,-0.48869
0.0072644,46,-0.48869
0.007258,46,-0.48869
0.0072516,46,-0.48869
0.0072452,46,-0.48869
0.0072388,46,-0.48869
0.0072324,46,-0.48869
0.007226,46,-0.48869
0.0072196,46,-0.48869
0.0072132,46,-0.48869
0.0072069,46,-0.48869
0.0072005,46,-0.48869
0.0071941,46,-0.48869
0.0071878,46,-0.48869
0.0071814,46,-0.48869
0.0071751,46,-0.48869
0.0071687,46,-0.48869
0.0071624,46,-0.48869
0.0071561,46,-0.48869
0.0071497,46,-0.48869
0.0071434,46,-0.48869
0.0071371,46,-0.48869
0.0071308,46,-0.48869
0.0071245,46,-0.48869
0.0071182,46,-0.48869
0.0071119,46,-0.48869
0.0071056,46,-0.48869
0.0070994,46,-0.48869
0.0070931,46,-0.48869
0.0070868,46,-0.48869
0.0070806,46,-0.48869
0.0070743,46,-0.48869
0.0070681,46,-0.48869
0.0070618,46,-0.48869
0.0070556,46,-0.48869
0.0070493,46,-0.48869
0.0070431,46,-0.48869
0.0070369,46,-0.48869
0.0070307,46,-0.48869
0.0070245,46,-0.48869
0.0070183,46,-0.48869
0.0070121,46,-0.48869
0.0070059,46,-0.48869
0.0069997,46,-0.48869
0.0069935,46,-0.48869
0.0069873,46,-0.48869
0.0069811,46,-0.48869
0.006975,46,-0.48869
0.0069688,46,-0.48869
0.0069626,46,-0.48869
0.0069565,46,-0.48869
0.0069503,46,-0.48869
0.0069442,46,-0.48869
0.0069381,46,-0.48869
0.0069319,46,-0.48869
0.0069258,46,-0.48869
0.0069197,46,-0.48869
0.0069136,46,-0.48869
0.0069075,46,-0.48869
0.0069014,46,-0.48869
0.0068953,46,-0.48869
0.0068892,46,-0.48869
0.0068831,46,-0.48869
0.006877,46,-0.48869
0.0068709,46,-0.48869
0.0068649,46,-0.48869
0.0068588,46,-0.48869
0.0068527,46,-0.48869
0.0068467,46,-0.48869
0.0068406,46,-0.48869
0.0068346,46,-0.48869
0.0068286,46,-0.48869
0.0068225,46,-0.48869
0.0068165,46,-0.48869
0.0068105,46,-0.48869
0.0068045,46,-0.48869
0.0067984,46,-0.48869
0.0067924,46,-0.48869
0.0067864,46,-0.48869
0.0067804,46,-0.48869
0.0067744,46,-0.48869
0.0067685,46,-0.48869
0.0067625,46,-0.48869
0.0067565,46,-0.48869
0.0067505,46,-0.48869
0.0067446,46,-0.48869
0.0067386,46,-0.48869
0.0067327,46,-0.48869
0.0067267,46,-0.48869
0.0067208,46,-0.48869
0.0067148,46,-0.48869
0.0067089,46,-0.48869
0.006703,46,-0.48869
0.006697,46,-0.48869
0.0066911,46,-0.48869
0.0066852,46,-0.48869
0.0066793,46,-0.48869
0.0066734,46,-0.48869
0.0066675,46,-0.48869
0.0066616,46,-0.48869
0.0066557,46,-0.48869
0.0066499,46,-0.48869
0.006644,46,-0.48869
0.0066381,46,-0.48869
0.0066322,46,-0.48869
0.0066264,46,-0.48869
0.0066205,46,-0.48869
0.0066147,46,-0.48869
0.0066088,46,-0.48869
0.006603,46,-0.48869
0.0065972,46,-0.48869
0.0065913,46,-0.48869
0.0065855,46,-0.48869
0.0065797,46,-0.48869
0.0065739,46,-0.48869
0.0065681,46,-0.48869
0.0065623,46,-0.48869
0.0065565,46,-0.48869
0.0065507,46,-0.48869
0.0065449,46,-0.48869
0.0065391,46,-0.48869
0.0065333,46,-0.48869
0.0065276,46,-0.48869
0.0065218,46,-0.48869
0.006516,46,-0.48869
0.0065103,46,-0.48869
0.0065045,46,-0.48869
0.0064988,46,-0.48869
0.006493,46,-0.48869
0.0064873,46,-0.48869
0.0064816,46,-0.48869
0.0064758,46,-0.48869
0.0064701,46,-0.48869
0.0064644,46,-0.48869
0.0064587,46,-0.48869
0.006453,46,-0.48869
0.0064473,46,-0.48869
0.0064416,46,-0.48869
0.0064359,46,-0.48869
0.0064302,46,-0.48869
0.0064245,46,-0.48869
0.0064188,46,-0.48869
0.0064132,46,-0.48869
0.0064075,46,-0.48869
0.0064018,46,-0.48869
0.0063962,46,-0.48869
0.0063905,46,-0.48869
0.0063849,46,-0.48869
0.0063793,46,-0.48869
0.0063736,46,-0.48869
0.006368,46,-0.48869
0.0063624,46,-0.48869
0.0063567,46,-0.48869
0.0063511,46,-0.48869
0.0063455,46,-0.48869
0.0063399,46,-0.48869
0.0063343,46,-0.48869
0.0063287,46,-0.48869
0.0063231,46,-0.48869
0.0063175,46,-0.48869
0.0063119,46,-0.48869
0.0063064,46,-0.48869
0.0063008,46,-0.48869
0.0062952,46,-0.48869
0.0062897,46,-0.48869
0.0062841,46,-0.48869
0.0062786,46,-0.48869
0.006273,46,-0.48869
0.0062675,46,-0.48869
0.0062619,46,-0.48869
0.0062564,46,-0.48869
0.0062509,46,-0.48869
0.0062453,46,-0.48869
0.0062398,46,-0.48869
0.0062343,46,-0.48869
0.0062288,46,-0.48869
0.0062233,46,-0.48869
0.0062178,46,-0.48869
0.0062123,46,-0.48869
0.0062068,46,-0.48869
0.0062013,46,-0.48869
0.0061959,46,-0.48869
0.0061904,46,-0.48869
0.0061849,46,-0.48869
0.0061795,46,-0.48869
0.006174,46,-0.48869
0.0061685,46,-0.48869
0.0061631,46,-0.48869
0.0061576,46,-0.48869
0.0061522,46,-0.48869
0.0061468,46,-0.48869
0.0061413,46,-0.48869
0.0061359,46,-0.48869
0.0061305,46,-0.48869
0.0061251,46,-0.48869
0.0061197,46,-0.48869
0.0061143,46,-0.48869
0.0061088,46,-0.48869
0.0061035,46,-0.48869
0.0060981,46,-0.48869
0.0060927,46,-0.48869
0.0060873,46,-0.48869
0.0060819,46,-0.48869
0.0060765,46,-0.48869
0.0060712,46,-0.48869
0.0060658,46,-0.48869
0.0060604,46,-0.48869
0.0060551,46,-0.48869
0.0060497,46,-0.48869
0.0060444,46,-0.48869
0.0060391,46,-0.48869
0.0060337,46,-0.48869
0.0060284,46,-0.48869
0.0060231,46,-0.48869
0.0060177,46,-0.48869
0.0060124,46,-0.48869
0.0060071,46,-0.48869
0.0060018,46,-0.48869
0.0059965,46,-0.48869
0.0059912,46,-0.48869
0.0059859,46,-0.48869
0.0059806,46,-0.48869
0.0059753,46,-0.48869
0.0059701,46,-0.48869
0.0059648,46,-0.48869
0.0059595,46,-0.48869
0.0059542,46,-0.48869
0.005949,46,-0.48869
0.0059437,46,-0.48869
0.0059385,46,-0.48869
0.0059332,46,-0.48869
0.005928,46,-0.48869
0.0059228,46,-0.48869
0.0059175,46,-0.48869
0.0059123,46,-0.48869
0.0059071,46,-0.48869
0.0059018,46,-0.48869
0.0058966,46,-0.48869
0.0058914,46,-0.48869
0.0058862,46,-0.48869
0.005881,46,-0.48869
0.0058758,46,-0.48869
0.0058706,46,-0.48869
0.0058654,46,-0.48869
0.0058603,46,-0.48869
0.0058551,46,-0.48869
0.0058499,46,-0.48869
0.0058447,46,-0.48869
0.0058396,46,-0.48869
0.0058344,46,-0.48869
0.0058293,46,-0.48869
0.0058241,46,-0.48869
0.005819,46,-0.48869
0.0058138,46,-0.48869
0.0058087,46,-0.48869
0.0058036,46,-0.48869
0.0057984,46,-0.48869
0.0057933,46,-0.48869
0.0057882,46,-0.48869
0.0057831,46,-0.48869
0.005778,46,-0.48869
0.0057729,46,-0.48869
0.0057678,46,-0.48869
0.0057627,46,-0.48869
0.0057576,46,-0.48869
0.0057525,46,-0.48869
0.0057474,46,-0.48869
0.0057423,46,-0.48869
0.0057372,46,-0.48869
0.0057322,46,-0.48869
0.0057271,46,-0.48869
0.0057221,46,-0.48869
0.005717,46,-0.48869
0.0057119,46,-0.48869
0.0057069,46,-0.48869
0.0057019,46,-0.48869
0.0056968,46,-0.48869
0.0056918,46,-0.48869
0.0056868,46,-0.48869
0.0056817,46,-0.48869
0.0056767,46,-0.48869
0.0056717,46,-0.48869
0.0056667,46,-0.48869
0.0056617,46,-0.48869
0.0056567,46,-0.48869
0.0056517,46,-0.48869
0.0056467,46,-0.48869
0.0056417,46,-0.48869
0.0056367,46,-0.48869
0.0056317,46,-0.48869
0.0056268,46,-0.48869
0.0056218,46,-0.48869
0.0056168,46,-0.48869
0.0056119,46,-0.48869
0.0056069,46,-0.48869
0.0056019,46,-0.48869
0.005597,46,-0.48869
0.0055921,46,-0.48869
0.0055871,46,-0.48869
0.0055822,46,-0.48869
0.0055772,46,-0.48869
0.0055723,46,-0.48869
0.0055674,46,-0.48869
0.0055625,46,-0.48869
0.0055576,46,-0.48869
0.0055526,46,-0.48869
0.0055477,46,-0.48869
0.0055428,46,-0.48869
0.0055379,46,-0.48869
0.005533,46,-0.48869
0.0055282,46,-0.48869
0.0055233,46,-0.48869
0.0055184,46,-0.48869
0.0055135,46,-0.48869
0.0055086,46,-0.48869
0.0055038,46,-0.48869
0.0054989,46,-0.48869
0.0054941,46,-0.48869
0.0054892,46,-0.48869
0.0054844,46,-0.48869
0.0054795,46,-0.48869
0.0054747,46,-0.48869
0.0054698,46,-0.48869
0.005465,46,-0.48869
0.0054602,46,-0.48869
0.0054553,46,-0.48869
0.0054505,46,-0.48869
0.0054457,46,-0.48869
0.0054409,46,-0.48869
0.0054361,46,-0.48869
0.0054313,46,-0.48869
0.0054265,46,-0.48869
0.0054217,46,-0.48869
0.0054169,46,-0.48869
0.0054121,46,-0.48869
0.0054073,46,-0.48869
0.0054026,46,-0.48869
0.0053978,46,-0.48869
0.005393,46,-0.48869
0.0053883,46,-0.48869
0.0053835,46,-0.48869
0.0053787,46,-0.48869
0.005374,46,-0.48869
0.0053692,46,-0.48869
0.0053645,46,-0.48869
0.0053598,46,-0.48869
0.005355,46,-0.48869
0.0053503,46,-0.48869
0.0053456,46,-0.48869
0.0053408,46,-0.48869
0.0053361,46,-0.48869
0.0053314,46,-0.48869
0.0053267,46,-0.48869
0.005322,46,-0.48869
0.0053173,46,-0.48869
0.0053126,46,-0.48869
0.0053079,46,-0.48869
0.0053032,46,-0.48869
0.0052985,46,-0.48869
0.0052938,46,-0.48869
0.0052892,46,-0.48869
0.0052845,46,-0.48869
0.0052798,46,-0.48869
0.0052752,46,-0.48869
0.0052705,46,-0.48869
0.0052658,46,-0.48869
0.0052612,46,-0.48869
0.0052565,46,-0.48869
0.0052519,46,-0.48869
0.0052472,46,-0.48869
0.0052426,46,-0.48869
0.005238,46,-0.48869
0.0052334,46,-0.48869
0.0052287,46,-0.48869
0.0052241,46,-0.48869
0.0052195,46,-0.48869
0.0052149,46,-0.48869
0.0052103,46,-0.48869
0.0052057,46,-0.48869
0.0052011,46,-0.48869
0.0051965,46,-0.48869
0.0051919,46,-0.48869
0.0051873,46,-0.48869
0.0051827,46,-0.48869
0.0051781,46,-0.48869
0.0051736,46,-0.48869
0.005169,46,-0.48869
0.0051644,46,-0.48869
0.0051599,46,-0.48869
0.0051553,46,-0.48869
0.0051507,46,-0.48869
0.0051462,46,-0.48869
0.0051416,46,-0.48869
0.0051371,46,-0.48869
0.0051326,46,-0.48869
0.005128,46,-0.48869
0.0051235,46,-0.48869
0.005119,46,-0.48869
0.0051145,46,-0.48869
0.0051099,46,-0.48869
0.0051054,46,-0.48869
0.0051009,46,-0.48869
0.0050964,46,-0.48869
0.0050919,46,-0.48869
0.0050874,46,-0.48869
0.0050829,46,-0.48869
0.0050784,46,-0.48869
0.0050739,46,-0.48869
0.0050694,46,-0.48869
0.005065,46,-0.48869
0.0050605,46,-0.48869
0.005056,46,-0.48869
0.0050516,46,-0.48869
0.0050471,46,-0.48869
0.0050426,46,-0.48869
0.0050382,46,-0.48869
0.0050337,46,-0.48869
0.0050293,46,-0.48869
0.0050248,46,-0.48869
0.0050204,46,-0.48869
0.005016,46,-0.48869
0.0050115,46,-0.48869
0.0050071,46,-0.48869
0.0050027,46,-0.48869
0.0049983,46,-0.48869
0.0049938,46,-0.48869
0.0049894,46,-0.48869
0.004985,46,-0.48869
0.0049806,46,-0.48869
0.0049762,46,-0.48869
0.0049718,46,-0.48869
0.0049674,46,-0.48869
0.004963,46,-0.48869
0.0049586,46,-0.48869
0.0049543,46,-0.48869
0.0049499,46,-0.48869
0.0049455,46,-0.48869
0.0049411,46,-0.48869
0.0049368,46,-0.48869
0.0049324,46,-0.48869
0.0049281,46,-0.48869
0.0049237,46,-0.48869
0.0049194,46,-0.48869
0.004915,46,-0.48869
0.0049107,46,-0.48869
0.0049063,46,-0.48869
0.004902,46,-0.48869
0.0048977,46,-0.48869
0.0048933,46,-0.48869
0.004889,46,-0.48869
0.0048847,46,-0.48869
0.0048804,46,-0.48869
0.0048761,46,-0.48869
0.0048718,46,-0.48869
0.0048675,46,-0.48869
0.0048632,46,-0.48869
0.0048589,46,-0.48869
0.0048546,46,-0.48869
0.0048503,46,-0.48869
0.004846,46,-0.48869
0.0048417,46,-0.48869
0.0048374,46,-0.48869
0.0048332,46,-0.48869
0.0048289,46,-0.48869
0.0048246,46,-0.48869
0.0048204,46,-0.48869
0.0048161,46,-0.48869
0.0048118,46,-0.48869
0.0048076,46,-0.48869
0.0048033,46,-0.48869
0.0047991,46,-0.48869
0.0047949,46,-0.48869
0.0047906,46,-0.48869
0.0047864,46,-0.48869
0.0047822,46,-0.48869
0.0047779,46,-0.48869
0.0047737,46,-0.48869
0.0047695,46,-0.48869
0.0047653,46,-0.48869
0.0047611,46,-0.48869
0.0047569,46,-0.48869
0.0047527,46,-0.48869
0.0047485,46,-0.48869
0.0047443,46,-0.48869
0.0047401,46,-0.48869
0.0047359,46,-0.48869
0.0047317,46,-0.48869
0.0047275,46,-0.48869
0.0047233,46,-0.48869
0.0047192,46,-0.48869
0.004715,46,-0.48869
0.0047108,46,-0.48869
0.0047067,46,-0.48869
0.0047025,46,-0.48869
0.0046984,46,-0.48869
0.0046942,46,-0.48869
0.0046901,46,-0.48869
0.0046859,46,-0.48869
0.0046818,46,-0.48869
0.0046776,46,-0.48869
0.0046735,46,-0.48869
0.0046694,46,-0.48869
0.0046653,46,-0.48869
0.0046611,46,-0.48869
0.004657,46,-0.48869
0.0046529,46,-0.48869
0.0046488,46,-0.48869
0.0046447,46,-0.48869
0.0046406,46,-0.48869
0.0046365,46,-0.48869
0.0046324,46,-0.48869
0.0046283,46,-0.48869
0.0046242,46,-0.48869
0.0046201,46,-0.48869
0.004616,46,-0.48869
0.004612,46,-0.48869
0.0046079,46,-0.48869
0.0046038,46,-0.48869
0.0045997,46,-0.48869
0.0045957,46,-0.48869
0.0045916,46,-0.48869
0.0045876,46,-0.48869
0.0045835,46,-0.48869
0.0045795,46,-0.48869
0.0045754,46,-0.48869
0.0045714,46,-0.48869
0.0045673,46,-0.48869
0.0045633,46,-0.48869
0.0045593,46,-0.48869
0.0045552,46,-0.48869
0.0045512,46,-0.48869
0.0045472,46,-0.48869
0.0045432,46,-0.48869
0.0045392,46,-0.48869
0.0045351,46,-0.48869
0.0045311,46,-0.48869
0.0045271,46,-0.48869
0.0045231,46,-0.48869
0.0045191,46,-0.48869
0.0045151,46,-0.48869
0.0045112,46,-0.48869
0.0045072,46,-0.48869
0.0045032,46,-0.48869
0.0044992,46,-0.48869
0.0044952,46,-0.48869
0.0044913,46,-0.48869
0.0044873,46,-0.48869
0.0044833,46,-0.48869
0.0044794,46,-0.48869
0.0044754,46,-0.48869
0.0044715,46,-0.48869
0.0044675,46,-0.48869
0.0044636,46,-0.48869
0.0044596,46,-0.48869
0.0044557,46,-0.48869
0.0044517,46,-0.48869
0.0044478,46,-0.48869
0.0044439,46,-0.48869
0.0044399,46,-0.48869
0.004436,46,-0.48869
0.0044321,46,-0.48869
0.0044282,46,-0.48869
0.0044243,46,-0.48869
0.0044204,46,-0.48869
0.0044165,46,-0.48869
0.0044126,46,-0.48869
0.0044087,46,-0.48869
0.0044048,46,-0.48869
0.0044009,46,-0.48869
0.004397,46,-0.48869
0.0043931,46,-0.48869
0.0043892,46,-0.48869
0.0043853,46,-0.48869
0.0043815,46,-0.48869
0.0043776,46,-0.48869
0.0043737,46,-0.48869
0.0043699,46,-0.48869
0.004366,46,-0.48869
0.0043621,46,-0.48869
0.0043583,46,-0.48869
0.0043544,46,-0.48869
0.0043506,46,-0.48869
0.0043468,46,-0.48869
0.0043429,46,-0.48869
0.0043391,46,-0.48869
0.0043352,46,-0.48869
0.0043314,46,-0.48869
0.0043276,46,-0.48869
0.0043238,46,-0.48869
0.0043199,46,-0.48869
0.0043161,46,-0.48869
0.0043123,46,-0.48869
0.0043085,46,-0.48869
0.0043047,46,-0.48869
0.0043009,46,-0.48869
0.0042971,46,-0.48869
0.0042933,46,-0.48869
0.0042895,46,-0.48869
0.0042857,46,-0.48869
0.0042819,46,-0.48869
0.0042781,46,-0.48869
0.0042744,46,-0.48869
0.0042706,46,-0.48869
0.0042668,46,-0.48869
0.004263,46,-0.48869
0.0042593,46,-0.48869
0.0042555,46,-0.48869
0.0042518,46,-0.48869
0.004248,46,-0.48869
0.0042442,46,-0.48869
0.0042405,46,-0.48869
0.0042367,46,-0.48869
0.004233,46,-0.48869
0.0042293,46,-0.48869
0.0042255,46,-0.48869
0.0042218,46,-0.48869
0.0042181,46,-0.48869
0.0042143,46,-0.48869
0.0042106,46,-0.48869
0.0042069,46,-0.48869
0.0042032,46,-0.48869
0.0041995,46,-0.48869
0.0041958,46,-0.48869
0.004192,46,-0.48869
0.0041883,46,-0.48869
0.0041846,46,-0.48869
0.0041809,46,-0.48869
0.0041772,46,-0.48869
0.0041736,46,-0.48869
0.0041699,46,-0.48869
0.0041662,46,-0.48869
0.0041625,46,-0.48869
0.0041588,46,-0.48869
0.0041552,46,-0.48869
0.0041515,46,-0.48869
0.0041478,46,-0.48869
0.0041441,46,-0.48869
0.0041405,46,-0.48869
0.0041368,46,-0.48869
0.0041332,46,-0.48869
0.0041295,46,-0.48869
0.0041259,46,-0.48869
0.0041222,46,-0.48869
0.0041186,46,-0.48869
0.0041149,46,-0.48869
0.0041113,46,-0.48869
0.0041077,46,-0.48869
0.004104,46,-0.48869
0.0041004,46,-0.48869
0.0040968,46,-0.48869
0.0040932,46,-0.48869
0.0040896,46,-0.48869
0.004086,46,-0.48869
0.0040823,46,-0.48869
0.0040787,46,-0.48869
0.0040751,46,-0.48869
0.0040715,46,-0.48869
0.0040679,46,-0.48869
0.0040643,46,-0.48869
0.0040607,46,-0.48869
0.0040572,46,-0.48869
0.0040536,46,-0.48869
0.00405,46,-0.48869
0.0040464,46,-0.48869
0.0040428,46,-0.48869
0.0040393,46,-0.48869
0.0040357,46,-0.48869
0.0040321,46,-0.48869
0.0040286,46,-0.48869
0.004025,46,-0.48869
0.0040215,46,-0.48869
0.0040179,46,-0.48869
0.0040144,46,-0.48869
0.0040108,46,-0.48869
0.0040073,46,-0.48869
0.0040037,46,-0.48869
0.0040002,46,-0.48869
0.0039967,46,-0.48869
0.0039931,46,-0.48869
0.0039896,46,-0.48869
0.0039861,46,-0.48869
0.0039825,46,-0.48869
0.003979,46,-0.48869
0.0039755,46,-0.48869
0.003972,46,-0.48869
0.0039685,46,-0.48869
0.003965,46,-0.48869
0.0039615,46,-0.48869
0.003958,46,-0.48869
0.0039545,46,-0.48869
0.003951,46,-0.48869
0.0039475,46,-0.48869
0.003944,46,-0.48869
0.0039405,46,-0.48869
0.003937,46,-0.48869
0.0039336,46,-0.48869
0.0039301,46,-0.48869
0.0039266,46,-0.48869
0.0039231,46,-0.48869
0.0039197,46,-0.48869
0.0039162,46,-0.48869
0.0039128,46,-0.48869
0.0039093,46,-0.48869
0.0039058,46,-0.48869
0.0039024,46,-0.48869
0.0038989,46,-0.48869
0.0038955,46,-0.48869
0.0038921,46,-0.48869
0.0038886,46,-0.48869
0.0038852,46,-0.48869
0.0038818,46,-0.48869
0.0038783,46,-0.48869
0.0038749,46,-0.48869
0.0038715,46,-0.48869
0.0038681,46,-0.48869
0.0038646,46,-0.48869
0.0038612,46,-0.48869
0.0038578,46,-0.48869
0.0038544,46,-0.48869
0.003851,46,-0.48869
0.0038476,46,-0.48869
0.0038442,46,-0.48869
0.0038408,46,-0.48869
0.0038374,46,-0.48869
0.003834,46,-0.48869
0.0038306,46,-0.48869
0.0038272,46,-0.48869
0.0038239,46,-0.48869
0.0038205,46,-0.48869
0.0038171,46,-0.48869
0.0038137,46,-0.48869
0.0038104,46,-0.48869
0.003807,46,-0.48869
0.0038036,46,-0.48869
0.0038003,46,-0.48869
0.0037969,46,-0.48869
0.0037936,46,-0.48869
0.0037902,46,-0.48869
0.0037869,46,-0.48869
0.0037835,46,-0.48869
0.0037802,46,-0.48869
0.0037768,46,-0.48869
0.0037735,46,-0.48869
0.0037702,46,-0.48869
0.0037668,46,-0.48869
0.0037635,46,-0.48869
0.0037602,46,-0.48869
0.0037569,46,-0.48869
0.0037535,46,-0.48869
0.0037502,46,-0.48869
0.0037469,46,-0.48869
0.0037436,46,-0.48869
0.0037403,46,-0.48869
0.003737,46,-0.48869
0.0037337,46,-0.48869
0.0037304,46,-0.48869
0.0037271,46,-0.48869
0.0037238,46,-0.48869
0.0037205,46,-0.48869
0.0037172,46,-0.48869
0.0037139,46,-0.48869
0.0037107,46,-0.48869
0.0037074,46,-0.48869
0.0037041,46,-0.48869
0.0037008,46,-0.48869
0.0036976,46,-0.48869
0.0036943,46,-0.48869
0.003691,46,-0.48869
0.0036878,46,-0.48869
0.0036845,46,-0.48869
0.0036813,46,-0.48869
0.003678,46,-0.48869
0.0036747,46,-0.48869
0.0036715,46,-0.48869
0.0036683,46,-0.48869
0.003665,46,-0.48869
0.0036618,46,-0.48869
0.0036585,46,-0.48869
0.0036553,46,-0.48869
0.0036521,46,-0.48869
0.0036489,46,-0.48869
0.0036456,46,-0.48869
0.0036424,46,-0.48869
0.0036392,46,-0.48869
0.003636,46,-0.48869
0.0036328,46,-0.48869
0.0036296,46,-0.48869
0.0036263,46,-0.48869
0.0036231,46,-0.48869
0.0036199,46,-0.48869
0.0036167,46,-0.48869
0.0036135,46,-0.48869
0.0036104,46,-0.48869
0.0036072,46,-0.48869
0.003604,46,-0.48869
0.0036008,46,-0.48869
0.0035976,46,-0.48869
0.0035944,46,-0.48869
0.0035913,46,-0.48869
0.0035881,46,-0.48869
0.0035849,46,-0.48869
0.0035817,46,-0.48869
0.0035786,46,-0.48869
0.0035754,46,-0.48869
0.0035723,46,-0.48869
0.0035691,46,-0.48869
0.003566,46,-0.48869
0.0035628,46,-0.48869
0.0035597,46,-0.48869
0.0035565,46,-0.48869
0.0035534,46,-0.48869
0.0035502,46,-0.48869
0.0035471,46,-0.48869
0.003544,46,-0.48869
0.0035408,46,-0.48869
0.0035377,46,-0.48869
0.0035346,46,-0.48869
0.0035314,46,-0.48869
0.0035283,46,-0.48869
0.0035252,46,-0.48869
0.0035221,46,-0.48869
0.003519,46,-0.48869
0.0035159,46,-0.48869
0.0035128,46,-0.48869
0.0035097,46,-0.48869
0.0035066,46,-0.48869
0.0035035,46,-0.48869
0.0035004,46,-0.48869
0.0034973,46,-0.48869
0.0034942,46,-0.48869
0.0034911,46,-0.48869
0.003488,46,-0.48869
0.0034849,46,-0.48869
0.0034819,46,-0.48869
0.0034788,46,-0.48869
0.0034757,46,-0.48869
0.0034726,46,-0.48869
0.0034696,46,-0.48869
0.0034665,46,-0.48869
0.0034634,46,-0.48869
0.0034604,46,-0.48869
0.0034573,46,-0.48869
0.0034543,46,-0.48869
0.0034512,46,-0.48869
0.0034482,46,-0.48869
0.0034451,46,-0.48869
0.0034421,46,-0.48869
0.003439,46,-0.48869
0.003436,46,-0.48869
0.003433,46,-0.48869
0.0034299,46,-0.48869
0.0034269,46,-0.48869
0.0034239,46,-0.48869
0.0034208,46,-0.48869
0.0034178,46,-0.48869
0.0034148,46,-0.48869
0.0034118,46,-0.48869
0.0034088,46,-0.48869
0.0034058,46,-0.48869
0.0034027,46,-0.48869
0.0033997,46,-0.48869
0.0033967,46,-0.48869
0.0033937,46,-0.48869
0.0033907,46,-0.48869
0.0033877,46,-0.48869
0.0033848,46,-0.48869
0.0033818,46,-0.48869
0.0033788,46,-0.48869
0.0033758,46,-0.48869
0.0033728,46,-0.48869
0.0033698,46,-0.48869
0.0033668,46,-0.48869
0.0033639,46,-0.48869
0.0033609,46,-0.48869
0.0033579,46,-0.48869
0.003355,46,-0.48869
0.003352,46,-0.48869
0.003349,46,-0.48869
0.0033461,46,-0.48869
0.0033431,46,-0.48869
0.0033402,46,-0.48869
0.0033372,46,-0.48869
0.0033343,46,-0.48869
0.0033313,46,-0.48869
0.0033284,46,-0.48869
0.0033254,46,-0.48869
0.0033225,46,-0.48869
0.0033196,46,-0.48869
0.0033166,46,-0.48869
0.0033137,46,-0.48869
0.0033108,46,-0.48869
0.0033078,46,-0.48869
0.0033049,46,-0.48869
0.003302,46,-0.48869
0.0032991,46,-0.48869
0.0032962,46,-0.48869
0.0032933,46,-0.48869
0.0032904,46,-0.48869
0.0032874,46,-0.48869
0.0032845,46,-0.48869
0.0032816,46,-0.48869
0.0032787,46,-0.48869
0.0032758,46,-0.48869
0.0032729,46,-0.48869
0.0032701,46,-0.48869
0.0032672,46,-0.48869
0.0032643,46,-0.48869
0.0032614,46,-0.48869
0.0032585,46,-0.48869
0.0032556,46,-0.48869
0.0032528,46,-0.48869
0.0032499,46,-0.48869
0.003247,46,-0.48869
0.0032441,46,-0.48869
0.0032413,46,-0.48869
0.0032384,46,-0.48869
0.0032356,46,-0.48869
0.0032327,46,-0.48869
0.0032298,46,-0.48869
0.003227,46,-0.48869
0.0032241,46,-0.48869
0.0032213,46,-0.48869
0.0032184,46,-0.48869
0.0032156,46,-0.48869
0.0032128,46,-0.48869
0.0032099,46,-0.48869
0.0032071,46,-0.48869
0.0032042,46,-0.48869
0.0032014,46,-0.48869
0.0031986,46,-0.48869
0.0031958,46,-0.48869
0.0031929,46,-0.48869
0.0031901,46,-0.48869
0.0031873,46,-0.48869
0.0031845,46,-0.48869
0.0031817,46,-0.48869
0.0031789,46,-0.48869
0.003176,46,-0.48869
0.0031732,46,-0.48869
0.0031704,46,-0.48869
0.0031676,46,-0.48869
0.0031648,46,-0.48869
0.003162,46,-0.48869
0.0031592,46,-0.48869
0.0031565,46,-0.48869
0.0031537,46,-0.48869
0.0031509,46,-0.48869
0.0031481,46,-0.48869
0.0031453,46,-0.48869
0.0031425,46,-0.48869
0.0031398,46,-0.48869
0.003137,46,-0.48869
0.0031342,46,-0.48869
0.0031314,46,-0.48869
0.0031287,46,-0.48869
0.0031259,46,-0.48869
0.0031232,46,-0.48869
0.0031204,46,-0.48869
0.0031176,46,-0.48869
0.0031149,46,-0.48869
0.0031121,46,-0.48869
0.0031094,46,-0.48869
0.0031066,46,-0.48869
0.0031039,46,-0.48869
0.0031011,46,-0.48869
0.0030984,46,-0.48869
0.0030957,46,-0.48869
0.0030929,46,-0.48869
0.0030902,46,-0.48869
0.0030875,46,-0.48869
0.0030847,46,-0.48869
0.003082,46,-0.48869
0.0030793,46,-0.48869
0.0030766,46,-0.48869
0.0030739,46,-0.48869
0.0030711,46,-0.48869
0.0030684,46,-0.48869
0.0030657,46,-0.48869
0.003063,46,-0.48869
0.0030603,46,-0.48869
0.0030576,46,-0.48869
0.0030549,46,-0.48869
0.0030522,46,-0.48869
0.0030495,46,-0.48869
0.0030468,46,-0.48869
0.0030441,46,-0.48869
0.0030414,46,-0.48869
0.0030387,46,-0.48869
0.0030361,46,-0.48869
0.0030334,46,-0.48869
0.0030307,46,-0.48869
0.003028,46,-0.48869
0.0030253,46,-0.48869
0.0030227,46,-0.48869
0.00302,46,-0.48869
0.0030173,46,-0.48869
0.0030147,46,-0.48869
0.003012,46,-0.48869
0.0030093,46,-0.48869
0.0030067,46,-0.48869
0.003004,46,-0.48869
0.0030014,46,-0.48869
0.0029987,46,-0.48869
0.0029961,46,-0.48869
0.0029934,46,-0.48869
0.0029908,46,-0.48869
0.0029881,46,-0.48869
0.0029855,46,-0.48869
0.0029829,46,-0.48869
0.0029802,46,-0.48869
0.0029776,46,-0.48869
0.002975,46,-0.48869
0.0029723,46,-0.48869
0.0029697,46,-0.48869
0.0029671,46,-0.48869
0.0029645,46,-0.48869
0.0029618,46,-0.48869
0.0029592,46,-0.48869
0.0029566,46,-0.48869
0.002954,46,-0.48869
0.0029514,46,-0.48869
0.0029488,46,-0.48869
0.0029462,46,-0.48869
0.0029436,46,-0.48869
0.002941,46,-0.48869
0.0029384,46,-0.48869
0.0029358,46,-0.48869
0.0029332,46,-0.48869
0.0029306,46,-0.48869
0.002928,46,-0.48869
0.0029254,46,-0.48869
0.0029228,46,-0.48869
0.0029202,46,-0.48869
0.0029177,46,-0.48869
0.0029151,46,-0.48869
0.0029125,46,-0.48869
0.0029099,46,-0.48869
0.0029074,46,-0.48869
0.0029048,46,-0.48869
0.0029022,46,-0.48869
0.0028997,46,-0.48869
0.0028971,46,-0.48869
0.0028945,46,-0.48869
0.002892,46,-0.48869
0.0028894,46,-0.48869
0.0028869,46,-0.48869
0.0028843,46,-0.48869
0.0028818,46,-0.48869
0.0028792,46,-0.48869
0.0028767,46,-0.48869
0.0028741,46,-0.48869
0.0028716,46,-0.48869
0.0028691,46,-0.48869
0.0028665,46,-0.48869
0.002864,46,-0.48869
0.0028615,46,-0.48869
0.0028589,46,-0.48869
0.0028564,46,-0.48869
0.0028539,46,-0.48869
0.0028514,46,-0.48869
0.0028489,46,-0.48869
0.0028463,46,-0.48869
0.0028438,46,-0.48869
0.0028413,46,-0.48869
0.0028388,46,-0.48869
0.0028363,46,-0.48869
0.0028338,46,-0.48869
0.0028313,46,-0.48869
0.0028288,46,-0.48869
0.0028263,46,-0.48869
0.0028238,46,-0.48869
0.0028213,46,-0.48869
0.0028188,46,-0.48869
0.0028163,46,-0.48869
0.0028138,46,-0.48869
0.0028113,46,-0.48869
0.0028088,46,-0.48869
0.0028064,46,-0.48869
0.0028039,46,-0.48869
0.0028014,46,-0.48869
0.0027989,46,-0.48869
0.0027965,46,-0.48869
0.002794,46,-0.48869
0.0027915,46,-0.48869
0.0027891,46,-0.48869
0.0027866,46,-0.48869
0.0027841,46,-0.48869
0.0027817,46,-0.48869
0.0027792,46,-0.48869
0.0027768,46,-0.48869
0.0027743,46,-0.48869
0.0027718,46,-0.48869
0.0027694,46,-0.48869
0.002767,46,-0.48869
0.0027645,46,-0.48869
