0,133,-2.9317e-05
32.083,133,-2.9611e-05
331.31,133,-2.9909e-05
311.23,133,-3.0209e-05
-252.76,133,-3.0513e-05
-287.31,133,-3.082e-05
-98.791,133,-3.1129e-05
-26.32,133,-3.1442e-05
-7.4707,133,-3.1758e-05
-2.49,133,-3.2077e-05
-1.0274,133,-3.24e-05
-0.54711,133,-3.2725e-05
-0.3736,133,-3.3054e-05
-0.30644,133,-3.3386e-05
-0.27969,133,-3.3722e-05
-0.26959,133,-3.4061e-05
-0.26684,133,-3.4403e-05
-0.26756,133,-3.4749e-05
-0.26999,133,-3.5098e-05
-0.27332,133,-3.5451e-05
-0.27715,133,-3.5807e-05
-0.28125,133,-3.6167e-05
-0.28551,133,-3.653e-05
-0.28988,133,-3.6898e-05
-0.29431,133,-3.7268e-05
-0.29879,133,-3.7643e-05
-0.30329,133,-3.8021e-05
-0.30781,133,-3.8403e-05
-0.31235,133,-3.8789e-05
-0.3169,133,-3.9179e-05
-0.32145,133,-3.9573e-05
-0.32601,133,-3.997e-05
-0.33057,133,-4.0372e-05
-0.33514,133,-4.0778e-05
-0.33971,133,-4.1188e-05
-0.34428,133,-4.1602e-05
-0.34885,133,-4.202e-05
-0.35342,133,-4.2442e-05
-0.35799,133,-4.2868e-05
-0.36257,133,-4.3299e-05
-0.36714,133,-4.3734e-05
-0.37172,133,-4.4174e-05
-0.3763,133,-4.4618e-05
-0.38088,133,-4.5066e-05
-0.38546,133,-4.5519e-05
-0.39005,133,-4.5976e-05
-0.39464,133,-4.6439e-05
-0.39923,133,-4.6905e-05
-0.40384,133,-4.7377e-05
-0.40844,133,-4.7853e-05
-0.41306,133,-4.8334e-05
-0.41768,133,-4.8819e-05
-0.42232,133,-4.931e-05
-0.42696,133,-4.9805e-05
-0.43162,133,-5.0306e-05
-0.43629,133,-5.0812e-05
-0.44097,133,-5.1322e-05
-0.44567,133,-5.1838e-05
-0.45039,133,-5.2359e-05
-0.45512,133,-5.2885e-05
-0.45988,133,-5.3416e-05
-0.46466,133,-5.3953e-05
-0.46946,133,-5.4495e-05
-0.47429,133,-5.5043e-05
-0.47915,133,-5.5596e-05
-0.48404,133,-5.6155e-05
-0.48896,133,-5.6719e-05
-0.49391,133,-5.7289e-05
-0.4989,133,-5.7865e-05
-0.50393,133,-5.8446e-05
-0.50899,133,-5.9034e-05
-0.5141,133,-5.9627e-05
-0.51925,133,-6.0226e-05
-0.52445,133,-6.0831e-05
-0.5297,133,-6.1443e-05
-0.535,133,-6.206e-05
-0.54035,133,-6.2684e-05
-0.54576,133,-6.3314e-05
-0.55122,133,-6.395e-05
-0.55675,133,-6.4593e-05
-0.56233,133,-6.5242e-05
-0.56799,133,-6.5897e-05
-0.57371,133,-6.656e-05
-0.5795,133,-6.7229e-05
-0.58536,133,-6.7904e-05
-0.59129,133,-6.8586e-05
-0.59731,133,-6.9276e-05
-0.6034,133,-6.9972e-05
-0.60957,133,-7.0675e-05
-0.61583,133,-7.1385e-05
-0.62217,133,-7.2103e-05
-0.6286,133,-7.2827e-05
-0.63512,133,-7.3559e-05
-0.64174,133,-7.4298e-05
-0.64845,133,-7.5045e-05
-0.65525,133,-7.5799e-05
-0.66216,133,-7.6561e-05
-0.66916,133,-7.733e-05
-0.67627,133,-7.8107e-05
-0.68349,133,-7.8892e-05
-0.69081,133,-7.9685e-05
-0.69824,133,-8.0485e-05
-0.70578,133,-8.1294e-05
-0.71344,133,-8.2111e-05
-0.72121,133,-8.2936e-05
-0.72909,133,-8.377e-05
-0.7371,133,-8.4612e-05
-0.74522,133,-8.5462e-05
-0.75347,133,-8.6321e-05
-0.76183,133,-8.7188e-05
-0.77033,133,-8.8064e-05
-0.77895,133,-8.8949e-05
-0.78769,133,-8.9843e-05
-0.79657,133,-9.0746e-05
-0.80558,133,-9.1658e-05
-0.81471,133,-9.2579e-05
-0.82398,133,-9.3509e-05
-0.83339,133,-9.4449e-05
-0.84293,133,-9.5398e-05
-0.8526,133,-9.6356e-05
-0.86242,133,-9.7325e-05
-0.87237,133,-9.8302e-05
-0.88246,133,-9.929e-05
-0.89269,133,-0.00010029
-0.90307,133,-0.0001013
-0.91358,133,-0.00010231
-0.92424,133,-0.00010334
-0.93505,133,-0.00010438
-0.946,133,-0.00010543
-0.95709,133,-0.00010649
-0.96833,133,-0.00010756
-0.97972,133,-0.00010864
-0.99126,133,-0.00010973
-1.003,133,-0.00011083
-1.0148,133,-0.00011195
-1.0268,133,-0.00011307
-1.0389,133,-0.00011421
-1.0512,133,-0.00011536
-1.0637,133,-0.00011652
-1.0763,133,-0.00011769
-1.089,133,-0.00011887
-1.1019,133,-0.00012006
-1.115,133,-0.00012127
-1.1282,133,-0.00012249
-1.1416,133,-0.00012372
-1.1552,133,-0.00012496
-1.1689,133,-0.00012622
-1.1827,133,-0.00012749
-1.1968,133,-0.00012877
-1.211,133,-0.00013006
-1.2253,133,-0.00013137
-1.2399,133,-0.00013269
-1.2545,133,-0.00013402
-1.2694,133,-0.00013537
-1.2844,133,-0.00013673
-1.2996,133,-0.0001381
-1.315,133,-0.00013949
-1.3306,133,-0.00014089
-1.3463,133,-0.00014231
-1.3622,133,-0.00014374
-1.3783,133,-0.00014518
-1.3945,133,-0.00014664
-1.411,133,-0.00014811
-1.4276,133,-0.0001496
-1.4444,133,-0.0001511
-1.4614,133,-0.00015262
-1.4786,133,-0.00015416
-1.496,133,-0.0001557
-1.5136,133,-0.00015727
-1.5313,133,-0.00015885
-1.5493,133,-0.00016045
-1.5675,133,-0.00016206
-1.5859,133,-0.00016369
-1.6045,133,-0.00016533
-1.6233,133,-0.00016699
-1.6423,133,-0.00016867
-1.6615,133,-0.00017036
-1.6809,133,-0.00017208
-1.7006,133,-0.0001738
-1.7205,133,-0.00017555
-1.7406,133,-0.00017731
-1.7609,133,-0.0001791
-1.7815,133,-0.0001809
-1.8023,133,-0.00018271
-1.8234,133,-0.00018455
-1.8447,133,-0.0001864
-1.8662,133,-0.00018828
-1.888,133,-0.00019017
-1.9101,133,-0.00019208
-1.9324,133,-0.00019401
-1.955,133,-0.00019596
-1.9778,133,-0.00019793
-2.001,133,-0.00019991
-2.0244,133,-0.00020192
-2.048,133,-0.00020395
-2.072,133,-0.000206
-2.0963,133,-0.00020807
-2.1208,133,-0.00021016
-2.1457,133,-0.00021227
-2.1708,133,-0.00021441
-2.1963,133,-0.00021656
-2.2221,133,-0.00021874
-2.2482,133,-0.00022093
-2.2746,133,-0.00022315
-2.3013,133,-0.00022539
-2.3284,133,-0.00022766
-2.3558,133,-0.00022995
-2.3836,133,-0.00023226
-2.4117,133,-0.00023459
-2.4402,133,-0.00023695
-2.469,133,-0.00023933
-2.4983,133,-0.00024173
-2.5278,133,-0.00024416
-2.5578,133,-0.00024661
-2.5881,133,-0.00024909
-2.6189,133,-0.00025159
-2.65,133,-0.00025412
-2.6815,133,-0.00025667
-2.7135,133,-0.00025925
-2.7458,133,-0.00026186
-2.7786,133,-0.00026449
-2.8118,133,-0.00026714
-2.8454,133,-0.00026983
-2.8795,133,-0.00027254
-2.914,133,-0.00027528
-2.949,133,-0.00027804
-2.9844,133,-0.00028083
-3.0203,133,-0.00028366
-3.0567,133,-0.00028651
-3.0935,133,-0.00028938
-3.1309,133,-0.00029229
-3.1687,133,-0.00029523
-3.207,133,-0.00029819
-3.2459,133,-0.00030119
-3.2852,133,-0.00030421
-3.3251,133,-0.00030727
-3.3654,133,-0.00031036
-3.4064,133,-0.00031347
-3.4478,133,-0.00031662
-3.4898,133,-0.0003198
-3.5324,133,-0.00032302
-3.5755,133,-0.00032626
-3.6192,133,-0.00032954
-3.6634,133,-0.00033285
-3.7083,133,-0.00033619
-3.7537,133,-0.00033957
-3.7998,133,-0.00034298
-3.8464,133,-0.00034642
-3.8937,133,-0.0003499
-3.9415,133,-0.00035342
-3.99,133,-0.00035697
-4.0392,133,-0.00036055
-4.089,133,-0.00036418
-4.1394,133,-0.00036783
-4.1905,133,-0.00037153
-4.2422,133,-0.00037526
-4.2947,133,-0.00037903
-4.3478,133,-0.00038284
-4.4016,133,-0.00038668
-4.4561,133,-0.00039057
-4.5113,133,-0.00039449
-4.5673,133,-0.00039845
-4.6239,133,-0.00040245
-4.6813,133,-0.0004065
-4.7394,133,-0.00041058
-4.7983,133,-0.0004147
-4.8579,133,-0.00041887
-4.9184,133,-0.00042307
-4.9795,133,-0.00042732
-5.0415,133,-0.00043161
-5.1043,133,-0.00043595
-5.1678,133,-0.00044033
-5.2322,133,-0.00044475
-5.2974,133,-0.00044922
-5.3634,133,-0.00045373
-5.4303,133,-0.00045829
-5.498,133,-0.00046289
-5.5666,133,-0.00046754
-5.6361,133,-0.00047223
-5.7064,133,-0.00047697
-5.7776,133,-0.00048176
-5.8498,133,-0.0004866
-5.9228,133,-0.00049149
-5.9968,133,-0.00049643
-6.0716,133,-0.00050141
-6.1475,133,-0.00050645
-6.2243,133,-0.00051153
-6.302,133,-0.00051667
-6.3807,133,-0.00052186
-6.4604,133,-0.0005271
-6.5411,133,-0.00053239
-6.6228,133,-0.00053774
-6.7056,133,-0.00054314
-6.7893,133,-0.00054859
-6.8741,133,-0.0005541
-6.96,133,-0.00055966
-7.0469,133,-0.00056528
-7.1349,133,-0.00057096
-7.224,133,-0.00057669
-7.3142,133,-0.00058248
-7.4056,133,-0.00058833
-7.498,133,-0.00059424
-7.5916,133,-0.00060021
-7.6864,133,-0.00060623
-7.7823,133,-0.00061232
-7.8794,133,-0.00061847
-7.9777,133,-0.00062468
-8.0772,133,-0.00063095
-8.1779,133,-0.00063728
-8.2799,133,-0.00064368
-8.3831,133,-0.00065014
-8.4876,133,-0.00065667
-8.5933,133,-0.00066326
-8.7004,133,-0.00066992
-8.8088,133,-0.00067665
-8.9185,133,-0.00068344
-9.0295,133,-0.0006903
-9.1419,133,-0.00069723
-9.2557,133,-0.00070423
-9.3708,133,-0.0007113
-9.4874,133,-0.00071844
-9.6053,133,-0.00072566
-9.7247,133,-0.00073294
-9.8456,133,-0.0007403
-9.9679,133,-0.00074773
-10.092,133,-0.00075524
-10.217,133,-0.00076282
-10.344,133,-0.00077048
-10.472,133,-0.00077821
-10.602,133,-0.00078602
-10.734,133,-0.00079391
-10.867,133,-0.00080188
-11.001,133,-0.00080993
-11.138,133,-0.00081806
-11.276,133,-0.00082627
-11.415,133,-0.00083456
-11.557,133,-0.00084294
-11.7,133,-0.0008514
-11.844,133,-0.00085995
-11.991,133,-0.00086858
-12.139,133,-0.00087729
-12.289,133,-0.0008861
-12.441,133,-0.00089499
-12.594,133,-0.00090397
-12.75,133,-0.00091305
-12.907,133,-0.00092221
-13.066,133,-0.00093146
-13.228,133,-0.00094081
-13.391,133,-0.00095025
-13.556,133,-0.00095979
-13.722,133,-0.00096942
-13.891,133,-0.00097915
-14.062,133,-0.00098897
-14.235,133,-0.0009989
-14.41,133,-0.0010089
-14.587,133,-0.001019
-14.767,133,-0.0010293
-14.948,133,-0.0010396
-15.131,133,-0.00105
-15.317,133,-0.0010606
-15.505,133,-0.0010712
-15.695,133,-0.001082
-15.887,133,-0.0010928
-16.082,133,-0.0011038
-16.279,133,-0.0011148
-16.478,133,-0.001126
-16.679,133,-0.0011373
-16.883,133,-0.0011487
-17.089,133,-0.0011603
-17.298,133,-0.0011719
-17.509,133,-0.0011837
-17.723,133,-0.0011955
-17.939,133,-0.0012075
-18.157,133,-0.0012196
-18.378,133,-0.0012319
-18.602,133,-0.0012442
-18.829,133,-0.0012567
-19.058,133,-0.0012693
-19.289,133,-0.001282
-19.523,133,-0.0012949
-19.76,133,-0.0013079
-20,133,-0.001321
-20.243,133,-0.0013343
-20.488,133,-0.0013476
-20.736,133,-0.0013612
-20.987,133,-0.0013748
-21.241,133,-0.0013886
-21.498,133,-0.0014025
-21.758,133,-0.0014166
-22.021,133,-0.0014308
-22.287,133,-0.0014451
-22.556,133,-0.0014596
-22.828,133,-0.0014743
-23.103,133,-0.001489
-23.381,133,-0.001504
-23.662,133,-0.0015191
-23.947,133,-0.0015343
-24.235,133,-0.0015497
-24.526,133,-0.0015652
-24.82,133,-0.0015809
-25.118,133,-0.0015968
-25.419,133,-0.0016128
-25.724,133,-0.0016289
-26.032,133,-0.0016453
-26.344,133,-0.0016617
-26.659,133,-0.0016784
-26.977,133,-0.0016952
-27.3,133,-0.0017122
-27.626,133,-0.0017294
-27.955,133,-0.0017467
-28.288,133,-0.0017642
-28.625,133,-0.0017819
-28.966,133,-0.0017998
-29.311,133,-0.0018178
-29.659,133,-0.001836
-30.012,133,-0.0018544
-30.368,133,-0.001873
-30.729,133,-0.0018918
-31.093,133,-0.0019107
-31.461,133,-0.0019299
-31.834,133,-0.0019492
-32.211,133,-0.0019687
-32.592,133,-0.0019885
-32.977,133,-0.0020084
-33.366,133,-0.0020285
-33.76,133,-0.0020488
-34.158,133,-0.0020694
-34.561,133,-0.0020901
-34.968,133,-0.002111
-35.379,133,-0.0021322
-35.796,133,-0.0021535
-36.216,133,-0.0021751
-36.642,133,-0.0021969
-37.072,133,-0.0022189
-37.506,133,-0.0022411
-37.946,133,-0.0022636
-38.39,133,-0.0022862
-38.84,133,-0.0023091
-39.294,133,-0.0023322
-39.753,133,-0.0023556
-40.218,133,-0.0023792
-40.687,133,-0.002403
-41.161,133,-0.0024271
-41.641,133,-0.0024514
-42.126,133,-0.0024759
-42.616,133,-0.0025007
-43.112,133,-0.0025257
-43.613,133,-0.002551
-44.12,133,-0.0025765
-44.632,133,-0.0026023
-45.149,133,-0.0026284
-45.673,133,-0.0026547
-46.201,133,-0.0026813
-46.736,133,-0.0027081
-47.277,133,-0.0027352
-47.823,133,-0.0027626
-48.375,133,-0.0027902
-48.934,133,-0.0028181
-49.498,133,-0.0028463
-50.068,133,-0.0028748
-50.645,133,-0.0029036
-51.228,133,-0.0029326
-51.817,133,-0.002962
-52.412,133,-0.0029916
-53.014,133,-0.0030215
-53.622,133,-0.0030517
-54.237,133,-0.0030823
-54.859,133,-0.0031131
-55.487,133,-0.0031442
-56.122,133,-0.0031757
-56.764,133,-0.0032074
-57.413,133,-0.0032395
-58.068,133,-0.0032719
-58.731,133,-0.0033046
-59.401,133,-0.0033376
-60.077,133,-0.003371
-60.762,133,-0.0034047
-61.453,133,-0.0034387
-62.152,133,-0.0034731
-62.858,133,-0.0035078
-63.572,133,-0.0035429
-64.293,133,-0.0035783
-65.022,133,-0.0036141
-65.759,133,-0.0036502
-66.504,133,-0.0036867
-67.257,133,-0.0037235
-68.017,133,-0.0037607
-68.786,133,-0.0037983
-69.563,133,-0.0038362
-70.348,133,-0.0038745
-71.141,133,-0.0039132
-71.943,133,-0.0039523
-72.753,133,-0.0039918
-73.572,133,-0.0040317
-74.399,133,-0.0040719
-75.235,133,-0.0041126
-76.08,133,-0.0041537
-76.934,133,-0.0041951
-77.797,133,-0.004237
-78.669,133,-0.0042793
-79.55,133,-0.0043221
-80.441,133,-0.0043652
-81.341,133,-0.0044088
-82.25,133,-0.0044528
-83.169,133,-0.0044972
-84.097,133,-0.0045421
-85.035,133,-0.0045874
-85.983,133,-0.0046332
-86.941,133,-0.0046794
-87.909,133,-0.0047261
-88.887,133,-0.0047732
-89.875,133,-0.0048209
-90.874,133,-0.0048689
-91.883,133,-0.0049175
-92.902,133,-0.0049666
-93.933,133,-0.0050161
-94.973,133,-0.0050661
-96.025,133,-0.0051166
-97.088,133,-0.0051676
-98.161,133,-0.0052191
-99.246,133,-0.0052712
-100.34,133,-0.0053237
-101.45,133,-0.0053768
-102.57,133,-0.0054303
-103.7,133,-0.0054845
-104.84,133,-0.0055391
-106,133,-0.0055943
-107.16,133,-0.00565
-108.34,133,-0.0057063
-109.53,133,-0.0057631
-110.73,133,-0.0058205
-111.95,133,-0.0058785
-113.17,133,-0.005937
-114.42,133,-0.0059962
-115.67,133,-0.0060558
-116.93,133,-0.0061161
-118.21,133,-0.006177
-119.5,133,-0.0062385
-120.81,133,-0.0063006
-122.13,133,-0.0063633
-123.46,133,-0.0064266
-124.81,133,-0.0064905
-126.17,133,-0.0065551
-127.54,133,-0.0066203
-128.93,133,-0.0066862
-130.33,133,-0.0067526
-131.75,133,-0.0068198
-133.18,133,-0.0068876
-134.62,133,-0.0069561
-136.08,133,-0.0070252
-137.56,133,-0.0070951
-139.05,133,-0.0071656
-140.55,133,-0.0072368
-142.07,133,-0.0073087
-143.61,133,-0.0073813
-145.16,133,-0.0074546
-146.73,133,-0.0075287
-148.31,133,-0.0076035
-149.91,133,-0.007679
-151.52,133,-0.0077552
-153.16,133,-0.0078322
-154.8,133,-0.00791
-156.47,133,-0.0079885
-158.15,133,-0.0080677
-159.85,133,-0.0081478
-161.57,133,-0.0082287
-163.3,133,-0.0083103
-165.05,133,-0.0083927
-166.82,133,-0.008476
-168.61,133,-0.00856
-170.41,133,-0.0086449
-172.24,133,-0.0087306
-174.08,133,-0.0088171
-175.94,133,-0.0089045
-177.81,133,-0.0089928
-179.71,133,-0.0090819
-181.63,133,-0.0091719
-183.56,133,-0.0092627
-185.52,133,-0.0093545
-187.49,133,-0.0094471
-189.49,133,-0.0095407
-191.5,133,-0.0096351
-193.54,133,-0.0097305
-195.59,133,-0.0098268
-197.67,133,-0.009924
-199.76,133,-0.010022
-201.88,133,-0.010121
-204.02,133,-0.010221
-206.18,133,-0.010323
-208.36,133,-0.010425
-210.56,133,-0.010528
-212.79,133,-0.010632
-215.04,133,-0.010737
-217.31,133,-0.010843
-219.6,133,-0.01095
-221.91,133,-0.011058
-224.25,133,-0.011167
-226.61,133,-0.011278
-229,133,-0.011389
-231.4,133,-0.011501
-233.84,133,-0.011615
-236.29,133,-0.01173
-238.77,133,-0.011845
-241.28,133,-0.011962
-243.81,133,-0.01208
-246.36,133,-0.012199
-248.94,133,-0.01232
-251.55,133,-0.012441
-254.18,133,-0.012564
-256.84,133,-0.012687
-259.52,133,-0.012812
-262.23,133,-0.012938
-264.96,133,-0.013066
-267.73,133,-0.013195
-270.52,133,-0.013324
-273.34,133,-0.013456
-276.18,133,-0.013588
-279.05,133,-0.013722
-281.96,133,-0.013857
-284.88,133,-0.013993
-287.84,133,-0.01413
-290.83,133,-0.014269
-293.85,133,-0.014409
-296.89,133,-0.014551
-299.97,133,-0.014694
-303.07,133,-0.014838
-306.21,133,-0.014984
-309.38,133,-0.015131
-312.58,133,-0.015279
-315.8,133,-0.015429
-319.06,133,-0.015581
-322.36,133,-0.015733
-325.68,133,-0.015888
-329.03,133,-0.016043
-332.42,133,-0.0162
-335.84,133,-0.016359
-339.3,133,-0.016519
-342.79,133,-0.016681
-346.31,133,-0.016844
-349.86,133,-0.017009
-353.45,133,-0.017176
-357.08,133,-0.017344
-360.74,133,-0.017513
-364.43,133,-0.017684
-368.16,133,-0.017857
-371.93,133,-0.018032
-375.73,133,-0.018208
-379.57,133,-0.018386
-383.44,133,-0.018565
-387.36,133,-0.018746
-391.31,133,-0.018929
-395.3,133,-0.019114
-399.32,133,-0.0193
-403.39,133,-0.019488
-407.49,133,-0.019678
-411.63,133,-0.01987
-415.82,133,-0.020063
-420.04,133,-0.020258
-424.3,133,-0.020456
-428.6,133,-0.020655
-432.95,133,-0.020856
-437.33,133,-0.021058
-441.76,133,-0.021263
-446.23,133,-0.02147
-450.74,133,-0.021678
-455.29,133,-0.021889
-459.89,133,-0.022101
-464.53,133,-0.022315
-469.22,133,-0.022532
-473.94,133,-0.02275
-478.72,133,-0.022971
-483.54,133,-0.023193
-488.4,133,-0.023418
-493.31,133,-0.023645
-498.26,133,-0.023874
-503.26,133,-0.024105
-508.31,133,-0.024338
-513.41,133,-0.024573
-518.55,133,-0.024811
-523.74,133,-0.02505
-528.98,133,-0.025292
-534.27,133,-0.025536
-539.61,133,-0.025783
-545,133,-0.026031
-550.44,133,-0.026282
-555.93,133,-0.026536
-561.46,133,-0.026791
-567.06,133,-0.027049
-572.7,133,-0.02731
-578.39,133,-0.027572
-584.14,133,-0.027837
-589.94,133,-0.028105
-595.8,133,-0.028375
-601.7,133,-0.028648
-607.67,133,-0.028923
-613.68,133,-0.0292
-619.76,133,-0.02948
-625.88,133,-0.029763
-632.07,133,-0.030048
-638.31,133,-0.030336
-644.61,133,-0.030626
-650.96,133,-0.030919
-657.37,133,-0.031215
-663.85,133,-0.031513
-670.38,133,-0.031815
-676.97,133,-0.032118
-683.62,133,-0.032425
-690.32,133,-0.032734
-697.1,133,-0.033047
-703.93,133,-0.033361
-710.82,133,-0.033679
-717.77,133,-0.034
-724.79,133,-0.034324
-731.87,133,-0.03465
-739.02,133,-0.034979
-746.23,133,-0.035312
-753.5,133,-0.035647
-760.84,133,-0.035985
-768.24,133,-0.036327
-775.71,133,-0.036671
-783.24,133,-0.037018
-790.85,133,-0.037369
-798.51,133,-0.037722
-806.25,133,-0.038079
-814.06,133,-0.038439
-821.93,133,-0.038802
-829.88,133,-0.039169
-837.89,133,-0.039538
-845.97,133,-0.039911
-854.13,133,-0.040287
-862.35,133,-0.040666
-870.65,133,-0.041049
-879.02,133,-0.041435
-887.46,133,-0.041825
-895.98,133,-0.042218
-904.57,133,-0.042614
-913.23,133,-0.043014
-921.97,133,-0.043417
-930.79,133,-0.043824
-939.67,133,-0.044234
-948.64,133,-0.044648
-957.68,133,-0.045065
-966.8,133,-0.045486
-976,133,-0.045911
-985.27,133,-0.046339
-994.63,133,-0.046771
-1004.1,133,-0.047207
-1013.6,133,-0.047646
-1023.2,133,-0.048089
-1032.8,133,-0.048536
-1042.6,133,-0.048987
-1052.4,133,-0.049442
-1062.3,133,-0.0499
-1072.3,133,-0.050363
-1082.4,133,-0.050829
-1092.6,133,-0.051299
-1102.8,133,-0.051773
-1113.2,133,-0.052252
-1123.6,133,-0.052734
-1134.1,133,-0.05322
-1144.7,133,-0.053711
-1155.4,133,-0.054205
-1166.1,133,-0.054704
-1177,133,-0.055206
-1187.9,133,-0.055713
-1198.9,133,-0.056225
-1210,133,-0.05674
-1221.2,133,-0.05726
-1232.5,133,-0.057784
-1243.9,133,-0.058312
-1255.4,133,-0.058845
-1266.9,133,-0.059382
-1278.6,133,-0.059923
-1290.3,133,-0.060469
-1302.1,133,-0.061019
-1314,133,-0.061574
-1326.1,133,-0.062133
-1338.2,133,-0.062697
-1350.3,133,-0.063265
-1362.6,133,-0.063838
-1375,133,-0.064416
-1387.5,133,-0.064998
-1400.1,133,-0.065585
-1412.7,133,-0.066177
-1425.5,133,-0.066773
-1438.3,133,-0.067374
-1451.2,133,-0.06798
-1464.3,133,-0.068591
-1477.4,133,-0.069206
-1490.6,133,-0.069826
-1504,133,-0.070452
-1517.4,133,-0.071082
-1530.9,133,-0.071717
-1544.5,133,-0.072357
-1558.2,133,-0.073002
-1572,133,-0.073652
-1585.9,133,-0.074307
-1599.8,133,-0.074967
-1613.9,133,-0.075632
-1628.1,133,-0.076302
-1642.4,133,-0.076978
-1656.7,133,-0.077658
-1671.2,133,-0.078344
-1685.7,133,-0.079035
-1700.4,133,-0.079732
-1715.1,133,-0.080433
-1730,133,-0.08114
-1744.9,133,-0.081852
-1759.9,133,-0.082569
-1775,133,-0.083292
-1790.3,133,-0.08402
-1805.6,133,-0.084754
-1821,133,-0.085493
-1836.4,133,-0.086237
-1852,133,-0.086987
-1867.7,133,-0.087743
-1883.5,133,-0.088504
-1899.3,133,-0.08927
-1915.3,133,-0.090042
-1931.3,133,-0.09082
-1947.4,133,-0.091603
-1963.6,133,-0.092392
-1979.9,133,-0.093187
-1996.3,133,-0.093987
-2012.8,133,-0.094793
-2029.3,133,-0.095605
-2046,133,-0.096422
-2062.7,133,-0.097245
-2079.5,133,-0.098074
-2096.4,133,-0.098909
-2113.4,133,-0.099749
-2130.4,133,-0.1006
-2147.5,133,-0.10145
-2164.7,133,-0.10231
-2182,133,-0.10317
-2199.4,133,-0.10404
-2216.8,133,-0.10492
-2234.3,133,-0.1058
-2251.9,133,-0.10668
-2269.6,133,-0.10758
-2287.3,133,-0.10848
-2305.1,133,-0.10938
-2322.9,133,-0.11029
-2340.8,133,-0.11121
-2358.8,133,-0.11214
-2376.9,133,-0.11307
-2395,133,-0.114
-2413.1,133,-0.11494
-2431.4,133,-0.11589
-2449.6,133,-0.11685
-2468,133,-0.11781
-2486.4,133,-0.11877
-2504.8,133,-0.11974
-2523.3,133,-0.12072
-2541.8,133,-0.12171
-2560.4,133,-0.1227
-2579,133,-0.12369
-2597.7,133,-0.1247
-2616.4,133,-0.12571
-2635.1,133,-0.12672
-2653.9,133,-0.12774
-2672.7,133,-0.12877
-2691.6,133,-0.12981
-2710.4,133,-0.13085
-2729.3,133,-0.13189
-2748.2,133,-0.13295
-2767.2,133,-0.134
-2786.1,133,-0.13507
-2805.1,133,-0.13614
-2824.1,133,-0.13722
-2843.1,133,-0.1383
-2862.1,133,-0.13939
-2881.1,133,-0.14049
-2900.2,133,-0.14159
-2919.2,133,-0.1427
-2938.2,133,-0.14381
-2957.3,133,-0.14493
-2976.3,133,-0.14606
-2995.3,133,-0.14719
-3014.3,133,-0.14833
-3033.3,133,-0.14948
-3052.3,133,-0.15063
-3071.2,133,-0.15179
-3090.2,133,-0.15295
-3109.1,133,-0.15412
-3127.9,133,-0.1553
-3146.8,133,-0.15648
-3165.6,133,-0.15767
-3184.4,133,-0.15887
-3203.2,133,-0.16007
-3221.9,133,-0.16127
-3240.5,133,-0.16249
-3259.2,133,-0.16371
-3277.7,133,-0.16493
-3296.3,133,-0.16616
-3314.7,133,-0.1674
-3333.1,133,-0.16864
-3351.5,133,-0.16989
-3369.8,133,-0.17115
-3388,133,-0.17241
-3406.1,133,-0.17367
-3424.2,133,-0.17495
-3442.2,133,-0.17623
-3460.2,133,-0.17751
-3478,133,-0.1788
-3495.8,133,-0.1801
-3513.5,133,-0.1814
-3531.1,133,-0.1827
-3548.6,133,-0.18402
-3566,133,-0.18534
-3583.3,133,-0.18666
-3600.5,133,-0.18799
-3617.6,133,-0.18933
-3634.7,133,-0.19067
-3651.6,133,-0.19201
-3668.4,133,-0.19337
-3685.1,133,-0.19472
-3701.6,133,-0.19609
-3718.1,133,-0.19745
-3734.4,133,-0.19883
-3750.6,133,-0.20021
-3766.7,133,-0.20159
-3782.7,133,-0.20298
-3798.5,133,-0.20437
-3814.3,133,-0.20577
-3829.8,133,-0.20718
-3845.3,133,-0.20859
-3860.6,133,-0.21
-3875.7,133,-0.21142
-3890.8,133,-0.21285
-3905.7,133,-0.21427
-3920.4,133,-0.21571
-3935,133,-0.21715
-3949.4,133,-0.21859
-3963.7,133,-0.22004
-3977.8,133,-0.22149
-3991.8,133,-0.22295
-4005.6,133,-0.22441
-4019.3,133,-0.22588
-4032.8,133,-0.22735
-4046.1,133,-0.22883
-4059.3,133,-0.2303
-4072.3,133,-0.23179
-4085.1,133,-0.23328
-4097.8,133,-0.23477
-4110.3,133,-0.23626
-4122.7,133,-0.23777
-4134.8,133,-0.23927
-4146.8,133,-0.24078
-4158.6,133,-0.24229
-4170.2,133,-0.24381
-4181.7,133,-0.24532
-4193,133,-0.24685
-4204.1,133,-0.24837
-4215,133,-0.2499
-4225.7,133,-0.25144
-4236.2,133,-0.25298
-4246.6,133,-0.25452
-4256.8,133,-0.25606
-4266.8,133,-0.25761
-4276.6,133,-0.25916
-4286.2,133,-0.26071
-4295.6,133,-0.26227
-4304.9,133,-0.26382
-4313.9,133,-0.26539
-4322.8,133,-0.26695
-4331.5,133,-0.26852
-4339.9,133,-0.27009
-4348.2,133,-0.27166
-4356.3,133,-0.27324
-4364.2,133,-0.27481
-4371.9,133,-0.27639
-4379.5,133,-0.27797
-4386.8,133,-0.27956
-4393.9,133,-0.28115
-4400.9,133,-0.28273
-4407.6,133,-0.28432
-4414.2,133,-0.28592
-4420.5,133,-0.28751
-4426.7,133,-0.28911
-4432.6,133,-0.2907
-4438.4,133,-0.2923
-4444,133,-0.2939
-4449.4,133,-0.29551
-4454.6,133,-0.29711
-4459.6,133,-0.29871
-4464.4,133,-0.30032
-4469,133,-0.30193
-4473.4,133,-0.30354
-4477.7,133,-0.30515
-4481.7,133,-0.30676
-4485.6,133,-0.30837
-4489.2,133,-0.30998
-4492.7,133,-0.31159
-4496,133,-0.3132
-4499.1,133,-0.31482
-4502,133,-0.31643
-4504.7,133,-0.31804
-4507.2,133,-0.31966
-4509.5,133,-0.32127
-4511.7,133,-0.32289
-4513.7,133,-0.3245
-4515.4,133,-0.32611
-4517,133,-0.32773
-4518.4,133,-0.32934
-4519.7,133,-0.33096
-4520.7,133,-0.33257
-4521.6,133,-0.33418
-4522.3,133,-0.33579
-4522.8,133,-0.33741
-4523.1,133,-0.33902
-4523.3,133,-0.34063
-4523.3,133,-0.34224
-4523.1,133,-0.34384
-4522.7,133,-0.34545
-4522.1,133,-0.34706
-4521.4,133,-0.34866
-4520.5,133,-0.35027
-4519.5,133,-0.35187
-4518.3,133,-0.35347
-4516.9,133,-0.35507
-4515.3,133,-0.35666
-4513.6,133,-0.35826
-4511.7,133,-0.35985
-4509.6,133,-0.36145
-4507.4,133,-0.36304
-4505,133,-0.36463
-4502.5,133,-0.36621
-4499.8,133,-0.3678
-4496.9,133,-0.36938
-4493.9,133,-0.37096
-4490.8,133,-0.37254
-4487.5,133,-0.37411
-4484,133,-0.37568
-4480.4,133,-0.37725
-4476.6,133,-0.37882
-4472.7,133,-0.38039
-4468.6,133,-0.38195
-4464.4,133,-0.38351
-4460,133,-0.38506
-4455.6,133,-0.38662
-4450.9,133,-0.38817
-4446.1,133,-0.38971
-4441.2,133,-0.39126
-4436.2,133,-0.3928
-4431,133,-0.39433
-4425.7,133,-0.39587
-4420.2,133,-0.3974
-4414.6,133,-0.39892
-4408.9,133,-0.40045
-4403,133,-0.40197
-4397.1,133,-0.40348
-4391,133,-0.40499
-4384.7,133,-0.4065
-4378.4,133,-0.40801
-4371.9,133,-0.40951
-4365.3,133,-0.411
-4358.6,133,-0.4125
-4351.8,133,-0.41398
-4344.9,133,-0.41547
-4337.8,133,-0.41695
-4330.6,133,-0.41842
-4323.4,133,-0.41989
-4316,133,-0.42136
-4308.5,133,-0.42282
-4300.9,133,-0.42428
-4293.2,133,-0.42573
-4285.4,133,-0.42718
-4277.4,133,-0.42862
-4269.4,133,-0.43006
-4261.3,133,-0.4315
-4253.1,133,-0.43293
-4244.8,133,-0.43435
-4236.4,133,-0.43577
-4227.9,133,-0.43718
-4219.3,133,-0.43859
-4210.6,133,-0.44
-4201.8,133,-0.4414
-4193,133,-0.44279
-4184,133,-0.44418
-4175,133,-0.44557
-4165.9,133,-0.44694
-4156.7,133,-0.44832
-4147.4,133,-0.44969
-4138,133,-0.45105
-4128.6,133,-0.45241
-4119.1,133,-0.45376
-4109.5,133,-0.4551
-4099.8,133,-0.45645
-4090.1,133,-0.45778
-4080.3,133,-0.45911
-4070.4,133,-0.46044
-4060.5,133,-0.46175
-4050.4,133,-0.46307
-4040.4,133,-0.46437
-4030.2,133,-0.46568
-4020,133,-0.46697
-4009.7,133,-0.46826
-3999.4,133,-0.46955
-3989,133,-0.47082
-3978.6,133,-0.4721
-3968.1,133,-0.47336
-3957.5,133,-0.47462
-3946.9,133,-0.47588
-3936.2,133,-0.47713
-3925.5,133,-0.47837
-3914.7,133,-0.47961
-3903.9,133,-0.48084
-3893.1,133,-0.48206
-3882.1,133,-0.48328
-3871.2,133,-0.4845
-3860.2,133,-0.4857
-3849.1,133,-0.4869
-3838,133,-0.4881
-3826.9,133,-0.48929
-3815.7,133,-0.49047
-3804.5,133,-0.49165
-3793.3,133,-0.49282
-3782,133,-0.49398
-3770.7,133,-0.49514
-3759.3,133,-0.49629
-3747.9,133,-0.49744
-3736.5,133,-0.49858
-3725.1,133,-0.49971
-3713.6,133,-0.50084
-3702.1,133,-0.50196
-3690.6,133,-0.50307
-3679,133,-0.50418
-3667.4,133,-0.50528
-3655.8,133,-0.50638
-3644.2,133,-0.50747
-3632.5,133,-0.50855
-3620.8,133,-0.50963
-3609.1,133,-0.5107
-3597.4,133,-0.51177
-3585.7,133,-0.51283
-3573.9,133,-0.51388
-3562.1,133,-0.51493
-3550.4,133,-0.51597
-3538.6,133,-0.517
-3526.7,133,-0.51803
-3514.9,133,-0.51905
-3503.1,133,-0.52006
-3491.2,133,-0.52107
-3479.3,133,-0.52208
-3467.5,133,-0.52307
-3455.6,133,-0.52406
-3443.7,133,-0.52505
-3431.8,133,-0.52603
-3419.9,133,-0.527
-3408,133,-0.52797
-3396.1,133,-0.52893
-3384.1,133,-0.52988
-3372.2,133,-0.53083
-3360.3,133,-0.53177
-3348.4,133,-0.53271
-3336.4,133,-0.53364
-3324.5,133,-0.53456
-3312.6,133,-0.53548
-3300.6,133,-0.53639
-3288.7,133,-0.53729
-3276.8,133,-0.53819
-3264.9,133,-0.53909
-3252.9,133,-0.53997
-3241,133,-0.54086
-3229.1,133,-0.54173
-3217.2,133,-0.5426
-3205.3,133,-0.54347
-3193.4,133,-0.54432
-3181.5,133,-0.54518
-3169.7,133,-0.54602
-3157.8,133,-0.54686
-3146,133,-0.5477
-3134.1,133,-0.54853
-3122.3,133,-0.54935
-3110.5,133,-0.55017
-3098.6,133,-0.55098
-3086.8,133,-0.55178
-3075.1,133,-0.55258
-3063.3,133,-0.55338
-3051.5,133,-0.55417
-3039.8,133,-0.55495
-3028,133,-0.55573
-3016.3,133,-0.5565
-3004.6,133,-0.55727
-2992.9,133,-0.55803
-2981.3,133,-0.55878
-2969.6,133,-0.55953
-2958,133,-0.56028
-2946.4,133,-0.56102
-2934.8,133,-0.56175
-2923.2,133,-0.56248
-2911.6,133,-0.5632
-2900.1,133,-0.56392
-2888.6,133,-0.56463
-2877.1,133,-0.56534
-2865.6,133,-0.56604
-2854.1,133,-0.56674
-2842.7,133,-0.56743
-2831.3,133,-0.56811
-2819.9,133,-0.56879
-2808.5,133,-0.56947
-2797.2,133,-0.57014
-2785.9,133,-0.5708
-2774.6,133,-0.57146
-2763.3,133,-0.57212
-2752,133,-0.57277
-2740.8,133,-0.57342
-2729.6,133,-0.57406
-2718.4,133,-0.57469
-2707.3,133,-0.57532
-2696.2,133,-0.57595
-2685.1,133,-0.57657
-2674,133,-0.57718
-2662.9,133,-0.57779
-2651.9,133,-0.5784
-2640.9,133,-0.579
-2630,133,-0.5796
-2619,133,-0.58019
-2608.1,133,-0.58077
-2597.2,133,-0.58136
-2586.4,133,-0.58193
-2575.6,133,-0.58251
-2564.8,133,-0.58307
-2554,133,-0.58364
-2543.3,133,-0.5842
-2532.5,133,-0.58475
-2521.9,133,-0.5853
-2511.2,133,-0.58585
-2500.6,133,-0.58639
-2490,133,-0.58693
-2479.4,133,-0.58746
-2468.9,133,-0.58799
-2458.4,133,-0.58851
-2448,133,-0.58903
-2437.5,133,-0.58955
-2427.1,133,-0.59006
-2416.7,133,-0.59057
-2406.4,133,-0.59107
-2396.1,133,-0.59157
-2385.8,133,-0.59206
-2375.5,133,-0.59255
-2365.3,133,-0.59304
-2355.1,133,-0.59352
-2345,133,-0.594
-2334.9,133,-0.59447
-2324.8,133,-0.59494
-2314.7,133,-0.59541
-2304.7,133,-0.59587
-2294.7,133,-0.59633
-2284.7,133,-0.59678
-2274.8,133,-0.59724
-2264.9,133,-0.59768
-2255,133,-0.59813
-2245.2,133,-0.59857
-2235.4,133,-0.599
-2225.7,133,-0.59943
-2215.9,133,-0.59986
-2206.2,133,-0.60029
-2196.6,133,-0.60071
-2186.9,133,-0.60112
-2177.3,133,-0.60154
-2167.8,133,-0.60195
-2158.2,133,-0.60236
-2148.7,133,-0.60276
-2139.3,133,-0.60316
-2129.8,133,-0.60355
-2120.4,133,-0.60395
-2111.1,133,-0.60434
-2101.8,133,-0.60472
-2092.5,133,-0.60511
-2083.2,133,-0.60548
-2074,133,-0.60586
-2064.8,133,-0.60623
-2055.6,133,-0.6066
-2046.5,133,-0.60697
-2037.4,133,-0.60733
-2028.3,133,-0.60769
-2019.3,133,-0.60805
-2010.3,133,-0.6084
-2001.3,133,-0.60875
-1992.4,133,-0.6091
-1983.5,133,-0.60945
-1974.7,133,-0.60979
-1965.8,133,-0.61012
-1957,133,-0.61046
-1948.3,133,-0.61079
-1939.6,133,-0.61112
-1930.9,133,-0.61145
-1922.2,133,-0.61177
-1913.6,133,-0.61209
-1905,133,-0.61241
-1896.4,133,-0.61273
-1887.9,133,-0.61304
-1879.4,133,-0.61335
-1871,133,-0.61365
-1862.5,133,-0.61396
-1854.1,133,-0.61426
-1845.8,133,-0.61456
-1837.5,133,-0.61485
-1829.2,133,-0.61515
-1820.9,133,-0.61544
-1812.7,133,-0.61572
-1804.5,133,-0.61601
-1796.3,133,-0.61629
-1788.2,133,-0.61657
-1780.1,133,-0.61685
-1772.1,133,-0.61712
-1764,133,-0.6174
-1756,133,-0.61767
-1748.1,133,-0.61793
-1740.1,133,-0.6182
-1732.3,133,-0.61846
-1724.4,133,-0.61872
-1716.6,133,-0.61898
-1708.8,133,-0.61924
-1701,133,-0.61949
-1693.3,133,-0.61974
-1685.5,133,-0.61999
-1677.9,133,-0.62024
-1670.2,133,-0.62048
-1662.6,133,-0.62072
-1655.1,133,-0.62096
-1647.5,133,-0.6212
-1640,133,-0.62143
-1632.5,133,-0.62167
-1625.1,133,-0.6219
-1617.7,133,-0.62213
-1610.3,133,-0.62235
-1602.9,133,-0.62258
-1595.6,133,-0.6228
-1588.3,133,-0.62302
-1581,133,-0.62324
-1573.8,133,-0.62346
-1566.6,133,-0.62367
-1559.4,133,-0.62388
-1552.3,133,-0.62409
-1545.2,133,-0.6243
-1538.1,133,-0.62451
-1531.1,133,-0.62471
-1524.1,133,-0.62492
-1517.1,133,-0.62512
-1510.1,133,-0.62532
-1503.2,133,-0.62551
-1496.3,133,-0.62571
-1489.4,133,-0.6259
-1482.6,133,-0.62609
-1475.8,133,-0.62628
-1469,133,-0.62647
-1462.3,133,-0.62666
-1455.5,133,-0.62684
-1448.9,133,-0.62703
-1442.2,133,-0.62721
-1435.6,133,-0.62739
-1429,133,-0.62756
-1422.4,133,-0.62774
-1415.9,133,-0.62791
-1409.3,133,-0.62809
-1402.9,133,-0.62826
-1396.4,133,-0.62843
-1390,133,-0.6286
-1383.6,133,-0.62876
-1377.2,133,-0.62893
-1370.9,133,-0.62909
-1364.5,133,-0.62925
-1358.3,133,-0.62941
-1352,133,-0.62957
-1345.8,133,-0.62973
-1339.6,133,-0.62988
-1333.4,133,-0.63004
-1327.2,133,-0.63019
-1321.1,133,-0.63034
-1315,133,-0.63049
-1308.9,133,-0.63064
-1302.9,133,-0.63079
-1296.9,133,-0.63093
-1290.9,133,-0.63108
-1284.9,133,-0.63122
-1279,133,-0.63136
-1273.1,133,-0.6315
-1267.2,133,-0.63164
-1261.4,133,-0.63178
-1255.5,133,-0.63192
-1249.7,133,-0.63205
-1243.9,133,-0.63218
-1238.2,133,-0.63232
-1232.5,133,-0.63245
-1226.8,133,-0.63258
-1221.1,133,-0.63271
-1215.4,133,-0.63283
-1209.8,133,-0.63296
-1204.2,133,-0.63308
-1198.6,133,-0.63321
-1193.1,133,-0.63333
-1187.6,133,-0.63345
-1182.1,133,-0.63357
-1176.6,133,-0.63369
-1171.1,133,-0.63381
-1165.7,133,-0.63393
-1160.3,133,-0.63404
-1154.9,133,-0.63416
-1149.6,133,-0.63427
-1144.2,133,-0.63438
-1138.9,133,-0.63449
-1133.6,133,-0.6346
-1128.4,133,-0.63471
-1123.1,133,-0.63482
-1117.9,133,-0.63493
-1112.7,133,-0.63503
-1107.6,133,-0.63514
-1102.4,133,-0.63524
-1097.3,133,-0.63535
-1092.2,133,-0.63545
-1087.1,133,-0.63555
-1082.1,133,-0.63565
-1077,133,-0.63575
-1072,133,-0.63585
-1067,133,-0.63595
-1062.1,133,-0.63604
-1057.1,133,-0.63614
-1052.2,133,-0.63623
-1047.3,133,-0.63632
-1042.4,133,-0.63642
-1037.6,133,-0.63651
-1032.7,133,-0.6366
-1027.9,133,-0.63669
-1023.1,133,-0.63678
-1018.4,133,-0.63687
-1013.6,133,-0.63695
-1008.9,133,-0.63704
-1004.2,133,-0.63713
-999.48,133,-0.63721
-994.81,133,-0.6373
-990.16,133,-0.63738
-985.53,133,-0.63746
-980.92,133,-0.63754
-976.33,133,-0.63762
-971.77,133,-0.6377
-967.22,133,-0.63778
-962.69,133,-0.63786
-958.18,133,-0.63794
-953.69,133,-0.63802
-949.22,133,-0.63809
-944.76,133,-0.63817
-940.33,133,-0.63824
-935.92,133,-0.63832
-931.52,133,-0.63839
-927.15,133,-0.63846
-922.79,133,-0.63854
-918.45,133,-0.63861
-914.13,133,-0.63868
-909.83,133,-0.63875
-905.54,133,-0.63882
-901.28,133,-0.63888
-897.03,133,-0.63895
-892.8,133,-0.63902
-888.59,133,-0.63909
-884.39,133,-0.63915
-880.21,133,-0.63922
-876.05,133,-0.63928
-871.91,133,-0.63935
-867.79,133,-0.63941
-863.68,133,-0.63947
-859.59,133,-0.63953
-855.51,133,-0.63959
-851.46,133,-0.63966
-847.41,133,-0.63972
-843.39,133,-0.63978
-839.38,133,-0.63983
-835.39,133,-0.63989
-831.42,133,-0.63995
-827.46,133,-0.64001
-823.52,133,-0.64007
-819.59,133,-0.64012
-815.68,133,-0.64018
-811.78,133,-0.64023
-807.9,133,-0.64029
-804.04,133,-0.64034
-800.19,133,-0.6404
-796.36,133,-0.64045
-792.54,133,-0.6405
-788.74,133,-0.64055
-784.95,133,-0.6406
-781.17,133,-0.64066
-777.42,133,-0.64071
-773.67,133,-0.64076
-769.94,133,-0.64081
-766.23,133,-0.64085
-762.53,133,-0.6409
-758.84,133,-0.64095
-755.17,133,-0.641
-751.52,133,-0.64105
-747.87,133,-0.64109
-744.24,133,-0.64114
-740.63,133,-0.64118
-737.03,133,-0.64123
-733.44,133,-0.64127
-729.86,133,-0.64132
-726.3,133,-0.64136
-722.75,133,-0.64141
-719.22,133,-0.64145
-715.7,133,-0.64149
-712.19,133,-0.64153
-708.69,133,-0.64158
-705.21,133,-0.64162
-701.74,133,-0.64166
-698.29,133,-0.6417
-694.84,133,-0.64174
-691.41,133,-0.64178
-687.99,133,-0.64182
-684.58,133,-0.64186
-681.19,133,-0.6419
-677.8,133,-0.64194
-674.43,133,-0.64197
-671.07,133,-0.64201
-667.73,133,-0.64205
-664.39,133,-0.64209
-661.07,133,-0.64212
-657.76,133,-0.64216
-654.46,133,-0.64219
-651.17,133,-0.64223
-647.89,133,-0.64226
-644.62,133,-0.6423
-641.37,133,-0.64233
-638.12,133,-0.64237
-634.89,133,-0.6424
-631.67,133,-0.64243
-628.46,133,-0.64247
-625.25,133,-0.6425
-622.06,133,-0.64253
-618.88,133,-0.64256
-615.72,133,-0.6426
-612.56,133,-0.64263
-609.41,133,-0.64266
-606.27,133,-0.64269
-603.14,133,-0.64272
-600.02,133,-0.64275
-596.92,133,-0.64278
-593.82,133,-0.64281
-590.73,133,-0.64284
-587.65,133,-0.64287
-584.58,133,-0.6429
-581.52,133,-0.64293
-578.47,133,-0.64295
-575.43,133,-0.64298
-572.4,133,-0.64301
-569.38,133,-0.64304
-566.37,133,-0.64306
-563.37,133,-0.64309
-560.37,133,-0.64312
-557.39,133,-0.64314
-554.41,133,-0.64317
-551.44,133,-0.6432
-548.49,133,-0.64322
-545.54,133,-0.64325
-542.6,133,-0.64327
-539.66,133,-0.6433
-536.74,133,-0.64332
-533.82,133,-0.64334
-530.92,133,-0.64337
-528.02,133,-0.64339
-525.13,133,-0.64342
-522.24,133,-0.64344
-519.37,133,-0.64346
-516.5,133,-0.64349
-513.65,133,-0.64351
-510.79,133,-0.64353
-507.95,133,-0.64355
-505.12,133,-0.64357
-502.29,133,-0.6436
-499.47,133,-0.64362
-496.66,133,-0.64364
-493.85,133,-0.64366
-491.06,133,-0.64368
-488.27,133,-0.6437
-485.49,133,-0.64372
-482.71,133,-0.64374
-479.94,133,-0.64376
-477.18,133,-0.64378
-474.43,133,-0.6438
-471.68,133,-0.64382
-468.94,133,-0.64384
-466.21,133,-0.64386
-463.48,133,-0.64388
-460.76,133,-0.6439
-458.05,133,-0.64392
-455.35,133,-0.64394
-452.65,133,-0.64395
-449.96,133,-0.64397
-447.27,133,-0.64399
-444.59,133,-0.64401
-441.92,133,-0.64403
-439.25,133,-0.64404
-436.59,133,-0.64406
-433.94,133,-0.64408
-431.29,133,-0.64409
-428.65,133,-0.64411
-426.01,133,-0.64413
-423.38,133,-0.64414
-420.76,133,-0.64416
-418.14,133,-0.64418
-415.53,133,-0.64419
-412.92,133,-0.64421
-410.32,133,-0.64422
-407.73,133,-0.64424
-405.14,133,-0.64425
-402.56,133,-0.64427
-399.98,133,-0.64428
-397.41,133,-0.6443
-394.85,133,-0.64431
-392.29,133,-0.64433
-389.73,133,-0.64434
-387.18,133,-0.64436
-384.64,133,-0.64437
-382.1,133,-0.64438
-379.57,133,-0.6444
-377.04,133,-0.64441
-374.51,133,-0.64442
-372,133,-0.64444
-369.48,133,-0.64445
-366.98,133,-0.64446
-364.47,133,-0.64448
-361.98,133,-0.64449
-359.48,133,-0.6445
-357,133,-0.64452
-354.51,133,-0.64453
-352.04,133,-0.64454
-349.56,133,-0.64455
-347.1,133,-0.64456
-344.63,133,-0.64458
-342.18,133,-0.64459
-339.72,133,-0.6446
-337.27,133,-0.64461
-334.83,133,-0.64462
-332.39,133,-0.64463
-329.95,133,-0.64465
-327.52,133,-0.64466
-325.1,133,-0.64467
-322.68,133,-0.64468
-320.26,133,-0.64469
-317.85,133,-0.6447
-315.44,133,-0.64471
-313.03,133,-0.64472
-310.63,133,-0.64473
-308.24,133,-0.64474
-305.85,133,-0.64475
-303.46,133,-0.64476
-301.08,133,-0.64477
-298.7,133,-0.64478
-296.33,133,-0.64479
-293.96,133,-0.6448
-291.59,133,-0.64481
-289.23,133,-0.64482
-286.88,133,-0.64483
-284.52,133,-0.64484
-282.17,133,-0.64485
-279.83,133,-0.64486
-277.49,133,-0.64487
-275.15,133,-0.64488
-272.82,133,-0.64489
-270.49,133,-0.64489
-268.16,133,-0.6449
-265.84,133,-0.64491
-263.53,133,-0.64492
-261.21,133,-0.64493
-258.9,133,-0.64494
-256.6,133,-0.64495
-254.3,133,-0.64495
-252,133,-0.64496
-249.71,133,-0.64497
-247.42,133,-0.64498
-245.13,133,-0.64499
-242.85,133,-0.64499
-240.57,133,-0.645
-238.29,133,-0.64501
-236.02,133,-0.64502
-233.75,133,-0.64502
-231.49,133,-0.64503
-229.23,133,-0.64504
-226.97,133,-0.64505
-224.72,133,-0.64505
-222.47,133,-0.64506
-220.23,133,-0.64507
-217.98,133,-0.64507
-215.75,133,-0.64508
-213.51,133,-0.64509
-211.28,133,-0.6451
-209.05,133,-0.6451
-206.83,133,-0.64511
-204.61,133,-0.64512
-202.39,133,-0.64512
-200.18,133,-0.64513
-197.97,133,-0.64513
-195.76,133,-0.64514
-193.56,133,-0.64515
-191.36,133,-0.64515
-189.17,133,-0.64516
-186.98,133,-0.64517
-184.79,133,-0.64517
-182.6,133,-0.64518
-180.42,133,-0.64518
-178.24,133,-0.64519
-176.07,133,-0.6452
-173.9,133,-0.6452
-171.73,133,-0.64521
-169.57,133,-0.64521
-167.41,133,-0.64522
-165.25,133,-0.64522
-163.1,133,-0.64523
-160.95,133,-0.64523
-158.8,133,-0.64524
-156.66,133,-0.64524
-154.52,133,-0.64525
-152.39,133,-0.64526
-150.26,133,-0.64526
-148.13,133,-0.64527
-146,133,-0.64527
-143.88,133,-0.64528
-141.76,133,-0.64528
-139.65,133,-0.64529
-137.54,133,-0.64529
-135.43,133,-0.64529
-133.33,133,-0.6453
-131.23,133,-0.6453
-129.13,133,-0.64531
-127.04,133,-0.64531
-124.95,133,-0.64532
-122.86,133,-0.64532
-120.78,133,-0.64533
-118.7,133,-0.64533
-116.62,133,-0.64534
-114.55,133,-0.64534
-112.48,133,-0.64534
-110.42,133,-0.64535
-108.36,133,-0.64535
-106.3,133,-0.64536
-104.25,133,-0.64536
-102.2,133,-0.64537
-100.15,133,-0.64537
-98.106,133,-0.64537
-96.066,133,-0.64538
-94.03,133,-0.64538
-91.998,133,-0.64539
-89.969,133,-0.64539
-87.944,133,-0.64539
-85.923,133,-0.6454
-83.906,133,-0.6454
-81.892,133,-0.6454
-79.881,133,-0.64541
-77.875,133,-0.64541
-75.872,133,-0.64541
-73.873,133,-0.64542
-71.878,133,-0.64542
-69.886,133,-0.64543
-67.898,133,-0.64543
-65.914,133,-0.64543
-63.934,133,-0.64544
-61.957,133,-0.64544
-59.984,133,-0.64544
-58.016,133,-0.64545
-56.05,133,-0.64545
-54.089,133,-0.64545
-52.132,133,-0.64546
-50.178,133,-0.64546
-48.228,133,-0.64546
-46.282,133,-0.64546
-44.34,133,-0.64547
-42.402,133,-0.64547
-40.468,133,-0.64547
-38.538,133,-0.64548
-36.612,133,-0.64548
-34.689,133,-0.64548
-32.771,133,-0.64549
-30.857,133,-0.64549
-28.946,133,-0.64549
-27.04,133,-0.64549
-25.138,133,-0.6455
-23.239,133,-0.6455
-21.345,133,-0.6455
-19.455,133,-0.6455
-17.569,133,-0.64551
-15.687,133,-0.64551
-13.809,133,-0.64551
-11.935,133,-0.64552
-10.065,133,-0.64552
-8.1999,133,-0.64552
-6.3386,133,-0.64552
-4.4814,133,-0.64553
-2.6285,133,-0.64553
-0.77975,133,-0.64553
1.0648,133,-0.64553
2.905,133,-0.64553
4.741,133,-0.64554
6.5728,133,-0.64554
8.4002,133,-0.64554
10.223,133,-0.64554
12.042,133,-0.64555
13.857,133,-0.64555
15.667,133,-0.64555
17.473,133,-0.64555
19.274,133,-0.64556
21.071,133,-0.64556
22.863,133,-0.64556
24.652,133,-0.64556
26.435,133,-0.64556
28.214,133,-0.64557
29.989,133,-0.64557
31.759,133,-0.64557
33.525,133,-0.64557
35.286,133,-0.64557
37.043,133,-0.64558
38.795,133,-0.64558
40.543,133,-0.64558
42.285,133,-0.64558
44.024,133,-0.64558
45.757,133,-0.64559
47.486,133,-0.64559
49.211,133,-0.64559
50.93,133,-0.64559
52.645,133,-0.64559
54.356,133,-0.64559
56.061,133,-0.6456
57.762,133,-0.6456
59.458,133,-0.6456
61.149,133,-0.6456
62.836,133,-0.6456
64.517,133,-0.6456
66.194,133,-0.64561
67.866,133,-0.64561
69.533,133,-0.64561
71.195,133,-0.64561
72.853,133,-0.64561
74.505,133,-0.64561
76.153,133,-0.64562
77.795,133,-0.64562
79.433,133,-0.64562
81.065,133,-0.64562
82.693,133,-0.64562
84.316,133,-0.64562
85.933,133,-0.64563
87.546,133,-0.64563
89.153,133,-0.64563
90.755,133,-0.64563
92.353,133,-0.64563
93.945,133,-0.64563
95.532,133,-0.64563
97.114,133,-0.64564
98.691,133,-0.64564
100.26,133,-0.64564
101.83,133,-0.64564
103.39,133,-0.64564
104.95,133,-0.64564
106.5,133,-0.64564
108.04,133,-0.64564
109.58,133,-0.64565
111.12,133,-0.64565
112.65,133,-0.64565
114.17,133,-0.64565
115.69,133,-0.64565
117.2,133,-0.64565
118.71,133,-0.64565
120.22,133,-0.64565
121.71,133,-0.64566
123.21,133,-0.64566
124.69,133,-0.64566
126.17,133,-0.64566
127.65,133,-0.64566
129.12,133,-0.64566
130.58,133,-0.64566
132.04,133,-0.64566
133.5,133,-0.64566
134.95,133,-0.64567
136.39,133,-0.64567
137.83,133,-0.64567
139.26,133,-0.64567
140.68,133,-0.64567
142.1,133,-0.64567
143.52,133,-0.64567
144.93,133,-0.64567
146.33,133,-0.64567
147.73,133,-0.64567
149.12,133,-0.64568
150.51,133,-0.64568
151.89,133,-0.64568
153.27,133,-0.64568
154.64,133,-0.64568
156,133,-0.64568
157.36,133,-0.64568
158.71,133,-0.64568
160.06,133,-0.64568
161.4,133,-0.64568
162.73,133,-0.64568
164.06,133,-0.64569
165.39,133,-0.64569
166.71,133,-0.64569
168.02,133,-0.64569
169.32,133,-0.64569
170.62,133,-0.64569
171.92,133,-0.64569
173.21,133,-0.64569
174.49,133,-0.64569
175.77,133,-0.64569
177.04,133,-0.64569
178.3,133,-0.64569
179.56,133,-0.6457
180.81,133,-0.6457
182.06,133,-0.6457
183.3,133,-0.6457
184.54,133,-0.6457
185.77,133,-0.6457
186.99,133,-0.6457
188.21,133,-0.6457
189.42,133,-0.6457
190.63,133,-0.6457
191.82,133,-0.6457
193.02,133,-0.6457
194.21,133,-0.6457
195.39,133,-0.6457
196.56,133,-0.64571
197.73,133,-0.64571
198.89,133,-0.64571
200.05,133,-0.64571
201.2,133,-0.64571
202.35,133,-0.64571
203.49,133,-0.64571
204.62,133,-0.64571
205.75,133,-0.64571
206.87,133,-0.64571
207.98,133,-0.64571
209.09,133,-0.64571
210.19,133,-0.64571
211.29,133,-0.64571
212.38,133,-0.64571
213.46,133,-0.64571
214.54,133,-0.64572
215.61,133,-0.64572
216.68,133,-0.64572
217.73,133,-0.64572
218.79,133,-0.64572
219.83,133,-0.64572
220.87,133,-0.64572
221.91,133,-0.64572
222.94,133,-0.64572
223.96,133,-0.64572
224.98,133,-0.64572
225.99,133,-0.64572
226.99,133,-0.64572
227.99,133,-0.64572
228.98,133,-0.64572
229.96,133,-0.64572
230.94,133,-0.64572
231.91,133,-0.64572
232.88,133,-0.64572
233.84,133,-0.64572
234.79,133,-0.64573
235.74,133,-0.64573
236.68,133,-0.64573
237.62,133,-0.64573
238.55,133,-0.64573
239.47,133,-0.64573
240.39,133,-0.64573
241.3,133,-0.64573
242.2,133,-0.64573
243.1,133,-0.64573
243.99,133,-0.64573
244.88,133,-0.64573
245.76,133,-0.64573
246.63,133,-0.64573
247.5,133,-0.64573
248.36,133,-0.64573
249.21,133,-0.64573
250.06,133,-0.64573
250.9,133,-0.64573
251.74,133,-0.64573
252.57,133,-0.64573
253.39,133,-0.64573
254.21,133,-0.64573
255.02,133,-0.64573
255.82,133,-0.64574
256.62,133,-0.64574
257.41,133,-0.64574
258.2,133,-0.64574
258.98,133,-0.64574
259.75,133,-0.64574
260.52,133,-0.64574
261.28,133,-0.64574
262.04,133,-0.64574
262.79,133,-0.64574
263.53,133,-0.64574
264.27,133,-0.64574
265,133,-0.64574
265.72,133,-0.64574
266.44,133,-0.64574
267.15,133,-0.64574
267.86,133,-0.64574
268.56,133,-0.64574
269.25,133,-0.64574
269.94,133,-0.64574
270.62,133,-0.64574
271.3,133,-0.64574
271.97,133,-0.64574
272.63,133,-0.64574
273.29,133,-0.64574
273.94,133,-0.64574
274.59,133,-0.64574
275.23,133,-0.64574
275.86,133,-0.64574
276.49,133,-0.64574
277.11,133,-0.64574
277.72,133,-0.64575
278.33,133,-0.64575
278.94,133,-0.64575
279.53,133,-0.64575
280.13,133,-0.64575
280.71,133,-0.64575
281.29,133,-0.64575
281.86,133,-0.64575
282.43,133,-0.64575
282.99,133,-0.64575
283.55,133,-0.64575
284.1,133,-0.64575
284.64,133,-0.64575
285.18,133,-0.64575
285.71,133,-0.64575
286.24,133,-0.64575
286.76,133,-0.64575
287.28,133,-0.64575
287.78,133,-0.64575
288.29,133,-0.64575
288.78,133,-0.64575
289.28,133,-0.64575
289.76,133,-0.64575
290.24,133,-0.64575
290.72,133,-0.64575
291.19,133,-0.64575
291.65,133,-0.64575
292.11,133,-0.64575
292.56,133,-0.64575
293,133,-0.64575
293.44,133,-0.64575
293.88,133,-0.64575
294.31,133,-0.64575
294.73,133,-0.64575
295.15,133,-0.64575
295.56,133,-0.64575
295.97,133,-0.64575
296.37,133,-0.64575
296.76,133,-0.64575
297.15,133,-0.64575
297.54,133,-0.64575
297.92,133,-0.64575
298.29,133,-0.64575
298.66,133,-0.64575
299.02,133,-0.64575
299.38,133,-0.64575
299.73,133,-0.64575
300.08,133,-0.64576
300.42,133,-0.64576
300.75,133,-0.64576
301.08,133,-0.64576
301.41,133,-0.64576
301.73,133,-0.64576
302.04,133,-0.64576
302.35,133,-0.64576
302.66,133,-0.64576
302.96,133,-0.64576
303.25,133,-0.64576
303.54,133,-0.64576
303.82,133,-0.64576
304.1,133,-0.64576
304.37,133,-0.64576
304.64,133,-0.64576
304.9,133,-0.64576
305.16,133,-0.64576
305.41,133,-0.64576
305.66,133,-0.64576
305.9,133,-0.64576
306.14,133,-0.64576
306.37,133,-0.64576
306.6,133,-0.64576
306.82,133,-0.64576
307.04,133,-0.64576
307.25,133,-0.64576
307.46,133,-0.64576
307.66,133,-0.64576
307.86,133,-0.64576
308.06,133,-0.64576
308.24,133,-0.64576
308.43,133,-0.64576
308.61,133,-0.64576
308.78,133,-0.64576
308.95,133,-0.64576
309.12,133,-0.64576
309.28,133,-0.64576
309.43,133,-0.64576
309.58,133,-0.64576
309.73,133,-0.64576
309.87,133,-0.64576
310.01,133,-0.64576
310.14,133,-0.64576
310.27,133,-0.64576
310.4,133,-0.64576
310.51,133,-0.64576
310.63,133,-0.64576
310.74,133,-0.64576
310.85,133,-0.64576
310.95,133,-0.64576
311.05,133,-0.64576
311.14,133,-0.64576
311.23,133,-0.64576
311.31,133,-0.64576
311.39,133,-0.64576
311.47,133,-0.64576
311.54,133,-0.64576
311.61,133,-0.64576
311.67,133,-0.64576
311.73,133,-0.64576
311.79,133,-0.64576
311.84,133,-0.64576
311.89,133,-0.64576
311.93,133,-0.64576
311.97,133,-0.64576
312,133,-0.64576
312.04,133,-0.64576
312.06,133,-0.64576
312.09,133,-0.64576
312.11,133,-0.64576
312.12,133,-0.64576
312.13,133,-0.64576
312.14,133,-0.64576
312.15,133,-0.64576
312.15,133,-0.64576
312.14,133,-0.64576
312.14,133,-0.64576
312.13,133,-0.64576
312.11,133,-0.64576
312.09,133,-0.64576
312.07,133,-0.64576
312.05,133,-0.64576
312.02,133,-0.64576
311.99,133,-0.64576
311.95,133,-0.64576
311.91,133,-0.64576
311.87,133,-0.64576
311.82,133,-0.64576
311.77,133,-0.64576
311.72,133,-0.64577
311.66,133,-0.64577
311.6,133,-0.64577
311.54,133,-0.64577
311.48,133,-0.64577
311.41,133,-0.64577
311.33,133,-0.64577
311.26,133,-0.64577
311.18,133,-0.64577
311.1,133,-0.64577
311.01,133,-0.64577
310.92,133,-0.64577
310.83,133,-0.64577
310.74,133,-0.64577
310.64,133,-0.64577
310.54,133,-0.64577
310.44,133,-0.64577
310.33,133,-0.64577
310.22,133,-0.64577
310.11,133,-0.64577
310,133,-0.64577
309.88,133,-0.64577
309.76,133,-0.64577
309.63,133,-0.64577
309.51,133,-0.64577
309.38,133,-0.64577
309.25,133,-0.64577
309.11,133,-0.64577
308.98,133,-0.64577
308.84,133,-0.64577
308.7,133,-0.64577
308.55,133,-0.64577
308.41,133,-0.64577
308.26,133,-0.64577
308.1,133,-0.64577
307.95,133,-0.64577
307.79,133,-0.64577
307.63,133,-0.64577
307.47,133,-0.64577
307.31,133,-0.64577
307.14,133,-0.64577
306.97,133,-0.64577
306.8,133,-0.64577
306.63,133,-0.64577
306.45,133,-0.64577
306.28,133,-0.64577
306.1,133,-0.64577
305.91,133,-0.64577
305.73,133,-0.64577
305.54,133,-0.64577
305.36,133,-0.64577
305.17,133,-0.64577
304.97,133,-0.64577
304.78,133,-0.64577
304.58,133,-0.64577
304.39,133,-0.64577
304.18,133,-0.64577
303.98,133,-0.64577
303.78,133,-0.64577
303.57,133,-0.64577
303.37,133,-0.64577
303.16,133,-0.64577
302.95,133,-0.64577
302.73,133,-0.64577
302.52,133,-0.64577
302.3,133,-0.64577
302.08,133,-0.64577
301.87,133,-0.64577
301.64,133,-0.64577
301.42,133,-0.64577
301.2,133,-0.64577
300.97,133,-0.64577
300.74,133,-0.64577
300.52,133,-0.64577
300.29,133,-0.64577
300.05,133,-0.64577
299.82,133,-0.64577
299.59,133,-0.64577
299.35,133,-0.64577
299.11,133,-0.64577
298.87,133,-0.64577
298.63,133,-0.64577
298.39,133,-0.64577
298.15,133,-0.64577
297.91,133,-0.64577
297.66,133,-0.64577
297.42,133,-0.64577
297.17,133,-0.64577
296.92,133,-0.64577
296.67,133,-0.64577
296.42,133,-0.64577
296.17,133,-0.64577
295.92,133,-0.64577
295.66,133,-0.64577
295.41,133,-0.64577
295.15,133,-0.64577
294.9,133,-0.64577
294.64,133,-0.64577
294.38,133,-0.64577
294.12,133,-0.64577
293.86,133,-0.64577
293.6,133,-0.64577
293.34,133,-0.64577
293.08,133,-0.64577
292.81,133,-0.64577
292.55,133,-0.64577
292.29,133,-0.64577
292.02,133,-0.64577
291.75,133,-0.64577
291.49,133,-0.64577
291.22,133,-0.64577
290.95,133,-0.64577
290.68,133,-0.64577
290.41,133,-0.64577
290.14,133,-0.64577
289.87,133,-0.64577
289.6,133,-0.64577
289.33,133,-0.64577
289.06,133,-0.64577
288.79,133,-0.64577
288.52,133,-0.64577
288.24,133,-0.64577
287.97,133,-0.64577
287.69,133,-0.64577
287.42,133,-0.64577
287.15,133,-0.64577
286.87,133,-0.64577
286.6,133,-0.64577
286.32,133,-0.64577
286.04,133,-0.64577
285.77,133,-0.64577
285.49,133,-0.64577
285.22,133,-0.64577
284.94,133,-0.64577
284.66,133,-0.64577
284.39,133,-0.64577
284.11,133,-0.64577
283.83,133,-0.64577
283.55,133,-0.64577
283.28,133,-0.64577
283,133,-0.64577
282.72,133,-0.64577
282.44,133,-0.64577
282.17,133,-0.64577
281.89,133,-0.64577
281.61,133,-0.64577
281.33,133,-0.64577
281.06,133,-0.64577
280.78,133,-0.64577
280.5,133,-0.64577
280.22,133,-0.64577
279.95,133,-0.64577
279.67,133,-0.64577
279.39,133,-0.64577
279.12,133,-0.64577
278.84,133,-0.64577
278.56,133,-0.64577
278.29,133,-0.64577
278.01,133,-0.64577
277.74,133,-0.64577
277.46,133,-0.64577
277.19,133,-0.64577
276.91,133,-0.64577
276.64,133,-0.64577
276.36,133,-0.64577
276.09,133,-0.64577
275.82,133,-0.64577
275.54,133,-0.64577
275.27,133,-0.64577
275,133,-0.64577
274.73,133,-0.64577
274.45,133,-0.64577
274.18,133,-0.64577
273.91,133,-0.64577
273.64,133,-0.64577
273.37,133,-0.64577
273.1,133,-0.64577
272.83,133,-0.64577
272.57,133,-0.64577
272.3,133,-0.64577
272.03,133,-0.64577
271.76,133,-0.64577
271.5,133,-0.64577
271.23,133,-0.64577
270.97,133,-0.64577
270.7,133,-0.64577
270.44,133,-0.64577
270.18,133,-0.64577
269.91,133,-0.64577
269.65,133,-0.64577
269.39,133,-0.64577
269.13,133,-0.64577
268.87,133,-0.64577
268.61,133,-0.64577
268.35,133,-0.64577
268.09,133,-0.64577
267.83,133,-0.64577
267.58,133,-0.64577
267.32,133,-0.64577
267.07,133,-0.64577
266.81,133,-0.64577
266.56,133,-0.64577
266.3,133,-0.64577
266.05,133,-0.64577
265.8,133,-0.64577
265.55,133,-0.64577
265.3,133,-0.64577
265.05,133,-0.64577
264.8,133,-0.64577
264.55,133,-0.64577
264.3,133,-0.64577
264.06,133,-0.64577
263.81,133,-0.64577
263.57,133,-0.64577
263.33,133,-0.64577
263.08,133,-0.64577
262.84,133,-0.64577
262.6,133,-0.64577
262.36,133,-0.64577
262.12,133,-0.64577
261.88,133,-0.64577
261.64,133,-0.64577
261.41,133,-0.64577
261.17,133,-0.64577
260.93,133,-0.64577
260.7,133,-0.64577
260.47,133,-0.64577
260.23,133,-0.64577
260,133,-0.64577
259.77,133,-0.64577
259.54,133,-0.64577
259.31,133,-0.64577
259.09,133,-0.64577
258.86,133,-0.64577
258.63,133,-0.64577
258.41,133,-0.64577
258.18,133,-0.64577
257.96,133,-0.64577
257.74,133,-0.64577
257.52,133,-0.64577
257.3,133,-0.64577
257.08,133,-0.64577
256.86,133,-0.64577
256.64,133,-0.64577
256.43,133,-0.64577
256.21,133,-0.64577
256,133,-0.64577
255.78,133,-0.64577
255.57,133,-0.64577
255.36,133,-0.64577
255.15,133,-0.64577
254.94,133,-0.64577
254.73,133,-0.64577
254.52,133,-0.64577
254.32,133,-0.64577
254.11,133,-0.64577
253.91,133,-0.64577
253.7,133,-0.64577
253.5,133,-0.64577
253.3,133,-0.64577
253.1,133,-0.64577
252.9,133,-0.64577
252.7,133,-0.64577
252.5,133,-0.64577
252.3,133,-0.64577
252.11,133,-0.64577
251.91,133,-0.64577
251.72,133,-0.64577
251.53,133,-0.64577
251.33,133,-0.64577
251.14,133,-0.64577
250.95,133,-0.64577
250.77,133,-0.64577
250.58,133,-0.64577
250.39,133,-0.64577
250.2,133,-0.64577
250.02,133,-0.64577
249.84,133,-0.64577
249.65,133,-0.64577
249.47,133,-0.64577
249.29,133,-0.64577
249.11,133,-0.64577
248.93,133,-0.64577
248.75,133,-0.64577
248.58,133,-0.64577
248.4,133,-0.64577
248.22,133,-0.64577
248.05,133,-0.64577
247.88,133,-0.64577
247.7,133,-0.64577
247.53,133,-0.64577
247.36,133,-0.64577
247.19,133,-0.64577
247.03,133,-0.64577
246.86,133,-0.64577
246.69,133,-0.64577
246.53,133,-0.64577
246.36,133,-0.64577
246.2,133,-0.64577
246.03,133,-0.64577
245.87,133,-0.64577
245.71,133,-0.64577
245.55,133,-0.64577
245.39,133,-0.64577
245.23,133,-0.64577
245.08,133,-0.64577
244.92,133,-0.64577
244.76,133,-0.64577
244.61,133,-0.64577
244.45,133,-0.64577
244.3,133,-0.64577
244.15,133,-0.64577
244,133,-0.64577
243.85,133,-0.64577
243.7,133,-0.64577
243.55,133,-0.64577
243.4,133,-0.64577
243.25,133,-0.64577
243.11,133,-0.64577
242.96,133,-0.64577
242.82,133,-0.64577
242.67,133,-0.64577
242.53,133,-0.64577
242.39,133,-0.64577
242.25,133,-0.64577
242.11,133,-0.64577
241.97,133,-0.64577
241.83,133,-0.64577
241.69,133,-0.64577
241.55,133,-0.64577
241.41,133,-0.64577
241.28,133,-0.64577
241.14,133,-0.64577
241.01,133,-0.64577
240.88,133,-0.64577
240.74,133,-0.64577
240.61,133,-0.64577
240.48,133,-0.64577
240.35,133,-0.64577
240.22,133,-0.64577
240.09,133,-0.64577
239.96,133,-0.64577
239.83,133,-0.64577
239.7,133,-0.64577
239.58,133,-0.64577
239.45,133,-0.64577
239.33,133,-0.64577
239.2,133,-0.64577
239.08,133,-0.64577
238.95,133,-0.64577
238.83,133,-0.64577
238.71,133,-0.64577
238.59,133,-0.64577
238.47,133,-0.64577
238.35,133,-0.64577
238.23,133,-0.64577
238.11,133,-0.64577
237.99,133,-0.64577
237.87,133,-0.64577
237.75,133,-0.64577
237.64,133,-0.64577
237.52,133,-0.64577
237.4,133,-0.64577
237.29,133,-0.64577
237.17,133,-0.64577
237.06,133,-0.64577
236.95,133,-0.64577
236.83,133,-0.64577
236.72,133,-0.64577
236.61,133,-0.64577
236.5,133,-0.64577
236.38,133,-0.64577
236.27,133,-0.64577
236.16,133,-0.64577
236.05,133,-0.64577
235.94,133,-0.64577
235.83,133,-0.64577
235.72,133,-0.64577
235.62,133,-0.64577
235.51,133,-0.64577
235.4,133,-0.64577
235.29,133,-0.64577
235.19,133,-0.64577
235.08,133,-0.64577
234.97,133,-0.64577
234.87,133,-0.64577
234.76,133,-0.64577
234.66,133,-0.64577
234.55,133,-0.64577
234.45,133,-0.64577
234.35,133,-0.64577
234.24,133,-0.64577
234.14,133,-0.64577
234.04,133,-0.64577
233.93,133,-0.64577
233.83,133,-0.64577
233.73,133,-0.64577
233.63,133,-0.64577
233.52,133,-0.64577
233.42,133,-0.64577
233.32,133,-0.64577
233.22,133,-0.64577
233.12,133,-0.64577
233.02,133,-0.64577
232.92,133,-0.64577
232.82,133,-0.64577
232.72,133,-0.64577
232.62,133,-0.64577
232.52,133,-0.64577
232.42,133,-0.64577
232.32,133,-0.64577
232.22,133,-0.64577
232.12,133,-0.64577
232.02,133,-0.64577
231.92,133,-0.64577
231.82,133,-0.64577
231.72,133,-0.64577
231.62,133,-0.64577
231.52,133,-0.64577
231.42,133,-0.64577
231.33,133,-0.64577
231.23,133,-0.64577
231.13,133,-0.64577
231.03,133,-0.64577
230.93,133,-0.64577
230.83,133,-0.64577
230.73,133,-0.64577
230.64,133,-0.64577
230.54,133,-0.64577
230.44,133,-0.64577
230.34,133,-0.64577
230.24,133,-0.64577
230.14,133,-0.64577
230.05,133,-0.64577
229.95,133,-0.64577
229.85,133,-0.64577
229.75,133,-0.64577
229.65,133,-0.64577
229.55,133,-0.64577
229.45,133,-0.64577
229.35,133,-0.64577
229.25,133,-0.64577
229.15,133,-0.64577
229.05,133,-0.64577
228.95,133,-0.64577
228.85,133,-0.64577
228.75,133,-0.64577
228.65,133,-0.64577
228.55,133,-0.64577
228.45,133,-0.64577
228.35,133,-0.64577
228.25,133,-0.64577
228.15,133,-0.64577
228.05,133,-0.64577
227.95,133,-0.64577
227.85,133,-0.64577
227.74,133,-0.64577
227.64,133,-0.64577
227.54,133,-0.64577
227.44,133,-0.64577
227.33,133,-0.64577
227.23,133,-0.64577
227.13,133,-0.64577
227.02,133,-0.64577
226.92,133,-0.64577
226.82,133,-0.64577
226.71,133,-0.64577
226.61,133,-0.64577
226.5,133,-0.64577
226.4,133,-0.64577
226.29,133,-0.64577
226.18,133,-0.64577
226.08,133,-0.64577
225.97,133,-0.64577
225.86,133,-0.64577
225.76,133,-0.64577
225.65,133,-0.64577
225.54,133,-0.64577
225.43,133,-0.64577
225.32,133,-0.64577
225.21,133,-0.64577
225.1,133,-0.64577
224.99,133,-0.64577
224.88,133,-0.64577
224.77,133,-0.64577
224.66,133,-0.64577
224.55,133,-0.64577
224.44,133,-0.64577
224.32,133,-0.64577
224.21,133,-0.64577
224.1,133,-0.64577
223.98,133,-0.64577
223.87,133,-0.64577
223.75,133,-0.64577
223.64,133,-0.64577
223.52,133,-0.64577
223.41,133,-0.64577
223.29,133,-0.64577
223.17,133,-0.64577
223.05,133,-0.64577
222.93,133,-0.64577
222.82,133,-0.64577
222.7,133,-0.64577
222.58,133,-0.64577
222.46,133,-0.64577
222.33,133,-0.64577
222.21,133,-0.64577
222.09,133,-0.64577
221.97,133,-0.64577
221.85,133,-0.64577
221.72,133,-0.64577
221.6,133,-0.64577
221.47,133,-0.64577
221.35,133,-0.64577
221.22,133,-0.64577
221.09,133,-0.64577
220.97,133,-0.64577
220.84,133,-0.64577
220.71,133,-0.64577
220.58,133,-0.64577
220.45,133,-0.64577
220.32,133,-0.64577
220.19,133,-0.64577
220.06,133,-0.64577
219.93,133,-0.64577
219.8,133,-0.64577
219.66,133,-0.64577
219.53,133,-0.64577
219.4,133,-0.64577
219.26,133,-0.64577
219.13,133,-0.64577
218.99,133,-0.64577
218.85,133,-0.64577
218.71,133,-0.64577
218.58,133,-0.64577
218.44,133,-0.64577
218.3,133,-0.64577
218.16,133,-0.64577
218.02,133,-0.64577
217.88,133,-0.64577
217.73,133,-0.64577
217.59,133,-0.64577
217.45,133,-0.64577
217.3,133,-0.64577
217.16,133,-0.64577
217.01,133,-0.64577
216.87,133,-0.64577
216.72,133,-0.64577
216.57,133,-0.64577
216.42,133,-0.64577
216.28,133,-0.64577
216.13,133,-0.64577
215.98,133,-0.64577
215.82,133,-0.64577
215.67,133,-0.64577
215.52,133,-0.64577
215.37,133,-0.64577
215.21,133,-0.64577
215.06,133,-0.64577
214.9,133,-0.64577
214.75,133,-0.64577
214.59,133,-0.64577
214.43,133,-0.64577
214.28,133,-0.64577
214.12,133,-0.64577
213.96,133,-0.64577
213.8,133,-0.64577
213.64,133,-0.64577
213.48,133,-0.64577
213.31,133,-0.64577
213.15,133,-0.64577
212.99,133,-0.64577
212.82,133,-0.64577
212.66,133,-0.64577
212.49,133,-0.64577
212.33,133,-0.64577
212.16,133,-0.64577
211.99,133,-0.64577
211.82,133,-0.64577
211.65,133,-0.64577
211.48,133,-0.64577
211.31,133,-0.64577
211.14,133,-0.64577
210.97,133,-0.64577
210.79,133,-0.64577
210.62,133,-0.64577
210.45,133,-0.64577
210.27,133,-0.64577
210.09,133,-0.64577
209.92,133,-0.64577
209.74,133,-0.64577
209.56,133,-0.64577
209.38,133,-0.64577
209.2,133,-0.64577
209.02,133,-0.64577
208.84,133,-0.64577
208.66,133,-0.64577
208.48,133,-0.64577
208.3,133,-0.64577
208.11,133,-0.64577
207.93,133,-0.64577
207.74,133,-0.64577
207.56,133,-0.64577
207.37,133,-0.64577
207.18,133,-0.64577
206.99,133,-0.64577
206.81,133,-0.64577
206.62,133,-0.64577
206.43,133,-0.64577
206.23,133,-0.64577
206.04,133,-0.64577
205.85,133,-0.64577
205.66,133,-0.64577
205.46,133,-0.64577
205.27,133,-0.64577
205.07,133,-0.64577
204.88,133,-0.64577
204.68,133,-0.64577
204.49,133,-0.64577
204.29,133,-0.64577
204.09,133,-0.64577
203.89,133,-0.64577
203.69,133,-0.64577
203.49,133,-0.64577
203.29,133,-0.64577
203.09,133,-0.64577
202.88,133,-0.64577
202.68,133,-0.64577
202.48,133,-0.64577
202.27,133,-0.64577
202.07,133,-0.64577
201.86,133,-0.64577
201.65,133,-0.64577
201.45,133,-0.64577
201.24,133,-0.64577
201.03,133,-0.64577
200.82,133,-0.64577
200.61,133,-0.64577
200.4,133,-0.64577
200.19,133,-0.64577
199.98,133,-0.64577
199.77,133,-0.64577
199.55,133,-0.64577
199.34,133,-0.64577
199.13,133,-0.64577
198.91,133,-0.64577
198.7,133,-0.64577
198.48,133,-0.64577
198.26,133,-0.64577
198.05,133,-0.64577
197.83,133,-0.64577
197.61,133,-0.64577
197.39,133,-0.64577
197.17,133,-0.64577
196.95,133,-0.64577
196.73,133,-0.64577
196.51,133,-0.64577
196.29,133,-0.64577
196.07,133,-0.64577
195.84,133,-0.64577
195.62,133,-0.64577
195.4,133,-0.64577
195.17,133,-0.64577
194.95,133,-0.64577
194.72,133,-0.64577
194.5,133,-0.64577
194.27,133,-0.64577
194.04,133,-0.64577
193.81,133,-0.64577
193.59,133,-0.64577
193.36,133,-0.64577
193.13,133,-0.64577
192.9,133,-0.64577
192.67,133,-0.64577
192.44,133,-0.64577
192.21,133,-0.64577
191.97,133,-0.64577
191.74,133,-0.64577
191.51,133,-0.64577
191.28,133,-0.64577
191.04,133,-0.64577
190.81,133,-0.64577
190.57,133,-0.64577
190.34,133,-0.64577
190.1,133,-0.64577
189.87,133,-0.64577
189.63,133,-0.64577
189.39,133,-0.64577
189.16,133,-0.64577
188.92,133,-0.64577
188.68,133,-0.64577
188.44,133,-0.64577
188.2,133,-0.64577
187.96,133,-0.64577
187.72,133,-0.64577
187.48,133,-0.64577
187.24,133,-0.64577
187,133,-0.64577
186.76,133,-0.64577
186.52,133,-0.64577
186.28,133,-0.64577
186.04,133,-0.64577
185.79,133,-0.64577
185.55,133,-0.64577
185.31,133,-0.64577
185.06,133,-0.64577
184.82,133,-0.64577
184.58,133,-0.64577
184.33,133,-0.64577
184.09,133,-0.64577
183.84,133,-0.64577
183.59,133,-0.64577
183.35,133,-0.64577
183.1,133,-0.64577
182.86,133,-0.64577
182.61,133,-0.64577
182.36,133,-0.64577
182.12,133,-0.64577
181.87,133,-0.64577
181.62,133,-0.64577
181.37,133,-0.64577
181.12,133,-0.64577
180.88,133,-0.64577
180.63,133,-0.64577
180.38,133,-0.64577
180.13,133,-0.64577
179.88,133,-0.64577
179.63,133,-0.64577
179.38,133,-0.64577
179.13,133,-0.64577
178.88,133,-0.64577
178.63,133,-0.64577
178.38,133,-0.64577
178.13,133,-0.64577
177.88,133,-0.64577
177.62,133,-0.64577
177.37,133,-0.64577
177.12,133,-0.64577
176.87,133,-0.64577
176.62,133,-0.64577
176.37,133,-0.64577
176.11,133,-0.64577
175.86,133,-0.64577
175.61,133,-0.64577
175.36,133,-0.64577
175.1,133,-0.64577
174.85,133,-0.64577
174.6,133,-0.64577
174.35,133,-0.64577
174.09,133,-0.64577
173.84,133,-0.64577
173.59,133,-0.64577
173.33,133,-0.64577
173.08,133,-0.64577
172.83,133,-0.64577
172.57,133,-0.64577
172.32,133,-0.64577
172.07,133,-0.64577
171.81,133,-0.64577
171.56,133,-0.64577
171.31,133,-0.64577
171.05,133,-0.64577
170.8,133,-0.64577
170.55,133,-0.64577
170.29,133,-0.64577
170.04,133,-0.64577
169.79,133,-0.64577
169.53,133,-0.64577
169.28,133,-0.64577
169.03,133,-0.64577
168.77,133,-0.64577
168.52,133,-0.64577
168.27,133,-0.64577
168.01,133,-0.64577
167.76,133,-0.64577
167.51,133,-0.64577
167.26,133,-0.64577
167,133,-0.64577
166.75,133,-0.64577
166.5,133,-0.64577
166.25,133,-0.64577
165.99,133,-0.64577
165.74,133,-0.64577
165.49,133,-0.64577
165.24,133,-0.64577
164.98,133,-0.64577
164.73,133,-0.64577
164.48,133,-0.64577
164.23,133,-0.64577
163.98,133,-0.64577
163.73,133,-0.64577
163.48,133,-0.64577
163.23,133,-0.64577
162.97,133,-0.64577
162.72,133,-0.64577
162.47,133,-0.64577
162.22,133,-0.64577
161.97,133,-0.64577
161.72,133,-0.64577
161.47,133,-0.64577
161.23,133,-0.64577
160.98,133,-0.64577
160.73,133,-0.64577
160.48,133,-0.64577
160.23,133,-0.64577
159.98,133,-0.64577
159.73,133,-0.64577
159.49,133,-0.64577
159.24,133,-0.64577
158.99,133,-0.64577
158.75,133,-0.64577
158.5,133,-0.64577
158.25,133,-0.64577
158.01,133,-0.64577
157.76,133,-0.64577
157.52,133,-0.64577
157.27,133,-0.64577
157.03,133,-0.64577
156.78,133,-0.64577
156.54,133,-0.64577
156.29,133,-0.64577
156.05,133,-0.64577
155.81,133,-0.64577
155.56,133,-0.64577
155.32,133,-0.64577
155.08,133,-0.64577
154.84,133,-0.64577
154.6,133,-0.64577
154.35,133,-0.64577
154.11,133,-0.64577
153.87,133,-0.64577
153.63,133,-0.64577
153.39,133,-0.64577
153.15,133,-0.64577
152.92,133,-0.64577
152.68,133,-0.64577
152.44,133,-0.64577
152.2,133,-0.64577
151.96,133,-0.64577
151.73,133,-0.64577
151.49,133,-0.64577
151.26,133,-0.64577
151.02,133,-0.64577
150.78,133,-0.64577
150.55,133,-0.64577
150.32,133,-0.64577
150.08,133,-0.64577
149.85,133,-0.64577
149.62,133,-0.64577
149.38,133,-0.64577
149.15,133,-0.64577
148.92,133,-0.64577
148.69,133,-0.64577
148.46,133,-0.64577
148.23,133,-0.64574
147.84,133,-0.64574
147.61,133,-0.64573
147.38,133,-0.64573
147.15,133,-0.64573
146.92,133,-0.64573
146.69,133,-0.64573
146.46,133,-0.64573
146.24,133,-0.64573
146.01,133,-0.64573
145.78,133,-0.64573
145.56,133,-0.64573
145.33,133,-0.64573
145.11,133,-0.64573
144.88,133,-0.64573
144.66,133,-0.64573
144.43,133,-0.64573
144.21,133,-0.64573
143.99,133,-0.64573
143.77,133,-0.64573
143.54,133,-0.64573
143.32,133,-0.64573
143.1,133,-0.64573
142.88,133,-0.64573
142.66,133,-0.64573
142.45,133,-0.64573
142.23,133,-0.64572
142.01,133,-0.64572
141.79,133,-0.64572
141.58,133,-0.64572
141.36,133,-0.64572
141.15,133,-0.64572
140.93,133,-0.64572
140.72,133,-0.64572
140.5,133,-0.64572
140.29,133,-0.64572
140.08,133,-0.64572
139.87,133,-0.64572
139.66,133,-0.64572
139.45,133,-0.64572
139.24,133,-0.64572
139.03,133,-0.64572
138.82,133,-0.64572
138.61,133,-0.64572
138.4,133,-0.64572
138.2,133,-0.64571
137.99,133,-0.64571
137.78,133,-0.64571
137.58,133,-0.64571
137.37,133,-0.64571
137.17,133,-0.64571
136.97,133,-0.64571
136.77,133,-0.64571
136.56,133,-0.64571
136.36,133,-0.64571
136.16,133,-0.64571
135.96,133,-0.64571
135.76,133,-0.64571
135.56,133,-0.64571
135.37,133,-0.64571
135.17,133,-0.64571
134.97,133,-0.6457
134.78,133,-0.6457
134.58,133,-0.6457
134.39,133,-0.6457
134.19,133,-0.6457
134,133,-0.6457
133.8,133,-0.6457
133.61,133,-0.6457
133.42,133,-0.6457
133.23,133,-0.6457
133.04,133,-0.6457
132.85,133,-0.6457
132.66,133,-0.6457
132.47,133,-0.6457
132.29,133,-0.64569
132.1,133,-0.64569
131.91,133,-0.64569
131.73,133,-0.64569
131.54,133,-0.64569
131.36,133,-0.64569
131.18,133,-0.64569
130.99,133,-0.64569
130.81,133,-0.64569
130.63,133,-0.64569
130.45,133,-0.64569
130.27,133,-0.64569
130.09,133,-0.64568
129.91,133,-0.64568
129.73,133,-0.64568
129.55,133,-0.64568
129.38,133,-0.64568
129.2,133,-0.64568
129.03,133,-0.64568
128.85,133,-0.64568
128.68,133,-0.64568
128.5,133,-0.64568
128.33,133,-0.64568
128.16,133,-0.64567
127.99,133,-0.64567
127.82,133,-0.64567
127.65,133,-0.64567
127.48,133,-0.64567
127.31,133,-0.64567
127.14,133,-0.64567
126.97,133,-0.64567
126.81,133,-0.64567
126.64,133,-0.64567
126.48,133,-0.64566
126.31,133,-0.64566
126.15,133,-0.64566
125.99,133,-0.64566
125.82,133,-0.64566
125.66,133,-0.64566
125.5,133,-0.64566
125.34,133,-0.64566
125.18,133,-0.64566
125.02,133,-0.64565
124.86,133,-0.64565
124.71,133,-0.64565
124.55,133,-0.64565
124.39,133,-0.64565
124.24,133,-0.64565
124.08,133,-0.64565
123.93,133,-0.64565
123.77,133,-0.64564
123.62,133,-0.64564
123.47,133,-0.64564
123.32,133,-0.64564
123.16,133,-0.64564
123.01,133,-0.64564
122.86,133,-0.64564
122.72,133,-0.64564
122.57,133,-0.64563
122.42,133,-0.64563
122.27,133,-0.64563
122.13,133,-0.64563
121.98,133,-0.64563
121.84,133,-0.64563
121.69,133,-0.64563
121.55,133,-0.64562
121.4,133,-0.64562
121.26,133,-0.64562
121.12,133,-0.64562
120.98,133,-0.64562
120.84,133,-0.64562
120.7,133,-0.64561
120.56,133,-0.64561
120.42,133,-0.64561
120.28,133,-0.64561
120.14,133,-0.64561
120.01,133,-0.64561
119.87,133,-0.64561
119.74,133,-0.6456
119.6,133,-0.6456
119.47,133,-0.6456
119.33,133,-0.6456
119.2,133,-0.6456
119.07,133,-0.64559
118.94,133,-0.64559
118.81,133,-0.64559
118.67,133,-0.64559
118.54,133,-0.64559
118.42,133,-0.64559
118.29,133,-0.64558
118.16,133,-0.64558
118.03,133,-0.64558
117.9,133,-0.64558
117.78,133,-0.64558
117.65,133,-0.64557
117.53,133,-0.64557
117.4,133,-0.64557
117.28,133,-0.64557
117.15,133,-0.64557
117.03,133,-0.64556
116.91,133,-0.64556
116.79,133,-0.64556
116.67,133,-0.64556
116.55,133,-0.64556
116.43,133,-0.64555
116.31,133,-0.64555
116.19,133,-0.64555
116.07,133,-0.64555
115.95,133,-0.64554
115.83,133,-0.64554
115.72,133,-0.64554
115.6,133,-0.64554
115.49,133,-0.64554
115.37,133,-0.64553
115.26,133,-0.64553
115.14,133,-0.64553
115.03,133,-0.64553
114.92,133,-0.64552
114.8,133,-0.64552
114.69,133,-0.64552
114.58,133,-0.64552
114.47,133,-0.64551
114.36,133,-0.64551
114.25,133,-0.64551
114.14,133,-0.64551
114.03,133,-0.6455
113.92,133,-0.6455
113.81,133,-0.6455
113.71,133,-0.64549
113.6,133,-0.64549
113.49,133,-0.64549
113.39,133,-0.64549
113.28,133,-0.64548
113.18,133,-0.64548
113.07,133,-0.64548
112.97,133,-0.64547
112.87,133,-0.64547
112.76,133,-0.64547
112.66,133,-0.64547
112.56,133,-0.64546
112.45,133,-0.64546
112.35,133,-0.64546
112.25,133,-0.64545
112.15,133,-0.64545
112.05,133,-0.64545
111.95,133,-0.64544
111.85,133,-0.64544
111.75,133,-0.64544
111.65,133,-0.64543
111.56,133,-0.64543
111.46,133,-0.64543
111.36,133,-0.64542
111.26,133,-0.64542
111.17,133,-0.64542
111.07,133,-0.64541
110.98,133,-0.64541
110.88,133,-0.6454
110.79,133,-0.6454
110.69,133,-0.6454
110.6,133,-0.64539
110.5,133,-0.64539
110.41,133,-0.64539
110.32,133,-0.64538
110.22,133,-0.64538
110.13,133,-0.64537
110.04,133,-0.64537
109.95,133,-0.64537
109.85,133,-0.64536
109.76,133,-0.64536
109.67,133,-0.64535
109.58,133,-0.64535
109.49,133,-0.64535
109.4,133,-0.64534
109.31,133,-0.64534
109.22,133,-0.64533
109.13,133,-0.64533
109.04,133,-0.64532
108.95,133,-0.64532
108.87,133,-0.64531
108.78,133,-0.64531
108.69,133,-0.64531
108.6,133,-0.6453
108.51,133,-0.6453
108.43,133,-0.64529
108.34,133,-0.64529
108.25,133,-0.64528
108.17,133,-0.64528
108.08,133,-0.64527
108,133,-0.64527
107.91,133,-0.64526
107.82,133,-0.64526
107.74,133,-0.64525
107.65,133,-0.64525
107.57,133,-0.64524
107.48,133,-0.64524
107.4,133,-0.64523
107.31,133,-0.64522
107.23,133,-0.64522
107.15,133,-0.64521
107.06,133,-0.64521
106.98,133,-0.6452
106.89,133,-0.6452
106.81,133,-0.64519
106.73,133,-0.64518
106.64,133,-0.64518
106.56,133,-0.64517
106.48,133,-0.64517
106.4,133,-0.64516
106.31,133,-0.64515
106.23,133,-0.64515
106.15,133,-0.64514
106.06,133,-0.64514
105.98,133,-0.64513
105.9,133,-0.64512
105.82,133,-0.64512
105.74,133,-0.64511
105.65,133,-0.6451
105.57,133,-0.6451
105.49,133,-0.64509
105.41,133,-0.64508
105.33,133,-0.64508
105.24,133,-0.64507
105.16,133,-0.64506
105.08,133,-0.64505
105,133,-0.64505
104.92,133,-0.64504
104.83,133,-0.64503
104.75,133,-0.64503
104.67,133,-0.64502
104.59,133,-0.64501
104.51,133,-0.645
104.43,133,-0.645
104.34,133,-0.64499
104.26,133,-0.64498
104.18,133,-0.64497
104.1,133,-0.64496
104.02,133,-0.64496
103.93,133,-0.64495
103.85,133,-0.64494
103.77,133,-0.64493
103.69,133,-0.64492
103.6,133,-0.64491
103.52,133,-0.6449
103.44,133,-0.6449
103.36,133,-0.64489
103.27,133,-0.64488
103.19,133,-0.64487
103.11,133,-0.64486
103.02,133,-0.64485
102.94,133,-0.64484
102.86,133,-0.64483
102.77,133,-0.64482
102.69,133,-0.64481
102.61,133,-0.6448
102.52,133,-0.64479
102.44,133,-0.64478
102.35,133,-0.64477
102.27,133,-0.64476
102.18,133,-0.64475
102.1,133,-0.64474
102.01,133,-0.64473
101.93,133,-0.64472
101.84,133,-0.64471
101.76,133,-0.6447
101.67,133,-0.64469
101.58,133,-0.64468
101.5,133,-0.64467
101.41,133,-0.64466
101.32,133,-0.64465
101.23,133,-0.64464
101.15,133,-0.64463
101.06,133,-0.64461
100.97,133,-0.6446
100.88,133,-0.64459
100.79,133,-0.64458
100.7,133,-0.64457
100.61,133,-0.64455
100.52,133,-0.64454
100.43,133,-0.64453
100.34,133,-0.64452
100.25,133,-0.6445
100.16,133,-0.64449
100.07,133,-0.64448
99.975,133,-0.64447
99.882,133,-0.64445
99.789,133,-0.64444
99.696,133,-0.64443
99.602,133,-0.64441
99.508,133,-0.6444
99.413,133,-0.64439
99.318,133,-0.64437
99.223,133,-0.64436
99.127,133,-0.64434
99.031,133,-0.64433
98.934,133,-0.64431
98.836,133,-0.6443
98.739,133,-0.64429
98.64,133,-0.64427
98.542,133,-0.64426
98.442,133,-0.64424
98.342,133,-0.64422
98.242,133,-0.64421
98.141,133,-0.64419
98.04,133,-0.64418
97.938,133,-0.64416
97.835,133,-0.64415
97.732,133,-0.64413
97.629,133,-0.64411
97.525,133,-0.6441
97.42,133,-0.64408
97.315,133,-0.64406
97.209,133,-0.64405
97.102,133,-0.64403
96.995,133,-0.64401
96.887,133,-0.64399
96.779,133,-0.64398
96.67,133,-0.64396
96.56,133,-0.64394
96.449,133,-0.64392
96.338,133,-0.6439
96.227,133,-0.64388
96.114,133,-0.64386
96.001,133,-0.64385
95.887,133,-0.64383
95.773,133,-0.64381
95.657,133,-0.64379
95.541,133,-0.64377
95.425,133,-0.64375
95.307,133,-0.64373
95.189,133,-0.64371
95.07,133,-0.64369
94.95,133,-0.64366
94.829,133,-0.64364
94.708,133,-0.64362
94.586,133,-0.6436
94.463,133,-0.64358
94.339,133,-0.64356
94.214,133,-0.64353
94.088,133,-0.64351
93.962,133,-0.64349
93.835,133,-0.64347
93.707,133,-0.64344
93.577,133,-0.64342
93.448,133,-0.6434
93.317,133,-0.64337
93.185,133,-0.64335
93.052,133,-0.64332
92.919,133,-0.6433
92.784,133,-0.64327
92.648,133,-0.64325
92.512,133,-0.64322
92.374,133,-0.6432
92.236,133,-0.64317
92.097,133,-0.64315
91.956,133,-0.64312
91.815,133,-0.64309
91.672,133,-0.64307
91.528,133,-0.64304
91.384,133,-0.64301
91.238,133,-0.64299
91.091,133,-0.64296
90.943,133,-0.64293
90.794,133,-0.6429
90.644,133,-0.64287
90.493,133,-0.64284
90.341,133,-0.64281
90.187,133,-0.64278
90.033,133,-0.64275
89.877,133,-0.64272
89.72,133,-0.64269
89.562,133,-0.64266
89.402,133,-0.64263
89.242,133,-0.6426
89.08,133,-0.64257
88.917,133,-0.64254
88.752,133,-0.6425
88.587,133,-0.64247
88.42,133,-0.64244
88.252,133,-0.64241
88.082,133,-0.64237
87.911,133,-0.64234
87.739,133,-0.6423
87.566,133,-0.64227
87.391,133,-0.64223
87.215,133,-0.6422
87.037,133,-0.64216
86.858,133,-0.64213
86.678,133,-0.64209
86.496,133,-0.64205
86.313,133,-0.64202
86.128,133,-0.64198
85.942,133,-0.64194
85.755,133,-0.6419
85.566,133,-0.64186
85.375,133,-0.64182
85.183,133,-0.64178
84.989,133,-0.64174
84.794,133,-0.6417
84.597,133,-0.64166
84.399,133,-0.64162
84.199,133,-0.64158
83.998,133,-0.64154
83.795,133,-0.6415
83.59,133,-0.64145
83.384,133,-0.64141
83.176,133,-0.64137
82.966,133,-0.64132
82.754,133,-0.64128
82.541,133,-0.64123
82.327,133,-0.64119
82.11,133,-0.64114
81.892,133,-0.6411
81.672,133,-0.64105
81.45,133,-0.641
81.226,133,-0.64095
81.001,133,-0.64091
80.773,133,-0.64086
80.544,133,-0.64081
80.313,133,-0.64076
80.08,133,-0.64071
79.845,133,-0.64066
79.609,133,-0.64061
79.37,133,-0.64056
79.129,133,-0.6405
78.887,133,-0.64045
78.642,133,-0.6404
78.396,133,-0.64034
78.147,133,-0.64029
77.896,133,-0.64024
77.644,133,-0.64018
77.389,133,-0.64012
77.132,133,-0.64007
76.873,133,-0.64001
76.612,133,-0.63995
76.349,133,-0.6399
76.084,133,-0.63984
75.816,133,-0.63978
75.546,133,-0.63972
75.274,133,-0.63966
75,133,-0.6396
74.724,133,-0.63954
74.445,133,-0.63947
74.164,133,-0.63941
73.881,133,-0.63935
73.595,133,-0.63928
73.307,133,-0.63922
73.016,133,-0.63915
72.724,133,-0.63909
72.428,133,-0.63902
72.131,133,-0.63895
71.831,133,-0.63889
71.528,133,-0.63882
71.223,133,-0.63875
70.915,133,-0.63868
70.605,133,-0.63861
70.292,133,-0.63854
69.977,133,-0.63846
69.659,133,-0.63839
69.339,133,-0.63832
69.015,133,-0.63824
68.69,133,-0.63817
68.361,133,-0.63809
68.03,133,-0.63802
67.696,133,-0.63794
67.359,133,-0.63786
67.019,133,-0.63778
66.677,133,-0.6377
66.332,133,-0.63762
65.984,133,-0.63754
65.633,133,-0.63746
65.279,133,-0.63738
64.922,133,-0.63729
64.563,133,-0.63721
64.2,133,-0.63712
63.834,133,-0.63704
63.466,133,-0.63695
63.094,133,-0.63686
62.719,133,-0.63677
62.341,133,-0.63669
61.96,133,-0.6366
61.576,133,-0.6365
61.189,133,-0.63641
60.798,133,-0.63632
60.404,133,-0.63623
60.007,133,-0.63613
59.607,133,-0.63603
59.204,133,-0.63594
58.797,133,-0.63584
58.387,133,-0.63574
57.973,133,-0.63564
57.556,133,-0.63554
57.135,133,-0.63544
56.711,133,-0.63534
56.284,133,-0.63523
55.853,133,-0.63513
55.419,133,-0.63502
54.981,133,-0.63492
54.539,133,-0.63481
54.094,133,-0.6347
53.645,133,-0.63459
53.192,133,-0.63448
52.736,133,-0.63437
52.276,133,-0.63426
51.812,133,-0.63414
51.344,133,-0.63403
50.873,133,-0.63391
50.398,133,-0.63379
49.919,133,-0.63367
49.435,133,-0.63355
48.948,133,-0.63343
48.457,133,-0.63331
47.962,133,-0.63319
47.463,133,-0.63306
46.96,133,-0.63294
46.453,133,-0.63281
45.942,133,-0.63268
45.426,133,-0.63255
44.907,133,-0.63242
44.383,133,-0.63229
43.855,133,-0.63216
43.322,133,-0.63202
42.785,133,-0.63189
42.244,133,-0.63175
41.699,133,-0.63161
41.149,133,-0.63147
40.595,133,-0.63133
40.036,133,-0.63119
39.473,133,-0.63105
38.905,133,-0.6309
38.332,133,-0.63075
37.755,133,-0.63061
37.174,133,-0.63046
36.587,133,-0.6303
35.996,133,-0.63015
35.401,133,-0.63
34.8,133,-0.62984
34.195,133,-0.62969
33.585,133,-0.62953
32.97,133,-0.62937
32.35,133,-0.62921
31.725,133,-0.62904
31.096,133,-0.62888
30.461,133,-0.62871
29.821,133,-0.62854
29.176,133,-0.62838
28.526,133,-0.6282
27.871,133,-0.62803
27.211,133,-0.62786
26.545,133,-0.62768
25.875,133,-0.6275
25.199,133,-0.62732
24.518,133,-0.62714
23.831,133,-0.62696
23.139,133,-0.62678
22.442,133,-0.62659
21.739,133,-0.6264
21.031,133,-0.62621
20.317,133,-0.62602
19.597,133,-0.62583
18.873,133,-0.62563
18.142,133,-0.62543
17.406,133,-0.62523
16.664,133,-0.62503
15.917,133,-0.62483
15.163,133,-0.62463
14.404,133,-0.62442
13.64,133,-0.62421
12.869,133,-0.624
12.092,133,-0.62379
11.31,133,-0.62357
10.522,133,-0.62335
9.7272,133,-0.62314
8.9269,133,-0.62291
8.1205,133,-0.62269
7.308,133,-0.62247
6.4894,133,-0.62224
5.6647,133,-0.62201
4.8338,133,-0.62178
3.9968,133,-0.62154
3.1535,133,-0.62131
2.3039,133,-0.62107
1.4481,133,-0.62083
0.58588,133,-0.62059
-0.28265,133,-0.62034
-1.1576,133,-0.62009
-2.0389,133,-0.61984
-2.9266,133,-0.61959
-3.8209,133,-0.61934
-4.7216,133,-0.61908
-5.6288,133,-0.61882
-6.5427,133,-0.61856
-7.4631,133,-0.61829
-8.3901,133,-0.61803
-9.3237,133,-0.61776
-10.264,133,-0.61749
-11.211,133,-0.61721
-12.165,133,-0.61694
-13.125,133,-0.61666
-14.092,133,-0.61638
-15.066,133,-0.61609
-16.047,133,-0.6158
-17.035,133,-0.61551
-18.029,133,-0.61522
-19.031,133,-0.61493
-20.039,133,-0.61463
-21.054,133,-0.61433
-22.076,133,-0.61402
-23.106,133,-0.61372
-24.142,133,-0.61341
-25.185,133,-0.6131
-26.235,133,-0.61278
-27.292,133,-0.61246
-28.356,133,-0.61214
-29.427,133,-0.61182
-30.506,133,-0.61149
-31.591,133,-0.61116
-32.683,133,-0.61083
-33.783,133,-0.61049
-34.89,133,-0.61016
-36.003,133,-0.60981
-37.124,133,-0.60947
-38.253,133,-0.60912
-39.388,133,-0.60877
-40.53,133,-0.60841
-41.68,133,-0.60806
-42.836,133,-0.6077
-44,133,-0.60733
-45.171,133,-0.60696
-46.349,133,-0.60659
-47.534,133,-0.60622
-48.727,133,-0.60584
-49.926,133,-0.60546
-51.133,133,-0.60508
-52.347,133,-0.60469
-53.568,133,-0.6043
-54.796,133,-0.6039
-56.031,133,-0.6035
-57.273,133,-0.6031
-58.522,133,-0.60269
-59.778,133,-0.60228
-61.042,133,-0.60187
-62.312,133,-0.60145
-63.589,133,-0.60103
-64.873,133,-0.60061
-66.164,133,-0.60018
-67.462,133,-0.59975
-68.767,133,-0.59931
-70.079,133,-0.59887
-71.397,133,-0.59843
-72.722,133,-0.59798
-74.054,133,-0.59753
-75.392,133,-0.59708
-76.738,133,-0.59662
-78.089,133,-0.59615
-79.447,133,-0.59569
-80.812,133,-0.59521
-82.183,133,-0.59474
-83.56,133,-0.59426
-84.944,133,-0.59377
-86.334,133,-0.59329
-87.73,133,-0.59279
-89.132,133,-0.5923
-90.54,133,-0.59179
-91.954,133,-0.59129
-93.374,133,-0.59078
-94.799,133,-0.59026
-96.231,133,-0.58975
-97.667,133,-0.58922
-99.11,133,-0.58869
-100.56,133,-0.58816
-102.01,133,-0.58762
-103.47,133,-0.58708
-104.93,133,-0.58654
-106.4,133,-0.58599
-107.87,133,-0.58543
-109.35,133,-0.58487
-110.83,133,-0.5843
-112.32,133,-0.58373
-113.81,133,-0.58316
-115.31,133,-0.58258
-116.81,133,-0.58199
-118.31,133,-0.5814
-119.82,133,-0.58081
-121.33,133,-0.58021
-122.85,133,-0.57961
-124.36,133,-0.579
-125.88,133,-0.57838
-127.41,133,-0.57776
-128.94,133,-0.57714
-130.47,133,-0.57651
-132,133,-0.57587
-133.53,133,-0.57523
-135.07,133,-0.57458
-136.61,133,-0.57393
-138.15,133,-0.57328
-139.69,133,-0.57261
-141.23,133,-0.57195
-142.77,133,-0.57127
-144.32,133,-0.57059
-145.86,133,-0.56991
-147.4,133,-0.56922
-148.95,133,-0.56853
-150.49,133,-0.56782
-152.04,133,-0.56712
-153.58,133,-0.56641
-155.12,133,-0.56569
-156.66,133,-0.56496
-158.2,133,-0.56423
-159.73,133,-0.5635
-161.27,133,-0.56276
-162.8,133,-0.56201
-164.33,133,-0.56126
-165.85,133,-0.5605
-167.37,133,-0.55973
-168.89,133,-0.55896
-170.4,133,-0.55818
-171.91,133,-0.5574
-173.41,133,-0.55661
-174.91,133,-0.55581
-176.4,133,-0.55501
-177.88,133,-0.5542
-179.36,133,-0.55339
-180.83,133,-0.55257
-182.29,133,-0.55174
-183.74,133,-0.55091
-185.19,133,-0.55007
-186.62,133,-0.54922
-188.05,133,-0.54837
-189.47,133,-0.54751
-190.87,133,-0.54665
-192.27,133,-0.54577
-193.65,133,-0.5449
-195.02,133,-0.54401
-196.38,133,-0.54312
-197.72,133,-0.54222
-199.05,133,-0.54131
-200.37,133,-0.5404
-201.67,133,-0.53948
-202.95,133,-0.53856
-204.22,133,-0.53763
-205.47,133,-0.53669
-206.7,133,-0.53574
-207.92,133,-0.53479
-209.12,133,-0.53383
-210.29,133,-0.53286
-211.45,133,-0.53189
-212.58,133,-0.53091
-213.69,133,-0.52992
-214.78,133,-0.52892
-215.85,133,-0.52792
-216.89,133,-0.52691
-217.91,133,-0.5259
-218.9,133,-0.52487
-219.86,133,-0.52384
-220.79,133,-0.5228
-221.7,133,-0.52176
-222.58,133,-0.52071
-223.42,133,-0.51965
-224.24,133,-0.51858
-225.02,133,-0.51751
-225.77,133,-0.51643
-226.48,133,-0.51534
-227.16,133,-0.51424
-227.81,133,-0.51314
-228.41,133,-0.51203
-228.98,133,-0.51091
-229.5,133,-0.50978
-229.99,133,-0.50865
-230.43,133,-0.50751
-230.83,133,-0.50636
-231.19,133,-0.5052
-231.5,133,-0.50404
-231.76,133,-0.50287
-231.98,133,-0.50169
-232.14,133,-0.5005
-232.26,133,-0.49931
-232.32,133,-0.49811
-232.33,133,-0.4969
-232.29,133,-0.49568
-232.19,133,-0.49446
-232.03,133,-0.49323
-231.81,133,-0.49199
-231.53,133,-0.49074
-231.19,133,-0.48949
-230.78,133,-0.48823
-230.31,133,-0.48695
-229.77,133,-0.48568
-229.16,133,-0.48439
-228.49,133,-0.4831
-227.74,133,-0.4818
-226.92,133,-0.48049
-226.02,133,-0.47917
-225.04,133,-0.47785
-223.98,133,-0.47652
-222.85,133,-0.47518
-221.63,133,-0.47383
-220.32,133,-0.47247
-218.93,133,-0.47111
-217.45,133,-0.46974
-215.88,133,-0.46836
-214.21,133,-0.46698
-212.45,133,-0.46558
-210.59,133,-0.46418
-208.63,133,-0.46277
-206.57,133,-0.46136
-204.41,133,-0.45993
-202.14,133,-0.4585
-199.76,133,-0.45706
-197.27,133,-0.45561
-194.66,133,-0.45416
-191.94,133,-0.45269
-189.1,133,-0.45122
-186.14,133,-0.44975
-183.05,133,-0.44826
-179.84,133,-0.44677
-176.49,133,-0.44527
-173.02,133,-0.44376
-169.41,133,-0.44224
-165.66,133,-0.44072
-161.77,133,-0.43919
-157.74,133,-0.43765
-153.55,133,-0.43611
-149.22,133,-0.43455
-144.74,133,-0.43299
-140.1,133,-0.43143
-135.3,133,-0.42985
-130.34,133,-0.42827
-125.21,133,-0.42668
-119.91,133,-0.42508
-114.43,133,-0.42348
-108.78,133,-0.42187
-102.95,133,-0.42025
-96.94,133,-0.41863
-90.738,133,-0.41699
-84.345,133,-0.41535
-77.757,133,-0.41371
-70.97,133,-0.41205
-63.979,133,-0.41039
-56.781,133,-0.40873
-49.372,133,-0.40705
-41.747,133,-0.40537
-33.903,133,-0.40368
-25.835,133,-0.40199
-17.539,133,-0.40029
-9.0101,133,-0.39858
-0.24411,133,-0.39687
8.7635,133,-0.39515
18.017,133,-0.39342
27.522,133,-0.39169
37.283,133,-0.38995
47.304,133,-0.3882
57.59,133,-0.38645
68.147,133,-0.38469
78.979,133,-0.38292
90.092,133,-0.38115
101.49,133,-0.37938
113.18,133,-0.37759
125.17,133,-0.3758
137.45,133,-0.37401
150.05,133,-0.37221
162.95,133,-0.3704
176.18,133,-0.36859
189.72,133,-0.36677
203.6,133,-0.36495
217.81,133,-0.36312
232.37,133,-0.36129
247.27,133,-0.35945
262.52,133,-0.3576
278.13,133,-0.35575
294.11,133,-0.3539
310.46,133,-0.35204
327.18,133,-0.35017
344.29,133,-0.3483
361.79,133,-0.34643
379.68,133,-0.34455
397.98,133,-0.34266
416.68,133,-0.34077
435.8,133,-0.33888
455.34,133,-0.33698
475.31,133,-0.33508
495.71,133,-0.33317
516.56,133,-0.33126
537.85,133,-0.32935
559.59,133,-0.32743
581.79,133,-0.3255
604.46,133,-0.32358
627.61,133,-0.32165
651.23,133,-0.31971
675.34,133,-0.31777
699.94,133,-0.31583
725.04,133,-0.31389
750.64,133,-0.31194
776.76,133,-0.30999
803.39,133,-0.30803
830.55,133,-0.30607
858.23,133,-0.30411
886.45,133,-0.30215
915.21,133,-0.30018
944.51,133,-0.29821
974.37,133,-0.29624
1004.8,133,-0.29426
1035.8,133,-0.29229
1067.3,133,-0.29031
1099.4,133,-0.28833
1132.1,133,-0.28634
1165.4,133,-0.28436
1199.2,133,-0.28237
1233.7,133,-0.28038
1268.7,133,-0.27839
1304.3,133,-0.27639
1340.5,133,-0.2744
1377.4,133,-0.2724
1414.8,133,-0.2704
1452.8,133,-0.2684
1491.5,133,-0.2664
1530.7,133,-0.2644
1570.6,133,-0.2624
1611,133,-0.26039
1652.1,133,-0.25839
1693.8,133,-0.25639
1736.1,133,-0.25438
1779,133,-0.25237
1822.5,133,-0.25037
1866.7,133,-0.24836
1911.4,133,-0.24635
1956.7,133,-0.24435
2002.6,133,-0.24234
2049.1,133,-0.24033
2096.3,133,-0.23833
2144,133,-0.23632
2192.2,133,-0.23431
2241.1,133,-0.23231
2290.5,133,-0.2303
2340.5,133,-0.2283
2391,133,-0.22629
2442.1,133,-0.22429
2493.7,133,-0.22229
2545.9,133,-0.22029
2598.6,133,-0.21829
2651.8,133,-0.21629
2705.5,133,-0.2143
2759.7,133,-0.2123
2814.4,133,-0.21031
2869.5,133,-0.20832
2925.2,133,-0.20632
2981.2,133,-0.20434
3037.7,133,-0.20235
3094.7,133,-0.20037
3152,133,-0.19838
3209.7,133,-0.1964
3267.8,133,-0.19443
3326.3,133,-0.19245
3385.1,133,-0.19048
3444.2,133,-0.18851
3503.7,133,-0.18654
3563.4,133,-0.18458
3623.4,133,-0.18262
3683.7,133,-0.18066
3744.2,133,-0.17871
3804.9,133,-0.17675
3865.8,133,-0.17481
3926.9,133,-0.17286
3988.1,133,-0.17092
4049.4,133,-0.16898
4110.8,133,-0.16705
4172.2,133,-0.16511
4233.7,133,-0.16319
4295.3,133,-0.16126
4356.8,133,-0.15935
4418.2,133,-0.15743
4479.6,133,-0.15552
4540.8,133,-0.15361
4602,133,-0.15171
4662.9,133,-0.14981
4723.7,133,-0.14792
4784.2,133,-0.14603
4844.5,133,-0.14415
4904.5,133,-0.14227
4964.2,133,-0.14039
5023.5,133,-0.13852
5082.5,133,-0.13666
5141.1,133,-0.13479
5199.2,133,-0.13294
5256.9,133,-0.13109
5314.1,133,-0.12925
5370.8,133,-0.12741
5426.9,133,-0.12557
5482.6,133,-0.12374
5537.6,133,-0.12192
5592.1,133,-0.1201
5646,133,-0.11829
5699.3,133,-0.11648
5751.9,133,-0.11468
5803.9,133,-0.11289
5855.3,133,-0.1111
5906,133,-0.10932
5956,133,-0.10754
6005.4,133,-0.10577
6054.1,133,-0.104
6102.1,133,-0.10224
6149.4,133,-0.10049
6196.1,133,-0.098746
6242.1,133,-0.097006
6287.5,133,-0.095273
6332.2,133,-0.093545
6376.2,133,-0.091825
6419.6,133,-0.090111
6462.3,133,-0.088403
6504.4,133,-0.086702
6545.9,133,-0.085008
6586.7,133,-0.08332
6627,133,-0.08164
6666.6,133,-0.079966
6705.7,133,-0.078299
6744.1,133,-0.076638
6782,133,-0.074985
6819.3,133,-0.073339
6856,133,-0.071699
6892.2,133,-0.070067
6927.8,133,-0.068442
6962.9,133,-0.066823
6997.5,133,-0.065212
7031.6,133,-0.063609
7065.1,133,-0.062012
7098.1,133,-0.060423
7130.6,133,-0.05884
7162.6,133,-0.057266
7194.1,133,-0.055698
7225.1,133,-0.054138
7255.6,133,-0.052585
7285.6,133,-0.05104
7315.2,133,-0.049502
7344.2,133,-0.047971
7372.8,133,-0.046448
7400.9,133,-0.044932
7428.5,133,-0.043424
7455.6,133,-0.041924
7482.3,133,-0.040431
7508.5,133,-0.038945
7534.2,133,-0.037468
7559.4,133,-0.035997
7584.2,133,-0.034535
7608.5,133,-0.03308
7632.3,133,-0.031632
7655.6,133,-0.030193
7678.5,133,-0.028761
7700.9,133,-0.027336
7722.8,133,-0.025919
7744.2,133,-0.02451
7765.1,133,-0.023109
7785.6,133,-0.021715
7805.6,133,-0.02033
7825.1,133,-0.018951
7844.2,133,-0.017581
7862.7,133,-0.016218
7880.8,133,-0.014863
7898.4,133,-0.013516
7915.5,133,-0.012176
7932.1,133,-0.010844
7948.3,133,-0.0095201
7963.9,133,-0.0082037
7979.1,133,-0.006895
7993.8,133,-0.005594
8008.1,133,-0.0043007
8021.8,133,-0.0030152
8035.1,133,-0.0017373
8047.9,133,-0.00046717
8060.2,133,0.0007953
8072,133,0.0020501
8083.4,133,0.0032972
8094.3,133,0.0045366
8104.7,133,0.0057684
8114.6,133,0.0069925
8124.1,133,0.008209
8133.1,133,0.0094178
8141.7,133,0.010619
8149.7,133,0.011813
8157.3,133,0.012999
8164.5,133,0.014177
8171.2,133,0.015348
8177.4,133,0.016511
8183.2,133,0.017667
8188.5,133,0.018815
8193.4,133,0.019956
8197.8,133,0.02109
8201.8,133,0.022215
8205.3,133,0.023334
8208.4,133,0.024445
8211,133,0.025548
8213.2,133,0.026644
8215,133,0.027733
8216.3,133,0.028814
8217.3,133,0.029889
8217.8,133,0.030955
8217.8,133,0.032015
8217.5,133,0.033067
8216.7,133,0.034112
8215.5,133,0.03515
8213.9,133,0.03618
8211.9,133,0.037204
8209.5,133,0.03822
8206.7,133,0.039229
8203.5,133,0.040231
8199.9,133,0.041226
8195.9,133,0.042213
8191.6,133,0.043194
8186.8,133,0.044168
8181.7,133,0.045135
8176.1,133,0.046095
8170.2,133,0.047048
8164,133,0.047994
8157.3,133,0.048933
8150.3,133,0.049865
8143,133,0.050791
8135.3,133,0.05171
8127.2,133,0.052622
8118.8,133,0.053527
8110,133,0.054426
8100.9,133,0.055318
8091.4,133,0.056203
8081.6,133,0.057082
8071.5,133,0.057954
8061.1,133,0.05882
8050.3,133,0.059679
8039.2,133,0.060531
8027.8,133,0.061377
8016,133,0.062217
8004,133,0.06305
7991.7,133,0.063877
7979,133,0.064698
7966.1,133,0.065513
7952.8,133,0.066321
7939.3,133,0.067123
7925.4,133,0.067918
7911.3,133,0.068708
7896.9,133,0.069491
7882.3,133,0.070268
7867.3,133,0.07104
7852.1,133,0.071805
7836.6,133,0.072564
7820.9,133,0.073317
7804.9,133,0.074064
7788.6,133,0.074806
7772.1,133,0.075541
7755.3,133,0.076271
7738.3,133,0.076995
7721.1,133,0.077713
7703.6,133,0.078425
7685.9,133,0.079132
7668,133,0.079833
7649.8,133,0.080528
7631.4,133,0.081218
7612.8,133,0.081902
7594,133,0.082581
7575,133,0.083254
7555.8,133,0.083921
7536.3,133,0.084584
7516.7,133,0.08524
7496.9,133,0.085892
7476.9,133,0.086538
7456.7,133,0.087179
7436.3,133,0.087814
7415.7,133,0.088445
7395,133,0.08907
7374.1,133,0.08969
7353,133,0.090304
7331.8,133,0.090914
7310.4,133,0.091519
7288.8,133,0.092118
7267.1,133,0.092713
7245.2,133,0.093302
7223.2,133,0.093887
7201.1,133,0.094467
7178.8,133,0.095042
7156.4,133,0.095612
7133.8,133,0.096177
7111.2,133,0.096737
7088.4,133,0.097293
7065.4,133,0.097844
7042.4,133,0.09839
7019.3,133,0.098932
6996,133,0.099469
6972.6,133,0.1
6949.2,133,0.10053
6925.6,133,0.10105
6901.9,133,0.10157
6878.2,133,0.10209
6854.3,133,0.1026
6830.4,133,0.1031
6806.4,133,0.1036
6782.3,133,0.1041
6758.2,133,0.10459
6733.9,133,0.10508
6709.6,133,0.10557
6685.3,133,0.10605
6660.9,133,0.10652
6636.4,133,0.10699
6611.8,133,0.10746
6587.3,133,0.10792
6562.6,133,0.10838
6537.9,133,0.10884
6513.2,133,0.10929
6488.5,133,0.10974
6463.7,133,0.11018
6438.8,133,0.11062
6414,133,0.11106
6389.1,133,0.11149
6364.1,133,0.11192
6339.2,133,0.11234
6314.3,133,0.11276
6289.3,133,0.11318
6264.3,133,0.11359
6239.3,133,0.114
6214.3,133,0.11441
6189.3,133,0.11481
6164.3,133,0.11521
6139.3,133,0.1156
6114.2,133,0.11599
6089.2,133,0.11638
6064.2,133,0.11677
6039.2,133,0.11715
6014.3,133,0.11753
5989.3,133,0.1179
5964.3,133,0.11827
5939.4,133,0.11864
5914.5,133,0.119
5889.6,133,0.11936
5864.7,133,0.11972
5839.9,133,0.12008
5815.1,133,0.12043
5790.3,133,0.12078
5765.5,133,0.12112
5740.8,133,0.12146
5716.1,133,0.1218
5691.5,133,0.12214
5666.9,133,0.12247
5642.3,133,0.1228
5617.8,133,0.12313
5593.3,133,0.12345
5568.9,133,0.12377
5544.5,133,0.12409
5520.1,133,0.1244
5495.8,133,0.12472
5471.6,133,0.12503
5447.4,133,0.12533
5423.3,133,0.12564
5399.2,133,0.12594
5375.1,133,0.12623
5351.2,133,0.12653
5327.2,133,0.12682
5303.4,133,0.12711
5279.6,133,0.1274
5255.8,133,0.12768
5232.2,133,0.12797
5208.5,133,0.12824
5185,133,0.12852
5161.5,133,0.1288
5138,133,0.12907
5114.7,133,0.12934
5091.4,133,0.1296
5068.1,133,0.12987
5044.9,133,0.13013
5021.8,133,0.13039
4998.8,133,0.13064
4975.8,133,0.1309
4952.9,133,0.13115
4930.1,133,0.1314
4907.3,133,0.13165
4884.6,133,0.13189
4861.9,133,0.13214
4839.3,133,0.13238
4816.8,133,0.13262
4794.4,133,0.13285
4772,133,0.13309
4749.7,133,0.13332
4727.5,133,0.13355
4705.3,133,0.13377
4683.2,133,0.134
4661.2,133,0.13422
4639.2,133,0.13444
4617.3,133,0.13466
4595.5,133,0.13488
4573.7,133,0.13509
4552,133,0.13531
4530.4,133,0.13552
4508.8,133,0.13573
4487.3,133,0.13593
4465.9,133,0.13614
4444.5,133,0.13634
4423.2,133,0.13654
4402,133,0.13674
4380.8,133,0.13694
4359.7,133,0.13713
4338.7,133,0.13733
4317.7,133,0.13752
4296.8,133,0.13771
4275.9,133,0.1379
4255.1,133,0.13808
4234.4,133,0.13827
4213.7,133,0.13845
4193.1,133,0.13863
4172.5,133,0.13881
4152,133,0.13899
4131.6,133,0.13917
4111.2,133,0.13934
4090.9,133,0.13951
4070.6,133,0.13968
4050.4,133,0.13985
4030.3,133,0.14002
4010.2,133,0.14019
3990.1,133,0.14035
3970.2,133,0.14051
3950.2,133,0.14068
3930.4,133,0.14084
3910.5,133,0.14099
3890.8,133,0.14115
3871,133,0.14131
3851.4,133,0.14146
3831.8,133,0.14161
3812.2,133,0.14176
3792.7,133,0.14191
3773.2,133,0.14206
3753.8,133,0.14221
3734.5,133,0.14235
3715.1,133,0.1425
3695.9,133,0.14264
3676.7,133,0.14278
3657.5,133,0.14292
3638.4,133,0.14306
3619.3,133,0.1432
3600.3,133,0.14333
3581.3,133,0.14347
3562.4,133,0.1436
3543.5,133,0.14373
3524.7,133,0.14386
3505.9,133,0.14399
3487.1,133,0.14412
3468.4,133,0.14425
3449.8,133,0.14437
3431.2,133,0.1445
3412.6,133,0.14462
3394.1,133,0.14474
3375.6,133,0.14486
3357.2,133,0.14498
3338.8,133,0.1451
3320.5,133,0.14522
3302.2,133,0.14533
3283.9,133,0.14545
3265.7,133,0.14556
3247.6,133,0.14568
3229.4,133,0.14579
3211.4,133,0.1459
3193.3,133,0.14601
3175.4,133,0.14612
3157.4,133,0.14623
3139.5,133,0.14633
3121.7,133,0.14644
3103.9,133,0.14654
3086.1,133,0.14665
3068.4,133,0.14675
3050.8,133,0.14685
3033.2,133,0.14695
3015.6,133,0.14705
2998.1,133,0.14715
2980.6,133,0.14725
2963.1,133,0.14734
2945.8,133,0.14744
2928.4,133,0.14753
2911.1,133,0.14763
2893.9,133,0.14772
2876.7,133,0.14781
2859.6,133,0.1479
2842.5,133,0.14799
2825.4,133,0.14808
2808.4,133,0.14817
2791.5,133,0.14826
2774.6,133,0.14835
2757.7,133,0.14843
2740.9,133,0.14852
2724.2,133,0.1486
2707.5,133,0.14868
2690.8,133,0.14877
2674.2,133,0.14885
2657.7,133,0.14893
2641.2,133,0.14901
2624.7,133,0.14909
2608.4,133,0.14917
2592,133,0.14925
2575.8,133,0.14932
2559.5,133,0.1494
2543.4,133,0.14948
2527.3,133,0.14955
2511.2,133,0.14962
2495.2,133,0.1497
2479.2,133,0.14977
2463.3,133,0.14984
2447.5,133,0.14991
2431.7,133,0.14999
2416,133,0.15006
2400.4,133,0.15012
2384.7,133,0.15019
2369.2,133,0.15026
2353.7,133,0.15033
2338.3,133,0.1504
2322.9,133,0.15046
2307.6,133,0.15053
2292.4,133,0.15059
2277.2,133,0.15066
2262,133,0.15072
2247,133,0.15078
2231.9,133,0.15084
2217,133,0.15091
2202.1,133,0.15097
2187.3,133,0.15103
2172.5,133,0.15109
2157.8,133,0.15115
2143.2,133,0.1512
2128.6,133,0.15126
2114.1,133,0.15132
2099.6,133,0.15138
2085.3,133,0.15143
2070.9,133,0.15149
2056.7,133,0.15154
2042.5,133,0.1516
2028.4,133,0.15165
2014.3,133,0.15171
2000.3,133,0.15176
1986.4,133,0.15181
1972.5,133,0.15186
1958.7,133,0.15192
1944.9,133,0.15197
1931.3,133,0.15202
1917.6,133,0.15207
1904.1,133,0.15212
1890.6,133,0.15217
1877.2,133,0.15221
1863.8,133,0.15226
1850.6,133,0.15231
1837.3,133,0.15236
1824.2,133,0.1524
1811.1,133,0.15245
1798.1,133,0.1525
1785.1,133,0.15254
1772.3,133,0.15259
1759.4,133,0.15263
1746.7,133,0.15267
1734,133,0.15272
1721.4,133,0.15276
1708.8,133,0.1528
1696.3,133,0.15285
1683.9,133,0.15289
1671.5,133,0.15293
1659.2,133,0.15297
1647,133,0.15301
1634.9,133,0.15305
1622.8,133,0.15309
1610.7,133,0.15313
1598.8,133,0.15317
1586.9,133,0.15321
1575.1,133,0.15325
1563.3,133,0.15329
1551.6,133,0.15332
1540,133,0.15336
1528.4,133,0.1534
1516.9,133,0.15343
1505.5,133,0.15347
1494.1,133,0.15351
1482.8,133,0.15354
1471.5,133,0.15358
1460.4,133,0.15361
1449.3,133,0.15365
1438.2,133,0.15368
1427.2,133,0.15371
1416.3,133,0.15375
1405.4,133,0.15378
1394.7,133,0.15381
1383.9,133,0.15384
1373.3,133,0.15388
1362.7,133,0.15391
1352.1,133,0.15394
1341.6,133,0.15397
1331.2,133,0.154
1320.9,133,0.15403
1310.6,133,0.15406
1300.4,133,0.15409
1290.2,133,0.15412
1280.1,133,0.15415
1270.1,133,0.15418
1260.1,133,0.15421
1250.2,133,0.15424
1240.3,133,0.15427
1230.5,133,0.15429
1220.8,133,0.15432
1211.1,133,0.15435
1201.5,133,0.15438
1191.9,133,0.1544
1182.4,133,0.15443
1173,133,0.15446
1163.6,133,0.15448
1154.3,133,0.15451
1145,133,0.15453
1135.8,133,0.15456
1126.7,133,0.15458
1117.6,133,0.15461
1108.6,133,0.15463
1099.6,133,0.15466
1090.7,133,0.15468
1081.8,133,0.1547
1073,133,0.15473
1064.3,133,0.15475
1055.6,133,0.15477
1047,133,0.1548
1038.4,133,0.15482
1029.9,133,0.15484
1021.4,133,0.15486
1013,133,0.15489
1004.6,133,0.15491
996.32,133,0.15493
988.07,133,0.15495
979.87,133,0.15497
971.73,133,0.15499
963.64,133,0.15501
955.6,133,0.15503
947.62,133,0.15505
939.68,133,0.15507
931.8,133,0.15509
923.97,133,0.15511
916.19,133,0.15513
908.47,133,0.15515
900.79,133,0.15517
893.16,133,0.15519
885.59,133,0.15521
878.06,133,0.15523
870.58,133,0.15525
863.16,133,0.15526
855.78,133,0.15528
848.45,133,0.1553
841.17,133,0.15532
833.94,133,0.15534
826.76,133,0.15535
819.62,133,0.15537
812.53,133,0.15539
805.49,133,0.1554
798.5,133,0.15542
791.55,133,0.15544
784.65,133,0.15545
777.79,133,0.15547
770.98,133,0.15549
764.22,133,0.1555
757.5,133,0.15552
750.83,133,0.15553
744.2,133,0.15555
737.62,133,0.15556
731.08,133,0.15558
724.58,133,0.15559
718.13,133,0.15561
711.72,133,0.15562
705.36,133,0.15564
699.03,133,0.15565
692.75,133,0.15567
686.52,133,0.15568
680.32,133,0.15569
674.17,133,0.15571
668.05,133,0.15572
661.98,133,0.15573
655.95,133,0.15575
649.96,133,0.15576
644.02,133,0.15577
638.11,133,0.15579
632.24,133,0.1558
626.41,133,0.15581
620.62,133,0.15583
614.87,133,0.15584
609.16,133,0.15585
603.49,133,0.15586
597.85,133,0.15587
592.26,133,0.15589
586.7,133,0.1559
581.18,133,0.15591
575.7,133,0.15592
570.26,133,0.15593
564.85,133,0.15594
559.48,133,0.15596
554.14,133,0.15597
548.84,133,0.15598
543.58,133,0.15599
538.35,133,0.156
533.16,133,0.15601
528.01,133,0.15602
522.89,133,0.15603
517.8,133,0.15604
512.75,133,0.15605
507.73,133,0.15606
502.75,133,0.15607
497.8,133,0.15608
492.89,133,0.15609
488.01,133,0.1561
483.16,133,0.15611
478.34,133,0.15612
473.56,133,0.15613
468.81,133,0.15614
464.09,133,0.15615
459.41,133,0.15616
454.76,133,0.15617
450.13,133,0.15618
445.54,133,0.15619
440.99,133,0.1562
436.46,133,0.1562
431.96,133,0.15621
427.49,133,0.15622
423.06,133,0.15623
418.65,133,0.15624
414.28,133,0.15625
409.93,133,0.15626
405.62,133,0.15626
401.33,133,0.15627
397.07,133,0.15628
392.84,133,0.15629
388.64,133,0.1563
384.47,133,0.1563
380.33,133,0.15631
376.21,133,0.15632
372.13,133,0.15633
368.07,133,0.15633
364.04,133,0.15634
360.04,133,0.15635
356.06,133,0.15636
352.11,133,0.15636
348.19,133,0.15637
344.29,133,0.15638
340.42,133,0.15638
336.58,133,0.15639
332.76,133,0.1564
328.97,133,0.1564
325.21,133,0.15641
321.47,133,0.15642
317.75,133,0.15642
314.06,133,0.15643
310.4,133,0.15644
306.76,133,0.15644
303.15,133,0.15645
299.56,133,0.15646
295.99,133,0.15646
292.45,133,0.15647
288.93,133,0.15647
285.44,133,0.15648
281.97,133,0.15649
278.52,133,0.15649
275.1,133,0.1565
271.7,133,0.1565
268.32,133,0.15651
264.97,133,0.15652
261.64,133,0.15652
258.33,133,0.15653
255.05,133,0.15653
251.78,133,0.15654
248.54,133,0.15654
245.32,133,0.15655
242.12,133,0.15655
238.94,133,0.15656
235.79,133,0.15656
232.66,133,0.15657
229.54,133,0.15657
226.45,133,0.15658
223.38,133,0.15658
220.33,133,0.15659
217.3,133,0.15659
214.29,133,0.1566
211.3,133,0.1566
208.33,133,0.15661
205.39,133,0.15661
202.46,133,0.15662
199.55,133,0.15662
196.66,133,0.15663
193.79,133,0.15663
190.94,133,0.15664
188.11,133,0.15664
185.29,133,0.15664
182.5,133,0.15665
179.72,133,0.15665
176.97,133,0.15666
174.23,133,0.15666
171.51,133,0.15667
168.81,133,0.15667
166.13,133,0.15667
163.46,133,0.15668
160.81,133,0.15668
158.18,133,0.15669
155.57,133,0.15669
152.98,133,0.15669
150.4,133,0.1567
147.84,133,0.1567
145.3,133,0.15671
142.77,133,0.15671
140.26,133,0.15671
137.77,133,0.15672
135.29,133,0.15672
132.84,133,0.15672
130.39,133,0.15673
127.97,133,0.15673
125.56,133,0.15673
123.16,133,0.15674
120.78,133,0.15674
118.42,133,0.15674
116.07,133,0.15675
113.74,133,0.15675
111.43,133,0.15675
109.13,133,0.15676
106.84,133,0.15676
104.57,133,0.15676
102.32,133,0.15677
100.08,133,0.15677
97.852,133,0.15677
95.642,133,0.15678
93.446,133,0.15678
91.265,133,0.15678
89.099,133,0.15679
86.947,133,0.15679
84.809,133,0.15679
82.685,133,0.15679
80.575,133,0.1568
78.479,133,0.1568
76.397,133,0.1568
74.329,133,0.1568
72.274,133,0.15681
70.233,133,0.15681
68.205,133,0.15681
66.191,133,0.15682
64.19,133,0.15682
62.202,133,0.15682
60.227,133,0.15682
58.266,133,0.15683
56.317,133,0.15683
54.381,133,0.15683
52.458,133,0.15683
50.547,133,0.15684
48.649,133,0.15684
46.763,133,0.15684
44.89,133,0.15684
43.029,133,0.15685
41.181,133,0.15685
39.344,133,0.15685
37.519,133,0.15685
35.707,133,0.15685
33.906,133,0.15686
32.117,133,0.15686
30.34,133,0.15686
28.574,133,0.15686
26.82,133,0.15687
25.078,133,0.15687
23.347,133,0.15687
21.627,133,0.15687
19.918,133,0.15687
18.221,133,0.15688
16.534,133,0.15688
14.859,133,0.15688
13.194,133,0.15688
11.541,133,0.15688
9.8979,133,0.15689
8.2658,133,0.15689
6.6443,133,0.15689
5.0334,133,0.15689
3.4329,133,0.15689
1.8429,133,0.1569
0.26323,133,0.1569
-1.3062,133,0.1569
-2.8654,133,0.1569
-4.4144,133,0.1569
-5.9534,133,0.1569
-7.4824,133,0.15691
-9.0015,133,0.15691
-10.511,133,0.15691
-12.01,133,0.15691
-13.5,133,0.15691
-14.98,133,0.15691
-16.45,133,0.15692
-17.911,133,0.15692
-19.362,133,0.15692
-20.804,133,0.15692
-22.237,133,0.15692
-23.66,133,0.15692
-25.075,133,0.15693
-26.48,133,0.15693
-27.876,133,0.15693
-29.262,133,0.15693
-30.64,133,0.15693
-32.009,133,0.15693
-33.369,133,0.15693
-34.721,133,0.15694
-36.063,133,0.15694
-37.397,133,0.15694
-38.722,133,0.15694
-40.039,133,0.15694
-41.347,133,0.15694
-42.647,133,0.15694
-43.938,133,0.15695
-45.221,133,0.15695
-46.496,133,0.15695
-47.763,133,0.15695
-49.021,133,0.15695
-50.271,133,0.15695
-51.513,133,0.15695
-52.747,133,0.15695
-53.973,133,0.15696
-55.192,133,0.15696
-56.402,133,0.15696
-57.605,133,0.15696
-58.799,133,0.15696
-59.986,133,0.15696
-61.166,133,0.15696
-62.338,133,0.15696
-63.502,133,0.15697
-64.658,133,0.15697
-65.808,133,0.15697
-66.95,133,0.15697
-68.084,133,0.15697
-69.211,133,0.15697
-70.331,133,0.15697
-71.444,133,0.15697
-72.549,133,0.15697
-73.647,133,0.15698
-74.739,133,0.15698
-75.823,133,0.15698
-76.9,133,0.15698
-77.97,133,0.15698
-79.033,133,0.15698
-80.09,133,0.15698
-81.139,133,0.15698
-82.182,133,0.15698
-83.218,133,0.15698
-84.247,133,0.15699
-85.27,133,0.15699
-86.286,133,0.15699
-87.296,133,0.15699
-88.299,133,0.15699
-89.295,133,0.15699
-90.285,133,0.15699
-91.269,133,0.15699
-92.246,133,0.15699
-93.217,133,0.15699
-94.181,133,0.15699
-95.14,133,0.157
-96.092,133,0.157
-97.038,133,0.157
-97.977,133,0.157
-98.911,133,0.157
-99.838,133,0.157
-100.76,133,0.157
-101.68,133,0.157
-102.59,133,0.157
-103.49,133,0.157
-104.39,133,0.157
-105.28,133,0.157
-106.16,133,0.157
-107.04,133,0.15701
-107.92,133,0.15701
-108.79,133,0.15701
-109.65,133,0.15701
-110.51,133,0.15701
-111.36,133,0.15701
-112.21,133,0.15701
-113.05,133,0.15701
-113.88,133,0.15701
-114.71,133,0.15701
-115.54,133,0.15701
-116.36,133,0.15701
-117.17,133,0.15701
-117.98,133,0.15701
-118.78,133,0.15702
-119.58,133,0.15702
-120.37,133,0.15702
-121.16,133,0.15702
-121.94,133,0.15702
-122.71,133,0.15702
-123.49,133,0.15702
-124.25,133,0.15702
-125.01,133,0.15702
-125.77,133,0.15702
-126.52,133,0.15702
-127.27,133,0.15702
-128.01,133,0.15702
-128.74,133,0.15702
-129.47,133,0.15702
-130.2,133,0.15702
-130.92,133,0.15702
-131.64,133,0.15703
-132.35,133,0.15703
-133.06,133,0.15703
-133.76,133,0.15703
-134.46,133,0.15703
-135.15,133,0.15703
-135.84,133,0.15703
-136.52,133,0.15703
-137.2,133,0.15703
-137.87,133,0.15703
-138.54,133,0.15703
-139.21,133,0.15703
-139.87,133,0.15703
-140.52,133,0.15703
-141.18,133,0.15703
-141.82,133,0.15703
-142.47,133,0.15703
-143.1,133,0.15703
-143.74,133,0.15703
-144.37,133,0.15703
-144.99,133,0.15704
-145.61,133,0.15704
-146.23,133,0.15704
-146.84,133,0.15704
-147.45,133,0.15704
-148.05,133,0.15704
-148.65,133,0.15704
-149.25,133,0.15704
-149.84,133,0.15704
-150.42,133,0.15704
-151.01,133,0.15704
-151.58,133,0.15704
-152.16,133,0.15704
-152.73,133,0.15704
-153.3,133,0.15704
-153.86,133,0.15704
-154.42,133,0.15704
-154.97,133,0.15704
-155.52,133,0.15704
-156.07,133,0.15704
-156.61,133,0.15704
-157.15,133,0.15704
-157.68,133,0.15704
-158.21,133,0.15704
-158.74,133,0.15704
-159.26,133,0.15704
-159.78,133,0.15705
-160.3,133,0.15705
-160.81,133,0.15705
-161.31,133,0.15705
-161.82,133,0.15705
-162.32,133,0.15705
-162.81,133,0.15705
-163.31,133,0.15705
-163.8,133,0.15705
-164.28,133,0.15705
-164.76,133,0.15705
-165.24,133,0.15705
-165.72,133,0.15705
-166.19,133,0.15705
-166.65,133,0.15705
-167.12,133,0.15705
-167.58,133,0.15705
-168.03,133,0.15705
-168.49,133,0.15705
-168.94,133,0.15705
-169.38,133,0.15705
-169.83,133,0.15705
-170.27,133,0.15705
-170.7,133,0.15705
-171.13,133,0.15705
-171.56,133,0.15705
-171.99,133,0.15705
-172.41,133,0.15705
-172.83,133,0.15705
-173.24,133,0.15705
-173.66,133,0.15705
-174.06,133,0.15705
-174.47,133,0.15705
-174.87,133,0.15705
-175.27,133,0.15706
-175.67,133,0.15706
-176.06,133,0.15706
-176.45,133,0.15706
-176.83,133,0.15706
-177.21,133,0.15706
-177.59,133,0.15706
-177.97,133,0.15706
-178.34,133,0.15706
-178.71,133,0.15706
-179.08,133,0.15706
-179.44,133,0.15706
-179.8,133,0.15706
-180.16,133,0.15706
-180.51,133,0.15706
-180.87,133,0.15706
-181.21,133,0.15706
-181.56,133,0.15706
-181.9,133,0.15706
-182.24,133,0.15706
-182.57,133,0.15706
-182.91,133,0.15706
-183.24,133,0.15706
-183.56,133,0.15706
-183.89,133,0.15706
-184.21,133,0.15706
-184.53,133,0.15706
-184.84,133,0.15706
-185.15,133,0.15706
-185.46,133,0.15706
-185.77,133,0.15706
-186.07,133,0.15706
-186.37,133,0.15706
-186.67,133,0.15706
-186.96,133,0.15706
-187.25,133,0.15706
-187.54,133,0.15706
-187.83,133,0.15706
-188.11,133,0.15706
-188.39,133,0.15706
-188.67,133,0.15706
-188.95,133,0.15706
-189.22,133,0.15706
-189.49,133,0.15706
-189.75,133,0.15706
-190.02,133,0.15706
-190.28,133,0.15706
-190.54,133,0.15706
-190.79,133,0.15706
-191.04,133,0.15706
-191.29,133,0.15706
-191.54,133,0.15706
-191.79,133,0.15707
-192.03,133,0.15707
-192.27,133,0.15707
-192.5,133,0.15707
-192.74,133,0.15707
-192.97,133,0.15707
-193.2,133,0.15707
-193.42,133,0.15707
-193.65,133,0.15707
-193.87,133,0.15707
-194.09,133,0.15707
-194.3,133,0.15707
-194.52,133,0.15707
-194.73,133,0.15707
-194.93,133,0.15707
-195.14,133,0.15707
-195.34,133,0.15707
-195.54,133,0.15707
-195.74,133,0.15707
-195.94,133,0.15707
-196.13,133,0.15707
-196.32,133,0.15707
-196.51,133,0.15707
-196.69,133,0.15707
-196.88,133,0.15707
-197.06,133,0.15707
-197.24,133,0.15707
-197.41,133,0.15707
-197.58,133,0.15707
-197.76,133,0.15707
-197.92,133,0.15707
-198.09,133,0.15707
-198.25,133,0.15707
-198.42,133,0.15707
-198.57,133,0.15707
-198.73,133,0.15707
-198.88,133,0.15707
-199.04,133,0.15707
-199.19,133,0.15707
-199.33,133,0.15707
-199.48,133,0.15707
-199.62,133,0.15707
-199.76,133,0.15707
-199.9,133,0.15707
-200.03,133,0.15707
-200.17,133,0.15707
-200.3,133,0.15707
-200.43,133,0.15707
-200.55,133,0.15707
-200.68,133,0.15707
-200.8,133,0.15707
-200.92,133,0.15707
-201.04,133,0.15707
-201.15,133,0.15707
-201.26,133,0.15707
-201.38,133,0.15707
-201.48,133,0.15707
-201.59,133,0.15707
-201.69,133,0.15707
-201.8,133,0.15707
-201.9,133,0.15707
-201.99,133,0.15707
-202.09,133,0.15707
-202.18,133,0.15707
-202.27,133,0.15707
-202.36,133,0.15707
-202.45,133,0.15707
-202.54,133,0.15707
-202.62,133,0.15707
-202.7,133,0.15707
-202.78,133,0.15707
-202.85,133,0.15707
-202.93,133,0.15707
-203,133,0.15707
-203.07,133,0.15707
-203.14,133,0.15707
-203.2,133,0.15707
-203.27,133,0.15707
-203.33,133,0.15707
-203.39,133,0.15707
-203.45,133,0.15707
-203.5,133,0.15707
-203.56,133,0.15707
-203.61,133,0.15707
-203.66,133,0.15707
-203.71,133,0.15707
-203.75,133,0.15707
-203.8,133,0.15707
-203.84,133,0.15707
-203.88,133,0.15707
-203.92,133,0.15707
-203.96,133,0.15707
-203.99,133,0.15707
-204.02,133,0.15707
-204.05,133,0.15707
-204.08,133,0.15707
-204.11,133,0.15707
-204.13,133,0.15707
-204.16,133,0.15707
-204.18,133,0.15707
-204.2,133,0.15707
-204.21,133,0.15707
-204.23,133,0.15707
-204.24,133,0.15707
-204.25,133,0.15707
-204.26,133,0.15707
-204.27,133,0.15707
-204.28,133,0.15707
-204.28,133,0.15707
-204.28,133,0.15707
-204.29,133,0.15707
-204.28,133,0.15707
-204.28,133,0.15707
-204.28,133,0.15707
-204.27,133,0.15707
-204.26,133,0.15708
-204.25,133,0.15708
-204.24,133,0.15708
-204.23,133,0.15708
-204.21,133,0.15708
-204.2,133,0.15708
-204.18,133,0.15708
-204.16,133,0.15708
-204.13,133,0.15708
-204.11,133,0.15708
-204.08,133,0.15708
-204.06,133,0.15708
-204.03,133,0.15708
-204,133,0.15708
-203.97,133,0.15708
-203.93,133,0.15708
-203.9,133,0.15708
-203.86,133,0.15708
-203.82,133,0.15708
-203.78,133,0.15708
-203.74,133,0.15708
-203.7,133,0.15708
-203.65,133,0.15708
-203.6,133,0.15708
-203.55,133,0.15708
-203.5,133,0.15708
-203.45,133,0.15708
-203.4,133,0.15708
-203.35,133,0.15708
-203.29,133,0.15708
-203.23,133,0.15708
-203.17,133,0.15708
-203.11,133,0.15708
-203.05,133,0.15708
-202.98,133,0.15708
-202.92,133,0.15708
-202.85,133,0.15708
-202.78,133,0.15708
-202.71,133,0.15708
-202.64,133,0.15708
-202.57,133,0.15708
-202.49,133,0.15708
-202.42,133,0.15708
-202.34,133,0.15708
-202.26,133,0.15708
-202.18,133,0.15708
-202.1,133,0.15708
-202.02,133,0.15708
-201.93,133,0.15708
-201.85,133,0.15708
-201.76,133,0.15708
-201.67,133,0.15708
-201.58,133,0.15708
-201.49,133,0.15708
-201.4,133,0.15708
-201.3,133,0.15708
-201.21,133,0.15708
-201.11,133,0.15708
-201.01,133,0.15708
-200.91,133,0.15708
-200.81,133,0.15708
-200.71,133,0.15708
-200.61,133,0.15708
-200.5,133,0.15708
-200.39,133,0.15708
-200.29,133,0.15708
-200.18,133,0.15708
-200.07,133,0.15708
-199.96,133,0.15708
-199.84,133,0.15708
-199.73,133,0.15708
-199.62,133,0.15708
-199.5,133,0.15708
-199.38,133,0.15708
-199.26,133,0.15708
-199.14,133,0.15708
-199.02,133,0.15708
-198.9,133,0.15708
-198.78,133,0.15708
-198.65,133,0.15708
-198.52,133,0.15708
-198.4,133,0.15708
-198.27,133,0.15708
-198.14,133,0.15708
-198.01,133,0.15708
-197.88,133,0.15708
-197.74,133,0.15708
-197.61,133,0.15708
-197.47,133,0.15708
-197.34,133,0.15708
-197.2,133,0.15708
-197.06,133,0.15708
-196.92,133,0.15708
-196.78,133,0.15708
-196.64,133,0.15708
-196.5,133,0.15708
-196.35,133,0.15708
-196.21,133,0.15708
-196.06,133,0.15708
-195.92,133,0.15708
-195.77,133,0.15708
-195.62,133,0.15708
-195.47,133,0.15708
-195.32,133,0.15708
-195.17,133,0.15708
-195.01,133,0.15708
-194.86,133,0.15708
-194.7,133,0.15708
-194.55,133,0.15708
-194.39,133,0.15708
-194.23,133,0.15708
-194.07,133,0.15708
-193.91,133,0.15708
-193.75,133,0.15708
-193.59,133,0.15708
-193.43,133,0.15708
-193.26,133,0.15708
-193.1,133,0.15708
-192.93,133,0.15708
-192.77,133,0.15708
-192.6,133,0.15708
-192.43,133,0.15708
-192.26,133,0.15708
-192.09,133,0.15708
-191.92,133,0.15708
-191.75,133,0.15708
-191.58,133,0.15708
-191.41,133,0.15708
-191.23,133,0.15708
-191.06,133,0.15708
-190.88,133,0.15708
-190.71,133,0.15708
-190.53,133,0.15708
-190.35,133,0.15708
-190.17,133,0.15708
-189.99,133,0.15708
-189.81,133,0.15708
-189.63,133,0.15708
-189.45,133,0.15708
-189.27,133,0.15708
-189.08,133,0.15708
-188.9,133,0.15708
-188.72,133,0.15708
-188.53,133,0.15708
-188.34,133,0.15708
-188.16,133,0.15708
-187.97,133,0.15708
-187.78,133,0.15708
-187.59,133,0.15708
-187.4,133,0.15708
-187.21,133,0.15708
-187.02,133,0.15708
-186.83,133,0.15708
-186.64,133,0.15708
-186.45,133,0.15708
-186.25,133,0.15708
-186.06,133,0.15708
-185.86,133,0.15708
-185.67,133,0.15708
-185.47,133,0.15708
-185.28,133,0.15708
-185.08,133,0.15708
-184.88,133,0.15708
-184.69,133,0.15708
-184.49,133,0.15708
-184.29,133,0.15708
-184.09,133,0.15708
-183.89,133,0.15708
-183.69,133,0.15708
-183.49,133,0.15708
-183.28,133,0.15708
-183.08,133,0.15708
-182.88,133,0.15708
-182.68,133,0.15708
-182.47,133,0.15708
-182.27,133,0.15708
-182.06,133,0.15708
-181.86,133,0.15708
-181.65,133,0.15708
-181.45,133,0.15708
-181.24,133,0.15708
-181.03,133,0.15708
-180.83,133,0.15708
-180.62,133,0.15708
-180.41,133,0.15708
-180.2,133,0.15708
-179.99,133,0.15708
-179.78,133,0.15708
-179.58,133,0.15708
-179.37,133,0.15708
-179.15,133,0.15708
-178.94,133,0.15708
-178.73,133,0.15708
-178.52,133,0.15708
-178.31,133,0.15708
-178.1,133,0.15708
-177.89,133,0.15708
-177.67,133,0.15708
-177.46,133,0.15708
-177.25,133,0.15708
-177.03,133,0.15708
-176.82,133,0.15708
-176.6,133,0.15708
-176.39,133,0.15708
-176.18,133,0.15708
-175.96,133,0.15708
-175.74,133,0.15708
-175.53,133,0.15708
-175.31,133,0.15708
-175.1,133,0.15708
-174.88,133,0.15708
-174.67,133,0.15708
-174.45,133,0.15708
-174.23,133,0.15708
-174.01,133,0.15708
-173.8,133,0.15708
-173.58,133,0.15708
-173.36,133,0.15708
-173.14,133,0.15708
-172.93,133,0.15708
-172.71,133,0.15708
-172.49,133,0.15708
-172.27,133,0.15708
-172.05,133,0.15708
-171.83,133,0.15708
-171.62,133,0.15708
-171.4,133,0.15708
-171.18,133,0.15708
-170.96,133,0.15708
-170.74,133,0.15708
-170.52,133,0.15708
-170.3,133,0.15708
-170.08,133,0.15708
-169.86,133,0.15708
-169.64,133,0.15708
-169.42,133,0.15708
-169.2,133,0.15708
-168.98,133,0.15708
-168.76,133,0.15708
-168.54,133,0.15708
-168.32,133,0.15708
-168.1,133,0.15708
-167.88,133,0.15708
-167.66,133,0.15708
-167.44,133,0.15708
-167.22,133,0.15708
-167,133,0.15708
-166.78,133,0.15708
-166.56,133,0.15708
-166.34,133,0.15708
-166.12,133,0.15708
-165.9,133,0.15708
-165.68,133,0.15708
-165.46,133,0.15708
-165.24,133,0.15708
-165.02,133,0.15708
-164.8,133,0.15708
-164.58,133,0.15708
-164.36,133,0.15708
-164.15,133,0.15708
-163.93,133,0.15708
-163.71,133,0.15708
-163.49,133,0.15708
-163.27,133,0.15708
-163.05,133,0.15708
-162.83,133,0.15708
-162.61,133,0.15708
-162.39,133,0.15708
-162.18,133,0.15708
-161.96,133,0.15708
-161.74,133,0.15708
-161.52,133,0.15708
-161.3,133,0.15708
-161.09,133,0.15708
-160.87,133,0.15708
-160.65,133,0.15708
-160.43,133,0.15708
-160.22,133,0.15708
-160,133,0.15708
-159.78,133,0.15708
-159.57,133,0.15708
-159.35,133,0.15708
-159.13,133,0.15708
-158.92,133,0.15708
-158.7,133,0.15708
-158.49,133,0.15708
-158.27,133,0.15708
-158.06,133,0.15708
-157.84,133,0.15708
-157.63,133,0.15708
-157.41,133,0.15708
-157.2,133,0.15708
-156.99,133,0.15708
-156.77,133,0.15708
-156.56,133,0.15708
-156.35,133,0.15708
-156.13,133,0.15708
-155.92,133,0.15708
-155.71,133,0.15708
-155.5,133,0.15708
-155.29,133,0.15708
-155.08,133,0.15708
-154.86,133,0.15708
-154.65,133,0.15708
-154.44,133,0.15708
-154.23,133,0.15708
-154.02,133,0.15708
-153.82,133,0.15708
-153.61,133,0.15708
-153.4,133,0.15708
-153.19,133,0.15708
-152.98,133,0.15708
-152.77,133,0.15708
-152.57,133,0.15708
-152.36,133,0.15708
-152.15,133,0.15708
-151.95,133,0.15708
-151.74,133,0.15708
-151.54,133,0.15708
-151.33,133,0.15708
-151.13,133,0.15708
-150.92,133,0.15708
-150.72,133,0.15708
-150.52,133,0.15708
-150.31,133,0.15708
-150.11,133,0.15708
-149.91,133,0.15708
-149.71,133,0.15708
-149.5,133,0.15708
-149.3,133,0.15708
-149.1,133,0.15708
-148.9,133,0.15708
-148.7,133,0.15708
-148.5,133,0.15708
-148.3,133,0.15708
-148.11,133,0.15708
-147.91,133,0.15708
-147.71,133,0.15708
-147.51,133,0.15708
-147.32,133,0.15708
-147.12,133,0.15708
-146.92,133,0.15708
-146.73,133,0.15708
-146.53,133,0.15708
-146.34,133,0.15708
-146.15,133,0.15708
-145.95,133,0.15708
-145.76,133,0.15708
-145.57,133,0.15708
-145.38,133,0.15708
-145.18,133,0.15708
-144.99,133,0.15708
-144.8,133,0.15708
-144.61,133,0.15708
-144.42,133,0.15708
-144.23,133,0.15708
-144.05,133,0.15708
-143.86,133,0.15708
-143.67,133,0.15708
-143.48,133,0.15708
-143.3,133,0.15708
-143.11,133,0.15708
-142.92,133,0.15708
-142.74,133,0.15708
-142.56,133,0.15708
-142.37,133,0.15708
-142.19,133,0.15708
-142.01,133,0.15708
-141.82,133,0.15708
-141.64,133,0.15708
-141.46,133,0.15708
-141.28,133,0.15708
-141.1,133,0.15708
-140.92,133,0.15708
-140.74,133,0.15708
-140.56,133,0.15708
-140.38,133,0.15708
-140.21,133,0.15708
-140.03,133,0.15708
-139.85,133,0.15708
-139.68,133,0.15708
-139.5,133,0.15708
-139.33,133,0.15708
-139.15,133,0.15708
-138.98,133,0.15708
-138.81,133,0.15708
-138.64,133,0.15708
-138.46,133,0.15708
-138.29,133,0.15708
-138.12,133,0.15708
-137.95,133,0.15708
-137.78,133,0.15708
-137.62,133,0.15708
-137.45,133,0.15708
-137.28,133,0.15708
-137.11,133,0.15708
-136.95,133,0.15708
-136.78,133,0.15708
-136.61,133,0.15708
-136.45,133,0.15708
-136.29,133,0.15708
-136.12,133,0.15708
-135.96,133,0.15708
-135.8,133,0.15708
-135.64,133,0.15708
-135.48,133,0.15708
-135.31,133,0.15708
-135.15,133,0.15708
-135,133,0.15708
-134.84,133,0.15708
-134.68,133,0.15708
-134.52,133,0.15708
-134.36,133,0.15708
-134.21,133,0.15708
-134.05,133,0.15708
-133.9,133,0.15708
-133.74,133,0.15708
-133.59,133,0.15708
-133.44,133,0.15708
-133.28,133,0.15708
-133.13,133,0.15708
-132.98,133,0.15708
-132.83,133,0.15708
-132.68,133,0.15708
-132.53,133,0.15708
-132.38,133,0.15708
-132.23,133,0.15708
-132.09,133,0.15708
-131.94,133,0.15708
-131.79,133,0.15708
-131.65,133,0.15708
-131.5,133,0.15708
-131.36,133,0.15708
-131.22,133,0.15708
-131.07,133,0.15708
-130.93,133,0.15708
-130.79,133,0.15708
-130.65,133,0.15708
-130.51,133,0.15708
-130.37,133,0.15708
-130.23,133,0.15708
-130.09,133,0.15708
-129.95,133,0.15708
-129.81,133,0.15708
-129.68,133,0.15708
-129.54,133,0.15708
-129.4,133,0.15708
-129.27,133,0.15708
-129.13,133,0.15708
-129,133,0.15708
-128.87,133,0.15708
-128.74,133,0.15708
-128.6,133,0.15708
-128.47,133,0.15708
-128.34,133,0.15708
-128.21,133,0.15708
-128.08,133,0.15708
-127.95,133,0.15708
-127.83,133,0.15708
-127.7,133,0.15708
-127.57,133,0.15708
-127.45,133,0.15708
-127.32,133,0.15708
-127.2,133,0.15708
-127.07,133,0.15708
-126.95,133,0.15708
-126.83,133,0.15708
-126.7,133,0.15708
-126.58,133,0.15708
-126.46,133,0.15708
-126.34,133,0.15708
-126.22,133,0.15708
-126.1,133,0.15708
-125.98,133,0.15708
-125.86,133,0.15708
-125.75,133,0.15708
-125.63,133,0.15708
-125.51,133,0.15708
-125.4,133,0.15708
-125.28,133,0.15708
-125.17,133,0.15708
-125.05,133,0.15708
-124.94,133,0.15708
-124.83,133,0.15708
-124.72,133,0.15708
-124.61,133,0.15708
-124.5,133,0.15708
-124.39,133,0.15708
-124.28,133,0.15708
-124.17,133,0.15708
-124.06,133,0.15708
-123.95,133,0.15708
-123.84,133,0.15708
-123.74,133,0.15708
-123.63,133,0.15708
-123.53,133,0.15708
-123.42,133,0.15708
-123.32,133,0.15708
-123.22,133,0.15708
-123.11,133,0.15708
-123.01,133,0.15708
-122.91,133,0.15708
-122.81,133,0.15708
-122.71,133,0.15708
-122.61,133,0.15708
-122.51,133,0.15708
-122.41,133,0.15708
-122.31,133,0.15708
-122.22,133,0.15708
-122.12,133,0.15708
-122.02,133,0.15708
-121.93,133,0.15708
-121.83,133,0.15708
-121.74,133,0.15708
-121.64,133,0.15708
-121.55,133,0.15708
-121.46,133,0.15708
-121.36,133,0.15708
-121.27,133,0.15708
-121.18,133,0.15708
-121.09,133,0.15708
-121,133,0.15708
-120.91,133,0.15708
-120.82,133,0.15708
-120.74,133,0.15708
-120.65,133,0.15708
-120.56,133,0.15708
-120.47,133,0.15708
-120.39,133,0.15708
-120.3,133,0.15708
-120.22,133,0.15708
-120.13,133,0.15708
-120.05,133,0.15708
-119.97,133,0.15708
-119.88,133,0.15708
-119.8,133,0.15708
-119.72,133,0.15708
-119.64,133,0.15708
-119.56,133,0.15708
-119.48,133,0.15708
-119.4,133,0.15708
-119.32,133,0.15708
-119.24,133,0.15708
-119.16,133,0.15708
-119.09,133,0.15708
-119.01,133,0.15708
-118.93,133,0.15708
-118.86,133,0.15708
-118.78,133,0.15708
-118.71,133,0.15708
-118.63,133,0.15708
-118.56,133,0.15708
-118.49,133,0.15708
-118.41,133,0.15708
-118.34,133,0.15708
-118.27,133,0.15708
-118.2,133,0.15708
-118.13,133,0.15708
-118.06,133,0.15708
-117.99,133,0.15708
-117.92,133,0.15708
-117.85,133,0.15708
-117.78,133,0.15708
-117.71,133,0.15708
-117.65,133,0.15708
-117.58,133,0.15708
-117.51,133,0.15708
-117.45,133,0.15708
-117.38,133,0.15708
-117.32,133,0.15708
-117.25,133,0.15708
-117.19,133,0.15708
-117.13,133,0.15708
-117.06,133,0.15708
-117,133,0.15708
-116.94,133,0.15708
-116.88,133,0.15708
-116.82,133,0.15708
-116.75,133,0.15708
-116.69,133,0.15708
-116.63,133,0.15708
-116.58,133,0.15708
-116.52,133,0.15708
-116.46,133,0.15708
-116.4,133,0.15708
-116.34,133,0.15708
-116.29,133,0.15708
-116.23,133,0.15708
-116.17,133,0.15708
-116.12,133,0.15708
-116.06,133,0.15708
-116.01,133,0.15708
-115.95,133,0.15708
-115.9,133,0.15708
-115.84,133,0.15708
-115.79,133,0.15708
-115.74,133,0.15708
-115.69,133,0.15708
-115.63,133,0.15708
-115.58,133,0.15708
-115.53,133,0.15708
-115.48,133,0.15708
-115.43,133,0.15708
-115.38,133,0.15708
-115.33,133,0.15708
-115.28,133,0.15708
-115.23,133,0.15708
-115.18,133,0.15708
-115.13,133,0.15708
-115.09,133,0.15708
-115.04,133,0.15708
-114.99,133,0.15708
-114.95,133,0.15708
-114.9,133,0.15708
-114.85,133,0.15708
-114.81,133,0.15708
-114.76,133,0.15708
-114.72,133,0.15708
-114.67,133,0.15708
-114.63,133,0.15708
-114.59,133,0.15708
-114.54,133,0.15708
-114.5,133,0.15708
-114.46,133,0.15708
-114.41,133,0.15708
-114.37,133,0.15708
-114.33,133,0.15708
-114.29,133,0.15708
-114.25,133,0.15708
-114.21,133,0.15708
-114.17,133,0.15708
-114.13,133,0.15708
-114.09,133,0.15708
-114.05,133,0.15708
-114.01,133,0.15708
-113.97,133,0.15708
-113.93,133,0.15708
-113.89,133,0.15708
-113.86,133,0.15708
-113.82,133,0.15708
-113.78,133,0.15708
-113.75,133,0.15708
-113.71,133,0.15708
-113.67,133,0.15708
-113.64,133,0.15708
-113.6,133,0.15708
-113.57,133,0.15708
-113.53,133,0.15708
-113.5,133,0.15708
-113.46,133,0.15708
-113.43,133,0.15708
-113.39,133,0.15708
-113.36,133,0.15708
-113.33,133,0.15708
-113.29,133,0.15708
-113.26,133,0.15708
-113.23,133,0.15708
-113.2,133,0.15708
-113.16,133,0.15708
-113.13,133,0.15708
-113.1,133,0.15708
-113.07,133,0.15708
-113.04,133,0.15708
-113.01,133,0.15708
-112.98,133,0.15708
-112.95,133,0.15708
-112.92,133,0.15708
-112.89,133,0.15708
-112.86,133,0.15708
-112.83,133,0.15708
-112.8,133,0.15708
-112.77,133,0.15708
-112.74,133,0.15708
-112.71,133,0.15708
-112.69,133,0.15708
-112.66,133,0.15708
-112.63,133,0.15708
-112.6,133,0.15708
-112.58,133,0.15708
-112.55,133,0.15708
-112.52,133,0.15708
-112.49,133,0.15708
-112.47,133,0.15708
-112.44,133,0.15708
-112.42,133,0.15708
-112.39,133,0.15708
-112.36,133,0.15708
-112.34,133,0.15708
-112.31,133,0.15708
-112.29,133,0.15708
-112.26,133,0.15708
-112.24,133,0.15708
-112.21,133,0.15708
-112.19,133,0.15708
-112.17,133,0.15708
-112.14,133,0.15708
-112.12,133,0.15708
-112.09,133,0.15708
-112.07,133,0.15708
-112.05,133,0.15708
-112.03,133,0.15708
-112,133,0.15708
-111.98,133,0.15708
-111.96,133,0.15708
-111.93,133,0.15708
-111.91,133,0.15708
-111.89,133,0.15708
-111.87,133,0.15708
-111.85,133,0.15708
-111.82,133,0.15708
-111.8,133,0.15708
-111.78,133,0.15708
-111.76,133,0.15708
-111.74,133,0.15708
-111.72,133,0.15708
-111.7,133,0.15708
-111.68,133,0.15708
-111.66,133,0.15708
-111.64,133,0.15708
-111.62,133,0.15708
-111.6,133,0.15708
-111.58,133,0.15708
-111.56,133,0.15708
-111.54,133,0.15708
-111.52,133,0.15708
-111.5,133,0.15708
-111.48,133,0.15708
-111.46,133,0.15708
-111.44,133,0.15708
-111.42,133,0.15708
-111.4,133,0.15708
-111.38,133,0.15708
-111.36,133,0.15708
-111.34,133,0.15708
-111.32,133,0.15708
-111.31,133,0.15708
-111.29,133,0.15708
-111.27,133,0.15708
-111.25,133,0.15708
-111.23,133,0.15708
-111.21,133,0.15708
-111.2,133,0.15708
-111.18,133,0.15708
-111.16,133,0.15708
-111.14,133,0.15708
-111.13,133,0.15708
-111.11,133,0.15708
-111.09,133,0.15708
-111.07,133,0.15708
-111.06,133,0.15708
-111.04,133,0.15708
-111.02,133,0.15708
-111,133,0.15708
-110.99,133,0.15708
-110.97,133,0.15708
-110.95,133,0.15708
-110.94,133,0.15708
-110.92,133,0.15708
-110.9,133,0.15708
-110.89,133,0.15708
-110.87,133,0.15708
-110.85,133,0.15708
-110.84,133,0.15708
-110.82,133,0.15708
-110.8,133,0.15708
-110.79,133,0.15708
-110.77,133,0.15708
-110.75,133,0.15708
-110.74,133,0.15708
-110.72,133,0.15708
-110.7,133,0.15708
-110.69,133,0.15708
-110.67,133,0.15708
-110.66,133,0.15708
-110.64,133,0.15708
-110.62,133,0.15708
-110.61,133,0.15708
-110.59,133,0.15708
-110.57,133,0.15708
-110.56,133,0.15708
-110.54,133,0.15708
-110.53,133,0.15708
-110.51,133,0.15708
-110.5,133,0.15708
-110.48,133,0.15708
-110.46,133,0.15708
-110.45,133,0.15708
-110.43,133,0.15708
-110.42,133,0.15708
-110.4,133,0.15708
-110.38,133,0.15708
-110.37,133,0.15708
-110.35,133,0.15708
-110.34,133,0.15706
-110.52,133,0.15706
-110.51,133,0.15706
-110.5,133,0.15706
-110.48,133,0.15706
-110.47,133,0.15706
-110.45,133,0.15706
-110.44,133,0.15706
-110.43,133,0.15706
-110.41,133,0.15706
-110.4,133,0.15706
-110.38,133,0.15706
-110.37,133,0.15706
-110.36,133,0.15706
-110.34,133,0.15706
-110.33,133,0.15706
-110.31,133,0.15706
-110.3,133,0.15706
-110.29,133,0.15706
-110.27,133,0.15706
-110.26,133,0.15706
-110.24,133,0.15706
-110.23,133,0.15706
-110.22,133,0.15706
-110.2,133,0.15706
-110.19,133,0.15706
-110.18,133,0.15706
-110.16,133,0.15706
-110.15,133,0.15706
-110.13,133,0.15706
-110.12,133,0.15706
-110.11,133,0.15706
-110.09,133,0.15706
-110.08,133,0.15706
-110.06,133,0.15706
-110.05,133,0.15706
-110.03,133,0.15706
-110.02,133,0.15706
-110.01,133,0.15706
-109.99,133,0.15706
-109.98,133,0.15706
-109.96,133,0.15706
-109.95,133,0.15706
-109.94,133,0.15706
-109.92,133,0.15706
-109.91,133,0.15706
-109.89,133,0.15706
-109.88,133,0.15706
-109.86,133,0.15706
-109.85,133,0.15706
-109.84,133,0.15705
-109.82,133,0.15705
-109.81,133,0.15705
-109.79,133,0.15705
-109.78,133,0.15705
-109.76,133,0.15705
-109.75,133,0.15705
-109.74,133,0.15705
-109.72,133,0.15705
-109.71,133,0.15705
-109.69,133,0.15705
-109.68,133,0.15705
-109.66,133,0.15705
-109.65,133,0.15705
-109.63,133,0.15705
-109.62,133,0.15705
-109.6,133,0.15705
-109.59,133,0.15705
-109.57,133,0.15705
-109.56,133,0.15705
-109.54,133,0.15705
-109.53,133,0.15705
-109.52,133,0.15705
-109.5,133,0.15705
-109.49,133,0.15705
-109.47,133,0.15705
-109.46,133,0.15705
-109.44,133,0.15705
-109.43,133,0.15705
-109.41,133,0.15705
-109.39,133,0.15705
-109.38,133,0.15705
-109.36,133,0.15705
-109.35,133,0.15705
-109.33,133,0.15704
-109.32,133,0.15704
-109.3,133,0.15704
-109.29,133,0.15704
-109.27,133,0.15704
-109.26,133,0.15704
-109.24,133,0.15704
-109.23,133,0.15704
-109.21,133,0.15704
-109.2,133,0.15704
-109.18,133,0.15704
-109.16,133,0.15704
-109.15,133,0.15704
-109.13,133,0.15704
-109.12,133,0.15704
-109.1,133,0.15704
-109.09,133,0.15704
-109.07,133,0.15704
-109.05,133,0.15704
-109.04,133,0.15704
-109.02,133,0.15704
-109.01,133,0.15704
-108.99,133,0.15704
-108.97,133,0.15704
-108.96,133,0.15704
-108.94,133,0.15703
-108.93,133,0.15703
-108.91,133,0.15703
-108.89,133,0.15703
-108.88,133,0.15703
-108.86,133,0.15703
-108.85,133,0.15703
-108.83,133,0.15703
-108.81,133,0.15703
-108.8,133,0.15703
-108.78,133,0.15703
-108.76,133,0.15703
-108.75,133,0.15703
-108.73,133,0.15703
-108.72,133,0.15703
-108.7,133,0.15703
-108.68,133,0.15703
-108.67,133,0.15703
-108.65,133,0.15703
-108.63,133,0.15703
-108.62,133,0.15702
-108.6,133,0.15702
-108.58,133,0.15702
-108.57,133,0.15702
-108.55,133,0.15702
-108.53,133,0.15702
-108.52,133,0.15702
-108.5,133,0.15702
-108.48,133,0.15702
-108.47,133,0.15702
-108.45,133,0.15702
-108.43,133,0.15702
-108.42,133,0.15702
-108.4,133,0.15702
-108.38,133,0.15702
-108.37,133,0.15702
-108.35,133,0.15702
-108.33,133,0.15701
-108.32,133,0.15701
-108.3,133,0.15701
-108.28,133,0.15701
-108.26,133,0.15701
-108.25,133,0.15701
-108.23,133,0.15701
-108.21,133,0.15701
-108.2,133,0.15701
-108.18,133,0.15701
-108.16,133,0.15701
-108.15,133,0.15701
-108.13,133,0.15701
-108.11,133,0.15701
-108.1,133,0.15701
-108.08,133,0.157
-108.06,133,0.157
-108.04,133,0.157
-108.03,133,0.157
-108.01,133,0.157
-107.99,133,0.157
-107.98,133,0.157
-107.96,133,0.157
-107.94,133,0.157
-107.93,133,0.157
-107.91,133,0.157
-107.89,133,0.157
-107.88,133,0.15699
-107.86,133,0.15699
-107.84,133,0.15699
-107.82,133,0.15699
-107.81,133,0.15699
-107.79,133,0.15699
-107.77,133,0.15699
-107.76,133,0.15699
-107.74,133,0.15699
-107.72,133,0.15699
-107.71,133,0.15699
-107.69,133,0.15698
-107.67,133,0.15698
-107.66,133,0.15698
-107.64,133,0.15698
-107.62,133,0.15698
-107.61,133,0.15698
-107.59,133,0.15698
-107.57,133,0.15698
-107.56,133,0.15698
-107.54,133,0.15698
-107.52,133,0.15697
-107.51,133,0.15697
-107.49,133,0.15697
-107.48,133,0.15697
-107.46,133,0.15697
-107.44,133,0.15697
-107.43,133,0.15697
-107.41,133,0.15697
-107.39,133,0.15697
-107.38,133,0.15697
-107.36,133,0.15696
-107.35,133,0.15696
-107.33,133,0.15696
-107.31,133,0.15696
-107.3,133,0.15696
-107.28,133,0.15696
-107.27,133,0.15696
-107.25,133,0.15696
-107.23,133,0.15695
-107.22,133,0.15695
-107.2,133,0.15695
-107.19,133,0.15695
-107.17,133,0.15695
-107.16,133,0.15695
-107.14,133,0.15695
-107.13,133,0.15695
-107.11,133,0.15694
-107.1,133,0.15694
-107.08,133,0.15694
-107.07,133,0.15694
-107.05,133,0.15694
-107.04,133,0.15694
-107.02,133,0.15694
-107.01,133,0.15693
-106.99,133,0.15693
-106.98,133,0.15693
-106.96,133,0.15693
-106.95,133,0.15693
-106.94,133,0.15693
-106.92,133,0.15692
-106.91,133,0.15692
-106.89,133,0.15692
-106.88,133,0.15692
-106.87,133,0.15692
-106.85,133,0.15692
-106.84,133,0.15692
-106.83,133,0.15691
-106.81,133,0.15691
-106.8,133,0.15691
-106.79,133,0.15691
-106.77,133,0.15691
-106.76,133,0.15691
-106.75,133,0.1569
-106.74,133,0.1569
-106.72,133,0.1569
-106.71,133,0.1569
-106.7,133,0.1569
-106.69,133,0.15689
-106.67,133,0.15689
-106.66,133,0.15689
-106.65,133,0.15689
-106.64,133,0.15689
-106.63,133,0.15688
-106.62,133,0.15688
-106.6,133,0.15688
-106.59,133,0.15688
-106.58,133,0.15688
-106.57,133,0.15688
-106.56,133,0.15687
-106.55,133,0.15687
-106.54,133,0.15687
-106.53,133,0.15687
-106.52,133,0.15686
-106.51,133,0.15686
-106.5,133,0.15686
-106.49,133,0.15686
-106.48,133,0.15686
-106.47,133,0.15685
-106.46,133,0.15685
-106.45,133,0.15685
-106.45,133,0.15685
-106.44,133,0.15684
-106.43,133,0.15684
-106.42,133,0.15684
-106.41,133,0.15684
-106.41,133,0.15683
-106.4,133,0.15683
-106.39,133,0.15683
-106.38,133,0.15683
-106.38,133,0.15682
-106.37,133,0.15682
-106.36,133,0.15682
-106.36,133,0.15682
-106.35,133,0.15681
-106.35,133,0.15681
-106.34,133,0.15681
-106.33,133,0.15681
-106.33,133,0.1568
-106.32,133,0.1568
-106.32,133,0.1568
-106.31,133,0.1568
-106.31,133,0.15679
-106.31,133,0.15679
-106.3,133,0.15679
-106.3,133,0.15678
-106.3,133,0.15678
-106.29,133,0.15678
-106.29,133,0.15677
-106.29,133,0.15677
-106.28,133,0.15677
-106.28,133,0.15677
-106.28,133,0.15676
-106.28,133,0.15676
-106.28,133,0.15676
-106.28,133,0.15675
-106.28,133,0.15675
-106.28,133,0.15675
-106.28,133,0.15674
-106.28,133,0.15674
-106.28,133,0.15674
-106.28,133,0.15673
-106.28,133,0.15673
-106.28,133,0.15673
-106.28,133,0.15672
-106.28,133,0.15672
-106.29,133,0.15671
-106.29,133,0.15671
-106.29,133,0.15671
-106.29,133,0.1567
-106.3,133,0.1567
-106.3,133,0.1567
-106.31,133,0.15669
-106.31,133,0.15669
-106.32,133,0.15668
-106.32,133,0.15668
-106.33,133,0.15668
-106.33,133,0.15667
-106.34,133,0.15667
-106.35,133,0.15666
-106.35,133,0.15666
-106.36,133,0.15666
-106.37,133,0.15665
-106.38,133,0.15665
-106.39,133,0.15664
-106.39,133,0.15664
-106.4,133,0.15663
-106.41,133,0.15663
-106.42,133,0.15662
-106.43,133,0.15662
-106.45,133,0.15662
-106.46,133,0.15661
-106.47,133,0.15661
-106.48,133,0.1566
-106.49,133,0.1566
-106.51,133,0.15659
-106.52,133,0.15659
-106.53,133,0.15658
-106.55,133,0.15658
-106.56,133,0.15657
-106.58,133,0.15657
-106.6,133,0.15656
-106.61,133,0.15656
-106.63,133,0.15655
-106.65,133,0.15655
-106.66,133,0.15654
-106.68,133,0.15654
-106.7,133,0.15653
-106.72,133,0.15652
-106.74,133,0.15652
-106.76,133,0.15651
-106.78,133,0.15651
-106.8,133,0.1565
-106.82,133,0.1565
-106.85,133,0.15649
-106.87,133,0.15648
-106.89,133,0.15648
-106.92,133,0.15647
-106.94,133,0.15647
-106.97,133,0.15646
-106.99,133,0.15645
-107.02,133,0.15645
-107.04,133,0.15644
-107.07,133,0.15643
-107.1,133,0.15643
-107.13,133,0.15642
-107.16,133,0.15641
-107.19,133,0.15641
-107.22,133,0.1564
-107.25,133,0.15639
-107.28,133,0.15639
-107.31,133,0.15638
-107.35,133,0.15637
-107.38,133,0.15637
-107.41,133,0.15636
-107.45,133,0.15635
-107.48,133,0.15634
-107.52,133,0.15634
-107.56,133,0.15633
-107.59,133,0.15632
-107.63,133,0.15631
-107.67,133,0.15631
-107.71,133,0.1563
-107.75,133,0.15629
-107.79,133,0.15628
-107.83,133,0.15628
-107.88,133,0.15627
-107.92,133,0.15626
-107.96,133,0.15625
-108.01,133,0.15624
-108.06,133,0.15623
-108.1,133,0.15623
-108.15,133,0.15622
-108.2,133,0.15621
-108.25,133,0.1562
-108.3,133,0.15619
-108.35,133,0.15618
-108.4,133,0.15617
-108.45,133,0.15616
-108.5,133,0.15616
-108.56,133,0.15615
-108.61,133,0.15614
-108.67,133,0.15613
-108.72,133,0.15612
-108.78,133,0.15611
-108.84,133,0.1561
-108.9,133,0.15609
-108.96,133,0.15608
-109.02,133,0.15607
-109.08,133,0.15606
-109.14,133,0.15605
-109.21,133,0.15604
-109.27,133,0.15603
-109.34,133,0.15602
-109.4,133,0.15601
-109.47,133,0.156
-109.54,133,0.15598
-109.61,133,0.15597
-109.68,133,0.15596
-109.75,133,0.15595
-109.82,133,0.15594
-109.9,133,0.15593
-109.97,133,0.15592
-110.05,133,0.15591
-110.12,133,0.15589
-110.2,133,0.15588
-110.28,133,0.15587
-110.36,133,0.15586
-110.44,133,0.15585
-110.52,133,0.15583
-110.61,133,0.15582
-110.69,133,0.15581
-110.78,133,0.1558
-110.87,133,0.15578
-110.95,133,0.15577
-111.04,133,0.15576
-111.13,133,0.15574
-111.23,133,0.15573
-111.32,133,0.15572
-111.41,133,0.1557
-111.51,133,0.15569
-111.61,133,0.15568
-111.71,133,0.15566
-111.8,133,0.15565
-111.91,133,0.15563
-112.01,133,0.15562
-112.11,133,0.1556
-112.22,133,0.15559
-112.32,133,0.15557
-112.43,133,0.15556
-112.54,133,0.15554
-112.65,133,0.15553
-112.76,133,0.15551
-112.88,133,0.1555
-112.99,133,0.15548
-113.11,133,0.15547
-113.22,133,0.15545
-113.34,133,0.15543
-113.46,133,0.15542
-113.59,133,0.1554
-113.71,133,0.15538
-113.84,133,0.15537
-113.96,133,0.15535
-114.09,133,0.15533
-114.22,133,0.15531
-114.35,133,0.1553
-114.49,133,0.15528
-114.62,133,0.15526
-114.76,133,0.15524
-114.9,133,0.15522
-115.04,133,0.15521
-115.18,133,0.15519
-115.32,133,0.15517
-115.47,133,0.15515
-115.62,133,0.15513
-115.76,133,0.15511
-115.92,133,0.15509
-116.07,133,0.15507
-116.22,133,0.15505
-116.38,133,0.15503
-116.54,133,0.15501
-116.7,133,0.15499
-116.86,133,0.15497
-117.02,133,0.15495
-117.19,133,0.15493
-117.36,133,0.1549
-117.53,133,0.15488
-117.7,133,0.15486
-117.87,133,0.15484
-118.05,133,0.15482
-118.23,133,0.15479
-118.41,133,0.15477
-118.59,133,0.15475
-118.77,133,0.15472
-118.96,133,0.1547
-119.15,133,0.15468
-119.34,133,0.15465
-119.54,133,0.15463
-119.73,133,0.1546
-119.93,133,0.15458
-120.13,133,0.15455
-120.33,133,0.15453
-120.54,133,0.1545
-120.74,133,0.15448
-120.95,133,0.15445
-121.17,133,0.15443
-121.38,133,0.1544
-121.6,133,0.15437
-121.82,133,0.15435
-122.04,133,0.15432
-122.26,133,0.15429
-122.49,133,0.15426
-122.72,133,0.15424
-122.95,133,0.15421
-123.19,133,0.15418
-123.43,133,0.15415
-123.67,133,0.15412
-123.91,133,0.15409
-124.16,133,0.15406
-124.4,133,0.15403
-124.66,133,0.154
-124.91,133,0.15397
-125.17,133,0.15394
-125.43,133,0.15391
-125.69,133,0.15388
-125.96,133,0.15384
-126.23,133,0.15381
-126.5,133,0.15378
-126.77,133,0.15375
-127.05,133,0.15371
-127.33,133,0.15368
-127.62,133,0.15365
-127.91,133,0.15361
-128.2,133,0.15358
-128.49,133,0.15354
-128.79,133,0.15351
-129.09,133,0.15347
-129.39,133,0.15344
-129.7,133,0.1534
-130.01,133,0.15336
-130.33,133,0.15333
-130.65,133,0.15329
-130.97,133,0.15325
-131.29,133,0.15321
-131.62,133,0.15318
-131.95,133,0.15314
-132.29,133,0.1531
-132.63,133,0.15306
-132.97,133,0.15302
-133.32,133,0.15298
-133.67,133,0.15294
-134.03,133,0.1529
-134.39,133,0.15285
-134.75,133,0.15281
-135.12,133,0.15277
-135.49,133,0.15273
-135.86,133,0.15268
-136.24,133,0.15264
-136.63,133,0.1526
-137.01,133,0.15255
-137.4,133,0.15251
-137.8,133,0.15246
-138.2,133,0.15242
-138.61,133,0.15237
-139.02,133,0.15232
-139.43,133,0.15228
-139.85,133,0.15223
-140.27,133,0.15218
-140.7,133,0.15213
-141.13,133,0.15208
-141.57,133,0.15203
-142.01,133,0.15198
-142.46,133,0.15193
-142.91,133,0.15188
-143.36,133,0.15183
-143.83,133,0.15178
-144.29,133,0.15173
-144.76,133,0.15167
-145.24,133,0.15162
-145.72,133,0.15157
-146.21,133,0.15151
-146.7,133,0.15146
-147.2,133,0.1514
-147.7,133,0.15135
-148.21,133,0.15129
-148.72,133,0.15123
-149.24,133,0.15117
-149.77,133,0.15112
-150.3,133,0.15106
-150.84,133,0.151
-151.38,133,0.15094
-151.93,133,0.15088
-152.48,133,0.15082
-153.04,133,0.15075
-153.61,133,0.15069
-154.18,133,0.15063
-154.76,133,0.15056
-155.35,133,0.1505
-155.94,133,0.15044
-156.54,133,0.15037
-157.14,133,0.1503
-157.75,133,0.15024
-158.37,133,0.15017
-158.99,133,0.1501
-159.62,133,0.15003
-160.26,133,0.14996
-160.91,133,0.14989
-161.56,133,0.14982
-162.22,133,0.14975
-162.88,133,0.14968
-163.56,133,0.14961
-164.24,133,0.14953
-164.92,133,0.14946
-165.62,133,0.14939
-166.32,133,0.14931
-167.03,133,0.14923
-167.75,133,0.14916
-168.48,133,0.14908
-169.21,133,0.149
-169.95,133,0.14892
-170.7,133,0.14884
-171.46,133,0.14876
-172.22,133,0.14868
-173,133,0.1486
-173.78,133,0.14851
-174.57,133,0.14843
-175.37,133,0.14835
-176.18,133,0.14826
-177,133,0.14817
-177.82,133,0.14809
-178.66,133,0.148
-179.5,133,0.14791
-180.36,133,0.14782
-181.22,133,0.14773
-182.09,133,0.14764
-182.97,133,0.14755
-183.86,133,0.14745
-184.76,133,0.14736
-185.67,133,0.14726
-186.59,133,0.14717
-187.52,133,0.14707
-188.46,133,0.14697
-189.41,133,0.14688
-190.37,133,0.14678
-191.34,133,0.14668
-192.33,133,0.14658
-193.32,133,0.14647
-194.32,133,0.14637
-195.34,133,0.14627
-196.36,133,0.14616
-197.4,133,0.14605
-198.44,133,0.14595
-199.5,133,0.14584
-200.57,133,0.14573
-201.66,133,0.14562
-202.75,133,0.14551
-203.86,133,0.1454
-204.97,133,0.14528
-206.1,133,0.14517
-207.25,133,0.14505
-208.4,133,0.14494
-209.57,133,0.14482
-210.75,133,0.1447
-211.94,133,0.14458
-213.15,133,0.14446
-214.37,133,0.14434
-215.6,133,0.14422
-216.85,133,0.14409
-218.11,133,0.14397
-219.38,133,0.14384
-220.67,133,0.14371
-221.97,133,0.14358
-223.29,133,0.14345
-224.62,133,0.14332
-225.96,133,0.14319
-227.32,133,0.14306
-228.7,133,0.14292
-230.09,133,0.14278
-231.5,133,0.14265
-232.92,133,0.14251
-234.35,133,0.14237
-235.81,133,0.14223
-237.27,133,0.14208
-238.76,133,0.14194
-240.26,133,0.1418
-241.78,133,0.14165
-243.31,133,0.1415
-244.86,133,0.14135
-246.43,133,0.1412
-248.02,133,0.14105
-249.62,133,0.1409
-251.24,133,0.14074
-252.88,133,0.14059
-254.54,133,0.14043
-256.22,133,0.14027
-257.91,133,0.14011
-259.63,133,0.13995
-261.36,133,0.13978
-263.11,133,0.13962
-264.88,133,0.13945
-266.67,133,0.13929
-268.49,133,0.13912
-270.32,133,0.13895
-272.17,133,0.13877
-274.04,133,0.1386
-275.94,133,0.13843
-277.85,133,0.13825
-279.79,133,0.13807
-281.74,133,0.13789
-283.73,133,0.13771
-285.73,133,0.13753
-287.75,133,0.13734
-289.8,133,0.13715
-291.87,133,0.13697
-293.96,133,0.13678
-296.08,133,0.13658
-298.22,133,0.13639
-300.39,133,0.1362
-302.58,133,0.136
-304.79,133,0.1358
-307.04,133,0.1356
-309.3,133,0.1354
-311.59,133,0.1352
-313.91,133,0.13499
-316.25,133,0.13478
-318.62,133,0.13458
-321.02,133,0.13436
-323.44,133,0.13415
-325.9,133,0.13394
-328.38,133,0.13372
-330.88,133,0.1335
-333.42,133,0.13328
-335.99,133,0.13306
-338.58,133,0.13284
-341.21,133,0.13261
-343.86,133,0.13239
-346.55,133,0.13216
-349.27,133,0.13192
-352.01,133,0.13169
-354.79,133,0.13146
-357.6,133,0.13122
-360.45,133,0.13098
-363.32,133,0.13074
-366.23,133,0.13049
-369.18,133,0.13025
-372.16,133,0.13
-375.17,133,0.12975
-378.21,133,0.1295
-381.3,133,0.12924
-384.42,133,0.12899
-387.57,133,0.12873
-390.76,133,0.12847
-393.99,133,0.12821
-397.26,133,0.12794
-400.56,133,0.12768
-403.9,133,0.12741
-407.28,133,0.12714
-410.71,133,0.12686
-414.17,133,0.12659
-417.67,133,0.12631
-421.21,133,0.12603
-424.8,133,0.12575
-428.43,133,0.12546
-432.1,133,0.12517
-435.81,133,0.12488
-439.57,133,0.12459
-443.37,133,0.1243
-447.22,133,0.124
-451.11,133,0.1237
-455.05,133,0.1234
-459.03,133,0.1231
-463.06,133,0.12279
-467.14,133,0.12248
-471.27,133,0.12217
-475.45,133,0.12186
-479.68,133,0.12154
-483.96,133,0.12122
-488.29,133,0.1209
-492.67,133,0.12058
-497.1,133,0.12025
-501.59,133,0.11992
-506.13,133,0.11959
-510.73,133,0.11926
-515.38,133,0.11892
-520.09,133,0.11858
-524.85,133,0.11824
-529.67,133,0.1179
-534.55,133,0.11755
-539.49,133,0.1172
-544.49,133,0.11685
-549.55,133,0.11649
-554.67,133,0.11614
-559.86,133,0.11578
-565.1,133,0.11541
-570.41,133,0.11505
-575.79,133,0.11468
-581.23,133,0.11431
-586.74,133,0.11393
-592.31,133,0.11356
-597.96,133,0.11318
-603.67,133,0.1128
-609.45,133,0.11241
-615.31,133,0.11202
-621.23,133,0.11163
-627.23,133,0.11124
-633.31,133,0.11084
-639.45,133,0.11044
-645.68,133,0.11004
-651.98,133,0.10963
-658.36,133,0.10923
-664.82,133,0.10882
-671.36,133,0.1084
-677.98,133,0.10799
-684.68,133,0.10757
-691.47,133,0.10714
-698.34,133,0.10672
-705.3,133,0.10629
-712.34,133,0.10586
-719.48,133,0.10542
-726.7,133,0.10498
-734.01,133,0.10454
-741.42,133,0.1041
-748.91,133,0.10365
-756.51,133,0.1032
-764.19,133,0.10275
-771.98,133,0.1023
-779.86,133,0.10184
-787.85,133,0.10137
-795.93,133,0.10091
-804.12,133,0.10044
-812.41,133,0.099971
-820.81,133,0.099496
-829.31,133,0.099019
-837.92,133,0.098538
-846.64,133,0.098055
-855.47,133,0.097568
-864.42,133,0.097078
-873.48,133,0.096585
-882.66,133,0.096089
-891.95,133,0.09559
-901.36,133,0.095087
-910.89,133,0.094582
-920.55,133,0.094073
-930.33,133,0.093561
-940.23,133,0.093046
-950.27,133,0.092527
-960.43,133,0.092006
-970.72,133,0.091481
-981.15,133,0.090954
-991.71,133,0.090423
-1002.4,133,0.089888
-1013.2,133,0.089351
-1024.2,133,0.08881
-1035.3,133,0.088267
-1046.6,133,0.08772
-1058,133,0.08717
-1069.6,133,0.086616
-1081.3,133,0.08606
-1093.1,133,0.0855
-1105.2,133,0.084937
-1117.3,133,0.084371
-1129.7,133,0.083802
-1142.1,133,0.083229
-1154.8,133,0.082654
-1167.6,133,0.082075
-1180.6,133,0.081493
-1193.8,133,0.080908
-1207.1,133,0.08032
-1220.6,133,0.079728
-1234.3,133,0.079133
-1248.1,133,0.078536
-1262.2,133,0.077935
-1276.4,133,0.07733
-1290.8,133,0.076723
-1305.4,133,0.076113
-1320.2,133,0.075499
-1335.1,133,0.074883
-1350.3,133,0.074263
-1365.7,133,0.07364
-1381.3,133,0.073014
-1397.1,133,0.072385
-1413,133,0.071753
-1429.2,133,0.071117
-1445.6,133,0.070479
-1462.3,133,0.069838
-1479.1,133,0.069193
-1496.2,133,0.068546
-1513.4,133,0.067895
-1530.9,133,0.067242
-1548.7,133,0.066585
-1566.6,133,0.065926
-1584.8,133,0.065263
-1603.3,133,0.064598
-1621.9,133,0.06393
-1640.8,133,0.063258
-1660,133,0.062584
-1679.4,133,0.061907
-1699.1,133,0.061227
-1719,133,0.060544
-1739.1,133,0.059858
-1759.6,133,0.05917
-1780.2,133,0.058478
-1801.2,133,0.057784
-1822.4,133,0.057087
-1843.9,133,0.056387
-1865.6,133,0.055685
-1887.7,133,0.054979
-1910,133,0.054271
-1932.5,133,0.053561
-1955.4,133,0.052847
-1978.6,133,0.052131
-2002,133,0.051413
-2025.7,133,0.050691
-2049.8,133,0.049967
-2074.1,133,0.049241
-2098.7,133,0.048512
-2123.6,133,0.047781
-2148.8,133,0.047047
-2174.3,133,0.04631
-2200.2,133,0.045571
-2226.3,133,0.04483
-2252.7,133,0.044086
-2279.5,133,0.04334
-2306.5,133,0.042592
-2333.9,133,0.041841
-2361.6,133,0.041088
-2389.6,133,0.040332
-2417.9,133,0.039575
-2446.6,133,0.038815
-2475.5,133,0.038053
-2504.8,133,0.037289
-2534.4,133,0.036523
-2564.3,133,0.035754
-2594.6,133,0.034984
-2625.1,133,0.034212
-2656,133,0.033437
-2687.2,133,0.032661
-2718.7,133,0.031882
-2750.5,133,0.031102
-2782.6,133,0.03032
-2815.1,133,0.029536
-2847.9,133,0.02875
-2880.9,133,0.027963
-2914.3,133,0.027173
-2948,133,0.026382
-2981.9,133,0.02559
-3016.2,133,0.024795
-3050.7,133,0.023999
-3085.6,133,0.023202
-3120.7,133,0.022403
-3156,133,0.021602
-3191.7,133,0.0208
-3227.6,133,0.019997
-3263.8,133,0.019192
-3300.2,133,0.018386
-3336.8,133,0.017578
-3373.7,133,0.016769
-3410.8,133,0.015959
-3448.1,133,0.015148
-3485.6,133,0.014336
-3523.3,133,0.013522
-3561.2,133,0.012708
-3599.3,133,0.011892
-3637.5,133,0.011075
-3675.8,133,0.010257
-3714.3,133,0.0094388
-3752.8,133,0.0086193
-3791.5,133,0.0077989
-3830.3,133,0.0069777
-3869.1,133,0.0061558
-3908,133,0.005333
-3946.9,133,0.0045096
-3985.8,133,0.0036856
-4024.7,133,0.0028609
-4063.6,133,0.0020356
-4102.4,133,0.0012098
-4141.2,133,0.00038351
-4179.9,133,-0.00044323
-4218.5,133,-0.0012704
-4256.9,133,-0.0020979
-4295.2,133,-0.0029258
-4333.3,133,-0.0037539
-4371.2,133,-0.0045824
-4408.9,133,-0.005411
-4446.3,133,-0.0062397
-4483.5,133,-0.0070686
-4520.4,133,-0.0078976
-4556.9,133,-0.0087266
-4593.1,133,-0.0095557
-4628.9,133,-0.010385
-4664.3,133,-0.011214
-4699.3,133,-0.012042
-4733.8,133,-0.012871
-4767.9,133,-0.013699
-4801.4,133,-0.014527
-4834.4,133,-0.015355
-4866.9,133,-0.016183
-4898.8,133,-0.01701
-4930.1,133,-0.017837
-4960.8,133,-0.018663
-4990.8,133,-0.019489
-5020.2,133,-0.020314
-5048.9,133,-0.021139
-5076.8,133,-0.021963
-5104.1,133,-0.022786
-5130.6,133,-0.023609
-5156.4,133,-0.024431
-5181.4,133,-0.025252
-5205.7,133,-0.026073
-5229.1,133,-0.026892
-5251.8,133,-0.027711
-5273.6,133,-0.028528
-5294.7,133,-0.029345
-5314.9,133,-0.030161
-5334.4,133,-0.030975
-5353,133,-0.031789
-5370.8,133,-0.032601
-5387.8,133,-0.033413
-5404,133,-0.034223
-5419.5,133,-0.035032
-5434.1,133,-0.035839
-5448.1,133,-0.036645
-5461.2,133,-0.03745
-5473.7,133,-0.038254
-5485.5,133,-0.039056
-5496.5,133,-0.039856
-5507,133,-0.040655
-5516.8,133,-0.041453
-5526,133,-0.042249
-5534.6,133,-0.043043
-5542.7,133,-0.043836
-5550.3,133,-0.044627
-5557.4,133,-0.045416
-5564.1,133,-0.046204
-5570.4,133,-0.046989
-5576.3,133,-0.047773
-5581.9,133,-0.048555
-5587.2,133,-0.049336
-5592.3,133,-0.050114
-5597.1,133,-0.05089
-5601.8,133,-0.051665
-5606.3,133,-0.052437
-5610.8,133,-0.053208
-5615.2,133,-0.053976
-5619.5,133,-0.054742
-5623.8,133,-0.055506
-5628.2,133,-0.056268
-5632.7,133,-0.057028
-5637.2,133,-0.057786
-5641.9,133,-0.058541
-5646.7,133,-0.059294
-5651.7,133,-0.060045
-5656.9,133,-0.060793
-5662.3,133,-0.061539
-5667.9,133,-0.062283
-5673.7,133,-0.063024
-5679.8,133,-0.063763
-5686.1,133,-0.0645
-5692.8,133,-0.065234
-5699.7,133,-0.065965
-5706.8,133,-0.066694
-5714.3,133,-0.067421
-5722,133,-0.068145
-5730,133,-0.068866
-5738.2,133,-0.069584
-5746.7,133,-0.070301
-5755.4,133,-0.071014
-5764.4,133,-0.071725
-5773.6,133,-0.072433
-5783,133,-0.073138
-5792.6,133,-0.07384
-5802.4,133,-0.07454
-5812.3,133,-0.075237
-5822.4,133,-0.075931
-5832.5,133,-0.076623
-5842.8,133,-0.077311
-5853.2,133,-0.077997
-5863.6,133,-0.07868
-5874.1,133,-0.07936
-5884.6,133,-0.080037
-5895.1,133,-0.080712
-5905.5,133,-0.081383
-5915.9,133,-0.082051
-5926.3,133,-0.082717
-5936.6,133,-0.083379
-5946.7,133,-0.084039
-5956.7,133,-0.084695
-5966.6,133,-0.085349
-5976.4,133,-0.085999
-5985.9,133,-0.086647
-5995.3,133,-0.087291
-6004.4,133,-0.087932
-6013.3,133,-0.088571
-6022,133,-0.089206
-6030.4,133,-0.089838
-6038.5,133,-0.090467
-6046.3,133,-0.091093
-6053.8,133,-0.091716
-6061.1,133,-0.092336
-6068,133,-0.092952
-6074.5,133,-0.093566
-6080.7,133,-0.094176
-6086.6,133,-0.094784
-6092.1,133,-0.095388
-6097.2,133,-0.095989
-6102,133,-0.096587
-6106.4,133,-0.097181
-6110.4,133,-0.097773
-6114,133,-0.098361
-6117.2,133,-0.098946
-6120,133,-0.099528
-6122.4,133,-0.10011
-6124.4,133,-0.10068
-6126,133,-0.10126
-6127.2,133,-0.10182
-6128,133,-0.10239
-6128.4,133,-0.10295
-6128.3,133,-0.10351
-6127.9,133,-0.10407
-6127.1,133,-0.10462
-6125.8,133,-0.10517
-6124.2,133,-0.10572
-6122.2,133,-0.10626
-6119.8,133,-0.1068
-6117,133,-0.10734
-6113.8,133,-0.10788
-6110.2,133,-0.10841
-6106.2,133,-0.10893
-6101.9,133,-0.10946
-6097.2,133,-0.10998
-6092.2,133,-0.1105
-6086.8,133,-0.11101
-6081,133,-0.11153
-6074.9,133,-0.11203
-6068.5,133,-0.11254
-6061.8,133,-0.11304
-6054.7,133,-0.11354
-6047.3,133,-0.11404
-6039.6,133,-0.11453
-6031.6,133,-0.11502
-6023.4,133,-0.11551
-6014.8,133,-0.11599
-6006,133,-0.11647
-5996.9,133,-0.11695
-5987.6,133,-0.11742
-5978,133,-0.11789
-5968.2,133,-0.11836
-5958.1,133,-0.11883
-5947.9,133,-0.11929
-5937.4,133,-0.11975
-5926.7,133,-0.1202
-5915.8,133,-0.12066
-5904.8,133,-0.12111
-5893.6,133,-0.12155
-5882.2,133,-0.122
-5870.7,133,-0.12244
-5859,133,-0.12288
-5847.2,133,-0.12331
-5835.3,133,-0.12374
-5823.3,133,-0.12417
-5811.1,133,-0.1246
-5798.9,133,-0.12502
-5786.6,133,-0.12544
-5774.3,133,-0.12586
-5761.8,133,-0.12627
-5749.3,133,-0.12668
-5736.8,133,-0.12709
-5724.2,133,-0.12749
-5711.7,133,-0.1279
-5699.1,133,-0.12829
-5686.5,133,-0.12869
-5673.9,133,-0.12908
-5661.3,133,-0.12948
-5648.7,133,-0.12986
-5636.2,133,-0.13025
-5623.7,133,-0.13063
-5611.2,133,-0.13101
-5598.8,133,-0.13139
-5586.5,133,-0.13176
-5574.2,133,-0.13213
-5562.1,133,-0.1325
-5550,133,-0.13287
-5538,133,-0.13323
-5526.1,133,-0.13359
-5514.2,133,-0.13395
-5502.6,133,-0.1343
-5491,133,-0.13465
-5479.5,133,-0.135
-5468.2,133,-0.13535
-5457,133,-0.13569
-5445.9,133,-0.13604
-5434.9,133,-0.13638
-5424.1,133,-0.13671
-5413.5,133,-0.13705
-5402.9,133,-0.13738
-5392.5,133,-0.13771
-5382.3,133,-0.13803
-5372.2,133,-0.13836
-5362.2,133,-0.13868
-5352.4,133,-0.13899
-5342.8,133,-0.13931
-5333.2,133,-0.13962
-5323.8,133,-0.13994
-5314.5,133,-0.14024
-5305.4,133,-0.14055
-5296.3,133,-0.14085
-5287.4,133,-0.14116
-5278.6,133,-0.14145
-5269.9,133,-0.14175
-5261.3,133,-0.14205
-5252.8,133,-0.14234
-5244.3,133,-0.14263
-5235.9,133,-0.14291
-5227.6,133,-0.1432
-5219.3,133,-0.14348
-5211.1,133,-0.14376
-5202.8,133,-0.14404
-5194.6,133,-0.14432
-5186.3,133,-0.14459
-5178.1,133,-0.14486
-5169.8,133,-0.14513
-5161.4,133,-0.1454
-5153,133,-0.14566
-5144.4,133,-0.14592
-5135.8,133,-0.14618
-5127.1,133,-0.14644
-5118.2,133,-0.1467
-5109.1,133,-0.14695
-5099.9,133,-0.1472
-5090.4,133,-0.14745
-5080.8,133,-0.1477
-5070.9,133,-0.14795
-5060.7,133,-0.14819
-5050.3,133,-0.14843
-5039.6,133,-0.14867
-5028.5,133,-0.14891
-5017.2,133,-0.14914
-5005.4,133,-0.14938
-4993.3,133,-0.14961
-4980.8,133,-0.14984
-4967.9,133,-0.15007
-4954.6,133,-0.15029
-4940.8,133,-0.15052
-4926.5,133,-0.15074
-4911.8,133,-0.15096
-4896.6,133,-0.15118
-4880.9,133,-0.15139
-4864.6,133,-0.15161
-4847.9,133,-0.15182
-4830.6,133,-0.15203
-4812.7,133,-0.15224
-4794.3,133,-0.15244
-4775.3,133,-0.15265
-4755.7,133,-0.15285
-4735.6,133,-0.15306
-4714.8,133,-0.15326
-4693.5,133,-0.15345
-4671.6,133,-0.15365
-4649.1,133,-0.15384
-4626,133,-0.15404
-4602.2,133,-0.15423
-4578,133,-0.15442
-4553.1,133,-0.15461
-4527.6,133,-0.15479
-4501.6,133,-0.15498
-4475,133,-0.15516
-4447.8,133,-0.15534
-4420.1,133,-0.15552
-4391.8,133,-0.1557
-4363,133,-0.15588
-4333.7,133,-0.15605
-4303.8,133,-0.15623
-4273.5,133,-0.1564
-4242.7,133,-0.15657
-4211.4,133,-0.15674
-4179.7,133,-0.15691
-4147.5,133,-0.15707
-4114.9,133,-0.15724
-4081.9,133,-0.1574
-4048.5,133,-0.15756
-4014.7,133,-0.15772
-3980.6,133,-0.15788
-3946.2,133,-0.15804
-3911.4,133,-0.1582
-3876.3,133,-0.15835
-3840.9,133,-0.1585
-3805.3,133,-0.15866
-3769.4,133,-0.15881
-3733.3,133,-0.15896
-3697,133,-0.1591
-3660.5,133,-0.15925
-3623.8,133,-0.15939
-3586.9,133,-0.15954
-3549.9,133,-0.15968
-3512.7,133,-0.15982
-3475.5,133,-0.15996
-3438.1,133,-0.1601
-3400.7,133,-0.16024
-3363.2,133,-0.16037
-3325.7,133,-0.16051
-3288.1,133,-0.16064
-3250.5,133,-0.16078
-3212.8,133,-0.16091
-3175.2,133,-0.16104
-3137.6,133,-0.16117
-3100,133,-0.16129
-3062.5,133,-0.16142
-3025,133,-0.16155
-2987.6,133,-0.16167
-2950.3,133,-0.16179
-2913,133,-0.16191
-2875.9,133,-0.16204
-2838.8,133,-0.16215
-2801.9,133,-0.16227
-2765.1,133,-0.16239
-2728.4,133,-0.16251
-2691.9,133,-0.16262
-2655.5,133,-0.16274
-2619.2,133,-0.16285
-2583.1,133,-0.16296
-2547.2,133,-0.16307
-2511.5,133,-0.16318
-2475.9,133,-0.16329
-2440.5,133,-0.1634
-2405.3,133,-0.16351
-2370.3,133,-0.16361
-2335.5,133,-0.16372
-2300.9,133,-0.16382
-2266.5,133,-0.16393
-2232.3,133,-0.16403
-2198.3,133,-0.16413
-2164.6,133,-0.16423
-2131,133,-0.16433
-2097.7,133,-0.16443
-2064.6,133,-0.16453
-2031.7,133,-0.16462
-1999.1,133,-0.16472
-1966.7,133,-0.16481
-1934.5,133,-0.16491
-1902.6,133,-0.165
-1870.9,133,-0.16509
-1839.4,133,-0.16518
-1808.1,133,-0.16527
-1777.1,133,-0.16536
-1746.4,133,-0.16545
-1715.8,133,-0.16554
-1685.5,133,-0.16563
-1655.5,133,-0.16571
-1625.7,133,-0.1658
-1596.1,133,-0.16588
-1566.7,133,-0.16597
-1537.6,133,-0.16605
-1508.8,133,-0.16613
-1480.1,133,-0.16621
-1451.7,133,-0.16629
-1423.6,133,-0.16637
-1395.6,133,-0.16645
-1368,133,-0.16653
-1340.5,133,-0.16661
-1313.3,133,-0.16669
-1286.3,133,-0.16676
-1259.5,133,-0.16684
-1233,133,-0.16691
-1206.7,133,-0.16699
-1180.6,133,-0.16706
-1154.7,133,-0.16713
-1129.1,133,-0.16721
-1103.7,133,-0.16728
-1078.5,133,-0.16735
-1053.5,133,-0.16742
-1028.8,133,-0.16749
-1004.3,133,-0.16756
-979.94,133,-0.16762
-955.84,133,-0.16769
-931.95,133,-0.16776
-908.27,133,-0.16782
-884.81,133,-0.16789
-861.55,133,-0.16795
-838.5,133,-0.16802
-815.65,133,-0.16808
-793.01,133,-0.16814
-770.57,133,-0.16821
-748.33,133,-0.16827
-726.29,133,-0.16833
-704.44,133,-0.16839
-682.79,133,-0.16845
-661.34,133,-0.16851
-640.07,133,-0.16857
-619,133,-0.16863
-598.12,133,-0.16868
-577.42,133,-0.16874
-556.91,133,-0.1688
-536.59,133,-0.16885
-516.44,133,-0.16891
-496.48,133,-0.16896
-476.7,133,-0.16902
-457.09,133,-0.16907
-437.66,133,-0.16913
-418.41,133,-0.16918
-399.33,133,-0.16923
-380.42,133,-0.16928
-361.67,133,-0.16934
-343.1,133,-0.16939
-324.7,133,-0.16944
-306.46,133,-0.16949
-288.38,133,-0.16954
-270.47,133,-0.16959
-252.71,133,-0.16963
-235.12,133,-0.16968
-217.68,133,-0.16973
-200.4,133,-0.16978
-183.28,133,-0.16982
-166.3,133,-0.16987
-149.48,133,-0.16992
-132.81,133,-0.16996
-116.29,133,-0.17001
-99.919,133,-0.17005
-83.692,133,-0.17009
-67.61,133,-0.17014
-51.671,133,-0.17018
-35.874,133,-0.17022
-20.219,133,-0.17027
-4.7023,133,-0.17031
10.676,133,-0.17035
25.917,133,-0.17039
41.023,133,-0.17043
55.994,133,-0.17047
70.833,133,-0.17051
85.539,133,-0.17055
100.12,133,-0.17059
114.56,133,-0.17063
128.88,133,-0.17067
143.07,133,-0.1707
157.14,133,-0.17074
171.08,133,-0.17078
184.9,133,-0.17082
198.6,133,-0.17085
212.17,133,-0.17089
225.63,133,-0.17093
238.97,133,-0.17096
252.19,133,-0.171
265.29,133,-0.17103
278.28,133,-0.17107
291.15,133,-0.1711
303.91,133,-0.17113
316.56,133,-0.17117
329.09,133,-0.1712
341.52,133,-0.17123
353.84,133,-0.17127
366.05,133,-0.1713
378.15,133,-0.17133
390.14,133,-0.17136
402.03,133,-0.17139
413.82,133,-0.17142
425.51,133,-0.17145
437.09,133,-0.17148
448.57,133,-0.17151
459.95,133,-0.17154
471.23,133,-0.17157
482.41,133,-0.1716
493.49,133,-0.17163
504.48,133,-0.17166
515.37,133,-0.17169
526.16,133,-0.17172
536.86,133,-0.17174
547.47,133,-0.17177
557.99,133,-0.1718
568.41,133,-0.17183
578.75,133,-0.17185
588.99,133,-0.17188
599.14,133,-0.17191
609.21,133,-0.17193
619.18,133,-0.17196
629.07,133,-0.17198
638.88,133,-0.17201
648.6,133,-0.17203
658.23,133,-0.17206
667.78,133,-0.17208
677.25,133,-0.17211
686.63,133,-0.17213
695.94,133,-0.17215
705.16,133,-0.17218
714.3,133,-0.1722
723.36,133,-0.17222
732.34,133,-0.17225
741.25,133,-0.17227
750.07,133,-0.17229
758.82,133,-0.17231
767.49,133,-0.17234
776.09,133,-0.17236
784.61,133,-0.17238
793.06,133,-0.1724
801.44,133,-0.17242
809.74,133,-0.17244
817.96,133,-0.17246
826.12,133,-0.17248
834.21,133,-0.1725
842.22,133,-0.17252
850.16,133,-0.17254
858.04,133,-0.17256
865.84,133,-0.17258
873.58,133,-0.1726
881.25,133,-0.17262
888.85,133,-0.17264
896.38,133,-0.17266
903.85,133,-0.17268
911.25,133,-0.1727
918.59,133,-0.17271
925.86,133,-0.17273
933.07,133,-0.17275
940.21,133,-0.17277
947.29,133,-0.17278
954.31,133,-0.1728
961.26,133,-0.17282
968.16,133,-0.17284
974.99,133,-0.17285
981.76,133,-0.17287
988.47,133,-0.17289
995.12,133,-0.1729
1001.7,133,-0.17292
1008.2,133,-0.17293
1014.7,133,-0.17295
1021.1,133,-0.17297
1027.5,133,-0.17298
1033.8,133,-0.173
1040,133,-0.17301
1046.2,133,-0.17303
1052.4,133,-0.17304
1058.4,133,-0.17306
1064.5,133,-0.17307
1070.4,133,-0.17309
1076.3,133,-0.1731
1082.2,133,-0.17311
1088,133,-0.17313
1093.8,133,-0.17314
1099.5,133,-0.17316
1105.1,133,-0.17317
1110.7,133,-0.17318
1116.2,133,-0.1732
1121.7,133,-0.17321
1127.2,133,-0.17322
1132.6,133,-0.17324
1137.9,133,-0.17325
1143.2,133,-0.17326
1148.4,133,-0.17327
1153.6,133,-0.17329
1158.8,133,-0.1733
1163.9,133,-0.17331
1168.9,133,-0.17332
1173.9,133,-0.17334
1178.9,133,-0.17335
1183.8,133,-0.17336
1188.6,133,-0.17337
1193.4,133,-0.17338
1198.2,133,-0.17339
1202.9,133,-0.1734
1207.6,133,-0.17342
1212.2,133,-0.17343
1216.8,133,-0.17344
1221.3,133,-0.17345
1225.8,133,-0.17346
1230.3,133,-0.17347
1234.7,133,-0.17348
1239.1,133,-0.17349
1243.4,133,-0.1735
1247.6,133,-0.17351
1251.9,133,-0.17352
1256.1,133,-0.17353
1260.2,133,-0.17354
1264.3,133,-0.17355
1268.4,133,-0.17356
1272.4,133,-0.17357
1276.4,133,-0.17358
1280.3,133,-0.17359
1284.2,133,-0.1736
1288.1,133,-0.17361
1291.9,133,-0.17362
1295.7,133,-0.17363
1299.4,133,-0.17364
1303.1,133,-0.17364
1306.8,133,-0.17365
1310.4,133,-0.17366
1314,133,-0.17367
1317.6,133,-0.17368
1321.1,133,-0.17369
1324.5,133,-0.1737
1328,133,-0.1737
1331.4,133,-0.17371
1334.7,133,-0.17372
1338,133,-0.17373
1341.3,133,-0.17374
1344.6,133,-0.17375
1347.8,133,-0.17375
1351,133,-0.17376
1354.1,133,-0.17377
1357.2,133,-0.17378
1360.3,133,-0.17378
1363.3,133,-0.17379
1366.3,133,-0.1738
1369.2,133,-0.17381
1372.2,133,-0.17381
1375.1,133,-0.17382
1377.9,133,-0.17383
1380.7,133,-0.17383
1383.5,133,-0.17384
1386.3,133,-0.17385
1389,133,-0.17385
1391.7,133,-0.17386
1394.3,133,-0.17387
1396.9,133,-0.17387
1399.5,133,-0.17388
1402.1,133,-0.17389
1404.6,133,-0.17389
1407.1,133,-0.1739
1409.5,133,-0.17391
1412,133,-0.17391
1414.3,133,-0.17392
1416.7,133,-0.17393
1419,133,-0.17393
1421.3,133,-0.17394
1423.6,133,-0.17394
1425.8,133,-0.17395
1428,133,-0.17395
1430.2,133,-0.17396
1432.3,133,-0.17397
1434.4,133,-0.17397
1436.5,133,-0.17398
1438.5,133,-0.17398
1440.6,133,-0.17399
1442.5,133,-0.17399
1444.5,133,-0.174
1446.4,133,-0.174
1448.3,133,-0.17401
1450.2,133,-0.17401
1452,133,-0.17402
1453.8,133,-0.17403
1455.6,133,-0.17403
1457.3,133,-0.17404
1459.1,133,-0.17404
1460.8,133,-0.17404
1462.4,133,-0.17405
1464,133,-0.17405
1465.6,133,-0.17406
1467.2,133,-0.17406
1468.8,133,-0.17407
1470.3,133,-0.17407
1471.8,133,-0.17408
1473.2,133,-0.17408
1474.7,133,-0.17409
1476.1,133,-0.17409
1477.5,133,-0.1741
1478.8,133,-0.1741
1480.1,133,-0.1741
1481.4,133,-0.17411
1482.7,133,-0.17411
1483.9,133,-0.17412
1485.2,133,-0.17412
1486.3,133,-0.17413
1487.5,133,-0.17413
1488.6,133,-0.17413
1489.8,133,-0.17414
1490.8,133,-0.17414
1491.9,133,-0.17415
1492.9,133,-0.17415
1493.9,133,-0.17415
1494.9,133,-0.17416
1495.9,133,-0.17416
1496.8,133,-0.17416
1497.7,133,-0.17417
1498.6,133,-0.17417
1499.4,133,-0.17417
1500.2,133,-0.17418
1501,133,-0.17418
1501.8,133,-0.17419
1502.5,133,-0.17419
1503.3,133,-0.17419
1504,133,-0.1742
1504.6,133,-0.1742
1505.3,133,-0.1742
1505.9,133,-0.17421
1506.5,133,-0.17421
1507.1,133,-0.17421
1507.6,133,-0.17422
1508.1,133,-0.17422
1508.6,133,-0.17422
1509.1,133,-0.17422
1509.6,133,-0.17423
1510,133,-0.17423
1510.4,133,-0.17423
1510.8,133,-0.17424
1511.1,133,-0.17424
1511.5,133,-0.17424
1511.8,133,-0.17425
1512.1,133,-0.17425
1512.3,133,-0.17425
1512.6,133,-0.17425
1512.8,133,-0.17426
1513,133,-0.17426
1513.1,133,-0.17426
1513.3,133,-0.17426
1513.4,133,-0.17427
1513.5,133,-0.17427
1513.5,133,-0.17427
1513.6,133,-0.17428
1513.6,133,-0.17428
1513.6,133,-0.17428
1513.6,133,-0.17428
1513.6,133,-0.17429
1513.5,133,-0.17429
1513.4,133,-0.17429
1513.3,133,-0.17429
1513.2,133,-0.1743
1513,133,-0.1743
1512.8,133,-0.1743
1512.6,133,-0.1743
1512.4,133,-0.1743
1512.2,133,-0.17431
1511.9,133,-0.17431
1511.6,133,-0.17431
1511.3,133,-0.17431
1511,133,-0.17432
1510.6,133,-0.17432
1510.2,133,-0.17432
1509.8,133,-0.17432
1509.4,133,-0.17432
1509,133,-0.17433
1508.5,133,-0.17433
1508,133,-0.17433
1507.5,133,-0.17433
1507,133,-0.17433
1506.4,133,-0.17434
1505.9,133,-0.17434
1505.3,133,-0.17434
1504.7,133,-0.17434
1504,133,-0.17434
1503.4,133,-0.17435
1502.7,133,-0.17435
1502,133,-0.17435
1501.3,133,-0.17435
1500.5,133,-0.17435
1499.8,133,-0.17436
1499,133,-0.17436
1498.2,133,-0.17436
1497.4,133,-0.17436
1496.5,133,-0.17436
1495.6,133,-0.17436
1494.8,133,-0.17437
1493.8,133,-0.17437
1492.9,133,-0.17437
1492,133,-0.17437
1491,133,-0.17437
1490,133,-0.17437
1489,133,-0.17438
1488,133,-0.17438
1486.9,133,-0.17438
1485.8,133,-0.17438
1484.7,133,-0.17438
1483.6,133,-0.17438
1482.5,133,-0.17438
1481.3,133,-0.17439
1480.2,133,-0.17439
1479,133,-0.17439
1477.8,133,-0.17439
1476.5,133,-0.17439
1475.3,133,-0.17439
1474,133,-0.17439
1472.7,133,-0.1744
1471.4,133,-0.1744
1470.1,133,-0.1744
1468.7,133,-0.1744
1467.3,133,-0.1744
1465.9,133,-0.1744
1464.5,133,-0.1744
1463.1,133,-0.17441
1461.6,133,-0.17441
1460.2,133,-0.17441
1458.7,133,-0.17441
1457.2,133,-0.17441
1455.6,133,-0.17441
1454.1,133,-0.17441
1452.5,133,-0.17441
1450.9,133,-0.17441
1449.3,133,-0.17442
1447.7,133,-0.17442
1446,133,-0.17442
1444.4,133,-0.17442
1442.7,133,-0.17442
1441,133,-0.17442
1439.3,133,-0.17442
1437.5,133,-0.17442
1435.7,133,-0.17443
1434,133,-0.17443
1432.2,133,-0.17443
1430.3,133,-0.17443
1428.5,133,-0.17443
1426.7,133,-0.17443
1424.8,133,-0.17443
1422.9,133,-0.17443
1421,133,-0.17443
1419,133,-0.17443
1417.1,133,-0.17444
1415.1,133,-0.17444
1413.1,133,-0.17444
1411.1,133,-0.17444
1409.1,133,-0.17444
1407,133,-0.17444
1405,133,-0.17444
1402.9,133,-0.17444
1400.8,133,-0.17444
1398.7,133,-0.17444
1396.5,133,-0.17444
1394.4,133,-0.17445
1392.2,133,-0.17445
1390,133,-0.17445
1387.8,133,-0.17445
1385.6,133,-0.17445
1383.3,133,-0.17445
1381.1,133,-0.17445
1378.8,133,-0.17445
1376.5,133,-0.17445
1374.2,133,-0.17445
1371.8,133,-0.17445
1369.5,133,-0.17445
1367.1,133,-0.17446
1364.7,133,-0.17446
1362.3,133,-0.17446
1359.9,133,-0.17446
1357.4,133,-0.17446
1355,133,-0.17446
1352.5,133,-0.17446
1350,133,-0.17446
1347.5,133,-0.17446
1344.9,133,-0.17446
1342.4,133,-0.17446
1339.8,133,-0.17446
1337.2,133,-0.17446
1334.6,133,-0.17446
1332,133,-0.17447
1329.4,133,-0.17447
1326.7,133,-0.17447
1324,133,-0.17447
1321.3,133,-0.17447
1318.6,133,-0.17447
1315.9,133,-0.17447
1313.1,133,-0.17447
1310.4,133,-0.17447
1307.6,133,-0.17447
1304.8,133,-0.17447
1302,133,-0.17447
1299.2,133,-0.17447
1296.3,133,-0.17447
1293.4,133,-0.17447
1290.6,133,-0.17447
1287.7,133,-0.17448
1284.8,133,-0.17448
1281.8,133,-0.17448
1278.9,133,-0.17448
1275.9,133,-0.17448
1272.9,133,-0.17448
1269.9,133,-0.17448
1266.9,133,-0.17448
1263.9,133,-0.17448
1260.8,133,-0.17448
1257.7,133,-0.17448
1254.7,133,-0.17448
1251.6,133,-0.17448
1248.4,133,-0.17448
1245.3,133,-0.17448
1242.2,133,-0.17448
1239,133,-0.17448
1235.8,133,-0.17448
1232.6,133,-0.17448
1229.4,133,-0.17449
1226.2,133,-0.17449
1222.9,133,-0.17449
1219.7,133,-0.17449
1216.4,133,-0.17449
1213.1,133,-0.17449
1209.8,133,-0.17449
1206.4,133,-0.17449
1203.1,133,-0.17449
1199.7,133,-0.17449
1196.4,133,-0.17449
1193,133,-0.17449
1189.6,133,-0.17449
1186.1,133,-0.17449
1182.7,133,-0.17449
1179.2,133,-0.17449
1175.8,133,-0.17449
1172.3,133,-0.17449
1168.8,133,-0.17449
1165.3,133,-0.17449
1161.7,133,-0.17449
1158.2,133,-0.17449
1154.6,133,-0.17449
1151,133,-0.1745
1147.5,133,-0.1745
1143.8,133,-0.1745
1140.2,133,-0.1745
1136.6,133,-0.1745
1132.9,133,-0.1745
1129.3,133,-0.1745
1125.6,133,-0.1745
1121.9,133,-0.1745
1118.2,133,-0.1745
1114.4,133,-0.1745
1110.7,133,-0.1745
1106.9,133,-0.1745
1103.2,133,-0.1745
1099.4,133,-0.1745
1095.6,133,-0.1745
1091.8,133,-0.1745
1087.9,133,-0.1745
1084.1,133,-0.1745
1080.2,133,-0.1745
1076.4,133,-0.1745
1072.5,133,-0.1745
1068.6,133,-0.1745
1064.7,133,-0.1745
1060.7,133,-0.1745
1056.8,133,-0.1745
1052.8,133,-0.1745
1048.9,133,-0.1745
1044.9,133,-0.1745
1040.9,133,-0.1745
1036.9,133,-0.1745
1032.8,133,-0.17451
1028.8,133,-0.17451
1024.7,133,-0.17451
1020.7,133,-0.17451
1016.6,133,-0.17451
1012.5,133,-0.17451
1008.4,133,-0.17451
1004.3,133,-0.17451
1000.1,133,-0.17451
996,133,-0.17451
991.85,133,-0.17451
987.68,133,-0.17451
983.49,133,-0.17451
979.3,133,-0.17451
975.09,133,-0.17451
970.87,133,-0.17451
966.63,133,-0.17451
962.39,133,-0.17451
958.13,133,-0.17451
953.86,133,-0.17451
949.58,133,-0.17451
945.28,133,-0.17451
940.97,133,-0.17451
936.66,133,-0.17451
932.33,133,-0.17451
927.98,133,-0.17451
923.63,133,-0.17451
919.26,133,-0.17451
914.88,133,-0.17451
910.5,133,-0.17451
906.1,133,-0.17451
901.68,133,-0.17451
897.26,133,-0.17451
892.83,133,-0.17451
888.38,133,-0.17451
883.92,133,-0.17451
879.46,133,-0.17451
874.98,133,-0.17451
870.49,133,-0.17451
865.99,133,-0.17451
861.48,133,-0.17451
856.96,133,-0.17451
852.43,133,-0.17451
847.88,133,-0.17451
843.33,133,-0.17452
838.77,133,-0.17452
834.2,133,-0.17452
829.62,133,-0.17452
825.02,133,-0.17452
820.42,133,-0.17452
815.81,133,-0.17452
811.19,133,-0.17452
806.56,133,-0.17452
801.92,133,-0.17452
797.27,133,-0.17452
792.61,133,-0.17452
787.94,133,-0.17452
783.27,133,-0.17452
778.58,133,-0.17452
773.88,133,-0.17452
769.18,133,-0.17452
764.47,133,-0.17449
759.87,133,-0.17449
755.15,133,-0.17449
750.41,133,-0.17449
745.67,133,-0.17449
740.92,133,-0.17449
736.16,133,-0.17449
731.39,133,-0.17449
726.62,133,-0.17449
721.84,133,-0.17449
717.05,133,-0.17449
712.25,133,-0.17449
707.44,133,-0.17449
702.63,133,-0.17449
697.81,133,-0.17449
692.98,133,-0.17449
688.15,133,-0.17449
683.31,133,-0.17449
678.46,133,-0.17449
673.61,133,-0.17449
668.75,133,-0.17449
663.88,133,-0.17449
659.01,133,-0.17449
654.13,133,-0.17449
649.24,133,-0.17448
644.35,133,-0.17448
639.46,133,-0.17448
634.55,133,-0.17448
629.64,133,-0.17448
624.73,133,-0.17448
619.81,133,-0.17448
614.89,133,-0.17448
609.96,133,-0.17448
605.02,133,-0.17448
600.08,133,-0.17448
595.14,133,-0.17448
590.19,133,-0.17448
585.24,133,-0.17448
580.28,133,-0.17448
575.32,133,-0.17448
570.35,133,-0.17448
565.38,133,-0.17448
560.4,133,-0.17448
555.43,133,-0.17447
550.44,133,-0.17447
545.46,133,-0.17447
540.47,133,-0.17447
535.48,133,-0.17447
530.48,133,-0.17447
525.49,133,-0.17447
520.49,133,-0.17447
515.48,133,-0.17447
510.48,133,-0.17447
505.47,133,-0.17447
500.46,133,-0.17447
495.44,133,-0.17447
490.43,133,-0.17447
485.41,133,-0.17447
480.39,133,-0.17447
475.37,133,-0.17446
470.35,133,-0.17446
465.33,133,-0.17446
460.3,133,-0.17446
455.27,133,-0.17446
450.25,133,-0.17446
445.22,133,-0.17446
440.19,133,-0.17446
435.16,133,-0.17446
430.13,133,-0.17446
425.1,133,-0.17446
420.07,133,-0.17446
415.04,133,-0.17446
410.01,133,-0.17445
404.98,133,-0.17445
399.95,133,-0.17445
394.92,133,-0.17445
389.9,133,-0.17445
384.87,133,-0.17445
379.84,133,-0.17445
374.82,133,-0.17445
369.79,133,-0.17445
364.77,133,-0.17445
359.75,133,-0.17445
354.73,133,-0.17445
349.71,133,-0.17444
344.7,133,-0.17444
339.68,133,-0.17444
334.67,133,-0.17444
329.66,133,-0.17444
324.66,133,-0.17444
319.65,133,-0.17444
314.65,133,-0.17444
309.65,133,-0.17444
304.66,133,-0.17444
299.67,133,-0.17444
294.68,133,-0.17443
289.7,133,-0.17443
284.72,133,-0.17443
279.74,133,-0.17443
274.77,133,-0.17443
269.8,133,-0.17443
264.83,133,-0.17443
259.87,133,-0.17443
254.92,133,-0.17443
249.97,133,-0.17443
245.02,133,-0.17442
240.08,133,-0.17442
235.15,133,-0.17442
230.22,133,-0.17442
225.29,133,-0.17442
220.37,133,-0.17442
215.46,133,-0.17442
210.55,133,-0.17442
205.65,133,-0.17442
200.76,133,-0.17441
195.87,133,-0.17441
190.99,133,-0.17441
186.11,133,-0.17441
181.25,133,-0.17441
176.38,133,-0.17441
171.53,133,-0.17441
166.68,133,-0.17441
161.84,133,-0.1744
157.01,133,-0.1744
152.19,133,-0.1744
147.37,133,-0.1744
142.57,133,-0.1744
137.77,133,-0.1744
132.97,133,-0.1744
128.19,133,-0.17439
123.42,133,-0.17439
118.65,133,-0.17439
113.89,133,-0.17439
109.15,133,-0.17439
104.41,133,-0.17439
99.679,133,-0.17439
94.96,133,-0.17438
90.25,133,-0.17438
85.55,133,-0.17438
80.86,133,-0.17438
76.18,133,-0.17438
71.51,133,-0.17438
66.851,133,-0.17438
62.202,133,-0.17437
57.563,133,-0.17437
52.936,133,-0.17437
48.319,133,-0.17437
43.714,133,-0.17437
39.12,133,-0.17437
34.537,133,-0.17436
29.966,133,-0.17436
25.406,133,-0.17436
20.858,133,-0.17436
16.322,133,-0.17436
11.799,133,-0.17436
7.287,133,-0.17435
2.7877,133,-0.17435
-1.699,133,-0.17435
-6.1731,133,-0.17435
-10.634,133,-0.17435
-15.083,133,-0.17434
-19.518,133,-0.17434
-23.94,133,-0.17434
-28.349,133,-0.17434
-32.745,133,-0.17434
-37.127,133,-0.17433
-41.495,133,-0.17433
-45.849,133,-0.17433
-50.189,133,-0.17433
-54.516,133,-0.17433
-58.828,133,-0.17432
-63.125,133,-0.17432
-67.408,133,-0.17432
-71.677,133,-0.17432
-75.93,133,-0.17432
-80.169,133,-0.17431
-84.393,133,-0.17431
-88.602,133,-0.17431
-92.795,133,-0.17431
-96.973,133,-0.17431
-101.14,133,-0.1743
-105.28,133,-0.1743
-109.41,133,-0.1743
-113.53,133,-0.1743
-117.63,133,-0.17429
-121.71,133,-0.17429
-125.78,133,-0.17429
-129.83,133,-0.17429
-133.86,133,-0.17428
-137.88,133,-0.17428
-141.88,133,-0.17428
-145.86,133,-0.17428
-149.83,133,-0.17427
-153.78,133,-0.17427
-157.71,133,-0.17427
-161.63,133,-0.17427
-165.53,133,-0.17426
-169.41,133,-0.17426
-173.27,133,-0.17426
-177.12,133,-0.17425
-180.95,133,-0.17425
-184.75,133,-0.17425
-188.55,133,-0.17425
-192.32,133,-0.17424
-196.08,133,-0.17424
-199.81,133,-0.17424
-203.53,133,-0.17423
-207.23,133,-0.17423
-210.91,133,-0.17423
-214.57,133,-0.17423
-218.22,133,-0.17422
-221.84,133,-0.17422
-225.45,133,-0.17422
-229.04,133,-0.17421
-232.6,133,-0.17421
-236.15,133,-0.17421
-239.68,133,-0.1742
-243.19,133,-0.1742
-246.68,133,-0.1742
-250.15,133,-0.17419
-253.6,133,-0.17419
-257.03,133,-0.17419
-260.44,133,-0.17418
-263.83,133,-0.17418
-267.2,133,-0.17418
-270.55,133,-0.17417
-273.88,133,-0.17417
-277.19,133,-0.17416
-280.48,133,-0.17416
-283.75,133,-0.17416
-287,133,-0.17415
-290.23,133,-0.17415
-293.43,133,-0.17415
-296.62,133,-0.17414
-299.79,133,-0.17414
-302.93,133,-0.17413
-306.05,133,-0.17413
-309.16,133,-0.17413
-312.24,133,-0.17412
-315.3,133,-0.17412
-318.34,133,-0.17411
-321.36,133,-0.17411
-324.35,133,-0.17411
-327.33,133,-0.1741
-330.28,133,-0.1741
-333.21,133,-0.17409
-336.12,133,-0.17409
-339.01,133,-0.17408
-341.88,133,-0.17408
-344.72,133,-0.17407
-347.55,133,-0.17407
-350.35,133,-0.17407
-353.13,133,-0.17406
-355.89,133,-0.17406
-358.62,133,-0.17405
-361.33,133,-0.17405
-364.03,133,-0.17404
-366.7,133,-0.17404
-369.34,133,-0.17403
-371.97,133,-0.17403
-374.57,133,-0.17402
-377.15,133,-0.17402
-379.71,133,-0.17401
-382.24,133,-0.17401
-384.76,133,-0.174
-387.25,133,-0.17399
-389.72,133,-0.17399
-392.16,133,-0.17398
-394.58,133,-0.17398
-396.98,133,-0.17397
-399.36,133,-0.17397
-401.72,133,-0.17396
-404.05,133,-0.17396
-406.36,133,-0.17395
-408.65,133,-0.17394
-410.91,133,-0.17394
-413.15,133,-0.17393
-415.37,133,-0.17393
-417.57,133,-0.17392
-419.74,133,-0.17391
-421.89,133,-0.17391
-424.02,133,-0.1739
-426.12,133,-0.1739
-428.21,133,-0.17389
-430.26,133,-0.17388
-432.3,133,-0.17388
-434.31,133,-0.17387
-436.3,133,-0.17386
-438.27,133,-0.17386
-440.22,133,-0.17385
-442.14,133,-0.17384
-444.03,133,-0.17384
-445.91,133,-0.17383
-447.76,133,-0.17382
-449.59,133,-0.17381
-451.4,133,-0.17381
-453.18,133,-0.1738
-454.94,133,-0.17379
-456.68,133,-0.17378
-458.39,133,-0.17378
-460.09,133,-0.17377
-461.76,133,-0.17376
-463.4,133,-0.17375
-465.02,133,-0.17375
-466.62,133,-0.17374
-468.2,133,-0.17373
-469.76,133,-0.17372
-471.29,133,-0.17371
-472.79,133,-0.17371
-474.28,133,-0.1737
-475.74,133,-0.17369
-477.18,133,-0.17368
-478.6,133,-0.17367
-479.99,133,-0.17366
-481.37,133,-0.17366
-482.71,133,-0.17365
-484.04,133,-0.17364
-485.34,133,-0.17363
-486.62,133,-0.17362
-487.88,133,-0.17361
-489.12,133,-0.1736
-490.33,133,-0.17359
-491.52,133,-0.17358
-492.69,133,-0.17357
-493.83,133,-0.17356
-494.96,133,-0.17355
-496.06,133,-0.17354
-497.14,133,-0.17353
-498.19,133,-0.17352
-499.22,133,-0.17351
-500.23,133,-0.1735
-501.22,133,-0.17349
-502.19,133,-0.17348
-503.13,133,-0.17347
-504.05,133,-0.17346
-504.95,133,-0.17345
-505.83,133,-0.17344
-506.69,133,-0.17343
-507.52,133,-0.17342
-508.33,133,-0.17341
-509.12,133,-0.17339
-509.89,133,-0.17338
-510.64,133,-0.17337
-511.36,133,-0.17336
-512.06,133,-0.17335
-512.74,133,-0.17334
-513.4,133,-0.17332
-514.04,133,-0.17331
-514.65,133,-0.1733
-515.25,133,-0.17329
-515.82,133,-0.17328
-516.37,133,-0.17326
-516.9,133,-0.17325
-517.41,133,-0.17324
-517.9,133,-0.17322
-518.36,133,-0.17321
-518.81,133,-0.1732
-519.23,133,-0.17318
-519.64,133,-0.17317
-520.02,133,-0.17316
-520.38,133,-0.17314
-520.72,133,-0.17313
-521.04,133,-0.17312
-521.34,133,-0.1731
-521.62,133,-0.17309
-521.87,133,-0.17307
-522.11,133,-0.17306
-522.32,133,-0.17304
-522.52,133,-0.17303
-522.7,133,-0.17301
-522.85,133,-0.173
-522.99,133,-0.17298
-523.1,133,-0.17297
-523.19,133,-0.17295
-523.27,133,-0.17293
-523.32,133,-0.17292
-523.36,133,-0.1729
-523.37,133,-0.17289
-523.37,133,-0.17287
-523.34,133,-0.17285
-523.3,133,-0.17284
-523.23,133,-0.17282
-523.15,133,-0.1728
-523.04,133,-0.17278
-522.92,133,-0.17277
-522.78,133,-0.17275
-522.62,133,-0.17273
-522.44,133,-0.17271
-522.24,133,-0.1727
-522.02,133,-0.17268
-521.78,133,-0.17266
-521.52,133,-0.17264
-521.25,133,-0.17262
-520.95,133,-0.1726
-520.64,133,-0.17258
-520.31,133,-0.17256
-519.96,133,-0.17254
-519.59,133,-0.17252
-519.2,133,-0.1725
-518.8,133,-0.17248
-518.37,133,-0.17246
-517.93,133,-0.17244
-517.47,133,-0.17242
-516.99,133,-0.1724
-516.5,133,-0.17238
-515.98,133,-0.17236
-515.45,133,-0.17233
-514.9,133,-0.17231
-514.33,133,-0.17229
-513.75,133,-0.17227
-513.15,133,-0.17224
-512.53,133,-0.17222
-511.89,133,-0.1722
-511.24,133,-0.17217
-510.56,133,-0.17215
-509.87,133,-0.17213
-509.17,133,-0.1721
-508.45,133,-0.17208
-507.71,133,-0.17205
-506.95,133,-0.17203
-506.18,133,-0.172
-505.39,133,-0.17198
-504.58,133,-0.17195
-503.76,133,-0.17193
-502.92,133,-0.1719
-502.06,133,-0.17187
-501.19,133,-0.17185
-500.3,133,-0.17182
-499.39,133,-0.17179
-498.47,133,-0.17177
-497.54,133,-0.17174
-496.58,133,-0.17171
-495.62,133,-0.17168
-494.63,133,-0.17165
-493.63,133,-0.17163
-492.62,133,-0.1716
-491.58,133,-0.17157
-490.54,133,-0.17154
-489.48,133,-0.17151
-488.4,133,-0.17148
-487.31,133,-0.17145
-486.2,133,-0.17142
-485.07,133,-0.17138
-483.94,133,-0.17135
-482.78,133,-0.17132
-481.62,133,-0.17129
-480.43,133,-0.17126
-479.24,133,-0.17122
-478.02,133,-0.17119
-476.8,133,-0.17116
-475.56,133,-0.17112
-474.3,133,-0.17109
-473.03,133,-0.17105
-471.75,133,-0.17102
-470.45,133,-0.17098
-469.14,133,-0.17095
-467.81,133,-0.17091
-466.47,133,-0.17088
-465.12,133,-0.17084
-463.75,133,-0.1708
-462.37,133,-0.17077
-460.97,133,-0.17073
-459.56,133,-0.17069
-458.14,133,-0.17065
-456.7,133,-0.17061
-455.25,133,-0.17057
-453.79,133,-0.17053
-452.31,133,-0.17049
-450.82,133,-0.17045
-449.32,133,-0.17041
-447.81,133,-0.17037
-446.28,133,-0.17033
-444.74,133,-0.17029
-443.18,133,-0.17025
-441.61,133,-0.1702
-440.03,133,-0.17016
-438.44,133,-0.17012
-436.83,133,-0.17007
-435.22,133,-0.17003
-433.59,133,-0.16998
-431.94,133,-0.16994
-430.29,133,-0.16989
-428.62,133,-0.16984
-426.94,133,-0.1698
-425.25,133,-0.16975
-423.54,133,-0.1697
-421.83,133,-0.16965
-420.1,133,-0.16961
-418.36,133,-0.16956
-416.6,133,-0.16951
-414.84,133,-0.16946
-413.06,133,-0.16941
-411.28,133,-0.16935
-409.48,133,-0.1693
-407.67,133,-0.16925
-405.84,133,-0.1692
-404.01,133,-0.16914
-402.16,133,-0.16909
-400.31,133,-0.16904
-398.44,133,-0.16898
-396.56,133,-0.16893
-394.67,133,-0.16887
-392.77,133,-0.16881
-390.85,133,-0.16876
-388.93,133,-0.1687
-386.99,133,-0.16864
-385.05,133,-0.16858
-383.09,133,-0.16852
-381.12,133,-0.16846
-379.14,133,-0.1684
-377.15,133,-0.16834
-375.15,133,-0.16828
-373.14,133,-0.16822
-371.12,133,-0.16815
-369.08,133,-0.16809
-367.04,133,-0.16803
-364.99,133,-0.16796
-362.92,133,-0.1679
-360.85,133,-0.16783
-358.76,133,-0.16776
-356.66,133,-0.16769
-354.56,133,-0.16763
-352.44,133,-0.16756
-350.31,133,-0.16749
-348.18,133,-0.16742
-346.03,133,-0.16735
-343.87,133,-0.16728
-341.7,133,-0.1672
-339.52,133,-0.16713
-337.34,133,-0.16706
-335.14,133,-0.16698
-332.93,133,-0.16691
-330.71,133,-0.16683
-328.48,133,-0.16675
-326.24,133,-0.16668
-323.99,133,-0.1666
-321.73,133,-0.16652
-319.46,133,-0.16644
-317.18,133,-0.16636
-314.89,133,-0.16628
-312.6,133,-0.1662
-310.29,133,-0.16611
-307.97,133,-0.16603
-305.64,133,-0.16594
-303.3,133,-0.16586
-300.95,133,-0.16577
-298.59,133,-0.16569
-296.22,133,-0.1656
-293.85,133,-0.16551
-291.46,133,-0.16542
-289.06,133,-0.16533
-286.65,133,-0.16524
-284.24,133,-0.16514
-281.81,133,-0.16505
-279.37,133,-0.16496
-276.92,133,-0.16486
-274.47,133,-0.16477
-272,133,-0.16467
-269.52,133,-0.16457
-267.04,133,-0.16447
-264.54,133,-0.16437
-262.03,133,-0.16427
-259.52,133,-0.16417
-256.99,133,-0.16407
-254.46,133,-0.16396
-251.91,133,-0.16386
-249.35,133,-0.16375
-246.79,133,-0.16365
-244.21,133,-0.16354
-241.62,133,-0.16343
-239.03,133,-0.16332
-236.42,133,-0.16321
-233.8,133,-0.16309
-231.18,133,-0.16298
-228.54,133,-0.16287
-225.89,133,-0.16275
-223.24,133,-0.16263
-220.57,133,-0.16252
-217.89,133,-0.1624
-215.2,133,-0.16228
-212.5,133,-0.16216
-209.79,133,-0.16203
-207.07,133,-0.16191
-204.34,133,-0.16178
-201.6,133,-0.16166
-198.85,133,-0.16153
-196.09,133,-0.1614
-193.31,133,-0.16127
-190.53,133,-0.16114
-187.73,133,-0.16101
-184.93,133,-0.16088
-182.11,133,-0.16074
-179.28,133,-0.1606
-176.44,133,-0.16047
-173.59,133,-0.16033
-170.73,133,-0.16019
-167.86,133,-0.16005
-164.97,133,-0.1599
-162.08,133,-0.15976
-159.17,133,-0.15961
-156.25,133,-0.15946
-153.32,133,-0.15932
-150.37,133,-0.15917
-147.42,133,-0.15901
-144.45,133,-0.15886
-141.47,133,-0.15871
-138.48,133,-0.15855
-135.47,133,-0.15839
-132.45,133,-0.15823
-129.42,133,-0.15807
-126.38,133,-0.15791
-123.32,133,-0.15775
-120.26,133,-0.15758
-117.17,133,-0.15742
-114.08,133,-0.15725
-110.97,133,-0.15708
-107.85,133,-0.15691
-104.71,133,-0.15673
-101.56,133,-0.15656
-98.399,133,-0.15638
-95.222,133,-0.1562
-92.03,133,-0.15602
-88.824,133,-0.15584
-85.603,133,-0.15566
-82.368,133,-0.15547
-79.118,133,-0.15528
-75.853,133,-0.15509
-72.572,133,-0.1549
-69.276,133,-0.15471
-65.965,133,-0.15452
-62.638,133,-0.15432
-59.295,133,-0.15412
-55.935,133,-0.15392
-52.56,133,-0.15372
-49.168,133,-0.15352
-45.759,133,-0.15331
-42.333,133,-0.1531
-38.89,133,-0.15289
-35.43,133,-0.15268
-31.952,133,-0.15247
-28.457,133,-0.15225
-24.943,133,-0.15203
-21.411,133,-0.15181
-17.861,133,-0.15159
-14.291,133,-0.15137
-10.703,133,-0.15114
-7.0953,133,-0.15091
-3.4681,133,-0.15068
0.17894,133,-0.15045
3.8461,133,-0.15021
7.5336,133,-0.14998
11.242,133,-0.14974
14.971,133,-0.1495
18.721,133,-0.14925
22.493,133,-0.149
26.287,133,-0.14876
30.103,133,-0.14851
33.942,133,-0.14825
37.803,133,-0.148
41.688,133,-0.14774
45.596,133,-0.14748
49.528,133,-0.14721
53.485,133,-0.14695
57.466,133,-0.14668
61.472,133,-0.14641
65.503,133,-0.14614
69.56,133,-0.14586
73.643,133,-0.14558
77.753,133,-0.1453
81.89,133,-0.14502
86.054,133,-0.14473
90.246,133,-0.14444
94.467,133,-0.14415
98.716,133,-0.14386
102.99,133,-0.14356
107.3,133,-0.14326
111.64,133,-0.14296
116.01,133,-0.14265
120.41,133,-0.14235
124.84,133,-0.14204
129.3,133,-0.14172
133.8,133,-0.1414
138.33,133,-0.14109
142.89,133,-0.14076
147.49,133,-0.14044
152.12,133,-0.14011
156.79,133,-0.13978
161.5,133,-0.13944
166.24,133,-0.1391
171.02,133,-0.13876
175.83,133,-0.13842
180.69,133,-0.13807
185.58,133,-0.13772
190.52,133,-0.13737
195.49,133,-0.13701
200.51,133,-0.13665
205.57,133,-0.13629
210.67,133,-0.13592
215.81,133,-0.13555
221,133,-0.13518
226.24,133,-0.1348
231.52,133,-0.13442
236.85,133,-0.13404
242.22,133,-0.13365
247.64,133,-0.13326
253.12,133,-0.13287
258.64,133,-0.13247
264.21,133,-0.13207
269.84,133,-0.13166
275.52,133,-0.13125
281.25,133,-0.13084
287.04,133,-0.13042
292.88,133,-0.13001
298.79,133,-0.12958
304.74,133,-0.12915
310.76,133,-0.12872
316.84,133,-0.12829
322.98,133,-0.12785
329.19,133,-0.12741
335.45,133,-0.12696
341.78,133,-0.12651
348.18,133,-0.12605
354.65,133,-0.1256
361.18,133,-0.12513
367.79,133,-0.12467
374.46,133,-0.12419
381.21,133,-0.12372
388.03,133,-0.12324
394.93,133,-0.12276
401.91,133,-0.12227
408.96,133,-0.12178
416.1,133,-0.12128
423.31,133,-0.12078
430.61,133,-0.12027
438,133,-0.11976
445.47,133,-0.11925
453.03,133,-0.11873
460.68,133,-0.11821
468.43,133,-0.11768
476.27,133,-0.11715
484.2,133,-0.11661
492.23,133,-0.11607
500.36,133,-0.11552
508.59,133,-0.11497
516.93,133,-0.11442
525.38,133,-0.11386
533.93,133,-0.11329
542.59,133,-0.11272
551.37,133,-0.11215
560.26,133,-0.11157
569.27,133,-0.11098
578.4,133,-0.11039
587.65,133,-0.1098
597.03,133,-0.1092
606.53,133,-0.10859
616.17,133,-0.10798
625.94,133,-0.10737
635.85,133,-0.10675
645.9,133,-0.10612
656.09,133,-0.10549
666.43,133,-0.10485
676.91,133,-0.10421
687.55,133,-0.10357
698.35,133,-0.10291
709.3,133,-0.10226
720.41,133,-0.10159
731.7,133,-0.10092
743.15,133,-0.10025
754.78,133,-0.09957
766.58,133,-0.098885
778.57,133,-0.098194
790.75,133,-0.097497
803.11,133,-0.096795
815.67,133,-0.096087
828.43,133,-0.095373
841.4,133,-0.094653
854.57,133,-0.093928
867.96,133,-0.093196
881.57,133,-0.092459
895.4,133,-0.091715
909.46,133,-0.090966
923.76,133,-0.090211
938.29,133,-0.089449
953.08,133,-0.088682
968.12,133,-0.087908
983.41,133,-0.087129
998.97,133,-0.086343
1014.8,133,-0.08555
1030.9,133,-0.084752
1047.3,133,-0.083947
1064,133,-0.083136
1081,133,-0.082319
1098.3,133,-0.081495
1115.9,133,-0.080665
1133.9,133,-0.079828
1152.1,133,-0.078985
1170.7,133,-0.078135
1189.7,133,-0.077278
1209,133,-0.076416
1228.7,133,-0.075546
1248.8,133,-0.07467
1269.2,133,-0.073787
1290.1,133,-0.072897
1311.3,133,-0.072001
1333,133,-0.071097
1355.1,133,-0.070187
1377.7,133,-0.06927
1400.7,133,-0.068347
1424.1,133,-0.067416
1448.1,133,-0.066478
1472.5,133,-0.065534
1497.5,133,-0.064582
1522.9,133,-0.063623
1548.9,133,-0.062657
1575.5,133,-0.061684
1602.6,133,-0.060704
1630.3,133,-0.059717
1658.6,133,-0.058723
1687.5,133,-0.057721
1717,133,-0.056712
1747.2,133,-0.055696
1778,133,-0.054673
1809.5,133,-0.053642
1841.8,133,-0.052604
1874.7,133,-0.051558
1908.4,133,-0.050505
1942.9,133,-0.049445
1978.1,133,-0.048377
2014.2,133,-0.047302
2051.1,133,-0.046219
2088.9,133,-0.045128
2127.5,133,-0.04403
2167.1,133,-0.042925
2207.6,133,-0.041812
2249,133,-0.040691
2291.5,133,-0.039563
2334.9,133,-0.038427
2379.4,133,-0.037283
2425,133,-0.036131
2471.7,133,-0.034972
2519.5,133,-0.033805
2568.5,133,-0.03263
2618.6,133,-0.031448
2670,133,-0.030257
2722.7,133,-0.029059
2776.6,133,-0.027853
2831.9,133,-0.026639
2888.5,133,-0.025417
2946.6,133,-0.024188
3006,133,-0.02295
3066.9,133,-0.021704
3129.3,133,-0.020451
3193.2,133,-0.01919
3258.7,133,-0.01792
3325.7,133,-0.016643
3394.3,133,-0.015358
3464.5,133,-0.014064
3536.4,133,-0.012763
3610,133,-0.011454
3685.2,133,-0.010136
3762.1,133,-0.0088109
3840.7,133,-0.0074775
3921.1,133,-0.006136
4003,133,-0.0047865
4086.7,133,-0.003429
4172,133,-0.0020634
4259,133,-0.00068971
4347.5,133,0.00069201
4437.5,133,0.0020818
4529,133,0.0034796
4621.8,133,0.0048855
4716,133,0.0062995
4811.3,133,0.0077215
4907.6,133,0.0091516
5004.7,133,0.01059
5102.6,133,0.012036
5200.9,133,0.01349
5299.4,133,0.014952
5398,133,0.016423
5496.3,133,0.017901
5593.9,133,0.019387
5690.7,133,0.020882
5786.1,133,0.022384
5879.9,133,0.023894
5971.5,133,0.025413
6060.7,133,0.026939
6146.9,133,0.028473
6229.8,133,0.030015
6308.8,133,0.031565
6383.6,133,0.033123
6453.8,133,0.034689
6519,133,0.036262
6578.9,133,0.037844
6633.3,133,0.039433
6682.2,133,0.04103
6725.3,133,0.042635
6762.9,133,0.044248
6795.1,133,0.045868
6822.3,133,0.047496
6845,133,0.049132
6863.7,133,0.050775
6879.3,133,0.052426
6892.7,133,0.054084
6904.8,133,0.05575
6916.8,133,0.057424
6929.6,133,0.059105
6944.5,133,0.060794
6962.5,133,0.06249
6984.7,133,0.064193
7011.9,133,0.065903
7044.9,133,0.067621
7084.5,133,0.069347
7131,133,0.071079
7184.7,133,0.072819
7245.8,133,0.074566
7314.2,133,0.076319
7389.6,133,0.07808
7471.7,133,0.079848
7560,133,0.081623
7654,133,0.083405
7752.9,133,0.085193
7856.1,133,0.086989
7962.9,133,0.088791
8072.6,133,0.0906
8184.5,133,0.092416
8297.9,133,0.094238
8412.2,133,0.096066
8526.7,133,0.097902
8641,133,0.099743
8754.6,133,0.10159
8867,133,0.10345
8977.9,133,0.10531
9086.9,133,0.10717
9193.8,133,0.10905
9298.2,133,0.11092
9400.1,133,0.11281
9499.1,133,0.1147
9595.3,133,0.1166
9688.5,133,0.1185
9778.6,133,0.12041
9865.6,133,0.12232
9949.4,133,0.12424
10030,133,0.12617
10107,133,0.1281
10182,133,0.13003
10253,133,0.13197
10321,133,0.13392
10386,133,0.13587
10447,133,0.13783
10506,133,0.13979
10562,133,0.14175
10615,133,0.14373
10665,133,0.1457
10712,133,0.14768
10757,133,0.14967
10798,133,0.15166
10837,133,0.15365
10874,133,0.15565
10908,133,0.15765
10939,133,0.15966
10968,133,0.16167
10994,133,0.16368
11019,133,0.1657
11041,133,0.16773
11060,133,0.16975
11078,133,0.17178
11093,133,0.17381
11106,133,0.17585
11117,133,0.17789
11126,133,0.17993
11133,133,0.18198
11138,133,0.18403
11141,133,0.18608
11142,133,0.18814
11142,133,0.1902
11139,133,0.19226
11135,133,0.19432
11129,133,0.19639
11121,133,0.19845
11111,133,0.20052
11100,133,0.2026
11088,133,0.20467
11073,133,0.20675
11057,133,0.20883
11040,133,0.21091
11021,133,0.21299
11000,133,0.21507
10978,133,0.21716
10955,133,0.21924
10930,133,0.22133
10904,133,0.22342
10876,133,0.22551
10847,133,0.2276
10817,133,0.22969
10785,133,0.23178
10752,133,0.23388
10718,133,0.23597
10683,133,0.23806
10646,133,0.24016
10609,133,0.24225
10570,133,0.24435
10530,133,0.24644
10489,133,0.24853
10447,133,0.25063
10404,133,0.25272
10360,133,0.25482
10315,133,0.25691
10269,133,0.259
10222,133,0.26109
10175,133,0.26318
10126,133,0.26527
10077,133,0.26736
10027,133,0.26945
9976.4,133,0.27153
9925,133,0.27362
9873,133,0.2757
9820.3,133,0.27779
9767.1,133,0.27987
9713.4,133,0.28194
9659.3,133,0.28402
9604.6,133,0.28609
9549.6,133,0.28817
9494.3,133,0.29024
9438.7,133,0.29231
9382.8,133,0.29437
9326.7,133,0.29643
9270.5,133,0.2985
9214.1,133,0.30055
9157.7,133,0.30261
9101.4,133,0.30466
9045,133,0.30671
8988.8,133,0.30876
8932.8,133,0.3108
8876.9,133,0.31284
8821.4,133,0.31488
8766.2,133,0.31691
8711.3,133,0.31894
8656.9,133,0.32097
8603,133,0.32299
8549.7,133,0.32501
8497,133,0.32702
8444.9,133,0.32903
8393.6,133,0.33104
8343,133,0.33304
8293.3,133,0.33504
8244.4,133,0.33704
8196.5,133,0.33902
8149.6,133,0.34101
8103.7,133,0.34299
8058.8,133,0.34497
8015.1,133,0.34694
7972.5,133,0.3489
7931.2,133,0.35087
7891,133,0.35282
7852.2,133,0.35477
7814.6,133,0.35672
7778.3,133,0.35866
7743.4,133,0.3606
7709.8,133,0.36253
7677.5,133,0.36445
7646.6,133,0.36637
7617,133,0.36828
7588.8,133,0.37019
7562,133,0.3721
7536.4,133,0.37399
7512.1,133,0.37588
7489,133,0.37777
7467.1,133,0.37965
7446.3,133,0.38152
7426.7,133,0.38339
7408,133,0.38525
7390.2,133,0.3871
7373.3,133,0.38895
7357.2,133,0.39079
7341.7,133,0.39263
7326.7,133,0.39445
7312.1,133,0.39628
7297.9,133,0.39809
7283.8,133,0.3999
7269.7,133,0.4017
7255.6,133,0.4035
7241.1,133,0.40529
7226.3,133,0.40707
7210.9,133,0.40884
7194.8,133,0.41061
7177.8,133,0.41237
7159.8,133,0.41413
7140.7,133,0.41587
7120.2,133,0.41761
7098.3,133,0.41935
7074.8,133,0.42107
7049.5,133,0.42279
7022.5,133,0.4245
6993.4,133,0.4262
6962.4,133,0.4279
6929.2,133,0.42959
6893.7,133,0.43127
6856,133,0.43294
6816,133,0.43461
6773.6,133,0.43627
6728.7,133,0.43792
6681.5,133,0.43956
6631.9,133,0.4412
6579.8,133,0.44282
6525.4,133,0.44444
6468.7,133,0.44606
6409.6,133,0.44766
6348.4,133,0.44926
6285,133,0.45085
6219.5,133,0.45243
6152.1,133,0.454
6082.7,133,0.45557
6011.5,133,0.45713
5938.7,133,0.45868
5864.2,133,0.46022
5788.3,133,0.46175
5711,133,0.46328
5632.4,133,0.4648
5552.7,133,0.46631
5471.9,133,0.46781
5390.2,133,0.4693
5307.7,133,0.47079
5224.5,133,0.47227
5140.7,133,0.47374
5056.3,133,0.4752
4971.5,133,0.47666
4886.5,133,0.4781
4801.1,133,0.47954
4715.7,133,0.48097
4630.1,133,0.48239
4544.6,133,0.48381
4459.2,133,0.48521
4373.9,133,0.48661
4288.8,133,0.488
4203.9,133,0.48938
4119.4,133,0.49076
4035.3,133,0.49212
3951.6,133,0.49348
3868.4,133,0.49483
3785.7,133,0.49617
3703.5,133,0.4975
3621.9,133,0.49883
3540.9,133,0.50015
3460.6,133,0.50146
3380.9,133,0.50276
3301.9,133,0.50405
3223.6,133,0.50534
3146,133,0.50661
3069.1,133,0.50788
2993,133,0.50914
2917.6,133,0.5104
2843,133,0.51164
2769.2,133,0.51288
2696.2,133,0.51411
2623.9,133,0.51533
2552.4,133,0.51655
2481.8,133,0.51775
2411.9,133,0.51895
2342.8,133,0.52014
2274.5,133,0.52132
2206.9,133,0.5225
2140.2,133,0.52366
2074.2,133,0.52482
2009.1,133,0.52597
1944.7,133,0.52712
1881,133,0.52825
1818.1,133,0.52938
1756,133,0.5305
1694.6,133,0.53162
1634,133,0.53272
1574.1,133,0.53382
1515,133,0.53491
1456.5,133,0.53599
1398.8,133,0.53707
1341.8,133,0.53814
1285.5,133,0.5392
1229.9,133,0.54025
1174.9,133,0.5413
1120.7,133,0.54233
1067.1,133,0.54336
1014.1,133,0.54439
961.83,133,0.5454
910.19,133,0.54641
859.17,133,0.54741
808.78,133,0.54841
759.01,133,0.5494
709.84,133,0.55038
661.28,133,0.55135
613.31,133,0.55232
565.92,133,0.55327
519.11,133,0.55423
472.87,133,0.55517
427.19,133,0.55611
382.06,133,0.55704
337.48,133,0.55796
293.43,133,0.55888
249.92,133,0.55979
206.93,133,0.56069
164.45,133,0.56159
122.48,133,0.56248
81.009,133,0.56336
40.033,133,0.56424
-0.45576,133,0.56511
-40.465,133,0.56597
-80.001,133,0.56683
-119.07,133,0.56768
-157.68,133,0.56852
-195.84,133,0.56936
-233.55,133,0.57019
-270.82,133,0.57101
-307.65,133,0.57183
-344.06,133,0.57264
-380.04,133,0.57344
-415.61,133,0.57424
-450.77,133,0.57503
-485.52,133,0.57582
-519.87,133,0.5766
-553.83,133,0.57737
-587.4,133,0.57814
-620.59,133,0.5789
-653.4,133,0.57966
-685.84,133,0.58041
-717.91,133,0.58115
-749.61,133,0.58189
-780.96,133,0.58262
-811.96,133,0.58335
-842.61,133,0.58407
-872.92,133,0.58478
-902.88,133,0.58549
-932.52,133,0.58619
-961.82,133,0.58689
-990.8,133,0.58758
-1019.5,133,0.58826
-1047.8,133,0.58894
-1075.8,133,0.58962
-1103.5,133,0.59029
-1131,133,0.59095
-1158.1,133,0.59161
-1184.9,133,0.59226
-1211.4,133,0.59291
-1237.7,133,0.59355
-1263.6,133,0.59418
-1289.3,133,0.59481
-1314.7,133,0.59544
-1339.8,133,0.59606
-1364.6,133,0.59667
-1389.2,133,0.59728
-1413.5,133,0.59789
-1437.6,133,0.59849
-1461.4,133,0.59908
-1484.9,133,0.59967
-1508.2,133,0.60026
-1531.2,133,0.60084
-1554,133,0.60141
-1576.6,133,0.60198
-1598.9,133,0.60255
-1621,133,0.60311
-1642.8,133,0.60367
-1664.4,133,0.60422
-1685.8,133,0.60476
-1707,133,0.6053
-1727.9,133,0.60584
-1748.6,133,0.60637
-1769.1,133,0.6069
-1789.4,133,0.60742
-1809.5,133,0.60794
-1829.4,133,0.60846
-1849,133,0.60897
-1868.5,133,0.60947
-1887.7,133,0.60997
-1906.8,133,0.61047
-1925.6,133,0.61096
-1944.3,133,0.61145
-1962.7,133,0.61193
-1981,133,0.61241
-1999.1,133,0.61289
-2016.9,133,0.61336
-2034.6,133,0.61383
-2052.2,133,0.61429
-2069.5,133,0.61475
-2086.7,133,0.6152
-2103.7,133,0.61565
-2120.5,133,0.6161
-2137.1,133,0.61654
-2153.6,133,0.61698
-2169.9,133,0.61742
-2186,133,0.61785
-2201.9,133,0.61827
-2217.7,133,0.6187
-2233.4,133,0.61912
-2248.8,133,0.61953
-2264.2,133,0.61995
-2279.3,133,0.62035
-2294.3,133,0.62076
-2309.2,133,0.62116
-2323.8,133,0.62156
-2338.4,133,0.62195
-2352.8,133,0.62234
-2367,133,0.62273
-2381.1,133,0.62311
-2395.1,133,0.62349
-2408.9,133,0.62387
-2422.6,133,0.62424
-2436.1,133,0.62461
-2449.5,133,0.62498
-2462.7,133,0.62534
-2475.8,133,0.6257
-2488.8,133,0.62606
-2501.6,133,0.62641
-2514.4,133,0.62676
-2526.9,133,0.62711
-2539.4,133,0.62746
-2551.7,133,0.6278
-2563.9,133,0.62813
-2576,133,0.62847
-2587.9,133,0.6288
-2599.7,133,0.62913
-2611.4,133,0.62945
-2623,133,0.62978
-2634.4,133,0.6301
-2645.8,133,0.63041
-2657,133,0.63073
-2668.1,133,0.63104
-2679.1,133,0.63135
-2689.9,133,0.63165
-2700.7,133,0.63195
-2711.3,133,0.63225
-2721.9,133,0.63255
-2732.3,133,0.63284
-2742.6,133,0.63314
-2752.8,133,0.63343
-2762.9,133,0.63371
-2772.8,133,0.63399
-2782.7,133,0.63428
-2792.5,133,0.63455
-2802.1,133,0.63483
-2811.7,133,0.6351
-2821.2,133,0.63537
-2830.5,133,0.63564
-2839.8,133,0.63591
-2848.9,133,0.63617
-2858,133,0.63643
-2867,133,0.63669
-2875.8,133,0.63694
-2884.6,133,0.6372
-2893.3,133,0.63745
-2901.8,133,0.6377
-2910.3,133,0.63794
-2918.7,133,0.63819
-2927,133,0.63843
-2935.2,133,0.63867
-2943.3,133,0.63891
-2951.3,133,0.63914
-2959.2,133,0.63937
-2967.1,133,0.6396
-2974.8,133,0.63983
-2982.5,133,0.64006
-2990.1,133,0.64028
-2997.6,133,0.64051
-3005,133,0.64073
-3012.3,133,0.64094
-3019.5,133,0.64116
-3026.7,133,0.64137
-3033.7,133,0.64158
-3040.7,133,0.64179
-3047.6,133,0.642
-3054.4,133,0.64221
-3061.2,133,0.64241
-3067.8,133,0.64261
-3074.4,133,0.64281
-3080.9,133,0.64301
-3087.3,133,0.64321
-3093.7,133,0.6434
-3099.9,133,0.6436
-3106.1,133,0.64379
-3112.2,133,0.64398
-3118.3,133,0.64416
-3124.2,133,0.64435
-3130.1,133,0.64453
-3135.9,133,0.64471
-3141.7,133,0.64489
-3147.3,133,0.64507
-3152.9,133,0.64525
-3158.5,133,0.64542
-3163.9,133,0.6456
-3169.3,133,0.64577
-3174.6,133,0.64594
-3179.8,133,0.64611
-3185,133,0.64627
-3190.1,133,0.64644
-3195.1,133,0.6466
-3200,133,0.64677
-3204.9,133,0.64693
-3209.8,133,0.64709
-3214.5,133,0.64724
-3219.2,133,0.6474
-3223.8,133,0.64755
-3228.4,133,0.64771
-3232.8,133,0.64786
-3237.3,133,0.64801
-3241.6,133,0.64816
-3245.9,133,0.6483
-3250.1,133,0.64845
-3254.3,133,0.64859
-3258.4,133,0.64874
-3262.4,133,0.64888
-3266.4,133,0.64902
-3270.3,133,0.64916
-3274.1,133,0.6493
-3277.9,133,0.64943
-3281.6,133,0.64957
-3285.3,133,0.6497
-3288.9,133,0.64983
-3292.4,133,0.64996
-3295.9,133,0.65009
-3299.3,133,0.65022
-3302.7,133,0.65035
-3306,133,0.65048
-3309.2,133,0.6506
-3312.4,133,0.65073
-3315.5,133,0.65085
-3318.5,133,0.65097
-3321.5,133,0.65109
-3324.5,133,0.65121
-3327.4,133,0.65133
-3330.2,133,0.65144
-3333,133,0.65156
-3335.7,133,0.65167
-3338.3,133,0.65179
-3340.9,133,0.6519
-3343.5,133,0.65201
-3346,133,0.65212
-3348.4,133,0.65223
-3350.8,133,0.65234
-3353.1,133,0.65244
-3355.3,133,0.65255
-3357.6,133,0.65265
-3359.7,133,0.65276
-3361.8,133,0.65286
-3363.9,133,0.65296
-3365.8,133,0.65306
-3367.8,133,0.65316
-3369.7,133,0.65326
-3371.5,133,0.65336
-3373.3,133,0.65346
-3375,133,0.65355
-3376.7,133,0.65365
-3378.3,133,0.65374
-3379.8,133,0.65384
-3381.3,133,0.65393
-3382.8,133,0.65402
-3384.2,133,0.65411
-3385.6,133,0.6542
-3386.9,133,0.65429
-3388.1,133,0.65438
-3389.3,133,0.65446
-3390.5,133,0.65455
-3391.6,133,0.65464
-3392.6,133,0.65472
-3393.6,133,0.6548
-3394.5,133,0.65489
-3395.4,133,0.65497
-3396.3,133,0.65505
-3397.1,133,0.65513
-3397.8,133,0.65521
-3398.5,133,0.65529
-3399.1,133,0.65537
-3399.7,133,0.65545
-3400.2,133,0.65552
-3400.7,133,0.6556
-3401.2,133,0.65567
-3401.6,133,0.65575
-3401.9,133,0.65582
-3402.2,133,0.6559
-3402.4,133,0.65597
-3402.6,133,0.65604
-3402.7,133,0.65611
-3402.8,133,0.65618
-3402.9,133,0.65625
-3402.9,133,0.65632
-3402.8,133,0.65639
-3402.7,133,0.65645
-3402.6,133,0.65652
-3402.4,133,0.65659
-3402.1,133,0.65665
-3401.8,133,0.65672
-3401.4,133,0.65678
-3401,133,0.65685
-3400.6,133,0.65691
-3400.1,133,0.65697
-3399.6,133,0.65703
-3399,133,0.65709
-3398.3,133,0.65715
-3397.6,133,0.65721
-3396.9,133,0.65727
-3396.1,133,0.65733
-3395.3,133,0.65739
-3394.4,133,0.65745
-3393.5,133,0.65751
-3392.5,133,0.65756
-3391.5,133,0.65762
-3390.4,133,0.65767
-3389.3,133,0.65773
-3388.1,133,0.65778
-3386.9,133,0.65784
-3385.6,133,0.65789
-3384.3,133,0.65794
-3382.9,133,0.65799
-3381.5,133,0.65805
-3380,133,0.6581
-3378.5,133,0.65815
-3377,133,0.6582
-3375.4,133,0.65825
-3373.7,133,0.6583
-3372,133,0.65835
-3370.3,133,0.65839
-3368.5,133,0.65844
-3366.6,133,0.65849
-3364.7,133,0.65854
-3362.8,133,0.65858
-3360.8,133,0.65863
-3358.7,133,0.65867
-3356.7,133,0.65872
-3354.5,133,0.65876
-3352.3,133,0.65881
-3350.1,133,0.65885
-3347.8,133,0.6589
-3345.5,133,0.65894
-3343.1,133,0.65898
-3340.7,133,0.65902
-3338.2,133,0.65906
-3335.7,133,0.65911
-3333.1,133,0.65915
-3330.5,133,0.65919
-3327.8,133,0.65923
-3325.1,133,0.65927
-3322.3,133,0.65931
-3319.5,133,0.65934
-3316.6,133,0.65938
-3313.7,133,0.65942
-3310.8,133,0.65946
-3307.7,133,0.6595
-3304.7,133,0.65953
-3301.6,133,0.65957
-3298.4,133,0.65961
-3295.2,133,0.65964
-3291.9,133,0.65968
-3288.6,133,0.65971
-3285.2,133,0.65975
-3281.8,133,0.65978
-3278.4,133,0.65982
-3274.8,133,0.65985
-3271.3,133,0.65988
-3267.7,133,0.65992
-3264,133,0.65995
-3260.3,133,0.65998
-3256.5,133,0.66001
-3252.7,133,0.66004
-3248.8,133,0.66008
-3244.9,133,0.66011
-3240.9,133,0.66014
-3236.9,133,0.66017
-3232.9,133,0.6602
-3228.7,133,0.66023
-3224.6,133,0.66026
-3220.3,133,0.66029
-3216.1,133,0.66032
-3211.7,133,0.66035
-3207.3,133,0.66038
-3202.9,133,0.6604
-3198.4,133,0.66043
-3193.9,133,0.66046
-3189.3,133,0.66049
-3184.6,133,0.66051
-3179.9,133,0.66054
-3175.2,133,0.66057
-3170.4,133,0.66059
-3165.5,133,0.66062
-3160.6,133,0.66065
-3155.7,133,0.66067
-3150.6,133,0.6607
-3145.6,133,0.66072
-3140.5,133,0.66075
-3135.3,133,0.66077
-3130,133,0.6608
-3124.8,133,0.66082
-3119.4,133,0.66084
-3114,133,0.66087
-3108.6,133,0.66089
-3103.1,133,0.66091
-3097.5,133,0.66094
-3091.9,133,0.66096
-3086.2,133,0.66098
-3080.5,133,0.661
-3074.7,133,0.66103
-3068.9,133,0.66105
-3063,133,0.66107
-3057,133,0.66109
-3051,133,0.66111
-3045,133,0.66113
-3038.8,133,0.66115
-3032.7,133,0.66117
-3026.4,133,0.66119
-3020.1,133,0.66121
-3013.8,133,0.66123
-3007.4,133,0.66125
-3000.9,133,0.66127
-2994.4,133,0.66129
-2987.8,133,0.66131
-2981.2,133,0.66133
-2974.5,133,0.66135
-2967.7,133,0.66137
-2960.9,133,0.66139
-2954,133,0.66141
-2947.1,133,0.66142
-2940.1,133,0.66144
-2933.1,133,0.66146
-2926,133,0.66148
-2918.8,133,0.66149
-2911.6,133,0.66151
-2904.3,133,0.66153
-2896.9,133,0.66155
-2889.5,133,0.66156
-2882,133,0.66158
-2874.5,133,0.66159
-2866.9,133,0.66161
-2859.2,133,0.66163
-2851.5,133,0.66164
-2843.8,133,0.66166
-2835.9,133,0.66167
-2828,133,0.66169
-2820,133,0.6617
-2812,133,0.66172
-2803.9,133,0.66173
-2795.8,133,0.66175
-2787.5,133,0.66176
-2779.3,133,0.66178
-2770.9,133,0.66179
-2762.5,133,0.66181
-2754,133,0.66182
-2745.5,133,0.66184
-2736.9,133,0.66185
-2728.2,133,0.66186
-2719.5,133,0.66188
-2710.7,133,0.66189
-2701.8,133,0.6619
-2692.9,133,0.66192
-2683.9,133,0.66193
-2674.9,133,0.66194
-2665.7,133,0.66195
-2656.6,133,0.66197
-2647.3,133,0.66198
-2638,133,0.66199
-2628.6,133,0.662
-2619.1,133,0.66202
-2609.6,133,0.66203
-2600,133,0.66204
-2590.4,133,0.66205
-2580.6,133,0.66206
-2570.8,133,0.66208
-2561,133,0.66209
-2551.1,133,0.6621
-2541.1,133,0.66211
-2531,133,0.66212
-2520.9,133,0.66213
-2510.7,133,0.66214
-2500.4,133,0.66215
-2490,133,0.66216
-2479.6,133,0.66217
-2469.2,133,0.66218
-2458.6,133,0.6622
-2448,133,0.66221
-2437.3,133,0.66222
-2426.5,133,0.66223
-2415.7,133,0.66224
-2404.8,133,0.66225
-2393.8,133,0.66226
-2382.8,133,0.66226
-2371.7,133,0.66227
-2360.5,133,0.66228
-2349.3,133,0.66229
-2337.9,133,0.6623
-2326.5,133,0.66231
-2315.1,133,0.66232
-2303.5,133,0.66233
-2291.9,133,0.66234
-2280.2,133,0.66235
-2268.5,133,0.66236
-2256.6,133,0.66236
-2244.7,133,0.66237
-2232.8,133,0.66238
-2220.7,133,0.66239
-2208.6,133,0.6624
-2196.4,133,0.66241
-2184.2,133,0.66241
-2171.8,133,0.66242
-2159.4,133,0.66243
-2146.9,133,0.66244
-2134.4,133,0.66245
-2121.8,133,0.66245
-2109.1,133,0.66246
-2096.3,133,0.66247
-2083.5,133,0.66248
-2070.5,133,0.66248
-2057.5,133,0.66249
-2044.5,133,0.6625
-2031.3,133,0.66251
-2018.1,133,0.66251
-2004.8,133,0.66252
-1991.5,133,0.66253
-1978.1,133,0.66253
-1964.6,133,0.66254
-1951,133,0.66255
-1937.3,133,0.66255
-1923.6,133,0.66256
-1909.8,133,0.66257
-1896,133,0.66257
-1882,133,0.66258
-1868,133,0.66259
-1853.9,133,0.66259
-1839.8,133,0.6626
-1825.5,133,0.66261
-1811.2,133,0.66261
-1796.8,133,0.66262
-1782.4,133,0.66262
-1767.9,133,0.66263
-1753.3,133,0.66264
-1738.6,133,0.66264
-1723.9,133,0.66265
-1709.1,133,0.66265
-1694.2,133,0.66266
-1679.3,133,0.66267
-1664.2,133,0.66267
-1649.1,133,0.66268
-1634,133,0.66268
-1618.8,133,0.66269
-1603.5,133,0.66269
-1588.1,133,0.6627
-1572.7,133,0.6627
-1557.1,133,0.66271
-1541.6,133,0.66271
-1525.9,133,0.66272
-1510.2,133,0.66272
-1494.4,133,0.66273
-1478.6,133,0.66273
-1462.7,133,0.66274
-1446.7,133,0.66274
-1430.6,133,0.66275
-1414.5,133,0.66275
-1398.3,133,0.66276
-1382.1,133,0.66276
-1365.8,133,0.66277
-1349.4,133,0.66277
-1333,133,0.66278
-1316.5,133,0.66278
-1299.9,133,0.66278
-1283.3,133,0.66279
-1266.6,133,0.66279
-1249.8,133,0.6628
-1233,133,0.6628
-1216.1,133,0.66281
-1199.2,133,0.66281
-1182.2,133,0.66281
-1165.2,133,0.66282
-1148.1,133,0.66282
-1130.9,133,0.66283
-1113.7,133,0.66283
-1096.4,133,0.66283
-1079.1,133,0.66284
-1061.7,133,0.66284
-1044.2,133,0.66285
-1026.7,133,0.66285
-1009.2,133,0.66285
-991.59,133,0.66286
-973.94,133,0.66286
-956.24,133,0.66286
-938.49,133,0.66287
-920.69,133,0.66287
-902.84,133,0.66288
-884.95,133,0.66288
-867.01,133,0.66288
-849.02,133,0.66289
-830.99,133,0.66289
-812.91,133,0.66289
-794.8,133,0.6629
-776.64,133,0.6629
-758.44,133,0.6629
-740.2,133,0.66291
-721.92,133,0.66291
-703.6,133,0.66291
-685.25,133,0.66291
-666.86,133,0.66292
-648.43,133,0.66292
-629.98,133,0.66292
-611.49,133,0.66293
-592.96,133,0.66293
-574.41,133,0.66293
-555.83,133,0.66294
-537.22,133,0.66294
-518.58,133,0.66294
-499.91,133,0.66294
-481.22,133,0.66295
-462.51,133,0.66295
-443.78,133,0.66295
-425.02,133,0.66296
-406.24,133,0.66296
-387.45,133,0.66296
-368.63,133,0.66296
-349.8,133,0.66297
-330.96,133,0.66297
-312.1,133,0.66297
-293.23,133,0.66297
-274.34,133,0.66298
-255.45,133,0.66298
-236.55,133,0.66298
-217.64,133,0.66298
-198.73,133,0.66299
-179.81,133,0.66299
-160.89,133,0.66299
-141.96,133,0.66299
-123.04,133,0.663
-104.12,133,0.663
-85.196,133,0.663
-66.279,133,0.663
-47.367,133,0.663
-28.462,133,0.66301
-9.5656,133,0.66301
9.3215,133,0.66301
28.198,133,0.66301
47.061,133,0.66301
65.91,133,0.66302
84.745,133,0.66302
103.56,133,0.66302
122.36,133,0.66302
141.14,133,0.66303
159.9,133,0.66303
178.63,133,0.66303
197.34,133,0.66303
216.02,133,0.66303
234.68,133,0.66303
253.31,133,0.66304
271.9,133,0.66304
290.47,133,0.66304
309,133,0.66304
327.5,133,0.66304
345.96,133,0.66305
364.38,133,0.66305
382.76,133,0.66305
401.1,133,0.66305
419.4,133,0.66305
437.65,133,0.66305
455.86,133,0.66306
474.02,133,0.66306
492.13,133,0.66306
510.2,133,0.66306
528.21,133,0.66306
546.16,133,0.66306
564.06,133,0.66307
581.91,133,0.66307
599.7,133,0.66307
617.43,133,0.66307
635.1,133,0.66307
652.7,133,0.66307
670.25,133,0.66308
687.73,133,0.66308
705.14,133,0.66308
722.48,133,0.66308
739.76,133,0.66308
756.96,133,0.66308
774.09,133,0.66308
791.15,133,0.66309
808.14,133,0.66309
825.04,133,0.66309
841.88,133,0.66309
858.63,133,0.66309
875.3,133,0.66309
891.89,133,0.66309
908.4,133,0.6631
924.82,133,0.6631
941.16,133,0.6631
957.41,133,0.6631
973.57,133,0.6631
989.64,133,0.6631
1005.6,133,0.6631
1021.5,133,0.6631
1037.3,133,0.66311
1053,133,0.66311
1068.6,133,0.66311
1084.2,133,0.66311
1099.6,133,0.66311
1114.9,133,0.66311
1130.1,133,0.66311
1145.2,133,0.66311
1160.2,133,0.66311
1175.2,133,0.66312
1190,133,0.66312
1204.7,133,0.66312
1219.3,133,0.66312
1233.8,133,0.66312
1248.2,133,0.66312
1262.4,133,0.66312
1276.6,133,0.66312
1290.7,133,0.66312
1304.6,133,0.66312
1318.4,133,0.66313
1332.2,133,0.66313
1345.8,133,0.66313
1359.3,133,0.66313
1372.6,133,0.66313
1385.9,133,0.66313
1399.1,133,0.66313
1412.1,133,0.66313
1425,133,0.66313
1437.8,133,0.66313
1450.5,133,0.66314
1463,133,0.66314
1475.4,133,0.66314
1487.8,133,0.66314
1499.9,133,0.66314
1512,133,0.66314
1524,133,0.66314
1535.8,133,0.66314
1547.5,133,0.66314
1559,133,0.66314
1570.5,133,0.66314
1581.8,133,0.66314
1593,133,0.66315
1604.1,133,0.66315
1615,133,0.66315
1625.8,133,0.66315
1636.5,133,0.66315
1647.1,133,0.66315
1657.5,133,0.66315
1667.8,133,0.66315
1678,133,0.66315
1688,133,0.66315
1698,133,0.66315
1707.8,133,0.66315
1717.4,133,0.66315
1727,133,0.66316
1736.4,133,0.66316
1745.6,133,0.66316
1754.8,133,0.66316
1763.8,133,0.66316
1772.7,133,0.66316
1781.4,133,0.66316
1790,133,0.66316
1798.5,133,0.66316
1806.9,133,0.66316
1815.1,133,0.66316
1823.2,133,0.66316
1831.2,133,0.66316
1839,133,0.66316
1846.8,133,0.66316
1854.3,133,0.66316
1861.8,133,0.66317
1869.1,133,0.66317
1876.3,133,0.66317
1883.4,133,0.66317
1890.3,133,0.66317
1897.1,133,0.66317
1903.8,133,0.66317
1910.3,133,0.66317
1916.7,133,0.66317
1923,133,0.66317
1929.2,133,0.66317
1935.2,133,0.66317
1941.1,133,0.66317
1946.9,133,0.66317
1952.6,133,0.66317
1958.1,133,0.66317
1963.5,133,0.66317
1968.8,133,0.66317
1973.9,133,0.66318
1978.9,133,0.66318
1983.8,133,0.66318
1988.6,133,0.66318
1993.2,133,0.66318
1997.8,133,0.66318
2002.2,133,0.66318
2006.4,133,0.66318
2010.6,133,0.66318
2014.6,133,0.66318
2018.5,133,0.66318
2022.3,133,0.66318
2026,133,0.66318
2029.5,133,0.66318
2032.9,133,0.66318
2036.2,133,0.66318
2039.4,133,0.66318
2042.5,133,0.66318
2045.4,133,0.66318
2048.3,133,0.66318
2051,133,0.66318
2053.6,133,0.66318
2056.1,133,0.66319
2058.4,133,0.66319
2060.7,133,0.66319
2062.8,133,0.66319
2064.8,133,0.66319
2066.7,133,0.66319
2068.5,133,0.66319
2070.2,133,0.66319
2071.8,133,0.66319
2073.3,133,0.66319
2074.6,133,0.66319
2075.8,133,0.66319
2077,133,0.66319
2078,133,0.66319
2078.9,133,0.66319
2079.7,133,0.66319
2080.4,133,0.66319
2081,133,0.66319
2081.5,133,0.66319
2081.9,133,0.66319
2082.2,133,0.66319
2082.4,133,0.66319
2082.4,133,0.66319
2082.4,133,0.66319
2082.3,133,0.66319
2082,133,0.66319
2081.7,133,0.66319
2081.3,133,0.66319
2080.7,133,0.66319
2080.1,133,0.6632
2079.4,133,0.6632
2078.6,133,0.6632
2077.7,133,0.6632
2076.6,133,0.6632
2075.5,133,0.6632
2074.3,133,0.6632
2073,133,0.6632
2071.6,133,0.6632
2070.2,133,0.6632
2068.6,133,0.6632
2066.9,133,0.6632
2065.2,133,0.6632
2063.3,133,0.6632
2061.4,133,0.6632
2059.4,133,0.6632
2057.3,133,0.6632
2055.1,133,0.6632
2052.8,133,0.6632
2050.5,133,0.6632
2048,133,0.6632
2045.5,133,0.6632
2042.9,133,0.6632
2040.2,133,0.6632
2037.4,133,0.6632
2034.6,133,0.6632
2031.6,133,0.6632
2028.6,133,0.6632
2025.5,133,0.6632
2022.4,133,0.6632
2019.1,133,0.6632
2015.8,133,0.6632
2012.4,133,0.6632
2008.9,133,0.6632
2005.4,133,0.6632
2001.8,133,0.6632
1998.1,133,0.6632
1994.3,133,0.6632
1990.5,133,0.6632
1986.6,133,0.6632
1982.6,133,0.66321
1978.6,133,0.66321
1974.5,133,0.66321
1970.3,133,0.66321
1966.1,133,0.66321
1961.8,133,0.66321
1957.4,133,0.66321
1952.9,133,0.66321
1948.4,133,0.66321
1943.9,133,0.66321
1939.3,133,0.66321
1934.6,133,0.66321
1929.8,133,0.66321
1925,133,0.66321
1920.1,133,0.66321
1915.2,133,0.66321
1910.2,133,0.66321
1905.2,133,0.66321
1900.1,133,0.66321
1894.9,133,0.66321
1889.7,133,0.66321
1884.5,133,0.66321
1879.1,133,0.66321
1873.8,133,0.66321
1868.3,133,0.66321
1862.9,133,0.66321
1857.3,133,0.66321
1851.8,133,0.66321
1846.1,133,0.66321
1840.5,133,0.66321
1834.7,133,0.66321
1829,133,0.66321
1823.2,133,0.66321
1817.3,133,0.66321
1811.4,133,0.66321
1805.4,133,0.66321
1799.4,133,0.66321
1793.4,133,0.66321
1787.3,133,0.66321
1781.2,133,0.66321
1775,133,0.66321
1768.8,133,0.66321
1762.5,133,0.66321
1756.3,133,0.66321
1749.9,133,0.66321
1743.6,133,0.66321
1737.2,133,0.66321
1730.7,133,0.66321
1724.2,133,0.66321
1717.7,133,0.66321
1711.2,133,0.66321
1704.6,133,0.66321
1698,133,0.66321
1691.3,133,0.66321
1684.6,133,0.66321
1677.9,133,0.66321
1671.2,133,0.66321
1664.4,133,0.66321
1657.6,133,0.66321
1650.8,133,0.66321
1643.9,133,0.66321
1637,133,0.66321
1630.1,133,0.66321
1623.1,133,0.66321
1616.1,133,0.66321
1609.1,133,0.66321
1602.1,133,0.66321
1595.1,133,0.66321
1588,133,0.66321
1580.9,133,0.66322
1573.7,133,0.66322
1566.6,133,0.66322
1559.4,133,0.66322
1552.2,133,0.66322
1545,133,0.66322
1537.8,133,0.66322
1530.5,133,0.66322
1523.3,133,0.66322
1516,133,0.66322
1508.7,133,0.66322
1501.3,133,0.66322
1494,133,0.66322
1486.6,133,0.66322
1479.2,133,0.66322
1471.9,133,0.66322
1464.4,133,0.66322
1457,133,0.66322
1449.6,133,0.66322
1442.1,133,0.66322
1434.7,133,0.66322
1427.2,133,0.66322
1419.7,133,0.66322
1412.2,133,0.66322
1404.7,133,0.66322
1397.1,133,0.66322
1389.6,133,0.66322
1382.1,133,0.66322
1374.5,133,0.66322
1366.9,133,0.66322
1359.4,133,0.66322
1351.8,133,0.66322
1344.2,133,0.66322
1336.6,133,0.66322
1329,133,0.66322
1321.4,133,0.66322
1313.8,133,0.66322
1306.1,133,0.66322
1298.5,133,0.66322
1290.9,133,0.66322
1283.2,133,0.66322
1275.6,133,0.66322
1268,133,0.66322
1260.3,133,0.66322
1252.7,133,0.66322
1245,133,0.66322
1237.3,133,0.66322
1229.7,133,0.66322
1222,133,0.66322
1214.4,133,0.66322
1206.7,133,0.66322
1199.1,133,0.66322
1191.4,133,0.66322
1183.7,133,0.66322
1176.1,133,0.66322
1168.4,133,0.66322
1160.8,133,0.66322
1153.1,133,0.66322
1145.5,133,0.66322
1137.8,133,0.66322
1130.2,133,0.66322
1122.5,133,0.66322
1114.9,133,0.66322
1107.3,133,0.66322
1099.6,133,0.66322
1092,133,0.66322
1084.4,133,0.66322
1076.8,133,0.66322
1069.2,133,0.66322
1061.6,133,0.66322
1054,133,0.66322
1046.4,133,0.66322
1038.8,133,0.66322
1031.2,133,0.66322
1023.7,133,0.66322
1016.1,133,0.66322
1008.6,133,0.66322
1001,133,0.66322
993.5,133,0.66322
985.97,133,0.66322
978.46,133,0.66322
970.95,133,0.66322
963.46,133,0.66322
955.97,133,0.66322
948.5,133,0.66322
941.03,133,0.66322
933.58,133,0.66322
926.13,133,0.66322
918.7,133,0.66322
911.28,133,0.66322
903.87,133,0.66322
896.47,133,0.66322
889.09,133,0.66322
881.71,133,0.66322
874.35,133,0.66322
867.01,133,0.66322
859.67,133,0.66322
852.35,133,0.66322
845.04,133,0.66322
837.75,133,0.66322
830.47,133,0.66322
823.2,133,0.66322
815.95,133,0.66322
808.72,133,0.66322
801.49,133,0.66322
794.29,133,0.66322
787.1,133,0.66322
779.92,133,0.66322
772.76,133,0.66322
765.61,133,0.66322
758.48,133,0.66322
751.37,133,0.66322
744.27,133,0.66322
737.19,133,0.66322
730.13,133,0.66322
723.08,133,0.66322
716.05,133,0.66322
709.04,133,0.66322
702.04,133,0.66322
695.06,133,0.66322
688.1,133,0.66322
681.16,133,0.66322
674.23,133,0.66322
667.32,133,0.66322
660.43,133,0.66322
653.56,133,0.66322
646.71,133,0.66322
639.88,133,0.66322
633.06,133,0.66322
626.26,133,0.66322
619.49,133,0.66322
612.73,133,0.66322
605.99,133,0.66322
599.27,133,0.66322
592.57,133,0.66322
585.89,133,0.66322
579.23,133,0.66322
572.59,133,0.66322
565.97,133,0.66322
559.36,133,0.66322
552.78,133,0.66322
546.22,133,0.66322
539.68,133,0.66322
533.16,133,0.66322
526.67,133,0.66322
520.19,133,0.66322
513.73,133,0.66322
507.29,133,0.66322
500.88,133,0.66322
494.48,133,0.66322
488.11,133,0.66322
481.76,133,0.66322
475.43,133,0.66322
469.12,133,0.66322
462.83,133,0.66322
456.57,133,0.66322
450.32,133,0.66322
444.1,133,0.66322
437.9,133,0.66322
431.72,133,0.66322
425.57,133,0.66322
419.44,133,0.66322
413.32,133,0.66322
407.23,133,0.66322
401.17,133,0.66322
395.12,133,0.66322
389.1,133,0.66322
383.1,133,0.66322
377.12,133,0.66322
371.17,133,0.66322
365.24,133,0.66322
359.33,133,0.66322
353.44,133,0.66322
347.58,133,0.66322
341.74,133,0.66322
335.92,133,0.66322
330.13,133,0.66322
324.36,133,0.66322
318.61,133,0.66322
312.88,133,0.66322
307.18,133,0.66322
301.5,133,0.66322
295.85,133,0.66322
290.22,133,0.66322
284.61,133,0.66322
279.03,133,0.66322
273.46,133,0.66322
267.93,133,0.66322
262.41,133,0.66322
256.92,133,0.66322
251.45,133,0.66322
246.01,133,0.66322
240.59,133,0.66322
235.2,133,0.66322
229.82,133,0.66322
224.48,133,0.66322
219.15,133,0.66322
213.85,133,0.66322
208.57,133,0.66322
203.32,133,0.66322
198.09,133,0.66322
192.89,133,0.66322
187.7,133,0.66322
182.55,133,0.66322
177.41,133,0.66322
172.3,133,0.66322
167.22,133,0.66322
162.16,133,0.66322
157.12,133,0.66322
152.11,133,0.66322
147.12,133,0.66322
142.15,133,0.66322
137.21,133,0.66322
132.29,133,0.66322
127.4,133,0.66322
122.53,133,0.66322
117.69,133,0.66322
112.87,133,0.66322
108.07,133,0.66322
103.3,133,0.66322
98.55,133,0.66322
93.826,133,0.66322
89.126,133,0.66322
84.45,133,0.66322
79.798,133,0.66322
75.171,133,0.66322
70.567,133,0.66322
65.988,133,0.66322
61.433,133,0.66322
56.902,133,0.66322
52.395,133,0.66322
47.912,133,0.66322
43.454,133,0.66322
39.019,133,0.66322
34.609,133,0.66322
30.222,133,0.66322
25.86,133,0.66322
21.522,133,0.66322
17.208,133,0.66322
12.918,133,0.66322
8.6515,133,0.66322
4.4095,133,0.66322
0.19154,133,0.66322
-4.0024,133,0.66322
-8.1724,133,0.66322
-12.318,133,0.66322
-16.44,133,0.66322
-20.538,133,0.66322
-24.612,133,0.66322
-28.663,133,0.66322
-32.689,133,0.66322
-36.691,133,0.66322
-40.67,133,0.66322
-44.624,133,0.66322
-48.555,133,0.66322
-52.462,133,0.66322
-56.345,133,0.66322
-60.205,133,0.66322
-64.04,133,0.66322
-67.852,133,0.66322
-71.64,133,0.66322
-75.405,133,0.66322
-79.145,133,0.66322
-82.862,133,0.66322
-86.556,133,0.66322
-90.226,133,0.66322
-93.872,133,0.66322
-97.495,133,0.66322
-101.09,133,0.66322
-104.67,133,0.66322
-108.22,133,0.66322
-111.75,133,0.66322
-115.26,133,0.66322
-118.74,133,0.66322
-122.2,133,0.66322
-125.63,133,0.66322
-129.04,133,0.66322
-132.43,133,0.66322
-135.8,133,0.66322
-139.14,133,0.66322
-142.46,133,0.66322
-145.75,133,0.66322
-149.03,133,0.66322
-152.28,133,0.66322
-155.5,133,0.66322
-158.71,133,0.66322
-161.89,133,0.66322
-165.04,133,0.66322
-168.18,133,0.66322
-171.29,133,0.66322
-174.38,133,0.66322
-177.44,133,0.66322
-180.49,133,0.66322
-183.51,133,0.66322
-186.5,133,0.66322
-189.48,133,0.66322
-192.43,133,0.66322
-195.36,133,0.66322
-198.27,133,0.66322
-201.15,133,0.66322
-204.01,133,0.66322
-206.85,133,0.66322
-209.67,133,0.66322
-212.46,133,0.66322
-215.23,133,0.66322
-217.98,133,0.66322
-220.71,133,0.66322
-223.41,133,0.66322
-226.09,133,0.66322
-228.76,133,0.66322
-231.39,133,0.66322
-234.01,133,0.66322
-236.6,133,0.66322
-239.17,133,0.66322
-241.72,133,0.66322
-244.25,133,0.66322
-246.76,133,0.66322
-249.24,133,0.66322
-251.7,133,0.66322
-254.14,133,0.66322
-256.56,133,0.66322
-258.96,133,0.66322
-261.33,133,0.66322
-263.69,133,0.66322
-266.02,133,0.66322
-268.33,133,0.66322
-270.62,133,0.66322
-272.88,133,0.66322
-275.13,133,0.66322
-277.35,133,0.66322
-279.56,133,0.66322
-281.74,133,0.66322
-283.9,133,0.66322
-286.04,133,0.66322
-288.15,133,0.66322
-290.25,133,0.66322
-292.33,133,0.66322
-294.38,133,0.66322
-296.41,133,0.66322
-298.43,133,0.66322
-300.42,133,0.66322
-302.39,133,0.66322
-304.34,133,0.66322
-306.27,133,0.66322
-308.17,133,0.66322
-310.06,133,0.66322
-311.93,133,0.66322
-313.77,133,0.66322
-315.6,133,0.66322
-317.41,133,0.66322
-319.19,133,0.66322
-320.95,133,0.66322
-322.7,133,0.66322
-324.42,133,0.66322
-326.12,133,0.66322
-327.81,133,0.66322
-329.47,133,0.66322
-331.11,133,0.66322
-332.73,133,0.66322
-334.34,133,0.66322
-335.92,133,0.66322
-337.48,133,0.66322
-339.02,133,0.66322
-340.55,133,0.66322
-342.05,133,0.66322
-343.53,133,0.66322
-344.99,133,0.66322
-346.44,133,0.66322
-347.86,133,0.66322
-349.26,133,0.66322
-350.65,133,0.66322
-352.01,133,0.66322
-353.36,133,0.66322
-354.69,133,0.66322
-355.99,133,0.66322
-357.28,133,0.66322
-358.55,133,0.66322
-359.8,133,0.66322
-361.03,133,0.66322
-362.24,133,0.66322
-363.43,133,0.66322
-364.6,133,0.66322
-365.76,133,0.66322
-366.89,133,0.66322
-368.01,133,0.66322
-369.1,133,0.66322
-370.18,133,0.66322
-371.24,133,0.66322
-372.28,133,0.66322
-373.31,133,0.66322
-374.31,133,0.66322
-375.3,133,0.66322
-376.26,133,0.66322
-377.21,133,0.66322
-378.14,133,0.66322
-379.05,133,0.66322
-379.95,133,0.66322
-380.82,133,0.66322
-381.68,133,0.66322
-382.52,133,0.66322
-383.34,133,0.66322
-384.14,133,0.66322
-384.93,133,0.66322
-385.7,133,0.66322
-386.45,133,0.66322
-387.18,133,0.66322
-387.89,133,0.66322
-388.59,133,0.66322
-389.27,133,0.66322
-389.93,133,0.66322
-390.57,133,0.66322
-391.2,133,0.66322
-391.81,133,0.66322
-392.4,133,0.66322
-392.97,133,0.66322
-393.53,133,0.66322
-394.07,133,0.66322
-394.59,133,0.66322
-395.1,133,0.66322
-395.59,133,0.66322
-396.06,133,0.66322
-396.51,133,0.66322
-396.95,133,0.66322
-397.37,133,0.66322
-397.78,133,0.66322
-398.16,133,0.66322
-398.53,133,0.66322
-398.89,133,0.66322
-399.23,133,0.66322
-399.55,133,0.66322
-399.85,133,0.66322
-400.14,133,0.66322
-400.41,133,0.66322
-400.67,133,0.66322
-400.91,133,0.66322
-401.13,133,0.66322
-401.34,133,0.66322
-401.53,133,0.66322
-401.71,133,0.66322
-401.86,133,0.66322
-402.01,133,0.66322
-402.14,133,0.66322
-402.25,133,0.66322
-402.34,133,0.66322
-402.42,133,0.66322
-402.49,133,0.66322
-402.54,133,0.66322
-402.57,133,0.66323
-402.59,133,0.66323
-402.59,133,0.66323
-402.58,133,0.66323
-402.56,133,0.66323
-402.51,133,0.66323
-402.45,133,0.66323
-402.38,133,0.66323
-402.29,133,0.66323
-402.19,133,0.66323
-402.07,133,0.66323
-401.94,133,0.66323
-401.79,133,0.66323
-401.63,133,0.66323
-401.46,133,0.66323
-401.26,133,0.66323
-401.06,133,0.66323
-400.84,133,0.66323
-400.6,133,0.66323
-400.35,133,0.66323
-400.09,133,0.66323
-399.81,133,0.66323
-399.52,133,0.66323
-399.22,133,0.66323
-398.89,133,0.66323
-398.56,133,0.66323
-398.21,133,0.66323
-397.85,133,0.66323
-397.48,133,0.66323
-397.09,133,0.66323
-396.68,133,0.66323
-396.27,133,0.66323
-395.83,133,0.66323
-395.39,133,0.66323
-394.93,133,0.66323
-394.46,133,0.66323
-393.98,133,0.66323
-393.48,133,0.66323
-392.97,133,0.66323
-392.45,133,0.66323
-391.91,133,0.66323
-391.36,133,0.66323
-390.79,133,0.66323
-390.22,133,0.66323
-389.63,133,0.66323
-389.03,133,0.66323
-388.41,133,0.66323
-387.79,133,0.66323
-387.15,133,0.66323
-386.49,133,0.66323
-385.83,133,0.66323
-385.15,133,0.66323
-384.46,133,0.66323
-383.76,133,0.66323
-383.05,133,0.66323
-382.32,133,0.66323
-381.58,133,0.66323
-380.83,133,0.66323
-380.07,133,0.66323
-379.29,133,0.66323
-378.51,133,0.66323
-377.71,133,0.66323
-376.9,133,0.66323
-376.08,133,0.66323
-375.25,133,0.66323
-374.4,133,0.66323
-373.54,133,0.66323
-372.68,133,0.66323
-371.8,133,0.66323
-370.91,133,0.66323
-370.01,133,0.66323
-369.09,133,0.66323
-368.17,133,0.66323
-367.24,133,0.66323
-366.29,133,0.66323
-365.33,133,0.66323
-364.37,133,0.66323
-363.39,133,0.66323
-362.4,133,0.66323
-361.4,133,0.66323
-360.39,133,0.66323
-359.37,133,0.66323
-358.34,133,0.66323
-357.3,133,0.66323
-356.25,133,0.66323
-355.18,133,0.66323
-354.11,133,0.66323
-353.03,133,0.66323
-351.94,133,0.66323
-350.84,133,0.66323
-349.72,133,0.66323
-348.6,133,0.66323
-347.47,133,0.66323
-346.33,133,0.66323
-345.18,133,0.66323
-344.02,133,0.66323
-342.85,133,0.66323
-341.67,133,0.66323
-340.48,133,0.66323
-339.28,133,0.66323
-338.07,133,0.66323
-336.86,133,0.66323
-335.63,133,0.66323
-334.4,133,0.66323
-333.15,133,0.66323
-331.9,133,0.66323
-330.64,133,0.66323
-329.37,133,0.66323
-328.09,133,0.66323
-326.8,133,0.66323
-325.5,133,0.66323
-324.2,133,0.66323
-322.89,133,0.66323
-321.56,133,0.66323
-320.23,133,0.66323
-318.9,133,0.66323
-317.55,133,0.66323
-316.2,133,0.66323
-314.83,133,0.66323
-313.46,133,0.66323
-312.09,133,0.66323
-310.7,133,0.66323
-309.31,133,0.66323
-307.9,133,0.66323
-306.5,133,0.66323
-305.08,133,0.66323
-303.65,133,0.66323
-302.22,133,0.66323
-300.78,133,0.66323
-299.34,133,0.66323
-297.88,133,0.66323
-296.42,133,0.66323
-294.96,133,0.66323
-293.48,133,0.66323
-292,133,0.66323
-290.51,133,0.66323
-289.02,133,0.66323
-287.52,133,0.66323
-286.01,133,0.66323
-284.49,133,0.66323
-282.97,133,0.66323
-281.44,133,0.66323
-279.91,133,0.66323
-278.37,133,0.66323
-276.82,133,0.66323
-275.27,133,0.66323
-273.71,133,0.66323
-272.15,133,0.66323
-270.57,133,0.66323
-269,133,0.66323
-267.41,133,0.66323
-265.83,133,0.66323
-264.23,133,0.66323
-262.63,133,0.66323
-261.03,133,0.66323
-259.42,133,0.66323
-257.8,133,0.66323
-256.18,133,0.66323
-254.55,133,0.66323
-252.92,133,0.66323
-251.28,133,0.66323
-249.64,133,0.66323
-248,133,0.66323
-246.34,133,0.66323
-244.69,133,0.66323
-243.03,133,0.66323
-241.36,133,0.66323
-239.69,133,0.66323
-238.01,133,0.66323
-236.33,133,0.66323
-234.65,133,0.66323
-232.96,133,0.66323
-231.27,133,0.66323
-229.57,133,0.66323
-227.87,133,0.66323
-226.16,133,0.66323
-224.46,133,0.66323
-222.74,133,0.66323
-221.03,133,0.66323
-219.3,133,0.66323
-217.58,133,0.66323
-215.85,133,0.66323
-214.12,133,0.66323
-212.39,133,0.66323
-210.65,133,0.66323
-208.9,133,0.66323
-207.16,133,0.66323
-205.41,133,0.66323
-203.66,133,0.66323
-201.9,133,0.66323
-200.15,133,0.66323
-198.39,133,0.66323
-196.62,133,0.66323
-194.86,133,0.66323
-193.09,133,0.66323
-191.31,133,0.66323
-189.54,133,0.66323
-187.76,133,0.66323
-185.98,133,0.66323
-184.2,133,0.66323
-182.42,133,0.66323
-180.63,133,0.66323
-178.84,133,0.66323
-177.05,133,0.66323
-175.26,133,0.66323
-173.46,133,0.66323
-171.67,133,0.66323
-169.87,133,0.66323
-168.07,133,0.66323
-166.26,133,0.66323
-164.46,133,0.66323
-162.65,133,0.66323
-160.85,133,0.66323
-159.04,133,0.66323
-157.23,133,0.66323
-155.42,133,0.66323
-153.61,133,0.66323
-151.79,133,0.66323
-149.98,133,0.66323
-148.16,133,0.66323
-146.34,133,0.66323
-144.53,133,0.66323
-142.71,133,0.66323
-140.89,133,0.66323
-139.07,133,0.66323
-137.25,133,0.66323
-135.43,133,0.66323
-133.61,133,0.66323
-131.78,133,0.66323
-129.96,133,0.66323
-128.14,133,0.66323
-126.31,133,0.66323
-124.49,133,0.66323
-122.67,133,0.66323
-120.84,133,0.66323
-119.02,133,0.66323
-117.2,133,0.66323
-115.37,133,0.66323
-113.55,133,0.66323
-111.73,133,0.66323
-109.9,133,0.66323
-108.08,133,0.66323
-106.26,133,0.66323
-104.44,133,0.66323
-102.62,133,0.66323
-100.8,133,0.66323
-98.976,133,0.66323
-97.157,133,0.66323
-95.339,133,0.66323
-93.522,133,0.66323
-91.706,133,0.66323
-89.891,133,0.66323
-88.076,133,0.66323
-86.263,133,0.66323
-84.451,133,0.66323
-82.641,133,0.66323
-80.832,133,0.66323
-79.024,133,0.66323
-77.217,133,0.66323
-75.412,133,0.66323
-73.609,133,0.66323
-71.807,133,0.66323
-70.007,133,0.66323
-68.208,133,0.66323
-66.411,133,0.66323
-64.616,133,0.66323
-62.824,133,0.66323
-61.033,133,0.66323
-59.244,133,0.66323
-57.457,133,0.66323
-55.672,133,0.66323
-53.889,133,0.66323
-52.109,133,0.66323
-50.331,133,0.66323
-48.555,133,0.66323
-46.782,133,0.66323
-45.011,133,0.66323
-43.243,133,0.66323
-41.477,133,0.66323
-39.714,133,0.66323
-37.954,133,0.66323
-36.196,133,0.66323
-34.442,133,0.66323
-32.69,133,0.66323
-30.941,133,0.66323
-29.195,133,0.66323
-27.452,133,0.66323
-25.712,133,0.66323
-23.975,133,0.66323
-22.242,133,0.66323
-20.511,133,0.66323
-18.784,133,0.66323
-17.06,133,0.66323
-15.34,133,0.66323
-13.623,133,0.66323
-11.91,133,0.66323
-10.2,133,0.66323
-8.4937,133,0.66323
-6.7911,133,0.66323
-5.0922,133,0.66323
-3.3971,133,0.66323
-1.7057,133,0.66323
-0.01821,133,0.66323
1.6654,133,0.66323
3.3451,133,0.66323
5.0207,133,0.66323
6.6924,133,0.66323
8.3599,133,0.66323
10.023,133,0.66323
11.683,133,0.66323
13.338,133,0.66323
14.988,133,0.66323
16.635,133,0.66323
18.277,133,0.66323
19.914,133,0.66323
21.547,133,0.66323
23.176,133,0.66323
24.8,133,0.66323
26.42,133,0.66323
28.034,133,0.66323
29.645,133,0.66323
31.25,133,0.66323
32.851,133,0.66323
34.446,133,0.66323
36.037,133,0.66323
37.623,133,0.66323
39.205,133,0.66323
40.781,133,0.66323
42.352,133,0.66323
43.918,133,0.66323
45.479,133,0.66323
47.035,133,0.66323
48.585,133,0.66323
50.131,133,0.66323
51.671,133,0.66323
53.206,133,0.66323
54.735,133,0.66323
56.259,133,0.66323
57.778,133,0.66323
59.291,133,0.66323
60.799,133,0.66323
62.301,133,0.66323
63.798,133,0.66323
65.289,133,0.66323
66.774,133,0.66323
68.254,133,0.66323
69.728,133,0.66323
71.196,133,0.66323
72.658,133,0.66323
74.115,133,0.66323
75.566,133,0.66323
77.011,133,0.66323
78.45,133,0.66323
79.883,133,0.66323
81.31,133,0.66323
82.731,133,0.66323
84.146,133,0.66323
85.554,133,0.66323
86.957,133,0.66323
88.354,133,0.66323
89.744,133,0.66323
91.129,133,0.66323
92.507,133,0.66323
93.878,133,0.66323
95.244,133,0.66323
96.603,133,0.66323
97.956,133,0.66323
99.302,133,0.66323
100.64,133,0.66323
101.98,133,0.66323
103.3,133,0.66323
104.62,133,0.66323
105.94,133,0.66323
107.25,133,0.66323
108.55,133,0.66323
109.84,133,0.66323
111.13,133,0.66323
112.41,133,0.66323
113.68,133,0.66323
114.95,133,0.66323
116.21,133,0.66323
117.47,133,0.66323
118.72,133,0.66323
119.96,133,0.66323
121.19,133,0.66323
122.42,133,0.66323
123.64,133,0.66323
124.85,133,0.66323
126.06,133,0.66323
127.26,133,0.66323
128.45,133,0.66323
129.64,133,0.66323
130.82,133,0.66323
131.99,133,0.66323
133.15,133,0.66323
134.31,133,0.66323
135.46,133,0.66323
136.61,133,0.66323
137.74,133,0.66323
138.87,133,0.66323
140,133,0.66323
141.11,133,0.66323
142.22,133,0.66323
143.32,133,0.66323
144.42,133,0.66323
145.5,133,0.66323
146.58,133,0.66323
147.66,133,0.66323
148.72,133,0.66323
149.78,133,0.66323
150.83,133,0.66323
151.87,133,0.66323
152.91,133,0.66323
153.94,133,0.66323
154.96,133,0.66323
155.98,133,0.66323
156.98,133,0.66323
157.98,133,0.66323
158.98,133,0.66323
159.96,133,0.66323
160.94,133,0.66323
161.91,133,0.66323
162.87,133,0.66323
163.83,133,0.66323
164.78,133,0.66323
165.72,133,0.66323
166.65,133,0.66323
167.58,133,0.66323
168.5,133,0.66323
169.41,133,0.66323
170.31,133,0.66323
171.21,133,0.66323
172.1,133,0.66323
172.98,133,0.66323
173.85,133,0.66323
174.72,133,0.66323
175.58,133,0.66323
176.43,133,0.66323
177.28,133,0.66323
178.11,133,0.66323
178.94,133,0.66323
179.77,133,0.66323
180.58,133,0.66323
181.39,133,0.66323
182.19,133,0.66323
182.98,133,0.66323
183.77,133,0.66323
184.54,133,0.66323
185.31,133,0.66323
186.07,133,0.66323
186.83,133,0.66323
187.58,133,0.66323
188.32,133,0.66323
189.05,133,0.66323
189.78,133,0.66323
190.49,133,0.66323
191.2,133,0.66323
191.91,133,0.66323
192.6,133,0.66323
193.29,133,0.66323
193.97,133,0.66323
194.64,133,0.66323
195.31,133,0.66323
195.97,133,0.66323
196.62,133,0.66323
197.26,133,0.66323
197.9,133,0.66323
198.53,133,0.66323
199.15,133,0.66323
199.76,133,0.66323
200.37,133,0.66323
200.97,133,0.66323
201.56,133,0.66323
202.14,133,0.66323
202.72,133,0.66323
203.29,133,0.66323
203.85,133,0.66323
204.41,133,0.66323
204.95,133,0.66323
205.49,133,0.66323
206.03,133,0.66323
206.55,133,0.66323
207.07,133,0.66323
207.58,133,0.66323
208.09,133,0.66323
208.58,133,0.66323
209.07,133,0.66323
209.55,133,0.66323
210.03,133,0.66323
210.5,133,0.66323
210.96,133,0.66323
211.41,133,0.66323
211.86,133,0.66323
212.3,133,0.66323
212.73,133,0.66323
213.15,133,0.66323
213.57,133,0.66323
213.98,133,0.66323
214.38,133,0.66323
214.78,133,0.66323
215.17,133,0.66323
215.55,133,0.66323
215.93,133,0.66323
216.3,133,0.66323
216.66,133,0.66323
217.01,133,0.66323
217.36,133,0.66323
217.7,133,0.66323
218.03,133,0.66323
218.36,133,0.66323
218.68,133,0.66323
218.99,133,0.66323
219.3,133,0.66323
219.6,133,0.66323
219.89,133,0.66323
220.18,133,0.66323
220.46,133,0.66323
220.73,133,0.66323
220.99,133,0.66323
221.25,133,0.66323
221.51,133,0.66323
221.75,133,0.66323
221.99,133,0.66323
222.22,133,0.66323
222.45,133,0.66323
222.67,133,0.66323
222.88,133,0.66323
223.08,133,0.66323
223.28,133,0.66323
223.47,133,0.66323
223.66,133,0.66323
223.84,133,0.66323
224.01,133,0.66323
224.18,133,0.66323
224.34,133,0.66323
224.49,133,0.66323
224.64,133,0.66323
224.78,133,0.66323
224.92,133,0.66323
225.05,133,0.66323
225.17,133,0.66323
225.28,133,0.66323
225.39,133,0.66323
225.5,133,0.66323
225.6,133,0.66323
225.69,133,0.66323
225.77,133,0.66323
225.85,133,0.66323
225.92,133,0.66323
225.99,133,0.66323
226.05,133,0.66323
226.11,133,0.66323
226.15,133,0.66323
226.2,133,0.66323
226.23,133,0.66323
226.26,133,0.66323
226.29,133,0.66323
226.31,133,0.66323
226.32,133,0.66323
226.33,133,0.66323
226.33,133,0.66323
226.33,133,0.66323
226.32,133,0.66323
226.3,133,0.66323
226.28,133,0.66323
226.25,133,0.66323
226.22,133,0.66323
226.18,133,0.66323
226.14,133,0.66323
226.09,133,0.66323
226.04,133,0.66323
225.98,133,0.66323
225.91,133,0.66323
225.84,133,0.66323
225.76,133,0.66323
225.68,133,0.66323
225.59,133,0.66323
225.5,133,0.66323
225.4,133,0.66323
225.3,133,0.66323
225.19,133,0.66323
225.08,133,0.66323
224.96,133,0.66323
224.84,133,0.66323
224.71,133,0.66323
224.57,133,0.66323
224.43,133,0.66323
224.29,133,0.66323
224.14,133,0.66323
223.99,133,0.66323
223.83,133,0.66323
223.66,133,0.66323
223.49,133,0.66323
223.32,133,0.66323
223.14,133,0.66323
222.96,133,0.66323
222.77,133,0.66323
222.58,133,0.66323
222.38,133,0.66323
222.17,133,0.66323
221.97,133,0.66323
221.76,133,0.66323
221.54,133,0.66323
221.32,133,0.66323
221.09,133,0.66323
220.86,133,0.66323
220.63,133,0.66323
220.39,133,0.66323
220.15,133,0.66323
219.9,133,0.66323
219.65,133,0.66323
219.39,133,0.66323
219.13,133,0.66323
218.86,133,0.66323
218.59,133,0.66323
218.32,133,0.66323
218.04,133,0.66323
217.76,133,0.66323
217.47,133,0.66323
217.18,133,0.66323
216.89,133,0.66323
216.59,133,0.66323
216.29,133,0.66323
215.98,133,0.66323
215.67,133,0.66323
215.36,133,0.66323
215.04,133,0.66323
214.72,133,0.66323
214.39,133,0.66323
214.06,133,0.66323
213.73,133,0.66323
213.39,133,0.66323
213.05,133,0.66323
212.71,133,0.66323
212.36,133,0.66323
212.01,133,0.66323
211.65,133,0.66323
211.29,133,0.66323
210.93,133,0.66323
210.57,133,0.66323
210.2,133,0.66323
209.83,133,0.66323
209.45,133,0.66323
209.07,133,0.66323
208.69,133,0.66323
208.3,133,0.66323
207.91,133,0.66323
207.52,133,0.66323
207.12,133,0.66323
206.73,133,0.66323
206.32,133,0.66323
205.92,133,0.66323
205.51,133,0.66323
205.1,133,0.66323
204.68,133,0.66323
204.27,133,0.66323
203.85,133,0.66323
203.42,133,0.66323
203,133,0.66323
202.57,133,0.66323
202.14,133,0.66323
201.7,133,0.66323
201.27,133,0.66323
200.83,133,0.66323
200.38,133,0.66323
199.94,133,0.66323
199.49,133,0.66323
199.04,133,0.66323
198.59,133,0.66323
198.13,133,0.66323
197.67,133,0.66323
197.21,133,0.66323
196.75,133,0.66323
196.28,133,0.66323
195.81,133,0.66323
195.34,133,0.66323
194.87,133,0.66323
194.39,133,0.66323
193.92,133,0.66323
193.44,133,0.66323
192.95,133,0.66323
192.47,133,0.66323
191.98,133,0.66323
191.49,133,0.66323
191,133,0.66323
190.51,133,0.66323
190.01,133,0.66323
189.52,133,0.66323
189.02,133,0.66323
188.52,133,0.66323
188.01,133,0.66323
187.51,133,0.66323
187,133,0.66323
186.49,133,0.66323
185.98,133,0.66323
185.47,133,0.66323
184.96,133,0.66323
184.44,133,0.66323
183.92,133,0.66323
183.4,133,0.66323
182.88,133,0.66323
182.36,133,0.66323
181.83,133,0.66323
181.31,133,0.66323
180.78,133,0.66323
180.25,133,0.66323
179.72,133,0.66323
179.19,133,0.66323
178.66,133,0.66323
178.12,133,0.66323
177.59,133,0.66323
177.05,133,0.66323
176.51,133,0.66323
175.97,133,0.66323
175.43,133,0.66323
174.88,133,0.66323
174.34,133,0.66323
173.8,133,0.66323
173.25,133,0.66323
172.7,133,0.66323
172.15,133,0.66323
171.6,133,0.66323
171.05,133,0.66323
170.5,133,0.66323
169.95,133,0.66323
169.39,133,0.66323
168.84,133,0.66323
168.28,133,0.66323
167.73,133,0.66323
167.17,133,0.66323
166.61,133,0.66323
166.05,133,0.66323
165.49,133,0.66323
164.93,133,0.66323
164.37,133,0.66323
163.81,133,0.66323
163.25,133,0.66323
162.68,133,0.66323
162.12,133,0.66323
161.55,133,0.66323
160.99,133,0.66323
160.42,133,0.66323
159.86,133,0.66323
159.29,133,0.66323
158.72,133,0.66323
158.15,133,0.66323
157.58,133,0.66323
157.01,133,0.66323
156.45,133,0.66323
155.88,133,0.66323
155.31,133,0.66323
154.74,133,0.66323
154.16,133,0.66323
153.59,133,0.66323
153.02,133,0.66323
152.45,133,0.66323
151.88,133,0.66323
151.31,133,0.66323
150.73,133,0.66323
150.16,133,0.66323
149.59,133,0.66323
149.02,133,0.66323
148.44,133,0.66323
147.87,133,0.66323
147.3,133,0.66323
146.73,133,0.66323
146.15,133,0.66323
145.58,133,0.66323
145.01,133,0.66323
144.43,133,0.66323
143.86,133,0.66323
143.29,133,0.66323
142.72,133,0.66323
142.15,133,0.66323
141.57,133,0.66323
141,133,0.66323
140.43,133,0.66323
139.86,133,0.66323
139.29,133,0.66323
138.72,133,0.66323
138.15,133,0.66323
137.58,133,0.66323
137.01,133,0.66323
136.44,133,0.66323
135.87,133,0.66323
135.3,133,0.66323
134.73,133,0.66323
134.16,133,0.66323
133.6,133,0.66323
133.03,133,0.66323
132.46,133,0.66323
131.9,133,0.66323
131.33,133,0.66323
130.77,133,0.66323
130.2,133,0.66323
129.64,133,0.66323
129.08,133,0.66323
128.51,133,0.66323
127.95,133,0.66323
127.39,133,0.66323
126.83,133,0.66323
126.27,133,0.66323
125.71,133,0.66323
125.15,133,0.66323
124.6,133,0.66323
124.04,133,0.66323
123.48,133,0.66323
122.93,133,0.66323
122.38,133,0.66323
121.82,133,0.66323
121.27,133,0.66323
120.72,133,0.66323
120.17,133,0.66323
119.62,133,0.66323
119.07,133,0.66323
118.52,133,0.66323
117.97,133,0.66323
117.43,133,0.66323
116.88,133,0.66323
116.34,133,0.66323
115.8,133,0.66323
115.25,133,0.66323
114.71,133,0.66323
114.17,133,0.66323
113.64,133,0.66323
113.1,133,0.66323
112.56,133,0.66323
112.03,133,0.66323
111.49,133,0.66323
110.96,133,0.66323
110.43,133,0.66323
109.9,133,0.66323
109.37,133,0.66323
108.84,133,0.66323
108.31,133,0.66323
107.79,133,0.66323
107.26,133,0.66323
106.74,133,0.66323
106.22,133,0.66323
105.7,133,0.66323
105.18,133,0.66323
104.66,133,0.66323
104.14,133,0.66323
103.63,133,0.66323
103.11,133,0.66323
102.6,133,0.66323
102.09,133,0.66323
101.58,133,0.66323
101.07,133,0.66323
100.57,133,0.66323
100.06,133,0.66323
99.558,133,0.66323
99.056,133,0.66323
98.555,133,0.66323
98.055,133,0.66323
97.558,133,0.66323
97.061,133,0.66323
96.567,133,0.66323
96.073,133,0.66323
95.582,133,0.66323
95.092,133,0.66323
94.603,133,0.66323
94.116,133,0.66323
93.631,133,0.66323
93.147,133,0.66323
92.665,133,0.66323
92.184,133,0.66323
91.705,133,0.66323
91.228,133,0.66323
90.753,133,0.66323
90.279,133,0.66323
89.807,133,0.66323
89.336,133,0.66323
88.867,133,0.66323
88.4,133,0.66323
87.935,133,0.66323
87.471,133,0.66323
87.009,133,0.66323
86.549,133,0.66323
86.091,133,0.66323
85.634,133,0.66323
85.179,133,0.66323
84.726,133,0.66323
84.275,133,0.66323
83.826,133,0.66323
83.378,133,0.66323
82.932,133,0.66323
82.488,133,0.66323
82.046,133,0.66323
81.606,133,0.66323
81.167,133,0.66323
80.73,133,0.66323
80.296,133,0.66323
79.863,133,0.66323
79.432,133,0.66323
79.002,133,0.66323
78.575,133,0.66323
78.15,133,0.66323
77.726,133,0.66323
77.305,133,0.66323
76.885,133,0.66323
76.468,133,0.66323
76.052,133,0.66323
75.638,133,0.66323
75.226,133,0.66323
74.816,133,0.66323
74.408,133,0.66323
74.002,133,0.66323
73.598,133,0.66323
73.196,133,0.66323
72.796,133,0.66323
72.398,133,0.66323
72.002,133,0.66323
71.608,133,0.66323
71.216,133,0.66323
70.826,133,0.66323
70.438,133,0.66323
70.052,133,0.66323
69.668,133,0.66323
69.286,133,0.66323
68.906,133,0.66323
68.528,133,0.66323
68.152,133,0.66323
67.778,133,0.66323
67.407,133,0.66323
67.037,133,0.66323
66.669,133,0.66323
66.304,133,0.66323
65.94,133,0.66323
65.579,133,0.66323
65.219,133,0.66323
64.862,133,0.66323
64.507,133,0.66323
64.154,133,0.66323
63.803,133,0.66323
63.454,133,0.66323
63.107,133,0.66323
62.762,133,0.66323
62.419,133,0.66323
62.079,133,0.66323
61.74,133,0.66323
61.404,133,0.66323
61.07,133,0.66323
60.738,133,0.66323
60.408,133,0.66323
60.08,133,0.66323
59.754,133,0.66323
59.431,133,0.66323
59.109,133,0.66323
58.79,133,0.66323
58.473,133,0.66323
58.157,133,0.66323
57.844,133,0.66323
57.534,133,0.66323
57.225,133,0.66323
56.918,133,0.66323
56.614,133,0.66323
56.312,133,0.66323
56.012,133,0.66323
55.714,133,0.66323
55.418,133,0.66323
55.124,133,0.66323
54.832,133,0.66323
54.543,133,0.66323
54.256,133,0.66323
53.971,133,0.66323
53.688,133,0.66323
53.407,133,0.66323
53.128,133,0.66323
52.852,133,0.66323
52.577,133,0.66323
52.305,133,0.66323
52.035,133,0.66323
51.767,133,0.66323
51.501,133,0.66323
51.237,133,0.66323
50.976,133,0.66323
50.717,133,0.66323
50.459,133,0.66323
50.204,133,0.66323
49.951,133,0.66323
49.701,133,0.66323
49.452,133,0.66323
49.206,133,0.66323
48.961,133,0.66323
48.719,133,0.66323
48.479,133,0.66323
48.241,133,0.66323
48.005,133,0.66323
47.772,133,0.66323
47.54,133,0.66323
47.311,133,0.66323
47.084,133,0.66323
46.858,133,0.66323
46.635,133,0.66323
46.415,133,0.66323
46.196,133,0.66323
45.979,133,0.66323
45.765,133,0.66323
45.552,133,0.66323
45.342,133,0.66323
45.134,133,0.66323
44.928,133,0.66323
44.724,133,0.66323
44.522,133,0.66323
44.322,133,0.66323
44.125,133,0.66323
43.929,133,0.66323
43.736,133,0.66323
43.545,133,0.66323
43.355,133,0.66323
43.168,133,0.66323
42.983,133,0.66323
42.8,133,0.66323
42.619,133,0.66323
42.441,133,0.66323
42.264,133,0.66323
42.089,133,0.66323
41.917,133,0.66323
41.746,133,0.66323
41.578,133,0.66323
41.411,133,0.66323
41.247,133,0.66323
41.084,133,0.66323
40.924,133,0.66323
40.766,133,0.66323
40.61,133,0.66323
40.456,133,0.66323
40.303,133,0.66323
40.153,133,0.66323
40.005,133,0.66323
39.859,133,0.66323
39.715,133,0.66323
39.573,133,0.66323
39.433,133,0.66323
39.295,133,0.66323
39.159,133,0.66323
39.025,133,0.66323
38.893,133,0.66323
38.763,133,0.66323
38.635,133,0.66323
38.509,133,0.66323
38.385,133,0.66323
38.263,133,0.66323
38.142,133,0.66323
38.024,133,0.66323
37.908,133,0.66323
37.793,133,0.66323
37.681,133,0.66323
37.571,133,0.66323
37.462,133,0.66323
37.355,133,0.66323
37.251,133,0.66323
37.148,133,0.66323
37.047,133,0.66323
36.948,133,0.66323
36.851,133,0.66323
36.756,133,0.66323
36.663,133,0.66323
36.571,133,0.66323
36.482,133,0.66323
36.394,133,0.66323
36.308,133,0.66323
36.224,133,0.66323
36.142,133,0.66323
36.062,133,0.66323
35.984,133,0.66323
35.907,133,0.66323
35.833,133,0.66323
35.76,133,0.66323
35.689,133,0.66323
35.62,133,0.66323
35.552,133,0.66323
35.487,133,0.66323
35.423,133,0.66323
35.361,133,0.66323
35.3,133,0.66323
35.242,133,0.66323
35.185,133,0.66323
35.13,133,0.66323
35.077,133,0.66323
35.026,133,0.66323
34.976,133,0.66323
34.928,133,0.66323
34.882,133,0.66323
34.838,133,0.66323
34.795,133,0.66323
34.754,133,0.66323
34.715,133,0.66323
34.677,133,0.66323
34.641,133,0.66323
34.607,133,0.66323
34.574,133,0.66323
34.543,133,0.66323
34.514,133,0.66323
34.487,133,0.66323
34.461,133,0.66323
34.437,133,0.66323
34.414,133,0.66323
34.393,133,0.66323
34.374,133,0.66323
34.356,133,0.66323
34.34,133,0.66323
34.325,133,0.66323
34.312,133,0.66323
34.301,133,0.66323
34.291,133,0.66323
34.283,133,0.66323
34.277,133,0.66323
34.272,133,0.66323
34.268,133,0.66323
34.266,133,0.66323
34.266,133,0.66323
34.267,133,0.66323
34.27,133,0.66323
34.274,133,0.66323
34.28,133,0.66323
34.287,133,0.66323
34.296,133,0.66323
34.306,133,0.66323
34.318,133,0.66323
34.331,133,0.66323
34.346,133,0.66323
34.362,133,0.66323
34.379,133,0.66323
34.398,133,0.66323
34.419,133,0.66323
34.441,133,0.66323
34.464,133,0.66323
34.489,133,0.66323
34.515,133,0.66323
34.542,133,0.66323
34.571,133,0.66323
34.602,133,0.66323
34.633,133,0.66323
34.666,133,0.66323
34.701,133,0.66323
34.736,133,0.66323
34.774,133,0.66323
34.812,133,0.66323
34.852,133,0.66323
34.893,133,0.66323
34.935,133,0.66323
34.979,133,0.66323
35.024,133,0.66323
35.07,133,0.66323
35.118,133,0.66323
35.167,133,0.66323
35.217,133,0.66323
35.269,133,0.66323
35.321,133,0.66323
35.375,133,0.66323
35.43,133,0.66323
35.487,133,0.66323
35.544,133,0.66323
35.603,133,0.66323
35.663,133,0.66323
35.724,133,0.66323
35.787,133,0.66323
35.85,133,0.66323
35.915,133,0.66323
35.981,133,0.66323
36.048,133,0.66323
36.117,133,0.66323
36.186,133,0.66323
36.256,133,0.66323
36.328,133,0.66323
36.401,133,0.66323
36.475,133,0.66323
36.55,133,0.66323
36.626,133,0.66323
36.703,133,0.66323
36.781,133,0.66323
36.861,133,0.66323
36.941,133,0.66323
37.022,133,0.66323
37.105,133,0.66323
37.188,133,0.66323
37.273,133,0.66323
37.359,133,0.66323
37.445,133,0.66323
37.533,133,0.66323
37.621,133,0.66323
37.711,133,0.66323
37.802,133,0.66323
37.893,133,0.66323
37.986,133,0.66323
38.079,133,0.66323
38.174,133,0.66323
38.269,133,0.66323
38.365,133,0.66323
38.463,133,0.66323
38.561,133,0.66323
38.66,133,0.66323
38.76,133,0.66323
38.861,133,0.66323
38.962,133,0.66323
39.065,133,0.66323
39.169,133,0.66323
39.273,133,0.66323
39.378,133,0.66323
39.484,133,0.66323
39.591,133,0.66323
39.699,133,0.66323
39.808,133,0.66323
39.917,133,0.66323
40.027,133,0.66323
40.138,133,0.66323
40.25,133,0.66323
40.363,133,0.66323
40.476,133,0.66323
40.59,133,0.66323
40.705,133,0.66323
40.821,133,0.66323
40.937,133,0.66323
41.054,133,0.66323
41.172,133,0.66323
41.291,133,0.66323
41.41,133,0.66323
41.53,133,0.66323
41.651,133,0.66323
41.772,133,0.66323
41.895,133,0.66323
42.017,133,0.66323
42.141,133,0.66323
42.265,133,0.66323
42.39,133,0.66323
42.515,133,0.66323
42.641,133,0.66323
42.768,133,0.66323
42.895,133,0.66323
43.023,133,0.66323
43.152,133,0.66323
43.281,133,0.66323
43.411,133,0.66323
43.541,133,0.66323
43.672,133,0.66323
43.803,133,0.66323
43.935,133,0.66323
44.068,133,0.66323
44.201,133,0.66323
44.335,133,0.66323
44.469,133,0.66323
44.604,133,0.66323
44.739,133,0.66323
44.875,133,0.66323
45.011,133,0.66323
45.148,133,0.66323
45.285,133,0.66323
45.423,133,0.66323
45.561,133,0.66323
45.7,133,0.66323
45.839,133,0.66323
45.979,133,0.66323
46.119,133,0.66323
46.259,133,0.66323
46.4,133,0.66323
46.542,133,0.66323
46.683,133,0.66323
46.826,133,0.66323
46.968,133,0.66323
47.111,133,0.66323
47.255,133,0.66323
47.398,133,0.66323
47.543,133,0.66323
47.687,133,0.66323
47.832,133,0.66323
47.977,133,0.66323
48.123,133,0.66323
48.269,133,0.66323
48.415,133,0.66323
48.562,133,0.66323
48.709,133,0.66323
48.856,133,0.66323
49.003,133,0.66323
49.151,133,0.66323
49.299,133,0.66323
49.448,133,0.66323
49.596,133,0.66323
49.745,133,0.66323
49.895,133,0.66323
50.044,133,0.66323
50.194,133,0.66323
50.344,133,0.66323
50.494,133,0.66323
50.645,133,0.66323
50.795,133,0.66323
50.946,133,0.66323
51.097,133,0.66323
51.249,133,0.66323
51.4,133,0.66323
51.552,133,0.66323
51.704,133,0.66323
51.856,133,0.66323
52.008,133,0.66323
52.161,133,0.66323
52.313,133,0.66323
52.466,133,0.66323
52.619,133,0.66323
52.772,133,0.66323
52.925,133,0.66323
53.079,133,0.66323
53.232,133,0.66323
53.386,133,0.66323
53.54,133,0.66323
53.693,133,0.66323
53.847,133,0.66323
54.001,133,0.66323
54.155,133,0.66323
54.31,133,0.66323
54.464,133,0.66323
54.618,133,0.66323
54.773,133,0.66323
54.927,133,0.66323
55.082,133,0.66323
55.236,133,0.66323
55.391,133,0.66323
55.546,133,0.66323
55.7,133,0.66323
55.855,133,0.66323
56.01,133,0.66323
56.165,133,0.66323
56.319,133,0.66323
56.474,133,0.66323
56.629,133,0.66323
56.784,133,0.66323
56.938,133,0.66323
57.093,133,0.66323
57.248,133,0.66323
57.403,133,0.66323
57.557,133,0.66323
57.712,133,0.66323
57.867,133,0.66323
58.021,133,0.66323
58.176,133,0.66323
58.33,133,0.66323
58.484,133,0.66323
58.639,133,0.66323
58.793,133,0.66323
58.947,133,0.66323
59.101,133,0.66323
59.255,133,0.66323
59.409,133,0.66323
59.563,133,0.66323
59.716,133,0.66323
59.87,133,0.66323
60.023,133,0.66323
60.177,133,0.66323
60.33,133,0.66323
60.483,133,0.66323
60.636,133,0.66323
60.789,133,0.66323
60.941,133,0.66323
61.094,133,0.66323
61.246,133,0.66323
61.398,133,0.66323
61.55,133,0.66323
61.702,133,0.66323
61.854,133,0.66323
62.006,133,0.66323
62.157,133,0.66323
62.308,133,0.66323
62.459,133,0.66323
62.61,133,0.66323
62.76,133,0.66323
62.911,133,0.66323
63.061,133,0.66323
63.211,133,0.66323
63.361,133,0.66323
63.51,133,0.66323
63.66,133,0.66323
63.809,133,0.66323
63.958,133,0.66323
64.106,133,0.66323
64.255,133,0.66323
64.403,133,0.66323
64.551,133,0.66323
64.698,133,0.66323
64.846,133,0.66323
64.993,133,0.66323
65.14,133,0.66323
65.286,133,0.66323
65.433,133,0.66323
65.579,133,0.66323
65.724,133,0.66323
65.87,133,0.66323
66.015,133,0.66323
66.16,133,0.66323
66.305,133,0.66323
66.449,133,0.66323
66.593,133,0.66323
66.737,133,0.66323
66.88,133,0.66323
67.023,133,0.66323
67.166,133,0.66323
67.309,133,0.66323
67.451,133,0.66323
67.593,133,0.66323
67.734,133,0.66323
67.875,133,0.66323
68.016,133,0.66323
68.157,133,0.66323
68.297,133,0.66323
68.437,133,0.66323
68.576,133,0.66323
68.715,133,0.66323
68.854,133,0.66323
68.992,133,0.66323
69.131,133,0.66323
69.268,133,0.66323
69.406,133,0.66323
69.543,133,0.66323
69.679,133,0.66323
69.815,133,0.66323
69.951,133,0.66323
70.087,133,0.66323
70.222,133,0.66323
70.356,133,0.66323
70.491,133,0.66323
70.625,133,0.66323
70.758,133,0.66323
70.891,133,0.66323
71.024,133,0.66323
71.157,133,0.66323
71.288,133,0.66323
71.42,133,0.66323
71.551,133,0.66323
71.682,133,0.66323
71.812,133,0.66323
71.942,133,0.66323
72.071,133,0.66323
72.201,133,0.66323
72.329,133,0.66323
72.457,133,0.66323
72.585,133,0.66323
72.712,133,0.66323
72.839,133,0.66323
72.966,133,0.66323
73.092,133,0.66323
73.217,133,0.66323
73.343,133,0.66323
73.467,133,0.66323
73.592,133,0.66323
73.715,133,0.66323
73.839,133,0.66323
73.962,133,0.66323
74.084,133,0.66323
74.206,133,0.66323
74.328,133,0.66323
74.449,133,0.66323
74.57,133,0.66323
74.69,133,0.66323
74.809,133,0.66323
74.929,133,0.66323
75.048,133,0.66323
75.166,133,0.66323
75.284,133,0.66323
75.401,133,0.66323
75.518,133,0.66323
75.634,133,0.66323
75.75,133,0.66323
75.866,133,0.66323
75.981,133,0.66323
76.095,133,0.66323
76.209,133,0.66323
76.323,133,0.66323
76.436,133,0.66323
76.548,133,0.66323
76.661,133,0.66323
76.772,133,0.66323
76.883,133,0.66323
76.994,133,0.66323
77.104,133,0.66323
77.214,133,0.66323
77.323,133,0.66323
77.431,133,0.66323
77.539,133,0.66323
77.647,133,0.66323
77.754,133,0.66323
77.861,133,0.66323
77.967,133,0.66323
78.072,133,0.66323
78.178,133,0.66323
78.282,133,0.66323
78.386,133,0.66323
78.49,133,0.66323
78.593,133,0.66323
78.695,133,0.66323
78.798,133,0.66323
78.899,133,0.66323
79,133,0.66323
79.101,133,0.66323
79.201,133,0.66323
79.3,133,0.66323
79.399,133,0.66323
79.497,133,0.66323
79.595,133,0.66323
79.693,133,0.66323
79.79,133,0.66323
79.886,133,0.66323
79.982,133,0.66323
80.077,133,0.66323
80.172,133,0.66323
80.266,133,0.66323
80.36,133,0.66323
80.453,133,0.66323
80.546,133,0.66323
80.638,133,0.66323
80.73,133,0.66323
80.821,133,0.66323
80.912,133,0.66323
81.002,133,0.66323
81.091,133,0.66323
81.18,133,0.66323
81.269,133,0.66323
81.357,133,0.66323
81.444,133,0.66323
81.531,133,0.66323
81.618,133,0.66323
81.704,133,0.66323
81.789,133,0.66323
81.874,133,0.66323
81.958,133,0.66323
82.042,133,0.66323
82.125,133,0.66323
82.208,133,0.66323
82.29,133,0.66323
82.372,133,0.66323
82.453,133,0.66323
82.534,133,0.66323
82.614,133,0.66323
82.693,133,0.66323
82.772,133,0.66323
82.851,133,0.66323
82.929,133,0.66323
83.006,133,0.66323
83.083,133,0.66323
83.16,133,0.66323
83.235,133,0.66323
83.311,133,0.66323
83.386,133,0.66323
83.46,133,0.66323
83.534,133,0.66323
83.607,133,0.66323
83.68,133,0.66323
83.752,133,0.66323
83.823,133,0.66323
83.895,133,0.66323
83.965,133,0.66323
84.035,133,0.66323
84.105,133,0.66323
84.174,133,0.66323
84.242,133,0.66323
84.31,133,0.66323
84.378,133,0.66323
84.445,133,0.66323
84.511,133,0.66323
84.577,133,0.66323
84.643,133,0.66323
84.708,133,0.66323
84.772,133,0.66323
84.836,133,0.66323
84.899,133,0.66323
84.962,133,0.66323
85.024,133,0.66323
85.086,133,0.66323
85.147,133,0.66323
85.208,133,0.66323
85.268,133,0.66323
85.328,133,0.66323
85.387,133,0.66323
85.446,133,0.66323
85.504,133,0.66323
85.562,133,0.66323
85.619,133,0.66323
85.675,133,0.66323
85.732,133,0.66323
85.787,133,0.66323
85.842,133,0.66323
85.897,133,0.66323
85.951,133,0.66323
86.005,133,0.66323
86.058,133,0.66323
86.111,133,0.66323
86.163,133,0.66323
86.214,133,0.66323
86.265,133,0.66323
86.316,133,0.66323
86.366,133,0.66323
86.416,133,0.66323
86.465,133,0.66323
86.514,133,0.66323
86.562,133,0.66323
86.609,133,0.66323
86.657,133,0.66323
86.703,133,0.66323
86.749,133,0.66323
86.795,133,0.66323
86.84,133,0.66323
86.885,133,0.66323
86.929,133,0.66323
86.973,133,0.66323
87.016,133,0.66323
87.059,133,0.66323
87.101,133,0.66323
87.143,133,0.66323
87.185,133,0.66323
87.226,133,0.66323
87.266,133,0.66323
87.306,133,0.66323
87.345,133,0.66323
87.384,133,0.66323
87.423,133,0.66323
87.461,133,0.66323
87.499,133,0.66323
87.536,133,0.66323
87.572,133,0.66323
87.609,133,0.66323
87.644,133,0.66323
87.68,133,0.66323
87.714,133,0.66323
87.749,133,0.66323
87.783,133,0.66323
87.816,133,0.66323
87.849,133,0.66323
87.882,133,0.66323
87.914,133,0.66323
87.945,133,0.66323
87.977,133,0.66323
88.007,133,0.66323
88.038,133,0.66323
88.067,133,0.66323
88.097,133,0.66323
88.126,133,0.66323
88.154,133,0.66323
88.182,133,0.66323
88.21,133,0.66323
88.237,133,0.66323
88.264,133,0.66323
88.29,133,0.66323
88.316,133,0.66323
88.342,133,0.66323
88.367,133,0.66323
88.391,133,0.66323
88.416,133,0.66323
88.439,133,0.66323
88.463,133,0.66323
88.486,133,0.66323
88.508,133,0.66323
88.53,133,0.66323
88.552,133,0.66323
88.573,133,0.66323
88.594,133,0.66323
88.615,133,0.66323
88.635,133,0.66323
88.654,133,0.66323
88.673,133,0.66323
88.692,133,0.66323
88.711,133,0.66323
88.729,133,0.66323
88.746,133,0.66323
88.763,133,0.66323
88.78,133,0.66323
88.797,133,0.66323
88.813,133,0.66323
88.828,133,0.66323
88.844,133,0.66323
88.858,133,0.66323
88.873,133,0.66323
88.887,133,0.66323
88.901,133,0.66323
88.914,133,0.66323
88.927,133,0.66323
88.939,133,0.66323
88.952,133,0.66323
88.963,133,0.66323
88.975,133,0.66323
88.986,133,0.66323
88.996,133,0.66323
89.007,133,0.66323
89.017,133,0.66323
89.026,133,0.66323
89.036,133,0.66323
89.044,133,0.66323
89.053,133,0.66323
89.061,133,0.66323
89.069,133,0.66323
89.076,133,0.66323
89.083,133,0.66323
89.09,133,0.66323
89.096,133,0.66323
89.102,133,0.66323
89.108,133,0.66323
89.113,133,0.66323
89.118,133,0.66323
89.123,133,0.66323
89.127,133,0.66323
89.131,133,0.66323
89.135,133,0.66323
89.138,133,0.66323
89.141,133,0.66323
89.144,133,0.66323
89.146,133,0.66323
89.148,133,0.66323
89.15,133,0.66323
89.151,133,0.66323
89.152,133,0.66323
89.153,133,0.66323
89.153,133,0.66323
89.153,133,0.66323
89.153,133,0.66323
89.152,133,0.66323
89.151,133,0.66323
89.15,133,0.66323
89.149,133,0.66323
89.147,133,0.66323
89.145,133,0.66323
89.142,133,0.66323
89.14,133,0.66323
89.137,133,0.66323
89.133,133,0.66323
89.13,133,0.66323
89.126,133,0.66323
89.122,133,0.66323
89.117,133,0.66323
89.113,133,0.66323
89.107,133,0.66323
89.102,133,0.66323
89.097,133,0.66323
89.091,133,0.66323
89.084,133,0.66323
89.078,133,0.66323
89.071,133,0.66323
89.064,133,0.66323
89.057,133,0.66323
89.049,133,0.66323
89.042,133,0.66323
89.034,133,0.66323
89.025,133,0.66323
89.017,133,0.66323
89.008,133,0.66323
88.999,133,0.66323
88.989,133,0.66323
88.98,133,0.66323
88.97,133,0.66323
88.96,133,0.66323
88.949,133,0.66323
88.939,133,0.66323
88.928,133,0.66323
88.917,133,0.66323
88.905,133,0.66323
88.894,133,0.66323
88.882,133,0.66323
88.87,133,0.66323
88.857,133,0.66323
88.845,133,0.66323
88.832,133,0.66323
88.819,133,0.66323
88.806,133,0.66323
88.792,133,0.66323
88.778,133,0.66323
88.764,133,0.66323
88.75,133,0.66323
88.736,133,0.66323
88.721,133,0.66323
88.707,133,0.66323
88.691,133,0.66323
88.676,133,0.66323
88.661,133,0.66323
88.645,133,0.66323
88.629,133,0.66323
88.613,133,0.66323
88.597,133,0.66323
88.58,133,0.66323
88.564,133,0.66323
88.547,133,0.66323
88.53,133,0.66323
88.513,133,0.66323
88.495,133,0.66323
88.477,133,0.66323
88.46,133,0.66323
88.442,133,0.66323
88.423,133,0.66323
88.405,133,0.66323
88.386,133,0.66323
88.367,133,0.66323
88.349,133,0.66323
88.329,133,0.66323
88.31,133,0.66323
88.291,133,0.66323
88.271,133,0.66323
88.251,133,0.66323
88.231,133,0.66323
88.211,133,0.66323
88.191,133,0.66323
88.17,133,0.66323
88.149,133,0.66323
88.129,133,0.66323
88.108,133,0.66323
88.086,133,0.66323
88.065,133,0.66323
88.044,133,0.66323
88.022,133,0.66323
88,133,0.66323
87.978,133,0.66323
87.956,133,0.66323
87.934,133,0.66323
87.912,133,0.66323
87.889,133,0.66323
87.867,133,0.66323
87.844,133,0.66323
87.821,133,0.66323
87.798,133,0.66323
87.775,133,0.66323
87.751,133,0.66323
87.728,133,0.66323
87.704,133,0.66323
87.68,133,0.66323
87.657,133,0.66323
87.633,133,0.66323
87.608,133,0.66323
87.584,133,0.66323
87.56,133,0.66323
87.535,133,0.66323
87.511,133,0.66323
87.486,133,0.66323
87.461,133,0.66323
87.436,133,0.66323
87.411,133,0.66323
87.386,133,0.66323
87.361,133,0.66323
87.335,133,0.66323
87.31,133,0.66323
87.284,133,0.66323
87.259,133,0.66323
87.233,133,0.66323
87.207,133,0.66323
87.181,133,0.66323
87.155,133,0.66323
87.129,133,0.66323
87.102,133,0.66323
87.076,133,0.66323
87.05,133,0.66323
87.023,133,0.66323
86.996,133,0.66323
86.97,133,0.66323
86.943,133,0.66323
86.916,133,0.66323
86.889,133,0.66323
86.862,133,0.66323
86.835,133,0.66323
86.808,133,0.66323
86.78,133,0.66323
86.753,133,0.66323
86.725,133,0.66323
86.698,133,0.66323
86.67,133,0.66323
86.643,133,0.66323
86.615,133,0.66323
86.587,133,0.66323
86.559,133,0.66323
86.531,133,0.66323
86.503,133,0.66323
86.475,133,0.66323
86.447,133,0.66323
86.419,133,0.66323
86.391,133,0.66323
86.362,133,0.66323
86.334,133,0.66323
86.306,133,0.66323
86.277,133,0.66323
86.249,133,0.66323
86.22,133,0.66323
86.192,133,0.66323
86.163,133,0.66323
86.134,133,0.66323
86.106,133,0.66323
86.077,133,0.66323
86.048,133,0.66323
86.019,133,0.66323
85.99,133,0.66323
85.961,133,0.66323
85.932,133,0.66323
85.903,133,0.66323
85.874,133,0.66323
85.845,133,0.66323
85.816,133,0.66323
85.787,133,0.66323
85.758,133,0.66323
85.729,133,0.66323
85.699,133,0.66323
85.67,133,0.66323
85.641,133,0.66323
85.612,133,0.66323
85.582,133,0.66323
85.553,133,0.66323
85.524,133,0.66323
85.494,133,0.66323
85.465,133,0.66323
85.435,133,0.66323
85.406,133,0.66323
85.377,133,0.66323
85.347,133,0.66323
85.318,133,0.66323
85.288,133,0.66323
85.259,133,0.66323
85.229,133,0.66323
85.2,133,0.66323
85.17,133,0.66323
85.141,133,0.66323
85.111,133,0.66323
85.082,133,0.66323
85.052,133,0.66323
85.023,133,0.66323
84.993,133,0.66323
84.964,133,0.66323
84.934,133,0.66323
84.905,133,0.66323
84.875,133,0.66323
84.846,133,0.66323
84.816,133,0.66323
84.787,133,0.66323
84.757,133,0.66323
84.728,133,0.66323
84.698,133,0.66323
84.669,133,0.66323
84.639,133,0.66323
84.61,133,0.66323
84.581,133,0.66323
84.551,133,0.66323
84.522,133,0.66323
84.493,133,0.66323
84.463,133,0.66323
84.434,133,0.66323
84.405,133,0.66323
84.375,133,0.66323
84.346,133,0.66323
84.317,133,0.66323
84.288,133,0.66323
84.259,133,0.66323
84.23,133,0.66323
84.2,133,0.66323
84.171,133,0.66323
84.142,133,0.66323
84.113,133,0.66323
84.084,133,0.66323
84.055,133,0.66323
84.026,133,0.66323
83.998,133,0.66323
83.969,133,0.66323
83.94,133,0.66323
83.911,133,0.66323
83.882,133,0.66323
83.854,133,0.66323
83.825,133,0.66323
83.796,133,0.66323
83.768,133,0.66323
83.739,133,0.66323
83.711,133,0.66323
83.682,133,0.66323
83.654,133,0.66323
83.626,133,0.66323
83.597,133,0.66323
83.569,133,0.66323
83.541,133,0.66323
83.513,133,0.66323
83.485,133,0.66323
83.457,133,0.66323
83.429,133,0.66323
83.401,133,0.66323
83.373,133,0.66323
83.345,133,0.66323
83.317,133,0.66323
83.289,133,0.66323
83.262,133,0.66323
83.234,133,0.66323
83.206,133,0.66323
83.179,133,0.66323
83.151,133,0.66323
83.124,133,0.66323
83.097,133,0.66323
83.069,133,0.66323
83.042,133,0.66323
83.015,133,0.66323
82.988,133,0.66323
82.961,133,0.66323
82.934,133,0.66323
82.907,133,0.66323
82.88,133,0.66323
82.853,133,0.66323
82.827,133,0.66323
82.8,133,0.66323
82.773,133,0.66323
82.747,133,0.66323
82.721,133,0.66323
82.694,133,0.66323
82.668,133,0.66323
82.642,133,0.66323
82.615,133,0.66323
82.589,133,0.66323
82.563,133,0.66323
82.537,133,0.66323
82.512,133,0.66323
82.486,133,0.66323
82.46,133,0.66323
82.435,133,0.66323
82.409,133,0.66323
82.383,133,0.66323
82.358,133,0.66323
82.333,133,0.66323
82.308,133,0.66323
82.282,133,0.66323
82.257,133,0.66323
82.232,133,0.66323
82.207,133,0.66323
82.183,133,0.66323
82.158,133,0.66323
82.133,133,0.66323
82.109,133,0.66323
82.084,133,0.66323
82.06,133,0.66323
82.035,133,0.66323
82.011,133,0.66323
81.987,133,0.66323
81.963,133,0.66323
81.939,133,0.66323
81.915,133,0.66323
81.891,133,0.66323
81.867,133,0.66323
81.844,133,0.66323
81.82,133,0.66323
81.797,133,0.66323
81.773,133,0.66323
81.75,133,0.66323
81.727,133,0.66323
81.704,133,0.66323
81.681,133,0.66323
81.658,133,0.66323
81.635,133,0.66323
81.612,133,0.66323
81.59,133,0.66323
81.567,133,0.66323
81.545,133,0.66323
81.522,133,0.66323
81.5,133,0.66323
81.478,133,0.66323
81.456,133,0.66323
81.434,133,0.66323
81.412,133,0.66323
81.39,133,0.66323
81.368,133,0.66323
81.347,133,0.66323
81.325,133,0.66323
81.304,133,0.66323
81.283,133,0.66323
81.261,133,0.66323
81.24,133,0.66323
81.219,133,0.66323
81.198,133,0.66323
81.178,133,0.66323
81.157,133,0.66323
81.136,133,0.66323
81.116,133,0.66323
81.095,133,0.66323
81.075,133,0.66323
81.055,133,0.66323
81.035,133,0.66323
81.015,133,0.66323
80.995,133,0.66323
80.975,133,0.66323
80.955,133,0.66323
80.936,133,0.66323
80.916,133,0.66323
80.897,133,0.66323
80.878,133,0.66323
80.858,133,0.66323
80.839,133,0.66323
80.82,133,0.66323
80.802,133,0.66323
80.783,133,0.66323
80.764,133,0.66323
80.746,133,0.66323
80.727,133,0.66323
80.709,133,0.66323
80.691,133,0.66323
80.673,133,0.66323
80.655,133,0.66323
80.637,133,0.66323
80.619,133,0.66323
80.601,133,0.66323
80.584,133,0.66323
80.566,133,0.66323
80.549,133,0.66323
80.532,133,0.66323
80.514,133,0.66323
80.497,133,0.66323
80.48,133,0.66323
80.464,133,0.66323
80.447,133,0.66323
80.43,133,0.66323
80.414,133,0.66323
80.397,133,0.66323
80.381,133,0.66323
80.365,133,0.66323
80.349,133,0.66323
80.333,133,0.66323
80.317,133,0.66323
80.301,133,0.66323
80.286,133,0.66323
80.27,133,0.66323
80.255,133,0.66323
80.24,133,0.66323
80.224,133,0.66323
80.209,133,0.66323
80.194,133,0.66323
80.18,133,0.66323
80.165,133,0.66323
80.15,133,0.66323
80.136,133,0.66323
80.121,133,0.66323
80.107,133,0.66323
80.093,133,0.66323
80.079,133,0.66323
80.065,133,0.66323
80.051,133,0.66323
80.037,133,0.66323
80.024,133,0.66323
80.01,133,0.66323
79.997,133,0.66323
79.983,133,0.66323
79.97,133,0.66323
79.957,133,0.66323
79.944,133,0.66323
79.931,133,0.66323
79.919,133,0.66323
79.906,133,0.66323
79.894,133,0.66323
79.881,133,0.66323
79.869,133,0.66323
79.857,133,0.66323
79.845,133,0.66323
79.833,133,0.66323
79.821,133,0.66323
79.809,133,0.66323
79.798,133,0.66323
79.786,133,0.66323
79.775,133,0.66323
79.763,133,0.66323
79.752,133,0.66323
79.741,133,0.66323
79.73,133,0.66323
79.719,133,0.66323
79.709,133,0.66323
79.698,133,0.66323
79.688,133,0.66323
79.677,133,0.66323
79.667,133,0.66323
79.657,133,0.66323
79.647,133,0.66323
79.637,133,0.66323
79.627,133,0.66323
79.617,133,0.66323
79.608,133,0.66323
79.598,133,0.66323
79.589,133,0.66323
79.579,133,0.66323
79.57,133,0.66323
79.561,133,0.66323
79.552,133,0.66323
79.543,133,0.66323
79.535,133,0.66323
79.526,133,0.66323
79.517,133,0.66323
79.509,133,0.66323
79.501,133,0.66323
79.493,133,0.66323
79.484,133,0.66323
79.477,133,0.66323
79.469,133,0.66323
79.461,133,0.66323
79.453,133,0.66323
79.446,133,0.66323
79.438,133,0.66323
79.431,133,0.66323
79.424,133,0.66323
79.417,133,0.66323
79.41,133,0.66323
79.403,133,0.66323
79.396,133,0.66323
79.389,133,0.66323
79.383,133,0.66323
79.376,133,0.66323
79.37,133,0.66323
79.364,133,0.66323
79.358,133,0.66323
79.352,133,0.66323
79.346,133,0.66323
79.34,133,0.66323
79.334,133,0.66323
79.329,133,0.66323
79.323,133,0.66323
79.318,133,0.66323
79.312,133,0.66323
79.307,133,0.66323
79.302,133,0.66323
79.297,133,0.66323
79.292,133,0.66323
79.288,133,0.66323
79.283,133,0.66323
79.278,133,0.66323
79.274,133,0.66323
79.27,133,0.66323
79.265,133,0.66323
79.261,133,0.66323
79.257,133,0.66323
79.253,133,0.66323
79.249,133,0.66323
79.246,133,0.66323
79.242,133,0.66323
79.239,133,0.66323
79.235,133,0.66323
79.232,133,0.66323
79.229,133,0.66323
79.226,133,0.66323
79.223,133,0.66323
79.22,133,0.66323
79.217,133,0.66323
79.214,133,0.66323
79.211,133,0.66323
79.209,133,0.66323
79.207,133,0.66323
79.204,133,0.66323
79.202,133,0.66323
79.2,133,0.66323
79.198,133,0.66323
79.196,133,0.66323
79.194,133,0.66323
79.192,133,0.66323
79.191,133,0.66323
79.189,133,0.66323
79.188,133,0.66323
79.187,133,0.66323
79.185,133,0.66323
79.184,133,0.66323
79.183,133,0.66323
79.182,133,0.66323
79.181,133,0.66323
79.181,133,0.66323
79.18,133,0.66323
79.179,133,0.66323
79.179,133,0.66323
79.178,133,0.66323
79.178,133,0.66323
79.178,133,0.66323
79.178,133,0.66323
79.178,133,0.66323
79.178,133,0.66323
79.178,133,0.66323
79.178,133,0.66323
79.179,133,0.66323
79.179,133,0.66323
79.18,133,0.66323
79.18,133,0.66323
79.181,133,0.66323
79.182,133,0.66323
79.183,133,0.66323
79.184,133,0.66323
79.185,133,0.66323
79.186,133,0.66323
79.187,133,0.66323
79.189,133,0.66323
79.19,133,0.66323
79.192,133,0.66323
79.193,133,0.66323
79.195,133,0.66323
79.197,133,0.66323
79.199,133,0.66323
79.201,133,0.66323
79.203,133,0.66323
79.205,133,0.66323
79.207,133,0.66323
79.209,133,0.66323
79.212,133,0.66323
79.214,133,0.66323
79.217,133,0.66323
79.219,133,0.66323
79.222,133,0.66323
79.225,133,0.66323
79.228,133,0.66323
79.231,133,0.66323
79.234,133,0.66323
79.237,133,0.66323
79.24,133,0.66323
79.243,133,0.66323
79.247,133,0.66323
79.25,133,0.66323
79.254,133,0.66323
79.257,133,0.66323
79.261,133,0.66323
79.265,133,0.66323
79.269,133,0.66323
79.273,133,0.66323
79.277,133,0.66323
79.281,133,0.66323
79.285,133,0.66323
79.289,133,0.66323
79.294,133,0.66323
79.298,133,0.66323
79.303,133,0.66323
79.307,133,0.66323
79.312,133,0.66323
79.316,133,0.66323
79.321,133,0.66323
79.326,133,0.66323
79.331,133,0.66323
79.336,133,0.66323
79.341,133,0.66323
79.346,133,0.66323
79.351,133,0.66323
79.357,133,0.66323
79.362,133,0.66323
79.367,133,0.66323
79.373,133,0.66323
79.379,133,0.66323
79.384,133,0.66323
79.39,133,0.66323
79.396,133,0.66323
79.402,133,0.66323
79.408,133,0.66323
79.414,133,0.66323
79.42,133,0.66323
79.426,133,0.66323
79.432,133,0.66323
79.438,133,0.66323
79.445,133,0.66323
79.451,133,0.66323
79.457,133,0.66323
79.464,133,0.66323
79.471,133,0.66323
79.477,133,0.66323
79.484,133,0.66323
79.491,133,0.66323
79.498,133,0.66323
79.504,133,0.66323
79.511,133,0.66323
79.518,133,0.66323
79.526,133,0.66323
79.533,133,0.66323
79.54,133,0.66323
79.547,133,0.66323
79.555,133,0.66323
79.562,133,0.66323
79.57,133,0.66323
79.577,133,0.66323
79.585,133,0.66323
79.592,133,0.66323
79.6,133,0.66323
79.608,133,0.66323
79.616,133,0.66323
79.624,133,0.66323
79.631,133,0.66323
79.639,133,0.66323
79.648,133,0.66323
79.656,133,0.66323
79.664,133,0.66323
79.672,133,0.66323
79.68,133,0.66323
79.689,133,0.66323
79.697,133,0.66323
79.706,133,0.66323
79.714,133,0.66323
79.723,133,0.66323
79.731,133,0.66323
79.74,133,0.66323
79.749,133,0.66323
79.757,133,0.66323
79.766,133,0.66323
79.775,133,0.66323
79.784,133,0.66323
79.793,133,0.66323
79.802,133,0.66323
79.811,133,0.66323
79.82,133,0.66323
79.829,133,0.66323
79.838,133,0.66323
79.848,133,0.66323
79.857,133,0.66323
79.866,133,0.66323
79.876,133,0.66323
79.885,133,0.66323
79.895,133,0.66323
79.904,133,0.66323
79.914,133,0.66323
79.923,133,0.66323
79.933,133,0.66323
79.943,133,0.66323
79.953,133,0.66323
79.962,133,0.66323
79.972,133,0.66323
79.982,133,0.66323
79.992,133,0.66323
80.002,133,0.66323
80.012,133,0.66323
80.022,133,0.66323
80.032,133,0.66323
80.042,133,0.66323
80.053,133,0.66323
80.063,133,0.66323
80.073,133,0.66323
80.083,133,0.66323
80.094,133,0.66323
80.104,133,0.66323
80.115,133,0.66323
80.125,133,0.66323
80.136,133,0.66323
80.146,133,0.66323
80.157,133,0.66323
80.167,133,0.66323
80.178,133,0.66323
80.189,133,0.66323
80.199,133,0.66323
80.21,133,0.66323
80.221,133,0.66323
80.232,133,0.66323
80.242,133,0.66323
80.253,133,0.66323
80.264,133,0.66323
80.275,133,0.66323
80.286,133,0.66323
80.297,133,0.66323
80.308,133,0.66323
80.319,133,0.66323
80.33,133,0.66323
80.342,133,0.66323
80.353,133,0.66323
80.364,133,0.66323
80.375,133,0.66323
80.386,133,0.66323
80.398,133,0.66323
80.409,133,0.66323
80.42,133,0.66323
80.432,133,0.66323
80.443,133,0.66323
80.454,133,0.66323
80.466,133,0.66323
80.477,133,0.66323
80.489,133,0.66323
80.5,133,0.66323
80.512,133,0.66323
80.524,133,0.66323
80.535,133,0.66323
80.547,133,0.66323
80.558,133,0.66323
80.57,133,0.66323
80.582,133,0.66323
80.593,133,0.66323
80.605,133,0.66323
80.617,133,0.66323
80.629,133,0.66323
80.641,133,0.66323
80.652,133,0.66323
80.664,133,0.66323
80.676,133,0.66323
80.688,133,0.66323
80.7,133,0.66323
80.712,133,0.66323
80.724,133,0.66323
80.736,133,0.66323
80.748,133,0.66323
80.76,133,0.66323
80.772,133,0.66323
80.784,133,0.66323
80.796,133,0.66323
80.808,133,0.66323
80.82,133,0.66323
80.832,133,0.66323
80.844,133,0.66323
80.856,133,0.66323
80.869,133,0.66323
80.881,133,0.66323
80.893,133,0.66323
80.905,133,0.66323
80.917,133,0.66323
80.929,133,0.66323
80.942,133,0.66323
80.954,133,0.66323
80.966,133,0.66323
80.978,133,0.66323
80.991,133,0.66323
81.003,133,0.66323
81.015,133,0.66323
81.028,133,0.66323
81.04,133,0.66323
81.052,133,0.66323
81.065,133,0.66323
81.077,133,0.66323
81.089,133,0.66323
81.102,133,0.66323
81.114,133,0.66323
81.127,133,0.66323
81.139,133,0.66323
81.151,133,0.66323
81.164,133,0.66323
81.176,133,0.66323
81.189,133,0.66323
81.201,133,0.66323
81.214,133,0.66323
81.226,133,0.66323
81.238,133,0.66323
81.251,133,0.66323
81.263,133,0.66323
81.276,133,0.66323
81.288,133,0.66323
81.301,133,0.66323
81.313,133,0.66323
81.326,133,0.66323
81.338,133,0.66323
81.351,133,0.66323
81.363,133,0.66323
81.376,133,0.66323
81.388,133,0.66323
81.401,133,0.66323
81.413,133,0.66323
81.426,133,0.66323
81.438,133,0.66323
81.451,133,0.66323
81.463,133,0.66323
81.476,133,0.66323
81.488,133,0.66323
81.501,133,0.66323
81.513,133,0.66323
81.526,133,0.66323
81.538,133,0.66323
81.551,133,0.66323
81.563,133,0.66323
81.576,133,0.66323
81.588,133,0.66323
81.601,133,0.66323
81.613,133,0.66323
81.626,133,0.66323
81.638,133,0.66323
81.651,133,0.66323
81.663,133,0.66323
81.676,133,0.66323
81.688,133,0.66323
81.701,133,0.66323
81.713,133,0.66323
81.726,133,0.66323
81.738,133,0.66323
81.751,133,0.66323
81.763,133,0.66323
81.775,133,0.66323
81.788,133,0.66323
81.8,133,0.66323
81.813,133,0.66323
81.825,133,0.66323
81.838,133,0.66323
81.85,133,0.66323
81.862,133,0.66323
81.875,133,0.66323
81.887,133,0.66323
81.899,133,0.66323
81.912,133,0.66323
81.924,133,0.66323
81.937,133,0.66323
81.949,133,0.66323
81.961,133,0.66323
81.973,133,0.66323
81.986,133,0.66323
81.998,133,0.66323
82.01,133,0.66323
82.023,133,0.66323
82.035,133,0.66323
82.047,133,0.66323
82.059,133,0.66323
82.072,133,0.66323
82.084,133,0.66323
82.096,133,0.66323
82.108,133,0.66323
82.12,133,0.66323
82.132,133,0.66323
82.145,133,0.66323
82.157,133,0.66323
82.169,133,0.66323
82.181,133,0.66323
82.193,133,0.66323
82.205,133,0.66323
82.217,133,0.66323
82.229,133,0.66323
82.241,133,0.66323
82.253,133,0.66323
82.265,133,0.66323
82.277,133,0.66323
82.289,133,0.66323
82.301,133,0.66323
82.313,133,0.66323
82.325,133,0.66323
82.337,133,0.66323
82.349,133,0.66323
82.361,133,0.66323
82.373,133,0.66323
82.385,133,0.66323
82.396,133,0.66323
82.408,133,0.66323
82.42,133,0.66323
82.432,133,0.66323
82.444,133,0.66323
82.455,133,0.66323
82.467,133,0.66323
82.479,133,0.66323
82.49,133,0.66323
82.502,133,0.66323
82.514,133,0.66323
82.525,133,0.66323
82.537,133,0.66323
82.549,133,0.66323
82.56,133,0.66323
82.572,133,0.66323
82.583,133,0.66323
82.595,133,0.66323
82.606,133,0.66323
82.618,133,0.66323
82.629,133,0.66323
82.641,133,0.66323
82.652,133,0.66323
82.663,133,0.66323
82.675,133,0.66323
82.686,133,0.66323
82.697,133,0.66323
82.709,133,0.66323
82.72,133,0.66323
82.731,133,0.66323
82.742,133,0.66323
82.754,133,0.66323
82.765,133,0.66323
82.776,133,0.66323
82.787,133,0.66323
82.798,133,0.66323
82.809,133,0.66323
82.821,133,0.66323
82.832,133,0.66323
82.843,133,0.66323
82.854,133,0.66323
82.865,133,0.66323
82.876,133,0.66323
82.887,133,0.66323
82.897,133,0.66323
82.908,133,0.66323
82.919,133,0.66323
82.93,133,0.66323
82.941,133,0.66323
82.952,133,0.66323
82.962,133,0.66323
82.973,133,0.66323
82.984,133,0.66323
82.995,133,0.66323
83.005,133,0.66323
83.016,133,0.66323
83.026,133,0.66323
83.037,133,0.66323
83.048,133,0.66323
83.058,133,0.66323
83.069,133,0.66323
83.079,133,0.66323
83.09,133,0.66323
83.1,133,0.66323
83.111,133,0.66323
83.121,133,0.66323
83.131,133,0.66323
83.142,133,0.66323
83.152,133,0.66323
83.162,133,0.66323
83.172,133,0.66323
83.183,133,0.66323
83.193,133,0.66323
83.203,133,0.66323
83.213,133,0.66323
83.223,133,0.66323
83.233,133,0.66323
83.243,133,0.66323
83.253,133,0.66323
83.263,133,0.66323
83.273,133,0.66323
83.283,133,0.66323
83.293,133,0.66323
83.303,133,0.66323
83.313,133,0.66323
83.323,133,0.66323
83.333,133,0.66323
83.343,133,0.66323
83.352,133,0.66323
83.362,133,0.66323
83.372,133,0.66323
83.381,133,0.66323
83.391,133,0.66323
83.401,133,0.66323
83.41,133,0.66323
83.42,133,0.66323
83.429,133,0.66323
83.439,133,0.66323
83.448,133,0.66323
83.458,133,0.66323
83.467,133,0.66323
83.476,133,0.66323
83.486,133,0.66323
83.495,133,0.66323
83.504,133,0.66323
83.514,133,0.66323
83.523,133,0.66323
83.532,133,0.66323
83.541,133,0.66323
83.55,133,0.66323
83.56,133,0.66323
83.569,133,0.66323
83.578,133,0.66323
83.587,133,0.66323
83.596,133,0.66323
83.605,133,0.66323
83.614,133,0.66323
83.623,133,0.66323
83.631,133,0.66323
83.64,133,0.66323
83.649,133,0.66323
83.658,133,0.66323
83.667,133,0.66323
83.675,133,0.66323
83.684,133,0.66323
83.693,133,0.66323
83.701,133,0.66323
83.71,133,0.66323
83.718,133,0.66323
83.727,133,0.66323
83.736,133,0.66323
83.744,133,0.66323
83.752,133,0.66323
83.761,133,0.66323
83.769,133,0.66323
83.778,133,0.66323
83.786,133,0.66323
83.794,133,0.66323
83.803,133,0.66323
83.811,133,0.66323
83.819,133,0.66323
83.827,133,0.66323
83.835,133,0.66323
83.843,133,0.66323
83.852,133,0.66323
83.86,133,0.66323
83.868,133,0.66323
83.876,133,0.66323
83.884,133,0.66323
83.892,133,0.66323
83.899,133,0.66323
83.907,133,0.66323
83.915,133,0.66323
83.923,133,0.66323
83.931,133,0.66323
83.939,133,0.66323
83.946,133,0.66323
83.954,133,0.66323
83.962,133,0.66323
83.969,133,0.66323
83.977,133,0.66323
83.984,133,0.66323
83.992,133,0.66323
83.999,133,0.66323
84.007,133,0.66323
84.014,133,0.66323
84.022,133,0.66323
84.029,133,0.66323
84.036,133,0.66323
84.044,133,0.66323
84.051,133,0.66323
84.058,133,0.66323
84.066,133,0.66323
84.073,133,0.66323
84.08,133,0.66323
84.087,133,0.66323
84.094,133,0.66323
84.101,133,0.66323
84.108,133,0.66323
84.115,133,0.66323
84.122,133,0.66323
84.129,133,0.66323
84.136,133,0.66323
84.143,133,0.66323
84.15,133,0.66323
84.157,133,0.66323
84.164,133,0.66323
84.17,133,0.66323
84.177,133,0.66323
84.184,133,0.66323
84.191,133,0.66323
84.197,133,0.66323
84.204,133,0.66323
84.211,133,0.66323
84.217,133,0.66323
84.224,133,0.66323
84.23,133,0.66323
84.237,133,0.66323
84.243,133,0.66323
84.249,133,0.66323
84.256,133,0.66323
84.262,133,0.66323
84.269,133,0.66323
84.275,133,0.66323
84.281,133,0.66323
84.287,133,0.66323
84.294,133,0.66323
84.3,133,0.66323
84.306,133,0.66323
84.312,133,0.66323
84.318,133,0.66323
84.324,133,0.66323
84.33,133,0.66323
84.336,133,0.66323
84.342,133,0.66323
84.348,133,0.66323
84.354,133,0.66323
84.36,133,0.66323
84.366,133,0.66323
84.372,133,0.66323
84.378,133,0.66323
84.383,133,0.66323
84.389,133,0.66323
84.395,133,0.66323
84.401,133,0.66323
84.406,133,0.66323
84.412,133,0.66323
84.417,133,0.66323
84.423,133,0.66323
84.429,133,0.66323
84.434,133,0.66323
84.44,133,0.66323
84.445,133,0.66323
84.451,133,0.66323
84.456,133,0.66323
84.461,133,0.66323
84.467,133,0.66323
84.472,133,0.66323
84.477,133,0.66323
84.483,133,0.66323
84.488,133,0.66323
84.493,133,0.66323
84.498,133,0.66323
84.504,133,0.66323
84.509,133,0.66323
84.514,133,0.66323
84.519,133,0.66323
84.524,133,0.66323
84.529,133,0.66323
84.534,133,0.66323
84.539,133,0.66323
84.544,133,0.66323
84.549,133,0.66323
84.554,133,0.66323
84.559,133,0.66323
84.564,133,0.66323
84.568,133,0.66323
84.573,133,0.66323
84.578,133,0.66323
84.583,133,0.66323
84.587,133,0.66323
84.592,133,0.66323
84.597,133,0.66323
84.601,133,0.66323
84.606,133,0.66323
84.611,133,0.66323
84.615,133,0.66323
84.62,133,0.66323
84.624,133,0.66323
84.629,133,0.66323
84.633,133,0.66323
84.638,133,0.66323
84.642,133,0.66323
84.647,133,0.66323
84.651,133,0.66323
84.655,133,0.66323
84.66,133,0.66323
84.664,133,0.66323
84.668,133,0.66323
84.672,133,0.66323
84.677,133,0.66323
84.681,133,0.66323
84.685,133,0.66323
84.689,133,0.66323
84.693,133,0.66323
84.697,133,0.66323
84.701,133,0.66323
84.706,133,0.66323
84.71,133,0.66323
84.714,133,0.66323
84.718,133,0.66323
84.722,133,0.66323
84.726,133,0.66323
84.729,133,0.66323
84.733,133,0.66323
84.737,133,0.66323
84.741,133,0.66323
84.745,133,0.66323
84.749,133,0.66323
84.752,133,0.66323
84.756,133,0.66323
84.76,133,0.66323
84.764,133,0.66323
84.767,133,0.66323
84.771,133,0.66323
84.775,133,0.66323
84.778,133,0.66323
84.782,133,0.66323
84.786,133,0.66323
84.789,133,0.66323
84.793,133,0.66323
84.796,133,0.66323
84.8,133,0.66323
84.803,133,0.66323
84.807,133,0.66323
84.81,133,0.66323
84.814,133,0.66323
84.817,133,0.66323
84.82,133,0.66323
84.824,133,0.66323
84.827,133,0.66323
84.83,133,0.66323
84.834,133,0.66323
84.837,133,0.66323
84.84,133,0.66323
84.843,133,0.66323
84.847,133,0.66323
84.85,133,0.66323
84.853,133,0.66323
84.856,133,0.66323
84.859,133,0.66323
84.862,133,0.66323
84.866,133,0.66323
84.869,133,0.66323
84.872,133,0.66323
84.875,133,0.66323
84.878,133,0.66323
84.881,133,0.66323
84.884,133,0.66323
84.887,133,0.66323
84.89,133,0.66323
84.893,133,0.66323
84.896,133,0.66323
84.899,133,0.66323
84.901,133,0.66323
84.904,133,0.66323
84.907,133,0.66323
84.91,133,0.66323
84.913,133,0.66323
84.916,133,0.66323
84.918,133,0.66323
84.921,133,0.66323
84.924,133,0.66323
84.927,133,0.66323
84.929,133,0.66323
84.932,133,0.66323
84.935,133,0.66323
84.937,133,0.66323
84.94,133,0.66323
84.943,133,0.66323
84.945,133,0.66323
84.948,133,0.66323
84.95,133,0.66323
84.953,133,0.66323
84.956,133,0.66323
84.958,133,0.66323
84.961,133,0.66323
84.963,133,0.66323
84.966,133,0.66323
84.968,133,0.66323
84.971,133,0.66323
84.973,133,0.66323
84.975,133,0.66323
84.978,133,0.66323
84.98,133,0.66323
84.983,133,0.66323
84.985,133,0.66323
84.987,133,0.66323
84.99,133,0.66323
84.992,133,0.66323
84.994,133,0.66323
84.997,133,0.66323
84.999,133,0.66323
85.001,133,0.66323
85.004,133,0.66323
85.006,133,0.66323
85.008,133,0.66323
85.01,133,0.66323
85.012,133,0.66323
85.015,133,0.66323
85.017,133,0.66323
85.019,133,0.66323
85.021,133,0.66323
85.023,133,0.66323
85.025,133,0.66323
85.028,133,0.66323
85.03,133,0.66323
85.032,133,0.66323
85.034,133,0.66323
85.036,133,0.66323
85.038,133,0.66323
85.04,133,0.66323
85.042,133,0.66323
85.044,133,0.66323
85.046,133,0.66323
85.048,133,0.66323
85.05,133,0.66323
85.052,133,0.66323
85.054,133,0.66323
85.056,133,0.66323
85.058,133,0.66323
85.06,133,0.66323
85.062,133,0.66323
85.064,133,0.66323
85.066,133,0.66323
85.067,133,0.66323
85.069,133,0.66323
85.071,133,0.66323
85.073,133,0.66323
85.075,133,0.66323
85.077,133,0.66323
85.079,133,0.66323
85.08,133,0.66323
85.082,133,0.66323
85.084,133,0.66323
85.086,133,0.66323
85.088,133,0.66323
85.089,133,0.66323
85.091,133,0.66323
85.093,133,0.66323
85.095,133,0.66323
85.096,133,0.66323
85.098,133,0.66323
85.1,133,0.66323
85.102,133,0.66323
85.103,133,0.66323
85.105,133,0.66323
85.107,133,0.66323
85.108,133,0.66323
85.11,133,0.66323
85.112,133,0.66323
85.113,133,0.66323
85.115,133,0.66323
85.117,133,0.66323
85.118,133,0.66323
85.12,133,0.66323
85.121,133,0.66323
85.123,133,0.66323
85.125,133,0.66323
85.126,133,0.66323
85.128,133,0.66323
85.129,133,0.66323
85.131,133,0.66323
85.133,133,0.66323
85.134,133,0.66323
85.136,133,0.66323
85.137,133,0.66323
85.139,133,0.66323
85.14,133,0.66323
85.142,133,0.66323
85.143,133,0.66323
85.145,133,0.66323
85.146,133,0.66323
85.148,133,0.66323
85.149,133,0.66323
85.151,133,0.66323
85.152,133,0.66323
85.154,133,0.66323
85.155,133,0.66323
85.157,133,0.66323
85.158,133,0.66323
85.16,133,0.66323
85.161,133,0.66323
85.163,133,0.66323
85.164,133,0.66323
85.166,133,0.66323
85.167,133,0.66323
85.168,133,0.66323
85.17,133,0.66323
85.171,133,0.66323
85.173,133,0.66323
85.174,133,0.66323
85.176,133,0.66323
85.177,133,0.66323
85.178,133,0.66323
85.18,133,0.66323
85.181,133,0.66323
85.183,133,0.66323
85.184,133,0.66323
85.185,133,0.66323
85.187,133,0.66323
85.188,133,0.66323
85.19,133,0.66323
85.191,133,0.66323
85.192,133,0.66323
85.194,133,0.66323
85.195,133,0.66323
85.196,133,0.66323
85.198,133,0.66323
85.199,133,0.66323
85.2,133,0.66323
85.202,133,0.66323
85.203,133,0.66323
85.204,133,0.66323
85.206,133,0.66323
85.207,133,0.66323
85.208,133,0.66323
85.21,133,0.66323
85.211,133,0.66323
85.212,133,0.66323
85.214,133,0.66323
85.215,133,0.66323
85.216,133,0.66323
85.218,133,0.66323
85.219,133,0.66323
85.22,133,0.66323
85.222,133,0.66323
85.223,133,0.66323
85.224,133,0.66323
85.226,133,0.66323
85.227,133,0.66323
85.228,133,0.66323
85.23,133,0.66323
85.231,133,0.66323
85.232,133,0.66323
85.234,133,0.66323
85.235,133,0.66323
85.236,133,0.66323
85.237,133,0.66323
85.239,133,0.66323
85.24,133,0.66323
85.241,133,0.66323
85.243,133,0.66323
85.244,133,0.66323
85.245,133,0.66323
85.247,133,0.66323
85.248,133,0.66323
85.249,133,0.66323
85.251,133,0.66323
85.252,133,0.66323
85.253,133,0.66323
85.254,133,0.66323
85.256,133,0.66323
85.257,133,0.66323
85.258,133,0.66323
85.26,133,0.66323
85.261,133,0.66323
85.262,133,0.66323
85.264,133,0.66323
85.265,133,0.66323
85.266,133,0.66323
85.267,133,0.66323
85.269,133,0.66323
85.27,133,0.66323
85.271,133,0.66323
85.273,133,0.66323
85.274,133,0.66323
85.275,133,0.66323
85.277,133,0.66323
85.278,133,0.66323
85.279,133,0.66323
85.281,133,0.66323
85.282,133,0.66323
85.283,133,0.66323
85.285,133,0.66323
85.286,133,0.66323
85.287,133,0.66323
85.288,133,0.66323
85.29,133,0.66323
85.291,133,0.66323
85.292,133,0.66323
85.294,133,0.66323
85.295,133,0.66323
85.296,133,0.66323
85.298,133,0.66323
85.299,133,0.66323
85.301,133,0.66323
85.302,133,0.66323
85.303,133,0.66323
85.305,133,0.66323
85.306,133,0.66323
85.307,133,0.66323
85.309,133,0.66323
85.31,133,0.66323
85.311,133,0.66323
85.313,133,0.66323
85.314,133,0.66323
85.315,133,0.66323
85.317,133,0.66323
85.318,133,0.66323
85.32,133,0.66323
85.321,133,0.66323
85.322,133,0.66323
85.324,133,0.66323
85.325,133,0.66323
85.326,133,0.66323
85.328,133,0.66323
85.329,133,0.66323
85.331,133,0.66323
85.332,133,0.66323
85.333,133,0.66323
85.335,133,0.66323
85.336,133,0.66323
85.338,133,0.66323
85.339,133,0.66323
85.341,133,0.66323
85.342,133,0.66323
85.343,133,0.66323
85.345,133,0.66323
85.346,133,0.66323
85.348,133,0.66323
85.349,133,0.66323
85.351,133,0.66323
85.352,133,0.66323
85.353,133,0.66323
85.355,133,0.66323
85.356,133,0.66323
85.358,133,0.66323
85.359,133,0.66323
85.361,133,0.66323
85.362,133,0.66323
85.364,133,0.66323
85.365,133,0.66323
85.367,133,0.66323
85.368,133,0.66323
85.37,133,0.66323
85.371,133,0.66323
85.373,133,0.66323
85.374,133,0.66323
85.376,133,0.66323
85.377,133,0.66323
85.379,133,0.66323
85.38,133,0.66323
85.382,133,0.66323
85.383,133,0.66323
85.385,133,0.66323
85.386,133,0.66323
85.388,133,0.66323
85.389,133,0.66323
85.391,133,0.66323
85.393,133,0.66323
85.394,133,0.66323
85.396,133,0.66323
85.397,133,0.66323
85.399,133,0.66323
85.4,133,0.66323
85.402,133,0.66323
85.404,133,0.66323
85.405,133,0.66323
85.407,133,0.66323
85.408,133,0.66323
85.41,133,0.66323
85.412,133,0.66323
85.413,133,0.66323
85.415,133,0.66323
85.416,133,0.66323
85.418,133,0.66323
85.42,133,0.66323
85.421,133,0.66323
85.423,133,0.66323
85.425,133,0.66323
85.426,133,0.66323
85.428,133,0.66323
85.43,133,0.66323
85.431,133,0.66323
85.433,133,0.66323
85.435,133,0.66323
85.436,133,0.66323
85.438,133,0.66323
85.44,133,0.66323
85.441,133,0.66323
85.443,133,0.66323
85.445,133,0.66323
85.446,133,0.66323
85.448,133,0.66323
85.45,133,0.66323
85.452,133,0.66323
85.453,133,0.66323
85.455,133,0.66323
85.457,133,0.66323
85.459,133,0.66323
85.46,133,0.66323
85.462,133,0.66323
85.464,133,0.66323
85.466,133,0.66323
85.467,133,0.66323
85.469,133,0.66323
85.471,133,0.66323
85.473,133,0.66323
85.475,133,0.66323
85.476,133,0.66323
85.478,133,0.66323
85.48,133,0.66323
85.482,133,0.66323
85.484,133,0.66323
85.485,133,0.66323
85.487,133,0.66323
85.489,133,0.66323
85.491,133,0.66323
85.493,133,0.66323
85.495,133,0.66323
85.496,133,0.66323
85.498,133,0.66323
85.5,133,0.66323
85.502,133,0.66323
85.504,133,0.66323
85.506,133,0.66323
85.508,133,0.66323
85.51,133,0.66323
85.511,133,0.66323
85.513,133,0.66323
85.515,133,0.66323
85.517,133,0.66323
85.519,133,0.66323
85.521,133,0.66323
85.523,133,0.66323
85.525,133,0.66323
85.527,133,0.66323
85.529,133,0.66323
85.531,133,0.66323
85.533,133,0.66323
85.535,133,0.66323
85.536,133,0.66323
85.538,133,0.66323
85.54,133,0.66323
85.542,133,0.66323
85.544,133,0.66323
85.546,133,0.66323
85.548,133,0.66323
85.55,133,0.66323
85.552,133,0.66323
85.554,133,0.66323
85.556,133,0.66323
85.558,133,0.66323
85.56,133,0.66323
85.562,133,0.66323
85.564,133,0.66323
85.567,133,0.66323
85.569,133,0.66323
85.571,133,0.66323
85.573,133,0.66323
85.575,133,0.66323
85.577,133,0.66323
85.579,133,0.66323
85.581,133,0.66323
85.583,133,0.66323
85.585,133,0.66323
85.587,133,0.66323
85.589,133,0.66323
85.591,133,0.66323
85.593,133,0.66323
85.596,133,0.66323
85.598,133,0.66323
85.6,133,0.66323
85.602,133,0.66323
85.604,133,0.66323
85.606,133,0.66323
85.608,133,0.66323
85.611,133,0.66323
85.613,133,0.66323
85.615,133,0.66323
85.617,133,0.66323
85.619,133,0.66323
85.621,133,0.66323
85.623,133,0.66323
85.626,133,0.66323
85.628,133,0.66323
85.63,133,0.66323
85.632,133,0.66323
85.634,133,0.66323
85.637,133,0.66323
85.639,133,0.66323
85.641,133,0.66323
85.643,133,0.66323
85.646,133,0.66323
85.648,133,0.66323
85.65,133,0.66323
85.652,133,0.66323
85.654,133,0.66323
85.657,133,0.66323
85.659,133,0.66323
85.661,133,0.66323
85.663,133,0.66323
85.666,133,0.66323
85.668,133,0.66323
85.67,133,0.66323
85.673,133,0.66323
85.675,133,0.66323
85.677,133,0.66323
85.679,133,0.66323
85.682,133,0.66323
85.684,133,0.66323
85.686,133,0.66323
85.689,133,0.66323
85.691,133,0.66323
85.693,133,0.66323
85.696,133,0.66323
85.698,133,0.66323
85.7,133,0.66323
85.703,133,0.66323
85.705,133,0.66323
85.707,133,0.66323
85.71,133,0.66323
85.712,133,0.66323
85.714,133,0.66323
85.717,133,0.66323
85.719,133,0.66323
85.721,133,0.66323
85.724,133,0.66323
85.726,133,0.66323
85.729,133,0.66323
85.731,133,0.66323
85.733,133,0.66323
85.736,133,0.66323
85.738,133,0.66323
85.741,133,0.66323
85.743,133,0.66323
85.745,133,0.66323
85.748,133,0.66323
85.75,133,0.66323
85.753,133,0.66323
85.755,133,0.66323
85.758,133,0.66323
85.76,133,0.66323
85.762,133,0.66323
85.765,133,0.66323
85.767,133,0.66323
85.77,133,0.66323
85.772,133,0.66323
85.775,133,0.66323
85.777,133,0.66323
85.78,133,0.66323
85.782,133,0.66323
85.785,133,0.66323
85.787,133,0.66323
85.79,133,0.66323
85.792,133,0.66323
85.795,133,0.66323
85.797,133,0.66323
85.8,133,0.66323
85.802,133,0.66323
85.805,133,0.66323
85.807,133,0.66323
85.81,133,0.66323
85.812,133,0.66323
85.815,133,0.66323
85.817,133,0.66323
85.82,133,0.66323
85.822,133,0.66323
85.825,133,0.66323
85.827,133,0.66323
85.83,133,0.66323
85.832,133,0.66323
85.835,133,0.66323
85.838,133,0.66323
85.84,133,0.66323
85.843,133,0.66323
85.845,133,0.66323
85.848,133,0.66323
85.85,133,0.66323
85.853,133,0.66323
85.856,133,0.66323
85.858,133,0.66323
85.861,133,0.66323
85.863,133,0.66323
85.866,133,0.66323
85.868,133,0.66323
85.871,133,0.66323
85.874,133,0.66323
85.876,133,0.66323
85.879,133,0.66323
85.881,133,0.66323
85.884,133,0.66323
85.887,133,0.66323
85.889,133,0.66323
85.892,133,0.66323
85.895,133,0.66323
85.897,133,0.66323
85.9,133,0.66323
85.902,133,0.66323
85.905,133,0.66323
85.908,133,0.66323
85.91,133,0.66323
85.913,133,0.66323
85.916,133,0.66323
85.918,133,0.66323
85.921,133,0.66323
85.924,133,0.66323
85.926,133,0.66323
85.929,133,0.66323
85.932,133,0.66323
85.934,133,0.66323
85.937,133,0.66323
85.94,133,0.66323
85.942,133,0.66323
85.945,133,0.66323
85.948,133,0.66323
85.95,133,0.66323
85.953,133,0.66323
85.956,133,0.66323
85.958,133,0.66323
85.961,133,0.66323
85.964,133,0.66323
85.966,133,0.66323
85.969,133,0.66323
85.972,133,0.66323
85.974,133,0.66323
85.977,133,0.66323
85.98,133,0.66323
85.983,133,0.66323
85.985,133,0.66323
85.988,133,0.66323
85.991,133,0.66323
85.993,133,0.66323
85.996,133,0.66323
85.999,133,0.66323
86.002,133,0.66323
86.004,133,0.66323
86.007,133,0.66323
86.01,133,0.66323
86.012,133,0.66323
86.015,133,0.66323
86.018,133,0.66323
86.021,133,0.66323
86.023,133,0.66323
86.026,133,0.66323
86.029,133,0.66323
86.032,133,0.66323
86.034,133,0.66323
86.037,133,0.66323
86.04,133,0.66323
86.042,133,0.66323
86.045,133,0.66323
86.048,133,0.66323
86.051,133,0.66323
86.053,133,0.66323
86.056,133,0.66323
86.059,133,0.66323
86.062,133,0.66323
86.064,133,0.66323
86.067,133,0.66323
86.07,133,0.66323
86.073,133,0.66323
86.075,133,0.66323
86.078,133,0.66323
86.081,133,0.66323
86.084,133,0.66323
86.087,133,0.66323
86.089,133,0.66323
86.092,133,0.66323
86.095,133,0.66323
86.098,133,0.66323
86.1,133,0.66323
86.103,133,0.66323
86.106,133,0.66323
86.109,133,0.66323
86.111,133,0.66323
86.114,133,0.66323
86.117,133,0.66323
86.12,133,0.66323
86.123,133,0.66323
86.125,133,0.66323
86.128,133,0.66323
86.131,133,0.66323
86.134,133,0.66323
86.136,133,0.66323
86.139,133,0.66323
86.142,133,0.66323
86.145,133,0.66323
86.148,133,0.66323
86.15,133,0.66323
86.153,133,0.66323
86.156,133,0.66323
86.159,133,0.66323
86.161,133,0.66323
86.164,133,0.66323
86.167,133,0.66323
86.17,133,0.66323
86.173,133,0.66323
86.175,133,0.66323
86.178,133,0.66323
86.181,133,0.66323
86.184,133,0.66323
86.187,133,0.66323
86.189,133,0.66323
86.192,133,0.66323
86.195,133,0.66323
86.198,133,0.66323
86.201,133,0.66323
86.203,133,0.66323
86.206,133,0.66323
86.209,133,0.66323
86.212,133,0.66323
86.214,133,0.66323
86.217,133,0.66323
86.22,133,0.66323
86.223,133,0.66323
86.226,133,0.66323
86.228,133,0.66323
86.231,133,0.66323
86.234,133,0.66323
86.237,133,0.66323
86.24,133,0.66323
86.242,133,0.66323
86.245,133,0.66323
86.248,133,0.66323
86.251,133,0.66323
86.254,133,0.66323
86.256,133,0.66323
86.259,133,0.66323
86.262,133,0.66323
86.265,133,0.66323
86.267,133,0.66323
86.27,133,0.66323
86.273,133,0.66323
86.276,133,0.66323
86.279,133,0.66323
86.281,133,0.66323
86.284,133,0.66323
86.287,133,0.66323
86.29,133,0.66323
86.293,133,0.66323
86.295,133,0.66323
86.298,133,0.66323
86.301,133,0.66323
86.304,133,0.66323
86.306,133,0.66323
86.309,133,0.66323
86.312,133,0.66323
86.315,133,0.66323
86.318,133,0.66323
86.32,133,0.66323
86.323,133,0.66323
86.326,133,0.66323
86.329,133,0.66323
86.331,133,0.66323
86.334,133,0.66323
86.337,133,0.66323
86.34,133,0.66323
86.343,133,0.66323
86.345,133,0.66323
86.348,133,0.66323
86.351,133,0.66323
86.354,133,0.66323
86.356,133,0.66323
86.359,133,0.66323
86.362,133,0.66323
86.365,133,0.66323
86.367,133,0.66323
86.37,133,0.66323
86.373,133,0.66323
86.376,133,0.66323
86.379,133,0.66323
86.381,133,0.66323
86.384,133,0.66323
86.387,133,0.66323
86.39,133,0.66323
86.392,133,0.66323
86.395,133,0.66323
86.398,133,0.66323
86.401,133,0.66323
86.403,133,0.66323
86.406,133,0.66323
86.409,133,0.66323
86.412,133,0.66323
86.414,133,0.66323
86.417,133,0.66323
86.42,133,0.66323
86.423,133,0.66323
86.425,133,0.66323
86.428,133,0.66323
86.431,133,0.66323
86.433,133,0.66323
86.436,133,0.66323
86.439,133,0.66323
86.442,133,0.66323
86.444,133,0.66323
86.447,133,0.66323
86.45,133,0.66323
86.453,133,0.66323
86.455,133,0.66323
86.458,133,0.66323
86.461,133,0.66323
86.463,133,0.66323
86.466,133,0.66323
86.469,133,0.66323
86.472,133,0.66323
86.474,133,0.66323
86.477,133,0.66323
86.48,133,0.66323
86.482,133,0.66323
86.485,133,0.66323
86.488,133,0.66323
86.491,133,0.66323
86.493,133,0.66323
86.496,133,0.66323
86.499,133,0.66323
86.501,133,0.66323
86.504,133,0.66323
86.507,133,0.66323
86.509,133,0.66323
86.512,133,0.66323
86.515,133,0.66323
86.517,133,0.66323
86.52,133,0.66323
86.523,133,0.66323
86.526,133,0.66323
86.528,133,0.66323
86.531,133,0.66323
86.534,133,0.66323
86.536,133,0.66323
86.539,133,0.66323
86.542,133,0.66323
86.544,133,0.66323
86.547,133,0.66323
86.55,133,0.66323
86.552,133,0.66323
86.555,133,0.66323
86.557,133,0.66323
86.56,133,0.66323
86.563,133,0.66323
86.565,133,0.66323
86.568,133,0.66323
86.571,133,0.66323
86.573,133,0.66323
86.576,133,0.66323
86.579,133,0.66323
86.581,133,0.66323
86.584,133,0.66323
86.587,133,0.66323
86.589,133,0.66323
86.592,133,0.66323
86.594,133,0.66323
86.597,133,0.66323
86.6,133,0.66323
86.602,133,0.66323
86.605,133,0.66323
86.607,133,0.66323
86.61,133,0.66323
86.613,133,0.66323
86.615,133,0.66323
86.618,133,0.66323
86.62,133,0.66323
86.623,133,0.66323
86.626,133,0.66323
86.628,133,0.66323
86.631,133,0.66323
86.633,133,0.66323
86.636,133,0.66323
86.639,133,0.66323
86.641,133,0.66323
86.644,133,0.66323
86.646,133,0.66323
86.649,133,0.66323
86.651,133,0.66323
86.654,133,0.66323
86.657,133,0.66323
86.659,133,0.66323
86.662,133,0.66323
86.664,133,0.66323
86.667,133,0.66323
86.669,133,0.66323
86.672,133,0.66323
86.674,133,0.66323
86.677,133,0.66323
86.68,133,0.66323
86.682,133,0.66323
86.685,133,0.66323
86.687,133,0.66323
86.69,133,0.66323
86.692,133,0.66323
86.695,133,0.66323
86.697,133,0.66323
86.7,133,0.66323
86.702,133,0.66323
86.705,133,0.66323
86.707,133,0.66323
86.71,133,0.66323
86.712,133,0.66323
86.715,133,0.66323
86.717,133,0.66323
86.72,133,0.66323
86.722,133,0.66323
86.725,133,0.66323
86.727,133,0.66323
86.73,133,0.66323
86.732,133,0.66323
86.735,133,0.66323
86.737,133,0.66323
86.74,133,0.66323
86.742,133,0.66323
86.745,133,0.66323
86.747,133,0.66323
86.75,133,0.66323
86.752,133,0.66323
86.754,133,0.66323
86.757,133,0.66323
86.759,133,0.66323
86.762,133,0.66323
86.764,133,0.66323
86.767,133,0.66323
86.769,133,0.66323
86.772,133,0.66323
86.774,133,0.66323
86.776,133,0.66323
86.779,133,0.66323
86.781,133,0.66323
86.784,133,0.66323
86.786,133,0.66323
86.789,133,0.66323
86.791,133,0.66323
86.793,133,0.66323
86.796,133,0.66323
86.798,133,0.66323
86.801,133,0.66323
86.803,133,0.66323
86.805,133,0.66323
86.808,133,0.66323
86.81,133,0.66323
86.813,133,0.66323
86.815,133,0.66323
86.817,133,0.66323
86.82,133,0.66323
86.822,133,0.66323
86.824,133,0.66323
86.827,133,0.66323
86.829,133,0.66323
86.832,133,0.66323
86.834,133,0.66323
86.836,133,0.66323
86.839,133,0.66323
86.841,133,0.66323
86.843,133,0.66323
86.846,133,0.66323
86.848,133,0.66323
86.85,133,0.66323
86.853,133,0.66323
86.855,133,0.66323
86.857,133,0.66323
86.86,133,0.66323
86.862,133,0.66323
86.864,133,0.66323
86.867,133,0.66323
86.869,133,0.66323
86.871,133,0.66323
86.873,133,0.66323
86.876,133,0.66323
86.878,133,0.66323
86.88,133,0.66323
86.883,133,0.66323
86.885,133,0.66323
86.887,133,0.66323
86.89,133,0.66323
86.892,133,0.66323
86.894,133,0.66323
86.896,133,0.66323
86.899,133,0.66323
86.901,133,0.66323
86.903,133,0.66323
86.905,133,0.66323
86.908,133,0.66323
86.91,133,0.66323
86.912,133,0.66323
86.914,133,0.66323
86.917,133,0.66323
86.919,133,0.66323
86.921,133,0.66323
86.923,133,0.66323
86.926,133,0.66323
86.928,133,0.66323
86.93,133,0.66323
86.932,133,0.66323
86.934,133,0.66323
86.937,133,0.66323
86.939,133,0.66323
86.941,133,0.66323
86.943,133,0.66323
86.946,133,0.66323
86.948,133,0.66323
86.95,133,0.66323
86.952,133,0.66323
86.954,133,0.66323
86.956,133,0.66323
86.959,133,0.66323
86.961,133,0.66323
86.963,133,0.66323
86.965,133,0.66323
86.967,133,0.66323
86.969,133,0.66323
86.972,133,0.66323
86.974,133,0.66323
86.976,133,0.66323
86.978,133,0.66323
86.98,133,0.66323
86.982,133,0.66323
86.985,133,0.66323
86.987,133,0.66323
86.989,133,0.66323
86.991,133,0.66323
86.993,133,0.66323
86.995,133,0.66323
86.997,133,0.66323
86.999,133,0.66323
87.002,133,0.66323
87.004,133,0.66323
87.006,133,0.66323
87.008,133,0.66323
87.01,133,0.66323
87.012,133,0.66323
87.014,133,0.66323
87.016,133,0.66323
87.018,133,0.66323
87.02,133,0.66323
87.022,133,0.66323
87.025,133,0.66323
87.027,133,0.66323
87.029,133,0.66323
87.031,133,0.66323
87.033,133,0.66323
87.035,133,0.66323
87.037,133,0.66323
87.039,133,0.66323
87.041,133,0.66323
87.043,133,0.66323
87.045,133,0.66323
87.047,133,0.66323
87.049,133,0.66323
87.051,133,0.66323
87.053,133,0.66323
87.055,133,0.66323
87.057,133,0.66323
87.059,133,0.66323
87.061,133,0.66323
87.063,133,0.66323
87.065,133,0.66323
87.067,133,0.66323
87.069,133,0.66323
87.071,133,0.66323
87.073,133,0.66323
87.075,133,0.66323
87.077,133,0.66323
87.079,133,0.66323
87.081,133,0.66323
87.083,133,0.66323
87.085,133,0.66323
87.087,133,0.66323
87.089,133,0.66323
87.091,133,0.66323
87.093,133,0.66323
87.095,133,0.66323
87.097,133,0.66323
87.099,133,0.66323
87.101,133,0.66323
87.103,133,0.66323
87.105,133,0.66323
87.107,133,0.66323
87.109,133,0.66323
87.111,133,0.66323
87.112,133,0.66323
87.114,133,0.66323
87.116,133,0.66323
87.118,133,0.66323
87.12,133,0.66323
87.122,133,0.66323
87.124,133,0.66323
87.126,133,0.66323
87.128,133,0.66323
87.13,133,0.66323
87.132,133,0.66323
87.133,133,0.66323
87.135,133,0.66323
87.137,133,0.66323
87.139,133,0.66323
87.141,133,0.66323
87.143,133,0.66323
87.145,133,0.66323
87.147,133,0.66323
87.148,133,0.66323
87.15,133,0.66323
87.152,133,0.66323
87.154,133,0.66323
87.156,133,0.66323
87.158,133,0.66323
87.159,133,0.66323
87.161,133,0.66323
87.163,133,0.66323
87.165,133,0.66323
87.167,133,0.66323
87.169,133,0.66323
87.17,133,0.66323
87.172,133,0.66323
87.174,133,0.66323
87.176,133,0.66323
87.178,133,0.66323
87.179,133,0.66323
87.181,133,0.66323
87.183,133,0.66323
87.185,133,0.66323
87.187,133,0.66323
87.188,133,0.66323
87.19,133,0.66323
87.192,133,0.66323
87.194,133,0.66323
87.196,133,0.66323
87.197,133,0.66323
87.199,133,0.66323
87.201,133,0.66323
87.203,133,0.66323
87.204,133,0.66323
87.206,133,0.66323
87.208,133,0.66323
87.21,133,0.66323
87.211,133,0.66323
87.213,133,0.66323
87.215,133,0.66323
87.217,133,0.66323
87.218,133,0.66323
87.22,133,0.66323
87.222,133,0.66323
87.223,133,0.66323
87.225,133,0.66323
87.227,133,0.66323
87.229,133,0.66323
87.23,133,0.66323
87.232,133,0.66323
87.234,133,0.66323
87.235,133,0.66323
87.237,133,0.66323
87.239,133,0.66323
87.24,133,0.66323
87.242,133,0.66323
87.244,133,0.66323
87.245,133,0.66323
87.247,133,0.66323
87.249,133,0.66323
87.25,133,0.66323
87.252,133,0.66323
87.254,133,0.66323
87.255,133,0.66323
87.257,133,0.66323
87.259,133,0.66323
87.26,133,0.66323
87.262,133,0.66323
87.264,133,0.66323
87.265,133,0.66323
87.267,133,0.66323
87.269,133,0.66323
87.27,133,0.66323
87.272,133,0.66323
87.273,133,0.66323
87.275,133,0.66323
87.277,133,0.66323
87.278,133,0.66323
87.28,133,0.66323
87.281,133,0.66323
87.283,133,0.66323
87.285,133,0.66323
87.286,133,0.66323
87.288,133,0.66323
87.289,133,0.66323
87.291,133,0.66323
87.292,133,0.66323
87.294,133,0.66323
87.296,133,0.66323
87.297,133,0.66323
87.299,133,0.66323
87.3,133,0.66323
87.302,133,0.66323
87.303,133,0.66323
87.305,133,0.66323
87.307,133,0.66323
87.308,133,0.66323
87.31,133,0.66323
87.311,133,0.66323
87.313,133,0.66323
87.314,133,0.66323
87.316,133,0.66323
87.317,133,0.66323
87.319,133,0.66323
87.32,133,0.66323
87.322,133,0.66323
87.323,133,0.66323
87.325,133,0.66323
87.326,133,0.66323
87.328,133,0.66323
87.329,133,0.66323
87.331,133,0.66323
87.332,133,0.66323
87.334,133,0.66323
87.335,133,0.66323
87.337,133,0.66323
87.338,133,0.66323
87.34,133,0.66323
87.341,133,0.66323
87.343,133,0.66323
87.344,133,0.66323
87.346,133,0.66323
87.347,133,0.66323
87.348,133,0.66323
87.35,133,0.66323
87.351,133,0.66323
87.353,133,0.66323
87.354,133,0.66323
87.356,133,0.66323
87.357,133,0.66323
87.359,133,0.66323
87.36,133,0.66323
87.361,133,0.66323
87.363,133,0.66323
87.364,133,0.66323
87.366,133,0.66323
87.367,133,0.66323
87.369,133,0.66323
87.37,133,0.66323
87.371,133,0.66323
87.373,133,0.66323
87.374,133,0.66323
87.376,133,0.66323
87.377,133,0.66323
87.378,133,0.66323
87.38,133,0.66323
87.381,133,0.66323
87.382,133,0.66323
87.384,133,0.66323
87.385,133,0.66323
87.387,133,0.66323
87.388,133,0.66323
87.389,133,0.66323
87.391,133,0.66323
87.392,133,0.66323
87.393,133,0.66323
87.395,133,0.66323
87.396,133,0.66323
87.397,133,0.66323
87.399,133,0.66323
87.4,133,0.66323
87.401,133,0.66323
87.403,133,0.66323
87.404,133,0.66323
87.405,133,0.66323
87.407,133,0.66323
87.408,133,0.66323
87.409,133,0.66323
87.411,133,0.66323
87.412,133,0.66323
87.413,133,0.66323
87.415,133,0.66323
87.416,133,0.66323
87.417,133,0.66323
87.418,133,0.66323
87.42,133,0.66323
87.421,133,0.66323
87.422,133,0.66323
87.424,133,0.66323
87.425,133,0.66323
87.426,133,0.66323
87.427,133,0.66323
87.429,133,0.66323
87.43,133,0.66323
87.431,133,0.66323
87.432,133,0.66323
87.434,133,0.66323
87.435,133,0.66323
87.436,133,0.66323
87.437,133,0.66323
87.439,133,0.66323
87.44,133,0.66323
87.441,133,0.66323
87.442,133,0.66323
87.444,133,0.66323
87.445,133,0.66323
87.446,133,0.66323
87.447,133,0.66323
87.449,133,0.66323
87.45,133,0.66323
87.451,133,0.66323
87.452,133,0.66323
87.453,133,0.66323
87.455,133,0.66323
87.456,133,0.66323
87.457,133,0.66323
87.458,133,0.66323
87.459,133,0.66323
87.461,133,0.66323
87.462,133,0.66323
87.463,133,0.66323
87.464,133,0.66323
87.465,133,0.66323
87.466,133,0.66323
87.468,133,0.66323
87.469,133,0.66323
87.47,133,0.66323
87.471,133,0.66323
87.472,133,0.66323
87.473,133,0.66323
87.475,133,0.66323
87.476,133,0.66323
87.477,133,0.66323
87.478,133,0.66323
87.479,133,0.66323
87.48,133,0.66323
87.481,133,0.66323
87.483,133,0.66323
87.484,133,0.66323
87.485,133,0.66323
87.486,133,0.66323
87.487,133,0.66323
87.488,133,0.66323
87.489,133,0.66323
87.49,133,0.66323
87.491,133,0.66323
87.493,133,0.66323
87.494,133,0.66323
87.495,133,0.66323
87.496,133,0.66323
87.497,133,0.66323
87.498,133,0.66323
87.499,133,0.66323
87.5,133,0.66323
87.501,133,0.66323
87.502,133,0.66323
87.503,133,0.66323
87.504,133,0.66323
87.506,133,0.66323
87.507,133,0.66323
87.508,133,0.66323
87.509,133,0.66323
87.51,133,0.66323
87.511,133,0.66323
87.512,133,0.66323
87.513,133,0.66323
87.514,133,0.66323
87.515,133,0.66323
87.516,133,0.66323
87.517,133,0.66323
87.518,133,0.66323
87.519,133,0.66323
87.52,133,0.66323
87.521,133,0.66323
87.522,133,0.66323
87.523,133,0.66323
87.524,133,0.66323
87.525,133,0.66323
87.526,133,0.66323
87.527,133,0.66323
87.528,133,0.66323
87.529,133,0.66323
87.53,133,0.66323
87.531,133,0.66323
87.532,133,0.66323
87.533,133,0.66323
87.534,133,0.66323
87.535,133,0.66323
87.536,133,0.66323
87.537,133,0.66323
87.538,133,0.66323
87.539,133,0.66323
87.54,133,0.66323
87.541,133,0.66323
87.542,133,0.66323
87.543,133,0.66323
87.544,133,0.66323
87.545,133,0.66323
87.546,133,0.66323
87.547,133,0.66323
87.548,133,0.66323
87.549,133,0.66323
87.55,133,0.66323
87.551,133,0.66323
87.551,133,0.66323
87.552,133,0.66323
87.553,133,0.66323
87.554,133,0.66323
87.555,133,0.66323
87.556,133,0.66323
87.557,133,0.66323
87.558,133,0.66323
87.559,133,0.66323
87.56,133,0.66323
87.561,133,0.66323
87.562,133,0.66323
87.562,133,0.66323
87.563,133,0.66323
87.564,133,0.66323
87.565,133,0.66323
87.566,133,0.66323
87.567,133,0.66323
87.568,133,0.66323
87.569,133,0.66323
87.57,133,0.66323
87.57,133,0.66323
87.571,133,0.66323
87.572,133,0.66323
87.573,133,0.66323
87.574,133,0.66323
87.575,133,0.66323
87.576,133,0.66323
87.577,133,0.66323
87.577,133,0.66323
87.578,133,0.66323
87.579,133,0.66323
87.58,133,0.66323
87.581,133,0.66323
87.582,133,0.66323
87.582,133,0.66323
87.583,133,0.66323
87.584,133,0.66323
87.585,133,0.66323
87.586,133,0.66323
87.587,133,0.66323
87.587,133,0.66323
87.588,133,0.66323
87.589,133,0.66323
87.59,133,0.66323
87.591,133,0.66323
87.591,133,0.66323
87.592,133,0.66323
87.593,133,0.66323
87.594,133,0.66323
87.595,133,0.66323
87.595,133,0.66323
87.596,133,0.66323
87.597,133,0.66323
87.598,133,0.66323
87.599,133,0.66323
87.599,133,0.66323
87.6,133,0.66323
87.601,133,0.66323
87.602,133,0.66323
87.602,133,0.66323
87.603,133,0.66323
87.604,133,0.66323
87.605,133,0.66323
87.605,133,0.66323
87.606,133,0.66323
87.607,133,0.66323
87.608,133,0.66323
87.608,133,0.66323
87.609,133,0.66323
87.61,133,0.66323
87.611,133,0.66323
87.611,133,0.66323
87.612,133,0.66323
87.613,133,0.66323
87.614,133,0.66323
87.614,133,0.66323
87.615,133,0.66323
87.616,133,0.66323
87.616,133,0.66323
87.617,133,0.66323
87.618,133,0.66323
87.619,133,0.66323
87.619,133,0.66323
87.62,133,0.66323
87.621,133,0.66323
87.621,133,0.66323
87.622,133,0.66323
87.623,133,0.66323
87.623,133,0.66323
87.624,133,0.66323
87.625,133,0.66323
87.626,133,0.66323
87.626,133,0.66323
87.627,133,0.66323
87.628,133,0.66323
87.628,133,0.66323
87.629,133,0.66323
87.63,133,0.66323
87.63,133,0.66323
87.631,133,0.66323
87.632,133,0.66323
87.632,133,0.66323
87.633,133,0.66323
87.633,133,0.66323
87.634,133,0.66323
87.635,133,0.66323
87.635,133,0.66323
87.636,133,0.66323
87.637,133,0.66323
87.637,133,0.66323
87.638,133,0.66323
87.639,133,0.66323
87.639,133,0.66323
87.64,133,0.66323
87.64,133,0.66323
87.641,133,0.66323
87.642,133,0.66323
87.642,133,0.66323
87.643,133,0.66323
87.643,133,0.66323
87.644,133,0.66323
87.645,133,0.66323
87.645,133,0.66323
87.646,133,0.66323
87.646,133,0.66323
87.647,133,0.66323
87.648,133,0.66323
87.648,133,0.66323
87.649,133,0.66323
87.649,133,0.66323
87.65,133,0.66323
87.651,133,0.66323
87.651,133,0.66323
87.652,133,0.66323
87.652,133,0.66323
87.653,133,0.66323
87.653,133,0.66323
87.654,133,0.66323
87.655,133,0.66323
87.655,133,0.66323
87.656,133,0.66323
87.656,133,0.66323
87.657,133,0.66323
87.657,133,0.66323
87.658,133,0.66323
87.658,133,0.66323
87.659,133,0.66323
87.659,133,0.66323
