0,112,0
2.2204e-13,112,0.00015666
-4.3806,112,0.00031332
1.8507,112,0.00046998
9.5408,112,0.00062664
10.8,112,0.0007833
10.592,112,0.00093996
11.661,112,0.0010966
13.291,112,0.0012533
15.078,112,0.0014099
16.911,112,0.0015666
18.763,112,0.0017232
20.623,112,0.0018799
22.489,112,0.0020365
24.357,112,0.0021932
26.227,112,0.0023498
28.099,112,0.0025065
29.97,112,0.0026631
31.84,112,0.0028198
33.71,112,0.0029764
35.576,112,0.003133
37.44,112,0.0032897
39.3,112,0.0034463
41.155,112,0.0036029
43.005,112,0.0037596
44.849,112,0.0039162
46.687,112,0.0040728
48.517,112,0.0042294
50.339,112,0.004386
52.152,112,0.0045426
53.956,112,0.0046992
55.75,112,0.0048558
57.533,112,0.0050124
59.304,112,0.005169
61.065,112,0.0053256
62.812,112,0.0054822
64.547,112,0.0056388
66.268,112,0.0057954
67.976,112,0.0059519
69.669,112,0.0061085
71.347,112,0.0062651
73.01,112,0.0064216
74.657,112,0.0065782
76.289,112,0.0067347
77.904,112,0.0068913
79.502,112,0.0070478
81.084,112,0.0072043
82.648,112,0.0073609
84.195,112,0.0075174
85.725,112,0.0076739
87.236,112,0.0078304
88.73,112,0.0079869
90.206,112,0.0081434
91.664,112,0.0082999
93.104,112,0.0084563
94.525,112,0.0086128
95.929,112,0.0087693
97.314,112,0.0089257
98.681,112,0.0090822
100.03,112,0.0092386
101.36,112,0.0093951
102.68,112,0.0095515
103.97,112,0.0097079
105.25,112,0.0098643
106.51,112,0.010021
107.76,112,0.010177
108.98,112,0.010334
110.19,112,0.01049
111.39,112,0.010646
112.57,112,0.010803
113.73,112,0.010959
114.88,112,0.011115
116.01,112,0.011272
117.13,112,0.011428
118.24,112,0.011584
119.33,112,0.011741
120.4,112,0.011897
121.47,112,0.012053
122.52,112,0.01221
123.56,112,0.012366
124.59,112,0.012522
125.6,112,0.012678
126.61,112,0.012835
127.6,112,0.012991
128.59,112,0.013147
129.57,112,0.013303
130.53,112,0.013459
131.49,112,0.013616
132.44,112,0.013772
133.38,112,0.013928
134.32,112,0.014084
135.25,112,0.01424
136.17,112,0.014396
137.09,112,0.014553
138,112,0.014709
138.91,112,0.014865
139.81,112,0.015021
140.7,112,0.015177
141.6,112,0.015333
142.49,112,0.015489
143.37,112,0.015645
144.25,112,0.015801
145.13,112,0.015957
146.01,112,0.016113
146.89,112,0.016269
147.76,112,0.016425
148.64,112,0.016581
149.51,112,0.016737
150.38,112,0.016893
151.25,112,0.017049
152.12,112,0.017205
152.98,112,0.017361
153.85,112,0.017516
154.72,112,0.017672
155.59,112,0.017828
156.46,112,0.017984
157.33,112,0.01814
158.19,112,0.018296
159.06,112,0.018451
159.93,112,0.018607
160.8,112,0.018763
161.67,112,0.018919
162.54,112,0.019074
163.42,112,0.01923
164.29,112,0.019386
165.16,112,0.019541
166.03,112,0.019697
166.91,112,0.019853
167.78,112,0.020008
168.65,112,0.020164
169.53,112,0.02032
170.4,112,0.020475
171.28,112,0.020631
172.15,112,0.020786
173.02,112,0.020942
173.9,112,0.021097
174.77,112,0.021253
175.64,112,0.021408
176.52,112,0.021564
177.39,112,0.021719
178.26,112,0.021875
179.13,112,0.02203
180,112,0.022186
180.87,112,0.022341
181.73,112,0.022496
182.6,112,0.022652
183.46,112,0.022807
184.32,112,0.022962
185.18,112,0.023118
186.04,112,0.023273
186.9,112,0.023428
187.75,112,0.023583
188.6,112,0.023739
189.45,112,0.023894
190.3,112,0.024049
191.14,112,0.024204
191.99,112,0.024359
192.83,112,0.024514
193.67,112,0.024669
194.5,112,0.024825
195.33,112,0.02498
196.16,112,0.025135
196.99,112,0.02529
197.81,112,0.025445
198.63,112,0.0256
199.45,112,0.025755
200.27,112,0.02591
201.08,112,0.026064
201.89,112,0.026219
202.7,112,0.026374
203.51,112,0.026529
204.31,112,0.026684
205.11,112,0.026839
205.91,112,0.026993
206.71,112,0.027148
207.5,112,0.027303
208.29,112,0.027458
209.08,112,0.027612
209.87,112,0.027767
210.66,112,0.027922
211.44,112,0.028076
212.23,112,0.028231
213.01,112,0.028386
213.79,112,0.02854
214.57,112,0.028695
215.35,112,0.028849
216.13,112,0.029004
216.91,112,0.029158
217.69,112,0.029313
218.47,112,0.029467
219.25,112,0.029621
220.03,112,0.029776
220.81,112,0.02993
221.59,112,0.030084
222.37,112,0.030239
223.16,112,0.030393
223.94,112,0.030547
224.73,112,0.030702
225.52,112,0.030856
226.31,112,0.03101
227.11,112,0.031164
227.91,112,0.031318
228.71,112,0.031472
229.51,112,0.031626
230.32,112,0.03178
231.13,112,0.031934
231.94,112,0.032088
232.76,112,0.032242
233.58,112,0.032396
234.41,112,0.03255
235.25,112,0.032704
236.08,112,0.032858
236.93,112,0.033012
237.78,112,0.033166
238.63,112,0.03332
239.49,112,0.033473
240.36,112,0.033627
241.23,112,0.033781
242.11,112,0.033934
243,112,0.034088
243.89,112,0.034242
244.79,112,0.034395
245.7,112,0.034549
246.61,112,0.034702
247.53,112,0.034856
248.47,112,0.035009
249.4,112,0.035163
250.35,112,0.035316
251.3,112,0.03547
252.27,112,0.035623
253.24,112,0.035776
254.22,112,0.03593
255.21,112,0.036083
256.2,112,0.036236
257.21,112,0.03639
258.23,112,0.036543
259.25,112,0.036696
260.28,112,0.036849
261.33,112,0.037002
262.38,112,0.037155
263.44,112,0.037308
264.51,112,0.037461
265.59,112,0.037614
266.68,112,0.037767
267.78,112,0.03792
268.89,112,0.038073
270,112,0.038226
271.13,112,0.038379
272.27,112,0.038532
273.42,112,0.038684
274.57,112,0.038837
275.74,112,0.03899
276.91,112,0.039143
278.1,112,0.039295
279.29,112,0.039448
280.49,112,0.0396
281.71,112,0.039753
282.93,112,0.039906
284.16,112,0.040058
285.4,112,0.040211
286.65,112,0.040363
287.91,112,0.040515
289.18,112,0.040668
290.46,112,0.04082
291.75,112,0.040972
293.04,112,0.041125
294.35,112,0.041277
295.66,112,0.041429
296.98,112,0.041581
298.31,112,0.041733
299.65,112,0.041885
301,112,0.042038
302.36,112,0.04219
303.72,112,0.042342
305.09,112,0.042494
306.48,112,0.042645
307.86,112,0.042797
309.26,112,0.042949
310.67,112,0.043101
312.08,112,0.043253
313.5,112,0.043405
314.93,112,0.043556
316.37,112,0.043708
317.81,112,0.04386
319.27,112,0.044011
320.72,112,0.044163
322.19,112,0.044314
323.66,112,0.044466
325.15,112,0.044617
326.63,112,0.044769
328.13,112,0.04492
329.63,112,0.045072
331.14,112,0.045223
332.66,112,0.045374
334.18,112,0.045525
335.71,112,0.045677
337.24,112,0.045828
338.79,112,0.045979
340.34,112,0.04613
341.89,112,0.046281
343.45,112,0.046432
345.02,112,0.046583
346.59,112,0.046734
348.17,112,0.046885
349.76,112,0.047036
351.35,112,0.047187
352.95,112,0.047338
354.55,112,0.047488
356.16,112,0.047639
357.78,112,0.04779
359.4,112,0.04794
361.02,112,0.048091
362.66,112,0.048242
364.29,112,0.048392
365.94,112,0.048543
367.58,112,0.048693
369.24,112,0.048844
370.9,112,0.048994
372.56,112,0.049144
374.23,112,0.049295
375.91,112,0.049445
377.58,112,0.049595
379.27,112,0.049745
380.96,112,0.049895
382.65,112,0.050045
384.35,112,0.050196
386.06,112,0.050346
387.76,112,0.050496
389.48,112,0.050645
391.2,112,0.050795
392.92,112,0.050945
394.65,112,0.051095
396.38,112,0.051245
398.11,112,0.051395
399.85,112,0.051544
401.6,112,0.051694
403.35,112,0.051844
405.1,112,0.051993
406.86,112,0.052143
408.62,112,0.052292
410.38,112,0.052442
412.15,112,0.052591
413.93,112,0.05274
415.7,112,0.05289
417.48,112,0.053039
419.27,112,0.053188
421.06,112,0.053337
422.85,112,0.053486
424.64,112,0.053636
426.44,112,0.053785
428.24,112,0.053934
430.05,112,0.054083
431.86,112,0.054232
433.67,112,0.05438
435.48,112,0.054529
437.3,112,0.054678
439.12,112,0.054827
440.94,112,0.054976
442.77,112,0.055124
444.6,112,0.055273
446.43,112,0.055421
448.26,112,0.05557
450.1,112,0.055718
451.93,112,0.055867
453.77,112,0.056015
455.62,112,0.056164
457.46,112,0.056312
459.31,112,0.05646
461.16,112,0.056608
463.01,112,0.056757
464.86,112,0.056905
466.71,112,0.057053
468.57,112,0.057201
470.42,112,0.057349
472.28,112,0.057497
474.14,112,0.057645
476,112,0.057792
477.86,112,0.05794
479.72,112,0.058088
481.58,112,0.058236
483.44,112,0.058383
485.31,112,0.058531
487.17,112,0.058679
489.04,112,0.058826
490.9,112,0.058973
492.77,112,0.059121
494.63,112,0.059268
496.49,112,0.059416
498.36,112,0.059563
500.22,112,0.05971
502.09,112,0.059857
503.95,112,0.060004
505.81,112,0.060152
507.68,112,0.060299
509.54,112,0.060446
511.4,112,0.060593
513.26,112,0.060739
515.12,112,0.060886
516.97,112,0.061033
518.83,112,0.06118
520.68,112,0.061326
522.54,112,0.061473
524.39,112,0.06162
526.24,112,0.061766
528.08,112,0.061913
529.93,112,0.062059
531.77,112,0.062206
533.61,112,0.062352
535.45,112,0.062498
537.29,112,0.062644
539.12,112,0.062791
540.96,112,0.062937
542.78,112,0.063083
544.61,112,0.063229
546.43,112,0.063375
548.25,112,0.063521
550.07,112,0.063667
551.89,112,0.063813
553.7,112,0.063958
555.5,112,0.064104
557.31,112,0.06425
559.11,112,0.064395
560.9,112,0.064541
562.7,112,0.064687
564.49,112,0.064832
566.27,112,0.064978
568.05,112,0.065123
569.83,112,0.065268
571.6,112,0.065413
573.37,112,0.065559
575.14,112,0.065704
576.9,112,0.065849
578.65,112,0.065994
580.4,112,0.066139
582.15,112,0.066284
583.89,112,0.066429
585.62,112,0.066574
587.36,112,0.066718
589.08,112,0.066863
590.8,112,0.067008
592.52,112,0.067153
594.23,112,0.067297
595.94,112,0.067442
597.64,112,0.067586
599.33,112,0.06773
601.02,112,0.067875
602.7,112,0.068019
604.38,112,0.068163
606.05,112,0.068308
607.72,112,0.068452
609.38,112,0.068596
611.03,112,0.06874
612.68,112,0.068884
614.32,112,0.069028
615.96,112,0.069172
617.59,112,0.069315
619.21,112,0.069459
620.83,112,0.069603
622.44,112,0.069746
624.04,112,0.06989
625.64,112,0.070034
627.23,112,0.070177
628.81,112,0.07032
630.39,112,0.070464
631.96,112,0.070607
633.52,112,0.07075
635.08,112,0.070894
636.63,112,0.071037
638.17,112,0.07118
639.71,112,0.071323
641.24,112,0.071466
642.76,112,0.071609
644.27,112,0.071751
645.78,112,0.071894
647.28,112,0.072037
648.77,112,0.07218
650.25,112,0.072322
651.73,112,0.072465
653.2,112,0.072607
654.66,112,0.07275
656.12,112,0.072892
657.56,112,0.073034
659,112,0.073177
660.43,112,0.073319
661.86,112,0.073461
663.27,112,0.073603
664.68,112,0.073745
666.08,112,0.073887
667.47,112,0.074029
668.85,112,0.074171
670.23,112,0.074313
671.6,112,0.074454
672.96,112,0.074596
674.31,112,0.074737
675.65,112,0.074879
676.98,112,0.075021
678.31,112,0.075162
679.63,112,0.075303
680.94,112,0.075445
682.24,112,0.075586
683.53,112,0.075727
684.81,112,0.075868
686.09,112,0.076009
687.36,112,0.07615
688.62,112,0.076291
689.87,112,0.076432
691.11,112,0.076573
692.34,112,0.076714
693.56,112,0.076854
694.78,112,0.076995
695.98,112,0.077135
697.18,112,0.077276
698.37,112,0.077416
699.55,112,0.077557
700.72,112,0.077697
701.88,112,0.077837
703.03,112,0.077977
704.18,112,0.078118
705.31,112,0.078258
706.44,112,0.078398
707.56,112,0.078538
708.66,112,0.078677
709.76,112,0.078817
710.85,112,0.078957
711.93,112,0.079097
713.01,112,0.079236
714.07,112,0.079376
715.12,112,0.079515
716.17,112,0.079655
717.2,112,0.079794
718.23,112,0.079933
719.25,112,0.080073
720.25,112,0.080212
721.25,112,0.080351
722.24,112,0.08049
723.22,112,0.080629
724.19,112,0.080768
725.15,112,0.080907
726.11,112,0.081045
727.05,112,0.081184
727.98,112,0.081323
728.91,112,0.081461
729.82,112,0.0816
730.73,112,0.081738
731.63,112,0.081877
732.51,112,0.082015
733.39,112,0.082153
734.26,112,0.082292
735.12,112,0.08243
735.97,112,0.082568
736.81,112,0.082706
737.64,112,0.082844
738.47,112,0.082981
739.28,112,0.083119
740.08,112,0.083257
740.88,112,0.083395
741.67,112,0.083532
742.44,112,0.08367
743.21,112,0.083807
743.97,112,0.083945
744.72,112,0.084082
745.46,112,0.084219
746.19,112,0.084356
746.91,112,0.084493
747.62,112,0.08463
748.32,112,0.084767
749.02,112,0.084904
749.7,112,0.085041
750.38,112,0.085178
751.05,112,0.085315
751.71,112,0.085451
752.36,112,0.085588
753,112,0.085724
753.63,112,0.085861
754.25,112,0.085997
754.86,112,0.086133
755.47,112,0.08627
756.06,112,0.086406
756.65,112,0.086542
757.23,112,0.086678
757.8,112,0.086814
758.36,112,0.08695
758.91,112,0.087086
759.45,112,0.087221
759.99,112,0.087357
760.51,112,0.087492
761.03,112,0.087628
761.54,112,0.087763
762.04,112,0.087899
762.53,112,0.088034
763.02,112,0.088169
763.49,112,0.088305
763.96,112,0.08844
764.42,112,0.088575
764.87,112,0.08871
765.31,112,0.088844
765.74,112,0.088979
766.17,112,0.089114
766.58,112,0.089249
766.99,112,0.089383
767.4,112,0.089518
767.79,112,0.089652
768.17,112,0.089787
768.55,112,0.089921
768.92,112,0.090055
769.28,112,0.090189
769.64,112,0.090323
769.98,112,0.090457
770.32,112,0.090591
770.65,112,0.090725
770.97,112,0.090859
771.29,112,0.090993
771.6,112,0.091126
771.9,112,0.09126
772.19,112,0.091393
772.48,112,0.091527
772.75,112,0.09166
773.03,112,0.091794
773.29,112,0.091927
773.55,112,0.09206
773.8,112,0.092193
774.04,112,0.092326
774.27,112,0.092459
774.5,112,0.092592
774.72,112,0.092724
774.94,112,0.092857
775.15,112,0.09299
775.35,112,0.093122
775.54,112,0.093255
775.73,112,0.093387
775.91,112,0.093519
776.09,112,0.093652
776.26,112,0.093784
776.42,112,0.093916
776.58,112,0.094048
776.73,112,0.09418
776.87,112,0.094312
777.01,112,0.094443
777.14,112,0.094575
777.26,112,0.094707
777.38,112,0.094838
777.5,112,0.09497
777.6,112,0.095101
777.7,112,0.095233
777.8,112,0.095364
777.89,112,0.095495
777.98,112,0.095626
778.06,112,0.095757
778.13,112,0.095888
778.2,112,0.096019
778.26,112,0.09615
778.32,112,0.09628
778.37,112,0.096411
778.42,112,0.096542
778.46,112,0.096672
778.5,112,0.096802
778.53,112,0.096933
778.56,112,0.097063
778.58,112,0.097193
778.6,112,0.097323
778.61,112,0.097453
778.62,112,0.097583
778.63,112,0.097713
778.63,112,0.097843
778.62,112,0.097972
778.61,112,0.098102
778.6,112,0.098232
778.58,112,0.098361
778.56,112,0.09849
778.53,112,0.09862
778.51,112,0.098749
778.47,112,0.098878
778.43,112,0.099007
778.39,112,0.099136
778.35,112,0.099265
778.3,112,0.099394
778.25,112,0.099523
778.19,112,0.099651
778.13,112,0.09978
778.07,112,0.099908
778,112,0.10004
777.94,112,0.10017
777.86,112,0.10029
777.79,112,0.10042
777.71,112,0.10055
777.63,112,0.10068
777.54,112,0.10081
777.46,112,0.10093
777.37,112,0.10106
777.28,112,0.10119
777.18,112,0.10132
777.08,112,0.10144
776.98,112,0.10157
776.88,112,0.1017
776.78,112,0.10183
776.67,112,0.10195
776.56,112,0.10208
776.45,112,0.10221
776.34,112,0.10233
776.22,112,0.10246
776.1,112,0.10259
775.98,112,0.10271
775.86,112,0.10284
775.74,112,0.10297
775.62,112,0.10309
775.49,112,0.10322
775.37,112,0.10335
775.24,112,0.10347
775.11,112,0.1036
774.98,112,0.10373
774.84,112,0.10385
774.71,112,0.10398
774.58,112,0.1041
774.44,112,0.10423
774.3,112,0.10435
774.17,112,0.10448
774.03,112,0.10461
773.89,112,0.10473
773.75,112,0.10486
773.61,112,0.10498
773.47,112,0.10511
773.33,112,0.10523
773.19,112,0.10536
773.05,112,0.10548
772.9,112,0.10561
772.76,112,0.10573
772.62,112,0.10585
772.48,112,0.10598
772.34,112,0.1061
772.19,112,0.10623
772.05,112,0.10635
771.91,112,0.10648
771.77,112,0.1066
771.63,112,0.10672
771.48,112,0.10685
771.34,112,0.10697
771.2,112,0.1071
771.07,112,0.10722
770.93,112,0.10734
770.79,112,0.10747
770.65,112,0.10759
770.51,112,0.10771
770.38,112,0.10784
770.24,112,0.10796
770.11,112,0.10808
769.98,112,0.10821
769.85,112,0.10833
769.72,112,0.10845
769.59,112,0.10857
769.46,112,0.1087
769.33,112,0.10882
769.21,112,0.10894
769.08,112,0.10906
768.96,112,0.10919
768.84,112,0.10931
768.72,112,0.10943
768.61,112,0.10955
768.49,112,0.10967
768.38,112,0.1098
768.27,112,0.10992
768.16,112,0.11004
768.05,112,0.11016
767.94,112,0.11028
767.84,112,0.1104
767.74,112,0.11053
767.64,112,0.11065
767.54,112,0.11077
767.44,112,0.11089
767.35,112,0.11101
767.26,112,0.11113
767.17,112,0.11125
767.09,112,0.11137
767,112,0.11149
766.92,112,0.11161
766.85,112,0.11173
766.77,112,0.11185
766.7,112,0.11197
766.63,112,0.11209
766.56,112,0.11221
766.5,112,0.11233
766.44,112,0.11245
766.38,112,0.11257
766.32,112,0.11269
766.27,112,0.11281
766.22,112,0.11293
766.17,112,0.11305
766.13,112,0.11317
766.09,112,0.11329
766.05,112,0.11341
766.02,112,0.11353
765.99,112,0.11365
765.96,112,0.11377
765.94,112,0.11389
765.92,112,0.114
765.9,112,0.11412
765.89,112,0.11424
765.88,112,0.11436
765.87,112,0.11448
765.87,112,0.1146
765.87,112,0.11471
765.88,112,0.11483
765.88,112,0.11495
765.89,112,0.11507
765.91,112,0.11519
765.93,112,0.1153
765.95,112,0.11542
765.98,112,0.11554
766.01,112,0.11566
766.04,112,0.11577
766.08,112,0.11589
766.12,112,0.11601
766.17,112,0.11612
766.22,112,0.11624
766.27,112,0.11636
766.33,112,0.11647
766.39,112,0.11659
766.46,112,0.11671
766.53,112,0.11682
766.6,112,0.11694
766.68,112,0.11706
766.76,112,0.11717
766.85,112,0.11729
766.94,112,0.1174
767.04,112,0.11752
767.14,112,0.11764
767.24,112,0.11775
767.35,112,0.11787
767.46,112,0.11798
767.57,112,0.1181
767.7,112,0.11821
767.82,112,0.11833
767.95,112,0.11844
768.08,112,0.11856
768.22,112,0.11867
768.36,112,0.11879
768.51,112,0.1189
768.66,112,0.11902
768.81,112,0.11913
768.97,112,0.11925
769.14,112,0.11936
769.31,112,0.11948
769.48,112,0.11959
769.66,112,0.1197
769.84,112,0.11982
770.02,112,0.11993
770.21,112,0.12005
770.41,112,0.12016
770.61,112,0.12027
770.81,112,0.12039
771.02,112,0.1205
771.23,112,0.12061
771.45,112,0.12073
771.67,112,0.12084
771.9,112,0.12095
772.13,112,0.12107
772.36,112,0.12118
772.6,112,0.12129
772.85,112,0.1214
773.09,112,0.12152
773.35,112,0.12163
773.6,112,0.12174
773.87,112,0.12185
774.13,112,0.12196
774.4,112,0.12208
774.68,112,0.12219
774.96,112,0.1223
775.24,112,0.12241
775.53,112,0.12252
775.82,112,0.12264
776.12,112,0.12275
776.42,112,0.12286
776.72,112,0.12297
777.03,112,0.12308
777.35,112,0.12319
777.67,112,0.1233
777.99,112,0.12341
778.32,112,0.12352
778.65,112,0.12363
778.98,112,0.12375
779.32,112,0.12386
779.67,112,0.12397
780.02,112,0.12408
780.37,112,0.12419
780.73,112,0.1243
781.09,112,0.12441
781.45,112,0.12452
781.82,112,0.12463
782.19,112,0.12474
782.57,112,0.12485
782.95,112,0.12495
783.34,112,0.12506
783.73,112,0.12517
784.12,112,0.12528
784.52,112,0.12539
784.92,112,0.1255
785.33,112,0.12561
785.74,112,0.12572
786.15,112,0.12583
786.57,112,0.12593
786.99,112,0.12604
787.41,112,0.12615
787.84,112,0.12626
788.27,112,0.12637
788.71,112,0.12648
789.15,112,0.12658
789.59,112,0.12669
790.04,112,0.1268
790.49,112,0.12691
790.94,112,0.12701
791.4,112,0.12712
791.86,112,0.12723
792.33,112,0.12734
792.8,112,0.12744
793.27,112,0.12755
793.74,112,0.12766
794.22,112,0.12776
794.7,112,0.12787
795.19,112,0.12798
795.68,112,0.12808
796.17,112,0.12819
796.67,112,0.1283
797.16,112,0.1284
797.66,112,0.12851
798.17,112,0.12861
798.68,112,0.12872
799.19,112,0.12883
799.7,112,0.12893
800.22,112,0.12904
800.74,112,0.12914
801.26,112,0.12925
801.78,112,0.12935
802.31,112,0.12946
802.84,112,0.12956
803.38,112,0.12967
803.91,112,0.12977
804.45,112,0.12988
804.99,112,0.12998
805.54,112,0.13009
806.08,112,0.13019
806.63,112,0.1303
807.19,112,0.1304
807.74,112,0.1305
808.3,112,0.13061
808.85,112,0.13071
809.42,112,0.13082
809.98,112,0.13092
810.54,112,0.13102
811.11,112,0.13113
811.68,112,0.13123
812.25,112,0.13133
812.83,112,0.13144
813.4,112,0.13154
813.98,112,0.13164
814.56,112,0.13174
815.14,112,0.13185
815.72,112,0.13195
816.31,112,0.13205
816.9,112,0.13215
817.48,112,0.13226
818.07,112,0.13236
818.67,112,0.13246
819.26,112,0.13256
819.85,112,0.13266
820.45,112,0.13277
821.05,112,0.13287
821.65,112,0.13297
822.25,112,0.13307
822.85,112,0.13317
823.45,112,0.13327
824.05,112,0.13337
824.66,112,0.13348
825.26,112,0.13358
825.87,112,0.13368
826.48,112,0.13378
827.09,112,0.13388
827.7,112,0.13398
828.31,112,0.13408
828.92,112,0.13418
829.53,112,0.13428
830.14,112,0.13438
830.75,112,0.13448
831.37,112,0.13458
831.98,112,0.13468
832.6,112,0.13478
833.21,112,0.13488
833.83,112,0.13498
834.44,112,0.13508
835.06,112,0.13518
835.68,112,0.13528
836.29,112,0.13537
836.91,112,0.13547
837.52,112,0.13557
838.14,112,0.13567
838.76,112,0.13577
839.37,112,0.13587
839.99,112,0.13597
840.61,112,0.13606
841.22,112,0.13616
841.84,112,0.13626
842.45,112,0.13636
843.07,112,0.13646
843.68,112,0.13655
844.3,112,0.13665
844.91,112,0.13675
845.52,112,0.13685
846.13,112,0.13694
846.74,112,0.13704
847.36,112,0.13714
847.97,112,0.13723
848.57,112,0.13733
849.18,112,0.13743
849.79,112,0.13752
850.4,112,0.13762
851,112,0.13772
851.6,112,0.13781
852.21,112,0.13791
852.81,112,0.138
853.41,112,0.1381
854.01,112,0.1382
854.61,112,0.13829
855.2,112,0.13839
855.8,112,0.13848
856.39,112,0.13858
856.98,112,0.13867
857.57,112,0.13877
858.16,112,0.13886
858.75,112,0.13896
859.33,112,0.13905
859.92,112,0.13915
860.5,112,0.13924
861.08,112,0.13934
861.66,112,0.13943
862.23,112,0.13952
862.81,112,0.13962
863.38,112,0.13971
863.95,112,0.13981
864.52,112,0.1399
865.08,112,0.13999
865.65,112,0.14009
866.21,112,0.14018
866.76,112,0.14027
867.32,112,0.14037
867.87,112,0.14046
868.42,112,0.14055
868.97,112,0.14065
869.52,112,0.14074
870.06,112,0.14083
870.6,112,0.14092
871.14,112,0.14102
871.68,112,0.14111
872.21,112,0.1412
872.74,112,0.14129
873.26,112,0.14138
873.79,112,0.14148
874.31,112,0.14157
874.83,112,0.14166
875.34,112,0.14175
875.85,112,0.14184
876.36,112,0.14193
876.87,112,0.14202
877.37,112,0.14212
877.87,112,0.14221
878.36,112,0.1423
878.85,112,0.14239
879.34,112,0.14248
879.83,112,0.14257
880.31,112,0.14266
880.78,112,0.14275
881.26,112,0.14284
881.73,112,0.14293
882.2,112,0.14302
882.66,112,0.14311
883.12,112,0.1432
883.58,112,0.14329
884.03,112,0.14338
884.48,112,0.14347
884.92,112,0.14356
885.36,112,0.14364
885.8,112,0.14373
886.23,112,0.14382
886.66,112,0.14391
887.08,112,0.144
887.5,112,0.14409
887.92,112,0.14418
888.33,112,0.14426
888.74,112,0.14435
889.14,112,0.14444
889.54,112,0.14453
889.93,112,0.14462
890.32,112,0.1447
890.71,112,0.14479
891.09,112,0.14488
891.47,112,0.14497
891.84,112,0.14505
892.21,112,0.14514
892.57,112,0.14523
892.93,112,0.14531
893.29,112,0.1454
893.64,112,0.14549
893.98,112,0.14557
894.32,112,0.14566
894.66,112,0.14575
894.99,112,0.14583
895.31,112,0.14592
895.63,112,0.146
895.95,112,0.14609
896.26,112,0.14618
896.57,112,0.14626
896.87,112,0.14635
897.17,112,0.14643
897.46,112,0.14652
897.74,112,0.1466
898.03,112,0.14669
898.3,112,0.14677
898.57,112,0.14686
898.84,112,0.14694
899.1,112,0.14703
899.36,112,0.14711
899.61,112,0.14719
899.85,112,0.14728
900.09,112,0.14736
900.33,112,0.14745
900.56,112,0.14753
900.78,112,0.14761
901,112,0.1477
901.22,112,0.14778
901.42,112,0.14786
901.63,112,0.14795
901.83,112,0.14803
902.02,112,0.14811
902.2,112,0.1482
902.39,112,0.14828
902.56,112,0.14836
902.73,112,0.14844
902.9,112,0.14853
903.06,112,0.14861
903.21,112,0.14869
903.36,112,0.14877
903.5,112,0.14885
903.64,112,0.14894
903.77,112,0.14902
903.9,112,0.1491
904.02,112,0.14918
904.13,112,0.14926
904.24,112,0.14934
904.34,112,0.14942
904.44,112,0.14951
904.53,112,0.14959
904.62,112,0.14967
904.7,112,0.14975
904.77,112,0.14983
904.84,112,0.14991
904.9,112,0.14999
904.96,112,0.15007
905.01,112,0.15015
905.06,112,0.15023
905.1,112,0.15031
905.13,112,0.15039
905.16,112,0.15047
905.18,112,0.15055
905.2,112,0.15063
905.21,112,0.1507
905.22,112,0.15078
905.21,112,0.15086
905.21,112,0.15094
905.2,112,0.15102
905.18,112,0.1511
905.15,112,0.15118
905.12,112,0.15125
905.09,112,0.15133
905.04,112,0.15141
905,112,0.15149
904.94,112,0.15157
904.88,112,0.15164
904.82,112,0.15172
904.75,112,0.1518
904.67,112,0.15188
904.58,112,0.15195
904.5,112,0.15203
904.4,112,0.15211
904.3,112,0.15218
904.19,112,0.15226
904.08,112,0.15234
903.96,112,0.15241
903.84,112,0.15249
903.71,112,0.15257
903.57,112,0.15264
903.43,112,0.15272
903.28,112,0.15279
903.12,112,0.15287
902.96,112,0.15294
902.8,112,0.15302
902.63,112,0.1531
902.45,112,0.15317
902.27,112,0.15325
902.08,112,0.15332
901.88,112,0.15339
901.68,112,0.15347
901.47,112,0.15354
901.26,112,0.15362
901.04,112,0.15369
900.82,112,0.15377
900.59,112,0.15384
900.35,112,0.15392
900.11,112,0.15399
899.86,112,0.15406
899.61,112,0.15414
899.35,112,0.15421
899.09,112,0.15428
898.81,112,0.15436
898.54,112,0.15443
898.26,112,0.1545
897.97,112,0.15457
897.67,112,0.15465
897.37,112,0.15472
897.07,112,0.15479
896.76,112,0.15486
896.44,112,0.15494
896.12,112,0.15501
895.79,112,0.15508
895.46,112,0.15515
895.12,112,0.15522
894.78,112,0.1553
894.43,112,0.15537
894.07,112,0.15544
893.71,112,0.15551
893.34,112,0.15558
892.97,112,0.15565
892.59,112,0.15572
892.21,112,0.15579
891.82,112,0.15586
891.43,112,0.15593
891.03,112,0.156
890.62,112,0.15607
890.21,112,0.15614
889.79,112,0.15621
889.37,112,0.15628
888.95,112,0.15635
888.51,112,0.15642
888.08,112,0.15649
887.63,112,0.15656
887.18,112,0.15663
886.73,112,0.1567
886.27,112,0.15677
885.81,112,0.15684
885.34,112,0.15691
884.87,112,0.15698
884.39,112,0.15704
883.9,112,0.15711
883.41,112,0.15718
882.92,112,0.15725
882.42,112,0.15732
881.91,112,0.15738
881.4,112,0.15745
880.88,112,0.15752
880.36,112,0.15759
879.84,112,0.15765
879.31,112,0.15772
878.77,112,0.15779
878.23,112,0.15786
877.69,112,0.15792
877.14,112,0.15799
876.58,112,0.15806
876.02,112,0.15812
875.46,112,0.15819
874.89,112,0.15825
874.31,112,0.15832
873.73,112,0.15839
873.15,112,0.15845
872.56,112,0.15852
871.97,112,0.15858
871.37,112,0.15865
870.77,112,0.15871
870.16,112,0.15878
869.55,112,0.15884
868.93,112,0.15891
868.31,112,0.15897
867.69,112,0.15904
867.06,112,0.1591
866.42,112,0.15917
865.78,112,0.15923
865.14,112,0.15929
864.49,112,0.15936
863.84,112,0.15942
863.18,112,0.15949
862.52,112,0.15955
861.86,112,0.15961
861.19,112,0.15968
860.51,112,0.15974
859.84,112,0.1598
859.15,112,0.15987
858.47,112,0.15993
857.78,112,0.15999
857.08,112,0.16005
856.38,112,0.16012
855.68,112,0.16018
854.97,112,0.16024
854.26,112,0.1603
853.55,112,0.16036
852.83,112,0.16043
852.11,112,0.16049
851.38,112,0.16055
850.65,112,0.16061
849.91,112,0.16067
849.17,112,0.16073
848.43,112,0.16079
847.69,112,0.16085
846.94,112,0.16092
846.18,112,0.16098
845.43,112,0.16104
844.67,112,0.1611
843.9,112,0.16116
843.13,112,0.16122
842.36,112,0.16128
841.59,112,0.16134
840.81,112,0.1614
840.02,112,0.16146
839.24,112,0.16152
838.45,112,0.16158
837.66,112,0.16163
836.86,112,0.16169
836.06,112,0.16175
835.26,112,0.16181
834.45,112,0.16187
833.64,112,0.16193
832.83,112,0.16199
832.01,112,0.16204
831.19,112,0.1621
830.37,112,0.16216
829.54,112,0.16222
828.71,112,0.16228
827.88,112,0.16233
827.05,112,0.16239
826.21,112,0.16245
825.37,112,0.16251
824.52,112,0.16256
823.67,112,0.16262
822.82,112,0.16268
821.97,112,0.16273
821.12,112,0.16279
820.26,112,0.16285
819.39,112,0.1629
818.53,112,0.16296
817.66,112,0.16302
816.79,112,0.16307
815.92,112,0.16313
815.04,112,0.16318
814.16,112,0.16324
813.28,112,0.16329
812.4,112,0.16335
811.51,112,0.1634
810.62,112,0.16346
809.73,112,0.16351
808.84,112,0.16357
807.94,112,0.16362
807.04,112,0.16368
806.14,112,0.16373
805.23,112,0.16379
804.33,112,0.16384
803.42,112,0.16389
802.51,112,0.16395
801.59,112,0.164
800.68,112,0.16405
799.76,112,0.16411
798.84,112,0.16416
797.92,112,0.16421
796.99,112,0.16427
796.06,112,0.16432
795.13,112,0.16437
794.2,112,0.16443
793.27,112,0.16448
792.33,112,0.16453
791.39,112,0.16458
790.45,112,0.16463
789.51,112,0.16469
788.57,112,0.16474
787.62,112,0.16479
786.67,112,0.16484
785.72,112,0.16489
784.77,112,0.16494
783.82,112,0.165
782.86,112,0.16505
781.9,112,0.1651
780.94,112,0.16515
779.98,112,0.1652
779.02,112,0.16525
778.06,112,0.1653
777.09,112,0.16535
776.12,112,0.1654
775.15,112,0.16545
774.18,112,0.1655
773.21,112,0.16555
772.23,112,0.1656
771.25,112,0.16565
770.28,112,0.1657
769.3,112,0.16575
768.32,112,0.1658
767.33,112,0.16584
766.35,112,0.16589
765.36,112,0.16594
764.38,112,0.16599
763.39,112,0.16604
762.4,112,0.16609
761.41,112,0.16614
760.41,112,0.16618
759.42,112,0.16623
758.42,112,0.16628
757.43,112,0.16633
756.43,112,0.16637
755.43,112,0.16642
754.43,112,0.16647
753.43,112,0.16652
752.42,112,0.16656
751.42,112,0.16661
750.41,112,0.16666
749.41,112,0.1667
748.4,112,0.16675
747.39,112,0.16679
746.38,112,0.16684
745.37,112,0.16689
744.36,112,0.16693
743.34,112,0.16698
742.33,112,0.16702
741.31,112,0.16707
740.3,112,0.16711
739.28,112,0.16716
738.26,112,0.1672
737.24,112,0.16725
736.22,112,0.16729
735.2,112,0.16734
734.18,112,0.16738
733.16,112,0.16743
732.13,112,0.16747
731.11,112,0.16752
730.08,112,0.16756
729.06,112,0.1676
728.03,112,0.16765
727,112,0.16769
725.97,112,0.16773
724.94,112,0.16778
723.91,112,0.16782
722.88,112,0.16786
721.85,112,0.16791
720.82,112,0.16795
719.78,112,0.16799
718.75,112,0.16803
717.71,112,0.16808
716.68,112,0.16812
715.64,112,0.16816
714.61,112,0.1682
713.57,112,0.16824
712.53,112,0.16828
711.49,112,0.16833
710.45,112,0.16837
709.41,112,0.16841
708.37,112,0.16845
707.33,112,0.16849
706.29,112,0.16853
705.25,112,0.16857
704.21,112,0.16861
703.16,112,0.16865
702.12,112,0.16869
701.08,112,0.16873
700.03,112,0.16877
698.99,112,0.16881
697.94,112,0.16885
696.9,112,0.16889
695.85,112,0.16893
694.8,112,0.16897
693.76,112,0.16901
692.71,112,0.16905
691.66,112,0.16909
690.61,112,0.16913
689.57,112,0.16917
688.52,112,0.1692
687.47,112,0.16924
686.42,112,0.16928
685.37,112,0.16932
684.32,112,0.16936
683.27,112,0.16939
682.22,112,0.16943
681.17,112,0.16947
680.11,112,0.16951
679.06,112,0.16954
678.01,112,0.16958
676.96,112,0.16962
675.91,112,0.16966
674.85,112,0.16969
673.8,112,0.16973
672.75,112,0.16977
671.69,112,0.1698
670.64,112,0.16984
669.59,112,0.16987
668.53,112,0.16991
667.48,112,0.16995
666.42,112,0.16998
665.37,112,0.17002
664.31,112,0.17005
663.26,112,0.17009
662.2,112,0.17012
661.15,112,0.17016
660.09,112,0.17019
659.03,112,0.17023
657.98,112,0.17026
656.92,112,0.1703
655.87,112,0.17033
654.81,112,0.17036
653.75,112,0.1704
652.7,112,0.17043
651.64,112,0.17047
650.58,112,0.1705
649.53,112,0.17053
648.47,112,0.17057
647.41,112,0.1706
646.35,112,0.17063
645.3,112,0.17066
644.24,112,0.1707
643.18,112,0.17073
642.12,112,0.17076
641.07,112,0.17079
640.01,112,0.17083
638.95,112,0.17086
637.89,112,0.17089
636.83,112,0.17092
635.77,112,0.17095
634.72,112,0.17099
633.66,112,0.17102
632.6,112,0.17105
631.54,112,0.17108
630.48,112,0.17111
629.42,112,0.17114
628.36,112,0.17117
627.3,112,0.1712
626.25,112,0.17123
625.19,112,0.17126
624.13,112,0.17129
623.07,112,0.17132
622.01,112,0.17135
620.95,112,0.17138
619.89,112,0.17141
618.83,112,0.17144
617.77,112,0.17147
616.71,112,0.1715
615.65,112,0.17153
614.59,112,0.17156
613.53,112,0.17159
612.47,112,0.17162
611.41,112,0.17164
610.35,112,0.17167
609.29,112,0.1717
608.23,112,0.17173
607.17,112,0.17176
606.11,112,0.17178
605.05,112,0.17181
603.99,112,0.17184
602.93,112,0.17187
601.87,112,0.17189
600.81,112,0.17192
599.75,112,0.17195
598.69,112,0.17197
597.63,112,0.172
596.57,112,0.17203
595.51,112,0.17205
594.45,112,0.17208
593.39,112,0.17211
592.32,112,0.17213
591.26,112,0.17216
590.2,112,0.17218
589.14,112,0.17221
588.08,112,0.17223
587.02,112,0.17226
585.96,112,0.17228
584.89,112,0.17231
583.83,112,0.17233
582.77,112,0.17236
581.71,112,0.17238
580.65,112,0.17241
579.59,112,0.17243
578.52,112,0.17246
577.46,112,0.17248
576.4,112,0.1725
575.34,112,0.17253
574.27,112,0.17255
573.21,112,0.17258
572.15,112,0.1726
571.09,112,0.17262
570.02,112,0.17265
568.96,112,0.17267
567.9,112,0.17269
566.83,112,0.17271
565.77,112,0.17274
564.71,112,0.17276
563.64,112,0.17278
562.58,112,0.1728
561.51,112,0.17282
560.45,112,0.17285
559.39,112,0.17287
558.32,112,0.17289
557.26,112,0.17291
556.19,112,0.17293
555.13,112,0.17295
554.06,112,0.17297
553,112,0.173
551.93,112,0.17302
550.86,112,0.17304
549.8,112,0.17306
548.73,112,0.17308
547.67,112,0.1731
546.6,112,0.17312
545.53,112,0.17314
544.47,112,0.17316
543.4,112,0.17318
542.33,112,0.1732
541.26,112,0.17321
540.2,112,0.17323
539.13,112,0.17325
538.06,112,0.17327
536.99,112,0.17329
535.92,112,0.17331
534.85,112,0.17333
533.78,112,0.17335
532.72,112,0.17336
531.65,112,0.17338
530.58,112,0.1734
529.51,112,0.17342
528.44,112,0.17344
527.36,112,0.17345
526.29,112,0.17347
525.22,112,0.17349
524.15,112,0.1735
523.08,112,0.17352
522.01,112,0.17354
520.93,112,0.17355
519.86,112,0.17357
518.79,112,0.17359
517.72,112,0.1736
516.64,112,0.17362
515.57,112,0.17364
514.49,112,0.17365
513.42,112,0.17367
512.34,112,0.17368
511.27,112,0.1737
510.19,112,0.17371
509.12,112,0.17373
508.04,112,0.17374
506.96,112,0.17376
505.89,112,0.17377
504.81,112,0.17379
503.73,112,0.1738
502.65,112,0.17382
501.58,112,0.17383
500.5,112,0.17384
499.42,112,0.17386
498.34,112,0.17387
497.26,112,0.17389
496.18,112,0.1739
495.1,112,0.17391
494.02,112,0.17393
492.93,112,0.17394
491.85,112,0.17395
490.77,112,0.17396
489.69,112,0.17398
488.6,112,0.17399
487.52,112,0.174
486.44,112,0.17401
485.35,112,0.17403
484.27,112,0.17404
483.18,112,0.17405
482.1,112,0.17406
481.01,112,0.17407
479.92,112,0.17408
478.84,112,0.17409
477.75,112,0.17411
476.66,112,0.17412
475.57,112,0.17413
474.48,112,0.17414
473.39,112,0.17415
472.3,112,0.17416
471.21,112,0.17417
470.12,112,0.17418
469.03,112,0.17419
467.94,112,0.1742
466.85,112,0.17421
465.75,112,0.17422
464.66,112,0.17423
463.56,112,0.17424
462.47,112,0.17425
461.38,112,0.17425
460.28,112,0.17426
459.18,112,0.17427
458.09,112,0.17428
456.99,112,0.17429
455.89,112,0.1743
454.79,112,0.1743
453.7,112,0.17431
452.6,112,0.17432
451.5,112,0.17433
450.4,112,0.17434
449.3,112,0.17434
448.19,112,0.17435
447.09,112,0.17436
445.99,112,0.17436
444.89,112,0.17437
443.78,112,0.17438
442.68,112,0.17438
441.57,112,0.17439
440.47,112,0.1744
439.36,112,0.1744
438.26,112,0.17441
437.15,112,0.17441
436.04,112,0.17442
434.93,112,0.17443
433.82,112,0.17443
432.71,112,0.17444
431.6,112,0.17444
430.49,112,0.17445
429.38,112,0.17445
428.27,112,0.17446
427.16,112,0.17446
426.04,112,0.17447
424.93,112,0.17447
423.82,112,0.17447
422.7,112,0.17448
421.59,112,0.17448
420.47,112,0.17449
419.35,112,0.17449
418.23,112,0.17449
417.12,112,0.1745
416,112,0.1745
414.88,112,0.1745
413.76,112,0.1745
412.64,112,0.17451
411.52,112,0.17451
410.4,112,0.17451
409.27,112,0.17451
408.15,112,0.17452
407.03,112,0.17452
405.9,112,0.17452
404.78,112,0.17452
403.65,112,0.17452
402.53,112,0.17453
401.4,112,0.17453
400.27,112,0.17453
399.14,112,0.17453
398.01,112,0.17453
396.88,112,0.17453
395.75,112,0.17453
394.62,112,0.17453
393.49,112,0.17453
392.36,112,0.17453
391.23,112,0.17453
390.09,112,0.17453
388.96,112,0.17453
387.83,112,0.17453
386.69,112,0.17453
385.56,112,0.17453
384.42,112,0.17453
383.28,112,0.17453
382.14,112,0.17453
381.01,112,0.17453
379.87,112,0.17453
378.73,112,0.17452
377.59,112,0.17452
376.44,112,0.17452
375.3,112,0.17452
374.16,112,0.17452
373.02,112,0.17451
371.87,112,0.17451
370.73,112,0.17451
369.58,112,0.17451
368.44,112,0.1745
367.29,112,0.1745
366.15,112,0.1745
365,112,0.1745
363.85,112,0.17449
362.7,112,0.17449
361.55,112,0.17449
360.4,112,0.17448
359.25,112,0.17448
358.1,112,0.17447
356.95,112,0.17447
355.8,112,0.17447
354.64,112,0.17446
353.49,112,0.17446
352.33,112,0.17445
351.18,112,0.17445
350.02,112,0.17444
348.87,112,0.17444
347.71,112,0.17443
346.55,112,0.17443
345.39,112,0.17442
344.23,112,0.17441
343.08,112,0.17441
341.92,112,0.1744
340.75,112,0.1744
339.59,112,0.17439
338.43,112,0.17438
337.27,112,0.17438
336.11,112,0.17437
334.94,112,0.17436
333.78,112,0.17436
332.61,112,0.17435
331.45,112,0.17434
330.28,112,0.17434
329.11,112,0.17433
327.95,112,0.17432
326.78,112,0.17431
325.61,112,0.1743
324.44,112,0.1743
323.27,112,0.17429
322.1,112,0.17428
320.93,112,0.17427
319.76,112,0.17426
318.59,112,0.17425
317.41,112,0.17425
316.24,112,0.17424
315.07,112,0.17423
313.89,112,0.17422
312.72,112,0.17421
311.54,112,0.1742
310.37,112,0.17419
309.19,112,0.17418
308.01,112,0.17417
306.84,112,0.17416
305.66,112,0.17415
304.48,112,0.17414
303.3,112,0.17413
302.12,112,0.17412
300.94,112,0.17411
299.76,112,0.17409
298.58,112,0.17408
297.4,112,0.17407
296.22,112,0.17406
295.03,112,0.17405
293.85,112,0.17404
292.67,112,0.17403
291.48,112,0.17401
290.3,112,0.174
289.11,112,0.17399
287.93,112,0.17398
286.74,112,0.17396
285.55,112,0.17395
284.37,112,0.17394
283.18,112,0.17393
281.99,112,0.17391
280.8,112,0.1739
279.61,112,0.17389
278.42,112,0.17387
277.23,112,0.17386
276.04,112,0.17384
274.85,112,0.17383
273.66,112,0.17382
272.47,112,0.1738
271.28,112,0.17379
270.09,112,0.17377
268.89,112,0.17376
267.7,112,0.17374
266.51,112,0.17373
265.31,112,0.17371
264.12,112,0.1737
262.92,112,0.17368
261.73,112,0.17367
260.53,112,0.17365
259.34,112,0.17364
258.14,112,0.17362
256.94,112,0.1736
255.75,112,0.17359
254.55,112,0.17357
253.35,112,0.17355
252.15,112,0.17354
250.95,112,0.17352
249.76,112,0.1735
248.56,112,0.17349
247.36,112,0.17347
246.16,112,0.17345
244.96,112,0.17344
243.76,112,0.17342
242.56,112,0.1734
241.35,112,0.17338
240.15,112,0.17336
238.95,112,0.17335
237.75,112,0.17333
236.55,112,0.17331
235.35,112,0.17329
234.14,112,0.17327
232.94,112,0.17325
231.74,112,0.17323
230.53,112,0.17321
229.33,112,0.1732
228.12,112,0.17318
226.92,112,0.17316
225.72,112,0.17314
224.51,112,0.17312
223.31,112,0.1731
222.1,112,0.17308
220.89,112,0.17306
219.69,112,0.17304
218.48,112,0.17302
217.28,112,0.173
216.07,112,0.17297
214.86,112,0.17295
213.66,112,0.17293
212.45,112,0.17291
211.24,112,0.17289
210.04,112,0.17287
208.83,112,0.17285
207.62,112,0.17282
206.41,112,0.1728
205.21,112,0.17278
204,112,0.17276
202.79,112,0.17274
201.58,112,0.17271
200.37,112,0.17269
199.16,112,0.17267
197.96,112,0.17265
196.75,112,0.17262
195.54,112,0.1726
194.33,112,0.17258
193.12,112,0.17255
191.91,112,0.17253
190.7,112,0.1725
189.49,112,0.17248
188.28,112,0.17246
187.07,112,0.17243
185.86,112,0.17241
184.65,112,0.17238
183.45,112,0.17236
182.24,112,0.17233
181.03,112,0.17231
179.82,112,0.17228
178.61,112,0.17226
177.4,112,0.17223
176.19,112,0.17221
174.98,112,0.17218
173.77,112,0.17216
172.56,112,0.17213
171.35,112,0.17211
170.14,112,0.17208
168.93,112,0.17205
167.72,112,0.17203
166.51,112,0.172
165.3,112,0.17197
164.09,112,0.17195
162.88,112,0.17192
161.67,112,0.17189
160.46,112,0.17187
159.25,112,0.17184
158.04,112,0.17181
156.83,112,0.17178
155.62,112,0.17176
154.41,112,0.17173
153.2,112,0.1717
151.99,112,0.17167
150.79,112,0.17164
149.58,112,0.17162
148.37,112,0.17159
147.16,112,0.17156
145.95,112,0.17153
144.74,112,0.1715
143.53,112,0.17147
142.33,112,0.17144
141.12,112,0.17141
139.91,112,0.17138
138.7,112,0.17135
137.49,112,0.17132
136.29,112,0.17129
135.08,112,0.17126
133.87,112,0.17123
132.67,112,0.1712
131.46,112,0.17117
130.25,112,0.17114
129.05,112,0.17111
127.84,112,0.17108
126.63,112,0.17105
125.43,112,0.17102
124.22,112,0.17099
123.02,112,0.17095
121.81,112,0.17092
120.61,112,0.17089
119.4,112,0.17086
118.2,112,0.17083
116.99,112,0.17079
115.79,112,0.17076
114.58,112,0.17073
113.38,112,0.1707
112.18,112,0.17066
110.97,112,0.17063
109.77,112,0.1706
108.57,112,0.17057
107.37,112,0.17053
106.16,112,0.1705
104.96,112,0.17047
103.76,112,0.17043
102.56,112,0.1704
101.36,112,0.17036
100.16,112,0.17033
98.957,112,0.1703
97.757,112,0.17026
96.557,112,0.17023
95.358,112,0.17019
94.159,112,0.17016
92.96,112,0.17012
91.761,112,0.17009
90.563,112,0.17005
89.365,112,0.17002
88.168,112,0.16998
86.971,112,0.16995
85.774,112,0.16991
84.578,112,0.16987
83.382,112,0.16984
82.186,112,0.1698
80.991,112,0.16977
79.796,112,0.16973
78.601,112,0.16969
77.407,112,0.16966
76.213,112,0.16962
75.019,112,0.16958
73.826,112,0.16954
72.634,112,0.16951
71.441,112,0.16947
70.25,112,0.16943
69.058,112,0.16939
67.867,112,0.16936
66.676,112,0.16932
65.486,112,0.16928
64.296,112,0.16924
63.107,112,0.1692
61.918,112,0.16917
60.729,112,0.16913
59.541,112,0.16909
58.353,112,0.16905
57.166,112,0.16901
55.979,112,0.16897
54.793,112,0.16893
53.607,112,0.16889
52.422,112,0.16885
51.237,112,0.16881
50.052,112,0.16877
48.868,112,0.16873
47.684,112,0.16869
46.501,112,0.16865
45.318,112,0.16861
44.136,112,0.16857
42.955,112,0.16853
41.773,112,0.16849
40.592,112,0.16845
39.412,112,0.16841
38.232,112,0.16837
37.053,112,0.16833
35.874,112,0.16828
34.696,112,0.16824
33.518,112,0.1682
32.341,112,0.16816
31.164,112,0.16812
29.988,112,0.16808
28.812,112,0.16803
27.637,112,0.16799
26.462,112,0.16795
25.288,112,0.16791
24.114,112,0.16786
22.941,112,0.16782
21.768,112,0.16778
20.596,112,0.16773
19.425,112,0.16769
18.254,112,0.16765
17.083,112,0.1676
15.913,112,0.16756
14.744,112,0.16752
13.575,112,0.16747
12.407,112,0.16743
11.239,112,0.16738
10.072,112,0.16734
8.9051,112,0.16729
7.739,112,0.16725
6.5735,112,0.1672
5.4085,112,0.16716
4.2442,112,0.16711
3.0803,112,0.16707
1.9171,112,0.16702
0.75439,112,0.16698
-0.40772,112,0.16693
-1.5693,112,0.16689
-2.7302,112,0.16684
-3.8906,112,0.16679
-5.0504,112,0.16675
-6.2096,112,0.1667
-7.3682,112,0.16666
-8.5263,112,0.16661
-9.6837,112,0.16656
-10.841,112,0.16652
-11.997,112,0.16647
-13.152,112,0.16642
-14.308,112,0.16637
-15.462,112,0.16633
-16.616,112,0.16628
-17.769,112,0.16623
-18.922,112,0.16618
-20.074,112,0.16614
-21.225,112,0.16609
-22.376,112,0.16604
-23.526,112,0.16599
-24.676,112,0.16594
-25.825,112,0.16589
-26.973,112,0.16584
-28.121,112,0.1658
-29.268,112,0.16575
-30.415,112,0.1657
-31.561,112,0.16565
-32.706,112,0.1656
-33.851,112,0.16555
-34.995,112,0.1655
-36.138,112,0.16545
-37.281,112,0.1654
-38.423,112,0.16535
-39.565,112,0.1653
-40.706,112,0.16525
-41.846,112,0.1652
-42.986,112,0.16515
-44.125,112,0.1651
-45.263,112,0.16505
-46.401,112,0.165
-47.538,112,0.16494
-48.675,112,0.16489
-49.81,112,0.16484
-50.946,112,0.16479
-52.08,112,0.16474
-53.214,112,0.16469
-54.347,112,0.16463
-55.48,112,0.16458
-56.612,112,0.16453
-57.743,112,0.16448
-58.874,112,0.16443
-60.004,112,0.16437
-61.134,112,0.16432
-62.262,112,0.16427
-63.391,112,0.16421
-64.518,112,0.16416
-65.645,112,0.16411
-66.771,112,0.16405
-67.897,112,0.164
-69.021,112,0.16395
-70.146,112,0.16389
-71.269,112,0.16384
-72.392,112,0.16379
-73.514,112,0.16373
-74.636,112,0.16368
-75.757,112,0.16362
-76.877,112,0.16357
-77.997,112,0.16351
-79.116,112,0.16346
-80.234,112,0.1634
-81.352,112,0.16335
-82.469,112,0.16329
-83.585,112,0.16324
-84.701,112,0.16318
-85.816,112,0.16313
-86.93,112,0.16307
-88.044,112,0.16302
-89.157,112,0.16296
-90.269,112,0.1629
-91.381,112,0.16285
-92.492,112,0.16279
-93.602,112,0.16273
-94.712,112,0.16268
-95.821,112,0.16262
-96.93,112,0.16256
-98.037,112,0.16251
-99.145,112,0.16245
-100.25,112,0.16239
-101.36,112,0.16233
-102.46,112,0.16228
-103.57,112,0.16222
-104.67,112,0.16216
-105.77,112,0.1621
-106.88,112,0.16204
-107.98,112,0.16199
-109.08,112,0.16193
-110.18,112,0.16187
-111.28,112,0.16181
-112.38,112,0.16175
-113.48,112,0.16169
-114.57,112,0.16163
-115.67,112,0.16158
-116.77,112,0.16152
-117.86,112,0.16146
-118.96,112,0.1614
-120.05,112,0.16134
-121.15,112,0.16128
-122.24,112,0.16122
-123.33,112,0.16116
-124.42,112,0.1611
-125.52,112,0.16104
-126.61,112,0.16098
-127.7,112,0.16092
-128.79,112,0.16085
-129.87,112,0.16079
-130.96,112,0.16073
-132.05,112,0.16067
-133.14,112,0.16061
-134.22,112,0.16055
-135.31,112,0.16049
-136.39,112,0.16043
-137.48,112,0.16036
-138.56,112,0.1603
-139.64,112,0.16024
-140.72,112,0.16018
-141.8,112,0.16012
-142.89,112,0.16005
-143.96,112,0.15999
-145.04,112,0.15993
-146.12,112,0.15987
-147.2,112,0.1598
-148.28,112,0.15974
-149.35,112,0.15968
-150.43,112,0.15961
-151.51,112,0.15955
-152.58,112,0.15949
-153.65,112,0.15942
-154.73,112,0.15936
-155.8,112,0.15929
-156.87,112,0.15923
-157.94,112,0.15917
-159.02,112,0.1591
-160.09,112,0.15904
-161.15,112,0.15897
-162.22,112,0.15891
-163.29,112,0.15884
-164.36,112,0.15878
-165.43,112,0.15871
-166.49,112,0.15865
-167.56,112,0.15858
-168.62,112,0.15852
-169.69,112,0.15845
-170.75,112,0.15839
-171.81,112,0.15832
-172.88,112,0.15825
-173.94,112,0.15819
-175,112,0.15812
-176.06,112,0.15806
-177.12,112,0.15799
-178.18,112,0.15792
-179.24,112,0.15786
-180.29,112,0.15779
-181.35,112,0.15772
-182.41,112,0.15765
-183.46,112,0.15759
-184.52,112,0.15752
-185.57,112,0.15745
-186.63,112,0.15738
-187.68,112,0.15732
-188.73,112,0.15725
-189.78,112,0.15718
-190.84,112,0.15711
-191.89,112,0.15704
-192.94,112,0.15698
-193.99,112,0.15691
-195.04,112,0.15684
-196.08,112,0.15677
-197.13,112,0.1567
-198.18,112,0.15663
-199.22,112,0.15656
-200.27,112,0.15649
-201.31,112,0.15642
-202.36,112,0.15635
-203.4,112,0.15628
-204.45,112,0.15621
-205.49,112,0.15614
-206.53,112,0.15607
-207.57,112,0.156
-208.61,112,0.15593
-209.65,112,0.15586
-210.69,112,0.15579
-211.73,112,0.15572
-212.77,112,0.15565
-213.8,112,0.15558
-214.84,112,0.15551
-215.88,112,0.15544
-216.91,112,0.15537
-217.95,112,0.1553
-218.98,112,0.15522
-220.02,112,0.15515
-221.05,112,0.15508
-222.08,112,0.15501
-223.11,112,0.15494
-224.14,112,0.15486
-225.17,112,0.15479
-226.2,112,0.15472
-227.23,112,0.15465
-228.26,112,0.15457
-229.29,112,0.1545
-230.32,112,0.15443
-231.34,112,0.15436
-232.37,112,0.15428
-233.39,112,0.15421
-234.42,112,0.15414
-235.44,112,0.15406
-236.47,112,0.15399
-237.49,112,0.15392
-238.51,112,0.15384
-239.53,112,0.15377
-240.56,112,0.15369
-241.58,112,0.15362
-242.6,112,0.15354
-243.61,112,0.15347
-244.63,112,0.15339
-245.65,112,0.15332
-246.67,112,0.15325
-247.69,112,0.15317
-248.7,112,0.1531
-249.72,112,0.15302
-250.73,112,0.15294
-251.75,112,0.15287
-252.76,112,0.15279
-253.77,112,0.15272
-254.79,112,0.15264
-255.8,112,0.15257
-256.81,112,0.15249
-257.82,112,0.15241
-258.83,112,0.15234
-259.84,112,0.15226
-260.85,112,0.15218
-261.86,112,0.15211
-262.86,112,0.15203
-263.87,112,0.15195
-264.88,112,0.15188
-265.88,112,0.1518
-266.89,112,0.15172
-267.89,112,0.15164
-268.9,112,0.15157
-269.9,112,0.15149
-270.9,112,0.15141
-271.91,112,0.15133
-272.91,112,0.15125
-273.91,112,0.15118
-274.91,112,0.1511
-275.91,112,0.15102
-276.91,112,0.15094
-277.91,112,0.15086
-278.9,112,0.15078
-279.9,112,0.1507
-280.9,112,0.15063
-281.89,112,0.15055
-282.89,112,0.15047
-283.88,112,0.15039
-284.88,112,0.15031
-285.87,112,0.15023
-286.86,112,0.15015
-287.86,112,0.15007
-288.85,112,0.14999
-289.84,112,0.14991
-290.83,112,0.14983
-291.82,112,0.14975
-292.81,112,0.14967
-293.8,112,0.14959
-294.79,112,0.14951
-295.78,112,0.14942
-296.76,112,0.14934
-297.75,112,0.14926
-298.74,112,0.14918
-299.72,112,0.1491
-300.71,112,0.14902
-301.69,112,0.14894
-302.67,112,0.14885
-303.66,112,0.14877
-304.64,112,0.14869
-305.62,112,0.14861
-306.6,112,0.14853
-307.58,112,0.14844
-308.56,112,0.14836
-309.54,112,0.14828
-310.52,112,0.1482
-311.5,112,0.14811
-312.48,112,0.14803
-313.45,112,0.14795
-314.43,112,0.14786
-315.41,112,0.14778
-316.38,112,0.1477
-317.36,112,0.14761
-318.33,112,0.14753
-319.3,112,0.14745
-320.28,112,0.14736
-321.25,112,0.14728
-322.22,112,0.14719
-323.19,112,0.14711
-324.16,112,0.14703
-325.13,112,0.14694
-326.1,112,0.14686
-327.07,112,0.14677
-328.04,112,0.14669
-329.01,112,0.1466
-329.97,112,0.14652
-330.94,112,0.14643
-331.91,112,0.14635
-332.87,112,0.14626
-333.84,112,0.14618
-334.8,112,0.14609
-335.76,112,0.146
-336.73,112,0.14592
-337.69,112,0.14583
-338.65,112,0.14575
-339.61,112,0.14566
-340.57,112,0.14557
-341.53,112,0.14549
-342.49,112,0.1454
-343.45,112,0.14531
-344.41,112,0.14523
-345.37,112,0.14514
-346.33,112,0.14505
-347.28,112,0.14497
-348.24,112,0.14488
-349.2,112,0.14479
-350.15,112,0.1447
-351.1,112,0.14462
-352.06,112,0.14453
-353.01,112,0.14444
-353.96,112,0.14435
-354.92,112,0.14426
-355.87,112,0.14418
-356.82,112,0.14409
-357.77,112,0.144
-358.72,112,0.14391
-359.67,112,0.14382
-360.62,112,0.14373
-361.57,112,0.14364
-362.51,112,0.14356
-363.46,112,0.14347
-364.41,112,0.14338
-365.35,112,0.14329
-366.3,112,0.1432
-367.24,112,0.14311
-368.19,112,0.14302
-369.13,112,0.14293
-370.07,112,0.14284
-371.02,112,0.14275
-371.96,112,0.14266
-372.9,112,0.14257
-373.84,112,0.14248
-374.78,112,0.14239
-375.72,112,0.1423
-376.66,112,0.14221
-377.6,112,0.14212
-378.54,112,0.14202
-379.47,112,0.14193
-380.41,112,0.14184
-381.35,112,0.14175
-382.28,112,0.14166
-383.22,112,0.14157
-384.15,112,0.14148
-385.09,112,0.14138
-386.02,112,0.14129
-386.95,112,0.1412
-387.89,112,0.14111
-388.82,112,0.14102
-389.75,112,0.14092
-390.68,112,0.14083
-391.61,112,0.14074
-392.54,112,0.14065
-393.47,112,0.14055
-394.4,112,0.14046
-395.33,112,0.14037
-396.25,112,0.14027
-397.18,112,0.14018
-398.11,112,0.14009
-399.03,112,0.13999
-399.96,112,0.1399
-400.88,112,0.13981
-401.81,112,0.13971
-402.73,112,0.13962
-403.66,112,0.13952
-404.58,112,0.13943
-405.5,112,0.13934
-406.42,112,0.13924
-407.34,112,0.13915
-408.26,112,0.13905
-409.18,112,0.13896
-410.1,112,0.13886
-411.02,112,0.13877
-411.94,112,0.13867
-412.86,112,0.13858
-413.78,112,0.13848
-414.69,112,0.13839
-415.61,112,0.13829
-416.53,112,0.1382
-417.44,112,0.1381
-418.36,112,0.138
-419.27,112,0.13791
-420.19,112,0.13781
-421.1,112,0.13772
-422.01,112,0.13762
-422.92,112,0.13752
-423.84,112,0.13743
-424.75,112,0.13733
-425.66,112,0.13723
-426.57,112,0.13714
-427.48,112,0.13704
-428.39,112,0.13694
-429.3,112,0.13685
-430.2,112,0.13675
-431.11,112,0.13665
-432.02,112,0.13655
-432.93,112,0.13646
-433.83,112,0.13636
-434.74,112,0.13626
-435.64,112,0.13616
-436.55,112,0.13606
-437.45,112,0.13597
-438.36,112,0.13587
-439.26,112,0.13577
-440.16,112,0.13567
-441.06,112,0.13557
-441.97,112,0.13547
-442.87,112,0.13537
-443.77,112,0.13528
-444.67,112,0.13518
-445.57,112,0.13508
-446.47,112,0.13498
-447.37,112,0.13488
-448.27,112,0.13478
-449.16,112,0.13468
-450.06,112,0.13458
-450.96,112,0.13448
-451.85,112,0.13438
-452.75,112,0.13428
-453.65,112,0.13418
-454.54,112,0.13408
-455.44,112,0.13398
-456.33,112,0.13388
-457.22,112,0.13378
-458.12,112,0.13368
-459.01,112,0.13358
-459.9,112,0.13348
-460.79,112,0.13337
-461.69,112,0.13327
-462.58,112,0.13317
-463.47,112,0.13307
-464.36,112,0.13297
-465.25,112,0.13287
-466.14,112,0.13277
-467.03,112,0.13266
-467.91,112,0.13256
-468.8,112,0.13246
-469.69,112,0.13236
-470.58,112,0.13226
-471.46,112,0.13215
-472.35,112,0.13205
-473.24,112,0.13195
-474.12,112,0.13185
-475.01,112,0.13174
-475.89,112,0.13164
-476.78,112,0.13154
-477.66,112,0.13144
-478.54,112,0.13133
-479.43,112,0.13123
-480.31,112,0.13113
-481.19,112,0.13102
-482.07,112,0.13092
-482.95,112,0.13082
-483.83,112,0.13071
-484.71,112,0.13061
-485.59,112,0.1305
-486.47,112,0.1304
-487.35,112,0.1303
-488.23,112,0.13019
-489.11,112,0.13009
-489.99,112,0.12998
-490.87,112,0.12988
-491.74,112,0.12977
-492.62,112,0.12967
-493.5,112,0.12956
-494.37,112,0.12946
-495.25,112,0.12935
-496.13,112,0.12925
-497,112,0.12914
-497.88,112,0.12904
-498.75,112,0.12893
-499.63,112,0.12883
-500.5,112,0.12872
-501.37,112,0.12861
-502.25,112,0.12851
-503.12,112,0.1284
-503.99,112,0.1283
-504.86,112,0.12819
-505.73,112,0.12808
-506.61,112,0.12798
-507.48,112,0.12787
-508.35,112,0.12776
-509.22,112,0.12766
-510.09,112,0.12755
-510.96,112,0.12744
-511.83,112,0.12734
-512.7,112,0.12723
-513.57,112,0.12712
-514.43,112,0.12701
-515.3,112,0.12691
-516.17,112,0.1268
-517.04,112,0.12669
-517.9,112,0.12658
-518.77,112,0.12648
-519.64,112,0.12637
-520.51,112,0.12626
-521.37,112,0.12615
-522.24,112,0.12604
-523.1,112,0.12593
-523.97,112,0.12583
-524.83,112,0.12572
-525.7,112,0.12561
-526.56,112,0.1255
-527.43,112,0.12539
-528.29,112,0.12528
-529.15,112,0.12517
-530.02,112,0.12506
-530.88,112,0.12495
-531.74,112,0.12485
-532.61,112,0.12474
-533.47,112,0.12463
-534.33,112,0.12452
-535.19,112,0.12441
-536.06,112,0.1243
-536.92,112,0.12419
-537.78,112,0.12408
-538.64,112,0.12397
-539.5,112,0.12386
-540.36,112,0.12375
-541.22,112,0.12363
-542.08,112,0.12352
-542.94,112,0.12341
-543.8,112,0.1233
-544.66,112,0.12319
-545.52,112,0.12308
-546.38,112,0.12297
-547.24,112,0.12286
-548.1,112,0.12275
-548.96,112,0.12264
-549.82,112,0.12252
-550.67,112,0.12241
-551.53,112,0.1223
-552.39,112,0.12219
-553.25,112,0.12208
-554.11,112,0.12196
-554.96,112,0.12185
-555.82,112,0.12174
-556.68,112,0.12163
-557.54,112,0.12152
-558.39,112,0.1214
-559.25,112,0.12129
-560.11,112,0.12118
-560.96,112,0.12107
-561.82,112,0.12095
-562.68,112,0.12084
-563.53,112,0.12073
-564.39,112,0.12061
-565.25,112,0.1205
-566.1,112,0.12039
-566.96,112,0.12027
-567.81,112,0.12016
-568.67,112,0.12005
-569.53,112,0.11993
-570.38,112,0.11982
-571.24,112,0.1197
-572.09,112,0.11959
-572.95,112,0.11948
-573.8,112,0.11936
-574.66,112,0.11925
-575.51,112,0.11913
-576.37,112,0.11902
-577.23,112,0.1189
-578.08,112,0.11879
-578.94,112,0.11867
-579.79,112,0.11856
-580.65,112,0.11844
-581.5,112,0.11833
-582.36,112,0.11821
-583.21,112,0.1181
-584.07,112,0.11798
-584.92,112,0.11787
-585.78,112,0.11775
-586.63,112,0.11764
-587.49,112,0.11752
-588.34,112,0.1174
-589.2,112,0.11729
-590.05,112,0.11717
-590.91,112,0.11706
-591.76,112,0.11694
-592.62,112,0.11682
-593.47,112,0.11671
-594.33,112,0.11659
-595.18,112,0.11647
-596.04,112,0.11636
-596.89,112,0.11624
-597.75,112,0.11612
-598.61,112,0.11601
-599.46,112,0.11589
-600.32,112,0.11577
-601.17,112,0.11566
-602.03,112,0.11554
-602.88,112,0.11542
-603.74,112,0.1153
-604.6,112,0.11519
-605.45,112,0.11507
-606.31,112,0.11495
-607.17,112,0.11483
-608.02,112,0.11471
-608.88,112,0.1146
-609.74,112,0.11448
-610.59,112,0.11436
-611.45,112,0.11424
-612.31,112,0.11412
-613.17,112,0.114
-614.02,112,0.11389
-614.88,112,0.11377
-615.74,112,0.11365
-616.6,112,0.11353
-617.46,112,0.11341
-618.32,112,0.11329
-619.17,112,0.11317
-620.03,112,0.11305
-620.89,112,0.11293
-621.75,112,0.11281
-622.61,112,0.11269
-623.47,112,0.11257
-624.33,112,0.11245
-625.19,112,0.11233
-626.05,112,0.11221
-626.91,112,0.11209
-627.77,112,0.11197
-628.63,112,0.11185
-629.5,112,0.11173
-630.36,112,0.11161
-631.22,112,0.11149
-632.08,112,0.11137
-632.94,112,0.11125
-633.81,112,0.11113
-634.67,112,0.11101
-635.53,112,0.11089
-636.4,112,0.11077
-637.26,112,0.11065
-638.13,112,0.11053
-638.99,112,0.1104
-639.86,112,0.11028
-640.72,112,0.11016
-641.59,112,0.11004
-642.45,112,0.10992
-643.32,112,0.1098
-644.18,112,0.10967
-645.05,112,0.10955
-645.92,112,0.10943
-646.79,112,0.10931
-647.65,112,0.10919
-648.52,112,0.10906
-649.39,112,0.10894
-650.26,112,0.10882
-651.13,112,0.1087
-652,112,0.10857
-652.87,112,0.10845
-653.74,112,0.10833
-654.61,112,0.10821
-655.48,112,0.10808
-656.35,112,0.10796
-657.23,112,0.10784
-658.1,112,0.10771
-658.97,112,0.10759
-659.85,112,0.10747
-660.72,112,0.10734
-661.59,112,0.10722
-662.47,112,0.1071
-663.35,112,0.10697
-664.22,112,0.10685
-665.1,112,0.10672
-665.97,112,0.1066
-666.85,112,0.10648
-667.73,112,0.10635
-668.61,112,0.10623
-669.49,112,0.1061
-670.37,112,0.10598
-671.25,112,0.10585
-672.13,112,0.10573
-673.01,112,0.10561
-673.89,112,0.10548
-674.77,112,0.10536
-675.65,112,0.10523
-676.54,112,0.10511
-677.42,112,0.10498
-678.3,112,0.10486
-679.19,112,0.10473
-680.07,112,0.10461
-680.96,112,0.10448
-681.84,112,0.10435
-682.73,112,0.10423
-683.62,112,0.1041
-684.51,112,0.10398
-685.4,112,0.10385
-686.29,112,0.10373
-687.18,112,0.1036
-688.07,112,0.10347
-688.96,112,0.10335
-689.85,112,0.10322
-690.74,112,0.10309
-691.63,112,0.10297
-692.53,112,0.10284
-693.42,112,0.10271
-694.32,112,0.10259
-695.21,112,0.10246
-696.11,112,0.10233
-697.01,112,0.10221
-697.9,112,0.10208
-698.8,112,0.10195
-699.7,112,0.10183
-700.6,112,0.1017
-701.5,112,0.10157
-702.4,112,0.10144
-703.31,112,0.10132
-704.21,112,0.10119
-705.11,112,0.10106
-706.02,112,0.10093
-706.92,112,0.10081
-707.83,112,0.10068
-708.73,112,0.10055
-709.64,112,0.10042
-710.55,112,0.10029
-711.46,112,0.10017
-712.36,112,0.10004
-713.27,112,0.099908
-714.19,112,0.09978
-715.1,112,0.099651
-716.01,112,0.099523
-716.92,112,0.099394
-717.84,112,0.099265
-718.75,112,0.099136
-719.67,112,0.099007
-720.58,112,0.098878
-721.5,112,0.098749
-722.42,112,0.09862
-723.34,112,0.09849
-724.26,112,0.098361
-725.18,112,0.098232
-726.1,112,0.098102
-727.02,112,0.097972
-727.95,112,0.097843
-728.87,112,0.097713
-729.79,112,0.097583
-730.72,112,0.097453
-731.65,112,0.097323
-732.57,112,0.097193
-733.5,112,0.097063
-734.43,112,0.096933
-735.36,112,0.096802
-736.29,112,0.096672
-737.23,112,0.096542
-738.16,112,0.096411
-739.09,112,0.09628
-740.03,112,0.09615
-740.96,112,0.096019
-741.9,112,0.095888
-742.84,112,0.095757
-743.78,112,0.095626
-744.72,112,0.095495
-745.66,112,0.095364
-746.6,112,0.095233
-747.54,112,0.095101
-748.48,112,0.09497
-749.43,112,0.094838
-750.37,112,0.094707
-751.32,112,0.094575
-752.27,112,0.094443
-753.22,112,0.094312
-754.17,112,0.09418
-755.12,112,0.094048
-756.07,112,0.093916
-757.02,112,0.093784
-757.97,112,0.093652
-758.93,112,0.093519
-759.88,112,0.093387
-760.84,112,0.093255
-761.8,112,0.093122
-762.76,112,0.09299
-763.72,112,0.092857
-764.68,112,0.092724
-765.64,112,0.092592
-766.6,112,0.092459
-767.57,112,0.092326
-768.53,112,0.092193
-769.5,112,0.09206
-770.46,112,0.091927
-771.43,112,0.091794
-772.4,112,0.09166
-773.37,112,0.091527
-774.34,112,0.091393
-775.32,112,0.09126
-776.29,112,0.091126
-777.27,112,0.090993
-778.24,112,0.090859
-779.22,112,0.090725
-780.2,112,0.090591
-781.18,112,0.090457
-782.16,112,0.090323
-783.14,112,0.090189
-784.12,112,0.090055
-785.11,112,0.089921
-786.09,112,0.089787
-787.08,112,0.089652
-788.07,112,0.089518
-789.06,112,0.089383
-790.05,112,0.089249
-791.04,112,0.089114
-792.03,112,0.088979
-793.02,112,0.088844
-794.02,112,0.08871
-795.01,112,0.088575
-796.01,112,0.08844
-797.01,112,0.088305
-798.01,112,0.088169
-799.01,112,0.088034
-800.01,112,0.087899
-801.02,112,0.087763
-802.02,112,0.087628
-803.03,112,0.087492
-804.03,112,0.087357
-805.04,112,0.087221
-806.05,112,0.087086
-807.06,112,0.08695
-808.07,112,0.086814
-809.09,112,0.086678
-810.1,112,0.086542
-811.12,112,0.086406
-812.14,112,0.08627
-813.15,112,0.086133
-814.17,112,0.085997
-815.19,112,0.085861
-816.22,112,0.085724
-817.24,112,0.085588
-818.26,112,0.085451
-819.29,112,0.085315
-820.32,112,0.085178
-821.35,112,0.085041
-822.38,112,0.084904
-823.41,112,0.084767
-824.44,112,0.08463
-825.48,112,0.084493
-826.51,112,0.084356
-827.55,112,0.084219
-828.58,112,0.084082
-829.62,112,0.083945
-830.66,112,0.083807
-831.71,112,0.08367
-832.75,112,0.083532
-833.79,112,0.083395
-834.84,112,0.083257
-835.89,112,0.083119
-836.94,112,0.082981
-837.99,112,0.082844
-839.04,112,0.082706
-840.09,112,0.082568
-841.15,112,0.08243
-842.2,112,0.082292
-843.26,112,0.082153
-844.32,112,0.082015
-845.38,112,0.081877
-846.44,112,0.081738
-847.5,112,0.0816
-848.56,112,0.081461
-849.63,112,0.081323
-850.69,112,0.081184
-851.76,112,0.081045
-852.83,112,0.080907
-853.9,112,0.080768
-854.98,112,0.080629
-856.05,112,0.08049
-857.12,112,0.080351
-858.2,112,0.080212
-859.28,112,0.080073
-860.36,112,0.079933
-861.44,112,0.079794
-862.52,112,0.079655
-863.6,112,0.079515
-864.69,112,0.079376
-865.77,112,0.079236
-866.86,112,0.079097
-867.95,112,0.078957
-869.04,112,0.078817
-870.13,112,0.078677
-871.23,112,0.078538
-872.32,112,0.078398
-873.42,112,0.078258
-874.52,112,0.078118
-875.62,112,0.077977
-876.72,112,0.077837
-877.82,112,0.077697
-878.92,112,0.077557
-880.03,112,0.077416
-881.13,112,0.077276
-882.24,112,0.077135
-883.35,112,0.076995
-884.46,112,0.076854
-885.57,112,0.076714
-886.69,112,0.076573
-887.8,112,0.076432
-888.92,112,0.076291
-890.04,112,0.07615
-891.16,112,0.076009
-892.28,112,0.075868
-893.4,112,0.075727
-894.52,112,0.075586
-895.65,112,0.075445
-896.78,112,0.075303
-897.9,112,0.075162
-899.03,112,0.075021
-900.17,112,0.074879
-901.3,112,0.074737
-902.43,112,0.074596
-903.57,112,0.074454
-904.71,112,0.074313
-905.84,112,0.074171
-906.98,112,0.074029
-908.13,112,0.073887
-909.27,112,0.073745
-910.41,112,0.073603
-911.56,112,0.073461
-912.71,112,0.073319
-913.86,112,0.073177
-915.01,112,0.073034
-916.16,112,0.072892
-917.31,112,0.07275
-918.47,112,0.072607
-919.62,112,0.072465
-920.78,112,0.072322
-921.94,112,0.07218
-923.1,112,0.072037
-924.26,112,0.071894
-925.42,112,0.071751
-926.59,112,0.071609
-927.76,112,0.071466
-928.92,112,0.071323
-930.09,112,0.07118
-931.26,112,0.071037
-932.44,112,0.070894
-933.61,112,0.07075
-934.79,112,0.070607
-935.96,112,0.070464
-937.14,112,0.07032
-938.32,112,0.070177
-939.5,112,0.070034
-940.68,112,0.06989
-941.87,112,0.069746
-943.05,112,0.069603
-944.24,112,0.069459
-945.43,112,0.069315
-946.62,112,0.069172
-947.81,112,0.069028
-949,112,0.068884
-950.2,112,0.06874
-951.39,112,0.068596
-952.59,112,0.068452
-953.79,112,0.068308
-954.99,112,0.068163
-956.19,112,0.068019
-957.39,112,0.067875
-958.6,112,0.06773
-959.8,112,0.067586
-961.01,112,0.067442
-962.22,112,0.067297
-963.43,112,0.067153
-964.64,112,0.067008
-965.85,112,0.066863
-967.06,112,0.066718
-968.28,112,0.066574
-969.5,112,0.066429
-970.71,112,0.066284
-971.93,112,0.066139
-973.16,112,0.065994
-974.38,112,0.065849
-975.6,112,0.065704
-976.83,112,0.065559
-978.05,112,0.065413
-979.28,112,0.065268
-980.51,112,0.065123
-981.74,112,0.064978
-982.97,112,0.064832
-984.21,112,0.064687
-985.44,112,0.064541
-986.68,112,0.064395
-987.92,112,0.06425
-989.15,112,0.064104
-990.39,112,0.063958
-991.64,112,0.063813
-992.88,112,0.063667
-994.12,112,0.063521
-995.37,112,0.063375
-996.61,112,0.063229
-997.86,112,0.063083
-999.11,112,0.062937
-1000.4,112,0.062791
-1001.6,112,0.062644
-1002.9,112,0.062498
-1004.1,112,0.062352
-1005.4,112,0.062206
-1006.6,112,0.062059
-1007.9,112,0.061913
-1009.2,112,0.061766
-1010.4,112,0.06162
-1011.7,112,0.061473
-1012.9,112,0.061326
-1014.2,112,0.06118
-1015.5,112,0.061033
-1016.7,112,0.060886
-1018,112,0.060739
-1019.3,112,0.060593
-1020.5,112,0.060446
-1021.8,112,0.060299
-1023.1,112,0.060152
-1024.4,112,0.060004
-1025.6,112,0.059857
-1026.9,112,0.05971
-1028.2,112,0.059563
-1029.5,112,0.059416
-1030.8,112,0.059268
-1032,112,0.059121
-1033.3,112,0.058973
-1034.6,112,0.058826
-1035.9,112,0.058679
-1037.2,112,0.058531
-1038.5,112,0.058383
-1039.7,112,0.058236
-1041,112,0.058088
-1042.3,112,0.05794
-1043.6,112,0.057792
-1044.9,112,0.057645
-1046.2,112,0.057497
-1047.5,112,0.057349
-1048.8,112,0.057201
-1050.1,112,0.057053
-1051.4,112,0.056905
-1052.7,112,0.056757
-1054,112,0.056608
-1055.3,112,0.05646
-1056.6,112,0.056312
-1057.9,112,0.056164
-1059.2,112,0.056015
-1060.5,112,0.055867
-1061.8,112,0.055718
-1063.1,112,0.05557
-1064.4,112,0.055421
-1065.7,112,0.055273
-1067,112,0.055124
-1068.3,112,0.054976
-1069.6,112,0.054827
-1071,112,0.054678
-1072.3,112,0.054529
-1073.6,112,0.05438
-1074.9,112,0.054232
-1076.2,112,0.054083
-1077.5,112,0.053934
-1078.8,112,0.053785
-1080.2,112,0.053636
-1081.5,112,0.053486
-1082.8,112,0.053337
-1084.1,112,0.053188
-1085.4,112,0.053039
-1086.8,112,0.05289
-1088.1,112,0.05274
-1089.4,112,0.052591
-1090.7,112,0.052442
-1092,112,0.052292
-1093.4,112,0.052143
-1094.7,112,0.051993
-1096,112,0.051844
-1097.3,112,0.051694
-1098.7,112,0.051544
-1100,112,0.051395
-1101.3,112,0.051245
-1102.7,112,0.051095
-1104,112,0.050945
-1105.3,112,0.050795
-1106.6,112,0.050645
-1108,112,0.050496
-1109.3,112,0.050346
-1110.6,112,0.050196
-1112,112,0.050045
-1113.3,112,0.049895
-1114.6,112,0.049745
-1116,112,0.049595
-1117.3,112,0.049445
-1118.6,112,0.049295
-1120,112,0.049144
-1121.3,112,0.048994
-1122.6,112,0.048844
-1124,112,0.048693
-1125.3,112,0.048543
-1126.6,112,0.048392
-1128,112,0.048242
-1129.3,112,0.048091
-1130.7,112,0.04794
-1132,112,0.04779
-1133.3,112,0.047639
-1134.7,112,0.047488
-1136,112,0.047338
-1137.3,112,0.047187
-1138.7,112,0.047036
-1140,112,0.046885
-1141.4,112,0.046734
-1142.7,112,0.046583
-1144,112,0.046432
-1145.4,112,0.046281
-1146.7,112,0.04613
-1148,112,0.045979
-1149.4,112,0.045828
-1150.7,112,0.045677
-1152.1,112,0.045525
-1153.4,112,0.045374
-1154.7,112,0.045223
-1156.1,112,0.045072
-1157.4,112,0.04492
-1158.7,112,0.044769
-1160.1,112,0.044617
-1161.4,112,0.044466
-1162.7,112,0.044314
-1164.1,112,0.044163
-1165.4,112,0.044011
-1166.7,112,0.04386
-1168.1,112,0.043708
-1169.4,112,0.043556
-1170.7,112,0.043405
-1172.1,112,0.043253
-1173.4,112,0.043101
-1174.7,112,0.042949
-1176.1,112,0.042797
-1177.4,112,0.042645
-1178.7,112,0.042494
-1180.1,112,0.042342
-1181.4,112,0.04219
-1182.7,112,0.042038
-1184.1,112,0.041885
-1185.4,112,0.041733
-1186.7,112,0.041581
-1188,112,0.041429
-1189.4,112,0.041277
-1190.7,112,0.041125
-1192,112,0.040972
-1193.3,112,0.04082
-1194.7,112,0.040668
-1196,112,0.040515
-1197.3,112,0.040363
-1198.6,112,0.040211
-1199.9,112,0.040058
-1201.2,112,0.039906
-1202.6,112,0.039753
-1203.9,112,0.0396
-1205.2,112,0.039448
-1206.5,112,0.039295
-1207.8,112,0.039143
-1209.1,112,0.03899
-1210.4,112,0.038837
-1211.7,112,0.038684
-1213,112,0.038532
-1214.3,112,0.038379
-1215.7,112,0.038226
-1217,112,0.038073
-1218.3,112,0.03792
-1219.6,112,0.037767
-1220.9,112,0.037614
-1222.1,112,0.037461
-1223.4,112,0.037308
-1224.7,112,0.037155
-1226,112,0.037002
-1227.3,112,0.036849
-1228.6,112,0.036696
-1229.9,112,0.036543
-1231.2,112,0.03639
-1232.5,112,0.036236
-1233.7,112,0.036083
-1235,112,0.03593
-1236.3,112,0.035776
-1237.6,112,0.035623
-1238.8,112,0.03547
-1240.1,112,0.035316
-1241.4,112,0.035163
-1242.6,112,0.035009
-1243.9,112,0.034856
-1245.2,112,0.034702
-1246.4,112,0.034549
-1247.7,112,0.034395
-1248.9,112,0.034242
-1250.2,112,0.034088
-1251.4,112,0.033934
-1252.7,112,0.033781
-1253.9,112,0.033627
-1255.2,112,0.033473
-1256.4,112,0.03332
-1257.7,112,0.033166
-1258.9,112,0.033012
-1260.1,112,0.032858
-1261.4,112,0.032704
-1262.6,112,0.03255
-1263.8,112,0.032396
-1265,112,0.032242
-1266.2,112,0.032088
-1267.5,112,0.031934
-1268.7,112,0.03178
-1269.9,112,0.031626
-1271.1,112,0.031472
-1272.3,112,0.031318
-1273.5,112,0.031164
-1274.7,112,0.03101
-1275.9,112,0.030856
-1277.1,112,0.030702
-1278.2,112,0.030547
-1279.4,112,0.030393
-1280.6,112,0.030239
-1281.8,112,0.030084
-1283,112,0.02993
-1284.1,112,0.029776
-1285.3,112,0.029621
-1286.5,112,0.029467
-1287.6,112,0.029313
-1288.8,112,0.029158
-1289.9,112,0.029004
-1291.1,112,0.028849
-1292.2,112,0.028695
-1293.3,112,0.02854
-1294.5,112,0.028386
-1295.6,112,0.028231
-1296.7,112,0.028076
-1297.8,112,0.027922
-1299,112,0.027767
-1300.1,112,0.027612
-1301.2,112,0.027458
-1302.3,112,0.027303
-1303.4,112,0.027148
-1304.5,112,0.026993
-1305.6,112,0.026839
-1306.6,112,0.026684
-1307.7,112,0.026529
-1308.8,112,0.026374
-1309.9,112,0.026219
-1310.9,112,0.026064
-1312,112,0.02591
-1313.1,112,0.025755
-1314.1,112,0.0256
-1315.1,112,0.025445
-1316.2,112,0.02529
-1317.2,112,0.025135
-1318.2,112,0.02498
-1319.3,112,0.024825
-1320.3,112,0.024669
-1321.3,112,0.024514
-1322.3,112,0.024359
-1323.3,112,0.024204
-1324.3,112,0.024049
-1325.3,112,0.023894
-1326.3,112,0.023739
-1327.2,112,0.023583
-1328.2,112,0.023428
-1329.2,112,0.023273
-1330.1,112,0.023118
-1331.1,112,0.022962
-1332,112,0.022807
-1333,112,0.022652
-1333.9,112,0.022496
-1334.8,112,0.022341
-1335.7,112,0.022186
-1336.7,112,0.02203
-1337.6,112,0.021875
-1338.5,112,0.021719
-1339.4,112,0.021564
-1340.2,112,0.021408
-1341.1,112,0.021253
-1342,112,0.021097
-1342.9,112,0.020942
-1343.7,112,0.020786
-1344.6,112,0.020631
-1345.4,112,0.020475
-1346.2,112,0.02032
-1347.1,112,0.020164
-1347.9,112,0.020008
-1348.7,112,0.019853
-1349.5,112,0.019697
-1350.3,112,0.019541
-1351.1,112,0.019386
-1351.9,112,0.01923
-1352.6,112,0.019074
-1353.4,112,0.018919
-1354.1,112,0.018763
-1354.9,112,0.018607
-1355.6,112,0.018451
-1356.4,112,0.018296
-1357.1,112,0.01814
-1357.8,112,0.017984
-1358.5,112,0.017828
-1359.2,112,0.017672
-1359.9,112,0.017516
-1360.6,112,0.017361
-1361.2,112,0.017205
-1361.9,112,0.017049
-1362.5,112,0.016893
-1363.2,112,0.016737
-1363.8,112,0.016581
-1364.4,112,0.016425
-1365,112,0.016269
-1365.6,112,0.016113
-1366.2,112,0.015957
-1366.8,112,0.015801
-1367.4,112,0.015645
-1367.9,112,0.015489
-1368.5,112,0.015333
-1369,112,0.015177
-1369.6,112,0.015021
-1370.1,112,0.014865
-1370.6,112,0.014709
-1371.1,112,0.014553
-1371.6,112,0.014396
-1372,112,0.01424
-1372.5,112,0.014084
-1373,112,0.013928
-1373.4,112,0.013772
-1373.8,112,0.013616
-1374.3,112,0.013459
-1374.7,112,0.013303
-1375.1,112,0.013147
-1375.5,112,0.012991
-1375.8,112,0.012835
-1376.2,112,0.012678
-1376.6,112,0.012522
-1376.9,112,0.012366
-1377.2,112,0.01221
-1377.5,112,0.012053
-1377.8,112,0.011897
-1378.1,112,0.011741
-1378.4,112,0.011584
-1378.7,112,0.011428
-1378.9,112,0.011272
-1379.2,112,0.011115
-1379.4,112,0.010959
-1379.6,112,0.010803
-1379.8,112,0.010646
-1380,112,0.01049
-1380.2,112,0.010334
-1380.4,112,0.010177
-1380.5,112,0.010021
-1380.6,112,0.0098643
-1380.8,112,0.0097079
-1380.9,112,0.0095515
-1381,112,0.0093951
-1381.1,112,0.0092386
-1381.1,112,0.0090822
-1381.2,112,0.0089257
-1381.2,112,0.0087693
-1381.2,112,0.0086128
-1381.3,112,0.0084563
-1381.3,112,0.0082999
-1381.2,112,0.0081434
-1381.2,112,0.0079869
-1381.2,112,0.0078304
-1381.1,112,0.0076739
-1381,112,0.0075174
-1380.9,112,0.0073609
-1380.8,112,0.0072043
-1380.7,112,0.0070478
-1380.6,112,0.0068913
-1380.4,112,0.0067347
-1380.2,112,0.0065782
-1380.1,112,0.0064216
-1379.9,112,0.0062651
-1379.6,112,0.0061085
-1379.4,112,0.0059519
-1379.2,112,0.0057954
-1378.9,112,0.0056388
-1378.6,112,0.0054822
-1378.3,112,0.0053256
-1378,112,0.005169
-1377.7,112,0.0050124
-1377.4,112,0.0048558
-1377,112,0.0046992
-1376.6,112,0.0045426
-1376.2,112,0.004386
-1375.8,112,0.0042294
-1375.4,112,0.0040728
-1374.9,112,0.0039162
-1374.5,112,0.0037596
-1374,112,0.0036029
-1373.5,112,0.0034463
-1373,112,0.0032897
-1372.5,112,0.003133
-1371.9,112,0.0029764
-1371.4,112,0.0028198
-1370.8,112,0.0026631
-1370.2,112,0.0025065
-1369.6,112,0.0023498
-1368.9,112,0.0021932
-1368.3,112,0.0020365
-1367.6,112,0.0018799
-1366.9,112,0.0017232
-1366.2,112,0.0015666
-1365.5,112,0.0014099
-1364.8,112,0.0012533
-1364,112,0.0010966
-1363.2,112,0.00093996
-1362.4,112,0.0007833
-1361.6,112,0.00062664
-1360.8,112,0.00046998
-1359.9,112,0.00031332
-1359.1,112,0.00015666
-1358.2,112,2.1374e-17
-1357.3,112,-0.00015666
-1356.4,112,-0.00031332
-1355.4,112,-0.00046998
-1354.5,112,-0.00062664
-1353.5,112,-0.0007833
-1352.5,112,-0.00093996
-1351.5,112,-0.0010966
-1350.4,112,-0.0012533
-1349.4,112,-0.0014099
-1348.3,112,-0.0015666
-1347.2,112,-0.0017232
-1346.1,112,-0.0018799
-1345,112,-0.0020365
-1343.8,112,-0.0021932
-1342.7,112,-0.0023498
-1341.5,112,-0.0025065
-1340.3,112,-0.0026631
-1339.1,112,-0.0028198
-1337.8,112,-0.0029764
-1336.6,112,-0.003133
-1335.3,112,-0.0032897
-1334,112,-0.0034463
-1332.7,112,-0.0036029
-1331.3,112,-0.0037596
-1330,112,-0.0039162
-1328.6,112,-0.0040728
-1327.2,112,-0.0042294
-1325.8,112,-0.004386
-1324.4,112,-0.0045426
-1323,112,-0.0046992
-1321.5,112,-0.0048558
-1320,112,-0.0050124
-1318.5,112,-0.005169
-1317,112,-0.0053256
-1315.5,112,-0.0054822
-1313.9,112,-0.0056388
-1312.4,112,-0.0057954
-1310.8,112,-0.0059519
-1309.2,112,-0.0061085
-1307.6,112,-0.0062651
-1305.9,112,-0.0064216
-1304.3,112,-0.0065782
-1302.6,112,-0.0067347
-1300.9,112,-0.0068913
-1299.2,112,-0.0070478
-1297.5,112,-0.0072043
-1295.8,112,-0.0073609
-1294,112,-0.0075174
-1292.3,112,-0.0076739
-1290.5,112,-0.0078304
-1288.7,112,-0.0079869
-1286.9,112,-0.0081434
-1285,112,-0.0082999
-1283.2,112,-0.0084563
-1281.3,112,-0.0086128
-1279.5,112,-0.0087693
-1277.6,112,-0.0089257
-1275.7,112,-0.0090822
-1273.8,112,-0.0092386
-1271.8,112,-0.0093951
-1269.9,112,-0.0095515
-1267.9,112,-0.0097079
-1266,112,-0.0098643
-1264,112,-0.010021
-1262,112,-0.010177
-1260,112,-0.010334
-1258,112,-0.01049
-1256,112,-0.010646
-1253.9,112,-0.010803
-1251.9,112,-0.010959
-1249.8,112,-0.011115
-1247.7,112,-0.011272
-1245.7,112,-0.011428
-1243.6,112,-0.011584
-1241.5,112,-0.011741
-1239.4,112,-0.011897
-1237.3,112,-0.012053
-1235.1,112,-0.01221
-1233,112,-0.012366
-1230.9,112,-0.012522
-1228.7,112,-0.012678
-1226.6,112,-0.012835
-1224.4,112,-0.012991
-1222.3,112,-0.013147
-1220.1,112,-0.013303
-1217.9,112,-0.013459
-1215.8,112,-0.013616
-1213.6,112,-0.013772
-1211.4,112,-0.013928
-1209.2,112,-0.014084
-1207,112,-0.01424
-1204.8,112,-0.014396
-1202.7,112,-0.014553
-1200.5,112,-0.014709
-1198.3,112,-0.014865
-1196.1,112,-0.015021
-1193.9,112,-0.015177
-1191.7,112,-0.015333
-1189.5,112,-0.015489
-1187.4,112,-0.015645
-1185.2,112,-0.015801
-1183,112,-0.015957
-1180.8,112,-0.016113
-1178.7,112,-0.016269
-1176.5,112,-0.016425
-1174.4,112,-0.016581
-1172.2,112,-0.016737
-1170.1,112,-0.016893
-1168,112,-0.017049
-1165.8,112,-0.017205
-1163.7,112,-0.017361
-1161.6,112,-0.017516
-1159.5,112,-0.017672
-1157.5,112,-0.017828
-1155.4,112,-0.017984
-1153.3,112,-0.01814
-1151.3,112,-0.018296
-1149.3,112,-0.018451
-1147.3,112,-0.018607
-1145.3,112,-0.018763
-1143.3,112,-0.018919
-1141.3,112,-0.019074
-1139.4,112,-0.01923
-1137.5,112,-0.019386
-1135.6,112,-0.019541
-1133.7,112,-0.019697
-1131.8,112,-0.019853
-1130,112,-0.020008
-1128.2,112,-0.020164
-1126.4,112,-0.02032
-1124.6,112,-0.020475
-1122.8,112,-0.020631
-1121.1,112,-0.020786
-1119.4,112,-0.020942
-1117.7,112,-0.021097
-1116.1,112,-0.021253
-1114.5,112,-0.021408
-1112.9,112,-0.021564
-1111.3,112,-0.021719
-1109.8,112,-0.021875
-1108.3,112,-0.02203
-1106.9,112,-0.022186
-1105.4,112,-0.022341
-1104,112,-0.022496
-1102.7,112,-0.022652
-1101.3,112,-0.022807
-1100,112,-0.022962
-1098.8,112,-0.023118
-1097.6,112,-0.023273
-1096.4,112,-0.023428
-1095.2,112,-0.023583
-1094.1,112,-0.023739
-1093.1,112,-0.023894
-1092,112,-0.024049
-1091.1,112,-0.024204
-1090.1,112,-0.024359
-1089.2,112,-0.024514
-1088.4,112,-0.024669
-1087.5,112,-0.024825
-1086.8,112,-0.02498
-1086.1,112,-0.025135
-1085.4,112,-0.02529
-1084.7,112,-0.025445
-1084.2,112,-0.0256
-1083.6,112,-0.025755
-1083.1,112,-0.02591
-1082.7,112,-0.026064
-1082.3,112,-0.026219
-1082,112,-0.026374
-1081.7,112,-0.026529
-1081.5,112,-0.026684
-1081.3,112,-0.026839
-1081.1,112,-0.026993
-1081.1,112,-0.027148
-1081,112,-0.027303
-1081.1,112,-0.027458
-1081.1,112,-0.027612
-1081.3,112,-0.027767
-1081.5,112,-0.027922
-1081.7,112,-0.028076
-1082,112,-0.028231
-1082.4,112,-0.028386
-1082.8,112,-0.02854
-1083.3,112,-0.028695
-1083.8,112,-0.028849
-1084.4,112,-0.029004
-1085,112,-0.029158
-1085.7,112,-0.029313
-1086.5,112,-0.029467
-1087.3,112,-0.029621
-1088.2,112,-0.029776
-1089.1,112,-0.02993
-1090.1,112,-0.030084
-1091.2,112,-0.030239
-1092.3,112,-0.030393
-1093.5,112,-0.030547
-1094.7,112,-0.030702
-1096,112,-0.030856
-1097.4,112,-0.03101
-1098.8,112,-0.031164
-1100.3,112,-0.031318
-1101.8,112,-0.031472
-1103.4,112,-0.031626
-1105.1,112,-0.03178
-1106.8,112,-0.031934
-1108.6,112,-0.032088
-1110.5,112,-0.032242
-1112.4,112,-0.032396
-1114.4,112,-0.03255
-1116.4,112,-0.032704
-1118.5,112,-0.032858
-1120.6,112,-0.033012
-1122.9,112,-0.033166
-1125.1,112,-0.03332
-1127.5,112,-0.033473
-1129.9,112,-0.033627
-1132.3,112,-0.033781
-1134.8,112,-0.033934
-1137.4,112,-0.034088
-1140,112,-0.034242
-1142.7,112,-0.034395
-1145.5,112,-0.034549
-1148.3,112,-0.034702
-1151.2,112,-0.034856
-1154.1,112,-0.035009
-1157.1,112,-0.035163
-1160.1,112,-0.035316
-1163.2,112,-0.03547
-1166.4,112,-0.035623
-1169.6,112,-0.035776
-1172.9,112,-0.03593
-1176.2,112,-0.036083
-1179.6,112,-0.036236
-1183,112,-0.03639
-1186.5,112,-0.036543
-1190.1,112,-0.036696
-1193.7,112,-0.036849
-1197.3,112,-0.037002
-1201,112,-0.037155
-1204.8,112,-0.037308
-1208.6,112,-0.037461
-1212.5,112,-0.037614
-1216.4,112,-0.037767
-1220.4,112,-0.03792
-1224.4,112,-0.038073
-1228.4,112,-0.038226
-1232.6,112,-0.038379
-1236.7,112,-0.038532
-1240.9,112,-0.038684
-1245.2,112,-0.038837
-1249.5,112,-0.03899
-1253.8,112,-0.039143
-1258.2,112,-0.039295
-1262.7,112,-0.039448
-1267.2,112,-0.0396
-1271.7,112,-0.039753
-1276.3,112,-0.039906
-1280.9,112,-0.040058
-1285.5,112,-0.040211
-1290.2,112,-0.040363
-1295,112,-0.040515
-1299.7,112,-0.040668
-1304.6,112,-0.04082
-1309.4,112,-0.040972
-1314.3,112,-0.041125
-1319.3,112,-0.041277
-1324.2,112,-0.041429
-1329.2,112,-0.041581
-1334.3,112,-0.041733
-1339.3,112,-0.041885
-1344.4,112,-0.042038
-1349.6,112,-0.04219
-1354.8,112,-0.042342
-1360,112,-0.042494
-1365.2,112,-0.042645
-1370.5,112,-0.042797
-1375.8,112,-0.042949
-1381.1,112,-0.043101
-1386.5,112,-0.043253
-1391.8,112,-0.043405
-1397.2,112,-0.043556
-1402.7,112,-0.043708
-1408.1,112,-0.04386
-1413.6,112,-0.044011
-1419.1,112,-0.044163
-1424.7,112,-0.044314
-1430.2,112,-0.044466
-1435.8,112,-0.044617
-1441.4,112,-0.044769
-1447,112,-0.04492
-1452.6,112,-0.045072
-1458.3,112,-0.045223
-1463.9,112,-0.045374
-1469.6,112,-0.045525
-1475.3,112,-0.045677
-1481,112,-0.045828
-1486.8,112,-0.045979
-1492.5,112,-0.04613
-1498.3,112,-0.046281
-1504,112,-0.046432
-1509.8,112,-0.046583
-1515.6,112,-0.046734
-1521.4,112,-0.046885
-1527.2,112,-0.047036
-1533,112,-0.047187
-1538.8,112,-0.047338
-1544.6,112,-0.047488
-1550.4,112,-0.047639
-1556.3,112,-0.04779
-1562.1,112,-0.04794
-1567.9,112,-0.048091
-1573.8,112,-0.048242
-1579.6,112,-0.048392
-1585.4,112,-0.048543
-1591.3,112,-0.048693
-1597.1,112,-0.048844
-1602.9,112,-0.048994
-1608.8,112,-0.049144
-1614.6,112,-0.049295
-1620.4,112,-0.049445
-1626.2,112,-0.049595
-1632,112,-0.049745
-1637.8,112,-0.049895
-1643.5,112,-0.050045
-1649.3,112,-0.050196
-1655,112,-0.050346
-1660.8,112,-0.050496
-1666.5,112,-0.050645
-1672.2,112,-0.050795
-1677.9,112,-0.050945
-1683.6,112,-0.051095
-1689.2,112,-0.051245
-1694.9,112,-0.051395
-1700.5,112,-0.051544
-1706.1,112,-0.051694
-1711.6,112,-0.051844
-1717.2,112,-0.051993
-1722.7,112,-0.052143
-1728.2,112,-0.052292
-1733.7,112,-0.052442
-1739.1,112,-0.052591
-1744.5,112,-0.05274
-1749.9,112,-0.05289
-1755.3,112,-0.053039
-1760.6,112,-0.053188
-1765.9,112,-0.053337
-1771.1,112,-0.053486
-1776.3,112,-0.053636
-1781.5,112,-0.053785
-1786.6,112,-0.053934
-1791.7,112,-0.054083
-1796.8,112,-0.054232
-1801.8,112,-0.05438
-1806.8,112,-0.054529
-1811.7,112,-0.054678
-1816.6,112,-0.054827
-1821.5,112,-0.054976
-1826.3,112,-0.055124
-1831,112,-0.055273
-1835.7,112,-0.055421
-1840.3,112,-0.05557
-1844.9,112,-0.055718
-1849.5,112,-0.055867
-1854,112,-0.056015
-1858.4,112,-0.056164
-1862.8,112,-0.056312
-1867.1,112,-0.05646
-1871.4,112,-0.056608
-1875.6,112,-0.056757
-1879.7,112,-0.056905
-1883.8,112,-0.057053
-1887.8,112,-0.057201
-1891.8,112,-0.057349
-1895.7,112,-0.057497
-1899.5,112,-0.057645
-1903.3,112,-0.057792
-1907,112,-0.05794
-1910.6,112,-0.058088
-1914.2,112,-0.058236
-1917.7,112,-0.058383
-1921.1,112,-0.058531
-1924.4,112,-0.058679
-1927.7,112,-0.058826
-1930.9,112,-0.058973
-1934,112,-0.059121
-1937.1,112,-0.059268
-1940,112,-0.059416
-1942.9,112,-0.059563
-1945.7,112,-0.05971
-1948.4,112,-0.059857
-1951.1,112,-0.060004
-1953.7,112,-0.060152
-1956.1,112,-0.060299
-1958.5,112,-0.060446
-1960.9,112,-0.060593
-1963.1,112,-0.060739
-1965.3,112,-0.060886
-1967.3,112,-0.061033
-1969.3,112,-0.06118
-1971.2,112,-0.061326
-1973,112,-0.061473
-1974.7,112,-0.06162
-1976.3,112,-0.061766
-1977.9,112,-0.061913
-1979.3,112,-0.062059
-1980.7,112,-0.062206
-1981.9,112,-0.062352
-1983.1,112,-0.062498
-1984.2,112,-0.062644
-1985.2,112,-0.062791
-1986.1,112,-0.062937
-1986.9,112,-0.063083
-1987.6,112,-0.063229
-1988.2,112,-0.063375
-1988.8,112,-0.063521
-1989.2,112,-0.063667
-1989.5,112,-0.063813
-1989.8,112,-0.063958
-1989.9,112,-0.064104
-1990,112,-0.06425
-1990,112,-0.064395
-1989.8,112,-0.064541
-1989.6,112,-0.064687
-1989.3,112,-0.064832
-1988.9,112,-0.064978
-1988.4,112,-0.065123
-1987.8,112,-0.065268
-1987.1,112,-0.065413
-1986.3,112,-0.065559
-1985.4,112,-0.065704
-1984.5,112,-0.065849
-1983.4,112,-0.065994
-1982.2,112,-0.066139
-1981,112,-0.066284
-1979.7,112,-0.066429
-1978.2,112,-0.066574
-1976.7,112,-0.066718
-1975.1,112,-0.066863
-1973.4,112,-0.067008
-1971.6,112,-0.067153
-1969.7,112,-0.067297
-1967.8,112,-0.067442
-1965.7,112,-0.067586
-1963.6,112,-0.06773
-1961.3,112,-0.067875
-1959,112,-0.068019
-1956.6,112,-0.068163
-1954.2,112,-0.068308
-1951.6,112,-0.068452
-1948.9,112,-0.068596
-1946.2,112,-0.06874
-1943.4,112,-0.068884
-1940.5,112,-0.069028
-1937.6,112,-0.069172
-1934.5,112,-0.069315
-1931.4,112,-0.069459
-1928.2,112,-0.069603
-1924.9,112,-0.069746
-1921.5,112,-0.06989
-1918.1,112,-0.070034
-1914.6,112,-0.070177
-1911,112,-0.07032
-1907.4,112,-0.070464
-1903.7,112,-0.070607
-1899.9,112,-0.07075
-1896,112,-0.070894
-1892.1,112,-0.071037
-1888.1,112,-0.07118
-1884.1,112,-0.071323
-1879.9,112,-0.071466
-1875.7,112,-0.071609
-1871.5,112,-0.071751
-1867.2,112,-0.071894
-1862.8,112,-0.072037
-1858.4,112,-0.07218
-1853.9,112,-0.072322
-1849.4,112,-0.072465
-1844.8,112,-0.072607
-1840.1,112,-0.07275
-1835.4,112,-0.072892
-1830.7,112,-0.073034
-1825.8,112,-0.073177
-1821,112,-0.073319
-1816.1,112,-0.073461
-1811.1,112,-0.073603
-1806.1,112,-0.073745
-1801,112,-0.073887
-1795.9,112,-0.074029
-1790.8,112,-0.074171
-1785.6,112,-0.074313
-1780.4,112,-0.074454
-1775.1,112,-0.074596
-1769.8,112,-0.074737
-1764.4,112,-0.074879
-1759,112,-0.075021
-1753.6,112,-0.075162
-1748.2,112,-0.075303
-1742.7,112,-0.075445
-1737.1,112,-0.075586
-1731.6,112,-0.075727
-1726,112,-0.075868
-1720.3,112,-0.076009
-1714.7,112,-0.07615
-1709,112,-0.076291
-1703.3,112,-0.076432
-1697.5,112,-0.076573
-1691.8,112,-0.076714
-1686,112,-0.076854
-1680.2,112,-0.076995
-1674.3,112,-0.077135
-1668.5,112,-0.077276
-1662.6,112,-0.077416
-1656.7,112,-0.077557
-1650.7,112,-0.077697
-1644.8,112,-0.077837
-1638.8,112,-0.077977
-1632.9,112,-0.078118
-1626.9,112,-0.078258
-1620.8,112,-0.078398
-1614.8,112,-0.078538
-1608.8,112,-0.078677
-1602.7,112,-0.078817
-1596.6,112,-0.078957
-1590.6,112,-0.079097
-1584.5,112,-0.079236
-1578.4,112,-0.079376
-1572.3,112,-0.079515
-1566.1,112,-0.079655
-1560,112,-0.079794
-1553.9,112,-0.079933
-1547.7,112,-0.080073
-1541.6,112,-0.080212
-1535.4,112,-0.080351
-1529.3,112,-0.08049
-1523.1,112,-0.080629
-1517,112,-0.080768
-1510.8,112,-0.080907
-1504.6,112,-0.081045
-1498.4,112,-0.081184
-1492.3,112,-0.081323
-1486.1,112,-0.081461
-1479.9,112,-0.0816
-1473.7,112,-0.081738
-1467.6,112,-0.081877
-1461.4,112,-0.082015
-1455.2,112,-0.082153
-1449,112,-0.082292
-1442.9,112,-0.08243
-1436.7,112,-0.082568
-1430.6,112,-0.082706
-1424.4,112,-0.082844
-1418.2,112,-0.082981
-1412.1,112,-0.083119
-1406,112,-0.083257
-1399.8,112,-0.083395
-1393.7,112,-0.083532
-1387.6,112,-0.08367
-1381.5,112,-0.083807
-1375.4,112,-0.083945
-1369.3,112,-0.084082
-1363.2,112,-0.084219
-1357.1,112,-0.084356
-1351,112,-0.084493
-1345,112,-0.08463
-1338.9,112,-0.084767
-1332.9,112,-0.084904
-1326.8,112,-0.085041
-1320.8,112,-0.085178
-1314.8,112,-0.085315
-1308.8,112,-0.085451
-1302.8,112,-0.085588
-1296.8,112,-0.085724
-1290.9,112,-0.085861
-1284.9,112,-0.085997
-1279,112,-0.086133
-1273.1,112,-0.08627
-1267.1,112,-0.086406
-1261.2,112,-0.086542
-1255.3,112,-0.086678
-1249.5,112,-0.086814
-1243.6,112,-0.08695
-1237.8,112,-0.087086
-1231.9,112,-0.087221
-1226.1,112,-0.087357
-1220.3,112,-0.087492
-1214.5,112,-0.087628
-1208.7,112,-0.087763
-1203,112,-0.087899
-1197.2,112,-0.088034
-1191.5,112,-0.088169
-1185.8,112,-0.088305
-1180.1,112,-0.08844
-1174.4,112,-0.088575
-1168.7,112,-0.08871
-1163.1,112,-0.088844
-1157.4,112,-0.088979
-1151.8,112,-0.089114
-1146.2,112,-0.089249
-1140.6,112,-0.089383
-1135.1,112,-0.089518
-1129.5,112,-0.089652
-1124,112,-0.089787
-1118.4,112,-0.089921
-1112.9,112,-0.090055
-1107.4,112,-0.090189
-1102,112,-0.090323
-1096.5,112,-0.090457
-1091.1,112,-0.090591
-1085.7,112,-0.090725
-1080.3,112,-0.090859
-1074.9,112,-0.090993
-1069.5,112,-0.091126
-1064.2,112,-0.09126
-1058.8,112,-0.091393
-1053.5,112,-0.091527
-1048.2,112,-0.09166
-1042.9,112,-0.091794
-1037.7,112,-0.091927
-1032.4,112,-0.09206
-1027.2,112,-0.092193
-1022,112,-0.092326
-1016.8,112,-0.092459
-1011.6,112,-0.092592
-1006.4,112,-0.092724
-1001.3,112,-0.092857
-996.16,112,-0.09299
-991.06,112,-0.093122
-985.97,112,-0.093255
-980.9,112,-0.093387
-975.84,112,-0.093519
-970.81,112,-0.093652
-965.79,112,-0.093784
-960.79,112,-0.093916
-955.8,112,-0.094048
-950.84,112,-0.09418
-945.89,112,-0.094312
-940.96,112,-0.094443
-936.05,112,-0.094575
-931.15,112,-0.094707
-926.27,112,-0.094838
-921.41,112,-0.09497
-916.57,112,-0.095101
-911.75,112,-0.095233
-906.94,112,-0.095364
-902.15,112,-0.095495
-897.38,112,-0.095626
-892.62,112,-0.095757
-887.88,112,-0.095888
-883.16,112,-0.096019
-878.46,112,-0.09615
-873.77,112,-0.09628
-869.1,112,-0.096411
-864.45,112,-0.096542
-859.82,112,-0.096672
-855.2,112,-0.096802
-850.6,112,-0.096933
-846.02,112,-0.097063
-841.45,112,-0.097193
-836.9,112,-0.097323
-832.37,112,-0.097453
-827.86,112,-0.097583
-823.36,112,-0.097713
-818.88,112,-0.097843
-814.41,112,-0.097972
-809.96,112,-0.098102
-805.53,112,-0.098232
-801.12,112,-0.098361
-796.72,112,-0.09849
-792.34,112,-0.09862
-787.98,112,-0.098749
-783.63,112,-0.098878
-779.3,112,-0.099007
-774.98,112,-0.099136
-770.68,112,-0.099265
-766.4,112,-0.099394
-762.14,112,-0.099523
-757.89,112,-0.099651
-753.65,112,-0.09978
-749.44,112,-0.099908
-745.24,112,-0.10004
-741.05,112,-0.10017
-736.88,112,-0.10029
-732.73,112,-0.10042
-728.59,112,-0.10055
-724.47,112,-0.10068
-720.37,112,-0.10081
-716.28,112,-0.10093
-712.2,112,-0.10106
-708.14,112,-0.10119
-704.1,112,-0.10132
-700.07,112,-0.10144
-696.06,112,-0.10157
-692.07,112,-0.1017
-688.09,112,-0.10183
-684.12,112,-0.10195
-680.17,112,-0.10208
-676.24,112,-0.10221
-672.32,112,-0.10233
-668.41,112,-0.10246
-664.52,112,-0.10259
-660.65,112,-0.10271
-656.79,112,-0.10284
-652.95,112,-0.10297
-649.12,112,-0.10309
-645.3,112,-0.10322
-641.5,112,-0.10335
-637.72,112,-0.10347
-633.95,112,-0.1036
-630.2,112,-0.10373
-626.45,112,-0.10385
-622.73,112,-0.10398
-619.02,112,-0.1041
-615.32,112,-0.10423
-611.64,112,-0.10435
-607.97,112,-0.10448
-604.32,112,-0.10461
-600.68,112,-0.10473
-597.05,112,-0.10486
-593.44,112,-0.10498
-589.84,112,-0.10511
-586.26,112,-0.10523
-582.69,112,-0.10536
-579.14,112,-0.10548
-575.6,112,-0.10561
-572.07,112,-0.10573
-568.56,112,-0.10585
-565.06,112,-0.10598
-561.57,112,-0.1061
-558.1,112,-0.10623
-554.64,112,-0.10635
-551.2,112,-0.10648
-547.77,112,-0.1066
-544.35,112,-0.10672
-540.95,112,-0.10685
-537.56,112,-0.10697
-534.18,112,-0.1071
-530.82,112,-0.10722
-527.47,112,-0.10734
-524.13,112,-0.10747
-520.81,112,-0.10759
-517.49,112,-0.10771
-514.2,112,-0.10784
-510.91,112,-0.10796
-507.64,112,-0.10808
-504.38,112,-0.10821
-501.14,112,-0.10833
-497.91,112,-0.10845
-494.69,112,-0.10857
-491.48,112,-0.1087
-488.28,112,-0.10882
-485.1,112,-0.10894
-481.93,112,-0.10906
-478.78,112,-0.10919
-475.64,112,-0.10931
-472.5,112,-0.10943
-469.39,112,-0.10955
-466.28,112,-0.10967
-463.19,112,-0.1098
-460.11,112,-0.10992
-457.04,112,-0.11004
-453.98,112,-0.11016
-450.94,112,-0.11028
-447.91,112,-0.1104
-444.89,112,-0.11053
-441.88,112,-0.11065
-438.88,112,-0.11077
-435.9,112,-0.11089
-432.93,112,-0.11101
-429.97,112,-0.11113
-427.02,112,-0.11125
-424.09,112,-0.11137
-421.17,112,-0.11149
-418.25,112,-0.11161
-415.35,112,-0.11173
-412.47,112,-0.11185
-409.59,112,-0.11197
-406.73,112,-0.11209
-403.87,112,-0.11221
-401.03,112,-0.11233
-398.2,112,-0.11245
-395.39,112,-0.11257
-392.58,112,-0.11269
-389.78,112,-0.11281
-387,112,-0.11293
-384.23,112,-0.11305
-381.47,112,-0.11317
-378.72,112,-0.11329
-375.98,112,-0.11341
-373.25,112,-0.11353
-370.54,112,-0.11365
-367.83,112,-0.11377
-365.14,112,-0.11389
-362.46,112,-0.114
-359.79,112,-0.11412
-357.13,112,-0.11424
-354.48,112,-0.11436
-351.84,112,-0.11448
-349.22,112,-0.1146
-346.6,112,-0.11471
-344,112,-0.11483
-341.4,112,-0.11495
-338.82,112,-0.11507
-336.25,112,-0.11519
-333.69,112,-0.1153
-331.14,112,-0.11542
-328.6,112,-0.11554
-326.07,112,-0.11566
-323.55,112,-0.11577
-321.04,112,-0.11589
-318.54,112,-0.11601
-316.06,112,-0.11612
-313.58,112,-0.11624
-311.11,112,-0.11636
-308.66,112,-0.11647
-306.21,112,-0.11659
-303.78,112,-0.11671
-301.36,112,-0.11682
-298.94,112,-0.11694
-296.54,112,-0.11706
-294.15,112,-0.11717
-291.76,112,-0.11729
-289.39,112,-0.1174
-287.03,112,-0.11752
-284.68,112,-0.11764
-282.34,112,-0.11775
-280,112,-0.11787
-277.68,112,-0.11798
-275.37,112,-0.1181
-273.07,112,-0.11821
-270.78,112,-0.11833
-268.5,112,-0.11844
-266.22,112,-0.11856
-263.96,112,-0.11867
-261.71,112,-0.11879
-259.47,112,-0.1189
-257.24,112,-0.11902
-255.02,112,-0.11913
-252.8,112,-0.11925
-250.6,112,-0.11936
-248.41,112,-0.11948
-246.22,112,-0.11959
-244.05,112,-0.1197
-241.89,112,-0.11982
-239.73,112,-0.11993
-237.59,112,-0.12005
-235.45,112,-0.12016
-233.33,112,-0.12027
-231.21,112,-0.12039
-229.11,112,-0.1205
-227.01,112,-0.12061
-224.92,112,-0.12073
-222.85,112,-0.12084
-220.78,112,-0.12095
-218.72,112,-0.12107
-216.67,112,-0.12118
-214.63,112,-0.12129
-212.6,112,-0.1214
-210.58,112,-0.12152
-208.56,112,-0.12163
-206.56,112,-0.12174
-204.57,112,-0.12185
-202.58,112,-0.12196
-200.61,112,-0.12208
-198.64,112,-0.12219
-196.68,112,-0.1223
-194.73,112,-0.12241
-192.79,112,-0.12252
-190.86,112,-0.12264
-188.94,112,-0.12275
-187.03,112,-0.12286
-185.13,112,-0.12297
-183.23,112,-0.12308
-181.35,112,-0.12319
-179.47,112,-0.1233
-177.6,112,-0.12341
-175.75,112,-0.12352
-173.9,112,-0.12363
-172.05,112,-0.12375
-170.22,112,-0.12386
-168.4,112,-0.12397
-166.58,112,-0.12408
-164.78,112,-0.12419
-162.98,112,-0.1243
-161.19,112,-0.12441
-159.41,112,-0.12452
-157.64,112,-0.12463
-155.88,112,-0.12474
-154.13,112,-0.12485
-152.38,112,-0.12495
-150.64,112,-0.12506
-148.91,112,-0.12517
-147.19,112,-0.12528
-145.48,112,-0.12539
-143.78,112,-0.1255
-142.09,112,-0.12561
-140.4,112,-0.12572
-138.72,112,-0.12583
-137.05,112,-0.12593
-135.39,112,-0.12604
-133.74,112,-0.12615
-132.09,112,-0.12626
-130.46,112,-0.12637
-128.83,112,-0.12648
-127.21,112,-0.12658
-125.6,112,-0.12669
-124,112,-0.1268
-122.4,112,-0.12691
-120.81,112,-0.12701
-119.24,112,-0.12712
-117.67,112,-0.12723
-116.1,112,-0.12734
-114.55,112,-0.12744
-113,112,-0.12755
-111.46,112,-0.12766
-109.93,112,-0.12776
-108.41,112,-0.12787
-106.9,112,-0.12798
-105.39,112,-0.12808
-103.89,112,-0.12819
-102.4,112,-0.1283
-100.92,112,-0.1284
-99.443,112,-0.12851
-97.976,112,-0.12861
-96.516,112,-0.12872
-95.065,112,-0.12883
-93.621,112,-0.12893
-92.185,112,-0.12904
-90.757,112,-0.12914
-89.337,112,-0.12925
-87.924,112,-0.12935
-86.519,112,-0.12946
-85.121,112,-0.12956
-83.731,112,-0.12967
-82.349,112,-0.12977
-80.974,112,-0.12988
-79.607,112,-0.12998
-78.248,112,-0.13009
-76.896,112,-0.13019
-75.551,112,-0.1303
-74.214,112,-0.1304
-72.885,112,-0.1305
-71.563,112,-0.13061
-70.248,112,-0.13071
-68.941,112,-0.13082
-67.641,112,-0.13092
-66.348,112,-0.13102
-65.063,112,-0.13113
-63.785,112,-0.13123
-62.515,112,-0.13133
-61.251,112,-0.13144
-59.995,112,-0.13154
-58.747,112,-0.13164
-57.505,112,-0.13174
-56.271,112,-0.13185
-55.044,112,-0.13195
-53.824,112,-0.13205
-52.611,112,-0.13215
-51.405,112,-0.13226
-50.206,112,-0.13236
-49.015,112,-0.13246
-47.83,112,-0.13256
-46.653,112,-0.13266
-45.482,112,-0.13277
-44.319,112,-0.13287
-43.163,112,-0.13297
-42.013,112,-0.13307
-40.87,112,-0.13317
-39.735,112,-0.13327
-38.606,112,-0.13337
-37.484,112,-0.13348
-36.369,112,-0.13358
-35.261,112,-0.13368
-34.16,112,-0.13378
-33.065,112,-0.13388
-31.977,112,-0.13398
-30.896,112,-0.13408
-29.822,112,-0.13418
-28.754,112,-0.13428
-27.694,112,-0.13438
-26.639,112,-0.13448
-25.592,112,-0.13458
-24.551,112,-0.13468
-23.517,112,-0.13478
-22.489,112,-0.13488
-21.468,112,-0.13498
-20.453,112,-0.13508
-19.445,112,-0.13518
-18.444,112,-0.13528
-17.449,112,-0.13537
-16.46,112,-0.13547
-15.478,112,-0.13557
-14.502,112,-0.13567
-13.533,112,-0.13577
-12.57,112,-0.13587
-11.614,112,-0.13597
-10.664,112,-0.13606
-9.72,112,-0.13616
-8.7826,112,-0.13626
-7.8514,112,-0.13636
-6.9265,112,-0.13646
-6.0079,112,-0.13655
-5.0955,112,-0.13665
-4.1893,112,-0.13675
-3.2893,112,-0.13685
-2.3955,112,-0.13694
-1.5078,112,-0.13704
-0.62629,112,-0.13714
0.24912,112,-0.13723
1.1184,112,-0.13733
1.9817,112,-0.13743
2.8389,112,-0.13752
3.6901,112,-0.13762
4.5352,112,-0.13772
5.3744,112,-0.13781
6.2076,112,-0.13791
7.0348,112,-0.138
7.8561,112,-0.1381
8.6715,112,-0.1382
9.481,112,-0.13829
10.285,112,-0.13839
11.082,112,-0.13848
11.874,112,-0.13858
12.66,112,-0.13867
13.441,112,-0.13877
14.215,112,-0.13886
14.984,112,-0.13896
15.747,112,-0.13905
16.505,112,-0.13915
17.256,112,-0.13924
18.002,112,-0.13934
18.743,112,-0.13943
19.478,112,-0.13952
20.207,112,-0.13962
20.93,112,-0.13971
21.648,112,-0.13981
22.361,112,-0.1399
23.068,112,-0.13999
23.769,112,-0.14009
24.465,112,-0.14018
25.155,112,-0.14027
25.84,112,-0.14037
26.52,112,-0.14046
27.194,112,-0.14055
27.863,112,-0.14065
28.526,112,-0.14074
29.184,112,-0.14083
29.837,112,-0.14092
30.484,112,-0.14102
31.127,112,-0.14111
31.763,112,-0.1412
32.395,112,-0.14129
33.022,112,-0.14138
33.643,112,-0.14148
34.259,112,-0.14157
34.87,112,-0.14166
35.475,112,-0.14175
36.076,112,-0.14184
36.671,112,-0.14193
37.262,112,-0.14202
37.847,112,-0.14212
38.428,112,-0.14221
39.003,112,-0.1423
39.573,112,-0.14239
40.138,112,-0.14248
40.699,112,-0.14257
41.254,112,-0.14266
41.805,112,-0.14275
42.35,112,-0.14284
42.891,112,-0.14293
43.427,112,-0.14302
43.958,112,-0.14311
44.484,112,-0.1432
45.005,112,-0.14329
45.522,112,-0.14338
46.034,112,-0.14347
46.541,112,-0.14356
47.043,112,-0.14364
47.541,112,-0.14373
48.034,112,-0.14382
48.523,112,-0.14391
49.006,112,-0.144
49.485,112,-0.14409
49.96,112,-0.14418
50.43,112,-0.14426
50.895,112,-0.14435
51.356,112,-0.14444
51.813,112,-0.14453
52.264,112,-0.14462
52.712,112,-0.1447
53.155,112,-0.14479
53.593,112,-0.14488
54.027,112,-0.14497
54.457,112,-0.14505
54.882,112,-0.14514
55.303,112,-0.14523
55.72,112,-0.14531
56.132,112,-0.1454
56.54,112,-0.14549
56.944,112,-0.14557
57.343,112,-0.14566
57.739,112,-0.14575
58.13,112,-0.14583
58.517,112,-0.14592
58.899,112,-0.146
59.278,112,-0.14609
59.652,112,-0.14618
60.022,112,-0.14626
60.389,112,-0.14635
60.751,112,-0.14643
61.109,112,-0.14652
61.463,112,-0.1466
61.813,112,-0.14669
62.159,112,-0.14677
62.501,112,-0.14686
62.839,112,-0.14694
63.173,112,-0.14703
63.504,112,-0.14711
63.83,112,-0.14719
64.152,112,-0.14728
64.471,112,-0.14736
64.786,112,-0.14745
65.097,112,-0.14753
65.404,112,-0.14761
65.708,112,-0.1477
66.007,112,-0.14778
66.303,112,-0.14786
66.596,112,-0.14795
66.884,112,-0.14803
67.169,112,-0.14811
67.45,112,-0.1482
67.728,112,-0.14828
68.002,112,-0.14836
68.272,112,-0.14844
68.539,112,-0.14853
68.802,112,-0.14861
69.062,112,-0.14869
69.318,112,-0.14877
69.571,112,-0.14885
69.82,112,-0.14894
70.066,112,-0.14902
70.308,112,-0.1491
70.547,112,-0.14918
70.783,112,-0.14926
71.015,112,-0.14934
71.244,112,-0.14942
71.469,112,-0.14951
71.692,112,-0.14959
71.91,112,-0.14967
72.126,112,-0.14975
72.338,112,-0.14983
72.547,112,-0.14991
72.753,112,-0.14999
72.956,112,-0.15007
73.155,112,-0.15015
73.352,112,-0.15023
73.545,112,-0.15031
73.735,112,-0.15039
73.922,112,-0.15047
74.105,112,-0.15055
74.286,112,-0.15063
74.464,112,-0.1507
74.639,112,-0.15078
74.81,112,-0.15086
74.979,112,-0.15094
75.145,112,-0.15102
75.307,112,-0.1511
75.467,112,-0.15118
75.624,112,-0.15125
75.778,112,-0.15133
75.929,112,-0.15141
76.077,112,-0.15149
76.223,112,-0.15157
76.365,112,-0.15164
76.505,112,-0.15172
76.642,112,-0.1518
76.776,112,-0.15188
76.908,112,-0.15195
77.037,112,-0.15203
77.163,112,-0.15211
77.286,112,-0.15218
77.407,112,-0.15226
77.525,112,-0.15234
77.64,112,-0.15241
77.753,112,-0.15249
77.863,112,-0.15257
77.971,112,-0.15264
78.076,112,-0.15272
78.178,112,-0.15279
78.278,112,-0.15287
78.376,112,-0.15294
78.471,112,-0.15302
78.563,112,-0.1531
78.653,112,-0.15317
78.741,112,-0.15325
78.826,112,-0.15332
78.909,112,-0.15339
78.989,112,-0.15347
79.067,112,-0.15354
79.143,112,-0.15362
79.216,112,-0.15369
79.287,112,-0.15377
79.356,112,-0.15384
79.422,112,-0.15392
79.487,112,-0.15399
79.549,112,-0.15406
79.608,112,-0.15414
79.666,112,-0.15421
79.721,112,-0.15428
79.774,112,-0.15436
79.826,112,-0.15443
79.874,112,-0.1545
79.921,112,-0.15457
79.966,112,-0.15465
80.009,112,-0.15472
80.049,112,-0.15479
80.088,112,-0.15486
80.124,112,-0.15494
80.158,112,-0.15501
80.191,112,-0.15508
80.221,112,-0.15515
80.25,112,-0.15522
80.276,112,-0.1553
80.301,112,-0.15537
80.324,112,-0.15544
80.345,112,-0.15551
80.364,112,-0.15558
80.381,112,-0.15565
80.396,112,-0.15572
80.409,112,-0.15579
80.421,112,-0.15586
80.431,112,-0.15593
80.439,112,-0.156
80.445,112,-0.15607
80.449,112,-0.15614
80.452,112,-0.15621
80.453,112,-0.15628
80.453,112,-0.15635
80.45,112,-0.15642
80.446,112,-0.15649
80.441,112,-0.15656
80.433,112,-0.15663
80.424,112,-0.1567
80.414,112,-0.15677
80.402,112,-0.15684
80.388,112,-0.15691
80.373,112,-0.15698
80.356,112,-0.15704
80.338,112,-0.15711
80.318,112,-0.15718
80.297,112,-0.15725
80.274,112,-0.15732
80.25,112,-0.15738
80.224,112,-0.15745
80.197,112,-0.15752
80.168,112,-0.15759
80.138,112,-0.15765
80.107,112,-0.15772
80.074,112,-0.15779
80.04,112,-0.15786
80.005,112,-0.15792
79.968,112,-0.15799
79.93,112,-0.15806
79.891,112,-0.15812
79.85,112,-0.15819
79.808,112,-0.15825
79.765,112,-0.15832
79.721,112,-0.15839
79.675,112,-0.15845
79.628,112,-0.15852
79.58,112,-0.15858
79.531,112,-0.15865
79.481,112,-0.15871
79.429,112,-0.15878
79.376,112,-0.15884
79.322,112,-0.15891
79.268,112,-0.15897
79.212,112,-0.15904
79.154,112,-0.1591
79.096,112,-0.15917
79.037,112,-0.15923
78.977,112,-0.15929
78.916,112,-0.15936
78.853,112,-0.15942
78.79,112,-0.15949
78.726,112,-0.15955
78.66,112,-0.15961
78.594,112,-0.15968
78.527,112,-0.15974
78.459,112,-0.1598
78.39,112,-0.15987
78.32,112,-0.15993
78.249,112,-0.15999
78.177,112,-0.16005
78.104,112,-0.16012
78.031,112,-0.16018
77.957,112,-0.16024
77.882,112,-0.1603
77.806,112,-0.16036
77.729,112,-0.16043
77.651,112,-0.16049
77.573,112,-0.16055
77.494,112,-0.16061
77.414,112,-0.16067
77.333,112,-0.16073
77.252,112,-0.16079
77.17,112,-0.16085
77.087,112,-0.16092
77.003,112,-0.16098
76.919,112,-0.16104
76.834,112,-0.1611
76.749,112,-0.16116
76.663,112,-0.16122
76.576,112,-0.16128
76.489,112,-0.16134
76.401,112,-0.1614
76.312,112,-0.16146
76.223,112,-0.16152
76.133,112,-0.16158
76.042,112,-0.16163
75.951,112,-0.16169
75.86,112,-0.16175
75.768,112,-0.16181
75.675,112,-0.16187
75.582,112,-0.16193
75.489,112,-0.16199
75.395,112,-0.16204
75.3,112,-0.1621
75.205,112,-0.16216
75.11,112,-0.16222
75.014,112,-0.16228
74.917,112,-0.16233
74.821,112,-0.16239
74.723,112,-0.16245
74.626,112,-0.16251
74.528,112,-0.16256
74.429,112,-0.16262
74.33,112,-0.16268
74.231,112,-0.16273
74.132,112,-0.16279
74.032,112,-0.16285
73.932,112,-0.1629
73.831,112,-0.16296
73.73,112,-0.16302
73.629,112,-0.16307
73.528,112,-0.16313
73.426,112,-0.16318
73.324,112,-0.16324
73.222,112,-0.16329
73.119,112,-0.16335
73.016,112,-0.1634
72.913,112,-0.16346
72.81,112,-0.16351
72.707,112,-0.16357
72.603,112,-0.16362
72.499,112,-0.16368
72.395,112,-0.16373
72.29,112,-0.16379
72.186,112,-0.16384
72.081,112,-0.16389
71.976,112,-0.16395
71.871,112,-0.164
71.766,112,-0.16405
71.661,112,-0.16411
71.556,112,-0.16416
71.45,112,-0.16421
71.344,112,-0.16427
71.239,112,-0.16432
71.133,112,-0.16437
71.027,112,-0.16443
70.921,112,-0.16448
70.815,112,-0.16453
70.709,112,-0.16458
70.602,112,-0.16463
70.496,112,-0.16469
70.39,112,-0.16474
70.284,112,-0.16479
70.177,112,-0.16484
70.071,112,-0.16489
69.964,112,-0.16494
69.858,112,-0.165
69.752,112,-0.16505
69.645,112,-0.1651
69.539,112,-0.16515
69.433,112,-0.1652
69.326,112,-0.16525
69.22,112,-0.1653
69.114,112,-0.16535
69.008,112,-0.1654
68.901,112,-0.16545
68.795,112,-0.1655
68.689,112,-0.16555
68.583,112,-0.1656
68.478,112,-0.16565
68.372,112,-0.1657
68.266,112,-0.16575
68.161,112,-0.1658
68.055,112,-0.16584
67.95,112,-0.16589
67.845,112,-0.16594
67.74,112,-0.16599
67.635,112,-0.16604
67.53,112,-0.16609
67.425,112,-0.16614
67.321,112,-0.16618
67.217,112,-0.16623
67.112,112,-0.16628
67.008,112,-0.16633
66.905,112,-0.16637
66.801,112,-0.16642
66.698,112,-0.16647
66.594,112,-0.16652
66.491,112,-0.16656
66.388,112,-0.16661
66.286,112,-0.16666
66.183,112,-0.1667
66.081,112,-0.16675
65.979,112,-0.16679
65.877,112,-0.16684
65.776,112,-0.16689
65.674,112,-0.16693
65.573,112,-0.16698
65.473,112,-0.16702
65.372,112,-0.16707
65.272,112,-0.16711
65.172,112,-0.16716
65.072,112,-0.1672
64.972,112,-0.16725
64.873,112,-0.16729
64.774,112,-0.16734
64.675,112,-0.16738
64.577,112,-0.16743
64.479,112,-0.16747
64.381,112,-0.16752
64.284,112,-0.16756
64.186,112,-0.1676
64.09,112,-0.16765
63.993,112,-0.16769
63.897,112,-0.16773
63.801,112,-0.16778
63.705,112,-0.16782
63.61,112,-0.16786
63.515,112,-0.16791
63.42,112,-0.16795
63.326,112,-0.16799
63.232,112,-0.16803
63.139,112,-0.16808
63.045,112,-0.16812
62.952,112,-0.16816
62.86,112,-0.1682
62.768,112,-0.16824
62.676,112,-0.16828
62.584,112,-0.16833
62.493,112,-0.16837
62.403,112,-0.16841
62.312,112,-0.16845
62.222,112,-0.16849
62.133,112,-0.16853
62.044,112,-0.16857
61.955,112,-0.16861
61.866,112,-0.16865
61.778,112,-0.16869
61.691,112,-0.16873
61.604,112,-0.16877
61.517,112,-0.16881
61.43,112,-0.16885
61.344,112,-0.16889
61.259,112,-0.16893
61.173,112,-0.16897
61.089,112,-0.16901
61.004,112,-0.16905
60.92,112,-0.16909
60.837,112,-0.16913
60.754,112,-0.16917
60.671,112,-0.1692
60.589,112,-0.16924
60.507,112,-0.16928
60.425,112,-0.16932
60.344,112,-0.16936
60.264,112,-0.16939
60.184,112,-0.16943
60.104,112,-0.16947
60.025,112,-0.16951
59.946,112,-0.16954
59.868,112,-0.16958
59.79,112,-0.16962
59.712,112,-0.16966
59.635,112,-0.16969
59.559,112,-0.16973
59.483,112,-0.16977
59.407,112,-0.1698
59.332,112,-0.16984
59.257,112,-0.16987
59.183,112,-0.16991
59.109,112,-0.16995
59.036,112,-0.16998
58.963,112,-0.17002
58.89,112,-0.17005
58.818,112,-0.17009
58.747,112,-0.17012
58.676,112,-0.17016
58.605,112,-0.17019
58.535,112,-0.17023
58.465,112,-0.17026
58.396,112,-0.1703
58.328,112,-0.17033
58.259,112,-0.17036
58.192,112,-0.1704
58.124,112,-0.17043
58.057,112,-0.17047
57.991,112,-0.1705
57.925,112,-0.17053
57.86,112,-0.17057
57.795,112,-0.1706
57.731,112,-0.17063
57.667,112,-0.17066
57.603,112,-0.1707
57.54,112,-0.17073
57.478,112,-0.17076
57.416,112,-0.17079
57.354,112,-0.17083
57.293,112,-0.17086
57.233,112,-0.17089
57.172,112,-0.17092
57.113,112,-0.17095
57.054,112,-0.17099
56.995,112,-0.17102
56.937,112,-0.17105
56.879,112,-0.17108
56.822,112,-0.17111
56.765,112,-0.17114
56.709,112,-0.17117
56.653,112,-0.1712
56.598,112,-0.17123
56.543,112,-0.17126
56.489,112,-0.17129
56.435,112,-0.17132
56.382,112,-0.17135
56.329,112,-0.17138
56.277,112,-0.17141
56.225,112,-0.17144
56.174,112,-0.17147
56.123,112,-0.1715
56.072,112,-0.17153
56.022,112,-0.17156
55.973,112,-0.17159
55.924,112,-0.17162
55.876,112,-0.17164
55.828,112,-0.17167
55.78,112,-0.1717
55.733,112,-0.17173
55.687,112,-0.17176
55.641,112,-0.17178
55.595,112,-0.17181
55.55,112,-0.17184
55.506,112,-0.17187
55.461,112,-0.17189
55.418,112,-0.17192
55.375,112,-0.17195
55.332,112,-0.17197
55.29,112,-0.172
55.248,112,-0.17203
55.207,112,-0.17205
55.166,112,-0.17208
55.126,112,-0.17211
55.086,112,-0.17213
55.047,112,-0.17216
55.008,112,-0.17218
54.97,112,-0.17221
54.932,112,-0.17223
54.894,112,-0.17226
54.857,112,-0.17228
54.821,112,-0.17231
54.785,112,-0.17233
54.749,112,-0.17236
54.714,112,-0.17238
54.68,112,-0.17241
54.646,112,-0.17243
54.612,112,-0.17246
54.579,112,-0.17248
54.546,112,-0.1725
54.514,112,-0.17253
54.482,112,-0.17255
54.451,112,-0.17258
54.42,112,-0.1726
54.39,112,-0.17262
54.36,112,-0.17265
54.33,112,-0.17267
54.301,112,-0.17269
54.273,112,-0.17271
54.245,112,-0.17274
54.217,112,-0.17276
54.19,112,-0.17278
54.163,112,-0.1728
54.137,112,-0.17282
54.111,112,-0.17285
54.086,112,-0.17287
54.061,112,-0.17289
54.036,112,-0.17291
54.012,112,-0.17293
53.989,112,-0.17295
53.966,112,-0.17297
53.943,112,-0.173
53.921,112,-0.17302
53.899,112,-0.17304
53.878,112,-0.17306
53.857,112,-0.17308
53.836,112,-0.1731
53.816,112,-0.17312
53.797,112,-0.17314
53.778,112,-0.17316
53.759,112,-0.17318
53.741,112,-0.1732
53.723,112,-0.17321
53.706,112,-0.17323
53.689,112,-0.17325
53.672,112,-0.17327
53.656,112,-0.17329
53.64,112,-0.17331
53.625,112,-0.17333
53.61,112,-0.17335
53.596,112,-0.17336
53.582,112,-0.17338
53.569,112,-0.1734
53.555,112,-0.17342
53.543,112,-0.17344
53.531,112,-0.17345
53.519,112,-0.17347
53.507,112,-0.17349
53.496,112,-0.1735
53.486,112,-0.17352
53.476,112,-0.17354
53.466,112,-0.17355
53.456,112,-0.17357
53.447,112,-0.17359
53.439,112,-0.1736
53.431,112,-0.17362
53.423,112,-0.17364
53.416,112,-0.17365
53.409,112,-0.17367
53.402,112,-0.17368
53.396,112,-0.1737
53.391,112,-0.17371
53.385,112,-0.17373
53.381,112,-0.17374
53.376,112,-0.17376
53.372,112,-0.17377
53.368,112,-0.17379
53.365,112,-0.1738
53.362,112,-0.17382
53.36,112,-0.17383
53.358,112,-0.17384
53.356,112,-0.17386
53.354,112,-0.17387
53.354,112,-0.17389
53.353,112,-0.1739
53.353,112,-0.17391
53.353,112,-0.17393
53.354,112,-0.17394
53.355,112,-0.17395
53.356,112,-0.17396
53.358,112,-0.17398
53.36,112,-0.17399
53.362,112,-0.174
53.365,112,-0.17401
53.368,112,-0.17403
53.372,112,-0.17404
53.376,112,-0.17405
53.381,112,-0.17406
53.385,112,-0.17407
53.39,112,-0.17408
53.396,112,-0.17409
53.402,112,-0.17411
53.408,112,-0.17412
53.415,112,-0.17413
53.422,112,-0.17414
53.429,112,-0.17415
53.437,112,-0.17416
53.445,112,-0.17417
53.453,112,-0.17418
53.462,112,-0.17419
53.471,112,-0.1742
53.48,112,-0.17421
53.49,112,-0.17422
53.501,112,-0.17423
53.511,112,-0.17424
53.522,112,-0.17425
53.533,112,-0.17425
53.545,112,-0.17426
53.557,112,-0.17427
53.569,112,-0.17428
53.582,112,-0.17429
53.595,112,-0.1743
53.608,112,-0.1743
53.622,112,-0.17431
53.636,112,-0.17432
53.651,112,-0.17433
53.665,112,-0.17434
53.68,112,-0.17434
53.696,112,-0.17435
53.712,112,-0.17436
53.728,112,-0.17436
53.744,112,-0.17437
53.761,112,-0.17438
53.778,112,-0.17438
53.796,112,-0.17439
53.813,112,-0.1744
53.832,112,-0.1744
53.85,112,-0.17441
53.869,112,-0.17441
53.888,112,-0.17442
53.908,112,-0.17443
53.927,112,-0.17443
53.948,112,-0.17444
53.968,112,-0.17444
53.989,112,-0.17445
54.01,112,-0.17445
54.031,112,-0.17446
54.053,112,-0.17446
54.075,112,-0.17447
54.098,112,-0.17447
54.121,112,-0.17447
54.144,112,-0.17448
54.167,112,-0.17448
54.191,112,-0.17449
54.215,112,-0.17449
54.239,112,-0.17449
54.264,112,-0.1745
54.289,112,-0.1745
54.314,112,-0.1745
54.34,112,-0.1745
54.366,112,-0.17451
54.392,112,-0.17451
54.419,112,-0.17451
54.446,112,-0.17451
54.473,112,-0.17452
54.501,112,-0.17452
54.529,112,-0.17452
54.557,112,-0.17452
54.585,112,-0.17452
54.614,112,-0.17453
54.643,112,-0.17453
54.673,112,-0.17453
54.703,112,-0.17453
54.733,112,-0.17453
54.763,112,-0.17453
54.794,112,-0.17453
54.825,112,-0.17453
54.856,112,-0.17453
54.888,112,-0.17453
54.92,112,-0.17453
54.952,112,-0.17453
54.984,112,-0.17453
55.017,112,-0.17453
55.05,112,-0.17453
55.084,112,-0.17453
55.118,112,-0.17453
55.152,112,-0.17453
55.186,112,-0.17453
55.221,112,-0.17453
55.256,112,-0.17453
55.291,112,-0.17452
55.327,112,-0.17452
55.363,112,-0.17452
55.399,112,-0.17452
55.435,112,-0.17452
55.472,112,-0.17451
55.509,112,-0.17451
55.547,112,-0.17451
55.585,112,-0.17451
55.623,112,-0.1745
55.661,112,-0.1745
55.7,112,-0.1745
55.738,112,-0.1745
55.778,112,-0.17449
55.817,112,-0.17449
55.857,112,-0.17449
55.897,112,-0.17448
55.938,112,-0.17448
55.978,112,-0.17447
56.019,112,-0.17447
56.061,112,-0.17447
56.102,112,-0.17446
56.144,112,-0.17446
56.187,112,-0.17445
56.229,112,-0.17445
56.272,112,-0.17444
56.315,112,-0.17444
56.359,112,-0.17443
56.402,112,-0.17443
56.447,112,-0.17442
56.491,112,-0.17441
56.536,112,-0.17441
56.58,112,-0.1744
56.626,112,-0.1744
56.671,112,-0.17439
56.717,112,-0.17438
56.763,112,-0.17438
56.81,112,-0.17437
56.856,112,-0.17436
56.903,112,-0.17436
56.951,112,-0.17435
56.998,112,-0.17434
57.046,112,-0.17434
57.095,112,-0.17433
57.143,112,-0.17432
57.192,112,-0.17431
57.241,112,-0.1743
57.291,112,-0.1743
57.34,112,-0.17429
57.39,112,-0.17428
57.441,112,-0.17427
57.492,112,-0.17426
57.542,112,-0.17425
57.594,112,-0.17425
57.645,112,-0.17424
57.697,112,-0.17423
57.749,112,-0.17422
57.802,112,-0.17421
57.855,112,-0.1742
57.908,112,-0.17419
57.961,112,-0.17418
58.015,112,-0.17417
58.069,112,-0.17416
58.123,112,-0.17415
58.178,112,-0.17414
58.232,112,-0.17413
58.288,112,-0.17412
58.343,112,-0.17411
58.399,112,-0.17409
58.455,112,-0.17408
58.511,112,-0.17407
58.568,112,-0.17406
58.625,112,-0.17405
58.683,112,-0.17404
58.74,112,-0.17403
58.798,112,-0.17401
58.856,112,-0.174
58.915,112,-0.17399
58.974,112,-0.17398
59.033,112,-0.17396
59.093,112,-0.17395
59.152,112,-0.17394
59.212,112,-0.17393
59.273,112,-0.17391
59.334,112,-0.1739
59.395,112,-0.17389
59.456,112,-0.17387
59.518,112,-0.17386
59.58,112,-0.17384
59.642,112,-0.17383
59.705,112,-0.17382
59.767,112,-0.1738
59.831,112,-0.17379
59.894,112,-0.17377
59.958,112,-0.17376
60.022,112,-0.17374
60.087,112,-0.17373
60.152,112,-0.17371
60.217,112,-0.1737
60.282,112,-0.17368
60.348,112,-0.17367
60.414,112,-0.17365
60.48,112,-0.17364
60.547,112,-0.17362
60.614,112,-0.1736
60.682,112,-0.17359
60.749,112,-0.17357
60.817,112,-0.17355
60.886,112,-0.17354
60.954,112,-0.17352
61.023,112,-0.1735
61.092,112,-0.17349
61.162,112,-0.17347
61.232,112,-0.17345
61.302,112,-0.17344
61.373,112,-0.17342
61.444,112,-0.1734
61.515,112,-0.17338
61.587,112,-0.17336
61.658,112,-0.17335
61.731,112,-0.17333
61.803,112,-0.17331
61.876,112,-0.17329
61.949,112,-0.17327
62.023,112,-0.17325
62.097,112,-0.17323
62.171,112,-0.17321
62.246,112,-0.1732
62.32,112,-0.17318
62.396,112,-0.17316
62.471,112,-0.17314
62.547,112,-0.17312
62.623,112,-0.1731
62.7,112,-0.17308
62.777,112,-0.17306
62.854,112,-0.17304
62.931,112,-0.17302
63.009,112,-0.173
63.088,112,-0.17297
63.166,112,-0.17295
63.245,112,-0.17293
63.324,112,-0.17291
63.404,112,-0.17289
63.484,112,-0.17287
63.564,112,-0.17285
63.645,112,-0.17282
63.726,112,-0.1728
63.807,112,-0.17278
63.889,112,-0.17276
63.971,112,-0.17274
64.053,112,-0.17271
64.136,112,-0.17269
64.219,112,-0.17267
64.302,112,-0.17265
64.386,112,-0.17262
64.47,112,-0.1726
64.555,112,-0.17258
64.639,112,-0.17255
64.725,112,-0.17253
64.81,112,-0.1725
64.896,112,-0.17248
64.982,112,-0.17246
65.069,112,-0.17243
65.156,112,-0.17241
65.243,112,-0.17238
65.33,112,-0.17236
65.418,112,-0.17233
65.507,112,-0.17231
65.595,112,-0.17228
65.685,112,-0.17226
65.774,112,-0.17223
65.864,112,-0.17221
65.954,112,-0.17218
66.044,112,-0.17216
66.135,112,-0.17213
66.226,112,-0.17211
66.318,112,-0.17208
66.41,112,-0.17205
66.502,112,-0.17203
66.595,112,-0.172
66.688,112,-0.17197
66.781,112,-0.17195
66.875,112,-0.17192
66.969,112,-0.17189
67.064,112,-0.17187
67.159,112,-0.17184
67.254,112,-0.17181
67.35,112,-0.17178
67.446,112,-0.17176
67.542,112,-0.17173
67.639,112,-0.1717
67.736,112,-0.17167
67.833,112,-0.17164
67.931,112,-0.17162
68.029,112,-0.17159
68.128,112,-0.17156
68.227,112,-0.17153
68.326,112,-0.1715
68.426,112,-0.17147
68.526,112,-0.17144
68.627,112,-0.17141
68.728,112,-0.17138
68.829,112,-0.17135
68.93,112,-0.17132
69.032,112,-0.17129
69.135,112,-0.17126
69.238,112,-0.17123
69.341,112,-0.1712
69.444,112,-0.17117
69.548,112,-0.17114
69.653,112,-0.17111
69.757,112,-0.17108
69.862,112,-0.17105
69.968,112,-0.17102
70.074,112,-0.17099
70.18,112,-0.17095
70.286,112,-0.17092
70.393,112,-0.17089
70.501,112,-0.17086
70.609,112,-0.17083
70.717,112,-0.17079
70.825,112,-0.17076
70.934,112,-0.17073
71.044,112,-0.1707
71.153,112,-0.17066
71.264,112,-0.17063
71.374,112,-0.1706
71.485,112,-0.17057
71.596,112,-0.17053
71.708,112,-0.1705
71.82,112,-0.17047
71.933,112,-0.17043
72.045,112,-0.1704
72.159,112,-0.17036
72.272,112,-0.17033
72.386,112,-0.1703
72.501,112,-0.17026
72.616,112,-0.17023
72.731,112,-0.17019
72.847,112,-0.17016
72.963,112,-0.17012
73.079,112,-0.17009
73.196,112,-0.17005
73.313,112,-0.17002
73.431,112,-0.16998
73.549,112,-0.16995
73.668,112,-0.16991
73.786,112,-0.16987
73.906,112,-0.16984
74.025,112,-0.1698
74.145,112,-0.16977
74.266,112,-0.16973
74.387,112,-0.16969
74.508,112,-0.16966
74.63,112,-0.16962
74.752,112,-0.16958
74.874,112,-0.16954
74.997,112,-0.16951
75.121,112,-0.16947
75.244,112,-0.16943
75.368,112,-0.16939
75.493,112,-0.16936
75.618,112,-0.16932
75.743,112,-0.16928
75.869,112,-0.16924
75.995,112,-0.1692
76.122,112,-0.16917
76.249,112,-0.16913
76.376,112,-0.16909
76.504,112,-0.16905
76.632,112,-0.16901
76.761,112,-0.16897
76.89,112,-0.16893
77.019,112,-0.16889
77.149,112,-0.16885
77.28,112,-0.16881
77.41,112,-0.16877
77.541,112,-0.16873
77.673,112,-0.16869
77.805,112,-0.16865
77.937,112,-0.16861
78.07,112,-0.16857
78.203,112,-0.16853
78.337,112,-0.16849
78.471,112,-0.16845
78.605,112,-0.16841
78.74,112,-0.16837
78.875,112,-0.16833
79.011,112,-0.16828
79.147,112,-0.16824
79.283,112,-0.1682
79.42,112,-0.16816
79.558,112,-0.16812
79.695,112,-0.16808
79.834,112,-0.16803
79.972,112,-0.16799
80.111,112,-0.16795
80.25,112,-0.16791
80.39,112,-0.16786
80.531,112,-0.16782
80.671,112,-0.16778
80.812,112,-0.16773
80.954,112,-0.16769
81.096,112,-0.16765
81.238,112,-0.1676
81.381,112,-0.16756
81.524,112,-0.16752
81.668,112,-0.16747
81.812,112,-0.16743
81.956,112,-0.16738
82.101,112,-0.16734
82.246,112,-0.16729
82.392,112,-0.16725
82.538,112,-0.1672
82.684,112,-0.16716
82.831,112,-0.16711
82.979,112,-0.16707
83.126,112,-0.16702
83.275,112,-0.16698
83.423,112,-0.16693
83.572,112,-0.16689
83.722,112,-0.16684
83.872,112,-0.16679
84.022,112,-0.16675
84.173,112,-0.1667
84.324,112,-0.16666
84.475,112,-0.16661
84.627,112,-0.16656
84.78,112,-0.16652
84.933,112,-0.16647
85.086,112,-0.16642
85.239,112,-0.16637
85.393,112,-0.16633
85.548,112,-0.16628
85.703,112,-0.16623
85.858,112,-0.16618
86.014,112,-0.16614
86.17,112,-0.16609
86.327,112,-0.16604
86.484,112,-0.16599
86.641,112,-0.16594
86.799,112,-0.16589
86.957,112,-0.16584
87.116,112,-0.1658
87.275,112,-0.16575
87.435,112,-0.1657
87.594,112,-0.16565
87.755,112,-0.1656
87.916,112,-0.16555
88.077,112,-0.1655
88.238,112,-0.16545
88.4,112,-0.1654
88.563,112,-0.16535
88.726,112,-0.1653
88.889,112,-0.16525
89.053,112,-0.1652
89.217,112,-0.16515
89.381,112,-0.1651
89.546,112,-0.16505
89.712,112,-0.165
89.878,112,-0.16494
90.044,112,-0.16489
90.21,112,-0.16484
90.377,112,-0.16479
90.545,112,-0.16474
90.713,112,-0.16469
90.881,112,-0.16463
91.05,112,-0.16458
91.219,112,-0.16453
91.388,112,-0.16448
91.558,112,-0.16443
91.729,112,-0.16437
91.9,112,-0.16432
92.071,112,-0.16427
92.242,112,-0.16421
92.414,112,-0.16416
92.587,112,-0.16411
92.76,112,-0.16405
92.933,112,-0.164
93.107,112,-0.16395
93.281,112,-0.16389
93.455,112,-0.16384
93.63,112,-0.16379
93.806,112,-0.16373
93.981,112,-0.16368
94.157,112,-0.16362
94.334,112,-0.16357
94.511,112,-0.16351
94.688,112,-0.16346
94.866,112,-0.1634
95.044,112,-0.16335
95.223,112,-0.16329
95.402,112,-0.16324
95.582,112,-0.16318
95.761,112,-0.16313
95.942,112,-0.16307
96.122,112,-0.16302
96.303,112,-0.16296
96.485,112,-0.1629
96.667,112,-0.16285
96.849,112,-0.16279
97.032,112,-0.16273
97.215,112,-0.16268
97.399,112,-0.16262
97.582,112,-0.16256
97.767,112,-0.16251
97.952,112,-0.16245
98.137,112,-0.16239
98.322,112,-0.16233
98.508,112,-0.16228
98.695,112,-0.16222
98.881,112,-0.16216
99.069,112,-0.1621
99.256,112,-0.16204
99.444,112,-0.16199
99.633,112,-0.16193
99.821,112,-0.16187
100.01,112,-0.16181
100.2,112,-0.16175
100.39,112,-0.16169
100.58,112,-0.16163
100.77,112,-0.16158
100.96,112,-0.16152
101.15,112,-0.16146
101.35,112,-0.1614
101.54,112,-0.16134
101.73,112,-0.16128
101.92,112,-0.16122
102.12,112,-0.16116
102.31,112,-0.1611
102.51,112,-0.16104
102.7,112,-0.16098
102.9,112,-0.16092
103.09,112,-0.16085
103.29,112,-0.16079
103.49,112,-0.16073
103.68,112,-0.16067
103.88,112,-0.16061
104.08,112,-0.16055
104.27,112,-0.16049
104.47,112,-0.16043
104.67,112,-0.16036
104.87,112,-0.1603
105.07,112,-0.16024
105.27,112,-0.16018
105.47,112,-0.16012
105.67,112,-0.16005
105.87,112,-0.15999
106.07,112,-0.15993
106.28,112,-0.15987
106.48,112,-0.1598
106.68,112,-0.15974
106.88,112,-0.15968
107.09,112,-0.15961
107.29,112,-0.15955
107.5,112,-0.15949
107.7,112,-0.15942
107.91,112,-0.15936
108.11,112,-0.15929
108.32,112,-0.15923
108.52,112,-0.15917
108.73,112,-0.1591
108.94,112,-0.15904
109.14,112,-0.15897
109.35,112,-0.15891
109.56,112,-0.15884
109.77,112,-0.15878
109.98,112,-0.15871
110.19,112,-0.15865
110.4,112,-0.15858
110.61,112,-0.15852
110.82,112,-0.15845
111.03,112,-0.15839
111.24,112,-0.15832
111.45,112,-0.15825
111.66,112,-0.15819
111.88,112,-0.15812
112.09,112,-0.15806
112.3,112,-0.15799
112.52,112,-0.15792
112.73,112,-0.15786
112.94,112,-0.15779
113.16,112,-0.15772
113.37,112,-0.15765
113.59,112,-0.15759
113.81,112,-0.15752
114.02,112,-0.15745
114.24,112,-0.15738
114.46,112,-0.15732
114.67,112,-0.15725
114.89,112,-0.15718
115.11,112,-0.15711
115.33,112,-0.15704
115.55,112,-0.15698
115.77,112,-0.15691
115.98,112,-0.15684
116.2,112,-0.15677
116.43,112,-0.1567
116.65,112,-0.15663
116.87,112,-0.15656
117.09,112,-0.15649
117.31,112,-0.15642
117.53,112,-0.15635
117.76,112,-0.15628
117.98,112,-0.15621
118.2,112,-0.15614
118.43,112,-0.15607
118.65,112,-0.156
118.88,112,-0.15593
119.1,112,-0.15586
119.33,112,-0.15579
119.55,112,-0.15572
119.78,112,-0.15565
120,112,-0.15558
120.23,112,-0.15551
120.46,112,-0.15544
120.69,112,-0.15537
120.91,112,-0.1553
121.14,112,-0.15522
121.37,112,-0.15515
121.6,112,-0.15508
121.83,112,-0.15501
122.06,112,-0.15494
122.29,112,-0.15486
122.52,112,-0.15479
122.75,112,-0.15472
122.98,112,-0.15465
123.21,112,-0.15457
123.45,112,-0.1545
123.68,112,-0.15443
123.91,112,-0.15436
124.14,112,-0.15428
124.38,112,-0.15421
124.61,112,-0.15414
124.85,112,-0.15406
125.08,112,-0.15399
125.32,112,-0.15392
125.55,112,-0.15384
125.79,112,-0.15377
126.02,112,-0.15369
126.26,112,-0.15362
126.5,112,-0.15354
126.73,112,-0.15347
126.97,112,-0.15339
127.21,112,-0.15332
127.45,112,-0.15325
127.69,112,-0.15317
127.93,112,-0.1531
128.17,112,-0.15302
128.41,112,-0.15294
128.65,112,-0.15287
128.89,112,-0.15279
129.13,112,-0.15272
129.37,112,-0.15264
129.61,112,-0.15257
129.85,112,-0.15249
130.1,112,-0.15241
130.34,112,-0.15234
130.58,112,-0.15226
130.82,112,-0.15218
131.07,112,-0.15211
131.31,112,-0.15203
131.56,112,-0.15195
131.8,112,-0.15188
132.05,112,-0.1518
132.29,112,-0.15172
132.54,112,-0.15164
132.79,112,-0.15157
133.03,112,-0.15149
133.28,112,-0.15141
133.53,112,-0.15133
133.78,112,-0.15125
134.03,112,-0.15118
134.28,112,-0.1511
134.52,112,-0.15102
134.77,112,-0.15094
135.02,112,-0.15086
135.27,112,-0.15078
135.53,112,-0.1507
135.78,112,-0.15063
136.03,112,-0.15055
136.28,112,-0.15047
136.53,112,-0.15039
136.78,112,-0.15031
137.04,112,-0.15023
137.29,112,-0.15015
137.55,112,-0.15007
137.8,112,-0.14999
138.05,112,-0.14991
138.31,112,-0.14983
138.56,112,-0.14975
138.82,112,-0.14967
139.08,112,-0.14959
139.33,112,-0.14951
139.59,112,-0.14942
139.85,112,-0.14934
140.1,112,-0.14926
140.36,112,-0.14918
140.62,112,-0.1491
140.88,112,-0.14902
141.14,112,-0.14894
141.4,112,-0.14885
141.66,112,-0.14877
141.92,112,-0.14869
142.18,112,-0.14861
142.44,112,-0.14853
142.7,112,-0.14844
142.96,112,-0.14836
143.23,112,-0.14828
143.49,112,-0.1482
143.75,112,-0.14811
144.01,112,-0.14803
144.28,112,-0.14795
144.54,112,-0.14786
144.81,112,-0.14778
145.07,112,-0.1477
145.34,112,-0.14761
145.6,112,-0.14753
145.87,112,-0.14745
146.14,112,-0.14736
146.4,112,-0.14728
146.67,112,-0.14719
146.94,112,-0.14711
147.21,112,-0.14703
147.47,112,-0.14694
147.74,112,-0.14686
148.01,112,-0.14677
148.28,112,-0.14669
148.55,112,-0.1466
148.82,112,-0.14652
149.09,112,-0.14643
149.37,112,-0.14635
149.64,112,-0.14626
149.91,112,-0.14618
150.18,112,-0.14609
150.45,112,-0.146
150.73,112,-0.14592
151,112,-0.14583
151.28,112,-0.14575
151.55,112,-0.14566
151.83,112,-0.14557
152.1,112,-0.14549
152.38,112,-0.1454
152.65,112,-0.14531
152.93,112,-0.14523
153.21,112,-0.14514
153.48,112,-0.14505
153.76,112,-0.14497
154.04,112,-0.14488
154.32,112,-0.14479
154.6,112,-0.1447
154.88,112,-0.14462
155.16,112,-0.14453
155.44,112,-0.14444
155.72,112,-0.14435
156,112,-0.14426
156.28,112,-0.14418
156.56,112,-0.14409
156.85,112,-0.144
157.13,112,-0.14391
157.41,112,-0.14382
157.7,112,-0.14373
157.98,112,-0.14364
158.27,112,-0.14356
158.55,112,-0.14347
158.84,112,-0.14338
159.12,112,-0.14329
159.41,112,-0.1432
159.7,112,-0.14311
159.98,112,-0.14302
160.27,112,-0.14293
160.56,112,-0.14284
160.85,112,-0.14275
161.14,112,-0.14266
161.43,112,-0.14257
161.72,112,-0.14248
162.01,112,-0.14239
162.3,112,-0.1423
162.59,112,-0.14221
162.88,112,-0.14212
163.17,112,-0.14202
163.46,112,-0.14193
163.76,112,-0.14184
164.05,112,-0.14175
164.35,112,-0.14166
164.64,112,-0.14157
164.93,112,-0.14148
165.23,112,-0.14138
165.53,112,-0.14129
165.82,112,-0.1412
166.12,112,-0.14111
166.42,112,-0.14102
166.71,112,-0.14092
167.01,112,-0.14083
167.31,112,-0.14074
167.61,112,-0.14065
167.91,112,-0.14055
168.21,112,-0.14046
168.51,112,-0.14037
168.81,112,-0.14027
169.11,112,-0.14018
169.41,112,-0.14009
169.72,112,-0.13999
170.02,112,-0.1399
170.32,112,-0.13981
170.63,112,-0.13971
170.93,112,-0.13962
171.24,112,-0.13952
171.54,112,-0.13943
171.85,112,-0.13934
172.15,112,-0.13924
172.46,112,-0.13915
172.77,112,-0.13905
173.08,112,-0.13896
173.39,112,-0.13886
173.69,112,-0.13877
174,112,-0.13867
174.31,112,-0.13858
174.62,112,-0.13848
174.93,112,-0.13839
175.25,112,-0.13829
175.56,112,-0.1382
175.87,112,-0.1381
176.18,112,-0.138
176.5,112,-0.13791
176.81,112,-0.13781
177.13,112,-0.13772
177.44,112,-0.13762
177.76,112,-0.13752
178.07,112,-0.13743
178.39,112,-0.13733
178.71,112,-0.13723
179.02,112,-0.13714
179.34,112,-0.13704
179.66,112,-0.13694
179.98,112,-0.13685
180.3,112,-0.13675
180.62,112,-0.13665
180.94,112,-0.13655
181.26,112,-0.13646
181.59,112,-0.13636
181.91,112,-0.13626
182.23,112,-0.13616
182.56,112,-0.13606
182.88,112,-0.13597
183.2,112,-0.13587
183.53,112,-0.13577
183.86,112,-0.13567
184.18,112,-0.13557
184.51,112,-0.13547
184.84,112,-0.13537
185.17,112,-0.13528
185.49,112,-0.13518
185.82,112,-0.13508
186.15,112,-0.13498
186.48,112,-0.13488
186.82,112,-0.13478
187.15,112,-0.13468
187.48,112,-0.13458
187.81,112,-0.13448
188.15,112,-0.13438
188.48,112,-0.13428
188.81,112,-0.13418
189.15,112,-0.13408
189.49,112,-0.13398
189.82,112,-0.13388
190.16,112,-0.13378
190.5,112,-0.13368
190.84,112,-0.13358
191.17,112,-0.13348
191.51,112,-0.13337
191.85,112,-0.13327
192.19,112,-0.13317
192.54,112,-0.13307
192.88,112,-0.13297
193.22,112,-0.13287
193.56,112,-0.13277
193.91,112,-0.13266
194.25,112,-0.13256
194.6,112,-0.13246
194.94,112,-0.13236
195.29,112,-0.13226
195.64,112,-0.13215
195.99,112,-0.13205
196.33,112,-0.13195
196.68,112,-0.13185
197.03,112,-0.13174
197.38,112,-0.13164
197.73,112,-0.13154
198.09,112,-0.13144
198.44,112,-0.13133
198.79,112,-0.13123
199.14,112,-0.13113
199.5,112,-0.13102
199.85,112,-0.13092
200.21,112,-0.13082
200.57,112,-0.13071
200.92,112,-0.13061
201.28,112,-0.1305
201.64,112,-0.1304
202,112,-0.1303
202.36,112,-0.13019
202.72,112,-0.13009
203.08,112,-0.12998
203.44,112,-0.12988
203.8,112,-0.12977
204.17,112,-0.12967
204.53,112,-0.12956
204.9,112,-0.12946
205.26,112,-0.12935
205.63,112,-0.12925
205.99,112,-0.12914
206.36,112,-0.12904
206.73,112,-0.12893
207.1,112,-0.12883
207.47,112,-0.12872
207.84,112,-0.12861
208.21,112,-0.12851
208.58,112,-0.1284
208.96,112,-0.1283
209.33,112,-0.12819
209.7,112,-0.12808
210.08,112,-0.12798
210.45,112,-0.12787
210.83,112,-0.12776
211.21,112,-0.12766
211.59,112,-0.12755
211.97,112,-0.12744
212.35,112,-0.12734
212.73,112,-0.12723
213.11,112,-0.12712
213.49,112,-0.12701
213.87,112,-0.12691
214.25,112,-0.1268
214.64,112,-0.12669
215.02,112,-0.12658
215.41,112,-0.12648
215.8,112,-0.12637
216.18,112,-0.12626
216.57,112,-0.12615
216.96,112,-0.12604
217.35,112,-0.12593
217.74,112,-0.12583
218.13,112,-0.12572
218.53,112,-0.12561
218.92,112,-0.1255
219.31,112,-0.12539
219.71,112,-0.12528
220.1,112,-0.12517
220.5,112,-0.12506
220.9,112,-0.12495
221.3,112,-0.12485
221.69,112,-0.12474
222.09,112,-0.12463
222.5,112,-0.12452
222.9,112,-0.12441
223.3,112,-0.1243
223.7,112,-0.12419
224.11,112,-0.12408
224.51,112,-0.12397
224.92,112,-0.12386
225.33,112,-0.12375
225.73,112,-0.12363
226.14,112,-0.12352
226.55,112,-0.12341
226.96,112,-0.1233
227.37,112,-0.12319
227.78,112,-0.12308
228.2,112,-0.12297
228.61,112,-0.12286
229.03,112,-0.12275
229.44,112,-0.12264
229.86,112,-0.12252
230.28,112,-0.12241
230.7,112,-0.1223
231.11,112,-0.12219
231.54,112,-0.12208
231.96,112,-0.12196
232.38,112,-0.12185
232.8,112,-0.12174
233.23,112,-0.12163
233.65,112,-0.12152
234.08,112,-0.1214
234.5,112,-0.12129
234.93,112,-0.12118
235.36,112,-0.12107
235.79,112,-0.12095
236.22,112,-0.12084
236.65,112,-0.12073
237.09,112,-0.12061
237.52,112,-0.1205
237.96,112,-0.12039
238.39,112,-0.12027
238.83,112,-0.12016
239.27,112,-0.12005
239.7,112,-0.11993
240.14,112,-0.11982
240.59,112,-0.1197
241.03,112,-0.11959
241.47,112,-0.11948
241.91,112,-0.11936
242.36,112,-0.11925
242.8,112,-0.11913
243.25,112,-0.11902
243.7,112,-0.1189
244.15,112,-0.11879
244.6,112,-0.11867
245.05,112,-0.11856
245.5,112,-0.11844
245.96,112,-0.11833
246.41,112,-0.11821
246.87,112,-0.1181
247.32,112,-0.11798
247.78,112,-0.11787
248.24,112,-0.11775
248.7,112,-0.11764
249.16,112,-0.11752
249.62,112,-0.1174
250.08,112,-0.11729
250.55,112,-0.11717
251.01,112,-0.11706
251.48,112,-0.11694
251.95,112,-0.11682
252.41,112,-0.11671
252.88,112,-0.11659
253.35,112,-0.11647
253.83,112,-0.11636
254.3,112,-0.11624
254.77,112,-0.11612
255.25,112,-0.11601
255.73,112,-0.11589
256.2,112,-0.11577
256.68,112,-0.11566
257.16,112,-0.11554
257.64,112,-0.11542
258.13,112,-0.1153
258.61,112,-0.11519
259.09,112,-0.11507
259.58,112,-0.11495
260.07,112,-0.11483
260.55,112,-0.11471
261.04,112,-0.1146
261.53,112,-0.11448
262.03,112,-0.11436
262.52,112,-0.11424
263.01,112,-0.11412
263.51,112,-0.114
264,112,-0.11389
264.5,112,-0.11377
265,112,-0.11365
265.5,112,-0.11353
266,112,-0.11341
266.51,112,-0.11329
267.01,112,-0.11317
267.52,112,-0.11305
268.02,112,-0.11293
268.53,112,-0.11281
269.04,112,-0.11269
269.55,112,-0.11257
270.06,112,-0.11245
270.57,112,-0.11233
271.09,112,-0.11221
271.6,112,-0.11209
272.12,112,-0.11197
272.64,112,-0.11185
273.16,112,-0.11173
273.68,112,-0.11161
274.2,112,-0.11149
274.72,112,-0.11137
275.25,112,-0.11125
275.77,112,-0.11113
276.3,112,-0.11101
276.83,112,-0.11089
277.36,112,-0.11077
277.89,112,-0.11065
278.42,112,-0.11053
278.96,112,-0.1104
279.49,112,-0.11028
280.03,112,-0.11016
280.57,112,-0.11004
281.11,112,-0.10992
281.65,112,-0.1098
282.19,112,-0.10967
282.74,112,-0.10955
283.28,112,-0.10943
283.83,112,-0.10931
284.38,112,-0.10919
284.93,112,-0.10906
285.48,112,-0.10894
286.03,112,-0.10882
286.58,112,-0.1087
287.14,112,-0.10857
287.69,112,-0.10845
288.25,112,-0.10833
288.81,112,-0.10821
289.37,112,-0.10808
289.94,112,-0.10796
290.5,112,-0.10784
291.06,112,-0.10771
291.63,112,-0.10759
292.2,112,-0.10747
292.77,112,-0.10734
293.34,112,-0.10722
293.91,112,-0.1071
294.49,112,-0.10697
295.06,112,-0.10685
295.64,112,-0.10672
296.22,112,-0.1066
296.8,112,-0.10648
297.38,112,-0.10635
297.97,112,-0.10623
298.55,112,-0.1061
299.14,112,-0.10598
299.73,112,-0.10585
300.32,112,-0.10573
300.91,112,-0.10561
301.5,112,-0.10548
302.09,112,-0.10536
302.69,112,-0.10523
303.29,112,-0.10511
303.89,112,-0.10498
304.49,112,-0.10486
305.09,112,-0.10473
305.7,112,-0.10461
306.3,112,-0.10448
306.91,112,-0.10435
307.52,112,-0.10423
308.13,112,-0.1041
308.74,112,-0.10398
309.35,112,-0.10385
309.97,112,-0.10373
310.59,112,-0.1036
311.21,112,-0.10347
311.83,112,-0.10335
312.45,112,-0.10322
313.07,112,-0.10309
313.7,112,-0.10297
314.33,112,-0.10284
314.95,112,-0.10271
315.59,112,-0.10259
316.22,112,-0.10246
316.85,112,-0.10233
317.49,112,-0.10221
318.13,112,-0.10208
318.77,112,-0.10195
319.41,112,-0.10183
320.05,112,-0.1017
320.69,112,-0.10157
321.34,112,-0.10144
321.99,112,-0.10132
322.64,112,-0.10119
323.29,112,-0.10106
323.94,112,-0.10093
324.6,112,-0.10081
325.26,112,-0.10068
325.92,112,-0.10055
326.58,112,-0.10042
327.24,112,-0.10029
327.91,112,-0.10017
328.57,112,-0.10004
329.24,112,-0.099908
329.91,112,-0.09978
330.58,112,-0.099651
331.26,112,-0.099523
331.93,112,-0.099394
332.61,112,-0.099265
333.29,112,-0.099136
333.97,112,-0.099007
334.65,112,-0.098878
335.34,112,-0.098749
336.03,112,-0.09862
336.71,112,-0.09849
337.41,112,-0.098361
338.1,112,-0.098232
338.79,112,-0.098102
339.49,112,-0.097972
340.19,112,-0.097843
340.89,112,-0.097713
341.59,112,-0.097583
342.3,112,-0.097453
343,112,-0.097323
343.71,112,-0.097193
344.42,112,-0.097063
345.14,112,-0.096933
345.85,112,-0.096802
346.57,112,-0.096672
347.29,112,-0.096542
348.01,112,-0.096411
348.73,112,-0.09628
349.46,112,-0.09615
350.18,112,-0.096019
350.91,112,-0.095888
351.64,112,-0.095757
352.38,112,-0.095626
353.11,112,-0.095495
353.85,112,-0.095364
354.59,112,-0.095233
355.33,112,-0.095101
356.07,112,-0.09497
356.82,112,-0.094838
357.57,112,-0.094707
358.32,112,-0.094575
359.07,112,-0.094443
359.83,112,-0.094312
360.58,112,-0.09418
361.34,112,-0.094048
362.1,112,-0.093916
362.87,112,-0.093784
363.63,112,-0.093652
364.4,112,-0.093519
365.17,112,-0.093387
365.94,112,-0.093255
366.71,112,-0.093122
367.49,112,-0.09299
368.27,112,-0.092857
369.05,112,-0.092724
369.83,112,-0.092592
370.62,112,-0.092459
371.41,112,-0.092326
372.2,112,-0.092193
372.99,112,-0.09206
373.79,112,-0.091927
374.58,112,-0.091794
375.38,112,-0.09166
376.18,112,-0.091527
376.99,112,-0.091393
377.79,112,-0.09126
378.6,112,-0.091126
379.41,112,-0.090993
380.23,112,-0.090859
381.04,112,-0.090725
381.86,112,-0.090591
382.68,112,-0.090457
383.51,112,-0.090323
384.33,112,-0.090189
385.16,112,-0.090055
385.99,112,-0.089921
386.82,112,-0.089787
387.66,112,-0.089652
388.5,112,-0.089518
389.34,112,-0.089383
390.18,112,-0.089249
391.03,112,-0.089114
391.87,112,-0.088979
392.72,112,-0.088844
393.58,112,-0.08871
394.43,112,-0.088575
395.29,112,-0.08844
396.15,112,-0.088305
397.01,112,-0.088169
397.88,112,-0.088034
398.75,112,-0.087899
399.62,112,-0.087763
400.49,112,-0.087628
401.37,112,-0.087492
402.25,112,-0.087357
403.13,112,-0.087221
404.01,112,-0.087086
404.9,112,-0.08695
405.79,112,-0.086814
406.68,112,-0.086678
407.57,112,-0.086542
408.47,112,-0.086406
409.37,112,-0.08627
410.27,112,-0.086133
411.18,112,-0.085997
412.09,112,-0.085861
413,112,-0.085724
413.91,112,-0.085588
414.83,112,-0.085451
415.75,112,-0.085315
416.67,112,-0.085178
417.59,112,-0.085041
418.52,112,-0.084904
419.45,112,-0.084767
420.38,112,-0.08463
421.32,112,-0.084493
422.26,112,-0.084356
423.2,112,-0.084219
424.14,112,-0.084082
425.09,112,-0.083945
426.04,112,-0.083807
426.99,112,-0.08367
427.95,112,-0.083532
428.91,112,-0.083395
429.87,112,-0.083257
430.83,112,-0.083119
431.8,112,-0.082981
432.77,112,-0.082844
433.75,112,-0.082706
434.72,112,-0.082568
435.7,112,-0.08243
436.69,112,-0.082292
437.67,112,-0.082153
438.66,112,-0.082015
439.65,112,-0.081877
440.65,112,-0.081738
441.64,112,-0.0816
442.64,112,-0.081461
443.65,112,-0.081323
444.66,112,-0.081184
445.67,112,-0.081045
446.68,112,-0.080907
447.7,112,-0.080768
448.72,112,-0.080629
449.74,112,-0.08049
450.76,112,-0.080351
451.79,112,-0.080212
452.83,112,-0.080073
453.86,112,-0.079933
454.9,112,-0.079794
455.94,112,-0.079655
456.99,112,-0.079515
458.04,112,-0.079376
459.09,112,-0.079236
460.14,112,-0.079097
461.2,112,-0.078957
462.26,112,-0.078817
463.33,112,-0.078677
464.39,112,-0.078538
465.47,112,-0.078398
466.54,112,-0.078258
467.62,112,-0.078118
468.7,112,-0.077977
469.79,112,-0.077837
470.87,112,-0.077697
471.97,112,-0.077557
473.06,112,-0.077416
474.16,112,-0.077276
475.26,112,-0.077135
476.37,112,-0.076995
477.48,112,-0.076854
478.59,112,-0.076714
479.71,112,-0.076573
480.83,112,-0.076432
481.95,112,-0.076291
483.08,112,-0.07615
484.21,112,-0.076009
485.34,112,-0.075868
486.48,112,-0.075727
487.62,112,-0.075586
488.76,112,-0.075445
489.91,112,-0.075303
491.07,112,-0.075162
492.22,112,-0.075021
493.38,112,-0.074879
494.54,112,-0.074737
495.71,112,-0.074596
496.88,112,-0.074454
498.06,112,-0.074313
499.23,112,-0.074171
500.42,112,-0.074029
501.6,112,-0.073887
502.79,112,-0.073745
503.98,112,-0.073603
505.18,112,-0.073461
506.38,112,-0.073319
507.59,112,-0.073177
508.8,112,-0.073034
510.01,112,-0.072892
511.22,112,-0.07275
512.45,112,-0.072607
513.67,112,-0.072465
514.9,112,-0.072322
516.13,112,-0.07218
517.37,112,-0.072037
518.61,112,-0.071894
519.85,112,-0.071751
521.1,112,-0.071609
522.35,112,-0.071466
523.61,112,-0.071323
524.87,112,-0.07118
526.13,112,-0.071037
527.4,112,-0.070894
528.67,112,-0.07075
529.95,112,-0.070607
531.23,112,-0.070464
532.52,112,-0.07032
533.81,112,-0.070177
535.1,112,-0.070034
536.4,112,-0.06989
537.7,112,-0.069746
539.01,112,-0.069603
540.32,112,-0.069459
541.63,112,-0.069315
542.95,112,-0.069172
544.28,112,-0.069028
545.6,112,-0.068884
546.94,112,-0.06874
548.27,112,-0.068596
549.61,112,-0.068452
550.96,112,-0.068308
552.31,112,-0.068163
553.66,112,-0.068019
555.02,112,-0.067875
556.38,112,-0.06773
557.75,112,-0.067586
559.12,112,-0.067442
560.5,112,-0.067297
561.88,112,-0.067153
563.27,112,-0.067008
564.66,112,-0.066863
566.05,112,-0.066718
567.45,112,-0.066574
568.86,112,-0.066429
570.27,112,-0.066284
571.68,112,-0.066139
573.1,112,-0.065994
574.52,112,-0.065849
575.95,112,-0.065704
577.38,112,-0.065559
578.82,112,-0.065413
580.26,112,-0.065268
581.71,112,-0.065123
583.16,112,-0.064978
584.62,112,-0.064832
586.08,112,-0.064687
587.55,112,-0.064541
589.02,112,-0.064395
590.49,112,-0.06425
591.97,112,-0.064104
593.46,112,-0.063958
594.95,112,-0.063813
596.45,112,-0.063667
597.95,112,-0.063521
599.46,112,-0.063375
600.97,112,-0.063229
602.48,112,-0.063083
604,112,-0.062937
605.53,112,-0.062791
607.06,112,-0.062644
608.6,112,-0.062498
610.14,112,-0.062352
611.69,112,-0.062206
613.24,112,-0.062059
614.8,112,-0.061913
616.36,112,-0.061766
617.93,112,-0.06162
619.5,112,-0.061473
621.08,112,-0.061326
622.67,112,-0.06118
624.26,112,-0.061033
625.85,112,-0.060886
627.45,112,-0.060739
629.06,112,-0.060593
630.67,112,-0.060446
632.29,112,-0.060299
633.91,112,-0.060152
635.54,112,-0.060004
637.17,112,-0.059857
638.81,112,-0.05971
640.46,112,-0.059563
642.11,112,-0.059416
643.76,112,-0.059268
645.42,112,-0.059121
647.09,112,-0.058973
648.76,112,-0.058826
650.44,112,-0.058679
652.13,112,-0.058531
653.82,112,-0.058383
655.51,112,-0.058236
657.21,112,-0.058088
658.92,112,-0.05794
660.64,112,-0.057792
662.35,112,-0.057645
664.08,112,-0.057497
665.81,112,-0.057349
667.55,112,-0.057201
669.29,112,-0.057053
671.04,112,-0.056905
672.8,112,-0.056757
674.56,112,-0.056608
676.32,112,-0.05646
678.1,112,-0.056312
679.88,112,-0.056164
681.66,112,-0.056015
683.45,112,-0.055867
685.25,112,-0.055718
687.06,112,-0.05557
688.87,112,-0.055421
690.68,112,-0.055273
692.51,112,-0.055124
694.34,112,-0.054976
696.17,112,-0.054827
698.01,112,-0.054678
699.86,112,-0.054529
701.72,112,-0.05438
703.58,112,-0.054232
705.44,112,-0.054083
707.32,112,-0.053934
709.2,112,-0.053785
711.09,112,-0.053636
712.98,112,-0.053486
714.88,112,-0.053337
716.79,112,-0.053188
718.7,112,-0.053039
720.62,112,-0.05289
722.55,112,-0.05274
724.48,112,-0.052591
726.42,112,-0.052442
728.37,112,-0.052292
730.32,112,-0.052143
732.28,112,-0.051993
734.25,112,-0.051844
736.22,112,-0.051694
738.2,112,-0.051544
740.19,112,-0.051395
742.19,112,-0.051245
744.19,112,-0.051095
746.2,112,-0.050945
748.21,112,-0.050795
750.24,112,-0.050645
752.27,112,-0.050496
754.3,112,-0.050346
756.35,112,-0.050196
758.4,112,-0.050045
760.46,112,-0.049895
762.52,112,-0.049745
764.59,112,-0.049595
766.67,112,-0.049445
768.76,112,-0.049295
770.86,112,-0.049144
772.96,112,-0.048994
775.07,112,-0.048844
777.18,112,-0.048693
779.31,112,-0.048543
781.44,112,-0.048392
783.58,112,-0.048242
785.73,112,-0.048091
787.88,112,-0.04794
790.04,112,-0.04779
792.21,112,-0.047639
794.39,112,-0.047488
796.57,112,-0.047338
798.76,112,-0.047187
800.96,112,-0.047036
803.17,112,-0.046885
805.38,112,-0.046734
807.61,112,-0.046583
809.84,112,-0.046432
812.07,112,-0.046281
814.32,112,-0.04613
816.57,112,-0.045979
818.83,112,-0.045828
821.1,112,-0.045677
823.38,112,-0.045525
825.67,112,-0.045374
827.96,112,-0.045223
830.26,112,-0.045072
832.57,112,-0.04492
834.89,112,-0.044769
837.21,112,-0.044617
839.55,112,-0.044466
841.89,112,-0.044314
844.24,112,-0.044163
846.6,112,-0.044011
848.96,112,-0.04386
851.34,112,-0.043708
853.72,112,-0.043556
856.11,112,-0.043405
858.51,112,-0.043253
860.92,112,-0.043101
863.33,112,-0.042949
865.76,112,-0.042797
868.19,112,-0.042645
870.63,112,-0.042494
873.08,112,-0.042342
875.54,112,-0.04219
878.01,112,-0.042038
880.48,112,-0.041885
882.96,112,-0.041733
885.46,112,-0.041581
887.96,112,-0.041429
890.47,112,-0.041277
892.99,112,-0.041125
895.51,112,-0.040972
898.05,112,-0.04082
900.59,112,-0.040668
903.15,112,-0.040515
905.71,112,-0.040363
908.28,112,-0.040211
910.86,112,-0.040058
913.45,112,-0.039906
916.04,112,-0.039753
918.65,112,-0.0396
921.26,112,-0.039448
923.89,112,-0.039295
926.52,112,-0.039143
929.16,112,-0.03899
931.81,112,-0.038837
934.47,112,-0.038684
937.14,112,-0.038532
939.82,112,-0.038379
942.51,112,-0.038226
945.2,112,-0.038073
947.91,112,-0.03792
950.62,112,-0.037767
953.34,112,-0.037614
956.08,112,-0.037461
958.82,112,-0.037308
961.57,112,-0.037155
964.33,112,-0.037002
967.1,112,-0.036849
969.88,112,-0.036696
972.67,112,-0.036543
975.47,112,-0.03639
978.27,112,-0.036236
981.09,112,-0.036083
983.91,112,-0.03593
986.75,112,-0.035776
989.59,112,-0.035623
992.45,112,-0.03547
995.31,112,-0.035316
998.18,112,-0.035163
1001.1,112,-0.035009
1004,112,-0.034856
1006.9,112,-0.034702
1009.8,112,-0.034549
1012.7,112,-0.034395
1015.6,112,-0.034242
1018.6,112,-0.034088
1021.5,112,-0.033934
1024.5,112,-0.033781
1027.4,112,-0.033627
1030.4,112,-0.033473
1033.4,112,-0.03332
1036.4,112,-0.033166
1039.4,112,-0.033012
1042.4,112,-0.032858
1045.4,112,-0.032704
1048.5,112,-0.03255
1051.5,112,-0.032396
1054.6,112,-0.032242
1057.6,112,-0.032088
1060.7,112,-0.031934
1063.8,112,-0.03178
1066.9,112,-0.031626
1070,112,-0.031472
1073.1,112,-0.031318
1076.2,112,-0.031164
1079.4,112,-0.03101
1082.5,112,-0.030856
1085.7,112,-0.030702
1088.8,112,-0.030547
1092,112,-0.030393
1095.2,112,-0.030239
1098.4,112,-0.030084
1101.6,112,-0.02993
1104.8,112,-0.029776
1108,112,-0.029621
1111.2,112,-0.029467
1114.5,112,-0.029313
1117.7,112,-0.029158
1121,112,-0.029004
1124.2,112,-0.028849
1127.5,112,-0.028695
1130.8,112,-0.02854
1134.1,112,-0.028386
1137.4,112,-0.028231
1140.7,112,-0.028076
1144,112,-0.027922
1147.4,112,-0.027767
1150.7,112,-0.027612
1154.1,112,-0.027458
1157.4,112,-0.027303
1160.8,112,-0.027148
1164.2,112,-0.026993
1167.6,112,-0.026839
1171,112,-0.026684
1174.4,112,-0.026529
1177.8,112,-0.026374
1181.3,112,-0.026219
1184.7,112,-0.026064
1188.1,112,-0.02591
1191.6,112,-0.025755
1195.1,112,-0.0256
1198.5,112,-0.025445
1202,112,-0.02529
1205.5,112,-0.025135
1209,112,-0.02498
1212.5,112,-0.024825
1216.1,112,-0.024669
1219.6,112,-0.024514
1223.1,112,-0.024359
1226.7,112,-0.024204
1230.2,112,-0.024049
1233.8,112,-0.023894
1237.4,112,-0.023739
1241,112,-0.023583
1244.6,112,-0.023428
1248.2,112,-0.023273
1251.8,112,-0.023118
1255.4,112,-0.022962
1259,112,-0.022807
1262.7,112,-0.022652
1266.3,112,-0.022496
1270,112,-0.022341
1273.6,112,-0.022186
1277.3,112,-0.02203
1281,112,-0.021875
1284.6,112,-0.021719
1288.3,112,-0.021564
1292,112,-0.021408
1295.8,112,-0.021253
1299.5,112,-0.021097
1303.2,112,-0.020942
1306.9,112,-0.020786
1310.7,112,-0.020631
1314.4,112,-0.020475
1318.2,112,-0.02032
1321.9,112,-0.020164
1325.7,112,-0.020008
1329.5,112,-0.019853
1333.3,112,-0.019697
1337.1,112,-0.019541
1340.9,112,-0.019386
1344.7,112,-0.01923
1348.5,112,-0.019074
1352.3,112,-0.018919
1356.1,112,-0.018763
1359.9,112,-0.018607
1363.8,112,-0.018451
1367.6,112,-0.018296
1371.5,112,-0.01814
1375.3,112,-0.017984
1379.2,112,-0.017828
1383.1,112,-0.017672
1386.9,112,-0.017516
1390.8,112,-0.017361
1394.7,112,-0.017205
1398.6,112,-0.017049
1402.5,112,-0.016893
1406.4,112,-0.016737
1410.3,112,-0.016581
1414.2,112,-0.016425
1418.1,112,-0.016269
1422,112,-0.016113
1425.9,112,-0.015957
1429.8,112,-0.015801
1433.8,112,-0.015645
1437.7,112,-0.015489
1441.6,112,-0.015333
1445.6,112,-0.015177
1449.5,112,-0.015021
1453.5,112,-0.014865
1457.4,112,-0.014709
1461.4,112,-0.014553
1465.3,112,-0.014396
1469.3,112,-0.01424
1473.2,112,-0.014084
1477.2,112,-0.013928
1481.1,112,-0.013772
1485.1,112,-0.013616
1489.1,112,-0.013459
1493,112,-0.013303
1497,112,-0.013147
1500.9,112,-0.012991
1504.9,112,-0.012835
1508.9,112,-0.012678
1512.8,112,-0.012522
1516.8,112,-0.012366
1520.8,112,-0.01221
1524.7,112,-0.012053
1528.7,112,-0.011897
1532.6,112,-0.011741
1536.6,112,-0.011584
1540.6,112,-0.011428
1544.5,112,-0.011272
1548.5,112,-0.011115
1552.4,112,-0.010959
1556.3,112,-0.010803
1560.3,112,-0.010646
1564.2,112,-0.01049
1568.2,112,-0.010334
1572.1,112,-0.010177
1576,112,-0.010021
1579.9,112,-0.0098643
1583.8,112,-0.0097079
1587.8,112,-0.0095515
1591.7,112,-0.0093951
1595.6,112,-0.0092386
1599.4,112,-0.0090822
1603.3,112,-0.0089257
1607.2,112,-0.0087693
1611.1,112,-0.0086128
1614.9,112,-0.0084563
1618.8,112,-0.0082999
1622.6,112,-0.0081434
1626.5,112,-0.0079869
1630.3,112,-0.0078304
1634.1,112,-0.0076739
1637.9,112,-0.0075174
1641.7,112,-0.0073609
1645.5,112,-0.0072043
1649.2,112,-0.0070478
1653,112,-0.0068913
1656.8,112,-0.0067347
1660.5,112,-0.0065782
1664.2,112,-0.0064216
1667.9,112,-0.0062651
1671.6,112,-0.0061085
1675.3,112,-0.0059519
1678.9,112,-0.0057954
1682.6,112,-0.0056388
1686.2,112,-0.0054822
1689.8,112,-0.0053256
1693.4,112,-0.005169
1697,112,-0.0050124
1700.6,112,-0.0048558
1704.1,112,-0.0046992
1707.6,112,-0.0045426
1711.1,112,-0.004386
1714.6,112,-0.0042294
1718.1,112,-0.0040728
1721.5,112,-0.0039162
1724.9,112,-0.0037596
1728.3,112,-0.0036029
1731.7,112,-0.0034463
1735,112,-0.0032897
1738.4,112,-0.003133
1741.7,112,-0.0029764
1744.9,112,-0.0028198
1748.2,112,-0.0026631
1751.4,112,-0.0025065
1754.6,112,-0.0023498
1757.7,112,-0.0021932
1760.9,112,-0.0020365
1764,112,-0.0018799
1767,112,-0.0017232
1770.1,112,-0.0015666
1773.1,112,-0.0014099
1776.1,112,-0.0012533
1779,112,-0.0010966
1781.9,112,-0.00093996
1784.8,112,-0.0007833
1787.6,112,-0.00062664
1790.4,112,-0.00046998
1793.2,112,-0.00031332
1795.9,112,-0.00015666
1798.6,112,-4.2748e-17
1801.2,112,0.00015666
1803.9,112,0.00031332
1806.4,112,0.00046998
1808.9,112,0.00062664
1811.4,112,0.0007833
1813.9,112,0.00093996
1816.2,112,0.0010966
1818.6,112,0.0012533
1820.9,112,0.0014099
1823.1,112,0.0015666
1825.3,112,0.0017232
1827.5,112,0.0018799
1829.6,112,0.0020365
1831.6,112,0.0021932
1833.6,112,0.0023498
1835.6,112,0.0025065
1837.4,112,0.0026631
1839.3,112,0.0028198
1841.1,112,0.0029764
1842.8,112,0.003133
1844.4,112,0.0032897
1846,112,0.0034463
1847.6,112,0.0036029
1849,112,0.0037596
1850.4,112,0.0039162
1851.8,112,0.0040728
1853,112,0.0042294
1854.3,112,0.004386
1855.4,112,0.0045426
1856.5,112,0.0046992
1857.5,112,0.0048558
1858.4,112,0.0050124
1859.2,112,0.005169
1860,112,0.0053256
1860.7,112,0.0054822
1861.3,112,0.0056388
1861.9,112,0.0057954
1862.4,112,0.0059519
1862.7,112,0.0061085
1863,112,0.0062651
1863.2,112,0.0064216
1863.4,112,0.0065782
1863.4,112,0.0067347
1863.4,112,0.0068913
1863.2,112,0.0070478
1863,112,0.0072043
1862.7,112,0.0073609
1862.2,112,0.0075174
1861.7,112,0.0076739
1861.1,112,0.0078304
1860.4,112,0.0079869
1859.5,112,0.0081434
1858.6,112,0.0082999
1857.6,112,0.0084563
1856.4,112,0.0086128
1855.2,112,0.0087693
1853.8,112,0.0089257
1852.4,112,0.0090822
1850.8,112,0.0092386
1849.1,112,0.0093951
1847.2,112,0.0095515
1845.3,112,0.0097079
1843.2,112,0.0098643
1841,112,0.010021
1838.7,112,0.010177
1836.2,112,0.010334
1833.7,112,0.01049
1830.9,112,0.010646
1828.1,112,0.010803
1825.1,112,0.010959
1822,112,0.011115
1818.7,112,0.011272
1815.3,112,0.011428
1811.7,112,0.011584
1808,112,0.011741
1804.1,112,0.011897
1800.1,112,0.012053
1795.9,112,0.01221
1791.6,112,0.012366
1787.1,112,0.012522
1782.5,112,0.012678
1777.6,112,0.012835
1772.6,112,0.012991
1767.5,112,0.013147
1762.1,112,0.013303
1756.6,112,0.013459
1750.9,112,0.013616
1745,112,0.013772
1738.9,112,0.013928
1732.7,112,0.014084
1726.2,112,0.01424
1719.6,112,0.014396
1712.7,112,0.014553
1705.7,112,0.014709
1698.5,112,0.014865
1691,112,0.015021
1683.3,112,0.015177
1675.5,112,0.015333
1667.4,112,0.015489
1659,112,0.015645
1650.5,112,0.015801
1641.7,112,0.015957
1632.8,112,0.016113
1623.5,112,0.016269
1614.1,112,0.016425
1604.4,112,0.016581
1594.4,112,0.016737
1584.2,112,0.016893
1573.8,112,0.017049
1563.1,112,0.017205
1552.1,112,0.017361
1540.9,112,0.017516
1529.4,112,0.017672
1517.7,112,0.017828
1505.7,112,0.017984
1493.4,112,0.01814
1480.8,112,0.018296
1468,112,0.018451
1454.8,112,0.018607
1441.4,112,0.018763
1427.7,112,0.018919
1413.7,112,0.019074
1399.4,112,0.01923
1384.7,112,0.019386
1369.8,112,0.019541
1354.6,112,0.019697
1339,112,0.019853
1323.2,112,0.020008
1307,112,0.020164
1290.5,112,0.02032
1273.6,112,0.020475
1256.5,112,0.020631
1238.9,112,0.020786
1221.1,112,0.020942
1202.9,112,0.021097
1184.4,112,0.021253
1165.5,112,0.021408
1146.3,112,0.021564
1126.8,112,0.021719
1106.9,112,0.021875
1086.6,112,0.02203
1066,112,0.022186
1045,112,0.022341
1023.6,112,0.022496
1001.9,112,0.022652
979.88,112,0.022807
957.46,112,0.022962
934.67,112,0.023118
911.53,112,0.023273
888.02,112,0.023428
864.15,112,0.023583
839.92,112,0.023739
815.33,112,0.023894
790.38,112,0.024049
765.07,112,0.024204
739.42,112,0.024359
713.41,112,0.024514
687.05,112,0.024669
660.35,112,0.024825
633.31,112,0.02498
605.93,112,0.025135
578.23,112,0.02529
550.2,112,0.025445
521.86,112,0.0256
493.21,112,0.025755
464.26,112,0.02591
435.01,112,0.026064
405.49,112,0.026219
375.69,112,0.026374
345.63,112,0.026529
315.31,112,0.026684
284.76,112,0.026839
253.99,112,0.026993
223,112,0.027148
191.82,112,0.027303
160.46,112,0.027458
128.94,112,0.027612
97.273,112,0.027767
65.477,112,0.027922
33.574,112,0.028076
1.5825,112,0.028231
-30.475,112,0.028386
-62.577,112,0.02854
-94.701,112,0.028695
-126.82,112,0.028849
-158.92,112,0.029004
-190.96,112,0.029158
-222.93,112,0.029313
-254.79,112,0.029467
-286.52,112,0.029621
-318.08,112,0.029776
-349.46,112,0.02993
-380.62,112,0.030084
-411.53,112,0.030239
-442.16,112,0.030393
-472.48,112,0.030547
-502.46,112,0.030702
-532.06,112,0.030856
-561.26,112,0.03101
-590.02,112,0.031164
-618.32,112,0.031318
-646.11,112,0.031472
-673.37,112,0.031626
-700.07,112,0.03178
-726.18,112,0.031934
-751.66,112,0.032088
-776.49,112,0.032242
-800.63,112,0.032396
-824.07,112,0.03255
-846.76,112,0.032704
-868.7,112,0.032858
-889.84,112,0.033012
-910.16,112,0.033166
-929.65,112,0.03332
-948.28,112,0.033473
-966.04,112,0.033627
-982.89,112,0.033781
-998.83,112,0.033934
-1013.8,112,0.034088
-1027.9,112,0.034242
-1041,112,0.034395
-1053.2,112,0.034549
-1064.3,112,0.034702
-1074.5,112,0.034856
-1083.7,112,0.035009
-1092,112,0.035163
-1099.2,112,0.035316
-1105.4,112,0.03547
-1110.7,112,0.035623
-1114.9,112,0.035776
-1118.2,112,0.03593
-1120.6,112,0.036083
-1121.9,112,0.036236
-1122.3,112,0.03639
-1121.8,112,0.036543
-1120.4,112,0.036696
-1118,112,0.036849
-1114.8,112,0.037002
-1110.7,112,0.037155
-1105.7,112,0.037308
-1099.9,112,0.037461
-1093.3,112,0.037614
-1085.9,112,0.037767
-1077.7,112,0.03792
-1068.8,112,0.038073
-1059.1,112,0.038226
-1048.7,112,0.038379
-1037.7,112,0.038532
-1026,112,0.038684
-1013.7,112,0.038837
-1000.7,112,0.03899
-987.22,112,0.039143
-973.16,112,0.039295
-958.57,112,0.039448
-943.47,112,0.0396
-927.89,112,0.039753
-911.85,112,0.039906
-895.38,112,0.040058
-878.5,112,0.040211
-861.23,112,0.040363
-843.61,112,0.040515
-825.63,112,0.040668
-807.35,112,0.04082
-788.76,112,0.040972
-769.89,112,0.041125
-750.77,112,0.041277
-731.41,112,0.041429
-711.83,112,0.041581
-692.05,112,0.041733
-672.09,112,0.041885
-651.97,112,0.042038
-631.69,112,0.04219
-611.28,112,0.042342
-590.76,112,0.042494
-570.13,112,0.042645
-549.42,112,0.042797
-528.63,112,0.042949
-507.78,112,0.043101
-486.88,112,0.043253
-465.95,112,0.043405
-444.98,112,0.043556
-424.01,112,0.043708
-403.03,112,0.04386
-382.05,112,0.044011
-361.09,112,0.044163
-340.15,112,0.044314
-319.25,112,0.044466
-298.38,112,0.044617
-277.56,112,0.044769
-256.8,112,0.04492
-236.09,112,0.045072
-215.46,112,0.045223
-194.89,112,0.045374
-174.41,112,0.045525
-154.01,112,0.045677
-133.69,112,0.045828
-113.48,112,0.045979
-93.353,112,0.04613
-73.333,112,0.046281
-53.417,112,0.046432
-33.61,112,0.046583
-13.914,112,0.046734
5.6673,112,0.046885
25.131,112,0.047036
44.476,112,0.047187
63.699,112,0.047338
82.798,112,0.047488
101.77,112,0.047639
120.62,112,0.04779
139.33,112,0.04794
157.92,112,0.048091
176.38,112,0.048242
194.7,112,0.048392
212.89,112,0.048543
230.94,112,0.048693
248.86,112,0.048844
266.65,112,0.048994
284.29,112,0.049144
301.81,112,0.049295
319.18,112,0.049445
336.42,112,0.049595
353.52,112,0.049745
370.49,112,0.049895
387.32,112,0.050045
404.01,112,0.050196
420.56,112,0.050346
436.98,112,0.050496
453.27,112,0.050645
469.42,112,0.050795
485.43,112,0.050945
501.31,112,0.051095
517.05,112,0.051245
532.66,112,0.051395
548.14,112,0.051544
563.49,112,0.051694
578.71,112,0.051844
593.79,112,0.051993
608.74,112,0.052143
623.57,112,0.052292
638.27,112,0.052442
652.84,112,0.052591
667.28,112,0.05274
681.6,112,0.05289
695.79,112,0.053039
709.86,112,0.053188
723.8,112,0.053337
737.62,112,0.053486
751.33,112,0.053636
764.91,112,0.053785
778.37,112,0.053934
791.71,112,0.054083
804.94,112,0.054232
818.05,112,0.05438
831.04,112,0.054529
843.92,112,0.054678
856.69,112,0.054827
869.34,112,0.054976
881.88,112,0.055124
894.32,112,0.055273
906.64,112,0.055421
918.85,112,0.05557
930.96,112,0.055718
942.96,112,0.055867
954.86,112,0.056015
966.65,112,0.056164
978.35,112,0.056312
989.93,112,0.05646
1001.4,112,0.056608
1012.8,112,0.056757
1024.1,112,0.056905
1035.3,112,0.057053
1046.4,112,0.057201
1057.4,112,0.057349
1068.3,112,0.057497
1079.1,112,0.057645
1089.8,112,0.057792
1100.5,112,0.05794
1111,112,0.058088
1121.5,112,0.058236
1131.8,112,0.058383
1142.1,112,0.058531
1152.3,112,0.058679
1162.4,112,0.058826
1172.4,112,0.058973
1182.4,112,0.059121
1192.2,112,0.059268
1202,112,0.059416
1211.7,112,0.059563
1221.4,112,0.05971
1230.9,112,0.059857
1240.4,112,0.060004
1249.8,112,0.060152
1259.1,112,0.060299
1268.4,112,0.060446
1277.6,112,0.060593
1286.7,112,0.060739
1295.7,112,0.060886
1304.7,112,0.061033
1313.6,112,0.06118
1322.5,112,0.061326
1331.3,112,0.061473
1340,112,0.06162
1348.7,112,0.061766
1357.3,112,0.061913
1365.8,112,0.062059
1374.3,112,0.062206
1382.8,112,0.062352
1391.2,112,0.062498
1399.5,112,0.062644
1407.8,112,0.062791
1416,112,0.062937
1424.2,112,0.063083
1432.3,112,0.063229
1440.4,112,0.063375
1448.4,112,0.063521
1456.4,112,0.063667
1464.4,112,0.063813
1472.3,112,0.063958
1480.2,112,0.064104
1488,112,0.06425
1495.8,112,0.064395
1503.6,112,0.064541
1511.3,112,0.064687
1519,112,0.064832
1526.7,112,0.064978
1534.3,112,0.065123
1542,112,0.065268
1549.5,112,0.065413
1557.1,112,0.065559
1564.7,112,0.065704
1572.2,112,0.065849
1579.7,112,0.065994
1587.2,112,0.066139
1594.6,112,0.066284
1602.1,112,0.066429
1609.5,112,0.066574
1617,112,0.066718
1624.4,112,0.066863
1631.8,112,0.067008
1639.2,112,0.067153
1646.7,112,0.067297
1654.1,112,0.067442
1661.5,112,0.067586
1668.9,112,0.06773
1676.3,112,0.067875
1683.8,112,0.068019
1691.2,112,0.068163
1698.7,112,0.068308
1706.2,112,0.068452
1713.6,112,0.068596
1721.2,112,0.06874
1728.7,112,0.068884
1736.2,112,0.069028
1743.8,112,0.069172
1751.4,112,0.069315
1759.1,112,0.069459
1766.8,112,0.069603
1774.5,112,0.069746
1782.2,112,0.06989
1790,112,0.070034
1797.9,112,0.070177
1805.8,112,0.07032
1813.7,112,0.070464
1821.7,112,0.070607
1829.8,112,0.07075
1837.9,112,0.070894
1846.1,112,0.071037
1854.4,112,0.07118
1862.7,112,0.071323
1871.1,112,0.071466
1879.6,112,0.071609
1888.2,112,0.071751
1896.8,112,0.071894
1905.6,112,0.072037
1914.4,112,0.07218
1923.3,112,0.072322
1932.4,112,0.072465
1941.5,112,0.072607
1950.8,112,0.07275
1960.2,112,0.072892
1969.7,112,0.073034
1979.3,112,0.073177
1989,112,0.073319
1998.9,112,0.073461
2009,112,0.073603
2019.1,112,0.073745
2029.5,112,0.073887
2040,112,0.074029
2050.6,112,0.074171
2061.4,112,0.074313
2072.4,112,0.074454
2083.6,112,0.074596
2094.9,112,0.074737
2106.5,112,0.074879
2118.3,112,0.075021
2130.2,112,0.075162
2142.4,112,0.075303
2154.8,112,0.075445
2167.4,112,0.075586
2180.3,112,0.075727
2193.4,112,0.075868
2206.7,112,0.076009
2220.3,112,0.07615
2234.2,112,0.076291
2248.4,112,0.076432
2262.8,112,0.076573
2277.5,112,0.076714
2292.6,112,0.076854
2307.9,112,0.076995
2323.6,112,0.077135
2339.6,112,0.077276
2356,112,0.077416
2372.7,112,0.077557
2389.7,112,0.077697
2407.2,112,0.077837
2425,112,0.077977
2443.2,112,0.078118
2461.8,112,0.078258
2480.9,112,0.078398
2500.3,112,0.078538
2520.2,112,0.078677
2540.6,112,0.078817
2561.4,112,0.078957
2582.8,112,0.079097
2604.6,112,0.079236
2626.9,112,0.079376
2649.7,112,0.079515
2673,112,0.079655
2697,112,0.079794
2721.4,112,0.079933
2746.4,112,0.080073
2772.1,112,0.080212
2798.3,112,0.080351
2825.1,112,0.08049
2852.5,112,0.080629
2880.6,112,0.080768
2909.3,112,0.080907
2938.7,112,0.081045
2968.8,112,0.081184
2999.6,112,0.081323
3031,112,0.081461
3063.2,112,0.0816
3096,112,0.081738
3129.6,112,0.081877
3164,112,0.082015
3199.1,112,0.082153
3234.9,112,0.082292
3271.5,112,0.08243
3308.8,112,0.082568
3346.9,112,0.082706
3385.8,112,0.082844
3425.4,112,0.082981
3465.8,112,0.083119
3507,112,0.083257
3548.9,112,0.083395
3591.5,112,0.083532
3634.8,112,0.08367
3678.9,112,0.083807
3723.6,112,0.083945
3769,112,0.084082
3815,112,0.084219
3861.6,112,0.084356
3908.8,112,0.084493
3956.6,112,0.08463
4004.8,112,0.084767
4053.4,112,0.084904
4102.5,112,0.085041
4151.8,112,0.085178
4201.5,112,0.085315
4251.3,112,0.085451
4301.2,112,0.085588
4351.2,112,0.085724
4401.1,112,0.085861
4450.8,112,0.085997
4500.4,112,0.086133
4549.5,112,0.08627
4598.3,112,0.086406
4646.4,112,0.086542
4693.9,112,0.086678
4740.5,112,0.086814
4786.3,112,0.08695
4830.9,112,0.087086
4874.4,112,0.087221
4916.5,112,0.087357
4957.2,112,0.087492
4996.3,112,0.087628
5033.6,112,0.087763
5069.2,112,0.087899
5102.7,112,0.088034
5134.1,112,0.088169
5163.3,112,0.088305
5190.1,112,0.08844
5214.5,112,0.088575
5236.3,112,0.08871
5255.5,112,0.088844
5272,112,0.088979
5285.6,112,0.089114
5296.4,112,0.089249
5304.3,112,0.089383
5309.3,112,0.089518
5311.3,112,0.089652
5310.3,112,0.089787
5306.4,112,0.089921
5299.4,112,0.090055
5289.5,112,0.090189
5276.7,112,0.090323
5261.1,112,0.090457
5242.6,112,0.090591
5221.3,112,0.090725
5197.4,112,0.090859
5171,112,0.090993
5142,112,0.091126
5110.6,112,0.09126
5076.9,112,0.091393
5041,112,0.091527
5003.1,112,0.09166
4963.2,112,0.091794
4921.4,112,0.091927
4878,112,0.09206
4832.9,112,0.092193
4786.3,112,0.092326
4738.4,112,0.092459
4689.2,112,0.092592
4638.8,112,0.092724
4587.5,112,0.092857
4535.2,112,0.09299
4482.1,112,0.093122
4428.3,112,0.093255
4373.9,112,0.093387
4318.9,112,0.093519
4263.5,112,0.093652
4207.8,112,0.093784
4151.8,112,0.093916
4095.6,112,0.094048
4039.3,112,0.09418
3982.9,112,0.094312
3926.5,112,0.094443
3870.2,112,0.094575
3814.1,112,0.094707
3758,112,0.094838
3702.2,112,0.09497
3646.7,112,0.095101
3591.5,112,0.095233
3536.6,112,0.095364
3482,112,0.095495
3427.9,112,0.095626
3374.2,112,0.095757
3320.9,112,0.095888
3268.1,112,0.096019
3215.8,112,0.09615
3164,112,0.09628
3112.7,112,0.096411
3062,112,0.096542
3011.7,112,0.096672
2962.1,112,0.096802
2913,112,0.096933
2864.5,112,0.097063
2816.5,112,0.097193
2769.1,112,0.097323
2722.3,112,0.097453
2676.1,112,0.097583
2630.4,112,0.097713
2585.4,112,0.097843
2540.9,112,0.097972
2497,112,0.098102
2453.6,112,0.098232
2410.9,112,0.098361
2368.7,112,0.09849
2327,112,0.09862
2286,112,0.098749
2245.4,112,0.098878
2205.5,112,0.099007
2166.1,112,0.099136
2127.2,112,0.099265
2088.8,112,0.099394
2051,112,0.099523
2013.7,112,0.099651
1976.9,112,0.09978
1940.6,112,0.099908
1904.8,112,0.10004
1869.5,112,0.10017
1834.7,112,0.10029
1800.4,112,0.10042
1766.6,112,0.10055
1733.2,112,0.10068
1700.3,112,0.10081
1667.8,112,0.10093
1635.8,112,0.10106
1604.2,112,0.10119
1573.1,112,0.10132
1542.3,112,0.10144
1512,112,0.10157
1482.1,112,0.1017
1452.7,112,0.10183
1423.6,112,0.10195
1394.9,112,0.10208
1366.6,112,0.10221
1338.7,112,0.10233
1311.1,112,0.10246
1283.9,112,0.10259
1257.1,112,0.10271
1230.7,112,0.10284
1204.6,112,0.10297
1178.8,112,0.10309
1153.4,112,0.10322
1128.3,112,0.10335
1103.5,112,0.10347
1079.1,112,0.1036
1055,112,0.10373
1031.2,112,0.10385
1007.7,112,0.10398
984.51,112,0.1041
961.62,112,0.10423
939.02,112,0.10435
916.7,112,0.10448
894.68,112,0.10461
872.93,112,0.10473
851.46,112,0.10486
830.25,112,0.10498
809.32,112,0.10511
788.64,112,0.10523
768.22,112,0.10536
748.06,112,0.10548
728.15,112,0.10561
708.48,112,0.10573
689.05,112,0.10585
669.86,112,0.10598
650.91,112,0.1061
632.19,112,0.10623
613.69,112,0.10635
595.42,112,0.10648
577.36,112,0.1066
559.53,112,0.10672
541.9,112,0.10685
524.49,112,0.10697
507.29,112,0.1071
490.28,112,0.10722
473.48,112,0.10734
456.88,112,0.10747
440.47,112,0.10759
424.26,112,0.10771
408.23,112,0.10784
392.39,112,0.10796
376.73,112,0.10808
361.26,112,0.10821
345.96,112,0.10833
330.84,112,0.10845
315.89,112,0.10857
301.11,112,0.1087
286.5,112,0.10882
272.06,112,0.10894
257.78,112,0.10906
243.66,112,0.10919
229.7,112,0.10931
215.9,112,0.10943
202.25,112,0.10955
188.75,112,0.10967
175.41,112,0.1098
162.21,112,0.10992
149.16,112,0.11004
136.25,112,0.11016
123.49,112,0.11028
110.87,112,0.1104
98.381,112,0.11053
86.032,112,0.11065
73.819,112,0.11077
61.738,112,0.11089
49.789,112,0.11101
37.969,112,0.11113
26.278,112,0.11125
14.713,112,0.11137
3.2721,112,0.11149
-8.0453,112,0.11161
-19.241,112,0.11173
-30.317,112,0.11185
-41.275,112,0.11197
-52.116,112,0.11209
-62.841,112,0.11221
-73.452,112,0.11233
-83.95,112,0.11245
-94.338,112,0.11257
-104.62,112,0.11269
-114.78,112,0.11281
-124.85,112,0.11293
-134.8,112,0.11305
-144.65,112,0.11317
-154.4,112,0.11329
-164.05,112,0.11341
-173.59,112,0.11353
-183.04,112,0.11365
-192.38,112,0.11377
-201.63,112,0.11389
-210.79,112,0.114
-219.84,112,0.11412
-228.81,112,0.11424
-237.68,112,0.11436
-246.46,112,0.11448
-255.14,112,0.1146
-263.74,112,0.11471
-272.25,112,0.11483
-280.67,112,0.11495
-289.01,112,0.11507
-297.26,112,0.11519
-305.42,112,0.1153
-313.5,112,0.11542
-321.5,112,0.11554
-329.42,112,0.11566
-337.25,112,0.11577
-345,112,0.11589
-352.68,112,0.11601
-360.27,112,0.11612
-367.79,112,0.11624
-375.23,112,0.11636
-382.6,112,0.11647
-389.89,112,0.11659
-397.1,112,0.11671
-404.24,112,0.11682
-411.31,112,0.11694
-418.31,112,0.11706
-425.23,112,0.11717
-432.08,112,0.11729
-438.87,112,0.1174
-445.58,112,0.11752
-452.23,112,0.11764
-458.8,112,0.11775
-465.31,112,0.11787
-471.76,112,0.11798
-478.13,112,0.1181
-484.45,112,0.11821
-490.69,112,0.11833
-496.88,112,0.11844
-503,112,0.11856
-509.05,112,0.11867
-515.05,112,0.11879
-520.98,112,0.1189
-526.85,112,0.11902
-532.66,112,0.11913
-538.41,112,0.11925
-544.11,112,0.11936
-549.74,112,0.11948
-555.32,112,0.11959
-560.83,112,0.1197
-566.29,112,0.11982
-571.7,112,0.11993
-577.04,112,0.12005
-582.33,112,0.12016
-587.57,112,0.12027
-592.75,112,0.12039
-597.88,112,0.1205
-602.95,112,0.12061
-607.97,112,0.12073
-612.94,112,0.12084
-617.86,112,0.12095
-622.72,112,0.12107
-627.53,112,0.12118
-632.29,112,0.12129
-637,112,0.1214
-641.66,112,0.12152
-646.27,112,0.12163
-650.83,112,0.12174
-655.35,112,0.12185
-659.81,112,0.12196
-664.23,112,0.12208
-668.59,112,0.12219
-672.91,112,0.1223
-677.19,112,0.12241
-681.41,112,0.12252
-685.6,112,0.12264
-689.73,112,0.12275
-693.82,112,0.12286
-697.86,112,0.12297
-701.86,112,0.12308
-705.82,112,0.12319
-709.73,112,0.1233
-713.6,112,0.12341
-717.42,112,0.12352
-721.2,112,0.12363
-724.94,112,0.12375
-728.64,112,0.12386
-732.29,112,0.12397
-735.9,112,0.12408
-739.47,112,0.12419
-743,112,0.1243
-746.49,112,0.12441
-749.94,112,0.12452
-753.35,112,0.12463
-756.71,112,0.12474
-760.04,112,0.12485
-763.33,112,0.12495
-766.58,112,0.12506
-769.79,112,0.12517
-772.96,112,0.12528
-776.09,112,0.12539
-779.19,112,0.1255
-782.25,112,0.12561
-785.27,112,0.12572
-788.25,112,0.12583
-791.19,112,0.12593
-794.1,112,0.12604
-796.98,112,0.12615
-799.81,112,0.12626
-802.61,112,0.12637
-805.38,112,0.12648
-808.1,112,0.12658
-810.8,112,0.12669
-813.46,112,0.1268
-816.08,112,0.12691
-818.67,112,0.12701
-821.22,112,0.12712
-823.74,112,0.12723
-826.23,112,0.12734
-828.68,112,0.12744
-831.1,112,0.12755
-833.48,112,0.12766
-835.83,112,0.12776
-838.15,112,0.12787
-840.44,112,0.12798
-842.69,112,0.12808
-844.91,112,0.12819
-847.1,112,0.1283
-849.25,112,0.1284
-851.38,112,0.12851
-853.47,112,0.12861
-855.53,112,0.12872
-857.56,112,0.12883
-859.56,112,0.12893
-861.53,112,0.12904
-863.47,112,0.12914
-865.38,112,0.12925
-867.25,112,0.12935
-869.1,112,0.12946
-870.91,112,0.12956
-872.7,112,0.12967
-874.46,112,0.12977
-876.18,112,0.12988
-877.88,112,0.12998
-879.55,112,0.13009
-881.19,112,0.13019
-882.8,112,0.1303
-884.38,112,0.1304
-885.93,112,0.1305
-887.46,112,0.13061
-888.95,112,0.13071
-890.42,112,0.13082
-891.86,112,0.13092
-893.27,112,0.13102
-894.65,112,0.13113
-896.01,112,0.13123
-897.34,112,0.13133
-898.64,112,0.13144
-899.91,112,0.13154
-901.16,112,0.13164
-902.38,112,0.13174
-903.57,112,0.13185
-904.74,112,0.13195
-905.88,112,0.13205
-906.99,112,0.13215
-908.08,112,0.13226
-909.14,112,0.13236
-910.17,112,0.13246
-911.18,112,0.13256
-912.17,112,0.13266
-913.12,112,0.13277
-914.05,112,0.13287
-914.96,112,0.13297
-915.84,112,0.13307
-916.7,112,0.13317
-917.53,112,0.13327
-918.33,112,0.13337
-919.11,112,0.13348
-919.87,112,0.13358
-920.6,112,0.13368
-921.3,112,0.13378
-921.99,112,0.13388
-922.64,112,0.13398
-923.28,112,0.13408
-923.88,112,0.13418
-924.47,112,0.13428
-925.03,112,0.13438
-925.57,112,0.13448
-926.08,112,0.13458
-926.57,112,0.13468
-927.03,112,0.13478
-927.48,112,0.13488
-927.89,112,0.13498
-928.29,112,0.13508
-928.66,112,0.13518
-929.01,112,0.13528
-929.34,112,0.13537
-929.64,112,0.13547
-929.92,112,0.13557
-930.18,112,0.13567
-930.41,112,0.13577
-930.63,112,0.13587
-930.81,112,0.13597
-930.98,112,0.13606
-931.13,112,0.13616
-931.25,112,0.13626
-931.35,112,0.13636
-931.43,112,0.13646
-931.48,112,0.13655
-931.52,112,0.13665
-931.53,112,0.13675
-931.52,112,0.13685
-931.49,112,0.13694
-931.44,112,0.13704
-931.36,112,0.13714
-931.27,112,0.13723
-931.15,112,0.13733
-931.01,112,0.13743
-930.85,112,0.13752
-930.67,112,0.13762
-930.47,112,0.13772
-930.25,112,0.13781
-930.01,112,0.13791
-929.74,112,0.138
-929.46,112,0.1381
-929.15,112,0.1382
-928.82,112,0.13829
-928.48,112,0.13839
-928.11,112,0.13848
-927.72,112,0.13858
-927.31,112,0.13867
-926.88,112,0.13877
-926.43,112,0.13886
-925.96,112,0.13896
-925.47,112,0.13905
-924.96,112,0.13915
-924.43,112,0.13924
-923.88,112,0.13934
-923.32,112,0.13943
-922.73,112,0.13952
-922.12,112,0.13962
-921.49,112,0.13971
-920.84,112,0.13981
-920.17,112,0.1399
-919.49,112,0.13999
-918.78,112,0.14009
-918.05,112,0.14018
-917.31,112,0.14027
-916.54,112,0.14037
-915.76,112,0.14046
-914.96,112,0.14055
-914.13,112,0.14065
-913.29,112,0.14074
-912.43,112,0.14083
-911.55,112,0.14092
-910.66,112,0.14102
-909.74,112,0.14111
-908.81,112,0.1412
-907.85,112,0.14129
-906.88,112,0.14138
-905.89,112,0.14148
-904.88,112,0.14157
-903.85,112,0.14166
-902.81,112,0.14175
-901.74,112,0.14184
-900.66,112,0.14193
-899.56,112,0.14202
-898.44,112,0.14212
-897.3,112,0.14221
-896.15,112,0.1423
-894.97,112,0.14239
-893.78,112,0.14248
-892.57,112,0.14257
-891.35,112,0.14266
-890.1,112,0.14275
-888.84,112,0.14284
-887.56,112,0.14293
-886.26,112,0.14302
-884.95,112,0.14311
-883.62,112,0.1432
-882.27,112,0.14329
-880.9,112,0.14338
-879.51,112,0.14347
-878.11,112,0.14356
-876.69,112,0.14364
-875.26,112,0.14373
-873.8,112,0.14382
-872.33,112,0.14391
-870.85,112,0.144
-869.34,112,0.14409
-867.82,112,0.14418
-866.28,112,0.14426
-864.73,112,0.14435
-863.15,112,0.14444
-861.57,112,0.14453
-859.96,112,0.14462
-858.34,112,0.1447
-856.7,112,0.14479
-855.05,112,0.14488
-853.38,112,0.14497
-851.69,112,0.14505
-849.98,112,0.14514
-848.26,112,0.14523
-846.53,112,0.14531
-844.78,112,0.1454
-843.01,112,0.14549
-841.22,112,0.14557
-839.42,112,0.14566
-837.6,112,0.14575
-835.77,112,0.14583
-833.92,112,0.14592
-832.06,112,0.146
-830.18,112,0.14609
-828.28,112,0.14618
-826.37,112,0.14626
-824.45,112,0.14635
-822.5,112,0.14643
-820.55,112,0.14652
-818.57,112,0.1466
-816.58,112,0.14669
-814.58,112,0.14677
-812.56,112,0.14686
-810.53,112,0.14694
-808.48,112,0.14703
-806.41,112,0.14711
-804.33,112,0.14719
-802.24,112,0.14728
-800.13,112,0.14736
-798,112,0.14745
-795.86,112,0.14753
-793.71,112,0.14761
-791.54,112,0.1477
-789.36,112,0.14778
-787.16,112,0.14786
-784.95,112,0.14795
-782.72,112,0.14803
-780.48,112,0.14811
-778.22,112,0.1482
-775.95,112,0.14828
-773.67,112,0.14836
-771.37,112,0.14844
-769.06,112,0.14853
-766.73,112,0.14861
-764.39,112,0.14869
-762.03,112,0.14877
-759.67,112,0.14885
-757.28,112,0.14894
-754.89,112,0.14902
-752.48,112,0.1491
-750.05,112,0.14918
-747.62,112,0.14926
-745.17,112,0.14934
-742.7,112,0.14942
-740.22,112,0.14951
-737.73,112,0.14959
-735.23,112,0.14967
-732.71,112,0.14975
-730.18,112,0.14983
-727.64,112,0.14991
-725.08,112,0.14999
-722.51,112,0.15007
-719.93,112,0.15015
-717.33,112,0.15023
-714.72,112,0.15031
-712.1,112,0.15039
-709.47,112,0.15047
-706.82,112,0.15055
-704.16,112,0.15063
-701.49,112,0.1507
-698.81,112,0.15078
-696.11,112,0.15086
-693.4,112,0.15094
-690.68,112,0.15102
-687.95,112,0.1511
-685.21,112,0.15118
-682.45,112,0.15125
-679.68,112,0.15133
-676.9,112,0.15141
-674.11,112,0.15149
-671.3,112,0.15157
-668.49,112,0.15164
-665.66,112,0.15172
-662.82,112,0.1518
-659.97,112,0.15188
-657.11,112,0.15195
-654.24,112,0.15203
-651.36,112,0.15211
-648.46,112,0.15218
-645.55,112,0.15226
-642.64,112,0.15234
-639.71,112,0.15241
-636.77,112,0.15249
-633.82,112,0.15257
-630.86,112,0.15264
-627.89,112,0.15272
-624.91,112,0.15279
-621.92,112,0.15287
-618.92,112,0.15294
-615.9,112,0.15302
-612.88,112,0.1531
-609.85,112,0.15317
-606.81,112,0.15325
-603.75,112,0.15332
-600.69,112,0.15339
-597.62,112,0.15347
-594.54,112,0.15354
-591.45,112,0.15362
-588.34,112,0.15369
-585.23,112,0.15377
-582.11,112,0.15384
-578.98,112,0.15392
-575.85,112,0.15399
-572.7,112,0.15406
-569.54,112,0.15414
-566.38,112,0.15421
-563.2,112,0.15428
-560.02,112,0.15436
-556.83,112,0.15443
-553.63,112,0.1545
-550.42,112,0.15457
-547.2,112,0.15465
-543.97,112,0.15472
-540.74,112,0.15479
-537.5,112,0.15486
-534.25,112,0.15494
-530.99,112,0.15501
-527.72,112,0.15508
-524.45,112,0.15515
-521.16,112,0.15522
-517.88,112,0.1553
-514.58,112,0.15537
-511.27,112,0.15544
-507.96,112,0.15551
-504.64,112,0.15558
-501.32,112,0.15565
-497.98,112,0.15572
-494.64,112,0.15579
-491.3,112,0.15586
-487.94,112,0.15593
-484.58,112,0.156
-481.21,112,0.15607
-477.84,112,0.15614
-474.46,112,0.15621
-471.08,112,0.15628
-467.68,112,0.15635
-464.28,112,0.15642
-460.88,112,0.15649
-457.47,112,0.15656
-454.05,112,0.15663
-450.63,112,0.1567
-447.21,112,0.15677
-443.77,112,0.15684
-440.34,112,0.15691
-436.89,112,0.15698
-433.44,112,0.15704
-429.99,112,0.15711
-426.53,112,0.15718
-423.07,112,0.15725
-419.6,112,0.15732
-416.13,112,0.15738
-412.65,112,0.15745
-409.17,112,0.15752
-405.68,112,0.15759
-402.2,112,0.15765
-398.7,112,0.15772
-395.2,112,0.15779
-391.7,112,0.15786
-388.2,112,0.15792
-384.69,112,0.15799
-381.17,112,0.15806
-377.66,112,0.15812
-374.14,112,0.15819
-370.62,112,0.15825
-367.09,112,0.15832
-363.56,112,0.15839
-360.03,112,0.15845
-356.5,112,0.15852
-352.96,112,0.15858
-349.42,112,0.15865
-345.88,112,0.15871
-342.34,112,0.15878
-338.79,112,0.15884
-335.24,112,0.15891
-331.69,112,0.15897
-328.14,112,0.15904
-324.59,112,0.1591
-321.03,112,0.15917
-317.48,112,0.15923
-313.92,112,0.15929
-310.36,112,0.15936
-306.8,112,0.15942
-303.24,112,0.15949
-299.68,112,0.15955
-296.12,112,0.15961
-292.55,112,0.15968
-288.99,112,0.15974
-285.43,112,0.1598
-281.86,112,0.15987
-278.3,112,0.15993
-274.73,112,0.15999
-271.17,112,0.16005
-267.61,112,0.16012
-264.04,112,0.16018
-260.48,112,0.16024
-256.92,112,0.1603
-253.35,112,0.16036
-249.79,112,0.16043
-246.23,112,0.16049
-242.67,112,0.16055
-239.12,112,0.16061
-235.56,112,0.16067
-232,112,0.16073
-228.45,112,0.16079
-224.9,112,0.16085
-221.35,112,0.16092
-217.8,112,0.16098
-214.26,112,0.16104
-210.71,112,0.1611
-207.17,112,0.16116
-203.63,112,0.16122
-200.1,112,0.16128
-196.56,112,0.16134
-193.03,112,0.1614
-189.5,112,0.16146
-185.98,112,0.16152
-182.46,112,0.16158
-178.94,112,0.16163
-175.43,112,0.16169
-171.91,112,0.16175
-168.41,112,0.16181
-164.9,112,0.16187
-161.4,112,0.16193
-157.91,112,0.16199
-154.42,112,0.16204
-150.93,112,0.1621
-147.45,112,0.16216
-143.97,112,0.16222
-140.5,112,0.16228
-137.03,112,0.16233
-133.57,112,0.16239
-130.11,112,0.16245
-126.65,112,0.16251
-123.21,112,0.16256
-119.76,112,0.16262
-116.33,112,0.16268
-112.9,112,0.16273
-109.47,112,0.16279
-106.05,112,0.16285
-102.64,112,0.1629
-99.231,112,0.16296
-95.831,112,0.16302
-92.437,112,0.16307
-89.049,112,0.16313
-85.668,112,0.16318
-82.294,112,0.16324
-78.927,112,0.16329
-75.567,112,0.16335
-72.214,112,0.1634
-68.868,112,0.16346
-65.53,112,0.16351
-62.199,112,0.16357
-58.876,112,0.16362
-55.561,112,0.16368
-52.254,112,0.16373
-48.955,112,0.16379
-45.664,112,0.16384
-42.381,112,0.16389
-39.106,112,0.16395
-35.84,112,0.164
-32.583,112,0.16405
-29.335,112,0.16411
-26.095,112,0.16416
-22.864,112,0.16421
-19.643,112,0.16427
-16.43,112,0.16432
-13.227,112,0.16437
-10.033,112,0.16443
-6.8493,112,0.16448
-3.6749,112,0.16453
-0.51032,112,0.16458
2.6444,112,0.16463
5.7891,112,0.16469
8.9237,112,0.16474
12.048,112,0.16479
15.162,112,0.16484
18.266,112,0.16489
21.359,112,0.16494
24.441,112,0.165
27.512,112,0.16505
30.573,112,0.1651
33.623,112,0.16515
36.661,112,0.1652
39.688,112,0.16525
42.704,112,0.1653
45.709,112,0.16535
48.702,112,0.1654
51.683,112,0.16545
54.653,112,0.1655
57.61,112,0.16555
60.556,112,0.1656
63.49,112,0.16565
66.411,112,0.1657
69.321,112,0.16575
72.218,112,0.1658
75.102,112,0.16584
77.974,112,0.16589
80.834,112,0.16594
83.68,112,0.16599
86.514,112,0.16604
89.335,112,0.16609
92.142,112,0.16614
94.937,112,0.16618
97.718,112,0.16623
100.49,112,0.16628
103.24,112,0.16633
105.98,112,0.16637
108.71,112,0.16642
111.42,112,0.16647
114.12,112,0.16652
116.81,112,0.16656
119.48,112,0.16661
122.14,112,0.16666
124.79,112,0.1667
127.42,112,0.16675
130.03,112,0.16679
132.63,112,0.16684
135.22,112,0.16689
137.79,112,0.16693
140.35,112,0.16698
142.89,112,0.16702
145.42,112,0.16707
147.94,112,0.16711
150.43,112,0.16716
152.92,112,0.1672
155.39,112,0.16725
157.84,112,0.16729
160.28,112,0.16734
162.7,112,0.16738
165.11,112,0.16743
167.5,112,0.16747
169.88,112,0.16752
172.24,112,0.16756
174.59,112,0.1676
176.92,112,0.16765
179.23,112,0.16769
181.53,112,0.16773
183.81,112,0.16778
186.08,112,0.16782
188.33,112,0.16786
190.56,112,0.16791
192.78,112,0.16795
194.99,112,0.16799
197.17,112,0.16803
199.34,112,0.16808
201.49,112,0.16812
203.63,112,0.16816
205.75,112,0.1682
207.86,112,0.16824
209.94,112,0.16828
212.02,112,0.16833
214.07,112,0.16837
216.11,112,0.16841
218.13,112,0.16845
220.13,112,0.16849
222.12,112,0.16853
224.09,112,0.16857
226.05,112,0.16861
227.98,112,0.16865
229.9,112,0.16869
231.81,112,0.16873
233.69,112,0.16877
235.56,112,0.16881
237.41,112,0.16885
239.25,112,0.16889
241.06,112,0.16893
242.86,112,0.16897
244.65,112,0.16901
246.41,112,0.16905
248.16,112,0.16909
249.89,112,0.16913
251.6,112,0.16917
253.3,112,0.1692
254.98,112,0.16924
256.64,112,0.16928
258.28,112,0.16932
259.91,112,0.16936
261.52,112,0.16939
263.11,112,0.16943
264.68,112,0.16947
266.24,112,0.16951
267.78,112,0.16954
269.3,112,0.16958
270.8,112,0.16962
272.29,112,0.16966
273.76,112,0.16969
275.21,112,0.16973
276.64,112,0.16977
278.05,112,0.1698
279.45,112,0.16984
280.83,112,0.16987
282.19,112,0.16991
283.54,112,0.16995
284.87,112,0.16998
286.17,112,0.17002
287.47,112,0.17005
288.74,112,0.17009
290,112,0.17012
291.23,112,0.17016
292.46,112,0.17019
293.66,112,0.17023
294.84,112,0.17026
296.01,112,0.1703
297.16,112,0.17033
298.29,112,0.17036
299.41,112,0.1704
300.51,112,0.17043
301.59,112,0.17047
302.65,112,0.1705
303.69,112,0.17053
304.72,112,0.17057
305.73,112,0.1706
306.72,112,0.17063
307.69,112,0.17066
308.65,112,0.1707
309.59,112,0.17073
310.51,112,0.17076
311.42,112,0.17079
312.3,112,0.17083
313.17,112,0.17086
314.03,112,0.17089
314.86,112,0.17092
315.68,112,0.17095
316.48,112,0.17099
317.26,112,0.17102
318.03,112,0.17105
318.78,112,0.17108
319.51,112,0.17111
320.22,112,0.17114
320.92,112,0.17117
321.6,112,0.1712
322.26,112,0.17123
322.91,112,0.17126
323.54,112,0.17129
324.15,112,0.17132
324.74,112,0.17135
325.32,112,0.17138
325.88,112,0.17141
326.43,112,0.17144
326.96,112,0.17147
327.47,112,0.1715
327.96,112,0.17153
328.44,112,0.17156
328.9,112,0.17159
329.35,112,0.17162
329.78,112,0.17164
330.19,112,0.17167
330.58,112,0.1717
330.96,112,0.17173
331.33,112,0.17176
331.67,112,0.17178
332,112,0.17181
332.32,112,0.17184
332.62,112,0.17187
332.9,112,0.17189
333.17,112,0.17192
333.42,112,0.17195
333.65,112,0.17197
333.87,112,0.172
334.07,112,0.17203
334.26,112,0.17205
334.43,112,0.17208
334.59,112,0.17211
334.73,112,0.17213
334.85,112,0.17216
334.96,112,0.17218
335.06,112,0.17221
335.14,112,0.17223
335.2,112,0.17226
335.25,112,0.17228
335.28,112,0.17231
335.3,112,0.17233
335.31,112,0.17236
335.29,112,0.17238
335.27,112,0.17241
335.23,112,0.17243
335.17,112,0.17246
335.1,112,0.17248
335.02,112,0.1725
334.92,112,0.17253
334.8,112,0.17255
334.68,112,0.17258
334.53,112,0.1726
334.38,112,0.17262
334.21,112,0.17265
334.02,112,0.17267
333.82,112,0.17269
333.61,112,0.17271
333.38,112,0.17274
333.14,112,0.17276
332.89,112,0.17278
332.62,112,0.1728
332.34,112,0.17282
332.04,112,0.17285
331.73,112,0.17287
331.41,112,0.17289
331.08,112,0.17291
330.73,112,0.17293
330.37,112,0.17295
329.99,112,0.17297
329.61,112,0.173
329.21,112,0.17302
328.79,112,0.17304
328.37,112,0.17306
327.93,112,0.17308
327.48,112,0.1731
327.01,112,0.17312
326.54,112,0.17314
326.05,112,0.17316
325.55,112,0.17318
325.03,112,0.1732
324.51,112,0.17321
323.97,112,0.17323
323.42,112,0.17325
322.86,112,0.17327
322.29,112,0.17329
321.7,112,0.17331
321.11,112,0.17333
320.5,112,0.17335
319.88,112,0.17336
319.25,112,0.17338
318.61,112,0.1734
317.96,112,0.17342
317.29,112,0.17344
316.62,112,0.17345
315.93,112,0.17347
315.23,112,0.17349
314.53,112,0.1735
313.81,112,0.17352
313.08,112,0.17354
312.34,112,0.17355
311.59,112,0.17357
310.83,112,0.17359
310.06,112,0.1736
309.28,112,0.17362
308.48,112,0.17364
307.68,112,0.17365
306.87,112,0.17367
306.05,112,0.17368
305.22,112,0.1737
304.38,112,0.17371
303.53,112,0.17373
302.67,112,0.17374
301.8,112,0.17376
300.92,112,0.17377
300.03,112,0.17379
299.14,112,0.1738
298.23,112,0.17382
297.32,112,0.17383
296.39,112,0.17384
295.46,112,0.17386
294.52,112,0.17387
293.57,112,0.17389
292.61,112,0.1739
291.64,112,0.17391
290.66,112,0.17393
289.68,112,0.17394
288.69,112,0.17395
287.68,112,0.17396
286.67,112,0.17398
285.66,112,0.17399
284.63,112,0.174
283.6,112,0.17401
282.56,112,0.17403
281.51,112,0.17404
280.46,112,0.17405
279.39,112,0.17406
278.32,112,0.17407
277.24,112,0.17408
276.16,112,0.17409
275.06,112,0.17411
273.96,112,0.17412
272.86,112,0.17413
271.74,112,0.17414
270.62,112,0.17415
269.5,112,0.17416
268.36,112,0.17417
267.22,112,0.17418
266.07,112,0.17419
264.92,112,0.1742
263.76,112,0.17421
262.59,112,0.17422
261.42,112,0.17423
260.24,112,0.17424
259.06,112,0.17425
257.87,112,0.17425
256.67,112,0.17426
255.47,112,0.17427
254.26,112,0.17428
253.05,112,0.17429
251.83,112,0.1743
250.61,112,0.1743
249.38,112,0.17431
248.14,112,0.17432
246.9,112,0.17433
245.66,112,0.17434
244.4,112,0.17434
243.15,112,0.17435
241.89,112,0.17436
240.62,112,0.17436
239.35,112,0.17437
238.08,112,0.17438
236.8,112,0.17438
235.52,112,0.17439
234.23,112,0.1744
232.93,112,0.1744
231.64,112,0.17441
230.34,112,0.17441
229.03,112,0.17442
227.72,112,0.17443
226.41,112,0.17443
225.09,112,0.17444
223.77,112,0.17444
222.44,112,0.17445
221.12,112,0.17445
219.78,112,0.17446
218.45,112,0.17446
217.11,112,0.17447
215.77,112,0.17447
214.42,112,0.17447
213.07,112,0.17448
211.72,112,0.17448
210.36,112,0.17449
209,112,0.17449
207.64,112,0.17449
206.28,112,0.1745
204.91,112,0.1745
203.54,112,0.1745
202.17,112,0.1745
200.79,112,0.17451
199.42,112,0.17451
198.04,112,0.17451
196.65,112,0.17451
195.27,112,0.17452
193.88,112,0.17452
192.49,112,0.17452
191.1,112,0.17452
189.71,112,0.17452
188.31,112,0.17453
186.91,112,0.17453
185.51,112,0.17453
184.11,112,0.17453
182.71,112,0.17453
181.3,112,0.17453
179.9,112,0.17453
178.49,112,0.17453
177.08,112,0.17453
175.67,112,0.17453
174.26,112,0.17453
172.85,112,0.17453
171.43,112,0.17453
170.02,112,0.17453
168.6,112,0.17453
167.18,112,0.17453
165.76,112,0.17453
164.34,112,0.17453
162.92,112,0.17453
161.5,112,0.17453
160.08,112,0.17453
158.66,112,0.17452
157.23,112,0.17452
155.81,112,0.17452
154.38,112,0.17452
152.96,112,0.17452
151.54,112,0.17451
150.11,112,0.17451
148.68,112,0.17451
147.26,112,0.17451
145.83,112,0.1745
144.41,112,0.1745
142.98,112,0.1745
141.55,112,0.1745
140.13,112,0.17449
138.7,112,0.17449
137.28,112,0.17449
135.85,112,0.17448
134.43,112,0.17448
133,112,0.17447
131.58,112,0.17447
130.15,112,0.17447
128.73,112,0.17446
127.31,112,0.17446
125.88,112,0.17445
124.46,112,0.17445
123.04,112,0.17444
121.62,112,0.17444
120.2,112,0.17443
118.78,112,0.17443
117.37,112,0.17442
115.95,112,0.17441
114.53,112,0.17441
113.12,112,0.1744
111.71,112,0.1744
110.29,112,0.17439
108.88,112,0.17438
107.47,112,0.17438
106.07,112,0.17437
104.66,112,0.17436
103.25,112,0.17436
101.85,112,0.17435
100.45,112,0.17434
99.045,112,0.17434
97.646,112,0.17433
96.248,112,0.17432
94.852,112,0.17431
93.457,112,0.1743
92.064,112,0.1743
90.673,112,0.17429
89.284,112,0.17428
87.897,112,0.17427
86.512,112,0.17426
85.128,112,0.17425
83.747,112,0.17425
82.368,112,0.17424
80.99,112,0.17423
79.615,112,0.17422
78.242,112,0.17421
76.872,112,0.1742
75.503,112,0.17419
74.137,112,0.17418
72.773,112,0.17417
71.412,112,0.17416
70.053,112,0.17415
68.696,112,0.17414
67.342,112,0.17413
65.99,112,0.17412
64.641,112,0.17411
63.295,112,0.17409
61.951,112,0.17408
60.609,112,0.17407
59.271,112,0.17406
57.935,112,0.17405
56.602,112,0.17404
55.272,112,0.17403
53.944,112,0.17401
52.62,112,0.174
51.298,112,0.17399
49.98,112,0.17398
48.664,112,0.17396
47.351,112,0.17395
46.041,112,0.17394
44.735,112,0.17393
43.431,112,0.17391
42.131,112,0.1739
40.833,112,0.17389
39.539,112,0.17387
38.248,112,0.17386
36.961,112,0.17384
35.676,112,0.17383
34.395,112,0.17382
33.117,112,0.1738
31.843,112,0.17379
30.572,112,0.17377
29.304,112,0.17376
28.04,112,0.17374
26.78,112,0.17373
25.522,112,0.17371
24.269,112,0.1737
23.019,112,0.17368
21.772,112,0.17367
20.529,112,0.17365
19.29,112,0.17364
18.054,112,0.17362
16.822,112,0.1736
15.594,112,0.17359
14.37,112,0.17357
13.149,112,0.17355
11.932,112,0.17354
10.719,112,0.17352
9.5092,112,0.1735
8.3036,112,0.17349
7.102,112,0.17347
5.9042,112,0.17345
4.7103,112,0.17344
3.5203,112,0.17342
2.3343,112,0.1734
1.1523,112,0.17338
-0.025711,112,0.17336
-1.1997,112,0.17335
-2.3697,112,0.17333
-3.5356,112,0.17331
-4.6975,112,0.17329
-5.8552,112,0.17327
-7.0088,112,0.17325
-8.1583,112,0.17323
-9.3037,112,0.17321
-10.445,112,0.1732
-11.582,112,0.17318
-12.715,112,0.17316
-13.843,112,0.17314
-14.968,112,0.17312
-16.088,112,0.1731
-17.203,112,0.17308
-18.315,112,0.17306
-19.422,112,0.17304
-20.525,112,0.17302
-21.624,112,0.173
-22.718,112,0.17297
-23.808,112,0.17295
-24.893,112,0.17293
-25.974,112,0.17291
-27.051,112,0.17289
-28.123,112,0.17287
-29.191,112,0.17285
-30.254,112,0.17282
-31.313,112,0.1728
-32.367,112,0.17278
-33.417,112,0.17276
-34.462,112,0.17274
-35.503,112,0.17271
-36.539,112,0.17269
-37.571,112,0.17267
-38.598,112,0.17265
-39.621,112,0.17262
-40.639,112,0.1726
-41.653,112,0.17258
-42.661,112,0.17255
-43.666,112,0.17253
-44.665,112,0.1725
-45.66,112,0.17248
-46.651,112,0.17246
-47.636,112,0.17243
-48.618,112,0.17241
-49.594,112,0.17238
-50.566,112,0.17236
-51.533,112,0.17233
-52.495,112,0.17231
-53.453,112,0.17228
-54.406,112,0.17226
-55.354,112,0.17223
-56.298,112,0.17221
-57.236,112,0.17218
-58.17,112,0.17216
-59.1,112,0.17213
-60.024,112,0.17211
-60.944,112,0.17208
-61.859,112,0.17205
-62.769,112,0.17203
-63.675,112,0.172
-64.576,112,0.17197
-65.471,112,0.17195
-66.363,112,0.17192
-67.249,112,0.17189
-68.13,112,0.17187
-69.007,112,0.17184
-69.879,112,0.17181
-70.746,112,0.17178
-71.609,112,0.17176
-72.466,112,0.17173
-73.319,112,0.1717
-74.166,112,0.17167
-75.009,112,0.17164
-75.848,112,0.17162
-76.681,112,0.17159
-77.509,112,0.17156
-78.333,112,0.17153
-79.152,112,0.1715
-79.966,112,0.17147
-80.775,112,0.17144
-81.579,112,0.17141
-82.378,112,0.17138
-83.173,112,0.17135
-83.963,112,0.17132
-84.748,112,0.17129
-85.528,112,0.17126
-86.303,112,0.17123
-87.073,112,0.1712
-87.838,112,0.17117
-88.599,112,0.17114
-89.355,112,0.17111
-90.105,112,0.17108
-90.851,112,0.17105
-91.593,112,0.17102
-92.329,112,0.17099
-93.06,112,0.17095
-93.787,112,0.17092
-94.509,112,0.17089
-95.226,112,0.17086
-95.938,112,0.17083
-96.645,112,0.17079
-97.347,112,0.17076
-98.045,112,0.17073
-98.737,112,0.1707
-99.425,112,0.17066
-100.11,112,0.17063
-100.79,112,0.1706
-101.46,112,0.17057
-102.13,112,0.17053
-102.79,112,0.1705
-103.45,112,0.17047
-104.11,112,0.17043
-104.75,112,0.1704
-105.4,112,0.17036
-106.04,112,0.17033
-106.67,112,0.1703
-107.3,112,0.17026
-107.93,112,0.17023
-108.55,112,0.17019
-109.17,112,0.17016
-109.78,112,0.17012
-110.38,112,0.17009
-110.98,112,0.17005
-111.58,112,0.17002
-112.17,112,0.16998
-112.76,112,0.16995
-113.34,112,0.16991
-113.92,112,0.16987
-114.49,112,0.16984
-115.06,112,0.1698
-115.63,112,0.16977
-116.18,112,0.16973
-116.74,112,0.16969
-117.29,112,0.16966
-117.83,112,0.16962
-118.37,112,0.16958
-118.91,112,0.16954
-119.44,112,0.16951
-119.97,112,0.16947
-120.49,112,0.16943
-121,112,0.16939
-121.52,112,0.16936
-122.02,112,0.16932
-122.53,112,0.16928
-123.03,112,0.16924
-123.52,112,0.1692
-124.01,112,0.16917
-124.49,112,0.16913
-124.97,112,0.16909
-125.45,112,0.16905
-125.92,112,0.16901
-126.39,112,0.16897
-126.85,112,0.16893
-127.31,112,0.16889
-127.76,112,0.16885
-128.21,112,0.16881
-128.65,112,0.16877
-129.09,112,0.16873
-129.53,112,0.16869
-129.96,112,0.16865
-130.38,112,0.16861
-130.8,112,0.16857
-131.22,112,0.16853
-131.63,112,0.16849
-132.04,112,0.16845
-132.45,112,0.16841
-132.85,112,0.16837
-133.24,112,0.16833
-133.63,112,0.16828
-134.02,112,0.16824
-134.4,112,0.1682
-134.78,112,0.16816
-135.15,112,0.16812
-135.52,112,0.16808
-135.89,112,0.16803
-136.25,112,0.16799
-136.6,112,0.16795
-136.96,112,0.16791
-137.3,112,0.16786
-137.65,112,0.16782
-137.99,112,0.16778
-138.32,112,0.16773
-138.65,112,0.16769
-138.98,112,0.16765
-139.3,112,0.1676
-139.62,112,0.16756
-139.93,112,0.16752
-140.24,112,0.16747
-140.55,112,0.16743
-140.85,112,0.16738
-141.15,112,0.16734
-141.44,112,0.16729
-141.73,112,0.16725
-142.02,112,0.1672
-142.3,112,0.16716
-142.58,112,0.16711
-142.85,112,0.16707
-143.12,112,0.16702
-143.39,112,0.16698
-143.65,112,0.16693
-143.9,112,0.16689
-144.16,112,0.16684
-144.41,112,0.16679
-144.65,112,0.16675
-144.89,112,0.1667
-145.13,112,0.16666
-145.37,112,0.16661
-145.6,112,0.16656
-145.82,112,0.16652
-146.05,112,0.16647
-146.26,112,0.16642
-146.48,112,0.16637
-146.69,112,0.16633
-146.9,112,0.16628
-147.1,112,0.16623
-147.3,112,0.16618
-147.5,112,0.16614
-147.69,112,0.16609
-147.88,112,0.16604
-148.06,112,0.16599
-148.25,112,0.16594
-148.42,112,0.16589
-148.6,112,0.16584
-148.77,112,0.1658
-148.93,112,0.16575
-149.1,112,0.1657
-149.26,112,0.16565
-149.41,112,0.1656
-149.57,112,0.16555
-149.72,112,0.1655
-149.86,112,0.16545
-150,112,0.1654
-150.14,112,0.16535
-150.28,112,0.1653
-150.41,112,0.16525
-150.54,112,0.1652
-150.66,112,0.16515
-150.78,112,0.1651
-150.9,112,0.16505
-151.02,112,0.165
-151.13,112,0.16494
-151.24,112,0.16489
-151.34,112,0.16484
-151.44,112,0.16479
-151.54,112,0.16474
-151.64,112,0.16469
-151.73,112,0.16463
-151.82,112,0.16458
-151.9,112,0.16453
-151.99,112,0.16448
-152.06,112,0.16443
-152.14,112,0.16437
-152.21,112,0.16432
-152.28,112,0.16427
-152.35,112,0.16421
-152.41,112,0.16416
-152.47,112,0.16411
-152.53,112,0.16405
-152.59,112,0.164
-152.64,112,0.16395
-152.69,112,0.16389
-152.73,112,0.16384
-152.77,112,0.16379
-152.81,112,0.16373
-152.85,112,0.16368
-152.88,112,0.16362
-152.91,112,0.16357
-152.94,112,0.16351
-152.97,112,0.16346
-152.99,112,0.1634
-153.01,112,0.16335
-153.02,112,0.16329
-153.04,112,0.16324
-153.05,112,0.16318
-153.06,112,0.16313
-153.06,112,0.16307
-153.07,112,0.16302
-153.07,112,0.16296
-153.06,112,0.1629
-153.06,112,0.16285
-153.05,112,0.16279
-153.04,112,0.16273
-153.03,112,0.16268
-153.01,112,0.16262
-152.99,112,0.16256
-152.97,112,0.16251
-152.95,112,0.16245
-152.93,112,0.16239
-152.9,112,0.16233
-152.87,112,0.16228
-152.83,112,0.16222
-152.8,112,0.16216
-152.76,112,0.1621
-152.72,112,0.16204
-152.68,112,0.16199
-152.63,112,0.16193
-152.58,112,0.16187
-152.53,112,0.16181
-152.48,112,0.16175
-152.43,112,0.16169
-152.37,112,0.16163
-152.31,112,0.16158
-152.25,112,0.16152
-152.19,112,0.16146
-152.12,112,0.1614
-152.06,112,0.16134
-151.99,112,0.16128
-151.91,112,0.16122
-151.84,112,0.16116
-151.76,112,0.1611
-151.69,112,0.16104
-151.61,112,0.16098
-151.52,112,0.16092
-151.44,112,0.16085
-151.35,112,0.16079
-151.26,112,0.16073
-151.17,112,0.16067
-151.08,112,0.16061
-150.99,112,0.16055
-150.89,112,0.16049
-150.79,112,0.16043
-150.69,112,0.16036
-150.59,112,0.1603
-150.49,112,0.16024
-150.38,112,0.16018
-150.28,112,0.16012
-150.17,112,0.16005
-150.06,112,0.15999
-149.95,112,0.15993
-149.83,112,0.15987
-149.72,112,0.1598
-149.6,112,0.15974
-149.48,112,0.15968
-149.36,112,0.15961
-149.24,112,0.15955
-149.11,112,0.15949
-148.99,112,0.15942
-148.86,112,0.15936
-148.73,112,0.15929
-148.6,112,0.15923
-148.47,112,0.15917
-148.34,112,0.1591
-148.2,112,0.15904
-148.06,112,0.15897
-147.93,112,0.15891
-147.79,112,0.15884
-147.65,112,0.15878
-147.51,112,0.15871
-147.36,112,0.15865
-147.22,112,0.15858
-147.07,112,0.15852
-146.92,112,0.15845
-146.78,112,0.15839
-146.63,112,0.15832
-146.48,112,0.15825
-146.32,112,0.15819
-146.17,112,0.15812
-146.02,112,0.15806
-145.86,112,0.15799
-145.7,112,0.15792
-145.54,112,0.15786
-145.39,112,0.15779
-145.23,112,0.15772
-145.06,112,0.15765
-144.9,112,0.15759
-144.74,112,0.15752
-144.57,112,0.15745
-144.41,112,0.15738
-144.24,112,0.15732
-144.07,112,0.15725
-143.9,112,0.15718
-143.74,112,0.15711
-143.57,112,0.15704
-143.39,112,0.15698
-143.22,112,0.15691
-143.05,112,0.15684
-142.87,112,0.15677
-142.7,112,0.1567
-142.52,112,0.15663
-142.35,112,0.15656
-142.17,112,0.15649
-141.99,112,0.15642
-141.81,112,0.15635
-141.64,112,0.15628
-141.46,112,0.15621
-141.27,112,0.15614
-141.09,112,0.15607
-140.91,112,0.156
-140.73,112,0.15593
-140.55,112,0.15586
-140.36,112,0.15579
-140.18,112,0.15572
-139.99,112,0.15565
-139.81,112,0.15558
-139.62,112,0.15551
-139.43,112,0.15544
-139.25,112,0.15537
-139.06,112,0.1553
-138.87,112,0.15522
-138.68,112,0.15515
-138.49,112,0.15508
-138.3,112,0.15501
-138.11,112,0.15494
-137.92,112,0.15486
-137.73,112,0.15479
-137.54,112,0.15472
-137.35,112,0.15465
-137.16,112,0.15457
-136.97,112,0.1545
-136.78,112,0.15443
-136.59,112,0.15436
-136.39,112,0.15428
-136.2,112,0.15421
-136.01,112,0.15414
-135.81,112,0.15406
-135.62,112,0.15399
-135.43,112,0.15392
-135.23,112,0.15384
-135.04,112,0.15377
-134.85,112,0.15369
-134.65,112,0.15362
-134.46,112,0.15354
-134.27,112,0.15347
-134.07,112,0.15339
-133.88,112,0.15332
-133.68,112,0.15325
-133.49,112,0.15317
-133.3,112,0.1531
-133.1,112,0.15302
-132.91,112,0.15294
-132.71,112,0.15287
-132.52,112,0.15279
-132.33,112,0.15272
-132.13,112,0.15264
-131.94,112,0.15257
-131.75,112,0.15249
-131.55,112,0.15241
-131.36,112,0.15234
-131.17,112,0.15226
-130.98,112,0.15218
-130.78,112,0.15211
-130.59,112,0.15203
-130.4,112,0.15195
-130.21,112,0.15188
-130.02,112,0.1518
-129.83,112,0.15172
-129.64,112,0.15164
-129.45,112,0.15157
-129.26,112,0.15149
-129.07,112,0.15141
-128.88,112,0.15133
-128.69,112,0.15125
-128.5,112,0.15118
-128.31,112,0.1511
-128.13,112,0.15102
-127.94,112,0.15094
-127.75,112,0.15086
-127.57,112,0.15078
-127.38,112,0.1507
-127.2,112,0.15063
-127.01,112,0.15055
-126.83,112,0.15047
-126.64,112,0.15039
-126.46,112,0.15031
-126.28,112,0.15023
-126.1,112,0.15015
-125.92,112,0.15007
-125.74,112,0.14999
-125.56,112,0.14991
-125.38,112,0.14983
-125.2,112,0.14975
-125.02,112,0.14967
-124.85,112,0.14959
-124.67,112,0.14951
-124.49,112,0.14942
-124.32,112,0.14934
-124.15,112,0.14926
-123.97,112,0.14918
-123.8,112,0.1491
-123.63,112,0.14902
-123.46,112,0.14894
-123.29,112,0.14885
-123.12,112,0.14877
-122.95,112,0.14869
-122.78,112,0.14861
-122.62,112,0.14853
-122.45,112,0.14844
-122.29,112,0.14836
-122.12,112,0.14828
-121.96,112,0.1482
-121.8,112,0.14811
-121.64,112,0.14803
-121.48,112,0.14795
-121.32,112,0.14786
-121.16,112,0.14778
-121,112,0.1477
-120.84,112,0.14761
-120.69,112,0.14753
-120.54,112,0.14745
-120.38,112,0.14736
-120.23,112,0.14728
-120.08,112,0.14719
-119.93,112,0.14711
-119.78,112,0.14703
-119.63,112,0.14694
-119.49,112,0.14686
-119.34,112,0.14677
-119.2,112,0.14669
-119.05,112,0.1466
-118.91,112,0.14652
-118.77,112,0.14643
-118.63,112,0.14635
-118.49,112,0.14626
-118.36,112,0.14618
-118.22,112,0.14609
-118.08,112,0.146
-117.95,112,0.14592
-117.82,112,0.14583
-117.69,112,0.14575
-117.56,112,0.14566
-117.43,112,0.14557
-117.3,112,0.14549
-117.18,112,0.1454
-117.05,112,0.14531
-116.93,112,0.14523
-116.81,112,0.14514
-116.69,112,0.14505
-116.57,112,0.14497
-116.45,112,0.14488
-116.33,112,0.14479
-116.22,112,0.1447
-116.1,112,0.14462
-115.99,112,0.14453
-115.88,112,0.14444
-115.77,112,0.14435
-115.66,112,0.14426
-115.56,112,0.14418
-115.45,112,0.14409
-115.35,112,0.144
-115.24,112,0.14391
-115.14,112,0.14382
-115.04,112,0.14373
-114.95,112,0.14364
-114.85,112,0.14356
-114.76,112,0.14347
-114.66,112,0.14338
-114.57,112,0.14329
-114.48,112,0.1432
-114.39,112,0.14311
-114.3,112,0.14302
-114.22,112,0.14293
-114.13,112,0.14284
-114.05,112,0.14275
-113.97,112,0.14266
-113.89,112,0.14257
-113.81,112,0.14248
-113.74,112,0.14239
-113.66,112,0.1423
-113.59,112,0.14221
-113.52,112,0.14212
-113.45,112,0.14202
-113.38,112,0.14193
-113.32,112,0.14184
-113.25,112,0.14175
-113.19,112,0.14166
-113.13,112,0.14157
-113.07,112,0.14148
-113.01,112,0.14138
-112.96,112,0.14129
-112.9,112,0.1412
-112.85,112,0.14111
-112.8,112,0.14102
-112.75,112,0.14092
-112.7,112,0.14083
-112.66,112,0.14074
-112.61,112,0.14065
-112.57,112,0.14055
-112.53,112,0.14046
-112.49,112,0.14037
-112.46,112,0.14027
-112.42,112,0.14018
-112.39,112,0.14009
-112.36,112,0.13999
-112.33,112,0.1399
-112.3,112,0.13981
-112.27,112,0.13971
-112.25,112,0.13962
-112.23,112,0.13952
-112.21,112,0.13943
-112.19,112,0.13934
-112.17,112,0.13924
-112.16,112,0.13915
-112.14,112,0.13905
-112.13,112,0.13896
-112.12,112,0.13886
-112.12,112,0.13877
-112.11,112,0.13867
-112.11,112,0.13858
-112.11,112,0.13848
-112.11,112,0.13839
-112.11,112,0.13829
-112.11,112,0.1382
-112.12,112,0.1381
-112.13,112,0.138
-112.14,112,0.13791
-112.15,112,0.13781
-112.16,112,0.13772
-112.18,112,0.13762
-112.2,112,0.13752
-112.22,112,0.13743
-112.24,112,0.13733
-112.26,112,0.13723
-112.29,112,0.13714
-112.31,112,0.13704
-112.34,112,0.13694
-112.37,112,0.13685
-112.41,112,0.13675
-112.44,112,0.13665
-112.48,112,0.13655
-112.52,112,0.13646
-112.56,112,0.13636
-112.6,112,0.13626
-112.65,112,0.13616
-112.7,112,0.13606
-112.75,112,0.13597
-112.8,112,0.13587
-112.85,112,0.13577
-112.91,112,0.13567
-112.96,112,0.13557
-113.02,112,0.13547
-113.09,112,0.13537
-113.15,112,0.13528
-113.21,112,0.13518
-113.28,112,0.13508
-113.35,112,0.13498
-113.42,112,0.13488
-113.5,112,0.13478
-113.57,112,0.13468
-113.65,112,0.13458
-113.73,112,0.13448
-113.81,112,0.13438
-113.9,112,0.13428
-113.98,112,0.13418
-114.07,112,0.13408
-114.16,112,0.13398
-114.26,112,0.13388
-114.35,112,0.13378
-114.45,112,0.13368
-114.55,112,0.13358
-114.65,112,0.13348
-114.75,112,0.13337
-114.85,112,0.13327
-114.96,112,0.13317
-115.07,112,0.13307
-115.18,112,0.13297
-115.3,112,0.13287
-115.41,112,0.13277
-115.53,112,0.13266
-115.65,112,0.13256
-115.77,112,0.13246
-115.89,112,0.13236
-116.02,112,0.13226
-116.15,112,0.13215
-116.28,112,0.13205
-116.41,112,0.13195
-116.55,112,0.13185
-116.68,112,0.13174
-116.82,112,0.13164
-116.96,112,0.13154
-117.11,112,0.13144
-117.25,112,0.13133
-117.4,112,0.13123
-117.55,112,0.13113
-117.7,112,0.13102
-117.85,112,0.13092
-118.01,112,0.13082
-118.17,112,0.13071
-118.33,112,0.13061
-118.49,112,0.1305
-118.65,112,0.1304
-118.82,112,0.1303
-118.99,112,0.13019
-119.16,112,0.13009
-119.33,112,0.12998
-119.51,112,0.12988
-119.69,112,0.12977
-119.87,112,0.12967
-120.05,112,0.12956
-120.23,112,0.12946
-120.42,112,0.12935
-120.6,112,0.12925
-120.79,112,0.12914
-120.99,112,0.12904
-121.18,112,0.12893
-121.38,112,0.12883
-121.58,112,0.12872
-121.78,112,0.12861
-121.98,112,0.12851
-122.19,112,0.1284
-122.39,112,0.1283
-122.6,112,0.12819
-122.81,112,0.12808
-123.03,112,0.12798
-123.24,112,0.12787
-123.46,112,0.12776
-123.68,112,0.12766
-123.91,112,0.12755
-124.13,112,0.12744
-124.36,112,0.12734
-124.59,112,0.12723
-124.82,112,0.12712
-125.05,112,0.12701
-125.29,112,0.12691
-125.52,112,0.1268
-125.76,112,0.12669
-126,112,0.12658
-126.25,112,0.12648
-126.49,112,0.12637
-126.74,112,0.12626
-126.99,112,0.12615
-127.25,112,0.12604
-127.5,112,0.12593
-127.76,112,0.12583
-128.02,112,0.12572
-128.28,112,0.12561
-128.54,112,0.1255
-128.81,112,0.12539
-129.07,112,0.12528
-129.34,112,0.12517
-129.61,112,0.12506
-129.89,112,0.12495
-130.16,112,0.12485
-130.44,112,0.12474
-130.72,112,0.12463
-131.01,112,0.12452
-131.29,112,0.12441
-131.58,112,0.1243
-131.87,112,0.12419
-132.16,112,0.12408
-132.45,112,0.12397
-132.74,112,0.12386
-133.04,112,0.12375
-133.34,112,0.12363
-133.64,112,0.12352
-133.95,112,0.12341
-134.25,112,0.1233
-134.56,112,0.12319
-134.87,112,0.12308
-135.18,112,0.12297
-135.5,112,0.12286
-135.81,112,0.12275
-136.13,112,0.12264
-136.45,112,0.12252
-136.78,112,0.12241
-137.1,112,0.1223
-137.43,112,0.12219
-137.76,112,0.12208
-138.09,112,0.12196
-138.42,112,0.12185
-138.76,112,0.12174
-139.09,112,0.12163
-139.43,112,0.12152
-139.78,112,0.1214
-140.12,112,0.12129
-140.46,112,0.12118
-140.81,112,0.12107
-141.16,112,0.12095
-141.52,112,0.12084
-141.87,112,0.12073
-142.23,112,0.12061
-142.58,112,0.1205
-142.94,112,0.12039
-143.31,112,0.12027
-143.67,112,0.12016
-144.04,112,0.12005
-144.41,112,0.11993
-144.78,112,0.11982
-145.15,112,0.1197
-145.53,112,0.11959
-145.9,112,0.11948
-146.28,112,0.11936
-146.66,112,0.11925
-147.05,112,0.11913
-147.43,112,0.11902
-147.82,112,0.1189
-148.21,112,0.11879
-148.6,112,0.11867
-148.99,112,0.11856
-149.39,112,0.11844
-149.79,112,0.11833
-150.19,112,0.11821
-150.59,112,0.1181
-150.99,112,0.11798
-151.4,112,0.11787
-151.81,112,0.11775
-152.22,112,0.11764
-152.63,112,0.11752
-153.04,112,0.1174
-153.46,112,0.11729
-153.88,112,0.11717
-154.3,112,0.11706
-154.72,112,0.11694
-155.14,112,0.11682
-155.57,112,0.11671
-156,112,0.11659
-156.43,112,0.11647
-156.86,112,0.11636
-157.3,112,0.11624
-157.73,112,0.11612
-158.17,112,0.11601
-158.61,112,0.11589
-159.05,112,0.11577
-159.5,112,0.11566
-159.94,112,0.11554
-160.39,112,0.11542
-160.84,112,0.1153
-161.29,112,0.11519
-161.75,112,0.11507
-162.2,112,0.11495
-162.66,112,0.11483
-163.12,112,0.11471
-163.59,112,0.1146
-164.05,112,0.11448
-164.52,112,0.11436
-164.98,112,0.11424
-165.46,112,0.11412
-165.93,112,0.114
-166.4,112,0.11389
-166.88,112,0.11377
-167.36,112,0.11365
-167.84,112,0.11353
-168.32,112,0.11341
-168.8,112,0.11329
-169.29,112,0.11317
-169.78,112,0.11305
-170.27,112,0.11293
-170.76,112,0.11281
-171.25,112,0.11269
-171.75,112,0.11257
-172.25,112,0.11245
-172.75,112,0.11233
-173.25,112,0.11221
-173.75,112,0.11209
-174.26,112,0.11197
-174.76,112,0.11185
-175.27,112,0.11173
-175.79,112,0.11161
-176.3,112,0.11149
-176.81,112,0.11137
-177.33,112,0.11125
-177.85,112,0.11113
-178.37,112,0.11101
-178.9,112,0.11089
-179.42,112,0.11077
-179.95,112,0.11065
-180.48,112,0.11053
-181.01,112,0.1104
-181.54,112,0.11028
-182.07,112,0.11016
-182.61,112,0.11004
-183.15,112,0.10992
-183.69,112,0.1098
-184.23,112,0.10967
-184.78,112,0.10955
-185.32,112,0.10943
-185.87,112,0.10931
-186.42,112,0.10919
-186.97,112,0.10906
-187.53,112,0.10894
-188.08,112,0.10882
-188.64,112,0.1087
-189.2,112,0.10857
-189.76,112,0.10845
-190.33,112,0.10833
-190.89,112,0.10821
-191.46,112,0.10808
-192.03,112,0.10796
-192.6,112,0.10784
-193.17,112,0.10771
-193.75,112,0.10759
-194.32,112,0.10747
-194.9,112,0.10734
-195.48,112,0.10722
-196.07,112,0.1071
-196.65,112,0.10697
-197.24,112,0.10685
-197.82,112,0.10672
-198.41,112,0.1066
-199.01,112,0.10648
-199.6,112,0.10635
-200.2,112,0.10623
-200.79,112,0.1061
-201.39,112,0.10598
-201.99,112,0.10585
-202.6,112,0.10573
-203.2,112,0.10561
-203.81,112,0.10548
-204.42,112,0.10536
-205.03,112,0.10523
-205.64,112,0.10511
-206.26,112,0.10498
-206.87,112,0.10486
-207.49,112,0.10473
-208.11,112,0.10461
-208.73,112,0.10448
-209.36,112,0.10435
-209.98,112,0.10423
-210.61,112,0.1041
-211.24,112,0.10398
-211.87,112,0.10385
-212.51,112,0.10373
-213.14,112,0.1036
-213.78,112,0.10347
-214.42,112,0.10335
-215.06,112,0.10322
-215.7,112,0.10309
-216.35,112,0.10297
-216.99,112,0.10284
-217.64,112,0.10271
-218.29,112,0.10259
-218.95,112,0.10246
-219.6,112,0.10233
-220.26,112,0.10221
-220.91,112,0.10208
-221.57,112,0.10195
-222.24,112,0.10183
-222.9,112,0.1017
-223.56,112,0.10157
-224.23,112,0.10144
-224.9,112,0.10132
-225.57,112,0.10119
-226.24,112,0.10106
-226.92,112,0.10093
-227.6,112,0.10081
-228.28,112,0.10068
-228.96,112,0.10055
-229.64,112,0.10042
-230.32,112,0.10029
-231.01,112,0.10017
-231.7,112,0.10004
-232.39,112,0.099908
-233.08,112,0.09978
-233.77,112,0.099651
-234.47,112,0.099523
-235.17,112,0.099394
-235.87,112,0.099265
-236.57,112,0.099136
-237.27,112,0.099007
-237.98,112,0.098878
-238.68,112,0.098749
-239.39,112,0.09862
-240.1,112,0.09849
-240.82,112,0.098361
-241.53,112,0.098232
-242.25,112,0.098102
-242.97,112,0.097972
-243.69,112,0.097843
-244.41,112,0.097713
-245.13,112,0.097583
-245.86,112,0.097453
-246.59,112,0.097323
-247.32,112,0.097193
-248.05,112,0.097063
-248.78,112,0.096933
-249.52,112,0.096802
-250.26,112,0.096672
-251,112,0.096542
-251.74,112,0.096411
-252.48,112,0.09628
-253.23,112,0.09615
-253.98,112,0.096019
-254.72,112,0.095888
-255.48,112,0.095757
-256.23,112,0.095626
-256.98,112,0.095495
-257.74,112,0.095364
-258.5,112,0.095233
-259.26,112,0.095101
-260.03,112,0.09497
-260.79,112,0.094838
-261.56,112,0.094707
-262.33,112,0.094575
-263.1,112,0.094443
-263.87,112,0.094312
-264.65,112,0.09418
-265.42,112,0.094048
-266.2,112,0.093916
-266.98,112,0.093784
-267.77,112,0.093652
-268.55,112,0.093519
-269.34,112,0.093387
-270.13,112,0.093255
-270.92,112,0.093122
-271.71,112,0.09299
-272.51,112,0.092857
-273.3,112,0.092724
-274.1,112,0.092592
-274.9,112,0.092459
-275.71,112,0.092326
-276.51,112,0.092193
-277.32,112,0.09206
-278.13,112,0.091927
-278.94,112,0.091794
-279.75,112,0.09166
-280.57,112,0.091527
-281.39,112,0.091393
-282.2,112,0.09126
-283.03,112,0.091126
-283.85,112,0.090993
-284.68,112,0.090859
-285.5,112,0.090725
-286.33,112,0.090591
-287.17,112,0.090457
-288,112,0.090323
-288.84,112,0.090189
-289.67,112,0.090055
-290.51,112,0.089921
-291.36,112,0.089787
-292.2,112,0.089652
-293.05,112,0.089518
-293.9,112,0.089383
-294.75,112,0.089249
-295.6,112,0.089114
-296.46,112,0.088979
-297.32,112,0.088844
-298.17,112,0.08871
-299.04,112,0.088575
-299.9,112,0.08844
-300.77,112,0.088305
-301.64,112,0.088169
-302.51,112,0.088034
-303.38,112,0.087899
-304.25,112,0.087763
-305.13,112,0.087628
-306.01,112,0.087492
-306.89,112,0.087357
-307.78,112,0.087221
-308.66,112,0.087086
-309.55,112,0.08695
-310.44,112,0.086814
-311.33,112,0.086678
-312.23,112,0.086542
-313.13,112,0.086406
-314.03,112,0.08627
-314.93,112,0.086133
-315.83,112,0.085997
-316.74,112,0.085861
-317.65,112,0.085724
-318.56,112,0.085588
-319.47,112,0.085451
-320.39,112,0.085315
-321.31,112,0.085178
-322.23,112,0.085041
-323.15,112,0.084904
-324.08,112,0.084767
-325,112,0.08463
-325.93,112,0.084493
-326.87,112,0.084356
-327.8,112,0.084219
-328.74,112,0.084082
-329.68,112,0.083945
-330.62,112,0.083807
-331.56,112,0.08367
-332.51,112,0.083532
-333.46,112,0.083395
-334.41,112,0.083257
-335.36,112,0.083119
-336.32,112,0.082981
-337.28,112,0.082844
-338.24,112,0.082706
-339.21,112,0.082568
-340.17,112,0.08243
-341.14,112,0.082292
-342.11,112,0.082153
-343.09,112,0.082015
-344.06,112,0.081877
-345.04,112,0.081738
-346.03,112,0.0816
-347.01,112,0.081461
-348,112,0.081323
-348.99,112,0.081184
-349.98,112,0.081045
-350.97,112,0.080907
-351.97,112,0.080768
-352.97,112,0.080629
-353.97,112,0.08049
-354.98,112,0.080351
-355.99,112,0.080212
-357,112,0.080073
-358.01,112,0.079933
-359.03,112,0.079794
-360.05,112,0.079655
-361.07,112,0.079515
-362.09,112,0.079376
-363.12,112,0.079236
-364.15,112,0.079097
-365.18,112,0.078957
-366.22,112,0.078817
-367.25,112,0.078677
-368.29,112,0.078538
-369.34,112,0.078398
-370.38,112,0.078258
-371.43,112,0.078118
-372.49,112,0.077977
-373.54,112,0.077837
-374.6,112,0.077697
-375.66,112,0.077557
-376.72,112,0.077416
-377.79,112,0.077276
-378.86,112,0.077135
-379.93,112,0.076995
-381.01,112,0.076854
-382.08,112,0.076714
-383.17,112,0.076573
-384.25,112,0.076432
-385.34,112,0.076291
-386.43,112,0.07615
-387.52,112,0.076009
-388.62,112,0.075868
-389.72,112,0.075727
-390.82,112,0.075586
-391.92,112,0.075445
-393.03,112,0.075303
-394.14,112,0.075162
-395.26,112,0.075021
-396.38,112,0.074879
-397.5,112,0.074737
-398.62,112,0.074596
-399.75,112,0.074454
-400.88,112,0.074313
-402.01,112,0.074171
-403.15,112,0.074029
-404.29,112,0.073887
-405.44,112,0.073745
-406.58,112,0.073603
-407.73,112,0.073461
-408.89,112,0.073319
-410.04,112,0.073177
-411.2,112,0.073034
-412.37,112,0.072892
-413.53,112,0.07275
-414.7,112,0.072607
-415.88,112,0.072465
-417.06,112,0.072322
-418.24,112,0.07218
-419.42,112,0.072037
-420.61,112,0.071894
-421.8,112,0.071751
-422.99,112,0.071609
-424.19,112,0.071466
-425.39,112,0.071323
-426.6,112,0.07118
-427.81,112,0.071037
-429.02,112,0.070894
-430.23,112,0.07075
-431.45,112,0.070607
-432.68,112,0.070464
-433.9,112,0.07032
-435.13,112,0.070177
-436.37,112,0.070034
-437.61,112,0.06989
-438.85,112,0.069746
-440.09,112,0.069603
-441.34,112,0.069459
-442.6,112,0.069315
-443.85,112,0.069172
-445.11,112,0.069028
-446.38,112,0.068884
-447.65,112,0.06874
-448.92,112,0.068596
-450.19,112,0.068452
-451.47,112,0.068308
-452.76,112,0.068163
-454.05,112,0.068019
-455.34,112,0.067875
-456.64,112,0.06773
-457.94,112,0.067586
-459.24,112,0.067442
-460.55,112,0.067297
-461.86,112,0.067153
-463.18,112,0.067008
-464.5,112,0.066863
-465.82,112,0.066718
-467.15,112,0.066574
-468.48,112,0.066429
-469.82,112,0.066284
-471.16,112,0.066139
-472.51,112,0.065994
-473.86,112,0.065849
-475.21,112,0.065704
-476.57,112,0.065559
-477.94,112,0.065413
-479.3,112,0.065268
-480.68,112,0.065123
-482.05,112,0.064978
-483.43,112,0.064832
-484.82,112,0.064687
-486.21,112,0.064541
-487.6,112,0.064395
-489,112,0.06425
-490.41,112,0.064104
-491.81,112,0.063958
-493.23,112,0.063813
-494.64,112,0.063667
-496.07,112,0.063521
-497.49,112,0.063375
-498.93,112,0.063229
-500.36,112,0.063083
-501.8,112,0.062937
-503.25,112,0.062791
-504.7,112,0.062644
-506.16,112,0.062498
-507.62,112,0.062352
-509.08,112,0.062206
-510.55,112,0.062059
-512.03,112,0.061913
-513.51,112,0.061766
-514.99,112,0.06162
-516.48,112,0.061473
-517.98,112,0.061326
-519.48,112,0.06118
-520.99,112,0.061033
-522.5,112,0.060886
-524.01,112,0.060739
-525.53,112,0.060593
-527.06,112,0.060446
-528.59,112,0.060299
-530.13,112,0.060152
-531.67,112,0.060004
-533.22,112,0.059857
-534.77,112,0.05971
-536.33,112,0.059563
-537.9,112,0.059416
-539.47,112,0.059268
-541.04,112,0.059121
-542.62,112,0.058973
-544.21,112,0.058826
-545.8,112,0.058679
-547.4,112,0.058531
-549,112,0.058383
-550.61,112,0.058236
-552.22,112,0.058088
-553.84,112,0.05794
-555.47,112,0.057792
-557.1,112,0.057645
-558.74,112,0.057497
-560.38,112,0.057349
-562.03,112,0.057201
-563.69,112,0.057053
-565.35,112,0.056905
-567.02,112,0.056757
-568.69,112,0.056608
-570.37,112,0.05646
-572.06,112,0.056312
-573.75,112,0.056164
-575.45,112,0.056015
-577.15,112,0.055867
-578.86,112,0.055718
-580.58,112,0.05557
-582.3,112,0.055421
-584.03,112,0.055273
-585.77,112,0.055124
-587.51,112,0.054976
-589.26,112,0.054827
-591.01,112,0.054678
-592.77,112,0.054529
-594.54,112,0.05438
-596.32,112,0.054232
-598.1,112,0.054083
-599.89,112,0.053934
-601.68,112,0.053785
-603.48,112,0.053636
-605.29,112,0.053486
-607.11,112,0.053337
-608.93,112,0.053188
-610.76,112,0.053039
-612.6,112,0.05289
-614.44,112,0.05274
-616.29,112,0.052591
-618.15,112,0.052442
-620.01,112,0.052292
-621.88,112,0.052143
-623.76,112,0.051993
-625.65,112,0.051844
-627.54,112,0.051694
-629.44,112,0.051544
-631.35,112,0.051395
-633.26,112,0.051245
-635.18,112,0.051095
-637.11,112,0.050945
-639.05,112,0.050795
-641,112,0.050645
-642.95,112,0.050496
-644.91,112,0.050346
-646.88,112,0.050196
-648.85,112,0.050045
-650.84,112,0.049895
-652.83,112,0.049745
-654.83,112,0.049595
-656.83,112,0.049445
-658.85,112,0.049295
-660.87,112,0.049144
-662.9,112,0.048994
-664.94,112,0.048844
-666.99,112,0.048693
-669.04,112,0.048543
-671.11,112,0.048392
-673.18,112,0.048242
-675.26,112,0.048091
-677.35,112,0.04794
-679.44,112,0.04779
-681.55,112,0.047639
-683.66,112,0.047488
-685.78,112,0.047338
-687.91,112,0.047187
-690.05,112,0.047036
-692.2,112,0.046885
-694.36,112,0.046734
-696.52,112,0.046583
-698.7,112,0.046432
-700.88,112,0.046281
-703.07,112,0.04613
-705.27,112,0.045979
-707.48,112,0.045828
-709.7,112,0.045677
-711.93,112,0.045525
-714.16,112,0.045374
-716.41,112,0.045223
-718.67,112,0.045072
-720.93,112,0.04492
-723.2,112,0.044769
-725.49,112,0.044617
-727.78,112,0.044466
-730.08,112,0.044314
-732.39,112,0.044163
-734.72,112,0.044011
-737.05,112,0.04386
-739.39,112,0.043708
-741.74,112,0.043556
-744.1,112,0.043405
-746.47,112,0.043253
-748.85,112,0.043101
-751.24,112,0.042949
-753.64,112,0.042797
-756.05,112,0.042645
-758.47,112,0.042494
-760.9,112,0.042342
-763.34,112,0.04219
-765.79,112,0.042038
-768.25,112,0.041885
-770.72,112,0.041733
-773.21,112,0.041581
-775.7,112,0.041429
-778.2,112,0.041277
-780.72,112,0.041125
-783.24,112,0.040972
-785.77,112,0.04082
-788.32,112,0.040668
-790.88,112,0.040515
-793.44,112,0.040363
-796.02,112,0.040211
-798.61,112,0.040058
-801.21,112,0.039906
-803.83,112,0.039753
-806.45,112,0.0396
-809.08,112,0.039448
-811.73,112,0.039295
-814.38,112,0.039143
-817.05,112,0.03899
-819.73,112,0.038837
-822.42,112,0.038684
-825.13,112,0.038532
-827.84,112,0.038379
-830.57,112,0.038226
-833.3,112,0.038073
-836.05,112,0.03792
-838.82,112,0.037767
-841.59,112,0.037614
-844.37,112,0.037461
-847.17,112,0.037308
-849.98,112,0.037155
-852.8,112,0.037002
-855.64,112,0.036849
-858.48,112,0.036696
-861.34,112,0.036543
-864.21,112,0.03639
-867.1,112,0.036236
-869.99,112,0.036083
-872.9,112,0.03593
-875.82,112,0.035776
-878.76,112,0.035623
-881.7,112,0.03547
-884.66,112,0.035316
-887.64,112,0.035163
-890.62,112,0.035009
-893.62,112,0.034856
-896.63,112,0.034702
-899.66,112,0.034549
-902.69,112,0.034395
-905.75,112,0.034242
-908.81,112,0.034088
-911.89,112,0.033934
-914.98,112,0.033781
-918.09,112,0.033627
-921.2,112,0.033473
-924.34,112,0.03332
-927.48,112,0.033166
-930.64,112,0.033012
-933.82,112,0.032858
-937,112,0.032704
-940.21,112,0.03255
-943.42,112,0.032396
-946.65,112,0.032242
-949.9,112,0.032088
-953.15,112,0.031934
-956.43,112,0.03178
-959.71,112,0.031626
-963.01,112,0.031472
-966.33,112,0.031318
-969.66,112,0.031164
-973,112,0.03101
-976.36,112,0.030856
-979.74,112,0.030702
-983.13,112,0.030547
-986.53,112,0.030393
-989.95,112,0.030239
-993.38,112,0.030084
-996.83,112,0.02993
-1000.3,112,0.029776
-1003.8,112,0.029621
-1007.3,112,0.029467
-1010.8,112,0.029313
-1014.3,112,0.029158
-1017.8,112,0.029004
-1021.4,112,0.028849
-1025,112,0.028695
-1028.6,112,0.02854
-1032.2,112,0.028386
-1035.8,112,0.028231
-1039.4,112,0.028076
-1043.1,112,0.027922
-1046.7,112,0.027767
-1050.4,112,0.027612
-1054.1,112,0.027458
-1057.8,112,0.027303
-1061.5,112,0.027148
-1065.3,112,0.026993
-1069.1,112,0.026839
-1072.8,112,0.026684
-1076.6,112,0.026529
-1080.4,112,0.026374
-1084.3,112,0.026219
-1088.1,112,0.026064
-1092,112,0.02591
-1095.8,112,0.025755
-1099.7,112,0.0256
-1103.6,112,0.025445
-1107.6,112,0.02529
-1111.5,112,0.025135
-1115.5,112,0.02498
-1119.5,112,0.024825
-1123.5,112,0.024669
-1127.5,112,0.024514
-1131.5,112,0.024359
-1135.5,112,0.024204
-1139.6,112,0.024049
-1143.7,112,0.023894
-1147.8,112,0.023739
-1151.9,112,0.023583
-1156,112,0.023428
-1160.2,112,0.023273
-1164.3,112,0.023118
-1168.5,112,0.022962
-1172.7,112,0.022807
-1176.9,112,0.022652
-1181.2,112,0.022496
-1185.4,112,0.022341
-1189.7,112,0.022186
-1194,112,0.02203
-1198.3,112,0.021875
-1202.6,112,0.021719
-1207,112,0.021564
-1211.3,112,0.021408
-1215.7,112,0.021253
-1220.1,112,0.021097
-1224.5,112,0.020942
-1228.9,112,0.020786
-1233.4,112,0.020631
-1237.9,112,0.020475
-1242.3,112,0.02032
-1246.8,112,0.020164
-1251.4,112,0.020008
-1255.9,112,0.019853
-1260.5,112,0.019697
-1265,112,0.019541
-1269.6,112,0.019386
-1274.2,112,0.01923
-1278.9,112,0.019074
-1283.5,112,0.018919
-1288.2,112,0.018763
-1292.9,112,0.018607
-1297.6,112,0.018451
-1302.3,112,0.018296
-1307,112,0.01814
-1311.8,112,0.017984
-1316.5,112,0.017828
-1321.3,112,0.017672
-1326.1,112,0.017516
-1331,112,0.017361
-1335.8,112,0.017205
-1340.7,112,0.017049
-1345.6,112,0.016893
-1350.5,112,0.016737
-1355.4,112,0.016581
-1360.3,112,0.016425
-1365.3,112,0.016269
-1370.2,112,0.016113
-1375.2,112,0.015957
-1380.2,112,0.015801
-1385.2,112,0.015645
-1390.3,112,0.015489
-1395.3,112,0.015333
-1400.4,112,0.015177
-1405.5,112,0.015021
-1410.6,112,0.014865
-1415.7,112,0.014709
-1420.9,112,0.014553
-1426,112,0.014396
-1431.2,112,0.01424
-1436.4,112,0.014084
-1441.6,112,0.013928
-1446.9,112,0.013772
-1452.1,112,0.013616
-1457.4,112,0.013459
-1462.6,112,0.013303
-1467.9,112,0.013147
-1473.3,112,0.012991
-1478.6,112,0.012835
-1483.9,112,0.012678
-1489.3,112,0.012522
-1494.7,112,0.012366
-1500.1,112,0.01221
-1505.5,112,0.012053
-1510.9,112,0.011897
-1516.3,112,0.011741
-1521.8,112,0.011584
-1527.2,112,0.011428
-1532.7,112,0.011272
-1538.2,112,0.011115
-1543.7,112,0.010959
-1549.3,112,0.010803
-1554.8,112,0.010646
-1560.4,112,0.01049
-1565.9,112,0.010334
-1571.5,112,0.010177
-1577.1,112,0.010021
-1582.7,112,0.0098643
-1588.3,112,0.0097079
-1594,112,0.0095515
-1599.6,112,0.0093951
-1605.3,112,0.0092386
-1611,112,0.0090822
-1616.7,112,0.0089257
-1622.4,112,0.0087693
-1628.1,112,0.0086128
-1633.8,112,0.0084563
-1639.5,112,0.0082999
-1645.3,112,0.0081434
-1651,112,0.0079869
-1656.8,112,0.0078304
-1662.5,112,0.0076739
-1668.3,112,0.0075174
-1674.1,112,0.0073609
-1679.9,112,0.0072043
-1685.7,112,0.0070478
-1691.5,112,0.0068913
-1697.4,112,0.0067347
-1703.2,112,0.0065782
-1709,112,0.0064216
-1714.9,112,0.0062651
-1720.7,112,0.0061085
-1726.6,112,0.0059519
-1732.5,112,0.0057954
-1738.3,112,0.0056388
-1744.2,112,0.0054822
-1750.1,112,0.0053256
-1756,112,0.005169
-1761.8,112,0.0050124
-1767.7,112,0.0048558
-1773.6,112,0.0046992
-1779.5,112,0.0045426
-1785.4,112,0.004386
-1791.3,112,0.0042294
-1797.2,112,0.0040728
-1803.1,112,0.0039162
-1809,112,0.0037596
-1814.9,112,0.0036029
-1820.8,112,0.0034463
-1826.7,112,0.0032897
-1832.6,112,0.003133
-1838.5,112,0.0029764
-1844.4,112,0.0028198
-1850.2,112,0.0026631
-1856.1,112,0.0025065
-1862,112,0.0023498
-1867.9,112,0.0021932
-1873.7,112,0.0020365
-1879.6,112,0.0018799
-1885.4,112,0.0017232
-1891.2,112,0.0015666
-1897.1,112,0.0014099
-1902.9,112,0.0012533
-1908.7,112,0.0010966
-1914.5,112,0.00093996
-1920.3,112,0.0007833
-1926,112,0.00062664
-1931.8,112,0.00046998
-1937.5,112,0.00031332
-1943.2,112,0.00015666
-1948.9,112,6.4122e-17
-1954.6,112,-0.00015666
-1960.3,112,-0.00031332
-1966,112,-0.00046998
-1971.6,112,-0.00062664
-1977.2,112,-0.0007833
-1982.8,112,-0.00093996
-1988.4,112,-0.0010966
-1993.9,112,-0.0012533
-1999.4,112,-0.0014099
-2004.9,112,-0.0015666
-2010.4,112,-0.0017232
-2015.8,112,-0.0018799
-2021.2,112,-0.0020365
-2026.6,112,-0.0021932
-2032,112,-0.0023498
-2037.3,112,-0.0025065
-2042.6,112,-0.0026631
-2047.8,112,-0.0028198
-2053,112,-0.0029764
-2058.2,112,-0.003133
-2063.4,112,-0.0032897
-2068.5,112,-0.0034463
-2073.5,112,-0.0036029
-2078.5,112,-0.0037596
-2083.5,112,-0.0039162
-2088.5,112,-0.0040728
-2093.4,112,-0.0042294
-2098.2,112,-0.004386
-2103,112,-0.0045426
-2107.8,112,-0.0046992
-2112.4,112,-0.0048558
-2117.1,112,-0.0050124
-2121.7,112,-0.005169
-2126.2,112,-0.0053256
-2130.7,112,-0.0054822
-2135.1,112,-0.0056388
-2139.5,112,-0.0057954
-2143.8,112,-0.0059519
-2148,112,-0.0061085
-2152.2,112,-0.0062651
-2156.3,112,-0.0064216
-2160.4,112,-0.0065782
-2164.3,112,-0.0067347
-2168.3,112,-0.0068913
-2172.1,112,-0.0070478
-2175.8,112,-0.0072043
-2179.5,112,-0.0073609
-2183.1,112,-0.0075174
-2186.6,112,-0.0076739
-2190.1,112,-0.0078304
-2193.4,112,-0.0079869
-2196.7,112,-0.0081434
-2199.9,112,-0.0082999
-2203,112,-0.0084563
-2206,112,-0.0086128
-2208.9,112,-0.0087693
-2211.7,112,-0.0089257
-2214.4,112,-0.0090822
-2217,112,-0.0092386
-2219.5,112,-0.0093951
-2222,112,-0.0095515
-2224.3,112,-0.0097079
-2226.4,112,-0.0098643
-2228.5,112,-0.010021
-2230.5,112,-0.010177
-2232.3,112,-0.010334
-2234.1,112,-0.01049
-2235.7,112,-0.010646
-2237.1,112,-0.010803
-2238.5,112,-0.010959
-2239.7,112,-0.011115
-2240.8,112,-0.011272
-2241.8,112,-0.011428
-2242.6,112,-0.011584
-2243.3,112,-0.011741
-2243.8,112,-0.011897
-2244.2,112,-0.012053
-2244.5,112,-0.01221
-2244.5,112,-0.012366
-2244.5,112,-0.012522
-2244.3,112,-0.012678
-2243.9,112,-0.012835
-2243.3,112,-0.012991
-2242.6,112,-0.013147
-2241.7,112,-0.013303
-2240.6,112,-0.013459
-2239.4,112,-0.013616
-2237.9,112,-0.013772
-2236.3,112,-0.013928
-2234.5,112,-0.014084
-2232.5,112,-0.01424
-2230.3,112,-0.014396
-2227.9,112,-0.014553
-2225.3,112,-0.014709
-2222.5,112,-0.014865
-2219.5,112,-0.015021
-2216.2,112,-0.015177
-2212.7,112,-0.015333
-2209,112,-0.015489
-2205.1,112,-0.015645
-2201,112,-0.015801
-2196.5,112,-0.015957
-2191.9,112,-0.016113
-2187,112,-0.016269
-2181.8,112,-0.016425
-2176.4,112,-0.016581
-2170.7,112,-0.016737
-2164.7,112,-0.016893
-2158.5,112,-0.017049
-2152,112,-0.017205
-2145.2,112,-0.017361
-2138.1,112,-0.017516
-2130.7,112,-0.017672
-2122.9,112,-0.017828
-2114.9,112,-0.017984
-2106.6,112,-0.01814
-2097.9,112,-0.018296
-2088.9,112,-0.018451
-2079.5,112,-0.018607
-2069.9,112,-0.018763
-2059.8,112,-0.018919
-2049.4,112,-0.019074
-2038.6,112,-0.01923
-2027.4,112,-0.019386
-2015.9,112,-0.019541
-2004,112,-0.019697
-1991.6,112,-0.019853
-1978.9,112,-0.020008
-1965.7,112,-0.020164
-1952.1,112,-0.02032
-1938.1,112,-0.020475
-1923.6,112,-0.020631
-1908.6,112,-0.020786
-1893.2,112,-0.020942
-1877.3,112,-0.021097
-1861,112,-0.021253
-1844.1,112,-0.021408
-1826.7,112,-0.021564
-1808.8,112,-0.021719
-1790.4,112,-0.021875
-1771.4,112,-0.02203
-1751.8,112,-0.022186
-1731.7,112,-0.022341
-1711,112,-0.022496
-1689.8,112,-0.022652
-1667.9,112,-0.022807
-1645.4,112,-0.022962
-1622.2,112,-0.023118
-1598.4,112,-0.023273
-1573.9,112,-0.023428
-1548.8,112,-0.023583
-1523,112,-0.023739
-1496.4,112,-0.023894
-1469.1,112,-0.024049
-1441.1,112,-0.024204
-1412.4,112,-0.024359
-1382.8,112,-0.024514
-1352.5,112,-0.024669
-1321.3,112,-0.024825
-1289.4,112,-0.02498
-1256.5,112,-0.025135
-1222.9,112,-0.02529
-1188.3,112,-0.025445
-1152.8,112,-0.0256
-1116.5,112,-0.025755
-1079.1,112,-0.02591
-1040.9,112,-0.026064
-1001.6,112,-0.026219
-961.37,112,-0.026374
-920.11,112,-0.026529
-877.82,112,-0.026684
-834.48,112,-0.026839
-790.07,112,-0.026993
-744.57,112,-0.027148
-697.96,112,-0.027303
-650.22,112,-0.027458
-601.35,112,-0.027612
-551.31,112,-0.027767
-500.1,112,-0.027922
-447.7,112,-0.028076
-394.1,112,-0.028231
-339.27,112,-0.028386
-283.22,112,-0.02854
-225.93,112,-0.028695
-167.39,112,-0.028849
-107.59,112,-0.029004
-46.53,112,-0.029158
15.792,112,-0.029313
79.378,112,-0.029467
144.23,112,-0.029621
210.33,112,-0.029776
277.68,112,-0.02993
346.27,112,-0.030084
416.08,112,-0.030239
487.09,112,-0.030393
559.28,112,-0.030547
632.61,112,-0.030702
707.05,112,-0.030856
782.57,112,-0.03101
859.11,112,-0.031164
936.62,112,-0.031318
1015.1,112,-0.031472
1094.3,112,-0.031626
1174.4,112,-0.03178
1255.2,112,-0.031934
1336.5,112,-0.032088
1418.4,112,-0.032242
1500.7,112,-0.032396
1583.3,112,-0.03255
1666.1,112,-0.032704
1749,112,-0.032858
1831.8,112,-0.033012
1914.3,112,-0.033166
1996.5,112,-0.03332
2078.2,112,-0.033473
2159.1,112,-0.033627
2239.2,112,-0.033781
2318.3,112,-0.033934
2396.1,112,-0.034088
2472.5,112,-0.034242
2547.3,112,-0.034395
2620.3,112,-0.034549
2691.4,112,-0.034702
2760.3,112,-0.034856
2826.8,112,-0.035009
2890.8,112,-0.035163
2952.1,112,-0.035316
3010.5,112,-0.03547
3065.8,112,-0.035623
3117.9,112,-0.035776
3166.7,112,-0.03593
3212,112,-0.036083
3253.7,112,-0.036236
3291.7,112,-0.03639
3326,112,-0.036543
3356.3,112,-0.036696
3382.8,112,-0.036849
3405.4,112,-0.037002
3424,112,-0.037155
3438.6,112,-0.037308
3449.3,112,-0.037461
3456.1,112,-0.037614
3459.1,112,-0.037767
3458.3,112,-0.03792
3453.8,112,-0.038073
3445.7,112,-0.038226
3434.1,112,-0.038379
3419.1,112,-0.038532
3400.9,112,-0.038684
3379.6,112,-0.038837
3355.4,112,-0.03899
3328.3,112,-0.039143
3298.5,112,-0.039295
3266.3,112,-0.039448
3231.7,112,-0.0396
3194.9,112,-0.039753
3156.1,112,-0.039906
3115.4,112,-0.040058
3073,112,-0.040211
3029,112,-0.040363
2983.6,112,-0.040515
2936.9,112,-0.040668
2889.1,112,-0.04082
2840.2,112,-0.040972
2790.4,112,-0.041125
2739.8,112,-0.041277
2688.6,112,-0.041429
2636.7,112,-0.041581
2584.4,112,-0.041733
2531.8,112,-0.041885
2478.8,112,-0.042038
2425.6,112,-0.04219
2372.3,112,-0.042342
2318.9,112,-0.042494
2265.5,112,-0.042645
2212.1,112,-0.042797
2158.9,112,-0.042949
2105.8,112,-0.043101
2052.9,112,-0.043253
2000.2,112,-0.043405
1947.8,112,-0.043556
1895.8,112,-0.043708
1844,112,-0.04386
1792.7,112,-0.044011
1741.7,112,-0.044163
1691.1,112,-0.044314
1641,112,-0.044466
1591.2,112,-0.044617
1542,112,-0.044769
1493.2,112,-0.04492
1444.9,112,-0.045072
1397.1,112,-0.045223
1349.8,112,-0.045374
1303,112,-0.045525
1256.7,112,-0.045677
1210.9,112,-0.045828
1165.6,112,-0.045979
1120.9,112,-0.04613
1076.6,112,-0.046281
1032.9,112,-0.046432
989.65,112,-0.046583
946.94,112,-0.046734
904.75,112,-0.046885
863.07,112,-0.047036
821.89,112,-0.047187
781.22,112,-0.047338
741.05,112,-0.047488
701.38,112,-0.047639
662.21,112,-0.04779
623.52,112,-0.04794
585.32,112,-0.048091
547.61,112,-0.048242
510.37,112,-0.048392
473.6,112,-0.048543
437.31,112,-0.048693
401.48,112,-0.048844
366.1,112,-0.048994
331.19,112,-0.049144
296.72,112,-0.049295
262.7,112,-0.049445
229.12,112,-0.049595
195.97,112,-0.049745
163.26,112,-0.049895
130.97,112,-0.050045
99.104,112,-0.050196
67.655,112,-0.050346
36.617,112,-0.050496
5.9878,112,-0.050645
-24.239,112,-0.050795
-54.067,112,-0.050945
-83.501,112,-0.051095
-112.55,112,-0.051245
-141.21,112,-0.051395
-169.48,112,-0.051544
-197.39,112,-0.051694
-224.92,112,-0.051844
-252.08,112,-0.051993
-278.88,112,-0.052143
-305.32,112,-0.052292
-331.4,112,-0.052442
-357.13,112,-0.052591
-382.52,112,-0.05274
-407.56,112,-0.05289
-432.26,112,-0.053039
-456.62,112,-0.053188
-480.65,112,-0.053337
-504.35,112,-0.053486
-527.73,112,-0.053636
-550.79,112,-0.053785
-573.53,112,-0.053934
-595.95,112,-0.054083
-618.06,112,-0.054232
-639.87,112,-0.05438
-661.37,112,-0.054529
-682.57,112,-0.054678
-703.47,112,-0.054827
-724.07,112,-0.054976
-744.39,112,-0.055124
-764.42,112,-0.055273
-784.16,112,-0.055421
-803.62,112,-0.05557
-822.8,112,-0.055718
-841.71,112,-0.055867
-860.34,112,-0.056015
-878.7,112,-0.056164
-896.79,112,-0.056312
-914.62,112,-0.05646
-932.19,112,-0.056608
-949.5,112,-0.056757
-966.55,112,-0.056905
-983.35,112,-0.057053
-999.9,112,-0.057201
-1016.2,112,-0.057349
-1032.3,112,-0.057497
-1048.1,112,-0.057645
-1063.6,112,-0.057792
-1079,112,-0.05794
-1094.1,112,-0.058088
-1108.9,112,-0.058236
-1123.6,112,-0.058383
-1138,112,-0.058531
-1152.1,112,-0.058679
-1166.1,112,-0.058826
-1179.8,112,-0.058973
-1193.3,112,-0.059121
-1206.6,112,-0.059268
-1219.7,112,-0.059416
-1232.6,112,-0.059563
-1245.2,112,-0.05971
-1257.7,112,-0.059857
-1269.9,112,-0.060004
-1282,112,-0.060152
-1293.8,112,-0.060299
-1305.5,112,-0.060446
-1316.9,112,-0.060593
-1328.1,112,-0.060739
-1339.2,112,-0.060886
-1350.1,112,-0.061033
-1360.7,112,-0.06118
-1371.2,112,-0.061326
-1381.5,112,-0.061473
-1391.6,112,-0.06162
-1401.5,112,-0.061766
-1411.3,112,-0.061913
-1420.9,112,-0.062059
-1430.3,112,-0.062206
-1439.5,112,-0.062352
-1448.5,112,-0.062498
-1457.4,112,-0.062644
-1466.1,112,-0.062791
-1474.6,112,-0.062937
-1483,112,-0.063083
-1491.2,112,-0.063229
-1499.3,112,-0.063375
-1507.1,112,-0.063521
-1514.9,112,-0.063667
-1522.4,112,-0.063813
-1529.8,112,-0.063958
-1537.1,112,-0.064104
-1544.2,112,-0.06425
-1551.1,112,-0.064395
-1557.9,112,-0.064541
-1564.6,112,-0.064687
-1571.1,112,-0.064832
-1577.4,112,-0.064978
-1583.6,112,-0.065123
-1589.7,112,-0.065268
-1595.6,112,-0.065413
-1601.4,112,-0.065559
-1607.1,112,-0.065704
-1612.6,112,-0.065849
-1617.9,112,-0.065994
-1623.2,112,-0.066139
-1628.3,112,-0.066284
-1633.3,112,-0.066429
-1638.1,112,-0.066574
-1642.8,112,-0.066718
-1647.4,112,-0.066863
-1651.9,112,-0.067008
-1656.2,112,-0.067153
-1660.5,112,-0.067297
-1664.6,112,-0.067442
-1668.5,112,-0.067586
-1672.4,112,-0.06773
-1676.1,112,-0.067875
-1679.8,112,-0.068019
-1683.3,112,-0.068163
-1686.7,112,-0.068308
-1689.9,112,-0.068452
-1693.1,112,-0.068596
-1696.2,112,-0.06874
-1699.1,112,-0.068884
-1702,112,-0.069028
-1704.7,112,-0.069172
-1707.3,112,-0.069315
-1709.9,112,-0.069459
-1712.3,112,-0.069603
-1714.6,112,-0.069746
-1716.8,112,-0.06989
-1718.9,112,-0.070034
-1721,112,-0.070177
-1722.9,112,-0.07032
-1724.7,112,-0.070464
-1726.5,112,-0.070607
-1728.1,112,-0.07075
-1729.6,112,-0.070894
-1731.1,112,-0.071037
-1732.5,112,-0.07118
-1733.8,112,-0.071323
-1734.9,112,-0.071466
-1736,112,-0.071609
-1737.1,112,-0.071751
-1738,112,-0.071894
-1738.8,112,-0.072037
-1739.6,112,-0.07218
-1740.3,112,-0.072322
-1740.9,112,-0.072465
-1741.4,112,-0.072607
-1741.9,112,-0.07275
-1742.3,112,-0.072892
-1742.6,112,-0.073034
-1742.8,112,-0.073177
-1742.9,112,-0.073319
-1743,112,-0.073461
-1743,112,-0.073603
-1743,112,-0.073745
-1742.8,112,-0.073887
-1742.6,112,-0.074029
-1742.3,112,-0.074171
-1742,112,-0.074313
-1741.6,112,-0.074454
-1741.2,112,-0.074596
-1740.6,112,-0.074737
-1740,112,-0.074879
-1739.4,112,-0.075021
-1738.7,112,-0.075162
-1737.9,112,-0.075303
-1737.1,112,-0.075445
-1736.2,112,-0.075586
-1735.3,112,-0.075727
-1734.3,112,-0.075868
-1733.2,112,-0.076009
-1732.1,112,-0.07615
-1731,112,-0.076291
-1729.8,112,-0.076432
-1728.5,112,-0.076573
-1727.2,112,-0.076714
-1725.9,112,-0.076854
-1724.5,112,-0.076995
-1723.1,112,-0.077135
-1721.6,112,-0.077276
-1720.1,112,-0.077416
-1718.5,112,-0.077557
-1716.9,112,-0.077697
-1715.3,112,-0.077837
-1713.6,112,-0.077977
-1711.9,112,-0.078118
-1710.1,112,-0.078258
-1708.3,112,-0.078398
-1706.5,112,-0.078538
-1704.6,112,-0.078677
-1702.7,112,-0.078817
-1700.8,112,-0.078957
-1698.8,112,-0.079097
-1696.8,112,-0.079236
-1694.8,112,-0.079376
-1692.8,112,-0.079515
-1690.7,112,-0.079655
-1688.6,112,-0.079794
-1686.5,112,-0.079933
-1684.3,112,-0.080073
-1682.2,112,-0.080212
-1680,112,-0.080351
-1677.8,112,-0.08049
-1675.5,112,-0.080629
-1673.3,112,-0.080768
-1671,112,-0.080907
-1668.7,112,-0.081045
-1666.4,112,-0.081184
-1664.1,112,-0.081323
-1661.8,112,-0.081461
-1659.4,112,-0.0816
-1657.1,112,-0.081738
-1654.7,112,-0.081877
-1652.4,112,-0.082015
-1650,112,-0.082153
-1647.6,112,-0.082292
-1645.2,112,-0.08243
-1642.8,112,-0.082568
-1640.4,112,-0.082706
-1638,112,-0.082844
-1635.6,112,-0.082981
-1633.2,112,-0.083119
-1630.8,112,-0.083257
-1628.4,112,-0.083395
-1626,112,-0.083532
-1623.6,112,-0.08367
-1621.2,112,-0.083807
-1618.8,112,-0.083945
-1616.4,112,-0.084082
-1614,112,-0.084219
-1611.7,112,-0.084356
-1609.3,112,-0.084493
-1607,112,-0.08463
-1604.6,112,-0.084767
-1602.3,112,-0.084904
-1600,112,-0.085041
-1597.7,112,-0.085178
-1595.5,112,-0.085315
-1593.2,112,-0.085451
-1591,112,-0.085588
-1588.8,112,-0.085724
-1586.6,112,-0.085861
-1584.4,112,-0.085997
-1582.3,112,-0.086133
-1580.2,112,-0.08627
-1578.1,112,-0.086406
-1576.1,112,-0.086542
-1574.1,112,-0.086678
-1572.1,112,-0.086814
-1570.1,112,-0.08695
-1568.2,112,-0.087086
-1566.3,112,-0.087221
-1564.4,112,-0.087357
-1562.6,112,-0.087492
-1560.9,112,-0.087628
-1559.1,112,-0.087763
-1557.5,112,-0.087899
-1555.8,112,-0.088034
-1554.2,112,-0.088169
-1552.7,112,-0.088305
-1551.2,112,-0.08844
-1549.7,112,-0.088575
-1548.4,112,-0.08871
-1547,112,-0.088844
-1545.8,112,-0.088979
-1544.5,112,-0.089114
-1543.4,112,-0.089249
-1542.3,112,-0.089383
-1541.3,112,-0.089518
-1540.3,112,-0.089652
-1539.4,112,-0.089787
-1538.6,112,-0.089921
-1537.8,112,-0.090055
-1537.1,112,-0.090189
-1536.6,112,-0.090323
-1536,112,-0.090457
-1535.6,112,-0.090591
-1535.2,112,-0.090725
-1535,112,-0.090859
-1534.8,112,-0.090993
-1534.7,112,-0.091126
-1534.7,112,-0.09126
-1534.8,112,-0.091393
-1535.1,112,-0.091527
-1535.4,112,-0.09166
-1535.8,112,-0.091794
-1536.3,112,-0.091927
-1537,112,-0.09206
-1537.7,112,-0.092193
-1538.6,112,-0.092326
-1539.6,112,-0.092459
-1540.7,112,-0.092592
-1542,112,-0.092724
-1543.3,112,-0.092857
-1544.9,112,-0.09299
-1546.5,112,-0.093122
-1548.4,112,-0.093255
-1550.3,112,-0.093387
-1552.4,112,-0.093519
-1554.7,112,-0.093652
-1557.1,112,-0.093784
-1559.8,112,-0.093916
-1562.5,112,-0.094048
-1565.5,112,-0.09418
-1568.7,112,-0.094312
-1572,112,-0.094443
-1575.5,112,-0.094575
-1579.3,112,-0.094707
-1583.2,112,-0.094838
-1587.4,112,-0.09497
-1591.8,112,-0.095101
-1596.4,112,-0.095233
-1601.2,112,-0.095364
-1606.3,112,-0.095495
-1611.6,112,-0.095626
-1617.2,112,-0.095757
-1623.1,112,-0.095888
-1629.3,112,-0.096019
-1635.7,112,-0.09615
-1642.4,112,-0.09628
-1649.5,112,-0.096411
-1656.8,112,-0.096542
-1664.5,112,-0.096672
-1672.5,112,-0.096802
-1680.9,112,-0.096933
-1689.6,112,-0.097063
-1698.7,112,-0.097193
-1708.2,112,-0.097323
-1718.1,112,-0.097453
-1728.4,112,-0.097583
-1739.1,112,-0.097713
-1750.3,112,-0.097843
-1761.9,112,-0.097972
-1774,112,-0.098102
-1786.6,112,-0.098232
-1799.8,112,-0.098361
-1813.4,112,-0.09849
-1827.6,112,-0.09862
-1842.4,112,-0.098749
-1857.8,112,-0.098878
-1873.8,112,-0.099007
-1890.4,112,-0.099136
-1907.7,112,-0.099265
-1925.7,112,-0.099394
-1944.4,112,-0.099523
-1963.9,112,-0.099651
-1984.2,112,-0.09978
-2005.2,112,-0.099908
-2027.1,112,-0.10004
-2049.9,112,-0.10017
-2073.6,112,-0.10029
-2098.2,112,-0.10042
-2123.8,112,-0.10055
-2150.4,112,-0.10068
-2178.1,112,-0.10081
-2207,112,-0.10093
-2236.9,112,-0.10106
-2268.1,112,-0.10119
-2300.6,112,-0.10132
-2334.3,112,-0.10144
-2369.4,112,-0.10157
-2406,112,-0.1017
-2444,112,-0.10183
-2483.5,112,-0.10195
-2524.7,112,-0.10208
-2567.5,112,-0.10221
-2612.1,112,-0.10233
-2658.5,112,-0.10246
-2706.7,112,-0.10259
-2757,112,-0.10271
-2809.2,112,-0.10284
-2863.6,112,-0.10297
-2920.2,112,-0.10309
-2979.1,112,-0.10322
-3040.3,112,-0.10335
-3104,112,-0.10347
-3170.3,112,-0.1036
-3239.2,112,-0.10373
-3310.8,112,-0.10385
-3385.2,112,-0.10398
-3462.6,112,-0.1041
-3542.9,112,-0.10423
-3626.3,112,-0.10435
-3712.8,112,-0.10448
-3802.5,112,-0.10461
-3895.5,112,-0.10473
-3991.9,112,-0.10486
-4091.6,112,-0.10498
-4194.7,112,-0.10511
-4301.2,112,-0.10523
-4411.2,112,-0.10536
-4524.5,112,-0.10548
-4641.1,112,-0.10561
-4760.9,112,-0.10573
-4883.9,112,-0.10585
-5009.9,112,-0.10598
-5138.6,112,-0.1061
-5269.9,112,-0.10623
-5403.4,112,-0.10635
-5538.9,112,-0.10648
-5675.9,112,-0.1066
-5814.1,112,-0.10672
-5952.9,112,-0.10685
-6091.7,112,-0.10697
-6230,112,-0.1071
-6367,112,-0.10722
-6502.1,112,-0.10734
-6634.5,112,-0.10747
-6763.3,112,-0.10759
-6887.8,112,-0.10771
-7007,112,-0.10784
-7120.1,112,-0.10796
-7226.3,112,-0.10808
-7324.7,112,-0.10821
-7414.4,112,-0.10833
-7494.9,112,-0.10845
-7565.2,112,-0.10857
-7625,112,-0.1087
-7673.7,112,-0.10882
-7710.9,112,-0.10894
-7736.3,112,-0.10906
-7749.9,112,-0.10919
-7751.6,112,-0.10931
-7741.5,112,-0.10943
-7719.9,112,-0.10955
-7687.1,112,-0.10967
-7643.5,112,-0.1098
-7589.8,112,-0.10992
-7526.4,112,-0.11004
-7454,112,-0.11016
-7373.5,112,-0.11028
-7285.4,112,-0.1104
-7190.7,112,-0.11053
-7089.9,112,-0.11065
-6983.9,112,-0.11077
-6873.4,112,-0.11089
-6759.1,112,-0.11101
-6641.7,112,-0.11113
-6521.7,112,-0.11125
-6399.9,112,-0.11137
-6276.6,112,-0.11149
-6152.4,112,-0.11161
-6027.7,112,-0.11173
-5903,112,-0.11185
-5778.6,112,-0.11197
-5654.7,112,-0.11209
-5531.8,112,-0.11221
-5409.9,112,-0.11233
-5289.4,112,-0.11245
-5170.4,112,-0.11257
-5053,112,-0.11269
-4937.3,112,-0.11281
-4823.5,112,-0.11293
-4711.7,112,-0.11305
-4601.8,112,-0.11317
-4494,112,-0.11329
-4388.2,112,-0.11341
-4284.6,112,-0.11353
-4183,112,-0.11365
-4083.4,112,-0.11377
-3986,112,-0.11389
-3890.6,112,-0.114
-3797.3,112,-0.11412
-3705.9,112,-0.11424
-3616.6,112,-0.11436
-3529.2,112,-0.11448
-3443.7,112,-0.1146
-3360.1,112,-0.11471
-3278.3,112,-0.11483
-3198.3,112,-0.11495
-3120,112,-0.11507
-3043.5,112,-0.11519
-2968.7,112,-0.1153
-2895.4,112,-0.11542
-2823.8,112,-0.11554
-2753.7,112,-0.11566
-2685.1,112,-0.11577
-2618,112,-0.11589
-2552.3,112,-0.11601
-2488,112,-0.11612
-2425.1,112,-0.11624
-2363.4,112,-0.11636
-2303.1,112,-0.11647
-2244,112,-0.11659
-2186.1,112,-0.11671
-2129.4,112,-0.11682
-2073.8,112,-0.11694
-2019.4,112,-0.11706
-1966,112,-0.11717
-1913.7,112,-0.11729
-1862.5,112,-0.1174
-1812.2,112,-0.11752
-1762.9,112,-0.11764
-1714.6,112,-0.11775
-1667.1,112,-0.11787
-1620.6,112,-0.11798
-1575,112,-0.1181
-1530.2,112,-0.11821
-1486.2,112,-0.11833
-1443.1,112,-0.11844
-1400.7,112,-0.11856
-1359.1,112,-0.11867
-1318.2,112,-0.11879
-1278.1,112,-0.1189
-1238.7,112,-0.11902
-1200,112,-0.11913
-1162,112,-0.11925
-1124.6,112,-0.11936
-1087.9,112,-0.11948
-1051.8,112,-0.11959
-1016.3,112,-0.1197
-981.37,112,-0.11982
-947.07,112,-0.11993
-913.33,112,-0.12005
-880.16,112,-0.12016
-847.53,112,-0.12027
-815.43,112,-0.12039
-783.85,112,-0.1205
-752.78,112,-0.12061
-722.2,112,-0.12073
-692.12,112,-0.12084
-662.5,112,-0.12095
-633.36,112,-0.12107
-604.66,112,-0.12118
-576.41,112,-0.12129
-548.6,112,-0.1214
-521.21,112,-0.12152
-494.24,112,-0.12163
-467.68,112,-0.12174
-441.51,112,-0.12185
-415.74,112,-0.12196
-390.35,112,-0.12208
-365.34,112,-0.12219
-340.69,112,-0.1223
-316.41,112,-0.12241
-292.47,112,-0.12252
-268.89,112,-0.12264
-245.64,112,-0.12275
-222.72,112,-0.12286
-200.13,112,-0.12297
-177.86,112,-0.12308
-155.91,112,-0.12319
-134.26,112,-0.1233
-112.91,112,-0.12341
-91.861,112,-0.12352
-71.101,112,-0.12363
-50.626,112,-0.12375
-30.431,112,-0.12386
-10.512,112,-0.12397
9.138,112,-0.12408
28.523,112,-0.12419
47.647,112,-0.1243
66.516,112,-0.12441
85.133,112,-0.12452
103.5,112,-0.12463
121.63,112,-0.12474
139.52,112,-0.12485
157.18,112,-0.12495
174.6,112,-0.12506
191.8,112,-0.12517
208.78,112,-0.12528
225.54,112,-0.12539
242.08,112,-0.1255
258.41,112,-0.12561
274.53,112,-0.12572
290.45,112,-0.12583
306.17,112,-0.12593
321.68,112,-0.12604
337.01,112,-0.12615
352.14,112,-0.12626
367.08,112,-0.12637
381.84,112,-0.12648
396.41,112,-0.12658
410.8,112,-0.12669
425.02,112,-0.1268
439.06,112,-0.12691
452.93,112,-0.12701
466.63,112,-0.12712
480.16,112,-0.12723
493.53,112,-0.12734
506.73,112,-0.12744
519.78,112,-0.12755
532.67,112,-0.12766
545.4,112,-0.12776
557.98,112,-0.12787
570.41,112,-0.12798
582.69,112,-0.12808
594.83,112,-0.12819
606.82,112,-0.1283
618.67,112,-0.1284
630.38,112,-0.12851
641.95,112,-0.12861
653.38,112,-0.12872
664.68,112,-0.12883
675.85,112,-0.12893
686.88,112,-0.12904
697.79,112,-0.12914
708.57,112,-0.12925
719.22,112,-0.12935
729.75,112,-0.12946
740.16,112,-0.12956
750.44,112,-0.12967
760.61,112,-0.12977
770.66,112,-0.12988
780.59,112,-0.12998
790.41,112,-0.13009
800.12,112,-0.13019
809.71,112,-0.1303
819.2,112,-0.1304
828.57,112,-0.1305
837.84,112,-0.13061
847,112,-0.13071
856.06,112,-0.13082
865.01,112,-0.13092
873.86,112,-0.13102
882.61,112,-0.13113
891.26,112,-0.13123
899.81,112,-0.13133
908.26,112,-0.13144
916.61,112,-0.13154
924.88,112,-0.13164
933.04,112,-0.13174
941.12,112,-0.13185
949.1,112,-0.13195
956.99,112,-0.13205
964.79,112,-0.13215
972.5,112,-0.13226
980.13,112,-0.13236
987.67,112,-0.13246
995.12,112,-0.13256
1002.5,112,-0.13266
1009.8,112,-0.13277
1017,112,-0.13287
1024.1,112,-0.13297
1031.1,112,-0.13307
1038.1,112,-0.13317
1045,112,-0.13327
1051.8,112,-0.13337
1058.5,112,-0.13348
1065.1,112,-0.13358
1071.7,112,-0.13368
1078.2,112,-0.13378
1084.6,112,-0.13388
1091,112,-0.13398
1097.2,112,-0.13408
1103.4,112,-0.13418
1109.6,112,-0.13428
1115.6,112,-0.13438
1121.6,112,-0.13448
1127.5,112,-0.13458
1133.4,112,-0.13468
1139.1,112,-0.13478
1144.9,112,-0.13488
1150.5,112,-0.13498
1156.1,112,-0.13508
1161.6,112,-0.13518
1167.1,112,-0.13528
1172.4,112,-0.13537
1177.8,112,-0.13547
1183,112,-0.13557
1188.2,112,-0.13567
1193.4,112,-0.13577
1198.5,112,-0.13587
1203.5,112,-0.13597
1208.4,112,-0.13606
1213.3,112,-0.13616
1218.2,112,-0.13626
1222.9,112,-0.13636
1227.7,112,-0.13646
1232.3,112,-0.13655
1236.9,112,-0.13665
1241.5,112,-0.13675
1246,112,-0.13685
1250.4,112,-0.13694
1254.8,112,-0.13704
1259.1,112,-0.13714
1263.4,112,-0.13723
1267.6,112,-0.13733
1271.8,112,-0.13743
1275.9,112,-0.13752
1280,112,-0.13762
1284,112,-0.13772
1288,112,-0.13781
1291.9,112,-0.13791
1295.8,112,-0.138
1299.6,112,-0.1381
1303.3,112,-0.1382
1307,112,-0.13829
1310.7,112,-0.13839
1314.3,112,-0.13848
1317.9,112,-0.13858
1321.4,112,-0.13867
1324.9,112,-0.13877
1328.3,112,-0.13886
1331.7,112,-0.13896
1335,112,-0.13905
1338.3,112,-0.13915
1341.6,112,-0.13924
1344.7,112,-0.13934
1347.9,112,-0.13943
1351,112,-0.13952
1354.1,112,-0.13962
1357.1,112,-0.13971
1360.1,112,-0.13981
1363,112,-0.1399
1365.9,112,-0.13999
1368.7,112,-0.14009
1371.5,112,-0.14018
1374.3,112,-0.14027
1377,112,-0.14037
1379.7,112,-0.14046
1382.3,112,-0.14055
1384.9,112,-0.14065
1387.5,112,-0.14074
1390,112,-0.14083
1392.5,112,-0.14092
1394.9,112,-0.14102
1397.3,112,-0.14111
1399.7,112,-0.1412
1402,112,-0.14129
1404.3,112,-0.14138
1406.5,112,-0.14148
1408.7,112,-0.14157
1410.9,112,-0.14166
1413,112,-0.14175
1415.1,112,-0.14184
1417.1,112,-0.14193
1419.1,112,-0.14202
1421.1,112,-0.14212
1423,112,-0.14221
1424.9,112,-0.1423
1426.8,112,-0.14239
1428.6,112,-0.14248
1430.4,112,-0.14257
1432.2,112,-0.14266
1433.9,112,-0.14275
1435.6,112,-0.14284
1437.3,112,-0.14293
1438.9,112,-0.14302
1440.5,112,-0.14311
1442,112,-0.1432
1443.5,112,-0.14329
1445,112,-0.14338
1446.4,112,-0.14347
1447.9,112,-0.14356
1449.2,112,-0.14364
1450.6,112,-0.14373
1451.9,112,-0.14382
1453.2,112,-0.14391
1454.4,112,-0.144
1455.6,112,-0.14409
1456.8,112,-0.14418
1457.9,112,-0.14426
1459.1,112,-0.14435
1460.1,112,-0.14444
1461.2,112,-0.14453
1462.2,112,-0.14462
1463.2,112,-0.1447
1464.1,112,-0.14479
1465.1,112,-0.14488
1466,112,-0.14497
1466.8,112,-0.14505
1467.6,112,-0.14514
1468.4,112,-0.14523
1469.2,112,-0.14531
1470,112,-0.1454
1470.7,112,-0.14549
1471.3,112,-0.14557
1472,112,-0.14566
1472.6,112,-0.14575
1473.2,112,-0.14583
1473.7,112,-0.14592
1474.3,112,-0.146
1474.8,112,-0.14609
1475.2,112,-0.14618
1475.7,112,-0.14626
1476.1,112,-0.14635
1476.5,112,-0.14643
1476.8,112,-0.14652
1477.1,112,-0.1466
1477.4,112,-0.14669
1477.7,112,-0.14677
1477.9,112,-0.14686
1478.1,112,-0.14694
1478.3,112,-0.14703
1478.5,112,-0.14711
1478.6,112,-0.14719
1478.7,112,-0.14728
1478.7,112,-0.14736
1478.8,112,-0.14745
1478.8,112,-0.14753
1478.8,112,-0.14761
1478.7,112,-0.1477
1478.7,112,-0.14778
1478.6,112,-0.14786
1478.4,112,-0.14795
1478.3,112,-0.14803
1478.1,112,-0.14811
1477.9,112,-0.1482
1477.6,112,-0.14828
1477.4,112,-0.14836
1477.1,112,-0.14844
1476.8,112,-0.14853
1476.4,112,-0.14861
1476.1,112,-0.14869
1475.7,112,-0.14877
1475.2,112,-0.14885
1474.8,112,-0.14894
1474.3,112,-0.14902
1473.8,112,-0.1491
1473.3,112,-0.14918
1472.7,112,-0.14926
1472.2,112,-0.14934
1471.5,112,-0.14942
1470.9,112,-0.14951
1470.3,112,-0.14959
1469.6,112,-0.14967
1468.9,112,-0.14975
1468.1,112,-0.14983
1467.4,112,-0.14991
1466.6,112,-0.14999
1465.8,112,-0.15007
1464.9,112,-0.15015
1464.1,112,-0.15023
1463.2,112,-0.15031
1462.3,112,-0.15039
1461.3,112,-0.15047
1460.4,112,-0.15055
1459.4,112,-0.15063
1458.4,112,-0.1507
1457.3,112,-0.15078
1456.3,112,-0.15086
1455.2,112,-0.15094
1454.1,112,-0.15102
1452.9,112,-0.1511
1451.8,112,-0.15118
1450.6,112,-0.15125
1449.4,112,-0.15133
1448.1,112,-0.15141
1446.9,112,-0.15149
1445.6,112,-0.15157
1444.3,112,-0.15164
1442.9,112,-0.15172
1441.6,112,-0.1518
1440.2,112,-0.15188
1438.8,112,-0.15195
1437.4,112,-0.15203
1435.9,112,-0.15211
1434.4,112,-0.15218
1432.9,112,-0.15226
1431.4,112,-0.15234
1429.8,112,-0.15241
1428.3,112,-0.15249
1426.7,112,-0.15257
1425,112,-0.15264
1423.4,112,-0.15272
1421.7,112,-0.15279
1420,112,-0.15287
1418.3,112,-0.15294
1416.6,112,-0.15302
1414.8,112,-0.1531
1413,112,-0.15317
1411.2,112,-0.15325
1409.4,112,-0.15332
1407.5,112,-0.15339
1405.6,112,-0.15347
1403.7,112,-0.15354
1401.8,112,-0.15362
1399.8,112,-0.15369
1397.9,112,-0.15377
1395.9,112,-0.15384
1393.8,112,-0.15392
1391.8,112,-0.15399
1389.7,112,-0.15406
1387.6,112,-0.15414
1385.5,112,-0.15421
1383.4,112,-0.15428
1381.2,112,-0.15436
1379,112,-0.15443
1376.8,112,-0.1545
1374.6,112,-0.15457
1372.3,112,-0.15465
1370,112,-0.15472
1367.7,112,-0.15479
1365.4,112,-0.15486
1363.1,112,-0.15494
1360.7,112,-0.15501
1358.3,112,-0.15508
1355.9,112,-0.15515
1353.4,112,-0.15522
1351,112,-0.1553
1348.5,112,-0.15537
1346,112,-0.15544
1343.5,112,-0.15551
1340.9,112,-0.15558
1338.3,112,-0.15565
1335.7,112,-0.15572
1333.1,112,-0.15579
1330.5,112,-0.15586
1327.8,112,-0.15593
1325.1,112,-0.156
1322.4,112,-0.15607
1319.7,112,-0.15614
1316.9,112,-0.15621
1314.1,112,-0.15628
1311.3,112,-0.15635
1308.5,112,-0.15642
1305.7,112,-0.15649
1302.8,112,-0.15656
1299.9,112,-0.15663
1297,112,-0.1567
1294.1,112,-0.15677
1291.1,112,-0.15684
1288.1,112,-0.15691
1285.1,112,-0.15698
1282.1,112,-0.15704
1279,112,-0.15711
1276,112,-0.15718
1272.9,112,-0.15725
1269.8,112,-0.15732
1266.6,112,-0.15738
1263.5,112,-0.15745
1260.3,112,-0.15752
1257.1,112,-0.15759
1253.9,112,-0.15765
1250.6,112,-0.15772
1247.4,112,-0.15779
1244.1,112,-0.15786
1240.8,112,-0.15792
1237.4,112,-0.15799
1234.1,112,-0.15806
1230.7,112,-0.15812
1227.3,112,-0.15819
1223.9,112,-0.15825
1220.5,112,-0.15832
1217,112,-0.15839
1213.5,112,-0.15845
1210,112,-0.15852
1206.5,112,-0.15858
1202.9,112,-0.15865
1199.4,112,-0.15871
1195.8,112,-0.15878
1192.2,112,-0.15884
1188.5,112,-0.15891
1184.9,112,-0.15897
1181.2,112,-0.15904
1177.5,112,-0.1591
1173.8,112,-0.15917
1170.1,112,-0.15923
1166.3,112,-0.15929
1162.5,112,-0.15936
1158.7,112,-0.15942
1154.9,112,-0.15949
1151,112,-0.15955
1147.2,112,-0.15961
1143.3,112,-0.15968
1139.4,112,-0.15974
1135.4,112,-0.1598
1131.5,112,-0.15987
1127.5,112,-0.15993
1123.5,112,-0.15999
1119.5,112,-0.16005
1115.5,112,-0.16012
1111.4,112,-0.16018
1107.4,112,-0.16024
1103.3,112,-0.1603
1099.1,112,-0.16036
1095,112,-0.16043
1090.9,112,-0.16049
1086.7,112,-0.16055
1082.5,112,-0.16061
1078.3,112,-0.16067
1074,112,-0.16073
1069.8,112,-0.16079
1065.5,112,-0.16085
1061.2,112,-0.16092
1056.9,112,-0.16098
1052.5,112,-0.16104
1048.2,112,-0.1611
1043.8,112,-0.16116
1039.4,112,-0.16122
1035,112,-0.16128
1030.5,112,-0.16134
1026.1,112,-0.1614
1021.6,112,-0.16146
1017.1,112,-0.16152
1012.6,112,-0.16158
1008.1,112,-0.16163
1003.5,112,-0.16169
998.94,112,-0.16175
994.34,112,-0.16181
989.73,112,-0.16187
985.1,112,-0.16193
980.45,112,-0.16199
975.78,112,-0.16204
971.09,112,-0.1621
966.38,112,-0.16216
961.66,112,-0.16222
956.91,112,-0.16228
952.15,112,-0.16233
947.37,112,-0.16239
942.57,112,-0.16245
937.75,112,-0.16251
932.91,112,-0.16256
928.05,112,-0.16262
923.18,112,-0.16268
918.29,112,-0.16273
913.38,112,-0.16279
908.45,112,-0.16285
903.5,112,-0.1629
898.54,112,-0.16296
893.56,112,-0.16302
888.56,112,-0.16307
883.54,112,-0.16313
878.51,112,-0.16318
873.46,112,-0.16324
868.39,112,-0.16329
863.3,112,-0.16335
858.2,112,-0.1634
853.08,112,-0.16346
847.94,112,-0.16351
842.79,112,-0.16357
837.62,112,-0.16362
832.43,112,-0.16368
827.23,112,-0.16373
822.01,112,-0.16379
816.77,112,-0.16384
811.52,112,-0.16389
806.25,112,-0.16395
800.97,112,-0.164
795.67,112,-0.16405
790.35,112,-0.16411
785.02,112,-0.16416
779.67,112,-0.16421
774.31,112,-0.16427
768.93,112,-0.16432
763.54,112,-0.16437
758.13,112,-0.16443
752.71,112,-0.16448
747.27,112,-0.16453
741.82,112,-0.16458
736.35,112,-0.16463
730.87,112,-0.16469
725.37,112,-0.16474
719.86,112,-0.16479
714.33,112,-0.16484
708.8,112,-0.16489
703.24,112,-0.16494
697.68,112,-0.165
692.1,112,-0.16505
686.5,112,-0.1651
680.9,112,-0.16515
675.28,112,-0.1652
669.65,112,-0.16525
664,112,-0.1653
658.34,112,-0.16535
652.67,112,-0.1654
646.99,112,-0.16545
641.29,112,-0.1655
635.58,112,-0.16555
629.86,112,-0.1656
624.13,112,-0.16565
618.39,112,-0.1657
612.63,112,-0.16575
606.87,112,-0.1658
601.09,112,-0.16584
595.3,112,-0.16589
589.5,112,-0.16594
583.69,112,-0.16599
577.87,112,-0.16604
572.04,112,-0.16609
566.2,112,-0.16614
560.35,112,-0.16618
554.49,112,-0.16623
548.62,112,-0.16628
542.74,112,-0.16633
536.85,112,-0.16637
530.95,112,-0.16642
525.04,112,-0.16647
519.12,112,-0.16652
513.2,112,-0.16656
507.26,112,-0.16661
501.32,112,-0.16666
495.37,112,-0.1667
489.41,112,-0.16675
483.45,112,-0.16679
477.48,112,-0.16684
471.5,112,-0.16689
465.51,112,-0.16693
459.51,112,-0.16698
453.51,112,-0.16702
447.5,112,-0.16707
441.49,112,-0.16711
435.47,112,-0.16716
429.44,112,-0.1672
423.41,112,-0.16725
417.37,112,-0.16729
411.33,112,-0.16734
405.28,112,-0.16738
399.23,112,-0.16743
393.17,112,-0.16747
387.11,112,-0.16752
381.05,112,-0.16756
374.98,112,-0.1676
368.9,112,-0.16765
362.83,112,-0.16769
356.75,112,-0.16773
350.66,112,-0.16778
344.57,112,-0.16782
338.49,112,-0.16786
332.39,112,-0.16791
326.3,112,-0.16795
320.2,112,-0.16799
314.11,112,-0.16803
308.01,112,-0.16808
301.91,112,-0.16812
295.8,112,-0.16816
289.7,112,-0.1682
283.6,112,-0.16824
277.5,112,-0.16828
271.39,112,-0.16833
265.29,112,-0.16837
259.19,112,-0.16841
253.08,112,-0.16845
246.98,112,-0.16849
240.88,112,-0.16853
234.78,112,-0.16857
228.69,112,-0.16861
222.59,112,-0.16865
216.5,112,-0.16869
210.4,112,-0.16873
204.32,112,-0.16877
198.23,112,-0.16881
192.15,112,-0.16885
186.07,112,-0.16889
179.99,112,-0.16893
173.92,112,-0.16897
167.85,112,-0.16901
161.79,112,-0.16905
155.73,112,-0.16909
149.68,112,-0.16913
143.63,112,-0.16917
137.59,112,-0.1692
131.55,112,-0.16924
125.52,112,-0.16928
119.49,112,-0.16932
113.48,112,-0.16936
107.46,112,-0.16939
101.46,112,-0.16943
95.461,112,-0.16947
89.471,112,-0.16951
83.489,112,-0.16954
77.515,112,-0.16958
71.55,112,-0.16962
65.592,112,-0.16966
59.644,112,-0.16969
53.705,112,-0.16973
47.776,112,-0.16977
41.856,112,-0.1698
35.946,112,-0.16984
30.046,112,-0.16987
24.157,112,-0.16991
18.279,112,-0.16995
12.412,112,-0.16998
6.5559,112,-0.17002
0.71163,112,-0.17005
-5.1208,112,-0.17009
-10.941,112,-0.17012
-16.749,112,-0.17016
-22.544,112,-0.17019
-28.326,112,-0.17023
-34.095,112,-0.17026
-39.851,112,-0.1703
-45.592,112,-0.17033
-51.32,112,-0.17036
-57.033,112,-0.1704
-62.732,112,-0.17043
-68.416,112,-0.17047
-74.085,112,-0.1705
-79.738,112,-0.17053
-85.376,112,-0.17057
-90.997,112,-0.1706
-96.603,112,-0.17063
-102.19,112,-0.17066
-107.76,112,-0.1707
-113.32,112,-0.17073
-118.86,112,-0.17076
-124.38,112,-0.17079
-129.88,112,-0.17083
-135.37,112,-0.17086
-140.83,112,-0.17089
-146.28,112,-0.17092
-151.71,112,-0.17095
-157.12,112,-0.17099
-162.51,112,-0.17102
-167.88,112,-0.17105
-173.23,112,-0.17108
-178.56,112,-0.17111
-183.87,112,-0.17114
-189.16,112,-0.17117
-194.43,112,-0.1712
-199.68,112,-0.17123
-204.9,112,-0.17126
-210.11,112,-0.17129
-215.29,112,-0.17132
-220.45,112,-0.17135
-225.59,112,-0.17138
-230.7,112,-0.17141
-235.79,112,-0.17144
-240.86,112,-0.17147
-245.91,112,-0.1715
-250.93,112,-0.17153
-255.93,112,-0.17156
-260.9,112,-0.17159
-265.85,112,-0.17162
-270.78,112,-0.17164
-275.68,112,-0.17167
-280.56,112,-0.1717
-285.41,112,-0.17173
-290.23,112,-0.17176
-295.03,112,-0.17178
-299.8,112,-0.17181
-304.55,112,-0.17184
-309.27,112,-0.17187
-313.96,112,-0.17189
-318.63,112,-0.17192
-323.27,112,-0.17195
-327.88,112,-0.17197
-332.47,112,-0.172
-337.03,112,-0.17203
-341.56,112,-0.17205
-346.06,112,-0.17208
-350.53,112,-0.17211
-354.98,112,-0.17213
-359.4,112,-0.17216
-363.78,112,-0.17218
-368.14,112,-0.17221
-372.47,112,-0.17223
-376.77,112,-0.17226
-381.04,112,-0.17228
-385.28,112,-0.17231
-389.49,112,-0.17233
-393.67,112,-0.17236
-397.83,112,-0.17238
-401.95,112,-0.17241
-406.03,112,-0.17243
-410.09,112,-0.17246
-414.12,112,-0.17248
-418.12,112,-0.1725
-422.08,112,-0.17253
-426.02,112,-0.17255
-429.92,112,-0.17258
-433.79,112,-0.1726
-437.63,112,-0.17262
-441.43,112,-0.17265
-445.21,112,-0.17267
-448.95,112,-0.17269
-452.66,112,-0.17271
-456.33,112,-0.17274
-459.98,112,-0.17276
-463.59,112,-0.17278
-467.17,112,-0.1728
-470.71,112,-0.17282
-474.22,112,-0.17285
-477.7,112,-0.17287
-481.15,112,-0.17289
-484.56,112,-0.17291
-487.94,112,-0.17293
-491.28,112,-0.17295
-494.59,112,-0.17297
-497.87,112,-0.173
-501.11,112,-0.17302
-504.31,112,-0.17304
-507.49,112,-0.17306
-510.63,112,-0.17308
-513.73,112,-0.1731
-516.8,112,-0.17312
-519.84,112,-0.17314
-522.84,112,-0.17316
-525.8,112,-0.17318
-528.73,112,-0.1732
-531.63,112,-0.17321
-534.49,112,-0.17323
-537.31,112,-0.17325
-540.1,112,-0.17327
-542.86,112,-0.17329
-545.58,112,-0.17331
-548.26,112,-0.17333
-550.91,112,-0.17335
-553.53,112,-0.17336
-556.1,112,-0.17338
-558.65,112,-0.1734
-561.15,112,-0.17342
-563.63,112,-0.17344
-566.06,112,-0.17345
-568.46,112,-0.17347
-570.83,112,-0.17349
-573.16,112,-0.1735
-575.45,112,-0.17352
-577.71,112,-0.17354
-579.93,112,-0.17355
-582.12,112,-0.17357
-584.27,112,-0.17359
-586.39,112,-0.1736
-588.47,112,-0.17362
-590.51,112,-0.17364
-592.52,112,-0.17365
-594.49,112,-0.17367
-596.43,112,-0.17368
-598.33,112,-0.1737
-600.19,112,-0.17371
-602.02,112,-0.17373
-603.82,112,-0.17374
-605.57,112,-0.17376
-607.3,112,-0.17377
-608.98,112,-0.17379
-610.64,112,-0.1738
-612.25,112,-0.17382
-613.83,112,-0.17383
-615.38,112,-0.17384
-616.89,112,-0.17386
-618.36,112,-0.17387
-619.8,112,-0.17389
-621.21,112,-0.1739
-622.58,112,-0.17391
-623.91,112,-0.17393
-625.21,112,-0.17394
-626.48,112,-0.17395
-627.7,112,-0.17396
-628.9,112,-0.17398
-630.06,112,-0.17399
-631.18,112,-0.174
-632.27,112,-0.17401
-633.33,112,-0.17403
-634.35,112,-0.17404
-635.34,112,-0.17405
-636.29,112,-0.17406
-637.21,112,-0.17407
-638.09,112,-0.17408
-638.94,112,-0.17409
-639.76,112,-0.17411
-640.54,112,-0.17412
-641.29,112,-0.17413
-642.01,112,-0.17414
-642.69,112,-0.17415
-643.33,112,-0.17416
-643.95,112,-0.17417
-644.53,112,-0.17418
-645.08,112,-0.17419
-645.59,112,-0.1742
-646.08,112,-0.17421
-646.53,112,-0.17422
-646.94,112,-0.17423
-647.33,112,-0.17424
-647.68,112,-0.17425
-648,112,-0.17425
-648.29,112,-0.17426
-648.54,112,-0.17427
-648.77,112,-0.17428
-648.96,112,-0.17429
-649.12,112,-0.1743
-649.25,112,-0.1743
-649.34,112,-0.17431
-649.41,112,-0.17432
-649.45,112,-0.17433
-649.45,112,-0.17434
-649.42,112,-0.17434
-649.37,112,-0.17435
-649.28,112,-0.17436
-649.16,112,-0.17436
-649.01,112,-0.17437
-648.83,112,-0.17438
-648.62,112,-0.17438
-648.39,112,-0.17439
-648.12,112,-0.1744
-647.82,112,-0.1744
-647.5,112,-0.17441
-647.14,112,-0.17441
-646.76,112,-0.17442
-646.34,112,-0.17443
-645.9,112,-0.17443
-645.43,112,-0.17444
-644.93,112,-0.17444
-644.4,112,-0.17445
-643.85,112,-0.17445
-643.27,112,-0.17446
-642.66,112,-0.17446
-642.02,112,-0.17447
-641.36,112,-0.17447
-640.66,112,-0.17447
-639.94,112,-0.17448
-639.2,112,-0.17448
-638.43,112,-0.17449
-637.63,112,-0.17449
-636.8,112,-0.17449
-635.95,112,-0.1745
-635.08,112,-0.1745
-634.17,112,-0.1745
-633.25,112,-0.1745
-632.29,112,-0.17451
-631.31,112,-0.17451
-630.31,112,-0.17451
-629.28,112,-0.17451
-628.23,112,-0.17452
-627.15,112,-0.17452
-626.05,112,-0.17452
-624.93,112,-0.17452
-623.78,112,-0.17452
-622.61,112,-0.17453
-621.41,112,-0.17453
-620.19,112,-0.17453
-618.95,112,-0.17453
-617.68,112,-0.17453
-616.4,112,-0.17453
-615.08,112,-0.17453
-613.75,112,-0.17453
-612.4,112,-0.17453
-611.02,112,-0.17453
-609.62,112,-0.17453
-608.2,112,-0.17453
-606.76,112,-0.17453
-605.3,112,-0.17453
-603.81,112,-0.17453
-602.31,112,-0.17453
-600.78,112,-0.17453
-599.24,112,-0.17453
-597.67,112,-0.17453
-596.09,112,-0.17453
-594.48,112,-0.17453
-592.86,112,-0.17452
-591.21,112,-0.17452
-589.55,112,-0.17452
-587.87,112,-0.17452
-586.16,112,-0.17452
-584.44,112,-0.17451
-582.71,112,-0.17451
-580.95,112,-0.17451
-579.17,112,-0.17451
-577.38,112,-0.1745
-575.57,112,-0.1745
-573.74,112,-0.1745
-571.9,112,-0.1745
-570.03,112,-0.17449
-568.15,112,-0.17449
-566.26,112,-0.17449
-564.35,112,-0.17448
-562.42,112,-0.17448
-560.47,112,-0.17447
-558.51,112,-0.17447
-556.53,112,-0.17447
-554.54,112,-0.17446
-552.53,112,-0.17446
-550.51,112,-0.17445
-548.47,112,-0.17445
-546.42,112,-0.17444
-544.35,112,-0.17444
-542.27,112,-0.17443
-540.17,112,-0.17443
-538.06,112,-0.17442
-535.94,112,-0.17441
-533.8,112,-0.17441
-531.65,112,-0.1744
-529.48,112,-0.1744
-527.3,112,-0.17439
-525.11,112,-0.17438
-522.91,112,-0.17438
-520.69,112,-0.17437
-518.46,112,-0.17436
-516.22,112,-0.17436
-513.97,112,-0.17435
-511.7,112,-0.17434
-509.43,112,-0.17434
-507.14,112,-0.17433
-504.84,112,-0.17432
-502.53,112,-0.17431
-500.21,112,-0.1743
-497.87,112,-0.1743
-495.53,112,-0.17429
-493.18,112,-0.17428
-490.81,112,-0.17427
-488.44,112,-0.17426
-486.05,112,-0.17425
-483.66,112,-0.17425
-481.26,112,-0.17424
-478.85,112,-0.17423
-476.42,112,-0.17422
-473.99,112,-0.17421
-471.55,112,-0.1742
-469.1,112,-0.17419
-466.65,112,-0.17418
-464.18,112,-0.17417
-461.71,112,-0.17416
-459.22,112,-0.17415
-456.73,112,-0.17414
-454.24,112,-0.17413
-451.73,112,-0.17412
-449.22,112,-0.17411
-446.7,112,-0.17409
-444.17,112,-0.17408
-441.64,112,-0.17407
-439.1,112,-0.17406
-436.55,112,-0.17405
-433.99,112,-0.17404
-431.43,112,-0.17403
-428.87,112,-0.17401
-426.3,112,-0.174
-423.72,112,-0.17399
-421.13,112,-0.17398
-418.54,112,-0.17396
-415.95,112,-0.17395
-413.35,112,-0.17394
-410.74,112,-0.17393
-408.13,112,-0.17391
-405.52,112,-0.1739
-402.9,112,-0.17389
-400.28,112,-0.17387
-397.65,112,-0.17386
-395.01,112,-0.17384
-392.38,112,-0.17383
-389.74,112,-0.17382
-387.09,112,-0.1738
-384.44,112,-0.17379
-381.79,112,-0.17377
-379.14,112,-0.17376
-376.48,112,-0.17374
-373.82,112,-0.17373
-371.15,112,-0.17371
-368.49,112,-0.1737
-365.82,112,-0.17368
-363.14,112,-0.17367
-360.47,112,-0.17365
-357.79,112,-0.17364
-355.11,112,-0.17362
-352.43,112,-0.1736
-349.75,112,-0.17359
-347.06,112,-0.17357
-344.38,112,-0.17355
-341.69,112,-0.17354
-339,112,-0.17352
-336.31,112,-0.1735
-333.62,112,-0.17349
-330.93,112,-0.17347
-328.23,112,-0.17345
-325.54,112,-0.17344
-322.84,112,-0.17342
-320.15,112,-0.1734
-317.45,112,-0.17338
-314.75,112,-0.17336
-312.06,112,-0.17335
-309.36,112,-0.17333
-306.66,112,-0.17331
-303.97,112,-0.17329
-301.27,112,-0.17327
-298.57,112,-0.17325
-295.88,112,-0.17323
-293.18,112,-0.17321
-290.49,112,-0.1732
-287.8,112,-0.17318
-285.1,112,-0.17316
-282.41,112,-0.17314
-279.72,112,-0.17312
-277.03,112,-0.1731
-274.35,112,-0.17308
-271.66,112,-0.17306
-268.98,112,-0.17304
-266.29,112,-0.17302
-263.61,112,-0.173
-260.93,112,-0.17297
-258.25,112,-0.17295
-255.58,112,-0.17293
-252.91,112,-0.17291
-250.23,112,-0.17289
-247.57,112,-0.17287
-244.9,112,-0.17285
-242.24,112,-0.17282
-239.58,112,-0.1728
-236.92,112,-0.17278
-234.26,112,-0.17276
-231.61,112,-0.17274
-228.96,112,-0.17271
-226.31,112,-0.17269
-223.67,112,-0.17267
-221.03,112,-0.17265
-218.39,112,-0.17262
-215.76,112,-0.1726
-213.13,112,-0.17258
-210.5,112,-0.17255
-207.88,112,-0.17253
-205.26,112,-0.1725
-202.64,112,-0.17248
-200.03,112,-0.17246
-197.43,112,-0.17243
-194.82,112,-0.17241
-192.22,112,-0.17238
-189.63,112,-0.17236
-187.04,112,-0.17233
-184.45,112,-0.17231
-181.87,112,-0.17228
-179.29,112,-0.17226
-176.72,112,-0.17223
-174.15,112,-0.17221
-171.59,112,-0.17218
-169.03,112,-0.17216
-166.48,112,-0.17213
-163.93,112,-0.17211
-161.39,112,-0.17208
-158.85,112,-0.17205
-156.31,112,-0.17203
-153.79,112,-0.172
-151.26,112,-0.17197
-148.75,112,-0.17195
-146.23,112,-0.17192
-143.73,112,-0.17189
-141.23,112,-0.17187
-138.73,112,-0.17184
-136.24,112,-0.17181
-133.76,112,-0.17178
-131.28,112,-0.17176
-128.81,112,-0.17173
-126.34,112,-0.1717
-123.88,112,-0.17167
-121.42,112,-0.17164
-118.98,112,-0.17162
-116.53,112,-0.17159
-114.1,112,-0.17156
-111.67,112,-0.17153
-109.24,112,-0.1715
-106.83,112,-0.17147
-104.42,112,-0.17144
-102.01,112,-0.17141
-99.615,112,-0.17138
-97.223,112,-0.17135
-94.839,112,-0.17132
-92.461,112,-0.17129
-90.09,112,-0.17126
-87.725,112,-0.17123
-85.368,112,-0.1712
-83.017,112,-0.17117
-80.673,112,-0.17114
-78.336,112,-0.17111
-76.006,112,-0.17108
-73.683,112,-0.17105
-71.367,112,-0.17102
-69.058,112,-0.17099
-66.757,112,-0.17095
-64.463,112,-0.17092
-62.176,112,-0.17089
-59.896,112,-0.17086
-57.623,112,-0.17083
-55.358,112,-0.17079
-53.1,112,-0.17076
-50.85,112,-0.17073
-48.607,112,-0.1707
-46.372,112,-0.17066
-44.145,112,-0.17063
-41.925,112,-0.1706
-39.712,112,-0.17057
-37.507,112,-0.17053
-35.31,112,-0.1705
-33.121,112,-0.17047
-30.939,112,-0.17043
-28.766,112,-0.1704
-26.6,112,-0.17036
-24.442,112,-0.17033
-22.292,112,-0.1703
-20.15,112,-0.17026
-18.015,112,-0.17023
-15.889,112,-0.17019
-13.771,112,-0.17016
-11.661,112,-0.17012
-9.5589,112,-0.17009
-7.4649,112,-0.17005
-5.3791,112,-0.17002
-3.3015,112,-0.16998
-1.2321,112,-0.16995
0.8291,112,-0.16991
2.8821,112,-0.16987
4.9267,112,-0.16984
6.9631,112,-0.1698
8.9912,112,-0.16977
11.011,112,-0.16973
13.022,112,-0.16969
15.025,112,-0.16966
17.02,112,-0.16962
19.006,112,-0.16958
20.984,112,-0.16954
22.953,112,-0.16951
24.913,112,-0.16947
26.866,112,-0.16943
28.809,112,-0.16939
30.744,112,-0.16936
32.671,112,-0.16932
34.589,112,-0.16928
36.498,112,-0.16924
38.398,112,-0.1692
40.29,112,-0.16917
42.174,112,-0.16913
44.048,112,-0.16909
45.914,112,-0.16905
47.772,112,-0.16901
49.62,112,-0.16897
51.46,112,-0.16893
53.291,112,-0.16889
55.113,112,-0.16885
56.926,112,-0.16881
58.731,112,-0.16877
60.527,112,-0.16873
62.314,112,-0.16869
64.092,112,-0.16865
65.861,112,-0.16861
67.622,112,-0.16857
69.373,112,-0.16853
71.116,112,-0.16849
72.85,112,-0.16845
74.575,112,-0.16841
76.29,112,-0.16837
77.998,112,-0.16833
79.696,112,-0.16828
81.385,112,-0.16824
83.065,112,-0.1682
84.736,112,-0.16816
86.399,112,-0.16812
88.052,112,-0.16808
89.696,112,-0.16803
91.332,112,-0.16799
92.958,112,-0.16795
94.575,112,-0.16791
96.184,112,-0.16786
97.783,112,-0.16782
99.373,112,-0.16778
100.95,112,-0.16773
102.53,112,-0.16769
104.09,112,-0.16765
105.64,112,-0.1676
107.19,112,-0.16756
108.73,112,-0.16752
110.25,112,-0.16747
111.77,112,-0.16743
113.28,112,-0.16738
114.78,112,-0.16734
116.27,112,-0.16729
117.75,112,-0.16725
119.23,112,-0.1672
120.69,112,-0.16716
122.14,112,-0.16711
123.59,112,-0.16707
125.03,112,-0.16702
126.45,112,-0.16698
127.87,112,-0.16693
129.28,112,-0.16689
130.68,112,-0.16684
132.07,112,-0.16679
133.46,112,-0.16675
134.83,112,-0.1667
136.19,112,-0.16666
137.55,112,-0.16661
138.9,112,-0.16656
140.23,112,-0.16652
141.56,112,-0.16647
142.88,112,-0.16642
144.19,112,-0.16637
145.49,112,-0.16633
146.78,112,-0.16628
148.07,112,-0.16623
149.34,112,-0.16618
150.61,112,-0.16614
151.86,112,-0.16609
153.11,112,-0.16604
154.35,112,-0.16599
155.58,112,-0.16594
156.8,112,-0.16589
158.01,112,-0.16584
159.21,112,-0.1658
160.4,112,-0.16575
161.59,112,-0.1657
162.76,112,-0.16565
163.93,112,-0.1656
165.09,112,-0.16555
166.24,112,-0.1655
167.38,112,-0.16545
168.51,112,-0.1654
169.63,112,-0.16535
170.74,112,-0.1653
171.85,112,-0.16525
172.94,112,-0.1652
174.03,112,-0.16515
175.11,112,-0.1651
176.18,112,-0.16505
177.24,112,-0.165
178.29,112,-0.16494
179.33,112,-0.16489
180.37,112,-0.16484
181.39,112,-0.16479
182.41,112,-0.16474
183.42,112,-0.16469
184.41,112,-0.16463
185.4,112,-0.16458
186.39,112,-0.16453
187.36,112,-0.16448
188.32,112,-0.16443
189.28,112,-0.16437
190.23,112,-0.16432
191.16,112,-0.16427
192.09,112,-0.16421
193.01,112,-0.16416
193.93,112,-0.16411
194.83,112,-0.16405
195.72,112,-0.164
196.61,112,-0.16395
197.49,112,-0.16389
198.36,112,-0.16384
199.22,112,-0.16379
200.07,112,-0.16373
200.92,112,-0.16368
201.75,112,-0.16362
202.58,112,-0.16357
203.4,112,-0.16351
204.21,112,-0.16346
205.01,112,-0.1634
205.8,112,-0.16335
206.59,112,-0.16329
207.36,112,-0.16324
208.13,112,-0.16318
208.89,112,-0.16313
209.64,112,-0.16307
210.39,112,-0.16302
211.12,112,-0.16296
211.85,112,-0.1629
212.57,112,-0.16285
213.28,112,-0.16279
213.98,112,-0.16273
214.67,112,-0.16268
215.36,112,-0.16262
216.04,112,-0.16256
216.71,112,-0.16251
217.37,112,-0.16245
218.02,112,-0.16239
218.67,112,-0.16233
219.3,112,-0.16228
219.93,112,-0.16222
220.56,112,-0.16216
221.17,112,-0.1621
221.77,112,-0.16204
222.37,112,-0.16199
222.96,112,-0.16193
223.54,112,-0.16187
224.11,112,-0.16181
224.68,112,-0.16175
225.24,112,-0.16169
225.79,112,-0.16163
226.33,112,-0.16158
226.86,112,-0.16152
227.39,112,-0.16146
227.91,112,-0.1614
228.42,112,-0.16134
228.92,112,-0.16128
229.42,112,-0.16122
229.91,112,-0.16116
230.39,112,-0.1611
230.86,112,-0.16104
231.33,112,-0.16098
231.78,112,-0.16092
232.23,112,-0.16085
232.68,112,-0.16079
233.11,112,-0.16073
233.54,112,-0.16067
233.96,112,-0.16061
234.37,112,-0.16055
234.77,112,-0.16049
235.17,112,-0.16043
235.56,112,-0.16036
235.95,112,-0.1603
236.32,112,-0.16024
236.69,112,-0.16018
237.05,112,-0.16012
237.4,112,-0.16005
237.75,112,-0.15999
238.09,112,-0.15993
238.42,112,-0.15987
238.75,112,-0.1598
239.07,112,-0.15974
239.38,112,-0.15968
239.68,112,-0.15961
239.98,112,-0.15955
240.27,112,-0.15949
240.55,112,-0.15942
240.82,112,-0.15936
241.09,112,-0.15929
241.35,112,-0.15923
241.61,112,-0.15917
241.86,112,-0.1591
242.1,112,-0.15904
242.33,112,-0.15897
242.56,112,-0.15891
242.78,112,-0.15884
242.99,112,-0.15878
243.2,112,-0.15871
243.4,112,-0.15865
243.6,112,-0.15858
243.78,112,-0.15852
243.96,112,-0.15845
244.14,112,-0.15839
244.3,112,-0.15832
244.47,112,-0.15825
244.62,112,-0.15819
244.77,112,-0.15812
244.91,112,-0.15806
245.04,112,-0.15799
245.17,112,-0.15792
245.29,112,-0.15786
245.41,112,-0.15779
245.52,112,-0.15772
245.62,112,-0.15765
245.72,112,-0.15759
245.81,112,-0.15752
245.89,112,-0.15745
245.97,112,-0.15738
246.04,112,-0.15732
246.11,112,-0.15725
246.17,112,-0.15718
246.22,112,-0.15711
246.27,112,-0.15704
246.31,112,-0.15698
246.35,112,-0.15691
246.38,112,-0.15684
246.4,112,-0.15677
246.42,112,-0.1567
246.43,112,-0.15663
246.44,112,-0.15656
246.44,112,-0.15649
246.43,112,-0.15642
246.42,112,-0.15635
246.41,112,-0.15628
246.38,112,-0.15621
246.35,112,-0.15614
246.32,112,-0.15607
246.28,112,-0.156
246.24,112,-0.15593
246.18,112,-0.15586
246.13,112,-0.15579
246.07,112,-0.15572
246,112,-0.15565
245.93,112,-0.15558
245.85,112,-0.15551
245.77,112,-0.15544
245.68,112,-0.15537
245.58,112,-0.1553
245.48,112,-0.15522
245.38,112,-0.15515
245.27,112,-0.15508
245.16,112,-0.15501
245.04,112,-0.15494
244.91,112,-0.15486
244.78,112,-0.15479
244.64,112,-0.15472
244.5,112,-0.15465
244.36,112,-0.15457
244.21,112,-0.1545
244.05,112,-0.15443
243.89,112,-0.15436
243.73,112,-0.15428
243.56,112,-0.15421
243.38,112,-0.15414
243.2,112,-0.15406
243.02,112,-0.15399
242.83,112,-0.15392
242.64,112,-0.15384
242.44,112,-0.15377
242.24,112,-0.15369
242.03,112,-0.15362
241.82,112,-0.15354
241.6,112,-0.15347
241.38,112,-0.15339
241.15,112,-0.15332
240.92,112,-0.15325
240.69,112,-0.15317
240.45,112,-0.1531
240.21,112,-0.15302
239.96,112,-0.15294
239.71,112,-0.15287
239.45,112,-0.15279
239.19,112,-0.15272
238.93,112,-0.15264
238.66,112,-0.15257
238.38,112,-0.15249
238.11,112,-0.15241
237.83,112,-0.15234
237.54,112,-0.15226
237.25,112,-0.15218
236.96,112,-0.15211
236.66,112,-0.15203
236.36,112,-0.15195
236.06,112,-0.15188
235.75,112,-0.1518
235.44,112,-0.15172
235.12,112,-0.15164
234.8,112,-0.15157
234.48,112,-0.15149
234.15,112,-0.15141
233.82,112,-0.15133
233.49,112,-0.15125
233.15,112,-0.15118
232.81,112,-0.1511
232.47,112,-0.15102
232.12,112,-0.15094
231.77,112,-0.15086
231.41,112,-0.15078
231.05,112,-0.1507
230.69,112,-0.15063
230.33,112,-0.15055
229.96,112,-0.15047
229.59,112,-0.15039
229.21,112,-0.15031
228.83,112,-0.15023
228.45,112,-0.15015
228.07,112,-0.15007
227.68,112,-0.14999
227.29,112,-0.14991
226.9,112,-0.14983
226.5,112,-0.14975
226.11,112,-0.14967
225.7,112,-0.14959
225.3,112,-0.14951
224.89,112,-0.14942
224.48,112,-0.14934
224.07,112,-0.14926
223.65,112,-0.14918
223.23,112,-0.1491
222.81,112,-0.14902
222.39,112,-0.14894
221.96,112,-0.14885
221.53,112,-0.14877
221.1,112,-0.14869
220.67,112,-0.14861
220.23,112,-0.14853
219.79,112,-0.14844
219.35,112,-0.14836
218.91,112,-0.14828
218.46,112,-0.1482
218.02,112,-0.14811
217.57,112,-0.14803
217.11,112,-0.14795
216.66,112,-0.14786
216.2,112,-0.14778
215.74,112,-0.1477
215.28,112,-0.14761
214.82,112,-0.14753
214.35,112,-0.14745
213.89,112,-0.14736
213.42,112,-0.14728
212.95,112,-0.14719
212.47,112,-0.14711
212,112,-0.14703
211.52,112,-0.14694
211.04,112,-0.14686
210.56,112,-0.14677
210.08,112,-0.14669
209.6,112,-0.1466
209.11,112,-0.14652
208.63,112,-0.14643
208.14,112,-0.14635
207.65,112,-0.14626
207.16,112,-0.14618
206.66,112,-0.14609
206.17,112,-0.146
205.67,112,-0.14592
205.18,112,-0.14583
204.68,112,-0.14575
204.18,112,-0.14566
203.68,112,-0.14557
203.17,112,-0.14549
202.67,112,-0.1454
202.17,112,-0.14531
201.66,112,-0.14523
201.15,112,-0.14514
200.64,112,-0.14505
200.14,112,-0.14497
199.63,112,-0.14488
199.11,112,-0.14479
198.6,112,-0.1447
198.09,112,-0.14462
197.58,112,-0.14453
197.06,112,-0.14444
196.54,112,-0.14435
196.03,112,-0.14426
195.51,112,-0.14418
194.99,112,-0.14409
194.47,112,-0.144
193.96,112,-0.14391
193.44,112,-0.14382
192.92,112,-0.14373
192.39,112,-0.14364
191.87,112,-0.14356
191.35,112,-0.14347
190.83,112,-0.14338
190.31,112,-0.14329
189.78,112,-0.1432
189.26,112,-0.14311
188.73,112,-0.14302
188.21,112,-0.14293
187.69,112,-0.14284
187.16,112,-0.14275
186.64,112,-0.14266
186.11,112,-0.14257
185.58,112,-0.14248
185.06,112,-0.14239
184.53,112,-0.1423
184.01,112,-0.14221
183.48,112,-0.14212
182.96,112,-0.14202
182.43,112,-0.14193
181.91,112,-0.14184
181.38,112,-0.14175
180.85,112,-0.14166
180.33,112,-0.14157
179.8,112,-0.14148
179.28,112,-0.14138
178.76,112,-0.14129
178.23,112,-0.1412
177.71,112,-0.14111
177.18,112,-0.14102
176.66,112,-0.14092
176.14,112,-0.14083
175.62,112,-0.14074
175.09,112,-0.14065
174.57,112,-0.14055
174.05,112,-0.14046
173.53,112,-0.14037
173.01,112,-0.14027
172.49,112,-0.14018
171.97,112,-0.14009
171.46,112,-0.13999
170.94,112,-0.1399
170.42,112,-0.13981
169.91,112,-0.13971
169.39,112,-0.13962
168.88,112,-0.13952
168.37,112,-0.13943
167.86,112,-0.13934
167.34,112,-0.13924
166.83,112,-0.13915
166.33,112,-0.13905
165.82,112,-0.13896
165.31,112,-0.13886
164.8,112,-0.13877
164.3,112,-0.13867
163.8,112,-0.13858
163.29,112,-0.13848
162.79,112,-0.13839
162.29,112,-0.13829
161.79,112,-0.1382
161.29,112,-0.1381
160.8,112,-0.138
160.3,112,-0.13791
159.81,112,-0.13781
159.32,112,-0.13772
158.83,112,-0.13762
158.34,112,-0.13752
157.85,112,-0.13743
157.36,112,-0.13733
156.88,112,-0.13723
156.39,112,-0.13714
155.91,112,-0.13704
155.43,112,-0.13694
154.95,112,-0.13685
154.47,112,-0.13675
154,112,-0.13665
153.52,112,-0.13655
153.05,112,-0.13646
152.58,112,-0.13636
152.11,112,-0.13626
151.65,112,-0.13616
151.18,112,-0.13606
150.72,112,-0.13597
150.26,112,-0.13587
149.8,112,-0.13577
149.34,112,-0.13567
148.88,112,-0.13557
148.43,112,-0.13547
147.98,112,-0.13537
147.53,112,-0.13528
147.08,112,-0.13518
146.64,112,-0.13508
146.19,112,-0.13498
145.75,112,-0.13488
145.31,112,-0.13478
144.88,112,-0.13468
144.44,112,-0.13458
144.01,112,-0.13448
143.58,112,-0.13438
143.15,112,-0.13428
142.73,112,-0.13418
142.3,112,-0.13408
141.88,112,-0.13398
141.46,112,-0.13388
141.05,112,-0.13378
140.64,112,-0.13368
140.22,112,-0.13358
139.81,112,-0.13348
139.41,112,-0.13337
139,112,-0.13327
138.6,112,-0.13317
138.2,112,-0.13307
137.81,112,-0.13297
137.41,112,-0.13287
137.02,112,-0.13277
136.64,112,-0.13266
136.25,112,-0.13256
135.87,112,-0.13246
135.49,112,-0.13236
135.11,112,-0.13226
134.73,112,-0.13215
134.36,112,-0.13205
133.99,112,-0.13195
133.63,112,-0.13185
133.26,112,-0.13174
132.9,112,-0.13164
132.54,112,-0.13154
132.19,112,-0.13144
131.83,112,-0.13133
131.49,112,-0.13123
131.14,112,-0.13113
130.8,112,-0.13102
130.46,112,-0.13092
130.12,112,-0.13082
129.78,112,-0.13071
129.45,112,-0.13061
129.12,112,-0.1305
128.8,112,-0.1304
128.48,112,-0.1303
128.16,112,-0.13019
127.84,112,-0.13009
127.53,112,-0.12998
127.22,112,-0.12988
126.91,112,-0.12977
126.61,112,-0.12967
126.31,112,-0.12956
126.01,112,-0.12946
125.72,112,-0.12935
125.43,112,-0.12925
125.14,112,-0.12914
124.85,112,-0.12904
124.57,112,-0.12893
124.3,112,-0.12883
124.02,112,-0.12872
123.75,112,-0.12861
123.48,112,-0.12851
123.22,112,-0.1284
122.96,112,-0.1283
122.7,112,-0.12819
122.45,112,-0.12808
122.2,112,-0.12798
121.95,112,-0.12787
121.71,112,-0.12776
121.47,112,-0.12766
121.23,112,-0.12755
121,112,-0.12744
120.77,112,-0.12734
120.55,112,-0.12723
120.32,112,-0.12712
120.11,112,-0.12701
119.89,112,-0.12691
119.68,112,-0.1268
119.47,112,-0.12669
119.27,112,-0.12658
119.07,112,-0.12648
118.87,112,-0.12637
118.68,112,-0.12626
118.49,112,-0.12615
118.3,112,-0.12604
118.12,112,-0.12593
117.94,112,-0.12583
117.77,112,-0.12572
117.6,112,-0.12561
117.43,112,-0.1255
117.27,112,-0.12539
117.11,112,-0.12528
116.95,112,-0.12517
116.8,112,-0.12506
116.65,112,-0.12495
116.51,112,-0.12485
116.37,112,-0.12474
116.23,112,-0.12463
116.1,112,-0.12452
115.97,112,-0.12441
115.84,112,-0.1243
115.72,112,-0.12419
115.61,112,-0.12408
115.49,112,-0.12397
115.38,112,-0.12386
115.28,112,-0.12375
115.18,112,-0.12363
115.08,112,-0.12352
114.99,112,-0.12341
114.9,112,-0.1233
114.81,112,-0.12319
114.73,112,-0.12308
114.65,112,-0.12297
114.58,112,-0.12286
114.51,112,-0.12275
114.44,112,-0.12264
114.38,112,-0.12252
114.32,112,-0.12241
114.27,112,-0.1223
114.22,112,-0.12219
114.17,112,-0.12208
114.13,112,-0.12196
114.09,112,-0.12185
114.06,112,-0.12174
114.03,112,-0.12163
114,112,-0.12152
113.98,112,-0.1214
113.96,112,-0.12129
113.95,112,-0.12118
113.94,112,-0.12107
113.94,112,-0.12095
113.94,112,-0.12084
113.94,112,-0.12073
113.95,112,-0.12061
113.96,112,-0.1205
113.97,112,-0.12039
113.99,112,-0.12027
114.02,112,-0.12016
114.04,112,-0.12005
114.08,112,-0.11993
114.11,112,-0.11982
114.15,112,-0.1197
114.2,112,-0.11959
114.25,112,-0.11948
114.3,112,-0.11936
114.35,112,-0.11925
114.42,112,-0.11913
114.48,112,-0.11902
114.55,112,-0.1189
114.62,112,-0.11879
114.7,112,-0.11867
114.78,112,-0.11856
114.87,112,-0.11844
114.96,112,-0.11833
115.06,112,-0.11821
115.15,112,-0.1181
115.26,112,-0.11798
115.36,112,-0.11787
115.48,112,-0.11775
115.59,112,-0.11764
115.71,112,-0.11752
115.83,112,-0.1174
115.96,112,-0.11729
116.09,112,-0.11717
116.23,112,-0.11706
116.37,112,-0.11694
116.52,112,-0.11682
116.67,112,-0.11671
116.82,112,-0.11659
116.98,112,-0.11647
117.14,112,-0.11636
117.3,112,-0.11624
117.47,112,-0.11612
117.65,112,-0.11601
117.83,112,-0.11589
118.01,112,-0.11577
118.2,112,-0.11566
118.39,112,-0.11554
118.58,112,-0.11542
118.78,112,-0.1153
118.99,112,-0.11519
119.19,112,-0.11507
119.41,112,-0.11495
119.62,112,-0.11483
119.84,112,-0.11471
120.07,112,-0.1146
120.3,112,-0.11448
120.53,112,-0.11436
120.77,112,-0.11424
121.01,112,-0.11412
121.26,112,-0.114
121.5,112,-0.11389
121.76,112,-0.11377
122.02,112,-0.11365
122.28,112,-0.11353
122.55,112,-0.11341
122.82,112,-0.11329
123.09,112,-0.11317
123.37,112,-0.11305
123.65,112,-0.11293
123.94,112,-0.11281
124.23,112,-0.11269
124.53,112,-0.11257
124.83,112,-0.11245
125.13,112,-0.11233
125.44,112,-0.11221
125.75,112,-0.11209
126.07,112,-0.11197
126.39,112,-0.11185
126.72,112,-0.11173
127.04,112,-0.11161
127.38,112,-0.11149
127.71,112,-0.11137
128.06,112,-0.11125
128.4,112,-0.11113
128.75,112,-0.11101
129.1,112,-0.11089
129.46,112,-0.11077
129.82,112,-0.11065
130.19,112,-0.11053
130.56,112,-0.1104
130.93,112,-0.11028
131.31,112,-0.11016
131.69,112,-0.11004
132.08,112,-0.10992
132.47,112,-0.1098
132.86,112,-0.10967
133.26,112,-0.10955
133.66,112,-0.10943
134.07,112,-0.10931
134.48,112,-0.10919
134.9,112,-0.10906
135.31,112,-0.10894
135.74,112,-0.10882
136.16,112,-0.1087
136.59,112,-0.10857
137.03,112,-0.10845
137.47,112,-0.10833
137.91,112,-0.10821
138.36,112,-0.10808
138.81,112,-0.10796
139.26,112,-0.10784
139.72,112,-0.10771
140.18,112,-0.10759
140.65,112,-0.10747
141.12,112,-0.10734
141.59,112,-0.10722
142.07,112,-0.1071
142.55,112,-0.10697
143.04,112,-0.10685
143.53,112,-0.10672
144.02,112,-0.1066
144.52,112,-0.10648
145.02,112,-0.10635
145.52,112,-0.10623
146.03,112,-0.1061
146.55,112,-0.10598
147.06,112,-0.10585
147.58,112,-0.10573
148.11,112,-0.10561
148.64,112,-0.10548
149.17,112,-0.10536
149.71,112,-0.10523
150.25,112,-0.10511
150.79,112,-0.10498
151.34,112,-0.10486
151.89,112,-0.10473
152.44,112,-0.10461
153,112,-0.10448
153.57,112,-0.10435
154.13,112,-0.10423
154.7,112,-0.1041
155.28,112,-0.10398
155.85,112,-0.10385
156.43,112,-0.10373
157.02,112,-0.1036
157.61,112,-0.10347
158.2,112,-0.10335
158.8,112,-0.10322
159.4,112,-0.10309
160,112,-0.10297
160.61,112,-0.10284
161.22,112,-0.10271
161.83,112,-0.10259
162.45,112,-0.10246
163.07,112,-0.10233
163.7,112,-0.10221
164.33,112,-0.10208
164.96,112,-0.10195
165.6,112,-0.10183
166.24,112,-0.1017
166.88,112,-0.10157
167.53,112,-0.10144
168.18,112,-0.10132
168.83,112,-0.10119
169.49,112,-0.10106
170.15,112,-0.10093
170.82,112,-0.10081
171.49,112,-0.10068
172.16,112,-0.10055
172.84,112,-0.10042
173.51,112,-0.10029
174.2,112,-0.10017
174.88,112,-0.10004
175.57,112,-0.099908
176.27,112,-0.09978
176.96,112,-0.099651
177.66,112,-0.099523
178.37,112,-0.099394
179.07,112,-0.099265
179.78,112,-0.099136
180.5,112,-0.099007
181.21,112,-0.098878
181.94,112,-0.098749
182.66,112,-0.09862
183.39,112,-0.09849
184.12,112,-0.098361
184.85,112,-0.098232
185.59,112,-0.098102
186.33,112,-0.097972
187.08,112,-0.097843
187.82,112,-0.097713
188.57,112,-0.097583
189.33,112,-0.097453
190.09,112,-0.097323
190.85,112,-0.097193
191.61,112,-0.097063
192.38,112,-0.096933
193.15,112,-0.096802
193.93,112,-0.096672
194.7,112,-0.096542
195.48,112,-0.096411
196.27,112,-0.09628
197.06,112,-0.09615
197.85,112,-0.096019
198.64,112,-0.095888
199.44,112,-0.095757
200.24,112,-0.095626
201.04,112,-0.095495
201.85,112,-0.095364
202.66,112,-0.095233
203.47,112,-0.095101
204.29,112,-0.09497
205.11,112,-0.094838
205.93,112,-0.094707
206.76,112,-0.094575
207.59,112,-0.094443
208.42,112,-0.094312
209.26,112,-0.09418
210.09,112,-0.094048
210.94,112,-0.093916
211.78,112,-0.093784
212.63,112,-0.093652
213.48,112,-0.093519
214.33,112,-0.093387
215.19,112,-0.093255
216.05,112,-0.093122
216.92,112,-0.09299
217.78,112,-0.092857
218.65,112,-0.092724
219.53,112,-0.092592
220.4,112,-0.092459
221.28,112,-0.092326
222.16,112,-0.092193
223.05,112,-0.09206
223.94,112,-0.091927
224.83,112,-0.091794
225.72,112,-0.09166
226.62,112,-0.091527
227.52,112,-0.091393
228.42,112,-0.09126
229.33,112,-0.091126
230.24,112,-0.090993
231.15,112,-0.090859
232.06,112,-0.090725
232.98,112,-0.090591
233.9,112,-0.090457
234.83,112,-0.090323
235.75,112,-0.090189
236.68,112,-0.090055
237.62,112,-0.089921
238.55,112,-0.089787
239.49,112,-0.089652
240.43,112,-0.089518
241.38,112,-0.089383
242.33,112,-0.089249
243.28,112,-0.089114
244.23,112,-0.088979
245.19,112,-0.088844
246.15,112,-0.08871
247.11,112,-0.088575
248.07,112,-0.08844
249.04,112,-0.088305
250.01,112,-0.088169
250.99,112,-0.088034
251.96,112,-0.087899
252.94,112,-0.087763
253.93,112,-0.087628
254.91,112,-0.087492
255.9,112,-0.087357
256.89,112,-0.087221
257.88,112,-0.087086
258.88,112,-0.08695
259.88,112,-0.086814
260.88,112,-0.086678
261.89,112,-0.086542
262.9,112,-0.086406
263.91,112,-0.08627
264.92,112,-0.086133
265.94,112,-0.085997
266.96,112,-0.085861
267.98,112,-0.085724
269,112,-0.085588
270.03,112,-0.085451
271.06,112,-0.085315
272.1,112,-0.085178
273.13,112,-0.085041
274.17,112,-0.084904
275.21,112,-0.084767
276.26,112,-0.08463
277.31,112,-0.084493
278.36,112,-0.084356
279.41,112,-0.084219
280.47,112,-0.084082
281.53,112,-0.083945
282.59,112,-0.083807
283.65,112,-0.08367
284.72,112,-0.083532
285.79,112,-0.083395
286.86,112,-0.083257
287.94,112,-0.083119
289.02,112,-0.082981
290.1,112,-0.082844
291.18,112,-0.082706
292.27,112,-0.082568
293.36,112,-0.08243
294.45,112,-0.082292
295.54,112,-0.082153
296.64,112,-0.082015
297.74,112,-0.081877
298.85,112,-0.081738
299.95,112,-0.0816
301.06,112,-0.081461
302.17,112,-0.081323
303.29,112,-0.081184
304.41,112,-0.081045
305.53,112,-0.080907
306.65,112,-0.080768
307.78,112,-0.080629
308.9,112,-0.08049
310.04,112,-0.080351
311.17,112,-0.080212
312.31,112,-0.080073
313.45,112,-0.079933
314.59,112,-0.079794
315.74,112,-0.079655
316.88,112,-0.079515
318.04,112,-0.079376
319.19,112,-0.079236
320.35,112,-0.079097
321.51,112,-0.078957
322.67,112,-0.078817
323.83,112,-0.078677
325,112,-0.078538
326.17,112,-0.078398
327.35,112,-0.078258
328.52,112,-0.078118
329.7,112,-0.077977
330.88,112,-0.077837
332.07,112,-0.077697
333.26,112,-0.077557
334.45,112,-0.077416
335.64,112,-0.077276
336.84,112,-0.077135
338.04,112,-0.076995
339.24,112,-0.076854
340.45,112,-0.076714
341.65,112,-0.076573
342.87,112,-0.076432
344.08,112,-0.076291
345.3,112,-0.07615
346.52,112,-0.076009
347.74,112,-0.075868
348.97,112,-0.075727
350.19,112,-0.075586
351.43,112,-0.075445
352.66,112,-0.075303
353.9,112,-0.075162
355.14,112,-0.075021
356.38,112,-0.074879
357.63,112,-0.074737
358.88,112,-0.074596
360.13,112,-0.074454
361.38,112,-0.074313
362.64,112,-0.074171
363.9,112,-0.074029
365.17,112,-0.073887
366.44,112,-0.073745
367.71,112,-0.073603
368.98,112,-0.073461
370.26,112,-0.073319
371.54,112,-0.073177
372.82,112,-0.073034
374.11,112,-0.072892
375.39,112,-0.07275
376.69,112,-0.072607
377.98,112,-0.072465
379.28,112,-0.072322
380.58,112,-0.07218
381.89,112,-0.072037
383.19,112,-0.071894
384.5,112,-0.071751
385.82,112,-0.071609
387.13,112,-0.071466
388.46,112,-0.071323
389.78,112,-0.07118
391.11,112,-0.071037
392.44,112,-0.070894
393.77,112,-0.07075
395.11,112,-0.070607
396.45,112,-0.070464
397.79,112,-0.07032
399.13,112,-0.070177
400.48,112,-0.070034
401.84,112,-0.06989
403.19,112,-0.069746
404.55,112,-0.069603
405.92,112,-0.069459
407.28,112,-0.069315
408.65,112,-0.069172
410.03,112,-0.069028
411.4,112,-0.068884
412.78,112,-0.06874
414.17,112,-0.068596
415.55,112,-0.068452
416.94,112,-0.068308
418.34,112,-0.068163
419.73,112,-0.068019
421.13,112,-0.067875
422.54,112,-0.06773
423.95,112,-0.067586
425.36,112,-0.067442
426.77,112,-0.067297
428.19,112,-0.067153
429.61,112,-0.067008
431.04,112,-0.066863
432.47,112,-0.066718
433.9,112,-0.066574
435.34,112,-0.066429
436.78,112,-0.066284
438.23,112,-0.066139
439.67,112,-0.065994
441.13,112,-0.065849
442.58,112,-0.065704
444.04,112,-0.065559
445.5,112,-0.065413
446.97,112,-0.065268
448.44,112,-0.065123
449.92,112,-0.064978
451.4,112,-0.064832
452.88,112,-0.064687
454.36,112,-0.064541
455.85,112,-0.064395
457.35,112,-0.06425
458.85,112,-0.064104
460.35,112,-0.063958
461.86,112,-0.063813
463.37,112,-0.063667
464.88,112,-0.063521
466.4,112,-0.063375
467.92,112,-0.063229
469.45,112,-0.063083
470.98,112,-0.062937
472.52,112,-0.062791
474.06,112,-0.062644
475.6,112,-0.062498
477.15,112,-0.062352
478.7,112,-0.062206
480.26,112,-0.062059
481.82,112,-0.061913
483.38,112,-0.061766
484.95,112,-0.06162
486.53,112,-0.061473
488.1,112,-0.061326
489.69,112,-0.06118
491.28,112,-0.061033
492.87,112,-0.060886
494.46,112,-0.060739
496.06,112,-0.060593
497.67,112,-0.060446
499.28,112,-0.060299
500.9,112,-0.060152
502.51,112,-0.060004
504.14,112,-0.059857
505.77,112,-0.05971
507.4,112,-0.059563
509.04,112,-0.059416
510.68,112,-0.059268
512.33,112,-0.059121
513.98,112,-0.058973
515.64,112,-0.058826
517.3,112,-0.058679
518.97,112,-0.058531
520.65,112,-0.058383
522.32,112,-0.058236
524.01,112,-0.058088
525.69,112,-0.05794
527.39,112,-0.057792
529.08,112,-0.057645
530.79,112,-0.057497
532.5,112,-0.057349
534.21,112,-0.057201
535.93,112,-0.057053
537.65,112,-0.056905
539.38,112,-0.056757
541.12,112,-0.056608
542.86,112,-0.05646
544.6,112,-0.056312
546.35,112,-0.056164
548.11,112,-0.056015
549.87,112,-0.055867
551.64,112,-0.055718
553.41,112,-0.05557
555.19,112,-0.055421
556.98,112,-0.055273
558.77,112,-0.055124
560.56,112,-0.054976
562.37,112,-0.054827
564.17,112,-0.054678
565.99,112,-0.054529
567.81,112,-0.05438
569.63,112,-0.054232
571.46,112,-0.054083
573.3,112,-0.053934
575.14,112,-0.053785
576.99,112,-0.053636
578.85,112,-0.053486
580.71,112,-0.053337
582.58,112,-0.053188
584.45,112,-0.053039
586.33,112,-0.05289
588.22,112,-0.05274
590.11,112,-0.052591
592.01,112,-0.052442
593.92,112,-0.052292
595.83,112,-0.052143
597.75,112,-0.051993
599.68,112,-0.051844
601.61,112,-0.051694
603.55,112,-0.051544
605.49,112,-0.051395
607.44,112,-0.051245
609.4,112,-0.051095
611.37,112,-0.050945
613.34,112,-0.050795
615.32,112,-0.050645
617.31,112,-0.050496
619.3,112,-0.050346
621.3,112,-0.050196
623.31,112,-0.050045
625.32,112,-0.049895
627.35,112,-0.049745
629.37,112,-0.049595
631.41,112,-0.049445
633.45,112,-0.049295
635.51,112,-0.049144
637.56,112,-0.048994
639.63,112,-0.048844
641.7,112,-0.048693
643.78,112,-0.048543
645.87,112,-0.048392
647.97,112,-0.048242
650.07,112,-0.048091
652.19,112,-0.04794
654.31,112,-0.04779
656.43,112,-0.047639
658.57,112,-0.047488
660.71,112,-0.047338
662.86,112,-0.047187
665.02,112,-0.047036
667.19,112,-0.046885
669.37,112,-0.046734
671.55,112,-0.046583
673.74,112,-0.046432
675.94,112,-0.046281
678.15,112,-0.04613
680.37,112,-0.045979
682.6,112,-0.045828
684.83,112,-0.045677
687.07,112,-0.045525
689.32,112,-0.045374
691.59,112,-0.045223
693.85,112,-0.045072
696.13,112,-0.04492
698.42,112,-0.044769
700.72,112,-0.044617
703.02,112,-0.044466
705.33,112,-0.044314
707.66,112,-0.044163
709.99,112,-0.044011
712.33,112,-0.04386
714.68,112,-0.043708
717.04,112,-0.043556
719.41,112,-0.043405
721.79,112,-0.043253
724.18,112,-0.043101
726.58,112,-0.042949
728.99,112,-0.042797
731.4,112,-0.042645
733.83,112,-0.042494
736.27,112,-0.042342
738.72,112,-0.04219
741.17,112,-0.042038
743.64,112,-0.041885
746.12,112,-0.041733
748.6,112,-0.041581
751.1,112,-0.041429
753.61,112,-0.041277
756.13,112,-0.041125
758.66,112,-0.040972
761.2,112,-0.04082
763.75,112,-0.040668
766.31,112,-0.040515
768.88,112,-0.040363
771.46,112,-0.040211
774.05,112,-0.040058
776.66,112,-0.039906
779.27,112,-0.039753
781.9,112,-0.0396
784.53,112,-0.039448
787.18,112,-0.039295
789.84,112,-0.039143
792.51,112,-0.03899
795.19,112,-0.038837
797.88,112,-0.038684
800.59,112,-0.038532
803.3,112,-0.038379
806.03,112,-0.038226
808.77,112,-0.038073
811.52,112,-0.03792
814.29,112,-0.037767
817.06,112,-0.037614
819.85,112,-0.037461
822.65,112,-0.037308
825.46,112,-0.037155
828.28,112,-0.037002
831.12,112,-0.036849
833.97,112,-0.036696
836.83,112,-0.036543
839.7,112,-0.03639
842.59,112,-0.036236
845.49,112,-0.036083
848.4,112,-0.03593
851.32,112,-0.035776
854.26,112,-0.035623
857.21,112,-0.03547
860.17,112,-0.035316
863.15,112,-0.035163
866.14,112,-0.035009
869.14,112,-0.034856
872.16,112,-0.034702
875.19,112,-0.034549
878.23,112,-0.034395
881.29,112,-0.034242
884.36,112,-0.034088
887.45,112,-0.033934
890.54,112,-0.033781
893.66,112,-0.033627
896.78,112,-0.033473
899.92,112,-0.03332
903.08,112,-0.033166
906.25,112,-0.033012
909.43,112,-0.032858
912.63,112,-0.032704
915.84,112,-0.03255
919.07,112,-0.032396
922.31,112,-0.032242
925.56,112,-0.032088
928.84,112,-0.031934
932.12,112,-0.03178
935.42,112,-0.031626
938.74,112,-0.031472
942.07,112,-0.031318
945.42,112,-0.031164
948.78,112,-0.03101
952.15,112,-0.030856
955.55,112,-0.030702
958.96,112,-0.030547
962.38,112,-0.030393
965.82,112,-0.030239
969.28,112,-0.030084
972.75,112,-0.02993
976.23,112,-0.029776
979.74,112,-0.029621
983.26,112,-0.029467
986.79,112,-0.029313
990.35,112,-0.029158
993.91,112,-0.029004
997.5,112,-0.028849
1001.1,112,-0.028695
1004.7,112,-0.02854
1008.4,112,-0.028386
1012,112,-0.028231
1015.7,112,-0.028076
1019.4,112,-0.027922
1023.1,112,-0.027767
1026.8,112,-0.027612
1030.5,112,-0.027458
1034.3,112,-0.027303
1038.1,112,-0.027148
1041.8,112,-0.026993
1045.7,112,-0.026839
1049.5,112,-0.026684
1053.3,112,-0.026529
1057.2,112,-0.026374
1061.1,112,-0.026219
1065,112,-0.026064
1068.9,112,-0.02591
1072.8,112,-0.025755
1076.8,112,-0.0256
1080.7,112,-0.025445
1084.7,112,-0.02529
1088.7,112,-0.025135
1092.8,112,-0.02498
1096.8,112,-0.024825
1100.9,112,-0.024669
1104.9,112,-0.024514
1109,112,-0.024359
1113.2,112,-0.024204
1117.3,112,-0.024049
1121.5,112,-0.023894
1125.6,112,-0.023739
1129.8,112,-0.023583
1134.1,112,-0.023428
1138.3,112,-0.023273
1142.5,112,-0.023118
1146.8,112,-0.022962
1151.1,112,-0.022807
1155.4,112,-0.022652
1159.8,112,-0.022496
1164.1,112,-0.022341
1168.5,112,-0.022186
1172.9,112,-0.02203
1177.3,112,-0.021875
1181.7,112,-0.021719
1186.2,112,-0.021564
1190.7,112,-0.021408
1195.2,112,-0.021253
1199.7,112,-0.021097
1204.2,112,-0.020942
1208.8,112,-0.020786
1213.3,112,-0.020631
1217.9,112,-0.020475
1222.6,112,-0.02032
1227.2,112,-0.020164
1231.9,112,-0.020008
1236.6,112,-0.019853
1241.3,112,-0.019697
1246,112,-0.019541
1250.7,112,-0.019386
1255.5,112,-0.01923
1260.3,112,-0.019074
1265.1,112,-0.018919
1269.9,112,-0.018763
1274.8,112,-0.018607
1279.7,112,-0.018451
1284.5,112,-0.018296
1289.5,112,-0.01814
1294.4,112,-0.017984
1299.4,112,-0.017828
1304.3,112,-0.017672
1309.4,112,-0.017516
1314.4,112,-0.017361
1319.4,112,-0.017205
1324.5,112,-0.017049
1329.6,112,-0.016893
1334.7,112,-0.016737
1339.8,112,-0.016581
1345,112,-0.016425
1350.2,112,-0.016269
1355.4,112,-0.016113
1360.6,112,-0.015957
1365.8,112,-0.015801
1371.1,112,-0.015645
1376.4,112,-0.015489
1381.7,112,-0.015333
1387,112,-0.015177
1392.4,112,-0.015021
1397.8,112,-0.014865
1403.2,112,-0.014709
1408.6,112,-0.014553
1414,112,-0.014396
1419.5,112,-0.01424
1425,112,-0.014084
1430.5,112,-0.013928
1436,112,-0.013772
1441.6,112,-0.013616
1447.1,112,-0.013459
1452.7,112,-0.013303
1458.3,112,-0.013147
1464,112,-0.012991
1469.6,112,-0.012835
1475.3,112,-0.012678
1481,112,-0.012522
1486.8,112,-0.012366
1492.5,112,-0.01221
1498.3,112,-0.012053
1504.1,112,-0.011897
1509.9,112,-0.011741
1515.7,112,-0.011584
1521.5,112,-0.011428
1527.4,112,-0.011272
1533.3,112,-0.011115
1539.2,112,-0.010959
1545.2,112,-0.010803
1551.1,112,-0.010646
1557.1,112,-0.01049
1563.1,112,-0.010334
1569.1,112,-0.010177
1575.1,112,-0.010021
1581.2,112,-0.0098643
1587.3,112,-0.0097079
1593.4,112,-0.0095515
1599.5,112,-0.0093951
1605.6,112,-0.0092386
1611.8,112,-0.0090822
1617.9,112,-0.0089257
1624.1,112,-0.0087693
1630.3,112,-0.0086128
1636.6,112,-0.0084563
1642.8,112,-0.0082999
1649.1,112,-0.0081434
1655.4,112,-0.0079869
1661.7,112,-0.0078304
1668,112,-0.0076739
1674.3,112,-0.0075174
1680.7,112,-0.0073609
1687,112,-0.0072043
1693.4,112,-0.0070478
1699.8,112,-0.0068913
1706.2,112,-0.0067347
1712.7,112,-0.0065782
1719.1,112,-0.0064216
1725.6,112,-0.0062651
1732.1,112,-0.0061085
1738.5,112,-0.0059519
1745.1,112,-0.0057954
1751.6,112,-0.0056388
1758.1,112,-0.0054822
1764.6,112,-0.0053256
1771.2,112,-0.005169
1777.8,112,-0.0050124
1784.4,112,-0.0048558
1790.9,112,-0.0046992
1797.6,112,-0.0045426
1804.2,112,-0.004386
1810.8,112,-0.0042294
1817.4,112,-0.0040728
1824.1,112,-0.0039162
1830.7,112,-0.0037596
1837.4,112,-0.0036029
1844.1,112,-0.0034463
1850.7,112,-0.0032897
1857.4,112,-0.003133
1864.1,112,-0.0029764
1870.8,112,-0.0028198
1877.5,112,-0.0026631
1884.2,112,-0.0025065
1890.9,112,-0.0023498
1897.6,112,-0.0021932
1904.4,112,-0.0020365
1911.1,112,-0.0018799
1917.8,112,-0.0017232
1924.5,112,-0.0015666
1931.2,112,-0.0014099
1938,112,-0.0012533
1944.7,112,-0.0010966
1951.4,112,-0.00093996
1958.1,112,-0.0007833
1964.8,112,-0.00062664
1971.6,112,-0.00046998
1978.3,112,-0.00031332
1985,112,-0.00015666
1991.7,112,-8.5496e-17
1998.3,112,0.00015666
2005,112,0.00031332
2011.7,112,0.00046998
2018.4,112,0.00062664
2025,112,0.0007833
2031.7,112,0.00093996
2038.3,112,0.0010966
2044.9,112,0.0012533
2051.5,112,0.0014099
2058.1,112,0.0015666
2064.7,112,0.0017232
2071.3,112,0.0018799
2077.8,112,0.0020365
2084.3,112,0.0021932
2090.8,112,0.0023498
2097.3,112,0.0025065
2103.8,112,0.0026631
2110.2,112,0.0028198
2116.6,112,0.0029764
2123,112,0.003133
2129.4,112,0.0032897
2135.7,112,0.0034463
2142,112,0.0036029
2148.3,112,0.0037596
2154.5,112,0.0039162
2160.7,112,0.0040728
2166.9,112,0.0042294
2173.1,112,0.004386
2179.2,112,0.0045426
2185.2,112,0.0046992
2191.3,112,0.0048558
2197.3,112,0.0050124
2203.2,112,0.005169
2209.1,112,0.0053256
2215,112,0.0054822
2220.8,112,0.0056388
2226.6,112,0.0057954
2232.3,112,0.0059519
2237.9,112,0.0061085
2243.6,112,0.0062651
2249.1,112,0.0064216
2254.6,112,0.0065782
2260.1,112,0.0067347
2265.5,112,0.0068913
2270.8,112,0.0070478
2276,112,0.0072043
2281.2,112,0.0073609
2286.4,112,0.0075174
2291.4,112,0.0076739
2296.4,112,0.0078304
2301.3,112,0.0079869
2306.2,112,0.0081434
2311,112,0.0082999
2315.7,112,0.0084563
2320.3,112,0.0086128
2324.8,112,0.0087693
2329.2,112,0.0089257
2333.6,112,0.0090822
2337.9,112,0.0092386
2342.1,112,0.0093951
2346.1,112,0.0095515
2350.1,112,0.0097079
2354,112,0.0098643
2357.8,112,0.010021
2361.5,112,0.010177
2365.1,112,0.010334
2368.6,112,0.01049
2372,112,0.010646
2375.2,112,0.010803
2378.4,112,0.010959
2381.4,112,0.011115
2384.3,112,0.011272
2387.1,112,0.011428
2389.8,112,0.011584
2392.3,112,0.011741
2394.7,112,0.011897
2397,112,0.012053
2399.1,112,0.01221
2401.1,112,0.012366
2402.9,112,0.012522
2404.6,112,0.012678
2406.2,112,0.012835
2407.6,112,0.012991
2408.8,112,0.013147
2409.9,112,0.013303
2410.8,112,0.013459
2411.6,112,0.013616
2412.2,112,0.013772
2412.6,112,0.013928
2412.8,112,0.014084
2412.9,112,0.01424
2412.8,112,0.014396
2412.5,112,0.014553
2412,112,0.014709
2411.3,112,0.014865
2410.4,112,0.015021
2409.3,112,0.015177
2408,112,0.015333
2406.4,112,0.015489
2404.7,112,0.015645
2402.8,112,0.015801
2400.6,112,0.015957
2398.2,112,0.016113
2395.5,112,0.016269
2392.6,112,0.016425
2389.5,112,0.016581
2386.1,112,0.016737
2382.5,112,0.016893
2378.6,112,0.017049
2374.5,112,0.017205
2370,112,0.017361
2365.3,112,0.017516
2360.3,112,0.017672
2355.1,112,0.017828
2349.5,112,0.017984
2343.6,112,0.01814
2337.5,112,0.018296
2331,112,0.018451
2324.2,112,0.018607
2317,112,0.018763
2309.6,112,0.018919
2301.8,112,0.019074
2293.6,112,0.01923
2285.1,112,0.019386
2276.2,112,0.019541
2267,112,0.019697
2257.4,112,0.019853
2247.4,112,0.020008
2237,112,0.020164
2226.2,112,0.02032
2214.9,112,0.020475
2203.3,112,0.020631
2191.2,112,0.020786
2178.7,112,0.020942
2165.7,112,0.021097
2152.3,112,0.021253
2138.4,112,0.021408
2124,112,0.021564
2109.1,112,0.021719
2093.7,112,0.021875
2077.8,112,0.02203
2061.3,112,0.022186
2044.3,112,0.022341
2026.8,112,0.022496
2008.6,112,0.022652
1989.9,112,0.022807
1970.6,112,0.022962
1950.7,112,0.023118
1930.1,112,0.023273
1908.9,112,0.023428
1887.1,112,0.023583
1864.5,112,0.023739
1841.3,112,0.023894
1817.3,112,0.024049
1792.6,112,0.024204
1767.2,112,0.024359
1741,112,0.024514
1714,112,0.024669
1686.1,112,0.024825
1657.5,112,0.02498
1628,112,0.025135
1597.6,112,0.02529
1566.3,112,0.025445
1534.1,112,0.0256
1501,112,0.025755
1466.9,112,0.02591
1431.8,112,0.026064
1395.6,112,0.026219
1358.4,112,0.026374
1320.1,112,0.026529
1280.7,112,0.026684
1240.2,112,0.026839
1198.5,112,0.026993
1155.6,112,0.027148
1111.5,112,0.027303
1066.1,112,0.027458
1019.4,112,0.027612
971.39,112,0.027767
922.01,112,0.027922
871.24,112,0.028076
819.04,112,0.028231
765.37,112,0.028386
710.2,112,0.02854
653.5,112,0.028695
595.23,112,0.028849
535.35,112,0.029004
473.83,112,0.029158
410.63,112,0.029313
345.72,112,0.029467
279.08,112,0.029621
210.65,112,0.029776
140.42,112,0.02993
68.55,112,0.030084
7.0031,112,0.030239
-55.653,112,0.030393
-119.59,112,0.030547
-184.96,112,0.030702
-251.88,112,0.030856
-320.48,112,0.03101
-390.86,112,0.031164
-463.14,112,0.031318
-537.4,112,0.031472
-613.73,112,0.031626
-692.22,112,0.03178
-772.94,112,0.031934
-855.96,112,0.032088
-941.36,112,0.032242
-1029.2,112,0.032396
-1119.5,112,0.03255
-1212.3,112,0.032704
-1307.7,112,0.032858
-1405.8,112,0.033012
-1506.4,112,0.033166
-1609.8,112,0.03332
-1715.8,112,0.033473
-1825.2,112,0.033627
-1939,112,0.033781
-2054,112,0.033934
-2170.4,112,0.034088
-2288,112,0.034242
-2407.7,112,0.034395
-2532.4,112,0.034549
-2659.6,112,0.034702
-2789.1,112,0.034856
-2920.9,112,0.035009
-3054.8,112,0.035163
-3190.8,112,0.035316
-3328.7,112,0.03547
-3468.4,112,0.035623
-3609.6,112,0.035776
-3752.2,112,0.03593
-3879.6,112,0.036083
-3955.6,112,0.036236
-4029.5,112,0.03639
-4101.1,112,0.036543
-4169.7,112,0.036696
-4234.4,112,0.036849
-4294.7,112,0.037002
-4350.1,112,0.037155
-4400.1,112,0.037308
-4444.6,112,0.037461
-4483.2,112,0.037614
-4515.6,112,0.037767
-4541.9,112,0.03792
-4562,112,0.038073
-4575.7,112,0.038226
-4583.1,112,0.038379
-4584.4,112,0.038532
-4579.6,112,0.038684
-4568.9,112,0.038837
-4552.5,112,0.03899
-4530.5,112,0.039143
-4503.3,112,0.039295
-4471.1,112,0.039448
-4434.2,112,0.0396
-4392.9,112,0.039753
-4347.4,112,0.039906
-4298.1,112,0.040058
-4245.3,112,0.040211
-4189.2,112,0.040363
-4130.3,112,0.040515
-4068.8,112,0.040668
-4004.9,112,0.04082
-3939,112,0.040972
-3871.3,112,0.041125
-3802.1,112,0.041277
-3731.5,112,0.041429
-3659.9,112,0.041581
-3587.3,112,0.041733
-3514.1,112,0.041885
-3440.4,112,0.042038
-3366.3,112,0.04219
-3292,112,0.042342
-3217.6,112,0.042494
-3143.3,112,0.042645
-3069.1,112,0.042797
-2995.2,112,0.042949
-2921.6,112,0.043101
-2848.5,112,0.043253
-2775.9,112,0.043405
-2703.8,112,0.043556
-2632.3,112,0.043708
-2561.5,112,0.04386
-2491.4,112,0.044011
-2422,112,0.044163
-2353.4,112,0.044314
-2285.6,112,0.044466
-2218.5,112,0.044617
-2152.3,112,0.044769
-2086.9,112,0.04492
-2022.4,112,0.045072
-1958.7,112,0.045223
-1895.8,112,0.045374
-1833.8,112,0.045525
-1772.7,112,0.045677
-1712.4,112,0.045828
-1652.9,112,0.045979
-1594.3,112,0.04613
-1536.5,112,0.046281
-1479.6,112,0.046432
-1423.5,112,0.046583
-1368.2,112,0.046734
-1313.7,112,0.046885
-1260,112,0.047036
-1207.1,112,0.047187
-1154.9,112,0.047338
-1103.6,112,0.047488
-1053,112,0.047639
-1003.1,112,0.04779
-954.02,112,0.04794
-905.64,112,0.048091
-857.97,112,0.048242
-811.02,112,0.048392
-764.76,112,0.048543
-719.2,112,0.048693
-674.3,112,0.048844
-630.08,112,0.048994
-586.52,112,0.049144
-543.6,112,0.049295
-501.33,112,0.049445
-459.68,112,0.049595
-418.65,112,0.049745
-378.24,112,0.049895
-338.42,112,0.050045
-299.2,112,0.050196
-260.56,112,0.050346
-222.5,112,0.050496
-185.01,112,0.050645
-148.08,112,0.050795
-111.69,112,0.050945
-75.85,112,0.051095
-40.545,112,0.051245
-5.7663,112,0.051395
28.492,112,0.051544
62.238,112,0.051694
95.479,112,0.051844
128.22,112,0.051993
160.47,112,0.052143
192.24,112,0.052292
223.53,112,0.052442
254.35,112,0.052591
284.7,112,0.05274
314.6,112,0.05289
344.04,112,0.053039
373.04,112,0.053188
401.6,112,0.053337
429.72,112,0.053486
457.42,112,0.053636
484.69,112,0.053785
511.55,112,0.053934
538,112,0.054083
564.04,112,0.054232
589.68,112,0.05438
614.92,112,0.054529
639.78,112,0.054678
664.24,112,0.054827
688.33,112,0.054976
712.05,112,0.055124
735.39,112,0.055273
758.37,112,0.055421
780.99,112,0.05557
803.25,112,0.055718
825.15,112,0.055867
846.72,112,0.056015
867.93,112,0.056164
888.81,112,0.056312
909.35,112,0.05646
929.57,112,0.056608
949.45,112,0.056757
969.02,112,0.056905
988.26,112,0.057053
1007.2,112,0.057201
1025.8,112,0.057349
1044.1,112,0.057497
1062.1,112,0.057645
1079.8,112,0.057792
1097.3,112,0.05794
1114.4,112,0.058088
1131.2,112,0.058236
1147.8,112,0.058383
1164,112,0.058531
1180,112,0.058679
1195.7,112,0.058826
1211.1,112,0.058973
1226.3,112,0.059121
1241.2,112,0.059268
1255.9,112,0.059416
1270.2,112,0.059563
1284.4,112,0.05971
1298.2,112,0.059857
1311.8,112,0.060004
1325.2,112,0.060152
1338.3,112,0.060299
1351.2,112,0.060446
1363.9,112,0.060593
1376.3,112,0.060739
1388.4,112,0.060886
1400.4,112,0.061033
1412.1,112,0.06118
1423.6,112,0.061326
1434.8,112,0.061473
1445.9,112,0.06162
1456.7,112,0.061766
1467.3,112,0.061913
1477.7,112,0.062059
1487.9,112,0.062206
1497.9,112,0.062352
1507.6,112,0.062498
1517.2,112,0.062644
1526.5,112,0.062791
1535.7,112,0.062937
1544.7,112,0.063083
1553.4,112,0.063229
1562,112,0.063375
1570.4,112,0.063521
1578.6,112,0.063667
1586.6,112,0.063813
1594.4,112,0.063958
1602,112,0.064104
1609.5,112,0.06425
1616.8,112,0.064395
1623.9,112,0.064541
1630.8,112,0.064687
1637.5,112,0.064832
1644.1,112,0.064978
1650.5,112,0.065123
1656.8,112,0.065268
1662.8,112,0.065413
1668.8,112,0.065559
1674.5,112,0.065704
1680.1,112,0.065849
1685.5,112,0.065994
1690.8,112,0.066139
1695.9,112,0.066284
1700.9,112,0.066429
1705.7,112,0.066574
1710.4,112,0.066718
1714.9,112,0.066863
1719.3,112,0.067008
1723.5,112,0.067153
1727.6,112,0.067297
1731.5,112,0.067442
1735.3,112,0.067586
1739,112,0.06773
1742.5,112,0.067875
1745.9,112,0.068019
1749.1,112,0.068163
1752.2,112,0.068308
1755.2,112,0.068452
1758.1,112,0.068596
1760.8,112,0.06874
1763.4,112,0.068884
1765.9,112,0.069028
1768.3,112,0.069172
1770.5,112,0.069315
1772.6,112,0.069459
1774.6,112,0.069603
1776.5,112,0.069746
1778.2,112,0.06989
1779.8,112,0.070034
1781.4,112,0.070177
1782.8,112,0.07032
1784.1,112,0.070464
1785.3,112,0.070607
1786.3,112,0.07075
1787.3,112,0.070894
1788.2,112,0.071037
1788.9,112,0.07118
1789.6,112,0.071323
1790.1,112,0.071466
1790.6,112,0.071609
1790.9,112,0.071751
1791.2,112,0.071894
1791.3,112,0.072037
1791.4,112,0.07218
1791.4,112,0.072322
1791.2,112,0.072465
1791,112,0.072607
1790.7,112,0.07275
1790.3,112,0.072892
1789.8,112,0.073034
1789.2,112,0.073177
1788.6,112,0.073319
1787.8,112,0.073461
1787,112,0.073603
1786,112,0.073745
1785,112,0.073887
1784,112,0.074029
1782.8,112,0.074171
1781.6,112,0.074313
1780.2,112,0.074454
1778.8,112,0.074596
1777.4,112,0.074737
1775.8,112,0.074879
1774.2,112,0.075021
1772.5,112,0.075162
1770.8,112,0.075303
1768.9,112,0.075445
1767,112,0.075586
1765.1,112,0.075727
1763,112,0.075868
1761,112,0.076009
1758.8,112,0.07615
1756.6,112,0.076291
1754.3,112,0.076432
1751.9,112,0.076573
1749.5,112,0.076714
1747.1,112,0.076854
1744.6,112,0.076995
1742,112,0.077135
1739.4,112,0.077276
1736.7,112,0.077416
1733.9,112,0.077557
1731.1,112,0.077697
1728.3,112,0.077837
1725.4,112,0.077977
1722.5,112,0.078118
1719.5,112,0.078258
1716.5,112,0.078398
1713.4,112,0.078538
1710.2,112,0.078677
1707.1,112,0.078817
1703.9,112,0.078957
1700.6,112,0.079097
1697.3,112,0.079236
1694,112,0.079376
1690.6,112,0.079515
1687.2,112,0.079655
1683.7,112,0.079794
1680.3,112,0.079933
1676.7,112,0.080073
1673.2,112,0.080212
1669.6,112,0.080351
1666,112,0.08049
1662.3,112,0.080629
1658.6,112,0.080768
1654.9,112,0.080907
1651.2,112,0.081045
1647.4,112,0.081184
1643.6,112,0.081323
1639.8,112,0.081461
1635.9,112,0.0816
1632.1,112,0.081738
1628.2,112,0.081877
1624.3,112,0.082015
1620.3,112,0.082153
1616.4,112,0.082292
1612.4,112,0.08243
1608.4,112,0.082568
1604.4,112,0.082706
1600.3,112,0.082844
1596.3,112,0.082981
1592.2,112,0.083119
1588.2,112,0.083257
1584.1,112,0.083395
1580,112,0.083532
1575.8,112,0.08367
1571.7,112,0.083807
1567.6,112,0.083945
1563.4,112,0.084082
1559.3,112,0.084219
1555.1,112,0.084356
1550.9,112,0.084493
1546.8,112,0.08463
1542.6,112,0.084767
1538.4,112,0.084904
1534.2,112,0.085041
1530,112,0.085178
1525.8,112,0.085315
1521.6,112,0.085451
1517.4,112,0.085588
1513.2,112,0.085724
1509,112,0.085861
1504.8,112,0.085997
1500.6,112,0.086133
1496.4,112,0.08627
1492.2,112,0.086406
1488,112,0.086542
1483.9,112,0.086678
1479.7,112,0.086814
1475.5,112,0.08695
1471.4,112,0.087086
1467.2,112,0.087221
1463.1,112,0.087357
1458.9,112,0.087492
1454.8,112,0.087628
1450.7,112,0.087763
1446.6,112,0.087899
1442.5,112,0.088034
1438.5,112,0.088169
1434.4,112,0.088305
1430.4,112,0.08844
1426.3,112,0.088575
1422.3,112,0.08871
1418.3,112,0.088844
1414.3,112,0.088979
1410.4,112,0.089114
1406.5,112,0.089249
1402.5,112,0.089383
1398.6,112,0.089518
1394.8,112,0.089652
1390.9,112,0.089787
1387.1,112,0.089921
1383.3,112,0.090055
1379.5,112,0.090189
1375.7,112,0.090323
1372,112,0.090457
1368.3,112,0.090591
1364.6,112,0.090725
1360.9,112,0.090859
1357.3,112,0.090993
1353.7,112,0.091126
1350.2,112,0.09126
1346.6,112,0.091393
1343.1,112,0.091527
1339.7,112,0.09166
1336.2,112,0.091794
1332.8,112,0.091927
1329.5,112,0.09206
1326.2,112,0.092193
1322.9,112,0.092326
1319.6,112,0.092459
1316.4,112,0.092592
1313.2,112,0.092724
1310.1,112,0.092857
1307,112,0.09299
1303.9,112,0.093122
1300.9,112,0.093255
1298,112,0.093387
1295,112,0.093519
1292.2,112,0.093652
1289.3,112,0.093784
1286.6,112,0.093916
1283.8,112,0.094048
1281.1,112,0.09418
1278.5,112,0.094312
1275.9,112,0.094443
1273.4,112,0.094575
1270.9,112,0.094707
1268.5,112,0.094838
1266.1,112,0.09497
1263.8,112,0.095101
1261.6,112,0.095233
1259.4,112,0.095364
1257.3,112,0.095495
1255.2,112,0.095626
1253.2,112,0.095757
1251.3,112,0.095888
1249.4,112,0.096019
1247.6,112,0.09615
1245.9,112,0.09628
1244.2,112,0.096411
1242.6,112,0.096542
1241.1,112,0.096672
1239.6,112,0.096802
1238.3,112,0.096933
1237,112,0.097063
1235.8,112,0.097193
1234.6,112,0.097323
1233.6,112,0.097453
1232.6,112,0.097583
1231.7,112,0.097713
1230.9,112,0.097843
1230.2,112,0.097972
1229.6,112,0.098102
1229.1,112,0.098232
1228.7,112,0.098361
1228.4,112,0.09849
1228.2,112,0.09862
1228.1,112,0.098749
1228.1,112,0.098878
1228.2,112,0.099007
1228.4,112,0.099136
1228.7,112,0.099265
1229.2,112,0.099394
1229.7,112,0.099523
1230.4,112,0.099651
1231.2,112,0.09978
1232.2,112,0.099908
1233.3,112,0.10004
1234.5,112,0.10017
1235.8,112,0.10029
1237.3,112,0.10042
1239,112,0.10055
1240.7,112,0.10068
1242.7,112,0.10081
1244.8,112,0.10093
1247.1,112,0.10106
1249.5,112,0.10119
1252.1,112,0.10132
1254.9,112,0.10144
1257.8,112,0.10157
1261,112,0.1017
1264.3,112,0.10183
1267.9,112,0.10195
1271.6,112,0.10208
1275.6,112,0.10221
1279.8,112,0.10233
1284.2,112,0.10246
1288.8,112,0.10259
1293.7,112,0.10271
1298.8,112,0.10284
1304.1,112,0.10297
1309.8,112,0.10309
1315.7,112,0.10322
1321.8,112,0.10335
1328.3,112,0.10347
1335.1,112,0.1036
1342.1,112,0.10373
1349.5,112,0.10385
1357.2,112,0.10398
1365.3,112,0.1041
1373.7,112,0.10423
1382.4,112,0.10435
1391.6,112,0.10448
1401.1,112,0.10461
1411.1,112,0.10473
1421.4,112,0.10486
1432.2,112,0.10498
1443.4,112,0.10511
1455.2,112,0.10523
1467.4,112,0.10536
1480.1,112,0.10548
1493.3,112,0.10561
1507.1,112,0.10573
1521.4,112,0.10585
1536.3,112,0.10598
1551.9,112,0.1061
1568,112,0.10623
1584.9,112,0.10635
1602.4,112,0.10648
1620.7,112,0.1066
1639.7,112,0.10672
1659.4,112,0.10685
1680,112,0.10697
1701.5,112,0.1071
1723.8,112,0.10722
1747.1,112,0.10734
1771.3,112,0.10747
1796.5,112,0.10759
1822.8,112,0.10771
1850.1,112,0.10784
1878.7,112,0.10796
1908.4,112,0.10808
1939.4,112,0.10821
1971.6,112,0.10833
2005.3,112,0.10845
2040.4,112,0.10857
2077,112,0.1087
2115.2,112,0.10882
2155,112,0.10894
2196.6,112,0.10906
2240,112,0.10919
2285.2,112,0.10931
2332.5,112,0.10943
2381.8,112,0.10955
2433.3,112,0.10967
2487,112,0.1098
2543.2,112,0.10992
2601.9,112,0.11004
2663.1,112,0.11016
2727.2,112,0.11028
2794,112,0.1104
2863.9,112,0.11053
2936.9,112,0.11065
3013.2,112,0.11077
3092.9,112,0.11089
3176.1,112,0.11101
3263.1,112,0.11113
3353.9,112,0.11125
3448.7,112,0.11137
3547.7,112,0.11149
3650.9,112,0.11161
3758.6,112,0.11173
3870.9,112,0.11185
3987.9,112,0.11197
4109.7,112,0.11209
4236.4,112,0.11221
4368,112,0.11233
4504.7,112,0.11245
4646.5,112,0.11257
4793.3,112,0.11269
4945,112,0.11281
5101.7,112,0.11293
5263,112,0.11305
5428.8,112,0.11317
5598.7,112,0.11329
5772.5,112,0.11341
5949.5,112,0.11353
6129.2,112,0.11365
6311,112,0.11377
6494.1,112,0.11389
6677.5,112,0.114
6860.3,112,0.11412
7041.3,112,0.11424
7219.4,112,0.11436
7393.3,112,0.11448
7561.5,112,0.1146
7722.7,112,0.11471
7875.3,112,0.11483
8018.1,112,0.11495
8149.5,112,0.11507
8268.3,112,0.11519
8373.1,112,0.1153
8462.9,112,0.11542
8536.8,112,0.11554
8594.1,112,0.11566
8634.3,112,0.11577
8657,112,0.11589
8662.4,112,0.11601
8650.5,112,0.11612
8621.8,112,0.11624
8577,112,0.11636
8516.8,112,0.11647
8442.3,112,0.11659
8354.6,112,0.11671
8254.7,112,0.11682
8144.1,112,0.11694
8023.9,112,0.11706
7895.4,112,0.11717
7759.8,112,0.11729
7618.4,112,0.1174
7472.2,112,0.11752
7322.3,112,0.11764
7169.7,112,0.11775
7015.2,112,0.11787
6859.7,112,0.11798
6703.8,112,0.1181
6548.2,112,0.11821
6393.3,112,0.11833
6239.8,112,0.11844
6087.9,112,0.11856
5937.9,112,0.11867
5790.3,112,0.11879
5645.1,112,0.1189
5502.5,112,0.11902
5362.7,112,0.11913
5225.8,112,0.11925
5091.9,112,0.11936
4960.9,112,0.11948
4832.9,112,0.11959
4707.9,112,0.1197
4586,112,0.11982
4466.9,112,0.11993
4350.8,112,0.12005
4237.6,112,0.12016
4127.3,112,0.12027
4019.6,112,0.12039
3914.7,112,0.1205
3812.5,112,0.12061
3712.8,112,0.12073
3615.6,112,0.12084
3520.8,112,0.12095
3428.4,112,0.12107
3338.4,112,0.12118
3250.5,112,0.12129
3164.8,112,0.1214
3081.2,112,0.12152
2999.6,112,0.12163
2920,112,0.12174
2842.3,112,0.12185
2766.4,112,0.12196
2692.4,112,0.12208
2620,112,0.12219
2549.4,112,0.1223
2480.3,112,0.12241
2412.9,112,0.12252
2346.9,112,0.12264
2282.5,112,0.12275
2219.4,112,0.12286
2157.8,112,0.12297
2097.5,112,0.12308
2038.5,112,0.12319
1980.7,112,0.1233
1924.2,112,0.12341
1868.9,112,0.12352
1814.7,112,0.12363
1761.7,112,0.12375
1709.7,112,0.12386
1658.8,112,0.12397
1608.9,112,0.12408
1560,112,0.12419
1512,112,0.1243
1465,112,0.12441
1419,112,0.12452
1373.8,112,0.12463
1329.4,112,0.12474
1285.9,112,0.12485
1243.3,112,0.12495
1201.4,112,0.12506
1160.3,112,0.12517
1119.9,112,0.12528
1080.3,112,0.12539
1041.3,112,0.1255
1003.1,112,0.12561
965.58,112,0.12572
928.7,112,0.12583
892.46,112,0.12593
856.85,112,0.12604
821.85,112,0.12615
787.44,112,0.12626
753.62,112,0.12637
720.37,112,0.12648
687.68,112,0.12658
655.52,112,0.12669
623.9,112,0.1268
592.79,112,0.12691
562.18,112,0.12701
532.07,112,0.12712
502.44,112,0.12723
473.28,112,0.12734
444.59,112,0.12744
416.34,112,0.12755
388.53,112,0.12766
361.16,112,0.12776
334.2,112,0.12787
307.66,112,0.12798
281.52,112,0.12808
255.78,112,0.12819
230.43,112,0.1283
205.45,112,0.1284
180.84,112,0.12851
156.6,112,0.12861
132.71,112,0.12872
109.18,112,0.12883
85.98,112,0.12893
63.119,112,0.12904
40.587,112,0.12914
18.377,112,0.12925
-3.5173,112,0.12935
-25.102,112,0.12946
-46.383,112,0.12956
-67.365,112,0.12967
-88.055,112,0.12977
-108.46,112,0.12988
-128.58,112,0.12998
-148.43,112,0.13009
-168,112,0.13019
-187.31,112,0.1303
-206.35,112,0.1304
-225.14,112,0.1305
-243.68,112,0.13061
-261.97,112,0.13071
-280.01,112,0.13082
-297.82,112,0.13092
-315.39,112,0.13102
-332.72,112,0.13113
-349.84,112,0.13123
-366.72,112,0.13133
-383.39,112,0.13144
-399.84,112,0.13154
-416.08,112,0.13164
-432.12,112,0.13174
-447.94,112,0.13185
-463.57,112,0.13195
-478.99,112,0.13205
-494.22,112,0.13215
-509.25,112,0.13226
-524.1,112,0.13236
-538.76,112,0.13246
-553.24,112,0.13256
-567.53,112,0.13266
-581.65,112,0.13277
-595.59,112,0.13287
-609.36,112,0.13297
-622.96,112,0.13307
-636.4,112,0.13317
-649.66,112,0.13327
-662.77,112,0.13337
-675.71,112,0.13348
-688.5,112,0.13358
-701.13,112,0.13368
-713.61,112,0.13378
-725.94,112,0.13388
-738.12,112,0.13398
-750.15,112,0.13408
-762.04,112,0.13418
-773.79,112,0.13428
-785.39,112,0.13438
-796.86,112,0.13448
-808.19,112,0.13458
-819.38,112,0.13468
-830.44,112,0.13478
-841.37,112,0.13488
-852.18,112,0.13498
-862.85,112,0.13508
-873.4,112,0.13518
-883.82,112,0.13528
-894.12,112,0.13537
-904.3,112,0.13547
-914.36,112,0.13557
-924.31,112,0.13567
-934.13,112,0.13577
-943.84,112,0.13587
-953.44,112,0.13597
-962.93,112,0.13606
-972.31,112,0.13616
-981.57,112,0.13626
-990.73,112,0.13636
